language,doc_id,upos_raw,deprel_raw,upos,deprel_base,n,status
grc,tlg0003.tlg001.perseus-grc1.1.tb.xml,ADJ,advcl,ADJ,advcl,19,PROVISIONAL
grc,tlg0003.tlg001.perseus-grc1.1.tb.xml,ADJ,advmod,ADJ,advmod,133,PROVISIONAL
grc,tlg0003.tlg001.perseus-grc1.1.tb.xml,ADJ,amod,ADJ,amod,67,PROVISIONAL
grc,tlg0003.tlg001.perseus-grc1.1.tb.xml,ADJ,appos,ADJ,appos,4,PROVISIONAL
grc,tlg0003.tlg001.perseus-grc1.1.tb.xml,ADJ,conj,ADJ,conj,62,PROVISIONAL
grc,tlg0003.tlg001.perseus-grc1.1.tb.xml,ADJ,iobj,ADJ,iobj,1,PROVISIONAL
grc,tlg0003.tlg001.perseus-grc1.1.tb.xml,ADJ,nmod,ADJ,nmod,325,PROVISIONAL
grc,tlg0003.tlg001.perseus-grc1.1.tb.xml,ADJ,nsubj,ADJ,nsubj,62,PROVISIONAL
grc,tlg0003.tlg001.perseus-grc1.1.tb.xml,ADJ,obj,ADJ,obj,87,PROVISIONAL
grc,tlg0003.tlg001.perseus-grc1.1.tb.xml,ADJ,obl,ADJ,obl,72,PROVISIONAL
grc,tlg0003.tlg001.perseus-grc1.1.tb.xml,ADJ,root,ADJ,root,21,PROVISIONAL
grc,tlg0003.tlg001.perseus-grc1.1.tb.xml,ADJ,xcomp,ADJ,xcomp,88,PROVISIONAL
grc,tlg0003.tlg001.perseus-grc1.1.tb.xml,ADP,case,ADP,case,683,PROVISIONAL
grc,tlg0003.tlg001.perseus-grc1.1.tb.xml,ADP,nmod,ADP,nmod,3,PROVISIONAL
grc,tlg0003.tlg001.perseus-grc1.1.tb.xml,ADP,obj,ADP,obj,1,PROVISIONAL
grc,tlg0003.tlg001.perseus-grc1.1.tb.xml,ADV,advmod,ADV,advmod,1440,PROVISIONAL
grc,tlg0003.tlg001.perseus-grc1.1.tb.xml,ADV,cc,ADV,cc,2,PROVISIONAL
grc,tlg0003.tlg001.perseus-grc1.1.tb.xml,ADV,conj,ADV,conj,6,PROVISIONAL
grc,tlg0003.tlg001.perseus-grc1.1.tb.xml,ADV,nmod,ADV,nmod,24,PROVISIONAL
grc,tlg0003.tlg001.perseus-grc1.1.tb.xml,ADV,nsubj,ADV,nsubj,1,PROVISIONAL
grc,tlg0003.tlg001.perseus-grc1.1.tb.xml,ADV,obj,ADV,obj,2,PROVISIONAL
grc,tlg0003.tlg001.perseus-grc1.1.tb.xml,ADV,obl,ADV,obl,1,PROVISIONAL
grc,tlg0003.tlg001.perseus-grc1.1.tb.xml,ADV,root,ADV,root,1,PROVISIONAL
grc,tlg0003.tlg001.perseus-grc1.1.tb.xml,ADV,xcomp,ADV,xcomp,1,PROVISIONAL
grc,tlg0003.tlg001.perseus-grc1.1.tb.xml,AUX,cop,AUX,cop,135,PROVISIONAL
grc,tlg0003.tlg001.perseus-grc1.1.tb.xml,CCONJ,advmod,CCONJ,advmod,1,PROVISIONAL
grc,tlg0003.tlg001.perseus-grc1.1.tb.xml,CCONJ,cc,CCONJ,cc,468,PROVISIONAL
grc,tlg0003.tlg001.perseus-grc1.1.tb.xml,CCONJ,mark,CCONJ,mark,31,PROVISIONAL
grc,tlg0003.tlg001.perseus-grc1.1.tb.xml,DET,advmod,DET,advmod,1,PROVISIONAL
grc,tlg0003.tlg001.perseus-grc1.1.tb.xml,DET,det,DET,det,1198,PROVISIONAL
grc,tlg0003.tlg001.perseus-grc1.1.tb.xml,INTJ,discourse,INTJ,discourse,8,PROVISIONAL
grc,tlg0003.tlg001.perseus-grc1.1.tb.xml,NOUN,acl,NOUN,acl,10,PROVISIONAL
grc,tlg0003.tlg001.perseus-grc1.1.tb.xml,NOUN,advcl,NOUN,advcl,6,PROVISIONAL
grc,tlg0003.tlg001.perseus-grc1.1.tb.xml,NOUN,appos,NOUN,appos,6,PROVISIONAL
grc,tlg0003.tlg001.perseus-grc1.1.tb.xml,NOUN,conj,NOUN,conj,154,PROVISIONAL
grc,tlg0003.tlg001.perseus-grc1.1.tb.xml,NOUN,iobj,NOUN,iobj,19,PROVISIONAL
grc,tlg0003.tlg001.perseus-grc1.1.tb.xml,NOUN,nmod,NOUN,nmod,354,PROVISIONAL
grc,tlg0003.tlg001.perseus-grc1.1.tb.xml,NOUN,nsubj,NOUN,nsubj,352,PROVISIONAL
grc,tlg0003.tlg001.perseus-grc1.1.tb.xml,NOUN,obj,NOUN,obj,415,PROVISIONAL
grc,tlg0003.tlg001.perseus-grc1.1.tb.xml,NOUN,obl,NOUN,obl,467,PROVISIONAL
grc,tlg0003.tlg001.perseus-grc1.1.tb.xml,NOUN,root,NOUN,root,15,PROVISIONAL
grc,tlg0003.tlg001.perseus-grc1.1.tb.xml,NOUN,vocative,NOUN,vocative,7,PROVISIONAL
grc,tlg0003.tlg001.perseus-grc1.1.tb.xml,NOUN,xcomp,NOUN,xcomp,38,PROVISIONAL
grc,tlg0003.tlg001.perseus-grc1.1.tb.xml,PRON,advcl,PRON,advcl,1,PROVISIONAL
grc,tlg0003.tlg001.perseus-grc1.1.tb.xml,PRON,appos,PRON,appos,1,PROVISIONAL
grc,tlg0003.tlg001.perseus-grc1.1.tb.xml,PRON,conj,PRON,conj,9,PROVISIONAL
grc,tlg0003.tlg001.perseus-grc1.1.tb.xml,PRON,iobj,PRON,iobj,25,PROVISIONAL
grc,tlg0003.tlg001.perseus-grc1.1.tb.xml,PRON,nmod,PRON,nmod,96,PROVISIONAL
grc,tlg0003.tlg001.perseus-grc1.1.tb.xml,PRON,nsubj,PRON,nsubj,144,PROVISIONAL
grc,tlg0003.tlg001.perseus-grc1.1.tb.xml,PRON,obj,PRON,obj,208,PROVISIONAL
grc,tlg0003.tlg001.perseus-grc1.1.tb.xml,PRON,obl,PRON,obl,167,PROVISIONAL
grc,tlg0003.tlg001.perseus-grc1.1.tb.xml,PRON,root,PRON,root,2,PROVISIONAL
grc,tlg0003.tlg001.perseus-grc1.1.tb.xml,PRON,xcomp,PRON,xcomp,7,PROVISIONAL
grc,tlg0003.tlg001.perseus-grc1.1.tb.xml,PUNCT,punct,PUNCT,punct,1035,PROVISIONAL
grc,tlg0003.tlg001.perseus-grc1.1.tb.xml,SCONJ,mark,SCONJ,mark,155,PROVISIONAL
grc,tlg0003.tlg001.perseus-grc1.1.tb.xml,VERB,acl,VERB,acl,88,PROVISIONAL
grc,tlg0003.tlg001.perseus-grc1.1.tb.xml,VERB,advcl,VERB,advcl,499,PROVISIONAL
grc,tlg0003.tlg001.perseus-grc1.1.tb.xml,VERB,appos,VERB,appos,4,PROVISIONAL
grc,tlg0003.tlg001.perseus-grc1.1.tb.xml,VERB,ccomp,VERB,ccomp,76,PROVISIONAL
grc,tlg0003.tlg001.perseus-grc1.1.tb.xml,VERB,conj,VERB,conj,275,PROVISIONAL
grc,tlg0003.tlg001.perseus-grc1.1.tb.xml,VERB,csubj,VERB,csubj,48,PROVISIONAL
grc,tlg0003.tlg001.perseus-grc1.1.tb.xml,VERB,nmod,VERB,nmod,86,PROVISIONAL
grc,tlg0003.tlg001.perseus-grc1.1.tb.xml,VERB,nsubj,VERB,nsubj,14,PROVISIONAL
grc,tlg0003.tlg001.perseus-grc1.1.tb.xml,VERB,obl,VERB,obl,13,PROVISIONAL
grc,tlg0003.tlg001.perseus-grc1.1.tb.xml,VERB,parataxis,VERB,parataxis,1,PROVISIONAL
grc,tlg0003.tlg001.perseus-grc1.1.tb.xml,VERB,root,VERB,root,493,PROVISIONAL
grc,tlg0003.tlg001.perseus-grc1.1.tb.xml,VERB,xcomp,VERB,xcomp,158,PROVISIONAL
grc,tlg0007.tlg004.perseus-grc1.tb.xml,ADJ,advcl,ADJ,advcl,7,PROVISIONAL
grc,tlg0007.tlg004.perseus-grc1.tb.xml,ADJ,advmod,ADJ,advmod,32,PROVISIONAL
grc,tlg0007.tlg004.perseus-grc1.tb.xml,ADJ,amod,ADJ,amod,47,PROVISIONAL
grc,tlg0007.tlg004.perseus-grc1.tb.xml,ADJ,conj,ADJ,conj,55,PROVISIONAL
grc,tlg0007.tlg004.perseus-grc1.tb.xml,ADJ,iobj,ADJ,iobj,7,PROVISIONAL
grc,tlg0007.tlg004.perseus-grc1.tb.xml,ADJ,nmod,ADJ,nmod,167,PROVISIONAL
grc,tlg0007.tlg004.perseus-grc1.tb.xml,ADJ,nsubj,ADJ,nsubj,27,PROVISIONAL
grc,tlg0007.tlg004.perseus-grc1.tb.xml,ADJ,obj,ADJ,obj,44,PROVISIONAL
grc,tlg0007.tlg004.perseus-grc1.tb.xml,ADJ,obl,ADJ,obl,21,PROVISIONAL
grc,tlg0007.tlg004.perseus-grc1.tb.xml,ADJ,root,ADJ,root,20,PROVISIONAL
grc,tlg0007.tlg004.perseus-grc1.tb.xml,ADJ,vocative,ADJ,vocative,1,PROVISIONAL
grc,tlg0007.tlg004.perseus-grc1.tb.xml,ADJ,xcomp,ADJ,xcomp,42,PROVISIONAL
grc,tlg0007.tlg004.perseus-grc1.tb.xml,ADP,case,ADP,case,285,PROVISIONAL
grc,tlg0007.tlg004.perseus-grc1.tb.xml,ADV,advmod,ADV,advmod,604,PROVISIONAL
grc,tlg0007.tlg004.perseus-grc1.tb.xml,ADV,cc,ADV,cc,1,PROVISIONAL
grc,tlg0007.tlg004.perseus-grc1.tb.xml,ADV,conj,ADV,conj,13,PROVISIONAL
grc,tlg0007.tlg004.perseus-grc1.tb.xml,ADV,nmod,ADV,nmod,10,PROVISIONAL
grc,tlg0007.tlg004.perseus-grc1.tb.xml,AUX,cop,AUX,cop,60,PROVISIONAL
grc,tlg0007.tlg004.perseus-grc1.tb.xml,CCONJ,advmod,CCONJ,advmod,1,PROVISIONAL
grc,tlg0007.tlg004.perseus-grc1.tb.xml,CCONJ,case,CCONJ,case,1,PROVISIONAL
grc,tlg0007.tlg004.perseus-grc1.tb.xml,CCONJ,cc,CCONJ,cc,246,PROVISIONAL
grc,tlg0007.tlg004.perseus-grc1.tb.xml,CCONJ,mark,CCONJ,mark,4,PROVISIONAL
grc,tlg0007.tlg004.perseus-grc1.tb.xml,DET,advmod,DET,advmod,1,PROVISIONAL
grc,tlg0007.tlg004.perseus-grc1.tb.xml,DET,det,DET,det,648,PROVISIONAL
grc,tlg0007.tlg004.perseus-grc1.tb.xml,INTJ,discourse,INTJ,discourse,5,PROVISIONAL
grc,tlg0007.tlg004.perseus-grc1.tb.xml,NOUN,acl,NOUN,acl,1,PROVISIONAL
grc,tlg0007.tlg004.perseus-grc1.tb.xml,NOUN,advcl,NOUN,advcl,2,PROVISIONAL
grc,tlg0007.tlg004.perseus-grc1.tb.xml,NOUN,appos,NOUN,appos,2,PROVISIONAL
grc,tlg0007.tlg004.perseus-grc1.tb.xml,NOUN,conj,NOUN,conj,82,PROVISIONAL
grc,tlg0007.tlg004.perseus-grc1.tb.xml,NOUN,iobj,NOUN,iobj,13,PROVISIONAL
grc,tlg0007.tlg004.perseus-grc1.tb.xml,NOUN,nmod,NOUN,nmod,156,PROVISIONAL
grc,tlg0007.tlg004.perseus-grc1.tb.xml,NOUN,nsubj,NOUN,nsubj,177,PROVISIONAL
grc,tlg0007.tlg004.perseus-grc1.tb.xml,NOUN,obj,NOUN,obj,221,PROVISIONAL
grc,tlg0007.tlg004.perseus-grc1.tb.xml,NOUN,obl,NOUN,obl,228,PROVISIONAL
grc,tlg0007.tlg004.perseus-grc1.tb.xml,NOUN,root,NOUN,root,6,PROVISIONAL
grc,tlg0007.tlg004.perseus-grc1.tb.xml,NOUN,vocative,NOUN,vocative,4,PROVISIONAL
grc,tlg0007.tlg004.perseus-grc1.tb.xml,NOUN,xcomp,NOUN,xcomp,34,PROVISIONAL
grc,tlg0007.tlg004.perseus-grc1.tb.xml,NUM,advcl,NUM,advcl,1,PROVISIONAL
grc,tlg0007.tlg004.perseus-grc1.tb.xml,NUM,conj,NUM,conj,2,PROVISIONAL
grc,tlg0007.tlg004.perseus-grc1.tb.xml,NUM,nsubj,NUM,nsubj,1,PROVISIONAL
grc,tlg0007.tlg004.perseus-grc1.tb.xml,NUM,nummod,NUM,nummod,16,PROVISIONAL
grc,tlg0007.tlg004.perseus-grc1.tb.xml,NUM,obl,NUM,obl,1,PROVISIONAL
grc,tlg0007.tlg004.perseus-grc1.tb.xml,PRON,acl,PRON,acl,1,PROVISIONAL
grc,tlg0007.tlg004.perseus-grc1.tb.xml,PRON,conj,PRON,conj,3,PROVISIONAL
grc,tlg0007.tlg004.perseus-grc1.tb.xml,PRON,iobj,PRON,iobj,16,PROVISIONAL
grc,tlg0007.tlg004.perseus-grc1.tb.xml,PRON,nmod,PRON,nmod,29,PROVISIONAL
grc,tlg0007.tlg004.perseus-grc1.tb.xml,PRON,nsubj,PRON,nsubj,66,PROVISIONAL
grc,tlg0007.tlg004.perseus-grc1.tb.xml,PRON,obj,PRON,obj,55,PROVISIONAL
grc,tlg0007.tlg004.perseus-grc1.tb.xml,PRON,obl,PRON,obl,53,PROVISIONAL
grc,tlg0007.tlg004.perseus-grc1.tb.xml,PRON,root,PRON,root,1,PROVISIONAL
grc,tlg0007.tlg004.perseus-grc1.tb.xml,PRON,xcomp,PRON,xcomp,10,PROVISIONAL
grc,tlg0007.tlg004.perseus-grc1.tb.xml,PUNCT,punct,PUNCT,punct,553,PROVISIONAL
grc,tlg0007.tlg004.perseus-grc1.tb.xml,SCONJ,case,SCONJ,case,2,PROVISIONAL
grc,tlg0007.tlg004.perseus-grc1.tb.xml,SCONJ,mark,SCONJ,mark,79,PROVISIONAL
grc,tlg0007.tlg004.perseus-grc1.tb.xml,VERB,acl,VERB,acl,26,PROVISIONAL
grc,tlg0007.tlg004.perseus-grc1.tb.xml,VERB,advcl,VERB,advcl,251,PROVISIONAL
grc,tlg0007.tlg004.perseus-grc1.tb.xml,VERB,appos,VERB,appos,3,PROVISIONAL
grc,tlg0007.tlg004.perseus-grc1.tb.xml,VERB,ccomp,VERB,ccomp,63,PROVISIONAL
grc,tlg0007.tlg004.perseus-grc1.tb.xml,VERB,conj,VERB,conj,106,PROVISIONAL
grc,tlg0007.tlg004.perseus-grc1.tb.xml,VERB,csubj,VERB,csubj,28,PROVISIONAL
grc,tlg0007.tlg004.perseus-grc1.tb.xml,VERB,nmod,VERB,nmod,56,PROVISIONAL
grc,tlg0007.tlg004.perseus-grc1.tb.xml,VERB,nsubj,VERB,nsubj,20,PROVISIONAL
grc,tlg0007.tlg004.perseus-grc1.tb.xml,VERB,obl,VERB,obl,13,PROVISIONAL
grc,tlg0007.tlg004.perseus-grc1.tb.xml,VERB,root,VERB,root,221,PROVISIONAL
grc,tlg0007.tlg004.perseus-grc1.tb.xml,VERB,xcomp,VERB,xcomp,93,PROVISIONAL
grc,tlg0007.tlg015.perseus-grc1.tb.xml,ADJ,advcl,ADJ,advcl,7,PROVISIONAL
grc,tlg0007.tlg015.perseus-grc1.tb.xml,ADJ,advmod,ADJ,advmod,42,PROVISIONAL
grc,tlg0007.tlg015.perseus-grc1.tb.xml,ADJ,amod,ADJ,amod,16,PROVISIONAL
grc,tlg0007.tlg015.perseus-grc1.tb.xml,ADJ,conj,ADJ,conj,20,PROVISIONAL
grc,tlg0007.tlg015.perseus-grc1.tb.xml,ADJ,iobj,ADJ,iobj,4,PROVISIONAL
grc,tlg0007.tlg015.perseus-grc1.tb.xml,ADJ,nmod,ADJ,nmod,140,PROVISIONAL
grc,tlg0007.tlg015.perseus-grc1.tb.xml,ADJ,nsubj,ADJ,nsubj,30,PROVISIONAL
grc,tlg0007.tlg015.perseus-grc1.tb.xml,ADJ,obj,ADJ,obj,46,PROVISIONAL
grc,tlg0007.tlg015.perseus-grc1.tb.xml,ADJ,obl,ADJ,obl,10,PROVISIONAL
grc,tlg0007.tlg015.perseus-grc1.tb.xml,ADJ,parataxis,ADJ,parataxis,1,PROVISIONAL
grc,tlg0007.tlg015.perseus-grc1.tb.xml,ADJ,root,ADJ,root,13,PROVISIONAL
grc,tlg0007.tlg015.perseus-grc1.tb.xml,ADJ,xcomp,ADJ,xcomp,33,PROVISIONAL
grc,tlg0007.tlg015.perseus-grc1.tb.xml,ADP,case,ADP,case,263,PROVISIONAL
grc,tlg0007.tlg015.perseus-grc1.tb.xml,ADP,mark,ADP,mark,2,PROVISIONAL
grc,tlg0007.tlg015.perseus-grc1.tb.xml,ADV,advcl,ADV,advcl,1,PROVISIONAL
grc,tlg0007.tlg015.perseus-grc1.tb.xml,ADV,advmod,ADV,advmod,617,PROVISIONAL
grc,tlg0007.tlg015.perseus-grc1.tb.xml,ADV,conj,ADV,conj,4,PROVISIONAL
grc,tlg0007.tlg015.perseus-grc1.tb.xml,ADV,nmod,ADV,nmod,8,PROVISIONAL
grc,tlg0007.tlg015.perseus-grc1.tb.xml,ADV,nsubj,ADV,nsubj,1,PROVISIONAL
grc,tlg0007.tlg015.perseus-grc1.tb.xml,AUX,cop,AUX,cop,57,PROVISIONAL
grc,tlg0007.tlg015.perseus-grc1.tb.xml,CCONJ,advmod,CCONJ,advmod,1,PROVISIONAL
grc,tlg0007.tlg015.perseus-grc1.tb.xml,CCONJ,cc,CCONJ,cc,253,PROVISIONAL
grc,tlg0007.tlg015.perseus-grc1.tb.xml,CCONJ,mark,CCONJ,mark,7,PROVISIONAL
grc,tlg0007.tlg015.perseus-grc1.tb.xml,DET,det,DET,det,630,PROVISIONAL
grc,tlg0007.tlg015.perseus-grc1.tb.xml,INTJ,discourse,INTJ,discourse,2,PROVISIONAL
grc,tlg0007.tlg015.perseus-grc1.tb.xml,NOUN,acl,NOUN,acl,1,PROVISIONAL
grc,tlg0007.tlg015.perseus-grc1.tb.xml,NOUN,advcl,NOUN,advcl,9,PROVISIONAL
grc,tlg0007.tlg015.perseus-grc1.tb.xml,NOUN,appos,NOUN,appos,3,PROVISIONAL
grc,tlg0007.tlg015.perseus-grc1.tb.xml,NOUN,conj,NOUN,conj,81,PROVISIONAL
grc,tlg0007.tlg015.perseus-grc1.tb.xml,NOUN,iobj,NOUN,iobj,22,PROVISIONAL
grc,tlg0007.tlg015.perseus-grc1.tb.xml,NOUN,nmod,NOUN,nmod,141,PROVISIONAL
grc,tlg0007.tlg015.perseus-grc1.tb.xml,NOUN,nsubj,NOUN,nsubj,216,PROVISIONAL
grc,tlg0007.tlg015.perseus-grc1.tb.xml,NOUN,obj,NOUN,obj,270,PROVISIONAL
grc,tlg0007.tlg015.perseus-grc1.tb.xml,NOUN,obl,NOUN,obl,207,PROVISIONAL
grc,tlg0007.tlg015.perseus-grc1.tb.xml,NOUN,root,NOUN,root,4,PROVISIONAL
grc,tlg0007.tlg015.perseus-grc1.tb.xml,NOUN,vocative,NOUN,vocative,3,PROVISIONAL
grc,tlg0007.tlg015.perseus-grc1.tb.xml,NOUN,xcomp,NOUN,xcomp,29,PROVISIONAL
grc,tlg0007.tlg015.perseus-grc1.tb.xml,PRON,advcl,PRON,advcl,1,PROVISIONAL
grc,tlg0007.tlg015.perseus-grc1.tb.xml,PRON,conj,PRON,conj,4,PROVISIONAL
grc,tlg0007.tlg015.perseus-grc1.tb.xml,PRON,iobj,PRON,iobj,14,PROVISIONAL
grc,tlg0007.tlg015.perseus-grc1.tb.xml,PRON,nmod,PRON,nmod,31,PROVISIONAL
grc,tlg0007.tlg015.perseus-grc1.tb.xml,PRON,nsubj,PRON,nsubj,34,PROVISIONAL
grc,tlg0007.tlg015.perseus-grc1.tb.xml,PRON,obj,PRON,obj,81,PROVISIONAL
grc,tlg0007.tlg015.perseus-grc1.tb.xml,PRON,obl,PRON,obl,55,PROVISIONAL
grc,tlg0007.tlg015.perseus-grc1.tb.xml,PRON,xcomp,PRON,xcomp,5,PROVISIONAL
grc,tlg0007.tlg015.perseus-grc1.tb.xml,PUNCT,punct,PUNCT,punct,534,PROVISIONAL
grc,tlg0007.tlg015.perseus-grc1.tb.xml,SCONJ,mark,SCONJ,mark,51,PROVISIONAL
grc,tlg0007.tlg015.perseus-grc1.tb.xml,VERB,acl,VERB,acl,24,PROVISIONAL
grc,tlg0007.tlg015.perseus-grc1.tb.xml,VERB,advcl,VERB,advcl,275,PROVISIONAL
grc,tlg0007.tlg015.perseus-grc1.tb.xml,VERB,ccomp,VERB,ccomp,52,PROVISIONAL
grc,tlg0007.tlg015.perseus-grc1.tb.xml,VERB,conj,VERB,conj,165,PROVISIONAL
grc,tlg0007.tlg015.perseus-grc1.tb.xml,VERB,csubj,VERB,csubj,18,PROVISIONAL
grc,tlg0007.tlg015.perseus-grc1.tb.xml,VERB,nmod,VERB,nmod,57,PROVISIONAL
grc,tlg0007.tlg015.perseus-grc1.tb.xml,VERB,nsubj,VERB,nsubj,8,PROVISIONAL
grc,tlg0007.tlg015.perseus-grc1.tb.xml,VERB,obl,VERB,obl,7,PROVISIONAL
grc,tlg0007.tlg015.perseus-grc1.tb.xml,VERB,root,VERB,root,234,PROVISIONAL
grc,tlg0007.tlg015.perseus-grc1.tb.xml,VERB,vocative,VERB,vocative,1,PROVISIONAL
grc,tlg0007.tlg015.perseus-grc1.tb.xml,VERB,xcomp,VERB,xcomp,98,PROVISIONAL
grc,tlg0008.tlg001.perseus-grc1.tb.xml,ADJ,advcl,ADJ,advcl,36,PROVISIONAL
grc,tlg0008.tlg001.perseus-grc1.tb.xml,ADJ,advmod,ADJ,advmod,151,PROVISIONAL
grc,tlg0008.tlg001.perseus-grc1.tb.xml,ADJ,amod,ADJ,amod,169,PROVISIONAL
grc,tlg0008.tlg001.perseus-grc1.tb.xml,ADJ,appos,ADJ,appos,1,PROVISIONAL
grc,tlg0008.tlg001.perseus-grc1.tb.xml,ADJ,conj,ADJ,conj,124,PROVISIONAL
grc,tlg0008.tlg001.perseus-grc1.tb.xml,ADJ,iobj,ADJ,iobj,10,PROVISIONAL
grc,tlg0008.tlg001.perseus-grc1.tb.xml,ADJ,nmod,ADJ,nmod,1122,PROVISIONAL
grc,tlg0008.tlg001.perseus-grc1.tb.xml,ADJ,nsubj,ADJ,nsubj,96,PROVISIONAL
grc,tlg0008.tlg001.perseus-grc1.tb.xml,ADJ,obj,ADJ,obj,183,PROVISIONAL
grc,tlg0008.tlg001.perseus-grc1.tb.xml,ADJ,obl,ADJ,obl,120,PROVISIONAL
grc,tlg0008.tlg001.perseus-grc1.tb.xml,ADJ,parataxis,ADJ,parataxis,1,PROVISIONAL
grc,tlg0008.tlg001.perseus-grc1.tb.xml,ADJ,root,ADJ,root,72,PROVISIONAL
grc,tlg0008.tlg001.perseus-grc1.tb.xml,ADJ,vocative,ADJ,vocative,11,PROVISIONAL
grc,tlg0008.tlg001.perseus-grc1.tb.xml,ADJ,xcomp,ADJ,xcomp,179,PROVISIONAL
grc,tlg0008.tlg001.perseus-grc1.tb.xml,ADP,case,ADP,case,1770,PROVISIONAL
grc,tlg0008.tlg001.perseus-grc1.tb.xml,ADP,mark,ADP,mark,4,PROVISIONAL
grc,tlg0008.tlg001.perseus-grc1.tb.xml,ADP,nmod,ADP,nmod,1,PROVISIONAL
grc,tlg0008.tlg001.perseus-grc1.tb.xml,ADP,obj,ADP,obj,1,PROVISIONAL
grc,tlg0008.tlg001.perseus-grc1.tb.xml,ADV,advcl,ADV,advcl,3,PROVISIONAL
grc,tlg0008.tlg001.perseus-grc1.tb.xml,ADV,advmod,ADV,advmod,3076,PROVISIONAL
grc,tlg0008.tlg001.perseus-grc1.tb.xml,ADV,case,ADV,case,2,PROVISIONAL
grc,tlg0008.tlg001.perseus-grc1.tb.xml,ADV,cc,ADV,cc,4,PROVISIONAL
grc,tlg0008.tlg001.perseus-grc1.tb.xml,ADV,conj,ADV,conj,6,PROVISIONAL
grc,tlg0008.tlg001.perseus-grc1.tb.xml,ADV,nmod,ADV,nmod,29,PROVISIONAL
grc,tlg0008.tlg001.perseus-grc1.tb.xml,ADV,obj,ADV,obj,8,PROVISIONAL
grc,tlg0008.tlg001.perseus-grc1.tb.xml,ADV,obl,ADV,obl,2,PROVISIONAL
grc,tlg0008.tlg001.perseus-grc1.tb.xml,ADV,root,ADV,root,3,PROVISIONAL
grc,tlg0008.tlg001.perseus-grc1.tb.xml,ADV,xcomp,ADV,xcomp,3,PROVISIONAL
grc,tlg0008.tlg001.perseus-grc1.tb.xml,AUX,conj,AUX,conj,1,PROVISIONAL
grc,tlg0008.tlg001.perseus-grc1.tb.xml,AUX,cop,AUX,cop,355,PROVISIONAL
grc,tlg0008.tlg001.perseus-grc1.tb.xml,CCONJ,advmod,CCONJ,advmod,4,PROVISIONAL
grc,tlg0008.tlg001.perseus-grc1.tb.xml,CCONJ,cc,CCONJ,cc,797,PROVISIONAL
grc,tlg0008.tlg001.perseus-grc1.tb.xml,CCONJ,conj,CCONJ,conj,1,PROVISIONAL
grc,tlg0008.tlg001.perseus-grc1.tb.xml,CCONJ,mark,CCONJ,mark,32,PROVISIONAL
grc,tlg0008.tlg001.perseus-grc1.tb.xml,CCONJ,obj,CCONJ,obj,1,PROVISIONAL
grc,tlg0008.tlg001.perseus-grc1.tb.xml,CCONJ,obl,CCONJ,obl,1,PROVISIONAL
grc,tlg0008.tlg001.perseus-grc1.tb.xml,DET,advmod,DET,advmod,1,PROVISIONAL
grc,tlg0008.tlg001.perseus-grc1.tb.xml,DET,det,DET,det,3040,PROVISIONAL
grc,tlg0008.tlg001.perseus-grc1.tb.xml,DET,root,DET,root,1,PROVISIONAL
grc,tlg0008.tlg001.perseus-grc1.tb.xml,DET,xcomp,DET,xcomp,3,PROVISIONAL
grc,tlg0008.tlg001.perseus-grc1.tb.xml,INTJ,discourse,INTJ,discourse,44,PROVISIONAL
grc,tlg0008.tlg001.perseus-grc1.tb.xml,INTJ,vocative,INTJ,vocative,2,PROVISIONAL
grc,tlg0008.tlg001.perseus-grc1.tb.xml,NOUN,acl,NOUN,acl,11,PROVISIONAL
grc,tlg0008.tlg001.perseus-grc1.tb.xml,NOUN,advcl,NOUN,advcl,14,PROVISIONAL
grc,tlg0008.tlg001.perseus-grc1.tb.xml,NOUN,appos,NOUN,appos,36,PROVISIONAL
grc,tlg0008.tlg001.perseus-grc1.tb.xml,NOUN,case,NOUN,case,1,PROVISIONAL
grc,tlg0008.tlg001.perseus-grc1.tb.xml,NOUN,conj,NOUN,conj,348,PROVISIONAL
grc,tlg0008.tlg001.perseus-grc1.tb.xml,NOUN,iobj,NOUN,iobj,62,PROVISIONAL
grc,tlg0008.tlg001.perseus-grc1.tb.xml,NOUN,nmod,NOUN,nmod,1163,PROVISIONAL
grc,tlg0008.tlg001.perseus-grc1.tb.xml,NOUN,nsubj,NOUN,nsubj,1273,PROVISIONAL
grc,tlg0008.tlg001.perseus-grc1.tb.xml,NOUN,nsubj:outer,NOUN,nsubj,1,PROVISIONAL
grc,tlg0008.tlg001.perseus-grc1.tb.xml,NOUN,obj,NOUN,obj,1250,PROVISIONAL
grc,tlg0008.tlg001.perseus-grc1.tb.xml,NOUN,obl,NOUN,obl,1275,PROVISIONAL
grc,tlg0008.tlg001.perseus-grc1.tb.xml,NOUN,orphan,NOUN,orphan,2,PROVISIONAL
grc,tlg0008.tlg001.perseus-grc1.tb.xml,NOUN,root,NOUN,root,58,PROVISIONAL
grc,tlg0008.tlg001.perseus-grc1.tb.xml,NOUN,vocative,NOUN,vocative,77,PROVISIONAL
grc,tlg0008.tlg001.perseus-grc1.tb.xml,NOUN,xcomp,NOUN,xcomp,149,PROVISIONAL
grc,tlg0008.tlg001.perseus-grc1.tb.xml,NUM,conj,NUM,conj,2,PROVISIONAL
grc,tlg0008.tlg001.perseus-grc1.tb.xml,NUM,nummod,NUM,nummod,14,PROVISIONAL
grc,tlg0008.tlg001.perseus-grc1.tb.xml,PRON,acl,PRON,acl,5,PROVISIONAL
grc,tlg0008.tlg001.perseus-grc1.tb.xml,PRON,advcl,PRON,advcl,3,PROVISIONAL
grc,tlg0008.tlg001.perseus-grc1.tb.xml,PRON,conj,PRON,conj,14,PROVISIONAL
grc,tlg0008.tlg001.perseus-grc1.tb.xml,PRON,iobj,PRON,iobj,68,PROVISIONAL
grc,tlg0008.tlg001.perseus-grc1.tb.xml,PRON,nmod,PRON,nmod,228,PROVISIONAL
grc,tlg0008.tlg001.perseus-grc1.tb.xml,PRON,nsubj,PRON,nsubj,319,PROVISIONAL
grc,tlg0008.tlg001.perseus-grc1.tb.xml,PRON,obj,PRON,obj,441,PROVISIONAL
grc,tlg0008.tlg001.perseus-grc1.tb.xml,PRON,obl,PRON,obl,280,PROVISIONAL
grc,tlg0008.tlg001.perseus-grc1.tb.xml,PRON,root,PRON,root,10,PROVISIONAL
grc,tlg0008.tlg001.perseus-grc1.tb.xml,PRON,vocative,PRON,vocative,5,PROVISIONAL
grc,tlg0008.tlg001.perseus-grc1.tb.xml,PRON,xcomp,PRON,xcomp,24,PROVISIONAL
grc,tlg0008.tlg001.perseus-grc1.tb.xml,PUNCT,punct,PUNCT,punct,2964,PROVISIONAL
grc,tlg0008.tlg001.perseus-grc1.tb.xml,SCONJ,case,SCONJ,case,3,PROVISIONAL
grc,tlg0008.tlg001.perseus-grc1.tb.xml,SCONJ,mark,SCONJ,mark,404,PROVISIONAL
grc,tlg0008.tlg001.perseus-grc1.tb.xml,SCONJ,xcomp,SCONJ,xcomp,1,PROVISIONAL
grc,tlg0008.tlg001.perseus-grc1.tb.xml,VERB,acl,VERB,acl,148,PROVISIONAL
grc,tlg0008.tlg001.perseus-grc1.tb.xml,VERB,advcl,VERB,advcl,1168,PROVISIONAL
grc,tlg0008.tlg001.perseus-grc1.tb.xml,VERB,appos,VERB,appos,7,PROVISIONAL
grc,tlg0008.tlg001.perseus-grc1.tb.xml,VERB,ccomp,VERB,ccomp,321,PROVISIONAL
grc,tlg0008.tlg001.perseus-grc1.tb.xml,VERB,conj,VERB,conj,435,PROVISIONAL
grc,tlg0008.tlg001.perseus-grc1.tb.xml,VERB,csubj,VERB,csubj,54,PROVISIONAL
grc,tlg0008.tlg001.perseus-grc1.tb.xml,VERB,nmod,VERB,nmod,277,PROVISIONAL
grc,tlg0008.tlg001.perseus-grc1.tb.xml,VERB,nsubj,VERB,nsubj,33,PROVISIONAL
grc,tlg0008.tlg001.perseus-grc1.tb.xml,VERB,obl,VERB,obl,35,PROVISIONAL
grc,tlg0008.tlg001.perseus-grc1.tb.xml,VERB,parataxis,VERB,parataxis,9,PROVISIONAL
grc,tlg0008.tlg001.perseus-grc1.tb.xml,VERB,root,VERB,root,1486,PROVISIONAL
grc,tlg0008.tlg001.perseus-grc1.tb.xml,VERB,vocative,VERB,vocative,3,PROVISIONAL
grc,tlg0008.tlg001.perseus-grc1.tb.xml,VERB,xcomp,VERB,xcomp,290,PROVISIONAL
grc,tlg0008.tlg001.perseus-grc1.tb.xml,X,obj,X,obj,1,PROVISIONAL
grc,tlg0008.tlg001.perseus-grc1.tb.xml,X,obl,X,obl,3,PROVISIONAL
grc,tlg0011.tlg001.perseus-grc2.tb.xml,ADJ,advcl,ADJ,advcl,5,PROVISIONAL
grc,tlg0011.tlg001.perseus-grc2.tb.xml,ADJ,advmod,ADJ,advmod,31,PROVISIONAL
grc,tlg0011.tlg001.perseus-grc2.tb.xml,ADJ,amod,ADJ,amod,34,PROVISIONAL
grc,tlg0011.tlg001.perseus-grc2.tb.xml,ADJ,appos,ADJ,appos,1,PROVISIONAL
grc,tlg0011.tlg001.perseus-grc2.tb.xml,ADJ,conj,ADJ,conj,12,PROVISIONAL
grc,tlg0011.tlg001.perseus-grc2.tb.xml,ADJ,iobj,ADJ,iobj,4,PROVISIONAL
grc,tlg0011.tlg001.perseus-grc2.tb.xml,ADJ,nmod,ADJ,nmod,295,PROVISIONAL
grc,tlg0011.tlg001.perseus-grc2.tb.xml,ADJ,nsubj,ADJ,nsubj,43,PROVISIONAL
grc,tlg0011.tlg001.perseus-grc2.tb.xml,ADJ,obj,ADJ,obj,99,PROVISIONAL
grc,tlg0011.tlg001.perseus-grc2.tb.xml,ADJ,obl,ADJ,obl,17,PROVISIONAL
grc,tlg0011.tlg001.perseus-grc2.tb.xml,ADJ,root,ADJ,root,7,PROVISIONAL
grc,tlg0011.tlg001.perseus-grc2.tb.xml,ADJ,vocative,ADJ,vocative,18,PROVISIONAL
grc,tlg0011.tlg001.perseus-grc2.tb.xml,ADJ,xcomp,ADJ,xcomp,66,PROVISIONAL
grc,tlg0011.tlg001.perseus-grc2.tb.xml,ADP,case,ADP,case,154,PROVISIONAL
grc,tlg0011.tlg001.perseus-grc2.tb.xml,ADP,cc,ADP,cc,3,PROVISIONAL
grc,tlg0011.tlg001.perseus-grc2.tb.xml,ADP,nmod,ADP,nmod,1,PROVISIONAL
grc,tlg0011.tlg001.perseus-grc2.tb.xml,ADV,advmod,ADV,advmod,257,PROVISIONAL
grc,tlg0011.tlg001.perseus-grc2.tb.xml,ADV,case,ADV,case,5,PROVISIONAL
grc,tlg0011.tlg001.perseus-grc2.tb.xml,ADV,cc,ADV,cc,9,PROVISIONAL
grc,tlg0011.tlg001.perseus-grc2.tb.xml,ADV,conj,ADV,conj,1,PROVISIONAL
grc,tlg0011.tlg001.perseus-grc2.tb.xml,ADV,mark,ADV,mark,22,PROVISIONAL
grc,tlg0011.tlg001.perseus-grc2.tb.xml,ADV,nmod,ADV,nmod,5,PROVISIONAL
grc,tlg0011.tlg001.perseus-grc2.tb.xml,ADV,nsubj,ADV,nsubj,1,PROVISIONAL
grc,tlg0011.tlg001.perseus-grc2.tb.xml,ADV,obj,ADV,obj,24,PROVISIONAL
grc,tlg0011.tlg001.perseus-grc2.tb.xml,ADV,root,ADV,root,1,PROVISIONAL
grc,tlg0011.tlg001.perseus-grc2.tb.xml,ADV,vocative,ADV,vocative,3,PROVISIONAL
grc,tlg0011.tlg001.perseus-grc2.tb.xml,AUX,aux,AUX,aux,3,PROVISIONAL
grc,tlg0011.tlg001.perseus-grc2.tb.xml,AUX,cop,AUX,cop,38,PROVISIONAL
grc,tlg0011.tlg001.perseus-grc2.tb.xml,CCONJ,advmod,CCONJ,advmod,91,PROVISIONAL
grc,tlg0011.tlg001.perseus-grc2.tb.xml,CCONJ,cc,CCONJ,cc,59,PROVISIONAL
grc,tlg0011.tlg001.perseus-grc2.tb.xml,CCONJ,mark,CCONJ,mark,9,PROVISIONAL
grc,tlg0011.tlg001.perseus-grc2.tb.xml,DET,advmod,DET,advmod,2,PROVISIONAL
grc,tlg0011.tlg001.perseus-grc2.tb.xml,DET,det,DET,det,179,PROVISIONAL
grc,tlg0011.tlg001.perseus-grc2.tb.xml,INTJ,discourse,INTJ,discourse,41,PROVISIONAL
grc,tlg0011.tlg001.perseus-grc2.tb.xml,INTJ,vocative,INTJ,vocative,12,PROVISIONAL
grc,tlg0011.tlg001.perseus-grc2.tb.xml,NOUN,acl,NOUN,acl,1,PROVISIONAL
grc,tlg0011.tlg001.perseus-grc2.tb.xml,NOUN,advcl,NOUN,advcl,2,PROVISIONAL
grc,tlg0011.tlg001.perseus-grc2.tb.xml,NOUN,appos,NOUN,appos,7,PROVISIONAL
grc,tlg0011.tlg001.perseus-grc2.tb.xml,NOUN,conj,NOUN,conj,40,PROVISIONAL
grc,tlg0011.tlg001.perseus-grc2.tb.xml,NOUN,iobj,NOUN,iobj,13,PROVISIONAL
grc,tlg0011.tlg001.perseus-grc2.tb.xml,NOUN,nmod,NOUN,nmod,150,PROVISIONAL
grc,tlg0011.tlg001.perseus-grc2.tb.xml,NOUN,nsubj,NOUN,nsubj,104,PROVISIONAL
grc,tlg0011.tlg001.perseus-grc2.tb.xml,NOUN,obj,NOUN,obj,257,PROVISIONAL
grc,tlg0011.tlg001.perseus-grc2.tb.xml,NOUN,obl,NOUN,obl,146,PROVISIONAL
grc,tlg0011.tlg001.perseus-grc2.tb.xml,NOUN,root,NOUN,root,1,PROVISIONAL
grc,tlg0011.tlg001.perseus-grc2.tb.xml,NOUN,vocative,NOUN,vocative,55,PROVISIONAL
grc,tlg0011.tlg001.perseus-grc2.tb.xml,NOUN,xcomp,NOUN,xcomp,25,PROVISIONAL
grc,tlg0011.tlg001.perseus-grc2.tb.xml,NUM,advcl,NUM,advcl,1,PROVISIONAL
grc,tlg0011.tlg001.perseus-grc2.tb.xml,NUM,nummod,NUM,nummod,5,PROVISIONAL
grc,tlg0011.tlg001.perseus-grc2.tb.xml,PART,advmod,PART,advmod,336,PROVISIONAL
grc,tlg0011.tlg001.perseus-grc2.tb.xml,PART,cc,PART,cc,89,PROVISIONAL
grc,tlg0011.tlg001.perseus-grc2.tb.xml,PRON,conj,PRON,conj,4,PROVISIONAL
grc,tlg0011.tlg001.perseus-grc2.tb.xml,PRON,iobj,PRON,iobj,21,PROVISIONAL
grc,tlg0011.tlg001.perseus-grc2.tb.xml,PRON,nmod,PRON,nmod,85,PROVISIONAL
grc,tlg0011.tlg001.perseus-grc2.tb.xml,PRON,nsubj,PRON,nsubj,102,PROVISIONAL
grc,tlg0011.tlg001.perseus-grc2.tb.xml,PRON,obj,PRON,obj,154,PROVISIONAL
grc,tlg0011.tlg001.perseus-grc2.tb.xml,PRON,obl,PRON,obl,67,PROVISIONAL
grc,tlg0011.tlg001.perseus-grc2.tb.xml,PRON,parataxis,PRON,parataxis,2,PROVISIONAL
grc,tlg0011.tlg001.perseus-grc2.tb.xml,PRON,root,PRON,root,7,PROVISIONAL
grc,tlg0011.tlg001.perseus-grc2.tb.xml,PRON,vocative,PRON,vocative,2,PROVISIONAL
grc,tlg0011.tlg001.perseus-grc2.tb.xml,PRON,xcomp,PRON,xcomp,1,PROVISIONAL
grc,tlg0011.tlg001.perseus-grc2.tb.xml,PUNCT,punct,PUNCT,punct,874,PROVISIONAL
grc,tlg0011.tlg001.perseus-grc2.tb.xml,SCONJ,mark,SCONJ,mark,99,PROVISIONAL
grc,tlg0011.tlg001.perseus-grc2.tb.xml,VERB,acl,VERB,acl,51,PROVISIONAL
grc,tlg0011.tlg001.perseus-grc2.tb.xml,VERB,advcl,VERB,advcl,243,PROVISIONAL
grc,tlg0011.tlg001.perseus-grc2.tb.xml,VERB,appos,VERB,appos,9,PROVISIONAL
grc,tlg0011.tlg001.perseus-grc2.tb.xml,VERB,ccomp,VERB,ccomp,44,PROVISIONAL
grc,tlg0011.tlg001.perseus-grc2.tb.xml,VERB,conj,VERB,conj,91,PROVISIONAL
grc,tlg0011.tlg001.perseus-grc2.tb.xml,VERB,csubj,VERB,csubj,27,PROVISIONAL
grc,tlg0011.tlg001.perseus-grc2.tb.xml,VERB,nmod,VERB,nmod,25,PROVISIONAL
grc,tlg0011.tlg001.perseus-grc2.tb.xml,VERB,nsubj,VERB,nsubj,5,PROVISIONAL
grc,tlg0011.tlg001.perseus-grc2.tb.xml,VERB,obl,VERB,obl,1,PROVISIONAL
grc,tlg0011.tlg001.perseus-grc2.tb.xml,VERB,parataxis,VERB,parataxis,24,PROVISIONAL
grc,tlg0011.tlg001.perseus-grc2.tb.xml,VERB,root,VERB,root,415,PROVISIONAL
grc,tlg0011.tlg001.perseus-grc2.tb.xml,VERB,xcomp,VERB,xcomp,92,PROVISIONAL
grc,tlg0011.tlg002.perseus-grc2.tb.xml,ADJ,advcl,ADJ,advcl,4,PROVISIONAL
grc,tlg0011.tlg002.perseus-grc2.tb.xml,ADJ,advmod,ADJ,advmod,32,PROVISIONAL
grc,tlg0011.tlg002.perseus-grc2.tb.xml,ADJ,amod,ADJ,amod,20,PROVISIONAL
grc,tlg0011.tlg002.perseus-grc2.tb.xml,ADJ,appos,ADJ,appos,2,PROVISIONAL
grc,tlg0011.tlg002.perseus-grc2.tb.xml,ADJ,conj,ADJ,conj,15,PROVISIONAL
grc,tlg0011.tlg002.perseus-grc2.tb.xml,ADJ,iobj,ADJ,iobj,3,PROVISIONAL
grc,tlg0011.tlg002.perseus-grc2.tb.xml,ADJ,nmod,ADJ,nmod,263,PROVISIONAL
grc,tlg0011.tlg002.perseus-grc2.tb.xml,ADJ,nsubj,ADJ,nsubj,39,PROVISIONAL
grc,tlg0011.tlg002.perseus-grc2.tb.xml,ADJ,obj,ADJ,obj,84,PROVISIONAL
grc,tlg0011.tlg002.perseus-grc2.tb.xml,ADJ,obl,ADJ,obl,22,PROVISIONAL
grc,tlg0011.tlg002.perseus-grc2.tb.xml,ADJ,root,ADJ,root,13,PROVISIONAL
grc,tlg0011.tlg002.perseus-grc2.tb.xml,ADJ,vocative,ADJ,vocative,8,PROVISIONAL
grc,tlg0011.tlg002.perseus-grc2.tb.xml,ADJ,xcomp,ADJ,xcomp,71,PROVISIONAL
grc,tlg0011.tlg002.perseus-grc2.tb.xml,ADP,case,ADP,case,156,PROVISIONAL
grc,tlg0011.tlg002.perseus-grc2.tb.xml,ADP,root,ADP,root,3,PROVISIONAL
grc,tlg0011.tlg002.perseus-grc2.tb.xml,ADV,advmod,ADV,advmod,237,PROVISIONAL
grc,tlg0011.tlg002.perseus-grc2.tb.xml,ADV,case,ADV,case,5,PROVISIONAL
grc,tlg0011.tlg002.perseus-grc2.tb.xml,ADV,cc,ADV,cc,2,PROVISIONAL
grc,tlg0011.tlg002.perseus-grc2.tb.xml,ADV,conj,ADV,conj,2,PROVISIONAL
grc,tlg0011.tlg002.perseus-grc2.tb.xml,ADV,mark,ADV,mark,6,PROVISIONAL
grc,tlg0011.tlg002.perseus-grc2.tb.xml,ADV,nmod,ADV,nmod,10,PROVISIONAL
grc,tlg0011.tlg002.perseus-grc2.tb.xml,ADV,obj,ADV,obj,9,PROVISIONAL
grc,tlg0011.tlg002.perseus-grc2.tb.xml,ADV,xcomp,ADV,xcomp,1,PROVISIONAL
grc,tlg0011.tlg002.perseus-grc2.tb.xml,AUX,aux,AUX,aux,5,PROVISIONAL
grc,tlg0011.tlg002.perseus-grc2.tb.xml,AUX,cop,AUX,cop,35,PROVISIONAL
grc,tlg0011.tlg002.perseus-grc2.tb.xml,CCONJ,advmod,CCONJ,advmod,82,PROVISIONAL
grc,tlg0011.tlg002.perseus-grc2.tb.xml,CCONJ,cc,CCONJ,cc,63,PROVISIONAL
grc,tlg0011.tlg002.perseus-grc2.tb.xml,CCONJ,mark,CCONJ,mark,6,PROVISIONAL
grc,tlg0011.tlg002.perseus-grc2.tb.xml,DET,det,DET,det,149,PROVISIONAL
grc,tlg0011.tlg002.perseus-grc2.tb.xml,INTJ,discourse,INTJ,discourse,20,PROVISIONAL
grc,tlg0011.tlg002.perseus-grc2.tb.xml,INTJ,vocative,INTJ,vocative,12,PROVISIONAL
grc,tlg0011.tlg002.perseus-grc2.tb.xml,NOUN,advcl,NOUN,advcl,2,PROVISIONAL
grc,tlg0011.tlg002.perseus-grc2.tb.xml,NOUN,appos,NOUN,appos,5,PROVISIONAL
grc,tlg0011.tlg002.perseus-grc2.tb.xml,NOUN,case,NOUN,case,1,PROVISIONAL
grc,tlg0011.tlg002.perseus-grc2.tb.xml,NOUN,conj,NOUN,conj,28,PROVISIONAL
grc,tlg0011.tlg002.perseus-grc2.tb.xml,NOUN,iobj,NOUN,iobj,12,PROVISIONAL
grc,tlg0011.tlg002.perseus-grc2.tb.xml,NOUN,nmod,NOUN,nmod,140,PROVISIONAL
grc,tlg0011.tlg002.perseus-grc2.tb.xml,NOUN,nsubj,NOUN,nsubj,98,PROVISIONAL
grc,tlg0011.tlg002.perseus-grc2.tb.xml,NOUN,obj,NOUN,obj,204,PROVISIONAL
grc,tlg0011.tlg002.perseus-grc2.tb.xml,NOUN,obl,NOUN,obl,167,PROVISIONAL
grc,tlg0011.tlg002.perseus-grc2.tb.xml,NOUN,root,NOUN,root,3,PROVISIONAL
grc,tlg0011.tlg002.perseus-grc2.tb.xml,NOUN,vocative,NOUN,vocative,32,PROVISIONAL
grc,tlg0011.tlg002.perseus-grc2.tb.xml,NOUN,xcomp,NOUN,xcomp,14,PROVISIONAL
grc,tlg0011.tlg002.perseus-grc2.tb.xml,NUM,nsubj,NUM,nsubj,1,PROVISIONAL
grc,tlg0011.tlg002.perseus-grc2.tb.xml,NUM,nummod,NUM,nummod,4,PROVISIONAL
grc,tlg0011.tlg002.perseus-grc2.tb.xml,NUM,xcomp,NUM,xcomp,1,PROVISIONAL
grc,tlg0011.tlg002.perseus-grc2.tb.xml,PART,advmod,PART,advmod,276,PROVISIONAL
grc,tlg0011.tlg002.perseus-grc2.tb.xml,PART,cc,PART,cc,70,PROVISIONAL
grc,tlg0011.tlg002.perseus-grc2.tb.xml,PRON,acl,PRON,acl,1,PROVISIONAL
grc,tlg0011.tlg002.perseus-grc2.tb.xml,PRON,conj,PRON,conj,4,PROVISIONAL
grc,tlg0011.tlg002.perseus-grc2.tb.xml,PRON,iobj,PRON,iobj,14,PROVISIONAL
grc,tlg0011.tlg002.perseus-grc2.tb.xml,PRON,nmod,PRON,nmod,53,PROVISIONAL
grc,tlg0011.tlg002.perseus-grc2.tb.xml,PRON,nsubj,PRON,nsubj,85,PROVISIONAL
grc,tlg0011.tlg002.perseus-grc2.tb.xml,PRON,obj,PRON,obj,96,PROVISIONAL
grc,tlg0011.tlg002.perseus-grc2.tb.xml,PRON,obl,PRON,obl,57,PROVISIONAL
grc,tlg0011.tlg002.perseus-grc2.tb.xml,PRON,vocative,PRON,vocative,4,PROVISIONAL
grc,tlg0011.tlg002.perseus-grc2.tb.xml,PRON,xcomp,PRON,xcomp,2,PROVISIONAL
grc,tlg0011.tlg002.perseus-grc2.tb.xml,PUNCT,punct,PUNCT,punct,648,PROVISIONAL
grc,tlg0011.tlg002.perseus-grc2.tb.xml,SCONJ,case,SCONJ,case,3,PROVISIONAL
grc,tlg0011.tlg002.perseus-grc2.tb.xml,SCONJ,mark,SCONJ,mark,58,PROVISIONAL
grc,tlg0011.tlg002.perseus-grc2.tb.xml,SCONJ,nmod,SCONJ,nmod,1,PROVISIONAL
grc,tlg0011.tlg002.perseus-grc2.tb.xml,VERB,acl,VERB,acl,15,PROVISIONAL
grc,tlg0011.tlg002.perseus-grc2.tb.xml,VERB,advcl,VERB,advcl,172,PROVISIONAL
grc,tlg0011.tlg002.perseus-grc2.tb.xml,VERB,appos,VERB,appos,6,PROVISIONAL
grc,tlg0011.tlg002.perseus-grc2.tb.xml,VERB,ccomp,VERB,ccomp,34,PROVISIONAL
grc,tlg0011.tlg002.perseus-grc2.tb.xml,VERB,conj,VERB,conj,75,PROVISIONAL
grc,tlg0011.tlg002.perseus-grc2.tb.xml,VERB,csubj,VERB,csubj,34,PROVISIONAL
grc,tlg0011.tlg002.perseus-grc2.tb.xml,VERB,nmod,VERB,nmod,24,PROVISIONAL
grc,tlg0011.tlg002.perseus-grc2.tb.xml,VERB,nsubj,VERB,nsubj,4,PROVISIONAL
grc,tlg0011.tlg002.perseus-grc2.tb.xml,VERB,obl,VERB,obl,2,PROVISIONAL
grc,tlg0011.tlg002.perseus-grc2.tb.xml,VERB,parataxis,VERB,parataxis,8,PROVISIONAL
grc,tlg0011.tlg002.perseus-grc2.tb.xml,VERB,root,VERB,root,372,PROVISIONAL
grc,tlg0011.tlg002.perseus-grc2.tb.xml,VERB,vocative,VERB,vocative,1,PROVISIONAL
grc,tlg0011.tlg002.perseus-grc2.tb.xml,VERB,xcomp,VERB,xcomp,88,PROVISIONAL
grc,tlg0011.tlg002.perseus-grc2.tb.xml,X,nmod,X,nmod,1,PROVISIONAL
grc,tlg0011.tlg003.perseus-grc1.tb.xml,ADJ,advcl,ADJ,advcl,7,PROVISIONAL
grc,tlg0011.tlg003.perseus-grc1.tb.xml,ADJ,advmod,ADJ,advmod,56,PROVISIONAL
grc,tlg0011.tlg003.perseus-grc1.tb.xml,ADJ,amod,ADJ,amod,47,PROVISIONAL
grc,tlg0011.tlg003.perseus-grc1.tb.xml,ADJ,conj,ADJ,conj,19,PROVISIONAL
grc,tlg0011.tlg003.perseus-grc1.tb.xml,ADJ,iobj,ADJ,iobj,3,PROVISIONAL
grc,tlg0011.tlg003.perseus-grc1.tb.xml,ADJ,nmod,ADJ,nmod,303,PROVISIONAL
grc,tlg0011.tlg003.perseus-grc1.tb.xml,ADJ,nsubj,ADJ,nsubj,36,PROVISIONAL
grc,tlg0011.tlg003.perseus-grc1.tb.xml,ADJ,obj,ADJ,obj,99,PROVISIONAL
grc,tlg0011.tlg003.perseus-grc1.tb.xml,ADJ,obl,ADJ,obl,29,PROVISIONAL
grc,tlg0011.tlg003.perseus-grc1.tb.xml,ADJ,root,ADJ,root,8,PROVISIONAL
grc,tlg0011.tlg003.perseus-grc1.tb.xml,ADJ,vocative,ADJ,vocative,8,PROVISIONAL
grc,tlg0011.tlg003.perseus-grc1.tb.xml,ADJ,xcomp,ADJ,xcomp,101,PROVISIONAL
grc,tlg0011.tlg003.perseus-grc1.tb.xml,ADP,case,ADP,case,160,PROVISIONAL
grc,tlg0011.tlg003.perseus-grc1.tb.xml,ADV,advmod,ADV,advmod,391,PROVISIONAL
grc,tlg0011.tlg003.perseus-grc1.tb.xml,ADV,case,ADV,case,4,PROVISIONAL
grc,tlg0011.tlg003.perseus-grc1.tb.xml,ADV,cc,ADV,cc,1,PROVISIONAL
grc,tlg0011.tlg003.perseus-grc1.tb.xml,ADV,conj,ADV,conj,2,PROVISIONAL
grc,tlg0011.tlg003.perseus-grc1.tb.xml,ADV,mark,ADV,mark,6,PROVISIONAL
grc,tlg0011.tlg003.perseus-grc1.tb.xml,ADV,nmod,ADV,nmod,6,PROVISIONAL
grc,tlg0011.tlg003.perseus-grc1.tb.xml,ADV,obj,ADV,obj,17,PROVISIONAL
grc,tlg0011.tlg003.perseus-grc1.tb.xml,AUX,cop,AUX,cop,33,PROVISIONAL
grc,tlg0011.tlg003.perseus-grc1.tb.xml,CCONJ,advmod,CCONJ,advmod,34,PROVISIONAL
grc,tlg0011.tlg003.perseus-grc1.tb.xml,CCONJ,cc,CCONJ,cc,79,PROVISIONAL
grc,tlg0011.tlg003.perseus-grc1.tb.xml,CCONJ,mark,CCONJ,mark,6,PROVISIONAL
grc,tlg0011.tlg003.perseus-grc1.tb.xml,DET,det,DET,det,157,PROVISIONAL
grc,tlg0011.tlg003.perseus-grc1.tb.xml,INTJ,discourse,INTJ,discourse,31,PROVISIONAL
grc,tlg0011.tlg003.perseus-grc1.tb.xml,NOUN,advcl,NOUN,advcl,3,PROVISIONAL
grc,tlg0011.tlg003.perseus-grc1.tb.xml,NOUN,appos,NOUN,appos,8,PROVISIONAL
grc,tlg0011.tlg003.perseus-grc1.tb.xml,NOUN,case,NOUN,case,2,PROVISIONAL
grc,tlg0011.tlg003.perseus-grc1.tb.xml,NOUN,conj,NOUN,conj,37,PROVISIONAL
grc,tlg0011.tlg003.perseus-grc1.tb.xml,NOUN,iobj,NOUN,iobj,15,PROVISIONAL
grc,tlg0011.tlg003.perseus-grc1.tb.xml,NOUN,nmod,NOUN,nmod,102,PROVISIONAL
grc,tlg0011.tlg003.perseus-grc1.tb.xml,NOUN,nsubj,NOUN,nsubj,132,PROVISIONAL
grc,tlg0011.tlg003.perseus-grc1.tb.xml,NOUN,obj,NOUN,obj,285,PROVISIONAL
grc,tlg0011.tlg003.perseus-grc1.tb.xml,NOUN,obl,NOUN,obl,174,PROVISIONAL
grc,tlg0011.tlg003.perseus-grc1.tb.xml,NOUN,root,NOUN,root,7,PROVISIONAL
grc,tlg0011.tlg003.perseus-grc1.tb.xml,NOUN,vocative,NOUN,vocative,54,PROVISIONAL
grc,tlg0011.tlg003.perseus-grc1.tb.xml,NOUN,xcomp,NOUN,xcomp,16,PROVISIONAL
grc,tlg0011.tlg003.perseus-grc1.tb.xml,NUM,nummod,NUM,nummod,3,PROVISIONAL
grc,tlg0011.tlg003.perseus-grc1.tb.xml,PART,advmod,PART,advmod,365,PROVISIONAL
grc,tlg0011.tlg003.perseus-grc1.tb.xml,PART,cc,PART,cc,82,PROVISIONAL
grc,tlg0011.tlg003.perseus-grc1.tb.xml,PART,mark,PART,mark,1,PROVISIONAL
grc,tlg0011.tlg003.perseus-grc1.tb.xml,PRON,conj,PRON,conj,4,PROVISIONAL
grc,tlg0011.tlg003.perseus-grc1.tb.xml,PRON,iobj,PRON,iobj,17,PROVISIONAL
grc,tlg0011.tlg003.perseus-grc1.tb.xml,PRON,nmod,PRON,nmod,111,PROVISIONAL
grc,tlg0011.tlg003.perseus-grc1.tb.xml,PRON,nsubj,PRON,nsubj,138,PROVISIONAL
grc,tlg0011.tlg003.perseus-grc1.tb.xml,PRON,obj,PRON,obj,118,PROVISIONAL
grc,tlg0011.tlg003.perseus-grc1.tb.xml,PRON,obl,PRON,obl,64,PROVISIONAL
grc,tlg0011.tlg003.perseus-grc1.tb.xml,PUNCT,punct,PUNCT,punct,859,PROVISIONAL
grc,tlg0011.tlg003.perseus-grc1.tb.xml,SCONJ,mark,SCONJ,mark,67,PROVISIONAL
grc,tlg0011.tlg003.perseus-grc1.tb.xml,VERB,acl,VERB,acl,41,PROVISIONAL
grc,tlg0011.tlg003.perseus-grc1.tb.xml,VERB,advcl,VERB,advcl,256,PROVISIONAL
grc,tlg0011.tlg003.perseus-grc1.tb.xml,VERB,appos,VERB,appos,2,PROVISIONAL
grc,tlg0011.tlg003.perseus-grc1.tb.xml,VERB,case,VERB,case,1,PROVISIONAL
grc,tlg0011.tlg003.perseus-grc1.tb.xml,VERB,ccomp,VERB,ccomp,44,PROVISIONAL
grc,tlg0011.tlg003.perseus-grc1.tb.xml,VERB,conj,VERB,conj,64,PROVISIONAL
grc,tlg0011.tlg003.perseus-grc1.tb.xml,VERB,csubj,VERB,csubj,22,PROVISIONAL
grc,tlg0011.tlg003.perseus-grc1.tb.xml,VERB,nmod,VERB,nmod,18,PROVISIONAL
grc,tlg0011.tlg003.perseus-grc1.tb.xml,VERB,nsubj,VERB,nsubj,2,PROVISIONAL
grc,tlg0011.tlg003.perseus-grc1.tb.xml,VERB,parataxis,VERB,parataxis,8,PROVISIONAL
grc,tlg0011.tlg003.perseus-grc1.tb.xml,VERB,root,VERB,root,474,PROVISIONAL
grc,tlg0011.tlg003.perseus-grc1.tb.xml,VERB,vocative,VERB,vocative,2,PROVISIONAL
grc,tlg0011.tlg003.perseus-grc1.tb.xml,VERB,xcomp,VERB,xcomp,77,PROVISIONAL
grc,tlg0011.tlg003.perseus-grc1.tb.xml,X,root,X,root,1,PROVISIONAL
grc,tlg0011.tlg004.perseus-grc1.tb.xml,ADJ,advcl,ADJ,advcl,2,PROVISIONAL
grc,tlg0011.tlg004.perseus-grc1.tb.xml,ADJ,advmod,ADJ,advmod,53,PROVISIONAL
grc,tlg0011.tlg004.perseus-grc1.tb.xml,ADJ,amod,ADJ,amod,28,PROVISIONAL
grc,tlg0011.tlg004.perseus-grc1.tb.xml,ADJ,appos,ADJ,appos,3,PROVISIONAL
grc,tlg0011.tlg004.perseus-grc1.tb.xml,ADJ,conj,ADJ,conj,22,PROVISIONAL
grc,tlg0011.tlg004.perseus-grc1.tb.xml,ADJ,iobj,ADJ,iobj,2,PROVISIONAL
grc,tlg0011.tlg004.perseus-grc1.tb.xml,ADJ,nmod,ADJ,nmod,233,PROVISIONAL
grc,tlg0011.tlg004.perseus-grc1.tb.xml,ADJ,nsubj,ADJ,nsubj,47,PROVISIONAL
grc,tlg0011.tlg004.perseus-grc1.tb.xml,ADJ,obj,ADJ,obj,103,PROVISIONAL
grc,tlg0011.tlg004.perseus-grc1.tb.xml,ADJ,obl,ADJ,obl,19,PROVISIONAL
grc,tlg0011.tlg004.perseus-grc1.tb.xml,ADJ,root,ADJ,root,18,PROVISIONAL
grc,tlg0011.tlg004.perseus-grc1.tb.xml,ADJ,vocative,ADJ,vocative,16,PROVISIONAL
grc,tlg0011.tlg004.perseus-grc1.tb.xml,ADJ,xcomp,ADJ,xcomp,79,PROVISIONAL
grc,tlg0011.tlg004.perseus-grc1.tb.xml,ADP,case,ADP,case,160,PROVISIONAL
grc,tlg0011.tlg004.perseus-grc1.tb.xml,ADP,conj,ADP,conj,1,PROVISIONAL
grc,tlg0011.tlg004.perseus-grc1.tb.xml,ADP,mark,ADP,mark,2,PROVISIONAL
grc,tlg0011.tlg004.perseus-grc1.tb.xml,ADP,nmod,ADP,nmod,1,PROVISIONAL
grc,tlg0011.tlg004.perseus-grc1.tb.xml,ADP,obj,ADP,obj,2,PROVISIONAL
grc,tlg0011.tlg004.perseus-grc1.tb.xml,ADP,root,ADP,root,2,PROVISIONAL
grc,tlg0011.tlg004.perseus-grc1.tb.xml,ADV,advmod,ADV,advmod,370,PROVISIONAL
grc,tlg0011.tlg004.perseus-grc1.tb.xml,ADV,case,ADV,case,4,PROVISIONAL
grc,tlg0011.tlg004.perseus-grc1.tb.xml,ADV,cc,ADV,cc,5,PROVISIONAL
grc,tlg0011.tlg004.perseus-grc1.tb.xml,ADV,mark,ADV,mark,3,PROVISIONAL
grc,tlg0011.tlg004.perseus-grc1.tb.xml,ADV,nmod,ADV,nmod,12,PROVISIONAL
grc,tlg0011.tlg004.perseus-grc1.tb.xml,ADV,obj,ADV,obj,24,PROVISIONAL
grc,tlg0011.tlg004.perseus-grc1.tb.xml,ADV,xcomp,ADV,xcomp,1,PROVISIONAL
grc,tlg0011.tlg004.perseus-grc1.tb.xml,AUX,aux,AUX,aux,3,PROVISIONAL
grc,tlg0011.tlg004.perseus-grc1.tb.xml,AUX,cop,AUX,cop,63,PROVISIONAL
grc,tlg0011.tlg004.perseus-grc1.tb.xml,CCONJ,advmod,CCONJ,advmod,121,PROVISIONAL
grc,tlg0011.tlg004.perseus-grc1.tb.xml,CCONJ,cc,CCONJ,cc,64,PROVISIONAL
grc,tlg0011.tlg004.perseus-grc1.tb.xml,CCONJ,mark,CCONJ,mark,9,PROVISIONAL
grc,tlg0011.tlg004.perseus-grc1.tb.xml,DET,advmod,DET,advmod,1,PROVISIONAL
grc,tlg0011.tlg004.perseus-grc1.tb.xml,DET,det,DET,det,216,PROVISIONAL
grc,tlg0011.tlg004.perseus-grc1.tb.xml,INTJ,discourse,INTJ,discourse,36,PROVISIONAL
grc,tlg0011.tlg004.perseus-grc1.tb.xml,INTJ,vocative,INTJ,vocative,5,PROVISIONAL
grc,tlg0011.tlg004.perseus-grc1.tb.xml,NOUN,acl,NOUN,acl,1,PROVISIONAL
grc,tlg0011.tlg004.perseus-grc1.tb.xml,NOUN,advcl,NOUN,advcl,4,PROVISIONAL
grc,tlg0011.tlg004.perseus-grc1.tb.xml,NOUN,appos,NOUN,appos,3,PROVISIONAL
grc,tlg0011.tlg004.perseus-grc1.tb.xml,NOUN,case,NOUN,case,1,PROVISIONAL
grc,tlg0011.tlg004.perseus-grc1.tb.xml,NOUN,conj,NOUN,conj,42,PROVISIONAL
grc,tlg0011.tlg004.perseus-grc1.tb.xml,NOUN,iobj,NOUN,iobj,4,PROVISIONAL
grc,tlg0011.tlg004.perseus-grc1.tb.xml,NOUN,nmod,NOUN,nmod,133,PROVISIONAL
grc,tlg0011.tlg004.perseus-grc1.tb.xml,NOUN,nsubj,NOUN,nsubj,122,PROVISIONAL
grc,tlg0011.tlg004.perseus-grc1.tb.xml,NOUN,obj,NOUN,obj,198,PROVISIONAL
grc,tlg0011.tlg004.perseus-grc1.tb.xml,NOUN,obl,NOUN,obl,134,PROVISIONAL
grc,tlg0011.tlg004.perseus-grc1.tb.xml,NOUN,root,NOUN,root,7,PROVISIONAL
grc,tlg0011.tlg004.perseus-grc1.tb.xml,NOUN,vocative,NOUN,vocative,56,PROVISIONAL
grc,tlg0011.tlg004.perseus-grc1.tb.xml,NOUN,xcomp,NOUN,xcomp,38,PROVISIONAL
grc,tlg0011.tlg004.perseus-grc1.tb.xml,NUM,nummod,NUM,nummod,3,PROVISIONAL
grc,tlg0011.tlg004.perseus-grc1.tb.xml,NUM,root,NUM,root,1,PROVISIONAL
grc,tlg0011.tlg004.perseus-grc1.tb.xml,PART,advmod,PART,advmod,433,PROVISIONAL
grc,tlg0011.tlg004.perseus-grc1.tb.xml,PART,cc,PART,cc,79,PROVISIONAL
grc,tlg0011.tlg004.perseus-grc1.tb.xml,PRON,conj,PRON,conj,9,PROVISIONAL
grc,tlg0011.tlg004.perseus-grc1.tb.xml,PRON,iobj,PRON,iobj,22,PROVISIONAL
grc,tlg0011.tlg004.perseus-grc1.tb.xml,PRON,nmod,PRON,nmod,108,PROVISIONAL
grc,tlg0011.tlg004.perseus-grc1.tb.xml,PRON,nsubj,PRON,nsubj,121,PROVISIONAL
grc,tlg0011.tlg004.perseus-grc1.tb.xml,PRON,obj,PRON,obj,204,PROVISIONAL
grc,tlg0011.tlg004.perseus-grc1.tb.xml,PRON,obl,PRON,obl,94,PROVISIONAL
grc,tlg0011.tlg004.perseus-grc1.tb.xml,PRON,root,PRON,root,6,PROVISIONAL
grc,tlg0011.tlg004.perseus-grc1.tb.xml,PRON,vocative,PRON,vocative,5,PROVISIONAL
grc,tlg0011.tlg004.perseus-grc1.tb.xml,PRON,xcomp,PRON,xcomp,3,PROVISIONAL
grc,tlg0011.tlg004.perseus-grc1.tb.xml,PUNCT,punct,PUNCT,punct,908,PROVISIONAL
grc,tlg0011.tlg004.perseus-grc1.tb.xml,SCONJ,case,SCONJ,case,1,PROVISIONAL
grc,tlg0011.tlg004.perseus-grc1.tb.xml,SCONJ,mark,SCONJ,mark,76,PROVISIONAL
grc,tlg0011.tlg004.perseus-grc1.tb.xml,VERB,acl,VERB,acl,52,PROVISIONAL
grc,tlg0011.tlg004.perseus-grc1.tb.xml,VERB,advcl,VERB,advcl,200,PROVISIONAL
grc,tlg0011.tlg004.perseus-grc1.tb.xml,VERB,appos,VERB,appos,10,PROVISIONAL
grc,tlg0011.tlg004.perseus-grc1.tb.xml,VERB,ccomp,VERB,ccomp,48,PROVISIONAL
grc,tlg0011.tlg004.perseus-grc1.tb.xml,VERB,conj,VERB,conj,73,PROVISIONAL
grc,tlg0011.tlg004.perseus-grc1.tb.xml,VERB,csubj,VERB,csubj,20,PROVISIONAL
grc,tlg0011.tlg004.perseus-grc1.tb.xml,VERB,nmod,VERB,nmod,33,PROVISIONAL
grc,tlg0011.tlg004.perseus-grc1.tb.xml,VERB,nsubj,VERB,nsubj,6,PROVISIONAL
grc,tlg0011.tlg004.perseus-grc1.tb.xml,VERB,obl,VERB,obl,2,PROVISIONAL
grc,tlg0011.tlg004.perseus-grc1.tb.xml,VERB,parataxis,VERB,parataxis,12,PROVISIONAL
grc,tlg0011.tlg004.perseus-grc1.tb.xml,VERB,root,VERB,root,486,PROVISIONAL
grc,tlg0011.tlg004.perseus-grc1.tb.xml,VERB,xcomp,VERB,xcomp,109,PROVISIONAL
grc,tlg0011.tlg004.perseus-grc1.tb.xml,X,conj,X,conj,1,PROVISIONAL
grc,tlg0011.tlg004.perseus-grc1.tb.xml,X,obj,X,obj,1,PROVISIONAL
grc,tlg0011.tlg004.perseus-grc1.tb.xml,X,vocative,X,vocative,1,PROVISIONAL
grc,tlg0011.tlg005.perseus-grc2.tb.xml,ADJ,advcl,ADJ,advcl,1,PROVISIONAL
grc,tlg0011.tlg005.perseus-grc2.tb.xml,ADJ,advmod,ADJ,advmod,42,PROVISIONAL
grc,tlg0011.tlg005.perseus-grc2.tb.xml,ADJ,amod,ADJ,amod,38,PROVISIONAL
grc,tlg0011.tlg005.perseus-grc2.tb.xml,ADJ,appos,ADJ,appos,1,PROVISIONAL
grc,tlg0011.tlg005.perseus-grc2.tb.xml,ADJ,conj,ADJ,conj,15,PROVISIONAL
grc,tlg0011.tlg005.perseus-grc2.tb.xml,ADJ,iobj,ADJ,iobj,3,PROVISIONAL
grc,tlg0011.tlg005.perseus-grc2.tb.xml,ADJ,nmod,ADJ,nmod,219,PROVISIONAL
grc,tlg0011.tlg005.perseus-grc2.tb.xml,ADJ,nsubj,ADJ,nsubj,38,PROVISIONAL
grc,tlg0011.tlg005.perseus-grc2.tb.xml,ADJ,obj,ADJ,obj,107,PROVISIONAL
grc,tlg0011.tlg005.perseus-grc2.tb.xml,ADJ,obl,ADJ,obl,25,PROVISIONAL
grc,tlg0011.tlg005.perseus-grc2.tb.xml,ADJ,parataxis,ADJ,parataxis,1,PROVISIONAL
grc,tlg0011.tlg005.perseus-grc2.tb.xml,ADJ,root,ADJ,root,18,PROVISIONAL
grc,tlg0011.tlg005.perseus-grc2.tb.xml,ADJ,vocative,ADJ,vocative,22,PROVISIONAL
grc,tlg0011.tlg005.perseus-grc2.tb.xml,ADJ,xcomp,ADJ,xcomp,63,PROVISIONAL
grc,tlg0011.tlg005.perseus-grc2.tb.xml,ADP,advcl,ADP,advcl,1,PROVISIONAL
grc,tlg0011.tlg005.perseus-grc2.tb.xml,ADP,case,ADP,case,145,PROVISIONAL
grc,tlg0011.tlg005.perseus-grc2.tb.xml,ADP,mark,ADP,mark,2,PROVISIONAL
grc,tlg0011.tlg005.perseus-grc2.tb.xml,ADP,nmod,ADP,nmod,1,PROVISIONAL
grc,tlg0011.tlg005.perseus-grc2.tb.xml,ADP,nsubj,ADP,nsubj,1,PROVISIONAL
grc,tlg0011.tlg005.perseus-grc2.tb.xml,ADP,obj,ADP,obj,1,PROVISIONAL
grc,tlg0011.tlg005.perseus-grc2.tb.xml,ADP,root,ADP,root,5,PROVISIONAL
grc,tlg0011.tlg005.perseus-grc2.tb.xml,ADV,advmod,ADV,advmod,349,PROVISIONAL
grc,tlg0011.tlg005.perseus-grc2.tb.xml,ADV,case,ADV,case,3,PROVISIONAL
grc,tlg0011.tlg005.perseus-grc2.tb.xml,ADV,cc,ADV,cc,5,PROVISIONAL
grc,tlg0011.tlg005.perseus-grc2.tb.xml,ADV,conj,ADV,conj,2,PROVISIONAL
grc,tlg0011.tlg005.perseus-grc2.tb.xml,ADV,mark,ADV,mark,9,PROVISIONAL
grc,tlg0011.tlg005.perseus-grc2.tb.xml,ADV,nmod,ADV,nmod,13,PROVISIONAL
grc,tlg0011.tlg005.perseus-grc2.tb.xml,ADV,nsubj,ADV,nsubj,2,PROVISIONAL
grc,tlg0011.tlg005.perseus-grc2.tb.xml,ADV,obj,ADV,obj,22,PROVISIONAL
grc,tlg0011.tlg005.perseus-grc2.tb.xml,ADV,root,ADV,root,1,PROVISIONAL
grc,tlg0011.tlg005.perseus-grc2.tb.xml,ADV,vocative,ADV,vocative,1,PROVISIONAL
grc,tlg0011.tlg005.perseus-grc2.tb.xml,AUX,cop,AUX,cop,45,PROVISIONAL
grc,tlg0011.tlg005.perseus-grc2.tb.xml,CCONJ,advmod,CCONJ,advmod,119,PROVISIONAL
grc,tlg0011.tlg005.perseus-grc2.tb.xml,CCONJ,cc,CCONJ,cc,53,PROVISIONAL
grc,tlg0011.tlg005.perseus-grc2.tb.xml,CCONJ,mark,CCONJ,mark,5,PROVISIONAL
grc,tlg0011.tlg005.perseus-grc2.tb.xml,DET,advmod,DET,advmod,1,PROVISIONAL
grc,tlg0011.tlg005.perseus-grc2.tb.xml,DET,det,DET,det,165,PROVISIONAL
grc,tlg0011.tlg005.perseus-grc2.tb.xml,INTJ,discourse,INTJ,discourse,45,PROVISIONAL
grc,tlg0011.tlg005.perseus-grc2.tb.xml,INTJ,vocative,INTJ,vocative,6,PROVISIONAL
grc,tlg0011.tlg005.perseus-grc2.tb.xml,NOUN,advcl,NOUN,advcl,4,PROVISIONAL
grc,tlg0011.tlg005.perseus-grc2.tb.xml,NOUN,appos,NOUN,appos,5,PROVISIONAL
grc,tlg0011.tlg005.perseus-grc2.tb.xml,NOUN,case,NOUN,case,2,PROVISIONAL
grc,tlg0011.tlg005.perseus-grc2.tb.xml,NOUN,conj,NOUN,conj,21,PROVISIONAL
grc,tlg0011.tlg005.perseus-grc2.tb.xml,NOUN,iobj,NOUN,iobj,15,PROVISIONAL
grc,tlg0011.tlg005.perseus-grc2.tb.xml,NOUN,nmod,NOUN,nmod,102,PROVISIONAL
grc,tlg0011.tlg005.perseus-grc2.tb.xml,NOUN,nsubj,NOUN,nsubj,104,PROVISIONAL
grc,tlg0011.tlg005.perseus-grc2.tb.xml,NOUN,obj,NOUN,obj,202,PROVISIONAL
grc,tlg0011.tlg005.perseus-grc2.tb.xml,NOUN,obl,NOUN,obl,146,PROVISIONAL
grc,tlg0011.tlg005.perseus-grc2.tb.xml,NOUN,root,NOUN,root,6,PROVISIONAL
grc,tlg0011.tlg005.perseus-grc2.tb.xml,NOUN,vocative,NOUN,vocative,46,PROVISIONAL
grc,tlg0011.tlg005.perseus-grc2.tb.xml,NOUN,xcomp,NOUN,xcomp,19,PROVISIONAL
grc,tlg0011.tlg005.perseus-grc2.tb.xml,NUM,obj,NUM,obj,1,PROVISIONAL
grc,tlg0011.tlg005.perseus-grc2.tb.xml,NUM,obl,NUM,obl,1,PROVISIONAL
grc,tlg0011.tlg005.perseus-grc2.tb.xml,PART,advmod,PART,advmod,409,PROVISIONAL
grc,tlg0011.tlg005.perseus-grc2.tb.xml,PART,cc,PART,cc,71,PROVISIONAL
grc,tlg0011.tlg005.perseus-grc2.tb.xml,PART,obj,PART,obj,1,PROVISIONAL
grc,tlg0011.tlg005.perseus-grc2.tb.xml,PART,vocative,PART,vocative,1,PROVISIONAL
grc,tlg0011.tlg005.perseus-grc2.tb.xml,PRON,acl,PRON,acl,1,PROVISIONAL
grc,tlg0011.tlg005.perseus-grc2.tb.xml,PRON,appos,PRON,appos,1,PROVISIONAL
grc,tlg0011.tlg005.perseus-grc2.tb.xml,PRON,conj,PRON,conj,5,PROVISIONAL
grc,tlg0011.tlg005.perseus-grc2.tb.xml,PRON,iobj,PRON,iobj,33,PROVISIONAL
grc,tlg0011.tlg005.perseus-grc2.tb.xml,PRON,nmod,PRON,nmod,77,PROVISIONAL
grc,tlg0011.tlg005.perseus-grc2.tb.xml,PRON,nsubj,PRON,nsubj,99,PROVISIONAL
grc,tlg0011.tlg005.perseus-grc2.tb.xml,PRON,obj,PRON,obj,169,PROVISIONAL
grc,tlg0011.tlg005.perseus-grc2.tb.xml,PRON,obl,PRON,obl,66,PROVISIONAL
grc,tlg0011.tlg005.perseus-grc2.tb.xml,PRON,root,PRON,root,4,PROVISIONAL
grc,tlg0011.tlg005.perseus-grc2.tb.xml,PRON,vocative,PRON,vocative,4,PROVISIONAL
grc,tlg0011.tlg005.perseus-grc2.tb.xml,PRON,xcomp,PRON,xcomp,3,PROVISIONAL
grc,tlg0011.tlg005.perseus-grc2.tb.xml,PUNCT,punct,PUNCT,punct,854,PROVISIONAL
grc,tlg0011.tlg005.perseus-grc2.tb.xml,SCONJ,case,SCONJ,case,1,PROVISIONAL
grc,tlg0011.tlg005.perseus-grc2.tb.xml,SCONJ,mark,SCONJ,mark,102,PROVISIONAL
grc,tlg0011.tlg005.perseus-grc2.tb.xml,VERB,acl,VERB,acl,43,PROVISIONAL
grc,tlg0011.tlg005.perseus-grc2.tb.xml,VERB,advcl,VERB,advcl,231,PROVISIONAL
grc,tlg0011.tlg005.perseus-grc2.tb.xml,VERB,appos,VERB,appos,6,PROVISIONAL
grc,tlg0011.tlg005.perseus-grc2.tb.xml,VERB,ccomp,VERB,ccomp,42,PROVISIONAL
grc,tlg0011.tlg005.perseus-grc2.tb.xml,VERB,conj,VERB,conj,63,PROVISIONAL
grc,tlg0011.tlg005.perseus-grc2.tb.xml,VERB,csubj,VERB,csubj,23,PROVISIONAL
grc,tlg0011.tlg005.perseus-grc2.tb.xml,VERB,nmod,VERB,nmod,33,PROVISIONAL
grc,tlg0011.tlg005.perseus-grc2.tb.xml,VERB,nsubj,VERB,nsubj,7,PROVISIONAL
grc,tlg0011.tlg005.perseus-grc2.tb.xml,VERB,parataxis,VERB,parataxis,9,PROVISIONAL
grc,tlg0011.tlg005.perseus-grc2.tb.xml,VERB,root,VERB,root,494,PROVISIONAL
grc,tlg0011.tlg005.perseus-grc2.tb.xml,VERB,vocative,VERB,vocative,1,PROVISIONAL
grc,tlg0011.tlg005.perseus-grc2.tb.xml,VERB,xcomp,VERB,xcomp,117,PROVISIONAL
grc,tlg0012.tlg001.perseus-grc1.tb.xml,ADJ,advcl,ADJ,advcl,62,PROVISIONAL
grc,tlg0012.tlg001.perseus-grc1.tb.xml,ADJ,advmod,ADJ,advmod,682,PROVISIONAL
grc,tlg0012.tlg001.perseus-grc1.tb.xml,ADJ,amod,ADJ,amod,416,PROVISIONAL
grc,tlg0012.tlg001.perseus-grc1.tb.xml,ADJ,appos,ADJ,appos,5,PROVISIONAL
grc,tlg0012.tlg001.perseus-grc1.tb.xml,ADJ,conj,ADJ,conj,181,PROVISIONAL
grc,tlg0012.tlg001.perseus-grc1.tb.xml,ADJ,iobj,ADJ,iobj,52,PROVISIONAL
grc,tlg0012.tlg001.perseus-grc1.tb.xml,ADJ,nmod,ADJ,nmod,5652,PROVISIONAL
grc,tlg0012.tlg001.perseus-grc1.tb.xml,ADJ,nsubj,ADJ,nsubj,385,PROVISIONAL
grc,tlg0012.tlg001.perseus-grc1.tb.xml,ADJ,obj,ADJ,obj,568,PROVISIONAL
grc,tlg0012.tlg001.perseus-grc1.tb.xml,ADJ,obl,ADJ,obl,257,PROVISIONAL
grc,tlg0012.tlg001.perseus-grc1.tb.xml,ADJ,root,ADJ,root,115,PROVISIONAL
grc,tlg0012.tlg001.perseus-grc1.tb.xml,ADJ,vocative,ADJ,vocative,78,PROVISIONAL
grc,tlg0012.tlg001.perseus-grc1.tb.xml,ADJ,xcomp,ADJ,xcomp,883,PROVISIONAL
grc,tlg0012.tlg001.perseus-grc1.tb.xml,ADP,case,ADP,case,3846,PROVISIONAL
grc,tlg0012.tlg001.perseus-grc1.tb.xml,ADP,mark,ADP,mark,2,PROVISIONAL
grc,tlg0012.tlg001.perseus-grc1.tb.xml,ADP,obj,ADP,obj,2,PROVISIONAL
grc,tlg0012.tlg001.perseus-grc1.tb.xml,ADV,acl,ADV,acl,1,PROVISIONAL
grc,tlg0012.tlg001.perseus-grc1.tb.xml,ADV,advcl,ADV,advcl,2,PROVISIONAL
grc,tlg0012.tlg001.perseus-grc1.tb.xml,ADV,advmod,ADV,advmod,5905,PROVISIONAL
grc,tlg0012.tlg001.perseus-grc1.tb.xml,ADV,case,ADV,case,21,PROVISIONAL
grc,tlg0012.tlg001.perseus-grc1.tb.xml,ADV,cc,ADV,cc,18,PROVISIONAL
grc,tlg0012.tlg001.perseus-grc1.tb.xml,ADV,conj,ADV,conj,23,PROVISIONAL
grc,tlg0012.tlg001.perseus-grc1.tb.xml,ADV,mark,ADV,mark,12,PROVISIONAL
grc,tlg0012.tlg001.perseus-grc1.tb.xml,ADV,nmod,ADV,nmod,21,PROVISIONAL
grc,tlg0012.tlg001.perseus-grc1.tb.xml,ADV,obj,ADV,obj,270,PROVISIONAL
grc,tlg0012.tlg001.perseus-grc1.tb.xml,ADV,obl,ADV,obl,6,PROVISIONAL
grc,tlg0012.tlg001.perseus-grc1.tb.xml,ADV,root,ADV,root,6,PROVISIONAL
grc,tlg0012.tlg001.perseus-grc1.tb.xml,ADV,xcomp,ADV,xcomp,4,PROVISIONAL
grc,tlg0012.tlg001.perseus-grc1.tb.xml,AUX,cop,AUX,cop,500,PROVISIONAL
grc,tlg0012.tlg001.perseus-grc1.tb.xml,CCONJ,advmod,CCONJ,advmod,322,PROVISIONAL
grc,tlg0012.tlg001.perseus-grc1.tb.xml,CCONJ,cc,CCONJ,cc,1427,PROVISIONAL
grc,tlg0012.tlg001.perseus-grc1.tb.xml,CCONJ,mark,CCONJ,mark,248,PROVISIONAL
grc,tlg0012.tlg001.perseus-grc1.tb.xml,DET,advmod,DET,advmod,1,PROVISIONAL
grc,tlg0012.tlg001.perseus-grc1.tb.xml,DET,det,DET,det,327,PROVISIONAL
grc,tlg0012.tlg001.perseus-grc1.tb.xml,INTJ,discourse,INTJ,discourse,102,PROVISIONAL
grc,tlg0012.tlg001.perseus-grc1.tb.xml,INTJ,vocative,INTJ,vocative,11,PROVISIONAL
grc,tlg0012.tlg001.perseus-grc1.tb.xml,NOUN,acl,NOUN,acl,20,PROVISIONAL
grc,tlg0012.tlg001.perseus-grc1.tb.xml,NOUN,advcl,NOUN,advcl,23,PROVISIONAL
grc,tlg0012.tlg001.perseus-grc1.tb.xml,NOUN,appos,NOUN,appos,34,PROVISIONAL
grc,tlg0012.tlg001.perseus-grc1.tb.xml,NOUN,case,NOUN,case,1,PROVISIONAL
grc,tlg0012.tlg001.perseus-grc1.tb.xml,NOUN,conj,NOUN,conj,1069,PROVISIONAL
grc,tlg0012.tlg001.perseus-grc1.tb.xml,NOUN,iobj,NOUN,iobj,324,PROVISIONAL
grc,tlg0012.tlg001.perseus-grc1.tb.xml,NOUN,nmod,NOUN,nmod,2547,PROVISIONAL
grc,tlg0012.tlg001.perseus-grc1.tb.xml,NOUN,nsubj,NOUN,nsubj,3625,PROVISIONAL
grc,tlg0012.tlg001.perseus-grc1.tb.xml,NOUN,obj,NOUN,obj,5127,PROVISIONAL
grc,tlg0012.tlg001.perseus-grc1.tb.xml,NOUN,obl,NOUN,obl,3766,PROVISIONAL
grc,tlg0012.tlg001.perseus-grc1.tb.xml,NOUN,root,NOUN,root,47,PROVISIONAL
grc,tlg0012.tlg001.perseus-grc1.tb.xml,NOUN,vocative,NOUN,vocative,355,PROVISIONAL
grc,tlg0012.tlg001.perseus-grc1.tb.xml,NOUN,xcomp,NOUN,xcomp,116,PROVISIONAL
grc,tlg0012.tlg001.perseus-grc1.tb.xml,NUM,advcl,NUM,advcl,1,PROVISIONAL
grc,tlg0012.tlg001.perseus-grc1.tb.xml,NUM,conj,NUM,conj,3,PROVISIONAL
grc,tlg0012.tlg001.perseus-grc1.tb.xml,NUM,nsubj,NUM,nsubj,2,PROVISIONAL
grc,tlg0012.tlg001.perseus-grc1.tb.xml,NUM,nummod,NUM,nummod,97,PROVISIONAL
grc,tlg0012.tlg001.perseus-grc1.tb.xml,NUM,obj,NUM,obj,2,PROVISIONAL
grc,tlg0012.tlg001.perseus-grc1.tb.xml,NUM,obl,NUM,obl,1,PROVISIONAL
grc,tlg0012.tlg001.perseus-grc1.tb.xml,NUM,root,NUM,root,1,PROVISIONAL
grc,tlg0012.tlg001.perseus-grc1.tb.xml,NUM,xcomp,NUM,xcomp,1,PROVISIONAL
grc,tlg0012.tlg001.perseus-grc1.tb.xml,PART,advmod,PART,advmod,6024,PROVISIONAL
grc,tlg0012.tlg001.perseus-grc1.tb.xml,PART,case,PART,case,1,PROVISIONAL
grc,tlg0012.tlg001.perseus-grc1.tb.xml,PART,cc,PART,cc,3849,PROVISIONAL
grc,tlg0012.tlg001.perseus-grc1.tb.xml,PART,mark,PART,mark,9,PROVISIONAL
grc,tlg0012.tlg001.perseus-grc1.tb.xml,PART,obj,PART,obj,1,PROVISIONAL
grc,tlg0012.tlg001.perseus-grc1.tb.xml,PRON,acl,PRON,acl,1,PROVISIONAL
grc,tlg0012.tlg001.perseus-grc1.tb.xml,PRON,advcl,PRON,advcl,1,PROVISIONAL
grc,tlg0012.tlg001.perseus-grc1.tb.xml,PRON,appos,PRON,appos,5,PROVISIONAL
grc,tlg0012.tlg001.perseus-grc1.tb.xml,PRON,conj,PRON,conj,20,PROVISIONAL
grc,tlg0012.tlg001.perseus-grc1.tb.xml,PRON,iobj,PRON,iobj,295,PROVISIONAL
grc,tlg0012.tlg001.perseus-grc1.tb.xml,PRON,nmod,PRON,nmod,471,PROVISIONAL
grc,tlg0012.tlg001.perseus-grc1.tb.xml,PRON,nsubj,PRON,nsubj,1838,PROVISIONAL
grc,tlg0012.tlg001.perseus-grc1.tb.xml,PRON,obj,PRON,obj,1770,PROVISIONAL
grc,tlg0012.tlg001.perseus-grc1.tb.xml,PRON,obl,PRON,obl,740,PROVISIONAL
grc,tlg0012.tlg001.perseus-grc1.tb.xml,PRON,root,PRON,root,8,PROVISIONAL
grc,tlg0012.tlg001.perseus-grc1.tb.xml,PRON,vocative,PRON,vocative,4,PROVISIONAL
grc,tlg0012.tlg001.perseus-grc1.tb.xml,PRON,xcomp,PRON,xcomp,3,PROVISIONAL
grc,tlg0012.tlg001.perseus-grc1.tb.xml,PUNCT,punct,PUNCT,punct,9991,PROVISIONAL
grc,tlg0012.tlg001.perseus-grc1.tb.xml,SCONJ,cc,SCONJ,cc,1,PROVISIONAL
grc,tlg0012.tlg001.perseus-grc1.tb.xml,SCONJ,mark,SCONJ,mark,695,PROVISIONAL
grc,tlg0012.tlg001.perseus-grc1.tb.xml,VERB,acl,VERB,acl,617,PROVISIONAL
grc,tlg0012.tlg001.perseus-grc1.tb.xml,VERB,advcl,VERB,advcl,3615,PROVISIONAL
grc,tlg0012.tlg001.perseus-grc1.tb.xml,VERB,appos,VERB,appos,18,PROVISIONAL
grc,tlg0012.tlg001.perseus-grc1.tb.xml,VERB,ccomp,VERB,ccomp,303,PROVISIONAL
grc,tlg0012.tlg001.perseus-grc1.tb.xml,VERB,conj,VERB,conj,2797,PROVISIONAL
grc,tlg0012.tlg001.perseus-grc1.tb.xml,VERB,csubj,VERB,csubj,59,PROVISIONAL
grc,tlg0012.tlg001.perseus-grc1.tb.xml,VERB,nmod,VERB,nmod,294,PROVISIONAL
grc,tlg0012.tlg001.perseus-grc1.tb.xml,VERB,nsubj,VERB,nsubj,1,PROVISIONAL
grc,tlg0012.tlg001.perseus-grc1.tb.xml,VERB,obl,VERB,obl,2,PROVISIONAL
grc,tlg0012.tlg001.perseus-grc1.tb.xml,VERB,parataxis,VERB,parataxis,18,PROVISIONAL
grc,tlg0012.tlg001.perseus-grc1.tb.xml,VERB,root,VERB,root,5823,PROVISIONAL
grc,tlg0012.tlg001.perseus-grc1.tb.xml,VERB,vocative,VERB,vocative,6,PROVISIONAL
grc,tlg0012.tlg001.perseus-grc1.tb.xml,VERB,xcomp,VERB,xcomp,1019,PROVISIONAL
grc,tlg0012.tlg001.perseus-grc1.tb.xml,X,nmod,X,nmod,6,PROVISIONAL
grc,tlg0012.tlg001.perseus-grc1.tb.xml,X,nsubj,X,nsubj,3,PROVISIONAL
grc,tlg0012.tlg001.perseus-grc1.tb.xml,X,obj,X,obj,3,PROVISIONAL
grc,tlg0012.tlg001.perseus-grc1.tb.xml,X,root,X,root,3,PROVISIONAL
grc,tlg0012.tlg001.perseus-grc1.tb.xml,X,vocative,X,vocative,1,PROVISIONAL
grc,tlg0013.tlg002.perseus-grc1.tb.xml,ADJ,advmod,ADJ,advmod,13,PROVISIONAL
grc,tlg0013.tlg002.perseus-grc1.tb.xml,ADJ,amod,ADJ,amod,17,PROVISIONAL
grc,tlg0013.tlg002.perseus-grc1.tb.xml,ADJ,appos,ADJ,appos,1,PROVISIONAL
grc,tlg0013.tlg002.perseus-grc1.tb.xml,ADJ,conj,ADJ,conj,11,PROVISIONAL
grc,tlg0013.tlg002.perseus-grc1.tb.xml,ADJ,iobj,ADJ,iobj,1,PROVISIONAL
grc,tlg0013.tlg002.perseus-grc1.tb.xml,ADJ,nmod,ADJ,nmod,205,PROVISIONAL
grc,tlg0013.tlg002.perseus-grc1.tb.xml,ADJ,nsubj,ADJ,nsubj,9,PROVISIONAL
grc,tlg0013.tlg002.perseus-grc1.tb.xml,ADJ,obj,ADJ,obj,13,PROVISIONAL
grc,tlg0013.tlg002.perseus-grc1.tb.xml,ADJ,obl,ADJ,obl,5,PROVISIONAL
grc,tlg0013.tlg002.perseus-grc1.tb.xml,ADJ,root,ADJ,root,2,PROVISIONAL
grc,tlg0013.tlg002.perseus-grc1.tb.xml,ADJ,vocative,ADJ,vocative,1,PROVISIONAL
grc,tlg0013.tlg002.perseus-grc1.tb.xml,ADJ,xcomp,ADJ,xcomp,5,PROVISIONAL
grc,tlg0013.tlg002.perseus-grc1.tb.xml,ADP,case,ADP,case,82,PROVISIONAL
grc,tlg0013.tlg002.perseus-grc1.tb.xml,ADV,advmod,ADV,advmod,194,PROVISIONAL
grc,tlg0013.tlg002.perseus-grc1.tb.xml,ADV,conj,ADV,conj,1,PROVISIONAL
grc,tlg0013.tlg002.perseus-grc1.tb.xml,ADV,nmod,ADV,nmod,1,PROVISIONAL
grc,tlg0013.tlg002.perseus-grc1.tb.xml,AUX,cop,AUX,cop,11,PROVISIONAL
grc,tlg0013.tlg002.perseus-grc1.tb.xml,CCONJ,advmod,CCONJ,advmod,32,PROVISIONAL
grc,tlg0013.tlg002.perseus-grc1.tb.xml,CCONJ,cc,CCONJ,cc,173,PROVISIONAL
grc,tlg0013.tlg002.perseus-grc1.tb.xml,CCONJ,mark,CCONJ,mark,6,PROVISIONAL
grc,tlg0013.tlg002.perseus-grc1.tb.xml,DET,det,DET,det,5,PROVISIONAL
grc,tlg0013.tlg002.perseus-grc1.tb.xml,NOUN,acl,NOUN,acl,1,PROVISIONAL
grc,tlg0013.tlg002.perseus-grc1.tb.xml,NOUN,appos,NOUN,appos,9,PROVISIONAL
grc,tlg0013.tlg002.perseus-grc1.tb.xml,NOUN,conj,NOUN,conj,50,PROVISIONAL
grc,tlg0013.tlg002.perseus-grc1.tb.xml,NOUN,iobj,NOUN,iobj,5,PROVISIONAL
grc,tlg0013.tlg002.perseus-grc1.tb.xml,NOUN,nmod,NOUN,nmod,87,PROVISIONAL
grc,tlg0013.tlg002.perseus-grc1.tb.xml,NOUN,nsubj,NOUN,nsubj,78,PROVISIONAL
grc,tlg0013.tlg002.perseus-grc1.tb.xml,NOUN,obj,NOUN,obj,115,PROVISIONAL
grc,tlg0013.tlg002.perseus-grc1.tb.xml,NOUN,obl,NOUN,obl,124,PROVISIONAL
grc,tlg0013.tlg002.perseus-grc1.tb.xml,NOUN,root,NOUN,root,2,PROVISIONAL
grc,tlg0013.tlg002.perseus-grc1.tb.xml,NOUN,vocative,NOUN,vocative,13,PROVISIONAL
grc,tlg0013.tlg002.perseus-grc1.tb.xml,NOUN,xcomp,NOUN,xcomp,1,PROVISIONAL
grc,tlg0013.tlg002.perseus-grc1.tb.xml,PRON,acl,PRON,acl,1,PROVISIONAL
grc,tlg0013.tlg002.perseus-grc1.tb.xml,PRON,appos,PRON,appos,1,PROVISIONAL
grc,tlg0013.tlg002.perseus-grc1.tb.xml,PRON,conj,PRON,conj,3,PROVISIONAL
grc,tlg0013.tlg002.perseus-grc1.tb.xml,PRON,iobj,PRON,iobj,5,PROVISIONAL
grc,tlg0013.tlg002.perseus-grc1.tb.xml,PRON,nmod,PRON,nmod,19,PROVISIONAL
grc,tlg0013.tlg002.perseus-grc1.tb.xml,PRON,nsubj,PRON,nsubj,48,PROVISIONAL
grc,tlg0013.tlg002.perseus-grc1.tb.xml,PRON,obj,PRON,obj,37,PROVISIONAL
grc,tlg0013.tlg002.perseus-grc1.tb.xml,PRON,obl,PRON,obl,12,PROVISIONAL
grc,tlg0013.tlg002.perseus-grc1.tb.xml,PUNCT,punct,PUNCT,punct,284,PROVISIONAL
grc,tlg0013.tlg002.perseus-grc1.tb.xml,SCONJ,cc,SCONJ,cc,15,PROVISIONAL
grc,tlg0013.tlg002.perseus-grc1.tb.xml,SCONJ,mark,SCONJ,mark,30,PROVISIONAL
grc,tlg0013.tlg002.perseus-grc1.tb.xml,VERB,acl,VERB,acl,9,PROVISIONAL
grc,tlg0013.tlg002.perseus-grc1.tb.xml,VERB,advcl,VERB,advcl,84,PROVISIONAL
grc,tlg0013.tlg002.perseus-grc1.tb.xml,VERB,appos,VERB,appos,1,PROVISIONAL
grc,tlg0013.tlg002.perseus-grc1.tb.xml,VERB,ccomp,VERB,ccomp,6,PROVISIONAL
grc,tlg0013.tlg002.perseus-grc1.tb.xml,VERB,conj,VERB,conj,27,PROVISIONAL
grc,tlg0013.tlg002.perseus-grc1.tb.xml,VERB,nmod,VERB,nmod,21,PROVISIONAL
grc,tlg0013.tlg002.perseus-grc1.tb.xml,VERB,nsubj,VERB,nsubj,4,PROVISIONAL
grc,tlg0013.tlg002.perseus-grc1.tb.xml,VERB,root,VERB,root,162,PROVISIONAL
grc,tlg0013.tlg002.perseus-grc1.tb.xml,VERB,vocative,VERB,vocative,2,PROVISIONAL
grc,tlg0013.tlg002.perseus-grc1.tb.xml,VERB,xcomp,VERB,xcomp,17,PROVISIONAL
grc,tlg0016.tlg001.perseus-grc1.1.tb.xml,ADJ,advcl,ADJ,advcl,30,PROVISIONAL
grc,tlg0016.tlg001.perseus-grc1.1.tb.xml,ADJ,advmod,ADJ,advmod,141,PROVISIONAL
grc,tlg0016.tlg001.perseus-grc1.1.tb.xml,ADJ,amod,ADJ,amod,116,PROVISIONAL
grc,tlg0016.tlg001.perseus-grc1.1.tb.xml,ADJ,appos,ADJ,appos,4,PROVISIONAL
grc,tlg0016.tlg001.perseus-grc1.1.tb.xml,ADJ,conj,ADJ,conj,89,PROVISIONAL
grc,tlg0016.tlg001.perseus-grc1.1.tb.xml,ADJ,iobj,ADJ,iobj,7,PROVISIONAL
grc,tlg0016.tlg001.perseus-grc1.1.tb.xml,ADJ,nmod,ADJ,nmod,825,PROVISIONAL
grc,tlg0016.tlg001.perseus-grc1.1.tb.xml,ADJ,nsubj,ADJ,nsubj,99,PROVISIONAL
grc,tlg0016.tlg001.perseus-grc1.1.tb.xml,ADJ,obj,ADJ,obj,154,PROVISIONAL
grc,tlg0016.tlg001.perseus-grc1.1.tb.xml,ADJ,obl,ADJ,obl,49,PROVISIONAL
grc,tlg0016.tlg001.perseus-grc1.1.tb.xml,ADJ,root,ADJ,root,49,PROVISIONAL
grc,tlg0016.tlg001.perseus-grc1.1.tb.xml,ADJ,vocative,ADJ,vocative,1,PROVISIONAL
grc,tlg0016.tlg001.perseus-grc1.1.tb.xml,ADJ,xcomp,ADJ,xcomp,111,PROVISIONAL
grc,tlg0016.tlg001.perseus-grc1.1.tb.xml,ADP,case,ADP,case,1005,PROVISIONAL
grc,tlg0016.tlg001.perseus-grc1.1.tb.xml,ADV,advcl,ADV,advcl,1,PROVISIONAL
grc,tlg0016.tlg001.perseus-grc1.1.tb.xml,ADV,advmod,ADV,advmod,2454,PROVISIONAL
grc,tlg0016.tlg001.perseus-grc1.1.tb.xml,ADV,cc,ADV,cc,1,PROVISIONAL
grc,tlg0016.tlg001.perseus-grc1.1.tb.xml,ADV,conj,ADV,conj,1,PROVISIONAL
grc,tlg0016.tlg001.perseus-grc1.1.tb.xml,ADV,nmod,ADV,nmod,10,PROVISIONAL
grc,tlg0016.tlg001.perseus-grc1.1.tb.xml,ADV,nsubj,ADV,nsubj,2,PROVISIONAL
grc,tlg0016.tlg001.perseus-grc1.1.tb.xml,ADV,obj,ADV,obj,3,PROVISIONAL
grc,tlg0016.tlg001.perseus-grc1.1.tb.xml,ADV,root,ADV,root,7,PROVISIONAL
grc,tlg0016.tlg001.perseus-grc1.1.tb.xml,ADV,xcomp,ADV,xcomp,8,PROVISIONAL
grc,tlg0016.tlg001.perseus-grc1.1.tb.xml,AUX,cop,AUX,cop,368,PROVISIONAL
grc,tlg0016.tlg001.perseus-grc1.1.tb.xml,CCONJ,advmod,CCONJ,advmod,2,PROVISIONAL
grc,tlg0016.tlg001.perseus-grc1.1.tb.xml,CCONJ,cc,CCONJ,cc,714,PROVISIONAL
grc,tlg0016.tlg001.perseus-grc1.1.tb.xml,CCONJ,mark,CCONJ,mark,63,PROVISIONAL
grc,tlg0016.tlg001.perseus-grc1.1.tb.xml,DET,advmod,DET,advmod,6,PROVISIONAL
grc,tlg0016.tlg001.perseus-grc1.1.tb.xml,DET,det,DET,det,2161,PROVISIONAL
grc,tlg0016.tlg001.perseus-grc1.1.tb.xml,INTJ,discourse,INTJ,discourse,31,PROVISIONAL
grc,tlg0016.tlg001.perseus-grc1.1.tb.xml,NOUN,acl,NOUN,acl,24,PROVISIONAL
grc,tlg0016.tlg001.perseus-grc1.1.tb.xml,NOUN,advcl,NOUN,advcl,10,PROVISIONAL
grc,tlg0016.tlg001.perseus-grc1.1.tb.xml,NOUN,appos,NOUN,appos,12,PROVISIONAL
grc,tlg0016.tlg001.perseus-grc1.1.tb.xml,NOUN,conj,NOUN,conj,209,PROVISIONAL
grc,tlg0016.tlg001.perseus-grc1.1.tb.xml,NOUN,iobj,NOUN,iobj,54,PROVISIONAL
grc,tlg0016.tlg001.perseus-grc1.1.tb.xml,NOUN,nmod,NOUN,nmod,598,PROVISIONAL
grc,tlg0016.tlg001.perseus-grc1.1.tb.xml,NOUN,nsubj,NOUN,nsubj,851,PROVISIONAL
grc,tlg0016.tlg001.perseus-grc1.1.tb.xml,NOUN,obj,NOUN,obj,862,PROVISIONAL
grc,tlg0016.tlg001.perseus-grc1.1.tb.xml,NOUN,obl,NOUN,obl,875,PROVISIONAL
grc,tlg0016.tlg001.perseus-grc1.1.tb.xml,NOUN,root,NOUN,root,37,PROVISIONAL
grc,tlg0016.tlg001.perseus-grc1.1.tb.xml,NOUN,vocative,NOUN,vocative,46,PROVISIONAL
grc,tlg0016.tlg001.perseus-grc1.1.tb.xml,NOUN,xcomp,NOUN,xcomp,97,PROVISIONAL
grc,tlg0016.tlg001.perseus-grc1.1.tb.xml,NUM,conj,NUM,conj,5,PROVISIONAL
grc,tlg0016.tlg001.perseus-grc1.1.tb.xml,NUM,nummod,NUM,nummod,40,PROVISIONAL
grc,tlg0016.tlg001.perseus-grc1.1.tb.xml,PRON,acl,PRON,acl,8,PROVISIONAL
grc,tlg0016.tlg001.perseus-grc1.1.tb.xml,PRON,advcl,PRON,advcl,4,PROVISIONAL
grc,tlg0016.tlg001.perseus-grc1.1.tb.xml,PRON,appos,PRON,appos,2,PROVISIONAL
grc,tlg0016.tlg001.perseus-grc1.1.tb.xml,PRON,conj,PRON,conj,21,PROVISIONAL
grc,tlg0016.tlg001.perseus-grc1.1.tb.xml,PRON,iobj,PRON,iobj,98,PROVISIONAL
grc,tlg0016.tlg001.perseus-grc1.1.tb.xml,PRON,nmod,PRON,nmod,156,PROVISIONAL
grc,tlg0016.tlg001.perseus-grc1.1.tb.xml,PRON,nsubj,PRON,nsubj,337,PROVISIONAL
grc,tlg0016.tlg001.perseus-grc1.1.tb.xml,PRON,obj,PRON,obj,524,PROVISIONAL
grc,tlg0016.tlg001.perseus-grc1.1.tb.xml,PRON,obl,PRON,obl,271,PROVISIONAL
grc,tlg0016.tlg001.perseus-grc1.1.tb.xml,PRON,root,PRON,root,10,PROVISIONAL
grc,tlg0016.tlg001.perseus-grc1.1.tb.xml,PRON,xcomp,PRON,xcomp,27,PROVISIONAL
grc,tlg0016.tlg001.perseus-grc1.1.tb.xml,PUNCT,punct,PUNCT,punct,2190,PROVISIONAL
grc,tlg0016.tlg001.perseus-grc1.1.tb.xml,SCONJ,case,SCONJ,case,4,PROVISIONAL
grc,tlg0016.tlg001.perseus-grc1.1.tb.xml,SCONJ,mark,SCONJ,mark,272,PROVISIONAL
grc,tlg0016.tlg001.perseus-grc1.1.tb.xml,VERB,acl,VERB,acl,137,PROVISIONAL
grc,tlg0016.tlg001.perseus-grc1.1.tb.xml,VERB,advcl,VERB,advcl,1069,PROVISIONAL
grc,tlg0016.tlg001.perseus-grc1.1.tb.xml,VERB,appos,VERB,appos,20,PROVISIONAL
grc,tlg0016.tlg001.perseus-grc1.1.tb.xml,VERB,ccomp,VERB,ccomp,231,PROVISIONAL
grc,tlg0016.tlg001.perseus-grc1.1.tb.xml,VERB,conj,VERB,conj,444,PROVISIONAL
grc,tlg0016.tlg001.perseus-grc1.1.tb.xml,VERB,csubj,VERB,csubj,54,PROVISIONAL
grc,tlg0016.tlg001.perseus-grc1.1.tb.xml,VERB,nmod,VERB,nmod,163,PROVISIONAL
grc,tlg0016.tlg001.perseus-grc1.1.tb.xml,VERB,nsubj,VERB,nsubj,30,PROVISIONAL
grc,tlg0016.tlg001.perseus-grc1.1.tb.xml,VERB,obl,VERB,obl,13,PROVISIONAL
grc,tlg0016.tlg001.perseus-grc1.1.tb.xml,VERB,parataxis,VERB,parataxis,2,PROVISIONAL
grc,tlg0016.tlg001.perseus-grc1.1.tb.xml,VERB,root,VERB,root,988,PROVISIONAL
grc,tlg0016.tlg001.perseus-grc1.1.tb.xml,VERB,vocative,VERB,vocative,1,PROVISIONAL
grc,tlg0016.tlg001.perseus-grc1.1.tb.xml,VERB,xcomp,VERB,xcomp,262,PROVISIONAL
grc,tlg0016.tlg001.perseus-grc1.1.tb.xml,X,nmod,X,nmod,3,PROVISIONAL
grc,tlg0016.tlg001.perseus-grc1.1.tb.xml,X,root,X,root,1,PROVISIONAL
grc,tlg0016.tlg001.perseus-grc1.1.tb.xml,X,xcomp,X,xcomp,1,PROVISIONAL
grc,tlg0020.tlg001.perseus-grc1.tb.xml,ADJ,advcl,ADJ,advcl,2,PROVISIONAL
grc,tlg0020.tlg001.perseus-grc1.tb.xml,ADJ,advmod,ADJ,advmod,37,PROVISIONAL
grc,tlg0020.tlg001.perseus-grc1.tb.xml,ADJ,amod,ADJ,amod,40,PROVISIONAL
grc,tlg0020.tlg001.perseus-grc1.tb.xml,ADJ,appos,ADJ,appos,4,PROVISIONAL
grc,tlg0020.tlg001.perseus-grc1.tb.xml,ADJ,conj,ADJ,conj,28,PROVISIONAL
grc,tlg0020.tlg001.perseus-grc1.tb.xml,ADJ,iobj,ADJ,iobj,4,PROVISIONAL
grc,tlg0020.tlg001.perseus-grc1.tb.xml,ADJ,nmod,ADJ,nmod,508,PROVISIONAL
grc,tlg0020.tlg001.perseus-grc1.tb.xml,ADJ,nsubj,ADJ,nsubj,13,PROVISIONAL
grc,tlg0020.tlg001.perseus-grc1.tb.xml,ADJ,obj,ADJ,obj,31,PROVISIONAL
grc,tlg0020.tlg001.perseus-grc1.tb.xml,ADJ,obl,ADJ,obl,16,PROVISIONAL
grc,tlg0020.tlg001.perseus-grc1.tb.xml,ADJ,root,ADJ,root,2,PROVISIONAL
grc,tlg0020.tlg001.perseus-grc1.tb.xml,ADJ,vocative,ADJ,vocative,3,PROVISIONAL
grc,tlg0020.tlg001.perseus-grc1.tb.xml,ADJ,xcomp,ADJ,xcomp,22,PROVISIONAL
grc,tlg0020.tlg001.perseus-grc1.tb.xml,ADP,case,ADP,case,226,PROVISIONAL
grc,tlg0020.tlg001.perseus-grc1.tb.xml,ADV,advmod,ADV,advmod,178,PROVISIONAL
grc,tlg0020.tlg001.perseus-grc1.tb.xml,ADV,case,ADV,case,2,PROVISIONAL
grc,tlg0020.tlg001.perseus-grc1.tb.xml,ADV,conj,ADV,conj,1,PROVISIONAL
grc,tlg0020.tlg001.perseus-grc1.tb.xml,ADV,nmod,ADV,nmod,1,PROVISIONAL
grc,tlg0020.tlg001.perseus-grc1.tb.xml,ADV,obj,ADV,obj,2,PROVISIONAL
grc,tlg0020.tlg001.perseus-grc1.tb.xml,ADV,obl,ADV,obl,1,PROVISIONAL
grc,tlg0020.tlg001.perseus-grc1.tb.xml,AUX,cop,AUX,cop,17,PROVISIONAL
grc,tlg0020.tlg001.perseus-grc1.tb.xml,CCONJ,advmod,CCONJ,advmod,56,PROVISIONAL
grc,tlg0020.tlg001.perseus-grc1.tb.xml,CCONJ,cc,CCONJ,cc,102,PROVISIONAL
grc,tlg0020.tlg001.perseus-grc1.tb.xml,CCONJ,mark,CCONJ,mark,6,PROVISIONAL
grc,tlg0020.tlg001.perseus-grc1.tb.xml,DET,det,DET,det,15,PROVISIONAL
grc,tlg0020.tlg001.perseus-grc1.tb.xml,INTJ,discourse,INTJ,discourse,2,PROVISIONAL
grc,tlg0020.tlg001.perseus-grc1.tb.xml,NOUN,advcl,NOUN,advcl,1,PROVISIONAL
grc,tlg0020.tlg001.perseus-grc1.tb.xml,NOUN,appos,NOUN,appos,64,PROVISIONAL
grc,tlg0020.tlg001.perseus-grc1.tb.xml,NOUN,conj,NOUN,conj,274,PROVISIONAL
grc,tlg0020.tlg001.perseus-grc1.tb.xml,NOUN,iobj,NOUN,iobj,17,PROVISIONAL
grc,tlg0020.tlg001.perseus-grc1.tb.xml,NOUN,nmod,NOUN,nmod,213,PROVISIONAL
grc,tlg0020.tlg001.perseus-grc1.tb.xml,NOUN,nsubj,NOUN,nsubj,198,PROVISIONAL
grc,tlg0020.tlg001.perseus-grc1.tb.xml,NOUN,obj,NOUN,obj,280,PROVISIONAL
grc,tlg0020.tlg001.perseus-grc1.tb.xml,NOUN,obl,NOUN,obl,245,PROVISIONAL
grc,tlg0020.tlg001.perseus-grc1.tb.xml,NOUN,root,NOUN,root,6,PROVISIONAL
grc,tlg0020.tlg001.perseus-grc1.tb.xml,NOUN,vocative,NOUN,vocative,8,PROVISIONAL
grc,tlg0020.tlg001.perseus-grc1.tb.xml,NOUN,xcomp,NOUN,xcomp,9,PROVISIONAL
grc,tlg0020.tlg001.perseus-grc1.tb.xml,NUM,nummod,NUM,nummod,12,PROVISIONAL
grc,tlg0020.tlg001.perseus-grc1.tb.xml,PART,advmod,PART,advmod,362,PROVISIONAL
grc,tlg0020.tlg001.perseus-grc1.tb.xml,PART,cc,PART,cc,228,PROVISIONAL
grc,tlg0020.tlg001.perseus-grc1.tb.xml,PRON,iobj,PRON,iobj,19,PROVISIONAL
grc,tlg0020.tlg001.perseus-grc1.tb.xml,PRON,nmod,PRON,nmod,22,PROVISIONAL
grc,tlg0020.tlg001.perseus-grc1.tb.xml,PRON,nsubj,PRON,nsubj,69,PROVISIONAL
grc,tlg0020.tlg001.perseus-grc1.tb.xml,PRON,obj,PRON,obj,59,PROVISIONAL
grc,tlg0020.tlg001.perseus-grc1.tb.xml,PRON,obl,PRON,obl,15,PROVISIONAL
grc,tlg0020.tlg001.perseus-grc1.tb.xml,PUNCT,punct,PUNCT,punct,574,PROVISIONAL
grc,tlg0020.tlg001.perseus-grc1.tb.xml,SCONJ,mark,SCONJ,mark,21,PROVISIONAL
grc,tlg0020.tlg001.perseus-grc1.tb.xml,VERB,acl,VERB,acl,47,PROVISIONAL
grc,tlg0020.tlg001.perseus-grc1.tb.xml,VERB,advcl,VERB,advcl,153,PROVISIONAL
grc,tlg0020.tlg001.perseus-grc1.tb.xml,VERB,appos,VERB,appos,2,PROVISIONAL
grc,tlg0020.tlg001.perseus-grc1.tb.xml,VERB,ccomp,VERB,ccomp,4,PROVISIONAL
grc,tlg0020.tlg001.perseus-grc1.tb.xml,VERB,conj,VERB,conj,71,PROVISIONAL
grc,tlg0020.tlg001.perseus-grc1.tb.xml,VERB,csubj,VERB,csubj,4,PROVISIONAL
grc,tlg0020.tlg001.perseus-grc1.tb.xml,VERB,nmod,VERB,nmod,30,PROVISIONAL
grc,tlg0020.tlg001.perseus-grc1.tb.xml,VERB,obl,VERB,obl,1,PROVISIONAL
grc,tlg0020.tlg001.perseus-grc1.tb.xml,VERB,parataxis,VERB,parataxis,2,PROVISIONAL
grc,tlg0020.tlg001.perseus-grc1.tb.xml,VERB,root,VERB,root,265,PROVISIONAL
grc,tlg0020.tlg001.perseus-grc1.tb.xml,VERB,xcomp,VERB,xcomp,16,PROVISIONAL
grc,tlg0020.tlg002.perseus-grc1.tb.xml,ADJ,advcl,ADJ,advcl,5,PROVISIONAL
grc,tlg0020.tlg002.perseus-grc1.tb.xml,ADJ,advmod,ADJ,advmod,39,PROVISIONAL
grc,tlg0020.tlg002.perseus-grc1.tb.xml,ADJ,amod,ADJ,amod,18,PROVISIONAL
grc,tlg0020.tlg002.perseus-grc1.tb.xml,ADJ,conj,ADJ,conj,18,PROVISIONAL
grc,tlg0020.tlg002.perseus-grc1.tb.xml,ADJ,iobj,ADJ,iobj,1,PROVISIONAL
grc,tlg0020.tlg002.perseus-grc1.tb.xml,ADJ,nmod,ADJ,nmod,267,PROVISIONAL
grc,tlg0020.tlg002.perseus-grc1.tb.xml,ADJ,nsubj,ADJ,nsubj,24,PROVISIONAL
grc,tlg0020.tlg002.perseus-grc1.tb.xml,ADJ,obj,ADJ,obj,46,PROVISIONAL
grc,tlg0020.tlg002.perseus-grc1.tb.xml,ADJ,obl,ADJ,obl,9,PROVISIONAL
grc,tlg0020.tlg002.perseus-grc1.tb.xml,ADJ,root,ADJ,root,11,PROVISIONAL
grc,tlg0020.tlg002.perseus-grc1.tb.xml,ADJ,vocative,ADJ,vocative,2,PROVISIONAL
grc,tlg0020.tlg002.perseus-grc1.tb.xml,ADJ,xcomp,ADJ,xcomp,52,PROVISIONAL
grc,tlg0020.tlg002.perseus-grc1.tb.xml,ADP,case,ADP,case,167,PROVISIONAL
grc,tlg0020.tlg002.perseus-grc1.tb.xml,ADP,mark,ADP,mark,1,PROVISIONAL
grc,tlg0020.tlg002.perseus-grc1.tb.xml,ADV,advmod,ADV,advmod,233,PROVISIONAL
grc,tlg0020.tlg002.perseus-grc1.tb.xml,ADV,case,ADV,case,2,PROVISIONAL
grc,tlg0020.tlg002.perseus-grc1.tb.xml,ADV,cc,ADV,cc,3,PROVISIONAL
grc,tlg0020.tlg002.perseus-grc1.tb.xml,ADV,conj,ADV,conj,2,PROVISIONAL
grc,tlg0020.tlg002.perseus-grc1.tb.xml,ADV,mark,ADV,mark,3,PROVISIONAL
grc,tlg0020.tlg002.perseus-grc1.tb.xml,ADV,nmod,ADV,nmod,2,PROVISIONAL
grc,tlg0020.tlg002.perseus-grc1.tb.xml,ADV,obj,ADV,obj,10,PROVISIONAL
grc,tlg0020.tlg002.perseus-grc1.tb.xml,ADV,obl,ADV,obl,1,PROVISIONAL
grc,tlg0020.tlg002.perseus-grc1.tb.xml,AUX,cop,AUX,cop,31,PROVISIONAL
grc,tlg0020.tlg002.perseus-grc1.tb.xml,CCONJ,advmod,CCONJ,advmod,16,PROVISIONAL
grc,tlg0020.tlg002.perseus-grc1.tb.xml,CCONJ,cc,CCONJ,cc,62,PROVISIONAL
grc,tlg0020.tlg002.perseus-grc1.tb.xml,CCONJ,mark,CCONJ,mark,9,PROVISIONAL
grc,tlg0020.tlg002.perseus-grc1.tb.xml,DET,det,DET,det,22,PROVISIONAL
grc,tlg0020.tlg002.perseus-grc1.tb.xml,INTJ,discourse,INTJ,discourse,1,PROVISIONAL
grc,tlg0020.tlg002.perseus-grc1.tb.xml,NOUN,acl,NOUN,acl,1,PROVISIONAL
grc,tlg0020.tlg002.perseus-grc1.tb.xml,NOUN,appos,NOUN,appos,11,PROVISIONAL
grc,tlg0020.tlg002.perseus-grc1.tb.xml,NOUN,conj,NOUN,conj,57,PROVISIONAL
grc,tlg0020.tlg002.perseus-grc1.tb.xml,NOUN,iobj,NOUN,iobj,18,PROVISIONAL
grc,tlg0020.tlg002.perseus-grc1.tb.xml,NOUN,nmod,NOUN,nmod,113,PROVISIONAL
grc,tlg0020.tlg002.perseus-grc1.tb.xml,NOUN,nsubj,NOUN,nsubj,144,PROVISIONAL
grc,tlg0020.tlg002.perseus-grc1.tb.xml,NOUN,obj,NOUN,obj,264,PROVISIONAL
grc,tlg0020.tlg002.perseus-grc1.tb.xml,NOUN,obl,NOUN,obl,175,PROVISIONAL
grc,tlg0020.tlg002.perseus-grc1.tb.xml,NOUN,root,NOUN,root,3,PROVISIONAL
grc,tlg0020.tlg002.perseus-grc1.tb.xml,NOUN,vocative,NOUN,vocative,6,PROVISIONAL
grc,tlg0020.tlg002.perseus-grc1.tb.xml,NOUN,xcomp,NOUN,xcomp,9,PROVISIONAL
grc,tlg0020.tlg002.perseus-grc1.tb.xml,NUM,nummod,NUM,nummod,5,PROVISIONAL
grc,tlg0020.tlg002.perseus-grc1.tb.xml,PART,advmod,PART,advmod,295,PROVISIONAL
grc,tlg0020.tlg002.perseus-grc1.tb.xml,PART,cc,PART,cc,201,PROVISIONAL
grc,tlg0020.tlg002.perseus-grc1.tb.xml,PRON,appos,PRON,appos,1,PROVISIONAL
grc,tlg0020.tlg002.perseus-grc1.tb.xml,PRON,conj,PRON,conj,1,PROVISIONAL
grc,tlg0020.tlg002.perseus-grc1.tb.xml,PRON,iobj,PRON,iobj,7,PROVISIONAL
grc,tlg0020.tlg002.perseus-grc1.tb.xml,PRON,nmod,PRON,nmod,13,PROVISIONAL
grc,tlg0020.tlg002.perseus-grc1.tb.xml,PRON,nsubj,PRON,nsubj,64,PROVISIONAL
grc,tlg0020.tlg002.perseus-grc1.tb.xml,PRON,obj,PRON,obj,62,PROVISIONAL
grc,tlg0020.tlg002.perseus-grc1.tb.xml,PRON,obl,PRON,obl,25,PROVISIONAL
grc,tlg0020.tlg002.perseus-grc1.tb.xml,PUNCT,punct,PUNCT,punct,527,PROVISIONAL
grc,tlg0020.tlg002.perseus-grc1.tb.xml,SCONJ,mark,SCONJ,mark,34,PROVISIONAL
grc,tlg0020.tlg002.perseus-grc1.tb.xml,VERB,acl,VERB,acl,30,PROVISIONAL
grc,tlg0020.tlg002.perseus-grc1.tb.xml,VERB,advcl,VERB,advcl,183,PROVISIONAL
grc,tlg0020.tlg002.perseus-grc1.tb.xml,VERB,appos,VERB,appos,1,PROVISIONAL
grc,tlg0020.tlg002.perseus-grc1.tb.xml,VERB,ccomp,VERB,ccomp,8,PROVISIONAL
grc,tlg0020.tlg002.perseus-grc1.tb.xml,VERB,conj,VERB,conj,79,PROVISIONAL
grc,tlg0020.tlg002.perseus-grc1.tb.xml,VERB,csubj,VERB,csubj,5,PROVISIONAL
grc,tlg0020.tlg002.perseus-grc1.tb.xml,VERB,nmod,VERB,nmod,24,PROVISIONAL
grc,tlg0020.tlg002.perseus-grc1.tb.xml,VERB,nsubj,VERB,nsubj,2,PROVISIONAL
grc,tlg0020.tlg002.perseus-grc1.tb.xml,VERB,parataxis,VERB,parataxis,2,PROVISIONAL
grc,tlg0020.tlg002.perseus-grc1.tb.xml,VERB,root,VERB,root,269,PROVISIONAL
grc,tlg0020.tlg002.perseus-grc1.tb.xml,VERB,xcomp,VERB,xcomp,29,PROVISIONAL
grc,tlg0020.tlg003.perseus-grc1.tb.xml,ADJ,advcl,ADJ,advcl,1,PROVISIONAL
grc,tlg0020.tlg003.perseus-grc1.tb.xml,ADJ,advmod,ADJ,advmod,34,PROVISIONAL
grc,tlg0020.tlg003.perseus-grc1.tb.xml,ADJ,amod,ADJ,amod,25,PROVISIONAL
grc,tlg0020.tlg003.perseus-grc1.tb.xml,ADJ,conj,ADJ,conj,11,PROVISIONAL
grc,tlg0020.tlg003.perseus-grc1.tb.xml,ADJ,iobj,ADJ,iobj,1,PROVISIONAL
grc,tlg0020.tlg003.perseus-grc1.tb.xml,ADJ,nmod,ADJ,nmod,209,PROVISIONAL
grc,tlg0020.tlg003.perseus-grc1.tb.xml,ADJ,nsubj,ADJ,nsubj,10,PROVISIONAL
grc,tlg0020.tlg003.perseus-grc1.tb.xml,ADJ,obj,ADJ,obj,6,PROVISIONAL
grc,tlg0020.tlg003.perseus-grc1.tb.xml,ADJ,obl,ADJ,obl,12,PROVISIONAL
grc,tlg0020.tlg003.perseus-grc1.tb.xml,ADJ,root,ADJ,root,2,PROVISIONAL
grc,tlg0020.tlg003.perseus-grc1.tb.xml,ADJ,vocative,ADJ,vocative,4,PROVISIONAL
grc,tlg0020.tlg003.perseus-grc1.tb.xml,ADJ,xcomp,ADJ,xcomp,21,PROVISIONAL
grc,tlg0020.tlg003.perseus-grc1.tb.xml,ADP,case,ADP,case,120,PROVISIONAL
grc,tlg0020.tlg003.perseus-grc1.tb.xml,ADV,acl,ADV,acl,1,PROVISIONAL
grc,tlg0020.tlg003.perseus-grc1.tb.xml,ADV,advmod,ADV,advmod,113,PROVISIONAL
grc,tlg0020.tlg003.perseus-grc1.tb.xml,ADV,case,ADV,case,2,PROVISIONAL
grc,tlg0020.tlg003.perseus-grc1.tb.xml,ADV,cc,ADV,cc,1,PROVISIONAL
grc,tlg0020.tlg003.perseus-grc1.tb.xml,ADV,conj,ADV,conj,4,PROVISIONAL
grc,tlg0020.tlg003.perseus-grc1.tb.xml,ADV,nmod,ADV,nmod,2,PROVISIONAL
grc,tlg0020.tlg003.perseus-grc1.tb.xml,ADV,obj,ADV,obj,9,PROVISIONAL
grc,tlg0020.tlg003.perseus-grc1.tb.xml,ADV,obl,ADV,obl,1,PROVISIONAL
grc,tlg0020.tlg003.perseus-grc1.tb.xml,AUX,cop,AUX,cop,10,PROVISIONAL
grc,tlg0020.tlg003.perseus-grc1.tb.xml,CCONJ,advmod,CCONJ,advmod,11,PROVISIONAL
grc,tlg0020.tlg003.perseus-grc1.tb.xml,CCONJ,cc,CCONJ,cc,51,PROVISIONAL
grc,tlg0020.tlg003.perseus-grc1.tb.xml,DET,det,DET,det,10,PROVISIONAL
grc,tlg0020.tlg003.perseus-grc1.tb.xml,INTJ,discourse,INTJ,discourse,3,PROVISIONAL
grc,tlg0020.tlg003.perseus-grc1.tb.xml,NOUN,acl,NOUN,acl,2,PROVISIONAL
grc,tlg0020.tlg003.perseus-grc1.tb.xml,NOUN,appos,NOUN,appos,16,PROVISIONAL
grc,tlg0020.tlg003.perseus-grc1.tb.xml,NOUN,conj,NOUN,conj,54,PROVISIONAL
grc,tlg0020.tlg003.perseus-grc1.tb.xml,NOUN,iobj,NOUN,iobj,5,PROVISIONAL
grc,tlg0020.tlg003.perseus-grc1.tb.xml,NOUN,nmod,NOUN,nmod,94,PROVISIONAL
grc,tlg0020.tlg003.perseus-grc1.tb.xml,NOUN,nsubj,NOUN,nsubj,108,PROVISIONAL
grc,tlg0020.tlg003.perseus-grc1.tb.xml,NOUN,obj,NOUN,obj,180,PROVISIONAL
grc,tlg0020.tlg003.perseus-grc1.tb.xml,NOUN,obl,NOUN,obl,122,PROVISIONAL
grc,tlg0020.tlg003.perseus-grc1.tb.xml,NOUN,root,NOUN,root,2,PROVISIONAL
grc,tlg0020.tlg003.perseus-grc1.tb.xml,NOUN,vocative,NOUN,vocative,3,PROVISIONAL
grc,tlg0020.tlg003.perseus-grc1.tb.xml,NOUN,xcomp,NOUN,xcomp,2,PROVISIONAL
grc,tlg0020.tlg003.perseus-grc1.tb.xml,NUM,nummod,NUM,nummod,2,PROVISIONAL
grc,tlg0020.tlg003.perseus-grc1.tb.xml,PART,advmod,PART,advmod,146,PROVISIONAL
grc,tlg0020.tlg003.perseus-grc1.tb.xml,PART,cc,PART,cc,154,PROVISIONAL
grc,tlg0020.tlg003.perseus-grc1.tb.xml,PRON,conj,PRON,conj,1,PROVISIONAL
grc,tlg0020.tlg003.perseus-grc1.tb.xml,PRON,iobj,PRON,iobj,5,PROVISIONAL
grc,tlg0020.tlg003.perseus-grc1.tb.xml,PRON,nmod,PRON,nmod,19,PROVISIONAL
grc,tlg0020.tlg003.perseus-grc1.tb.xml,PRON,nsubj,PRON,nsubj,56,PROVISIONAL
grc,tlg0020.tlg003.perseus-grc1.tb.xml,PRON,obj,PRON,obj,24,PROVISIONAL
grc,tlg0020.tlg003.perseus-grc1.tb.xml,PRON,obl,PRON,obl,11,PROVISIONAL
grc,tlg0020.tlg003.perseus-grc1.tb.xml,PUNCT,punct,PUNCT,punct,323,PROVISIONAL
grc,tlg0020.tlg003.perseus-grc1.tb.xml,SCONJ,mark,SCONJ,mark,13,PROVISIONAL
grc,tlg0020.tlg003.perseus-grc1.tb.xml,VERB,acl,VERB,acl,13,PROVISIONAL
grc,tlg0020.tlg003.perseus-grc1.tb.xml,VERB,advcl,VERB,advcl,105,PROVISIONAL
grc,tlg0020.tlg003.perseus-grc1.tb.xml,VERB,ccomp,VERB,ccomp,1,PROVISIONAL
grc,tlg0020.tlg003.perseus-grc1.tb.xml,VERB,conj,VERB,conj,51,PROVISIONAL
grc,tlg0020.tlg003.perseus-grc1.tb.xml,VERB,csubj,VERB,csubj,1,PROVISIONAL
grc,tlg0020.tlg003.perseus-grc1.tb.xml,VERB,nmod,VERB,nmod,16,PROVISIONAL
grc,tlg0020.tlg003.perseus-grc1.tb.xml,VERB,obl,VERB,obl,1,PROVISIONAL
grc,tlg0020.tlg003.perseus-grc1.tb.xml,VERB,root,VERB,root,178,PROVISIONAL
grc,tlg0020.tlg003.perseus-grc1.tb.xml,VERB,xcomp,VERB,xcomp,21,PROVISIONAL
grc,tlg0060.tlg001.perseus-grc3.11.tb.xml,ADJ,advcl,ADJ,advcl,11,PROVISIONAL
grc,tlg0060.tlg001.perseus-grc3.11.tb.xml,ADJ,advmod,ADJ,advmod,105,PROVISIONAL
grc,tlg0060.tlg001.perseus-grc3.11.tb.xml,ADJ,amod,ADJ,amod,107,PROVISIONAL
grc,tlg0060.tlg001.perseus-grc3.11.tb.xml,ADJ,conj,ADJ,conj,49,PROVISIONAL
grc,tlg0060.tlg001.perseus-grc3.11.tb.xml,ADJ,iobj,ADJ,iobj,5,PROVISIONAL
grc,tlg0060.tlg001.perseus-grc3.11.tb.xml,ADJ,nmod,ADJ,nmod,726,PROVISIONAL
grc,tlg0060.tlg001.perseus-grc3.11.tb.xml,ADJ,nsubj,ADJ,nsubj,76,PROVISIONAL
grc,tlg0060.tlg001.perseus-grc3.11.tb.xml,ADJ,obj,ADJ,obj,121,PROVISIONAL
grc,tlg0060.tlg001.perseus-grc3.11.tb.xml,ADJ,obl,ADJ,obl,59,PROVISIONAL
grc,tlg0060.tlg001.perseus-grc3.11.tb.xml,ADJ,root,ADJ,root,11,PROVISIONAL
grc,tlg0060.tlg001.perseus-grc3.11.tb.xml,ADJ,xcomp,ADJ,xcomp,121,PROVISIONAL
grc,tlg0060.tlg001.perseus-grc3.11.tb.xml,ADP,case,ADP,case,1325,PROVISIONAL
grc,tlg0060.tlg001.perseus-grc3.11.tb.xml,ADP,mark,ADP,mark,6,PROVISIONAL
grc,tlg0060.tlg001.perseus-grc3.11.tb.xml,ADV,advmod,ADV,advmod,1636,PROVISIONAL
grc,tlg0060.tlg001.perseus-grc3.11.tb.xml,ADV,cc,ADV,cc,2,PROVISIONAL
grc,tlg0060.tlg001.perseus-grc3.11.tb.xml,ADV,conj,ADV,conj,2,PROVISIONAL
grc,tlg0060.tlg001.perseus-grc3.11.tb.xml,ADV,nmod,ADV,nmod,6,PROVISIONAL
grc,tlg0060.tlg001.perseus-grc3.11.tb.xml,ADV,xcomp,ADV,xcomp,1,PROVISIONAL
grc,tlg0060.tlg001.perseus-grc3.11.tb.xml,AUX,cop,AUX,cop,90,PROVISIONAL
grc,tlg0060.tlg001.perseus-grc3.11.tb.xml,CCONJ,advmod,CCONJ,advmod,1,PROVISIONAL
grc,tlg0060.tlg001.perseus-grc3.11.tb.xml,CCONJ,case,CCONJ,case,2,PROVISIONAL
grc,tlg0060.tlg001.perseus-grc3.11.tb.xml,CCONJ,cc,CCONJ,cc,685,PROVISIONAL
grc,tlg0060.tlg001.perseus-grc3.11.tb.xml,CCONJ,mark,CCONJ,mark,12,PROVISIONAL
grc,tlg0060.tlg001.perseus-grc3.11.tb.xml,CCONJ,nmod,CCONJ,nmod,1,PROVISIONAL
grc,tlg0060.tlg001.perseus-grc3.11.tb.xml,DET,advmod,DET,advmod,1,PROVISIONAL
grc,tlg0060.tlg001.perseus-grc3.11.tb.xml,DET,det,DET,det,2870,PROVISIONAL
grc,tlg0060.tlg001.perseus-grc3.11.tb.xml,NOUN,acl,NOUN,acl,9,PROVISIONAL
grc,tlg0060.tlg001.perseus-grc3.11.tb.xml,NOUN,advcl,NOUN,advcl,5,PROVISIONAL
grc,tlg0060.tlg001.perseus-grc3.11.tb.xml,NOUN,appos,NOUN,appos,7,PROVISIONAL
grc,tlg0060.tlg001.perseus-grc3.11.tb.xml,NOUN,case,NOUN,case,1,PROVISIONAL
grc,tlg0060.tlg001.perseus-grc3.11.tb.xml,NOUN,conj,NOUN,conj,210,PROVISIONAL
grc,tlg0060.tlg001.perseus-grc3.11.tb.xml,NOUN,iobj,NOUN,iobj,44,PROVISIONAL
grc,tlg0060.tlg001.perseus-grc3.11.tb.xml,NOUN,nmod,NOUN,nmod,751,PROVISIONAL
grc,tlg0060.tlg001.perseus-grc3.11.tb.xml,NOUN,nsubj,NOUN,nsubj,688,PROVISIONAL
grc,tlg0060.tlg001.perseus-grc3.11.tb.xml,NOUN,obj,NOUN,obj,920,PROVISIONAL
grc,tlg0060.tlg001.perseus-grc3.11.tb.xml,NOUN,obl,NOUN,obl,1063,PROVISIONAL
grc,tlg0060.tlg001.perseus-grc3.11.tb.xml,NOUN,root,NOUN,root,6,PROVISIONAL
grc,tlg0060.tlg001.perseus-grc3.11.tb.xml,NOUN,xcomp,NOUN,xcomp,60,PROVISIONAL
grc,tlg0060.tlg001.perseus-grc3.11.tb.xml,PRON,acl,PRON,acl,1,PROVISIONAL
grc,tlg0060.tlg001.perseus-grc3.11.tb.xml,PRON,conj,PRON,conj,5,PROVISIONAL
grc,tlg0060.tlg001.perseus-grc3.11.tb.xml,PRON,iobj,PRON,iobj,29,PROVISIONAL
grc,tlg0060.tlg001.perseus-grc3.11.tb.xml,PRON,nmod,PRON,nmod,73,PROVISIONAL
grc,tlg0060.tlg001.perseus-grc3.11.tb.xml,PRON,nsubj,PRON,nsubj,134,PROVISIONAL
grc,tlg0060.tlg001.perseus-grc3.11.tb.xml,PRON,obj,PRON,obj,120,PROVISIONAL
grc,tlg0060.tlg001.perseus-grc3.11.tb.xml,PRON,obl,PRON,obl,190,PROVISIONAL
grc,tlg0060.tlg001.perseus-grc3.11.tb.xml,PRON,root,PRON,root,6,PROVISIONAL
grc,tlg0060.tlg001.perseus-grc3.11.tb.xml,PRON,xcomp,PRON,xcomp,6,PROVISIONAL
grc,tlg0060.tlg001.perseus-grc3.11.tb.xml,PUNCT,punct,PUNCT,punct,1615,PROVISIONAL
grc,tlg0060.tlg001.perseus-grc3.11.tb.xml,SCONJ,case,SCONJ,case,2,PROVISIONAL
grc,tlg0060.tlg001.perseus-grc3.11.tb.xml,SCONJ,mark,SCONJ,mark,98,PROVISIONAL
grc,tlg0060.tlg001.perseus-grc3.11.tb.xml,VERB,acl,VERB,acl,47,PROVISIONAL
grc,tlg0060.tlg001.perseus-grc3.11.tb.xml,VERB,advcl,VERB,advcl,827,PROVISIONAL
grc,tlg0060.tlg001.perseus-grc3.11.tb.xml,VERB,appos,VERB,appos,5,PROVISIONAL
grc,tlg0060.tlg001.perseus-grc3.11.tb.xml,VERB,ccomp,VERB,ccomp,103,PROVISIONAL
grc,tlg0060.tlg001.perseus-grc3.11.tb.xml,VERB,conj,VERB,conj,461,PROVISIONAL
grc,tlg0060.tlg001.perseus-grc3.11.tb.xml,VERB,csubj,VERB,csubj,45,PROVISIONAL
grc,tlg0060.tlg001.perseus-grc3.11.tb.xml,VERB,nmod,VERB,nmod,211,PROVISIONAL
grc,tlg0060.tlg001.perseus-grc3.11.tb.xml,VERB,nsubj,VERB,nsubj,36,PROVISIONAL
grc,tlg0060.tlg001.perseus-grc3.11.tb.xml,VERB,obl,VERB,obl,24,PROVISIONAL
grc,tlg0060.tlg001.perseus-grc3.11.tb.xml,VERB,parataxis,VERB,parataxis,1,PROVISIONAL
grc,tlg0060.tlg001.perseus-grc3.11.tb.xml,VERB,root,VERB,root,710,PROVISIONAL
grc,tlg0060.tlg001.perseus-grc3.11.tb.xml,VERB,xcomp,VERB,xcomp,337,PROVISIONAL
grc,tlg0060.tlg001.perseus-grc3.11.tb.xml,X,nmod,X,nmod,1,PROVISIONAL
grc,tlg0085.tlg001.perseus-grc2.tb.xml,ADJ,advmod,ADJ,advmod,11,PROVISIONAL
grc,tlg0085.tlg001.perseus-grc2.tb.xml,ADJ,amod,ADJ,amod,7,PROVISIONAL
grc,tlg0085.tlg001.perseus-grc2.tb.xml,ADJ,appos,ADJ,appos,1,PROVISIONAL
grc,tlg0085.tlg001.perseus-grc2.tb.xml,ADJ,conj,ADJ,conj,7,PROVISIONAL
grc,tlg0085.tlg001.perseus-grc2.tb.xml,ADJ,iobj,ADJ,iobj,2,PROVISIONAL
grc,tlg0085.tlg001.perseus-grc2.tb.xml,ADJ,nmod,ADJ,nmod,122,PROVISIONAL
grc,tlg0085.tlg001.perseus-grc2.tb.xml,ADJ,nsubj,ADJ,nsubj,6,PROVISIONAL
grc,tlg0085.tlg001.perseus-grc2.tb.xml,ADJ,obj,ADJ,obj,19,PROVISIONAL
grc,tlg0085.tlg001.perseus-grc2.tb.xml,ADJ,obl,ADJ,obl,3,PROVISIONAL
grc,tlg0085.tlg001.perseus-grc2.tb.xml,ADJ,root,ADJ,root,5,PROVISIONAL
grc,tlg0085.tlg001.perseus-grc2.tb.xml,ADJ,xcomp,ADJ,xcomp,30,PROVISIONAL
grc,tlg0085.tlg001.perseus-grc2.tb.xml,ADP,case,ADP,case,52,PROVISIONAL
grc,tlg0085.tlg001.perseus-grc2.tb.xml,ADP,cc,ADP,cc,1,PROVISIONAL
grc,tlg0085.tlg001.perseus-grc2.tb.xml,ADV,advmod,ADV,advmod,84,PROVISIONAL
grc,tlg0085.tlg001.perseus-grc2.tb.xml,ADV,case,ADV,case,2,PROVISIONAL
grc,tlg0085.tlg001.perseus-grc2.tb.xml,ADV,cc,ADV,cc,1,PROVISIONAL
grc,tlg0085.tlg001.perseus-grc2.tb.xml,ADV,mark,ADV,mark,3,PROVISIONAL
grc,tlg0085.tlg001.perseus-grc2.tb.xml,ADV,nmod,ADV,nmod,2,PROVISIONAL
grc,tlg0085.tlg001.perseus-grc2.tb.xml,ADV,obj,ADV,obj,6,PROVISIONAL
grc,tlg0085.tlg001.perseus-grc2.tb.xml,AUX,cop,AUX,cop,15,PROVISIONAL
grc,tlg0085.tlg001.perseus-grc2.tb.xml,CCONJ,advmod,CCONJ,advmod,25,PROVISIONAL
grc,tlg0085.tlg001.perseus-grc2.tb.xml,CCONJ,cc,CCONJ,cc,20,PROVISIONAL
grc,tlg0085.tlg001.perseus-grc2.tb.xml,DET,det,DET,det,20,PROVISIONAL
grc,tlg0085.tlg001.perseus-grc2.tb.xml,INTJ,discourse,INTJ,discourse,3,PROVISIONAL
grc,tlg0085.tlg001.perseus-grc2.tb.xml,INTJ,vocative,INTJ,vocative,2,PROVISIONAL
grc,tlg0085.tlg001.perseus-grc2.tb.xml,NOUN,advcl,NOUN,advcl,1,PROVISIONAL
grc,tlg0085.tlg001.perseus-grc2.tb.xml,NOUN,appos,NOUN,appos,9,PROVISIONAL
grc,tlg0085.tlg001.perseus-grc2.tb.xml,NOUN,case,NOUN,case,1,PROVISIONAL
grc,tlg0085.tlg001.perseus-grc2.tb.xml,NOUN,conj,NOUN,conj,9,PROVISIONAL
grc,tlg0085.tlg001.perseus-grc2.tb.xml,NOUN,iobj,NOUN,iobj,6,PROVISIONAL
grc,tlg0085.tlg001.perseus-grc2.tb.xml,NOUN,nmod,NOUN,nmod,73,PROVISIONAL
grc,tlg0085.tlg001.perseus-grc2.tb.xml,NOUN,nsubj,NOUN,nsubj,53,PROVISIONAL
grc,tlg0085.tlg001.perseus-grc2.tb.xml,NOUN,obj,NOUN,obj,110,PROVISIONAL
grc,tlg0085.tlg001.perseus-grc2.tb.xml,NOUN,obl,NOUN,obl,57,PROVISIONAL
grc,tlg0085.tlg001.perseus-grc2.tb.xml,NOUN,root,NOUN,root,5,PROVISIONAL
grc,tlg0085.tlg001.perseus-grc2.tb.xml,NOUN,vocative,NOUN,vocative,6,PROVISIONAL
grc,tlg0085.tlg001.perseus-grc2.tb.xml,NOUN,xcomp,NOUN,xcomp,8,PROVISIONAL
grc,tlg0085.tlg001.perseus-grc2.tb.xml,PART,advmod,PART,advmod,115,PROVISIONAL
grc,tlg0085.tlg001.perseus-grc2.tb.xml,PART,cc,PART,cc,28,PROVISIONAL
grc,tlg0085.tlg001.perseus-grc2.tb.xml,PART,nmod,PART,nmod,1,PROVISIONAL
grc,tlg0085.tlg001.perseus-grc2.tb.xml,PRON,conj,PRON,conj,1,PROVISIONAL
grc,tlg0085.tlg001.perseus-grc2.tb.xml,PRON,iobj,PRON,iobj,4,PROVISIONAL
grc,tlg0085.tlg001.perseus-grc2.tb.xml,PRON,nmod,PRON,nmod,35,PROVISIONAL
grc,tlg0085.tlg001.perseus-grc2.tb.xml,PRON,nsubj,PRON,nsubj,17,PROVISIONAL
grc,tlg0085.tlg001.perseus-grc2.tb.xml,PRON,obj,PRON,obj,16,PROVISIONAL
grc,tlg0085.tlg001.perseus-grc2.tb.xml,PRON,obl,PRON,obl,17,PROVISIONAL
grc,tlg0085.tlg001.perseus-grc2.tb.xml,PRON,vocative,PRON,vocative,3,PROVISIONAL
grc,tlg0085.tlg001.perseus-grc2.tb.xml,PUNCT,punct,PUNCT,punct,230,PROVISIONAL
grc,tlg0085.tlg001.perseus-grc2.tb.xml,SCONJ,case,SCONJ,case,1,PROVISIONAL
grc,tlg0085.tlg001.perseus-grc2.tb.xml,SCONJ,mark,SCONJ,mark,10,PROVISIONAL
grc,tlg0085.tlg001.perseus-grc2.tb.xml,VERB,acl,VERB,acl,2,PROVISIONAL
grc,tlg0085.tlg001.perseus-grc2.tb.xml,VERB,advcl,VERB,advcl,39,PROVISIONAL
grc,tlg0085.tlg001.perseus-grc2.tb.xml,VERB,appos,VERB,appos,4,PROVISIONAL
grc,tlg0085.tlg001.perseus-grc2.tb.xml,VERB,ccomp,VERB,ccomp,4,PROVISIONAL
grc,tlg0085.tlg001.perseus-grc2.tb.xml,VERB,conj,VERB,conj,20,PROVISIONAL
grc,tlg0085.tlg001.perseus-grc2.tb.xml,VERB,csubj,VERB,csubj,11,PROVISIONAL
grc,tlg0085.tlg001.perseus-grc2.tb.xml,VERB,nmod,VERB,nmod,7,PROVISIONAL
grc,tlg0085.tlg001.perseus-grc2.tb.xml,VERB,parataxis,VERB,parataxis,1,PROVISIONAL
grc,tlg0085.tlg001.perseus-grc2.tb.xml,VERB,root,VERB,root,155,PROVISIONAL
grc,tlg0085.tlg001.perseus-grc2.tb.xml,VERB,xcomp,VERB,xcomp,20,PROVISIONAL
grc,tlg0085.tlg001.perseus-grc2.tb.xml,X,root,X,root,1,PROVISIONAL
la,phi0448.phi001.perseus-lat1.tb.xml,ADJ,amod,ADJ,amod,10,PROVISIONAL
la,phi0448.phi001.perseus-lat1.tb.xml,ADJ,root,ADJ,root,1,PROVISIONAL
la,phi0448.phi001.perseus-lat1.tb.xml,ADP,case,ADP,case,29,PROVISIONAL
la,phi0448.phi001.perseus-lat1.tb.xml,ADV,advmod,ADV,advmod,13,PROVISIONAL
la,phi0448.phi001.perseus-lat1.tb.xml,ADV,advmod:tmod,ADV,advmod,2,PROVISIONAL
la,phi0448.phi001.perseus-lat1.tb.xml,ADV,mark,ADV,mark,1,PROVISIONAL
la,phi0448.phi001.perseus-lat1.tb.xml,AUX,cop,AUX,cop,4,PROVISIONAL
la,phi0448.phi001.perseus-lat1.tb.xml,CCONJ,cc,CCONJ,cc,15,PROVISIONAL
la,phi0448.phi001.perseus-lat1.tb.xml,DET,det,DET,det,17,PROVISIONAL
la,phi0448.phi001.perseus-lat1.tb.xml,DET,nmod,DET,nmod,1,PROVISIONAL
la,phi0448.phi001.perseus-lat1.tb.xml,DET,nsubj,DET,nsubj,4,PROVISIONAL
la,phi0448.phi001.perseus-lat1.tb.xml,DET,nsubj:pass,DET,nsubj,2,PROVISIONAL
la,phi0448.phi001.perseus-lat1.tb.xml,DET,obj,DET,obj,2,PROVISIONAL
la,phi0448.phi001.perseus-lat1.tb.xml,DET,obl,DET,obl,2,PROVISIONAL
la,phi0448.phi001.perseus-lat1.tb.xml,DET,root,DET,root,1,PROVISIONAL
la,phi0448.phi001.perseus-lat1.tb.xml,NOUN,advcl,NOUN,advcl,1,PROVISIONAL
la,phi0448.phi001.perseus-lat1.tb.xml,NOUN,appos,NOUN,appos,3,PROVISIONAL
la,phi0448.phi001.perseus-lat1.tb.xml,NOUN,conj,NOUN,conj,3,PROVISIONAL
la,phi0448.phi001.perseus-lat1.tb.xml,NOUN,nmod,NOUN,nmod,13,PROVISIONAL
la,phi0448.phi001.perseus-lat1.tb.xml,NOUN,nsubj,NOUN,nsubj,11,PROVISIONAL
la,phi0448.phi001.perseus-lat1.tb.xml,NOUN,nsubj:pass,NOUN,nsubj,7,PROVISIONAL
la,phi0448.phi001.perseus-lat1.tb.xml,NOUN,obj,NOUN,obj,14,PROVISIONAL
la,phi0448.phi001.perseus-lat1.tb.xml,NOUN,obl,NOUN,obl,32,PROVISIONAL
la,phi0448.phi001.perseus-lat1.tb.xml,NOUN,obl:arg,NOUN,obl,2,PROVISIONAL
la,phi0448.phi001.perseus-lat1.tb.xml,NOUN,root,NOUN,root,1,PROVISIONAL
la,phi0448.phi001.perseus-lat1.tb.xml,NOUN,xcomp,NOUN,xcomp,1,PROVISIONAL
la,phi0448.phi001.perseus-lat1.tb.xml,NUM,nummod,NUM,nummod,8,PROVISIONAL
la,phi0448.phi001.perseus-lat1.tb.xml,NUM,obl,NUM,obl,1,PROVISIONAL
la,phi0448.phi001.perseus-lat1.tb.xml,PART,advmod:neg,PART,advmod,1,PROVISIONAL
la,phi0448.phi001.perseus-lat1.tb.xml,PART,discourse,PART,discourse,2,PROVISIONAL
la,phi0448.phi001.perseus-lat1.tb.xml,PRON,nmod,PRON,nmod,4,PROVISIONAL
la,phi0448.phi001.perseus-lat1.tb.xml,PRON,nsubj,PRON,nsubj,4,PROVISIONAL
la,phi0448.phi001.perseus-lat1.tb.xml,PRON,obj,PRON,obj,4,PROVISIONAL
la,phi0448.phi001.perseus-lat1.tb.xml,PRON,obl,PRON,obl,2,PROVISIONAL
la,phi0448.phi001.perseus-lat1.tb.xml,PROPN,conj,NOUN,conj,2,PROVISIONAL
la,phi0448.phi001.perseus-lat1.tb.xml,PROPN,flat,NOUN,flat,2,PROVISIONAL
la,phi0448.phi001.perseus-lat1.tb.xml,PROPN,flat:name,NOUN,flat,2,PROVISIONAL
la,phi0448.phi001.perseus-lat1.tb.xml,PROPN,nmod,NOUN,nmod,1,PROVISIONAL
la,phi0448.phi001.perseus-lat1.tb.xml,PROPN,nsubj,NOUN,nsubj,9,PROVISIONAL
la,phi0448.phi001.perseus-lat1.tb.xml,PROPN,obj,NOUN,obj,2,PROVISIONAL
la,phi0448.phi001.perseus-lat1.tb.xml,PROPN,obl,NOUN,obl,3,PROVISIONAL
la,phi0448.phi001.perseus-lat1.tb.xml,PUNCT,punct,PUNCT,punct,42,PROVISIONAL
la,phi0448.phi001.perseus-lat1.tb.xml,SCONJ,mark,SCONJ,mark,9,PROVISIONAL
la,phi0448.phi001.perseus-lat1.tb.xml,VERB,acl,VERB,acl,4,PROVISIONAL
la,phi0448.phi001.perseus-lat1.tb.xml,VERB,acl:relcl,VERB,acl,2,PROVISIONAL
la,phi0448.phi001.perseus-lat1.tb.xml,VERB,advcl,VERB,advcl,9,PROVISIONAL
la,phi0448.phi001.perseus-lat1.tb.xml,VERB,advcl:abs,VERB,advcl,4,PROVISIONAL
la,phi0448.phi001.perseus-lat1.tb.xml,VERB,ccomp,VERB,ccomp,4,PROVISIONAL
la,phi0448.phi001.perseus-lat1.tb.xml,VERB,conj,VERB,conj,9,PROVISIONAL
la,phi0448.phi001.perseus-lat1.tb.xml,VERB,nmod,VERB,nmod,3,PROVISIONAL
la,phi0448.phi001.perseus-lat1.tb.xml,VERB,nsubj:pass,VERB,nsubj,1,PROVISIONAL
la,phi0448.phi001.perseus-lat1.tb.xml,VERB,obl,VERB,obl,1,PROVISIONAL
la,phi0448.phi001.perseus-lat1.tb.xml,VERB,root,VERB,root,21,PROVISIONAL
la,phi0448.phi001.perseus-lat1.tb.xml,VERB,xcomp,VERB,xcomp,4,PROVISIONAL
la,phi0474.phi013.perseus-lat1.tb.xml,ADJ,amod,ADJ,amod,63,PROVISIONAL
la,phi0474.phi013.perseus-lat1.tb.xml,ADJ,ccomp,ADJ,ccomp,1,PROVISIONAL
la,phi0474.phi013.perseus-lat1.tb.xml,ADJ,conj,ADJ,conj,10,PROVISIONAL
la,phi0474.phi013.perseus-lat1.tb.xml,ADJ,nmod,ADJ,nmod,2,PROVISIONAL
la,phi0474.phi013.perseus-lat1.tb.xml,ADJ,nsubj,ADJ,nsubj,1,PROVISIONAL
la,phi0474.phi013.perseus-lat1.tb.xml,ADJ,obj,ADJ,obj,3,PROVISIONAL
la,phi0474.phi013.perseus-lat1.tb.xml,ADJ,obl,ADJ,obl,1,PROVISIONAL
la,phi0474.phi013.perseus-lat1.tb.xml,ADJ,root,ADJ,root,3,PROVISIONAL
la,phi0474.phi013.perseus-lat1.tb.xml,ADJ,xcomp,ADJ,xcomp,2,PROVISIONAL
la,phi0474.phi013.perseus-lat1.tb.xml,ADP,case,ADP,case,85,PROVISIONAL
la,phi0474.phi013.perseus-lat1.tb.xml,ADP,mark,ADP,mark,2,PROVISIONAL
la,phi0474.phi013.perseus-lat1.tb.xml,ADV,advmod,ADV,advmod,96,PROVISIONAL
la,phi0474.phi013.perseus-lat1.tb.xml,ADV,advmod:emph,ADV,advmod,11,PROVISIONAL
la,phi0474.phi013.perseus-lat1.tb.xml,ADV,advmod:lmod,ADV,advmod,3,PROVISIONAL
la,phi0474.phi013.perseus-lat1.tb.xml,ADV,advmod:tmod,ADV,advmod,35,PROVISIONAL
la,phi0474.phi013.perseus-lat1.tb.xml,ADV,cc,ADV,cc,2,PROVISIONAL
la,phi0474.phi013.perseus-lat1.tb.xml,ADV,discourse,ADV,discourse,4,PROVISIONAL
la,phi0474.phi013.perseus-lat1.tb.xml,ADV,mark,ADV,mark,1,PROVISIONAL
la,phi0474.phi013.perseus-lat1.tb.xml,ADV,obj,ADV,obj,1,PROVISIONAL
la,phi0474.phi013.perseus-lat1.tb.xml,AUX,aux:pass,AUX,aux,6,PROVISIONAL
la,phi0474.phi013.perseus-lat1.tb.xml,AUX,cop,AUX,cop,10,PROVISIONAL
la,phi0474.phi013.perseus-lat1.tb.xml,CCONJ,cc,CCONJ,cc,73,PROVISIONAL
la,phi0474.phi013.perseus-lat1.tb.xml,DET,advcl,DET,advcl,1,PROVISIONAL
la,phi0474.phi013.perseus-lat1.tb.xml,DET,det,DET,det,130,PROVISIONAL
la,phi0474.phi013.perseus-lat1.tb.xml,DET,nmod,DET,nmod,10,PROVISIONAL
la,phi0474.phi013.perseus-lat1.tb.xml,DET,nsubj,DET,nsubj,14,PROVISIONAL
la,phi0474.phi013.perseus-lat1.tb.xml,DET,nsubj:pass,DET,nsubj,3,PROVISIONAL
la,phi0474.phi013.perseus-lat1.tb.xml,DET,obj,DET,obj,15,PROVISIONAL
la,phi0474.phi013.perseus-lat1.tb.xml,INTJ,discourse,INTJ,discourse,3,PROVISIONAL
la,phi0474.phi013.perseus-lat1.tb.xml,NOUN,acl:relcl,NOUN,acl,1,PROVISIONAL
la,phi0474.phi013.perseus-lat1.tb.xml,NOUN,advcl,NOUN,advcl,1,PROVISIONAL
la,phi0474.phi013.perseus-lat1.tb.xml,NOUN,advcl:cmp,NOUN,advcl,2,PROVISIONAL
la,phi0474.phi013.perseus-lat1.tb.xml,NOUN,appos,NOUN,appos,1,PROVISIONAL
la,phi0474.phi013.perseus-lat1.tb.xml,NOUN,conj,NOUN,conj,53,PROVISIONAL
la,phi0474.phi013.perseus-lat1.tb.xml,NOUN,nmod,NOUN,nmod,52,PROVISIONAL
la,phi0474.phi013.perseus-lat1.tb.xml,NOUN,nsubj,NOUN,nsubj,42,PROVISIONAL
la,phi0474.phi013.perseus-lat1.tb.xml,NOUN,nsubj:pass,NOUN,nsubj,15,PROVISIONAL
la,phi0474.phi013.perseus-lat1.tb.xml,NOUN,obj,NOUN,obj,73,PROVISIONAL
la,phi0474.phi013.perseus-lat1.tb.xml,NOUN,obl,NOUN,obl,92,PROVISIONAL
la,phi0474.phi013.perseus-lat1.tb.xml,NOUN,obl:arg,NOUN,obl,6,PROVISIONAL
la,phi0474.phi013.perseus-lat1.tb.xml,NOUN,root,NOUN,root,1,PROVISIONAL
la,phi0474.phi013.perseus-lat1.tb.xml,NOUN,xcomp,NOUN,xcomp,10,PROVISIONAL
la,phi0474.phi013.perseus-lat1.tb.xml,NUM,nummod,NUM,nummod,4,PROVISIONAL
la,phi0474.phi013.perseus-lat1.tb.xml,NUM,obj,NUM,obj,1,PROVISIONAL
la,phi0474.phi013.perseus-lat1.tb.xml,PART,advmod:neg,PART,advmod,44,PROVISIONAL
la,phi0474.phi013.perseus-lat1.tb.xml,PART,discourse,PART,discourse,22,PROVISIONAL
la,phi0474.phi013.perseus-lat1.tb.xml,PRON,conj,PRON,conj,2,PROVISIONAL
la,phi0474.phi013.perseus-lat1.tb.xml,PRON,det,PRON,det,1,PROVISIONAL
la,phi0474.phi013.perseus-lat1.tb.xml,PRON,nmod,PRON,nmod,8,PROVISIONAL
la,phi0474.phi013.perseus-lat1.tb.xml,PRON,nsubj,PRON,nsubj,49,PROVISIONAL
la,phi0474.phi013.perseus-lat1.tb.xml,PRON,nsubj:pass,PRON,nsubj,7,PROVISIONAL
la,phi0474.phi013.perseus-lat1.tb.xml,PRON,obj,PRON,obj,41,PROVISIONAL
la,phi0474.phi013.perseus-lat1.tb.xml,PRON,obl,PRON,obl,19,PROVISIONAL
la,phi0474.phi013.perseus-lat1.tb.xml,PRON,obl:arg,PRON,obl,8,PROVISIONAL
la,phi0474.phi013.perseus-lat1.tb.xml,PRON,root,PRON,root,1,PROVISIONAL
la,phi0474.phi013.perseus-lat1.tb.xml,PROPN,conj,NOUN,conj,2,PROVISIONAL
la,phi0474.phi013.perseus-lat1.tb.xml,PROPN,flat:name,NOUN,flat,4,PROVISIONAL
la,phi0474.phi013.perseus-lat1.tb.xml,PROPN,nmod,NOUN,nmod,2,PROVISIONAL
la,phi0474.phi013.perseus-lat1.tb.xml,PROPN,nsubj,NOUN,nsubj,5,PROVISIONAL
la,phi0474.phi013.perseus-lat1.tb.xml,PROPN,nsubj:pass,NOUN,nsubj,2,PROVISIONAL
la,phi0474.phi013.perseus-lat1.tb.xml,PROPN,obj,NOUN,obj,3,PROVISIONAL
la,phi0474.phi013.perseus-lat1.tb.xml,PROPN,obl,NOUN,obl,5,PROVISIONAL
la,phi0474.phi013.perseus-lat1.tb.xml,PROPN,vocative,NOUN,vocative,8,PROVISIONAL
la,phi0474.phi013.perseus-lat1.tb.xml,PUNCT,punct,PUNCT,punct,303,PROVISIONAL
la,phi0474.phi013.perseus-lat1.tb.xml,SCONJ,cc,SCONJ,cc,2,PROVISIONAL
la,phi0474.phi013.perseus-lat1.tb.xml,SCONJ,mark,SCONJ,mark,63,PROVISIONAL
la,phi0474.phi013.perseus-lat1.tb.xml,VERB,acl,VERB,acl,4,PROVISIONAL
la,phi0474.phi013.perseus-lat1.tb.xml,VERB,acl:relcl,VERB,acl,19,PROVISIONAL
la,phi0474.phi013.perseus-lat1.tb.xml,VERB,advcl,VERB,advcl,44,PROVISIONAL
la,phi0474.phi013.perseus-lat1.tb.xml,VERB,advcl:abs,VERB,advcl,7,PROVISIONAL
la,phi0474.phi013.perseus-lat1.tb.xml,VERB,advcl:cmp,VERB,advcl,2,PROVISIONAL
la,phi0474.phi013.perseus-lat1.tb.xml,VERB,amod,VERB,amod,9,PROVISIONAL
la,phi0474.phi013.perseus-lat1.tb.xml,VERB,ccomp,VERB,ccomp,30,PROVISIONAL
la,phi0474.phi013.perseus-lat1.tb.xml,VERB,conj,VERB,conj,73,PROVISIONAL
la,phi0474.phi013.perseus-lat1.tb.xml,VERB,csubj,VERB,csubj,6,PROVISIONAL
la,phi0474.phi013.perseus-lat1.tb.xml,VERB,nmod,VERB,nmod,6,PROVISIONAL
la,phi0474.phi013.perseus-lat1.tb.xml,VERB,nsubj,VERB,nsubj,2,PROVISIONAL
la,phi0474.phi013.perseus-lat1.tb.xml,VERB,parataxis,VERB,parataxis,1,PROVISIONAL
la,phi0474.phi013.perseus-lat1.tb.xml,VERB,root,VERB,root,132,PROVISIONAL
la,phi0474.phi013.perseus-lat1.tb.xml,VERB,xcomp,VERB,xcomp,34,PROVISIONAL
la,phi0620.phi001.perseus-lat1.tb.xml,ADJ,advcl,ADJ,advcl,1,PROVISIONAL
la,phi0620.phi001.perseus-lat1.tb.xml,ADJ,advcl:cmp,ADJ,advcl,1,PROVISIONAL
la,phi0620.phi001.perseus-lat1.tb.xml,ADJ,advcl:pred,ADJ,advcl,1,PROVISIONAL
la,phi0620.phi001.perseus-lat1.tb.xml,ADJ,advmod,ADJ,advmod,2,PROVISIONAL
la,phi0620.phi001.perseus-lat1.tb.xml,ADJ,amod,ADJ,amod,192,PROVISIONAL
la,phi0620.phi001.perseus-lat1.tb.xml,ADJ,ccomp,ADJ,ccomp,2,PROVISIONAL
la,phi0620.phi001.perseus-lat1.tb.xml,ADJ,conj,ADJ,conj,8,PROVISIONAL
la,phi0620.phi001.perseus-lat1.tb.xml,ADJ,nmod,ADJ,nmod,7,PROVISIONAL
la,phi0620.phi001.perseus-lat1.tb.xml,ADJ,nsubj,ADJ,nsubj,4,PROVISIONAL
la,phi0620.phi001.perseus-lat1.tb.xml,ADJ,nsubj:pass,ADJ,nsubj,1,PROVISIONAL
la,phi0620.phi001.perseus-lat1.tb.xml,ADJ,obj,ADJ,obj,15,PROVISIONAL
la,phi0620.phi001.perseus-lat1.tb.xml,ADJ,obl,ADJ,obl,3,PROVISIONAL
la,phi0620.phi001.perseus-lat1.tb.xml,ADJ,root,ADJ,root,14,PROVISIONAL
la,phi0620.phi001.perseus-lat1.tb.xml,ADJ,vocative,ADJ,vocative,7,PROVISIONAL
la,phi0620.phi001.perseus-lat1.tb.xml,ADJ,xcomp,ADJ,xcomp,26,PROVISIONAL
la,phi0620.phi001.perseus-lat1.tb.xml,ADP,case,ADP,case,56,PROVISIONAL
la,phi0620.phi001.perseus-lat1.tb.xml,ADV,advcl,ADV,advcl,1,PROVISIONAL
la,phi0620.phi001.perseus-lat1.tb.xml,ADV,advcl:cmp,ADV,advcl,1,PROVISIONAL
la,phi0620.phi001.perseus-lat1.tb.xml,ADV,advmod,ADV,advmod,138,PROVISIONAL
la,phi0620.phi001.perseus-lat1.tb.xml,ADV,advmod:emph,ADV,advmod,3,PROVISIONAL
la,phi0620.phi001.perseus-lat1.tb.xml,ADV,advmod:lmod,ADV,advmod,7,PROVISIONAL
la,phi0620.phi001.perseus-lat1.tb.xml,ADV,advmod:tmod,ADV,advmod,42,PROVISIONAL
la,phi0620.phi001.perseus-lat1.tb.xml,ADV,case,ADV,case,1,PROVISIONAL
la,phi0620.phi001.perseus-lat1.tb.xml,ADV,cc,ADV,cc,2,PROVISIONAL
la,phi0620.phi001.perseus-lat1.tb.xml,ADV,discourse,ADV,discourse,1,PROVISIONAL
la,phi0620.phi001.perseus-lat1.tb.xml,ADV,obj,ADV,obj,2,PROVISIONAL
la,phi0620.phi001.perseus-lat1.tb.xml,AUX,cop,AUX,cop,47,PROVISIONAL
la,phi0620.phi001.perseus-lat1.tb.xml,CCONJ,advmod:emph,CCONJ,advmod,5,PROVISIONAL
la,phi0620.phi001.perseus-lat1.tb.xml,CCONJ,cc,CCONJ,cc,108,PROVISIONAL
la,phi0620.phi001.perseus-lat1.tb.xml,DET,amod,DET,amod,1,PROVISIONAL
la,phi0620.phi001.perseus-lat1.tb.xml,DET,ccomp,DET,ccomp,2,PROVISIONAL
la,phi0620.phi001.perseus-lat1.tb.xml,DET,conj,DET,conj,2,PROVISIONAL
la,phi0620.phi001.perseus-lat1.tb.xml,DET,det,DET,det,148,PROVISIONAL
la,phi0620.phi001.perseus-lat1.tb.xml,DET,nmod,DET,nmod,7,PROVISIONAL
la,phi0620.phi001.perseus-lat1.tb.xml,DET,nsubj,DET,nsubj,30,PROVISIONAL
la,phi0620.phi001.perseus-lat1.tb.xml,DET,nsubj:pass,DET,nsubj,3,PROVISIONAL
la,phi0620.phi001.perseus-lat1.tb.xml,DET,obj,DET,obj,10,PROVISIONAL
la,phi0620.phi001.perseus-lat1.tb.xml,DET,obl,DET,obl,9,PROVISIONAL
la,phi0620.phi001.perseus-lat1.tb.xml,DET,obl:arg,DET,obl,2,PROVISIONAL
la,phi0620.phi001.perseus-lat1.tb.xml,DET,root,DET,root,3,PROVISIONAL
la,phi0620.phi001.perseus-lat1.tb.xml,DET,xcomp,DET,xcomp,2,PROVISIONAL
la,phi0620.phi001.perseus-lat1.tb.xml,INTJ,discourse,INTJ,discourse,8,PROVISIONAL
la,phi0620.phi001.perseus-lat1.tb.xml,NOUN,advcl,NOUN,advcl,3,PROVISIONAL
la,phi0620.phi001.perseus-lat1.tb.xml,NOUN,appos,NOUN,appos,2,PROVISIONAL
la,phi0620.phi001.perseus-lat1.tb.xml,NOUN,ccomp,NOUN,ccomp,1,PROVISIONAL
la,phi0620.phi001.perseus-lat1.tb.xml,NOUN,conj,NOUN,conj,16,PROVISIONAL
la,phi0620.phi001.perseus-lat1.tb.xml,NOUN,nmod,NOUN,nmod,35,PROVISIONAL
la,phi0620.phi001.perseus-lat1.tb.xml,NOUN,nsubj,NOUN,nsubj,113,PROVISIONAL
la,phi0620.phi001.perseus-lat1.tb.xml,NOUN,nsubj:pass,NOUN,nsubj,21,PROVISIONAL
la,phi0620.phi001.perseus-lat1.tb.xml,NOUN,obj,NOUN,obj,151,PROVISIONAL
la,phi0620.phi001.perseus-lat1.tb.xml,NOUN,obl,NOUN,obl,144,PROVISIONAL
la,phi0620.phi001.perseus-lat1.tb.xml,NOUN,obl:arg,NOUN,obl,13,PROVISIONAL
la,phi0620.phi001.perseus-lat1.tb.xml,NOUN,root,NOUN,root,6,PROVISIONAL
la,phi0620.phi001.perseus-lat1.tb.xml,NOUN,vocative,NOUN,vocative,6,PROVISIONAL
la,phi0620.phi001.perseus-lat1.tb.xml,NOUN,xcomp,NOUN,xcomp,4,PROVISIONAL
la,phi0620.phi001.perseus-lat1.tb.xml,NUM,nsubj,NUM,nsubj,1,PROVISIONAL
la,phi0620.phi001.perseus-lat1.tb.xml,NUM,nummod,NUM,nummod,3,PROVISIONAL
la,phi0620.phi001.perseus-lat1.tb.xml,NUM,obj,NUM,obj,1,PROVISIONAL
la,phi0620.phi001.perseus-lat1.tb.xml,NUM,obl,NUM,obl,1,PROVISIONAL
la,phi0620.phi001.perseus-lat1.tb.xml,PART,advmod:emph,PART,advmod,5,PROVISIONAL
la,phi0620.phi001.perseus-lat1.tb.xml,PART,advmod:neg,PART,advmod,49,PROVISIONAL
la,phi0620.phi001.perseus-lat1.tb.xml,PART,discourse,PART,discourse,8,PROVISIONAL
la,phi0620.phi001.perseus-lat1.tb.xml,PRON,advcl,PRON,advcl,1,PROVISIONAL
la,phi0620.phi001.perseus-lat1.tb.xml,PRON,conj,PRON,conj,3,PROVISIONAL
la,phi0620.phi001.perseus-lat1.tb.xml,PRON,det,PRON,det,3,PROVISIONAL
la,phi0620.phi001.perseus-lat1.tb.xml,PRON,nmod,PRON,nmod,8,PROVISIONAL
la,phi0620.phi001.perseus-lat1.tb.xml,PRON,nsubj,PRON,nsubj,53,PROVISIONAL
la,phi0620.phi001.perseus-lat1.tb.xml,PRON,nsubj:outer,PRON,nsubj,1,PROVISIONAL
la,phi0620.phi001.perseus-lat1.tb.xml,PRON,nsubj:pass,PRON,nsubj,4,PROVISIONAL
la,phi0620.phi001.perseus-lat1.tb.xml,PRON,obj,PRON,obj,41,PROVISIONAL
la,phi0620.phi001.perseus-lat1.tb.xml,PRON,obl,PRON,obl,24,PROVISIONAL
la,phi0620.phi001.perseus-lat1.tb.xml,PRON,obl:arg,PRON,obl,25,PROVISIONAL
la,phi0620.phi001.perseus-lat1.tb.xml,PROPN,flat:name,NOUN,flat,1,PROVISIONAL
la,phi0620.phi001.perseus-lat1.tb.xml,PROPN,nmod,NOUN,nmod,12,PROVISIONAL
la,phi0620.phi001.perseus-lat1.tb.xml,PROPN,nsubj,NOUN,nsubj,23,PROVISIONAL
la,phi0620.phi001.perseus-lat1.tb.xml,PROPN,nsubj:pass,NOUN,nsubj,2,PROVISIONAL
la,phi0620.phi001.perseus-lat1.tb.xml,PROPN,obj,NOUN,obj,6,PROVISIONAL
la,phi0620.phi001.perseus-lat1.tb.xml,PROPN,obl,NOUN,obl,9,PROVISIONAL
la,phi0620.phi001.perseus-lat1.tb.xml,PROPN,vocative,NOUN,vocative,19,PROVISIONAL
la,phi0620.phi001.perseus-lat1.tb.xml,PUNCT,punct,PUNCT,punct,433,PROVISIONAL
la,phi0620.phi001.perseus-lat1.tb.xml,SCONJ,cc,SCONJ,cc,1,PROVISIONAL
la,phi0620.phi001.perseus-lat1.tb.xml,SCONJ,mark,SCONJ,mark,54,PROVISIONAL
la,phi0620.phi001.perseus-lat1.tb.xml,SCONJ,obj,SCONJ,obj,1,PROVISIONAL
la,phi0620.phi001.perseus-lat1.tb.xml,VERB,acl,VERB,acl,7,PROVISIONAL
la,phi0620.phi001.perseus-lat1.tb.xml,VERB,acl:relcl,VERB,acl,6,PROVISIONAL
la,phi0620.phi001.perseus-lat1.tb.xml,VERB,advcl,VERB,advcl,77,PROVISIONAL
la,phi0620.phi001.perseus-lat1.tb.xml,VERB,advcl:abs,VERB,advcl,17,PROVISIONAL
la,phi0620.phi001.perseus-lat1.tb.xml,VERB,advcl:cmp,VERB,advcl,1,PROVISIONAL
la,phi0620.phi001.perseus-lat1.tb.xml,VERB,amod,VERB,amod,13,PROVISIONAL
la,phi0620.phi001.perseus-lat1.tb.xml,VERB,ccomp,VERB,ccomp,48,PROVISIONAL
la,phi0620.phi001.perseus-lat1.tb.xml,VERB,conj,VERB,conj,68,PROVISIONAL
la,phi0620.phi001.perseus-lat1.tb.xml,VERB,csubj,VERB,csubj,10,PROVISIONAL
la,phi0620.phi001.perseus-lat1.tb.xml,VERB,nmod,VERB,nmod,43,PROVISIONAL
la,phi0620.phi001.perseus-lat1.tb.xml,VERB,obl,VERB,obl,4,PROVISIONAL
la,phi0620.phi001.perseus-lat1.tb.xml,VERB,parataxis,VERB,parataxis,4,PROVISIONAL
la,phi0620.phi001.perseus-lat1.tb.xml,VERB,root,VERB,root,201,PROVISIONAL
la,phi0620.phi001.perseus-lat1.tb.xml,VERB,xcomp,VERB,xcomp,70,PROVISIONAL
la,phi0631.phi001.perseus-lat1.tb.xml,ADJ,advcl,ADJ,advcl,7,PROVISIONAL
la,phi0631.phi001.perseus-lat1.tb.xml,ADJ,advmod,ADJ,advmod,3,PROVISIONAL
la,phi0631.phi001.perseus-lat1.tb.xml,ADJ,amod,ADJ,amod,231,PROVISIONAL
la,phi0631.phi001.perseus-lat1.tb.xml,ADJ,ccomp,ADJ,ccomp,1,PROVISIONAL
la,phi0631.phi001.perseus-lat1.tb.xml,ADJ,conj,ADJ,conj,31,PROVISIONAL
la,phi0631.phi001.perseus-lat1.tb.xml,ADJ,nmod,ADJ,nmod,5,PROVISIONAL
la,phi0631.phi001.perseus-lat1.tb.xml,ADJ,nsubj,ADJ,nsubj,13,PROVISIONAL
la,phi0631.phi001.perseus-lat1.tb.xml,ADJ,nsubj:pass,ADJ,nsubj,2,PROVISIONAL
la,phi0631.phi001.perseus-lat1.tb.xml,ADJ,obj,ADJ,obj,9,PROVISIONAL
la,phi0631.phi001.perseus-lat1.tb.xml,ADJ,obl,ADJ,obl,22,PROVISIONAL
la,phi0631.phi001.perseus-lat1.tb.xml,ADJ,obl:arg,ADJ,obl,1,PROVISIONAL
la,phi0631.phi001.perseus-lat1.tb.xml,ADJ,root,ADJ,root,16,PROVISIONAL
la,phi0631.phi001.perseus-lat1.tb.xml,ADJ,xcomp,ADJ,xcomp,19,PROVISIONAL
la,phi0631.phi001.perseus-lat1.tb.xml,ADP,case,ADP,case,279,PROVISIONAL
la,phi0631.phi001.perseus-lat1.tb.xml,ADP,mark,ADP,mark,2,PROVISIONAL
la,phi0631.phi001.perseus-lat1.tb.xml,ADV,advmod,ADV,advmod,259,PROVISIONAL
la,phi0631.phi001.perseus-lat1.tb.xml,ADV,advmod:emph,ADV,advmod,5,PROVISIONAL
la,phi0631.phi001.perseus-lat1.tb.xml,ADV,advmod:lmod,ADV,advmod,11,PROVISIONAL
la,phi0631.phi001.perseus-lat1.tb.xml,ADV,advmod:tmod,ADV,advmod,36,PROVISIONAL
la,phi0631.phi001.perseus-lat1.tb.xml,ADV,conj,ADV,conj,5,PROVISIONAL
la,phi0631.phi001.perseus-lat1.tb.xml,ADV,discourse,ADV,discourse,2,PROVISIONAL
la,phi0631.phi001.perseus-lat1.tb.xml,ADV,mark,ADV,mark,7,PROVISIONAL
la,phi0631.phi001.perseus-lat1.tb.xml,ADV,nmod,ADV,nmod,6,PROVISIONAL
la,phi0631.phi001.perseus-lat1.tb.xml,ADV,obj,ADV,obj,1,PROVISIONAL
la,phi0631.phi001.perseus-lat1.tb.xml,AUX,aux,AUX,aux,3,PROVISIONAL
la,phi0631.phi001.perseus-lat1.tb.xml,AUX,aux:pass,AUX,aux,4,PROVISIONAL
la,phi0631.phi001.perseus-lat1.tb.xml,AUX,cop,AUX,cop,56,PROVISIONAL
la,phi0631.phi001.perseus-lat1.tb.xml,CCONJ,advmod:emph,CCONJ,advmod,2,PROVISIONAL
la,phi0631.phi001.perseus-lat1.tb.xml,CCONJ,cc,CCONJ,cc,264,PROVISIONAL
la,phi0631.phi001.perseus-lat1.tb.xml,CCONJ,conj,CCONJ,conj,1,PROVISIONAL
la,phi0631.phi001.perseus-lat1.tb.xml,DET,amod,DET,amod,4,PROVISIONAL
la,phi0631.phi001.perseus-lat1.tb.xml,DET,conj,DET,conj,10,PROVISIONAL
la,phi0631.phi001.perseus-lat1.tb.xml,DET,det,DET,det,149,PROVISIONAL
la,phi0631.phi001.perseus-lat1.tb.xml,DET,nmod,DET,nmod,14,PROVISIONAL
la,phi0631.phi001.perseus-lat1.tb.xml,DET,nsubj,DET,nsubj,50,PROVISIONAL
la,phi0631.phi001.perseus-lat1.tb.xml,DET,nsubj:pass,DET,nsubj,9,PROVISIONAL
la,phi0631.phi001.perseus-lat1.tb.xml,DET,obj,DET,obj,34,PROVISIONAL
la,phi0631.phi001.perseus-lat1.tb.xml,DET,obl,DET,obl,23,PROVISIONAL
la,phi0631.phi001.perseus-lat1.tb.xml,DET,obl:arg,DET,obl,7,PROVISIONAL
la,phi0631.phi001.perseus-lat1.tb.xml,DET,root,DET,root,1,PROVISIONAL
la,phi0631.phi001.perseus-lat1.tb.xml,DET,xcomp,DET,xcomp,1,PROVISIONAL
la,phi0631.phi001.perseus-lat1.tb.xml,NOUN,acl:relcl,NOUN,acl,3,PROVISIONAL
la,phi0631.phi001.perseus-lat1.tb.xml,NOUN,advcl,NOUN,advcl,1,PROVISIONAL
la,phi0631.phi001.perseus-lat1.tb.xml,NOUN,advcl:cmp,NOUN,advcl,2,PROVISIONAL
la,phi0631.phi001.perseus-lat1.tb.xml,NOUN,amod,NOUN,amod,1,PROVISIONAL
la,phi0631.phi001.perseus-lat1.tb.xml,NOUN,appos,NOUN,appos,10,PROVISIONAL
la,phi0631.phi001.perseus-lat1.tb.xml,NOUN,conj,NOUN,conj,140,PROVISIONAL
la,phi0631.phi001.perseus-lat1.tb.xml,NOUN,conj:expl,NOUN,conj,1,PROVISIONAL
la,phi0631.phi001.perseus-lat1.tb.xml,NOUN,iobj,NOUN,iobj,1,PROVISIONAL
la,phi0631.phi001.perseus-lat1.tb.xml,NOUN,nmod,NOUN,nmod,126,PROVISIONAL
la,phi0631.phi001.perseus-lat1.tb.xml,NOUN,nsubj,NOUN,nsubj,135,PROVISIONAL
la,phi0631.phi001.perseus-lat1.tb.xml,NOUN,nsubj:pass,NOUN,nsubj,75,PROVISIONAL
la,phi0631.phi001.perseus-lat1.tb.xml,NOUN,obj,NOUN,obj,249,PROVISIONAL
la,phi0631.phi001.perseus-lat1.tb.xml,NOUN,obl,NOUN,obl,318,PROVISIONAL
la,phi0631.phi001.perseus-lat1.tb.xml,NOUN,obl:arg,NOUN,obl,23,PROVISIONAL
la,phi0631.phi001.perseus-lat1.tb.xml,NOUN,root,NOUN,root,10,PROVISIONAL
la,phi0631.phi001.perseus-lat1.tb.xml,NOUN,vocative,NOUN,vocative,7,PROVISIONAL
la,phi0631.phi001.perseus-lat1.tb.xml,NOUN,xcomp,NOUN,xcomp,11,PROVISIONAL
la,phi0631.phi001.perseus-lat1.tb.xml,NUM,nummod,NUM,nummod,9,PROVISIONAL
la,phi0631.phi001.perseus-lat1.tb.xml,NUM,obl,NUM,obl,1,PROVISIONAL
la,phi0631.phi001.perseus-lat1.tb.xml,PART,advmod:neg,PART,advmod,22,PROVISIONAL
la,phi0631.phi001.perseus-lat1.tb.xml,PART,discourse,PART,discourse,31,PROVISIONAL
la,phi0631.phi001.perseus-lat1.tb.xml,PRON,amod,PRON,amod,1,PROVISIONAL
la,phi0631.phi001.perseus-lat1.tb.xml,PRON,appos,PRON,appos,2,PROVISIONAL
la,phi0631.phi001.perseus-lat1.tb.xml,PRON,conj,PRON,conj,1,PROVISIONAL
la,phi0631.phi001.perseus-lat1.tb.xml,PRON,det,PRON,det,2,PROVISIONAL
la,phi0631.phi001.perseus-lat1.tb.xml,PRON,nmod,PRON,nmod,25,PROVISIONAL
la,phi0631.phi001.perseus-lat1.tb.xml,PRON,nsubj,PRON,nsubj,91,PROVISIONAL
la,phi0631.phi001.perseus-lat1.tb.xml,PRON,nsubj:outer,PRON,nsubj,1,PROVISIONAL
la,phi0631.phi001.perseus-lat1.tb.xml,PRON,nsubj:pass,PRON,nsubj,10,PROVISIONAL
la,phi0631.phi001.perseus-lat1.tb.xml,PRON,obj,PRON,obj,75,PROVISIONAL
la,phi0631.phi001.perseus-lat1.tb.xml,PRON,obl,PRON,obl,24,PROVISIONAL
la,phi0631.phi001.perseus-lat1.tb.xml,PRON,obl:arg,PRON,obl,26,PROVISIONAL
la,phi0631.phi001.perseus-lat1.tb.xml,PRON,root,PRON,root,1,PROVISIONAL
la,phi0631.phi001.perseus-lat1.tb.xml,PROPN,conj,NOUN,conj,15,PROVISIONAL
la,phi0631.phi001.perseus-lat1.tb.xml,PROPN,flat:name,NOUN,flat,34,PROVISIONAL
la,phi0631.phi001.perseus-lat1.tb.xml,PROPN,nmod,NOUN,nmod,22,PROVISIONAL
la,phi0631.phi001.perseus-lat1.tb.xml,PROPN,nsubj,NOUN,nsubj,47,PROVISIONAL
la,phi0631.phi001.perseus-lat1.tb.xml,PROPN,nsubj:pass,NOUN,nsubj,11,PROVISIONAL
la,phi0631.phi001.perseus-lat1.tb.xml,PROPN,obj,NOUN,obj,15,PROVISIONAL
la,phi0631.phi001.perseus-lat1.tb.xml,PROPN,obl,NOUN,obl,28,PROVISIONAL
la,phi0631.phi001.perseus-lat1.tb.xml,PROPN,obl:arg,NOUN,obl,3,PROVISIONAL
la,phi0631.phi001.perseus-lat1.tb.xml,PUNCT,punct,PUNCT,punct,795,PROVISIONAL
la,phi0631.phi001.perseus-lat1.tb.xml,SCONJ,cc,SCONJ,cc,3,PROVISIONAL
la,phi0631.phi001.perseus-lat1.tb.xml,SCONJ,mark,SCONJ,mark,128,PROVISIONAL
la,phi0631.phi001.perseus-lat1.tb.xml,VERB,acl,VERB,acl,11,PROVISIONAL
la,phi0631.phi001.perseus-lat1.tb.xml,VERB,acl:relcl,VERB,acl,60,PROVISIONAL
la,phi0631.phi001.perseus-lat1.tb.xml,VERB,advcl,VERB,advcl,151,PROVISIONAL
la,phi0631.phi001.perseus-lat1.tb.xml,VERB,advcl:abs,VERB,advcl,34,PROVISIONAL
la,phi0631.phi001.perseus-lat1.tb.xml,VERB,advcl:cmp,VERB,advcl,7,PROVISIONAL
la,phi0631.phi001.perseus-lat1.tb.xml,VERB,amod,VERB,amod,21,PROVISIONAL
la,phi0631.phi001.perseus-lat1.tb.xml,VERB,ccomp,VERB,ccomp,56,PROVISIONAL
la,phi0631.phi001.perseus-lat1.tb.xml,VERB,conj,VERB,conj,120,PROVISIONAL
la,phi0631.phi001.perseus-lat1.tb.xml,VERB,csubj,VERB,csubj,21,PROVISIONAL
la,phi0631.phi001.perseus-lat1.tb.xml,VERB,nmod,VERB,nmod,24,PROVISIONAL
la,phi0631.phi001.perseus-lat1.tb.xml,VERB,obj,VERB,obj,2,PROVISIONAL
la,phi0631.phi001.perseus-lat1.tb.xml,VERB,obl,VERB,obl,5,PROVISIONAL
la,phi0631.phi001.perseus-lat1.tb.xml,VERB,root,VERB,root,308,PROVISIONAL
la,phi0631.phi001.perseus-lat1.tb.xml,VERB,xcomp,VERB,xcomp,38,PROVISIONAL
la,phi0690.phi003.perseus-lat1.tb.xml,ADJ,advcl,ADJ,advcl,1,PROVISIONAL
la,phi0690.phi003.perseus-lat1.tb.xml,ADJ,amod,ADJ,amod,64,PROVISIONAL
la,phi0690.phi003.perseus-lat1.tb.xml,ADJ,ccomp,ADJ,ccomp,1,PROVISIONAL
la,phi0690.phi003.perseus-lat1.tb.xml,ADJ,conj,ADJ,conj,1,PROVISIONAL
la,phi0690.phi003.perseus-lat1.tb.xml,ADJ,nmod,ADJ,nmod,1,PROVISIONAL
la,phi0690.phi003.perseus-lat1.tb.xml,ADJ,nsubj,ADJ,nsubj,2,PROVISIONAL
la,phi0690.phi003.perseus-lat1.tb.xml,ADJ,nsubj:pass,ADJ,nsubj,1,PROVISIONAL
la,phi0690.phi003.perseus-lat1.tb.xml,ADJ,obj,ADJ,obj,4,PROVISIONAL
la,phi0690.phi003.perseus-lat1.tb.xml,ADJ,obl,ADJ,obl,3,PROVISIONAL
la,phi0690.phi003.perseus-lat1.tb.xml,ADJ,vocative,ADJ,vocative,1,PROVISIONAL
la,phi0690.phi003.perseus-lat1.tb.xml,ADJ,xcomp,ADJ,xcomp,3,PROVISIONAL
la,phi0690.phi003.perseus-lat1.tb.xml,ADP,case,ADP,case,22,PROVISIONAL
la,phi0690.phi003.perseus-lat1.tb.xml,ADV,advmod,ADV,advmod,29,PROVISIONAL
la,phi0690.phi003.perseus-lat1.tb.xml,ADV,advmod:lmod,ADV,advmod,2,PROVISIONAL
la,phi0690.phi003.perseus-lat1.tb.xml,ADV,advmod:tmod,ADV,advmod,9,PROVISIONAL
la,phi0690.phi003.perseus-lat1.tb.xml,ADV,discourse,ADV,discourse,2,PROVISIONAL
la,phi0690.phi003.perseus-lat1.tb.xml,ADV,mark,ADV,mark,5,PROVISIONAL
la,phi0690.phi003.perseus-lat1.tb.xml,ADV,obj,ADV,obj,1,PROVISIONAL
la,phi0690.phi003.perseus-lat1.tb.xml,AUX,cop,AUX,cop,4,PROVISIONAL
la,phi0690.phi003.perseus-lat1.tb.xml,CCONJ,advmod:emph,CCONJ,advmod,4,PROVISIONAL
la,phi0690.phi003.perseus-lat1.tb.xml,CCONJ,cc,CCONJ,cc,39,PROVISIONAL
la,phi0690.phi003.perseus-lat1.tb.xml,DET,advcl:pred,DET,advcl,1,PROVISIONAL
la,phi0690.phi003.perseus-lat1.tb.xml,DET,det,DET,det,21,PROVISIONAL
la,phi0690.phi003.perseus-lat1.tb.xml,DET,nsubj,DET,nsubj,9,PROVISIONAL
la,phi0690.phi003.perseus-lat1.tb.xml,DET,nsubj:pass,DET,nsubj,2,PROVISIONAL
la,phi0690.phi003.perseus-lat1.tb.xml,DET,obj,DET,obj,6,PROVISIONAL
la,phi0690.phi003.perseus-lat1.tb.xml,DET,obl,DET,obl,1,PROVISIONAL
la,phi0690.phi003.perseus-lat1.tb.xml,DET,root,DET,root,1,PROVISIONAL
la,phi0690.phi003.perseus-lat1.tb.xml,NOUN,appos,NOUN,appos,1,PROVISIONAL
la,phi0690.phi003.perseus-lat1.tb.xml,NOUN,conj,NOUN,conj,12,PROVISIONAL
la,phi0690.phi003.perseus-lat1.tb.xml,NOUN,nmod,NOUN,nmod,12,PROVISIONAL
la,phi0690.phi003.perseus-lat1.tb.xml,NOUN,nsubj,NOUN,nsubj,37,PROVISIONAL
la,phi0690.phi003.perseus-lat1.tb.xml,NOUN,nsubj:pass,NOUN,nsubj,4,PROVISIONAL
la,phi0690.phi003.perseus-lat1.tb.xml,NOUN,obj,NOUN,obj,36,PROVISIONAL
la,phi0690.phi003.perseus-lat1.tb.xml,NOUN,obl,NOUN,obl,52,PROVISIONAL
la,phi0690.phi003.perseus-lat1.tb.xml,NOUN,obl:arg,NOUN,obl,8,PROVISIONAL
la,phi0690.phi003.perseus-lat1.tb.xml,NOUN,root,NOUN,root,2,PROVISIONAL
la,phi0690.phi003.perseus-lat1.tb.xml,NOUN,xcomp,NOUN,xcomp,3,PROVISIONAL
la,phi0690.phi003.perseus-lat1.tb.xml,NUM,nummod,NUM,nummod,3,PROVISIONAL
la,phi0690.phi003.perseus-lat1.tb.xml,NUM,obj,NUM,obj,1,PROVISIONAL
la,phi0690.phi003.perseus-lat1.tb.xml,PART,advmod:emph,PART,advmod,2,PROVISIONAL
la,phi0690.phi003.perseus-lat1.tb.xml,PART,advmod:neg,PART,advmod,9,PROVISIONAL
la,phi0690.phi003.perseus-lat1.tb.xml,PART,discourse,PART,discourse,1,PROVISIONAL
la,phi0690.phi003.perseus-lat1.tb.xml,PRON,nsubj,PRON,nsubj,4,PROVISIONAL
la,phi0690.phi003.perseus-lat1.tb.xml,PRON,obj,PRON,obj,8,PROVISIONAL
la,phi0690.phi003.perseus-lat1.tb.xml,PRON,obl,PRON,obl,4,PROVISIONAL
la,phi0690.phi003.perseus-lat1.tb.xml,PRON,obl:arg,PRON,obl,2,PROVISIONAL
la,phi0690.phi003.perseus-lat1.tb.xml,PROPN,ccomp,NOUN,ccomp,1,PROVISIONAL
la,phi0690.phi003.perseus-lat1.tb.xml,PROPN,conj,NOUN,conj,1,PROVISIONAL
la,phi0690.phi003.perseus-lat1.tb.xml,PROPN,flat,NOUN,flat,1,PROVISIONAL
la,phi0690.phi003.perseus-lat1.tb.xml,PROPN,flat:name,NOUN,flat,1,PROVISIONAL
la,phi0690.phi003.perseus-lat1.tb.xml,PROPN,nmod,NOUN,nmod,6,PROVISIONAL
la,phi0690.phi003.perseus-lat1.tb.xml,PROPN,nsubj,NOUN,nsubj,11,PROVISIONAL
la,phi0690.phi003.perseus-lat1.tb.xml,PROPN,nsubj:pass,NOUN,nsubj,1,PROVISIONAL
la,phi0690.phi003.perseus-lat1.tb.xml,PROPN,obj,NOUN,obj,4,PROVISIONAL
la,phi0690.phi003.perseus-lat1.tb.xml,PROPN,obl,NOUN,obl,4,PROVISIONAL
la,phi0690.phi003.perseus-lat1.tb.xml,PROPN,obl:arg,NOUN,obl,1,PROVISIONAL
la,phi0690.phi003.perseus-lat1.tb.xml,PROPN,vocative,NOUN,vocative,1,PROVISIONAL
la,phi0690.phi003.perseus-lat1.tb.xml,PUNCT,punct,PUNCT,punct,134,PROVISIONAL
la,phi0690.phi003.perseus-lat1.tb.xml,SCONJ,mark,SCONJ,mark,8,PROVISIONAL
la,phi0690.phi003.perseus-lat1.tb.xml,VERB,acl,VERB,acl,2,PROVISIONAL
la,phi0690.phi003.perseus-lat1.tb.xml,VERB,acl:relcl,VERB,acl,3,PROVISIONAL
la,phi0690.phi003.perseus-lat1.tb.xml,VERB,advcl,VERB,advcl,26,PROVISIONAL
la,phi0690.phi003.perseus-lat1.tb.xml,VERB,advcl:abs,VERB,advcl,3,PROVISIONAL
la,phi0690.phi003.perseus-lat1.tb.xml,VERB,amod,VERB,amod,7,PROVISIONAL
la,phi0690.phi003.perseus-lat1.tb.xml,VERB,ccomp,VERB,ccomp,4,PROVISIONAL
la,phi0690.phi003.perseus-lat1.tb.xml,VERB,conj,VERB,conj,22,PROVISIONAL
la,phi0690.phi003.perseus-lat1.tb.xml,VERB,csubj,VERB,csubj,4,PROVISIONAL
la,phi0690.phi003.perseus-lat1.tb.xml,VERB,nmod,VERB,nmod,12,PROVISIONAL
la,phi0690.phi003.perseus-lat1.tb.xml,VERB,obl,VERB,obl,1,PROVISIONAL
la,phi0690.phi003.perseus-lat1.tb.xml,VERB,parataxis,VERB,parataxis,1,PROVISIONAL
la,phi0690.phi003.perseus-lat1.tb.xml,VERB,root,VERB,root,65,PROVISIONAL
la,phi0690.phi003.perseus-lat1.tb.xml,VERB,xcomp,VERB,xcomp,14,PROVISIONAL
la,phi0959.phi006.perseus-lat1.tb.xml,ADJ,advcl,ADJ,advcl,1,PROVISIONAL
la,phi0959.phi006.perseus-lat1.tb.xml,ADJ,advcl:cmp,ADJ,advcl,2,PROVISIONAL
la,phi0959.phi006.perseus-lat1.tb.xml,ADJ,advcl:pred,ADJ,advcl,2,PROVISIONAL
la,phi0959.phi006.perseus-lat1.tb.xml,ADJ,advmod,ADJ,advmod,7,PROVISIONAL
la,phi0959.phi006.perseus-lat1.tb.xml,ADJ,amod,ADJ,amod,183,PROVISIONAL
la,phi0959.phi006.perseus-lat1.tb.xml,ADJ,ccomp,ADJ,ccomp,2,PROVISIONAL
la,phi0959.phi006.perseus-lat1.tb.xml,ADJ,conj,ADJ,conj,10,PROVISIONAL
la,phi0959.phi006.perseus-lat1.tb.xml,ADJ,nmod,ADJ,nmod,1,PROVISIONAL
la,phi0959.phi006.perseus-lat1.tb.xml,ADJ,nsubj,ADJ,nsubj,3,PROVISIONAL
la,phi0959.phi006.perseus-lat1.tb.xml,ADJ,nsubj:pass,ADJ,nsubj,1,PROVISIONAL
la,phi0959.phi006.perseus-lat1.tb.xml,ADJ,obj,ADJ,obj,5,PROVISIONAL
la,phi0959.phi006.perseus-lat1.tb.xml,ADJ,obl,ADJ,obl,2,PROVISIONAL
la,phi0959.phi006.perseus-lat1.tb.xml,ADJ,root,ADJ,root,13,PROVISIONAL
la,phi0959.phi006.perseus-lat1.tb.xml,ADJ,vocative,ADJ,vocative,2,PROVISIONAL
la,phi0959.phi006.perseus-lat1.tb.xml,ADJ,xcomp,ADJ,xcomp,10,PROVISIONAL
la,phi0959.phi006.perseus-lat1.tb.xml,ADP,case,ADP,case,89,PROVISIONAL
la,phi0959.phi006.perseus-lat1.tb.xml,ADP,cc,ADP,cc,1,PROVISIONAL
la,phi0959.phi006.perseus-lat1.tb.xml,ADV,acl,ADV,acl,1,PROVISIONAL
la,phi0959.phi006.perseus-lat1.tb.xml,ADV,advmod,ADV,advmod,79,PROVISIONAL
la,phi0959.phi006.perseus-lat1.tb.xml,ADV,advmod:emph,ADV,advmod,1,PROVISIONAL
la,phi0959.phi006.perseus-lat1.tb.xml,ADV,advmod:lmod,ADV,advmod,14,PROVISIONAL
la,phi0959.phi006.perseus-lat1.tb.xml,ADV,advmod:tmod,ADV,advmod,11,PROVISIONAL
la,phi0959.phi006.perseus-lat1.tb.xml,ADV,conj,ADV,conj,1,PROVISIONAL
la,phi0959.phi006.perseus-lat1.tb.xml,ADV,discourse,ADV,discourse,1,PROVISIONAL
la,phi0959.phi006.perseus-lat1.tb.xml,ADV,mark,ADV,mark,4,PROVISIONAL
la,phi0959.phi006.perseus-lat1.tb.xml,ADV,orphan,ADV,orphan,1,PROVISIONAL
la,phi0959.phi006.perseus-lat1.tb.xml,AUX,aux:pass,AUX,aux,2,PROVISIONAL
la,phi0959.phi006.perseus-lat1.tb.xml,AUX,cop,AUX,cop,39,PROVISIONAL
la,phi0959.phi006.perseus-lat1.tb.xml,CCONJ,advmod,CCONJ,advmod,3,PROVISIONAL
la,phi0959.phi006.perseus-lat1.tb.xml,CCONJ,advmod:emph,CCONJ,advmod,8,PROVISIONAL
la,phi0959.phi006.perseus-lat1.tb.xml,CCONJ,cc,CCONJ,cc,188,PROVISIONAL
la,phi0959.phi006.perseus-lat1.tb.xml,DET,advmod,DET,advmod,1,PROVISIONAL
la,phi0959.phi006.perseus-lat1.tb.xml,DET,amod,DET,amod,2,PROVISIONAL
la,phi0959.phi006.perseus-lat1.tb.xml,DET,conj,DET,conj,1,PROVISIONAL
la,phi0959.phi006.perseus-lat1.tb.xml,DET,det,DET,det,67,PROVISIONAL
la,phi0959.phi006.perseus-lat1.tb.xml,DET,det:numgov,DET,det,1,PROVISIONAL
la,phi0959.phi006.perseus-lat1.tb.xml,DET,nmod,DET,nmod,3,PROVISIONAL
la,phi0959.phi006.perseus-lat1.tb.xml,DET,nsubj,DET,nsubj,29,PROVISIONAL
la,phi0959.phi006.perseus-lat1.tb.xml,DET,nsubj:pass,DET,nsubj,2,PROVISIONAL
la,phi0959.phi006.perseus-lat1.tb.xml,DET,obj,DET,obj,19,PROVISIONAL
la,phi0959.phi006.perseus-lat1.tb.xml,DET,obl,DET,obl,7,PROVISIONAL
la,phi0959.phi006.perseus-lat1.tb.xml,DET,obl:arg,DET,obl,1,PROVISIONAL
la,phi0959.phi006.perseus-lat1.tb.xml,DET,orphan,DET,orphan,1,PROVISIONAL
la,phi0959.phi006.perseus-lat1.tb.xml,INTJ,discourse,INTJ,discourse,3,PROVISIONAL
la,phi0959.phi006.perseus-lat1.tb.xml,NOUN,advcl,NOUN,advcl,5,PROVISIONAL
la,phi0959.phi006.perseus-lat1.tb.xml,NOUN,advcl:cmp,NOUN,advcl,2,PROVISIONAL
la,phi0959.phi006.perseus-lat1.tb.xml,NOUN,advcl:pred,NOUN,advcl,1,PROVISIONAL
la,phi0959.phi006.perseus-lat1.tb.xml,NOUN,appos,NOUN,appos,2,PROVISIONAL
la,phi0959.phi006.perseus-lat1.tb.xml,NOUN,ccomp,NOUN,ccomp,3,PROVISIONAL
la,phi0959.phi006.perseus-lat1.tb.xml,NOUN,conj,NOUN,conj,42,PROVISIONAL
la,phi0959.phi006.perseus-lat1.tb.xml,NOUN,nmod,NOUN,nmod,72,PROVISIONAL
la,phi0959.phi006.perseus-lat1.tb.xml,NOUN,nsubj,NOUN,nsubj,109,PROVISIONAL
la,phi0959.phi006.perseus-lat1.tb.xml,NOUN,nsubj:pass,NOUN,nsubj,32,PROVISIONAL
la,phi0959.phi006.perseus-lat1.tb.xml,NOUN,obj,NOUN,obj,169,PROVISIONAL
la,phi0959.phi006.perseus-lat1.tb.xml,NOUN,obl,NOUN,obl,173,PROVISIONAL
la,phi0959.phi006.perseus-lat1.tb.xml,NOUN,obl:arg,NOUN,obl,17,PROVISIONAL
la,phi0959.phi006.perseus-lat1.tb.xml,NOUN,obl:cmp,NOUN,obl,1,PROVISIONAL
la,phi0959.phi006.perseus-lat1.tb.xml,NOUN,orphan,NOUN,orphan,1,PROVISIONAL
la,phi0959.phi006.perseus-lat1.tb.xml,NOUN,root,NOUN,root,7,PROVISIONAL
la,phi0959.phi006.perseus-lat1.tb.xml,NOUN,vocative,NOUN,vocative,8,PROVISIONAL
la,phi0959.phi006.perseus-lat1.tb.xml,NOUN,xcomp,NOUN,xcomp,4,PROVISIONAL
la,phi0959.phi006.perseus-lat1.tb.xml,NUM,nummod,NUM,nummod,6,PROVISIONAL
la,phi0959.phi006.perseus-lat1.tb.xml,PART,advmod:emph,PART,advmod,8,PROVISIONAL
la,phi0959.phi006.perseus-lat1.tb.xml,PART,advmod:neg,PART,advmod,13,PROVISIONAL
la,phi0959.phi006.perseus-lat1.tb.xml,PART,discourse,PART,discourse,5,PROVISIONAL
la,phi0959.phi006.perseus-lat1.tb.xml,PRON,acl:relcl,PRON,acl,1,PROVISIONAL
la,phi0959.phi006.perseus-lat1.tb.xml,PRON,ccomp,PRON,ccomp,1,PROVISIONAL
la,phi0959.phi006.perseus-lat1.tb.xml,PRON,nmod,PRON,nmod,2,PROVISIONAL
la,phi0959.phi006.perseus-lat1.tb.xml,PRON,nsubj,PRON,nsubj,20,PROVISIONAL
la,phi0959.phi006.perseus-lat1.tb.xml,PRON,nsubj:pass,PRON,nsubj,4,PROVISIONAL
la,phi0959.phi006.perseus-lat1.tb.xml,PRON,obj,PRON,obj,25,PROVISIONAL
la,phi0959.phi006.perseus-lat1.tb.xml,PRON,obl,PRON,obl,15,PROVISIONAL
la,phi0959.phi006.perseus-lat1.tb.xml,PRON,obl:arg,PRON,obl,9,PROVISIONAL
la,phi0959.phi006.perseus-lat1.tb.xml,PRON,root,PRON,root,1,PROVISIONAL
la,phi0959.phi006.perseus-lat1.tb.xml,PROPN,advcl:pred,NOUN,advcl,1,PROVISIONAL
la,phi0959.phi006.perseus-lat1.tb.xml,PROPN,conj,NOUN,conj,7,PROVISIONAL
la,phi0959.phi006.perseus-lat1.tb.xml,PROPN,conj:expl,NOUN,conj,1,PROVISIONAL
la,phi0959.phi006.perseus-lat1.tb.xml,PROPN,nmod,NOUN,nmod,9,PROVISIONAL
la,phi0959.phi006.perseus-lat1.tb.xml,PROPN,nsubj,NOUN,nsubj,22,PROVISIONAL
la,phi0959.phi006.perseus-lat1.tb.xml,PROPN,nsubj:pass,NOUN,nsubj,1,PROVISIONAL
la,phi0959.phi006.perseus-lat1.tb.xml,PROPN,obj,NOUN,obj,13,PROVISIONAL
la,phi0959.phi006.perseus-lat1.tb.xml,PROPN,obl,NOUN,obl,3,PROVISIONAL
la,phi0959.phi006.perseus-lat1.tb.xml,PROPN,obl:arg,NOUN,obl,1,PROVISIONAL
la,phi0959.phi006.perseus-lat1.tb.xml,PROPN,orphan,NOUN,orphan,1,PROVISIONAL
la,phi0959.phi006.perseus-lat1.tb.xml,PROPN,vocative,NOUN,vocative,3,PROVISIONAL
la,phi0959.phi006.perseus-lat1.tb.xml,PROPN,xcomp,NOUN,xcomp,2,PROVISIONAL
la,phi0959.phi006.perseus-lat1.tb.xml,PUNCT,punct,PUNCT,punct,422,PROVISIONAL
la,phi0959.phi006.perseus-lat1.tb.xml,SCONJ,cc,SCONJ,cc,3,PROVISIONAL
la,phi0959.phi006.perseus-lat1.tb.xml,SCONJ,mark,SCONJ,mark,40,PROVISIONAL
la,phi0959.phi006.perseus-lat1.tb.xml,VERB,acl,VERB,acl,13,PROVISIONAL
la,phi0959.phi006.perseus-lat1.tb.xml,VERB,acl:relcl,VERB,acl,18,PROVISIONAL
la,phi0959.phi006.perseus-lat1.tb.xml,VERB,advcl,VERB,advcl,53,PROVISIONAL
la,phi0959.phi006.perseus-lat1.tb.xml,VERB,advcl:abs,VERB,advcl,17,PROVISIONAL
la,phi0959.phi006.perseus-lat1.tb.xml,VERB,advcl:pred,VERB,advcl,2,PROVISIONAL
la,phi0959.phi006.perseus-lat1.tb.xml,VERB,amod,VERB,amod,22,PROVISIONAL
la,phi0959.phi006.perseus-lat1.tb.xml,VERB,ccomp,VERB,ccomp,21,PROVISIONAL
la,phi0959.phi006.perseus-lat1.tb.xml,VERB,ccomp:reported,VERB,ccomp,1,PROVISIONAL
la,phi0959.phi006.perseus-lat1.tb.xml,VERB,conj,VERB,conj,140,PROVISIONAL
la,phi0959.phi006.perseus-lat1.tb.xml,VERB,conj:expl,VERB,conj,1,PROVISIONAL
la,phi0959.phi006.perseus-lat1.tb.xml,VERB,csubj,VERB,csubj,8,PROVISIONAL
la,phi0959.phi006.perseus-lat1.tb.xml,VERB,nmod,VERB,nmod,37,PROVISIONAL
la,phi0959.phi006.perseus-lat1.tb.xml,VERB,nsubj,VERB,nsubj,1,PROVISIONAL
la,phi0959.phi006.perseus-lat1.tb.xml,VERB,obj,VERB,obj,2,PROVISIONAL
la,phi0959.phi006.perseus-lat1.tb.xml,VERB,obl,VERB,obl,2,PROVISIONAL
la,phi0959.phi006.perseus-lat1.tb.xml,VERB,orphan,VERB,orphan,1,PROVISIONAL
la,phi0959.phi006.perseus-lat1.tb.xml,VERB,parataxis,VERB,parataxis,3,PROVISIONAL
la,phi0959.phi006.perseus-lat1.tb.xml,VERB,root,VERB,root,162,PROVISIONAL
la,phi0959.phi006.perseus-lat1.tb.xml,VERB,xcomp,VERB,xcomp,39,PROVISIONAL
la,phi0959.phi006.perseus-lat1.tb.xml,X,cc,X,cc,1,PROVISIONAL
la,phi0972.phi001.perseus-lat1.xml,ADJ,acl:relcl,ADJ,acl,1,PROVISIONAL
la,phi0972.phi001.perseus-lat1.xml,ADJ,advcl,ADJ,advcl,4,PROVISIONAL
la,phi0972.phi001.perseus-lat1.xml,ADJ,advcl:cmp,ADJ,advcl,1,PROVISIONAL
la,phi0972.phi001.perseus-lat1.xml,ADJ,advmod,ADJ,advmod,5,PROVISIONAL
la,phi0972.phi001.perseus-lat1.xml,ADJ,amod,ADJ,amod,203,PROVISIONAL
la,phi0972.phi001.perseus-lat1.xml,ADJ,appos,ADJ,appos,1,PROVISIONAL
la,phi0972.phi001.perseus-lat1.xml,ADJ,ccomp,ADJ,ccomp,1,PROVISIONAL
la,phi0972.phi001.perseus-lat1.xml,ADJ,conj,ADJ,conj,19,PROVISIONAL
la,phi0972.phi001.perseus-lat1.xml,ADJ,conj:expl,ADJ,conj,1,PROVISIONAL
la,phi0972.phi001.perseus-lat1.xml,ADJ,nmod,ADJ,nmod,3,PROVISIONAL
la,phi0972.phi001.perseus-lat1.xml,ADJ,nsubj,ADJ,nsubj,9,PROVISIONAL
la,phi0972.phi001.perseus-lat1.xml,ADJ,nsubj:pass,ADJ,nsubj,1,PROVISIONAL
la,phi0972.phi001.perseus-lat1.xml,ADJ,obj,ADJ,obj,22,PROVISIONAL
la,phi0972.phi001.perseus-lat1.xml,ADJ,obl,ADJ,obl,7,PROVISIONAL
la,phi0972.phi001.perseus-lat1.xml,ADJ,root,ADJ,root,21,PROVISIONAL
la,phi0972.phi001.perseus-lat1.xml,ADJ,xcomp,ADJ,xcomp,18,PROVISIONAL
la,phi0972.phi001.perseus-lat1.xml,ADP,case,ADP,case,269,PROVISIONAL
la,phi0972.phi001.perseus-lat1.xml,ADP,mark,ADP,mark,2,PROVISIONAL
la,phi0972.phi001.perseus-lat1.xml,ADV,advmod,ADV,advmod,322,PROVISIONAL
la,phi0972.phi001.perseus-lat1.xml,ADV,advmod:emph,ADV,advmod,26,PROVISIONAL
la,phi0972.phi001.perseus-lat1.xml,ADV,advmod:lmod,ADV,advmod,6,PROVISIONAL
la,phi0972.phi001.perseus-lat1.xml,ADV,advmod:tmod,ADV,advmod,48,PROVISIONAL
la,phi0972.phi001.perseus-lat1.xml,ADV,appos,ADV,appos,1,PROVISIONAL
la,phi0972.phi001.perseus-lat1.xml,ADV,case,ADV,case,3,PROVISIONAL
la,phi0972.phi001.perseus-lat1.xml,ADV,conj,ADV,conj,8,PROVISIONAL
la,phi0972.phi001.perseus-lat1.xml,ADV,discourse,ADV,discourse,17,PROVISIONAL
la,phi0972.phi001.perseus-lat1.xml,ADV,mark,ADV,mark,1,PROVISIONAL
la,phi0972.phi001.perseus-lat1.xml,ADV,nmod,ADV,nmod,3,PROVISIONAL
la,phi0972.phi001.perseus-lat1.xml,ADV,obj,ADV,obj,7,PROVISIONAL
la,phi0972.phi001.perseus-lat1.xml,ADV,obl,ADV,obl,3,PROVISIONAL
la,phi0972.phi001.perseus-lat1.xml,ADV,root,ADV,root,2,PROVISIONAL
la,phi0972.phi001.perseus-lat1.xml,AUX,cop,AUX,cop,89,PROVISIONAL
la,phi0972.phi001.perseus-lat1.xml,CCONJ,advmod,CCONJ,advmod,1,PROVISIONAL
la,phi0972.phi001.perseus-lat1.xml,CCONJ,advmod:emph,CCONJ,advmod,7,PROVISIONAL
la,phi0972.phi001.perseus-lat1.xml,CCONJ,cc,CCONJ,cc,272,PROVISIONAL
la,phi0972.phi001.perseus-lat1.xml,CCONJ,conj,CCONJ,conj,1,PROVISIONAL
la,phi0972.phi001.perseus-lat1.xml,CCONJ,root,CCONJ,root,1,PROVISIONAL
la,phi0972.phi001.perseus-lat1.xml,DET,acl:relcl,DET,acl,1,PROVISIONAL
la,phi0972.phi001.perseus-lat1.xml,DET,amod,DET,amod,4,PROVISIONAL
la,phi0972.phi001.perseus-lat1.xml,DET,conj,DET,conj,7,PROVISIONAL
la,phi0972.phi001.perseus-lat1.xml,DET,det,DET,det,170,PROVISIONAL
la,phi0972.phi001.perseus-lat1.xml,DET,iobj,DET,iobj,1,PROVISIONAL
la,phi0972.phi001.perseus-lat1.xml,DET,nmod,DET,nmod,18,PROVISIONAL
la,phi0972.phi001.perseus-lat1.xml,DET,nsubj,DET,nsubj,50,PROVISIONAL
la,phi0972.phi001.perseus-lat1.xml,DET,nsubj:pass,DET,nsubj,5,PROVISIONAL
la,phi0972.phi001.perseus-lat1.xml,DET,obj,DET,obj,45,PROVISIONAL
la,phi0972.phi001.perseus-lat1.xml,DET,obl,DET,obl,20,PROVISIONAL
la,phi0972.phi001.perseus-lat1.xml,DET,obl:arg,DET,obl,4,PROVISIONAL
la,phi0972.phi001.perseus-lat1.xml,DET,root,DET,root,3,PROVISIONAL
la,phi0972.phi001.perseus-lat1.xml,INTJ,discourse,INTJ,discourse,10,PROVISIONAL
la,phi0972.phi001.perseus-lat1.xml,INTJ,obj,INTJ,obj,1,PROVISIONAL
la,phi0972.phi001.perseus-lat1.xml,NOUN,acl,NOUN,acl,1,PROVISIONAL
la,phi0972.phi001.perseus-lat1.xml,NOUN,acl:relcl,NOUN,acl,4,PROVISIONAL
la,phi0972.phi001.perseus-lat1.xml,NOUN,advcl,NOUN,advcl,1,PROVISIONAL
la,phi0972.phi001.perseus-lat1.xml,NOUN,advcl:cmp,NOUN,advcl,11,PROVISIONAL
la,phi0972.phi001.perseus-lat1.xml,NOUN,amod,NOUN,amod,1,PROVISIONAL
la,phi0972.phi001.perseus-lat1.xml,NOUN,appos,NOUN,appos,11,PROVISIONAL
la,phi0972.phi001.perseus-lat1.xml,NOUN,ccomp,NOUN,ccomp,1,PROVISIONAL
la,phi0972.phi001.perseus-lat1.xml,NOUN,conj,NOUN,conj,98,PROVISIONAL
la,phi0972.phi001.perseus-lat1.xml,NOUN,conj:expl,NOUN,conj,3,PROVISIONAL
la,phi0972.phi001.perseus-lat1.xml,NOUN,nmod,NOUN,nmod,98,PROVISIONAL
la,phi0972.phi001.perseus-lat1.xml,NOUN,nsubj,NOUN,nsubj,169,PROVISIONAL
la,phi0972.phi001.perseus-lat1.xml,NOUN,nsubj:pass,NOUN,nsubj,43,PROVISIONAL
la,phi0972.phi001.perseus-lat1.xml,NOUN,obj,NOUN,obj,359,PROVISIONAL
la,phi0972.phi001.perseus-lat1.xml,NOUN,obl,NOUN,obl,291,PROVISIONAL
la,phi0972.phi001.perseus-lat1.xml,NOUN,obl:arg,NOUN,obl,17,PROVISIONAL
la,phi0972.phi001.perseus-lat1.xml,NOUN,orphan,NOUN,orphan,2,PROVISIONAL
la,phi0972.phi001.perseus-lat1.xml,NOUN,parataxis,NOUN,parataxis,1,PROVISIONAL
la,phi0972.phi001.perseus-lat1.xml,NOUN,root,NOUN,root,33,PROVISIONAL
la,phi0972.phi001.perseus-lat1.xml,NOUN,vocative,NOUN,vocative,7,PROVISIONAL
la,phi0972.phi001.perseus-lat1.xml,NOUN,xcomp,NOUN,xcomp,14,PROVISIONAL
la,phi0972.phi001.perseus-lat1.xml,NUM,nsubj,NUM,nsubj,1,PROVISIONAL
la,phi0972.phi001.perseus-lat1.xml,NUM,nsubj:pass,NUM,nsubj,1,PROVISIONAL
la,phi0972.phi001.perseus-lat1.xml,NUM,nummod,NUM,nummod,33,PROVISIONAL
la,phi0972.phi001.perseus-lat1.xml,NUM,obj,NUM,obj,1,PROVISIONAL
la,phi0972.phi001.perseus-lat1.xml,PART,advmod:emph,PART,advmod,3,PROVISIONAL
la,phi0972.phi001.perseus-lat1.xml,PART,advmod:neg,PART,advmod,65,PROVISIONAL
la,phi0972.phi001.perseus-lat1.xml,PART,discourse,PART,discourse,54,PROVISIONAL
la,phi0972.phi001.perseus-lat1.xml,PRON,advcl,PRON,advcl,2,PROVISIONAL
la,phi0972.phi001.perseus-lat1.xml,PRON,conj,PRON,conj,3,PROVISIONAL
la,phi0972.phi001.perseus-lat1.xml,PRON,det,PRON,det,1,PROVISIONAL
la,phi0972.phi001.perseus-lat1.xml,PRON,iobj,PRON,iobj,1,PROVISIONAL
la,phi0972.phi001.perseus-lat1.xml,PRON,nmod,PRON,nmod,27,PROVISIONAL
la,phi0972.phi001.perseus-lat1.xml,PRON,nsubj,PRON,nsubj,125,PROVISIONAL
la,phi0972.phi001.perseus-lat1.xml,PRON,nsubj:pass,PRON,nsubj,8,PROVISIONAL
la,phi0972.phi001.perseus-lat1.xml,PRON,obj,PRON,obj,95,PROVISIONAL
la,phi0972.phi001.perseus-lat1.xml,PRON,obl,PRON,obl,46,PROVISIONAL
la,phi0972.phi001.perseus-lat1.xml,PRON,obl:arg,PRON,obl,34,PROVISIONAL
la,phi0972.phi001.perseus-lat1.xml,PRON,root,PRON,root,3,PROVISIONAL
la,phi0972.phi001.perseus-lat1.xml,PROPN,advcl:cmp,NOUN,advcl,1,PROVISIONAL
la,phi0972.phi001.perseus-lat1.xml,PROPN,appos,NOUN,appos,1,PROVISIONAL
la,phi0972.phi001.perseus-lat1.xml,PROPN,conj,NOUN,conj,3,PROVISIONAL
la,phi0972.phi001.perseus-lat1.xml,PROPN,flat,NOUN,flat,1,PROVISIONAL
la,phi0972.phi001.perseus-lat1.xml,PROPN,flat:name,NOUN,flat,1,PROVISIONAL
la,phi0972.phi001.perseus-lat1.xml,PROPN,flat:redup,NOUN,flat,1,PROVISIONAL
la,phi0972.phi001.perseus-lat1.xml,PROPN,nmod,NOUN,nmod,16,PROVISIONAL
la,phi0972.phi001.perseus-lat1.xml,PROPN,nsubj,NOUN,nsubj,72,PROVISIONAL
la,phi0972.phi001.perseus-lat1.xml,PROPN,nsubj:pass,NOUN,nsubj,3,PROVISIONAL
la,phi0972.phi001.perseus-lat1.xml,PROPN,obj,NOUN,obj,11,PROVISIONAL
la,phi0972.phi001.perseus-lat1.xml,PROPN,obl,NOUN,obl,11,PROVISIONAL
la,phi0972.phi001.perseus-lat1.xml,PROPN,obl:arg,NOUN,obl,6,PROVISIONAL
la,phi0972.phi001.perseus-lat1.xml,PROPN,orphan,NOUN,orphan,1,PROVISIONAL
la,phi0972.phi001.perseus-lat1.xml,PROPN,vocative,NOUN,vocative,5,PROVISIONAL
la,phi0972.phi001.perseus-lat1.xml,PUNCT,punct,PUNCT,punct,1043,PROVISIONAL
la,phi0972.phi001.perseus-lat1.xml,SCONJ,case,SCONJ,case,6,PROVISIONAL
la,phi0972.phi001.perseus-lat1.xml,SCONJ,cc,SCONJ,cc,5,PROVISIONAL
la,phi0972.phi001.perseus-lat1.xml,SCONJ,mark,SCONJ,mark,177,PROVISIONAL
la,phi0972.phi001.perseus-lat1.xml,VERB,acl,VERB,acl,23,PROVISIONAL
la,phi0972.phi001.perseus-lat1.xml,VERB,acl:relcl,VERB,acl,66,PROVISIONAL
la,phi0972.phi001.perseus-lat1.xml,VERB,advcl,VERB,advcl,159,PROVISIONAL
la,phi0972.phi001.perseus-lat1.xml,VERB,advcl:abs,VERB,advcl,23,PROVISIONAL
la,phi0972.phi001.perseus-lat1.xml,VERB,advcl:cmp,VERB,advcl,10,PROVISIONAL
la,phi0972.phi001.perseus-lat1.xml,VERB,amod,VERB,amod,31,PROVISIONAL
la,phi0972.phi001.perseus-lat1.xml,VERB,appos,VERB,appos,1,PROVISIONAL
la,phi0972.phi001.perseus-lat1.xml,VERB,ccomp,VERB,ccomp,76,PROVISIONAL
la,phi0972.phi001.perseus-lat1.xml,VERB,conj,VERB,conj,161,PROVISIONAL
la,phi0972.phi001.perseus-lat1.xml,VERB,csubj,VERB,csubj,26,PROVISIONAL
la,phi0972.phi001.perseus-lat1.xml,VERB,nmod,VERB,nmod,30,PROVISIONAL
la,phi0972.phi001.perseus-lat1.xml,VERB,nsubj,VERB,nsubj,1,PROVISIONAL
la,phi0972.phi001.perseus-lat1.xml,VERB,obl,VERB,obl,3,PROVISIONAL
la,phi0972.phi001.perseus-lat1.xml,VERB,parataxis,VERB,parataxis,4,PROVISIONAL
la,phi0972.phi001.perseus-lat1.xml,VERB,root,VERB,root,484,PROVISIONAL
la,phi0972.phi001.perseus-lat1.xml,VERB,xcomp,VERB,xcomp,80,PROVISIONAL
la,phi0975.phi001.perseus-lat1.tb.xml,ADJ,acl:relcl,ADJ,acl,1,PROVISIONAL
la,phi0975.phi001.perseus-lat1.tb.xml,ADJ,advcl,ADJ,advcl,8,PROVISIONAL
la,phi0975.phi001.perseus-lat1.tb.xml,ADJ,advmod,ADJ,advmod,1,PROVISIONAL
la,phi0975.phi001.perseus-lat1.tb.xml,ADJ,amod,ADJ,amod,156,PROVISIONAL
la,phi0975.phi001.perseus-lat1.tb.xml,ADJ,ccomp,ADJ,ccomp,2,PROVISIONAL
la,phi0975.phi001.perseus-lat1.tb.xml,ADJ,conj,ADJ,conj,3,PROVISIONAL
la,phi0975.phi001.perseus-lat1.tb.xml,ADJ,nmod,ADJ,nmod,4,PROVISIONAL
la,phi0975.phi001.perseus-lat1.tb.xml,ADJ,nsubj,ADJ,nsubj,24,PROVISIONAL
la,phi0975.phi001.perseus-lat1.tb.xml,ADJ,nsubj:pass,ADJ,nsubj,2,PROVISIONAL
la,phi0975.phi001.perseus-lat1.tb.xml,ADJ,obj,ADJ,obj,41,PROVISIONAL
la,phi0975.phi001.perseus-lat1.tb.xml,ADJ,obl,ADJ,obl,14,PROVISIONAL
la,phi0975.phi001.perseus-lat1.tb.xml,ADJ,obl:arg,ADJ,obl,2,PROVISIONAL
la,phi0975.phi001.perseus-lat1.tb.xml,ADJ,root,ADJ,root,18,PROVISIONAL
la,phi0975.phi001.perseus-lat1.tb.xml,ADJ,vocative,ADJ,vocative,4,PROVISIONAL
la,phi0975.phi001.perseus-lat1.tb.xml,ADJ,xcomp,ADJ,xcomp,33,PROVISIONAL
la,phi0975.phi001.perseus-lat1.tb.xml,ADP,case,ADP,case,107,PROVISIONAL
la,phi0975.phi001.perseus-lat1.tb.xml,ADP,mark,ADP,mark,2,PROVISIONAL
la,phi0975.phi001.perseus-lat1.tb.xml,ADV,advmod,ADV,advmod,204,PROVISIONAL
la,phi0975.phi001.perseus-lat1.tb.xml,ADV,advmod:emph,ADV,advmod,6,PROVISIONAL
la,phi0975.phi001.perseus-lat1.tb.xml,ADV,advmod:lmod,ADV,advmod,3,PROVISIONAL
la,phi0975.phi001.perseus-lat1.tb.xml,ADV,advmod:tmod,ADV,advmod,16,PROVISIONAL
la,phi0975.phi001.perseus-lat1.tb.xml,ADV,cc,ADV,cc,1,PROVISIONAL
la,phi0975.phi001.perseus-lat1.tb.xml,ADV,discourse,ADV,discourse,8,PROVISIONAL
la,phi0975.phi001.perseus-lat1.tb.xml,ADV,mark,ADV,mark,11,PROVISIONAL
la,phi0975.phi001.perseus-lat1.tb.xml,ADV,nmod,ADV,nmod,1,PROVISIONAL
la,phi0975.phi001.perseus-lat1.tb.xml,ADV,obj,ADV,obj,2,PROVISIONAL
la,phi0975.phi001.perseus-lat1.tb.xml,ADV,orphan,ADV,orphan,1,PROVISIONAL
la,phi0975.phi001.perseus-lat1.tb.xml,AUX,aux:pass,AUX,aux,2,PROVISIONAL
la,phi0975.phi001.perseus-lat1.tb.xml,AUX,cop,AUX,cop,62,PROVISIONAL
la,phi0975.phi001.perseus-lat1.tb.xml,CCONJ,advmod:emph,CCONJ,advmod,7,PROVISIONAL
la,phi0975.phi001.perseus-lat1.tb.xml,CCONJ,cc,CCONJ,cc,112,PROVISIONAL
la,phi0975.phi001.perseus-lat1.tb.xml,DET,advcl,DET,advcl,1,PROVISIONAL
la,phi0975.phi001.perseus-lat1.tb.xml,DET,amod,DET,amod,1,PROVISIONAL
la,phi0975.phi001.perseus-lat1.tb.xml,DET,det,DET,det,102,PROVISIONAL
la,phi0975.phi001.perseus-lat1.tb.xml,DET,det:numgov,DET,det,1,PROVISIONAL
la,phi0975.phi001.perseus-lat1.tb.xml,DET,nmod,DET,nmod,7,PROVISIONAL
la,phi0975.phi001.perseus-lat1.tb.xml,DET,nsubj,DET,nsubj,45,PROVISIONAL
la,phi0975.phi001.perseus-lat1.tb.xml,DET,nsubj:pass,DET,nsubj,2,PROVISIONAL
la,phi0975.phi001.perseus-lat1.tb.xml,DET,obj,DET,obj,39,PROVISIONAL
la,phi0975.phi001.perseus-lat1.tb.xml,DET,obl,DET,obl,10,PROVISIONAL
la,phi0975.phi001.perseus-lat1.tb.xml,DET,obl:arg,DET,obl,10,PROVISIONAL
la,phi0975.phi001.perseus-lat1.tb.xml,DET,root,DET,root,5,PROVISIONAL
la,phi0975.phi001.perseus-lat1.tb.xml,DET,xcomp,DET,xcomp,3,PROVISIONAL
la,phi0975.phi001.perseus-lat1.tb.xml,INTJ,discourse,INTJ,discourse,6,PROVISIONAL
la,phi0975.phi001.perseus-lat1.tb.xml,NOUN,acl,NOUN,acl,1,PROVISIONAL
la,phi0975.phi001.perseus-lat1.tb.xml,NOUN,appos,NOUN,appos,1,PROVISIONAL
la,phi0975.phi001.perseus-lat1.tb.xml,NOUN,conj,NOUN,conj,16,PROVISIONAL
la,phi0975.phi001.perseus-lat1.tb.xml,NOUN,iobj,NOUN,iobj,1,PROVISIONAL
la,phi0975.phi001.perseus-lat1.tb.xml,NOUN,nmod,NOUN,nmod,81,PROVISIONAL
la,phi0975.phi001.perseus-lat1.tb.xml,NOUN,nsubj,NOUN,nsubj,181,PROVISIONAL
la,phi0975.phi001.perseus-lat1.tb.xml,NOUN,nsubj:pass,NOUN,nsubj,37,PROVISIONAL
la,phi0975.phi001.perseus-lat1.tb.xml,NOUN,obj,NOUN,obj,297,PROVISIONAL
la,phi0975.phi001.perseus-lat1.tb.xml,NOUN,obl,NOUN,obl,216,PROVISIONAL
la,phi0975.phi001.perseus-lat1.tb.xml,NOUN,obl:arg,NOUN,obl,34,PROVISIONAL
la,phi0975.phi001.perseus-lat1.tb.xml,NOUN,root,NOUN,root,2,PROVISIONAL
la,phi0975.phi001.perseus-lat1.tb.xml,NOUN,vocative,NOUN,vocative,8,PROVISIONAL
la,phi0975.phi001.perseus-lat1.tb.xml,NOUN,xcomp,NOUN,xcomp,10,PROVISIONAL
la,phi0975.phi001.perseus-lat1.tb.xml,NUM,nsubj,NUM,nsubj,2,PROVISIONAL
la,phi0975.phi001.perseus-lat1.tb.xml,NUM,nummod,NUM,nummod,3,PROVISIONAL
la,phi0975.phi001.perseus-lat1.tb.xml,NUM,xcomp,NUM,xcomp,1,PROVISIONAL
la,phi0975.phi001.perseus-lat1.tb.xml,PART,advmod:emph,PART,advmod,10,PROVISIONAL
la,phi0975.phi001.perseus-lat1.tb.xml,PART,advmod:neg,PART,advmod,34,PROVISIONAL
la,phi0975.phi001.perseus-lat1.tb.xml,PART,discourse,PART,discourse,15,PROVISIONAL
la,phi0975.phi001.perseus-lat1.tb.xml,PRON,advcl:pred,PRON,advcl,2,PROVISIONAL
la,phi0975.phi001.perseus-lat1.tb.xml,PRON,conj,PRON,conj,2,PROVISIONAL
la,phi0975.phi001.perseus-lat1.tb.xml,PRON,nmod,PRON,nmod,4,PROVISIONAL
la,phi0975.phi001.perseus-lat1.tb.xml,PRON,nsubj,PRON,nsubj,80,PROVISIONAL
la,phi0975.phi001.perseus-lat1.tb.xml,PRON,nsubj:pass,PRON,nsubj,9,PROVISIONAL
la,phi0975.phi001.perseus-lat1.tb.xml,PRON,obj,PRON,obj,69,PROVISIONAL
la,phi0975.phi001.perseus-lat1.tb.xml,PRON,obl,PRON,obl,31,PROVISIONAL
la,phi0975.phi001.perseus-lat1.tb.xml,PRON,obl:arg,PRON,obl,17,PROVISIONAL
la,phi0975.phi001.perseus-lat1.tb.xml,PRON,root,PRON,root,2,PROVISIONAL
la,phi0975.phi001.perseus-lat1.tb.xml,PRON,vocative,PRON,vocative,1,PROVISIONAL
la,phi0975.phi001.perseus-lat1.tb.xml,PROPN,nmod,NOUN,nmod,4,PROVISIONAL
la,phi0975.phi001.perseus-lat1.tb.xml,PROPN,nsubj,NOUN,nsubj,8,PROVISIONAL
la,phi0975.phi001.perseus-lat1.tb.xml,PROPN,obj,NOUN,obj,1,PROVISIONAL
la,phi0975.phi001.perseus-lat1.tb.xml,PROPN,obl,NOUN,obl,7,PROVISIONAL
la,phi0975.phi001.perseus-lat1.tb.xml,PROPN,obl:arg,NOUN,obl,2,PROVISIONAL
la,phi0975.phi001.perseus-lat1.tb.xml,PROPN,vocative,NOUN,vocative,1,PROVISIONAL
la,phi0975.phi001.perseus-lat1.tb.xml,PUNCT,punct,PUNCT,punct,691,PROVISIONAL
la,phi0975.phi001.perseus-lat1.tb.xml,SCONJ,cc,SCONJ,cc,1,PROVISIONAL
la,phi0975.phi001.perseus-lat1.tb.xml,SCONJ,mark,SCONJ,mark,136,PROVISIONAL
la,phi0975.phi001.perseus-lat1.tb.xml,VERB,acl,VERB,acl,2,PROVISIONAL
la,phi0975.phi001.perseus-lat1.tb.xml,VERB,acl:relcl,VERB,acl,45,PROVISIONAL
la,phi0975.phi001.perseus-lat1.tb.xml,VERB,advcl,VERB,advcl,198,PROVISIONAL
la,phi0975.phi001.perseus-lat1.tb.xml,VERB,advcl:abs,VERB,advcl,18,PROVISIONAL
la,phi0975.phi001.perseus-lat1.tb.xml,VERB,advcl:cmp,VERB,advcl,5,PROVISIONAL
la,phi0975.phi001.perseus-lat1.tb.xml,VERB,amod,VERB,amod,28,PROVISIONAL
la,phi0975.phi001.perseus-lat1.tb.xml,VERB,ccomp,VERB,ccomp,51,PROVISIONAL
la,phi0975.phi001.perseus-lat1.tb.xml,VERB,conj,VERB,conj,107,PROVISIONAL
la,phi0975.phi001.perseus-lat1.tb.xml,VERB,csubj,VERB,csubj,29,PROVISIONAL
la,phi0975.phi001.perseus-lat1.tb.xml,VERB,nmod,VERB,nmod,43,PROVISIONAL
la,phi0975.phi001.perseus-lat1.tb.xml,VERB,nsubj,VERB,nsubj,2,PROVISIONAL
la,phi0975.phi001.perseus-lat1.tb.xml,VERB,obl,VERB,obl,7,PROVISIONAL
la,phi0975.phi001.perseus-lat1.tb.xml,VERB,obl:arg,VERB,obl,1,PROVISIONAL
la,phi0975.phi001.perseus-lat1.tb.xml,VERB,parataxis,VERB,parataxis,29,PROVISIONAL
la,phi0975.phi001.perseus-lat1.tb.xml,VERB,root,VERB,root,362,PROVISIONAL
la,phi0975.phi001.perseus-lat1.tb.xml,VERB,xcomp,VERB,xcomp,83,PROVISIONAL
la,phi1221.phi007.perseus-lat1.tb.xml,ADJ,acl:relcl,ADJ,acl,1,PROVISIONAL
la,phi1221.phi007.perseus-lat1.tb.xml,ADJ,advcl,ADJ,advcl,1,PROVISIONAL
la,phi1221.phi007.perseus-lat1.tb.xml,ADJ,advcl:cmp,ADJ,advcl,1,PROVISIONAL
la,phi1221.phi007.perseus-lat1.tb.xml,ADJ,amod,ADJ,amod,40,PROVISIONAL
la,phi1221.phi007.perseus-lat1.tb.xml,ADJ,conj,ADJ,conj,5,PROVISIONAL
la,phi1221.phi007.perseus-lat1.tb.xml,ADJ,nmod,ADJ,nmod,3,PROVISIONAL
la,phi1221.phi007.perseus-lat1.tb.xml,ADJ,nsubj,ADJ,nsubj,2,PROVISIONAL
la,phi1221.phi007.perseus-lat1.tb.xml,ADJ,obj,ADJ,obj,2,PROVISIONAL
la,phi1221.phi007.perseus-lat1.tb.xml,ADJ,obl,ADJ,obl,2,PROVISIONAL
la,phi1221.phi007.perseus-lat1.tb.xml,ADJ,obl:arg,ADJ,obl,1,PROVISIONAL
la,phi1221.phi007.perseus-lat1.tb.xml,ADJ,root,ADJ,root,1,PROVISIONAL
la,phi1221.phi007.perseus-lat1.tb.xml,ADJ,xcomp,ADJ,xcomp,2,PROVISIONAL
la,phi1221.phi007.perseus-lat1.tb.xml,ADP,case,ADP,case,57,PROVISIONAL
la,phi1221.phi007.perseus-lat1.tb.xml,ADV,advmod,ADV,advmod,21,PROVISIONAL
la,phi1221.phi007.perseus-lat1.tb.xml,ADV,advmod:emph,ADV,advmod,1,PROVISIONAL
la,phi1221.phi007.perseus-lat1.tb.xml,ADV,advmod:tmod,ADV,advmod,4,PROVISIONAL
la,phi1221.phi007.perseus-lat1.tb.xml,ADV,conj,ADV,conj,2,PROVISIONAL
la,phi1221.phi007.perseus-lat1.tb.xml,ADV,obj,ADV,obj,1,PROVISIONAL
la,phi1221.phi007.perseus-lat1.tb.xml,AUX,aux:pass,AUX,aux,1,PROVISIONAL
la,phi1221.phi007.perseus-lat1.tb.xml,AUX,cop,AUX,cop,8,PROVISIONAL
la,phi1221.phi007.perseus-lat1.tb.xml,CCONJ,advmod:emph,CCONJ,advmod,1,PROVISIONAL
la,phi1221.phi007.perseus-lat1.tb.xml,CCONJ,cc,CCONJ,cc,35,PROVISIONAL
la,phi1221.phi007.perseus-lat1.tb.xml,DET,conj,DET,conj,1,PROVISIONAL
la,phi1221.phi007.perseus-lat1.tb.xml,DET,det,DET,det,38,PROVISIONAL
la,phi1221.phi007.perseus-lat1.tb.xml,DET,nmod,DET,nmod,1,PROVISIONAL
la,phi1221.phi007.perseus-lat1.tb.xml,DET,nsubj,DET,nsubj,3,PROVISIONAL
la,phi1221.phi007.perseus-lat1.tb.xml,DET,obj,DET,obj,3,PROVISIONAL
la,phi1221.phi007.perseus-lat1.tb.xml,DET,obl,DET,obl,1,PROVISIONAL
la,phi1221.phi007.perseus-lat1.tb.xml,DET,obl:arg,DET,obl,1,PROVISIONAL
la,phi1221.phi007.perseus-lat1.tb.xml,DET,root,DET,root,1,PROVISIONAL
la,phi1221.phi007.perseus-lat1.tb.xml,NOUN,acl:relcl,NOUN,acl,1,PROVISIONAL
la,phi1221.phi007.perseus-lat1.tb.xml,NOUN,advcl:cmp,NOUN,advcl,1,PROVISIONAL
la,phi1221.phi007.perseus-lat1.tb.xml,NOUN,advcl:pred,NOUN,advcl,4,PROVISIONAL
la,phi1221.phi007.perseus-lat1.tb.xml,NOUN,appos,NOUN,appos,1,PROVISIONAL
la,phi1221.phi007.perseus-lat1.tb.xml,NOUN,conj,NOUN,conj,16,PROVISIONAL
la,phi1221.phi007.perseus-lat1.tb.xml,NOUN,nmod,NOUN,nmod,28,PROVISIONAL
la,phi1221.phi007.perseus-lat1.tb.xml,NOUN,nsubj,NOUN,nsubj,7,PROVISIONAL
la,phi1221.phi007.perseus-lat1.tb.xml,NOUN,nsubj:pass,NOUN,nsubj,1,PROVISIONAL
la,phi1221.phi007.perseus-lat1.tb.xml,NOUN,obj,NOUN,obj,37,PROVISIONAL
la,phi1221.phi007.perseus-lat1.tb.xml,NOUN,obl,NOUN,obl,72,PROVISIONAL
la,phi1221.phi007.perseus-lat1.tb.xml,NOUN,obl:arg,NOUN,obl,8,PROVISIONAL
la,phi1221.phi007.perseus-lat1.tb.xml,NOUN,root,NOUN,root,2,PROVISIONAL
la,phi1221.phi007.perseus-lat1.tb.xml,NOUN,xcomp,NOUN,xcomp,4,PROVISIONAL
la,phi1221.phi007.perseus-lat1.tb.xml,NUM,conj,NUM,conj,3,PROVISIONAL
la,phi1221.phi007.perseus-lat1.tb.xml,NUM,nsubj,NUM,nsubj,4,PROVISIONAL
la,phi1221.phi007.perseus-lat1.tb.xml,NUM,nummod,NUM,nummod,10,PROVISIONAL
la,phi1221.phi007.perseus-lat1.tb.xml,NUM,nummod:gov,NUM,nummod,1,PROVISIONAL
la,phi1221.phi007.perseus-lat1.tb.xml,NUM,obj,NUM,obj,1,PROVISIONAL
la,phi1221.phi007.perseus-lat1.tb.xml,NUM,obl,NUM,obl,1,PROVISIONAL
la,phi1221.phi007.perseus-lat1.tb.xml,PART,advmod:emph,PART,advmod,1,PROVISIONAL
la,phi1221.phi007.perseus-lat1.tb.xml,PART,advmod:neg,PART,advmod,3,PROVISIONAL
la,phi1221.phi007.perseus-lat1.tb.xml,PART,discourse,PART,discourse,2,PROVISIONAL
la,phi1221.phi007.perseus-lat1.tb.xml,PRON,nmod,PRON,nmod,5,PROVISIONAL
la,phi1221.phi007.perseus-lat1.tb.xml,PRON,nsubj,PRON,nsubj,10,PROVISIONAL
la,phi1221.phi007.perseus-lat1.tb.xml,PRON,nsubj:pass,PRON,nsubj,2,PROVISIONAL
la,phi1221.phi007.perseus-lat1.tb.xml,PRON,obj,PRON,obj,7,PROVISIONAL
la,phi1221.phi007.perseus-lat1.tb.xml,PRON,obl,PRON,obl,9,PROVISIONAL
la,phi1221.phi007.perseus-lat1.tb.xml,PRON,obl:arg,PRON,obl,4,PROVISIONAL
la,phi1221.phi007.perseus-lat1.tb.xml,PROPN,conj,NOUN,conj,10,PROVISIONAL
la,phi1221.phi007.perseus-lat1.tb.xml,PROPN,flat:name,NOUN,flat,5,PROVISIONAL
la,phi1221.phi007.perseus-lat1.tb.xml,PROPN,nmod,NOUN,nmod,2,PROVISIONAL
la,phi1221.phi007.perseus-lat1.tb.xml,PROPN,nsubj,NOUN,nsubj,2,PROVISIONAL
la,phi1221.phi007.perseus-lat1.tb.xml,PROPN,obj,NOUN,obj,3,PROVISIONAL
la,phi1221.phi007.perseus-lat1.tb.xml,PROPN,obl,NOUN,obl,9,PROVISIONAL
la,phi1221.phi007.perseus-lat1.tb.xml,PUNCT,punct,PUNCT,punct,86,PROVISIONAL
la,phi1221.phi007.perseus-lat1.tb.xml,SCONJ,mark,SCONJ,mark,9,PROVISIONAL
la,phi1221.phi007.perseus-lat1.tb.xml,VERB,acl,VERB,acl,4,PROVISIONAL
la,phi1221.phi007.perseus-lat1.tb.xml,VERB,acl:relcl,VERB,acl,14,PROVISIONAL
la,phi1221.phi007.perseus-lat1.tb.xml,VERB,advcl,VERB,advcl,10,PROVISIONAL
la,phi1221.phi007.perseus-lat1.tb.xml,VERB,advcl:cmp,VERB,advcl,1,PROVISIONAL
la,phi1221.phi007.perseus-lat1.tb.xml,VERB,amod,VERB,amod,10,PROVISIONAL
la,phi1221.phi007.perseus-lat1.tb.xml,VERB,ccomp,VERB,ccomp,4,PROVISIONAL
la,phi1221.phi007.perseus-lat1.tb.xml,VERB,conj,VERB,conj,11,PROVISIONAL
la,phi1221.phi007.perseus-lat1.tb.xml,VERB,csubj,VERB,csubj,1,PROVISIONAL
la,phi1221.phi007.perseus-lat1.tb.xml,VERB,nmod,VERB,nmod,7,PROVISIONAL
la,phi1221.phi007.perseus-lat1.tb.xml,VERB,nsubj,VERB,nsubj,2,PROVISIONAL
la,phi1221.phi007.perseus-lat1.tb.xml,VERB,root,VERB,root,34,PROVISIONAL
la,phi1221.phi007.perseus-lat1.tb.xml,VERB,xcomp,VERB,xcomp,3,PROVISIONAL
la,phi1348.abo012.perseus-lat1.tb.xml,ADJ,advcl,ADJ,advcl,1,PROVISIONAL
la,phi1348.abo012.perseus-lat1.tb.xml,ADJ,amod,ADJ,amod,127,PROVISIONAL
la,phi1348.abo012.perseus-lat1.tb.xml,ADJ,conj,ADJ,conj,17,PROVISIONAL
la,phi1348.abo012.perseus-lat1.tb.xml,ADJ,nmod,ADJ,nmod,4,PROVISIONAL
la,phi1348.abo012.perseus-lat1.tb.xml,ADJ,nsubj,ADJ,nsubj,3,PROVISIONAL
la,phi1348.abo012.perseus-lat1.tb.xml,ADJ,nsubj:pass,ADJ,nsubj,2,PROVISIONAL
la,phi1348.abo012.perseus-lat1.tb.xml,ADJ,obj,ADJ,obj,10,PROVISIONAL
la,phi1348.abo012.perseus-lat1.tb.xml,ADJ,obl,ADJ,obl,17,PROVISIONAL
la,phi1348.abo012.perseus-lat1.tb.xml,ADJ,xcomp,ADJ,xcomp,13,PROVISIONAL
la,phi1348.abo012.perseus-lat1.tb.xml,ADP,case,ADP,case,119,PROVISIONAL
la,phi1348.abo012.perseus-lat1.tb.xml,ADP,mark,ADP,mark,4,PROVISIONAL
la,phi1348.abo012.perseus-lat1.tb.xml,ADV,advcl,ADV,advcl,5,PROVISIONAL
la,phi1348.abo012.perseus-lat1.tb.xml,ADV,advmod,ADV,advmod,101,PROVISIONAL
la,phi1348.abo012.perseus-lat1.tb.xml,ADV,advmod:emph,ADV,advmod,10,PROVISIONAL
la,phi1348.abo012.perseus-lat1.tb.xml,ADV,advmod:lmod,ADV,advmod,7,PROVISIONAL
la,phi1348.abo012.perseus-lat1.tb.xml,ADV,advmod:tmod,ADV,advmod,18,PROVISIONAL
la,phi1348.abo012.perseus-lat1.tb.xml,ADV,case,ADV,case,2,PROVISIONAL
la,phi1348.abo012.perseus-lat1.tb.xml,ADV,cc,ADV,cc,1,PROVISIONAL
la,phi1348.abo012.perseus-lat1.tb.xml,ADV,conj,ADV,conj,3,PROVISIONAL
la,phi1348.abo012.perseus-lat1.tb.xml,ADV,mark,ADV,mark,6,PROVISIONAL
la,phi1348.abo012.perseus-lat1.tb.xml,ADV,nmod,ADV,nmod,1,PROVISIONAL
la,phi1348.abo012.perseus-lat1.tb.xml,ADV,obj,ADV,obj,1,PROVISIONAL
la,phi1348.abo012.perseus-lat1.tb.xml,ADV,obl,ADV,obl,1,PROVISIONAL
la,phi1348.abo012.perseus-lat1.tb.xml,ADV,root,ADV,root,1,PROVISIONAL
la,phi1348.abo012.perseus-lat1.tb.xml,AUX,cop,AUX,cop,13,PROVISIONAL
la,phi1348.abo012.perseus-lat1.tb.xml,CCONJ,advmod:emph,CCONJ,advmod,20,PROVISIONAL
la,phi1348.abo012.perseus-lat1.tb.xml,CCONJ,cc,CCONJ,cc,96,PROVISIONAL
la,phi1348.abo012.perseus-lat1.tb.xml,DET,conj,DET,conj,1,PROVISIONAL
la,phi1348.abo012.perseus-lat1.tb.xml,DET,det,DET,det,56,PROVISIONAL
la,phi1348.abo012.perseus-lat1.tb.xml,DET,nmod,DET,nmod,3,PROVISIONAL
la,phi1348.abo012.perseus-lat1.tb.xml,DET,nsubj,DET,nsubj,9,PROVISIONAL
la,phi1348.abo012.perseus-lat1.tb.xml,DET,nsubj:pass,DET,nsubj,4,PROVISIONAL
la,phi1348.abo012.perseus-lat1.tb.xml,DET,obj,DET,obj,16,PROVISIONAL
la,phi1348.abo012.perseus-lat1.tb.xml,DET,obl,DET,obl,7,PROVISIONAL
la,phi1348.abo012.perseus-lat1.tb.xml,DET,obl:arg,DET,obl,1,PROVISIONAL
la,phi1348.abo012.perseus-lat1.tb.xml,DET,xcomp,DET,xcomp,2,PROVISIONAL
la,phi1348.abo012.perseus-lat1.tb.xml,NOUN,advcl,NOUN,advcl,3,PROVISIONAL
la,phi1348.abo012.perseus-lat1.tb.xml,NOUN,advcl:abs,NOUN,advcl,1,PROVISIONAL
la,phi1348.abo012.perseus-lat1.tb.xml,NOUN,advcl:cmp,NOUN,advcl,1,PROVISIONAL
la,phi1348.abo012.perseus-lat1.tb.xml,NOUN,appos,NOUN,appos,8,PROVISIONAL
la,phi1348.abo012.perseus-lat1.tb.xml,NOUN,ccomp,NOUN,ccomp,1,PROVISIONAL
la,phi1348.abo012.perseus-lat1.tb.xml,NOUN,conj,NOUN,conj,27,PROVISIONAL
la,phi1348.abo012.perseus-lat1.tb.xml,NOUN,nmod,NOUN,nmod,75,PROVISIONAL
la,phi1348.abo012.perseus-lat1.tb.xml,NOUN,nsubj,NOUN,nsubj,18,PROVISIONAL
la,phi1348.abo012.perseus-lat1.tb.xml,NOUN,nsubj:pass,NOUN,nsubj,34,PROVISIONAL
la,phi1348.abo012.perseus-lat1.tb.xml,NOUN,obj,NOUN,obj,120,PROVISIONAL
la,phi1348.abo012.perseus-lat1.tb.xml,NOUN,obl,NOUN,obl,131,PROVISIONAL
la,phi1348.abo012.perseus-lat1.tb.xml,NOUN,obl:arg,NOUN,obl,15,PROVISIONAL
la,phi1348.abo012.perseus-lat1.tb.xml,NOUN,root,NOUN,root,2,PROVISIONAL
la,phi1348.abo012.perseus-lat1.tb.xml,NOUN,xcomp,NOUN,xcomp,5,PROVISIONAL
la,phi1348.abo012.perseus-lat1.tb.xml,NUM,conj,NUM,conj,1,PROVISIONAL
la,phi1348.abo012.perseus-lat1.tb.xml,NUM,nsubj,NUM,nsubj,1,PROVISIONAL
la,phi1348.abo012.perseus-lat1.tb.xml,NUM,nsubj:pass,NUM,nsubj,1,PROVISIONAL
la,phi1348.abo012.perseus-lat1.tb.xml,NUM,nummod,NUM,nummod,7,PROVISIONAL
la,phi1348.abo012.perseus-lat1.tb.xml,NUM,obj,NUM,obj,1,PROVISIONAL
la,phi1348.abo012.perseus-lat1.tb.xml,NUM,obl,NUM,obl,1,PROVISIONAL
la,phi1348.abo012.perseus-lat1.tb.xml,PART,advmod:emph,PART,advmod,2,PROVISIONAL
la,phi1348.abo012.perseus-lat1.tb.xml,PART,advmod:neg,PART,advmod,10,PROVISIONAL
la,phi1348.abo012.perseus-lat1.tb.xml,PART,discourse,PART,discourse,23,PROVISIONAL
la,phi1348.abo012.perseus-lat1.tb.xml,PRON,conj,PRON,conj,1,PROVISIONAL
la,phi1348.abo012.perseus-lat1.tb.xml,PRON,nmod,PRON,nmod,6,PROVISIONAL
la,phi1348.abo012.perseus-lat1.tb.xml,PRON,nsubj,PRON,nsubj,13,PROVISIONAL
la,phi1348.abo012.perseus-lat1.tb.xml,PRON,nsubj:pass,PRON,nsubj,2,PROVISIONAL
la,phi1348.abo012.perseus-lat1.tb.xml,PRON,obj,PRON,obj,18,PROVISIONAL
la,phi1348.abo012.perseus-lat1.tb.xml,PRON,obl,PRON,obl,13,PROVISIONAL
la,phi1348.abo012.perseus-lat1.tb.xml,PRON,obl:arg,PRON,obl,7,PROVISIONAL
la,phi1348.abo012.perseus-lat1.tb.xml,PROPN,conj,NOUN,conj,5,PROVISIONAL
la,phi1348.abo012.perseus-lat1.tb.xml,PROPN,flat,NOUN,flat,3,PROVISIONAL
la,phi1348.abo012.perseus-lat1.tb.xml,PROPN,flat:name,NOUN,flat,16,PROVISIONAL
la,phi1348.abo012.perseus-lat1.tb.xml,PROPN,nmod,NOUN,nmod,18,PROVISIONAL
la,phi1348.abo012.perseus-lat1.tb.xml,PROPN,nsubj,NOUN,nsubj,8,PROVISIONAL
la,phi1348.abo012.perseus-lat1.tb.xml,PROPN,nsubj:pass,NOUN,nsubj,3,PROVISIONAL
la,phi1348.abo012.perseus-lat1.tb.xml,PROPN,obj,NOUN,obj,10,PROVISIONAL
la,phi1348.abo012.perseus-lat1.tb.xml,PROPN,obl,NOUN,obl,19,PROVISIONAL
la,phi1348.abo012.perseus-lat1.tb.xml,PROPN,obl:arg,NOUN,obl,4,PROVISIONAL
la,phi1348.abo012.perseus-lat1.tb.xml,PROPN,vocative,NOUN,vocative,1,PROVISIONAL
la,phi1348.abo012.perseus-lat1.tb.xml,PROPN,xcomp,NOUN,xcomp,1,PROVISIONAL
la,phi1348.abo012.perseus-lat1.tb.xml,PUNCT,punct,PUNCT,punct,275,PROVISIONAL
la,phi1348.abo012.perseus-lat1.tb.xml,SCONJ,case,SCONJ,case,1,PROVISIONAL
la,phi1348.abo012.perseus-lat1.tb.xml,SCONJ,mark,SCONJ,mark,62,PROVISIONAL
la,phi1348.abo012.perseus-lat1.tb.xml,VERB,acl,VERB,acl,8,PROVISIONAL
la,phi1348.abo012.perseus-lat1.tb.xml,VERB,acl:relcl,VERB,acl,16,PROVISIONAL
la,phi1348.abo012.perseus-lat1.tb.xml,VERB,advcl,VERB,advcl,70,PROVISIONAL
la,phi1348.abo012.perseus-lat1.tb.xml,VERB,advcl:abs,VERB,advcl,32,PROVISIONAL
la,phi1348.abo012.perseus-lat1.tb.xml,VERB,advcl:cmp,VERB,advcl,1,PROVISIONAL
la,phi1348.abo012.perseus-lat1.tb.xml,VERB,amod,VERB,amod,29,PROVISIONAL
la,phi1348.abo012.perseus-lat1.tb.xml,VERB,ccomp,VERB,ccomp,25,PROVISIONAL
la,phi1348.abo012.perseus-lat1.tb.xml,VERB,conj,VERB,conj,39,PROVISIONAL
la,phi1348.abo012.perseus-lat1.tb.xml,VERB,csubj,VERB,csubj,8,PROVISIONAL
la,phi1348.abo012.perseus-lat1.tb.xml,VERB,nmod,VERB,nmod,13,PROVISIONAL
la,phi1348.abo012.perseus-lat1.tb.xml,VERB,nsubj,VERB,nsubj,1,PROVISIONAL
la,phi1348.abo012.perseus-lat1.tb.xml,VERB,nsubj:pass,VERB,nsubj,3,PROVISIONAL
la,phi1348.abo012.perseus-lat1.tb.xml,VERB,obl,VERB,obl,4,PROVISIONAL
la,phi1348.abo012.perseus-lat1.tb.xml,VERB,parataxis,VERB,parataxis,1,PROVISIONAL
la,phi1348.abo012.perseus-lat1.tb.xml,VERB,root,VERB,root,106,PROVISIONAL
la,phi1348.abo012.perseus-lat1.tb.xml,VERB,xcomp,VERB,xcomp,34,PROVISIONAL
la,phi1351.phi005.perseus-lat1.tb.xml,ADJ,advcl:cmp,ADJ,advcl,1,PROVISIONAL
la,phi1351.phi005.perseus-lat1.tb.xml,ADJ,amod,ADJ,amod,60,PROVISIONAL
la,phi1351.phi005.perseus-lat1.tb.xml,ADJ,conj,ADJ,conj,6,PROVISIONAL
la,phi1351.phi005.perseus-lat1.tb.xml,ADJ,nmod,ADJ,nmod,2,PROVISIONAL
la,phi1351.phi005.perseus-lat1.tb.xml,ADJ,nsubj,ADJ,nsubj,1,PROVISIONAL
la,phi1351.phi005.perseus-lat1.tb.xml,ADJ,nsubj:pass,ADJ,nsubj,3,PROVISIONAL
la,phi1351.phi005.perseus-lat1.tb.xml,ADJ,obj,ADJ,obj,3,PROVISIONAL
la,phi1351.phi005.perseus-lat1.tb.xml,ADJ,obl,ADJ,obl,5,PROVISIONAL
la,phi1351.phi005.perseus-lat1.tb.xml,ADJ,obl:arg,ADJ,obl,1,PROVISIONAL
la,phi1351.phi005.perseus-lat1.tb.xml,ADJ,root,ADJ,root,2,PROVISIONAL
la,phi1351.phi005.perseus-lat1.tb.xml,ADJ,xcomp,ADJ,xcomp,2,PROVISIONAL
la,phi1351.phi005.perseus-lat1.tb.xml,ADP,case,ADP,case,55,PROVISIONAL
la,phi1351.phi005.perseus-lat1.tb.xml,ADV,advmod,ADV,advmod,34,PROVISIONAL
la,phi1351.phi005.perseus-lat1.tb.xml,ADV,advmod:emph,ADV,advmod,5,PROVISIONAL
la,phi1351.phi005.perseus-lat1.tb.xml,ADV,advmod:lmod,ADV,advmod,1,PROVISIONAL
la,phi1351.phi005.perseus-lat1.tb.xml,ADV,advmod:tmod,ADV,advmod,9,PROVISIONAL
la,phi1351.phi005.perseus-lat1.tb.xml,ADV,conj,ADV,conj,2,PROVISIONAL
la,phi1351.phi005.perseus-lat1.tb.xml,ADV,discourse,ADV,discourse,1,PROVISIONAL
la,phi1351.phi005.perseus-lat1.tb.xml,ADV,mark,ADV,mark,2,PROVISIONAL
la,phi1351.phi005.perseus-lat1.tb.xml,ADV,nmod,ADV,nmod,1,PROVISIONAL
la,phi1351.phi005.perseus-lat1.tb.xml,ADV,obj,ADV,obj,2,PROVISIONAL
la,phi1351.phi005.perseus-lat1.tb.xml,ADV,xcomp,ADV,xcomp,1,PROVISIONAL
la,phi1351.phi005.perseus-lat1.tb.xml,AUX,aux,AUX,aux,1,PROVISIONAL
la,phi1351.phi005.perseus-lat1.tb.xml,AUX,cop,AUX,cop,6,PROVISIONAL
la,phi1351.phi005.perseus-lat1.tb.xml,CCONJ,advmod:emph,CCONJ,advmod,5,PROVISIONAL
la,phi1351.phi005.perseus-lat1.tb.xml,CCONJ,cc,CCONJ,cc,46,PROVISIONAL
la,phi1351.phi005.perseus-lat1.tb.xml,DET,det,DET,det,22,PROVISIONAL
la,phi1351.phi005.perseus-lat1.tb.xml,DET,nmod,DET,nmod,1,PROVISIONAL
la,phi1351.phi005.perseus-lat1.tb.xml,DET,nsubj,DET,nsubj,1,PROVISIONAL
la,phi1351.phi005.perseus-lat1.tb.xml,DET,nsubj:pass,DET,nsubj,1,PROVISIONAL
la,phi1351.phi005.perseus-lat1.tb.xml,DET,obj,DET,obj,1,PROVISIONAL
la,phi1351.phi005.perseus-lat1.tb.xml,DET,obl,DET,obl,5,PROVISIONAL
la,phi1351.phi005.perseus-lat1.tb.xml,DET,root,DET,root,1,PROVISIONAL
la,phi1351.phi005.perseus-lat1.tb.xml,NOUN,appos,NOUN,appos,1,PROVISIONAL
la,phi1351.phi005.perseus-lat1.tb.xml,NOUN,conj,NOUN,conj,20,PROVISIONAL
la,phi1351.phi005.perseus-lat1.tb.xml,NOUN,nmod,NOUN,nmod,25,PROVISIONAL
la,phi1351.phi005.perseus-lat1.tb.xml,NOUN,nsubj,NOUN,nsubj,24,PROVISIONAL
la,phi1351.phi005.perseus-lat1.tb.xml,NOUN,nsubj:pass,NOUN,nsubj,22,PROVISIONAL
la,phi1351.phi005.perseus-lat1.tb.xml,NOUN,obj,NOUN,obj,32,PROVISIONAL
la,phi1351.phi005.perseus-lat1.tb.xml,NOUN,obl,NOUN,obl,50,PROVISIONAL
la,phi1351.phi005.perseus-lat1.tb.xml,NOUN,obl:arg,NOUN,obl,2,PROVISIONAL
la,phi1351.phi005.perseus-lat1.tb.xml,NOUN,root,NOUN,root,2,PROVISIONAL
la,phi1351.phi005.perseus-lat1.tb.xml,NOUN,xcomp,NOUN,xcomp,1,PROVISIONAL
la,phi1351.phi005.perseus-lat1.tb.xml,NUM,conj,NUM,conj,1,PROVISIONAL
la,phi1351.phi005.perseus-lat1.tb.xml,NUM,nummod,NUM,nummod,5,PROVISIONAL
la,phi1351.phi005.perseus-lat1.tb.xml,NUM,obj,NUM,obj,1,PROVISIONAL
la,phi1351.phi005.perseus-lat1.tb.xml,PART,advmod:emph,PART,advmod,1,PROVISIONAL
la,phi1351.phi005.perseus-lat1.tb.xml,PART,advmod:neg,PART,advmod,7,PROVISIONAL
la,phi1351.phi005.perseus-lat1.tb.xml,PART,discourse,PART,discourse,4,PROVISIONAL
la,phi1351.phi005.perseus-lat1.tb.xml,PRON,conj,PRON,conj,1,PROVISIONAL
la,phi1351.phi005.perseus-lat1.tb.xml,PRON,nmod,PRON,nmod,3,PROVISIONAL
la,phi1351.phi005.perseus-lat1.tb.xml,PRON,nsubj,PRON,nsubj,5,PROVISIONAL
la,phi1351.phi005.perseus-lat1.tb.xml,PRON,nsubj:pass,PRON,nsubj,1,PROVISIONAL
la,phi1351.phi005.perseus-lat1.tb.xml,PRON,obj,PRON,obj,1,PROVISIONAL
la,phi1351.phi005.perseus-lat1.tb.xml,PRON,obl,PRON,obl,11,PROVISIONAL
la,phi1351.phi005.perseus-lat1.tb.xml,PRON,obl:arg,PRON,obl,1,PROVISIONAL
la,phi1351.phi005.perseus-lat1.tb.xml,PROPN,conj,NOUN,conj,4,PROVISIONAL
la,phi1351.phi005.perseus-lat1.tb.xml,PROPN,flat,NOUN,flat,2,PROVISIONAL
la,phi1351.phi005.perseus-lat1.tb.xml,PROPN,flat:name,NOUN,flat,8,PROVISIONAL
la,phi1351.phi005.perseus-lat1.tb.xml,PROPN,nmod,NOUN,nmod,15,PROVISIONAL
la,phi1351.phi005.perseus-lat1.tb.xml,PROPN,nsubj,NOUN,nsubj,7,PROVISIONAL
la,phi1351.phi005.perseus-lat1.tb.xml,PROPN,nsubj:pass,NOUN,nsubj,11,PROVISIONAL
la,phi1351.phi005.perseus-lat1.tb.xml,PROPN,obj,NOUN,obj,1,PROVISIONAL
la,phi1351.phi005.perseus-lat1.tb.xml,PROPN,obl,NOUN,obl,11,PROVISIONAL
la,phi1351.phi005.perseus-lat1.tb.xml,PROPN,obl:arg,NOUN,obl,1,PROVISIONAL
la,phi1351.phi005.perseus-lat1.tb.xml,PUNCT,punct,PUNCT,punct,122,PROVISIONAL
la,phi1351.phi005.perseus-lat1.tb.xml,SCONJ,cc,SCONJ,cc,1,PROVISIONAL
la,phi1351.phi005.perseus-lat1.tb.xml,SCONJ,mark,SCONJ,mark,15,PROVISIONAL
la,phi1351.phi005.perseus-lat1.tb.xml,VERB,acl,VERB,acl,4,PROVISIONAL
la,phi1351.phi005.perseus-lat1.tb.xml,VERB,acl:relcl,VERB,acl,2,PROVISIONAL
la,phi1351.phi005.perseus-lat1.tb.xml,VERB,advcl,VERB,advcl,11,PROVISIONAL
la,phi1351.phi005.perseus-lat1.tb.xml,VERB,advcl:abs,VERB,advcl,8,PROVISIONAL
la,phi1351.phi005.perseus-lat1.tb.xml,VERB,advcl:cmp,VERB,advcl,2,PROVISIONAL
la,phi1351.phi005.perseus-lat1.tb.xml,VERB,amod,VERB,amod,9,PROVISIONAL
la,phi1351.phi005.perseus-lat1.tb.xml,VERB,ccomp,VERB,ccomp,7,PROVISIONAL
la,phi1351.phi005.perseus-lat1.tb.xml,VERB,conj,VERB,conj,25,PROVISIONAL
la,phi1351.phi005.perseus-lat1.tb.xml,VERB,csubj,VERB,csubj,9,PROVISIONAL
la,phi1351.phi005.perseus-lat1.tb.xml,VERB,csubj:pass,VERB,csubj,1,PROVISIONAL
la,phi1351.phi005.perseus-lat1.tb.xml,VERB,nmod,VERB,nmod,5,PROVISIONAL
la,phi1351.phi005.perseus-lat1.tb.xml,VERB,nsubj,VERB,nsubj,4,PROVISIONAL
la,phi1351.phi005.perseus-lat1.tb.xml,VERB,nsubj:pass,VERB,nsubj,2,PROVISIONAL
la,phi1351.phi005.perseus-lat1.tb.xml,VERB,obl,VERB,obl,1,PROVISIONAL
la,phi1351.phi005.perseus-lat1.tb.xml,VERB,parataxis,VERB,parataxis,2,PROVISIONAL
la,phi1351.phi005.perseus-lat1.tb.xml,VERB,root,VERB,root,59,PROVISIONAL
la,phi1351.phi005.perseus-lat1.tb.xml,VERB,xcomp,VERB,xcomp,8,PROVISIONAL
la,tlg0031.tlg027.perseus-lat1.tb.xml,ADJ,advcl,ADJ,advcl,2,PROVISIONAL
la,tlg0031.tlg027.perseus-lat1.tb.xml,ADJ,amod,ADJ,amod,69,PROVISIONAL
la,tlg0031.tlg027.perseus-lat1.tb.xml,ADJ,conj,ADJ,conj,9,PROVISIONAL
la,tlg0031.tlg027.perseus-lat1.tb.xml,ADJ,nsubj,ADJ,nsubj,6,PROVISIONAL
la,tlg0031.tlg027.perseus-lat1.tb.xml,ADJ,obj,ADJ,obj,3,PROVISIONAL
la,tlg0031.tlg027.perseus-lat1.tb.xml,ADJ,root,ADJ,root,2,PROVISIONAL
la,tlg0031.tlg027.perseus-lat1.tb.xml,ADP,case,ADP,case,168,PROVISIONAL
la,tlg0031.tlg027.perseus-lat1.tb.xml,ADP,mark,ADP,mark,1,PROVISIONAL
la,tlg0031.tlg027.perseus-lat1.tb.xml,ADV,advmod,ADV,advmod,37,PROVISIONAL
la,tlg0031.tlg027.perseus-lat1.tb.xml,ADV,advmod:emph,ADV,advmod,2,PROVISIONAL
la,tlg0031.tlg027.perseus-lat1.tb.xml,ADV,advmod:lmod,ADV,advmod,2,PROVISIONAL
la,tlg0031.tlg027.perseus-lat1.tb.xml,ADV,advmod:tmod,ADV,advmod,1,PROVISIONAL
la,tlg0031.tlg027.perseus-lat1.tb.xml,ADV,cc,ADV,cc,1,PROVISIONAL
la,tlg0031.tlg027.perseus-lat1.tb.xml,ADV,conj,ADV,conj,1,PROVISIONAL
la,tlg0031.tlg027.perseus-lat1.tb.xml,ADV,mark,ADV,mark,1,PROVISIONAL
la,tlg0031.tlg027.perseus-lat1.tb.xml,ADV,obl,ADV,obl,2,PROVISIONAL
la,tlg0031.tlg027.perseus-lat1.tb.xml,AUX,cop,AUX,cop,12,PROVISIONAL
la,tlg0031.tlg027.perseus-lat1.tb.xml,CCONJ,advmod:emph,CCONJ,advmod,4,PROVISIONAL
la,tlg0031.tlg027.perseus-lat1.tb.xml,CCONJ,cc,CCONJ,cc,257,PROVISIONAL
la,tlg0031.tlg027.perseus-lat1.tb.xml,CCONJ,conj,CCONJ,conj,1,PROVISIONAL
la,tlg0031.tlg027.perseus-lat1.tb.xml,CCONJ,nmod,CCONJ,nmod,2,PROVISIONAL
la,tlg0031.tlg027.perseus-lat1.tb.xml,DET,det,DET,det,53,PROVISIONAL
la,tlg0031.tlg027.perseus-lat1.tb.xml,DET,nmod,DET,nmod,2,PROVISIONAL
la,tlg0031.tlg027.perseus-lat1.tb.xml,DET,nsubj,DET,nsubj,9,PROVISIONAL
la,tlg0031.tlg027.perseus-lat1.tb.xml,DET,obj,DET,obj,7,PROVISIONAL
la,tlg0031.tlg027.perseus-lat1.tb.xml,DET,obl,DET,obl,16,PROVISIONAL
la,tlg0031.tlg027.perseus-lat1.tb.xml,DET,obl:arg,DET,obl,5,PROVISIONAL
la,tlg0031.tlg027.perseus-lat1.tb.xml,INTJ,discourse,INTJ,discourse,3,PROVISIONAL
la,tlg0031.tlg027.perseus-lat1.tb.xml,NOUN,acl:relcl,NOUN,acl,2,PROVISIONAL
la,tlg0031.tlg027.perseus-lat1.tb.xml,NOUN,advcl:cmp,NOUN,advcl,4,PROVISIONAL
la,tlg0031.tlg027.perseus-lat1.tb.xml,NOUN,appos,NOUN,appos,2,PROVISIONAL
la,tlg0031.tlg027.perseus-lat1.tb.xml,NOUN,conj,NOUN,conj,63,PROVISIONAL
la,tlg0031.tlg027.perseus-lat1.tb.xml,NOUN,conj:expl,NOUN,conj,1,PROVISIONAL
la,tlg0031.tlg027.perseus-lat1.tb.xml,NOUN,nmod,NOUN,nmod,111,PROVISIONAL
la,tlg0031.tlg027.perseus-lat1.tb.xml,NOUN,nsubj,NOUN,nsubj,60,PROVISIONAL
la,tlg0031.tlg027.perseus-lat1.tb.xml,NOUN,nsubj:pass,NOUN,nsubj,11,PROVISIONAL
la,tlg0031.tlg027.perseus-lat1.tb.xml,NOUN,obj,NOUN,obj,135,PROVISIONAL
la,tlg0031.tlg027.perseus-lat1.tb.xml,NOUN,obl,NOUN,obl,114,PROVISIONAL
la,tlg0031.tlg027.perseus-lat1.tb.xml,NOUN,obl:arg,NOUN,obl,9,PROVISIONAL
la,tlg0031.tlg027.perseus-lat1.tb.xml,NOUN,root,NOUN,root,4,PROVISIONAL
la,tlg0031.tlg027.perseus-lat1.tb.xml,NOUN,vocative,NOUN,vocative,2,PROVISIONAL
la,tlg0031.tlg027.perseus-lat1.tb.xml,NOUN,xcomp,NOUN,xcomp,1,PROVISIONAL
la,tlg0031.tlg027.perseus-lat1.tb.xml,NUM,conj:expl,NUM,conj,1,PROVISIONAL
la,tlg0031.tlg027.perseus-lat1.tb.xml,NUM,flat,NUM,flat,6,PROVISIONAL
la,tlg0031.tlg027.perseus-lat1.tb.xml,NUM,nummod,NUM,nummod,41,PROVISIONAL
la,tlg0031.tlg027.perseus-lat1.tb.xml,PART,advmod:neg,PART,advmod,17,PROVISIONAL
la,tlg0031.tlg027.perseus-lat1.tb.xml,PART,discourse,PART,discourse,4,PROVISIONAL
la,tlg0031.tlg027.perseus-lat1.tb.xml,PRON,advcl,PRON,advcl,1,PROVISIONAL
la,tlg0031.tlg027.perseus-lat1.tb.xml,PRON,advcl:pred,PRON,advcl,1,PROVISIONAL
la,tlg0031.tlg027.perseus-lat1.tb.xml,PRON,conj,PRON,conj,1,PROVISIONAL
la,tlg0031.tlg027.perseus-lat1.tb.xml,PRON,nmod,PRON,nmod,28,PROVISIONAL
la,tlg0031.tlg027.perseus-lat1.tb.xml,PRON,nsubj,PRON,nsubj,33,PROVISIONAL
la,tlg0031.tlg027.perseus-lat1.tb.xml,PRON,nsubj:pass,PRON,nsubj,3,PROVISIONAL
la,tlg0031.tlg027.perseus-lat1.tb.xml,PRON,obj,PRON,obj,31,PROVISIONAL
la,tlg0031.tlg027.perseus-lat1.tb.xml,PRON,obl,PRON,obl,28,PROVISIONAL
la,tlg0031.tlg027.perseus-lat1.tb.xml,PRON,obl:arg,PRON,obl,4,PROVISIONAL
la,tlg0031.tlg027.perseus-lat1.tb.xml,PROPN,conj,NOUN,conj,1,PROVISIONAL
la,tlg0031.tlg027.perseus-lat1.tb.xml,PROPN,nmod,NOUN,nmod,5,PROVISIONAL
la,tlg0031.tlg027.perseus-lat1.tb.xml,PROPN,xcomp,NOUN,xcomp,1,PROVISIONAL
la,tlg0031.tlg027.perseus-lat1.tb.xml,PUNCT,punct,PUNCT,punct,161,PROVISIONAL
la,tlg0031.tlg027.perseus-lat1.tb.xml,SCONJ,mark,SCONJ,mark,51,PROVISIONAL
la,tlg0031.tlg027.perseus-lat1.tb.xml,VERB,acl,VERB,acl,1,PROVISIONAL
la,tlg0031.tlg027.perseus-lat1.tb.xml,VERB,acl:relcl,VERB,acl,21,PROVISIONAL
la,tlg0031.tlg027.perseus-lat1.tb.xml,VERB,advcl,VERB,advcl,57,PROVISIONAL
la,tlg0031.tlg027.perseus-lat1.tb.xml,VERB,advcl:cmp,VERB,advcl,3,PROVISIONAL
la,tlg0031.tlg027.perseus-lat1.tb.xml,VERB,amod,VERB,amod,36,PROVISIONAL
la,tlg0031.tlg027.perseus-lat1.tb.xml,VERB,ccomp,VERB,ccomp,11,PROVISIONAL
la,tlg0031.tlg027.perseus-lat1.tb.xml,VERB,conj,VERB,conj,67,PROVISIONAL
la,tlg0031.tlg027.perseus-lat1.tb.xml,VERB,csubj,VERB,csubj,13,PROVISIONAL
la,tlg0031.tlg027.perseus-lat1.tb.xml,VERB,nmod,VERB,nmod,15,PROVISIONAL
la,tlg0031.tlg027.perseus-lat1.tb.xml,VERB,nsubj,VERB,nsubj,1,PROVISIONAL
la,tlg0031.tlg027.perseus-lat1.tb.xml,VERB,obl,VERB,obl,4,PROVISIONAL
la,tlg0031.tlg027.perseus-lat1.tb.xml,VERB,root,VERB,root,148,PROVISIONAL
la,tlg0031.tlg027.perseus-lat1.tb.xml,VERB,xcomp,VERB,xcomp,11,PROVISIONAL
