cell,variant,held_block,held_block_key,seed,past_band,n,sum_loss_ctw_original,sum_loss_root_original,sum_loss_ctw_shuffled,sum_loss_root_shuffled,changed_symbol_eligible_slot_count,eligible_slot_count,ce_ctw_original,ce_root_original,g_original,ce_ctw_shuffled,ce_root_shuffled,g_shuffled,q,reason
C0,ud23,ATHENAEUS,4352f04fcfd7cbe580caddf69f309034ffb967d5d1bc8a8e809498de5bf8d329,0,4_7,5641,23534.489360373016,25990.41714449477,25547.425266141618,25547.425266141618,4892,5641,4.172042077711933,4.607413072947132,0.43537099523519895,4.528882337553912,4.528882337553912,0.0,0.43537099523519895,
C0,ud23,ATHENAEUS,4352f04fcfd7cbe580caddf69f309034ffb967d5d1bc8a8e809498de5bf8d329,0,ge8,11050,47151.486465569185,52233.97125114188,50662.30291894256,50662.30291894256,9966,11050,4.267102847562822,4.727056221822794,0.45995337425997196,4.584823793569463,4.584823793569463,0.0,0.45995337425997196,
C0,ud23,ATHENAEUS,4352f04fcfd7cbe580caddf69f309034ffb967d5d1bc8a8e809498de5bf8d329,1,4_7,5641,23557.2221890857,25984.76539682998,25623.654961285607,25623.65496128561,4948,5641,4.176072006574313,4.606411167670622,0.43033916109630876,4.542395844936289,4.54239584493629,8.881784197001252e-16,0.4303391610963079,
C0,ud23,ATHENAEUS,4352f04fcfd7cbe580caddf69f309034ffb967d5d1bc8a8e809498de5bf8d329,1,ge8,11050,47130.79075697618,52214.73529803176,50426.14760051351,50426.14760051352,9920,11050,4.265229932758025,4.7253154115865845,0.4600854788285593,4.563452271539684,4.563452271539685,8.881784197001252e-16,0.46008547882855844,
C0,ud23,ATHENAEUS,4352f04fcfd7cbe580caddf69f309034ffb967d5d1bc8a8e809498de5bf8d329,2,4_7,5641,23537.079358238738,25986.873690456392,25616.30049531579,25616.30049531579,4976,5641,4.172501215784211,4.606784912330507,0.43428369654629595,4.541092092770039,4.541092092770039,0.0,0.43428369654629595,
C0,ud23,ATHENAEUS,4352f04fcfd7cbe580caddf69f309034ffb967d5d1bc8a8e809498de5bf8d329,2,ge8,11050,47147.37890515265,52254.361196438935,50424.76656046178,50424.76656046179,9876,11050,4.266731122638249,4.72890146574108,0.462170343102831,4.563327290539528,4.563327290539529,8.881784197001252e-16,0.4621703431028301,
C0,ud23,ATHENAEUS,4352f04fcfd7cbe580caddf69f309034ffb967d5d1bc8a8e809498de5bf8d329,3,4_7,5641,23549.070238145934,25975.194850603646,25472.51492331371,25472.514923313713,4900,5641,4.174626881429877,4.604714563127751,0.4300876816978745,4.515602716417959,4.51560271641796,8.881784197001252e-16,0.4300876816978736,
C0,ud23,ATHENAEUS,4352f04fcfd7cbe580caddf69f309034ffb967d5d1bc8a8e809498de5bf8d329,3,ge8,11050,47108.25010168498,52220.21940899224,50527.583731955194,50527.583731955194,9943,11050,4.26319005445113,4.725811711221017,0.46262165676988776,4.572632011941646,4.572632011941646,0.0,0.46262165676988776,
C0,ud23,ATHENAEUS,4352f04fcfd7cbe580caddf69f309034ffb967d5d1bc8a8e809498de5bf8d329,4,4_7,5641,23529.967410122517,25990.508301448415,25579.13619870727,25579.13619870727,4954,5641,4.171240455614699,4.607429232662367,0.43618877704766845,4.5345038466065,4.5345038466065,0.0,0.43618877704766845,
C0,ud23,ATHENAEUS,4352f04fcfd7cbe580caddf69f309034ffb967d5d1bc8a8e809498de5bf8d329,4,ge8,11050,47161.47408164604,52253.439617521704,50541.892568184005,50541.892568184005,9909,11050,4.268006704221361,4.7288180649340905,0.46081136071272955,4.573926929247421,4.573926929247421,0.0,0.46081136071272955,
C0,ud23,ATHENAEUS,4352f04fcfd7cbe580caddf69f309034ffb967d5d1bc8a8e809498de5bf8d329,5,4_7,5641,23530.148626642484,25990.39871814217,25532.63803244415,25532.638032444152,4993,5641,4.171272580507442,4.607409806442504,0.4361372259350622,4.526260952392155,4.526260952392156,8.881784197001252e-16,0.4361372259350613,
C0,ud23,ATHENAEUS,4352f04fcfd7cbe580caddf69f309034ffb967d5d1bc8a8e809498de5bf8d329,5,ge8,11050,47148.864749061584,52232.97296661001,50588.892575749756,50588.89257574976,9894,11050,4.266865588150369,4.726965879331223,0.4601002911808534,4.578180323597263,4.578180323597263,0.0,0.4601002911808534,
C0,ud23,ATHENAEUS,4352f04fcfd7cbe580caddf69f309034ffb967d5d1bc8a8e809498de5bf8d329,6,4_7,5641,23539.387950214175,25979.945426279173,25525.673016200883,25525.673016200883,4936,5641,4.172910468040095,4.605556714461828,0.43264624642173377,4.52502623935488,4.52502623935488,0.0,0.43264624642173377,
C0,ud23,ATHENAEUS,4352f04fcfd7cbe580caddf69f309034ffb967d5d1bc8a8e809498de5bf8d329,6,ge8,11050,47164.89522854328,52228.05619155574,50495.033186926914,50495.033186926914,9920,11050,4.26831631027541,4.726520922312737,0.4582046120373269,4.569686261260355,4.569686261260355,0.0,0.4582046120373269,
C0,ud23,ATHENAEUS,4352f04fcfd7cbe580caddf69f309034ffb967d5d1bc8a8e809498de5bf8d329,7,4_7,5641,23509.208481882244,25974.255923673303,25621.720607559826,25621.72060755983,4914,5641,4.167560447062975,4.604548116233523,0.43698766917054765,4.5420529352171295,4.5420529352171295,0.0,0.43698766917054765,
C0,ud23,ATHENAEUS,4352f04fcfd7cbe580caddf69f309034ffb967d5d1bc8a8e809498de5bf8d329,7,ge8,11050,47131.62362134174,52231.04002695647,50626.72597607223,50626.72597607223,9880,11050,4.2653053050988,4.726790952665744,0.46148564756694377,4.581604160730518,4.581604160730518,0.0,0.46148564756694377,
C0,ud23,ATHENAEUS,4352f04fcfd7cbe580caddf69f309034ffb967d5d1bc8a8e809498de5bf8d329,8,4_7,5641,23520.05559223145,25970.809658724633,25533.946895433048,25533.946895433048,4897,5641,4.169483352638087,4.603937184670206,0.4344538320321192,4.526492979158491,4.526492979158491,0.0,0.4344538320321192,
C0,ud23,ATHENAEUS,4352f04fcfd7cbe580caddf69f309034ffb967d5d1bc8a8e809498de5bf8d329,8,ge8,11050,47136.163152270245,52241.62873812491,50629.254594411876,50629.25459441188,9908,11050,4.265716122377397,4.7277492070701275,0.4620330846927301,4.5818329949694006,4.581832994969401,8.881784197001252e-16,0.4620330846927292,
C0,ud23,ATHENAEUS,4352f04fcfd7cbe580caddf69f309034ffb967d5d1bc8a8e809498de5bf8d329,9,4_7,5641,23514.97152334542,25987.187588055724,25673.251406170526,25673.251406170526,4882,5641,4.168582081784332,4.606840558066961,0.4382584762826287,4.551187981948329,4.551187981948329,0.0,0.4382584762826287,
C0,ud23,ATHENAEUS,4352f04fcfd7cbe580caddf69f309034ffb967d5d1bc8a8e809498de5bf8d329,9,ge8,11050,47123.405523037065,52232.81401637937,50623.75239052249,50623.75239052249,9936,11050,4.264561585795209,4.726951494694966,0.4623899088997563,4.581335057965836,4.581335057965836,0.0,0.4623899088997563,
C0,ud23,ATHENAEUS,4352f04fcfd7cbe580caddf69f309034ffb967d5d1bc8a8e809498de5bf8d329,10,4_7,5641,23529.087752797608,25982.848447590168,25642.651692031177,25642.651692031177,4983,5641,4.171084515652829,4.606071343306181,0.4349868276533515,4.545763462512174,4.545763462512174,0.0,0.4349868276533515,
C0,ud23,ATHENAEUS,4352f04fcfd7cbe580caddf69f309034ffb967d5d1bc8a8e809498de5bf8d329,10,ge8,11050,47098.266725531445,52245.93377999885,50651.065431983734,50651.065431983734,9863,11050,4.262286581496058,4.728138803619806,0.4658522221237478,4.583806826423867,4.583806826423867,0.0,0.4658522221237478,
C0,ud23,ATHENAEUS,4352f04fcfd7cbe580caddf69f309034ffb967d5d1bc8a8e809498de5bf8d329,11,4_7,5641,23538.968190622305,25963.337473180007,25698.24808441133,25698.24808441133,4930,5641,4.172836055774208,4.602612563939019,0.42977650816481106,4.5556192314148785,4.5556192314148785,0.0,0.42977650816481106,
C0,ud23,ATHENAEUS,4352f04fcfd7cbe580caddf69f309034ffb967d5d1bc8a8e809498de5bf8d329,11,ge8,11050,47141.896646011715,52216.47099403795,50524.93911953203,50524.93911953203,9909,11050,4.266234990589296,4.72547248814823,0.4592374975589344,4.572392680500636,4.572392680500636,0.0,0.4592374975589344,
C0,ud23,ATHENAEUS,4352f04fcfd7cbe580caddf69f309034ffb967d5d1bc8a8e809498de5bf8d329,12,4_7,5641,23553.626574478567,25994.948902128297,25586.57088090098,25586.57088090098,4898,5641,4.175434599269379,4.608216433633806,0.43278183436442674,4.535821818986169,4.535821818986169,0.0,0.43278183436442674,
C0,ud23,ATHENAEUS,4352f04fcfd7cbe580caddf69f309034ffb967d5d1bc8a8e809498de5bf8d329,12,ge8,11050,47117.36613284338,52238.63883562873,50582.509189060205,50582.509189060205,9917,11050,4.26401503464646,4.727478627658709,0.46346359301224904,4.57760264154391,4.57760264154391,0.0,0.46346359301224904,
C0,ud23,ATHENAEUS,4352f04fcfd7cbe580caddf69f309034ffb967d5d1bc8a8e809498de5bf8d329,13,4_7,5641,23544.468655185323,25978.084827807983,25604.314714683038,25604.314714683038,4881,5641,4.173811142560774,4.6052268795972315,0.43141573703645797,4.53896733109077,4.53896733109077,0.0,0.43141573703645797,
C0,ud23,ATHENAEUS,4352f04fcfd7cbe580caddf69f309034ffb967d5d1bc8a8e809498de5bf8d329,13,ge8,11050,47169.766754963624,52216.58492987608,50502.89652014804,50502.89652014804,9850,11050,4.268757172394898,4.725482799083808,0.45672562668891015,4.5703978751265195,4.5703978751265195,0.0,0.45672562668891015,
C0,ud23,ATHENAEUS,4352f04fcfd7cbe580caddf69f309034ffb967d5d1bc8a8e809498de5bf8d329,14,4_7,5641,23502.941960347885,25976.366717503915,25731.86291395782,25731.862913957822,4962,5641,4.166449558650574,4.60492230411344,0.4384727454628665,4.561578251011845,4.561578251011846,8.881784197001252e-16,0.43847274546286563,
C0,ud23,ATHENAEUS,4352f04fcfd7cbe580caddf69f309034ffb967d5d1bc8a8e809498de5bf8d329,14,ge8,11050,47131.59851881171,52249.07452817005,50521.682045529175,50521.682045529175,9908,11050,4.265303033376625,4.728423034223534,0.4631200008469083,4.572097922672324,4.572097922672324,0.0,0.4631200008469083,
C0,ud23,ATHENAEUS,4352f04fcfd7cbe580caddf69f309034ffb967d5d1bc8a8e809498de5bf8d329,15,4_7,5641,23532.831523538116,25972.36126356416,25521.5799576547,25521.5799576547,4967,5641,4.171748187118971,4.604212243142024,0.43246405602305327,4.524300648405371,4.524300648405371,0.0,0.43246405602305327,
C0,ud23,ATHENAEUS,4352f04fcfd7cbe580caddf69f309034ffb967d5d1bc8a8e809498de5bf8d329,15,ge8,11050,47117.7423129925,52199.30089992543,50493.361245455286,50493.361245455286,9957,11050,4.264049078098869,4.723918633477415,0.4598695553785461,4.5695349543398445,4.5695349543398445,0.0,0.4598695553785461,
C0,ud23,ATHENAEUS,4352f04fcfd7cbe580caddf69f309034ffb967d5d1bc8a8e809498de5bf8d329,16,4_7,5641,23533.117694214474,25966.808139679397,25373.408844190963,25373.408844190963,4943,5641,4.171798917605828,4.603227821251444,0.4314289036456165,4.498033831623996,4.498033831623996,0.0,0.4314289036456165,
C0,ud23,ATHENAEUS,4352f04fcfd7cbe580caddf69f309034ffb967d5d1bc8a8e809498de5bf8d329,16,ge8,11050,47118.87091514865,52237.568383592115,50662.40994183087,50662.40994183087,9927,11050,4.264151214040601,4.727381754171232,0.46323054013063114,4.584833478898721,4.584833478898721,0.0,0.46323054013063114,
C0,ud23,ATHENAEUS,4352f04fcfd7cbe580caddf69f309034ffb967d5d1bc8a8e809498de5bf8d329,17,4_7,5641,23547.69502780019,25979.055801266917,25419.87226352383,25419.87226352383,4909,5641,4.174383093033184,4.605399007492806,0.4310159144596222,4.506270566127252,4.506270566127252,0.0,0.4310159144596222,
C0,ud23,ATHENAEUS,4352f04fcfd7cbe580caddf69f309034ffb967d5d1bc8a8e809498de5bf8d329,17,ge8,11050,47111.52559538037,52226.572384317464,50628.88569266451,50628.88569266451,9891,11050,4.263486479219943,4.726386641114702,0.46290016189475924,4.581799610195883,4.581799610195883,0.0,0.46290016189475924,
C0,ud23,ATHENAEUS,4352f04fcfd7cbe580caddf69f309034ffb967d5d1bc8a8e809498de5bf8d329,18,4_7,5641,23545.95209819467,25986.672372917496,25518.956826977595,25518.956826977595,4905,5641,4.174074117744135,4.60674922405912,0.43267510631498496,4.523835636762559,4.523835636762559,0.0,0.43267510631498496,
C0,ud23,ATHENAEUS,4352f04fcfd7cbe580caddf69f309034ffb967d5d1bc8a8e809498de5bf8d329,18,ge8,11050,47134.72095119321,52235.097270182974,50556.14753942374,50556.14753942374,9915,11050,4.265585606442825,4.727158123998459,0.4615725175556342,4.575216971893552,4.575216971893552,0.0,0.4615725175556342,
C0,ud23,ATHENAEUS,4352f04fcfd7cbe580caddf69f309034ffb967d5d1bc8a8e809498de5bf8d329,19,4_7,5641,23523.00190585736,25990.821620580296,25502.20584730187,25502.20584730187,4911,5641,4.17000565606406,4.607484775851852,0.43747911978779186,4.520866131413202,4.520866131413202,0.0,0.43747911978779186,
C0,ud23,ATHENAEUS,4352f04fcfd7cbe580caddf69f309034ffb967d5d1bc8a8e809498de5bf8d329,19,ge8,11050,47136.147404577445,52238.58291642119,50680.391308971375,50680.391308971375,9883,11050,4.265714697246827,4.72747356709694,0.4617588698501125,4.586460751943111,4.586460751943111,0.0,0.4617588698501125,
C0,ud23,DIODORUS,d91dad02f8da03cf6702fa7edec531da5e56f526f466e2f04180f2a23a1cf315,0,4_7,2898,11240.561055272043,12663.563299322786,12676.21845576602,12676.21845576602,2555,2898,3.8787305228682,4.369759592588953,0.49102906972075333,4.374126451265018,4.374126451265018,0.0,0.49102906972075333,
C0,ud23,DIODORUS,d91dad02f8da03cf6702fa7edec531da5e56f526f466e2f04180f2a23a1cf315,0,ge8,9436,38013.3168812342,43030.942453700256,41605.49849222877,41605.49849222877,8445,9436,4.028541424463141,4.560294876398925,0.531753451935784,4.409230446399827,4.409230446399827,0.0,0.531753451935784,
C0,ud23,DIODORUS,d91dad02f8da03cf6702fa7edec531da5e56f526f466e2f04180f2a23a1cf315,1,4_7,2898,11252.001251321863,12678.4514221172,12666.360033175677,12666.360033175677,2514,2898,3.8826781405527475,4.374896971054934,0.4922188305021864,4.370724649128943,4.370724649128943,0.0,0.4922188305021864,
C0,ud23,DIODORUS,d91dad02f8da03cf6702fa7edec531da5e56f526f466e2f04180f2a23a1cf315,1,ge8,9436,38048.37943670075,43083.629963233485,41785.35811946368,41785.35811946368,8446,9436,4.032257252723691,4.565878546336741,0.5336212936130496,4.428291449710013,4.428291449710013,0.0,0.5336212936130496,
C0,ud23,DIODORUS,d91dad02f8da03cf6702fa7edec531da5e56f526f466e2f04180f2a23a1cf315,2,4_7,2898,11266.660830278122,12672.281360812345,12697.915433749058,12697.915433749058,2556,2898,3.88773665641067,4.372767895380381,0.4850312389697109,4.381613331176348,4.381613331176348,0.0,0.4850312389697109,
C0,ud23,DIODORUS,d91dad02f8da03cf6702fa7edec531da5e56f526f466e2f04180f2a23a1cf315,2,ge8,9436,37968.24119084184,43068.257765112256,41630.81294589511,41630.81294589511,8356,9436,4.023764433111683,4.564249445221731,0.5404850121100475,4.4119131990138944,4.4119131990138944,0.0,0.5404850121100475,
C0,ud23,DIODORUS,d91dad02f8da03cf6702fa7edec531da5e56f526f466e2f04180f2a23a1cf315,3,4_7,2898,11269.132044596801,12686.341570718325,12622.523296593949,12622.523296593949,2585,2898,3.8885893873694966,4.37761958961985,0.48903020225035343,4.355598100964095,4.355598100964095,0.0,0.48903020225035343,
C0,ud23,DIODORUS,d91dad02f8da03cf6702fa7edec531da5e56f526f466e2f04180f2a23a1cf315,3,ge8,9436,38000.55983842376,43085.16144781166,41767.22241822999,41767.22241822999,8418,9436,4.02718946994741,4.566040848644729,0.538851378697319,4.426369480524586,4.426369480524586,0.0,0.538851378697319,
C0,ud23,DIODORUS,d91dad02f8da03cf6702fa7edec531da5e56f526f466e2f04180f2a23a1cf315,4,4_7,2898,11251.903966810301,12668.33979305093,12636.880251227858,12636.88025122786,2558,2898,3.8826445710180475,4.371407796083827,0.4887632250657794,4.360552191590013,4.360552191590013,0.0,0.4887632250657794,
C0,ud23,DIODORUS,d91dad02f8da03cf6702fa7edec531da5e56f526f466e2f04180f2a23a1cf315,4,ge8,9436,38016.50909343194,43062.667326275776,41532.928511876875,41532.928511876875,8462,9436,4.0288797258829945,4.5636569866761105,0.534777260793116,4.401539689685976,4.401539689685976,0.0,0.534777260793116,
C0,ud23,DIODORUS,d91dad02f8da03cf6702fa7edec531da5e56f526f466e2f04180f2a23a1cf315,5,4_7,2898,11235.255850755988,12666.233307216084,12640.28237517719,12640.28237517719,2522,2898,3.8768998794879184,4.370680920364418,0.4937810408764993,4.361726147404138,4.361726147404138,0.0,0.4937810408764993,
C0,ud23,DIODORUS,d91dad02f8da03cf6702fa7edec531da5e56f526f466e2f04180f2a23a1cf315,5,ge8,9436,37986.67852416917,43040.95804603492,41727.182596218125,41727.182596218125,8469,9436,4.025718368394359,4.561356299918919,0.5356379315245601,4.422126175945117,4.422126175945117,0.0,0.5356379315245601,
C0,ud23,DIODORUS,d91dad02f8da03cf6702fa7edec531da5e56f526f466e2f04180f2a23a1cf315,6,4_7,2898,11236.72960747179,12665.743077223482,12567.81515875547,12567.815158755471,2544,2898,3.8774084221779814,4.370511758876288,0.4931033366983062,4.336720206609892,4.336720206609893,8.881784197001252e-16,0.4931033366983053,
C0,ud23,DIODORUS,d91dad02f8da03cf6702fa7edec531da5e56f526f466e2f04180f2a23a1cf315,6,ge8,9436,37936.19396477072,43030.488776816004,41702.78043876116,41702.78043876116,8488,9436,4.020368160742976,4.560246797034337,0.5398786362913617,4.419540105845821,4.419540105845821,0.0,0.5398786362913617,
C0,ud23,DIODORUS,d91dad02f8da03cf6702fa7edec531da5e56f526f466e2f04180f2a23a1cf315,7,4_7,2898,11237.22150800617,12674.539986301514,12692.633891621328,12692.633891621328,2565,2898,3.87757816011255,4.373547269255181,0.49596910914263104,4.379790852871404,4.379790852871404,0.0,0.49596910914263104,
C0,ud23,DIODORUS,d91dad02f8da03cf6702fa7edec531da5e56f526f466e2f04180f2a23a1cf315,7,ge8,9436,37982.33565828665,43052.529361307366,41560.13365320123,41560.13365320123,8483,9436,4.025258124023596,4.562582594458178,0.5373244704345819,4.4044228119119575,4.4044228119119575,0.0,0.5373244704345819,
C0,ud23,DIODORUS,d91dad02f8da03cf6702fa7edec531da5e56f526f466e2f04180f2a23a1cf315,8,4_7,2898,11218.498769136599,12654.842357487609,12681.610553073957,12681.610553073959,2564,2898,3.871117587693788,4.366750295889444,0.49563270819565597,4.3759870783554025,4.375987078355403,8.881784197001252e-16,0.4956327081956551,
C0,ud23,DIODORUS,d91dad02f8da03cf6702fa7edec531da5e56f526f466e2f04180f2a23a1cf315,8,ge8,9436,37956.313280472365,43013.02935295846,41611.78862407895,41611.78862407895,8392,9436,4.022500347654977,4.558396497770079,0.5358961501151018,4.409897056388189,4.409897056388189,0.0,0.5358961501151018,
C0,ud23,DIODORUS,d91dad02f8da03cf6702fa7edec531da5e56f526f466e2f04180f2a23a1cf315,9,4_7,2898,11257.132905562536,12669.157789798004,12660.921677475493,12660.921677475493,2553,2898,3.8844488977096394,4.371690058591444,0.48724116088180436,4.368848059860419,4.368848059860419,0.0,0.48724116088180436,
C0,ud23,DIODORUS,d91dad02f8da03cf6702fa7edec531da5e56f526f466e2f04180f2a23a1cf315,9,ge8,9436,38002.79994845596,43040.39779768603,41594.54752004925,41594.54752004925,8429,9436,4.027426870332341,4.561296926418613,0.5338700560862728,4.4080698940281104,4.4080698940281104,0.0,0.5338700560862728,
C0,ud23,DIODORUS,d91dad02f8da03cf6702fa7edec531da5e56f526f466e2f04180f2a23a1cf315,10,4_7,2898,11242.555322190174,12667.73169889955,12653.135244205823,12653.135244205823,2563,2898,3.8794186757039935,4.371197963733454,0.4917792880294609,4.366161229884687,4.366161229884687,0.0,0.4917792880294609,
C0,ud23,DIODORUS,d91dad02f8da03cf6702fa7edec531da5e56f526f466e2f04180f2a23a1cf315,10,ge8,9436,37978.03721853658,43046.2060207062,41780.75147182406,41780.75147182406,8424,9436,4.024802587805911,4.561912465102395,0.5371098772964844,4.42780325051124,4.42780325051124,0.0,0.5371098772964844,
C0,ud23,DIODORUS,d91dad02f8da03cf6702fa7edec531da5e56f526f466e2f04180f2a23a1cf315,11,4_7,2898,11236.950125443296,12674.762915424808,12613.53985989138,12613.53985989138,2558,2898,3.877484515335851,4.373624194418499,0.4961396790826478,4.352498226325528,4.352498226325528,0.0,0.4961396790826478,
C0,ud23,DIODORUS,d91dad02f8da03cf6702fa7edec531da5e56f526f466e2f04180f2a23a1cf315,11,ge8,9436,37994.57215787874,43081.01284357049,41566.93605810111,41566.93605810111,8388,9436,4.026554912873966,4.565601191561095,0.5390462786871293,4.405143711117117,4.405143711117117,0.0,0.5390462786871293,
C0,ud23,DIODORUS,d91dad02f8da03cf6702fa7edec531da5e56f526f466e2f04180f2a23a1cf315,12,4_7,2898,11245.620856760293,12677.30928987595,12705.408234143064,12705.408234143064,2577,2898,3.880476486114663,4.374502860550708,0.4940263744360447,4.384198838558683,4.384198838558683,0.0,0.4940263744360447,
C0,ud23,DIODORUS,d91dad02f8da03cf6702fa7edec531da5e56f526f466e2f04180f2a23a1cf315,12,ge8,9436,37985.0603994706,43042.29236034374,41680.91945534512,41680.91945534512,8450,9436,4.025546884216893,4.5614977066917906,0.5359508224748977,4.417223342024705,4.417223342024705,0.0,0.5359508224748977,
C0,ud23,DIODORUS,d91dad02f8da03cf6702fa7edec531da5e56f526f466e2f04180f2a23a1cf315,13,4_7,2898,11233.7667852401,12680.564980990195,12703.994362841127,12703.994362841127,2570,2898,3.8763860542581434,4.37562628743623,0.4992402331780865,4.383710960262639,4.383710960262639,0.0,0.4992402331780865,
C0,ud23,DIODORUS,d91dad02f8da03cf6702fa7edec531da5e56f526f466e2f04180f2a23a1cf315,13,ge8,9436,38029.74466449439,43086.52668019389,41807.23311823543,41807.23311823543,8428,9436,4.030282393439423,4.566185532025635,0.5359031385862121,4.430609698838007,4.430609698838007,0.0,0.5359031385862121,
C0,ud23,DIODORUS,d91dad02f8da03cf6702fa7edec531da5e56f526f466e2f04180f2a23a1cf315,14,4_7,2898,11245.342351499698,12666.19253308751,12764.829140885588,12764.829140885588,2564,2898,3.880380383540268,4.370666850616808,0.4902864670765399,4.4047029471654895,4.4047029471654895,0.0,0.4902864670765399,
C0,ud23,DIODORUS,d91dad02f8da03cf6702fa7edec531da5e56f526f466e2f04180f2a23a1cf315,14,ge8,9436,37967.59281633006,43028.13134612936,41532.11330780554,41532.11330780554,8444,9436,4.023695720255412,4.55999696334563,0.5363012430902181,4.401453296715297,4.401453296715297,0.0,0.5363012430902181,
C0,ud23,DIODORUS,d91dad02f8da03cf6702fa7edec531da5e56f526f466e2f04180f2a23a1cf315,15,4_7,2898,11248.913395961845,12678.454642672541,12771.356925639664,12771.356925639664,2555,2898,3.881612628006158,4.374898082357674,0.4932854543515166,4.4069554608832515,4.4069554608832515,0.0,0.4932854543515166,
C0,ud23,DIODORUS,d91dad02f8da03cf6702fa7edec531da5e56f526f466e2f04180f2a23a1cf315,15,ge8,9436,38035.16688947933,43092.99168045282,41609.66150417653,41609.66150417653,8430,9436,4.030857025167373,4.566870674062401,0.536013648895028,4.4096716303705525,4.4096716303705525,0.0,0.536013648895028,
C0,ud23,DIODORUS,d91dad02f8da03cf6702fa7edec531da5e56f526f466e2f04180f2a23a1cf315,16,4_7,2898,11262.59860289942,12675.205346506993,12662.0648202248,12662.0648202248,2555,2898,3.8863349216354104,4.373776862148721,0.48744194051331036,4.3692425190561766,4.3692425190561766,0.0,0.48744194051331036,
C0,ud23,DIODORUS,d91dad02f8da03cf6702fa7edec531da5e56f526f466e2f04180f2a23a1cf315,16,ge8,9436,37989.96068873857,43068.43756000484,41738.67088983798,41738.67088983798,8426,9436,4.026066202706503,4.56426849936465,0.538202296658147,4.423343672089654,4.423343672089654,0.0,0.538202296658147,
C0,ud23,DIODORUS,d91dad02f8da03cf6702fa7edec531da5e56f526f466e2f04180f2a23a1cf315,17,4_7,2898,11246.770296356857,12669.894284572529,12672.969618610301,12672.969618610301,2541,2898,3.8808731181355616,4.371944197575061,0.4910710794394997,4.373005389444549,4.373005389444549,0.0,0.4910710794394997,
C0,ud23,DIODORUS,d91dad02f8da03cf6702fa7edec531da5e56f526f466e2f04180f2a23a1cf315,17,ge8,9436,38007.49910944488,43053.6652441685,41659.338311624866,41659.338311624866,8426,9436,4.02792487382841,4.562702972039901,0.5347780982114907,4.414936234805518,4.414936234805518,0.0,0.5347780982114907,
C0,ud23,DIODORUS,d91dad02f8da03cf6702fa7edec531da5e56f526f466e2f04180f2a23a1cf315,18,4_7,2898,11248.841570397428,12677.460814029568,12656.034434915171,12656.034434915171,2572,2898,3.8815878434773734,4.374555146318001,0.49296730284062784,4.367161640757478,4.367161640757478,0.0,0.49296730284062784,
C0,ud23,DIODORUS,d91dad02f8da03cf6702fa7edec531da5e56f526f466e2f04180f2a23a1cf315,18,ge8,9436,37994.40243456378,43069.63271586861,41707.17098902253,41707.17098902254,8442,9436,4.026536926087726,4.564395158527831,0.5378582324401053,4.420005403669196,4.4200054036691965,8.881784197001252e-16,0.5378582324401044,
C0,ud23,DIODORUS,d91dad02f8da03cf6702fa7edec531da5e56f526f466e2f04180f2a23a1cf315,19,4_7,2898,11248.809727331658,12681.106906674457,12675.018645822991,12675.018645822991,2567,2898,3.881576855531973,4.37581328732728,0.49423643179530696,4.373712438172185,4.373712438172185,0.0,0.49423643179530696,
C0,ud23,DIODORUS,d91dad02f8da03cf6702fa7edec531da5e56f526f466e2f04180f2a23a1cf315,19,ge8,9436,38003.628941031486,43092.71711171836,41646.427654951345,41646.42765495135,8430,9436,4.027514724568831,4.566841576061717,0.539326851492886,4.413568000736683,4.413568000736684,8.881784197001252e-16,0.5393268514928851,
C0,ud23,HERODOTUS,89f0804afded8e7a0f4e1b507030d5ef4ecaf17e422c8b2969bd6b23e62818e6,0,4_7,3977,17189.646229887247,18664.221158444543,18511.528411097734,18511.528411097734,3523,3977,4.322264578799911,4.693040271170365,0.3707756923704544,4.654646319109312,4.654646319109312,0.0,0.3707756923704544,
C0,ud23,HERODOTUS,89f0804afded8e7a0f4e1b507030d5ef4ecaf17e422c8b2969bd6b23e62818e6,0,ge8,8969,39773.8687175145,43330.16150709337,41682.68447321481,41682.68447321481,8088,8969,4.434593457187479,4.831102855066716,0.3965093978792362,4.64741715611716,4.64741715611716,0.0,0.3965093978792362,
C0,ud23,HERODOTUS,89f0804afded8e7a0f4e1b507030d5ef4ecaf17e422c8b2969bd6b23e62818e6,1,4_7,3977,17166.897156985106,18656.350943976347,18377.730299446965,18377.730299446965,3509,3977,4.3165444196593175,4.691061338691563,0.3745169190322457,4.62100334409026,4.62100334409026,0.0,0.3745169190322457,
C0,ud23,HERODOTUS,89f0804afded8e7a0f4e1b507030d5ef4ecaf17e422c8b2969bd6b23e62818e6,1,ge8,8969,39738.4633677356,43325.41774884837,41835.30788236004,41835.30788236004,8125,8969,4.4306459324044605,4.8305739490298105,0.39992801662535005,4.664433926007363,4.664433926007363,0.0,0.39992801662535005,
C0,ud23,HERODOTUS,89f0804afded8e7a0f4e1b507030d5ef4ecaf17e422c8b2969bd6b23e62818e6,2,4_7,3977,17156.483703141137,18663.372481039285,18333.519451333457,18333.519451333457,3482,3977,4.313926000286934,4.692826874789863,0.37890087450292853,4.6098867114240525,4.6098867114240525,0.0,0.37890087450292853,
C0,ud23,HERODOTUS,89f0804afded8e7a0f4e1b507030d5ef4ecaf17e422c8b2969bd6b23e62818e6,2,ge8,8969,39713.67856853984,43317.513081117686,41761.93892135606,41761.93892135606,8114,8969,4.427882547501376,4.8296926169157866,0.40181006941441044,4.6562536426977434,4.6562536426977434,0.0,0.40181006941441044,
C0,ud23,HERODOTUS,89f0804afded8e7a0f4e1b507030d5ef4ecaf17e422c8b2969bd6b23e62818e6,3,4_7,3977,17154.701834572632,18660.500112629208,18277.587088494416,18277.587088494416,3530,3977,4.313477956895306,4.6921046297785285,0.3786266728832226,4.595822752953084,4.595822752953084,0.0,0.3786266728832226,
C0,ud23,HERODOTUS,89f0804afded8e7a0f4e1b507030d5ef4ecaf17e422c8b2969bd6b23e62818e6,3,ge8,8969,39698.627255852356,43320.19052777619,41733.239105255685,41733.239105255685,8090,8969,4.426204399136175,4.829991139232488,0.4037867400963133,4.6530537523977795,4.6530537523977795,0.0,0.4037867400963133,
C0,ud23,HERODOTUS,89f0804afded8e7a0f4e1b507030d5ef4ecaf17e422c8b2969bd6b23e62818e6,4,4_7,3977,17160.72382818449,18649.277256637284,18271.218240322378,18271.218240322378,3524,3977,4.314992161977494,4.689282689624663,0.37429052764716886,4.594221332743872,4.594221332743872,0.0,0.37429052764716886,
C0,ud23,HERODOTUS,89f0804afded8e7a0f4e1b507030d5ef4ecaf17e422c8b2969bd6b23e62818e6,4,ge8,8969,39695.99674339392,43305.43807098894,41806.55009145999,41806.55009145999,8085,8969,4.425911109755147,4.828346311850701,0.4024352020955533,4.661227571798416,4.661227571798416,0.0,0.4024352020955533,
C0,ud23,HERODOTUS,89f0804afded8e7a0f4e1b507030d5ef4ecaf17e422c8b2969bd6b23e62818e6,5,4_7,3977,17149.521788904814,18652.32437375084,18336.394530104888,18336.394530104888,3491,3977,4.312175456098772,4.690048874465888,0.3778734183671162,4.610609637944402,4.610609637944402,0.0,0.3778734183671162,
C0,ud23,HERODOTUS,89f0804afded8e7a0f4e1b507030d5ef4ecaf17e422c8b2969bd6b23e62818e6,5,ge8,8969,39678.373513393664,43307.18665872234,41769.14090201186,41769.14090201186,8088,8969,4.423946205083473,4.828541270902257,0.4045950658187838,4.657056628610977,4.657056628610977,0.0,0.4045950658187838,
C0,ud23,HERODOTUS,89f0804afded8e7a0f4e1b507030d5ef4ecaf17e422c8b2969bd6b23e62818e6,6,4_7,3977,17167.648073891454,18660.7009657751,18354.70792447079,18354.70792447079,3534,3977,4.31673323457165,4.692155133461177,0.3754218988895266,4.61521446428735,4.61521446428735,0.0,0.3754218988895266,
C0,ud23,HERODOTUS,89f0804afded8e7a0f4e1b507030d5ef4ecaf17e422c8b2969bd6b23e62818e6,6,ge8,8969,39792.88539621095,43340.87795801427,41738.454664097364,41738.454664097364,8124,8969,4.4367137246305,4.8322976873691905,0.3955839627386908,4.653635261912963,4.653635261912963,0.0,0.3955839627386908,
C0,ud23,HERODOTUS,89f0804afded8e7a0f4e1b507030d5ef4ecaf17e422c8b2969bd6b23e62818e6,7,4_7,3977,17136.273430734767,18656.339362346866,18518.65305581507,18518.653055815073,3497,3977,4.308844211902129,4.691058426539318,0.3822142146371883,4.656437781195643,4.656437781195644,8.881784197001252e-16,0.3822142146371874,
C0,ud23,HERODOTUS,89f0804afded8e7a0f4e1b507030d5ef4ecaf17e422c8b2969bd6b23e62818e6,7,ge8,8969,39708.58449840171,43321.967394768304,41689.0656129515,41689.0656129515,8057,8969,4.427314583387413,4.830189251284235,0.402874667896822,4.648128622249024,4.648128622249024,0.0,0.402874667896822,
C0,ud23,HERODOTUS,89f0804afded8e7a0f4e1b507030d5ef4ecaf17e422c8b2969bd6b23e62818e6,8,4_7,3977,17131.796800281754,18652.246130182615,18443.69886330129,18443.69886330129,3533,3977,4.3077185819164585,4.690029200448231,0.38231061853177284,4.637590863289236,4.637590863289236,0.0,0.38231061853177284,
C0,ud23,HERODOTUS,89f0804afded8e7a0f4e1b507030d5ef4ecaf17e422c8b2969bd6b23e62818e6,8,ge8,8969,39691.69354232406,43307.93994420539,41733.584389891184,41733.58438989119,8084,8969,4.425431323706551,4.828625258580153,0.40319393487360156,4.653092249959994,4.653092249959995,8.881784197001252e-16,0.40319393487360067,
C0,ud23,HERODOTUS,89f0804afded8e7a0f4e1b507030d5ef4ecaf17e422c8b2969bd6b23e62818e6,9,4_7,3977,17185.30725663189,18658.20407446263,18473.702379242262,18473.702379242262,3494,3977,4.321173562140279,4.691527300594073,0.3703537384537938,4.645135121760689,4.645135121760689,0.0,0.3703537384537938,
C0,ud23,HERODOTUS,89f0804afded8e7a0f4e1b507030d5ef4ecaf17e422c8b2969bd6b23e62818e6,9,ge8,8969,39764.27341979688,43324.78444686105,41663.43991713435,41663.43991713435,8081,8969,4.433523628029533,4.830503338929764,0.3969797109002302,4.6452714814510365,4.6452714814510365,0.0,0.3969797109002302,
C0,ud23,HERODOTUS,89f0804afded8e7a0f4e1b507030d5ef4ecaf17e422c8b2969bd6b23e62818e6,10,4_7,3977,17191.07217041033,18673.566095032886,18427.448131330966,18427.448131330966,3517,3977,4.322623125574637,4.695390016352246,0.3727668907776094,4.63350468477017,4.63350468477017,0.0,0.3727668907776094,
C0,ud23,HERODOTUS,89f0804afded8e7a0f4e1b507030d5ef4ecaf17e422c8b2969bd6b23e62818e6,10,ge8,8969,39738.18387280003,43337.531638923865,41906.91828278843,41906.91828278843,8139,8969,4.430614770074705,4.831924589020389,0.40130981894568407,4.672418138341892,4.672418138341892,0.0,0.40130981894568407,
C0,ud23,HERODOTUS,89f0804afded8e7a0f4e1b507030d5ef4ecaf17e422c8b2969bd6b23e62818e6,11,4_7,3977,17168.843050763568,18656.444799754627,18315.48566968102,18315.48566968102,3510,3977,4.3170337065032856,4.691084938334078,0.3740512318307925,4.605352192527287,4.605352192527287,0.0,0.3740512318307925,
C0,ud23,HERODOTUS,89f0804afded8e7a0f4e1b507030d5ef4ecaf17e422c8b2969bd6b23e62818e6,11,ge8,8969,39697.60986997384,43311.92973610166,41701.7262185119,41701.7262185119,8088,8969,4.426090965545082,4.82907010102594,0.40297913548085784,4.649540218364578,4.649540218364578,0.0,0.40297913548085784,
C0,ud23,HERODOTUS,89f0804afded8e7a0f4e1b507030d5ef4ecaf17e422c8b2969bd6b23e62818e6,12,4_7,3977,17152.88124214471,18664.818036521432,18349.950350760417,18349.950350760417,3521,3977,4.313020176551348,4.693190353663925,0.3801701771125776,4.614018192295805,4.614018192295805,0.0,0.3801701771125776,
C0,ud23,HERODOTUS,89f0804afded8e7a0f4e1b507030d5ef4ecaf17e422c8b2969bd6b23e62818e6,12,ge8,8969,39721.92209007833,43300.53385676397,41746.90666271821,41746.90666271821,8112,8969,4.4288016601715166,4.827799515750248,0.398997855578731,4.654577618766664,4.654577618766664,0.0,0.398997855578731,
C0,ud23,HERODOTUS,89f0804afded8e7a0f4e1b507030d5ef4ecaf17e422c8b2969bd6b23e62818e6,13,4_7,3977,17153.285904074473,18663.104956895673,18247.634596366854,18247.634596366854,3492,3977,4.3131219270994405,4.692759606963961,0.3796376798645209,4.588291324205898,4.588291324205898,0.0,0.3796376798645209,
C0,ud23,HERODOTUS,89f0804afded8e7a0f4e1b507030d5ef4ecaf17e422c8b2969bd6b23e62818e6,13,ge8,8969,39701.58260126726,43315.75441201784,41700.989127159206,41700.989127159206,8063,8969,4.426533905816397,4.829496533840768,0.4029626280243708,4.649458036253675,4.649458036253675,0.0,0.4029626280243708,
C0,ud23,HERODOTUS,89f0804afded8e7a0f4e1b507030d5ef4ecaf17e422c8b2969bd6b23e62818e6,14,4_7,3977,17159.627624296747,18643.212533845865,18449.744106824448,18449.744106824448,3500,3977,4.314716526099257,4.687757740469164,0.37304121436990645,4.639110914464282,4.639110914464282,0.0,0.37304121436990645,
C0,ud23,HERODOTUS,89f0804afded8e7a0f4e1b507030d5ef4ecaf17e422c8b2969bd6b23e62818e6,14,ge8,8969,39694.87767636249,43284.48837084466,41607.53206894043,41607.53206894043,8135,8969,4.4257863392086625,4.826010521891477,0.40022418268281434,4.639038027532661,4.639038027532661,0.0,0.40022418268281434,
C0,ud23,HERODOTUS,89f0804afded8e7a0f4e1b507030d5ef4ecaf17e422c8b2969bd6b23e62818e6,15,4_7,3977,17155.471567350007,18657.734561606296,18318.811044751244,18318.811044751244,3512,3977,4.313671502979634,4.691409243551998,0.3777377405723641,4.60618834416677,4.60618834416677,0.0,0.3777377405723641,
C0,ud23,HERODOTUS,89f0804afded8e7a0f4e1b507030d5ef4ecaf17e422c8b2969bd6b23e62818e6,15,ge8,8969,39728.7618728863,43318.85972212888,41571.91203944793,41571.91203944793,8072,8969,4.429564262781391,4.8298427608572725,0.4002784980758811,4.63506656700278,4.63506656700278,0.0,0.4002784980758811,
C0,ud23,HERODOTUS,89f0804afded8e7a0f4e1b507030d5ef4ecaf17e422c8b2969bd6b23e62818e6,16,4_7,3977,17163.995972325833,18654.362554885975,18455.17842923259,18455.17842923259,3471,3977,4.315814928922764,4.690561366579325,0.3747464376565608,4.640477352082622,4.640477352082622,0.0,0.3747464376565608,
C0,ud23,HERODOTUS,89f0804afded8e7a0f4e1b507030d5ef4ecaf17e422c8b2969bd6b23e62818e6,16,ge8,8969,39706.92537718986,43308.99226012612,41536.89934467553,41536.899344675534,8092,8969,4.427129599419095,4.828742586701541,0.4016129872824461,4.6311628213485925,4.631162821348593,8.881784197001252e-16,0.4016129872824452,
C0,ud23,HERODOTUS,89f0804afded8e7a0f4e1b507030d5ef4ecaf17e422c8b2969bd6b23e62818e6,17,4_7,3977,17194.505137882665,18658.37311523477,18557.19841275336,18557.19841275336,3521,3977,4.323486330873187,4.691569805188526,0.3680834743153394,4.666129849824833,4.666129849824833,0.0,0.3680834743153394,
C0,ud23,HERODOTUS,89f0804afded8e7a0f4e1b507030d5ef4ecaf17e422c8b2969bd6b23e62818e6,17,ge8,8969,39734.13563612822,43315.59790392619,41662.48541513462,41662.48541513462,8143,8969,4.430163411319905,4.829479083947618,0.39931567262771317,4.645165059107439,4.645165059107439,0.0,0.39931567262771317,
C0,ud23,HERODOTUS,89f0804afded8e7a0f4e1b507030d5ef4ecaf17e422c8b2969bd6b23e62818e6,18,4_7,3977,17165.712522969487,18658.028968654286,18248.35042828435,18248.35042828435,3504,3977,4.316246548395647,4.691483270971658,0.3752367225760116,4.588471317144669,4.588471317144669,0.0,0.3752367225760116,
C0,ud23,HERODOTUS,89f0804afded8e7a0f4e1b507030d5ef4ecaf17e422c8b2969bd6b23e62818e6,18,ge8,8969,39718.24547021257,43307.82378563474,41839.89228644373,41839.89228644373,8063,8969,4.428391734888233,4.828612307462899,0.4002205725746659,4.6649450648281565,4.6649450648281565,0.0,0.4002205725746659,
C0,ud23,HERODOTUS,89f0804afded8e7a0f4e1b507030d5ef4ecaf17e422c8b2969bd6b23e62818e6,19,4_7,3977,17155.64595038116,18657.366225526115,18306.804330894676,18306.804330894676,3564,3977,4.313715350862751,4.691316626986702,0.37760127612395156,4.603169306234517,4.603169306234517,0.0,0.37760127612395156,
C0,ud23,HERODOTUS,89f0804afded8e7a0f4e1b507030d5ef4ecaf17e422c8b2969bd6b23e62818e6,19,ge8,8969,39714.54943452553,43304.05829991969,41782.64005951673,41782.64005951673,8083,8969,4.427979644835046,4.828192474068424,0.40021282923337775,4.65856171920133,4.65856171920133,0.0,0.40021282923337775,
C0,ud23,HESIODIC_TRADITION,c4c0c7eaeca0d61d2e53f4f0642bfa382e91dd28b470d2f4da2ba8539fe0e7f7,0,4_7,2405,10953.606677151478,11655.93211011822,11646.402301354356,11646.402301354356,2099,2405,4.554514210873795,4.846541417928574,0.2920272070547787,4.842578919482061,4.842578919482061,0.0,0.2920272070547787,
C0,ud23,HESIODIC_TRADITION,c4c0c7eaeca0d61d2e53f4f0642bfa382e91dd28b470d2f4da2ba8539fe0e7f7,0,ge8,3970,18834.552347462548,19721.645435253686,19523.13226474645,19523.13226474645,3493,3970,4.744219734877216,4.967668875378762,0.22344914050154596,4.9176655578706425,4.9176655578706425,0.0,0.22344914050154596,
C0,ud23,HESIODIC_TRADITION,c4c0c7eaeca0d61d2e53f4f0642bfa382e91dd28b470d2f4da2ba8539fe0e7f7,1,4_7,2405,10941.46407037168,11647.910230226882,11619.614422568944,11619.614422568946,2093,2405,4.549465309925854,4.843205916934254,0.29374060700839966,4.831440508344675,4.831440508344676,8.881784197001252e-16,0.29374060700839877,
C0,ud23,HESIODIC_TRADITION,c4c0c7eaeca0d61d2e53f4f0642bfa382e91dd28b470d2f4da2ba8539fe0e7f7,1,ge8,3970,18804.29828043442,19705.078131225553,19326.87967846258,19326.87967846258,3466,3970,4.7365990630817185,4.963495750938426,0.22689668785670758,4.868231657043471,4.868231657043471,0.0,0.22689668785670758,
C0,ud23,HESIODIC_TRADITION,c4c0c7eaeca0d61d2e53f4f0642bfa382e91dd28b470d2f4da2ba8539fe0e7f7,2,4_7,2405,10951.628765616058,11650.36008892011,11791.644011769224,11791.644011769224,2045,2405,4.553691794434951,4.844224569197551,0.29053277476259964,4.902970483064126,4.902970483064126,0.0,0.29053277476259964,
C0,ud23,HESIODIC_TRADITION,c4c0c7eaeca0d61d2e53f4f0642bfa382e91dd28b470d2f4da2ba8539fe0e7f7,2,ge8,3970,18756.285210861442,19721.7570790278,19394.227753900585,19394.227753900585,3456,3970,4.724505090897089,4.967696997236222,0.243191906339133,4.8851959077835225,4.8851959077835225,0.0,0.243191906339133,
C0,ud23,HESIODIC_TRADITION,c4c0c7eaeca0d61d2e53f4f0642bfa382e91dd28b470d2f4da2ba8539fe0e7f7,3,4_7,2405,10965.986243750507,11669.798013372465,11688.995133655208,11688.995133655208,2088,2405,4.5596616398131005,4.852306866267138,0.2926452264540371,4.860289036862873,4.860289036862873,0.0,0.2926452264540371,
C0,ud23,HESIODIC_TRADITION,c4c0c7eaeca0d61d2e53f4f0642bfa382e91dd28b470d2f4da2ba8539fe0e7f7,3,ge8,3970,18854.781666144394,19756.20086712148,19467.908575615435,19467.908575615435,3493,3970,4.749315281144684,4.976373014388282,0.22705773324359857,4.903755308719253,4.903755308719253,0.0,0.22705773324359857,
C0,ud23,HESIODIC_TRADITION,c4c0c7eaeca0d61d2e53f4f0642bfa382e91dd28b470d2f4da2ba8539fe0e7f7,4,4_7,2405,10964.509762576625,11662.022116891236,11730.358813347422,11730.358813347422,2097,2405,4.559047718327079,4.849073645277021,0.29002592694994167,4.87748807207793,4.87748807207793,0.0,0.29002592694994167,
C0,ud23,HESIODIC_TRADITION,c4c0c7eaeca0d61d2e53f4f0642bfa382e91dd28b470d2f4da2ba8539fe0e7f7,4,ge8,3970,18900.499937771063,19740.252649513695,19413.933923721223,19413.933923721223,3520,3970,4.7608312185821315,4.972355831111762,0.2115246125296304,4.8901596785192,4.8901596785192,0.0,0.2115246125296304,
C0,ud23,HESIODIC_TRADITION,c4c0c7eaeca0d61d2e53f4f0642bfa382e91dd28b470d2f4da2ba8539fe0e7f7,5,4_7,2405,10937.039771854617,11642.368559882023,11579.857569999236,11579.857569999236,2100,2405,4.547625684762835,4.840901688100633,0.29327600333779813,4.814909592515275,4.814909592515275,0.0,0.29327600333779813,
C0,ud23,HESIODIC_TRADITION,c4c0c7eaeca0d61d2e53f4f0642bfa382e91dd28b470d2f4da2ba8539fe0e7f7,5,ge8,3970,18768.79781103036,19697.07462634084,19473.274760801796,19473.274760801796,3490,3970,4.727656879352735,4.961479754745803,0.23382287539306823,4.905106992645289,4.905106992645289,0.0,0.23382287539306823,
C0,ud23,HESIODIC_TRADITION,c4c0c7eaeca0d61d2e53f4f0642bfa382e91dd28b470d2f4da2ba8539fe0e7f7,6,4_7,2405,10951.62722227022,11648.86259757759,11588.740511148546,11588.740511148546,2089,2405,4.55369115271111,4.843601911674674,0.2899107589635639,4.818603123138688,4.818603123138688,0.0,0.2899107589635639,
C0,ud23,HESIODIC_TRADITION,c4c0c7eaeca0d61d2e53f4f0642bfa382e91dd28b470d2f4da2ba8539fe0e7f7,6,ge8,3970,18753.21312440267,19702.966562844904,19469.490563168765,19469.490563168765,3500,3970,4.723731265592613,4.962963869734232,0.23923260414161973,4.904153794249059,4.904153794249059,0.0,0.23923260414161973,
C0,ud23,HESIODIC_TRADITION,c4c0c7eaeca0d61d2e53f4f0642bfa382e91dd28b470d2f4da2ba8539fe0e7f7,7,4_7,2405,10955.186028250504,11653.71830256764,11657.78148084502,11657.78148084502,2073,2405,4.555170905717465,4.84562091582854,0.2904500101110754,4.847310387045747,4.847310387045747,0.0,0.2904500101110754,
C0,ud23,HESIODIC_TRADITION,c4c0c7eaeca0d61d2e53f4f0642bfa382e91dd28b470d2f4da2ba8539fe0e7f7,7,ge8,3970,18785.402963307435,19716.262633923972,19377.30287932986,19377.30287932986,3525,3970,4.731839537357037,4.96631300602619,0.23447346866915275,4.880932715196439,4.880932715196439,0.0,0.23447346866915275,
C0,ud23,HESIODIC_TRADITION,c4c0c7eaeca0d61d2e53f4f0642bfa382e91dd28b470d2f4da2ba8539fe0e7f7,8,4_7,2405,10959.953903054731,11655.873898331096,11675.66565352209,11675.66565352209,2094,2405,4.557153390043547,4.846517213443283,0.28936382339973576,4.854746633481119,4.854746633481119,0.0,0.28936382339973576,
C0,ud23,HESIODIC_TRADITION,c4c0c7eaeca0d61d2e53f4f0642bfa382e91dd28b470d2f4da2ba8539fe0e7f7,8,ge8,3970,18779.093492611133,19735.160667711647,19500.011756610602,19500.011756610602,3533,3970,4.730250250027993,4.971073216048274,0.2408229660202812,4.911841752294862,4.911841752294862,0.0,0.2408229660202812,
C0,ud23,HESIODIC_TRADITION,c4c0c7eaeca0d61d2e53f4f0642bfa382e91dd28b470d2f4da2ba8539fe0e7f7,9,4_7,2405,10936.546855962777,11640.918741336058,11583.813413874494,11583.813413874494,2091,2405,4.547420730130053,4.840298852946386,0.2928781228163331,4.816554434043448,4.816554434043448,0.0,0.2928781228163331,
C0,ud23,HESIODIC_TRADITION,c4c0c7eaeca0d61d2e53f4f0642bfa382e91dd28b470d2f4da2ba8539fe0e7f7,9,ge8,3970,18709.31346670088,19679.114703278814,19350.721710151032,19350.721710151032,3468,3970,4.712673417305008,4.956955844654613,0.2442824273496047,4.8742372065871615,4.8742372065871615,0.0,0.2442824273496047,
C0,ud23,HESIODIC_TRADITION,c4c0c7eaeca0d61d2e53f4f0642bfa382e91dd28b470d2f4da2ba8539fe0e7f7,10,4_7,2405,10963.083127599195,11668.603547896866,11774.80453971496,11774.80453971496,2070,2405,4.558454522910268,4.851810207025724,0.2933556841154559,4.895968623582104,4.895968623582104,0.0,0.2933556841154559,
C0,ud23,HESIODIC_TRADITION,c4c0c7eaeca0d61d2e53f4f0642bfa382e91dd28b470d2f4da2ba8539fe0e7f7,10,ge8,3970,18919.504080565635,19761.185312929585,19356.42712042899,19356.42712042899,3505,3970,4.765618156313762,4.977628542299644,0.21201038598588173,4.875674337639544,4.875674337639544,0.0,0.21201038598588173,
C0,ud23,HESIODIC_TRADITION,c4c0c7eaeca0d61d2e53f4f0642bfa382e91dd28b470d2f4da2ba8539fe0e7f7,11,4_7,2405,10974.521091533077,11665.817331283939,11691.920622290743,11691.920622290743,2097,2405,4.563210433069886,4.850651696999559,0.2874412639296722,4.861505456253948,4.861505456253948,0.0,0.2874412639296722,
C0,ud23,HESIODIC_TRADITION,c4c0c7eaeca0d61d2e53f4f0642bfa382e91dd28b470d2f4da2ba8539fe0e7f7,11,ge8,3970,18863.33625076963,19744.610932637075,19378.857463562108,19378.857463562108,3497,3970,4.75147008835507,4.973453635424956,0.2219835470698861,4.881324298126476,4.881324298126476,0.0,0.2219835470698861,
C0,ud23,HESIODIC_TRADITION,c4c0c7eaeca0d61d2e53f4f0642bfa382e91dd28b470d2f4da2ba8539fe0e7f7,12,4_7,2405,10973.23647539761,11668.819136213497,11603.801141691501,11603.801141691501,2084,2405,4.562676289146616,4.85189984873742,0.2892235595908046,4.824865339580666,4.824865339580666,0.0,0.2892235595908046,
C0,ud23,HESIODIC_TRADITION,c4c0c7eaeca0d61d2e53f4f0642bfa382e91dd28b470d2f4da2ba8539fe0e7f7,12,ge8,3970,18819.026888404183,19741.283618202466,19453.731143124693,19453.731143124693,3523,3970,4.740309039900298,4.9726155209578,0.23230648105750173,4.9001841670339275,4.9001841670339275,0.0,0.23230648105750173,
C0,ud23,HESIODIC_TRADITION,c4c0c7eaeca0d61d2e53f4f0642bfa382e91dd28b470d2f4da2ba8539fe0e7f7,13,4_7,2405,10975.896229986127,11665.267897588848,11581.040153642729,11581.040153642729,2073,2405,4.5637822162104476,4.850423242240685,0.2866410260302379,4.815401311285958,4.815401311285958,0.0,0.2866410260302379,
C0,ud23,HESIODIC_TRADITION,c4c0c7eaeca0d61d2e53f4f0642bfa382e91dd28b470d2f4da2ba8539fe0e7f7,13,ge8,3970,18820.225522233886,19753.20127910556,19588.014649413053,19588.014649413053,3508,3970,4.740610962779316,4.975617450656312,0.23500648787699596,4.934008727811852,4.934008727811852,0.0,0.23500648787699596,
C0,ud23,HESIODIC_TRADITION,c4c0c7eaeca0d61d2e53f4f0642bfa382e91dd28b470d2f4da2ba8539fe0e7f7,14,4_7,2405,10959.537408694549,11652.079335056635,11632.959845824062,11632.959845824062,2098,2405,4.5569802115154046,4.844939432455981,0.2879592209405768,4.836989540883185,4.836989540883185,0.0,0.2879592209405768,
C0,ud23,HESIODIC_TRADITION,c4c0c7eaeca0d61d2e53f4f0642bfa382e91dd28b470d2f4da2ba8539fe0e7f7,14,ge8,3970,18797.52793075164,19702.413541267248,19511.915875598097,19511.915875598097,3463,3970,4.734893685327869,4.962824569588728,0.22793088426085895,4.914840270931511,4.914840270931511,0.0,0.22793088426085895,
C0,ud23,HESIODIC_TRADITION,c4c0c7eaeca0d61d2e53f4f0642bfa382e91dd28b470d2f4da2ba8539fe0e7f7,15,4_7,2405,10982.580685812036,11668.206941867287,11678.687017990222,11678.687017990222,2037,2405,4.56656161572226,4.851645298073716,0.2850836823514564,4.856002918083252,4.856002918083252,0.0,0.2850836823514564,
C0,ud23,HESIODIC_TRADITION,c4c0c7eaeca0d61d2e53f4f0642bfa382e91dd28b470d2f4da2ba8539fe0e7f7,15,ge8,3970,18821.48004359763,19759.13338547755,19451.955326118263,19451.955326118263,3506,3970,4.740926963122829,4.977111683999383,0.23618472087655462,4.899736857964298,4.899736857964298,0.0,0.23618472087655462,
C0,ud23,HESIODIC_TRADITION,c4c0c7eaeca0d61d2e53f4f0642bfa382e91dd28b470d2f4da2ba8539fe0e7f7,16,4_7,2405,10952.886436152128,11654.455731667123,11611.338300561623,11611.338300561623,2097,2405,4.55421473436679,4.845927539154729,0.2917128047879398,4.827999293372816,4.827999293372816,0.0,0.2917128047879398,
C0,ud23,HESIODIC_TRADITION,c4c0c7eaeca0d61d2e53f4f0642bfa382e91dd28b470d2f4da2ba8539fe0e7f7,16,ge8,3970,18783.499548019783,19723.430772146086,19491.37316309768,19491.37316309768,3499,3970,4.731360087662414,4.968118582404556,0.2367584947421424,4.909665784155587,4.909665784155587,0.0,0.2367584947421424,
C0,ud23,HESIODIC_TRADITION,c4c0c7eaeca0d61d2e53f4f0642bfa382e91dd28b470d2f4da2ba8539fe0e7f7,17,4_7,2405,10945.176699650016,11655.334038197825,11683.93020524051,11683.93020524051,2135,2405,4.551009022723499,4.846292739375395,0.29528371665189557,4.858183037522041,4.858183037522041,0.0,0.29528371665189557,
C0,ud23,HESIODIC_TRADITION,c4c0c7eaeca0d61d2e53f4f0642bfa382e91dd28b470d2f4da2ba8539fe0e7f7,17,ge8,3970,18850.34861729524,19729.257933364785,19418.48845858782,19418.48845858782,3507,3970,4.748198644154972,4.969586381200197,0.22138773704522485,4.891306916520862,4.891306916520862,0.0,0.22138773704522485,
C0,ud23,HESIODIC_TRADITION,c4c0c7eaeca0d61d2e53f4f0642bfa382e91dd28b470d2f4da2ba8539fe0e7f7,18,4_7,2405,10940.943633745272,11663.904292788278,11487.875415344495,11487.875415344495,2068,2405,4.549248912160196,4.849856254797621,0.3006073426374254,4.776663374363616,4.776663374363616,0.0,0.3006073426374254,
C0,ud23,HESIODIC_TRADITION,c4c0c7eaeca0d61d2e53f4f0642bfa382e91dd28b470d2f4da2ba8539fe0e7f7,18,ge8,3970,18808.882483696543,19726.289053023633,19501.34236342384,19501.34236342384,3490,3970,4.7377537742308675,4.9688385523989,0.2310847781680323,4.912176917739003,4.912176917739003,0.0,0.2310847781680323,
C0,ud23,HESIODIC_TRADITION,c4c0c7eaeca0d61d2e53f4f0642bfa382e91dd28b470d2f4da2ba8539fe0e7f7,19,4_7,2405,10960.763903097157,11667.70222421179,11712.006003057219,11712.006003057219,2141,2405,4.557490188397987,4.851435436262698,0.29394524786471177,4.869856965928157,4.869856965928157,0.0,0.29394524786471177,
C0,ud23,HESIODIC_TRADITION,c4c0c7eaeca0d61d2e53f4f0642bfa382e91dd28b470d2f4da2ba8539fe0e7f7,19,ge8,3970,18892.02887756139,19750.311622879923,19431.000179157556,19431.000179157556,3463,3970,4.758697450267353,4.974889577551618,0.2161921272842653,4.894458483415002,4.894458483415002,0.0,0.2161921272842653,
C0,ud23,HOMERIC_TRADITION,209ee9f27c82f31d31eb16124569039d7847ed327f3a0f2b5c4eae048347e621,0,4_7,20241,90602.4818553214,95793.67577882687,95077.20392315145,95077.20392315145,17493,20241,4.476186050853288,4.732655292664734,0.2564692418114456,4.697258234432659,4.697258234432659,0.0,0.2564692418114456,
C0,ud23,HOMERIC_TRADITION,209ee9f27c82f31d31eb16124569039d7847ed327f3a0f2b5c4eae048347e621,0,ge8,26393,121784.50027473414,128795.32401412113,125205.20270948343,125205.20270948343,23577,26393,4.614272734237644,4.879904672228285,0.26563193799064155,4.743879161500528,4.743879161500528,0.0,0.26563193799064155,
C0,ud23,HOMERIC_TRADITION,209ee9f27c82f31d31eb16124569039d7847ed327f3a0f2b5c4eae048347e621,1,4_7,20241,90634.6303501816,95846.74875736085,95047.83333587249,95047.83333587249,17564,20241,4.477774336751228,4.735277345850544,0.2575030090993158,4.69580719015229,4.69580719015229,0.0,0.2575030090993158,
C0,ud23,HOMERIC_TRADITION,209ee9f27c82f31d31eb16124569039d7847ed327f3a0f2b5c4eae048347e621,1,ge8,26393,121738.94864051265,128810.51211337552,125160.860682886,125160.860682886,23610,26393,4.612546835922883,4.880480131602149,0.26793329567926616,4.742199093808434,4.742199093808434,0.0,0.26793329567926616,
C0,ud23,HOMERIC_TRADITION,209ee9f27c82f31d31eb16124569039d7847ed327f3a0f2b5c4eae048347e621,2,4_7,20241,90523.10899604582,95792.50540539064,95256.4387430853,95256.4387430853,17557,20241,4.47226466064156,4.73259747074703,0.2603328101054698,4.706113272223966,4.706113272223966,0.0,0.2603328101054698,
C0,ud23,HOMERIC_TRADITION,209ee9f27c82f31d31eb16124569039d7847ed327f3a0f2b5c4eae048347e621,2,ge8,26393,121691.414019472,128820.21467805681,124819.50519815269,124819.50519815269,23582,26393,4.610745804549388,4.880847750466291,0.2701019459169034,4.729265532457572,4.729265532457572,0.0,0.2701019459169034,
C0,ud23,HOMERIC_TRADITION,209ee9f27c82f31d31eb16124569039d7847ed327f3a0f2b5c4eae048347e621,3,4_7,20241,90590.70012824665,95790.42585604882,95251.42854707106,95251.42854707106,17635,20241,4.475603978471748,4.732494731290392,0.25689075281864415,4.705865745124799,4.705865745124799,0.0,0.25689075281864415,
C0,ud23,HOMERIC_TRADITION,209ee9f27c82f31d31eb16124569039d7847ed327f3a0f2b5c4eae048347e621,3,ge8,26393,121731.43317766704,128812.58566438218,124943.51995339604,124943.51995339604,23618,26393,4.612262083797486,4.880558696032364,0.2682966122348782,4.733964306952451,4.733964306952451,0.0,0.2682966122348782,
C0,ud23,HOMERIC_TRADITION,209ee9f27c82f31d31eb16124569039d7847ed327f3a0f2b5c4eae048347e621,4,4_7,20241,90554.1099419238,95801.93874174492,95688.47231360314,95688.47231360314,17541,20241,4.473796252256499,4.7330635216513475,0.2592672693948481,4.727457749795126,4.727457749795126,0.0,0.2592672693948481,
C0,ud23,HOMERIC_TRADITION,209ee9f27c82f31d31eb16124569039d7847ed327f3a0f2b5c4eae048347e621,4,ge8,26393,121817.48557688748,128840.45907501229,124819.47564706244,124819.47564706244,23541,26393,4.615522508880669,4.881614787065217,0.2660922781845487,4.729264412801214,4.729264412801214,0.0,0.2660922781845487,
C0,ud23,HOMERIC_TRADITION,209ee9f27c82f31d31eb16124569039d7847ed327f3a0f2b5c4eae048347e621,5,4_7,20241,90662.49286487146,95826.88059385274,95385.69980417007,95385.69980417007,17591,20241,4.479150875197444,4.734295765715762,0.25514489051831823,4.712499372766665,4.712499372766665,0.0,0.25514489051831823,
C0,ud23,HOMERIC_TRADITION,209ee9f27c82f31d31eb16124569039d7847ed327f3a0f2b5c4eae048347e621,5,ge8,26393,121834.94180589693,128854.75989609292,125274.01812306675,125274.01812306675,23489,26393,4.616183905046676,4.882156628503502,0.26597272345682565,4.7464864972934775,4.7464864972934775,0.0,0.26597272345682565,
C0,ud23,HOMERIC_TRADITION,209ee9f27c82f31d31eb16124569039d7847ed327f3a0f2b5c4eae048347e621,6,4_7,20241,90614.54555652419,95843.5817067755,95365.92284399079,95365.92284399079,17631,20241,4.476782054074611,4.735120878749839,0.25833882467522873,4.711522298502583,4.711522298502583,0.0,0.25833882467522873,
C0,ud23,HOMERIC_TRADITION,209ee9f27c82f31d31eb16124569039d7847ed327f3a0f2b5c4eae048347e621,6,ge8,26393,121748.64418102308,128830.41612869114,124755.20522785767,124755.20522785767,23487,26393,4.61291418864938,4.881234271537572,0.2683200828881924,4.726829281546534,4.726829281546534,0.0,0.2683200828881924,
C0,ud23,HOMERIC_TRADITION,209ee9f27c82f31d31eb16124569039d7847ed327f3a0f2b5c4eae048347e621,7,4_7,20241,90700.56119033865,95849.39501157343,95381.56637293757,95381.56637293757,17631,20241,4.481031628394775,4.735408083176396,0.25437645478162096,4.712295161945436,4.712295161945436,0.0,0.25437645478162096,
C0,ud23,HOMERIC_TRADITION,209ee9f27c82f31d31eb16124569039d7847ed327f3a0f2b5c4eae048347e621,7,ge8,26393,121876.54255476216,128883.07314046609,124960.58691621825,124960.58691621825,23564,26393,4.617760108921386,4.883229384324104,0.2654692754027179,4.734610954276446,4.734610954276446,0.0,0.2654692754027179,
C0,ud23,HOMERIC_TRADITION,209ee9f27c82f31d31eb16124569039d7847ed327f3a0f2b5c4eae048347e621,8,4_7,20241,90639.16458416604,95857.74127832222,95648.47656596721,95648.47656596723,17615,20241,4.477998349101627,4.735820427761584,0.25782207865995677,4.7254817729345,4.725481772934501,8.881784197001252e-16,0.2578220786599559,
C0,ud23,HOMERIC_TRADITION,209ee9f27c82f31d31eb16124569039d7847ed327f3a0f2b5c4eae048347e621,8,ge8,26393,121877.50616990105,128913.92873897612,125096.25767631856,125096.25767631858,23519,26393,4.617796619175579,4.884398466978976,0.2666018478033978,4.739751361206326,4.739751361206326,0.0,0.2666018478033978,
C0,ud23,HOMERIC_TRADITION,209ee9f27c82f31d31eb16124569039d7847ed327f3a0f2b5c4eae048347e621,9,4_7,20241,90644.57382158737,95830.75782082655,95521.80288540476,95521.80288540476,17600,20241,4.478265590711297,4.734487318849195,0.25622172813789756,4.7192235010821975,4.7192235010821975,0.0,0.25622172813789756,
C0,ud23,HOMERIC_TRADITION,209ee9f27c82f31d31eb16124569039d7847ed327f3a0f2b5c4eae048347e621,9,ge8,26393,121848.53522015025,128914.12404252484,124902.42856198385,124902.42856198385,23595,26393,4.616698943664996,4.884405866802744,0.267706923137748,4.732407402037808,4.732407402037808,0.0,0.267706923137748,
C0,ud23,HOMERIC_TRADITION,209ee9f27c82f31d31eb16124569039d7847ed327f3a0f2b5c4eae048347e621,10,4_7,20241,90689.1443360053,95865.47691363443,95414.37631301951,95414.37631301951,17595,20241,4.4804675824319595,4.7362026042999075,0.25573502186794794,4.713916126328715,4.713916126328715,0.0,0.25573502186794794,
C0,ud23,HOMERIC_TRADITION,209ee9f27c82f31d31eb16124569039d7847ed327f3a0f2b5c4eae048347e621,10,ge8,26393,121812.16927057259,128861.41803269918,125278.34894319011,125278.34894319011,23554,26393,4.6153210802323565,4.882408897537195,0.2670878173048381,4.746650587018911,4.746650587018911,0.0,0.2670878173048381,
C0,ud23,HOMERIC_TRADITION,209ee9f27c82f31d31eb16124569039d7847ed327f3a0f2b5c4eae048347e621,11,4_7,20241,90725.47716723735,95865.08464108474,95315.59349193721,95315.59349193721,17568,20241,4.482262594102927,4.736183224202596,0.25392063009966837,4.709035793287743,4.709035793287743,0.0,0.25392063009966837,
C0,ud23,HOMERIC_TRADITION,209ee9f27c82f31d31eb16124569039d7847ed327f3a0f2b5c4eae048347e621,11,ge8,26393,121876.75838996055,128916.1649465378,125103.0639390672,125103.0639390672,23556,26393,4.617768286665425,4.884483194276429,0.26671490761100447,4.740009242566862,4.740009242566862,0.0,0.26671490761100447,
C0,ud23,HOMERIC_TRADITION,209ee9f27c82f31d31eb16124569039d7847ed327f3a0f2b5c4eae048347e621,12,4_7,20241,90797.66472481782,95805.40831596691,95191.39283307201,95191.39283307201,17532,20241,4.485828996829101,4.7332349348336,0.2474059380044995,4.7028997002654025,4.7028997002654025,0.0,0.2474059380044995,
C0,ud23,HOMERIC_TRADITION,209ee9f27c82f31d31eb16124569039d7847ed327f3a0f2b5c4eae048347e621,12,ge8,26393,121928.50213864922,128819.47218747721,125102.1183594586,125102.1183594586,23591,26393,4.619728796978336,4.880819618363854,0.2610908213855181,4.739973415657887,4.739973415657887,0.0,0.2610908213855181,
C0,ud23,HOMERIC_TRADITION,209ee9f27c82f31d31eb16124569039d7847ed327f3a0f2b5c4eae048347e621,13,4_7,20241,90618.89749353028,95791.75985205296,95389.80428877503,95389.80428877503,17598,20241,4.476997060102281,4.732560636927669,0.2555635768253879,4.712702153489206,4.712702153489206,0.0,0.2555635768253879,
C0,ud23,HOMERIC_TRADITION,209ee9f27c82f31d31eb16124569039d7847ed327f3a0f2b5c4eae048347e621,13,ge8,26393,121728.17104343248,128835.8433756714,125003.98048265901,125003.98048265901,23502,26393,4.612138485334463,4.881439903598356,0.2693014182638924,4.736255085918956,4.736255085918956,0.0,0.2693014182638924,
C0,ud23,HOMERIC_TRADITION,209ee9f27c82f31d31eb16124569039d7847ed327f3a0f2b5c4eae048347e621,14,4_7,20241,90697.13973095549,95854.32939672156,95079.01216115136,95079.01216115136,17629,20241,4.480862592310434,4.735651864864461,0.25478927255402706,4.697347569840984,4.697347569840984,0.0,0.25478927255402706,
C0,ud23,HOMERIC_TRADITION,209ee9f27c82f31d31eb16124569039d7847ed327f3a0f2b5c4eae048347e621,14,ge8,26393,121752.76246456387,128839.57594215815,125378.35093802413,125378.35093802413,23615,26393,4.613070225611483,4.8815813261909655,0.2685111005794827,4.750439546016904,4.750439546016904,0.0,0.2685111005794827,
C0,ud23,HOMERIC_TRADITION,209ee9f27c82f31d31eb16124569039d7847ed327f3a0f2b5c4eae048347e621,15,4_7,20241,90672.29192657115,95782.06712114805,95123.78945226455,95123.78945226455,17562,20241,4.479634994643108,4.732081770720224,0.2524467760771154,4.699559777296801,4.699559777296801,0.0,0.2524467760771154,
C0,ud23,HOMERIC_TRADITION,209ee9f27c82f31d31eb16124569039d7847ed327f3a0f2b5c4eae048347e621,15,ge8,26393,121959.63699811634,128857.5365136758,124867.32351501039,124867.32351501039,23626,26393,4.620908460505299,4.882261831306627,0.26135337080132803,4.731077312734831,4.731077312734831,0.0,0.26135337080132803,
C0,ud23,HOMERIC_TRADITION,209ee9f27c82f31d31eb16124569039d7847ed327f3a0f2b5c4eae048347e621,16,4_7,20241,90569.92657904401,95789.88752859092,95043.80576871894,95043.80576871894,17554,20241,4.474577668052172,4.732468135398,0.25789046734582843,4.695608209511335,4.695608209511335,0.0,0.25789046734582843,
C0,ud23,HOMERIC_TRADITION,209ee9f27c82f31d31eb16124569039d7847ed327f3a0f2b5c4eae048347e621,16,ge8,26393,121766.10879879667,128784.92534213256,125140.16413221642,125140.16413221642,23596,26393,4.613575902655882,4.87951067866982,0.2659347760139381,4.7414149256324185,4.7414149256324185,0.0,0.2659347760139381,
C0,ud23,HOMERIC_TRADITION,209ee9f27c82f31d31eb16124569039d7847ed327f3a0f2b5c4eae048347e621,17,4_7,20241,90534.91330645078,95757.30591983508,95278.22872612544,95278.22872612544,17603,20241,4.472847848745159,4.730858451649379,0.2580106029042195,4.7071897992256035,4.7071897992256035,0.0,0.2580106029042195,
C0,ud23,HOMERIC_TRADITION,209ee9f27c82f31d31eb16124569039d7847ed327f3a0f2b5c4eae048347e621,17,ge8,26393,121787.58386519716,128854.7931180141,125124.54290941711,125124.54290941711,23442,26393,4.614389567885317,4.8821578872433635,0.2677683193580469,4.74082305571239,4.74082305571239,0.0,0.2677683193580469,
C0,ud23,HOMERIC_TRADITION,209ee9f27c82f31d31eb16124569039d7847ed327f3a0f2b5c4eae048347e621,18,4_7,20241,90654.32439940657,95823.19407488481,95547.29001612238,95547.29001612238,17523,20241,4.478747314826667,4.734113634449129,0.25536631962246137,4.720482684458395,4.720482684458395,0.0,0.25536631962246137,
C0,ud23,HOMERIC_TRADITION,209ee9f27c82f31d31eb16124569039d7847ed327f3a0f2b5c4eae048347e621,18,ge8,26393,121843.96621287138,128899.22889142715,124669.57988015522,124669.57988015522,23578,26393,4.616525829305929,4.883841506893008,0.26731567758707886,4.723585036947494,4.723585036947494,0.0,0.26731567758707886,
C0,ud23,HOMERIC_TRADITION,209ee9f27c82f31d31eb16124569039d7847ed327f3a0f2b5c4eae048347e621,19,4_7,20241,90622.67160485231,95804.28645467483,94923.56325636548,94923.56325636551,17587,20241,4.477183518840587,4.733179509642549,0.25599599080196267,4.689667667425793,4.689667667425795,1.7763568394002505e-15,0.2559959908019609,
C0,ud23,HOMERIC_TRADITION,209ee9f27c82f31d31eb16124569039d7847ed327f3a0f2b5c4eae048347e621,19,ge8,26393,121713.34477572994,128817.85359363916,124988.05529993493,124988.05529993493,23534,26393,4.611576735336262,4.880758291730351,0.2691815563940896,4.735651699311747,4.735651699311747,0.0,0.2691815563940896,
C0,ud23,PLUTARCH,ef8134329970f595ef9ccf4198217affef5c01fa243d5bf4e59ee6daebb04e1d,0,4_7,1840,7672.409639470983,8576.428252519148,8422.996968455125,8422.996968455125,1612,1840,4.1697878475385775,4.661102311151711,0.4913144636131337,4.577715743725611,4.577715743725611,0.0,0.4913144636131337,
C0,ud23,PLUTARCH,ef8134329970f595ef9ccf4198217affef5c01fa243d5bf4e59ee6daebb04e1d,0,ge8,5061,21601.75836271872,24413.26825731768,23557.67392963613,23557.67392963613,4604,5061,4.26827867273636,4.823803251791677,0.5555245790553167,4.654746874063649,4.654746874063649,0.0,0.5555245790553167,
C0,ud23,PLUTARCH,ef8134329970f595ef9ccf4198217affef5c01fa243d5bf4e59ee6daebb04e1d,1,4_7,1840,7654.378744543505,8570.189101950185,8524.558887925014,8524.558887925014,1632,1840,4.15998844812147,4.657711468451188,0.49772302032971805,4.632912439089681,4.632912439089681,0.0,0.49772302032971805,
C0,ud23,PLUTARCH,ef8134329970f595ef9ccf4198217affef5c01fa243d5bf4e59ee6daebb04e1d,1,ge8,5061,21566.586967067997,24398.52596065535,23462.51528835635,23462.51528835635,4592,5061,4.261329177448725,4.820890330103804,0.5595611526550792,4.6359445343521735,4.6359445343521735,0.0,0.5595611526550792,
C0,ud23,PLUTARCH,ef8134329970f595ef9ccf4198217affef5c01fa243d5bf4e59ee6daebb04e1d,2,4_7,1840,7662.21758462869,8573.676906966048,8419.645629344926,8419.645629344926,1644,1840,4.164248687298201,4.659607014655461,0.49535832735725993,4.575894363774417,4.575894363774417,0.0,0.49535832735725993,
C0,ud23,PLUTARCH,ef8134329970f595ef9ccf4198217affef5c01fa243d5bf4e59ee6daebb04e1d,2,ge8,5061,21569.90033985935,24409.524250665643,23634.340534287534,23634.340534287534,4560,5061,4.261983864821053,4.823063475729232,0.5610796109081795,4.669895383182678,4.669895383182678,0.0,0.5610796109081795,
C0,ud23,PLUTARCH,ef8134329970f595ef9ccf4198217affef5c01fa243d5bf4e59ee6daebb04e1d,3,4_7,1840,7653.198622574129,8571.160139567111,8360.168526848602,8360.168526848604,1624,1840,4.15934707748594,4.658239206286473,0.49889212880053346,4.5435698515481535,4.543569851548154,8.881784197001252e-16,0.4988921288005326,
C0,ud23,PLUTARCH,ef8134329970f595ef9ccf4198217affef5c01fa243d5bf4e59ee6daebb04e1d,3,ge8,5061,21549.654921959413,24377.88718839197,23614.537056064895,23614.537056064895,4641,5061,4.257983584659042,4.816812327285511,0.5588287426264689,4.66598242562041,4.66598242562041,0.0,0.5588287426264689,
C0,ud23,PLUTARCH,ef8134329970f595ef9ccf4198217affef5c01fa243d5bf4e59ee6daebb04e1d,4,4_7,1840,7666.404765707204,8572.384310432513,8499.186602237005,8499.186602237005,1650,1840,4.1665243291886975,4.658904516539409,0.49238018735071165,4.619123153389677,4.619123153389677,0.0,0.49238018735071165,
C0,ud23,PLUTARCH,ef8134329970f595ef9ccf4198217affef5c01fa243d5bf4e59ee6daebb04e1d,4,ge8,5061,21573.29168461005,24393.15569454123,23489.705008959114,23489.705008959114,4599,5061,4.262653958626763,4.819829222395026,0.5571752637682632,4.641316935182595,4.641316935182595,0.0,0.5571752637682632,
C0,ud23,PLUTARCH,ef8134329970f595ef9ccf4198217affef5c01fa243d5bf4e59ee6daebb04e1d,5,4_7,1840,7648.095478138845,8576.840170887994,8418.239470057117,8418.239470057117,1619,1840,4.156573629423285,4.661326179830431,0.5047525504071464,4.575130146770172,4.575130146770172,0.0,0.5047525504071464,
C0,ud23,PLUTARCH,ef8134329970f595ef9ccf4198217affef5c01fa243d5bf4e59ee6daebb04e1d,5,ge8,5061,21574.823347654376,24408.37772988308,23512.307829142155,23512.307829142155,4614,5061,4.262956599022797,4.822836935365161,0.5598803363423643,4.645783013068989,4.645783013068989,0.0,0.5598803363423643,
C0,ud23,PLUTARCH,ef8134329970f595ef9ccf4198217affef5c01fa243d5bf4e59ee6daebb04e1d,6,4_7,1840,7669.8634831975605,8573.556674117499,8438.670161377862,8438.670161377862,1608,1840,4.168404066955196,4.659541670716032,0.49113760376083615,4.5862337833575335,4.5862337833575335,0.0,0.49113760376083615,
C0,ud23,PLUTARCH,ef8134329970f595ef9ccf4198217affef5c01fa243d5bf4e59ee6daebb04e1d,6,ge8,5061,21581.65938398432,24382.637355793733,23629.58982336131,23629.589823361315,4632,5061,4.264307327402553,4.817750910056063,0.55344358265351,4.668956693017449,4.66895669301745,8.881784197001252e-16,0.5534435826535091,
C0,ud23,PLUTARCH,ef8134329970f595ef9ccf4198217affef5c01fa243d5bf4e59ee6daebb04e1d,7,4_7,1840,7648.88013119536,8570.019349445989,8305.141984661277,8305.141984661277,1621,1840,4.157000071301826,4.657619211655429,0.5006191403536029,4.51366412209852,4.51366412209852,0.0,0.5006191403536029,
C0,ud23,PLUTARCH,ef8134329970f595ef9ccf4198217affef5c01fa243d5bf4e59ee6daebb04e1d,7,ge8,5061,21550.905812538796,24383.664832277667,23631.1707461791,23631.1707461791,4615,5061,4.258230747389606,4.817953928527498,0.5597231811378913,4.669269066623019,4.669269066623019,0.0,0.5597231811378913,
C0,ud23,PLUTARCH,ef8134329970f595ef9ccf4198217affef5c01fa243d5bf4e59ee6daebb04e1d,8,4_7,1840,7647.541776498825,8571.033159514947,8464.639123170638,8464.639123170638,1627,1840,4.156272704618926,4.658170195388558,0.5018974907696316,4.60034734954926,4.60034734954926,0.0,0.5018974907696316,
C0,ud23,PLUTARCH,ef8134329970f595ef9ccf4198217affef5c01fa243d5bf4e59ee6daebb04e1d,8,ge8,5061,21584.96551569114,24388.237083704073,23453.465094549792,23453.465094549792,4554,5061,4.264960584013266,4.81885735698559,0.5538967729723243,4.634156311904721,4.634156311904721,0.0,0.5538967729723243,
C0,ud23,PLUTARCH,ef8134329970f595ef9ccf4198217affef5c01fa243d5bf4e59ee6daebb04e1d,9,4_7,1840,7647.2938156261025,8569.173471900314,8523.803357546842,8523.803357546842,1639,1840,4.156137943275056,4.657159495597997,0.5010215523229418,4.632501824753718,4.632501824753718,0.0,0.5010215523229418,
C0,ud23,PLUTARCH,ef8134329970f595ef9ccf4198217affef5c01fa243d5bf4e59ee6daebb04e1d,9,ge8,5061,21581.38016337829,24411.306635695088,23506.296362622663,23506.296362622663,4593,5061,4.264252156367968,4.8234156561341806,0.5591634997662123,4.644595210950931,4.644595210950931,0.0,0.5591634997662123,
C0,ud23,PLUTARCH,ef8134329970f595ef9ccf4198217affef5c01fa243d5bf4e59ee6daebb04e1d,10,4_7,1840,7641.627849429853,8567.640854289551,8449.40304988029,8449.40304988029,1634,1840,4.153058613820573,4.656326551244321,0.5032679374237485,4.59206687493494,4.59206687493494,0.0,0.5032679374237485,
C0,ud23,PLUTARCH,ef8134329970f595ef9ccf4198217affef5c01fa243d5bf4e59ee6daebb04e1d,10,ge8,5061,21565.651011795144,24386.950850462657,23570.757751852107,23570.757751852107,4624,5061,4.261144242599317,4.818603210919316,0.5574589683199989,4.657332098765482,4.657332098765482,0.0,0.5574589683199989,
C0,ud23,PLUTARCH,ef8134329970f595ef9ccf4198217affef5c01fa243d5bf4e59ee6daebb04e1d,11,4_7,1840,7640.560348974755,8568.195314347291,8249.398833871297,8249.398833871297,1645,1840,4.152478450529758,4.656627888232223,0.5041494377024653,4.483368931451792,4.483368931451792,0.0,0.5041494377024653,
C0,ud23,PLUTARCH,ef8134329970f595ef9ccf4198217affef5c01fa243d5bf4e59ee6daebb04e1d,11,ge8,5061,21531.88292333018,24374.562723192605,23694.89812906917,23694.89812906917,4627,5061,4.254472025949453,4.816155448170837,0.5616834222213836,4.681860922558619,4.681860922558619,0.0,0.5616834222213836,
C0,ud23,PLUTARCH,ef8134329970f595ef9ccf4198217affef5c01fa243d5bf4e59ee6daebb04e1d,12,4_7,1840,7629.0593347918675,8570.90372776068,8366.67786557893,8366.677865578931,1640,1840,4.1462278993434065,4.658099852043848,0.5118719527004414,4.5471075356407225,4.547107535640723,8.881784197001252e-16,0.5118719527004405,
C0,ud23,PLUTARCH,ef8134329970f595ef9ccf4198217affef5c01fa243d5bf4e59ee6daebb04e1d,12,ge8,5061,21545.35447334239,24389.57152966663,23678.202566621447,23678.202566621447,4615,5061,4.257133861557477,4.819121029374952,0.5619871678174748,4.678562056238183,4.678562056238183,0.0,0.5619871678174748,
C0,ud23,PLUTARCH,ef8134329970f595ef9ccf4198217affef5c01fa243d5bf4e59ee6daebb04e1d,13,4_7,1840,7663.304161497354,8572.022298223017,8462.812179584136,8462.812179584138,1613,1840,4.164839218205083,4.658707770773379,0.493868552568296,4.599354445426161,4.599354445426162,8.881784197001252e-16,0.4938685525682951,
C0,ud23,PLUTARCH,ef8134329970f595ef9ccf4198217affef5c01fa243d5bf4e59ee6daebb04e1d,13,ge8,5061,21561.07823264651,24382.3880254479,23527.76621151844,23527.76621151844,4611,5061,4.260240709868901,4.817701645020332,0.5574609351514308,4.648837425710026,4.648837425710026,0.0,0.5574609351514308,
C0,ud23,PLUTARCH,ef8134329970f595ef9ccf4198217affef5c01fa243d5bf4e59ee6daebb04e1d,14,4_7,1840,7651.315880347835,8574.948820542846,8461.197205763103,8461.197205763103,1637,1840,4.158323848015128,4.660298272034155,0.5019744240190276,4.598476742262556,4.598476742262556,0.0,0.5019744240190276,
C0,ud23,PLUTARCH,ef8134329970f595ef9ccf4198217affef5c01fa243d5bf4e59ee6daebb04e1d,14,ge8,5061,21601.66902498153,24401.102197476073,23453.698095576503,23453.698095576503,4607,5061,4.268261020545649,4.821399367215189,0.5531383466695408,4.634202350439933,4.634202350439933,0.0,0.5531383466695408,
C0,ud23,PLUTARCH,ef8134329970f595ef9ccf4198217affef5c01fa243d5bf4e59ee6daebb04e1d,15,4_7,1840,7658.902730736945,8573.16878175062,8523.488323857753,8523.488323857753,1628,1840,4.162447136270079,4.659330859647077,0.4968837233769978,4.632330610792257,4.632330610792257,0.0,0.4968837233769978,
C0,ud23,PLUTARCH,ef8134329970f595ef9ccf4198217affef5c01fa243d5bf4e59ee6daebb04e1d,15,ge8,5061,21567.886470207457,24393.37353031237,23566.957420953702,23566.957420953702,4598,5061,4.261585945506314,4.81987226443635,0.558286318930036,4.656581193628473,4.656581193628473,0.0,0.558286318930036,
C0,ud23,PLUTARCH,ef8134329970f595ef9ccf4198217affef5c01fa243d5bf4e59ee6daebb04e1d,16,4_7,1840,7650.922208835495,8572.62120924615,8469.787963964014,8469.787963964014,1650,1840,4.1581098961062475,4.659033265894647,0.5009233697883992,4.603145632589138,4.603145632589138,0.0,0.5009233697883992,
C0,ud23,PLUTARCH,ef8134329970f595ef9ccf4198217affef5c01fa243d5bf4e59ee6daebb04e1d,16,ge8,5061,21540.632602515747,24387.985295765175,23633.77415328121,23633.77415328121,4591,5061,4.256200869890486,4.818807606355498,0.5626067364650122,4.669783472294252,4.669783472294252,0.0,0.5626067364650122,
C0,ud23,PLUTARCH,ef8134329970f595ef9ccf4198217affef5c01fa243d5bf4e59ee6daebb04e1d,17,4_7,1840,7642.382909678981,8573.607725025295,8525.934632839113,8525.934632839113,1628,1840,4.153468972651621,4.659569415774617,0.5061004431229961,4.633660126542996,4.633660126542996,0.0,0.5061004431229961,
C0,ud23,PLUTARCH,ef8134329970f595ef9ccf4198217affef5c01fa243d5bf4e59ee6daebb04e1d,17,ge8,5061,21561.211354375177,24400.18064432337,23530.458164404612,23530.458164404612,4595,5061,4.260267013312621,4.821217278072193,0.5609502647595717,4.64936932709042,4.64936932709042,0.0,0.5609502647595717,
C0,ud23,PLUTARCH,ef8134329970f595ef9ccf4198217affef5c01fa243d5bf4e59ee6daebb04e1d,18,4_7,1840,7646.454184360283,8575.218988792683,8453.77967596216,8453.77967596216,1633,1840,4.155681621934936,4.66044510260472,0.5047634806697836,4.594445476066391,4.594445476066391,0.0,0.5047634806697836,
C0,ud23,PLUTARCH,ef8134329970f595ef9ccf4198217affef5c01fa243d5bf4e59ee6daebb04e1d,18,ge8,5061,21543.170069653243,24404.058597583055,23587.744672771332,23587.744672771332,4616,5061,4.2567022465230675,4.821983520565709,0.5652812740426416,4.660688534434169,4.660688534434169,0.0,0.5652812740426416,
C0,ud23,PLUTARCH,ef8134329970f595ef9ccf4198217affef5c01fa243d5bf4e59ee6daebb04e1d,19,4_7,1840,7639.312010706463,8568.027114696091,8524.405165156339,8524.405165156339,1638,1840,4.15180000581873,4.65653647537831,0.50473646955958,4.632828894106706,4.632828894106706,0.0,0.50473646955958,
C0,ud23,PLUTARCH,ef8134329970f595ef9ccf4198217affef5c01fa243d5bf4e59ee6daebb04e1d,19,ge8,5061,21613.79263428234,24398.999712161785,23426.35005108865,23426.35005108865,4574,5061,4.270656517344861,4.820983938384072,0.5503274210392108,4.628798666486594,4.628798666486594,0.0,0.5503274210392108,
C0,ud23,THUCYDIDES,1a32cf6857284fff7c7f006f8d0cd4ab15a047af7a4bcd5613d1fd50789dd4ee,0,4_7,1989,8400.498518496157,9242.36468642842,9149.506856590688,9149.506856590688,1754,1989,4.223478390395252,4.646739409969039,0.42326101957378715,4.600053723776113,4.600053723776113,0.0,0.42326101957378715,
C0,ud23,THUCYDIDES,1a32cf6857284fff7c7f006f8d0cd4ab15a047af7a4bcd5613d1fd50789dd4ee,0,ge8,5238,22859.73524426242,25097.410263021375,24291.665322824192,24291.665322824192,4725,5238,4.364210623188702,4.791410894047608,0.427200270858906,4.637584063158494,4.637584063158494,0.0,0.427200270858906,
C0,ud23,THUCYDIDES,1a32cf6857284fff7c7f006f8d0cd4ab15a047af7a4bcd5613d1fd50789dd4ee,1,4_7,1989,8393.629171359493,9250.328674473392,9147.7814854163,9147.7814854163,1738,1989,4.220024721648815,4.650743426080137,0.4307187044313219,4.599186267177627,4.599186267177627,0.0,0.4307187044313219,
C0,ud23,THUCYDIDES,1a32cf6857284fff7c7f006f8d0cd4ab15a047af7a4bcd5613d1fd50789dd4ee,1,ge8,5238,22883.628456346618,25108.53237749656,24248.14502918926,24248.14502918926,4737,5238,4.3687721375232185,4.793534245417441,0.42476210789422275,4.62927549239963,4.62927549239963,0.0,0.42476210789422275,
C0,ud23,THUCYDIDES,1a32cf6857284fff7c7f006f8d0cd4ab15a047af7a4bcd5613d1fd50789dd4ee,2,4_7,1989,8381.716392942737,9240.499662541124,9116.870421100415,9116.870421100415,1766,1989,4.214035391122542,4.645801740845211,0.43176634972266825,4.583645259477333,4.583645259477333,0.0,0.43176634972266825,
C0,ud23,THUCYDIDES,1a32cf6857284fff7c7f006f8d0cd4ab15a047af7a4bcd5613d1fd50789dd4ee,2,ge8,5238,22863.727554957677,25105.11595886757,24275.023921996974,24275.023921996974,4723,5238,4.36497280545202,4.792882008183957,0.42790920273193755,4.634407010690525,4.634407010690525,0.0,0.42790920273193755,
C0,ud23,THUCYDIDES,1a32cf6857284fff7c7f006f8d0cd4ab15a047af7a4bcd5613d1fd50789dd4ee,3,4_7,1989,8383.42734977984,9247.521497341426,9128.356138030402,9128.356138030402,1769,1989,4.214895600693736,4.649332075083673,0.43443647438993693,4.589419878346105,4.589419878346105,0.0,0.43443647438993693,
C0,ud23,THUCYDIDES,1a32cf6857284fff7c7f006f8d0cd4ab15a047af7a4bcd5613d1fd50789dd4ee,3,ge8,5238,22854.85939254124,25098.95806080405,24253.22918157502,24253.229181575025,4778,5238,4.363279761844452,4.791706388087829,0.42842662624337713,4.63024612095743,4.630246120957431,8.881784197001252e-16,0.42842662624337624,
C0,ud23,THUCYDIDES,1a32cf6857284fff7c7f006f8d0cd4ab15a047af7a4bcd5613d1fd50789dd4ee,4,4_7,1989,8374.317449526405,9244.901774852158,9116.399558891928,9116.399558891928,1773,1989,4.210315459792059,4.648014969759758,0.4376995099676986,4.583408526340839,4.583408526340839,0.0,0.4376995099676986,
C0,ud23,THUCYDIDES,1a32cf6857284fff7c7f006f8d0cd4ab15a047af7a4bcd5613d1fd50789dd4ee,4,ge8,5238,22888.924439552495,25114.115225128764,24231.22700026357,24231.22700026357,4727,5238,4.369783207245608,4.794600081162422,0.42481687391681344,4.626045628152648,4.626045628152648,0.0,0.42481687391681344,
C0,ud23,THUCYDIDES,1a32cf6857284fff7c7f006f8d0cd4ab15a047af7a4bcd5613d1fd50789dd4ee,5,4_7,1989,8374.897737188978,9243.304079763348,9123.727102431714,9123.727102431716,1734,1989,4.210607208239808,4.647211704255077,0.43660449601526885,4.587092560297493,4.587092560297494,8.881784197001252e-16,0.43660449601526796,
C0,ud23,THUCYDIDES,1a32cf6857284fff7c7f006f8d0cd4ab15a047af7a4bcd5613d1fd50789dd4ee,5,ge8,5238,22851.099111356554,25105.296429024416,24228.28584856907,24228.28584856907,4712,5238,4.362561876929468,4.792916462203974,0.43035458527450565,4.625484125347284,4.625484125347284,0.0,0.43035458527450565,
C0,ud23,THUCYDIDES,1a32cf6857284fff7c7f006f8d0cd4ab15a047af7a4bcd5613d1fd50789dd4ee,6,4_7,1989,8396.95532482448,9248.206052861742,9171.129260395914,9171.129260395914,1764,1989,4.221696995889633,4.6496762457826755,0.4279792498930428,4.610924716136709,4.610924716136709,0.0,0.4279792498930428,
C0,ud23,THUCYDIDES,1a32cf6857284fff7c7f006f8d0cd4ab15a047af7a4bcd5613d1fd50789dd4ee,6,ge8,5238,22895.71412233721,25112.650557835932,24129.375392383165,24129.375392383165,4752,5238,4.371079442981522,4.794320457777001,0.4232410147954795,4.606600876743636,4.606600876743636,0.0,0.4232410147954795,
C0,ud23,THUCYDIDES,1a32cf6857284fff7c7f006f8d0cd4ab15a047af7a4bcd5613d1fd50789dd4ee,7,4_7,1989,8377.682577933881,9246.360659427253,9153.854296132646,9153.854296132646,1750,1989,4.212007329277969,4.648748446167549,0.4367411168895794,4.602239465124508,4.602239465124508,0.0,0.4367411168895794,
C0,ud23,THUCYDIDES,1a32cf6857284fff7c7f006f8d0cd4ab15a047af7a4bcd5613d1fd50789dd4ee,7,ge8,5238,22866.88654875356,25120.672057819265,24144.706593664618,24144.706593664618,4758,5238,4.36557589705108,4.7958518628902755,0.43027596583919525,4.60952779565953,4.60952779565953,0.0,0.43027596583919525,
C0,ud23,THUCYDIDES,1a32cf6857284fff7c7f006f8d0cd4ab15a047af7a4bcd5613d1fd50789dd4ee,8,4_7,1989,8383.634802801462,9244.110236127759,9129.112166376312,9129.112166376312,1746,1989,4.214999900855436,4.647617011627832,0.4326171107723962,4.58979998309518,4.58979998309518,0.0,0.4326171107723962,
C0,ud23,THUCYDIDES,1a32cf6857284fff7c7f006f8d0cd4ab15a047af7a4bcd5613d1fd50789dd4ee,8,ge8,5238,22849.01064829339,25108.509859349746,24147.547038083285,24147.547038083285,4719,5238,4.36216316309534,4.793529946420341,0.431366783325001,4.610070072180848,4.610070072180848,0.0,0.431366783325001,
C0,ud23,THUCYDIDES,1a32cf6857284fff7c7f006f8d0cd4ab15a047af7a4bcd5613d1fd50789dd4ee,9,4_7,1989,8386.508236668284,9246.140276810458,9151.668668488534,9151.668668488534,1755,1989,4.216444563433024,4.648637645455233,0.4321930820222093,4.6011406075859895,4.6011406075859895,0.0,0.4321930820222093,
C0,ud23,THUCYDIDES,1a32cf6857284fff7c7f006f8d0cd4ab15a047af7a4bcd5613d1fd50789dd4ee,9,ge8,5238,22863.24791649454,25117.98534290466,24180.75373777647,24180.75373777647,4714,5238,4.364881236444166,4.79533893526244,0.430457698818274,4.616409648296386,4.616409648296386,0.0,0.430457698818274,
C0,ud23,THUCYDIDES,1a32cf6857284fff7c7f006f8d0cd4ab15a047af7a4bcd5613d1fd50789dd4ee,10,4_7,1989,8374.420807051445,9247.234337487944,9121.537332075062,9121.537332075062,1744,1989,4.210367424359701,4.649187701100022,0.4388202767403211,4.585991619947241,4.585991619947241,0.0,0.4388202767403211,
C0,ud23,THUCYDIDES,1a32cf6857284fff7c7f006f8d0cd4ab15a047af7a4bcd5613d1fd50789dd4ee,10,ge8,5238,22850.869116841703,25111.14971114544,24392.518735059322,24392.518735059322,4754,5238,4.362517968087381,4.79403392729008,0.4315159592026987,4.656838246479443,4.656838246479443,0.0,0.4315159592026987,
C0,ud23,THUCYDIDES,1a32cf6857284fff7c7f006f8d0cd4ab15a047af7a4bcd5613d1fd50789dd4ee,11,4_7,1989,8386.90237390079,9245.490958561832,9187.763243776555,9187.763243776555,1758,1989,4.216642721920961,4.6483111908304835,0.43166846890952293,4.619287704261717,4.619287704261717,0.0,0.43166846890952293,
C0,ud23,THUCYDIDES,1a32cf6857284fff7c7f006f8d0cd4ab15a047af7a4bcd5613d1fd50789dd4ee,11,ge8,5238,22843.834969417978,25110.298836175563,24212.140018121314,24212.140018121314,4725,5238,4.361175060980904,4.7938714845696,0.43269642358869564,4.622401683490133,4.622401683490133,0.0,0.43269642358869564,
C0,ud23,THUCYDIDES,1a32cf6857284fff7c7f006f8d0cd4ab15a047af7a4bcd5613d1fd50789dd4ee,12,4_7,1989,8385.625858795587,9246.595281272464,9069.602612437071,9069.602612437071,1761,1989,4.216000934537751,4.648866405868509,0.43286547133075803,4.559880649792394,4.559880649792394,0.0,0.43286547133075803,
C0,ud23,THUCYDIDES,1a32cf6857284fff7c7f006f8d0cd4ab15a047af7a4bcd5613d1fd50789dd4ee,12,ge8,5238,22853.81812512911,25100.969023857164,24220.57227279237,24220.57227279237,4752,5238,4.363080970815027,4.792090306196481,0.4290093353814539,4.624011506833213,4.624011506833213,0.0,0.4290093353814539,
C0,ud23,THUCYDIDES,1a32cf6857284fff7c7f006f8d0cd4ab15a047af7a4bcd5613d1fd50789dd4ee,13,4_7,1989,8370.424165403516,9242.921975974043,9023.530061878773,9023.530061878773,1737,1989,4.20835805198769,4.647019595763722,0.43866154377603195,4.536716974298026,4.536716974298026,0.0,0.43866154377603195,
C0,ud23,THUCYDIDES,1a32cf6857284fff7c7f006f8d0cd4ab15a047af7a4bcd5613d1fd50789dd4ee,13,ge8,5238,22860.299885026532,25109.747749272712,24138.27342775152,24138.27342775152,4714,5238,4.364318420203614,4.793766275157066,0.4294478549534517,4.608299623472989,4.608299623472989,0.0,0.4294478549534517,
C0,ud23,THUCYDIDES,1a32cf6857284fff7c7f006f8d0cd4ab15a047af7a4bcd5613d1fd50789dd4ee,14,4_7,1989,8415.256484557784,9247.185032770349,9172.798018761567,9172.798018761567,1773,1989,4.2308981822814395,4.649162912403393,0.41826473012195375,4.611763709784599,4.611763709784599,0.0,0.41826473012195375,
C0,ud23,THUCYDIDES,1a32cf6857284fff7c7f006f8d0cd4ab15a047af7a4bcd5613d1fd50789dd4ee,14,ge8,5238,22873.48810463384,25110.051584287867,24259.28728756484,24259.28728756484,4751,5238,4.366836216997679,4.7938242810782485,0.4269880640805699,4.631402689493097,4.631402689493097,0.0,0.4269880640805699,
C0,ud23,THUCYDIDES,1a32cf6857284fff7c7f006f8d0cd4ab15a047af7a4bcd5613d1fd50789dd4ee,15,4_7,1989,8385.691296117495,9241.58020897495,9126.303710159786,9126.303710159786,1762,1989,4.216033834146553,4.6463450019984665,0.43031116785191337,4.5883879890195,4.5883879890195,0.0,0.43031116785191337,
C0,ud23,THUCYDIDES,1a32cf6857284fff7c7f006f8d0cd4ab15a047af7a4bcd5613d1fd50789dd4ee,15,ge8,5238,22851.668942747903,25097.916113570773,24184.56058158992,24184.56058158992,4734,5238,4.3626706649003255,4.791507467272007,0.42883680237168154,4.617136422602123,4.617136422602123,0.0,0.42883680237168154,
C0,ud23,THUCYDIDES,1a32cf6857284fff7c7f006f8d0cd4ab15a047af7a4bcd5613d1fd50789dd4ee,16,4_7,1989,8398.590130556746,9249.534376159692,9129.566525240876,9129.566525240876,1775,1989,4.222518919334714,4.650344080522721,0.4278251611880073,4.590028418924523,4.590028418924523,0.0,0.4278251611880073,
C0,ud23,THUCYDIDES,1a32cf6857284fff7c7f006f8d0cd4ab15a047af7a4bcd5613d1fd50789dd4ee,16,ge8,5238,22879.708872795636,25108.988096729037,24130.27555105668,24130.27555105668,4733,5238,4.368023839785345,4.793621247943688,0.42559740815834246,4.606772728342245,4.606772728342245,0.0,0.42559740815834246,
C0,ud23,THUCYDIDES,1a32cf6857284fff7c7f006f8d0cd4ab15a047af7a4bcd5613d1fd50789dd4ee,17,4_7,1989,8392.10074404027,9247.906402491577,9094.422475557198,9094.422475557198,1775,1989,4.2192562815687635,4.649525592001798,0.43026931043303485,4.572359213452588,4.572359213452588,0.0,0.43026931043303485,
C0,ud23,THUCYDIDES,1a32cf6857284fff7c7f006f8d0cd4ab15a047af7a4bcd5613d1fd50789dd4ee,17,ge8,5238,22869.173516489904,25111.489378512266,24302.381641911823,24302.381641911823,4742,5238,4.366012507920944,4.794098774057325,0.4280862661363809,4.639629943091222,4.639629943091222,0.0,0.4280862661363809,
C0,ud23,THUCYDIDES,1a32cf6857284fff7c7f006f8d0cd4ab15a047af7a4bcd5613d1fd50789dd4ee,18,4_7,1989,8394.279368260579,9243.755178012372,9027.652607244167,9027.652607244167,1763,1989,4.220351618029452,4.6474385007603685,0.4270868827309169,4.538789646678817,4.538789646678817,0.0,0.4270868827309169,
C0,ud23,THUCYDIDES,1a32cf6857284fff7c7f006f8d0cd4ab15a047af7a4bcd5613d1fd50789dd4ee,18,ge8,5238,22854.151884138817,25103.41909208574,24272.34235142315,24272.34235142315,4724,5238,4.363144689602676,4.792558054999187,0.42941336539651065,4.633895065181968,4.633895065181968,0.0,0.42941336539651065,
C0,ud23,THUCYDIDES,1a32cf6857284fff7c7f006f8d0cd4ab15a047af7a4bcd5613d1fd50789dd4ee,19,4_7,1989,8376.968383043857,9239.799481243144,9086.87093862191,9086.87093862191,1763,1989,4.211648256935072,4.645449714048841,0.43380145711376894,4.568562563409709,4.568562563409709,0.0,0.43380145711376894,
C0,ud23,THUCYDIDES,1a32cf6857284fff7c7f006f8d0cd4ab15a047af7a4bcd5613d1fd50789dd4ee,19,ge8,5238,22821.56738118192,25101.30089723555,24230.929003732632,24230.929003732632,4736,5238,4.356923898660161,4.792153664993423,0.43522976633326227,4.625988736871445,4.625988736871445,0.0,0.43522976633326227,
D12,ud23,ATHENAEUS,4352f04fcfd7cbe580caddf69f309034ffb967d5d1bc8a8e809498de5bf8d329,0,4_7,5641,23534.489360373016,25990.41714449477,25547.425266141618,25547.425266141618,4892,5641,4.172042077711933,4.607413072947132,0.43537099523519895,4.528882337553912,4.528882337553912,0.0,0.43537099523519895,
D12,ud23,ATHENAEUS,4352f04fcfd7cbe580caddf69f309034ffb967d5d1bc8a8e809498de5bf8d329,0,ge8,11050,47151.486465569185,52233.97125114188,50662.30291894256,50662.30291894256,9966,11050,4.267102847562822,4.727056221822794,0.45995337425997196,4.584823793569463,4.584823793569463,0.0,0.45995337425997196,
D12,ud23,ATHENAEUS,4352f04fcfd7cbe580caddf69f309034ffb967d5d1bc8a8e809498de5bf8d329,1,4_7,5641,23557.2221890857,25984.76539682998,25623.654961285607,25623.65496128561,4948,5641,4.176072006574313,4.606411167670622,0.43033916109630876,4.542395844936289,4.54239584493629,8.881784197001252e-16,0.4303391610963079,
D12,ud23,ATHENAEUS,4352f04fcfd7cbe580caddf69f309034ffb967d5d1bc8a8e809498de5bf8d329,1,ge8,11050,47130.79075697618,52214.73529803176,50426.14760051351,50426.14760051352,9920,11050,4.265229932758025,4.7253154115865845,0.4600854788285593,4.563452271539684,4.563452271539685,8.881784197001252e-16,0.46008547882855844,
D12,ud23,ATHENAEUS,4352f04fcfd7cbe580caddf69f309034ffb967d5d1bc8a8e809498de5bf8d329,2,4_7,5641,23537.079358238738,25986.873690456392,25616.30049531579,25616.30049531579,4976,5641,4.172501215784211,4.606784912330507,0.43428369654629595,4.541092092770039,4.541092092770039,0.0,0.43428369654629595,
D12,ud23,ATHENAEUS,4352f04fcfd7cbe580caddf69f309034ffb967d5d1bc8a8e809498de5bf8d329,2,ge8,11050,47147.37890515265,52254.361196438935,50424.76656046178,50424.76656046179,9876,11050,4.266731122638249,4.72890146574108,0.462170343102831,4.563327290539528,4.563327290539529,8.881784197001252e-16,0.4621703431028301,
D12,ud23,ATHENAEUS,4352f04fcfd7cbe580caddf69f309034ffb967d5d1bc8a8e809498de5bf8d329,3,4_7,5641,23549.070238145934,25975.194850603646,25472.51492331371,25472.514923313713,4900,5641,4.174626881429877,4.604714563127751,0.4300876816978745,4.515602716417959,4.51560271641796,8.881784197001252e-16,0.4300876816978736,
D12,ud23,ATHENAEUS,4352f04fcfd7cbe580caddf69f309034ffb967d5d1bc8a8e809498de5bf8d329,3,ge8,11050,47108.25010168498,52220.21940899224,50527.583731955194,50527.583731955194,9943,11050,4.26319005445113,4.725811711221017,0.46262165676988776,4.572632011941646,4.572632011941646,0.0,0.46262165676988776,
D12,ud23,ATHENAEUS,4352f04fcfd7cbe580caddf69f309034ffb967d5d1bc8a8e809498de5bf8d329,4,4_7,5641,23529.967410122517,25990.508301448415,25579.13619870727,25579.13619870727,4954,5641,4.171240455614699,4.607429232662367,0.43618877704766845,4.5345038466065,4.5345038466065,0.0,0.43618877704766845,
D12,ud23,ATHENAEUS,4352f04fcfd7cbe580caddf69f309034ffb967d5d1bc8a8e809498de5bf8d329,4,ge8,11050,47161.47408164604,52253.439617521704,50541.892568184005,50541.892568184005,9909,11050,4.268006704221361,4.7288180649340905,0.46081136071272955,4.573926929247421,4.573926929247421,0.0,0.46081136071272955,
D12,ud23,ATHENAEUS,4352f04fcfd7cbe580caddf69f309034ffb967d5d1bc8a8e809498de5bf8d329,5,4_7,5641,23530.148626642484,25990.39871814217,25532.63803244415,25532.638032444152,4993,5641,4.171272580507442,4.607409806442504,0.4361372259350622,4.526260952392155,4.526260952392156,8.881784197001252e-16,0.4361372259350613,
D12,ud23,ATHENAEUS,4352f04fcfd7cbe580caddf69f309034ffb967d5d1bc8a8e809498de5bf8d329,5,ge8,11050,47148.864749061584,52232.97296661001,50588.892575749756,50588.89257574976,9894,11050,4.266865588150369,4.726965879331223,0.4601002911808534,4.578180323597263,4.578180323597263,0.0,0.4601002911808534,
D12,ud23,ATHENAEUS,4352f04fcfd7cbe580caddf69f309034ffb967d5d1bc8a8e809498de5bf8d329,6,4_7,5641,23539.387949846427,25979.945426279173,25525.673016200883,25525.673016200883,4936,5641,4.172910467974903,4.605556714461828,0.4326462464869252,4.52502623935488,4.52502623935488,0.0,0.4326462464869252,
D12,ud23,ATHENAEUS,4352f04fcfd7cbe580caddf69f309034ffb967d5d1bc8a8e809498de5bf8d329,6,ge8,11050,47164.895226827255,52228.05619155574,50495.033186926914,50495.033186926914,9920,11050,4.268316310120113,4.726520922312737,0.458204612192624,4.569686261260355,4.569686261260355,0.0,0.458204612192624,
D12,ud23,ATHENAEUS,4352f04fcfd7cbe580caddf69f309034ffb967d5d1bc8a8e809498de5bf8d329,7,4_7,5641,23509.208479699548,25974.255923673303,25621.720607559826,25621.72060755983,4914,5641,4.167560446676041,4.604548116233523,0.4369876695574817,4.5420529352171295,4.5420529352171295,0.0,0.4369876695574817,
D12,ud23,ATHENAEUS,4352f04fcfd7cbe580caddf69f309034ffb967d5d1bc8a8e809498de5bf8d329,7,ge8,11050,47131.623610769086,52231.04002695647,50626.72597607223,50626.72597607223,9880,11050,4.265305304141998,4.726790952665744,0.4614856485237455,4.581604160730518,4.581604160730518,0.0,0.4614856485237455,
D12,ud23,ATHENAEUS,4352f04fcfd7cbe580caddf69f309034ffb967d5d1bc8a8e809498de5bf8d329,8,4_7,5641,23520.055592169047,25970.809658724633,25533.946895433048,25533.946895433048,4897,5641,4.169483352627025,4.603937184670206,0.43445383204318144,4.526492979158491,4.526492979158491,0.0,0.43445383204318144,
D12,ud23,ATHENAEUS,4352f04fcfd7cbe580caddf69f309034ffb967d5d1bc8a8e809498de5bf8d329,8,ge8,11050,47136.16315194809,52241.62873812491,50629.254594411876,50629.25459441188,9908,11050,4.265716122348243,4.7277492070701275,0.46203308472188453,4.5818329949694006,4.581832994969401,8.881784197001252e-16,0.46203308472188365,
D12,ud23,ATHENAEUS,4352f04fcfd7cbe580caddf69f309034ffb967d5d1bc8a8e809498de5bf8d329,9,4_7,5641,23514.97152334542,25987.187588055724,25673.251406170526,25673.251406170526,4882,5641,4.168582081784332,4.606840558066961,0.4382584762826287,4.551187981948329,4.551187981948329,0.0,0.4382584762826287,
D12,ud23,ATHENAEUS,4352f04fcfd7cbe580caddf69f309034ffb967d5d1bc8a8e809498de5bf8d329,9,ge8,11050,47123.405523037065,52232.81401637937,50623.75239052249,50623.75239052249,9936,11050,4.264561585795209,4.726951494694966,0.4623899088997563,4.581335057965836,4.581335057965836,0.0,0.4623899088997563,
D12,ud23,DIODORUS,d91dad02f8da03cf6702fa7edec531da5e56f526f466e2f04180f2a23a1cf315,0,4_7,2898,11240.561055272043,12663.563299322786,12676.21845576602,12676.21845576602,2555,2898,3.8787305228682,4.369759592588953,0.49102906972075333,4.374126451265018,4.374126451265018,0.0,0.49102906972075333,
D12,ud23,DIODORUS,d91dad02f8da03cf6702fa7edec531da5e56f526f466e2f04180f2a23a1cf315,0,ge8,9436,38013.3168812342,43030.942453700256,41605.49849222877,41605.49849222877,8445,9436,4.028541424463141,4.560294876398925,0.531753451935784,4.409230446399827,4.409230446399827,0.0,0.531753451935784,
D12,ud23,DIODORUS,d91dad02f8da03cf6702fa7edec531da5e56f526f466e2f04180f2a23a1cf315,1,4_7,2898,11252.001251321863,12678.4514221172,12666.360033175677,12666.360033175677,2514,2898,3.8826781405527475,4.374896971054934,0.4922188305021864,4.370724649128943,4.370724649128943,0.0,0.4922188305021864,
D12,ud23,DIODORUS,d91dad02f8da03cf6702fa7edec531da5e56f526f466e2f04180f2a23a1cf315,1,ge8,9436,38048.37943670075,43083.629963233485,41785.35811946368,41785.35811946368,8446,9436,4.032257252723691,4.565878546336741,0.5336212936130496,4.428291449710013,4.428291449710013,0.0,0.5336212936130496,
D12,ud23,DIODORUS,d91dad02f8da03cf6702fa7edec531da5e56f526f466e2f04180f2a23a1cf315,2,4_7,2898,11266.660830278122,12672.281360812345,12697.915433749058,12697.915433749058,2556,2898,3.88773665641067,4.372767895380381,0.4850312389697109,4.381613331176348,4.381613331176348,0.0,0.4850312389697109,
D12,ud23,DIODORUS,d91dad02f8da03cf6702fa7edec531da5e56f526f466e2f04180f2a23a1cf315,2,ge8,9436,37968.24119084184,43068.257765112256,41630.81294589511,41630.81294589511,8356,9436,4.023764433111683,4.564249445221731,0.5404850121100475,4.4119131990138944,4.4119131990138944,0.0,0.5404850121100475,
D12,ud23,DIODORUS,d91dad02f8da03cf6702fa7edec531da5e56f526f466e2f04180f2a23a1cf315,3,4_7,2898,11269.132044596801,12686.341570718325,12622.523296593949,12622.523296593949,2585,2898,3.8885893873694966,4.37761958961985,0.48903020225035343,4.355598100964095,4.355598100964095,0.0,0.48903020225035343,
D12,ud23,DIODORUS,d91dad02f8da03cf6702fa7edec531da5e56f526f466e2f04180f2a23a1cf315,3,ge8,9436,38000.55983842376,43085.16144781166,41767.22241822999,41767.22241822999,8418,9436,4.02718946994741,4.566040848644729,0.538851378697319,4.426369480524586,4.426369480524586,0.0,0.538851378697319,
D12,ud23,DIODORUS,d91dad02f8da03cf6702fa7edec531da5e56f526f466e2f04180f2a23a1cf315,4,4_7,2898,11251.903966810301,12668.33979305093,12636.880251227858,12636.88025122786,2558,2898,3.8826445710180475,4.371407796083827,0.4887632250657794,4.360552191590013,4.360552191590013,0.0,0.4887632250657794,
D12,ud23,DIODORUS,d91dad02f8da03cf6702fa7edec531da5e56f526f466e2f04180f2a23a1cf315,4,ge8,9436,38016.50909343194,43062.667326275776,41532.928511876875,41532.928511876875,8462,9436,4.0288797258829945,4.5636569866761105,0.534777260793116,4.401539689685976,4.401539689685976,0.0,0.534777260793116,
D12,ud23,DIODORUS,d91dad02f8da03cf6702fa7edec531da5e56f526f466e2f04180f2a23a1cf315,5,4_7,2898,11235.255850755988,12666.233307216084,12640.28237517719,12640.28237517719,2522,2898,3.8768998794879184,4.370680920364418,0.4937810408764993,4.361726147404138,4.361726147404138,0.0,0.4937810408764993,
D12,ud23,DIODORUS,d91dad02f8da03cf6702fa7edec531da5e56f526f466e2f04180f2a23a1cf315,5,ge8,9436,37986.67852416917,43040.95804603492,41727.182596218125,41727.182596218125,8469,9436,4.025718368394359,4.561356299918919,0.5356379315245601,4.422126175945117,4.422126175945117,0.0,0.5356379315245601,
D12,ud23,DIODORUS,d91dad02f8da03cf6702fa7edec531da5e56f526f466e2f04180f2a23a1cf315,6,4_7,2898,11236.72960747179,12665.743077223482,12567.81515875547,12567.815158755471,2544,2898,3.8774084221779814,4.370511758876288,0.4931033366983062,4.336720206609892,4.336720206609893,8.881784197001252e-16,0.4931033366983053,
D12,ud23,DIODORUS,d91dad02f8da03cf6702fa7edec531da5e56f526f466e2f04180f2a23a1cf315,6,ge8,9436,37936.19396477072,43030.488776816004,41702.78043876116,41702.78043876116,8488,9436,4.020368160742976,4.560246797034337,0.5398786362913617,4.419540105845821,4.419540105845821,0.0,0.5398786362913617,
D12,ud23,DIODORUS,d91dad02f8da03cf6702fa7edec531da5e56f526f466e2f04180f2a23a1cf315,7,4_7,2898,11237.22150800617,12674.539986301514,12692.633891621328,12692.633891621328,2565,2898,3.87757816011255,4.373547269255181,0.49596910914263104,4.379790852871404,4.379790852871404,0.0,0.49596910914263104,
D12,ud23,DIODORUS,d91dad02f8da03cf6702fa7edec531da5e56f526f466e2f04180f2a23a1cf315,7,ge8,9436,37982.33565828665,43052.529361307366,41560.13365320123,41560.13365320123,8483,9436,4.025258124023596,4.562582594458178,0.5373244704345819,4.4044228119119575,4.4044228119119575,0.0,0.5373244704345819,
D12,ud23,DIODORUS,d91dad02f8da03cf6702fa7edec531da5e56f526f466e2f04180f2a23a1cf315,8,4_7,2898,11218.498769136599,12654.842357487609,12681.610553073957,12681.610553073959,2564,2898,3.871117587693788,4.366750295889444,0.49563270819565597,4.3759870783554025,4.375987078355403,8.881784197001252e-16,0.4956327081956551,
D12,ud23,DIODORUS,d91dad02f8da03cf6702fa7edec531da5e56f526f466e2f04180f2a23a1cf315,8,ge8,9436,37956.313280472365,43013.02935295846,41611.78862407895,41611.78862407895,8392,9436,4.022500347654977,4.558396497770079,0.5358961501151018,4.409897056388189,4.409897056388189,0.0,0.5358961501151018,
D12,ud23,DIODORUS,d91dad02f8da03cf6702fa7edec531da5e56f526f466e2f04180f2a23a1cf315,9,4_7,2898,11257.132905562536,12669.157789798004,12660.921677475493,12660.921677475493,2553,2898,3.8844488977096394,4.371690058591444,0.48724116088180436,4.368848059860419,4.368848059860419,0.0,0.48724116088180436,
D12,ud23,DIODORUS,d91dad02f8da03cf6702fa7edec531da5e56f526f466e2f04180f2a23a1cf315,9,ge8,9436,38002.79994845596,43040.39779768603,41594.54752004925,41594.54752004925,8429,9436,4.027426870332341,4.561296926418613,0.5338700560862728,4.4080698940281104,4.4080698940281104,0.0,0.5338700560862728,
D12,ud23,HERODOTUS,89f0804afded8e7a0f4e1b507030d5ef4ecaf17e422c8b2969bd6b23e62818e6,0,4_7,3977,17189.646229887247,18664.221158444543,18511.528411097734,18511.528411097734,3523,3977,4.322264578799911,4.693040271170365,0.3707756923704544,4.654646319109312,4.654646319109312,0.0,0.3707756923704544,
D12,ud23,HERODOTUS,89f0804afded8e7a0f4e1b507030d5ef4ecaf17e422c8b2969bd6b23e62818e6,0,ge8,8969,39773.8687175145,43330.16150709337,41682.68447321481,41682.68447321481,8088,8969,4.434593457187479,4.831102855066716,0.3965093978792362,4.64741715611716,4.64741715611716,0.0,0.3965093978792362,
D12,ud23,HERODOTUS,89f0804afded8e7a0f4e1b507030d5ef4ecaf17e422c8b2969bd6b23e62818e6,1,4_7,3977,17166.897156985106,18656.350943976347,18377.730299446965,18377.730299446965,3509,3977,4.3165444196593175,4.691061338691563,0.3745169190322457,4.62100334409026,4.62100334409026,0.0,0.3745169190322457,
D12,ud23,HERODOTUS,89f0804afded8e7a0f4e1b507030d5ef4ecaf17e422c8b2969bd6b23e62818e6,1,ge8,8969,39738.46336772507,43325.41774884837,41835.30788236004,41835.30788236004,8125,8969,4.430645932403285,4.8305739490298105,0.3999280166265251,4.664433926007363,4.664433926007363,0.0,0.3999280166265251,
D12,ud23,HERODOTUS,89f0804afded8e7a0f4e1b507030d5ef4ecaf17e422c8b2969bd6b23e62818e6,2,4_7,3977,17156.483703141137,18663.372481039285,18333.519451333457,18333.519451333457,3482,3977,4.313926000286934,4.692826874789863,0.37890087450292853,4.6098867114240525,4.6098867114240525,0.0,0.37890087450292853,
D12,ud23,HERODOTUS,89f0804afded8e7a0f4e1b507030d5ef4ecaf17e422c8b2969bd6b23e62818e6,2,ge8,8969,39713.67856853984,43317.513081117686,41761.93892135606,41761.93892135606,8114,8969,4.427882547501376,4.8296926169157866,0.40181006941441044,4.6562536426977434,4.6562536426977434,0.0,0.40181006941441044,
D12,ud23,HERODOTUS,89f0804afded8e7a0f4e1b507030d5ef4ecaf17e422c8b2969bd6b23e62818e6,3,4_7,3977,17154.701834572632,18660.500112629208,18277.587088494416,18277.587088494416,3530,3977,4.313477956895306,4.6921046297785285,0.3786266728832226,4.595822752953084,4.595822752953084,0.0,0.3786266728832226,
D12,ud23,HERODOTUS,89f0804afded8e7a0f4e1b507030d5ef4ecaf17e422c8b2969bd6b23e62818e6,3,ge8,8969,39698.627255852356,43320.19052777619,41733.239105255685,41733.239105255685,8090,8969,4.426204399136175,4.829991139232488,0.4037867400963133,4.6530537523977795,4.6530537523977795,0.0,0.4037867400963133,
D12,ud23,HERODOTUS,89f0804afded8e7a0f4e1b507030d5ef4ecaf17e422c8b2969bd6b23e62818e6,4,4_7,3977,17160.72382818449,18649.277256637284,18271.218240322378,18271.218240322378,3524,3977,4.314992161977494,4.689282689624663,0.37429052764716886,4.594221332743872,4.594221332743872,0.0,0.37429052764716886,
D12,ud23,HERODOTUS,89f0804afded8e7a0f4e1b507030d5ef4ecaf17e422c8b2969bd6b23e62818e6,4,ge8,8969,39695.99674339392,43305.43807098894,41806.55009145999,41806.55009145999,8085,8969,4.425911109755147,4.828346311850701,0.4024352020955533,4.661227571798416,4.661227571798416,0.0,0.4024352020955533,
D12,ud23,HERODOTUS,89f0804afded8e7a0f4e1b507030d5ef4ecaf17e422c8b2969bd6b23e62818e6,5,4_7,3977,17149.521788904814,18652.32437375084,18336.394530104888,18336.394530104888,3491,3977,4.312175456098772,4.690048874465888,0.3778734183671162,4.610609637944402,4.610609637944402,0.0,0.3778734183671162,
D12,ud23,HERODOTUS,89f0804afded8e7a0f4e1b507030d5ef4ecaf17e422c8b2969bd6b23e62818e6,5,ge8,8969,39678.373513393664,43307.18665872234,41769.14090201186,41769.14090201186,8088,8969,4.423946205083473,4.828541270902257,0.4045950658187838,4.657056628610977,4.657056628610977,0.0,0.4045950658187838,
D12,ud23,HERODOTUS,89f0804afded8e7a0f4e1b507030d5ef4ecaf17e422c8b2969bd6b23e62818e6,6,4_7,3977,17167.648073891454,18660.7009657751,18354.70792447079,18354.70792447079,3534,3977,4.31673323457165,4.692155133461177,0.3754218988895266,4.61521446428735,4.61521446428735,0.0,0.3754218988895266,
D12,ud23,HERODOTUS,89f0804afded8e7a0f4e1b507030d5ef4ecaf17e422c8b2969bd6b23e62818e6,6,ge8,8969,39792.88539621049,43340.87795801427,41738.454664097364,41738.454664097364,8124,8969,4.436713724630448,4.8322976873691905,0.3955839627387423,4.653635261912963,4.653635261912963,0.0,0.3955839627387423,
D12,ud23,HERODOTUS,89f0804afded8e7a0f4e1b507030d5ef4ecaf17e422c8b2969bd6b23e62818e6,7,4_7,3977,17136.273430734767,18656.339362346866,18518.65305581507,18518.653055815073,3497,3977,4.308844211902129,4.691058426539318,0.3822142146371883,4.656437781195643,4.656437781195644,8.881784197001252e-16,0.3822142146371874,
D12,ud23,HERODOTUS,89f0804afded8e7a0f4e1b507030d5ef4ecaf17e422c8b2969bd6b23e62818e6,7,ge8,8969,39708.58449840171,43321.967394768304,41689.0656129515,41689.0656129515,8057,8969,4.427314583387413,4.830189251284235,0.402874667896822,4.648128622249024,4.648128622249024,0.0,0.402874667896822,
D12,ud23,HERODOTUS,89f0804afded8e7a0f4e1b507030d5ef4ecaf17e422c8b2969bd6b23e62818e6,8,4_7,3977,17131.796800281754,18652.246130182615,18443.69886330129,18443.69886330129,3533,3977,4.3077185819164585,4.690029200448231,0.38231061853177284,4.637590863289236,4.637590863289236,0.0,0.38231061853177284,
D12,ud23,HERODOTUS,89f0804afded8e7a0f4e1b507030d5ef4ecaf17e422c8b2969bd6b23e62818e6,8,ge8,8969,39691.69354232406,43307.93994420539,41733.584389891184,41733.58438989119,8084,8969,4.425431323706551,4.828625258580153,0.40319393487360156,4.653092249959994,4.653092249959995,8.881784197001252e-16,0.40319393487360067,
D12,ud23,HERODOTUS,89f0804afded8e7a0f4e1b507030d5ef4ecaf17e422c8b2969bd6b23e62818e6,9,4_7,3977,17185.30725663189,18658.20407446263,18473.702379242262,18473.702379242262,3494,3977,4.321173562140279,4.691527300594073,0.3703537384537938,4.645135121760689,4.645135121760689,0.0,0.3703537384537938,
D12,ud23,HERODOTUS,89f0804afded8e7a0f4e1b507030d5ef4ecaf17e422c8b2969bd6b23e62818e6,9,ge8,8969,39764.27341979688,43324.78444686105,41663.43991713435,41663.43991713435,8081,8969,4.433523628029533,4.830503338929764,0.3969797109002302,4.6452714814510365,4.6452714814510365,0.0,0.3969797109002302,
D12,ud23,HESIODIC_TRADITION,c4c0c7eaeca0d61d2e53f4f0642bfa382e91dd28b470d2f4da2ba8539fe0e7f7,0,4_7,2405,10953.606677151478,11655.93211011822,11646.402301354356,11646.402301354356,2099,2405,4.554514210873795,4.846541417928574,0.2920272070547787,4.842578919482061,4.842578919482061,0.0,0.2920272070547787,
D12,ud23,HESIODIC_TRADITION,c4c0c7eaeca0d61d2e53f4f0642bfa382e91dd28b470d2f4da2ba8539fe0e7f7,0,ge8,3970,18834.552347462548,19721.645435253686,19523.13226474645,19523.13226474645,3493,3970,4.744219734877216,4.967668875378762,0.22344914050154596,4.9176655578706425,4.9176655578706425,0.0,0.22344914050154596,
D12,ud23,HESIODIC_TRADITION,c4c0c7eaeca0d61d2e53f4f0642bfa382e91dd28b470d2f4da2ba8539fe0e7f7,1,4_7,2405,10941.46407037168,11647.910230226882,11619.614422568944,11619.614422568946,2093,2405,4.549465309925854,4.843205916934254,0.29374060700839966,4.831440508344675,4.831440508344676,8.881784197001252e-16,0.29374060700839877,
D12,ud23,HESIODIC_TRADITION,c4c0c7eaeca0d61d2e53f4f0642bfa382e91dd28b470d2f4da2ba8539fe0e7f7,1,ge8,3970,18804.29828043442,19705.078131225553,19326.87967846258,19326.87967846258,3466,3970,4.7365990630817185,4.963495750938426,0.22689668785670758,4.868231657043471,4.868231657043471,0.0,0.22689668785670758,
D12,ud23,HESIODIC_TRADITION,c4c0c7eaeca0d61d2e53f4f0642bfa382e91dd28b470d2f4da2ba8539fe0e7f7,2,4_7,2405,10951.628765616058,11650.36008892011,11791.644011769224,11791.644011769224,2045,2405,4.553691794434951,4.844224569197551,0.29053277476259964,4.902970483064126,4.902970483064126,0.0,0.29053277476259964,
D12,ud23,HESIODIC_TRADITION,c4c0c7eaeca0d61d2e53f4f0642bfa382e91dd28b470d2f4da2ba8539fe0e7f7,2,ge8,3970,18756.285210861442,19721.7570790278,19394.227753900585,19394.227753900585,3456,3970,4.724505090897089,4.967696997236222,0.243191906339133,4.8851959077835225,4.8851959077835225,0.0,0.243191906339133,
D12,ud23,HESIODIC_TRADITION,c4c0c7eaeca0d61d2e53f4f0642bfa382e91dd28b470d2f4da2ba8539fe0e7f7,3,4_7,2405,10965.986243750507,11669.798013372465,11688.995133655208,11688.995133655208,2088,2405,4.5596616398131005,4.852306866267138,0.2926452264540371,4.860289036862873,4.860289036862873,0.0,0.2926452264540371,
D12,ud23,HESIODIC_TRADITION,c4c0c7eaeca0d61d2e53f4f0642bfa382e91dd28b470d2f4da2ba8539fe0e7f7,3,ge8,3970,18854.781666144394,19756.20086712148,19467.908575615435,19467.908575615435,3493,3970,4.749315281144684,4.976373014388282,0.22705773324359857,4.903755308719253,4.903755308719253,0.0,0.22705773324359857,
D12,ud23,HESIODIC_TRADITION,c4c0c7eaeca0d61d2e53f4f0642bfa382e91dd28b470d2f4da2ba8539fe0e7f7,4,4_7,2405,10964.509762576625,11662.022116891236,11730.358813347422,11730.358813347422,2097,2405,4.559047718327079,4.849073645277021,0.29002592694994167,4.87748807207793,4.87748807207793,0.0,0.29002592694994167,
D12,ud23,HESIODIC_TRADITION,c4c0c7eaeca0d61d2e53f4f0642bfa382e91dd28b470d2f4da2ba8539fe0e7f7,4,ge8,3970,18900.499937771063,19740.252649513695,19413.933923721223,19413.933923721223,3520,3970,4.7608312185821315,4.972355831111762,0.2115246125296304,4.8901596785192,4.8901596785192,0.0,0.2115246125296304,
D12,ud23,HESIODIC_TRADITION,c4c0c7eaeca0d61d2e53f4f0642bfa382e91dd28b470d2f4da2ba8539fe0e7f7,5,4_7,2405,10937.039771854617,11642.368559882023,11579.857569999236,11579.857569999236,2100,2405,4.547625684762835,4.840901688100633,0.29327600333779813,4.814909592515275,4.814909592515275,0.0,0.29327600333779813,
D12,ud23,HESIODIC_TRADITION,c4c0c7eaeca0d61d2e53f4f0642bfa382e91dd28b470d2f4da2ba8539fe0e7f7,5,ge8,3970,18768.79781103036,19697.07462634084,19473.274760801796,19473.274760801796,3490,3970,4.727656879352735,4.961479754745803,0.23382287539306823,4.905106992645289,4.905106992645289,0.0,0.23382287539306823,
D12,ud23,HESIODIC_TRADITION,c4c0c7eaeca0d61d2e53f4f0642bfa382e91dd28b470d2f4da2ba8539fe0e7f7,6,4_7,2405,10951.62722227022,11648.86259757759,11588.740511148546,11588.740511148546,2089,2405,4.55369115271111,4.843601911674674,0.2899107589635639,4.818603123138688,4.818603123138688,0.0,0.2899107589635639,
D12,ud23,HESIODIC_TRADITION,c4c0c7eaeca0d61d2e53f4f0642bfa382e91dd28b470d2f4da2ba8539fe0e7f7,6,ge8,3970,18753.21312440267,19702.966562844904,19469.490563168765,19469.490563168765,3500,3970,4.723731265592613,4.962963869734232,0.23923260414161973,4.904153794249059,4.904153794249059,0.0,0.23923260414161973,
D12,ud23,HESIODIC_TRADITION,c4c0c7eaeca0d61d2e53f4f0642bfa382e91dd28b470d2f4da2ba8539fe0e7f7,7,4_7,2405,10955.186028250504,11653.71830256764,11657.78148084502,11657.78148084502,2073,2405,4.555170905717465,4.84562091582854,0.2904500101110754,4.847310387045747,4.847310387045747,0.0,0.2904500101110754,
D12,ud23,HESIODIC_TRADITION,c4c0c7eaeca0d61d2e53f4f0642bfa382e91dd28b470d2f4da2ba8539fe0e7f7,7,ge8,3970,18785.402963307435,19716.262633923972,19377.30287932986,19377.30287932986,3525,3970,4.731839537357037,4.96631300602619,0.23447346866915275,4.880932715196439,4.880932715196439,0.0,0.23447346866915275,
D12,ud23,HESIODIC_TRADITION,c4c0c7eaeca0d61d2e53f4f0642bfa382e91dd28b470d2f4da2ba8539fe0e7f7,8,4_7,2405,10959.953903054731,11655.873898331096,11675.66565352209,11675.66565352209,2094,2405,4.557153390043547,4.846517213443283,0.28936382339973576,4.854746633481119,4.854746633481119,0.0,0.28936382339973576,
D12,ud23,HESIODIC_TRADITION,c4c0c7eaeca0d61d2e53f4f0642bfa382e91dd28b470d2f4da2ba8539fe0e7f7,8,ge8,3970,18779.093492611133,19735.160667711647,19500.011756610602,19500.011756610602,3533,3970,4.730250250027993,4.971073216048274,0.2408229660202812,4.911841752294862,4.911841752294862,0.0,0.2408229660202812,
D12,ud23,HESIODIC_TRADITION,c4c0c7eaeca0d61d2e53f4f0642bfa382e91dd28b470d2f4da2ba8539fe0e7f7,9,4_7,2405,10936.546855962777,11640.918741336058,11583.813413874494,11583.813413874494,2091,2405,4.547420730130053,4.840298852946386,0.2928781228163331,4.816554434043448,4.816554434043448,0.0,0.2928781228163331,
D12,ud23,HESIODIC_TRADITION,c4c0c7eaeca0d61d2e53f4f0642bfa382e91dd28b470d2f4da2ba8539fe0e7f7,9,ge8,3970,18709.31346670088,19679.114703278814,19350.721710151032,19350.721710151032,3468,3970,4.712673417305008,4.956955844654613,0.2442824273496047,4.8742372065871615,4.8742372065871615,0.0,0.2442824273496047,
D12,ud23,HOMERIC_TRADITION,209ee9f27c82f31d31eb16124569039d7847ed327f3a0f2b5c4eae048347e621,0,4_7,20241,90602.4818553214,95793.67577882687,95077.20392315145,95077.20392315145,17493,20241,4.476186050853288,4.732655292664734,0.2564692418114456,4.697258234432659,4.697258234432659,0.0,0.2564692418114456,
D12,ud23,HOMERIC_TRADITION,209ee9f27c82f31d31eb16124569039d7847ed327f3a0f2b5c4eae048347e621,0,ge8,26393,121784.50027473414,128795.32401412113,125205.20270948343,125205.20270948343,23577,26393,4.614272734237644,4.879904672228285,0.26563193799064155,4.743879161500528,4.743879161500528,0.0,0.26563193799064155,
D12,ud23,HOMERIC_TRADITION,209ee9f27c82f31d31eb16124569039d7847ed327f3a0f2b5c4eae048347e621,1,4_7,20241,90634.6303501816,95846.74875736085,95047.83333587249,95047.83333587249,17564,20241,4.477774336751228,4.735277345850544,0.2575030090993158,4.69580719015229,4.69580719015229,0.0,0.2575030090993158,
D12,ud23,HOMERIC_TRADITION,209ee9f27c82f31d31eb16124569039d7847ed327f3a0f2b5c4eae048347e621,1,ge8,26393,121738.94864051265,128810.51211337552,125160.860682886,125160.860682886,23610,26393,4.612546835922883,4.880480131602149,0.26793329567926616,4.742199093808434,4.742199093808434,0.0,0.26793329567926616,
D12,ud23,HOMERIC_TRADITION,209ee9f27c82f31d31eb16124569039d7847ed327f3a0f2b5c4eae048347e621,2,4_7,20241,90523.10899604582,95792.50540539064,95256.4387430853,95256.4387430853,17557,20241,4.47226466064156,4.73259747074703,0.2603328101054698,4.706113272223966,4.706113272223966,0.0,0.2603328101054698,
D12,ud23,HOMERIC_TRADITION,209ee9f27c82f31d31eb16124569039d7847ed327f3a0f2b5c4eae048347e621,2,ge8,26393,121691.414019472,128820.21467805681,124819.50519815269,124819.50519815269,23582,26393,4.610745804549388,4.880847750466291,0.2701019459169034,4.729265532457572,4.729265532457572,0.0,0.2701019459169034,
D12,ud23,HOMERIC_TRADITION,209ee9f27c82f31d31eb16124569039d7847ed327f3a0f2b5c4eae048347e621,3,4_7,20241,90590.70012824665,95790.42585604882,95251.42854707106,95251.42854707106,17635,20241,4.475603978471748,4.732494731290392,0.25689075281864415,4.705865745124799,4.705865745124799,0.0,0.25689075281864415,
D12,ud23,HOMERIC_TRADITION,209ee9f27c82f31d31eb16124569039d7847ed327f3a0f2b5c4eae048347e621,3,ge8,26393,121731.43317766704,128812.58566438218,124943.51995339604,124943.51995339604,23618,26393,4.612262083797486,4.880558696032364,0.2682966122348782,4.733964306952451,4.733964306952451,0.0,0.2682966122348782,
D12,ud23,HOMERIC_TRADITION,209ee9f27c82f31d31eb16124569039d7847ed327f3a0f2b5c4eae048347e621,4,4_7,20241,90554.1099419238,95801.93874174492,95688.47231360314,95688.47231360314,17541,20241,4.473796252256499,4.7330635216513475,0.2592672693948481,4.727457749795126,4.727457749795126,0.0,0.2592672693948481,
D12,ud23,HOMERIC_TRADITION,209ee9f27c82f31d31eb16124569039d7847ed327f3a0f2b5c4eae048347e621,4,ge8,26393,121817.48557688748,128840.45907501229,124819.47564706244,124819.47564706244,23541,26393,4.615522508880669,4.881614787065217,0.2660922781845487,4.729264412801214,4.729264412801214,0.0,0.2660922781845487,
D12,ud23,HOMERIC_TRADITION,209ee9f27c82f31d31eb16124569039d7847ed327f3a0f2b5c4eae048347e621,5,4_7,20241,90662.49286487146,95826.88059385274,95385.69980417007,95385.69980417007,17591,20241,4.479150875197444,4.734295765715762,0.25514489051831823,4.712499372766665,4.712499372766665,0.0,0.25514489051831823,
D12,ud23,HOMERIC_TRADITION,209ee9f27c82f31d31eb16124569039d7847ed327f3a0f2b5c4eae048347e621,5,ge8,26393,121834.94180589693,128854.75989609292,125274.01812306675,125274.01812306675,23489,26393,4.616183905046676,4.882156628503502,0.26597272345682565,4.7464864972934775,4.7464864972934775,0.0,0.26597272345682565,
D12,ud23,HOMERIC_TRADITION,209ee9f27c82f31d31eb16124569039d7847ed327f3a0f2b5c4eae048347e621,6,4_7,20241,90614.54555652419,95843.5817067755,95365.92284399079,95365.92284399079,17631,20241,4.476782054074611,4.735120878749839,0.25833882467522873,4.711522298502583,4.711522298502583,0.0,0.25833882467522873,
D12,ud23,HOMERIC_TRADITION,209ee9f27c82f31d31eb16124569039d7847ed327f3a0f2b5c4eae048347e621,6,ge8,26393,121748.64418102308,128830.41612869114,124755.20522785767,124755.20522785767,23487,26393,4.61291418864938,4.881234271537572,0.2683200828881924,4.726829281546534,4.726829281546534,0.0,0.2683200828881924,
D12,ud23,HOMERIC_TRADITION,209ee9f27c82f31d31eb16124569039d7847ed327f3a0f2b5c4eae048347e621,7,4_7,20241,90700.56119033865,95849.39501157343,95381.56637293757,95381.56637293757,17631,20241,4.481031628394775,4.735408083176396,0.25437645478162096,4.712295161945436,4.712295161945436,0.0,0.25437645478162096,
D12,ud23,HOMERIC_TRADITION,209ee9f27c82f31d31eb16124569039d7847ed327f3a0f2b5c4eae048347e621,7,ge8,26393,121876.54255476216,128883.07314046609,124960.58691621825,124960.58691621825,23564,26393,4.617760108921386,4.883229384324104,0.2654692754027179,4.734610954276446,4.734610954276446,0.0,0.2654692754027179,
D12,ud23,HOMERIC_TRADITION,209ee9f27c82f31d31eb16124569039d7847ed327f3a0f2b5c4eae048347e621,8,4_7,20241,90639.16458416604,95857.74127832222,95648.47656596721,95648.47656596723,17615,20241,4.477998349101627,4.735820427761584,0.25782207865995677,4.7254817729345,4.725481772934501,8.881784197001252e-16,0.2578220786599559,
D12,ud23,HOMERIC_TRADITION,209ee9f27c82f31d31eb16124569039d7847ed327f3a0f2b5c4eae048347e621,8,ge8,26393,121877.50616990105,128913.92873897612,125096.25767631856,125096.25767631858,23519,26393,4.617796619175579,4.884398466978976,0.2666018478033978,4.739751361206326,4.739751361206326,0.0,0.2666018478033978,
D12,ud23,HOMERIC_TRADITION,209ee9f27c82f31d31eb16124569039d7847ed327f3a0f2b5c4eae048347e621,9,4_7,20241,90644.57382158737,95830.75782082655,95521.80288540476,95521.80288540476,17600,20241,4.478265590711297,4.734487318849195,0.25622172813789756,4.7192235010821975,4.7192235010821975,0.0,0.25622172813789756,
D12,ud23,HOMERIC_TRADITION,209ee9f27c82f31d31eb16124569039d7847ed327f3a0f2b5c4eae048347e621,9,ge8,26393,121848.53522015025,128914.12404252484,124902.42856198385,124902.42856198385,23595,26393,4.616698943664996,4.884405866802744,0.267706923137748,4.732407402037808,4.732407402037808,0.0,0.267706923137748,
D12,ud23,PLUTARCH,ef8134329970f595ef9ccf4198217affef5c01fa243d5bf4e59ee6daebb04e1d,0,4_7,1840,7672.409639470983,8576.428252519148,8422.996968455125,8422.996968455125,1612,1840,4.1697878475385775,4.661102311151711,0.4913144636131337,4.577715743725611,4.577715743725611,0.0,0.4913144636131337,
D12,ud23,PLUTARCH,ef8134329970f595ef9ccf4198217affef5c01fa243d5bf4e59ee6daebb04e1d,0,ge8,5061,21601.75836271872,24413.26825731768,23557.67392963613,23557.67392963613,4604,5061,4.26827867273636,4.823803251791677,0.5555245790553167,4.654746874063649,4.654746874063649,0.0,0.5555245790553167,
D12,ud23,PLUTARCH,ef8134329970f595ef9ccf4198217affef5c01fa243d5bf4e59ee6daebb04e1d,1,4_7,1840,7654.378744543505,8570.189101950185,8524.558887925014,8524.558887925014,1632,1840,4.15998844812147,4.657711468451188,0.49772302032971805,4.632912439089681,4.632912439089681,0.0,0.49772302032971805,
D12,ud23,PLUTARCH,ef8134329970f595ef9ccf4198217affef5c01fa243d5bf4e59ee6daebb04e1d,1,ge8,5061,21566.586967067997,24398.52596065535,23462.51528835635,23462.51528835635,4592,5061,4.261329177448725,4.820890330103804,0.5595611526550792,4.6359445343521735,4.6359445343521735,0.0,0.5595611526550792,
D12,ud23,PLUTARCH,ef8134329970f595ef9ccf4198217affef5c01fa243d5bf4e59ee6daebb04e1d,2,4_7,1840,7662.2175844365,8573.676906966048,8419.645629344926,8419.645629344926,1644,1840,4.1642486871937505,4.659607014655461,0.4953583274617106,4.575894363774417,4.575894363774417,0.0,0.4953583274617106,
D12,ud23,PLUTARCH,ef8134329970f595ef9ccf4198217affef5c01fa243d5bf4e59ee6daebb04e1d,2,ge8,5061,21569.900339891818,24409.524250665643,23634.340534287534,23634.340534287534,4560,5061,4.261983864827468,4.823063475729232,0.5610796109017642,4.669895383182678,4.669895383182678,0.0,0.5610796109017642,
D12,ud23,PLUTARCH,ef8134329970f595ef9ccf4198217affef5c01fa243d5bf4e59ee6daebb04e1d,3,4_7,1840,7653.198622572091,8571.160139567111,8360.168526848602,8360.168526848604,1624,1840,4.159347077484832,4.658239206286473,0.498892128801641,4.5435698515481535,4.543569851548154,8.881784197001252e-16,0.49889212880164013,
D12,ud23,PLUTARCH,ef8134329970f595ef9ccf4198217affef5c01fa243d5bf4e59ee6daebb04e1d,3,ge8,5061,21549.65492195599,24377.88718839197,23614.537056064895,23614.537056064895,4641,5061,4.257983584658366,4.816812327285511,0.5588287426271457,4.66598242562041,4.66598242562041,0.0,0.5588287426271457,
D12,ud23,PLUTARCH,ef8134329970f595ef9ccf4198217affef5c01fa243d5bf4e59ee6daebb04e1d,4,4_7,1840,7666.404761358683,8572.384310432513,8499.186602237005,8499.186602237005,1650,1840,4.166524326825371,4.658904516539409,0.4923801897140381,4.619123153389677,4.619123153389677,0.0,0.4923801897140381,
D12,ud23,PLUTARCH,ef8134329970f595ef9ccf4198217affef5c01fa243d5bf4e59ee6daebb04e1d,4,ge8,5061,21573.291676484965,24393.15569454123,23489.705008959114,23489.705008959114,4599,5061,4.262653957021333,4.819829222395026,0.5571752653736937,4.641316935182595,4.641316935182595,0.0,0.5571752653736937,
D12,ud23,PLUTARCH,ef8134329970f595ef9ccf4198217affef5c01fa243d5bf4e59ee6daebb04e1d,5,4_7,1840,7648.095478138845,8576.840170887994,8418.239470057117,8418.239470057117,1619,1840,4.156573629423285,4.661326179830431,0.5047525504071464,4.575130146770172,4.575130146770172,0.0,0.5047525504071464,
D12,ud23,PLUTARCH,ef8134329970f595ef9ccf4198217affef5c01fa243d5bf4e59ee6daebb04e1d,5,ge8,5061,21574.823347654376,24408.37772988308,23512.307829142155,23512.307829142155,4614,5061,4.262956599022797,4.822836935365161,0.5598803363423643,4.645783013068989,4.645783013068989,0.0,0.5598803363423643,
D12,ud23,PLUTARCH,ef8134329970f595ef9ccf4198217affef5c01fa243d5bf4e59ee6daebb04e1d,6,4_7,1840,7669.863475031974,8573.556674117499,8438.670161377862,8438.670161377862,1608,1840,4.168404062517378,4.659541670716032,0.49113760819865426,4.5862337833575335,4.5862337833575335,0.0,0.49113760819865426,
D12,ud23,PLUTARCH,ef8134329970f595ef9ccf4198217affef5c01fa243d5bf4e59ee6daebb04e1d,6,ge8,5061,21581.65936791376,24382.637355793733,23629.58982336131,23629.589823361315,4632,5061,4.26430732422718,4.817750910056063,0.5534435858288829,4.668956693017449,4.66895669301745,8.881784197001252e-16,0.553443585828882,
D12,ud23,PLUTARCH,ef8134329970f595ef9ccf4198217affef5c01fa243d5bf4e59ee6daebb04e1d,7,4_7,1840,7648.880130704725,8570.019349445989,8305.141984661277,8305.141984661277,1621,1840,4.157000071035177,4.657619211655429,0.5006191406202518,4.51366412209852,4.51366412209852,0.0,0.5006191406202518,
D12,ud23,PLUTARCH,ef8134329970f595ef9ccf4198217affef5c01fa243d5bf4e59ee6daebb04e1d,7,ge8,5061,21550.90581167584,24383.664832277667,23631.1707461791,23631.1707461791,4615,5061,4.258230747219095,4.817953928527498,0.5597231813084029,4.669269066623019,4.669269066623019,0.0,0.5597231813084029,
D12,ud23,PLUTARCH,ef8134329970f595ef9ccf4198217affef5c01fa243d5bf4e59ee6daebb04e1d,8,4_7,1840,7647.541776498825,8571.033159514947,8464.639123170638,8464.639123170638,1627,1840,4.156272704618926,4.658170195388558,0.5018974907696316,4.60034734954926,4.60034734954926,0.0,0.5018974907696316,
D12,ud23,PLUTARCH,ef8134329970f595ef9ccf4198217affef5c01fa243d5bf4e59ee6daebb04e1d,8,ge8,5061,21584.96551569114,24388.237083704073,23453.465094549792,23453.465094549792,4554,5061,4.264960584013266,4.81885735698559,0.5538967729723243,4.634156311904721,4.634156311904721,0.0,0.5538967729723243,
D12,ud23,PLUTARCH,ef8134329970f595ef9ccf4198217affef5c01fa243d5bf4e59ee6daebb04e1d,9,4_7,1840,7647.293813178727,8569.173471900314,8523.803357546842,8523.803357546842,1639,1840,4.1561379419449604,4.657159495597997,0.5010215536530369,4.632501824753718,4.632501824753718,0.0,0.5010215536530369,
D12,ud23,PLUTARCH,ef8134329970f595ef9ccf4198217affef5c01fa243d5bf4e59ee6daebb04e1d,9,ge8,5061,21581.38016041668,24411.306635695088,23506.296362622663,23506.296362622663,4593,5061,4.264252155782786,4.8234156561341806,0.5591635003513948,4.644595210950931,4.644595210950931,0.0,0.5591635003513948,
D12,ud23,THUCYDIDES,1a32cf6857284fff7c7f006f8d0cd4ab15a047af7a4bcd5613d1fd50789dd4ee,0,4_7,1989,8400.498518349867,9242.36468642842,9149.506856590688,9149.506856590688,1754,1989,4.223478390321703,4.646739409969039,0.4232610196473363,4.600053723776113,4.600053723776113,0.0,0.4232610196473363,
D12,ud23,THUCYDIDES,1a32cf6857284fff7c7f006f8d0cd4ab15a047af7a4bcd5613d1fd50789dd4ee,0,ge8,5238,22859.735243566556,25097.410263021375,24291.665322824192,24291.665322824192,4725,5238,4.364210623055853,4.791410894047608,0.4272002709917553,4.637584063158494,4.637584063158494,0.0,0.4272002709917553,
D12,ud23,THUCYDIDES,1a32cf6857284fff7c7f006f8d0cd4ab15a047af7a4bcd5613d1fd50789dd4ee,1,4_7,1989,8393.629171359493,9250.328674473392,9147.7814854163,9147.7814854163,1738,1989,4.220024721648815,4.650743426080137,0.4307187044313219,4.599186267177627,4.599186267177627,0.0,0.4307187044313219,
D12,ud23,THUCYDIDES,1a32cf6857284fff7c7f006f8d0cd4ab15a047af7a4bcd5613d1fd50789dd4ee,1,ge8,5238,22883.628456346618,25108.53237749656,24248.14502918926,24248.14502918926,4737,5238,4.3687721375232185,4.793534245417441,0.42476210789422275,4.62927549239963,4.62927549239963,0.0,0.42476210789422275,
D12,ud23,THUCYDIDES,1a32cf6857284fff7c7f006f8d0cd4ab15a047af7a4bcd5613d1fd50789dd4ee,2,4_7,1989,8381.716392941296,9240.499662541124,9116.870421100415,9116.870421100415,1766,1989,4.2140353911218185,4.645801740845211,0.4317663497233921,4.583645259477333,4.583645259477333,0.0,0.4317663497233921,
D12,ud23,THUCYDIDES,1a32cf6857284fff7c7f006f8d0cd4ab15a047af7a4bcd5613d1fd50789dd4ee,2,ge8,5238,22863.72755495342,25105.11595886757,24275.023921996974,24275.023921996974,4723,5238,4.364972805451207,4.792882008183957,0.42790920273275024,4.634407010690525,4.634407010690525,0.0,0.42790920273275024,
D12,ud23,THUCYDIDES,1a32cf6857284fff7c7f006f8d0cd4ab15a047af7a4bcd5613d1fd50789dd4ee,3,4_7,1989,8383.42734977984,9247.521497341426,9128.356138030402,9128.356138030402,1769,1989,4.214895600693736,4.649332075083673,0.43443647438993693,4.589419878346105,4.589419878346105,0.0,0.43443647438993693,
D12,ud23,THUCYDIDES,1a32cf6857284fff7c7f006f8d0cd4ab15a047af7a4bcd5613d1fd50789dd4ee,3,ge8,5238,22854.85939254124,25098.95806080405,24253.22918157502,24253.229181575025,4778,5238,4.363279761844452,4.791706388087829,0.42842662624337713,4.63024612095743,4.630246120957431,8.881784197001252e-16,0.42842662624337624,
D12,ud23,THUCYDIDES,1a32cf6857284fff7c7f006f8d0cd4ab15a047af7a4bcd5613d1fd50789dd4ee,4,4_7,1989,8374.31744952534,9244.901774852158,9116.399558891928,9116.399558891928,1773,1989,4.2103154597915236,4.648014969759758,0.43769950996823415,4.583408526340839,4.583408526340839,0.0,0.43769950996823415,
D12,ud23,THUCYDIDES,1a32cf6857284fff7c7f006f8d0cd4ab15a047af7a4bcd5613d1fd50789dd4ee,4,ge8,5238,22888.92443954847,25114.115225128764,24231.22700026357,24231.22700026357,4727,5238,4.36978320724484,4.794600081162422,0.4248168739175817,4.626045628152648,4.626045628152648,0.0,0.4248168739175817,
D12,ud23,THUCYDIDES,1a32cf6857284fff7c7f006f8d0cd4ab15a047af7a4bcd5613d1fd50789dd4ee,5,4_7,1989,8374.89773718881,9243.304079763348,9123.727102431714,9123.727102431716,1734,1989,4.210607208239724,4.647211704255077,0.4366044960153532,4.587092560297493,4.587092560297494,8.881784197001252e-16,0.43660449601535234,
D12,ud23,THUCYDIDES,1a32cf6857284fff7c7f006f8d0cd4ab15a047af7a4bcd5613d1fd50789dd4ee,5,ge8,5238,22851.099111355798,25105.296429024416,24228.28584856907,24228.28584856907,4712,5238,4.362561876929323,4.792916462203974,0.4303545852746504,4.625484125347284,4.625484125347284,0.0,0.4303545852746504,
D12,ud23,THUCYDIDES,1a32cf6857284fff7c7f006f8d0cd4ab15a047af7a4bcd5613d1fd50789dd4ee,6,4_7,1989,8396.95532482448,9248.206052861742,9171.129260395914,9171.129260395914,1764,1989,4.221696995889633,4.6496762457826755,0.4279792498930428,4.610924716136709,4.610924716136709,0.0,0.4279792498930428,
D12,ud23,THUCYDIDES,1a32cf6857284fff7c7f006f8d0cd4ab15a047af7a4bcd5613d1fd50789dd4ee,6,ge8,5238,22895.71412233721,25112.650557835932,24129.375392383165,24129.375392383165,4752,5238,4.371079442981522,4.794320457777001,0.4232410147954795,4.606600876743636,4.606600876743636,0.0,0.4232410147954795,
D12,ud23,THUCYDIDES,1a32cf6857284fff7c7f006f8d0cd4ab15a047af7a4bcd5613d1fd50789dd4ee,7,4_7,1989,8377.682577933881,9246.360659427253,9153.854296132646,9153.854296132646,1750,1989,4.212007329277969,4.648748446167549,0.4367411168895794,4.602239465124508,4.602239465124508,0.0,0.4367411168895794,
D12,ud23,THUCYDIDES,1a32cf6857284fff7c7f006f8d0cd4ab15a047af7a4bcd5613d1fd50789dd4ee,7,ge8,5238,22866.88654875356,25120.672057819265,24144.706593664618,24144.706593664618,4758,5238,4.36557589705108,4.7958518628902755,0.43027596583919525,4.60952779565953,4.60952779565953,0.0,0.43027596583919525,
D12,ud23,THUCYDIDES,1a32cf6857284fff7c7f006f8d0cd4ab15a047af7a4bcd5613d1fd50789dd4ee,8,4_7,1989,8383.634802783241,9244.110236127759,9129.112166376312,9129.112166376312,1746,1989,4.214999900846275,4.647617011627832,0.43261711078155773,4.58979998309518,4.58979998309518,0.0,0.43261711078155773,
D12,ud23,THUCYDIDES,1a32cf6857284fff7c7f006f8d0cd4ab15a047af7a4bcd5613d1fd50789dd4ee,8,ge8,5238,22849.010648239386,25108.509859349746,24147.547038083285,24147.547038083285,4719,5238,4.36216316308503,4.793529946420341,0.431366783335311,4.610070072180848,4.610070072180848,0.0,0.431366783335311,
D12,ud23,THUCYDIDES,1a32cf6857284fff7c7f006f8d0cd4ab15a047af7a4bcd5613d1fd50789dd4ee,9,4_7,1989,8386.508236668284,9246.140276810458,9151.668668488534,9151.668668488534,1755,1989,4.216444563433024,4.648637645455233,0.4321930820222093,4.6011406075859895,4.6011406075859895,0.0,0.4321930820222093,
D12,ud23,THUCYDIDES,1a32cf6857284fff7c7f006f8d0cd4ab15a047af7a4bcd5613d1fd50789dd4ee,9,ge8,5238,22863.24791649454,25117.98534290466,24180.75373777647,24180.75373777647,4714,5238,4.364881236444166,4.79533893526244,0.430457698818274,4.616409648296386,4.616409648296386,0.0,0.430457698818274,
a_total1,ud23,ATHENAEUS,4352f04fcfd7cbe580caddf69f309034ffb967d5d1bc8a8e809498de5bf8d329,0,4_7,5641,23511.864796546386,25988.190971986292,25558.067037191282,25558.067037191282,4892,5641,4.168031341348411,4.607018431481349,0.43898709013293846,4.5307688419059176,4.5307688419059176,0.0,0.43898709013293846,
a_total1,ud23,ATHENAEUS,4352f04fcfd7cbe580caddf69f309034ffb967d5d1bc8a8e809498de5bf8d329,0,ge8,11050,47425.99761562337,52269.66193673266,50691.667522609685,50691.667522609685,9966,11050,4.291945485576775,4.730286148120602,0.4383406625438271,4.587481223765582,4.587481223765582,0.0,0.4383406625438271,
a_total1,ud23,ATHENAEUS,4352f04fcfd7cbe580caddf69f309034ffb967d5d1bc8a8e809498de5bf8d329,1,4_7,5641,23487.06688161974,25982.83935293591,25623.609877614344,25623.609877614344,4948,5641,4.163635327356806,4.6060697310646885,0.4424344037078827,4.542387852794601,4.542387852794601,0.0,0.4424344037078827,
a_total1,ud23,ATHENAEUS,4352f04fcfd7cbe580caddf69f309034ffb967d5d1bc8a8e809498de5bf8d329,1,ge8,11050,47461.109564598984,52251.22910300634,50460.77011202657,50460.77011202657,9920,11050,4.29512303752027,4.728618018371614,0.43349498085134464,4.566585530500142,4.566585530500142,0.0,0.43349498085134464,
a_total1,ud23,ATHENAEUS,4352f04fcfd7cbe580caddf69f309034ffb967d5d1bc8a8e809498de5bf8d329,2,4_7,5641,23498.26292362962,25984.645431846173,25620.174290807543,25620.174290807543,4976,5641,4.165620089280202,4.606389901054099,0.4407698117738965,4.541778814183219,4.541778814183219,0.0,0.4407698117738965,
a_total1,ud23,ATHENAEUS,4352f04fcfd7cbe580caddf69f309034ffb967d5d1bc8a8e809498de5bf8d329,2,ge8,11050,47446.14564411464,52290.33837622143,50443.70385749326,50443.70385749326,9876,11050,4.29376883657146,4.732157319115061,0.4383884825436013,4.565041073076313,4.565041073076313,0.0,0.4383884825436013,
a_total1,ud23,ATHENAEUS,4352f04fcfd7cbe580caddf69f309034ffb967d5d1bc8a8e809498de5bf8d329,3,4_7,5641,23552.732434264217,25972.925640113943,25481.312566514254,25481.312566514254,4900,5641,4.175276091874529,4.6043122921669815,0.4290362002924528,4.517162305710735,4.517162305710735,0.0,0.4290362002924528,
a_total1,ud23,ATHENAEUS,4352f04fcfd7cbe580caddf69f309034ffb967d5d1bc8a8e809498de5bf8d329,3,ge8,11050,47302.05224743222,52255.71399452891,50550.29876754105,50550.29876754105,9943,11050,4.280728710174862,4.729023890907594,0.4482951807327318,4.574687671270683,4.574687671270683,0.0,0.4482951807327318,
a_total1,ud23,ATHENAEUS,4352f04fcfd7cbe580caddf69f309034ffb967d5d1bc8a8e809498de5bf8d329,4,4_7,5641,23515.021875167455,25988.606523714003,25576.763921361224,25576.763921361224,4954,5641,4.168591007829721,4.607092097804291,0.4385010899745696,4.534083304619966,4.534083304619966,0.0,0.4385010899745696,
a_total1,ud23,ATHENAEUS,4352f04fcfd7cbe580caddf69f309034ffb967d5d1bc8a8e809498de5bf8d329,4,ge8,11050,47369.92769605606,52289.462295820245,50571.36542810864,50571.36542810864,9909,11050,4.286871284710956,4.7320780358208365,0.4452067511098807,4.576594156389922,4.576594156389922,0.0,0.4452067511098807,
a_total1,ud23,ATHENAEUS,4352f04fcfd7cbe580caddf69f309034ffb967d5d1bc8a8e809498de5bf8d329,5,4_7,5641,23508.360682158003,25988.482484204647,25535.8135274928,25535.8135274928,4993,5641,4.167410154610531,4.607070108882228,0.439659954271697,4.526823883618649,4.526823883618649,0.0,0.439659954271697,
a_total1,ud23,ATHENAEUS,4352f04fcfd7cbe580caddf69f309034ffb967d5d1bc8a8e809498de5bf8d329,5,ge8,11050,47448.03431559214,52268.97787790591,50619.370435545585,50619.370435545585,9894,11050,4.293939757067162,4.730224242344426,0.43628448527726427,4.5809385009543515,4.5809385009543515,0.0,0.43628448527726427,
a_total1,ud23,ATHENAEUS,4352f04fcfd7cbe580caddf69f309034ffb967d5d1bc8a8e809498de5bf8d329,6,4_7,5641,23548.072239704903,25977.648947264654,25540.247815459592,25540.247815459592,4936,5641,4.174449962720245,4.605149609513322,0.4306996467930775,4.527609965513134,4.527609965513134,0.0,0.4306996467930775,
a_total1,ud23,ATHENAEUS,4352f04fcfd7cbe580caddf69f309034ffb967d5d1bc8a8e809498de5bf8d329,6,ge8,11050,47556.558907167426,52263.96036393617,50512.748054631054,50512.748054631054,9920,11050,4.303760987073975,4.729770168682006,0.42600918160803136,4.571289416708693,4.571289416708693,0.0,0.42600918160803136,
a_total1,ud23,ATHENAEUS,4352f04fcfd7cbe580caddf69f309034ffb967d5d1bc8a8e809498de5bf8d329,7,4_7,5641,23462.655832404977,25971.946990096945,25620.29799571477,25620.29799571477,4914,5641,4.159307894416766,4.604138803420837,0.44483090900407163,4.541800743789181,4.541800743789181,0.0,0.44483090900407163,
a_total1,ud23,ATHENAEUS,4352f04fcfd7cbe580caddf69f309034ffb967d5d1bc8a8e809498de5bf8d329,7,ge8,11050,47465.41448200826,52266.443492017796,50661.82729916634,50661.82729916634,9880,11050,4.295512622806177,4.729994886155457,0.4344822633492802,4.584780751055777,4.584780751055777,0.0,0.4344822633492802,
a_total1,ud23,ATHENAEUS,4352f04fcfd7cbe580caddf69f309034ffb967d5d1bc8a8e809498de5bf8d329,8,4_7,5641,23465.811989468035,25968.59577896232,25542.367664895042,25542.367664895042,4897,5641,4.159867397530231,4.603544722382968,0.4436773248527368,4.5279857587121155,4.5279857587121155,0.0,0.4436773248527368,
a_total1,ud23,ATHENAEUS,4352f04fcfd7cbe580caddf69f309034ffb967d5d1bc8a8e809498de5bf8d329,8,ge8,11050,47287.918760741675,52277.19092873216,50653.678477938774,50653.678477938774,9908,11050,4.2794496616055815,4.730967504862639,0.4515178432570579,4.584043301170929,4.584043301170929,0.0,0.4515178432570579,
a_total1,ud23,ATHENAEUS,4352f04fcfd7cbe580caddf69f309034ffb967d5d1bc8a8e809498de5bf8d329,9,4_7,5641,23512.798395069552,25985.251296403134,25693.89882177063,25693.89882177063,4882,5641,4.168196843657074,4.606497304804669,0.4383004611475947,4.554848222260349,4.554848222260349,0.0,0.4383004611475947,
a_total1,ud23,ATHENAEUS,4352f04fcfd7cbe580caddf69f309034ffb967d5d1bc8a8e809498de5bf8d329,9,ge8,11050,47544.6985858356,52269.574444122045,50653.74465229029,50653.74465229029,9936,11050,4.302687654826751,4.730278230237289,0.42759057541053824,4.584049289800026,4.584049289800026,0.0,0.42759057541053824,
a_total1,ud23,DIODORUS,d91dad02f8da03cf6702fa7edec531da5e56f526f466e2f04180f2a23a1cf315,0,4_7,2898,11127.873136944563,12662.022202912749,12674.552181367844,12674.552181367844,2555,2898,3.8398458029484344,4.369227813289424,0.5293820103409894,4.373551477352604,4.373551477352604,0.0,0.5293820103409894,
a_total1,ud23,DIODORUS,d91dad02f8da03cf6702fa7edec531da5e56f526f466e2f04180f2a23a1cf315,0,ge8,9436,37662.989112212636,43036.19888612146,41611.334618699,41611.334618699,8445,9436,3.9914147003192704,4.560851937910287,0.5694372375910164,4.409848942210576,4.409848942210576,0.0,0.5694372375910164,
a_total1,ud23,DIODORUS,d91dad02f8da03cf6702fa7edec531da5e56f526f466e2f04180f2a23a1cf315,1,4_7,2898,11182.437065616592,12676.784538338425,12669.840705484316,12669.840705484316,2514,2898,3.8586739356855047,4.374321786866261,0.5156478511807565,4.3719257092768515,4.3719257092768515,0.0,0.5156478511807565,
a_total1,ud23,DIODORUS,d91dad02f8da03cf6702fa7edec531da5e56f526f466e2f04180f2a23a1cf315,1,ge8,9436,37725.297835617734,43088.77706724176,41784.72044672512,41784.72044672512,8446,9436,3.998017998687763,4.566424021538975,0.5684060228512116,4.428223870996727,4.428223870996727,0.0,0.5684060228512116,
a_total1,ud23,DIODORUS,d91dad02f8da03cf6702fa7edec531da5e56f526f466e2f04180f2a23a1cf315,2,4_7,2898,11179.199842295438,12670.468158558715,12701.486738470101,12701.486738470101,2556,2898,3.8575568813993923,4.372142221724884,0.5145853403254916,4.38284566544862,4.38284566544862,0.0,0.5145853403254916,
a_total1,ud23,DIODORUS,d91dad02f8da03cf6702fa7edec531da5e56f526f466e2f04180f2a23a1cf315,2,ge8,9436,37592.25758562657,43073.25945837083,41630.40129559545,41630.40129559545,8356,9436,3.9839187776204503,4.564779510213102,0.5808607325926514,4.411869573505241,4.411869573505241,0.0,0.5808607325926514,
a_total1,ud23,DIODORUS,d91dad02f8da03cf6702fa7edec531da5e56f526f466e2f04180f2a23a1cf315,3,4_7,2898,11222.631229394108,12684.720979872369,12620.20917288242,12620.20917288242,2585,2898,3.8725435574168765,4.377060379528078,0.5045168221112011,4.354799576563982,4.354799576563982,0.0,0.5045168221112011,
a_total1,ud23,DIODORUS,d91dad02f8da03cf6702fa7edec531da5e56f526f466e2f04180f2a23a1cf315,3,ge8,9436,37646.81662160202,43085.21058598094,41768.30399047008,41768.30399047008,8418,9436,3.9897007865199257,4.566046056165848,0.5763452696459224,4.4264841024237045,4.4264841024237045,0.0,0.5763452696459224,
a_total1,ud23,DIODORUS,d91dad02f8da03cf6702fa7edec531da5e56f526f466e2f04180f2a23a1cf315,4,4_7,2898,11201.67091076832,12666.768395101124,12640.331860399827,12640.331860399827,2558,2898,3.8653108732809938,4.3708655607664335,0.5055546874854397,4.36174322305032,4.36174322305032,0.0,0.5055546874854397,
a_total1,ud23,DIODORUS,d91dad02f8da03cf6702fa7edec531da5e56f526f466e2f04180f2a23a1cf315,4,ge8,9436,37665.85016225026,43067.74000611554,41526.82401328777,41526.82401328777,8462,9436,3.9917179061308032,4.56419457462013,0.5724766684893265,4.400892752573948,4.400892752573948,0.0,0.5724766684893265,
a_total1,ud23,DIODORUS,d91dad02f8da03cf6702fa7edec531da5e56f526f466e2f04180f2a23a1cf315,5,4_7,2898,11127.106499210724,12664.612224288858,12638.139964037124,12638.139964037126,2522,2898,3.8395812626676067,4.370121540472345,0.5305402778047386,4.360986875099076,4.360986875099077,8.881784197001252e-16,0.5305402778047377,
a_total1,ud23,DIODORUS,d91dad02f8da03cf6702fa7edec531da5e56f526f466e2f04180f2a23a1cf315,5,ge8,9436,37643.68412541424,43041.13522754621,41722.72085628476,41722.72085628476,8469,9436,3.9893688136301657,4.561375077103245,0.5720062634730789,4.421653333646117,4.421653333646117,0.0,0.5720062634730789,
a_total1,ud23,DIODORUS,d91dad02f8da03cf6702fa7edec531da5e56f526f466e2f04180f2a23a1cf315,6,4_7,2898,11167.559956264484,12664.40764849851,12566.33785815406,12566.33785815406,2544,2898,3.853540357579187,4.370050948412184,0.5165105908329974,4.3362104410469495,4.3362104410469495,0.0,0.5165105908329974,
a_total1,ud23,DIODORUS,d91dad02f8da03cf6702fa7edec531da5e56f526f466e2f04180f2a23a1cf315,6,ge8,9436,37606.02824553105,43030.76790281301,41703.3572686703,41703.3572686703,8488,9436,3.985378152345385,4.56027637800053,0.5748982256551454,4.4196012366119435,4.4196012366119435,0.0,0.5748982256551454,
a_total1,ud23,DIODORUS,d91dad02f8da03cf6702fa7edec531da5e56f526f466e2f04180f2a23a1cf315,7,4_7,2898,11158.784264910195,12673.008128070343,12691.316080080334,12691.316080080334,2565,2898,3.8505121687060715,4.373018677733038,0.5225065090269663,4.379336121490798,4.379336121490798,0.0,0.5225065090269663,
a_total1,ud23,DIODORUS,d91dad02f8da03cf6702fa7edec531da5e56f526f466e2f04180f2a23a1cf315,7,ge8,9436,37682.681345147794,43052.87387270561,41560.422449734695,41560.422449734695,8483,9436,3.9935016262343996,4.562619104780162,0.5691174785457624,4.404453417733647,4.404453417733647,0.0,0.5691174785457624,
a_total1,ud23,DIODORUS,d91dad02f8da03cf6702fa7edec531da5e56f526f466e2f04180f2a23a1cf315,8,4_7,2898,11129.390349878104,12653.22151315022,12679.661454516561,12679.661454516561,2564,2898,3.8403693408827135,4.366190998326508,0.5258216574437946,4.375314511565411,4.375314511565411,0.0,0.5258216574437946,
a_total1,ud23,DIODORUS,d91dad02f8da03cf6702fa7edec531da5e56f526f466e2f04180f2a23a1cf315,8,ge8,9436,37577.660161401116,43018.18122319996,41616.77080226366,41616.77080226366,8392,9436,3.982371784803001,4.558942478083929,0.576570693280928,4.41042505322845,4.41042505322845,0.0,0.576570693280928,
a_total1,ud23,DIODORUS,d91dad02f8da03cf6702fa7edec531da5e56f526f466e2f04180f2a23a1cf315,9,4_7,2898,11212.673636701757,12667.453119928356,12658.749469265484,12658.749469265484,2553,2898,3.869107535093774,4.37110183572407,0.501994300630296,4.368098505612658,4.368098505612658,0.0,0.501994300630296,
a_total1,ud23,DIODORUS,d91dad02f8da03cf6702fa7edec531da5e56f526f466e2f04180f2a23a1cf315,9,ge8,9436,37717.58497920009,43040.53485432499,41594.88256972281,41594.88256972282,8429,9436,3.997200612462917,4.561311451284972,0.5641108388220548,4.408105401623867,4.408105401623867,0.0,0.5641108388220548,
a_total1,ud23,HERODOTUS,89f0804afded8e7a0f4e1b507030d5ef4ecaf17e422c8b2969bd6b23e62818e6,0,4_7,3977,17307.401482751404,18665.164995911415,18512.05263418749,18512.05263418749,3523,3977,4.351873644141666,4.693277595149966,0.34140395100830023,4.6547781328105335,4.6547781328105335,0.0,0.34140395100830023,
a_total1,ud23,HERODOTUS,89f0804afded8e7a0f4e1b507030d5ef4ecaf17e422c8b2969bd6b23e62818e6,0,ge8,8969,40058.05353131471,43332.5621496141,41684.03350744863,41684.03350744863,8088,8969,4.466278685618766,4.831370515064568,0.36509182944580143,4.647567566891362,4.647567566891362,0.0,0.36509182944580143,
a_total1,ud23,HERODOTUS,89f0804afded8e7a0f4e1b507030d5ef4ecaf17e422c8b2969bd6b23e62818e6,1,4_7,3977,17279.055311517863,18657.352526867406,18377.287133187438,18377.28713318744,3509,3977,4.344746118058301,4.69131318251632,0.34656706445801966,4.62089191178965,4.620891911789651,8.881784197001252e-16,0.34656706445801877,
a_total1,ud23,HERODOTUS,89f0804afded8e7a0f4e1b507030d5ef4ecaf17e422c8b2969bd6b23e62818e6,1,ge8,8969,40079.70828456898,43329.185621179764,41839.860674068026,41839.86067406803,8125,8969,4.4686930855802185,4.8309940485204335,0.36230096294021497,4.664941540201586,4.664941540201587,8.881784197001252e-16,0.3623009629402141,
a_total1,ud23,HERODOTUS,89f0804afded8e7a0f4e1b507030d5ef4ecaf17e422c8b2969bd6b23e62818e6,2,4_7,3977,17211.205816121645,18664.58531314858,18334.97335502455,18334.97335502455,3482,3977,4.327685646497773,4.693131836346135,0.3654461898483614,4.610252289420305,4.610252289420305,0.0,0.3654461898483614,
a_total1,ud23,HERODOTUS,89f0804afded8e7a0f4e1b507030d5ef4ecaf17e422c8b2969bd6b23e62818e6,2,ge8,8969,40074.40338836117,43321.024895441216,41763.35970681843,41763.35970681843,8114,8969,4.468101615382001,4.8300841671804235,0.3619825517984223,4.656412053385933,4.656412053385933,0.0,0.3619825517984223,
a_total1,ud23,HERODOTUS,89f0804afded8e7a0f4e1b507030d5ef4ecaf17e422c8b2969bd6b23e62818e6,3,4_7,3977,17231.435380763356,18661.003067550326,18277.721976823745,18277.721976823745,3530,3977,4.332772285834387,4.692231095687786,0.3594588098533995,4.595856670058774,4.595856670058774,0.0,0.3594588098533995,
a_total1,ud23,HERODOTUS,89f0804afded8e7a0f4e1b507030d5ef4ecaf17e422c8b2969bd6b23e62818e6,3,ge8,8969,40039.201541649476,43322.190842247335,41733.62383143483,41733.62383143484,8090,8969,4.464176780203978,4.830214164594418,0.36603738439043987,4.653096647500817,4.653096647500818,8.881784197001252e-16,0.366037384390439,
a_total1,ud23,HERODOTUS,89f0804afded8e7a0f4e1b507030d5ef4ecaf17e422c8b2969bd6b23e62818e6,4,4_7,3977,17268.130909128842,18649.88106130662,18270.620000512998,18270.620000512998,3524,3977,4.341999222813388,4.6894345137808955,0.3474352909675078,4.594070907848377,4.594070907848377,0.0,0.3474352909675078,
a_total1,ud23,HERODOTUS,89f0804afded8e7a0f4e1b507030d5ef4ecaf17e422c8b2969bd6b23e62818e6,4,ge8,8969,39967.69648580349,43306.91603941799,41808.14380093054,41808.14380093055,8085,8969,4.4562043132794615,4.828511098162336,0.3723067848828743,4.661405262674829,4.66140526267483,8.881784197001252e-16,0.3723067848828734,
a_total1,ud23,HERODOTUS,89f0804afded8e7a0f4e1b507030d5ef4ecaf17e422c8b2969bd6b23e62818e6,5,4_7,3977,17213.383204527756,18652.927147710507,18336.606524840197,18336.606524840197,3491,3977,4.328233141696695,4.69020043945449,0.36196729775779435,4.610662943133065,4.610662943133065,0.0,0.36196729775779435,
a_total1,ud23,HERODOTUS,89f0804afded8e7a0f4e1b507030d5ef4ecaf17e422c8b2969bd6b23e62818e6,5,ge8,8969,39956.03899311172,43308.83684911923,41771.07408070783,41771.07408070783,8088,8969,4.454904559383623,4.8287252591280225,0.3738206997443996,4.657272168659587,4.657272168659587,0.0,0.3738206997443996,
a_total1,ud23,HERODOTUS,89f0804afded8e7a0f4e1b507030d5ef4ecaf17e422c8b2969bd6b23e62818e6,6,4_7,3977,17218.5332803778,18661.40260301613,18355.320731953776,18355.32073195378,3534,3977,4.329528106708021,4.692331557207979,0.36280345049995777,4.615368552163384,4.6153685521633845,8.881784197001252e-16,0.3628034504999569,
a_total1,ud23,HERODOTUS,89f0804afded8e7a0f4e1b507030d5ef4ecaf17e422c8b2969bd6b23e62818e6,6,ge8,8969,40119.41259089635,43343.27850288558,41738.9562269451,41738.9562269451,8124,8969,4.4731199231682846,4.832565336479605,0.3594454133113203,4.653691183737886,4.653691183737886,0.0,0.3594454133113203,
a_total1,ud23,HERODOTUS,89f0804afded8e7a0f4e1b507030d5ef4ecaf17e422c8b2969bd6b23e62818e6,7,4_7,3977,17244.649271024213,18656.836414505135,18519.291961623952,18519.291961623952,3497,3977,4.336094863219565,4.691183408223569,0.355088545004004,4.656598431386461,4.656598431386461,0.0,0.355088545004004,
a_total1,ud23,HERODOTUS,89f0804afded8e7a0f4e1b507030d5ef4ecaf17e422c8b2969bd6b23e62818e6,7,ge8,8969,40110.68662691308,43323.09534149171,41690.030871608535,41690.030871608535,8057,8969,4.472147020505416,4.830315011873309,0.35816799136789346,4.648236243907742,4.648236243907742,0.0,0.35816799136789346,
a_total1,ud23,HERODOTUS,89f0804afded8e7a0f4e1b507030d5ef4ecaf17e422c8b2969bd6b23e62818e6,8,4_7,3977,17227.675035513257,18653.046331139445,18444.178790858892,18444.178790858892,3533,3977,4.331826762764209,4.690230407628727,0.35840364486451826,4.637711539064343,4.637711539064343,0.0,0.35840364486451826,
a_total1,ud23,HERODOTUS,89f0804afded8e7a0f4e1b507030d5ef4ecaf17e422c8b2969bd6b23e62818e6,8,ge8,8969,39996.21949595011,43309.73404592477,41733.59962842001,41733.59962842001,8084,8969,4.459384490573097,4.8288252922204,0.3694408016473032,4.65309394898205,4.65309394898205,0.0,0.3694408016473032,
a_total1,ud23,HERODOTUS,89f0804afded8e7a0f4e1b507030d5ef4ecaf17e422c8b2969bd6b23e62818e6,9,4_7,3977,17257.72976991397,18658.93653392305,18474.989395814846,18474.989395814846,3494,3977,4.339383899902934,4.691711474458901,0.3523275745559671,4.645458736689677,4.645458736689677,0.0,0.3523275745559671,
a_total1,ud23,HERODOTUS,89f0804afded8e7a0f4e1b507030d5ef4ecaf17e422c8b2969bd6b23e62818e6,9,ge8,8969,40065.48120712333,43327.294346293565,41664.91196955019,41664.91196955019,8081,8969,4.467106835446909,4.830783180543379,0.3636763450964695,4.645435608155891,4.645435608155891,0.0,0.3636763450964695,
a_total1,ud23,HESIODIC_TRADITION,c4c0c7eaeca0d61d2e53f4f0642bfa382e91dd28b470d2f4da2ba8539fe0e7f7,0,4_7,2405,11079.472713688072,11662.276181712687,11646.895430286599,11646.895430286599,2099,2405,4.606849361200862,4.8491792855354205,0.2423299243345589,4.842783962697131,4.842783962697131,0.0,0.2423299243345589,
a_total1,ud23,HESIODIC_TRADITION,c4c0c7eaeca0d61d2e53f4f0642bfa382e91dd28b470d2f4da2ba8539fe0e7f7,0,ge8,3970,18998.375809589175,19723.510214151866,19529.903381141758,19529.903381141758,3493,3970,4.785485090576619,4.9681385929853565,0.1826535024087379,4.919371128751073,4.919371128751073,0.0,0.1826535024087379,
a_total1,ud23,HESIODIC_TRADITION,c4c0c7eaeca0d61d2e53f4f0642bfa382e91dd28b470d2f4da2ba8539fe0e7f7,1,4_7,2405,11033.380231366304,11655.559188799882,11626.159532013175,11626.159532013175,2093,2405,4.587684087886197,4.846386357089348,0.25870226920315087,4.834161967573046,4.834161967573046,0.0,0.25870226920315087,
a_total1,ud23,HESIODIC_TRADITION,c4c0c7eaeca0d61d2e53f4f0642bfa382e91dd28b470d2f4da2ba8539fe0e7f7,1,ge8,3970,18846.9755501564,19706.90156521895,19328.073592957604,19328.073592957604,3466,3970,4.7473490050771785,4.963955054211322,0.2166060491341435,4.8685323911732,4.8685323911732,0.0,0.2166060491341435,
a_total1,ud23,HESIODIC_TRADITION,c4c0c7eaeca0d61d2e53f4f0642bfa382e91dd28b470d2f4da2ba8539fe0e7f7,2,4_7,2405,11043.346560934942,11651.408039916194,11792.113891595374,11792.113891595374,2045,2405,4.591828091864841,4.8446603076574615,0.25283221579262083,4.9031658592912155,4.9031658592912155,0.0,0.25283221579262083,
a_total1,ud23,HESIODIC_TRADITION,c4c0c7eaeca0d61d2e53f4f0642bfa382e91dd28b470d2f4da2ba8539fe0e7f7,2,ge8,3970,18808.557445852413,19722.645199063267,19394.57192011415,19394.571920114155,3456,3970,4.737671900718492,4.96792070505372,0.23024880433522732,4.885282599524975,4.885282599524976,8.881784197001252e-16,0.23024880433522643,
a_total1,ud23,HESIODIC_TRADITION,c4c0c7eaeca0d61d2e53f4f0642bfa382e91dd28b470d2f4da2ba8539fe0e7f7,3,4_7,2405,11056.75235370431,11676.259572749397,11694.52388138229,11694.52388138229,2088,2405,4.597402226072479,4.854993585342784,0.25759135927030563,4.862587892466649,4.862587892466649,0.0,0.25759135927030563,
a_total1,ud23,HESIODIC_TRADITION,c4c0c7eaeca0d61d2e53f4f0642bfa382e91dd28b470d2f4da2ba8539fe0e7f7,3,ge8,3970,18958.620060522233,19757.748341995386,19469.505112749404,19469.505112749404,3493,3970,4.775471047990487,4.976762806547956,0.2012917585574696,4.904157459130833,4.904157459130833,0.0,0.2012917585574696,
a_total1,ud23,HESIODIC_TRADITION,c4c0c7eaeca0d61d2e53f4f0642bfa382e91dd28b470d2f4da2ba8539fe0e7f7,4,4_7,2405,11043.913467801443,11668.372639198384,11730.3536982494,11730.3536982494,2097,2405,4.5920638119756525,4.851714195092883,0.2596503831172301,4.877485945218046,4.877485945218046,0.0,0.2596503831172301,
a_total1,ud23,HESIODIC_TRADITION,c4c0c7eaeca0d61d2e53f4f0642bfa382e91dd28b470d2f4da2ba8539fe0e7f7,4,ge8,3970,19054.287352574687,19741.328524459477,19419.75237040723,19419.75237040723,3520,3970,4.7995686026636495,4.972626832357551,0.1730582296939014,4.891625282218446,4.891625282218446,0.0,0.1730582296939014,
a_total1,ud23,HESIODIC_TRADITION,c4c0c7eaeca0d61d2e53f4f0642bfa382e91dd28b470d2f4da2ba8539fe0e7f7,5,4_7,2405,11011.644794347056,11648.29058073805,11579.163883381507,11579.163883381507,2100,2405,4.57864648413599,4.8433640668349485,0.2647175826989585,4.814621157331188,4.814621157331188,0.0,0.2647175826989585,
a_total1,ud23,HESIODIC_TRADITION,c4c0c7eaeca0d61d2e53f4f0642bfa382e91dd28b470d2f4da2ba8539fe0e7f7,5,ge8,3970,18821.43171267687,19697.972400299044,19474.231303296132,19474.231303296132,3490,3970,4.740914789087372,4.9617058942818755,0.22079110519450307,4.905347935339076,4.905347935339076,0.0,0.22079110519450307,
a_total1,ud23,HESIODIC_TRADITION,c4c0c7eaeca0d61d2e53f4f0642bfa382e91dd28b470d2f4da2ba8539fe0e7f7,6,4_7,2405,11022.457075221391,11649.936912702462,11589.057242922876,11589.057242922878,2089,2405,4.58314223501929,4.844048612350296,0.26090637733100586,4.8187348203421525,4.8187348203421525,0.0,0.26090637733100586,
a_total1,ud23,HESIODIC_TRADITION,c4c0c7eaeca0d61d2e53f4f0642bfa382e91dd28b470d2f4da2ba8539fe0e7f7,6,ge8,3970,18825.591358837893,19703.691951180816,19470.267872211887,19470.267872211887,3500,3970,4.741962558901233,4.963146587199198,0.2211840282979649,4.904349589977805,4.904349589977805,0.0,0.2211840282979649,
a_total1,ud23,HESIODIC_TRADITION,c4c0c7eaeca0d61d2e53f4f0642bfa382e91dd28b470d2f4da2ba8539fe0e7f7,7,4_7,2405,11003.333663615156,11660.094024303207,11664.323906487787,11664.323906487787,2073,2405,4.575190712521894,4.848271943577217,0.2730812310553228,4.850030730348352,4.850030730348352,0.0,0.2730812310553228,
a_total1,ud23,HESIODIC_TRADITION,c4c0c7eaeca0d61d2e53f4f0642bfa382e91dd28b470d2f4da2ba8539fe0e7f7,7,ge8,3970,18856.869626714575,19717.345004758146,19377.388998800794,19377.388998800794,3525,3970,4.749841215797122,4.966585643515906,0.21674442771878333,4.880954407758386,4.880954407758386,0.0,0.21674442771878333,
a_total1,ud23,HESIODIC_TRADITION,c4c0c7eaeca0d61d2e53f4f0642bfa382e91dd28b470d2f4da2ba8539fe0e7f7,8,4_7,2405,11072.369579990569,11657.044860467422,11675.917139921408,11675.917139921408,2094,2405,4.603895875255954,4.847004099986454,0.2431082247305003,4.854851201630523,4.854851201630523,0.0,0.2431082247305003,
a_total1,ud23,HESIODIC_TRADITION,c4c0c7eaeca0d61d2e53f4f0642bfa382e91dd28b470d2f4da2ba8539fe0e7f7,8,ge8,3970,18995.636141901363,19736.483223890624,19500.754543833522,19500.754543833522,3533,3970,4.784794997960041,4.971406353624842,0.1866113556648017,4.912028852351013,4.912028852351013,0.0,0.1866113556648017,
a_total1,ud23,HESIODIC_TRADITION,c4c0c7eaeca0d61d2e53f4f0642bfa382e91dd28b470d2f4da2ba8539fe0e7f7,9,4_7,2405,10997.495842758563,11648.30465954301,11583.68121110686,11583.68121110686,2091,2405,4.572763344182355,4.843369920807905,0.2706065766255499,4.816499464077697,4.816499464077697,0.0,0.2706065766255499,
a_total1,ud23,HESIODIC_TRADITION,c4c0c7eaeca0d61d2e53f4f0642bfa382e91dd28b470d2f4da2ba8539fe0e7f7,9,ge8,3970,18803.001944943477,19680.29796752245,19357.94916269472,19357.94916269472,3468,3970,4.736272530212463,4.957253896101372,0.2209813658889095,4.8760577236006855,4.8760577236006855,0.0,0.2209813658889095,
a_total1,ud23,HOMERIC_TRADITION,209ee9f27c82f31d31eb16124569039d7847ed327f3a0f2b5c4eae048347e621,0,4_7,20241,90679.03198041611,95792.70200277987,95081.25721005535,95081.25721005535,17493,20241,4.479967984803919,4.732607183576892,0.2526391987729735,4.697458485749486,4.697458485749486,0.0,0.2526391987729735,
a_total1,ud23,HOMERIC_TRADITION,209ee9f27c82f31d31eb16124569039d7847ed327f3a0f2b5c4eae048347e621,0,ge8,26393,122431.48412642676,128796.21320525934,125216.16750598117,125216.16750598117,23577,26393,4.638786198098995,4.879938362643858,0.24115216454486355,4.744294604856635,4.744294604856635,0.0,0.24115216454486355,
a_total1,ud23,HOMERIC_TRADITION,209ee9f27c82f31d31eb16124569039d7847ed327f3a0f2b5c4eae048347e621,1,4_7,20241,90851.58230585427,95846.62571721668,95052.66359546816,95052.66359546816,17564,20241,4.488492777325936,4.735271267092371,0.24677848976643535,4.696045827551413,4.696045827551413,0.0,0.24677848976643535,
a_total1,ud23,HOMERIC_TRADITION,209ee9f27c82f31d31eb16124569039d7847ed327f3a0f2b5c4eae048347e621,1,ge8,26393,122425.34624219257,128812.27843374509,125172.85196177277,125172.85196177277,23610,26393,4.638553640821148,4.880547055421706,0.24199341460055823,4.742653429385548,4.742653429385548,0.0,0.24199341460055823,
a_total1,ud23,HOMERIC_TRADITION,209ee9f27c82f31d31eb16124569039d7847ed327f3a0f2b5c4eae048347e621,2,4_7,20241,90654.16181212247,95791.2894956224,95261.05959919486,95261.05959919486,17557,20241,4.478739282254952,4.7325373991217035,0.2537981168667516,4.706341564112192,4.706341564112192,0.0,0.2537981168667516,
a_total1,ud23,HOMERIC_TRADITION,209ee9f27c82f31d31eb16124569039d7847ed327f3a0f2b5c4eae048347e621,2,ge8,26393,122326.2581826795,128821.0895916904,124829.56940774094,124829.56940774094,23582,26393,4.634799309766965,4.880880899923858,0.24608159015689335,4.729646853625618,4.729646853625618,0.0,0.24608159015689335,
a_total1,ud23,HOMERIC_TRADITION,209ee9f27c82f31d31eb16124569039d7847ed327f3a0f2b5c4eae048347e621,3,4_7,20241,90675.75855432611,95794.47580476456,95256.44315621929,95256.44315621929,17635,20241,4.479806262256119,4.732694817685122,0.2528885554290028,4.7061134902534105,4.7061134902534105,0.0,0.2528885554290028,
a_total1,ud23,HOMERIC_TRADITION,209ee9f27c82f31d31eb16124569039d7847ed327f3a0f2b5c4eae048347e621,3,ge8,26393,122173.61692040939,128813.35353142214,124959.65837301889,124959.65837301889,23618,26393,4.629015910294752,4.880587789619298,0.25157187932454583,4.734575772857155,4.734575772857155,0.0,0.25157187932454583,
a_total1,ud23,HOMERIC_TRADITION,209ee9f27c82f31d31eb16124569039d7847ed327f3a0f2b5c4eae048347e621,4,4_7,20241,90600.89701809033,95800.54632061193,95694.13485059935,95694.13485059935,17541,20241,4.476107752487048,4.7329947295396435,0.2568869770525959,4.727737505587637,4.727737505587637,0.0,0.2568869770525959,
a_total1,ud23,HOMERIC_TRADITION,209ee9f27c82f31d31eb16124569039d7847ed327f3a0f2b5c4eae048347e621,4,ge8,26393,122246.96939685203,128840.83308237226,124827.3223762089,124827.3223762089,23541,26393,4.631795150109954,4.881628957768054,0.24983380765810015,4.729561716220547,4.729561716220547,0.0,0.24983380765810015,
a_total1,ud23,HOMERIC_TRADITION,209ee9f27c82f31d31eb16124569039d7847ed327f3a0f2b5c4eae048347e621,5,4_7,20241,90771.70868123406,95825.71972916072,95385.11651800752,95385.11651800752,17591,20241,4.484546646965765,4.734238413574463,0.24969176660869774,4.712470555704141,4.712470555704141,0.0,0.24969176660869774,
a_total1,ud23,HOMERIC_TRADITION,209ee9f27c82f31d31eb16124569039d7847ed327f3a0f2b5c4eae048347e621,5,ge8,26393,122341.36820464628,128855.54045755256,125278.0997959958,125278.0997959958,23489,26393,4.635371810883426,4.8821862030671985,0.2468143921837722,4.746641147122184,4.746641147122184,0.0,0.2468143921837722,
a_total1,ud23,HOMERIC_TRADITION,209ee9f27c82f31d31eb16124569039d7847ed327f3a0f2b5c4eae048347e621,6,4_7,20241,90772.0518713731,95847.69334666374,95377.19122143333,95377.19122143333,17631,20241,4.484563602162596,4.735324012976816,0.2507604108142205,4.712079009013059,4.712079009013059,0.0,0.2507604108142205,
a_total1,ud23,HOMERIC_TRADITION,209ee9f27c82f31d31eb16124569039d7847ed327f3a0f2b5c4eae048347e621,6,ge8,26393,122350.72538984445,128830.83504252131,124752.61187194425,124752.61187194425,23487,26393,4.635726343721609,4.881250143694211,0.24552379997260143,4.726731022314411,4.726731022314411,0.0,0.24552379997260143,
a_total1,ud23,HOMERIC_TRADITION,209ee9f27c82f31d31eb16124569039d7847ed327f3a0f2b5c4eae048347e621,7,4_7,20241,90849.83933522832,95849.1664171922,95380.6071494013,95380.60714940132,17631,20241,4.488406666430923,4.735396789545586,0.24699012311466273,4.712247771819638,4.712247771819639,8.881784197001252e-16,0.24699012311466184,
a_total1,ud23,HOMERIC_TRADITION,209ee9f27c82f31d31eb16124569039d7847ed327f3a0f2b5c4eae048347e621,7,ge8,26393,122682.44394979489,128884.95703325298,124971.81642171413,124971.81642171413,23564,26393,4.648294773227557,4.883300762825483,0.2350059895979264,4.735036427147885,4.735036427147885,0.0,0.2350059895979264,
a_total1,ud23,HOMERIC_TRADITION,209ee9f27c82f31d31eb16124569039d7847ed327f3a0f2b5c4eae048347e621,8,4_7,20241,90724.62610513832,95857.29457031647,95649.21437158095,95649.21437158095,17615,20241,4.482220547657642,4.735798358298329,0.25357781064068696,4.725518223980088,4.725518223980088,0.0,0.25357781064068696,
a_total1,ud23,HOMERIC_TRADITION,209ee9f27c82f31d31eb16124569039d7847ed327f3a0f2b5c4eae048347e621,8,ge8,26393,122517.67166957718,128915.64085538687,125101.87724352129,125101.87724352129,23519,26393,4.6420517436281274,4.8844633370737265,0.24241159344559904,4.739964280056125,4.739964280056125,0.0,0.24241159344559904,
a_total1,ud23,HOMERIC_TRADITION,209ee9f27c82f31d31eb16124569039d7847ed327f3a0f2b5c4eae048347e621,9,4_7,20241,90777.15127549032,95829.89457919754,95532.52227998503,95532.52227998503,17600,20241,4.484815536558981,4.734444670678204,0.24962913411922383,4.719753089273506,4.719753089273506,0.0,0.24962913411922383,
a_total1,ud23,HOMERIC_TRADITION,209ee9f27c82f31d31eb16124569039d7847ed327f3a0f2b5c4eae048347e621,9,ge8,26393,122496.22822711614,128915.28102590209,124907.82369825666,124907.82369825667,23595,26393,4.64123927659289,4.8844497035540515,0.2432104269611619,4.732611817461321,4.732611817461322,8.881784197001252e-16,0.24321042696116102,
a_total1,ud23,PLUTARCH,ef8134329970f595ef9ccf4198217affef5c01fa243d5bf4e59ee6daebb04e1d,0,4_7,1840,7689.614337269006,8576.498660637248,8422.153445888436,8422.153445888436,1612,1840,4.179138226776634,4.6611405764332865,0.48200234965665256,4.577257307548063,4.577257307548063,0.0,0.48200234965665256,
a_total1,ud23,PLUTARCH,ef8134329970f595ef9ccf4198217affef5c01fa243d5bf4e59ee6daebb04e1d,0,ge8,5061,21596.357714327853,24435.33154759234,23574.084871677645,23574.084871677645,4604,5061,4.267211561811471,4.828162724282225,0.5609511624707544,4.657989502406174,4.657989502406174,0.0,0.5609511624707544,
a_total1,ud23,PLUTARCH,ef8134329970f595ef9ccf4198217affef5c01fa243d5bf4e59ee6daebb04e1d,1,4_7,1840,7711.076973048839,8569.951250998154,8530.0855289098,8530.0855289098,1632,1840,4.190802702743935,4.657582201629432,0.4667794988854972,4.635916048320543,4.635916048320543,0.0,0.4667794988854972,
a_total1,ud23,PLUTARCH,ef8134329970f595ef9ccf4198217affef5c01fa243d5bf4e59ee6daebb04e1d,1,ge8,5061,21706.608876430953,24409.65451574147,23467.306865239534,23467.306865239534,4592,5061,4.288996023795881,4.823089214728605,0.5340931909327242,4.636891299197695,4.636891299197695,0.0,0.5340931909327242,
a_total1,ud23,PLUTARCH,ef8134329970f595ef9ccf4198217affef5c01fa243d5bf4e59ee6daebb04e1d,2,4_7,1840,7673.255891733166,8573.350475952888,8419.31982017505,8419.31982017505,1644,1840,4.170247767246286,4.6594296064961345,0.4891818392498486,4.575717293573397,4.575717293573397,0.0,0.4891818392498486,
a_total1,ud23,PLUTARCH,ef8134329970f595ef9ccf4198217affef5c01fa243d5bf4e59ee6daebb04e1d,2,ge8,5061,21589.98430103968,24426.32841366691,23650.466225717493,23650.466225717493,4560,5061,4.265952242845224,4.826383800368881,0.5604315575236569,4.673081649025389,4.673081649025389,0.0,0.5604315575236569,
a_total1,ud23,PLUTARCH,ef8134329970f595ef9ccf4198217affef5c01fa243d5bf4e59ee6daebb04e1d,3,4_7,1840,7684.902083885394,8570.812939197773,8365.52641253239,8365.52641253239,1624,1840,4.176577219502931,4.658050510433572,0.48147329093064073,4.5464817459415166,4.5464817459415166,0.0,0.48147329093064073,
a_total1,ud23,PLUTARCH,ef8134329970f595ef9ccf4198217affef5c01fa243d5bf4e59ee6daebb04e1d,3,ge8,5061,21635.83014779724,24384.007600192803,23620.46565654281,23620.46565654281,4641,5061,4.275010896620676,4.818021655837345,0.5430107592166689,4.667153854286269,4.667153854286269,0.0,0.5430107592166689,
a_total1,ud23,PLUTARCH,ef8134329970f595ef9ccf4198217affef5c01fa243d5bf4e59ee6daebb04e1d,4,4_7,1840,7720.94543014253,8572.407004614946,8504.528497113482,8504.528497113482,1650,1840,4.19616599464268,4.65891685033421,0.46275085569152985,4.6220263571268925,4.6220263571268925,0.0,0.46275085569152985,
a_total1,ud23,PLUTARCH,ef8134329970f595ef9ccf4198217affef5c01fa243d5bf4e59ee6daebb04e1d,4,ge8,5061,21613.281193266987,24409.80976153515,23501.087286932503,23501.087286932507,4599,5061,4.270555462016793,4.8231198896532606,0.5525644276364678,4.643565952762795,4.6435659527627955,8.881784197001252e-16,0.552564427636467,
a_total1,ud23,PLUTARCH,ef8134329970f595ef9ccf4198217affef5c01fa243d5bf4e59ee6daebb04e1d,5,4_7,1840,7677.15855855937,8576.86219007387,8424.171367498464,8424.171367498466,1619,1840,4.172368781825745,4.661338146779277,0.48896936495353227,4.578354004075252,4.578354004075253,8.881784197001252e-16,0.4889693649535314,
a_total1,ud23,PLUTARCH,ef8134329970f595ef9ccf4198217affef5c01fa243d5bf4e59ee6daebb04e1d,5,ge8,5061,21658.51122069681,24425.581084527206,23523.16887617048,23523.16887617048,4614,5061,4.279492436415098,4.826236136045684,0.5467436996305857,4.6479290409346925,4.6479290409346925,0.0,0.5467436996305857,
a_total1,ud23,PLUTARCH,ef8134329970f595ef9ccf4198217affef5c01fa243d5bf4e59ee6daebb04e1d,6,4_7,1840,7718.08118667959,8573.217621737804,8443.92161251817,8443.92161251817,1608,1840,4.194609340586734,4.6593574031183715,0.4647480625316378,4.58908783289031,4.58908783289031,0.0,0.4647480625316378,
a_total1,ud23,PLUTARCH,ef8134329970f595ef9ccf4198217affef5c01fa243d5bf4e59ee6daebb04e1d,6,ge8,5061,21626.54156892548,24393.697327518727,23635.058506914233,23635.058506914233,4632,5061,4.273175571809026,4.819936243335057,0.5467606715260311,4.670037246969815,4.670037246969815,0.0,0.5467606715260311,
a_total1,ud23,PLUTARCH,ef8134329970f595ef9ccf4198217affef5c01fa243d5bf4e59ee6daebb04e1d,7,4_7,1840,7689.6468482538985,8570.065543703975,8304.178130560857,8304.178130560857,1621,1840,4.179155895790163,4.657644317230421,0.47848842144025827,4.513140288348292,4.513140288348292,0.0,0.47848842144025827,
a_total1,ud23,PLUTARCH,ef8134329970f595ef9ccf4198217affef5c01fa243d5bf4e59ee6daebb04e1d,7,ge8,5061,21655.519510934173,24394.640288568036,23647.276854196083,23647.276854196083,4615,5061,4.278901306250577,4.820122562451696,0.5412212562011192,4.67245146299073,4.67245146299073,0.0,0.5412212562011192,
a_total1,ud23,PLUTARCH,ef8134329970f595ef9ccf4198217affef5c01fa243d5bf4e59ee6daebb04e1d,8,4_7,1840,7649.7088238725555,8570.795369387291,8481.367811527449,8481.367811527449,1627,1840,4.1574504477568235,4.658040961623528,0.5005905138667046,4.609439028004048,4.609439028004048,0.0,0.5005905138667046,
a_total1,ud23,PLUTARCH,ef8134329970f595ef9ccf4198217affef5c01fa243d5bf4e59ee6daebb04e1d,8,ge8,5061,21690.80082873529,24404.543401364215,23452.50935374459,23452.50935374459,4554,5061,4.285872520990968,4.822079312658411,0.5362067916674427,4.633967467643665,4.633967467643665,0.0,0.5362067916674427,
a_total1,ud23,PLUTARCH,ef8134329970f595ef9ccf4198217affef5c01fa243d5bf4e59ee6daebb04e1d,9,4_7,1840,7662.215052178397,8569.278243552351,8523.833538708652,8523.833538708652,1639,1840,4.16424731096652,4.6572164367132345,0.4929691257467148,4.63251822755905,4.63251822755905,0.0,0.4929691257467148,
a_total1,ud23,PLUTARCH,ef8134329970f595ef9ccf4198217affef5c01fa243d5bf4e59ee6daebb04e1d,9,ge8,5061,21630.099977477257,24433.27101743818,23522.04786353271,23522.047863532713,4593,5061,4.273878675652491,4.827755585346409,0.5538769096939182,4.647707540709881,4.647707540709882,8.881784197001252e-16,0.5538769096939173,
a_total1,ud23,THUCYDIDES,1a32cf6857284fff7c7f006f8d0cd4ab15a047af7a4bcd5613d1fd50789dd4ee,0,4_7,1989,8428.416123225195,9241.40684179459,9154.37545173162,9154.37545173162,1754,1989,4.237514390761787,4.646257839011859,0.40874344825007203,4.602501484027964,4.602501484027964,0.0,0.40874344825007203,
a_total1,ud23,THUCYDIDES,1a32cf6857284fff7c7f006f8d0cd4ab15a047af7a4bcd5613d1fd50789dd4ee,0,ge8,5238,23083.057529766324,25113.674994797137,24295.952729365836,24295.952729365836,4725,5238,4.40684565287635,4.79451603566192,0.3876703827855703,4.638402582925894,4.638402582925894,0.0,0.3876703827855703,
a_total1,ud23,THUCYDIDES,1a32cf6857284fff7c7f006f8d0cd4ab15a047af7a4bcd5613d1fd50789dd4ee,1,4_7,1989,8410.963397506142,9249.424776406435,9147.08502181987,9147.08502181987,1738,1989,4.228739767474179,4.650288977579907,0.4215492101057272,4.598836109512252,4.598836109512252,0.0,0.4215492101057272,
a_total1,ud23,THUCYDIDES,1a32cf6857284fff7c7f006f8d0cd4ab15a047af7a4bcd5613d1fd50789dd4ee,1,ge8,5238,23050.57419770442,25124.71174735083,24263.709007804857,24263.709007804857,4737,5238,4.400644176728602,4.79662309036862,0.39597891364001736,4.632246851432772,4.632246851432772,0.0,0.39597891364001736,
a_total1,ud23,THUCYDIDES,1a32cf6857284fff7c7f006f8d0cd4ab15a047af7a4bcd5613d1fd50789dd4ee,2,4_7,1989,8398.801725094658,9239.56761029743,9116.506501375401,9116.506501375401,1766,1989,4.2226253017067155,4.64533313740444,0.4227078356977243,4.5834622933008555,4.5834622933008555,0.0,0.4227078356977243,
a_total1,ud23,THUCYDIDES,1a32cf6857284fff7c7f006f8d0cd4ab15a047af7a4bcd5613d1fd50789dd4ee,2,ge8,5238,23041.846160539295,25121.698378436322,24285.049699519066,24285.049699519066,4723,5238,4.398977884791771,4.796047800388759,0.39706991559698857,4.636321057563777,4.636321057563777,0.0,0.39706991559698857,
a_total1,ud23,THUCYDIDES,1a32cf6857284fff7c7f006f8d0cd4ab15a047af7a4bcd5613d1fd50789dd4ee,3,4_7,1989,8382.307266894471,9246.596616139312,9133.236190103147,9133.236190103147,1769,1989,4.214332461988171,4.648867076993118,0.4345346150049467,4.591873398744669,4.591873398744669,0.0,0.4345346150049467,
a_total1,ud23,THUCYDIDES,1a32cf6857284fff7c7f006f8d0cd4ab15a047af7a4bcd5613d1fd50789dd4ee,3,ge8,5238,22979.262742778443,25114.896405578333,24262.926492045015,24262.926492045015,4778,5238,4.3870299241654145,4.794749218323469,0.4077192941580545,4.632097459344219,4.632097459344219,0.0,0.4077192941580545,
a_total1,ud23,THUCYDIDES,1a32cf6857284fff7c7f006f8d0cd4ab15a047af7a4bcd5613d1fd50789dd4ee,4,4_7,1989,8381.598974471091,9243.9761525427,9115.803957441476,9115.803957441476,1773,1989,4.2139763572001465,4.647549599066214,0.4335732418660676,4.583109078653331,4.583109078653331,0.0,0.4335732418660676,
a_total1,ud23,THUCYDIDES,1a32cf6857284fff7c7f006f8d0cd4ab15a047af7a4bcd5613d1fd50789dd4ee,4,ge8,5238,23127.938820604824,25130.459180576945,24235.50499674797,24235.504996747975,4727,5238,4.415414055098286,4.797720347571009,0.3823062924727232,4.626862351421911,4.626862351421912,8.881784197001252e-16,0.3823062924727223,
a_total1,ud23,THUCYDIDES,1a32cf6857284fff7c7f006f8d0cd4ab15a047af7a4bcd5613d1fd50789dd4ee,5,4_7,1989,8383.041087084654,9242.397705858673,9123.135474578825,9123.135474578827,1734,1989,4.214701401249197,4.6467560109897805,0.4320546097405833,4.586795110396594,4.5867951103965945,8.881784197001252e-16,0.4320546097405824,
a_total1,ud23,THUCYDIDES,1a32cf6857284fff7c7f006f8d0cd4ab15a047af7a4bcd5613d1fd50789dd4ee,5,ge8,5238,23015.948376674063,25121.778255563655,24237.66083105397,24237.66083105397,4712,5238,4.39403367252273,4.796063049935787,0.402029377413057,4.6272739272726175,4.6272739272726175,0.0,0.402029377413057,
a_total1,ud23,THUCYDIDES,1a32cf6857284fff7c7f006f8d0cd4ab15a047af7a4bcd5613d1fd50789dd4ee,6,4_7,1989,8387.254612304443,9247.28725946976,9181.311899130684,9181.311899130686,1764,1989,4.216819815135467,4.649214308431252,0.43239449329578505,4.616044192624778,4.616044192624779,8.881784197001252e-16,0.43239449329578417,
a_total1,ud23,THUCYDIDES,1a32cf6857284fff7c7f006f8d0cd4ab15a047af7a4bcd5613d1fd50789dd4ee,6,ge8,5238,23102.932894254252,25128.703494566296,24127.91342838182,24127.91342838182,4752,5238,4.41064010963235,4.797385165056567,0.38674505542421667,4.60632176945052,4.60632176945052,0.0,0.38674505542421667,
a_total1,ud23,THUCYDIDES,1a32cf6857284fff7c7f006f8d0cd4ab15a047af7a4bcd5613d1fd50789dd4ee,7,4_7,1989,8382.098622701464,9245.42882389767,9159.06460867025,9159.06460867025,1750,1989,4.21422756294694,4.648279951683092,0.43405238873615204,4.604859028994595,4.604859028994595,0.0,0.43405238873615204,
a_total1,ud23,THUCYDIDES,1a32cf6857284fff7c7f006f8d0cd4ab15a047af7a4bcd5613d1fd50789dd4ee,7,ge8,5238,23022.73843967784,25137.355211396873,24148.99309829598,24148.99309829598,4758,5238,4.395329980847239,4.799036886482794,0.40370690563555467,4.610346143240928,4.610346143240928,0.0,0.40370690563555467,
a_total1,ud23,THUCYDIDES,1a32cf6857284fff7c7f006f8d0cd4ab15a047af7a4bcd5613d1fd50789dd4ee,8,4_7,1989,8398.056471517342,9243.181344245515,9139.800757851053,9139.800757851053,1746,1989,4.2222506141364216,4.647149997106845,0.4248993829704233,4.595173835018127,4.595173835018127,0.0,0.4248993829704233,
a_total1,ud23,THUCYDIDES,1a32cf6857284fff7c7f006f8d0cd4ab15a047af7a4bcd5613d1fd50789dd4ee,8,ge8,5238,22991.70917834276,25125.439445451007,24152.132017838325,24152.132017838325,4719,5238,4.389406105067346,4.796762017077321,0.407355912009975,4.610945402412815,4.610945402412815,0.0,0.407355912009975,
a_total1,ud23,THUCYDIDES,1a32cf6857284fff7c7f006f8d0cd4ab15a047af7a4bcd5613d1fd50789dd4ee,9,4_7,1989,8398.36743956243,9245.190667078003,9151.460837350553,9151.460837350553,1755,1989,4.222406958050493,4.648160214719961,0.42575325666946817,4.60103611732054,4.60103611732054,0.0,0.42575325666946817,
a_total1,ud23,THUCYDIDES,1a32cf6857284fff7c7f006f8d0cd4ab15a047af7a4bcd5613d1fd50789dd4ee,9,ge8,5238,23019.476279925573,25118.988087562837,24180.773111031245,24180.773111031245,4714,5238,4.394707193571129,4.795530371814211,0.40082317824308156,4.61641334689409,4.61641334689409,0.0,0.40082317824308156,
oth,ud23_oth,ATHENAEUS,4352f04fcfd7cbe580caddf69f309034ffb967d5d1bc8a8e809498de5bf8d329,0,4_7,5659,23833.363291903064,26239.08259287689,25823.885340699406,25823.885340699406,4916,5659,4.211585667415279,4.63669952162518,0.42511385420990067,4.563330153861001,4.563330153861001,0.0,0.42511385420990067,
oth,ud23_oth,ATHENAEUS,4352f04fcfd7cbe580caddf69f309034ffb967d5d1bc8a8e809498de5bf8d329,0,ge8,11127,47709.5395545556,52780.619011209485,51212.95775656029,51212.95775656029,10048,11127,4.287727110142501,4.743472545269118,0.4557454351266177,4.602584502252205,4.602584502252205,0.0,0.4557454351266177,
oth,ud23_oth,ATHENAEUS,4352f04fcfd7cbe580caddf69f309034ffb967d5d1bc8a8e809498de5bf8d329,1,4_7,5659,23865.451697290126,26233.910008426847,25908.678858254272,25908.678858254272,4968,5659,4.2172559988143,4.635785475954559,0.41852947714025834,4.578313988028675,4.578313988028675,0.0,0.41852947714025834,
oth,ud23_oth,ATHENAEUS,4352f04fcfd7cbe580caddf69f309034ffb967d5d1bc8a8e809498de5bf8d329,1,ge8,11127,47682.651571035276,52760.94467754403,50983.06621778012,50983.06621778012,9998,11127,4.285310647167725,4.741704383710257,0.4563937365425321,4.581923808553979,4.581923808553979,0.0,0.4563937365425321,
oth,ud23_oth,ATHENAEUS,4352f04fcfd7cbe580caddf69f309034ffb967d5d1bc8a8e809498de5bf8d329,2,4_7,5659,23846.85393518019,26234.49912966198,25822.428511979277,25822.428511979277,4997,5659,4.213969594483157,4.635889579371264,0.4219199848881061,4.56307271814442,4.56307271814442,0.0,0.4219199848881061,
oth,ud23_oth,ATHENAEUS,4352f04fcfd7cbe580caddf69f309034ffb967d5d1bc8a8e809498de5bf8d329,2,ge8,11127,47704.20826986738,52797.11942193997,51012.43681829712,51012.43681829712,9943,11127,4.287247979677126,4.744955461664417,0.45770748198729105,4.584563388001898,4.584563388001898,0.0,0.45770748198729105,
oth,ud23_oth,ATHENAEUS,4352f04fcfd7cbe580caddf69f309034ffb967d5d1bc8a8e809498de5bf8d329,3,4_7,5659,23874.707680575113,26224.38040168365,25695.927096118863,25695.927096118863,4921,5659,4.2188916205292655,4.6341015023296785,0.41520988180041307,4.540718695196831,4.540718695196831,0.0,0.41520988180041307,
oth,ud23_oth,ATHENAEUS,4352f04fcfd7cbe580caddf69f309034ffb967d5d1bc8a8e809498de5bf8d329,3,ge8,11127,47678.330170894886,52768.38748582846,51176.04244792645,51176.04244792645,10024,11127,4.2849222765251085,4.742373279934256,0.45745100340914746,4.599266868691152,4.599266868691152,0.0,0.45745100340914746,
oth,ud23_oth,ATHENAEUS,4352f04fcfd7cbe580caddf69f309034ffb967d5d1bc8a8e809498de5bf8d329,4,4_7,5659,23839.213260823533,26236.804420489716,25876.445758832317,25876.445758832317,4956,5659,4.212619413469435,4.636296946543509,0.4236775330740743,4.572618087795073,4.572618087795073,0.0,0.4236775330740743,
oth,ud23_oth,ATHENAEUS,4352f04fcfd7cbe580caddf69f309034ffb967d5d1bc8a8e809498de5bf8d329,4,ge8,11127,47723.67381752799,52800.755719515575,51056.30025062117,51056.30025062117,9980,11127,4.28899737732794,4.745282261122996,0.45628488379505594,4.588505459748465,4.588505459748465,0.0,0.45628488379505594,
oth,ud23_oth,ATHENAEUS,4352f04fcfd7cbe580caddf69f309034ffb967d5d1bc8a8e809498de5bf8d329,5,4_7,5659,23832.915764093468,26236.794456543226,25772.77580303564,25772.775803035638,5009,5659,4.2115065849255116,4.636295185817852,0.4247886008923407,4.554298604530065,4.554298604530065,0.0,0.4247886008923407,
oth,ud23_oth,ATHENAEUS,4352f04fcfd7cbe580caddf69f309034ffb967d5d1bc8a8e809498de5bf8d329,5,ge8,11127,47701.43667438758,52777.54451353403,51178.63858160687,51178.63858160687,9975,11127,4.286998892278923,4.743196235601153,0.4561973433222297,4.599500187077099,4.599500187077099,0.0,0.4561973433222297,
oth,ud23_oth,ATHENAEUS,4352f04fcfd7cbe580caddf69f309034ffb967d5d1bc8a8e809498de5bf8d329,6,4_7,5659,23845.222805985686,26228.677509984296,25715.634484685863,25715.634484685863,4967,5659,4.213681358187964,4.634860842902332,0.4211794847143677,4.5442011812486065,4.5442011812486065,0.0,0.4211794847143677,
oth,ud23_oth,ATHENAEUS,4352f04fcfd7cbe580caddf69f309034ffb967d5d1bc8a8e809498de5bf8d329,6,ge8,11127,47714.701633971614,52773.16787555245,51082.755316668365,51082.755316668365,10009,11127,4.288191033878999,4.742802900651788,0.4546118667727894,4.590883015787576,4.590883015787576,0.0,0.4546118667727894,
oth,ud23_oth,ATHENAEUS,4352f04fcfd7cbe580caddf69f309034ffb967d5d1bc8a8e809498de5bf8d329,7,4_7,5659,23818.781351154346,26221.493437079334,25853.349665512233,25853.349665512233,4936,5659,4.209008897535668,4.6335913477786415,0.4245824502429736,4.568536784858143,4.568536784858143,0.0,0.4245824502429736,
oth,ud23_oth,ATHENAEUS,4352f04fcfd7cbe580caddf69f309034ffb967d5d1bc8a8e809498de5bf8d329,7,ge8,11127,47690.334000912735,52776.69356582049,51208.65297722059,51208.65297722059,9939,11127,4.286001078539834,4.743119759667519,0.4571186811276853,4.6021976253456085,4.6021976253456085,0.0,0.4571186811276853,
oth,ud23_oth,ATHENAEUS,4352f04fcfd7cbe580caddf69f309034ffb967d5d1bc8a8e809498de5bf8d329,8,4_7,5659,23823.539658289756,26219.43445662962,25815.68092296398,25815.68092296398,4922,5659,4.209849736400381,4.633227506031034,0.4233777696306529,4.561880353943096,4.561880353943096,0.0,0.4233777696306529,
oth,ud23_oth,ATHENAEUS,4352f04fcfd7cbe580caddf69f309034ffb967d5d1bc8a8e809498de5bf8d329,8,ge8,11127,47693.1894317793,52789.59027857736,51149.66788134331,51149.66788134331,9969,11127,4.286257700348639,4.744278806378841,0.45802110603020196,4.596896547258319,4.596896547258319,0.0,0.45802110603020196,
oth,ud23_oth,ATHENAEUS,4352f04fcfd7cbe580caddf69f309034ffb967d5d1bc8a8e809498de5bf8d329,9,4_7,5659,23825.872846260212,26237.552299999592,25915.917722767226,25915.917722767226,4901,5659,4.210262033267399,4.636429104081921,0.42616707081452265,4.579593165359114,4.579593165359114,0.0,0.42616707081452265,
oth,ud23_oth,ATHENAEUS,4352f04fcfd7cbe580caddf69f309034ffb967d5d1bc8a8e809498de5bf8d329,9,ge8,11127,47688.596815458695,52781.8606188861,51205.10042257011,51205.10042257011,9996,11127,4.285844955105482,4.743584130393287,0.45773917528780483,4.601878351987967,4.601878351987967,0.0,0.45773917528780483,
oth,ud23_oth,DIODORUS,d91dad02f8da03cf6702fa7edec531da5e56f526f466e2f04180f2a23a1cf315,0,4_7,2898,11339.89597908714,12675.253586751163,12688.029403299272,12688.029403299272,2555,2898,3.913007584226066,4.373793508195709,0.4607859239696426,4.378202002518727,4.378202002518727,0.0,0.4607859239696426,
oth,ud23_oth,DIODORUS,d91dad02f8da03cf6702fa7edec531da5e56f526f466e2f04180f2a23a1cf315,0,ge8,9436,38598.39534360839,43067.33212799061,41642.59047899539,41642.59047899539,8445,9436,4.090546348411232,4.564151348875647,0.4736050004644152,4.413161347922361,4.413161347922361,0.0,0.4736050004644152,
oth,ud23_oth,DIODORUS,d91dad02f8da03cf6702fa7edec531da5e56f526f466e2f04180f2a23a1cf315,1,4_7,2898,11274.43859202142,12689.58275214769,12677.810184066057,12677.810184066057,2514,2898,3.890420494141277,4.378738009712798,0.4883175155715209,4.374675701886148,4.374675701886148,0.0,0.4883175155715209,
oth,ud23_oth,DIODORUS,d91dad02f8da03cf6702fa7edec531da5e56f526f466e2f04180f2a23a1cf315,1,ge8,9436,38128.12646780769,43120.608612139295,41822.33718662548,41822.33718662548,8446,9436,4.040708612527309,4.569797436640451,0.529088824113142,4.4322103843392835,4.4322103843392835,0.0,0.529088824113142,
oth,ud23_oth,DIODORUS,d91dad02f8da03cf6702fa7edec531da5e56f526f466e2f04180f2a23a1cf315,2,4_7,2898,11333.959701759533,12683.163364581984,12708.923083531143,12708.923083531143,2556,2898,3.910959179351116,4.37652290013181,0.46556372078069375,4.385411692039732,4.385411692039732,0.0,0.46556372078069375,
oth,ud23_oth,DIODORUS,d91dad02f8da03cf6702fa7edec531da5e56f526f466e2f04180f2a23a1cf315,2,ge8,9436,38583.09398961047,43105.20298150915,41667.19615029589,41667.19615029589,8356,9436,4.088924755151597,4.568164792444802,0.47924003729320486,4.415768985830424,4.415768985830424,0.0,0.47924003729320486,
oth,ud23_oth,DIODORUS,d91dad02f8da03cf6702fa7edec531da5e56f526f466e2f04180f2a23a1cf315,3,4_7,2898,11350.483205140943,12698.488991399186,12635.003916915457,12635.003916915457,2585,2898,3.9166608713391797,4.381811246169492,0.4651503748303121,4.3599047332351475,4.3599047332351475,0.0,0.4651503748303121,
oth,ud23_oth,DIODORUS,d91dad02f8da03cf6702fa7edec531da5e56f526f466e2f04180f2a23a1cf315,3,ge8,9436,38631.2854165262,43126.94678262953,41808.16233369601,41808.16233369601,8418,9436,4.094031943252035,4.570469137625003,0.47643719437296816,4.430708174406106,4.430708174406106,0.0,0.47643719437296816,
oth,ud23_oth,DIODORUS,d91dad02f8da03cf6702fa7edec531da5e56f526f466e2f04180f2a23a1cf315,4,4_7,2898,11323.963701141343,12680.512050316729,12649.126490455901,12649.1264904559,2558,2898,3.907509903775481,4.375608022883619,0.46809811910813837,4.364777947017219,4.3647779470172186,-8.881784197001252e-16,0.46809811910813925,
oth,ud23_oth,DIODORUS,d91dad02f8da03cf6702fa7edec531da5e56f526f466e2f04180f2a23a1cf315,4,ge8,9436,38626.00580919484,43101.96404815409,41572.675570971005,41572.675570971005,8462,9436,4.093472425730695,4.567821539651769,0.4743491139210736,4.405751968097817,4.405751968097817,0.0,0.4743491139210736,
oth,ud23_oth,DIODORUS,d91dad02f8da03cf6702fa7edec531da5e56f526f466e2f04180f2a23a1cf315,5,4_7,2898,11257.191259260273,12676.984529593014,12651.003788261614,12651.003788261614,2522,2898,3.884469033561171,4.374390796961012,0.48992176339984095,4.365425737840447,4.365425737840447,0.0,0.48992176339984095,
oth,ud23_oth,DIODORUS,d91dad02f8da03cf6702fa7edec531da5e56f526f466e2f04180f2a23a1cf315,5,ge8,9436,38054.29125330804,43076.34537348734,41763.17645540017,41763.17645540017,8469,9436,4.032883769956341,4.565106546575597,0.532222776619256,4.425940701080985,4.425940701080985,0.0,0.532222776619256,
oth,ud23_oth,DIODORUS,d91dad02f8da03cf6702fa7edec531da5e56f526f466e2f04180f2a23a1cf315,6,4_7,2898,11258.415050914375,12679.114048153713,12580.927935972702,12580.927935972702,2544,2898,3.8848913219166232,4.375125620480922,0.4902342985642991,4.341244974455729,4.341244974455729,0.0,0.4902342985642991,
oth,ud23_oth,DIODORUS,d91dad02f8da03cf6702fa7edec531da5e56f526f466e2f04180f2a23a1cf315,6,ge8,9436,38015.88692881966,43074.53232324759,41746.93243744907,41746.93243744907,8488,9436,4.0288137906760975,4.564914404752818,0.5361006140767204,4.424219207020885,4.424219207020885,0.0,0.5361006140767204,
oth,ud23_oth,DIODORUS,d91dad02f8da03cf6702fa7edec531da5e56f526f466e2f04180f2a23a1cf315,7,4_7,2898,11254.478361069423,12687.110107710017,12705.273218982496,12705.273218982496,2565,2898,3.883532905821057,4.377884785269157,0.4943518794481001,4.384152249476362,4.384152249476362,0.0,0.4943518794481001,
oth,ud23_oth,DIODORUS,d91dad02f8da03cf6702fa7edec531da5e56f526f466e2f04180f2a23a1cf315,7,ge8,9436,38047.64081061485,43092.88814610215,41600.426036176905,41600.426036176905,8483,9436,4.0321789752665165,4.566859701791241,0.5346807265247246,4.408692882172203,4.408692882172203,0.0,0.5346807265247246,
oth,ud23_oth,DIODORUS,d91dad02f8da03cf6702fa7edec531da5e56f526f466e2f04180f2a23a1cf315,8,4_7,2898,11303.469639910936,12667.705357632665,12694.366877252634,12694.366877252634,2564,2898,3.900438109009985,4.3711888742693805,0.47075076525939563,4.380388846533,4.380388846533,0.0,0.47075076525939563,
oth,ud23_oth,DIODORUS,d91dad02f8da03cf6702fa7edec531da5e56f526f466e2f04180f2a23a1cf315,8,ge8,9436,38564.49154106647,43054.26908651591,41653.11752281702,41653.11752281702,8392,9436,4.086953321435615,4.562766965506137,0.47581364407052185,4.414276973592308,4.414276973592308,0.0,0.47581364407052185,
oth,ud23_oth,DIODORUS,d91dad02f8da03cf6702fa7edec531da5e56f526f466e2f04180f2a23a1cf315,9,4_7,2898,11279.246595001663,12680.493628210103,12672.25769509123,12672.25769509123,2553,2898,3.892079570393949,4.375601666049035,0.4835220956550863,4.372759729155014,4.372759729155014,0.0,0.4835220956550863,
oth,ud23_oth,DIODORUS,d91dad02f8da03cf6702fa7edec531da5e56f526f466e2f04180f2a23a1cf315,9,ge8,9436,38079.68786683344,43076.68787463897,41631.59459510689,41631.59459510689,8429,9436,4.035575229634744,4.5651428438574575,0.5295676142227137,4.411996035937568,4.411996035937568,0.0,0.5295676142227137,
oth,ud23_oth,HERODOTUS,89f0804afded8e7a0f4e1b507030d5ef4ecaf17e422c8b2969bd6b23e62818e6,0,4_7,3983,17280.979112790184,18737.768074672036,18606.23517126886,18606.23517126886,3529,3983,4.338684185987995,4.70443587112027,0.36575168513227485,4.671412295071268,4.671412295071268,0.0,0.36575168513227485,
oth,ud23_oth,HERODOTUS,89f0804afded8e7a0f4e1b507030d5ef4ecaf17e422c8b2969bd6b23e62818e6,0,ge8,9011,40095.67834377209,43612.68816243721,42004.01993702489,42004.01993702489,8128,9011,4.449636926397968,4.839938759564666,0.3903018331666983,4.661416040064908,4.661416040064908,0.0,0.3903018331666983,
oth,ud23_oth,HERODOTUS,89f0804afded8e7a0f4e1b507030d5ef4ecaf17e422c8b2969bd6b23e62818e6,1,4_7,3983,17256.269258448774,18728.094740747743,18466.590742828528,18466.590742828528,3502,3983,4.3324803561257275,4.702007215854317,0.36952685972858923,4.636352182482684,4.636352182482684,0.0,0.36952685972858923,
oth,ud23_oth,HERODOTUS,89f0804afded8e7a0f4e1b507030d5ef4ecaf17e422c8b2969bd6b23e62818e6,1,ge8,9011,40065.03126278448,43605.388859949846,42142.468035042344,42142.468035042344,8160,9011,4.446235852045776,4.8391287160081955,0.3928928639624196,4.676780383424964,4.676780383424964,0.0,0.3928928639624196,
oth,ud23_oth,HERODOTUS,89f0804afded8e7a0f4e1b507030d5ef4ecaf17e422c8b2969bd6b23e62818e6,2,4_7,3983,17245.771202596672,18734.939097142338,18411.459884304964,18411.459884304964,3487,3983,4.329844640370744,4.703725608120095,0.37388096774935153,4.622510641301774,4.622510641301774,0.0,0.37388096774935153,
oth,ud23_oth,HERODOTUS,89f0804afded8e7a0f4e1b507030d5ef4ecaf17e422c8b2969bd6b23e62818e6,2,ge8,9011,40050.89094126026,43596.82133374769,42100.710707080376,42100.710707080376,8162,9011,4.444666623156171,4.838177930723304,0.3935113075671328,4.672146344143866,4.672146344143866,0.0,0.3935113075671328,
oth,ud23_oth,HERODOTUS,89f0804afded8e7a0f4e1b507030d5ef4ecaf17e422c8b2969bd6b23e62818e6,3,4_7,3983,17240.46834966323,18733.659827626627,18357.221379971303,18357.221379971303,3528,3983,4.328513268808243,4.7034044257159495,0.37489115690770625,4.608893140841402,4.608893140841402,0.0,0.37489115690770625,
oth,ud23_oth,HERODOTUS,89f0804afded8e7a0f4e1b507030d5ef4ecaf17e422c8b2969bd6b23e62818e6,3,ge8,9011,40019.67676701374,43603.94777216971,42070.95979538567,42070.95979538567,8134,9011,4.441202615360531,4.838968790608114,0.3977661752475825,4.668844722604114,4.668844722604114,0.0,0.3977661752475825,
oth,ud23_oth,HERODOTUS,89f0804afded8e7a0f4e1b507030d5ef4ecaf17e422c8b2969bd6b23e62818e6,4,4_7,3983,17251.817747225232,18722.694973121757,18403.95824963418,18403.95824963418,3530,3983,4.331362728402016,4.700651512207321,0.3692887838053043,4.62062722812809,4.62062722812809,0.0,0.3692887838053043,
oth,ud23_oth,HERODOTUS,89f0804afded8e7a0f4e1b507030d5ef4ecaf17e422c8b2969bd6b23e62818e6,4,ge8,9011,40022.370999447696,43586.30265111734,42096.42166520787,42096.42166520787,8134,9011,4.441501609083087,4.837010614928126,0.3955090058450388,4.671670365687256,4.671670365687256,0.0,0.3955090058450388,
oth,ud23_oth,HERODOTUS,89f0804afded8e7a0f4e1b507030d5ef4ecaf17e422c8b2969bd6b23e62818e6,5,4_7,3983,17242.140117662686,18723.67868593136,18463.44374585508,18463.44374585508,3490,3983,4.328932994642904,4.70089849006562,0.3719654954227156,4.635562075283725,4.635562075283725,0.0,0.3719654954227156,
oth,ud23_oth,HERODOTUS,89f0804afded8e7a0f4e1b507030d5ef4ecaf17e422c8b2969bd6b23e62818e6,5,ge8,9011,40001.99007469667,43586.662192099655,42111.69989844143,42111.69989844143,8136,9011,4.43923982628972,4.837050515159212,0.3978106888694919,4.673365874868653,4.673365874868653,0.0,0.3978106888694919,
oth,ud23_oth,HERODOTUS,89f0804afded8e7a0f4e1b507030d5ef4ecaf17e422c8b2969bd6b23e62818e6,6,4_7,3983,17256.258685996032,18732.145702148187,18453.367804633664,18453.367804633664,3546,3983,4.332477701731366,4.703024278721614,0.3705465769902476,4.633032338597455,4.633032338597455,0.0,0.3705465769902476,
oth,ud23_oth,HERODOTUS,89f0804afded8e7a0f4e1b507030d5ef4ecaf17e422c8b2969bd6b23e62818e6,6,ge8,9011,40120.060403461284,43621.931989407385,42035.34488357212,42035.34488357212,8165,9011,4.4523427370393165,4.8409645976481395,0.388621860608823,4.664892340869173,4.664892340869173,0.0,0.388621860608823,
oth,ud23_oth,HERODOTUS,89f0804afded8e7a0f4e1b507030d5ef4ecaf17e422c8b2969bd6b23e62818e6,7,4_7,3983,17230.08425436935,18729.09675132822,18580.2323615223,18580.2323615223,3508,3983,4.325906164792706,4.7022587876796935,0.3763526228869871,4.6648838467291736,4.6648838467291736,0.0,0.3763526228869871,
oth,ud23_oth,HERODOTUS,89f0804afded8e7a0f4e1b507030d5ef4ecaf17e422c8b2969bd6b23e62818e6,7,ge8,9011,40036.547656806644,43603.5909409003,42057.56476388688,42057.56476388688,8092,9011,4.4430748703591885,4.8389291910887025,0.395854320729514,4.667358202628663,4.667358202628663,0.0,0.395854320729514,
oth,ud23_oth,HERODOTUS,89f0804afded8e7a0f4e1b507030d5ef4ecaf17e422c8b2969bd6b23e62818e6,8,4_7,3983,17223.895402419872,18723.922840190255,18537.549292710475,18537.549292710475,3530,3983,4.324352348084326,4.700959789151457,0.3766074410671312,4.6541675352022285,4.6541675352022285,0.0,0.3766074410671312,
oth,ud23_oth,HERODOTUS,89f0804afded8e7a0f4e1b507030d5ef4ecaf17e422c8b2969bd6b23e62818e6,8,ge8,9011,40013.69753095407,43588.93880328025,42043.828709266774,42043.828709266774,8108,9011,4.440539066802139,4.837303163165049,0.39676409636290977,4.665833837450536,4.665833837450536,0.0,0.39676409636290977,
oth,ud23_oth,HERODOTUS,89f0804afded8e7a0f4e1b507030d5ef4ecaf17e422c8b2969bd6b23e62818e6,9,4_7,3983,17279.161367428045,18732.575161684857,18628.385166285363,18628.385166285363,3503,3983,4.338227810049722,4.703132101854094,0.3649042918043719,4.676973428643074,4.676973428643074,0.0,0.3649042918043719,
oth,ud23_oth,HERODOTUS,89f0804afded8e7a0f4e1b507030d5ef4ecaf17e422c8b2969bd6b23e62818e6,9,ge8,9011,40099.389533137946,43610.687913012676,41931.76572924473,41931.76572924473,8130,9011,4.450048777398507,4.83971678093582,0.389668003537313,4.653397595077653,4.653397595077653,0.0,0.389668003537313,
oth,ud23_oth,HESIODIC_TRADITION,c4c0c7eaeca0d61d2e53f4f0642bfa382e91dd28b470d2f4da2ba8539fe0e7f7,0,4_7,2410,11027.211298353224,11717.920404799836,11705.18849767098,11705.18849767098,2108,2410,4.575606347864408,4.862207636846405,0.28660128898199666,4.856924687830283,4.856924687830283,0.0,0.28660128898199666,
oth,ud23_oth,HESIODIC_TRADITION,c4c0c7eaeca0d61d2e53f4f0642bfa382e91dd28b470d2f4da2ba8539fe0e7f7,0,ge8,3988,18969.07801445369,19844.625016934468,19674.6523567097,19674.6523567097,3510,3988,4.756539120976352,4.976084507756887,0.2195453867805357,4.9334634796162735,4.9334634796162735,0.0,0.2195453867805357,
oth,ud23_oth,HESIODIC_TRADITION,c4c0c7eaeca0d61d2e53f4f0642bfa382e91dd28b470d2f4da2ba8539fe0e7f7,1,4_7,2410,11014.987895779672,11710.234026648284,11681.372475839129,11681.372475839129,2106,2410,4.570534396589076,4.85901826831879,0.28848387172971446,4.847042521095075,4.847042521095075,0.0,0.28848387172971446,
oth,ud23_oth,HESIODIC_TRADITION,c4c0c7eaeca0d61d2e53f4f0642bfa382e91dd28b470d2f4da2ba8539fe0e7f7,1,ge8,3988,18934.214851810855,19827.56680921024,19472.636944964142,19472.636944964142,3478,3988,4.74779710426551,4.971807123673581,0.22401001940807053,4.882807659218692,4.882807659218692,0.0,0.22401001940807053,
oth,ud23_oth,HESIODIC_TRADITION,c4c0c7eaeca0d61d2e53f4f0642bfa382e91dd28b470d2f4da2ba8539fe0e7f7,2,4_7,2410,11023.249256944659,11712.077612585166,11840.90434595481,11840.90434595481,2049,2410,4.5739623472799416,4.859783241736584,0.28582089445664227,4.913238317823573,4.913238317823573,0.0,0.28582089445664227,
oth,ud23_oth,HESIODIC_TRADITION,c4c0c7eaeca0d61d2e53f4f0642bfa382e91dd28b470d2f4da2ba8539fe0e7f7,2,ge8,3988,18884.838725279464,19844.531461104838,19564.296035672312,19564.296035672312,3479,3988,4.735415929107187,4.976061048421474,0.24064511931428623,4.90579138306728,4.90579138306728,0.0,0.24064511931428623,
oth,ud23_oth,HESIODIC_TRADITION,c4c0c7eaeca0d61d2e53f4f0642bfa382e91dd28b470d2f4da2ba8539fe0e7f7,3,4_7,2410,11037.020220597738,11732.703127386781,11753.626614316607,11753.626614316607,2089,2410,4.579676440082049,4.868341546633519,0.2886651065514698,4.877023491417679,4.877023491417679,0.0,0.2886651065514698,
oth,ud23_oth,HESIODIC_TRADITION,c4c0c7eaeca0d61d2e53f4f0642bfa382e91dd28b470d2f4da2ba8539fe0e7f7,3,ge8,3988,18984.172342426285,19878.220824579097,19643.63589392126,19643.63589392126,3514,3988,4.760324057779911,4.9845087323418,0.2241846745618883,4.92568603157504,4.92568603157504,0.0,0.2241846745618883,
oth,ud23_oth,HESIODIC_TRADITION,c4c0c7eaeca0d61d2e53f4f0642bfa382e91dd28b470d2f4da2ba8539fe0e7f7,4,4_7,2410,11039.877796244953,11724.234861996742,11799.872389050983,11799.872389050981,2098,2410,4.580862156118238,4.864827743567113,0.2839655874488747,4.896212609564723,4.8962126095647225,-8.881784197001252e-16,0.28396558744887557,
oth,ud23_oth,HESIODIC_TRADITION,c4c0c7eaeca0d61d2e53f4f0642bfa382e91dd28b470d2f4da2ba8539fe0e7f7,4,ge8,3988,19034.85807222749,19865.653080432512,19556.88951606415,19556.88951606415,3525,3988,4.7730336189136136,4.981357342134531,0.20832372322091786,4.90393418156072,4.90393418156072,0.0,0.20832372322091786,
oth,ud23_oth,HESIODIC_TRADITION,c4c0c7eaeca0d61d2e53f4f0642bfa382e91dd28b470d2f4da2ba8539fe0e7f7,5,4_7,2410,11007.016501059506,11703.188893678282,11662.39187726337,11662.39187726337,2104,2410,4.567226763925106,4.856094976629993,0.2888682127048865,4.839166754051191,4.839166754051191,0.0,0.2888682127048865,
oth,ud23_oth,HESIODIC_TRADITION,c4c0c7eaeca0d61d2e53f4f0642bfa382e91dd28b470d2f4da2ba8539fe0e7f7,5,ge8,3988,18909.354520896377,19821.44196058814,19603.714309164225,19603.714309164225,3504,3988,4.741563320184648,4.970271304059213,0.22870798387456492,4.915675604103367,4.915675604103367,0.0,0.22870798387456492,
oth,ud23_oth,HESIODIC_TRADITION,c4c0c7eaeca0d61d2e53f4f0642bfa382e91dd28b470d2f4da2ba8539fe0e7f7,6,4_7,2410,11024.969229978069,11711.350663215513,11636.703812559652,11636.703812559652,2093,2410,4.574676029036543,4.859481602993989,0.28480557395744555,4.828507806041349,4.828507806041349,0.0,0.28480557395744555,
oth,ud23_oth,HESIODIC_TRADITION,c4c0c7eaeca0d61d2e53f4f0642bfa382e91dd28b470d2f4da2ba8539fe0e7f7,6,ge8,3988,18879.24584385473,19826.773952854932,19596.385031446036,19596.385031446036,3521,3988,4.734013501468087,4.971608313153193,0.23759481168510632,4.913837771175034,4.913837771175034,0.0,0.23759481168510632,
oth,ud23_oth,HESIODIC_TRADITION,c4c0c7eaeca0d61d2e53f4f0642bfa382e91dd28b470d2f4da2ba8539fe0e7f7,7,4_7,2410,11032.831090965927,11718.272169298529,11724.801189609749,11724.801189609749,2084,2410,4.577938212019057,4.862353597219307,0.28441538520024956,4.865062734277904,4.865062734277904,0.0,0.28441538520024956,
oth,ud23_oth,HESIODIC_TRADITION,c4c0c7eaeca0d61d2e53f4f0642bfa382e91dd28b470d2f4da2ba8539fe0e7f7,7,ge8,3988,18923.969788107504,19841.819309880877,19521.168039449512,19521.168039449512,3544,3988,4.74522813142114,4.975380970381363,0.23015283896022343,4.8949769406844315,4.8949769406844315,0.0,0.23015283896022343,
oth,ud23_oth,HESIODIC_TRADITION,c4c0c7eaeca0d61d2e53f4f0642bfa382e91dd28b470d2f4da2ba8539fe0e7f7,8,4_7,2410,11037.14563820507,11718.215465124384,11753.498053027826,11753.498053027826,2094,2410,4.579728480583016,4.862330068516342,0.2826015879333257,4.876970146484576,4.876970146484576,0.0,0.2826015879333257,
oth,ud23_oth,HESIODIC_TRADITION,c4c0c7eaeca0d61d2e53f4f0642bfa382e91dd28b470d2f4da2ba8539fe0e7f7,8,ge8,3988,18909.77030829212,19860.44471300552,19653.61741464707,19653.61741464707,3551,3988,4.741667579812468,4.980051332248125,0.23838375243565668,4.928188920423036,4.928188920423036,0.0,0.23838375243565668,
oth,ud23_oth,HESIODIC_TRADITION,c4c0c7eaeca0d61d2e53f4f0642bfa382e91dd28b470d2f4da2ba8539fe0e7f7,9,4_7,2410,11008.757786877315,11702.760541741214,11670.976130788898,11670.976130788898,2095,2410,4.567949289160712,4.855917237237018,0.28796794807630643,4.842728684974647,4.842728684974647,0.0,0.28796794807630643,
oth,ud23_oth,HESIODIC_TRADITION,c4c0c7eaeca0d61d2e53f4f0642bfa382e91dd28b470d2f4da2ba8539fe0e7f7,9,ge8,3988,18844.52211919896,19803.4856061474,19467.77268059096,19467.77268059096,3482,3988,4.7253064491471815,4.965768707659829,0.2404622585126477,4.8815879339495885,4.8815879339495885,0.0,0.2404622585126477,
oth,ud23_oth,HOMERIC_TRADITION,209ee9f27c82f31d31eb16124569039d7847ed327f3a0f2b5c4eae048347e621,0,4_7,20381,91738.14124972772,96910.34711883371,96446.53253475677,96446.53253475677,17622,20381,4.501159965150273,4.754935828410466,0.2537758632601932,4.732178623951561,4.732178623951561,0.0,0.2537758632601932,
oth,ud23_oth,HOMERIC_TRADITION,209ee9f27c82f31d31eb16124569039d7847ed327f3a0f2b5c4eae048347e621,0,ge8,26681,123540.2599935277,130500.76104852268,127313.38089413848,127313.38089413848,23825,26681,4.630270979106019,4.89114954643839,0.26087856733237125,4.771687001766743,4.771687001766743,0.0,0.26087856733237125,
oth,ud23_oth,HOMERIC_TRADITION,209ee9f27c82f31d31eb16124569039d7847ed327f3a0f2b5c4eae048347e621,1,4_7,20381,91737.70197557176,96967.29373578058,96426.96578983695,96426.96578983695,17678,20381,4.5011384120294275,4.7577299315921975,0.25659151956276993,4.731218575626169,4.731218575626169,0.0,0.25659151956276993,
oth,ud23_oth,HOMERIC_TRADITION,209ee9f27c82f31d31eb16124569039d7847ed327f3a0f2b5c4eae048347e621,1,ge8,26681,123471.62338183496,130506.57360329179,127411.93466008689,127411.93466008689,23860,26681,4.6276984888810375,4.891367400145864,0.2636689112648263,4.77538078258262,4.77538078258262,0.0,0.2636689112648263,
oth,ud23_oth,HOMERIC_TRADITION,209ee9f27c82f31d31eb16124569039d7847ed327f3a0f2b5c4eae048347e621,2,4_7,20381,91635.72473837917,96915.13603451334,96566.93458139215,96566.93458139215,17696,20381,4.496134867689474,4.755170798023323,0.259035930333849,4.7380861872033835,4.7380861872033835,0.0,0.259035930333849,
oth,ud23_oth,HOMERIC_TRADITION,209ee9f27c82f31d31eb16124569039d7847ed327f3a0f2b5c4eae048347e621,2,ge8,26681,123423.90838062376,130518.77984600754,126964.76143565745,126964.76143565745,23835,26681,4.6259101375744445,4.891824888347796,0.26591475077335147,4.758620795159756,4.758620795159756,0.0,0.26591475077335147,
oth,ud23_oth,HOMERIC_TRADITION,209ee9f27c82f31d31eb16124569039d7847ed327f3a0f2b5c4eae048347e621,3,4_7,20381,91699.30526253868,96906.88793535098,96494.05637622086,96494.05637622086,17736,20381,4.499254465558053,4.754766102514645,0.25551163695659174,4.734510395771594,4.734510395771594,0.0,0.25551163695659174,
oth,ud23_oth,HOMERIC_TRADITION,209ee9f27c82f31d31eb16124569039d7847ed327f3a0f2b5c4eae048347e621,3,ge8,26681,123489.51203827218,130518.95352028169,127080.48125692514,127080.48125692514,23902,26681,4.628368953122903,4.891831397634335,0.26346244451143175,4.76295795723268,4.76295795723268,0.0,0.26346244451143175,
oth,ud23_oth,HOMERIC_TRADITION,209ee9f27c82f31d31eb16124569039d7847ed327f3a0f2b5c4eae048347e621,4,4_7,20381,91662.86645128997,96924.84455513358,96993.74551541434,96993.74551541434,17676,20381,4.497466584136695,4.755647149557606,0.2581805654209113,4.759027796252115,4.759027796252115,0.0,0.2581805654209113,
oth,ud23_oth,HOMERIC_TRADITION,209ee9f27c82f31d31eb16124569039d7847ed327f3a0f2b5c4eae048347e621,4,ge8,26681,123545.25256892956,130545.02318241293,127092.94500394355,127092.94500394355,23827,26681,4.630458100106051,4.892808484779915,0.26235038467386396,4.7634250966584295,4.7634250966584295,0.0,0.26235038467386396,
oth,ud23_oth,HOMERIC_TRADITION,209ee9f27c82f31d31eb16124569039d7847ed327f3a0f2b5c4eae048347e621,5,4_7,20381,91795.91707590813,96946.13919300331,96727.58880798299,96727.58880798299,17740,20381,4.503994753736722,4.756691977479187,0.25269722374246495,4.745968735978754,4.745968735978754,0.0,0.25269722374246495,
oth,ud23_oth,HOMERIC_TRADITION,209ee9f27c82f31d31eb16124569039d7847ed327f3a0f2b5c4eae048347e621,5,ge8,26681,123595.8980949078,130555.96493412831,127454.55973373291,127454.55973373291,23784,26681,4.63235628705475,4.893218580043039,0.2608622929882882,4.776978364144257,4.776978364144257,0.0,0.2608622929882882,
oth,ud23_oth,HOMERIC_TRADITION,209ee9f27c82f31d31eb16124569039d7847ed327f3a0f2b5c4eae048347e621,6,4_7,20381,91699.23387594418,96966.31035058916,96684.98246211687,96684.98246211687,17753,20381,4.499250962952955,4.757681681496941,0.2584307185439867,4.743878242584606,4.743878242584606,0.0,0.2584307185439867,
oth,ud23_oth,HOMERIC_TRADITION,209ee9f27c82f31d31eb16124569039d7847ed327f3a0f2b5c4eae048347e621,6,ge8,26681,123496.6155013548,130535.84562306228,127028.57838794297,127028.57838794297,23781,26681,4.628635189886241,4.892464511190071,0.2638293213038301,4.761012645251038,4.761012645251038,0.0,0.2638293213038301,
oth,ud23_oth,HOMERIC_TRADITION,209ee9f27c82f31d31eb16124569039d7847ed327f3a0f2b5c4eae048347e621,7,4_7,20381,91839.46279926941,96967.23735734182,96638.46114564851,96638.46114564851,17765,20381,4.506131337975046,4.757727165366852,0.25159582739180575,4.7415956599601845,4.7415956599601845,0.0,0.25159582739180575,
oth,ud23_oth,HOMERIC_TRADITION,209ee9f27c82f31d31eb16124569039d7847ed327f3a0f2b5c4eae048347e621,7,ge8,26681,123661.24537492006,130576.45851981138,127197.41672123325,127197.41672123325,23844,26681,4.634805493606689,4.893986676654225,0.2591811830475361,4.767340681429978,4.767340681429978,0.0,0.2591811830475361,
oth,ud23_oth,HOMERIC_TRADITION,209ee9f27c82f31d31eb16124569039d7847ed327f3a0f2b5c4eae048347e621,8,4_7,20381,91729.26632537761,96984.55386806016,96922.51888798723,96922.51888798723,17775,20381,4.500724514271999,4.758576805262752,0.257852290990753,4.755533039987598,4.755533039987598,0.0,0.257852290990753,
oth,ud23_oth,HOMERIC_TRADITION,209ee9f27c82f31d31eb16124569039d7847ed327f3a0f2b5c4eae048347e621,8,ge8,26681,123609.5465450435,130626.28815088444,127326.98281686561,127326.98281686561,23760,26681,4.632867828981054,4.895854283980527,0.2629864549994734,4.77219679985254,4.77219679985254,0.0,0.2629864549994734,
oth,ud23_oth,HOMERIC_TRADITION,209ee9f27c82f31d31eb16124569039d7847ed327f3a0f2b5c4eae048347e621,9,4_7,20381,91750.82317121432,96961.47525638156,96978.82810735602,96978.828107356,17728,20381,4.501782207507694,4.757444446120482,0.25566223861278825,4.758295869062167,4.758295869062166,-8.881784197001252e-16,0.25566223861278914,
oth,ud23_oth,HOMERIC_TRADITION,209ee9f27c82f31d31eb16124569039d7847ed327f3a0f2b5c4eae048347e621,9,ge8,26681,123584.16241190706,130614.72755489251,127112.48351357153,127112.48351357153,23823,26681,4.631916435362507,4.895420994523913,0.26350455916140536,4.76415739715796,4.76415739715796,0.0,0.26350455916140536,
oth,ud23_oth,PLUTARCH,ef8134329970f595ef9ccf4198217affef5c01fa243d5bf4e59ee6daebb04e1d,0,4_7,1842,7702.837698121144,8598.370532732424,8472.52768149383,8472.52768149383,1613,1842,4.181779423518536,4.667953600831935,0.48617417731339874,4.599635006239864,4.599635006239864,0.0,0.48617417731339874,
oth,ud23_oth,PLUTARCH,ef8134329970f595ef9ccf4198217affef5c01fa243d5bf4e59ee6daebb04e1d,0,ge8,5066,21677.28760568969,24469.449213029733,23600.348730770078,23600.348730770078,4612,5066,4.278975050471711,4.83013209890046,0.5511570484287489,4.658576535880394,4.658576535880394,0.0,0.5511570484287489,
oth,ud23_oth,PLUTARCH,ef8134329970f595ef9ccf4198217affef5c01fa243d5bf4e59ee6daebb04e1d,1,4_7,1842,7683.500121164457,8591.845746618177,8538.992932106632,8538.992932106632,1636,1842,4.171281281848239,4.664411371671106,0.4931300898228663,4.635718204183839,4.635718204183839,0.0,0.4931300898228663,
oth,ud23_oth,PLUTARCH,ef8134329970f595ef9ccf4198217affef5c01fa243d5bf4e59ee6daebb04e1d,1,ge8,5066,21640.88228970879,24454.59040939835,23540.341244405132,23540.341244405132,4600,5066,4.271788845185312,4.827199054362091,0.5554102091767792,4.64673139447397,4.64673139447397,0.0,0.5554102091767792,
oth,ud23_oth,PLUTARCH,ef8134329970f595ef9ccf4198217affef5c01fa243d5bf4e59ee6daebb04e1d,2,4_7,1842,7690.999032779946,8595.599662742115,8430.816059981797,8430.816059981797,1647,1842,4.175352352214954,4.666449328307338,0.49109697609238356,4.576990260576437,4.576990260576437,0.0,0.49109697609238356,
oth,ud23_oth,PLUTARCH,ef8134329970f595ef9ccf4198217affef5c01fa243d5bf4e59ee6daebb04e1d,2,ge8,5066,21648.69041598511,24466.368588047742,23675.135382666344,23675.135382666344,4572,5066,4.273330125539895,4.829524000799002,0.5561938752591065,4.673339001710688,4.673339001710688,0.0,0.5561938752591065,
oth,ud23_oth,PLUTARCH,ef8134329970f595ef9ccf4198217affef5c01fa243d5bf4e59ee6daebb04e1d,3,4_7,1842,7681.026680439865,8592.31056628966,8392.004425240999,8392.004425240999,1625,1842,4.169938480151935,4.66466371676963,0.4947252366176951,4.55591988340988,4.55591988340988,0.0,0.4947252366176951,
oth,ud23_oth,PLUTARCH,ef8134329970f595ef9ccf4198217affef5c01fa243d5bf4e59ee6daebb04e1d,3,ge8,5066,21626.074864822862,24432.30036207384,23634.6428562056,23634.6428562056,4646,5066,4.268865942523266,4.822799123978255,0.5539331814549895,4.665346003988472,4.665346003988472,0.0,0.5539331814549895,
oth,ud23_oth,PLUTARCH,ef8134329970f595ef9ccf4198217affef5c01fa243d5bf4e59ee6daebb04e1d,4,4_7,1842,7695.291960570849,8594.023286257547,8493.243828886174,8493.243828886174,1654,1842,4.1776829319059985,4.665593532170221,0.4879106002642226,4.610881557484351,4.610881557484351,0.0,0.4879106002642226,
oth,ud23_oth,PLUTARCH,ef8134329970f595ef9ccf4198217affef5c01fa243d5bf4e59ee6daebb04e1d,4,ge8,5066,21651.19522774023,24450.332250711843,23568.34109541228,23568.34109541228,4607,5066,4.27382456133838,4.826358517708615,0.552533956370235,4.652258408095594,4.652258408095594,0.0,0.552533956370235,
oth,ud23_oth,PLUTARCH,ef8134329970f595ef9ccf4198217affef5c01fa243d5bf4e59ee6daebb04e1d,5,4_7,1842,7676.777987632075,8599.11301404356,8437.053437839728,8437.053437839728,1619,1842,4.167631915109704,4.668356685148512,0.5007247700388087,4.580376459196378,4.580376459196378,0.0,0.5007247700388087,
oth,ud23_oth,PLUTARCH,ef8134329970f595ef9ccf4198217affef5c01fa243d5bf4e59ee6daebb04e1d,5,ge8,5066,21649.369392760425,24467.02338337094,23570.603636813947,23570.603636813943,4622,5066,4.273464151748998,4.829653253725017,0.5561891019760195,4.652705021084475,4.652705021084474,-8.881784197001252e-16,0.5561891019760203,
oth,ud23_oth,PLUTARCH,ef8134329970f595ef9ccf4198217affef5c01fa243d5bf4e59ee6daebb04e1d,6,4_7,1842,7698.877858230177,8595.793380252919,8453.326758628105,8453.326758628105,1612,1842,4.179629673306285,4.666554495251313,0.4869248219450286,4.589211052458255,4.589211052458255,0.0,0.4869248219450286,
oth,ud23_oth,PLUTARCH,ef8134329970f595ef9ccf4198217affef5c01fa243d5bf4e59ee6daebb04e1d,6,ge8,5066,21664.202212520286,24440.654648023687,23709.68577687057,23709.68577687057,4636,5066,4.276392067216795,4.824448213190621,0.5480561459738258,4.6801590558370645,4.6801590558370645,0.0,0.5480561459738258,
oth,ud23_oth,PLUTARCH,ef8134329970f595ef9ccf4198217affef5c01fa243d5bf4e59ee6daebb04e1d,7,4_7,1842,7676.607151774566,8591.62749043389,8317.098995686838,8317.098995686838,1625,1842,4.167539170344498,4.66429288297171,0.49675371262721146,4.515254612207838,4.515254612207838,0.0,0.49675371262721146,
oth,ud23_oth,PLUTARCH,ef8134329970f595ef9ccf4198217affef5c01fa243d5bf4e59ee6daebb04e1d,7,ge8,5066,21626.260938259253,24439.57826849269,23663.37732355787,23663.37732355787,4618,5066,4.268902672376481,4.824235741905387,0.5553330695289054,4.671018026758364,4.671018026758364,0.0,0.5553330695289054,
oth,ud23_oth,PLUTARCH,ef8134329970f595ef9ccf4198217affef5c01fa243d5bf4e59ee6daebb04e1d,8,4_7,1842,7676.279767492859,8593.061072784905,8487.191800979423,8487.191800979423,1629,1842,4.1673614372925405,4.665071157863683,0.4977097205711427,4.607595983159296,4.607595983159296,0.0,0.4977097205711427,
oth,ud23_oth,PLUTARCH,ef8134329970f595ef9ccf4198217affef5c01fa243d5bf4e59ee6daebb04e1d,8,ge8,5066,21660.525835344877,24446.030574193486,23507.128300690238,23507.128300690238,4559,5066,4.275666370972143,4.825509390879093,0.54984301990695,4.640175345576439,4.640175345576439,0.0,0.54984301990695,
oth,ud23_oth,PLUTARCH,ef8134329970f595ef9ccf4198217affef5c01fa243d5bf4e59ee6daebb04e1d,9,4_7,1842,7676.122677010924,8590.715040323768,8514.342735611528,8514.342735611528,1641,1842,4.167276154729057,4.663797524605737,0.49652136987667994,4.622335904240786,4.622335904240786,0.0,0.49652136987667994,
oth,ud23_oth,PLUTARCH,ef8134329970f595ef9ccf4198217affef5c01fa243d5bf4e59ee6daebb04e1d,9,ge8,5066,21657.10806296138,24469.20440421007,23584.846836196382,23584.846836196382,4594,5066,4.2749917218636755,4.8300837750118575,0.555092053148182,4.65551654879518,4.65551654879518,0.0,0.555092053148182,
oth,ud23_oth,THUCYDIDES,1a32cf6857284fff7c7f006f8d0cd4ab15a047af7a4bcd5613d1fd50789dd4ee,0,4_7,1990,8426.67038499868,9255.87948524899,9161.249472607971,9161.249472607971,1754,1990,4.234507731155116,4.651195721230648,0.41668799007553226,4.603642951059282,4.603642951059282,0.0,0.41668799007553226,
oth,ud23_oth,THUCYDIDES,1a32cf6857284fff7c7f006f8d0cd4ab15a047af7a4bcd5613d1fd50789dd4ee,0,ge8,5244,22933.869928093456,25152.238172638896,24376.834713377186,24376.834713377186,4735,5244,4.373354295975106,4.796384090892238,0.42302979491713266,4.648519205449501,4.648519205449501,0.0,0.42302979491713266,
oth,ud23_oth,THUCYDIDES,1a32cf6857284fff7c7f006f8d0cd4ab15a047af7a4bcd5613d1fd50789dd4ee,1,4_7,1990,8418.659104890547,9262.413702536116,9162.286532960401,9162.286532960401,1739,1990,4.230481962256556,4.654479247505586,0.4239972852490297,4.604164086914774,4.604164086914774,0.0,0.4239972852490297,
oth,ud23_oth,THUCYDIDES,1a32cf6857284fff7c7f006f8d0cd4ab15a047af7a4bcd5613d1fd50789dd4ee,1,ge8,5244,22951.870704081128,25159.304341862735,24334.18585250394,24334.18585250394,4749,5244,4.376786938230573,4.797731567860933,0.42094462963035983,4.640386318173902,4.640386318173902,0.0,0.42094462963035983,
oth,ud23_oth,THUCYDIDES,1a32cf6857284fff7c7f006f8d0cd4ab15a047af7a4bcd5613d1fd50789dd4ee,2,4_7,1990,8408.19444387228,9253.243671810564,9134.462037493986,9134.462037493986,1768,1990,4.225223338629287,4.649871191864605,0.4246478532353182,4.590181928388938,4.590181928388938,0.0,0.4246478532353182,
oth,ud23_oth,THUCYDIDES,1a32cf6857284fff7c7f006f8d0cd4ab15a047af7a4bcd5613d1fd50789dd4ee,2,ge8,5244,22935.33610384533,25157.074104017716,24344.08945919591,24344.089459195908,4729,5244,4.373633887079582,4.797306274602921,0.4236723875233386,4.642274877802424,4.642274877802423,-8.881784197001252e-16,0.42367238752333947,
oth,ud23_oth,THUCYDIDES,1a32cf6857284fff7c7f006f8d0cd4ab15a047af7a4bcd5613d1fd50789dd4ee,3,4_7,1990,8411.649010524774,9259.848941495102,9141.824256906384,9141.824256906384,1767,1990,4.2269593017712435,4.653190422861861,0.4262311210906171,4.593881536133861,4.593881536133861,0.0,0.4262311210906171,
oth,ud23_oth,THUCYDIDES,1a32cf6857284fff7c7f006f8d0cd4ab15a047af7a4bcd5613d1fd50789dd4ee,3,ge8,5244,22926.427636592445,25151.3213396777,24305.62324575252,24305.62324575252,4785,5244,4.371935094697263,4.796209256231445,0.42427416153418207,4.634939596825423,4.634939596825423,0.0,0.42427416153418207,
oth,ud23_oth,THUCYDIDES,1a32cf6857284fff7c7f006f8d0cd4ab15a047af7a4bcd5613d1fd50789dd4ee,4,4_7,1990,8403.242456544749,9257.345721547834,9138.369668283405,9138.369668283403,1774,1990,4.222734902786306,4.6519325233908715,0.42919762060456534,4.59214556195146,4.592145561951459,-8.881784197001252e-16,0.42919762060456623,
oth,ud23_oth,THUCYDIDES,1a32cf6857284fff7c7f006f8d0cd4ab15a047af7a4bcd5613d1fd50789dd4ee,4,ge8,5244,22962.18720209006,25165.717997948454,24295.59133120598,24295.591331205975,4734,5244,4.378754233808173,4.798954614406647,0.420200380598474,4.633026569642635,4.6330265696426345,-8.881784197001252e-16,0.42020038059847487,
oth,ud23_oth,THUCYDIDES,1a32cf6857284fff7c7f006f8d0cd4ab15a047af7a4bcd5613d1fd50789dd4ee,5,4_7,1990,8397.278985221215,9255.84731054856,9141.254040156307,9141.254040156306,1739,1990,4.219738183528249,4.651179553039477,0.43144136951122825,4.5935949950534205,4.59359499505342,-8.881784197001252e-16,0.43144136951122913,
oth,ud23_oth,THUCYDIDES,1a32cf6857284fff7c7f006f8d0cd4ab15a047af7a4bcd5613d1fd50789dd4ee,5,ge8,5244,22922.132820656636,25159.543891399422,24308.233081894206,24308.233081894206,4723,5244,4.371116098523386,4.797777248550615,0.42666115002722904,4.6354372772490855,4.6354372772490855,0.0,0.42666115002722904,
oth,ud23_oth,THUCYDIDES,1a32cf6857284fff7c7f006f8d0cd4ab15a047af7a4bcd5613d1fd50789dd4ee,6,4_7,1990,8425.404840202991,9260.88578624807,9177.613872930458,9177.613872930458,1765,1990,4.233871778996478,4.653711450375915,0.419839671379437,4.611866267804251,4.611866267804251,0.0,0.419839671379437,
oth,ud23_oth,THUCYDIDES,1a32cf6857284fff7c7f006f8d0cd4ab15a047af7a4bcd5613d1fd50789dd4ee,6,ge8,5244,22965.575753109508,25166.47034393838,24188.58605748624,24188.586057486238,4765,5244,4.379400410585337,4.799098082368112,0.4196976717827754,4.6126212924268195,4.612621292426819,-8.881784197001252e-16,0.4196976717827763,
oth,ud23_oth,THUCYDIDES,1a32cf6857284fff7c7f006f8d0cd4ab15a047af7a4bcd5613d1fd50789dd4ee,7,4_7,1990,8405.709811145573,9258.502393032462,9167.640573828385,9167.640573828385,1753,1990,4.2239747794701366,4.652513765342946,0.4285389858728097,4.606854559712756,4.606854559712756,0.0,0.4285389858728097,
oth,ud23_oth,THUCYDIDES,1a32cf6857284fff7c7f006f8d0cd4ab15a047af7a4bcd5613d1fd50789dd4ee,7,ge8,5244,22937.101630831523,25171.936746878368,24211.300649149187,24211.300649149187,4768,5244,4.37397056270624,4.800140493302511,0.42616993059627095,4.616952831645535,4.616952831645535,0.0,0.42616993059627095,
oth,ud23_oth,THUCYDIDES,1a32cf6857284fff7c7f006f8d0cd4ab15a047af7a4bcd5613d1fd50789dd4ee,8,4_7,1990,8411.458474575506,9258.059748652666,9150.142826055186,9150.142826055186,1739,1990,4.226863555063068,4.652291330981239,0.4254277759181706,4.598061721635772,4.598061721635772,0.0,0.4254277759181706,
oth,ud23_oth,THUCYDIDES,1a32cf6857284fff7c7f006f8d0cd4ab15a047af7a4bcd5613d1fd50789dd4ee,8,ge8,5244,22918.494158340895,25161.799535798986,24203.31502867071,24203.31502867071,4720,5244,4.370422226991018,4.798207386689357,0.4277851596983391,4.615430020722866,4.615430020722866,0.0,0.4277851596983391,
oth,ud23_oth,THUCYDIDES,1a32cf6857284fff7c7f006f8d0cd4ab15a047af7a4bcd5613d1fd50789dd4ee,9,4_7,1990,8411.588698788644,9259.027209913753,9158.499564373591,9158.499564373591,1757,1990,4.226928994366153,4.652777492418971,0.4258484980528179,4.60226108762492,4.60226108762492,0.0,0.4258484980528179,
oth,ud23_oth,THUCYDIDES,1a32cf6857284fff7c7f006f8d0cd4ab15a047af7a4bcd5613d1fd50789dd4ee,9,ge8,5244,22933.705325844756,25171.76648135509,24252.247051762268,24252.247051762268,4716,5244,4.37332290729305,4.8001080246672565,0.4267851173742061,4.624761070130105,4.624761070130105,0.0,0.4267851173742061,
q_half,ud23,ATHENAEUS,4352f04fcfd7cbe580caddf69f309034ffb967d5d1bc8a8e809498de5bf8d329,0,4_7,5641,23961.215903802222,25999.5555340795,25554.35586115547,25554.35586115547,4892,5641,4.247689399716756,4.609033067555309,0.3613436678385531,4.530110948618236,4.530110948618236,0.0,0.3613436678385531,
q_half,ud23,ATHENAEUS,4352f04fcfd7cbe580caddf69f309034ffb967d5d1bc8a8e809498de5bf8d329,0,ge8,11050,48027.13014724177,52209.70165745757,50645.63398093977,50645.633980939776,9966,11050,4.346346619659888,4.724859878502947,0.37851325884305886,4.583315292392739,4.58331529239274,8.881784197001252e-16,0.378513258843058,
q_half,ud23,ATHENAEUS,4352f04fcfd7cbe580caddf69f309034ffb967d5d1bc8a8e809498de5bf8d329,1,4_7,5641,23987.100894120616,25982.98656161002,25627.934896028702,25627.934896028702,4948,5641,4.252278123403761,4.606095827266446,0.35381770386268485,4.543154564089471,4.543154564089471,0.0,0.35381770386268485,
q_half,ud23,ATHENAEUS,4352f04fcfd7cbe580caddf69f309034ffb967d5d1bc8a8e809498de5bf8d329,1,ge8,11050,48116.54957366848,52190.83660330205,50414.85187176692,50414.85187176692,9920,11050,4.354438875445111,4.723152633782991,0.3687137583378801,4.562430033644065,4.562430033644065,0.0,0.3687137583378801,
q_half,ud23,ATHENAEUS,4352f04fcfd7cbe580caddf69f309034ffb967d5d1bc8a8e809498de5bf8d329,2,4_7,5641,23970.988360506894,26011.064759639314,25629.035881368934,25629.035881368934,4976,5641,4.2494217976434845,4.6110733486330995,0.361651550989615,4.543349739650583,4.543349739650583,0.0,0.361651550989615,
q_half,ud23,ATHENAEUS,4352f04fcfd7cbe580caddf69f309034ffb967d5d1bc8a8e809498de5bf8d329,2,ge8,11050,48019.353781659265,52267.59204450787,50449.23415540835,50449.23415540835,9876,11050,4.3456428761682595,4.730098827557273,0.3844559513890138,4.565541552525643,4.565541552525643,0.0,0.3844559513890138,
q_half,ud23,ATHENAEUS,4352f04fcfd7cbe580caddf69f309034ffb967d5d1bc8a8e809498de5bf8d329,3,4_7,5641,23918.34719545836,25954.76752412282,25465.54094680345,25465.54094680345,4900,5641,4.2400899123308555,4.601093338791495,0.36100342646063943,4.514366414962497,4.514366414962497,0.0,0.36100342646063943,
q_half,ud23,ATHENAEUS,4352f04fcfd7cbe580caddf69f309034ffb967d5d1bc8a8e809498de5bf8d329,3,ge8,11050,47934.95752934299,52152.80596855545,50492.69960553975,50492.699605539754,9943,11050,4.338005206275383,4.719710947380584,0.3817057411052005,4.5694750774244115,4.569475077424412,8.881784197001252e-16,0.3817057411051996,
q_half,ud23,ATHENAEUS,4352f04fcfd7cbe580caddf69f309034ffb967d5d1bc8a8e809498de5bf8d329,4,4_7,5641,23939.669613074286,26007.29686247629,25589.911211903982,25589.911211903982,4954,5641,4.243869812635045,4.610405400190798,0.3665355875557532,4.5364139712646665,4.5364139712646665,0.0,0.3665355875557532,
q_half,ud23,ATHENAEUS,4352f04fcfd7cbe580caddf69f309034ffb967d5d1bc8a8e809498de5bf8d329,4,ge8,11050,48089.55897714455,52257.318035621574,50561.73657392576,50561.736573925766,9909,11050,4.351996287524394,4.7291690529974275,0.37717276547303324,4.57572276687111,4.5757227668711105,8.881784197001252e-16,0.37717276547303236,
q_half,ud23,ATHENAEUS,4352f04fcfd7cbe580caddf69f309034ffb967d5d1bc8a8e809498de5bf8d329,5,4_7,5641,23968.813283458054,25985.380845287324,25532.260841238734,25532.260841238734,4993,5641,4.2490362140503555,4.606520270393073,0.3574840563427175,4.526194086374532,4.526194086374532,0.0,0.3574840563427175,
q_half,ud23,ATHENAEUS,4352f04fcfd7cbe580caddf69f309034ffb967d5d1bc8a8e809498de5bf8d329,5,ge8,11050,48108.45951588073,52254.235168633066,50591.91320447205,50591.91320447205,9894,11050,4.353706743518618,4.72889006050978,0.37518331699116203,4.578453683662629,4.578453683662629,0.0,0.37518331699116203,
q_half,ud23,ATHENAEUS,4352f04fcfd7cbe580caddf69f309034ffb967d5d1bc8a8e809498de5bf8d329,6,4_7,5641,23970.403051388086,25970.107101343398,25521.094144436174,25521.094144436174,4936,5641,4.24931803782806,4.603812639841056,0.35449460201299576,4.524214526579716,4.524214526579716,0.0,0.35449460201299576,
q_half,ud23,ATHENAEUS,4352f04fcfd7cbe580caddf69f309034ffb967d5d1bc8a8e809498de5bf8d329,6,ge8,11050,48067.778434502165,52200.007375308734,50478.09479079665,50478.09479079665,9920,11050,4.350025197692504,4.723982567901243,0.3739573702087391,4.568153374732728,4.568153374732728,0.0,0.3739573702087391,
q_half,ud23,ATHENAEUS,4352f04fcfd7cbe580caddf69f309034ffb967d5d1bc8a8e809498de5bf8d329,7,4_7,5641,24003.360494052435,25991.604343256837,25645.82212432514,25645.82212432514,4914,5641,4.2551605201298415,4.607623531866129,0.3524630117362877,4.546325496246258,4.546325496246258,0.0,0.3524630117362877,
q_half,ud23,ATHENAEUS,4352f04fcfd7cbe580caddf69f309034ffb967d5d1bc8a8e809498de5bf8d329,7,ge8,11050,48103.30054384932,52259.88305353667,50667.52091857014,50667.52091857014,9880,11050,4.3532398682216575,4.729401181315536,0.37616131309387857,4.585296010730329,4.585296010730329,0.0,0.37616131309387857,
q_half,ud23,ATHENAEUS,4352f04fcfd7cbe580caddf69f309034ffb967d5d1bc8a8e809498de5bf8d329,8,4_7,5641,23965.78478695391,25976.28088591281,25540.840488570393,25540.840488570393,4897,5641,4.248499341775202,4.604907088444036,0.35640774666883424,4.5277150307694365,4.5277150307694365,0.0,0.35640774666883424,
q_half,ud23,ATHENAEUS,4352f04fcfd7cbe580caddf69f309034ffb967d5d1bc8a8e809498de5bf8d329,8,ge8,11050,48131.696167392074,52240.880937878945,50645.12130126278,50645.12130126278,9908,11050,4.355809607908785,4.727681532839724,0.37187192493093857,4.58326889604188,4.58326889604188,0.0,0.37187192493093857,
q_half,ud23,ATHENAEUS,4352f04fcfd7cbe580caddf69f309034ffb967d5d1bc8a8e809498de5bf8d329,9,4_7,5641,23928.329440958427,26009.715282067697,25679.416493396828,25679.416493396828,4882,5641,4.24185950025854,4.6108341219761915,0.3689746217176513,4.552280888742568,4.552280888742568,0.0,0.3689746217176513,
q_half,ud23,ATHENAEUS,4352f04fcfd7cbe580caddf69f309034ffb967d5d1bc8a8e809498de5bf8d329,9,ge8,11050,47945.51409934132,52226.4665305427,50627.18498034206,50627.18498034206,9936,11050,4.33896055197659,4.726377061587574,0.3874165096109845,4.581645699578467,4.581645699578467,0.0,0.3874165096109845,
q_half,ud23,DIODORUS,d91dad02f8da03cf6702fa7edec531da5e56f526f466e2f04180f2a23a1cf315,0,4_7,2898,11456.615947760878,12691.76740133313,12694.46237980941,12694.46237980941,2555,2898,3.9532836258664177,4.379491856912743,0.42620823104632555,4.38042180117647,4.38042180117647,0.0,0.42620823104632555,
q_half,ud23,DIODORUS,d91dad02f8da03cf6702fa7edec531da5e56f526f466e2f04180f2a23a1cf315,0,ge8,9436,39120.608778290385,43095.09360910982,41672.667600499546,41672.667600499546,8445,9436,4.1458890184707915,4.567093430384678,0.42120441191388647,4.416348834304742,4.416348834304742,0.0,0.42120441191388647,
q_half,ud23,DIODORUS,d91dad02f8da03cf6702fa7edec531da5e56f526f466e2f04180f2a23a1cf315,1,4_7,2898,11443.633988917043,12660.59041462529,12657.631793926039,12657.631793926039,2514,2898,3.9488039989361776,4.368733752458692,0.4199297535225148,4.367712834343009,4.367712834343009,0.0,0.4199297535225148,
q_half,ud23,DIODORUS,d91dad02f8da03cf6702fa7edec531da5e56f526f466e2f04180f2a23a1cf315,1,ge8,9436,39026.08943320788,43065.21913704442,41762.751967287564,41762.751967287564,8446,9436,4.135872131539623,4.563927420203944,0.4280552886643214,4.425895715058029,4.425895715058029,0.0,0.4280552886643214,
q_half,ud23,DIODORUS,d91dad02f8da03cf6702fa7edec531da5e56f526f466e2f04180f2a23a1cf315,2,4_7,2898,11459.34683528211,12689.517882902954,12710.998565138265,12710.998565138267,2556,2898,3.9542259611049375,4.378715625570377,0.4244896644654399,4.386127869267862,4.386127869267863,8.881784197001252e-16,0.424489664465439,
q_half,ud23,DIODORUS,d91dad02f8da03cf6702fa7edec531da5e56f526f466e2f04180f2a23a1cf315,2,ge8,9436,39015.18380546323,43153.3133484303,41697.80080682742,41697.80080682742,8356,9436,4.13471638464002,4.5732633900413635,0.43854700540134317,4.419012378849875,4.419012378849875,0.0,0.43854700540134317,
q_half,ud23,DIODORUS,d91dad02f8da03cf6702fa7edec531da5e56f526f466e2f04180f2a23a1cf315,3,4_7,2898,11426.006373605518,12676.486523815982,12613.676182566569,12613.67618256657,2585,2898,3.942721315943933,4.374218952317454,0.43149763637352123,4.352545266586118,4.352545266586119,8.881784197001252e-16,0.43149763637352034,
q_half,ud23,DIODORUS,d91dad02f8da03cf6702fa7edec531da5e56f526f466e2f04180f2a23a1cf315,3,ge8,9436,38953.9936746063,43035.06539958707,41730.217310238826,41730.21731023883,8418,9436,4.128231631475869,4.560731814284344,0.43250018280847424,4.422447786163504,4.422447786163505,8.881784197001252e-16,0.43250018280847335,
q_half,ud23,DIODORUS,d91dad02f8da03cf6702fa7edec531da5e56f526f466e2f04180f2a23a1cf315,4,4_7,2898,11422.609899173729,12660.832135551962,12634.097779057282,12634.097779057282,2558,2898,3.9415493095837575,4.368817162026212,0.42726785244245447,4.359592056265453,4.359592056265453,0.0,0.42726785244245447,
q_half,ud23,DIODORUS,d91dad02f8da03cf6702fa7edec531da5e56f526f466e2f04180f2a23a1cf315,4,ge8,9436,39024.072097155295,43032.12495387419,41514.11079132073,41514.11079132073,8462,9436,4.135658340097001,4.560420194348685,0.42476185425168467,4.399545442064512,4.399545442064512,0.0,0.42476185425168467,
q_half,ud23,DIODORUS,d91dad02f8da03cf6702fa7edec531da5e56f526f466e2f04180f2a23a1cf315,5,4_7,2898,11441.32914365245,12674.851615446356,12648.509952026094,12648.509952026094,2522,2898,3.948008676208575,4.373654801741323,0.42564612553274817,4.364565200837162,4.364565200837162,0.0,0.42564612553274817,
q_half,ud23,DIODORUS,d91dad02f8da03cf6702fa7edec531da5e56f526f466e2f04180f2a23a1cf315,5,ge8,9436,38928.24079868198,43080.371946901236,41752.57718397658,41752.57718397658,8469,9436,4.125502416138404,4.565533271184955,0.44003085504655104,4.424817420938595,4.424817420938595,0.0,0.44003085504655104,
q_half,ud23,DIODORUS,d91dad02f8da03cf6702fa7edec531da5e56f526f466e2f04180f2a23a1cf315,6,4_7,2898,11426.506583610004,12672.585759784537,12569.61639532528,12569.61639532528,2544,2898,3.9428939211904774,4.372872932982932,0.42997901179245446,4.337341751319973,4.337341751319973,0.0,0.42997901179245446,
q_half,ud23,DIODORUS,d91dad02f8da03cf6702fa7edec531da5e56f526f466e2f04180f2a23a1cf315,6,ge8,9436,38946.48833912964,43042.80104194538,41711.985418608485,41711.985418608485,8488,9436,4.127436237720394,4.561551615297306,0.4341153775769122,4.420515622997931,4.420515622997931,0.0,0.4341153775769122,
q_half,ud23,DIODORUS,d91dad02f8da03cf6702fa7edec531da5e56f526f466e2f04180f2a23a1cf315,7,4_7,2898,11445.823412080395,12678.840169384108,12699.699433638409,12699.699433638409,2565,2898,3.949559493471496,4.375031114349244,0.4254716208777478,4.382228928101591,4.382228928101591,0.0,0.4254716208777478,
q_half,ud23,DIODORUS,d91dad02f8da03cf6702fa7edec531da5e56f526f466e2f04180f2a23a1cf315,7,ge8,9436,38941.13765782503,43034.64103946212,41562.40191603487,41562.40191603487,8483,9436,4.126869187984848,4.5606868418251505,0.43381765384030224,4.404663195849393,4.404663195849393,0.0,0.43381765384030224,
q_half,ud23,DIODORUS,d91dad02f8da03cf6702fa7edec531da5e56f526f466e2f04180f2a23a1cf315,8,4_7,2898,11449.037572655596,12663.594059984047,12686.12915951461,12686.12915951461,2564,2898,3.9506685895982043,4.369770207033833,0.41910161743562835,4.377546293828368,4.377546293828368,0.0,0.41910161743562835,
q_half,ud23,DIODORUS,d91dad02f8da03cf6702fa7edec531da5e56f526f466e2f04180f2a23a1cf315,8,ge8,9436,38982.52259789055,42994.04055243386,41626.273762755685,41626.273762755685,8392,9436,4.131255044286832,4.556384119588158,0.42512907530132527,4.411432149507809,4.411432149507809,0.0,0.42512907530132527,
q_half,ud23,DIODORUS,d91dad02f8da03cf6702fa7edec531da5e56f526f466e2f04180f2a23a1cf315,9,4_7,2898,11390.137758721836,12687.620456654518,12677.276880601717,12677.276880601717,2553,2898,3.9303442921745466,4.378060889114741,0.44771659694019394,4.374491677226265,4.374491677226265,0.0,0.44771659694019394,
q_half,ud23,DIODORUS,d91dad02f8da03cf6702fa7edec531da5e56f526f466e2f04180f2a23a1cf315,9,ge8,9436,38928.59215348422,43076.443788782955,41628.54907515014,41628.54907515014,8429,9436,4.1255396517045595,4.565116976344103,0.4395773246395436,4.411673280537319,4.411673280537319,0.0,0.4395773246395436,
q_half,ud23,HERODOTUS,89f0804afded8e7a0f4e1b507030d5ef4ecaf17e422c8b2969bd6b23e62818e6,0,4_7,3977,17489.999331503644,18671.738996407243,18509.17078944653,18509.17078944653,3523,3977,4.39778710875123,4.6949306000521105,0.29714349130088014,4.654053505015471,4.654053505015471,0.0,0.29714349130088014,
q_half,ud23,HERODOTUS,89f0804afded8e7a0f4e1b507030d5ef4ecaf17e422c8b2969bd6b23e62818e6,0,ge8,8969,40606.710154592314,43356.383073906065,41700.307424557024,41700.307424557024,8088,8969,4.527451238108186,4.834026432590709,0.306575194482523,4.649382029719815,4.649382029719815,0.0,0.306575194482523,
q_half,ud23,HERODOTUS,89f0804afded8e7a0f4e1b507030d5ef4ecaf17e422c8b2969bd6b23e62818e6,1,4_7,3977,17411.139630953967,18645.85141737813,18362.29497475659,18362.294974756594,3509,3977,4.377958167199891,4.688421276685474,0.31046310948558276,4.617122196317976,4.617122196317977,8.881784197001252e-16,0.31046310948558187,
q_half,ud23,HERODOTUS,89f0804afded8e7a0f4e1b507030d5ef4ecaf17e422c8b2969bd6b23e62818e6,1,ge8,8969,40500.82033299127,43346.785768105896,41854.0013288336,41854.0013288336,8125,8969,4.5156450365694365,4.832956379541297,0.3173113429718608,4.66651815462522,4.66651815462522,0.0,0.3173113429718608,
q_half,ud23,HERODOTUS,89f0804afded8e7a0f4e1b507030d5ef4ecaf17e422c8b2969bd6b23e62818e6,2,4_7,3977,17426.28320555233,18684.43104364681,18355.915503191998,18355.915503191998,3482,3977,4.3817659556329716,4.69812196219432,0.31635600656134866,4.615518104901182,4.615518104901182,0.0,0.31635600656134866,
q_half,ud23,HERODOTUS,89f0804afded8e7a0f4e1b507030d5ef4ecaf17e422c8b2969bd6b23e62818e6,2,ge8,8969,40499.97744909319,43350.25935659401,41794.303308776616,41794.303308776616,8114,8969,4.51555105910282,4.8333436678106825,0.31779260870786263,4.659862114926593,4.659862114926593,0.0,0.31779260870786263,
q_half,ud23,HERODOTUS,89f0804afded8e7a0f4e1b507030d5ef4ecaf17e422c8b2969bd6b23e62818e6,3,4_7,3977,17410.981518628694,18666.577551864506,18281.39594612175,18281.39594612175,3530,3977,4.37791841051765,4.6936327764306025,0.3157143659129522,4.596780474257417,4.596780474257417,0.0,0.3157143659129522,
q_half,ud23,HERODOTUS,89f0804afded8e7a0f4e1b507030d5ef4ecaf17e422c8b2969bd6b23e62818e6,3,ge8,8969,40428.33574429565,43349.795033917886,41746.49256902103,41746.49256902104,8090,8969,4.507563356482958,4.833291898084278,0.32572854160132003,4.654531449327799,4.654531449327799,0.0,0.32572854160132003,
q_half,ud23,HERODOTUS,89f0804afded8e7a0f4e1b507030d5ef4ecaf17e422c8b2969bd6b23e62818e6,4,4_7,3977,17438.568449657316,18657.32434818525,18277.278728128702,18277.278728128702,3524,3977,4.384855028830102,4.691306097104665,0.3064510682745629,4.595745217030099,4.595745217030099,0.0,0.3064510682745629,
q_half,ud23,HERODOTUS,89f0804afded8e7a0f4e1b507030d5ef4ecaf17e422c8b2969bd6b23e62818e6,4,ge8,8969,40490.56047650356,43338.824008103285,41821.06676160491,41821.06676160492,8085,8969,4.514501112331761,4.832068681915853,0.31756756958409227,4.662846110113158,4.662846110113159,8.881784197001252e-16,0.3175675695840914,
q_half,ud23,HERODOTUS,89f0804afded8e7a0f4e1b507030d5ef4ecaf17e422c8b2969bd6b23e62818e6,5,4_7,3977,17411.57270300839,18664.11354087913,18337.67782120398,18337.67782120398,3491,3977,4.378067061354888,4.693013211184091,0.3149461498292032,4.610932316118677,4.610932316118677,0.0,0.3149461498292032,
q_half,ud23,HERODOTUS,89f0804afded8e7a0f4e1b507030d5ef4ecaf17e422c8b2969bd6b23e62818e6,5,ge8,8969,40334.26348178262,43282.48720082014,41767.97508474733,41767.97508474733,8088,8969,4.497074755466899,4.825787401139496,0.3287126456725966,4.656926645640242,4.656926645640242,0.0,0.3287126456725966,
q_half,ud23,HERODOTUS,89f0804afded8e7a0f4e1b507030d5ef4ecaf17e422c8b2969bd6b23e62818e6,6,4_7,3977,17443.688023257833,18634.867901981153,18330.64098165614,18330.64098165614,3534,3977,4.3861423241784845,4.685659517722191,0.2995171935437062,4.6091629322746135,4.6091629322746135,0.0,0.2995171935437062,
q_half,ud23,HERODOTUS,89f0804afded8e7a0f4e1b507030d5ef4ecaf17e422c8b2969bd6b23e62818e6,6,ge8,8969,40496.469229813716,43299.241908043834,41688.993424170105,41688.993424170105,8124,8969,4.515159909668159,4.827655469733954,0.3124955600657948,4.648120573550017,4.648120573550017,0.0,0.3124955600657948,
q_half,ud23,HERODOTUS,89f0804afded8e7a0f4e1b507030d5ef4ecaf17e422c8b2969bd6b23e62818e6,7,4_7,3977,17421.473281977265,18664.589650214326,18528.242217566185,18528.242217566185,3497,3977,4.380556520487117,4.69313292688316,0.312576406396043,4.6588489357722365,4.6588489357722365,0.0,0.312576406396043,
q_half,ud23,HERODOTUS,89f0804afded8e7a0f4e1b507030d5ef4ecaf17e422c8b2969bd6b23e62818e6,7,ge8,8969,40536.85145098596,43335.353026152006,41717.856316372316,41717.856316372316,8057,8969,4.519662331473516,4.8316816842626835,0.3120193527891679,4.65133864604441,4.65133864604441,0.0,0.3120193527891679,
q_half,ud23,HERODOTUS,89f0804afded8e7a0f4e1b507030d5ef4ecaf17e422c8b2969bd6b23e62818e6,8,4_7,3977,17418.7981957334,18654.7593247081,18437.21364491996,18437.21364491996,3533,3977,4.3798838812505405,4.690661132689992,0.31077725143945134,4.635960182278089,4.635960182278089,0.0,0.31077725143945134,
q_half,ud23,HERODOTUS,89f0804afded8e7a0f4e1b507030d5ef4ecaf17e422c8b2969bd6b23e62818e6,8,ge8,8969,40494.45985467653,43353.658672929865,41756.567541260825,41756.567541260825,8084,8969,4.51493587408591,4.833722675095314,0.31878680100940393,4.655654759868527,4.655654759868527,0.0,0.31878680100940393,
q_half,ud23,HERODOTUS,89f0804afded8e7a0f4e1b507030d5ef4ecaf17e422c8b2969bd6b23e62818e6,9,4_7,3977,17455.793168252996,18650.377617659244,18455.38136874177,18455.38136874177,3494,3977,4.3891861122084475,4.689559370796893,0.3003732585884453,4.640528380372586,4.640528380372586,0.0,0.3003732585884453,
q_half,ud23,HERODOTUS,89f0804afded8e7a0f4e1b507030d5ef4ecaf17e422c8b2969bd6b23e62818e6,9,ge8,8969,40486.441057329,43314.4509130428,41645.65500878945,41645.65500878945,8081,8969,4.5140418170731405,4.82935120002707,0.31530938295392996,4.64328855042808,4.64328855042808,0.0,0.31530938295392996,
q_half,ud23,HESIODIC_TRADITION,c4c0c7eaeca0d61d2e53f4f0642bfa382e91dd28b470d2f4da2ba8539fe0e7f7,0,4_7,2405,11021.280730413257,11649.235187579883,11641.67095180936,11641.670951809361,2099,2405,4.582653110358942,4.843756834752551,0.2611037243936085,4.840611622373954,4.840611622373955,8.881784197001252e-16,0.26110372439360763,
q_half,ud23,HESIODIC_TRADITION,c4c0c7eaeca0d61d2e53f4f0642bfa382e91dd28b470d2f4da2ba8539fe0e7f7,0,ge8,3970,18968.419861143728,19706.088970580462,19496.871318736416,19496.871318736416,3493,3970,4.777939511623106,4.96375037042329,0.18581085880018477,4.911050710009173,4.911050710009173,0.0,0.18581085880018477,
q_half,ud23,HESIODIC_TRADITION,c4c0c7eaeca0d61d2e53f4f0642bfa382e91dd28b470d2f4da2ba8539fe0e7f7,1,4_7,2405,11104.321819875277,11692.345083244394,11658.932521811275,11658.932521811275,2093,2405,4.61718162988577,4.861681947294966,0.2445003174091962,4.847788990358119,4.847788990358119,0.0,0.2445003174091962,
q_half,ud23,HESIODIC_TRADITION,c4c0c7eaeca0d61d2e53f4f0642bfa382e91dd28b470d2f4da2ba8539fe0e7f7,1,ge8,3970,19146.650693057018,19772.53438079218,19386.895334922247,19386.895334922247,3466,3970,4.82283392772217,4.980487249569819,0.1576533218476488,4.883348950862027,4.883348950862027,0.0,0.1576533218476488,
q_half,ud23,HESIODIC_TRADITION,c4c0c7eaeca0d61d2e53f4f0642bfa382e91dd28b470d2f4da2ba8539fe0e7f7,2,4_7,2405,11012.474416584027,11662.667463097983,11806.381572288014,11806.381572288014,2045,2405,4.57899144140708,4.849341980498122,0.2703505390910417,4.909098366855723,4.909098366855723,0.0,0.2703505390910417,
q_half,ud23,HESIODIC_TRADITION,c4c0c7eaeca0d61d2e53f4f0642bfa382e91dd28b470d2f4da2ba8539fe0e7f7,2,ge8,3970,18892.444543383976,19737.85928438605,19406.094085192184,19406.094085192188,3456,3970,4.758802151985888,4.9717529683592065,0.21295081637331847,4.888184908108863,4.8881849081088635,8.881784197001252e-16,0.2129508163733176,
q_half,ud23,HESIODIC_TRADITION,c4c0c7eaeca0d61d2e53f4f0642bfa382e91dd28b470d2f4da2ba8539fe0e7f7,3,4_7,2405,11043.272454754097,11646.92325864282,11670.383783760055,11670.383783760055,2088,2405,4.591797278484032,4.842795533739219,0.2509982552551868,4.85255042983786,4.85255042983786,0.0,0.2509982552551868,
q_half,ud23,HESIODIC_TRADITION,c4c0c7eaeca0d61d2e53f4f0642bfa382e91dd28b470d2f4da2ba8539fe0e7f7,3,ge8,3970,19053.5255999522,19706.917631852968,19420.148861168454,19420.148861168454,3493,3970,4.7993767254287665,4.96395910122241,0.16458237579364354,4.891725153946714,4.891725153946714,0.0,0.16458237579364354,
q_half,ud23,HESIODIC_TRADITION,c4c0c7eaeca0d61d2e53f4f0642bfa382e91dd28b470d2f4da2ba8539fe0e7f7,4,4_7,2405,11099.209350048472,11663.244102373646,11734.039177912615,11734.039177912615,2097,2405,4.615055862806018,4.84958174734871,0.23452588454269208,4.879018369194434,4.879018369194434,0.0,0.23452588454269208,
q_half,ud23,HESIODIC_TRADITION,c4c0c7eaeca0d61d2e53f4f0642bfa382e91dd28b470d2f4da2ba8539fe0e7f7,4,ge8,3970,19160.299985388032,19740.673516722196,19411.58336952032,19411.58336952032,3520,3970,4.8262720366216705,4.972461843003072,0.14618980638140133,4.889567599375395,4.889567599375395,0.0,0.14618980638140133,
q_half,ud23,HESIODIC_TRADITION,c4c0c7eaeca0d61d2e53f4f0642bfa382e91dd28b470d2f4da2ba8539fe0e7f7,5,4_7,2405,11078.556860872988,11662.99453568206,11596.319747170794,11596.319747170794,2100,2405,4.606468549219538,4.849477977414578,0.24300942819504012,4.821754572628189,4.821754572628189,0.0,0.24300942819504012,
q_half,ud23,HESIODIC_TRADITION,c4c0c7eaeca0d61d2e53f4f0642bfa382e91dd28b470d2f4da2ba8539fe0e7f7,5,ge8,3970,19042.545528294966,19743.0560176378,19527.554511013648,19527.554511013648,3490,3970,4.796610964306037,4.9730619691782865,0.1764510048722494,4.918779473806964,4.918779473806964,0.0,0.1764510048722494,
q_half,ud23,HESIODIC_TRADITION,c4c0c7eaeca0d61d2e53f4f0642bfa382e91dd28b470d2f4da2ba8539fe0e7f7,6,4_7,2405,11072.943616349965,11662.455498668998,11602.65287079685,11602.65287079685,2089,2405,4.604134559812875,4.849253845600415,0.24511928578753928,4.8243878880652185,4.8243878880652185,0.0,0.24511928578753928,
q_half,ud23,HESIODIC_TRADITION,c4c0c7eaeca0d61d2e53f4f0642bfa382e91dd28b470d2f4da2ba8539fe0e7f7,6,ge8,3970,19012.385032110524,19728.39669730746,19491.509912239555,19491.509912239555,3500,3970,4.789013861992575,4.969369445165607,0.18035558317303213,4.9097002297832635,4.9097002297832635,0.0,0.18035558317303213,
q_half,ud23,HESIODIC_TRADITION,c4c0c7eaeca0d61d2e53f4f0642bfa382e91dd28b470d2f4da2ba8539fe0e7f7,7,4_7,2405,11146.90266893145,11688.955321445603,11680.771664900134,11680.771664900134,2073,2405,4.634886764628462,4.860272482929565,0.2253857183011032,4.856869715135191,4.856869715135191,0.0,0.2253857183011032,
q_half,ud23,HESIODIC_TRADITION,c4c0c7eaeca0d61d2e53f4f0642bfa382e91dd28b470d2f4da2ba8539fe0e7f7,7,ge8,3970,19141.59411261178,19790.732234504198,19434.033529237688,19434.033529237688,3525,3970,4.821560229877022,4.9850710918146595,0.1635108619376373,4.895222551445261,4.895222551445261,0.0,0.1635108619376373,
q_half,ud23,HESIODIC_TRADITION,c4c0c7eaeca0d61d2e53f4f0642bfa382e91dd28b470d2f4da2ba8539fe0e7f7,8,4_7,2405,11052.699258586716,11645.209108369994,11664.206638091866,11664.206638091866,2094,2405,4.595716947437304,4.842082789343033,0.24636584190572908,4.8499819701005675,4.8499819701005675,0.0,0.24636584190572908,
q_half,ud23,HESIODIC_TRADITION,c4c0c7eaeca0d61d2e53f4f0642bfa382e91dd28b470d2f4da2ba8539fe0e7f7,8,ge8,3970,19060.14525873929,19705.83271287159,19483.19668464289,19483.19668464289,3533,3970,4.8010441457781585,4.963685821882013,0.1626416761038545,4.9076062177941795,4.9076062177941795,0.0,0.1626416761038545,
q_half,ud23,HESIODIC_TRADITION,c4c0c7eaeca0d61d2e53f4f0642bfa382e91dd28b470d2f4da2ba8539fe0e7f7,9,4_7,2405,11043.567202486061,11634.659261601795,11589.670631890662,11589.670631890662,2091,2405,4.591919834713539,4.837696158670185,0.24577632395664573,4.8189898677300045,4.8189898677300045,0.0,0.24577632395664573,
q_half,ud23,HESIODIC_TRADITION,c4c0c7eaeca0d61d2e53f4f0642bfa382e91dd28b470d2f4da2ba8539fe0e7f7,9,ge8,3970,18883.32251830594,19656.764605952318,19330.496363128226,19330.496363128226,3468,3970,4.7565044126715215,4.951326097217208,0.19482168454568694,4.869142660737588,4.869142660737588,0.0,0.19482168454568694,
q_half,ud23,HOMERIC_TRADITION,209ee9f27c82f31d31eb16124569039d7847ed327f3a0f2b5c4eae048347e621,0,4_7,20241,91371.25715642508,95756.27269308647,95066.25884058647,95066.25884058647,17493,20241,4.514167143739197,4.730807405419024,0.21664026167982708,4.696717496200112,4.696717496200112,0.0,0.21664026167982708,
q_half,ud23,HOMERIC_TRADITION,209ee9f27c82f31d31eb16124569039d7847ed327f3a0f2b5c4eae048347e621,0,ge8,26393,123206.21042837863,128795.0743218097,125225.84189170411,125225.84189170411,23577,26393,4.668139674473482,4.879895211677707,0.21175553720422435,4.7446611560528975,4.7446611560528975,0.0,0.21175553720422435,
q_half,ud23,HOMERIC_TRADITION,209ee9f27c82f31d31eb16124569039d7847ed327f3a0f2b5c4eae048347e621,1,4_7,20241,91256.7589873797,95827.82073211674,95110.77914971285,95110.77914971285,17564,20241,4.508510399060308,4.734342212939911,0.22583181387960316,4.698917007544728,4.698917007544728,0.0,0.22583181387960316,
q_half,ud23,HOMERIC_TRADITION,209ee9f27c82f31d31eb16124569039d7847ed327f3a0f2b5c4eae048347e621,1,ge8,26393,122931.7509237571,128980.50784861244,125257.51998559343,125257.51998559343,23610,26393,4.657740723819085,4.886921071822545,0.2291803480034602,4.745861402098793,4.745861402098793,0.0,0.2291803480034602,
q_half,ud23,HOMERIC_TRADITION,209ee9f27c82f31d31eb16124569039d7847ed327f3a0f2b5c4eae048347e621,2,4_7,20241,91748.1339478162,95828.80169162509,95305.11505484025,95305.11505484025,17557,20241,4.532786618636243,4.734390676924317,0.2016040582880736,4.708518109522269,4.708518109522269,0.0,0.2016040582880736,
q_half,ud23,HOMERIC_TRADITION,209ee9f27c82f31d31eb16124569039d7847ed327f3a0f2b5c4eae048347e621,2,ge8,26393,123307.66635262895,128762.98521791963,124795.78856512993,124795.78856512993,23582,26393,4.671983721162011,4.878679392942054,0.206695671780043,4.728366936882125,4.728366936882125,0.0,0.206695671780043,
q_half,ud23,HOMERIC_TRADITION,209ee9f27c82f31d31eb16124569039d7847ed327f3a0f2b5c4eae048347e621,3,4_7,20241,91197.46497517326,95829.46498286062,95376.72880365967,95376.72880365967,17635,20241,4.505580997735945,4.734423446611364,0.2288424488754197,4.7120561634138465,4.7120561634138465,0.0,0.2288424488754197,
q_half,ud23,HOMERIC_TRADITION,209ee9f27c82f31d31eb16124569039d7847ed327f3a0f2b5c4eae048347e621,3,ge8,26393,122766.86081625099,128909.29299986386,125086.42114541502,125086.42114541502,23618,26393,4.6514932298810665,4.88422282422854,0.23272959434747342,4.739378666518206,4.739378666518206,0.0,0.23272959434747342,
q_half,ud23,HOMERIC_TRADITION,209ee9f27c82f31d31eb16124569039d7847ed327f3a0f2b5c4eae048347e621,4,4_7,20241,91636.62252071858,95973.89628275367,95905.88251299616,95905.88251299616,17541,20241,4.527277432968656,4.741559027852066,0.2142815948834098,4.738198829751305,4.738198829751305,0.0,0.2142815948834098,
q_half,ud23,HOMERIC_TRADITION,209ee9f27c82f31d31eb16124569039d7847ed327f3a0f2b5c4eae048347e621,4,ge8,26393,123485.44354194694,129100.73802904283,125098.06096665646,125098.06096665646,23541,26393,4.678719491605613,4.891476453189968,0.21275696158435498,4.739819685774882,4.739819685774882,0.0,0.21275696158435498,
q_half,ud23,HOMERIC_TRADITION,209ee9f27c82f31d31eb16124569039d7847ed327f3a0f2b5c4eae048347e621,5,4_7,20241,91304.40022894132,95753.70753381794,95372.61669343659,95372.6166934366,17591,20241,4.510864099053472,4.73068067456242,0.21981657550894784,4.711853005950131,4.711853005950132,8.881784197001252e-16,0.21981657550894695,
q_half,ud23,HOMERIC_TRADITION,209ee9f27c82f31d31eb16124569039d7847ed327f3a0f2b5c4eae048347e621,5,ge8,26393,123213.27523853825,128858.1135607621,125307.06420494852,125307.06420494852,23489,26393,4.668407351893997,4.882283694947982,0.21387634305398517,4.747738574809553,4.747738574809553,0.0,0.21387634305398517,
q_half,ud23,HOMERIC_TRADITION,209ee9f27c82f31d31eb16124569039d7847ed327f3a0f2b5c4eae048347e621,6,4_7,20241,91423.41061069748,95854.88340561617,95342.03571186763,95342.03571186765,17631,20241,4.51674376812892,4.735679235493117,0.21893546736419633,4.710342162534837,4.710342162534838,8.881784197001252e-16,0.21893546736419545,
q_half,ud23,HOMERIC_TRADITION,209ee9f27c82f31d31eb16124569039d7847ed327f3a0f2b5c4eae048347e621,6,ge8,26393,122715.69586993802,128776.60126343192,124742.162650688,124742.162650688,23487,26393,4.6495546497153795,4.879195289032392,0.2296406393170125,4.726335113503126,4.726335113503126,0.0,0.2296406393170125,
q_half,ud23,HOMERIC_TRADITION,209ee9f27c82f31d31eb16124569039d7847ed327f3a0f2b5c4eae048347e621,7,4_7,20241,91632.61096160515,95852.12581236815,95426.8685699473,95426.8685699473,17631,20241,4.527079243199701,4.73554299749855,0.20846375429884922,4.714533302205785,4.714533302205785,0.0,0.20846375429884922,
q_half,ud23,HOMERIC_TRADITION,209ee9f27c82f31d31eb16124569039d7847ed327f3a0f2b5c4eae048347e621,7,ge8,26393,123186.23605088993,129099.04909604476,125071.5374573367,125071.53745733672,23564,26393,4.667382868597353,4.891412461487696,0.22402959289034285,4.738814740928909,4.73881474092891,8.881784197001252e-16,0.22402959289034197,
q_half,ud23,HOMERIC_TRADITION,209ee9f27c82f31d31eb16124569039d7847ed327f3a0f2b5c4eae048347e621,8,4_7,20241,91727.39898972688,95994.93798674617,95706.56926222905,95706.56926222905,17615,20241,4.531762214798028,4.742598586371532,0.210836371573504,4.728351823636631,4.728351823636631,0.0,0.210836371573504,
q_half,ud23,HOMERIC_TRADITION,209ee9f27c82f31d31eb16124569039d7847ed327f3a0f2b5c4eae048347e621,8,ge8,26393,123210.03498432826,128914.89315543529,125151.313813144,125151.313813144,23519,26393,4.668284582439596,4.884435007594259,0.21615042515466332,4.741837374044027,4.741837374044027,0.0,0.21615042515466332,
q_half,ud23,HOMERIC_TRADITION,209ee9f27c82f31d31eb16124569039d7847ed327f3a0f2b5c4eae048347e621,9,4_7,20241,91704.73199872134,95815.39410676062,95476.04077691116,95476.04077691116,17600,20241,4.530642359504044,4.733728279569222,0.20308592006517845,4.716962639045065,4.716962639045065,0.0,0.20308592006517845,
q_half,ud23,HOMERIC_TRADITION,209ee9f27c82f31d31eb16124569039d7847ed327f3a0f2b5c4eae048347e621,9,ge8,26393,123240.7740991167,128861.72693942084,124787.18620507573,124787.18620507573,23595,26393,4.669449251662058,4.8824206016527425,0.2129713499906849,4.728041003488642,4.728041003488642,0.0,0.2129713499906849,
q_half,ud23,PLUTARCH,ef8134329970f595ef9ccf4198217affef5c01fa243d5bf4e59ee6daebb04e1d,0,4_7,1840,7800.440584714737,8579.823062188458,8428.764982102803,8428.764982102803,1612,1840,4.23936988299714,4.66294731640677,0.42357743340962983,4.580850533751523,4.580850533751523,0.0,0.42357743340962983,
q_half,ud23,PLUTARCH,ef8134329970f595ef9ccf4198217affef5c01fa243d5bf4e59ee6daebb04e1d,0,ge8,5061,22073.187514087505,24405.017834842045,23567.207762323877,23567.20776232388,4604,5061,4.36142808023859,4.822173055689003,0.46074497545041293,4.656630658431906,4.656630658431907,8.881784197001252e-16,0.46074497545041204,
q_half,ud23,PLUTARCH,ef8134329970f595ef9ccf4198217affef5c01fa243d5bf4e59ee6daebb04e1d,1,4_7,1840,7793.097714749194,8575.601003358715,8533.146833665642,8533.146833665642,1632,1840,4.235379192798475,4.660652719216693,0.42527352641821814,4.6375798009052405,4.6375798009052405,0.0,0.42527352641821814,
q_half,ud23,PLUTARCH,ef8134329970f595ef9ccf4198217affef5c01fa243d5bf4e59ee6daebb04e1d,1,ge8,5061,22034.913493264532,24406.931067053836,23475.072975831783,23475.072975831783,4592,5061,4.353865539076177,4.822551090111408,0.4686855510352306,4.638425800401459,4.638425800401459,0.0,0.4686855510352306,
q_half,ud23,PLUTARCH,ef8134329970f595ef9ccf4198217affef5c01fa243d5bf4e59ee6daebb04e1d,2,4_7,1840,7794.450851593025,8575.174123144465,8416.344083367503,8416.344083367503,1644,1840,4.236114593257079,4.6604207191002525,0.42430612584317373,4.574100045308426,4.574100045308426,0.0,0.42430612584317373,
q_half,ud23,PLUTARCH,ef8134329970f595ef9ccf4198217affef5c01fa243d5bf4e59ee6daebb04e1d,2,ge8,5061,22052.974970477728,24388.559933550012,23614.77289842288,23614.77289842288,4560,5061,4.35743429568815,4.818921148695912,0.46148685300776204,4.666029025572591,4.666029025572591,0.0,0.46148685300776204,
q_half,ud23,PLUTARCH,ef8134329970f595ef9ccf4198217affef5c01fa243d5bf4e59ee6daebb04e1d,3,4_7,1840,7801.290184557167,8576.140585983063,8363.127110870333,8363.127110870333,1624,1840,4.2398316220419385,4.660945970642969,0.42111434860103003,4.54517777764692,4.54517777764692,0.0,0.42111434860103003,
q_half,ud23,PLUTARCH,ef8134329970f595ef9ccf4198217affef5c01fa243d5bf4e59ee6daebb04e1d,3,ge8,5061,22066.161551682642,24379.736890636585,23620.001698070813,23620.001698070813,4641,5061,4.360039824477898,4.817177808859234,0.4571379843813359,4.667062181005891,4.667062181005891,0.0,0.4571379843813359,
q_half,ud23,PLUTARCH,ef8134329970f595ef9ccf4198217affef5c01fa243d5bf4e59ee6daebb04e1d,4,4_7,1840,7773.671151020154,8572.577219515664,8502.5384967275,8502.5384967275,1650,1840,4.224821277728345,4.659009358432426,0.43418808070408144,4.62094483517799,4.62094483517799,0.0,0.43418808070408144,
q_half,ud23,PLUTARCH,ef8134329970f595ef9ccf4198217affef5c01fa243d5bf4e59ee6daebb04e1d,4,ge8,5061,22080.96367850479,24391.59341226868,23493.720552003375,23493.720552003375,4599,5061,4.362964567971703,4.819520531963778,0.45655596399207443,4.6421103639603585,4.6421103639603585,0.0,0.45655596399207443,
q_half,ud23,PLUTARCH,ef8134329970f595ef9ccf4198217affef5c01fa243d5bf4e59ee6daebb04e1d,5,4_7,1840,7775.873265255821,8566.591469746494,8409.158402456002,8409.158402456002,1619,1840,4.2260180789433806,4.655756233557877,0.4297381546144967,4.570194783943479,4.570194783943479,0.0,0.4297381546144967,
q_half,ud23,PLUTARCH,ef8134329970f595ef9ccf4198217affef5c01fa243d5bf4e59ee6daebb04e1d,5,ge8,5061,22006.704421461756,24396.41835094062,23498.43782686227,23498.43782686227,4614,5061,4.34829172524437,4.82047388874543,0.4721821635010599,4.643042447512798,4.643042447512798,0.0,0.4721821635010599,
q_half,ud23,PLUTARCH,ef8134329970f595ef9ccf4198217affef5c01fa243d5bf4e59ee6daebb04e1d,6,4_7,1840,7797.26856263115,8577.76496123202,8438.830557144738,8438.830557144738,1608,1840,4.237645957951712,4.661828783278271,0.42418282532655915,4.586320954969966,4.586320954969966,0.0,0.42418282532655915,
q_half,ud23,PLUTARCH,ef8134329970f595ef9ccf4198217affef5c01fa243d5bf4e59ee6daebb04e1d,6,ge8,5061,22098.496672838704,24400.22179677969,23644.793743517756,23644.79374351776,4632,5061,4.366428901963783,4.821225409361725,0.4547965073979423,4.671960826618801,4.671960826618802,8.881784197001252e-16,0.4547965073979414,
q_half,ud23,PLUTARCH,ef8134329970f595ef9ccf4198217affef5c01fa243d5bf4e59ee6daebb04e1d,7,4_7,1840,7778.038187774126,8578.481566026901,8310.740605353334,8310.740605353334,1621,1840,4.227194667268546,4.662218242405925,0.43502357513737877,4.516706850735508,4.516706850735508,0.0,0.43502357513737877,
q_half,ud23,PLUTARCH,ef8134329970f595ef9ccf4198217affef5c01fa243d5bf4e59ee6daebb04e1d,7,ge8,5061,22079.502891896154,24405.145037259048,23652.721603148475,23652.721603148475,4615,5061,4.362675932008725,4.822198189539429,0.4595222575307041,4.673527287719517,4.673527287719517,0.0,0.4595222575307041,
q_half,ud23,PLUTARCH,ef8134329970f595ef9ccf4198217affef5c01fa243d5bf4e59ee6daebb04e1d,8,4_7,1840,7789.272514971497,8565.291708236047,8455.93091112673,8455.930911126732,1627,1840,4.233300279875814,4.655049841432635,0.42174956155682075,4.595614625612353,4.595614625612354,8.881784197001252e-16,0.42174956155681986,
q_half,ud23,PLUTARCH,ef8134329970f595ef9ccf4198217affef5c01fa243d5bf4e59ee6daebb04e1d,8,ge8,5061,22097.980909960446,24368.16908649867,23440.759122911113,23440.759122911113,4554,5061,4.366326992681376,4.814892133273794,0.44856514059241803,4.6316457464752245,4.6316457464752245,0.0,0.44856514059241803,
q_half,ud23,PLUTARCH,ef8134329970f595ef9ccf4198217affef5c01fa243d5bf4e59ee6daebb04e1d,9,4_7,1840,7790.357727559847,8571.202288867877,8522.19555367978,8522.19555367978,1639,1840,4.233890069326004,4.658262113515151,0.42437204418914654,4.631628018304228,4.631628018304228,0.0,0.42437204418914654,
q_half,ud23,PLUTARCH,ef8134329970f595ef9ccf4198217affef5c01fa243d5bf4e59ee6daebb04e1d,9,ge8,5061,22023.3995457072,24412.019157175986,23511.194659318884,23511.194659318884,4593,5061,4.351590504980676,4.823556442832639,0.47196593785196317,4.645563062501261,4.645563062501261,0.0,0.47196593785196317,
q_half,ud23,THUCYDIDES,1a32cf6857284fff7c7f006f8d0cd4ab15a047af7a4bcd5613d1fd50789dd4ee,0,4_7,1989,8510.959253094994,9249.46196464767,9149.48057175175,9149.48057175175,1754,1989,4.279014204673199,4.650307674533771,0.37129346986057143,4.60004050867358,4.60004050867358,0.0,0.37129346986057143,
q_half,ud23,THUCYDIDES,1a32cf6857284fff7c7f006f8d0cd4ab15a047af7a4bcd5613d1fd50789dd4ee,0,ge8,5238,23217.91844008987,25109.42023754973,24298.61116293125,24298.61116293125,4725,5238,4.432592294786153,4.793703749054931,0.36111145426877744,4.638910111288898,4.638910111288898,0.0,0.36111145426877744,
q_half,ud23,THUCYDIDES,1a32cf6857284fff7c7f006f8d0cd4ab15a047af7a4bcd5613d1fd50789dd4ee,1,4_7,1989,8509.425315359309,9251.732566618675,9150.084014861271,9150.084014861271,1738,1989,4.278242994147465,4.651449254207479,0.37320626006001323,4.600343898874446,4.600343898874446,0.0,0.37320626006001323,
q_half,ud23,THUCYDIDES,1a32cf6857284fff7c7f006f8d0cd4ab15a047af7a4bcd5613d1fd50789dd4ee,1,ge8,5238,23213.57691529768,25108.329039760833,24247.223093532953,24247.223093532953,4737,5238,4.431763443164887,4.793495425689353,0.36173198252446603,4.6290994833014425,4.6290994833014425,0.0,0.36173198252446603,
q_half,ud23,THUCYDIDES,1a32cf6857284fff7c7f006f8d0cd4ab15a047af7a4bcd5613d1fd50789dd4ee,2,4_7,1989,8487.628976964039,9233.72632746281,9112.89614325831,9112.89614325831,1766,1989,4.267284553526415,4.642396343621322,0.37511179009490725,4.581647130848823,4.581647130848823,0.0,0.37511179009490725,
q_half,ud23,THUCYDIDES,1a32cf6857284fff7c7f006f8d0cd4ab15a047af7a4bcd5613d1fd50789dd4ee,2,ge8,5238,23165.416315533774,25079.7877831636,24253.67211725341,24253.67211725341,4723,5238,4.42256897967426,4.788046541268347,0.36547756159408706,4.630330682942613,4.630330682942613,0.0,0.36547756159408706,
q_half,ud23,THUCYDIDES,1a32cf6857284fff7c7f006f8d0cd4ab15a047af7a4bcd5613d1fd50789dd4ee,3,4_7,1989,8495.892048237378,9249.181180468104,9127.749632308927,9127.749632308927,1769,1989,4.271438938279225,4.650166506017146,0.37872756773792116,4.589114948370502,4.589114948370502,0.0,0.37872756773792116,
q_half,ud23,THUCYDIDES,1a32cf6857284fff7c7f006f8d0cd4ab15a047af7a4bcd5613d1fd50789dd4ee,3,ge8,5238,23214.71569761028,25119.36117815227,24257.00805134618,24257.00805134618,4778,5238,4.431980851013799,4.795601599494515,0.3636207484807157,4.630967554667083,4.630967554667083,0.0,0.3636207484807157,
q_half,ud23,THUCYDIDES,1a32cf6857284fff7c7f006f8d0cd4ab15a047af7a4bcd5613d1fd50789dd4ee,4,4_7,1989,8481.725496849573,9255.410294230856,9123.903015265558,9123.903015265558,1773,1989,4.264316489114918,4.6532982876977655,0.3889817985828472,4.587181003150104,4.587181003150104,0.0,0.3889817985828472,
q_half,ud23,THUCYDIDES,1a32cf6857284fff7c7f006f8d0cd4ab15a047af7a4bcd5613d1fd50789dd4ee,4,ge8,5238,23283.40404080587,25140.948357450878,24257.94803440252,24257.94803440252,4727,5238,4.445094318596005,4.799722863201771,0.35462854460576665,4.6311470092406495,4.6311470092406495,0.0,0.35462854460576665,
q_half,ud23,THUCYDIDES,1a32cf6857284fff7c7f006f8d0cd4ab15a047af7a4bcd5613d1fd50789dd4ee,5,4_7,1989,8500.750561804844,9250.209269913883,9130.009984176717,9130.009984176717,1734,1989,4.273881629866689,4.650683393621862,0.37680176375517327,4.590251374648927,4.590251374648927,0.0,0.37680176375517327,
q_half,ud23,THUCYDIDES,1a32cf6857284fff7c7f006f8d0cd4ab15a047af7a4bcd5613d1fd50789dd4ee,5,ge8,5238,23203.98521792075,25097.750860626456,24232.137053872848,24232.137053872848,4712,5238,4.429932267644282,4.791475918409022,0.36154365076474004,4.626219368818795,4.626219368818795,0.0,0.36154365076474004,
q_half,ud23,THUCYDIDES,1a32cf6857284fff7c7f006f8d0cd4ab15a047af7a4bcd5613d1fd50789dd4ee,6,4_7,1989,8506.010176243617,9253.548237598254,9174.955098380275,9174.955098380276,1764,1989,4.2765259810174046,4.6523621104063615,0.37583612938895694,4.612848214369167,4.612848214369168,8.881784197001252e-16,0.37583612938895605,
q_half,ud23,THUCYDIDES,1a32cf6857284fff7c7f006f8d0cd4ab15a047af7a4bcd5613d1fd50789dd4ee,6,ge8,5238,23279.308180904995,25114.063170196467,24151.243238319563,24151.243238319563,4752,5238,4.4443123674885445,4.79459014322193,0.35027777573338525,4.6107757232377935,4.6107757232377935,0.0,0.35027777573338525,
q_half,ud23,THUCYDIDES,1a32cf6857284fff7c7f006f8d0cd4ab15a047af7a4bcd5613d1fd50789dd4ee,7,4_7,1989,8471.926276247414,9247.900760868812,9152.141342698029,9152.14134269803,1750,1989,4.25938978192429,4.6495227555901515,0.3901329736658612,4.601378251733549,4.60137825173355,8.881784197001252e-16,0.3901329736658603,
q_half,ud23,THUCYDIDES,1a32cf6857284fff7c7f006f8d0cd4ab15a047af7a4bcd5613d1fd50789dd4ee,7,ge8,5238,23181.47865928814,25128.772661580653,24140.2695636209,24140.2695636209,4758,5238,4.425635482872879,4.797398369908486,0.3717628870356071,4.608680710886006,4.608680710886006,0.0,0.3717628870356071,
q_half,ud23,THUCYDIDES,1a32cf6857284fff7c7f006f8d0cd4ab15a047af7a4bcd5613d1fd50789dd4ee,8,4_7,1989,8472.402513475357,9246.694323565585,9131.361677632747,9131.361677632747,1746,1989,4.259629217433563,4.648916200887675,0.38928698345411217,4.590930959091376,4.590930959091376,0.0,0.38928698345411217,
q_half,ud23,THUCYDIDES,1a32cf6857284fff7c7f006f8d0cd4ab15a047af7a4bcd5613d1fd50789dd4ee,8,ge8,5238,23196.7450213548,25113.658900092716,24163.951133757397,24163.951133757397,4719,5238,4.428550023168156,4.794512962980663,0.3659629398125075,4.6132018201140506,4.6132018201140506,0.0,0.3659629398125075,
q_half,ud23,THUCYDIDES,1a32cf6857284fff7c7f006f8d0cd4ab15a047af7a4bcd5613d1fd50789dd4ee,9,4_7,1989,8495.330788490986,9257.137632768647,9164.265862298142,9164.265862298143,1755,1989,4.271156756405725,4.654166733418123,0.3830099770123976,4.607474038360051,4.607474038360052,8.881784197001252e-16,0.3830099770123967,
q_half,ud23,THUCYDIDES,1a32cf6857284fff7c7f006f8d0cd4ab15a047af7a4bcd5613d1fd50789dd4ee,9,ge8,5238,23276.76817082552,25146.151476622847,24208.60346894783,24208.60346894783,4714,5238,4.4438274476566475,4.800716204013526,0.3568887563568781,4.621726511826619,4.621726511826619,0.0,0.3568887563568781,
upos,upos_only,ATHENAEUS,4352f04fcfd7cbe580caddf69f309034ffb967d5d1bc8a8e809498de5bf8d329,0,4_7,5641,15533.922009405096,16698.66865196225,16729.345201912518,16729.345201912518,4413,5641,2.7537532369092528,2.960231989356896,0.20647875244764302,2.965670129748718,2.965670129748718,0.0,0.20647875244764302,
upos,upos_only,ATHENAEUS,4352f04fcfd7cbe580caddf69f309034ffb967d5d1bc8a8e809498de5bf8d329,0,ge8,11050,29776.973524407927,32923.09818978631,33076.572951485425,33076.572951485425,9006,11050,2.6947487352405366,2.9794658995281726,0.28471716428763605,2.993355018233975,2.993355018233975,0.0,0.28471716428763605,
upos,upos_only,ATHENAEUS,4352f04fcfd7cbe580caddf69f309034ffb967d5d1bc8a8e809498de5bf8d329,1,4_7,5641,15502.378279013768,16698.989486253475,16721.982023297867,16721.982023297867,4493,5641,2.7481613683768424,2.9602888647852286,0.21212749640838613,2.964364833061136,2.964364833061136,0.0,0.21212749640838613,
upos,upos_only,ATHENAEUS,4352f04fcfd7cbe580caddf69f309034ffb967d5d1bc8a8e809498de5bf8d329,1,ge8,11050,29798.074659612732,32930.23973233348,33012.40670798768,33012.40670798768,8991,11050,2.6966583402364463,2.980112192971356,0.28345385273490953,2.9875481183699253,2.9875481183699253,0.0,0.28345385273490953,
upos,upos_only,ATHENAEUS,4352f04fcfd7cbe580caddf69f309034ffb967d5d1bc8a8e809498de5bf8d329,2,4_7,5641,15493.115453723078,16698.26717502546,16719.194061454684,16719.194061454684,4526,5641,2.7465193146114304,2.960160818121868,0.21364150351043776,2.963870601215154,2.963870601215154,0.0,0.21364150351043776,
upos,upos_only,ATHENAEUS,4352f04fcfd7cbe580caddf69f309034ffb967d5d1bc8a8e809498de5bf8d329,2,ge8,11050,29824.43287234304,32927.38645773385,33123.73909561765,33123.73909561765,8941,11050,2.699043698854574,2.979853978075462,0.28081027922088797,2.9976234475672086,2.9976234475672086,0.0,0.28081027922088797,
upos,upos_only,ATHENAEUS,4352f04fcfd7cbe580caddf69f309034ffb967d5d1bc8a8e809498de5bf8d329,3,4_7,5641,15512.02943078052,16694.61226921648,16627.39326570481,16627.39326570481,4461,5641,2.7498722621486476,2.9595129000561036,0.20964063790745602,2.9475967498147155,2.9475967498147155,0.0,0.20964063790745602,
upos,upos_only,ATHENAEUS,4352f04fcfd7cbe580caddf69f309034ffb967d5d1bc8a8e809498de5bf8d329,3,ge8,11050,29790.20566132497,32916.81732359028,33161.42307766274,33161.42307766274,9021,11050,2.6959462136945676,2.9788974953475367,0.2829512816529691,3.001033762684411,3.001033762684411,0.0,0.2829512816529691,
upos,upos_only,ATHENAEUS,4352f04fcfd7cbe580caddf69f309034ffb967d5d1bc8a8e809498de5bf8d329,4,4_7,5641,15461.99349157578,16702.9180644445,16746.837461591014,16746.837461591014,4482,5641,2.741002214425772,2.9609852977210602,0.21998308329528804,2.9687710444231543,2.9687710444231543,0.0,0.21998308329528804,
upos,upos_only,ATHENAEUS,4352f04fcfd7cbe580caddf69f309034ffb967d5d1bc8a8e809498de5bf8d329,4,ge8,11050,29700.405349204466,32935.10496114934,33074.547191936465,33074.547191936465,8935,11050,2.687819488615789,2.980552485171886,0.2927329965560972,2.9931716915779605,2.9931716915779605,0.0,0.2927329965560972,
upos,upos_only,ATHENAEUS,4352f04fcfd7cbe580caddf69f309034ffb967d5d1bc8a8e809498de5bf8d329,5,4_7,5641,15451.358178823792,16700.78527665252,16757.522185580725,16757.52218558095,4534,5641,2.739116854959013,2.9606072108939054,0.2214903559348924,2.9706651631945977,2.9706651631946377,3.9968028886505635e-14,0.22149035593485245,
upos,upos_only,ATHENAEUS,4352f04fcfd7cbe580caddf69f309034ffb967d5d1bc8a8e809498de5bf8d329,5,ge8,11050,29697.535452487748,32929.63601522081,33076.71929654352,33076.71929654612,8930,11050,2.6875597694559046,2.9800575579385344,0.29249778848262986,2.9933682621306352,2.9933682621308706,2.353672812205332e-13,0.2924977884823945,
upos,upos_only,ATHENAEUS,4352f04fcfd7cbe580caddf69f309034ffb967d5d1bc8a8e809498de5bf8d329,6,4_7,5641,15498.92644463183,16695.526190140503,16799.519189939438,16799.519189939438,4512,5641,2.747549449500413,2.959674914047244,0.21212546454683068,2.9781101205352662,2.9781101205352662,0.0,0.21212546454683068,
upos,upos_only,ATHENAEUS,4352f04fcfd7cbe580caddf69f309034ffb967d5d1bc8a8e809498de5bf8d329,6,ge8,11050,29731.15109145466,32919.03430591481,33056.76933153211,33056.76933153211,8984,11050,2.6906019087289286,2.9790981272321093,0.28849621850318075,2.99156283543277,2.99156283543277,0.0,0.28849621850318075,
upos,upos_only,ATHENAEUS,4352f04fcfd7cbe580caddf69f309034ffb967d5d1bc8a8e809498de5bf8d329,7,4_7,5641,15464.528150834503,16695.272237972993,16675.299611261322,16675.299611261322,4475,5641,2.741451542427673,2.959629895049281,0.2181783526216079,2.956089276947584,2.956089276947584,0.0,0.2181783526216079,
upos,upos_only,ATHENAEUS,4352f04fcfd7cbe580caddf69f309034ffb967d5d1bc8a8e809498de5bf8d329,7,ge8,11050,29759.92709231379,32928.211823470454,33162.222328084536,33162.222328084536,8956,11050,2.693206071702605,2.979928671807281,0.2867226001046759,3.0011060930393243,3.0011060930393243,0.0,0.2867226001046759,
upos,upos_only,ATHENAEUS,4352f04fcfd7cbe580caddf69f309034ffb967d5d1bc8a8e809498de5bf8d329,8,4_7,5641,15466.2616981723,16699.171323594554,16674.983515673826,16674.983515673826,4426,5641,2.7417588544889737,2.9603210997331244,0.2185622452441507,2.9560332415660038,2.9560332415660038,0.0,0.2185622452441507,
upos,upos_only,ATHENAEUS,4352f04fcfd7cbe580caddf69f309034ffb967d5d1bc8a8e809498de5bf8d329,8,ge8,11050,29782.971501600096,32931.43858510045,33138.25164004395,33138.25164004395,8974,11050,2.6952915386063436,2.98022068643443,0.2849291478280862,2.9989368000039773,2.9989368000039773,0.0,0.2849291478280862,
upos,upos_only,ATHENAEUS,4352f04fcfd7cbe580caddf69f309034ffb967d5d1bc8a8e809498de5bf8d329,9,4_7,5641,15485.019269415001,16697.231917946865,16705.540727044303,16705.54072704431,4412,5641,2.74508407541482,2.959977294441919,0.21489321902709912,2.9614502263861553,2.9614502263861566,1.3322676295501878e-15,0.2148932190270978,
upos,upos_only,ATHENAEUS,4352f04fcfd7cbe580caddf69f309034ffb967d5d1bc8a8e809498de5bf8d329,9,ge8,11050,29748.01718272457,32919.99081315226,33123.960089898006,33123.96008989802,8967,11050,2.692128251830278,2.979184688973055,0.2870564371427773,2.9976434470495934,2.9976434470495947,1.3322676295501878e-15,0.28705643714277596,
upos,upos_only,DIODORUS,d91dad02f8da03cf6702fa7edec531da5e56f526f466e2f04180f2a23a1cf315,0,4_7,2898,7457.304265106516,8475.279160604445,8530.74831172978,8530.74831172978,2320,2898,2.5732588906509717,2.9245269705329346,0.35126807988196296,2.9436674643650034,2.9436674643650034,0.0,0.35126807988196296,
upos,upos_only,DIODORUS,d91dad02f8da03cf6702fa7edec531da5e56f526f466e2f04180f2a23a1cf315,0,ge8,9436,24294.959806646275,27868.210626920234,27836.41423415238,27836.41423415238,7650,9436,2.5747096022304232,2.9533923936965065,0.3786827914660833,2.9500227039161064,2.9500227039161064,0.0,0.3786827914660833,
upos,upos_only,DIODORUS,d91dad02f8da03cf6702fa7edec531da5e56f526f466e2f04180f2a23a1cf315,1,4_7,2898,7451.040019513828,8490.336340809858,8520.47654027041,8520.476540270532,2289,2898,2.571097315222163,2.92972268488953,0.3586253696673669,2.9401230297689476,2.9401230297689898,4.218847493575595e-14,0.3586253696673247,
upos,upos_only,DIODORUS,d91dad02f8da03cf6702fa7edec531da5e56f526f466e2f04180f2a23a1cf315,1,ge8,9436,24343.623528178177,27913.4636175346,27898.586366200154,27898.586366200707,7636,9436,2.579866842748853,2.958188174812908,0.37832133206405505,2.956611526727443,2.9566115267275017,5.861977570020827e-14,0.37832133206399643,
upos,upos_only,DIODORUS,d91dad02f8da03cf6702fa7edec531da5e56f526f466e2f04180f2a23a1cf315,2,4_7,2898,7446.872564001921,8487.512568666361,8582.549696468948,8582.549696468948,2323,2898,2.569659269841933,2.9287482983665845,0.3590890285246515,2.961542338326069,2.961542338326069,0.0,0.3590890285246515,
upos,upos_only,DIODORUS,d91dad02f8da03cf6702fa7edec531da5e56f526f466e2f04180f2a23a1cf315,2,ge8,9436,24310.21644334378,27903.081390754378,27910.45539949068,27910.45539949068,7550,9436,2.576326456479841,2.9570878964343343,0.3807614399544934,2.9578693725615386,2.9578693725615386,0.0,0.3807614399544934,
upos,upos_only,DIODORUS,d91dad02f8da03cf6702fa7edec531da5e56f526f466e2f04180f2a23a1cf315,3,4_7,2898,7444.943072272906,8491.072189779938,8516.858990639326,8516.858990639326,2357,2898,2.568993468693204,2.9299766010282737,0.3609831323350696,2.938874737970782,2.938874737970782,0.0,0.3609831323350696,
upos,upos_only,DIODORUS,d91dad02f8da03cf6702fa7edec531da5e56f526f466e2f04180f2a23a1cf315,3,ge8,9436,24301.714249939432,27912.776867849578,27855.099978062077,27855.099978062077,7608,9436,2.5754254186031615,2.958115395066721,0.3826899764635594,2.952002965034133,2.952002965034133,0.0,0.3826899764635594,
upos,upos_only,DIODORUS,d91dad02f8da03cf6702fa7edec531da5e56f526f466e2f04180f2a23a1cf315,4,4_7,2898,7447.424200745462,8484.305664477703,8541.893505023325,8541.893505023325,2337,2898,2.5698496206851145,2.9276417061689797,0.3577920854838652,2.947513286757531,2.947513286757531,0.0,0.3577920854838652,
upos,upos_only,DIODORUS,d91dad02f8da03cf6702fa7edec531da5e56f526f466e2f04180f2a23a1cf315,4,ge8,9436,24285.15125610124,27904.760036819178,27885.63165545176,27885.63165545176,7649,9436,2.573670120400725,2.9572657944912226,0.3835956740904978,2.955238623935117,2.955238623935117,0.0,0.3835956740904978,
upos,upos_only,DIODORUS,d91dad02f8da03cf6702fa7edec531da5e56f526f466e2f04180f2a23a1cf315,5,4_7,2898,7447.587387577652,8476.440654172886,8529.601304276506,8529.601304276506,2295,2898,2.56990593084115,2.924927761964419,0.3550218311232691,2.9432716715929974,2.9432716715929974,0.0,0.3550218311232691,
upos,upos_only,DIODORUS,d91dad02f8da03cf6702fa7edec531da5e56f526f466e2f04180f2a23a1cf315,5,ge8,9436,24284.186013389157,27879.229092043966,27899.908113688507,27899.908113688507,7669,9436,2.573567826768669,2.954560098775325,0.3809922720066563,2.9567516017050135,2.9567516017050135,0.0,0.3809922720066563,
upos,upos_only,DIODORUS,d91dad02f8da03cf6702fa7edec531da5e56f526f466e2f04180f2a23a1cf315,6,4_7,2898,7418.584515826588,8472.854095853703,8500.418874427065,8500.418874427065,2316,2898,2.5598980385875048,2.9236901642007256,0.36379212561322083,2.933201820023142,2.933201820023142,0.0,0.36379212561322083,
upos,upos_only,DIODORUS,d91dad02f8da03cf6702fa7edec531da5e56f526f466e2f04180f2a23a1cf315,6,ge8,9436,24247.694175797646,27855.550608182417,27863.1872272586,27863.1872272586,7628,9436,2.569700527320649,2.9520507215114895,0.3823501941908405,2.9528600283232938,2.9528600283232938,0.0,0.3823501941908405,
upos,upos_only,DIODORUS,d91dad02f8da03cf6702fa7edec531da5e56f526f466e2f04180f2a23a1cf315,7,4_7,2898,7439.288074132594,8482.108365705239,8524.730429618734,8524.730429618734,2350,2898,2.567042123579225,2.9268834940321735,0.3598413704529486,2.9415909004895564,2.9415909004895564,0.0,0.3598413704529486,
upos,upos_only,DIODORUS,d91dad02f8da03cf6702fa7edec531da5e56f526f466e2f04180f2a23a1cf315,7,ge8,9436,24268.924939648987,27886.969795969555,27874.854331680457,27874.854331680457,7676,9436,2.571950502294297,2.955380436198554,0.38342993390425706,2.9540964743196754,2.9540964743196754,0.0,0.38342993390425706,
upos,upos_only,DIODORUS,d91dad02f8da03cf6702fa7edec531da5e56f526f466e2f04180f2a23a1cf315,8,4_7,2898,7446.023650164053,8471.406905747222,8549.820435130134,8549.820435130134,2331,2898,2.5693663389109913,2.923190788732651,0.35382444982165984,2.950248597353393,2.950248597353393,0.0,0.35382444982165984,
upos,upos_only,DIODORUS,d91dad02f8da03cf6702fa7edec531da5e56f526f466e2f04180f2a23a1cf315,8,ge8,9436,24271.30224623139,27861.078487630137,27831.468673888965,27831.468673888965,7558,9436,2.5722024423729746,2.9526365501939527,0.3804341078209781,2.949498587737279,2.949498587737279,0.0,0.3804341078209781,
upos,upos_only,DIODORUS,d91dad02f8da03cf6702fa7edec531da5e56f526f466e2f04180f2a23a1cf315,9,4_7,2898,7446.483513842769,8480.885897863121,8445.05827434026,8445.05827434026,2336,2898,2.569525022029941,2.9264616624786477,0.35693664044870665,2.9140987834162386,2.9140987834162386,0.0,0.35693664044870665,
upos,upos_only,DIODORUS,d91dad02f8da03cf6702fa7edec531da5e56f526f466e2f04180f2a23a1cf315,9,ge8,9436,24270.10762167199,27876.86954232777,27928.207013634743,27928.207013634743,7633,9436,2.5720758395158954,2.954310040517992,0.3822342010020967,2.959750637307624,2.959750637307624,0.0,0.3822342010020967,
upos,upos_only,HERODOTUS,89f0804afded8e7a0f4e1b507030d5ef4ecaf17e422c8b2969bd6b23e62818e6,0,4_7,3977,11153.99961165274,12033.970492113112,12137.716152468261,12137.716152468261,3190,3977,2.804626505318768,3.0258914991483814,0.2212649938296134,3.0519779111059244,3.0519779111059244,0.0,0.2212649938296134,
upos,upos_only,HERODOTUS,89f0804afded8e7a0f4e1b507030d5ef4ecaf17e422c8b2969bd6b23e62818e6,0,ge8,8969,25211.957849809147,27465.495445637844,27422.114007095854,27422.114007095854,7369,8969,2.8110110212742945,3.062269533463914,0.2512585121896196,3.0574327134681516,3.0574327134681516,0.0,0.2512585121896196,
upos,upos_only,HERODOTUS,89f0804afded8e7a0f4e1b507030d5ef4ecaf17e422c8b2969bd6b23e62818e6,1,4_7,3977,11126.57128218153,12029.287642874913,12058.205846787107,12058.205846787107,3211,3977,2.79772976670393,3.0247140163125255,0.22698424960859542,3.0319853776180805,3.0319853776180805,0.0,0.22698424960859542,
upos,upos_only,HERODOTUS,89f0804afded8e7a0f4e1b507030d5ef4ecaf17e422c8b2969bd6b23e62818e6,1,ge8,8969,25230.53946129221,27460.330703046904,27384.707174335796,27384.707174335796,7353,8969,2.813082780833115,3.061693689714227,0.24861090888111192,3.0532620330400038,3.0532620330400038,0.0,0.24861090888111192,
upos,upos_only,HERODOTUS,89f0804afded8e7a0f4e1b507030d5ef4ecaf17e422c8b2969bd6b23e62818e6,2,4_7,3977,11121.132065232798,12027.16422842011,12081.179666341226,12081.179666341226,3166,3977,2.796362098373849,3.0241800926376943,0.2278179942638454,3.0377620483633963,3.0377620483633963,0.0,0.2278179942638454,
upos,upos_only,HERODOTUS,89f0804afded8e7a0f4e1b507030d5ef4ecaf17e422c8b2969bd6b23e62818e6,2,ge8,8969,25171.269819346227,27450.931655233315,27438.52736120391,27438.52736120391,7346,8969,2.8064745032162146,3.0606457414687607,0.25417123825254606,3.059262722845792,3.059262722845792,0.0,0.25417123825254606,
upos,upos_only,HERODOTUS,89f0804afded8e7a0f4e1b507030d5ef4ecaf17e422c8b2969bd6b23e62818e6,3,4_7,3977,11098.327516850695,12031.28280952987,12083.300119494377,12083.300119494377,3193,3977,2.790627990156071,3.025215692615004,0.23458770245893268,3.0382952274313246,3.0382952274313246,0.0,0.23458770245893268,
upos,upos_only,HERODOTUS,89f0804afded8e7a0f4e1b507030d5ef4ecaf17e422c8b2969bd6b23e62818e6,3,ge8,8969,25184.030075051898,27463.66548735802,27325.691092415178,27325.691092415178,7343,8969,2.8078972098396586,3.0620655019910825,0.2541682921514239,3.0466820261361556,3.0466820261361556,0.0,0.2541682921514239,
upos,upos_only,HERODOTUS,89f0804afded8e7a0f4e1b507030d5ef4ecaf17e422c8b2969bd6b23e62818e6,4,4_7,3977,11092.563449927069,12023.890121359707,12110.869531636212,12110.869531636212,3195,3977,2.789178639659811,3.0233568321246436,0.2341781924648325,3.0452274406930377,3.0452274406930377,0.0,0.2341781924648325,
upos,upos_only,HERODOTUS,89f0804afded8e7a0f4e1b507030d5ef4ecaf17e422c8b2969bd6b23e62818e6,4,ge8,8969,25181.37635414365,27449.785460557447,27262.889988932006,27262.889988932006,7353,8969,2.807601332829039,3.0605179463214904,0.2529166134924514,3.0396800076855843,3.0396800076855843,0.0,0.2529166134924514,
upos,upos_only,HERODOTUS,89f0804afded8e7a0f4e1b507030d5ef4ecaf17e422c8b2969bd6b23e62818e6,5,4_7,3977,11119.594530551325,12022.09101922802,12081.646478546592,12081.646478546592,3169,3977,2.7959754917151938,3.022904455425703,0.2269289637105092,3.037879426338092,3.037879426338092,0.0,0.2269289637105092,
upos,upos_only,HERODOTUS,89f0804afded8e7a0f4e1b507030d5ef4ecaf17e422c8b2969bd6b23e62818e6,5,ge8,8969,25181.051898248086,27445.627609000283,27467.3796128597,27467.3796128597,7344,8969,2.8075651575703073,3.060054366038609,0.2524892084683015,3.0624796089708664,3.0624796089708664,0.0,0.2524892084683015,
upos,upos_only,HERODOTUS,89f0804afded8e7a0f4e1b507030d5ef4ecaf17e422c8b2969bd6b23e62818e6,6,4_7,3977,11139.159761298934,12032.62963405447,12058.220996441303,12058.220996441303,3216,3977,2.8008950870754172,3.0255543460031356,0.22465925892771832,3.031989186935203,3.031989186935203,0.0,0.22465925892771832,
upos,upos_only,HERODOTUS,89f0804afded8e7a0f4e1b507030d5ef4ecaf17e422c8b2969bd6b23e62818e6,6,ge8,8969,25218.463864199002,27472.20246335283,27458.59947769248,27458.59947769248,7443,8969,2.8117364103243396,3.0630173334098374,0.25128092308549776,3.06150066648372,3.06150066648372,0.0,0.25128092308549776,
upos,upos_only,HERODOTUS,89f0804afded8e7a0f4e1b507030d5ef4ecaf17e422c8b2969bd6b23e62818e6,7,4_7,3977,11106.43840896368,12026.893324131259,12034.16501031414,12034.16501031414,3183,3977,2.792667440021041,3.0241119748884233,0.23144453486738215,3.0259404099356653,3.0259404099356653,0.0,0.23144453486738215,
upos,upos_only,HERODOTUS,89f0804afded8e7a0f4e1b507030d5ef4ecaf17e422c8b2969bd6b23e62818e6,7,ge8,8969,25173.332722915056,27456.707935203263,27385.501475490033,27385.501475490033,7319,8969,2.806704506958976,3.0612897686702265,0.2545852617112505,3.05335059376631,3.05335059376631,0.0,0.2545852617112505,
upos,upos_only,HERODOTUS,89f0804afded8e7a0f4e1b507030d5ef4ecaf17e422c8b2969bd6b23e62818e6,8,4_7,3977,11101.184413536343,12025.050094707953,12031.057154231188,12031.057187306793,3215,3977,2.7913463448670712,3.023648502566747,0.23230215769967577,3.0251589525348725,3.025158960851595,8.316722421852774e-09,0.23230214938295335,
upos,upos_only,HERODOTUS,89f0804afded8e7a0f4e1b507030d5ef4ecaf17e422c8b2969bd6b23e62818e6,8,ge8,8969,25196.861239271457,27450.72575651068,27495.586764284508,27495.586779030094,7370,8969,2.809327822418492,3.0606227847598038,0.25129496234131166,3.0656245695489472,3.0656245711930086,1.6440613315182873e-09,0.2512949606972503,
upos,upos_only,HERODOTUS,89f0804afded8e7a0f4e1b507030d5ef4ecaf17e422c8b2969bd6b23e62818e6,9,4_7,3977,11148.099978826176,12025.218921438793,12157.636126989159,12157.636126989159,3175,3977,2.8031430673437705,3.0236909533414114,0.22054788599764086,3.056986705302781,3.056986705302781,0.0,0.22054788599764086,
upos,upos_only,HERODOTUS,89f0804afded8e7a0f4e1b507030d5ef4ecaf17e422c8b2969bd6b23e62818e6,9,ge8,8969,25271.472794351357,27448.49227902441,27375.849679883417,27375.849679883417,7354,8969,2.8176466489409475,3.0603737628525374,0.24272711391158985,3.0522744653677574,3.0522744653677574,0.0,0.24272711391158985,
upos,upos_only,HESIODIC_TRADITION,c4c0c7eaeca0d61d2e53f4f0642bfa382e91dd28b470d2f4da2ba8539fe0e7f7,0,4_7,2405,6547.2224373460285,6707.47851094364,6795.709863498804,6795.709863498804,1819,2405,2.7223378117862906,2.7889723538227194,0.06663454203642871,2.82565898690179,2.82565898690179,0.0,0.06663454203642871,
upos,upos_only,HESIODIC_TRADITION,c4c0c7eaeca0d61d2e53f4f0642bfa382e91dd28b470d2f4da2ba8539fe0e7f7,0,ge8,3970,11080.224362046549,11161.508123871012,11291.576846640535,11291.576846640535,3049,3970,2.790988504293841,2.811463003493958,0.020474499200116902,2.844225905954795,2.844225905954795,0.0,0.020474499200116902,
upos,upos_only,HESIODIC_TRADITION,c4c0c7eaeca0d61d2e53f4f0642bfa382e91dd28b470d2f4da2ba8539fe0e7f7,1,4_7,2405,6537.730161327777,6707.777644744523,6804.872062763846,6804.872062763846,1773,2405,2.718390919471009,2.7890967337815065,0.0707058143104975,2.82946863316584,2.82946863316584,0.0,0.0707058143104975,
upos,upos_only,HESIODIC_TRADITION,c4c0c7eaeca0d61d2e53f4f0642bfa382e91dd28b470d2f4da2ba8539fe0e7f7,1,ge8,3970,11074.730514214047,11165.68237841787,11238.596184966536,11238.596184966536,2972,3970,2.7896046635299867,2.8125144530019823,0.022909789471995623,2.830880651125072,2.830880651125072,0.0,0.022909789471995623,
upos,upos_only,HESIODIC_TRADITION,c4c0c7eaeca0d61d2e53f4f0642bfa382e91dd28b470d2f4da2ba8539fe0e7f7,2,4_7,2405,6528.576694022742,6708.215333835797,6796.988992466151,6796.988992466151,1736,2405,2.71458490395956,2.7892787250876494,0.07469382112808942,2.826190849258275,2.826190849258275,0.0,0.07469382112808942,
upos,upos_only,HESIODIC_TRADITION,c4c0c7eaeca0d61d2e53f4f0642bfa382e91dd28b470d2f4da2ba8539fe0e7f7,2,ge8,3970,11071.003367614461,11168.190482541102,11306.523445458686,11306.523445458686,2973,3970,2.788665835671149,2.813146217264761,0.024480381593611877,2.847990792306974,2.847990792306974,0.0,0.024480381593611877,
upos,upos_only,HESIODIC_TRADITION,c4c0c7eaeca0d61d2e53f4f0642bfa382e91dd28b470d2f4da2ba8539fe0e7f7,3,4_7,2405,6553.065676533155,6709.847818087369,6841.8488558121235,6841.8488558121235,1824,2405,2.724767433069919,2.7899575127182406,0.06519007964832157,2.84484359909028,2.84484359909028,0.0,0.06519007964832157,
upos,upos_only,HESIODIC_TRADITION,c4c0c7eaeca0d61d2e53f4f0642bfa382e91dd28b470d2f4da2ba8539fe0e7f7,3,ge8,3970,11119.1619806069,11171.736487062195,11284.129131547472,11284.129131547472,3012,3970,2.800796468666725,2.814039417396019,0.013242948729293769,2.842349907190799,2.842349907190799,0.0,0.013242948729293769,
upos,upos_only,HESIODIC_TRADITION,c4c0c7eaeca0d61d2e53f4f0642bfa382e91dd28b470d2f4da2ba8539fe0e7f7,4,4_7,2405,6534.274022885494,6708.318612375131,6804.322739640589,6804.322739640589,1809,2405,2.7169538556696438,2.789321668347248,0.07236781267760417,2.829240224382781,2.829240224382781,0.0,0.07236781267760417,
upos,upos_only,HESIODIC_TRADITION,c4c0c7eaeca0d61d2e53f4f0642bfa382e91dd28b470d2f4da2ba8539fe0e7f7,4,ge8,3970,11081.268563996291,11168.063322241796,11277.463217189115,11277.463217189115,3056,3970,2.791251527454985,2.813114186962669,0.021862659507684068,2.840670835564009,2.840670835564009,0.0,0.021862659507684068,
upos,upos_only,HESIODIC_TRADITION,c4c0c7eaeca0d61d2e53f4f0642bfa382e91dd28b470d2f4da2ba8539fe0e7f7,5,4_7,2405,6530.072614734636,6701.214159309642,6862.979557293406,6862.979557293406,1812,2405,2.71520690841357,2.786367633808583,0.07116072539501328,2.853629753552352,2.853629753552352,0.0,0.07116072539501328,
upos,upos_only,HESIODIC_TRADITION,c4c0c7eaeca0d61d2e53f4f0642bfa382e91dd28b470d2f4da2ba8539fe0e7f7,5,ge8,3970,11083.409916086293,11156.413531980788,11212.472797923961,11212.472797923961,3007,3970,2.7917909108529706,2.8101797309775285,0.018388820124557892,2.8243004528775724,2.8243004528775724,0.0,0.018388820124557892,
upos,upos_only,HESIODIC_TRADITION,c4c0c7eaeca0d61d2e53f4f0642bfa382e91dd28b470d2f4da2ba8539fe0e7f7,6,4_7,2405,6559.370272739096,6711.325497858859,6788.923469336201,6788.923469336201,1774,2405,2.727388886793803,2.7905719325816465,0.06318304578784328,2.822837201387194,2.822837201387194,0.0,0.06318304578784328,
upos,upos_only,HESIODIC_TRADITION,c4c0c7eaeca0d61d2e53f4f0642bfa382e91dd28b470d2f4da2ba8539fe0e7f7,6,ge8,3970,11124.679163818257,11173.406112798777,11315.421408398779,11315.421408398779,2999,3970,2.802186187359762,2.8144599780349564,0.012273790675194185,2.8502320927956624,2.8502320927956624,0.0,0.012273790675194185,
upos,upos_only,HESIODIC_TRADITION,c4c0c7eaeca0d61d2e53f4f0642bfa382e91dd28b470d2f4da2ba8539fe0e7f7,7,4_7,2405,6546.5822353095555,6703.037212171674,6822.514551839878,6822.514551839879,1763,2405,2.722071615513329,2.787125659946642,0.06505404443331297,2.8368043874594084,2.836804387459409,4.440892098500626e-16,0.06505404443331253,
upos,upos_only,HESIODIC_TRADITION,c4c0c7eaeca0d61d2e53f4f0642bfa382e91dd28b470d2f4da2ba8539fe0e7f7,7,ge8,3970,11101.209180540536,11160.80320238505,11294.535043733698,11294.535043733698,3044,3970,2.7962743527809915,2.8112854414068136,0.015011088625822122,2.8449710437616367,2.8449710437616367,0.0,0.015011088625822122,
upos,upos_only,HESIODIC_TRADITION,c4c0c7eaeca0d61d2e53f4f0642bfa382e91dd28b470d2f4da2ba8539fe0e7f7,8,4_7,2405,6534.916846980961,6707.147085481063,6810.209455918063,6810.209455918063,1789,2405,2.7172211421958257,2.788834546977573,0.07161340478174738,2.831687923458654,2.831687923458654,0.0,0.07161340478174738,
upos,upos_only,HESIODIC_TRADITION,c4c0c7eaeca0d61d2e53f4f0642bfa382e91dd28b470d2f4da2ba8539fe0e7f7,8,ge8,3970,11073.256947075663,11165.30248042072,11309.045176975023,11309.045176975023,3064,3970,2.7892334879283784,2.8124187608112643,0.023185272882885855,2.8486259891624743,2.8486259891624743,0.0,0.023185272882885855,
upos,upos_only,HESIODIC_TRADITION,c4c0c7eaeca0d61d2e53f4f0642bfa382e91dd28b470d2f4da2ba8539fe0e7f7,9,4_7,2405,6536.821639674681,6703.407752069055,6805.511438547251,6805.511438547251,1814,2405,2.718013155789888,2.787279730590044,0.06926657480015574,2.8297344858824327,2.8297344858824327,0.0,0.06926657480015574,
upos,upos_only,HESIODIC_TRADITION,c4c0c7eaeca0d61d2e53f4f0642bfa382e91dd28b470d2f4da2ba8539fe0e7f7,9,ge8,3970,11079.435533517266,11158.730368043733,11240.394372573284,11240.394372573284,2993,3970,2.790789806931301,2.81076331688759,0.019973509956288993,2.8313335951066207,2.8313335951066207,0.0,0.019973509956288993,
upos,upos_only,HOMERIC_TRADITION,209ee9f27c82f31d31eb16124569039d7847ed327f3a0f2b5c4eae048347e621,0,4_7,20241,55120.37352663038,56530.67398116065,57869.77810223167,57869.77810223167,15367,20241,2.7232040673203093,2.7928795010701375,0.06967543374982821,2.859037503198047,2.859037503198047,0.0,0.06967543374982821,
upos,upos_only,HOMERIC_TRADITION,209ee9f27c82f31d31eb16124569039d7847ed327f3a0f2b5c4eae048347e621,0,ge8,26393,73917.90013235425,75295.4230019382,76295.00292082745,76295.00292082745,20700,26393,2.800663059612558,2.852855795170621,0.0521927355580627,2.890728712947655,2.890728712947655,0.0,0.0521927355580627,
upos,upos_only,HOMERIC_TRADITION,209ee9f27c82f31d31eb16124569039d7847ed327f3a0f2b5c4eae048347e621,1,4_7,20241,55177.558062233795,56529.10223347504,57898.33614767184,57898.33614767184,15404,20241,2.72602925064146,2.792801849388619,0.0667725987471588,2.860448404114018,2.860448404114018,0.0,0.0667725987471588,
upos,upos_only,HOMERIC_TRADITION,209ee9f27c82f31d31eb16124569039d7847ed327f3a0f2b5c4eae048347e621,1,ge8,26393,73994.30337421728,75294.83964131889,76260.28076753476,76260.28076753476,20833,26393,2.803557889372837,2.8528336923168602,0.04927580294402345,2.88941313103985,2.88941313103985,0.0,0.04927580294402345,
upos,upos_only,HOMERIC_TRADITION,209ee9f27c82f31d31eb16124569039d7847ed327f3a0f2b5c4eae048347e621,2,4_7,20241,55170.39785701548,56540.305738533476,57789.422168790945,57789.422168790945,15515,20241,2.7256755030391524,2.793355354900127,0.0676798518609747,2.855067544527985,2.855067544527985,0.0,0.0676798518609747,
upos,upos_only,HOMERIC_TRADITION,209ee9f27c82f31d31eb16124569039d7847ed327f3a0f2b5c4eae048347e621,2,ge8,26393,74257.22152377563,75307.25663792226,76153.02356050527,76153.02356050527,20693,26393,2.8135195515392577,2.8533041578419374,0.03978460630267966,2.8853492805101837,2.8853492805101837,0.0,0.03978460630267966,
upos,upos_only,HOMERIC_TRADITION,209ee9f27c82f31d31eb16124569039d7847ed327f3a0f2b5c4eae048347e621,3,4_7,20241,55091.84858654504,56513.46388338429,57864.97096345767,57864.97096345767,15517,20241,2.7217948019635907,2.7920292418054586,0.07023443984186795,2.858800008075573,2.858800008075573,0.0,0.07023443984186795,
upos,upos_only,HOMERIC_TRADITION,209ee9f27c82f31d31eb16124569039d7847ed327f3a0f2b5c4eae048347e621,3,ge8,26393,73968.01072421909,75255.41822219532,76106.64580196892,76106.64580196892,20854,26393,2.802561691517413,2.8513400607053128,0.048778369187899795,2.8835920813082603,2.8835920813082603,0.0,0.048778369187899795,
upos,upos_only,HOMERIC_TRADITION,209ee9f27c82f31d31eb16124569039d7847ed327f3a0f2b5c4eae048347e621,4,4_7,20241,55201.64166633116,56561.641107866984,57897.335580044935,57897.335580044935,15421,20241,2.7272190932429803,2.794409421859937,0.06719032861695684,2.860398971396914,2.860398971396914,0.0,0.06719032861695684,
upos,upos_only,HOMERIC_TRADITION,209ee9f27c82f31d31eb16124569039d7847ed327f3a0f2b5c4eae048347e621,4,ge8,26393,74006.96613169825,75339.46531273959,76301.0025182248,76301.0025182248,20730,26393,2.8040376664910487,2.8545245069806233,0.050486840489574636,2.890956030698473,2.890956030698473,0.0,0.050486840489574636,
upos,upos_only,HOMERIC_TRADITION,209ee9f27c82f31d31eb16124569039d7847ed327f3a0f2b5c4eae048347e621,5,4_7,20241,55178.0694523037,56550.84954386649,57847.183285341474,57847.183285341474,15497,20241,2.726054515700988,2.7938762681619727,0.06782175246098454,2.8579212136426793,2.8579212136426793,0.0,0.06782175246098454,
upos,upos_only,HOMERIC_TRADITION,209ee9f27c82f31d31eb16124569039d7847ed327f3a0f2b5c4eae048347e621,5,ge8,26393,74061.51993376722,75319.3447162604,76224.11736936815,76224.11736936815,20671,26393,2.8061046464504686,2.8537621610374115,0.047657514586942895,2.8880429420440326,2.8880429420440326,0.0,0.047657514586942895,
upos,upos_only,HOMERIC_TRADITION,209ee9f27c82f31d31eb16124569039d7847ed327f3a0f2b5c4eae048347e621,6,4_7,20241,55207.027204761755,56562.485056319834,57900.2860978809,57900.2860978809,15515,20241,2.727485164011746,2.7944511168578545,0.0669659528461084,2.860544740767793,2.860544740767793,0.0,0.0669659528461084,
upos,upos_only,HOMERIC_TRADITION,209ee9f27c82f31d31eb16124569039d7847ed327f3a0f2b5c4eae048347e621,6,ge8,26393,74060.95433357709,75321.59521910912,76168.84244364865,76168.84244364865,20748,26393,2.8060832165186635,2.8538474299666245,0.047764213447961,2.8859486395502083,2.8859486395502083,0.0,0.047764213447961,
upos,upos_only,HOMERIC_TRADITION,209ee9f27c82f31d31eb16124569039d7847ed327f3a0f2b5c4eae048347e621,7,4_7,20241,55204.33536857753,56564.22126855066,57948.120249950734,57948.120249950734,15541,20241,2.7273521747234586,2.7945368938565616,0.06718471913310298,2.8629079714416648,2.8629079714416648,0.0,0.06718471913310298,
upos,upos_only,HOMERIC_TRADITION,209ee9f27c82f31d31eb16124569039d7847ed327f3a0f2b5c4eae048347e621,7,ge8,26393,74071.1802536382,75333.29943406646,76154.18483467694,76154.18483467694,20675,26393,2.8064706647079984,2.8542908890261227,0.04782022431812427,2.885393279834689,2.885393279834689,0.0,0.04782022431812427,
upos,upos_only,HOMERIC_TRADITION,209ee9f27c82f31d31eb16124569039d7847ed327f3a0f2b5c4eae048347e621,8,4_7,20241,55166.898422796075,56570.85861487544,58123.391639663125,58123.391639663125,15474,20241,2.7255026146334704,2.7948648097858526,0.06936219515238218,2.8715671972562187,2.8715671972562187,0.0,0.06936219515238218,
upos,upos_only,HOMERIC_TRADITION,209ee9f27c82f31d31eb16124569039d7847ed327f3a0f2b5c4eae048347e621,8,ge8,26393,73993.87454116944,75340.19773182557,76230.5610876825,76230.5610876825,20734,26393,2.8035416413886045,2.8545522574859077,0.051010616097303174,2.888287087018622,2.888287087018622,0.0,0.051010616097303174,
upos,upos_only,HOMERIC_TRADITION,209ee9f27c82f31d31eb16124569039d7847ed327f3a0f2b5c4eae048347e621,9,4_7,20241,55202.698880411284,56568.558712921265,57855.18692537518,57855.18692537518,15386,20241,2.727271324559621,2.7947511838803054,0.06747985932068445,2.8583166308668138,2.8583166308668138,0.0,0.06747985932068445,
upos,upos_only,HOMERIC_TRADITION,209ee9f27c82f31d31eb16124569039d7847ed327f3a0f2b5c4eae048347e621,9,ge8,26393,73991.24209858633,75334.33035220842,76269.20364967716,76269.20364967716,20679,26393,2.803441901208136,2.8543299493126364,0.05088804810450043,2.8897512086415778,2.8897512086415778,0.0,0.05088804810450043,
upos,upos_only,PLUTARCH,ef8134329970f595ef9ccf4198217affef5c01fa243d5bf4e59ee6daebb04e1d,0,4_7,1840,5022.15224327591,5486.211081463207,5442.471162662426,5442.488509092571,1477,1840,2.7294305669977774,2.9816364573169603,0.25220589031918283,2.957864762316536,2.9578741897242233,9.427407687390144e-06,0.25219646291149544,
upos,upos_only,PLUTARCH,ef8134329970f595ef9ccf4198217affef5c01fa243d5bf4e59ee6daebb04e1d,0,ge8,5061,13720.88710332402,15346.46330305549,15313.153886452405,15313.277067840683,4209,5061,2.711101976550883,3.0322986174778683,0.3211966409269853,3.0257170295302123,3.0257413688679478,2.4339337735490574e-05,0.3211723015892498,
upos,upos_only,PLUTARCH,ef8134329970f595ef9ccf4198217affef5c01fa243d5bf4e59ee6daebb04e1d,1,4_7,1840,5026.924680537339,5480.716540985824,5474.358068346608,5474.358068346608,1487,1840,2.7320242829007277,2.978650294014035,0.24662601111330718,2.975194602362287,2.975194602362287,0.0,0.24662601111330718,
upos,upos_only,PLUTARCH,ef8134329970f595ef9ccf4198217affef5c01fa243d5bf4e59ee6daebb04e1d,1,ge8,5061,13732.732086759603,15329.407848808947,15239.839530423818,15239.839530423818,4167,5061,2.7134424198299945,3.028928640349525,0.31548622051953057,3.0112308892360833,3.0112308892360833,0.0,0.31548622051953057,
upos,upos_only,PLUTARCH,ef8134329970f595ef9ccf4198217affef5c01fa243d5bf4e59ee6daebb04e1d,2,4_7,1840,5033.780576225792,5483.669004459956,5402.326073667084,5402.326073667085,1505,1840,2.7357503131661915,2.980254893728237,0.2445045805620456,2.9360467791668934,2.9360467791668943,8.881784197001252e-16,0.24450458056204472,
upos,upos_only,PLUTARCH,ef8134329970f595ef9ccf4198217affef5c01fa243d5bf4e59ee6daebb04e1d,2,ge8,5061,13741.917663947286,15338.934087363548,15342.664337117068,15342.664337117076,4163,5061,2.7152573925997405,3.0308109241975,0.31555353159775956,3.031547982042495,3.031547982042497,1.7763568394002505e-15,0.3155535315977578,
upos,upos_only,PLUTARCH,ef8134329970f595ef9ccf4198217affef5c01fa243d5bf4e59ee6daebb04e1d,3,4_7,1840,5018.480764745833,5481.810564152054,5453.82126278483,5453.82126278483,1458,1840,2.727435198231431,2.9792448718217686,0.25180967359033746,2.964033294991755,2.964033294991755,0.0,0.25180967359033746,
upos,upos_only,PLUTARCH,ef8134329970f595ef9ccf4198217affef5c01fa243d5bf4e59ee6daebb04e1d,3,ge8,5061,13741.05278075365,15329.75608793958,15340.239506319334,15340.239506319334,4240,5061,2.715086500840476,3.02899744871361,0.3139109478731341,3.0310688611577423,3.0310688611577423,0.0,0.3139109478731341,
upos,upos_only,PLUTARCH,ef8134329970f595ef9ccf4198217affef5c01fa243d5bf4e59ee6daebb04e1d,4,4_7,1840,5022.56266802875,5480.993171077091,5436.8170205271535,5436.8170205271535,1504,1840,2.729653623928668,2.9788006364549404,0.24914701252627225,2.9547918589821487,2.9547918589821487,0.0,0.24914701252627225,
upos,upos_only,PLUTARCH,ef8134329970f595ef9ccf4198217affef5c01fa243d5bf4e59ee6daebb04e1d,4,ge8,5061,13720.530746495282,15332.574854693361,15296.974970086558,15296.974970086558,4182,5061,2.711031564215626,3.029554407171184,0.318522842955558,3.0225202470038646,3.0225202470038646,0.0,0.318522842955558,
upos,upos_only,PLUTARCH,ef8134329970f595ef9ccf4198217affef5c01fa243d5bf4e59ee6daebb04e1d,5,4_7,1840,5029.736477312242,5485.554325073927,5444.130786941014,5444.130786941014,1472,1840,2.7335524333218704,2.9812795244966996,0.24772709117482927,2.9587667320331597,2.9587667320331597,0.0,0.24772709117482927,
upos,upos_only,PLUTARCH,ef8134329970f595ef9ccf4198217affef5c01fa243d5bf4e59ee6daebb04e1d,5,ge8,5061,13740.043730305539,15342.949835165506,15300.677834826447,15300.677834826447,4176,5061,2.714887123158573,3.031604393433216,0.3167172702746428,3.023251893860195,3.023251893860195,0.0,0.3167172702746428,
upos,upos_only,PLUTARCH,ef8134329970f595ef9ccf4198217affef5c01fa243d5bf4e59ee6daebb04e1d,6,4_7,1840,5011.379172922785,5482.747701057274,5476.44222883043,5476.44222883043,1470,1840,2.7235756374580355,2.9797541853572143,0.2561785478991787,2.9763272982774076,2.9763272982774076,0.0,0.2561785478991787,
upos,upos_only,PLUTARCH,ef8134329970f595ef9ccf4198217affef5c01fa243d5bf4e59ee6daebb04e1d,6,ge8,5061,13708.918706071612,15332.617496572791,15218.584818951898,15218.584818951898,4167,5061,2.708737148008617,3.029562832754948,0.3208256847463309,3.0070311833534675,3.0070311833534675,0.0,0.3208256847463309,
upos,upos_only,PLUTARCH,ef8134329970f595ef9ccf4198217affef5c01fa243d5bf4e59ee6daebb04e1d,7,4_7,1840,5028.03701073095,5481.451119631737,5447.596656472871,5447.596656472871,1490,1840,2.732628810179864,2.9790495215389874,0.24642071135912325,2.960650356778734,2.960650356778734,0.0,0.24642071135912325,
upos,upos_only,PLUTARCH,ef8134329970f595ef9ccf4198217affef5c01fa243d5bf4e59ee6daebb04e1d,7,ge8,5061,13699.364115370208,15332.827197212726,15258.557102374689,15258.557102374689,4181,5061,2.7068492620767057,3.029604267380503,0.3227550053037973,3.014929283219658,3.014929283219658,0.0,0.3227550053037973,
upos,upos_only,PLUTARCH,ef8134329970f595ef9ccf4198217affef5c01fa243d5bf4e59ee6daebb04e1d,8,4_7,1840,5023.54259027546,5483.266249757213,5448.38835519178,5448.38835519178,1498,1840,2.7301861903670974,2.980036005302833,0.24984981493573555,2.9610806278216195,2.9610806278216195,0.0,0.24984981493573555,
upos,upos_only,PLUTARCH,ef8134329970f595ef9ccf4198217affef5c01fa243d5bf4e59ee6daebb04e1d,8,ge8,5061,13734.083193794911,15336.413806127017,15238.36870596113,15238.36870596113,4157,5061,2.7137093842708775,3.030312943316937,0.3166035590460594,3.0109402698994527,3.0109402698994527,0.0,0.3166035590460594,
upos,upos_only,PLUTARCH,ef8134329970f595ef9ccf4198217affef5c01fa243d5bf4e59ee6daebb04e1d,9,4_7,1840,5027.6300831755325,5481.300667476036,5493.181860821982,5493.181860822226,1501,1840,2.7324076538997457,2.978967754063063,0.2465601001633173,2.985424924359773,2.985424924359905,1.3233858453531866e-13,0.24656010016318497,
upos,upos_only,PLUTARCH,ef8134329970f595ef9ccf4198217affef5c01fa243d5bf4e59ee6daebb04e1d,9,ge8,5061,13719.661786127253,15337.198935115604,15162.761252336415,15162.761252337183,4175,5061,2.7108598668498822,3.0304680764899437,0.3196082096400614,2.996001037806049,2.996001037806201,1.5187850976872141e-13,0.31960820963990955,
upos,upos_only,THUCYDIDES,1a32cf6857284fff7c7f006f8d0cd4ab15a047af7a4bcd5613d1fd50789dd4ee,0,4_7,1989,5613.3211022857895,6039.995826256697,5999.748328764304,5999.748328764304,1591,1989,2.822182555196475,3.0366997618183493,0.21451720662187412,3.016464720344044,3.016464720344044,0.0,0.21451720662187412,
upos,upos_only,THUCYDIDES,1a32cf6857284fff7c7f006f8d0cd4ab15a047af7a4bcd5613d1fd50789dd4ee,0,ge8,5238,14651.784417916766,15993.152589707483,15935.635060336519,15935.635060336519,4296,5238,2.7972097017786877,3.053293736102994,0.2560840343243065,3.0423129172081937,3.0423129172081937,0.0,0.2560840343243065,
upos,upos_only,THUCYDIDES,1a32cf6857284fff7c7f006f8d0cd4ab15a047af7a4bcd5613d1fd50789dd4ee,1,4_7,1989,5625.773881642187,6043.291085032904,6022.93332465814,6022.93332465814,1596,1989,2.8284433794078367,3.038356503284517,0.20991312387668026,3.0281213296421017,3.0281213296421017,0.0,0.20991312387668026,
upos,upos_only,THUCYDIDES,1a32cf6857284fff7c7f006f8d0cd4ab15a047af7a4bcd5613d1fd50789dd4ee,1,ge8,5238,14656.444891559267,15996.92339815687,15932.051931783077,15932.051931783077,4342,5238,2.798099444742128,3.0540136308050534,0.25591418606292526,3.0416288529559137,3.0416288529559137,0.0,0.25591418606292526,
upos,upos_only,THUCYDIDES,1a32cf6857284fff7c7f006f8d0cd4ab15a047af7a4bcd5613d1fd50789dd4ee,2,4_7,1989,5618.537898896254,6040.013884423318,5988.031039890483,5988.031039890483,1631,1989,2.8248053790328074,3.0367088408362584,0.211903461803451,3.010573675158614,3.010573675158614,0.0,0.211903461803451,
upos,upos_only,THUCYDIDES,1a32cf6857284fff7c7f006f8d0cd4ab15a047af7a4bcd5613d1fd50789dd4ee,2,ge8,5238,14693.046933891128,15989.210821833674,15927.380406700264,15927.380406700264,4357,5238,2.805087234419841,3.0525412030992123,0.24745396867937108,3.040737000133689,3.040737000133689,0.0,0.24745396867937108,
upos,upos_only,THUCYDIDES,1a32cf6857284fff7c7f006f8d0cd4ab15a047af7a4bcd5613d1fd50789dd4ee,3,4_7,1989,5623.358503608338,6041.552696333897,5941.017076786168,5941.017076786168,1626,1989,2.827229011366686,3.03748250192755,0.21025349056086418,2.986936690189124,2.986936690189124,0.0,0.21025349056086418,
upos,upos_only,THUCYDIDES,1a32cf6857284fff7c7f006f8d0cd4ab15a047af7a4bcd5613d1fd50789dd4ee,3,ge8,5238,14665.317373576312,15993.566473044188,15963.503509430635,15963.503509430635,4353,5238,2.7997933130157144,3.053372751631193,0.2535794386154784,3.0476333542250162,3.0476333542250162,0.0,0.2535794386154784,
upos,upos_only,THUCYDIDES,1a32cf6857284fff7c7f006f8d0cd4ab15a047af7a4bcd5613d1fd50789dd4ee,4,4_7,1989,5593.11862080702,6040.577236632953,5977.2632531111385,5977.263253112479,1625,1989,2.8120254503806033,3.0369920747274777,0.22496662434687442,3.0051600065918245,3.005160006592498,6.73683331342545e-13,0.22496662434620074,
upos,upos_only,THUCYDIDES,1a32cf6857284fff7c7f006f8d0cd4ab15a047af7a4bcd5613d1fd50789dd4ee,4,ge8,5238,14624.954583931129,15995.9127492046,15906.674632200085,15906.674632204007,4334,5238,2.792087549433205,3.0538206852242458,0.2617331357910406,3.0367840076747012,3.03678400767545,7.487344078072056e-13,0.2617331357902919,
upos,upos_only,THUCYDIDES,1a32cf6857284fff7c7f006f8d0cd4ab15a047af7a4bcd5613d1fd50789dd4ee,5,4_7,1989,5611.0712767824925,6041.729441344891,5999.074379956477,5999.074379956477,1597,1989,2.8210514212078897,3.0375713631698797,0.2165199419619901,3.0161258823310595,3.0161258823310595,0.0,0.2165199419619901,
upos,upos_only,THUCYDIDES,1a32cf6857284fff7c7f006f8d0cd4ab15a047af7a4bcd5613d1fd50789dd4ee,5,ge8,5238,14654.266567477809,15997.616903165419,15882.87563866238,15882.87563866238,4337,5238,2.7976835753107694,3.054146029623028,0.25646245431225845,3.032240480844288,3.032240480844288,0.0,0.25646245431225845,
upos,upos_only,THUCYDIDES,1a32cf6857284fff7c7f006f8d0cd4ab15a047af7a4bcd5613d1fd50789dd4ee,6,4_7,1989,5634.927439002665,6042.552286484856,5995.140868481889,5995.140868482011,1616,1989,2.833045469584045,3.037985061078359,0.2049395914943144,3.0141482496138203,3.0141482496138816,6.128431095930864e-14,0.20493959149425311,
upos,upos_only,THUCYDIDES,1a32cf6857284fff7c7f006f8d0cd4ab15a047af7a4bcd5613d1fd50789dd4ee,6,ge8,5238,14686.201506757869,15995.09753204164,15894.891450522891,15894.891450523266,4371,5238,2.803780356387527,3.053665050027041,0.2498846936395136,3.034534450271648,3.0345344502717193,7.149836278586008e-14,0.2498846936394421,
upos,upos_only,THUCYDIDES,1a32cf6857284fff7c7f006f8d0cd4ab15a047af7a4bcd5613d1fd50789dd4ee,7,4_7,1989,5603.311044697129,6043.66698065686,6044.536126589589,6044.536126589589,1615,1989,2.8171498465043383,3.0385454905263245,0.2213956440219862,3.0389824668625383,3.0389824668625383,0.0,0.2213956440219862,
upos,upos_only,THUCYDIDES,1a32cf6857284fff7c7f006f8d0cd4ab15a047af7a4bcd5613d1fd50789dd4ee,7,ge8,5238,14660.598969689296,16003.687699972537,15878.113509811255,15878.113509811255,4350,5238,2.7988925104408735,3.0553050209951387,0.25641251055426517,3.0313313306245235,3.0313313306245235,0.0,0.25641251055426517,
upos,upos_only,THUCYDIDES,1a32cf6857284fff7c7f006f8d0cd4ab15a047af7a4bcd5613d1fd50789dd4ee,8,4_7,1989,5605.675248636171,6044.597023183157,6016.572722825332,6016.572722829051,1619,1989,2.818338485991036,3.0390130835511098,0.22067459756007368,3.0249234403345056,3.0249234403363756,1.8700596626786137e-12,0.22067459755820362,
upos,upos_only,THUCYDIDES,1a32cf6857284fff7c7f006f8d0cd4ab15a047af7a4bcd5613d1fd50789dd4ee,8,ge8,5238,14674.750149710462,16000.689096261962,15913.950621964479,15913.950621974724,4327,5238,2.8015941484746967,3.0547325498781905,0.25313840140349386,3.0381730855220463,3.038173085524002,1.9557688801796758e-12,0.2531384014015381,
upos,upos_only,THUCYDIDES,1a32cf6857284fff7c7f006f8d0cd4ab15a047af7a4bcd5613d1fd50789dd4ee,9,4_7,1989,5616.037290983942,6044.41740604965,6018.623349809719,6018.623349809719,1616,1989,2.823548160374028,3.0389227783055053,0.21537461793147727,3.0259544242381695,3.0259544242381695,0.0,0.21537461793147727,
upos,upos_only,THUCYDIDES,1a32cf6857284fff7c7f006f8d0cd4ab15a047af7a4bcd5613d1fd50789dd4ee,9,ge8,5238,14695.149896655026,16002.135505657541,15982.315069070914,15982.315069070914,4309,5238,2.8054887164289855,3.055008687601669,0.24951997117268343,3.0512247172720337,3.0512247172720337,0.0,0.24951997117268343,
C0,ud23,ATHENAEUS,4352f04fcfd7cbe580caddf69f309034ffb967d5d1bc8a8e809498de5bf8d329,0,all,16691,70685.97582594221,78224.38839563665,76209.72818508418,76209.72818508418,14858,16691,4.234975485347925,4.686620837315718,0.45164535196779276,4.565917451625677,4.565917451625677,0.0,0.45164535196779276,
C0,ud23,ATHENAEUS,4352f04fcfd7cbe580caddf69f309034ffb967d5d1bc8a8e809498de5bf8d329,1,all,16691,70688.01294606188,78199.50069486174,76049.80256179912,76049.80256179912,14868,16691,4.2350975343635415,4.685129752253414,0.4500322178898726,4.5563359032891455,4.5563359032891455,0.0,0.4500322178898726,
C0,ud23,ATHENAEUS,4352f04fcfd7cbe580caddf69f309034ffb967d5d1bc8a8e809498de5bf8d329,2,all,16691,70684.45826339138,78241.23488689533,76041.06705577757,76041.06705577757,14852,16691,4.234884564339547,4.687630153190062,0.4527455888505152,4.555812537042573,4.555812537042573,0.0,0.4527455888505152,
C0,ud23,ATHENAEUS,4352f04fcfd7cbe580caddf69f309034ffb967d5d1bc8a8e809498de5bf8d329,3,all,16691,70657.32033983091,78195.41425959588,76000.0986552689,76000.0986552689,14843,16691,4.2332586627422515,4.684884923587315,0.45162626084506385,4.553358016611881,4.553358016611881,0.0,0.45162626084506385,
C0,ud23,ATHENAEUS,4352f04fcfd7cbe580caddf69f309034ffb967d5d1bc8a8e809498de5bf8d329,4,all,16691,70691.44149176855,78243.94791897012,76121.02876689128,76121.02876689128,14863,16691,4.235302947203197,4.68779269779942,0.4524897505962233,4.560603245275375,4.560603245275375,0.0,0.4524897505962233,
C0,ud23,ATHENAEUS,4352f04fcfd7cbe580caddf69f309034ffb967d5d1bc8a8e809498de5bf8d329,5,all,16691,70679.01337570406,78223.37168475217,76121.5306081939,76121.53060819392,14887,16691,4.234558347355105,4.686559923596679,0.45200157624157367,4.560633311856324,4.560633311856325,8.881784197001252e-16,0.4520015762415728,
C0,ud23,ATHENAEUS,4352f04fcfd7cbe580caddf69f309034ffb967d5d1bc8a8e809498de5bf8d329,6,all,16691,70704.28317875745,78208.00161783492,76020.7062031278,76020.7062031278,14856,16691,4.236072325130756,4.685639064036602,0.44956673890584575,4.554592666894003,4.554592666894003,0.0,0.44956673890584575,
C0,ud23,ATHENAEUS,4352f04fcfd7cbe580caddf69f309034ffb967d5d1bc8a8e809498de5bf8d329,7,all,16691,70640.83210322399,78205.29595062978,76248.44658363206,76248.44658363206,14794,16691,4.232270810809657,4.685476960675201,0.45320614986554375,4.568237168751546,4.568237168751546,0.0,0.45320614986554375,
C0,ud23,ATHENAEUS,4352f04fcfd7cbe580caddf69f309034ffb967d5d1bc8a8e809498de5bf8d329,8,all,16691,70656.21874450169,78212.43839684955,76163.20148984493,76163.20148984493,14805,16691,4.233192663381565,4.685904882682257,0.4527122193006923,4.563129919707922,4.563129919707922,0.0,0.4527122193006923,
C0,ud23,ATHENAEUS,4352f04fcfd7cbe580caddf69f309034ffb967d5d1bc8a8e809498de5bf8d329,9,all,16691,70638.37704638249,78220.00160443509,76297.00379669301,76297.00379669301,14818,16691,4.2321237221486125,4.6863580135662986,0.454234291417686,4.571146354124559,4.571146354124559,0.0,0.454234291417686,
C0,ud23,ATHENAEUS,4352f04fcfd7cbe580caddf69f309034ffb967d5d1bc8a8e809498de5bf8d329,10,all,16691,70627.35447832906,78228.78222758902,76293.71712401492,76293.71712401492,14846,16691,4.23146333223468,4.6868840828943155,0.45542075065963505,4.57094944125666,4.57094944125666,0.0,0.45542075065963505,
C0,ud23,ATHENAEUS,4352f04fcfd7cbe580caddf69f309034ffb967d5d1bc8a8e809498de5bf8d329,11,all,16691,70680.86483663402,78179.80846721795,76223.18720394335,76223.18720394335,14839,16691,4.2346692730593745,4.683949941119043,0.4492806680596688,4.566723815466021,4.566723815466021,0.0,0.4492806680596688,
C0,ud23,ATHENAEUS,4352f04fcfd7cbe580caddf69f309034ffb967d5d1bc8a8e809498de5bf8d329,12,all,16691,70670.99270732194,78233.58773775703,76169.08006996119,76169.08006996119,14815,16691,4.234077808838412,4.687171993155415,0.45309418431700266,4.56348212030203,4.56348212030203,0.0,0.45309418431700266,
C0,ud23,ATHENAEUS,4352f04fcfd7cbe580caddf69f309034ffb967d5d1bc8a8e809498de5bf8d329,13,all,16691,70714.23541014895,78194.66975768407,76107.21123483108,76107.21123483108,14731,16691,4.236668588469771,4.684840318595894,0.44817173012612344,4.55977540200294,4.55977540200294,0.0,0.44817173012612344,
C0,ud23,ATHENAEUS,4352f04fcfd7cbe580caddf69f309034ffb967d5d1bc8a8e809498de5bf8d329,14,all,16691,70634.5404791596,78225.44124567397,76253.54495948699,76253.544959487,14870,16691,4.231893863708561,4.686683916222753,0.45479005251419213,4.568542625336228,4.568542625336229,8.881784197001252e-16,0.45479005251419125,
C0,ud23,ATHENAEUS,4352f04fcfd7cbe580caddf69f309034ffb967d5d1bc8a8e809498de5bf8d329,15,all,16691,70650.57383653062,78171.66216348959,76014.94120310998,76014.94120310998,14924,16691,4.23285446267633,4.683461875471187,0.4506074127948576,4.55424727117069,4.55424727117069,0.0,0.4506074127948576,
C0,ud23,ATHENAEUS,4352f04fcfd7cbe580caddf69f309034ffb967d5d1bc8a8e809498de5bf8d329,16,all,16691,70651.98860936312,78204.37652327151,76035.81878602183,76035.81878602183,14870,16691,4.23293922529286,4.685421875458122,0.4524826501652619,4.555498099935404,4.555498099935404,0.0,0.4524826501652619,
C0,ud23,ATHENAEUS,4352f04fcfd7cbe580caddf69f309034ffb967d5d1bc8a8e809498de5bf8d329,17,all,16691,70659.22062318056,78205.62818558438,76048.75795618835,76048.75795618835,14800,16691,4.2333725135210925,4.685496865711125,0.4521243521900322,4.556273318326544,4.556273318326544,0.0,0.4521243521900322,
C0,ud23,ATHENAEUS,4352f04fcfd7cbe580caddf69f309034ffb967d5d1bc8a8e809498de5bf8d329,18,all,16691,70680.67304938787,78221.76964310047,76075.10436640134,76075.10436640134,14820,16691,4.234657782600675,4.68646394123183,0.4518061586311548,4.557851798358477,4.557851798358477,0.0,0.4518061586311548,
C0,ud23,ATHENAEUS,4352f04fcfd7cbe580caddf69f309034ffb967d5d1bc8a8e809498de5bf8d329,19,all,16691,70659.1493104348,78229.40453700148,76182.59715627324,76182.59715627324,14794,16691,4.233368240994237,4.686921367024233,0.45355312602999653,4.564291963110254,4.564291963110254,0.0,0.45355312602999653,
C0,ud23,DIODORUS,d91dad02f8da03cf6702fa7edec531da5e56f526f466e2f04180f2a23a1cf315,0,all,12334,49253.87793650624,55694.50575302304,54281.71694799479,54281.71694799479,11000,12334,3.993341814213251,4.515526654209749,0.5221848399964979,4.400982402140002,4.400982402140002,0.0,0.5221848399964979,
C0,ud23,DIODORUS,d91dad02f8da03cf6702fa7edec531da5e56f526f466e2f04180f2a23a1cf315,1,all,12334,49300.38068802261,55762.081385350684,54451.718152639354,54451.718152639354,10960,12334,3.9971121037800073,4.521005463381765,0.5238933596017574,4.414765538563269,4.414765538563269,0.0,0.5238933596017574,
C0,ud23,DIODORUS,d91dad02f8da03cf6702fa7edec531da5e56f526f466e2f04180f2a23a1cf315,2,all,12334,49234.90202111997,55740.5391259246,54328.72837964416,54328.72837964416,10912,12334,3.9918033096416385,4.519258888108043,0.5274555784664043,4.404793933812564,4.404793933812564,0.0,0.5274555784664043,
C0,ud23,DIODORUS,d91dad02f8da03cf6702fa7edec531da5e56f526f466e2f04180f2a23a1cf315,3,all,12334,49269.69188302056,55771.503018529984,54389.74571482394,54389.74571482394,11003,12334,3.9946239567877866,4.5217693382949555,0.5271453815071689,4.409741017903676,4.409741017903676,0.0,0.5271453815071689,
C0,ud23,DIODORUS,d91dad02f8da03cf6702fa7edec531da5e56f526f466e2f04180f2a23a1cf315,4,all,12334,49268.41306024224,55731.00711932671,54169.80876310473,54169.80876310474,11020,12334,3.994520274058881,4.518486064482464,0.523965790423583,4.3919092559676285,4.391909255967629,8.881784197001252e-16,0.5239657904235822,
C0,ud23,DIODORUS,d91dad02f8da03cf6702fa7edec531da5e56f526f466e2f04180f2a23a1cf315,5,all,12334,49221.93437492516,55707.191353251,54367.46497139531,54367.46497139531,10991,12334,3.9907519357001098,4.516555160795444,0.5258032250953342,4.407934568785091,4.407934568785091,0.0,0.5258032250953342,
C0,ud23,DIODORUS,d91dad02f8da03cf6702fa7edec531da5e56f526f466e2f04180f2a23a1cf315,6,all,12334,49172.92357224251,55696.231854039484,54270.59559751663,54270.59559751663,11032,12334,3.9867783016249803,4.515666600781538,0.5288882991565576,4.40008071975974,4.40008071975974,0.0,0.5288882991565576,
C0,ud23,DIODORUS,d91dad02f8da03cf6702fa7edec531da5e56f526f466e2f04180f2a23a1cf315,7,all,12334,49219.55716629282,55727.06934760888,54252.76754482256,54252.76754482256,11048,12334,3.990559199472419,4.518166802951912,0.5276076034794928,4.398635280105607,4.398635280105607,0.0,0.5276076034794928,
C0,ud23,DIODORUS,d91dad02f8da03cf6702fa7edec531da5e56f526f466e2f04180f2a23a1cf315,8,all,12334,49174.81204960896,55667.87171044607,54293.39917715291,54293.39917715291,10956,12334,3.9869314131351516,4.513367253968386,0.5264358408332339,4.401929558711927,4.401929558711927,0.0,0.5264358408332339,
C0,ud23,DIODORUS,d91dad02f8da03cf6702fa7edec531da5e56f526f466e2f04180f2a23a1cf315,9,all,12334,49259.932854018494,55709.555587484036,54255.46919752474,54255.46919752474,10982,12334,3.9938327269351785,4.5167468451016735,0.5229141181664949,4.398854321187347,4.398854321187347,0.0,0.5229141181664949,
C0,ud23,DIODORUS,d91dad02f8da03cf6702fa7edec531da5e56f526f466e2f04180f2a23a1cf315,10,all,12334,49220.59254072675,55713.937719605754,54433.88671602988,54433.88671602988,10987,12334,3.9906431442132924,4.517102133906742,0.5264589896934497,4.413319824552447,4.413319824552447,0.0,0.5264589896934497,
C0,ud23,DIODORUS,d91dad02f8da03cf6702fa7edec531da5e56f526f466e2f04180f2a23a1cf315,11,all,12334,49231.52228332204,55755.775758995296,54180.475917992495,54180.475917992495,10946,12334,3.9915292916589946,4.520494224014537,0.5289649323555423,4.3927741136689225,4.3927741136689225,0.0,0.5289649323555423,
C0,ud23,DIODORUS,d91dad02f8da03cf6702fa7edec531da5e56f526f466e2f04180f2a23a1cf315,12,all,12334,49230.6812562309,55719.60165021969,54386.327689488186,54386.327689488186,11027,12334,3.991461103959048,4.517561346701775,0.5261002427427264,4.40946389569387,4.40946389569387,0.0,0.5261002427427264,
C0,ud23,DIODORUS,d91dad02f8da03cf6702fa7edec531da5e56f526f466e2f04180f2a23a1cf315,13,all,12334,49263.51144973449,55767.09166118409,54511.22748107656,54511.22748107656,10998,12334,3.9941228676613014,4.521411680005196,0.5272888123438944,4.419590358446292,4.419590358446292,0.0,0.5272888123438944,
C0,ud23,DIODORUS,d91dad02f8da03cf6702fa7edec531da5e56f526f466e2f04180f2a23a1cf315,14,all,12334,49212.93516782976,55694.32387921687,54296.94244869113,54296.94244869113,11008,12334,3.990022309699186,4.51551190848199,0.5254895987828041,4.402216835470337,4.402216835470337,0.0,0.5254895987828041,
C0,ud23,DIODORUS,d91dad02f8da03cf6702fa7edec531da5e56f526f466e2f04180f2a23a1cf315,15,all,12334,49284.080285441174,55771.44632312536,54381.0184298162,54381.0184298162,10985,12334,3.995790520953557,4.521764741618726,0.5259742206651685,4.409033438447884,4.409033438447884,0.0,0.5259742206651685,
C0,ud23,DIODORUS,d91dad02f8da03cf6702fa7edec531da5e56f526f466e2f04180f2a23a1cf315,16,all,12334,49252.55929163798,55743.64290651183,54400.73571006278,54400.73571006278,10981,12334,3.993234902840764,4.5195105323911005,0.5262756295503364,4.4106320504347964,4.4106320504347964,0.0,0.5262756295503364,
C0,ud23,DIODORUS,d91dad02f8da03cf6702fa7edec531da5e56f526f466e2f04180f2a23a1cf315,17,all,12334,49254.26940580174,55723.559528741025,54332.30793023517,54332.30793023517,10967,12334,3.9933735532513164,4.517882238425574,0.5245086851742573,4.4050841519568,4.4050841519568,0.0,0.5245086851742573,
C0,ud23,DIODORUS,d91dad02f8da03cf6702fa7edec531da5e56f526f466e2f04180f2a23a1cf315,18,all,12334,49243.244004961205,55747.09352989818,54363.2054239377,54363.20542393771,11014,12334,3.9924796501509006,4.519790297543229,0.5273106473923281,4.407589218739882,4.407589218739883,8.881784197001252e-16,0.5273106473923272,
C0,ud23,DIODORUS,d91dad02f8da03cf6702fa7edec531da5e56f526f466e2f04180f2a23a1cf315,19,all,12334,49252.438668363146,55773.824018392814,54321.44630077433,54321.44630077435,10997,12334,3.993225123103871,4.521957517301185,0.5287323941973137,4.404203526899168,4.404203526899169,8.881784197001252e-16,0.5287323941973128,
C0,ud23,HERODOTUS,89f0804afded8e7a0f4e1b507030d5ef4ecaf17e422c8b2969bd6b23e62818e6,0,all,12946,56963.51494740175,61994.38266553791,60194.21288431254,60194.21288431254,11611,12946,4.400086122926136,4.788690148736127,0.3886040258099914,4.649637948734168,4.649637948734168,0.0,0.3886040258099914,
C0,ud23,HERODOTUS,89f0804afded8e7a0f4e1b507030d5ef4ecaf17e422c8b2969bd6b23e62818e6,1,all,12946,56905.36052472071,61981.76869282471,60213.038181807,60213.038181807,11634,12946,4.395594046402032,4.787715795830737,0.39212174942870437,4.651092088815619,4.651092088815619,0.0,0.39212174942870437,
C0,ud23,HERODOTUS,89f0804afded8e7a0f4e1b507030d5ef4ecaf17e422c8b2969bd6b23e62818e6,2,all,12946,56870.16227168098,61980.88556215697,60095.458372689514,60095.458372689514,11596,12946,4.3928751947845655,4.787647579341647,0.39477238455708186,4.642009761523985,4.642009761523985,0.0,0.39477238455708186,
C0,ud23,HERODOTUS,89f0804afded8e7a0f4e1b507030d5ef4ecaf17e422c8b2969bd6b23e62818e6,3,all,12946,56853.32909042499,61980.6906404054,60010.8261937501,60010.8261937501,11620,12946,4.391574933603042,4.787632522818276,0.3960575892152338,4.635472438880743,4.635472438880743,0.0,0.3960575892152338,
C0,ud23,HERODOTUS,89f0804afded8e7a0f4e1b507030d5ef4ecaf17e422c8b2969bd6b23e62818e6,4,all,12946,56856.72057157841,61954.715327626225,60077.76833178237,60077.76833178237,11609,12946,4.391836904957393,4.785626087411264,0.3937891824538706,4.6406433131301075,4.6406433131301075,0.0,0.3937891824538706,
C0,ud23,HERODOTUS,89f0804afded8e7a0f4e1b507030d5ef4ecaf17e422c8b2969bd6b23e62818e6,5,all,12946,56827.89530229848,61959.51103247318,60105.53543211675,60105.53543211675,11579,12946,4.389610327691834,4.78599652653122,0.3963861988393864,4.642788153260987,4.642788153260987,0.0,0.3963861988393864,
C0,ud23,HERODOTUS,89f0804afded8e7a0f4e1b507030d5ef4ecaf17e422c8b2969bd6b23e62818e6,6,all,12946,56960.533470102404,62001.57892378938,60093.16258856816,60093.16258856816,11658,12946,4.399855821883393,4.78924601605047,0.38939019416707676,4.641832426121439,4.641832426121439,0.0,0.38939019416707676,
C0,ud23,HERODOTUS,89f0804afded8e7a0f4e1b507030d5ef4ecaf17e422c8b2969bd6b23e62818e6,7,all,12946,56844.85792913647,61978.30675711517,60207.71866876657,60207.71866876657,11554,12946,4.390920587759654,4.787448382289137,0.39652779452948295,4.650681188688905,4.650681188688905,0.0,0.39652779452948295,
C0,ud23,HERODOTUS,89f0804afded8e7a0f4e1b507030d5ef4ecaf17e422c8b2969bd6b23e62818e6,8,all,12946,56823.490342605815,61960.18607438801,60177.28325319248,60177.28325319248,11617,12946,4.389270071265705,4.786048669425924,0.39677859816021854,4.648330237385484,4.648330237385484,0.0,0.39677859816021854,
C0,ud23,HERODOTUS,89f0804afded8e7a0f4e1b507030d5ef4ecaf17e422c8b2969bd6b23e62818e6,9,all,12946,56949.58067642877,61982.98852132368,60137.14229637661,60137.14229637661,11575,12946,4.399009784986001,4.7878100201856695,0.38880023519966844,4.645229591872131,4.645229591872131,0.0,0.38880023519966844,
C0,ud23,HERODOTUS,89f0804afded8e7a0f4e1b507030d5ef4ecaf17e422c8b2969bd6b23e62818e6,10,all,12946,56929.256043210364,62011.09773395675,60334.366414119395,60334.366414119395,11656,12946,4.397439830311321,4.789981286417175,0.392541456105854,4.660463959069936,4.660463959069936,0.0,0.392541456105854,
C0,ud23,HERODOTUS,89f0804afded8e7a0f4e1b507030d5ef4ecaf17e422c8b2969bd6b23e62818e6,11,all,12946,56866.452920737414,61968.37453585629,60017.21188819292,60017.21188819292,11598,12946,4.3925886699163765,4.786681178422392,0.3940925085060156,4.635965695055841,4.635965695055841,0.0,0.3940925085060156,
C0,ud23,HERODOTUS,89f0804afded8e7a0f4e1b507030d5ef4ecaf17e422c8b2969bd6b23e62818e6,12,all,12946,56874.80333222305,61965.351893285406,60096.85701347863,60096.85701347863,11633,12946,4.393233688569678,4.786447697612035,0.3932140090423566,4.642117798044078,4.642117798044078,0.0,0.3932140090423566,
C0,ud23,HERODOTUS,89f0804afded8e7a0f4e1b507030d5ef4ecaf17e422c8b2969bd6b23e62818e6,13,all,12946,56854.868505341736,61978.859368913516,59948.62372352606,59948.62372352606,11555,12946,4.39169384407089,4.787491068199715,0.3957972241288257,4.6306676752298825,4.6306676752298825,0.0,0.3957972241288257,
C0,ud23,HERODOTUS,89f0804afded8e7a0f4e1b507030d5ef4ecaf17e422c8b2969bd6b23e62818e6,14,all,12946,56854.505300659235,61927.70090469052,60057.276175764884,60057.276175764884,11635,12946,4.391665788711512,4.78353938704546,0.3918735983339481,4.639060418334998,4.639060418334998,0.0,0.3918735983339481,
C0,ud23,HERODOTUS,89f0804afded8e7a0f4e1b507030d5ef4ecaf17e422c8b2969bd6b23e62818e6,15,all,12946,56884.233440236305,61976.594283735176,59890.72308419918,59890.72308419918,11584,12946,4.393962107232837,4.78731610410437,0.39335399687153316,4.626195201931035,4.626195201931035,0.0,0.39335399687153316,
C0,ud23,HERODOTUS,89f0804afded8e7a0f4e1b507030d5ef4ecaf17e422c8b2969bd6b23e62818e6,16,all,12946,56870.92134951569,61963.35481501209,59992.07777390812,59992.077773908124,11563,12946,4.392933828944515,4.786293435425003,0.3933596064804883,4.634024237131787,4.634024237131788,8.881784197001252e-16,0.3933596064804874,
C0,ud23,HERODOTUS,89f0804afded8e7a0f4e1b507030d5ef4ecaf17e422c8b2969bd6b23e62818e6,17,all,12946,56928.640774010884,61973.971019160956,60219.68382788799,60219.68382788799,11664,12946,4.397392304496438,4.7871134728225675,0.3897211683261297,4.65160542467851,4.65160542467851,0.0,0.3897211683261297,
C0,ud23,HERODOTUS,89f0804afded8e7a0f4e1b507030d5ef4ecaf17e422c8b2969bd6b23e62818e6,18,all,12946,56883.957993182055,61965.85275428902,60088.24271472808,60088.24271472808,11567,12946,4.39394083061811,4.786486386087519,0.3925455554694093,4.641452395699682,4.641452395699682,0.0,0.3925455554694093,
C0,ud23,HERODOTUS,89f0804afded8e7a0f4e1b507030d5ef4ecaf17e422c8b2969bd6b23e62818e6,19,all,12946,56870.19538490669,61961.42452544581,60089.4443904114,60089.4443904114,11647,12946,4.392877752580464,4.786144332260606,0.3932665796801418,4.6415452178596786,4.6415452178596786,0.0,0.3932665796801418,
C0,ud23,HESIODIC_TRADITION,c4c0c7eaeca0d61d2e53f4f0642bfa382e91dd28b470d2f4da2ba8539fe0e7f7,0,all,6375,29788.159024614026,31377.577545371907,31169.53456610081,31169.53456610081,5592,6375,4.672652396017886,4.921972948293632,0.249320552275746,4.8893387554667935,4.8893387554667935,0.0,0.249320552275746,
C0,ud23,HESIODIC_TRADITION,c4c0c7eaeca0d61d2e53f4f0642bfa382e91dd28b470d2f4da2ba8539fe0e7f7,1,all,6375,29745.7623508061,31352.988361452437,30946.494101031523,30946.494101031523,5559,6375,4.666001937381349,4.918115821404304,0.25211388402295487,4.854352015848082,4.854352015848082,0.0,0.25211388402295487,
C0,ud23,HESIODIC_TRADITION,c4c0c7eaeca0d61d2e53f4f0642bfa382e91dd28b470d2f4da2ba8539fe0e7f7,2,all,6375,29707.9139764775,31372.117167947912,31185.87176566981,31185.87176566981,5501,6375,4.660064937486666,4.921116418501633,0.26105148101496667,4.891901453438401,4.891901453438401,0.0,0.26105148101496667,
C0,ud23,HESIODIC_TRADITION,c4c0c7eaeca0d61d2e53f4f0642bfa382e91dd28b470d2f4da2ba8539fe0e7f7,3,all,6375,29820.7679098949,31425.998880493942,31156.903709270642,31156.903709270642,5581,6375,4.6777675152776315,4.929568451842187,0.25180093656455593,4.887357444591474,4.887357444591474,0.0,0.25180093656455593,
C0,ud23,HESIODIC_TRADITION,c4c0c7eaeca0d61d2e53f4f0642bfa382e91dd28b470d2f4da2ba8539fe0e7f7,4,all,6375,29865.009700347684,31402.274766404928,31144.292737068645,31144.292737068645,5617,6375,4.684707403976107,4.925847022181165,0.24113961820505825,4.885379252873513,4.885379252873513,0.0,0.24113961820505825,
C0,ud23,HESIODIC_TRADITION,c4c0c7eaeca0d61d2e53f4f0642bfa382e91dd28b470d2f4da2ba8539fe0e7f7,5,all,6375,29705.837582884975,31339.44318622286,31053.132330801032,31053.132330801032,5590,6375,4.659739228687839,4.915991088034958,0.2562518593471186,4.871079581302123,4.871079581302123,0.0,0.2562518593471186,
C0,ud23,HESIODIC_TRADITION,c4c0c7eaeca0d61d2e53f4f0642bfa382e91dd28b470d2f4da2ba8539fe0e7f7,6,all,6375,29704.840346672892,31351.829160422494,31058.231074317308,31058.231074317308,5589,6375,4.659582799478101,4.917933985948626,0.25835118647052546,4.871879384206636,4.871879384206636,0.0,0.25835118647052546,
C0,ud23,HESIODIC_TRADITION,c4c0c7eaeca0d61d2e53f4f0642bfa382e91dd28b470d2f4da2ba8539fe0e7f7,7,all,6375,29740.58899155794,31369.98093649161,31035.084360174882,31035.084360174882,5598,6375,4.6651904300483045,4.920781323371233,0.2555908933229283,4.868248527086256,4.868248527086256,0.0,0.2555908933229283,
C0,ud23,HESIODIC_TRADITION,c4c0c7eaeca0d61d2e53f4f0642bfa382e91dd28b470d2f4da2ba8539fe0e7f7,8,all,6375,29739.047395665864,31391.03456604274,31175.677410132692,31175.677410132692,5627,6375,4.664948611084841,4.9240838534969,0.259135242412059,4.890302338844344,4.890302338844344,0.0,0.259135242412059,
C0,ud23,HESIODIC_TRADITION,c4c0c7eaeca0d61d2e53f4f0642bfa382e91dd28b470d2f4da2ba8539fe0e7f7,9,all,6375,29645.86032266366,31320.03344461487,30934.535124025526,30934.535124025526,5559,6375,4.650331031006064,4.912946422684685,0.26261539167862136,4.852476097886357,4.852476097886357,0.0,0.26261539167862136,
C0,ud23,HESIODIC_TRADITION,c4c0c7eaeca0d61d2e53f4f0642bfa382e91dd28b470d2f4da2ba8539fe0e7f7,10,all,6375,29882.58720816483,31429.78886082645,31131.231660143952,31131.231660143952,5575,6375,4.687464660104287,4.930162958561012,0.24269829845672497,4.883330456493169,4.883330456493169,0.0,0.24269829845672497,
C0,ud23,HESIODIC_TRADITION,c4c0c7eaeca0d61d2e53f4f0642bfa382e91dd28b470d2f4da2ba8539fe0e7f7,11,all,6375,29837.85734230271,31410.428263921014,31070.77808585285,31070.77808585285,5594,6375,4.680448210557287,4.927126002183688,0.2466777916264009,4.873847542878878,4.873847542878878,0.0,0.2466777916264009,
C0,ud23,HESIODIC_TRADITION,c4c0c7eaeca0d61d2e53f4f0642bfa382e91dd28b470d2f4da2ba8539fe0e7f7,12,all,6375,29792.263363801794,31410.102754415966,31057.532284816196,31057.532284816196,5607,6375,4.673296213929693,4.927074941869171,0.2537787279394781,4.871769770167246,4.871769770167246,0.0,0.2537787279394781,
C0,ud23,HESIODIC_TRADITION,c4c0c7eaeca0d61d2e53f4f0642bfa382e91dd28b470d2f4da2ba8539fe0e7f7,13,all,6375,29796.121752220013,31418.469176694405,31169.05480305578,31169.05480305578,5581,6375,4.673901451328629,4.928387321834417,0.2544858705057873,4.889263498518554,4.889263498518554,0.0,0.2544858705057873,
C0,ud23,HESIODIC_TRADITION,c4c0c7eaeca0d61d2e53f4f0642bfa382e91dd28b470d2f4da2ba8539fe0e7f7,14,all,6375,29757.06533944619,31354.492876323886,31144.87572142216,31144.87572142216,5561,6375,4.667774955207245,4.91835182373708,0.2505768685298344,4.885470701399554,4.885470701399554,0.0,0.2505768685298344,
C0,ud23,HESIODIC_TRADITION,c4c0c7eaeca0d61d2e53f4f0642bfa382e91dd28b470d2f4da2ba8539fe0e7f7,15,all,6375,29804.060729409663,31427.34032734484,31130.642344108484,31130.642344108484,5543,6375,4.6751467810838685,4.929778874877622,0.2546320937937532,4.8832380147621155,4.8832380147621155,0.0,0.2546320937937532,
C0,ud23,HESIODIC_TRADITION,c4c0c7eaeca0d61d2e53f4f0642bfa382e91dd28b470d2f4da2ba8539fe0e7f7,16,all,6375,29736.385984171913,31377.88650381321,31102.711463659303,31102.711463659303,5596,6375,4.664531134772065,4.922021412362857,0.2574902775907919,4.878856700181852,4.878856700181852,0.0,0.2574902775907919,
C0,ud23,HESIODIC_TRADITION,c4c0c7eaeca0d61d2e53f4f0642bfa382e91dd28b470d2f4da2ba8539fe0e7f7,17,all,6375,29795.525316945255,31384.591971562608,31102.418663828328,31102.418663828328,5642,6375,4.673807892854158,4.923073250441194,0.24926535758703583,4.8788107707966,4.8788107707966,0.0,0.24926535758703583,
C0,ud23,HESIODIC_TRADITION,c4c0c7eaeca0d61d2e53f4f0642bfa382e91dd28b470d2f4da2ba8539fe0e7f7,18,all,6375,29749.826117441815,31390.19334581191,30989.217778768332,30989.217778768332,5558,6375,4.666639390971265,4.923951897382261,0.25731250641099557,4.861053769218562,4.861053769218562,0.0,0.25731250641099557,
C0,ud23,HESIODIC_TRADITION,c4c0c7eaeca0d61d2e53f4f0642bfa382e91dd28b470d2f4da2ba8539fe0e7f7,19,all,6375,29852.79278065855,31418.01384709171,31143.006182214776,31143.006182214776,5604,6375,4.682791024417027,4.928315897583014,0.24552487316598626,4.885177440347416,4.885177440347416,0.0,0.24552487316598626,
C0,ud23,HOMERIC_TRADITION,209ee9f27c82f31d31eb16124569039d7847ed327f3a0f2b5c4eae048347e621,0,all,46634,212386.98213005555,224588.99979294802,220282.40663263487,220282.40663263487,41070,46634,4.55433765343002,4.8159926189678774,0.2616549655378577,4.723643835670002,4.723643835670002,0.0,0.2616549655378577,
C0,ud23,HOMERIC_TRADITION,209ee9f27c82f31d31eb16124569039d7847ed327f3a0f2b5c4eae048347e621,1,all,46634,212373.57899069425,224657.26087073635,220208.69401875848,220208.69401875848,41174,46634,4.554050242112927,4.817456380982467,0.2634061388695397,4.722063173194632,4.722063173194632,0.0,0.2634061388695397,
C0,ud23,HOMERIC_TRADITION,209ee9f27c82f31d31eb16124569039d7847ed327f3a0f2b5c4eae048347e621,2,all,46634,212214.52301551783,224612.72008344744,220075.943941238,220075.943941238,41139,46634,4.550639512276833,4.8165012669607465,0.2658617546839137,4.719216536030321,4.719216536030321,0.0,0.2658617546839137,
C0,ud23,HOMERIC_TRADITION,209ee9f27c82f31d31eb16124569039d7847ed327f3a0f2b5c4eae048347e621,3,all,46634,212322.13330591368,224603.011520431,220194.9485004671,220194.9485004671,41253,46634,4.552947062356085,4.816293080594223,0.2633460182381375,4.721768420046899,4.721768420046899,0.0,0.2633460182381375,
C0,ud23,HOMERIC_TRADITION,209ee9f27c82f31d31eb16124569039d7847ed327f3a0f2b5c4eae048347e621,4,all,46634,212371.5955188113,224642.3978167572,220507.94796066557,220507.94796066557,41082,46634,4.554007709371088,4.817137663866647,0.2631299544955592,4.728480249617566,4.728480249617566,0.0,0.2631299544955592,
C0,ud23,HOMERIC_TRADITION,209ee9f27c82f31d31eb16124569039d7847ed327f3a0f2b5c4eae048347e621,5,all,46634,212497.4346707684,224681.64048994565,220659.71792723684,220659.71792723684,41080,46634,4.556706151536827,4.817979167344548,0.26127301580772144,4.73173474133115,4.73173474133115,0.0,0.26127301580772144,
C0,ud23,HOMERIC_TRADITION,209ee9f27c82f31d31eb16124569039d7847ed327f3a0f2b5c4eae048347e621,6,all,46634,212363.18973754725,224673.99783546664,220121.12807184845,220121.12807184845,41118,46634,4.553827459311816,4.817815281457019,0.2639878221452028,4.72018544563727,4.72018544563727,0.0,0.2639878221452028,
C0,ud23,HOMERIC_TRADITION,209ee9f27c82f31d31eb16124569039d7847ed327f3a0f2b5c4eae048347e621,7,all,46634,212577.10374510082,224732.46815203954,220342.1532891558,220342.1532891558,41195,46634,4.558414541860034,4.81906909448127,0.2606545526212356,4.724925017994506,4.724925017994506,0.0,0.2606545526212356,
C0,ud23,HOMERIC_TRADITION,209ee9f27c82f31d31eb16124569039d7847ed327f3a0f2b5c4eae048347e621,8,all,46634,212516.67075406708,224771.67001729834,220744.73424228578,220744.7342422858,41134,46634,4.557118642065169,4.819909722890988,0.2627910808258189,4.733557795648792,4.733557795648792,0.0,0.2627910808258189,
C0,ud23,HOMERIC_TRADITION,209ee9f27c82f31d31eb16124569039d7847ed327f3a0f2b5c4eae048347e621,9,all,46634,212493.10904173763,224744.8818633514,220424.23144738862,220424.23144738862,41195,46634,4.5566133945562814,4.819335288916914,0.26272189436063265,4.726685067705722,4.726685067705722,0.0,0.26272189436063265,
C0,ud23,HOMERIC_TRADITION,209ee9f27c82f31d31eb16124569039d7847ed327f3a0f2b5c4eae048347e621,10,all,46634,212501.3136065779,224726.8949463336,220692.72525620964,220692.72525620964,41149,46634,4.556789329814682,4.818949584988069,0.26216025517338615,4.732442536694464,4.732442536694464,0.0,0.26216025517338615,
C0,ud23,HOMERIC_TRADITION,209ee9f27c82f31d31eb16124569039d7847ed327f3a0f2b5c4eae048347e621,11,all,46634,212602.2355571979,224781.24958762256,220418.6574310044,220418.6574310044,41124,46634,4.558953457931937,4.8201151431921465,0.2611616852602099,4.726565540828674,4.726565540828674,0.0,0.2611616852602099,
C0,ud23,HOMERIC_TRADITION,209ee9f27c82f31d31eb16124569039d7847ed327f3a0f2b5c4eae048347e621,12,all,46634,212726.16686346702,224624.88050344412,220293.5111925306,220293.5111925306,41123,46634,4.561610989052344,4.8167620299233205,0.2551510408709765,4.723881957209988,4.723881957209988,0.0,0.2551510408709765,
C0,ud23,HOMERIC_TRADITION,209ee9f27c82f31d31eb16124569039d7847ed327f3a0f2b5c4eae048347e621,13,all,46634,212347.06853696276,224627.60322772435,220393.78477143406,220393.78477143406,41100,46634,4.553481763026178,4.816820414884512,0.2633386518583345,4.726032181915214,4.726032181915214,0.0,0.2633386518583345,
C0,ud23,HOMERIC_TRADITION,209ee9f27c82f31d31eb16124569039d7847ed327f3a0f2b5c4eae048347e621,14,all,46634,212449.90219551936,224693.9053388797,220457.3630991755,220457.3630991755,41244,46634,4.555686885009207,4.818242169637597,0.26255528462839006,4.727395528995486,4.727395528995486,0.0,0.26255528462839006,
C0,ud23,HOMERIC_TRADITION,209ee9f27c82f31d31eb16124569039d7847ed327f3a0f2b5c4eae048347e621,15,all,46634,212631.9289246875,224639.60363482384,219991.11296727494,219991.11296727494,41188,46634,4.559590190090653,4.817077746597414,0.2574875565067618,4.71739745608944,4.71739745608944,0.0,0.2574875565067618,
C0,ud23,HOMERIC_TRADITION,209ee9f27c82f31d31eb16124569039d7847ed327f3a0f2b5c4eae048347e621,16,all,46634,212336.0353778407,224574.81287072346,220183.96990093536,220183.96990093536,41150,46634,4.553245172574531,4.815688400538737,0.26244322796420594,4.721532999548299,4.721532999548299,0.0,0.26244322796420594,
C0,ud23,HOMERIC_TRADITION,209ee9f27c82f31d31eb16124569039d7847ed327f3a0f2b5c4eae048347e621,17,all,46634,212322.49717164793,224612.0990378492,220402.77163554254,220402.77163554254,41045,46634,4.552954864940771,4.816487949518574,0.2635330845778032,4.726224892472071,4.726224892472071,0.0,0.2635330845778032,
C0,ud23,HOMERIC_TRADITION,209ee9f27c82f31d31eb16124569039d7847ed327f3a0f2b5c4eae048347e621,18,all,46634,212498.29061227795,224722.42296631198,220216.86989627758,220216.86989627758,41101,46634,4.556724505988719,4.818853689718059,0.26212918372934,4.722238493294111,4.722238493294111,0.0,0.26212918372934,
C0,ud23,HOMERIC_TRADITION,209ee9f27c82f31d31eb16124569039d7847ed327f3a0f2b5c4eae048347e621,19,all,46634,212336.01638058224,224622.14004831397,219911.6185563004,219911.61855630044,41121,46634,4.553244765205263,4.816703264749195,0.2634584995439324,4.715692811174259,4.71569281117426,8.881784197001252e-16,0.2634584995439315,
C0,ud23,PLUTARCH,ef8134329970f595ef9ccf4198217affef5c01fa243d5bf4e59ee6daebb04e1d,0,all,6901,29274.1680021897,32989.696509836824,31980.670898091255,31980.670898091255,6216,6901,4.242018258540748,4.780422621335578,0.5384043627948305,4.6342082159239615,4.6342082159239615,0.0,0.5384043627948305,
C0,ud23,PLUTARCH,ef8134329970f595ef9ccf4198217affef5c01fa243d5bf4e59ee6daebb04e1d,1,all,6901,29220.965711611498,32968.71506260554,31987.074176281367,31987.074176281367,6224,6901,4.234308898943849,4.777382272512033,0.5430733735681841,4.635136092780955,4.635136092780955,0.0,0.5430733735681841,
C0,ud23,PLUTARCH,ef8134329970f595ef9ccf4198217affef5c01fa243d5bf4e59ee6daebb04e1d,2,all,6901,29232.117924488037,32983.20115763169,32053.986163632457,32053.986163632457,6204,6901,4.235924927472546,4.7794814023520775,0.5435564748795318,4.644832077037018,4.644832077037018,0.0,0.5435564748795318,
C0,ud23,PLUTARCH,ef8134329970f595ef9ccf4198217affef5c01fa243d5bf4e59ee6daebb04e1d,3,all,6901,29202.853544533544,32949.04732795908,31974.7055829135,31974.7055829135,6265,6901,4.231684327566084,4.774532289227515,0.5428479616614306,4.633343802769671,4.633343802769671,0.0,0.5428479616614306,
C0,ud23,PLUTARCH,ef8134329970f595ef9ccf4198217affef5c01fa243d5bf4e59ee6daebb04e1d,4,all,6901,29239.696450317253,32965.54000497374,31988.891611196115,31988.891611196115,6249,6901,4.237023105393023,4.77692218591128,0.5398990805182571,4.635399450977556,4.635399450977556,0.0,0.5398990805182571,
C0,ud23,PLUTARCH,ef8134329970f595ef9ccf4198217affef5c01fa243d5bf4e59ee6daebb04e1d,5,all,6901,29222.918825793222,32985.21790077107,31930.547299199272,31930.547299199272,6233,6901,4.234591917952938,4.779773641612965,0.5451817236600274,4.626944978872522,4.626944978872522,0.0,0.5451817236600274,
C0,ud23,PLUTARCH,ef8134329970f595ef9ccf4198217affef5c01fa243d5bf4e59ee6daebb04e1d,6,all,6901,29251.52286718188,32956.19402991123,32068.259984739176,32068.259984739176,6240,6901,4.23873683048571,4.775567893046114,0.5368310625604042,4.646900446998866,4.646900446998866,0.0,0.5368310625604042,
C0,ud23,PLUTARCH,ef8134329970f595ef9ccf4198217affef5c01fa243d5bf4e59ee6daebb04e1d,7,all,6901,29199.785943734154,32953.68418172366,31936.31273084038,31936.31273084038,6236,6901,4.231239812162608,4.775204199641162,0.543964387478554,4.627780427596055,4.627780427596055,0.0,0.543964387478554,
C0,ud23,PLUTARCH,ef8134329970f595ef9ccf4198217affef5c01fa243d5bf4e59ee6daebb04e1d,8,all,6901,29232.507292189963,32959.27024321903,31918.10421772043,31918.10421772043,6181,6901,4.235981349397184,4.7760136564583435,0.5400323070611597,4.625141895047157,4.625141895047157,0.0,0.5400323070611597,
C0,ud23,PLUTARCH,ef8134329970f595ef9ccf4198217affef5c01fa243d5bf4e59ee6daebb04e1d,9,all,6901,29228.67397900439,32980.4801075954,32030.099720169506,32030.099720169506,6232,6901,4.235425877264801,4.779087104418983,0.5436612271541827,4.641370775274527,4.641370775274527,0.0,0.5436612271541827,
C0,ud23,PLUTARCH,ef8134329970f595ef9ccf4198217affef5c01fa243d5bf4e59ee6daebb04e1d,10,all,6901,29207.278861224997,32954.59170475221,32020.1608017324,32020.1608017324,6258,6901,4.23232558487538,4.77533570565892,0.5430101207835403,4.6399305610393276,4.6399305610393276,0.0,0.5430101207835403,
C0,ud23,PLUTARCH,ef8134329970f595ef9ccf4198217affef5c01fa243d5bf4e59ee6daebb04e1d,11,all,6901,29172.44327230494,32942.7580375399,31944.29696294047,31944.29696294047,6272,6901,4.227277680380371,4.773620929943472,0.5463432495631011,4.628937395006589,4.628937395006589,0.0,0.5463432495631011,
C0,ud23,PLUTARCH,ef8134329970f595ef9ccf4198217affef5c01fa243d5bf4e59ee6daebb04e1d,12,all,6901,29174.413808134257,32960.475257427315,32044.880432200378,32044.880432200378,6255,6901,4.227563223900051,4.776188270892235,0.5486250469921838,4.643512597043961,4.643512597043961,0.0,0.5486250469921838,
C0,ud23,PLUTARCH,ef8134329970f595ef9ccf4198217affef5c01fa243d5bf4e59ee6daebb04e1d,13,all,6901,29224.38239414386,32954.41032367092,31990.578391102576,31990.578391102576,6224,6901,4.234803998571781,4.775309422354865,0.5405054237830837,4.635643876409589,4.635643876409589,0.0,0.5405054237830837,
C0,ud23,PLUTARCH,ef8134329970f595ef9ccf4198217affef5c01fa243d5bf4e59ee6daebb04e1d,14,all,6901,29252.984905329366,32976.051018018916,31914.89530133961,31914.89530133961,6244,6901,4.238948689368115,4.778445300393988,0.5394966110258732,4.624676902092394,4.624676902092394,0.0,0.5394966110258732,
C0,ud23,PLUTARCH,ef8134329970f595ef9ccf4198217affef5c01fa243d5bf4e59ee6daebb04e1d,15,all,6901,29226.789200944404,32966.54231206299,32090.445744811455,32090.445744811455,6226,6901,4.235152760606347,4.777067426758874,0.5419146661525271,4.650115308623599,4.650115308623599,0.0,0.5419146661525271,
C0,ud23,PLUTARCH,ef8134329970f595ef9ccf4198217affef5c01fa243d5bf4e59ee6daebb04e1d,16,all,6901,29191.55481135124,32960.606505011325,32103.562117245223,32103.562117245223,6241,6901,4.230047067287529,4.776207289524899,0.5461602222373694,4.65201595670848,4.65201595670848,0.0,0.5461602222373694,
C0,ud23,PLUTARCH,ef8134329970f595ef9ccf4198217affef5c01fa243d5bf4e59ee6daebb04e1d,17,all,6901,29203.594264054158,32973.788369348666,32056.392797243723,32056.392797243723,6223,6901,4.231791662665434,4.778117427814616,0.5463257651491817,4.645180813975326,4.645180813975326,0.0,0.5463257651491817,
C0,ud23,PLUTARCH,ef8134329970f595ef9ccf4198217affef5c01fa243d5bf4e59ee6daebb04e1d,18,all,6901,29189.624254013524,32979.27758637574,32041.524348733492,32041.524348733492,6249,6901,4.229767316912552,4.778912851235436,0.5491455343228839,4.643026278616649,4.643026278616649,0.0,0.5491455343228839,
C0,ud23,PLUTARCH,ef8134329970f595ef9ccf4198217affef5c01fa243d5bf4e59ee6daebb04e1d,19,all,6901,29253.1046449888,32967.02682685787,31950.755216244994,31950.755216244994,6212,6901,4.238966040427301,4.777137636119095,0.5381715956917938,4.6298732381169385,4.6298732381169385,0.0,0.5381715956917938,
C0,ud23,THUCYDIDES,1a32cf6857284fff7c7f006f8d0cd4ab15a047af7a4bcd5613d1fd50789dd4ee,0,all,7227,31260.23376275858,34339.7749494498,33441.172179414876,33441.172179414876,6479,7227,4.325478589007691,4.751594707271316,0.42611611826362505,4.627255040738187,4.627255040738187,0.0,0.42611611826362505,
C0,ud23,THUCYDIDES,1a32cf6857284fff7c7f006f8d0cd4ab15a047af7a4bcd5613d1fd50789dd4ee,1,all,7227,31277.25762770611,34358.86105196995,33395.92651460556,33395.92651460556,6475,7227,4.327834181224036,4.754235651303438,0.4264014700794023,4.620994398035916,4.620994398035916,0.0,0.4264014700794023,
C0,ud23,THUCYDIDES,1a32cf6857284fff7c7f006f8d0cd4ab15a047af7a4bcd5613d1fd50789dd4ee,2,all,7227,31245.443947900414,34345.615621408695,33391.89434309739,33391.89434309739,6489,7227,4.323432122305301,4.75240288105835,0.42897075875304846,4.6204364664587505,4.6204364664587505,0.0,0.42897075875304846,
C0,ud23,THUCYDIDES,1a32cf6857284fff7c7f006f8d0cd4ab15a047af7a4bcd5613d1fd50789dd4ee,3,all,7227,31238.286742321077,34346.479558145475,33381.58531960542,33381.58531960542,6547,7227,4.3224417797593855,4.7525224239858135,0.430080644226428,4.619010006863903,4.619010006863903,0.0,0.430080644226428,
C0,ud23,THUCYDIDES,1a32cf6857284fff7c7f006f8d0cd4ab15a047af7a4bcd5613d1fd50789dd4ee,4,all,7227,31263.241889078898,34359.01699998092,33347.6265591555,33347.6265591555,6500,7227,4.3258948234507955,4.754257229829933,0.42836240637913736,4.614311133133458,4.614311133133458,0.0,0.42836240637913736,
C0,ud23,THUCYDIDES,1a32cf6857284fff7c7f006f8d0cd4ab15a047af7a4bcd5613d1fd50789dd4ee,5,all,7227,31225.996848545532,34348.600508787764,33352.01295100078,33352.01295100078,6446,7227,4.320741227140657,4.7528158999291215,0.4320746727884641,4.6149180781791594,4.6149180781791594,0.0,0.4320746727884641,
C0,ud23,THUCYDIDES,1a32cf6857284fff7c7f006f8d0cd4ab15a047af7a4bcd5613d1fd50789dd4ee,6,all,7227,31292.669447161687,34360.85661069767,33300.50465277908,33300.50465277908,6516,7227,4.3299667147034295,4.754511776767354,0.42454506206392484,4.60779087488295,4.60779087488295,0.0,0.42454506206392484,
C0,ud23,THUCYDIDES,1a32cf6857284fff7c7f006f8d0cd4ab15a047af7a4bcd5613d1fd50789dd4ee,7,all,7227,31244.569126687442,34367.03271724652,33298.56088979726,33298.56088979726,6508,7227,4.323311073292852,4.755366364639064,0.4320552913462121,4.6075219163964665,4.6075219163964665,0.0,0.4320552913462121,
C0,ud23,THUCYDIDES,1a32cf6857284fff7c7f006f8d0cd4ab15a047af7a4bcd5613d1fd50789dd4ee,8,all,7227,31232.645451094853,34352.620095477505,33276.6592044596,33276.6592044596,6465,7227,4.321661194284607,4.753372090144944,0.43171089586033684,4.604491380165988,4.604491380165988,0.0,0.43171089586033684,
C0,ud23,THUCYDIDES,1a32cf6857284fff7c7f006f8d0cd4ab15a047af7a4bcd5613d1fd50789dd4ee,9,all,7227,31249.756153162823,34364.125619715116,33332.422406265,33332.422406265,6469,7227,4.324028802153428,4.754964109549622,0.4309353073961937,4.612207334476961,4.612207334476961,0.0,0.4309353073961937,
C0,ud23,THUCYDIDES,1a32cf6857284fff7c7f006f8d0cd4ab15a047af7a4bcd5613d1fd50789dd4ee,10,all,7227,31225.28992389315,34358.38404863339,33514.056067134385,33514.056067134385,6498,7227,4.3206434099755295,4.754169648351098,0.4335262383755687,4.637339984382785,4.637339984382785,0.0,0.4335262383755687,
C0,ud23,THUCYDIDES,1a32cf6857284fff7c7f006f8d0cd4ab15a047af7a4bcd5613d1fd50789dd4ee,11,all,7227,31230.737343318768,34355.78979473739,33399.90326189787,33399.90326189787,6483,7227,4.321397169408989,4.75381068143592,0.43241351202693057,4.621544660564254,4.621544660564254,0.0,0.43241351202693057,
C0,ud23,THUCYDIDES,1a32cf6857284fff7c7f006f8d0cd4ab15a047af7a4bcd5613d1fd50789dd4ee,12,all,7227,31239.4439839247,34347.56430512963,33290.17488522944,33290.17488522944,6513,7227,4.32260190728168,4.752672520427512,0.4300706131458325,4.606361544932813,4.606361544932813,0.0,0.4300706131458325,
C0,ud23,THUCYDIDES,1a32cf6857284fff7c7f006f8d0cd4ab15a047af7a4bcd5613d1fd50789dd4ee,13,all,7227,31230.72405043005,34352.66972524676,33161.80348963029,33161.80348963029,6451,7227,4.321395330071959,4.753378957416183,0.43198362734422435,4.588598794746131,4.588598794746131,0.0,0.43198362734422435,
C0,ud23,THUCYDIDES,1a32cf6857284fff7c7f006f8d0cd4ab15a047af7a4bcd5613d1fd50789dd4ee,14,all,7227,31288.744589191625,34357.23661705822,33432.08530632641,33432.08530632641,6524,7227,4.329423632100681,4.754010878242454,0.42458724614177257,4.625997690096362,4.625997690096362,0.0,0.42458724614177257,
C0,ud23,THUCYDIDES,1a32cf6857284fff7c7f006f8d0cd4ab15a047af7a4bcd5613d1fd50789dd4ee,15,all,7227,31237.360238865396,34339.496322545725,33310.864291749705,33310.864291749705,6496,7227,4.32231357947494,4.751556153666214,0.42924257419127354,4.60922433814165,4.60922433814165,0.0,0.42924257419127354,
C0,ud23,THUCYDIDES,1a32cf6857284fff7c7f006f8d0cd4ab15a047af7a4bcd5613d1fd50789dd4ee,16,all,7227,31278.299003352382,34358.522472888726,33259.84207629756,33259.84207629756,6508,7227,4.327978276373652,4.754188802115501,0.42621052574184937,4.602164394118937,4.602164394118937,0.0,0.42621052574184937,
C0,ud23,THUCYDIDES,1a32cf6857284fff7c7f006f8d0cd4ab15a047af7a4bcd5613d1fd50789dd4ee,17,all,7227,31261.274260530176,34359.39578100384,33396.80411746902,33396.80411746902,6517,7227,4.325622562685786,4.754309641760598,0.42868707907481163,4.621115831945347,4.621115831945347,0.0,0.42868707907481163,
C0,ud23,THUCYDIDES,1a32cf6857284fff7c7f006f8d0cd4ab15a047af7a4bcd5613d1fd50789dd4ee,18,all,7227,31248.431252399394,34347.17427009811,33299.99495866732,33299.99495866732,6487,7227,4.323845475632959,4.752618551279661,0.42877307564670186,4.607720348508,4.607720348508,0.0,0.42877307564670186,
C0,ud23,THUCYDIDES,1a32cf6857284fff7c7f006f8d0cd4ab15a047af7a4bcd5613d1fd50789dd4ee,19,all,7227,31198.53576422578,34341.100378478695,33317.79994235454,33317.79994235454,6499,7227,4.316941436865336,4.751778106887878,0.4348366700225421,4.610184024125438,4.610184024125438,0.0,0.4348366700225421,
D12,ud23,ATHENAEUS,4352f04fcfd7cbe580caddf69f309034ffb967d5d1bc8a8e809498de5bf8d329,0,all,16691,70685.97582594221,78224.38839563665,76209.72818508418,76209.72818508418,14858,16691,4.234975485347925,4.686620837315718,0.45164535196779276,4.565917451625677,4.565917451625677,0.0,0.45164535196779276,
D12,ud23,ATHENAEUS,4352f04fcfd7cbe580caddf69f309034ffb967d5d1bc8a8e809498de5bf8d329,1,all,16691,70688.01294606188,78199.50069486174,76049.80256179912,76049.80256179912,14868,16691,4.2350975343635415,4.685129752253414,0.4500322178898726,4.5563359032891455,4.5563359032891455,0.0,0.4500322178898726,
D12,ud23,ATHENAEUS,4352f04fcfd7cbe580caddf69f309034ffb967d5d1bc8a8e809498de5bf8d329,2,all,16691,70684.45826339138,78241.23488689533,76041.06705577757,76041.06705577757,14852,16691,4.234884564339547,4.687630153190062,0.4527455888505152,4.555812537042573,4.555812537042573,0.0,0.4527455888505152,
D12,ud23,ATHENAEUS,4352f04fcfd7cbe580caddf69f309034ffb967d5d1bc8a8e809498de5bf8d329,3,all,16691,70657.32033983091,78195.41425959588,76000.0986552689,76000.0986552689,14843,16691,4.2332586627422515,4.684884923587315,0.45162626084506385,4.553358016611881,4.553358016611881,0.0,0.45162626084506385,
D12,ud23,ATHENAEUS,4352f04fcfd7cbe580caddf69f309034ffb967d5d1bc8a8e809498de5bf8d329,4,all,16691,70691.44149176855,78243.94791897012,76121.02876689128,76121.02876689128,14863,16691,4.235302947203197,4.68779269779942,0.4524897505962233,4.560603245275375,4.560603245275375,0.0,0.4524897505962233,
D12,ud23,ATHENAEUS,4352f04fcfd7cbe580caddf69f309034ffb967d5d1bc8a8e809498de5bf8d329,5,all,16691,70679.01337570406,78223.37168475217,76121.5306081939,76121.53060819392,14887,16691,4.234558347355105,4.686559923596679,0.45200157624157367,4.560633311856324,4.560633311856325,8.881784197001252e-16,0.4520015762415728,
D12,ud23,ATHENAEUS,4352f04fcfd7cbe580caddf69f309034ffb967d5d1bc8a8e809498de5bf8d329,6,all,16691,70704.28317667368,78208.00161783492,76020.7062031278,76020.7062031278,14856,16691,4.236072325005912,4.685639064036602,0.4495667390306899,4.554592666894003,4.554592666894003,0.0,0.4495667390306899,
D12,ud23,ATHENAEUS,4352f04fcfd7cbe580caddf69f309034ffb967d5d1bc8a8e809498de5bf8d329,7,all,16691,70640.83209046864,78205.29595062978,76248.44658363206,76248.44658363206,14794,16691,4.232270810045452,4.685476960675201,0.45320615062974934,4.568237168751546,4.568237168751546,0.0,0.45320615062974934,
D12,ud23,ATHENAEUS,4352f04fcfd7cbe580caddf69f309034ffb967d5d1bc8a8e809498de5bf8d329,8,all,16691,70656.21874411713,78212.43839684955,76163.20148984493,76163.20148984493,14805,16691,4.233192663358524,4.685904882682257,0.4527122193237325,4.563129919707922,4.563129919707922,0.0,0.4527122193237325,
D12,ud23,ATHENAEUS,4352f04fcfd7cbe580caddf69f309034ffb967d5d1bc8a8e809498de5bf8d329,9,all,16691,70638.37704638249,78220.00160443509,76297.00379669301,76297.00379669301,14818,16691,4.2321237221486125,4.6863580135662986,0.454234291417686,4.571146354124559,4.571146354124559,0.0,0.454234291417686,
D12,ud23,DIODORUS,d91dad02f8da03cf6702fa7edec531da5e56f526f466e2f04180f2a23a1cf315,0,all,12334,49253.87793650624,55694.50575302304,54281.71694799479,54281.71694799479,11000,12334,3.993341814213251,4.515526654209749,0.5221848399964979,4.400982402140002,4.400982402140002,0.0,0.5221848399964979,
D12,ud23,DIODORUS,d91dad02f8da03cf6702fa7edec531da5e56f526f466e2f04180f2a23a1cf315,1,all,12334,49300.38068802261,55762.081385350684,54451.718152639354,54451.718152639354,10960,12334,3.9971121037800073,4.521005463381765,0.5238933596017574,4.414765538563269,4.414765538563269,0.0,0.5238933596017574,
D12,ud23,DIODORUS,d91dad02f8da03cf6702fa7edec531da5e56f526f466e2f04180f2a23a1cf315,2,all,12334,49234.90202111997,55740.5391259246,54328.72837964416,54328.72837964416,10912,12334,3.9918033096416385,4.519258888108043,0.5274555784664043,4.404793933812564,4.404793933812564,0.0,0.5274555784664043,
D12,ud23,DIODORUS,d91dad02f8da03cf6702fa7edec531da5e56f526f466e2f04180f2a23a1cf315,3,all,12334,49269.69188302056,55771.503018529984,54389.74571482394,54389.74571482394,11003,12334,3.9946239567877866,4.5217693382949555,0.5271453815071689,4.409741017903676,4.409741017903676,0.0,0.5271453815071689,
D12,ud23,DIODORUS,d91dad02f8da03cf6702fa7edec531da5e56f526f466e2f04180f2a23a1cf315,4,all,12334,49268.41306024224,55731.00711932671,54169.80876310473,54169.80876310474,11020,12334,3.994520274058881,4.518486064482464,0.523965790423583,4.3919092559676285,4.391909255967629,8.881784197001252e-16,0.5239657904235822,
D12,ud23,DIODORUS,d91dad02f8da03cf6702fa7edec531da5e56f526f466e2f04180f2a23a1cf315,5,all,12334,49221.93437492516,55707.191353251,54367.46497139531,54367.46497139531,10991,12334,3.9907519357001098,4.516555160795444,0.5258032250953342,4.407934568785091,4.407934568785091,0.0,0.5258032250953342,
D12,ud23,DIODORUS,d91dad02f8da03cf6702fa7edec531da5e56f526f466e2f04180f2a23a1cf315,6,all,12334,49172.92357224251,55696.231854039484,54270.59559751663,54270.59559751663,11032,12334,3.9867783016249803,4.515666600781538,0.5288882991565576,4.40008071975974,4.40008071975974,0.0,0.5288882991565576,
D12,ud23,DIODORUS,d91dad02f8da03cf6702fa7edec531da5e56f526f466e2f04180f2a23a1cf315,7,all,12334,49219.55716629282,55727.06934760888,54252.76754482256,54252.76754482256,11048,12334,3.990559199472419,4.518166802951912,0.5276076034794928,4.398635280105607,4.398635280105607,0.0,0.5276076034794928,
D12,ud23,DIODORUS,d91dad02f8da03cf6702fa7edec531da5e56f526f466e2f04180f2a23a1cf315,8,all,12334,49174.81204960896,55667.87171044607,54293.39917715291,54293.39917715291,10956,12334,3.9869314131351516,4.513367253968386,0.5264358408332339,4.401929558711927,4.401929558711927,0.0,0.5264358408332339,
D12,ud23,DIODORUS,d91dad02f8da03cf6702fa7edec531da5e56f526f466e2f04180f2a23a1cf315,9,all,12334,49259.932854018494,55709.555587484036,54255.46919752474,54255.46919752474,10982,12334,3.9938327269351785,4.5167468451016735,0.5229141181664949,4.398854321187347,4.398854321187347,0.0,0.5229141181664949,
D12,ud23,HERODOTUS,89f0804afded8e7a0f4e1b507030d5ef4ecaf17e422c8b2969bd6b23e62818e6,0,all,12946,56963.51494740175,61994.38266553791,60194.21288431254,60194.21288431254,11611,12946,4.400086122926136,4.788690148736127,0.3886040258099914,4.649637948734168,4.649637948734168,0.0,0.3886040258099914,
D12,ud23,HERODOTUS,89f0804afded8e7a0f4e1b507030d5ef4ecaf17e422c8b2969bd6b23e62818e6,1,all,12946,56905.36052471017,61981.76869282471,60213.038181807,60213.038181807,11634,12946,4.395594046401218,4.787715795830737,0.39212174942951883,4.651092088815619,4.651092088815619,0.0,0.39212174942951883,
D12,ud23,HERODOTUS,89f0804afded8e7a0f4e1b507030d5ef4ecaf17e422c8b2969bd6b23e62818e6,2,all,12946,56870.16227168098,61980.88556215697,60095.458372689514,60095.458372689514,11596,12946,4.3928751947845655,4.787647579341647,0.39477238455708186,4.642009761523985,4.642009761523985,0.0,0.39477238455708186,
D12,ud23,HERODOTUS,89f0804afded8e7a0f4e1b507030d5ef4ecaf17e422c8b2969bd6b23e62818e6,3,all,12946,56853.32909042499,61980.6906404054,60010.8261937501,60010.8261937501,11620,12946,4.391574933603042,4.787632522818276,0.3960575892152338,4.635472438880743,4.635472438880743,0.0,0.3960575892152338,
D12,ud23,HERODOTUS,89f0804afded8e7a0f4e1b507030d5ef4ecaf17e422c8b2969bd6b23e62818e6,4,all,12946,56856.72057157841,61954.715327626225,60077.76833178237,60077.76833178237,11609,12946,4.391836904957393,4.785626087411264,0.3937891824538706,4.6406433131301075,4.6406433131301075,0.0,0.3937891824538706,
D12,ud23,HERODOTUS,89f0804afded8e7a0f4e1b507030d5ef4ecaf17e422c8b2969bd6b23e62818e6,5,all,12946,56827.89530229848,61959.51103247318,60105.53543211675,60105.53543211675,11579,12946,4.389610327691834,4.78599652653122,0.3963861988393864,4.642788153260987,4.642788153260987,0.0,0.3963861988393864,
D12,ud23,HERODOTUS,89f0804afded8e7a0f4e1b507030d5ef4ecaf17e422c8b2969bd6b23e62818e6,6,all,12946,56960.533470101946,62001.57892378938,60093.16258856816,60093.16258856816,11658,12946,4.399855821883357,4.78924601605047,0.3893901941671123,4.641832426121439,4.641832426121439,0.0,0.3893901941671123,
D12,ud23,HERODOTUS,89f0804afded8e7a0f4e1b507030d5ef4ecaf17e422c8b2969bd6b23e62818e6,7,all,12946,56844.85792913647,61978.30675711517,60207.71866876657,60207.71866876657,11554,12946,4.390920587759654,4.787448382289137,0.39652779452948295,4.650681188688905,4.650681188688905,0.0,0.39652779452948295,
D12,ud23,HERODOTUS,89f0804afded8e7a0f4e1b507030d5ef4ecaf17e422c8b2969bd6b23e62818e6,8,all,12946,56823.490342605815,61960.18607438801,60177.28325319248,60177.28325319248,11617,12946,4.389270071265705,4.786048669425924,0.39677859816021854,4.648330237385484,4.648330237385484,0.0,0.39677859816021854,
D12,ud23,HERODOTUS,89f0804afded8e7a0f4e1b507030d5ef4ecaf17e422c8b2969bd6b23e62818e6,9,all,12946,56949.58067642877,61982.98852132368,60137.14229637661,60137.14229637661,11575,12946,4.399009784986001,4.7878100201856695,0.38880023519966844,4.645229591872131,4.645229591872131,0.0,0.38880023519966844,
D12,ud23,HESIODIC_TRADITION,c4c0c7eaeca0d61d2e53f4f0642bfa382e91dd28b470d2f4da2ba8539fe0e7f7,0,all,6375,29788.159024614026,31377.577545371907,31169.53456610081,31169.53456610081,5592,6375,4.672652396017886,4.921972948293632,0.249320552275746,4.8893387554667935,4.8893387554667935,0.0,0.249320552275746,
D12,ud23,HESIODIC_TRADITION,c4c0c7eaeca0d61d2e53f4f0642bfa382e91dd28b470d2f4da2ba8539fe0e7f7,1,all,6375,29745.7623508061,31352.988361452437,30946.494101031523,30946.494101031523,5559,6375,4.666001937381349,4.918115821404304,0.25211388402295487,4.854352015848082,4.854352015848082,0.0,0.25211388402295487,
D12,ud23,HESIODIC_TRADITION,c4c0c7eaeca0d61d2e53f4f0642bfa382e91dd28b470d2f4da2ba8539fe0e7f7,2,all,6375,29707.9139764775,31372.117167947912,31185.87176566981,31185.87176566981,5501,6375,4.660064937486666,4.921116418501633,0.26105148101496667,4.891901453438401,4.891901453438401,0.0,0.26105148101496667,
D12,ud23,HESIODIC_TRADITION,c4c0c7eaeca0d61d2e53f4f0642bfa382e91dd28b470d2f4da2ba8539fe0e7f7,3,all,6375,29820.7679098949,31425.998880493942,31156.903709270642,31156.903709270642,5581,6375,4.6777675152776315,4.929568451842187,0.25180093656455593,4.887357444591474,4.887357444591474,0.0,0.25180093656455593,
D12,ud23,HESIODIC_TRADITION,c4c0c7eaeca0d61d2e53f4f0642bfa382e91dd28b470d2f4da2ba8539fe0e7f7,4,all,6375,29865.009700347684,31402.274766404928,31144.292737068645,31144.292737068645,5617,6375,4.684707403976107,4.925847022181165,0.24113961820505825,4.885379252873513,4.885379252873513,0.0,0.24113961820505825,
D12,ud23,HESIODIC_TRADITION,c4c0c7eaeca0d61d2e53f4f0642bfa382e91dd28b470d2f4da2ba8539fe0e7f7,5,all,6375,29705.837582884975,31339.44318622286,31053.132330801032,31053.132330801032,5590,6375,4.659739228687839,4.915991088034958,0.2562518593471186,4.871079581302123,4.871079581302123,0.0,0.2562518593471186,
D12,ud23,HESIODIC_TRADITION,c4c0c7eaeca0d61d2e53f4f0642bfa382e91dd28b470d2f4da2ba8539fe0e7f7,6,all,6375,29704.840346672892,31351.829160422494,31058.231074317308,31058.231074317308,5589,6375,4.659582799478101,4.917933985948626,0.25835118647052546,4.871879384206636,4.871879384206636,0.0,0.25835118647052546,
D12,ud23,HESIODIC_TRADITION,c4c0c7eaeca0d61d2e53f4f0642bfa382e91dd28b470d2f4da2ba8539fe0e7f7,7,all,6375,29740.58899155794,31369.98093649161,31035.084360174882,31035.084360174882,5598,6375,4.6651904300483045,4.920781323371233,0.2555908933229283,4.868248527086256,4.868248527086256,0.0,0.2555908933229283,
D12,ud23,HESIODIC_TRADITION,c4c0c7eaeca0d61d2e53f4f0642bfa382e91dd28b470d2f4da2ba8539fe0e7f7,8,all,6375,29739.047395665864,31391.03456604274,31175.677410132692,31175.677410132692,5627,6375,4.664948611084841,4.9240838534969,0.259135242412059,4.890302338844344,4.890302338844344,0.0,0.259135242412059,
D12,ud23,HESIODIC_TRADITION,c4c0c7eaeca0d61d2e53f4f0642bfa382e91dd28b470d2f4da2ba8539fe0e7f7,9,all,6375,29645.86032266366,31320.03344461487,30934.535124025526,30934.535124025526,5559,6375,4.650331031006064,4.912946422684685,0.26261539167862136,4.852476097886357,4.852476097886357,0.0,0.26261539167862136,
D12,ud23,HOMERIC_TRADITION,209ee9f27c82f31d31eb16124569039d7847ed327f3a0f2b5c4eae048347e621,0,all,46634,212386.98213005555,224588.99979294802,220282.40663263487,220282.40663263487,41070,46634,4.55433765343002,4.8159926189678774,0.2616549655378577,4.723643835670002,4.723643835670002,0.0,0.2616549655378577,
D12,ud23,HOMERIC_TRADITION,209ee9f27c82f31d31eb16124569039d7847ed327f3a0f2b5c4eae048347e621,1,all,46634,212373.57899069425,224657.26087073635,220208.69401875848,220208.69401875848,41174,46634,4.554050242112927,4.817456380982467,0.2634061388695397,4.722063173194632,4.722063173194632,0.0,0.2634061388695397,
D12,ud23,HOMERIC_TRADITION,209ee9f27c82f31d31eb16124569039d7847ed327f3a0f2b5c4eae048347e621,2,all,46634,212214.52301551783,224612.72008344744,220075.943941238,220075.943941238,41139,46634,4.550639512276833,4.8165012669607465,0.2658617546839137,4.719216536030321,4.719216536030321,0.0,0.2658617546839137,
D12,ud23,HOMERIC_TRADITION,209ee9f27c82f31d31eb16124569039d7847ed327f3a0f2b5c4eae048347e621,3,all,46634,212322.13330591368,224603.011520431,220194.9485004671,220194.9485004671,41253,46634,4.552947062356085,4.816293080594223,0.2633460182381375,4.721768420046899,4.721768420046899,0.0,0.2633460182381375,
D12,ud23,HOMERIC_TRADITION,209ee9f27c82f31d31eb16124569039d7847ed327f3a0f2b5c4eae048347e621,4,all,46634,212371.5955188113,224642.3978167572,220507.94796066557,220507.94796066557,41082,46634,4.554007709371088,4.817137663866647,0.2631299544955592,4.728480249617566,4.728480249617566,0.0,0.2631299544955592,
D12,ud23,HOMERIC_TRADITION,209ee9f27c82f31d31eb16124569039d7847ed327f3a0f2b5c4eae048347e621,5,all,46634,212497.4346707684,224681.64048994565,220659.71792723684,220659.71792723684,41080,46634,4.556706151536827,4.817979167344548,0.26127301580772144,4.73173474133115,4.73173474133115,0.0,0.26127301580772144,
D12,ud23,HOMERIC_TRADITION,209ee9f27c82f31d31eb16124569039d7847ed327f3a0f2b5c4eae048347e621,6,all,46634,212363.18973754725,224673.99783546664,220121.12807184845,220121.12807184845,41118,46634,4.553827459311816,4.817815281457019,0.2639878221452028,4.72018544563727,4.72018544563727,0.0,0.2639878221452028,
D12,ud23,HOMERIC_TRADITION,209ee9f27c82f31d31eb16124569039d7847ed327f3a0f2b5c4eae048347e621,7,all,46634,212577.10374510082,224732.46815203954,220342.1532891558,220342.1532891558,41195,46634,4.558414541860034,4.81906909448127,0.2606545526212356,4.724925017994506,4.724925017994506,0.0,0.2606545526212356,
D12,ud23,HOMERIC_TRADITION,209ee9f27c82f31d31eb16124569039d7847ed327f3a0f2b5c4eae048347e621,8,all,46634,212516.67075406708,224771.67001729834,220744.73424228578,220744.7342422858,41134,46634,4.557118642065169,4.819909722890988,0.2627910808258189,4.733557795648792,4.733557795648792,0.0,0.2627910808258189,
D12,ud23,HOMERIC_TRADITION,209ee9f27c82f31d31eb16124569039d7847ed327f3a0f2b5c4eae048347e621,9,all,46634,212493.10904173763,224744.8818633514,220424.23144738862,220424.23144738862,41195,46634,4.5566133945562814,4.819335288916914,0.26272189436063265,4.726685067705722,4.726685067705722,0.0,0.26272189436063265,
D12,ud23,PLUTARCH,ef8134329970f595ef9ccf4198217affef5c01fa243d5bf4e59ee6daebb04e1d,0,all,6901,29274.1680021897,32989.696509836824,31980.670898091255,31980.670898091255,6216,6901,4.242018258540748,4.780422621335578,0.5384043627948305,4.6342082159239615,4.6342082159239615,0.0,0.5384043627948305,
D12,ud23,PLUTARCH,ef8134329970f595ef9ccf4198217affef5c01fa243d5bf4e59ee6daebb04e1d,1,all,6901,29220.965711611498,32968.71506260554,31987.074176281367,31987.074176281367,6224,6901,4.234308898943849,4.777382272512033,0.5430733735681841,4.635136092780955,4.635136092780955,0.0,0.5430733735681841,
D12,ud23,PLUTARCH,ef8134329970f595ef9ccf4198217affef5c01fa243d5bf4e59ee6daebb04e1d,2,all,6901,29232.11792432832,32983.20115763169,32053.986163632457,32053.986163632457,6204,6901,4.2359249274494015,4.7794814023520775,0.543556474902676,4.644832077037018,4.644832077037018,0.0,0.543556474902676,
D12,ud23,PLUTARCH,ef8134329970f595ef9ccf4198217affef5c01fa243d5bf4e59ee6daebb04e1d,3,all,6901,29202.85354452808,32949.04732795908,31974.7055829135,31974.7055829135,6265,6901,4.231684327565292,4.774532289227515,0.5428479616622228,4.633343802769671,4.633343802769671,0.0,0.5428479616622228,
D12,ud23,PLUTARCH,ef8134329970f595ef9ccf4198217affef5c01fa243d5bf4e59ee6daebb04e1d,4,all,6901,29239.696437843646,32965.54000497374,31988.891611196115,31988.891611196115,6249,6901,4.237023103585516,4.77692218591128,0.5398990823257641,4.635399450977556,4.635399450977556,0.0,0.5398990823257641,
D12,ud23,PLUTARCH,ef8134329970f595ef9ccf4198217affef5c01fa243d5bf4e59ee6daebb04e1d,5,all,6901,29222.918825793222,32985.21790077107,31930.547299199272,31930.547299199272,6233,6901,4.234591917952938,4.779773641612965,0.5451817236600274,4.626944978872522,4.626944978872522,0.0,0.5451817236600274,
D12,ud23,PLUTARCH,ef8134329970f595ef9ccf4198217affef5c01fa243d5bf4e59ee6daebb04e1d,6,all,6901,29251.52284294573,32956.19402991123,32068.259984739176,32068.259984739176,6240,6901,4.238736826973733,4.775567893046114,0.5368310660723807,4.646900446998866,4.646900446998866,0.0,0.5368310660723807,
D12,ud23,PLUTARCH,ef8134329970f595ef9ccf4198217affef5c01fa243d5bf4e59ee6daebb04e1d,7,all,6901,29199.785942380564,32953.68418172366,31936.31273084038,31936.31273084038,6236,6901,4.231239811966463,4.775204199641162,0.5439643876746985,4.627780427596055,4.627780427596055,0.0,0.5439643876746985,
D12,ud23,PLUTARCH,ef8134329970f595ef9ccf4198217affef5c01fa243d5bf4e59ee6daebb04e1d,8,all,6901,29232.507292189963,32959.27024321903,31918.10421772043,31918.10421772043,6181,6901,4.235981349397184,4.7760136564583435,0.5400323070611597,4.625141895047157,4.625141895047157,0.0,0.5400323070611597,
D12,ud23,PLUTARCH,ef8134329970f595ef9ccf4198217affef5c01fa243d5bf4e59ee6daebb04e1d,9,all,6901,29228.67397359541,32980.4801075954,32030.099720169506,32030.099720169506,6232,6901,4.235425876481004,4.779087104418983,0.5436612279379789,4.641370775274527,4.641370775274527,0.0,0.5436612279379789,
D12,ud23,THUCYDIDES,1a32cf6857284fff7c7f006f8d0cd4ab15a047af7a4bcd5613d1fd50789dd4ee,0,all,7227,31260.233761916425,34339.7749494498,33441.172179414876,33441.172179414876,6479,7227,4.325478588891162,4.751594707271316,0.42611611838015406,4.627255040738187,4.627255040738187,0.0,0.42611611838015406,
D12,ud23,THUCYDIDES,1a32cf6857284fff7c7f006f8d0cd4ab15a047af7a4bcd5613d1fd50789dd4ee,1,all,7227,31277.25762770611,34358.86105196995,33395.92651460556,33395.92651460556,6475,7227,4.327834181224036,4.754235651303438,0.4264014700794023,4.620994398035916,4.620994398035916,0.0,0.4264014700794023,
D12,ud23,THUCYDIDES,1a32cf6857284fff7c7f006f8d0cd4ab15a047af7a4bcd5613d1fd50789dd4ee,2,all,7227,31245.443947894717,34345.615621408695,33391.89434309739,33391.89434309739,6489,7227,4.323432122304514,4.75240288105835,0.4289707587538363,4.6204364664587505,4.6204364664587505,0.0,0.4289707587538363,
D12,ud23,THUCYDIDES,1a32cf6857284fff7c7f006f8d0cd4ab15a047af7a4bcd5613d1fd50789dd4ee,3,all,7227,31238.286742321077,34346.479558145475,33381.58531960542,33381.58531960542,6547,7227,4.3224417797593855,4.7525224239858135,0.430080644226428,4.619010006863903,4.619010006863903,0.0,0.430080644226428,
D12,ud23,THUCYDIDES,1a32cf6857284fff7c7f006f8d0cd4ab15a047af7a4bcd5613d1fd50789dd4ee,4,all,7227,31263.24188907381,34359.01699998092,33347.6265591555,33347.6265591555,6500,7227,4.325894823450091,4.754257229829933,0.4283624063798417,4.614311133133458,4.614311133133458,0.0,0.4283624063798417,
D12,ud23,THUCYDIDES,1a32cf6857284fff7c7f006f8d0cd4ab15a047af7a4bcd5613d1fd50789dd4ee,5,all,7227,31225.996848544608,34348.600508787764,33352.01295100078,33352.01295100078,6446,7227,4.320741227140529,4.7528158999291215,0.432074672788592,4.6149180781791594,4.6149180781791594,0.0,0.432074672788592,
D12,ud23,THUCYDIDES,1a32cf6857284fff7c7f006f8d0cd4ab15a047af7a4bcd5613d1fd50789dd4ee,6,all,7227,31292.669447161687,34360.85661069767,33300.50465277908,33300.50465277908,6516,7227,4.3299667147034295,4.754511776767354,0.42454506206392484,4.60779087488295,4.60779087488295,0.0,0.42454506206392484,
D12,ud23,THUCYDIDES,1a32cf6857284fff7c7f006f8d0cd4ab15a047af7a4bcd5613d1fd50789dd4ee,7,all,7227,31244.569126687442,34367.03271724652,33298.56088979726,33298.56088979726,6508,7227,4.323311073292852,4.755366364639064,0.4320552913462121,4.6075219163964665,4.6075219163964665,0.0,0.4320552913462121,
D12,ud23,THUCYDIDES,1a32cf6857284fff7c7f006f8d0cd4ab15a047af7a4bcd5613d1fd50789dd4ee,8,all,7227,31232.645451022625,34352.620095477505,33276.6592044596,33276.6592044596,6465,7227,4.321661194274612,4.753372090144944,0.4317108958703315,4.604491380165988,4.604491380165988,0.0,0.4317108958703315,
D12,ud23,THUCYDIDES,1a32cf6857284fff7c7f006f8d0cd4ab15a047af7a4bcd5613d1fd50789dd4ee,9,all,7227,31249.756153162823,34364.125619715116,33332.422406265,33332.422406265,6469,7227,4.324028802153428,4.754964109549622,0.4309353073961937,4.612207334476961,4.612207334476961,0.0,0.4309353073961937,
a_total1,ud23,ATHENAEUS,4352f04fcfd7cbe580caddf69f309034ffb967d5d1bc8a8e809498de5bf8d329,0,all,16691,70937.86241216975,78257.85290871895,76249.73455980097,76249.73455980097,14858,16691,4.250066647424944,4.688625780883048,0.4385591334581038,4.568314334659456,4.568314334659456,0.0,0.4385591334581038,
a_total1,ud23,ATHENAEUS,4352f04fcfd7cbe580caddf69f309034ffb967d5d1bc8a8e809498de5bf8d329,1,all,16691,70948.17644621873,78234.06845594225,76084.37998964092,76084.37998964092,14868,16691,4.2506845872757015,4.6872007941970075,0.436516206921306,4.558407524392842,4.558407524392842,0.0,0.436516206921306,
a_total1,ud23,ATHENAEUS,4352f04fcfd7cbe580caddf69f309034ffb967d5d1bc8a8e809498de5bf8d329,2,all,16691,70944.40856774425,78274.9838080676,76063.8781483008,76063.8781483008,14852,16691,4.250458844152193,4.6896521363649635,0.4391932922127708,4.557179207255455,4.557179207255455,0.0,0.4391932922127708,
a_total1,ud23,ATHENAEUS,4352f04fcfd7cbe580caddf69f309034ffb967d5d1bc8a8e809498de5bf8d329,3,all,16691,70854.78468169644,78228.63963464285,76031.6113340553,76031.6113340553,14843,16691,4.245089250595917,4.686875539790477,0.4417862891945603,4.555246020852873,4.555246020852873,0.0,0.4417862891945603,
a_total1,ud23,ATHENAEUS,4352f04fcfd7cbe580caddf69f309034ffb967d5d1bc8a8e809498de5bf8d329,4,all,16691,70884.94957122352,78278.06881953425,76148.12934946986,76148.12934946986,14863,16691,4.246896505375563,4.689836967199943,0.44294046182437974,4.562226909680059,4.562226909680059,0.0,0.44294046182437974,
a_total1,ud23,ATHENAEUS,4352f04fcfd7cbe580caddf69f309034ffb967d5d1bc8a8e809498de5bf8d329,5,all,16691,70956.39499775015,78257.46036211056,76155.18396303838,76155.18396303838,14887,16691,4.251176981472059,4.688602262423496,0.4374252809514365,4.562649569410962,4.562649569410962,0.0,0.4374252809514365,
a_total1,ud23,ATHENAEUS,4352f04fcfd7cbe580caddf69f309034ffb967d5d1bc8a8e809498de5bf8d329,6,all,16691,71104.63114687233,78241.60931120082,76052.99587009064,76052.99587009064,14856,16691,4.260058183863898,4.6876525858966405,0.42759440203274224,4.556527222460646,4.556527222460646,0.0,0.42759440203274224,
a_total1,ud23,ATHENAEUS,4352f04fcfd7cbe580caddf69f309034ffb967d5d1bc8a8e809498de5bf8d329,7,all,16691,70928.07031441323,78238.39048211474,76282.12529488112,76282.12529488112,14794,16691,4.2494799780967725,4.687459737709828,0.43797975961305546,4.5702549454724775,4.5702549454724775,0.0,0.43797975961305546,
a_total1,ud23,ATHENAEUS,4352f04fcfd7cbe580caddf69f309034ffb967d5d1bc8a8e809498de5bf8d329,8,all,16691,70753.73075020971,78245.78670769448,76196.04614283382,76196.04614283382,14805,16691,4.239034854125559,4.68790286427982,0.4488680101542615,4.565097725890229,4.565097725890229,0.0,0.4488680101542615,
a_total1,ud23,ATHENAEUS,4352f04fcfd7cbe580caddf69f309034ffb967d5d1bc8a8e809498de5bf8d329,9,all,16691,71057.49698090515,78254.82574052518,76347.64347406093,76347.64347406093,14818,16691,4.2572342568393235,4.688444415584757,0.4312101587454338,4.574180305198066,4.574180305198066,0.0,0.4312101587454338,
a_total1,ud23,DIODORUS,d91dad02f8da03cf6702fa7edec531da5e56f526f466e2f04180f2a23a1cf315,0,all,12334,48790.8622491572,55698.22108903421,54285.886800066844,54285.886800066844,11000,12334,3.9558020309029676,4.515827881387564,0.5600258504845961,4.401320479979475,4.401320479979475,0.0,0.5600258504845961,
a_total1,ud23,DIODORUS,d91dad02f8da03cf6702fa7edec531da5e56f526f466e2f04180f2a23a1cf315,1,all,12334,48907.734901234326,55765.56160558019,54454.56115220944,54454.56115220944,10960,12334,3.9652776796849625,4.521287628148223,0.5560099484632608,4.41499603958241,4.41499603958241,0.0,0.5560099484632608,
a_total1,ud23,DIODORUS,d91dad02f8da03cf6702fa7edec531da5e56f526f466e2f04180f2a23a1cf315,2,all,12334,48771.45742792201,55743.727616929544,54331.88803406555,54331.88803406555,10912,12334,3.9542287520611326,4.519517400432102,0.5652886483709696,4.405050108161631,4.405050108161631,0.0,0.5652886483709696,
a_total1,ud23,DIODORUS,d91dad02f8da03cf6702fa7edec531da5e56f526f466e2f04180f2a23a1cf315,3,all,12334,48869.44785099613,55769.93156585331,54388.5131633525,54388.5131633525,11003,12334,3.9621734920541694,4.521641930099992,0.559468438045823,4.409641086699571,4.409641086699571,0.0,0.559468438045823,
a_total1,ud23,DIODORUS,d91dad02f8da03cf6702fa7edec531da5e56f526f466e2f04180f2a23a1cf315,4,all,12334,48867.52107301858,55734.50840121666,54167.155873687596,54167.155873687596,11020,12334,3.962017275256898,4.518769936858818,0.5567526616019198,4.391694168452051,4.391694168452051,0.0,0.5567526616019198,
a_total1,ud23,DIODORUS,d91dad02f8da03cf6702fa7edec531da5e56f526f466e2f04180f2a23a1cf315,5,all,12334,48770.79062462496,55705.74745183507,54360.86082032188,54360.86082032188,10991,12334,3.954174689851221,4.516438094035599,0.5622634041843777,4.407399126019286,4.407399126019286,0.0,0.5622634041843777,
a_total1,ud23,DIODORUS,d91dad02f8da03cf6702fa7edec531da5e56f526f466e2f04180f2a23a1cf315,6,all,12334,48773.58820179554,55695.17555131152,54269.69512682436,54269.69512682436,11032,12334,3.9544015081721695,4.515580959243677,0.5611794510715078,4.400007712568863,4.400007712568863,0.0,0.5611794510715078,
a_total1,ud23,DIODORUS,d91dad02f8da03cf6702fa7edec531da5e56f526f466e2f04180f2a23a1cf315,7,all,12334,48841.46561005799,55725.88200077596,54251.73852981503,54251.73852981503,11048,12334,3.9599047843406834,4.518070536790656,0.5581657524499728,4.398551850966031,4.398551850966031,0.0,0.5581657524499728,
a_total1,ud23,DIODORUS,d91dad02f8da03cf6702fa7edec531da5e56f526f466e2f04180f2a23a1cf315,8,all,12334,48707.050511279216,55671.40273635018,54296.432256780216,54296.432256780216,10956,12334,3.9490068518955095,4.5136535378912095,0.5646466859957,4.402175470794569,4.402175470794569,0.0,0.5646466859957,
a_total1,ud23,DIODORUS,d91dad02f8da03cf6702fa7edec531da5e56f526f466e2f04180f2a23a1cf315,9,all,12334,48930.25861590185,55707.98797425335,54253.63203898829,54253.632038988304,10982,12334,3.9671038281094413,4.516619748196315,0.5495159200868738,4.398705370438487,4.3987053704384875,8.881784197001252e-16,0.5495159200868729,
a_total1,ud23,HERODOTUS,89f0804afded8e7a0f4e1b507030d5ef4ecaf17e422c8b2969bd6b23e62818e6,0,all,12946,57365.455014066116,61997.72714552552,60196.086141636115,60196.086141636115,11611,12946,4.431133555852473,4.788948489535418,0.3578149336829446,4.649782646503639,4.649782646503639,0.0,0.3578149336829446,
a_total1,ud23,HERODOTUS,89f0804afded8e7a0f4e1b507030d5ef4ecaf17e422c8b2969bd6b23e62818e6,1,all,12946,57358.76359608684,61986.53814804717,60217.14780725546,60217.147807255475,11634,12946,4.430616684387984,4.788084207326369,0.3574675229383848,4.651409532462186,4.651409532462187,1.7763568394002505e-15,0.357467522938383,
a_total1,ud23,HERODOTUS,89f0804afded8e7a0f4e1b507030d5ef4ecaf17e422c8b2969bd6b23e62818e6,2,all,12946,57285.60920448281,61985.610208589795,60098.33306184298,60098.33306184298,11596,12946,4.424965951219127,4.788012529629985,0.3630465784108585,4.6422318138299845,4.6422318138299845,0.0,0.3630465784108585,
a_total1,ud23,HERODOTUS,89f0804afded8e7a0f4e1b507030d5ef4ecaf17e422c8b2969bd6b23e62818e6,3,all,12946,57270.63692241283,61983.19390979766,60011.34580825857,60011.345808258586,11620,12946,4.423809433215884,4.787825885199881,0.36401645198399724,4.635512575950762,4.635512575950764,1.7763568394002505e-15,0.36401645198399546,
a_total1,ud23,HERODOTUS,89f0804afded8e7a0f4e1b507030d5ef4ecaf17e422c8b2969bd6b23e62818e6,4,all,12946,57235.827394932334,61956.79710072461,60078.763801443536,60078.76380144355,11609,12946,4.421120608290772,4.785786891759973,0.3646662834692016,4.640720207125254,4.640720207125255,8.881784197001252e-16,0.3646662834692007,
a_total1,ud23,HERODOTUS,89f0804afded8e7a0f4e1b507030d5ef4ecaf17e422c8b2969bd6b23e62818e6,5,all,12946,57169.42219763948,61961.76399682974,60107.68060554803,60107.68060554803,11579,12946,4.415991209457707,4.78617055436658,0.3701793449088724,4.642953854900975,4.642953854900975,0.0,0.3701793449088724,
a_total1,ud23,HERODOTUS,89f0804afded8e7a0f4e1b507030d5ef4ecaf17e422c8b2969bd6b23e62818e6,6,all,12946,57337.94587127415,62004.681105901705,60094.276958898874,60094.276958898874,11658,12946,4.42900864137758,4.7894856408081035,0.36047699943052347,4.641918504472337,4.641918504472337,0.0,0.36047699943052347,
a_total1,ud23,HERODOTUS,89f0804afded8e7a0f4e1b507030d5ef4ecaf17e422c8b2969bd6b23e62818e6,7,all,12946,57355.335897937286,61979.93175599685,60209.32283323249,60209.32283323249,11554,12946,4.43035191549029,4.787573903599324,0.3572219881090346,4.650805100666807,4.650805100666807,0.0,0.3572219881090346,
a_total1,ud23,HERODOTUS,89f0804afded8e7a0f4e1b507030d5ef4ecaf17e422c8b2969bd6b23e62818e6,8,all,12946,57223.89453146336,61962.78037706422,60177.7784192789,60177.7784192789,11617,12946,4.42019886694449,4.7862490635767205,0.36605019663223093,4.648368485963147,4.648368485963147,0.0,0.36605019663223093,
a_total1,ud23,HERODOTUS,89f0804afded8e7a0f4e1b507030d5ef4ecaf17e422c8b2969bd6b23e62818e6,9,all,12946,57323.210977037306,61986.230880216615,60139.90136536503,60139.90136536503,11575,12946,4.4278704601450105,4.788060472749622,0.3601900126046118,4.645442713221461,4.645442713221461,0.0,0.3601900126046118,
a_total1,ud23,HESIODIC_TRADITION,c4c0c7eaeca0d61d2e53f4f0642bfa382e91dd28b470d2f4da2ba8539fe0e7f7,0,all,6375,30077.848523277244,31385.786395864554,31176.798811428354,31176.798811428358,5592,6375,4.718093886004273,4.923260611116008,0.20516672511173528,4.8904782449299375,4.890478244929938,8.881784197001252e-16,0.2051667251117344,
a_total1,ud23,HESIODIC_TRADITION,c4c0c7eaeca0d61d2e53f4f0642bfa382e91dd28b470d2f4da2ba8539fe0e7f7,1,all,6375,29880.355781522703,31362.46075401883,30954.23312497078,30954.23312497078,5559,6375,4.687114632395718,4.919601686904914,0.23248705450919616,4.855565980387573,4.855565980387573,0.0,0.23248705450919616,
a_total1,ud23,HESIODIC_TRADITION,c4c0c7eaeca0d61d2e53f4f0642bfa382e91dd28b470d2f4da2ba8539fe0e7f7,2,all,6375,29851.904006787354,31374.05323897946,31186.685811709525,31186.685811709525,5501,6375,4.68265160890782,4.921420115918346,0.23876850701052632,4.892029146934828,4.892029146934828,0.0,0.23876850701052632,
a_total1,ud23,HESIODIC_TRADITION,c4c0c7eaeca0d61d2e53f4f0642bfa382e91dd28b470d2f4da2ba8539fe0e7f7,3,all,6375,30015.372414226542,31434.00791474478,31164.02899413169,31164.028994131695,5581,6375,4.708293712035536,4.930824770940357,0.2225310589048215,4.888475136334383,4.8884751363343835,8.881784197001252e-16,0.2225310589048206,
a_total1,ud23,HESIODIC_TRADITION,c4c0c7eaeca0d61d2e53f4f0642bfa382e91dd28b470d2f4da2ba8539fe0e7f7,4,all,6375,30098.200820376132,31409.70116365786,31150.106068656627,31150.106068656627,5617,6375,4.721286403196256,4.927011947240449,0.20572554404419297,4.8862911480245685,4.8862911480245685,0.0,0.20572554404419297,
a_total1,ud23,HESIODIC_TRADITION,c4c0c7eaeca0d61d2e53f4f0642bfa382e91dd28b470d2f4da2ba8539fe0e7f7,5,all,6375,29833.076507023925,31346.262981037096,31053.39518667764,31053.39518667764,5590,6375,4.679698275611596,4.917060859770525,0.2373625841589293,4.871120813596493,4.871120813596493,0.0,0.2373625841589293,
a_total1,ud23,HESIODIC_TRADITION,c4c0c7eaeca0d61d2e53f4f0642bfa382e91dd28b470d2f4da2ba8539fe0e7f7,6,all,6375,29848.048434059285,31353.628863883278,31059.32511513476,31059.32511513476,5589,6375,4.68204681318577,4.918216292373847,0.23616947918807707,4.8720509984525115,4.8720509984525115,0.0,0.23616947918807707,
a_total1,ud23,HESIODIC_TRADITION,c4c0c7eaeca0d61d2e53f4f0642bfa382e91dd28b470d2f4da2ba8539fe0e7f7,7,all,6375,29860.20329032973,31377.439029061356,31041.712905288583,31041.712905288583,5598,6375,4.683953457306624,4.921951220244918,0.2379977629382939,4.869288298868797,4.869288298868797,0.0,0.2379977629382939,
a_total1,ud23,HESIODIC_TRADITION,c4c0c7eaeca0d61d2e53f4f0642bfa382e91dd28b470d2f4da2ba8539fe0e7f7,8,all,6375,30068.005721891932,31393.528084358048,31176.67168375493,31176.671683754932,5627,6375,4.716549917159519,4.924474993624791,0.2079250764652727,4.890458303334106,4.890458303334107,8.881784197001252e-16,0.2079250764652718,
a_total1,ud23,HESIODIC_TRADITION,c4c0c7eaeca0d61d2e53f4f0642bfa382e91dd28b470d2f4da2ba8539fe0e7f7,9,all,6375,29800.497787702043,31328.60262706546,30941.63037380158,30941.63037380158,5559,6375,4.674587888266987,4.914290608167131,0.23970271990014425,4.8535890782433855,4.8535890782433855,0.0,0.23970271990014425,
a_total1,ud23,HOMERIC_TRADITION,209ee9f27c82f31d31eb16124569039d7847ed327f3a0f2b5c4eae048347e621,0,all,46634,213110.51610684287,224588.9152080392,220297.42471603653,220297.42471603653,41070,46634,4.569852813544686,4.815990805164455,0.24613799161976946,4.723965877171946,4.723965877171946,0.0,0.24613799161976946,
a_total1,ud23,HOMERIC_TRADITION,209ee9f27c82f31d31eb16124569039d7847ed327f3a0f2b5c4eae048347e621,1,all,46634,213276.92854804685,224658.90415096175,220225.51555724093,220225.51555724093,41174,46634,4.573421292362801,4.817491618796624,0.24407032643382287,4.722423887233369,4.722423887233369,0.0,0.24407032643382287,
a_total1,ud23,HOMERIC_TRADITION,209ee9f27c82f31d31eb16124569039d7847ed327f3a0f2b5c4eae048347e621,2,all,46634,212980.41999480198,224612.3790873128,220090.6290069358,220090.6290069358,41139,46634,4.567063086906591,4.816493954782193,0.24943086787560187,4.719531436439847,4.719531436439847,0.0,0.24943086787560187,
a_total1,ud23,HOMERIC_TRADITION,209ee9f27c82f31d31eb16124569039d7847ed327f3a0f2b5c4eae048347e621,3,all,46634,212849.3754747355,224607.8293361867,220216.10152923816,220216.10152923816,41253,46634,4.564253023003292,4.816396391821133,0.2521433688178414,4.722222016752545,4.722222016752545,0.0,0.2521433688178414,
a_total1,ud23,HOMERIC_TRADITION,209ee9f27c82f31d31eb16124569039d7847ed327f3a0f2b5c4eae048347e621,4,all,46634,212847.86641494234,224641.3794029842,220521.45722680824,220521.45722680824,41082,46634,4.564220663355971,4.817115825427461,0.2528951620714901,4.7287699366729905,4.7287699366729905,0.0,0.2528951620714901,
a_total1,ud23,HOMERIC_TRADITION,209ee9f27c82f31d31eb16124569039d7847ed327f3a0f2b5c4eae048347e621,5,all,46634,213113.07688588032,224681.26018671328,220663.21631400334,220663.21631400334,41080,46634,4.569907725819795,4.817971012281024,0.2480632864612291,4.73180975927442,4.73180975927442,0.0,0.2480632864612291,
a_total1,ud23,HOMERIC_TRADITION,209ee9f27c82f31d31eb16124569039d7847ed327f3a0f2b5c4eae048347e621,6,all,46634,213122.77726121756,224678.52838918506,220129.80309337756,220129.80309337756,41118,46634,4.570115736613149,4.817912432756895,0.24779669614374633,4.720371469172226,4.720371469172226,0.0,0.24779669614374633,
a_total1,ud23,HOMERIC_TRADITION,209ee9f27c82f31d31eb16124569039d7847ed327f3a0f2b5c4eae048347e621,7,all,46634,213532.2832850232,224734.1234504452,220352.42357111542,220352.42357111545,41195,46634,4.5788970125878805,4.819104590008259,0.2402075774203789,4.725145249627213,4.725145249627213,0.0,0.2402075774203789,
a_total1,ud23,HOMERIC_TRADITION,209ee9f27c82f31d31eb16124569039d7847ed327f3a0f2b5c4eae048347e621,8,all,46634,213242.2977747155,224772.93542570336,220751.09161510222,220751.09161510222,41134,46634,4.572678684537365,4.819936857779804,0.2472581732424386,4.733694120493679,4.733694120493679,0.0,0.2472581732424386,
a_total1,ud23,HOMERIC_TRADITION,209ee9f27c82f31d31eb16124569039d7847ed327f3a0f2b5c4eae048347e621,9,all,46634,213273.37950260646,224745.17560509965,220440.34597824168,220440.3459782417,41195,46634,4.573345188116106,4.819341587792161,0.2459963996760557,4.727030620968428,4.727030620968429,8.881784197001252e-16,0.2459963996760548,
a_total1,ud23,PLUTARCH,ef8134329970f595ef9ccf4198217affef5c01fa243d5bf4e59ee6daebb04e1d,0,all,6901,29285.97205159686,33011.830208229585,31996.23831756608,31996.238317566083,6216,6901,4.243728742442669,4.783629938882711,0.5399011964400415,4.636464036743382,4.636464036743383,8.881784197001252e-16,0.5399011964400406,
a_total1,ud23,PLUTARCH,ef8134329970f595ef9ccf4198217affef5c01fa243d5bf4e59ee6daebb04e1d,1,all,6901,29417.685849479793,32979.60576673962,31997.392394149334,31997.392394149334,6224,6901,4.26281493254308,4.778960406714914,0.5161454741718341,4.636631269982515,4.636631269982515,0.0,0.5161454741718341,
a_total1,ud23,PLUTARCH,ef8134329970f595ef9ccf4198217affef5c01fa243d5bf4e59ee6daebb04e1d,2,all,6901,29263.24019277285,32999.6788896198,32069.786045892542,32069.786045892542,6204,6901,4.2404347475399,4.781869133403825,0.5414343858639254,4.6471215832332335,4.6471215832332335,0.0,0.5414343858639254,
a_total1,ud23,PLUTARCH,ef8134329970f595ef9ccf4198217affef5c01fa243d5bf4e59ee6daebb04e1d,3,all,6901,29320.732231682636,32954.820539390574,31985.992069075197,31985.9920690752,6265,6901,4.248765719704773,4.775368865293519,0.5266031455887461,4.634979288374902,4.634979288374902,0.0,0.5266031455887461,
a_total1,ud23,PLUTARCH,ef8134329970f595ef9ccf4198217affef5c01fa243d5bf4e59ee6daebb04e1d,4,all,6901,29334.226623409515,32982.2167661501,32005.61578404599,32005.61578404599,6249,6901,4.25072114525569,4.779338757593117,0.5286176123374275,4.637822892920735,4.637822892920735,0.0,0.5286176123374275,
a_total1,ud23,PLUTARCH,ef8134329970f595ef9ccf4198217affef5c01fa243d5bf4e59ee6daebb04e1d,5,all,6901,29335.669779256183,33002.44327460108,31947.340243668943,31947.340243668947,6233,6901,4.250930267969307,4.782269710853656,0.5313394428843496,4.629378386272851,4.629378386272851,0.0,0.5313394428843496,
a_total1,ud23,PLUTARCH,ef8134329970f595ef9ccf4198217affef5c01fa243d5bf4e59ee6daebb04e1d,6,all,6901,29344.62275560507,32966.914949256534,32078.980119432403,32078.980119432403,6240,6901,4.25222761275251,4.777121424323509,0.5248938115709993,4.648453864575047,4.648453864575047,0.0,0.5248938115709993,
a_total1,ud23,PLUTARCH,ef8134329970f595ef9ccf4198217affef5c01fa243d5bf4e59ee6daebb04e1d,7,all,6901,29345.16635918807,32964.70583227201,31951.454984756936,31951.454984756936,6236,6901,4.2523063844642905,4.776801308835243,0.524494924370952,4.629974639147505,4.629974639147505,0.0,0.524494924370952,
a_total1,ud23,PLUTARCH,ef8134329970f595ef9ccf4198217affef5c01fa243d5bf4e59ee6daebb04e1d,8,all,6901,29340.509652607845,32975.33877075151,31933.87716527204,31933.87716527204,6181,6901,4.251631597247913,4.778342091110202,0.5267104938622893,4.627427498228088,4.627427498228088,0.0,0.5267104938622893,
a_total1,ud23,PLUTARCH,ef8134329970f595ef9ccf4198217affef5c01fa243d5bf4e59ee6daebb04e1d,9,all,6901,29292.315029655656,33002.549260990534,32045.881402241364,32045.881402241364,6232,6901,4.244647881416556,4.782285068974139,0.5376371875575829,4.6436576441445245,4.6436576441445245,0.0,0.5376371875575829,
a_total1,ud23,THUCYDIDES,1a32cf6857284fff7c7f006f8d0cd4ab15a047af7a4bcd5613d1fd50789dd4ee,0,all,7227,31511.473652991517,34355.08183659172,33450.32818109746,33450.32818109746,6479,7227,4.360242652966863,4.753712721266324,0.39347006829946096,4.628521956703675,4.628521956703675,0.0,0.39347006829946096,
a_total1,ud23,THUCYDIDES,1a32cf6857284fff7c7f006f8d0cd4ab15a047af7a4bcd5613d1fd50789dd4ee,1,all,7227,31461.53759521056,34374.13652375726,33410.794029624725,33410.794029624725,6475,7227,4.353333000582615,4.7563493183557854,0.4030163177731705,4.62305161610969,4.62305161610969,0.0,0.4030163177731705,
a_total1,ud23,THUCYDIDES,1a32cf6857284fff7c7f006f8d0cd4ab15a047af7a4bcd5613d1fd50789dd4ee,2,all,7227,31440.647885633953,34361.26598873375,33401.55620089447,33401.55620089447,6489,7227,4.350442491439595,4.7545684224067735,0.4041259309671785,4.621773377735502,4.621773377735502,0.0,0.4041259309671785,
a_total1,ud23,THUCYDIDES,1a32cf6857284fff7c7f006f8d0cd4ab15a047af7a4bcd5613d1fd50789dd4ee,3,all,7227,31361.570009672912,34361.493021717644,33396.16268214816,33396.16268214816,6547,7227,4.339500485633446,4.754599836961069,0.41509935132762354,4.621027076539112,4.621027076539112,0.0,0.41509935132762354,
a_total1,ud23,THUCYDIDES,1a32cf6857284fff7c7f006f8d0cd4ab15a047af7a4bcd5613d1fd50789dd4ee,4,all,7227,31509.537795075914,34374.43533311965,33351.308954189444,33351.30895418945,6500,7227,4.359974788304402,4.756390664607673,0.39641587630327013,4.6148206661394005,4.614820666139401,8.881784197001252e-16,0.39641587630326924,
a_total1,ud23,THUCYDIDES,1a32cf6857284fff7c7f006f8d0cd4ab15a047af7a4bcd5613d1fd50789dd4ee,5,all,7227,31398.989463758717,34364.17596142233,33360.79630563279,33360.7963056328,6446,7227,4.344678215547076,4.754971075331718,0.4102928597846418,4.616133430971744,4.616133430971745,8.881784197001252e-16,0.4102928597846409,
a_total1,ud23,THUCYDIDES,1a32cf6857284fff7c7f006f8d0cd4ab15a047af7a4bcd5613d1fd50789dd4ee,6,all,7227,31490.187506558694,34375.99075403606,33309.225327512504,33309.225327512504,6516,7227,4.3572972888554995,4.756605888202028,0.3993085993465284,4.608997554657881,4.608997554657881,0.0,0.3993085993465284,
a_total1,ud23,THUCYDIDES,1a32cf6857284fff7c7f006f8d0cd4ab15a047af7a4bcd5613d1fd50789dd4ee,7,all,7227,31404.8370623793,34382.78403529454,33308.05770696623,33308.05770696623,6508,7227,4.345487347776298,4.757545874539165,0.41205852676286714,4.6088359910012775,4.6088359910012775,0.0,0.41205852676286714,
a_total1,ud23,THUCYDIDES,1a32cf6857284fff7c7f006f8d0cd4ab15a047af7a4bcd5613d1fd50789dd4ee,8,all,7227,31389.765649860103,34368.62078969652,33291.932775689376,33291.932775689376,6465,7227,4.343401916405162,4.755586106226168,0.4121841898210068,4.606604784238187,4.606604784238187,0.0,0.4121841898210068,
a_total1,ud23,THUCYDIDES,1a32cf6857284fff7c7f006f8d0cd4ab15a047af7a4bcd5613d1fd50789dd4ee,9,all,7227,31417.843719488003,34364.17875464084,33332.2339483818,33332.2339483818,6469,7227,4.347287078938426,4.754971461829367,0.4076843828909409,4.612181257559402,4.612181257559402,0.0,0.4076843828909409,
oth,ud23_oth,ATHENAEUS,4352f04fcfd7cbe580caddf69f309034ffb967d5d1bc8a8e809498de5bf8d329,0,all,16786,71542.90284645866,79019.70160408638,77036.8430972597,77036.8430972597,14964,16786,4.262057836676913,4.707476564046609,0.4454187273696961,4.589350833865108,4.589350833865108,0.0,0.4454187273696961,
oth,ud23_oth,ATHENAEUS,4352f04fcfd7cbe580caddf69f309034ffb967d5d1bc8a8e809498de5bf8d329,1,all,16786,71548.1032683254,78994.85468597087,76891.74507603439,76891.74507603439,14966,16786,4.26236764377013,4.705996347311502,0.4436287035413722,4.580706843562158,4.580706843562158,0.0,0.4436287035413722,
oth,ud23_oth,ATHENAEUS,4352f04fcfd7cbe580caddf69f309034ffb967d5d1bc8a8e809498de5bf8d329,2,all,16786,71551.06220504756,79031.61855160195,76834.8653302764,76834.8653302764,14940,16786,4.2625439178510405,4.708186497772068,0.44564257992102796,4.577318320640796,4.577318320640796,0.0,0.44564257992102796,
oth,ud23_oth,ATHENAEUS,4352f04fcfd7cbe580caddf69f309034ffb967d5d1bc8a8e809498de5bf8d329,3,all,16786,71553.03785147,78992.7678875121,76871.9695440453,76871.9695440453,14945,16786,4.262661613932444,4.705872029519368,0.44321041558692365,4.5795287468155195,4.5795287468155195,0.0,0.44321041558692365,
oth,ud23_oth,ATHENAEUS,4352f04fcfd7cbe580caddf69f309034ffb967d5d1bc8a8e809498de5bf8d329,4,all,16786,71562.88707835152,79037.56014000528,76932.74600945349,76932.74600945349,14936,16786,4.263248366397684,4.708540458715911,0.4452920923182271,4.583149410785982,4.583149410785982,0.0,0.4452920923182271,
oth,ud23_oth,ATHENAEUS,4352f04fcfd7cbe580caddf69f309034ffb967d5d1bc8a8e809498de5bf8d329,5,all,16786,71534.35243848104,79014.33897007725,76951.41438464251,76951.41438464251,14984,16786,4.261548459339989,4.707157093415778,0.4456086340757892,4.584261550377845,4.584261550377845,0.0,0.4456086340757892,
oth,ud23_oth,ATHENAEUS,4352f04fcfd7cbe580caddf69f309034ffb967d5d1bc8a8e809498de5bf8d329,6,all,16786,71559.9244399573,79001.84538553674,76798.38980135423,76798.38980135423,14976,16786,4.2630718717953835,4.706412807430999,0.4433409356356153,4.575145347393914,4.575145347393914,0.0,0.4433409356356153,
oth,ud23_oth,ATHENAEUS,4352f04fcfd7cbe580caddf69f309034ffb967d5d1bc8a8e809498de5bf8d329,7,all,16786,71509.11535206708,78998.18700289982,77062.00264273283,77062.00264273283,14875,16786,4.260044998931674,4.706194864941012,0.44614986600933815,4.590849674891745,4.590849674891745,0.0,0.44614986600933815,
oth,ud23_oth,ATHENAEUS,4352f04fcfd7cbe580caddf69f309034ffb967d5d1bc8a8e809498de5bf8d329,8,all,16786,71516.72909006906,79009.02473520697,76965.34880430729,76965.34880430729,14891,16786,4.260498575602827,4.706840506088822,0.44634193048599524,4.585091671887721,4.585091671887721,0.0,0.44634193048599524,
oth,ud23_oth,ATHENAEUS,4352f04fcfd7cbe580caddf69f309034ffb967d5d1bc8a8e809498de5bf8d329,9,all,16786,71514.4696617189,79019.41291888569,77121.01814533734,77121.01814533734,14897,16786,4.2603639736517875,4.707459366072065,0.4470953924202776,4.594365432225506,4.594365432225506,0.0,0.4470953924202776,
oth,ud23_oth,DIODORUS,d91dad02f8da03cf6702fa7edec531da5e56f526f466e2f04180f2a23a1cf315,0,all,12334,49938.29132269553,55742.58571474177,54330.61988229466,54330.61988229466,11000,12334,4.048831792013583,4.5194248187726425,0.4705930267590599,4.404947290602777,4.404947290602777,0.0,0.4705930267590599,
oth,ud23_oth,DIODORUS,d91dad02f8da03cf6702fa7edec531da5e56f526f466e2f04180f2a23a1cf315,1,all,12334,49402.56505982911,55810.191364286984,54500.14737069154,54500.14737069154,10960,12334,4.005396875290183,4.524906061641559,0.5195091863513763,4.418692019676629,4.418692019676629,0.0,0.5195091863513763,
oth,ud23_oth,DIODORUS,d91dad02f8da03cf6702fa7edec531da5e56f526f466e2f04180f2a23a1cf315,2,all,12334,49917.053691370005,55788.366346091134,54376.119233827034,54376.119233827034,10912,12334,4.047109914980542,4.523136561220296,0.4760266462397542,4.408636227811499,4.408636227811499,0.0,0.4760266462397542,
oth,ud23_oth,DIODORUS,d91dad02f8da03cf6702fa7edec531da5e56f526f466e2f04180f2a23a1cf315,3,all,12334,49981.76862166714,55825.435774028716,54443.166250611466,54443.166250611466,11003,12334,4.05235678787637,4.526142028054866,0.4737852401784961,4.414072178580466,4.414072178580466,0.0,0.4737852401784961,
oth,ud23_oth,DIODORUS,d91dad02f8da03cf6702fa7edec531da5e56f526f466e2f04180f2a23a1cf315,4,all,12334,49949.96951033618,55782.47609847082,54221.802061426904,54221.802061426904,11020,12334,4.049778620912614,4.5226589993895585,0.47288037847694486,4.396124700942671,4.396124700942671,0.0,0.47288037847694486,
oth,ud23_oth,DIODORUS,d91dad02f8da03cf6702fa7edec531da5e56f526f466e2f04180f2a23a1cf315,5,all,12334,49311.48251256831,55753.329903080354,54414.18024366179,54414.18024366179,10991,12334,3.99801220306213,4.520295922091807,0.5222837190296774,4.41172208883264,4.41172208883264,0.0,0.5222837190296774,
oth,ud23_oth,DIODORUS,d91dad02f8da03cf6702fa7edec531da5e56f526f466e2f04180f2a23a1cf315,6,all,12334,49274.30197973403,55753.64637140131,54327.86037342177,54327.86037342177,11032,12334,3.9949977282093427,4.520321580298468,0.5253238520891252,4.404723558733726,4.404723558733726,0.0,0.5253238520891252,
oth,ud23_oth,DIODORUS,d91dad02f8da03cf6702fa7edec531da5e56f526f466e2f04180f2a23a1cf315,7,all,12334,49302.11917168427,55779.99825381217,54305.6992551594,54305.6992551594,11048,12334,3.99725305429579,4.522458103925099,0.5252050496293093,4.402926808428685,4.402926808428685,0.0,0.5252050496293093,
oth,ud23_oth,DIODORUS,d91dad02f8da03cf6702fa7edec531da5e56f526f466e2f04180f2a23a1cf315,8,all,12334,49867.96118097741,55721.974444148575,54347.484400069654,54347.484400069654,10956,12334,4.043129656314043,4.517753724999884,0.4746240686858414,4.406314610026727,4.406314610026727,0.0,0.4746240686858414,
oth,ud23_oth,DIODORUS,d91dad02f8da03cf6702fa7edec531da5e56f526f466e2f04180f2a23a1cf315,9,all,12334,49358.9344618351,55757.181502849075,54303.85229019812,54303.85229019812,10982,12334,4.001859450448768,4.520608197085218,0.51874874663645,4.402777062607274,4.402777062607274,0.0,0.51874874663645,
oth,ud23_oth,HERODOTUS,89f0804afded8e7a0f4e1b507030d5ef4ecaf17e422c8b2969bd6b23e62818e6,0,all,12994,57376.65745656227,62350.45623710925,60610.25510829375,60610.25510829375,11657,12994,4.415627016820245,4.798403589126462,0.3827765723062164,4.664480153016296,4.664480153016296,0.0,0.3827765723062164,
oth,ud23_oth,HERODOTUS,89f0804afded8e7a0f4e1b507030d5ef4ecaf17e422c8b2969bd6b23e62818e6,1,all,12994,57321.30052123326,62333.48360069759,60609.05877787087,60609.05877787087,11662,12994,4.411366824783228,4.797097398853132,0.3857305740699042,4.66438808510627,4.66438808510627,0.0,0.3857305740699042,
oth,ud23_oth,HERODOTUS,89f0804afded8e7a0f4e1b507030d5ef4ecaf17e422c8b2969bd6b23e62818e6,2,all,12994,57296.66214385693,62331.76043089003,60512.17059138534,60512.17059138534,11649,12994,4.409470689845846,4.796964786123598,0.3874940962777522,4.656931706278693,4.656931706278693,0.0,0.3874940962777522,
oth,ud23_oth,HERODOTUS,89f0804afded8e7a0f4e1b507030d5ef4ecaf17e422c8b2969bd6b23e62818e6,3,all,12994,57260.14511667697,62337.607599796334,60428.18117535698,60428.18117535698,11662,12994,4.406660390693934,4.797414776034811,0.3907543853408777,4.650467998719177,4.650467998719177,0.0,0.3907543853408777,
oth,ud23_oth,HERODOTUS,89f0804afded8e7a0f4e1b507030d5ef4ecaf17e422c8b2969bd6b23e62818e6,4,all,12994,57274.188746672924,62308.9976242391,60500.37991484205,60500.37991484205,11664,12994,4.40774116874503,4.795212992476459,0.3874718237314285,4.656024312362787,4.656024312362787,0.0,0.3874718237314285,
oth,ud23_oth,HERODOTUS,89f0804afded8e7a0f4e1b507030d5ef4ecaf17e422c8b2969bd6b23e62818e6,5,all,12994,57244.13019235936,62310.34087803101,60575.143644296506,60575.143644296506,11626,12994,4.405427904598996,4.795316367402726,0.3898884628037296,4.661778024033901,4.661778024033901,0.0,0.3898884628037296,
oth,ud23_oth,HERODOTUS,89f0804afded8e7a0f4e1b507030d5ef4ecaf17e422c8b2969bd6b23e62818e6,6,all,12994,57376.31908945732,62354.077691555576,60488.712688205786,60488.712688205786,11711,12994,4.415600976562823,4.798682291177126,0.3830813146143033,4.655126418978435,4.655126418978435,0.0,0.3830813146143033,
oth,ud23_oth,HERODOTUS,89f0804afded8e7a0f4e1b507030d5ef4ecaf17e422c8b2969bd6b23e62818e6,7,all,12994,57266.631911175995,62332.687692228516,60637.79712540918,60637.79712540918,11600,12994,4.407159605292904,4.797036146854588,0.3898765415616845,4.6665997479920875,4.6665997479920875,0.0,0.3898765415616845,
oth,ud23_oth,HERODOTUS,89f0804afded8e7a0f4e1b507030d5ef4ecaf17e422c8b2969bd6b23e62818e6,8,all,12994,57237.59293337395,62312.8616434705,60581.37800197725,60581.37800197725,11638,12994,4.404924806323992,4.795510361972488,0.39058555564849584,4.662257811449688,4.662257811449688,0.0,0.39058555564849584,
oth,ud23_oth,HERODOTUS,89f0804afded8e7a0f4e1b507030d5ef4ecaf17e422c8b2969bd6b23e62818e6,9,all,12994,57378.55090056599,62343.263074697534,60560.150895530096,60560.150895530096,11633,12994,4.415772733612898,4.797850013444477,0.382077279831579,4.660624203134531,4.660624203134531,0.0,0.382077279831579,
oth,ud23_oth,HESIODIC_TRADITION,c4c0c7eaeca0d61d2e53f4f0642bfa382e91dd28b470d2f4da2ba8539fe0e7f7,0,all,6398,29996.28931280692,31562.545421734303,31379.84085438068,31379.84085438068,5618,6398,4.688385325540312,4.933189343815927,0.24480401827561504,4.904632831256749,4.904632831256749,0.0,0.24480401827561504,
oth,ud23_oth,HESIODIC_TRADITION,c4c0c7eaeca0d61d2e53f4f0642bfa382e91dd28b470d2f4da2ba8539fe0e7f7,1,all,6398,29949.202747590527,31537.800835858525,31154.00942080327,31154.009420803268,5584,6398,4.6810257498578505,4.929321793663414,0.24829604380556347,4.8693356393878195,4.8693356393878195,0.0,0.24829604380556347,
oth,ud23_oth,HESIODIC_TRADITION,c4c0c7eaeca0d61d2e53f4f0642bfa382e91dd28b470d2f4da2ba8539fe0e7f7,2,all,6398,29908.087982224122,31556.609073690004,31405.200381627124,31405.200381627124,5528,6398,4.674599559584889,4.932261499482651,0.257661939897762,4.9085964960342485,4.9085964960342485,0.0,0.257661939897762,
oth,ud23_oth,HESIODIC_TRADITION,c4c0c7eaeca0d61d2e53f4f0642bfa382e91dd28b470d2f4da2ba8539fe0e7f7,3,all,6398,30021.192563024026,31610.923951965877,31397.262508237865,31397.262508237865,5603,6398,4.692277674745862,4.94075085213596,0.24847317739009878,4.907355815604543,4.907355815604543,0.0,0.24847317739009878,
oth,ud23_oth,HESIODIC_TRADITION,c4c0c7eaeca0d61d2e53f4f0642bfa382e91dd28b470d2f4da2ba8539fe0e7f7,4,all,6398,30074.735868472442,31589.887942429257,31356.761905115134,31356.761905115134,5623,6398,4.70064643145865,4.9374629481758765,0.23681651671722648,4.901025618179921,4.901025618179921,0.0,0.23681651671722648,
oth,ud23_oth,HESIODIC_TRADITION,c4c0c7eaeca0d61d2e53f4f0642bfa382e91dd28b470d2f4da2ba8539fe0e7f7,5,all,6398,29916.37102195588,31524.630854266423,31266.106186427594,31266.106186427594,5608,6398,4.675894189114705,4.92726334077312,0.2513691516584151,4.8868562342025,4.8868562342025,0.0,0.2513691516584151,
oth,ud23_oth,HESIODIC_TRADITION,c4c0c7eaeca0d61d2e53f4f0642bfa382e91dd28b470d2f4da2ba8539fe0e7f7,6,all,6398,29904.2150738328,31538.124616070447,31233.08884400569,31233.08884400569,5614,6398,4.673994228482775,4.9293724001360495,0.25537817165327414,4.881695661770192,4.881695661770192,0.0,0.25537817165327414,
oth,ud23_oth,HESIODIC_TRADITION,c4c0c7eaeca0d61d2e53f4f0642bfa382e91dd28b470d2f4da2ba8539fe0e7f7,7,all,6398,29956.80087907343,31560.091479179406,31245.96922905926,31245.96922905926,5628,6398,4.682213329020542,4.932805795432855,0.2505924664123125,4.883708851056465,4.883708851056465,0.0,0.2505924664123125,
oth,ud23_oth,HESIODIC_TRADITION,c4c0c7eaeca0d61d2e53f4f0642bfa382e91dd28b470d2f4da2ba8539fe0e7f7,8,all,6398,29946.91594649719,31578.660178129903,31407.115467674896,31407.115467674896,5645,6398,4.680668325491902,4.935708061602048,0.2550397361101462,4.908895821768505,4.908895821768505,0.0,0.2550397361101462,
oth,ud23_oth,HESIODIC_TRADITION,c4c0c7eaeca0d61d2e53f4f0642bfa382e91dd28b470d2f4da2ba8539fe0e7f7,9,all,6398,29853.279906076274,31506.246147888614,31138.748811379857,31138.748811379857,5577,6398,4.666033120674628,4.92438983243023,0.25835671175560204,4.866950423785536,4.866950423785536,0.0,0.25835671175560204,
oth,ud23_oth,HOMERIC_TRADITION,209ee9f27c82f31d31eb16124569039d7847ed327f3a0f2b5c4eae048347e621,0,all,47062,215278.40124325542,227411.1081673564,223759.91342889523,223759.91342889523,41447,47062,4.574357257304309,4.832159877764575,0.25780262046026525,4.754577226401242,4.754577226401242,0.0,0.25780262046026525,
oth,ud23_oth,HOMERIC_TRADITION,209ee9f27c82f31d31eb16124569039d7847ed327f3a0f2b5c4eae048347e621,1,all,47062,215209.32535740672,227473.86733907237,223838.90044992382,223838.90044992382,41538,47062,4.572889493804061,4.833493420149428,0.2606039263453672,4.756255587308738,4.756255587308738,0.0,0.2606039263453672,
oth,ud23_oth,HOMERIC_TRADITION,209ee9f27c82f31d31eb16124569039d7847ed327f3a0f2b5c4eae048347e621,2,all,47062,215059.63311900295,227433.9158805209,223531.6960170496,223531.6960170496,41531,47062,4.569708748438293,4.832644508956714,0.26293576051842127,4.749727933726778,4.749727933726778,0.0,0.26293576051842127,
oth,ud23_oth,HOMERIC_TRADITION,209ee9f27c82f31d31eb16124569039d7847ed327f3a0f2b5c4eae048347e621,3,all,47062,215188.81730081086,227425.84145563268,223574.537633146,223574.537633146,41638,47062,4.572453727015657,4.832472939008811,0.26001921199315436,4.750638256622031,4.750638256622031,0.0,0.26001921199315436,
oth,ud23_oth,HOMERIC_TRADITION,209ee9f27c82f31d31eb16124569039d7847ed327f3a0f2b5c4eae048347e621,4,all,47062,215208.1190202195,227469.8677375465,224086.6905193579,224086.6905193579,41503,47062,4.572863860869056,4.833408434353545,0.2605445734844887,4.761520770884321,4.761520770884321,0.0,0.2605445734844887,
oth,ud23_oth,HOMERIC_TRADITION,209ee9f27c82f31d31eb16124569039d7847ed327f3a0f2b5c4eae048347e621,5,all,47062,215391.81517081594,227502.10412713164,224182.1485417159,224182.1485417159,41524,47062,4.576767140597848,4.834093411396278,0.25732627079842985,4.763549116946069,4.763549116946069,0.0,0.25732627079842985,
oth,ud23_oth,HOMERIC_TRADITION,209ee9f27c82f31d31eb16124569039d7847ed327f3a0f2b5c4eae048347e621,6,all,47062,215195.849377299,227502.15597365145,223713.56085005982,223713.56085005982,41534,47062,4.572603148555076,4.834094513060462,0.26149136450538624,4.753592300583482,4.753592300583482,0.0,0.26149136450538624,
oth,ud23_oth,HOMERIC_TRADITION,209ee9f27c82f31d31eb16124569039d7847ed327f3a0f2b5c4eae048347e621,7,all,47062,215500.7081741895,227543.6958771532,223835.87786688178,223835.87786688178,41609,47062,4.579080960736677,4.834977176430097,0.25589621569341947,4.756191361754319,4.756191361754319,0.0,0.25589621569341947,
oth,ud23_oth,HOMERIC_TRADITION,209ee9f27c82f31d31eb16124569039d7847ed327f3a0f2b5c4eae048347e621,8,all,47062,215338.8128704211,227610.84201894462,224249.50170485282,224249.50170485282,41535,47062,4.575640917734502,4.836403935636918,0.2607630179024163,4.764980275059556,4.764980275059556,0.0,0.2607630179024163,
oth,ud23_oth,HOMERIC_TRADITION,209ee9f27c82f31d31eb16124569039d7847ed327f3a0f2b5c4eae048347e621,9,all,47062,215334.98558312136,227576.20281127407,224091.31162092753,224091.31162092753,41551,47062,4.5755595933687765,4.835667902156178,0.26010830878740165,4.7616189626647305,4.7616189626647305,0.0,0.26010830878740165,
oth,ud23_oth,PLUTARCH,ef8134329970f595ef9ccf4198217affef5c01fa243d5bf4e59ee6daebb04e1d,0,all,6908,29380.125303810833,33067.81974576216,32072.87641226391,32072.876412263908,6225,6908,4.253058092618824,4.78688762967026,0.5338295370514361,4.642859932290665,4.642859932290664,-8.881784197001252e-16,0.533829537051437,
oth,ud23_oth,PLUTARCH,ef8134329970f595ef9ccf4198217affef5c01fa243d5bf4e59ee6daebb04e1d,1,all,6908,29324.382410873244,33046.43615601653,32079.334176511766,32079.334176511766,6236,6908,4.244988768221373,4.7837921476572856,0.5388033794359126,4.6437947562987505,4.6437947562987505,0.0,0.5388033794359126,
oth,ud23_oth,PLUTARCH,ef8134329970f595ef9ccf4198217affef5c01fa243d5bf4e59ee6daebb04e1d,2,all,6908,29339.689448765057,33061.968250789854,32105.95144264814,32105.95144264814,6219,6908,4.24720461041764,4.7860405690199554,0.5388359586023155,4.647647863730188,4.647647863730188,0.0,0.5388359586023155,
oth,ud23_oth,PLUTARCH,ef8134329970f595ef9ccf4198217affef5c01fa243d5bf4e59ee6daebb04e1d,3,all,6908,29307.101545262725,33024.6109283635,32026.647281446596,32026.647281446596,6271,6908,4.242487195318866,4.780632734273813,0.5381455389549474,4.636167817233149,4.636167817233149,0.0,0.5381455389549474,
oth,ud23_oth,PLUTARCH,ef8134329970f595ef9ccf4198217affef5c01fa243d5bf4e59ee6daebb04e1d,4,all,6908,29346.487188311083,33044.35553696939,32061.584924298455,32061.584924298455,6261,6908,4.248188649147522,4.783490957870497,0.5353023087229749,4.641225379892655,4.641225379892655,0.0,0.5353023087229749,
oth,ud23_oth,PLUTARCH,ef8134329970f595ef9ccf4198217affef5c01fa243d5bf4e59ee6daebb04e1d,5,all,6908,29326.1473803925,33066.1363974145,32007.657074653674,32007.65707465367,6241,6908,4.245244264677548,4.786643948670309,0.5413996839927613,4.633418800615761,4.63341880061576,-8.881784197001252e-16,0.5413996839927622,
oth,ud23_oth,PLUTARCH,ef8134329970f595ef9ccf4198217affef5c01fa243d5bf4e59ee6daebb04e1d,6,all,6908,29363.08007075046,33036.4480282766,32163.012535498674,32163.012535498674,6248,6908,4.250590629813327,4.782346269293081,0.531755639479754,4.655908010350126,4.655908010350126,0.0,0.531755639479754,
oth,ud23_oth,PLUTARCH,ef8134329970f595ef9ccf4198217affef5c01fa243d5bf4e59ee6daebb04e1d,7,all,6908,29302.86809003382,33031.205758926575,31980.47631924471,31980.47631924471,6243,6908,4.241874361614624,4.7815873999604195,0.5397130383457958,4.629484122646889,4.629484122646889,0.0,0.5397130383457958,
oth,ud23_oth,PLUTARCH,ef8134329970f595ef9ccf4198217affef5c01fa243d5bf4e59ee6daebb04e1d,8,all,6908,29336.805602837736,33039.09164697839,31994.32010166966,31994.32010166966,6188,6908,4.246787145749527,4.782728958740358,0.5359418129908304,4.6314881444223595,4.6314881444223595,0.0,0.5359418129908304,
oth,ud23_oth,PLUTARCH,ef8134329970f595ef9ccf4198217affef5c01fa243d5bf4e59ee6daebb04e1d,9,all,6908,29333.2307399723,33059.91944453384,32099.18957180791,32099.18957180791,6235,6908,4.246269649677519,4.785743984443232,0.5394743347657132,4.646669017343357,4.646669017343357,0.0,0.5394743347657132,
oth,ud23_oth,THUCYDIDES,1a32cf6857284fff7c7f006f8d0cd4ab15a047af7a4bcd5613d1fd50789dd4ee,0,all,7234,31360.540313092137,34408.11765788789,33538.08418598516,33538.08418598516,6489,7234,4.335159014804,4.756444243556523,0.42128522875252283,4.636174203205026,4.636174203205026,0.0,0.42128522875252283,
oth,ud23_oth,THUCYDIDES,1a32cf6857284fff7c7f006f8d0cd4ab15a047af7a4bcd5613d1fd50789dd4ee,1,all,7234,31370.529808971674,34421.71804439885,33496.47238546434,33496.47238546434,6488,7234,4.336539923827989,4.758324308045182,0.4217843842171929,4.630421949884481,4.630421949884481,0.0,0.4217843842171929,
oth,ud23_oth,THUCYDIDES,1a32cf6857284fff7c7f006f8d0cd4ab15a047af7a4bcd5613d1fd50789dd4ee,2,all,7234,31343.530547717608,34410.31777582828,33478.5514966899,33478.55149668989,6497,7234,4.332807651053028,4.756748379296141,0.4239407282431129,4.627944635981462,4.6279446359814616,-8.881784197001252e-16,0.4239407282431138,
oth,ud23_oth,THUCYDIDES,1a32cf6857284fff7c7f006f8d0cd4ab15a047af7a4bcd5613d1fd50789dd4ee,3,all,7234,31338.076647117217,34411.1702811728,33447.447502658906,33447.447502658906,6552,7234,4.332053725064586,4.756866226316395,0.42481250125180914,4.623644940926031,4.623644940926031,0.0,0.42481250125180914,
oth,ud23_oth,THUCYDIDES,1a32cf6857284fff7c7f006f8d0cd4ab15a047af7a4bcd5613d1fd50789dd4ee,4,all,7234,31365.429658634806,34423.06371949629,33433.96099948938,33433.960999489376,6508,7234,4.335834898898923,4.758510328932305,0.42267543003338215,4.621780619227175,4.621780619227174,-8.881784197001252e-16,0.42267543003338304,
oth,ud23_oth,THUCYDIDES,1a32cf6857284fff7c7f006f8d0cd4ab15a047af7a4bcd5613d1fd50789dd4ee,5,all,7234,31319.41180587785,34415.39120194798,33449.487122050516,33449.487122050516,6462,7234,4.329473570068821,4.757449709973456,0.42797613990463557,4.623926889971042,4.623926889971042,0.0,0.42797613990463557,
oth,ud23_oth,THUCYDIDES,1a32cf6857284fff7c7f006f8d0cd4ab15a047af7a4bcd5613d1fd50789dd4ee,6,all,7234,31390.9805933125,34427.356130186454,33366.1999304167,33366.1999304167,6530,7234,4.339366960645908,4.759103695076922,0.4197367344310141,4.612413592814031,4.612413592814031,0.0,0.4197367344310141,
oth,ud23_oth,THUCYDIDES,1a32cf6857284fff7c7f006f8d0cd4ab15a047af7a4bcd5613d1fd50789dd4ee,7,all,7234,31342.811441977094,34430.43913991083,33378.94122297757,33378.94122297757,6521,7234,4.332708244674744,4.759529878339899,0.42682163366515535,4.6141748994992495,4.6141748994992495,0.0,0.42682163366515535,
oth,ud23_oth,THUCYDIDES,1a32cf6857284fff7c7f006f8d0cd4ab15a047af7a4bcd5613d1fd50789dd4ee,8,all,7234,31329.9526329164,34419.85928445165,33353.45785472589,33353.45785472589,6459,7234,4.330930692966049,4.758067360305731,0.42713666733968125,4.6106521778719785,4.6106521778719785,0.0,0.42713666733968125,
oth,ud23_oth,THUCYDIDES,1a32cf6857284fff7c7f006f8d0cd4ab15a047af7a4bcd5613d1fd50789dd4ee,9,all,7234,31345.2940246334,34430.793691268846,33410.74661613586,33410.74661613586,6473,7234,4.33305142723713,4.7595788901394585,0.4265274629023281,4.618571553239682,4.618571553239682,0.0,0.4265274629023281,
q_half,ud23,ATHENAEUS,4352f04fcfd7cbe580caddf69f309034ffb967d5d1bc8a8e809498de5bf8d329,0,all,16691,71988.34605104399,78209.25719153706,76199.98984209524,76199.98984209524,14858,16691,4.31300377754742,4.685714288630823,0.3727105110834028,4.5653340028815075,4.5653340028815075,0.0,0.3727105110834028,
q_half,ud23,ATHENAEUS,4352f04fcfd7cbe580caddf69f309034ffb967d5d1bc8a8e809498de5bf8d329,1,all,16691,72103.65046778909,78173.82316491207,76042.78676779562,76042.78676779562,14868,16691,4.319911956610694,4.683591346528792,0.3636793899180981,4.5559155693365065,4.5559155693365065,0.0,0.3636793899180981,
q_half,ud23,ATHENAEUS,4352f04fcfd7cbe580caddf69f309034ffb967d5d1bc8a8e809498de5bf8d329,2,all,16691,71990.34214216616,78278.65680414718,76078.27003677728,76078.27003677728,14852,16691,4.313123368412088,4.689872194844358,0.37674882643226937,4.558041461672595,4.558041461672595,0.0,0.37674882643226937,
q_half,ud23,ATHENAEUS,4352f04fcfd7cbe580caddf69f309034ffb967d5d1bc8a8e809498de5bf8d329,3,all,16691,71853.30472480135,78107.57349267826,75958.2405523432,75958.2405523432,14843,16691,4.304913110346974,4.6796221612053355,0.37470905085836126,4.550850191860476,4.550850191860476,0.0,0.37470905085836126,
q_half,ud23,ATHENAEUS,4352f04fcfd7cbe580caddf69f309034ffb967d5d1bc8a8e809498de5bf8d329,4,all,16691,72029.22859021885,78264.61489809786,76151.64778582974,76151.64778582974,14863,16691,4.31545315380857,4.689030908759084,0.3735777549505137,4.562437708095964,4.562437708095964,0.0,0.3735777549505137,
q_half,ud23,ATHENAEUS,4352f04fcfd7cbe580caddf69f309034ffb967d5d1bc8a8e809498de5bf8d329,5,all,16691,72077.27279933878,78239.61601392039,76124.1740457108,76124.1740457108,14887,16691,4.318331603818751,4.6875331624180925,0.36920155859934134,4.560791686879803,4.560791686879803,0.0,0.36920155859934134,
q_half,ud23,ATHENAEUS,4352f04fcfd7cbe580caddf69f309034ffb967d5d1bc8a8e809498de5bf8d329,6,all,16691,72038.18148589025,78170.11447665213,75999.18893523281,75999.18893523281,14856,16691,4.315989544418564,4.683369149640653,0.367379605222089,4.553303512985011,4.553303512985011,0.0,0.367379605222089,
q_half,ud23,ATHENAEUS,4352f04fcfd7cbe580caddf69f309034ffb967d5d1bc8a8e809498de5bf8d329,7,all,16691,72106.66103790175,78251.48739679351,76313.34304289529,76313.34304289529,14794,16691,4.32009232747599,4.688244406973429,0.3681520794974391,4.572125279665405,4.572125279665405,0.0,0.3681520794974391,
q_half,ud23,ATHENAEUS,4352f04fcfd7cbe580caddf69f309034ffb967d5d1bc8a8e809498de5bf8d329,8,all,16691,72097.48095434599,78217.16182379176,76185.96178983318,76185.96178983318,14805,16691,4.319542325465579,4.686187875129816,0.3666455496642369,4.564493546811645,4.564493546811645,0.0,0.3666455496642369,
q_half,ud23,ATHENAEUS,4352f04fcfd7cbe580caddf69f309034ffb967d5d1bc8a8e809498de5bf8d329,9,all,16691,71873.84354029974,78236.18181261039,76306.60147373889,76306.60147373889,14818,16691,4.306143642699643,4.687327410736947,0.381183768037304,4.571721375216518,4.571721375216518,0.0,0.381183768037304,
q_half,ud23,DIODORUS,d91dad02f8da03cf6702fa7edec531da5e56f526f466e2f04180f2a23a1cf315,0,all,12334,50577.22472605127,55786.86101044295,54367.12998030896,54367.12998030896,11000,12334,4.1006344029553485,4.523014513575722,0.4223801106203737,4.407907408813763,4.407907408813763,0.0,0.4223801106203737,
q_half,ud23,DIODORUS,d91dad02f8da03cf6702fa7edec531da5e56f526f466e2f04180f2a23a1cf315,1,all,12334,50469.723422124924,55725.80955166971,54420.383761213605,54420.383761213605,10960,12334,4.091918552142445,4.518064662856308,0.4261461107138631,4.412225049555182,4.412225049555182,0.0,0.4261461107138631,
q_half,ud23,DIODORUS,d91dad02f8da03cf6702fa7edec531da5e56f526f466e2f04180f2a23a1cf315,2,all,12334,50474.53064074534,55842.83123133326,54408.79937196569,54408.79937196569,10912,12334,4.09230830555743,4.5275523943030045,0.4352440887455744,4.411285825520163,4.411285825520163,0.0,0.4352440887455744,
q_half,ud23,DIODORUS,d91dad02f8da03cf6702fa7edec531da5e56f526f466e2f04180f2a23a1cf315,3,all,12334,50380.00004821182,55711.55192340305,54343.89349280539,54343.89349280541,11003,12334,4.08464407720219,4.516908701427197,0.4322646242250068,4.406023471120918,4.4060234711209185,8.881784197001252e-16,0.4322646242250059,
q_half,ud23,DIODORUS,d91dad02f8da03cf6702fa7edec531da5e56f526f466e2f04180f2a23a1cf315,4,all,12334,50446.681996329025,55692.957089426156,54148.20857037801,54148.20857037801,11020,12334,4.090050429408872,4.515401093678138,0.42535066426926615,4.390157983653155,4.390157983653155,0.0,0.42535066426926615,
q_half,ud23,DIODORUS,d91dad02f8da03cf6702fa7edec531da5e56f526f466e2f04180f2a23a1cf315,5,all,12334,50369.569942334434,55755.22356234759,54401.08713600267,54401.08713600267,10991,12334,4.083798438652054,4.520449453733387,0.43665101508133297,4.41066054288979,4.41066054288979,0.0,0.43665101508133297,
q_half,ud23,DIODORUS,d91dad02f8da03cf6702fa7edec531da5e56f526f466e2f04180f2a23a1cf315,6,all,12334,50372.99492273964,55715.38680172992,54281.60181393377,54281.60181393377,11032,12334,4.0840761247559305,4.517219620701307,0.4331434959453766,4.400973067450443,4.400973067450443,0.0,0.4331434959453766,
q_half,ud23,DIODORUS,d91dad02f8da03cf6702fa7edec531da5e56f526f466e2f04180f2a23a1cf315,7,all,12334,50386.961069905425,55713.48120884623,54262.10134967328,54262.10134967328,11048,12334,4.085208453859691,4.517065121521504,0.43185666766181274,4.399392034187877,4.399392034187877,0.0,0.43185666766181274,
q_half,ud23,DIODORUS,d91dad02f8da03cf6702fa7edec531da5e56f526f466e2f04180f2a23a1cf315,8,all,12334,50431.560170546145,55657.6346124179,54312.402922270296,54312.402922270296,10956,12334,4.088824401698244,4.5125372638574595,0.4237128621592152,4.40347031962626,4.40347031962626,0.0,0.4237128621592152,
q_half,ud23,DIODORUS,d91dad02f8da03cf6702fa7edec531da5e56f526f466e2f04180f2a23a1cf315,9,all,12334,50318.72991220606,55764.064245437476,54305.82595575186,54305.82595575186,10982,12334,4.079676496854716,4.521166227131301,0.44148973027658567,4.402937080894427,4.402937080894427,0.0,0.44148973027658567,
q_half,ud23,HERODOTUS,89f0804afded8e7a0f4e1b507030d5ef4ecaf17e422c8b2969bd6b23e62818e6,0,all,12946,58096.70948609596,62028.12207031331,60209.47821400355,60209.47821400355,11611,12946,4.487618529746328,4.791296313171119,0.30367778342479124,4.650817102889198,4.650817102889198,0.0,0.30367778342479124,
q_half,ud23,HERODOTUS,89f0804afded8e7a0f4e1b507030d5ef4ecaf17e422c8b2969bd6b23e62818e6,1,all,12946,57911.959963945235,61992.637185484025,60216.29630359019,60216.29630359019,11634,12946,4.47334774941644,4.788555320985943,0.31520757156950285,4.651343758967263,4.651343758967263,0.0,0.31520757156950285,
q_half,ud23,HERODOTUS,89f0804afded8e7a0f4e1b507030d5ef4ecaf17e422c8b2969bd6b23e62818e6,2,all,12946,57926.26065464552,62034.69040024083,60150.21881196862,60150.21881196862,11596,12946,4.474452391058668,4.791803676829972,0.3173512857713039,4.646239673410213,4.646239673410213,0.0,0.3173512857713039,
q_half,ud23,HERODOTUS,89f0804afded8e7a0f4e1b507030d5ef4ecaf17e422c8b2969bd6b23e62818e6,3,all,12946,57839.31726292434,62016.37258578239,60027.88851514278,60027.88851514278,11620,12946,4.4677365412424175,4.7903887367358555,0.32265219549343804,4.636790399748399,4.636790399748399,0.0,0.32265219549343804,
q_half,ud23,HERODOTUS,89f0804afded8e7a0f4e1b507030d5ef4ecaf17e422c8b2969bd6b23e62818e6,4,all,12946,57929.128926160876,61996.14835628854,60098.34548973361,60098.34548973362,11609,12946,4.474673947641038,4.788826537640085,0.31415258999904694,4.6422327738091775,4.642232773809178,8.881784197001252e-16,0.31415258999904605,
q_half,ud23,HERODOTUS,89f0804afded8e7a0f4e1b507030d5ef4ecaf17e422c8b2969bd6b23e62818e6,5,all,12946,57745.83618479101,61946.60074169927,60105.65290595131,60105.65290595131,11579,12946,4.460515694793065,4.784999284852407,0.3244835900593426,4.642797227402387,4.642797227402387,0.0,0.3244835900593426,
q_half,ud23,HERODOTUS,89f0804afded8e7a0f4e1b507030d5ef4ecaf17e422c8b2969bd6b23e62818e6,6,all,12946,57940.15725307155,61934.10981002499,60019.63440582625,60019.63440582625,11658,12946,4.475525819022984,4.784034436121194,0.30850861709821054,4.636152819853719,4.636152819853719,0.0,0.30850861709821054,
q_half,ud23,HERODOTUS,89f0804afded8e7a0f4e1b507030d5ef4ecaf17e422c8b2969bd6b23e62818e6,7,all,12946,57958.32473296323,61999.942676366336,60246.0985339385,60246.0985339385,11554,12946,4.4769291466833945,4.789119625858669,0.31219047917527476,4.653645800551406,4.653645800551406,0.0,0.31219047917527476,
q_half,ud23,HERODOTUS,89f0804afded8e7a0f4e1b507030d5ef4ecaf17e422c8b2969bd6b23e62818e6,8,all,12946,57913.25805040993,62008.41799763797,60193.781186180786,60193.781186180786,11617,12946,4.473448018724698,4.78977429303553,0.31632627431083193,4.649604602671156,4.649604602671156,0.0,0.31632627431083193,
q_half,ud23,HERODOTUS,89f0804afded8e7a0f4e1b507030d5ef4ecaf17e422c8b2969bd6b23e62818e6,9,all,12946,57942.234225582,61964.82853070204,60101.03637753122,60101.03637753122,11575,12946,4.475686252555383,4.786407271025957,0.31072101847057354,4.642440628574944,4.642440628574944,0.0,0.31072101847057354,
q_half,ud23,HESIODIC_TRADITION,c4c0c7eaeca0d61d2e53f4f0642bfa382e91dd28b470d2f4da2ba8539fe0e7f7,0,all,6375,29989.700591556983,31355.324158160343,31138.542270545775,31138.542270545775,5592,6375,4.704266759459919,4.918482220887897,0.21421546142797876,4.884477218909141,4.884477218909141,0.0,0.21421546142797876,
q_half,ud23,HESIODIC_TRADITION,c4c0c7eaeca0d61d2e53f4f0642bfa382e91dd28b470d2f4da2ba8539fe0e7f7,1,all,6375,30250.972512932298,31464.879464036574,31045.827856733522,31045.827856733522,5559,6375,4.74525059026389,4.935667366907698,0.19041677664380785,4.869933781448395,4.869933781448395,0.0,0.19041677664380785,
q_half,ud23,HESIODIC_TRADITION,c4c0c7eaeca0d61d2e53f4f0642bfa382e91dd28b470d2f4da2ba8539fe0e7f7,2,all,6375,29904.918959968003,31400.526747484033,31212.475657480198,31212.4756574802,5501,6375,4.690967679994981,4.92557282313475,0.23460514313976955,4.896074612938071,4.896074612938071,0.0,0.23460514313976955,
q_half,ud23,HESIODIC_TRADITION,c4c0c7eaeca0d61d2e53f4f0642bfa382e91dd28b470d2f4da2ba8539fe0e7f7,3,all,6375,30096.798054706298,31353.84089049579,31090.532644928513,31090.532644928513,5581,6375,4.721066361522556,4.91824955145032,0.19718318992776407,4.8769462972436886,4.8769462972436886,0.0,0.19718318992776407,
q_half,ud23,HESIODIC_TRADITION,c4c0c7eaeca0d61d2e53f4f0642bfa382e91dd28b470d2f4da2ba8539fe0e7f7,4,all,6375,30259.509335436505,31403.917619095842,31145.622547432933,31145.622547432933,5617,6375,4.746589699676314,4.926104724564054,0.1795150248877393,4.885587850577715,4.885587850577715,0.0,0.1795150248877393,
q_half,ud23,HESIODIC_TRADITION,c4c0c7eaeca0d61d2e53f4f0642bfa382e91dd28b470d2f4da2ba8539fe0e7f7,5,all,6375,30121.102389167954,31406.05055331986,31123.87425818444,31123.87425818444,5590,6375,4.724878806143993,4.926439302481547,0.2015604963375539,4.8821763542250105,4.8821763542250105,0.0,0.2015604963375539,
q_half,ud23,HESIODIC_TRADITION,c4c0c7eaeca0d61d2e53f4f0642bfa382e91dd28b470d2f4da2ba8539fe0e7f7,6,all,6375,30085.32864846049,31390.85219597646,31094.162783036405,31094.162783036405,5589,6375,4.7192672389741945,4.92405524642768,0.20478800745348558,4.8775157306723775,4.8775157306723775,0.0,0.20478800745348558,
q_half,ud23,HESIODIC_TRADITION,c4c0c7eaeca0d61d2e53f4f0642bfa382e91dd28b470d2f4da2ba8539fe0e7f7,7,all,6375,30288.49678154323,31479.6875559498,31114.80519413782,31114.80519413782,5598,6375,4.751136750045997,4.937990204854871,0.18685345480887428,4.8807537559431875,4.8807537559431875,0.0,0.18685345480887428,
q_half,ud23,HESIODIC_TRADITION,c4c0c7eaeca0d61d2e53f4f0642bfa382e91dd28b470d2f4da2ba8539fe0e7f7,8,all,6375,30112.844517326004,31351.041821241586,31147.403322734757,31147.40332273476,5627,6375,4.723583453698197,4.917810481763386,0.194227028065189,4.8858671878799615,4.885867187879962,8.881784197001252e-16,0.1942270280651881,
q_half,ud23,HESIODIC_TRADITION,c4c0c7eaeca0d61d2e53f4f0642bfa382e91dd28b470d2f4da2ba8539fe0e7f7,9,all,6375,29926.889720792,31291.423867554116,30920.166995018884,30920.166995018888,5559,6375,4.6944140738497255,4.908458645890842,0.21404457204111615,4.850222273728453,4.850222273728453,0.0,0.21404457204111615,
q_half,ud23,HOMERIC_TRADITION,209ee9f27c82f31d31eb16124569039d7847ed327f3a0f2b5c4eae048347e621,0,all,46634,214577.4675848037,224551.3470148962,220292.1007322906,220292.1007322906,41070,46634,4.6013095077583674,4.815185208536608,0.21387570077824059,4.723851711890265,4.723851711890265,0.0,0.21387570077824059,
q_half,ud23,HOMERIC_TRADITION,209ee9f27c82f31d31eb16124569039d7847ed327f3a0f2b5c4eae048347e621,1,all,46634,214188.5099111368,224808.3285807292,220368.29913530627,220368.29913530627,41174,46634,4.592968862013484,4.8206958137995715,0.22772695178608782,4.725485678588718,4.725485678588718,0.0,0.22772695178608782,
q_half,ud23,HOMERIC_TRADITION,209ee9f27c82f31d31eb16124569039d7847ed327f3a0f2b5c4eae048347e621,2,all,46634,215055.80030044515,224591.78690954472,220100.9036199702,220100.9036199702,41139,46634,4.611566674538859,4.816052384730984,0.2044857101921247,4.719751760946309,4.719751760946309,0.0,0.2044857101921247,
q_half,ud23,HOMERIC_TRADITION,209ee9f27c82f31d31eb16124569039d7847ed327f3a0f2b5c4eae048347e621,3,all,46634,213964.32579142426,224738.75798272446,220463.1499490747,220463.1499490747,41253,46634,4.588161551473695,4.819203970980925,0.23104241950723026,4.7275196197854505,4.7275196197854505,0.0,0.23104241950723026,
q_half,ud23,HOMERIC_TRADITION,209ee9f27c82f31d31eb16124569039d7847ed327f3a0f2b5c4eae048347e621,4,all,46634,215122.06606266552,225074.63431179652,221003.9434796526,221003.9434796526,41082,46634,4.612987649840578,4.82640636256372,0.21341871272314172,4.739116170168817,4.739116170168817,0.0,0.21341871272314172,
q_half,ud23,HOMERIC_TRADITION,209ee9f27c82f31d31eb16124569039d7847ed327f3a0f2b5c4eae048347e621,5,all,46634,214517.67546747957,224611.82109458002,220679.6808983851,220679.68089838512,41080,46634,4.600027350591405,4.816481989419309,0.21645463882790406,4.732162818938652,4.732162818938653,8.881784197001252e-16,0.21645463882790317,
q_half,ud23,HOMERIC_TRADITION,209ee9f27c82f31d31eb16124569039d7847ed327f3a0f2b5c4eae048347e621,6,all,46634,214139.1064806355,224631.4846690481,220084.19836255565,220084.19836255565,41118,46634,4.591909475503614,4.816903646889568,0.224994171385954,4.71939354039018,4.71939354039018,0.0,0.224994171385954,
q_half,ud23,HOMERIC_TRADITION,209ee9f27c82f31d31eb16124569039d7847ed327f3a0f2b5c4eae048347e621,7,all,46634,214818.8470124951,224951.1749084129,220498.40602728399,220498.406027284,41195,46634,4.6064855472937145,4.823758950731503,0.21727340343778856,4.728275636387271,4.728275636387272,8.881784197001252e-16,0.21727340343778767,
q_half,ud23,HOMERIC_TRADITION,209ee9f27c82f31d31eb16124569039d7847ed327f3a0f2b5c4eae048347e621,8,all,46634,214937.43397405514,224909.83114218144,220857.88307537307,220857.88307537307,41134,46634,4.60902847652046,4.822872392292779,0.2138439157723191,4.735984111922054,4.735984111922054,0.0,0.2138439157723191,
q_half,ud23,HOMERIC_TRADITION,209ee9f27c82f31d31eb16124569039d7847ed327f3a0f2b5c4eae048347e621,9,all,46634,214945.50609783805,224677.12104618145,220263.2269819869,220263.2269819869,41195,46634,4.609201571768196,4.817882254281885,0.20868068251368932,4.7232325552598295,4.7232325552598295,0.0,0.20868068251368932,
q_half,ud23,PLUTARCH,ef8134329970f595ef9ccf4198217affef5c01fa243d5bf4e59ee6daebb04e1d,0,all,6901,29873.628098802244,32984.8408970305,31995.97274442668,31995.972744426683,6216,6901,4.328883944182328,4.7797190113071295,0.45083506712480137,4.636425553459887,4.636425553459888,8.881784197001252e-16,0.4508350671248005,
q_half,ud23,PLUTARCH,ef8134329970f595ef9ccf4198217affef5c01fa243d5bf4e59ee6daebb04e1d,1,all,6901,29828.011208013726,32982.53207041255,32008.219809497423,32008.219809497423,6224,6901,4.322273758587701,4.779384447241349,0.457110688653648,4.638200233226695,4.638200233226695,0.0,0.457110688653648,
q_half,ud23,PLUTARCH,ef8134329970f595ef9ccf4198217affef5c01fa243d5bf4e59ee6daebb04e1d,2,all,6901,29847.425822070756,32963.73405669448,32031.116981790383,32031.116981790383,6204,6901,4.325087063044596,4.776660492203228,0.45157342915863197,4.641518183131486,4.641518183131486,0.0,0.45157342915863197,
q_half,ud23,PLUTARCH,ef8134329970f595ef9ccf4198217affef5c01fa243d5bf4e59ee6daebb04e1d,3,all,6901,29867.45173623981,32955.877476619644,31983.128808941146,31983.128808941146,6265,6901,4.327988948882743,4.775522022405397,0.4475330735226537,4.634564383269257,4.634564383269257,0.0,0.4475330735226537,
q_half,ud23,PLUTARCH,ef8134329970f595ef9ccf4198217affef5c01fa243d5bf4e59ee6daebb04e1d,4,all,6901,29854.634829524945,32964.17063178435,31996.259048730873,31996.259048730873,6249,6901,4.326131695337624,4.776723754786893,0.45059205944926894,4.636467040824645,4.636467040824645,0.0,0.45059205944926894,
q_half,ud23,PLUTARCH,ef8134329970f595ef9ccf4198217affef5c01fa243d5bf4e59ee6daebb04e1d,5,all,6901,29782.577686717574,32963.00982068712,31907.596229318275,31907.596229318275,6233,6901,4.31569014443089,4.776555545672673,0.460865401241783,4.623619218854988,4.623619218854988,0.0,0.460865401241783,
q_half,ud23,PLUTARCH,ef8134329970f595ef9ccf4198217affef5c01fa243d5bf4e59ee6daebb04e1d,6,all,6901,29895.765235469855,32977.98675801171,32083.624300662494,32083.624300662497,6240,6901,4.332091759957956,4.778725801769557,0.4466340418116008,4.649126836786334,4.649126836786335,8.881784197001252e-16,0.44663404181159994,
q_half,ud23,PLUTARCH,ef8134329970f595ef9ccf4198217affef5c01fa243d5bf4e59ee6daebb04e1d,7,all,6901,29857.541079670278,32983.62660328595,31963.46220850181,31963.46220850181,6236,6901,4.326552829976856,4.779543052207789,0.452990222230933,4.631714564338764,4.631714564338764,0.0,0.452990222230933,
q_half,ud23,PLUTARCH,ef8134329970f595ef9ccf4198217affef5c01fa243d5bf4e59ee6daebb04e1d,8,all,6901,29887.253424931947,32933.46079473472,31896.690034037845,31896.690034037845,6181,6901,4.330858342983908,4.772273698700872,0.44141535571696355,4.622038839883762,4.622038839883762,0.0,0.44141535571696355,
q_half,ud23,PLUTARCH,ef8134329970f595ef9ccf4198217affef5c01fa243d5bf4e59ee6daebb04e1d,9,all,6901,29813.757273267052,32983.221446043855,32033.39021299866,32033.39021299866,6232,6901,4.320208270289386,4.779484342275591,0.45927607198620546,4.641847589189778,4.641847589189778,0.0,0.45927607198620546,
q_half,ud23,THUCYDIDES,1a32cf6857284fff7c7f006f8d0cd4ab15a047af7a4bcd5613d1fd50789dd4ee,0,all,7227,31728.877693184862,34358.8822021974,33448.091734683,33448.091734683,6479,7227,4.390324850309238,4.7542385778604395,0.36391372755120166,4.628212499610212,4.628212499610212,0.0,0.36391372755120166,
q_half,ud23,THUCYDIDES,1a32cf6857284fff7c7f006f8d0cd4ab15a047af7a4bcd5613d1fd50789dd4ee,1,all,7227,31723.002230656988,34360.06160637951,33397.30710839423,33397.30710839423,6475,7227,4.389511862551126,4.754401772018751,0.36488990946762456,4.621185430800363,4.621185430800363,0.0,0.36488990946762456,
q_half,ud23,THUCYDIDES,1a32cf6857284fff7c7f006f8d0cd4ab15a047af7a4bcd5613d1fd50789dd4ee,2,all,7227,31653.045292497813,34313.514110626405,33366.56826051172,33366.56826051172,6489,7227,4.379831920921242,4.747960994966986,0.36812907404574435,4.616932096376328,4.616932096376328,0.0,0.36812907404574435,
q_half,ud23,THUCYDIDES,1a32cf6857284fff7c7f006f8d0cd4ab15a047af7a4bcd5613d1fd50789dd4ee,3,all,7227,31710.607745847657,34368.542358620376,33384.75768365511,33384.75768365511,6547,7227,4.3877968376709084,4.755575253718054,0.36777841604714556,4.619448966881847,4.619448966881847,0.0,0.36777841604714556,
q_half,ud23,THUCYDIDES,1a32cf6857284fff7c7f006f8d0cd4ab15a047af7a4bcd5613d1fd50789dd4ee,4,all,7227,31765.129537655444,34396.35865168173,33381.85104966808,33381.85104966808,6500,7227,4.395341018078794,4.759424194227443,0.3640831761486494,4.6190467759330405,4.6190467759330405,0.0,0.3640831761486494,
q_half,ud23,THUCYDIDES,1a32cf6857284fff7c7f006f8d0cd4ab15a047af7a4bcd5613d1fd50789dd4ee,5,all,7227,31704.73577972559,34347.96013054034,33362.14703804957,33362.14703804957,6446,7227,4.3869843337104735,4.75272729079014,0.3657429570796662,4.616320331818122,4.616320331818122,0.0,0.3657429570796662,
q_half,ud23,THUCYDIDES,1a32cf6857284fff7c7f006f8d0cd4ab15a047af7a4bcd5613d1fd50789dd4ee,6,all,7227,31785.31835714861,34367.61140779472,33326.19833669984,33326.19833669984,6516,7227,4.398134545059999,4.7554464380510195,0.35731189299102084,4.611346109962618,4.611346109962618,0.0,0.35731189299102084,
q_half,ud23,THUCYDIDES,1a32cf6857284fff7c7f006f8d0cd4ab15a047af7a4bcd5613d1fd50789dd4ee,7,all,7227,31653.404935535553,34376.673422449465,33292.410906318924,33292.41090631893,6508,7227,4.379881684728871,4.756700349031336,0.3768186643024647,4.606670943174059,4.60667094317406,8.881784197001252e-16,0.3768186643024638,
q_half,ud23,THUCYDIDES,1a32cf6857284fff7c7f006f8d0cd4ab15a047af7a4bcd5613d1fd50789dd4ee,8,all,7227,31669.147534830157,34360.3532236583,33295.31281139015,33295.31281139015,6465,7227,4.382059988215048,4.75444212310202,0.3723821348869718,4.607072479782779,4.607072479782779,0.0,0.3723821348869718,
q_half,ud23,THUCYDIDES,1a32cf6857284fff7c7f006f8d0cd4ab15a047af7a4bcd5613d1fd50789dd4ee,9,all,7227,31772.098959316507,34403.289109391495,33372.86933124597,33372.86933124597,6469,7227,4.396305376963679,4.760383161670333,0.3640777847066543,4.617803975542545,4.617803975542545,0.0,0.3640777847066543,
upos,upos_only,ATHENAEUS,4352f04fcfd7cbe580caddf69f309034ffb967d5d1bc8a8e809498de5bf8d329,0,all,16691,45310.895533813025,49621.766841748555,49805.91815339794,49805.91815339794,13419,16691,2.7146902842138294,2.972965480902795,0.2582751966889658,2.983998451464738,2.983998451464738,0.0,0.2582751966889658,
upos,upos_only,ATHENAEUS,4352f04fcfd7cbe580caddf69f309034ffb967d5d1bc8a8e809498de5bf8d329,1,all,16691,45300.4529386265,49629.22921858696,49734.388731285544,49734.388731285544,13484,16691,2.714064641940357,2.973412570761905,0.2593479288215481,2.9797129429803815,2.9797129429803815,0.0,0.2593479288215481,
upos,upos_only,ATHENAEUS,4352f04fcfd7cbe580caddf69f309034ffb967d5d1bc8a8e809498de5bf8d329,2,all,16691,45317.54832606612,49625.65363275931,49842.93315707234,49842.93315707234,13467,16691,2.7150888698140387,2.9731983483769286,0.2581094785628899,2.986216113898049,2.986216113898049,0.0,0.2581094785628899,
upos,upos_only,ATHENAEUS,4352f04fcfd7cbe580caddf69f309034ffb967d5d1bc8a8e809498de5bf8d329,3,all,16691,45302.23509210549,49611.42959280676,49788.81634336755,49788.81634336755,13482,16691,2.71417141526005,2.9723461501891295,0.2581747349290797,2.9829738387974087,2.9829738387974087,0.0,0.2581747349290797,
upos,upos_only,ATHENAEUS,4352f04fcfd7cbe580caddf69f309034ffb967d5d1bc8a8e809498de5bf8d329,4,all,16691,45162.398840780246,49638.023025593844,49821.38465352748,49821.38465352748,13417,16691,2.7057934719777275,2.9739394299678774,0.26814595799014995,2.9849250885823184,2.9849250885823184,0.0,0.26814595799014995,
upos,upos_only,ATHENAEUS,4352f04fcfd7cbe580caddf69f309034ffb967d5d1bc8a8e809498de5bf8d329,5,all,16691,45148.89363131154,49630.421291873325,49834.24148212424,49834.24148212707,13464,16691,2.7049843407412104,2.9734839908857063,0.26849965014449584,2.985695373681879,2.9856953736820486,1.6964207816272392e-13,0.2684996501443262,
upos,upos_only,ATHENAEUS,4352f04fcfd7cbe580caddf69f309034ffb967d5d1bc8a8e809498de5bf8d329,6,all,16691,45230.07753608649,49614.56049605531,49856.28852147155,49856.28852147155,13496,16691,2.7098482736856084,2.9725337305167643,0.26268545683115585,2.987016267537688,2.987016267537688,0.0,0.26268545683115585,
upos,upos_only,ATHENAEUS,4352f04fcfd7cbe580caddf69f309034ffb967d5d1bc8a8e809498de5bf8d329,7,all,16691,45224.45524314829,49623.48406144345,49837.521939345854,49837.521939345854,13431,16691,2.709511427904157,2.973068363875349,0.263556935971192,2.9858919141660687,2.9858919141660687,0.0,0.263556935971192,
upos,upos_only,ATHENAEUS,4352f04fcfd7cbe580caddf69f309034ffb967d5d1bc8a8e809498de5bf8d329,8,all,16691,45249.233199772396,49630.609908695,49813.235155717775,49813.235155717775,13400,16691,2.710995937916985,2.973495291396261,0.2624993534792761,2.984436831568976,2.984436831568976,0.0,0.2624993534792761,
upos,upos_only,ATHENAEUS,4352f04fcfd7cbe580caddf69f309034ffb967d5d1bc8a8e809498de5bf8d329,9,all,16691,45233.03645213957,49617.22273109913,49829.50081694231,49829.50081694233,13379,16691,2.7100255498256285,2.9726932317475963,0.26266768192196777,2.985411348447805,2.985411348447806,1.3322676295501878e-15,0.26266768192196643,
upos,upos_only,DIODORUS,d91dad02f8da03cf6702fa7edec531da5e56f526f466e2f04180f2a23a1cf315,0,all,12334,31752.26407175279,36343.48978752468,36367.16254588216,36367.16254588216,9970,12334,2.5743687426425157,2.9466101660065416,0.3722414233640259,2.948529475099899,2.948529475099899,0.0,0.3722414233640259,
upos,upos_only,DIODORUS,d91dad02f8da03cf6702fa7edec531da5e56f526f466e2f04180f2a23a1cf315,1,all,12334,31794.663547692006,36403.799958344454,36419.062906470564,36419.06290647124,9925,12334,2.577806352172207,2.9514999155460075,0.37369356337380033,2.9527373849903165,2.9527373849903715,5.5067062021407764e-14,0.37369356337374526,
upos,upos_only,DIODORUS,d91dad02f8da03cf6702fa7edec531da5e56f526f466e2f04180f2a23a1cf315,2,all,12334,31757.0890073457,36390.59395942074,36493.00509595963,36493.00509595963,9873,12334,2.5747599324911383,2.950429216752127,0.3756692842609888,2.9587323735981537,2.9587323735981537,0.0,0.3756692842609888,
upos,upos_only,DIODORUS,d91dad02f8da03cf6702fa7edec531da5e56f526f466e2f04180f2a23a1cf315,3,all,12334,31746.657322212337,36403.849057629515,36371.9589687014,36371.9589687014,9965,12334,2.573914165900141,2.9515038963539415,0.3775897304538005,2.9489183532269663,2.9489183532269663,0.0,0.3775897304538005,
upos,upos_only,DIODORUS,d91dad02f8da03cf6702fa7edec531da5e56f526f466e2f04180f2a23a1cf315,4,all,12334,31732.575456846702,36389.06570129688,36427.52516047509,36427.52516047509,9986,12334,2.572772454746773,2.9503053106289023,0.37753285588212915,2.9534234766073526,2.9534234766073526,0.0,0.37753285588212915,
upos,upos_only,DIODORUS,d91dad02f8da03cf6702fa7edec531da5e56f526f466e2f04180f2a23a1cf315,5,all,12334,31731.77340096681,36355.66974621685,36429.50941796501,36429.50941796501,9964,12334,2.5727074267039733,2.947597676845861,0.3748902501418878,2.9535843536537225,2.9535843536537225,0.0,0.3748902501418878,
upos,upos_only,DIODORUS,d91dad02f8da03cf6702fa7edec531da5e56f526f466e2f04180f2a23a1cf315,6,all,12334,31666.278691624233,36328.40470403612,36363.60610168567,36363.60610168567,9944,12334,2.567397331897538,2.9453871172398345,0.37798978534229644,2.9482411303458465,2.9482411303458465,0.0,0.37798978534229644,
upos,upos_only,DIODORUS,d91dad02f8da03cf6702fa7edec531da5e56f526f466e2f04180f2a23a1cf315,7,all,12334,31708.21301378158,36369.07816167479,36399.58476129919,36399.58476129919,10026,12334,2.5707972282942744,2.9486847869040695,0.37788755860979517,2.951158161285811,2.951158161285811,0.0,0.37788755860979517,
upos,upos_only,DIODORUS,d91dad02f8da03cf6702fa7edec531da5e56f526f466e2f04180f2a23a1cf315,8,all,12334,31717.325896395443,36332.485393377356,36381.2891090191,36381.2891090191,9889,12334,2.5715360707309425,2.945717966059458,0.3741818953285154,2.949674810200997,2.949674810200997,0.0,0.3741818953285154,
upos,upos_only,DIODORUS,d91dad02f8da03cf6702fa7edec531da5e56f526f466e2f04180f2a23a1cf315,9,all,12334,31716.59113551476,36357.75544019089,36373.265287975,36373.265287975,9969,12334,2.5714764987445076,2.9477667780274763,0.37629027928296876,2.949024265280931,2.949024265280931,0.0,0.37629027928296876,
upos,upos_only,HERODOTUS,89f0804afded8e7a0f4e1b507030d5ef4ecaf17e422c8b2969bd6b23e62818e6,0,all,12946,36365.95746146189,39499.46593775095,39559.83015956412,39559.83015956412,10559,12946,2.8090497034962065,3.0510942327939867,0.2420445292977802,3.0557570029016,3.0557570029016,0.0,0.2420445292977802,
upos,upos_only,HERODOTUS,89f0804afded8e7a0f4e1b507030d5ef4ecaf17e422c8b2969bd6b23e62818e6,1,all,12946,36357.11074347374,39489.618345921815,39442.913021122906,39442.913021122906,10564,12946,2.808366348175015,3.0503335660375264,0.2419672178625114,3.0467258629015066,3.0467258629015066,0.0,0.2419672178625114,
upos,upos_only,HERODOTUS,89f0804afded8e7a0f4e1b507030d5ef4ecaf17e422c8b2969bd6b23e62818e6,2,all,12946,36292.40188457903,39478.09588365343,39519.70702754513,39519.70702754513,10512,12946,2.803367981197206,3.04944352569546,0.2460755444982543,3.0526577342457233,3.0526577342457233,0.0,0.2460755444982543,
upos,upos_only,HERODOTUS,89f0804afded8e7a0f4e1b507030d5ef4ecaf17e422c8b2969bd6b23e62818e6,3,all,12946,36282.35759190259,39494.94829688789,39408.99121190955,39408.99121190955,10536,12946,2.802592120493016,3.0507452724307034,0.24815315193768717,3.04410560882972,3.04410560882972,0.0,0.24815315193768717,
upos,upos_only,HERODOTUS,89f0804afded8e7a0f4e1b507030d5ef4ecaf17e422c8b2969bd6b23e62818e6,4,all,12946,36273.93980407072,39473.67558191715,39373.759520568216,39373.759520568216,10548,12946,2.801941897425515,3.049102084189491,0.2471601867639759,3.0413841743062116,3.0413841743062116,0.0,0.2471601867639759,
upos,upos_only,HERODOTUS,89f0804afded8e7a0f4e1b507030d5ef4ecaf17e422c8b2969bd6b23e62818e6,5,all,12946,36300.64642879941,39467.71862822831,39549.02609140629,39549.02609140629,10513,12946,2.804004822246208,3.0486419456379044,0.2446371233916964,3.0549224541484854,3.0549224541484854,0.0,0.2446371233916964,
upos,upos_only,HERODOTUS,89f0804afded8e7a0f4e1b507030d5ef4ecaf17e422c8b2969bd6b23e62818e6,6,all,12946,36357.62362549794,39504.8320974073,39516.82047413378,39516.82047413378,10659,12946,2.8084059652014473,3.051508736088931,0.24310277088748355,3.0524347654977433,3.0524347654977433,0.0,0.24310277088748355,
upos,upos_only,HERODOTUS,89f0804afded8e7a0f4e1b507030d5ef4ecaf17e422c8b2969bd6b23e62818e6,7,all,12946,36279.77113187873,39483.60125933452,39419.66648580418,39419.66648580418,10502,12946,2.802392332139559,3.049868782584159,0.24747645044459965,3.0449302090069654,3.0449302090069654,0.0,0.24747645044459965,
upos,upos_only,HERODOTUS,89f0804afded8e7a0f4e1b507030d5ef4ecaf17e422c8b2969bd6b23e62818e6,8,all,12946,36298.0456528078,39475.775851218634,39526.64391851569,39526.64396633689,10585,12946,2.8038039280710487,3.0492643172577347,0.245460389186686,3.053193567010327,3.053193570704224,3.6938971881284033e-09,0.2454603854927888,
upos,upos_only,HERODOTUS,89f0804afded8e7a0f4e1b507030d5ef4ecaf17e422c8b2969bd6b23e62818e6,9,all,12946,36419.57277317753,39473.7112004632,39533.48580687257,39533.48580687257,10529,12946,2.8131911612218086,3.049104835506195,0.2359136742843866,3.0537220613990863,3.0537220613990863,0.0,0.2359136742843866,
upos,upos_only,HESIODIC_TRADITION,c4c0c7eaeca0d61d2e53f4f0642bfa382e91dd28b470d2f4da2ba8539fe0e7f7,0,all,6375,17627.446799392575,17868.98663481465,18087.28671013934,18087.28671013934,4868,6375,2.7650896940223646,2.8029782956572,0.03788860163483543,2.8372214447277395,2.8372214447277395,0.0,0.03788860163483543,
upos,upos_only,HESIODIC_TRADITION,c4c0c7eaeca0d61d2e53f4f0642bfa382e91dd28b470d2f4da2ba8539fe0e7f7,1,all,6375,17612.460675541824,17873.46002316239,18043.468247730383,18043.468247730383,4745,6375,2.7627389294967566,2.8036800036333163,0.040941074136559674,2.8303479604282953,2.8303479604282953,0.0,0.040941074136559674,
upos,upos_only,HESIODIC_TRADITION,c4c0c7eaeca0d61d2e53f4f0642bfa382e91dd28b470d2f4da2ba8539fe0e7f7,2,all,6375,17599.580061637203,17876.4058163769,18103.512437924837,18103.512437924837,4709,6375,2.76071844104113,2.8041420888434354,0.04342364780230534,2.8397666569293865,2.8397666569293865,0.0,0.04342364780230534,
upos,upos_only,HESIODIC_TRADITION,c4c0c7eaeca0d61d2e53f4f0642bfa382e91dd28b470d2f4da2ba8539fe0e7f7,3,all,6375,17672.227657140054,17881.584305149565,18125.977987359598,18125.977987359598,4836,6375,2.7721141422964792,2.804954400807775,0.032840258511295684,2.8432906646838587,2.8432906646838587,0.0,0.032840258511295684,
upos,upos_only,HESIODIC_TRADITION,c4c0c7eaeca0d61d2e53f4f0642bfa382e91dd28b470d2f4da2ba8539fe0e7f7,4,all,6375,17615.542586881784,17876.38193461693,18081.785956829706,18081.785956829706,4865,6375,2.763222366569692,2.8041383426850084,0.04091597611531661,2.8363585814634833,2.8363585814634833,0.0,0.04091597611531661,
upos,upos_only,HESIODIC_TRADITION,c4c0c7eaeca0d61d2e53f4f0642bfa382e91dd28b470d2f4da2ba8539fe0e7f7,5,all,6375,17613.48253082093,17857.62769129043,18075.452355217367,18075.452355217367,4819,6375,2.76289922052093,2.801196500594577,0.038297280073646967,2.8353650753282142,2.8353650753282142,0.0,0.038297280073646967,
upos,upos_only,HESIODIC_TRADITION,c4c0c7eaeca0d61d2e53f4f0642bfa382e91dd28b470d2f4da2ba8539fe0e7f7,6,all,6375,17684.049436557354,17884.731610657636,18104.34487773498,18104.34487773498,4773,6375,2.77396853906782,2.805448095789433,0.031479556721612845,2.839897235723134,2.839897235723134,0.0,0.031479556721612845,
upos,upos_only,HESIODIC_TRADITION,c4c0c7eaeca0d61d2e53f4f0642bfa382e91dd28b470d2f4da2ba8539fe0e7f7,7,all,6375,17647.791415850093,17863.840414556726,18117.049595573575,18117.04959557358,4807,6375,2.768281006407858,2.8021710454206628,0.03389003901280496,2.841890132638992,2.841890132638993,8.881784197001252e-16,0.033890039012804074,
upos,upos_only,HESIODIC_TRADITION,c4c0c7eaeca0d61d2e53f4f0642bfa382e91dd28b470d2f4da2ba8539fe0e7f7,8,all,6375,17608.173794056624,17872.449565901785,18119.254632893088,18119.254632893088,4853,6375,2.7620664774990784,2.803521500533613,0.041455023034534744,2.8422360208459745,2.8422360208459745,0.0,0.041455023034534744,
upos,upos_only,HESIODIC_TRADITION,c4c0c7eaeca0d61d2e53f4f0642bfa382e91dd28b470d2f4da2ba8539fe0e7f7,9,all,6375,17616.257173191945,17862.138120112788,18045.905811120538,18045.905811120538,4807,6375,2.763334458539913,2.8019040188412214,0.038569560301308314,2.8307303233130257,2.8307303233130257,0.0,0.038569560301308314,
upos,upos_only,HOMERIC_TRADITION,209ee9f27c82f31d31eb16124569039d7847ed327f3a0f2b5c4eae048347e621,0,all,46634,129038.27365898462,131826.09698309886,134164.78102305913,134164.78102305913,36067,46634,2.7670427940769526,2.826823711950484,0.05978091787353135,2.8769734747836155,2.8769734747836155,0.0,0.05978091787353135,
upos,upos_only,HOMERIC_TRADITION,209ee9f27c82f31d31eb16124569039d7847ed327f3a0f2b5c4eae048347e621,1,all,46634,129171.86143645107,131823.94187479393,134158.6169152066,134158.6169152066,36237,46634,2.769907394528693,2.8267774987089664,0.05687010418027327,2.876841294231818,2.876841294231818,0.0,0.05687010418027327,
upos,upos_only,HOMERIC_TRADITION,209ee9f27c82f31d31eb16124569039d7847ed327f3a0f2b5c4eae048347e621,2,all,46634,129427.61938079112,131847.56237645572,133942.44572929622,133942.44572929622,36208,46634,2.775391760963913,2.8272840068717184,0.05189224590780528,2.872205809694562,2.872205809694562,0.0,0.05189224590780528,
upos,upos_only,HOMERIC_TRADITION,209ee9f27c82f31d31eb16124569039d7847ed327f3a0f2b5c4eae048347e621,3,all,46634,129059.85931076412,131768.88210557963,133971.6167654266,133971.6167654266,36371,46634,2.767505667769527,2.8255968200364463,0.05809115226691919,2.87283134119798,2.87283134119798,0.0,0.05809115226691919,
upos,upos_only,HOMERIC_TRADITION,209ee9f27c82f31d31eb16124569039d7847ed327f3a0f2b5c4eae048347e621,4,all,46634,129208.6077980294,131901.10642060658,134198.33809826974,134198.33809826974,36151,46634,2.7706953681440454,2.828432182969648,0.05773681482560278,2.8776930586754244,2.8776930586754244,0.0,0.05773681482560278,
upos,upos_only,HOMERIC_TRADITION,209ee9f27c82f31d31eb16124569039d7847ed327f3a0f2b5c4eae048347e621,5,all,46634,129239.58938607093,131870.19426012688,134071.30065470963,134071.30065470963,36168,46634,2.771359724365719,2.8277693155235855,0.05640959115786659,2.8749689208455127,2.8749689208455127,0.0,0.05640959115786659,
upos,upos_only,HOMERIC_TRADITION,209ee9f27c82f31d31eb16124569039d7847ed327f3a0f2b5c4eae048347e621,6,all,46634,129267.98153833883,131884.08027542895,134069.12854152956,134069.12854152956,36263,46634,2.771968553809213,2.8280670814304787,0.05609852762126577,2.8749223429585613,2.8749223429585613,0.0,0.05609852762126577,
upos,upos_only,HOMERIC_TRADITION,209ee9f27c82f31d31eb16124569039d7847ed327f3a0f2b5c4eae048347e621,7,all,46634,129275.51562221572,131897.5207026171,134102.30508462767,134102.30508462767,36216,46634,2.772130111554139,2.828355292332142,0.05622518077800276,2.875633766878837,2.875633766878837,0.0,0.05622518077800276,
upos,upos_only,HOMERIC_TRADITION,209ee9f27c82f31d31eb16124569039d7847ed327f3a0f2b5c4eae048347e621,8,all,46634,129160.7729639655,131911.056346701,134353.95272734563,134353.95272734563,36208,46634,2.7696696179604046,2.8286455450251102,0.05897592706470567,2.881029993724442,2.881029993724442,0.0,0.05897592706470567,
upos,upos_only,HOMERIC_TRADITION,209ee9f27c82f31d31eb16124569039d7847ed327f3a0f2b5c4eae048347e621,9,all,46634,129193.94097899762,131902.88906512968,134124.39057505236,134124.39057505236,36065,46634,2.7703808590083976,2.828470409253542,0.058089550245144395,2.8761073589023534,2.8761073589023534,0.0,0.058089550245144395,
upos,upos_only,PLUTARCH,ef8134329970f595ef9ccf4198217affef5c01fa243d5bf4e59ee6daebb04e1d,0,all,6901,18743.03934659993,20832.674384518697,20755.62504911483,20755.765576933256,5686,6901,2.715988892421378,3.0187906657757857,0.3028017733544077,3.0076257135364197,3.0076460769356985,2.0363399278799932e-05,0.3027814099551289,
upos,upos_only,PLUTARCH,ef8134329970f595ef9ccf4198217affef5c01fa243d5bf4e59ee6daebb04e1d,1,all,6901,18759.656767296943,20810.12438979477,20714.197598770425,20714.197598770425,5654,6901,2.718396865279951,3.0155230241696525,0.2971261588897014,3.001622605241331,3.001622605241331,0.0,0.2971261588897014,
upos,upos_only,PLUTARCH,ef8134329970f595ef9ccf4198217affef5c01fa243d5bf4e59ee6daebb04e1d,2,all,6901,18775.69824017308,20822.603091823505,20744.990410784154,20744.99041078416,5668,6901,2.7207213795352962,3.017331269645487,0.29660989011019057,3.0060846849419147,3.006084684941916,1.3322676295501878e-15,0.29660989011018923,
upos,upos_only,PLUTARCH,ef8134329970f595ef9ccf4198217affef5c01fa243d5bf4e59ee6daebb04e1d,3,all,6901,18759.533545499482,20811.566652091635,20794.060769104166,20794.060769104166,5698,6901,2.7183790096362097,3.0157320174020628,0.29735300776585305,3.0131953005512484,3.0131953005512484,0.0,0.29735300776585305,
upos,upos_only,PLUTARCH,ef8134329970f595ef9ccf4198217affef5c01fa243d5bf4e59ee6daebb04e1d,4,all,6901,18743.09341452403,20813.56802577045,20733.79199061371,20733.79199061371,5686,6901,2.71599672721693,3.01602202952767,0.3000253023107402,3.004461960674353,3.004461960674353,0.0,0.3000253023107402,
upos,upos_only,PLUTARCH,ef8134329970f595ef9ccf4198217affef5c01fa243d5bf4e59ee6daebb04e1d,5,all,6901,18769.780207617783,20828.504160239434,20744.80862176746,20744.80862176746,5648,6901,2.719863817942006,3.0181863730241174,0.2983225550821116,3.006058342525353,3.006058342525353,0.0,0.2983225550821116,
upos,upos_only,PLUTARCH,ef8134329970f595ef9ccf4198217affef5c01fa243d5bf4e59ee6daebb04e1d,6,all,6901,18720.297878994395,20815.365197630068,20695.02704778233,20695.02704778233,5637,6901,2.71269350514337,3.0162824514751585,0.30358894633178846,2.9988446671181466,2.9988446671181466,0.0,0.30358894633178846,
upos,upos_only,PLUTARCH,ef8134329970f595ef9ccf4198217affef5c01fa243d5bf4e59ee6daebb04e1d,7,all,6901,18727.401126101155,20814.278316844462,20706.153758847562,20706.153758847562,5671,6901,2.713722812070882,3.016124955346249,0.30240214327536696,3.000457000267724,3.000457000267724,0.0,0.30240214327536696,
upos,upos_only,PLUTARCH,ef8134329970f595ef9ccf4198217affef5c01fa243d5bf4e59ee6daebb04e1d,8,all,6901,18757.625784070373,20819.68005588423,20686.757061152908,20686.757061152908,5655,6901,2.7181025625373674,3.0169077026350135,0.29880514009764614,2.997646292008826,2.997646292008826,0.0,0.29880514009764614,
upos,upos_only,PLUTARCH,ef8134329970f595ef9ccf4198217affef5c01fa243d5bf4e59ee6daebb04e1d,9,all,6901,18747.291869302786,20818.49960259164,20655.9431131584,20655.94311315941,5676,6901,2.7166051107524685,3.0167366472383192,0.3001315364858508,2.9931811495664973,2.993181149566644,1.4654943925052066e-13,0.30013153648570423,
upos,upos_only,THUCYDIDES,1a32cf6857284fff7c7f006f8d0cd4ab15a047af7a4bcd5613d1fd50789dd4ee,0,all,7227,20265.105520202556,22033.14841596418,21935.38338910082,21935.38338910082,5887,7227,2.8040826788712545,3.0487267768042314,0.24464409793297692,3.035199029901871,3.035199029901871,0.0,0.24464409793297692,
upos,upos_only,THUCYDIDES,1a32cf6857284fff7c7f006f8d0cd4ab15a047af7a4bcd5613d1fd50789dd4ee,1,all,7227,20282.218773201454,22040.214483189775,21954.985256441218,21954.985256441218,5938,7227,2.8064506397123914,3.0497045085360144,0.243253868823623,3.037911340312885,3.037911340312885,0.0,0.243253868823623,
upos,upos_only,THUCYDIDES,1a32cf6857284fff7c7f006f8d0cd4ab15a047af7a4bcd5613d1fd50789dd4ee,2,all,7227,20311.584832787383,22029.22470625699,21915.411446590748,21915.411446590748,5988,7227,2.8105140214179305,3.0481838530866185,0.23766983166868805,3.032435512189117,3.032435512189117,0.0,0.23766983166868805,
upos,upos_only,THUCYDIDES,1a32cf6857284fff7c7f006f8d0cd4ab15a047af7a4bcd5613d1fd50789dd4ee,3,all,7227,20288.67587718465,22035.119169378086,21904.520586216804,21904.520586216804,5979,7227,2.807344109199481,3.0489994699568403,0.24165536075735927,3.0309285438241047,3.0309285438241047,0.0,0.24165536075735927,
upos,upos_only,THUCYDIDES,1a32cf6857284fff7c7f006f8d0cd4ab15a047af7a4bcd5613d1fd50789dd4ee,4,all,7227,20218.07320473815,22036.48998583755,21883.937885311225,21883.937885316485,5959,7227,2.797574817315366,3.0491891498322334,0.2516143325168674,3.0280805154713195,3.0280805154720474,7.278622149442526e-13,0.2516143325161395,
upos,upos_only,THUCYDIDES,1a32cf6857284fff7c7f006f8d0cd4ab15a047af7a4bcd5613d1fd50789dd4ee,5,all,7227,20265.337844260303,22039.34634451031,21881.95001861886,21881.95001861886,5934,7227,2.8041148255514465,3.0495843841857355,0.245469558634289,3.027805454354346,3.027805454354346,0.0,0.245469558634289,
upos,upos_only,THUCYDIDES,1a32cf6857284fff7c7f006f8d0cd4ab15a047af7a4bcd5613d1fd50789dd4ee,6,all,7227,20321.128945760534,22037.649818526497,21890.03231900478,21890.032319005277,5987,7227,2.8118346403432315,3.049349635883008,0.2375149955397764,3.0289238022699294,3.0289238022699982,6.88338275267597e-14,0.23751499553970756,
upos,upos_only,THUCYDIDES,1a32cf6857284fff7c7f006f8d0cd4ab15a047af7a4bcd5613d1fd50789dd4ee,7,all,7227,20263.910014386423,22047.354680629396,21922.649636400845,21922.649636400845,5965,7227,2.803917256729822,3.0506924976656147,0.24677524093579262,3.0334370605231555,3.0334370605231555,0.0,0.24677524093579262,
upos,upos_only,THUCYDIDES,1a32cf6857284fff7c7f006f8d0cd4ab15a047af7a4bcd5613d1fd50789dd4ee,8,all,7227,20280.425398346633,22045.286119445118,21930.52334478981,21930.523344803776,5946,7227,2.8062024904312484,3.0504062708516835,0.2442037804204351,3.0345265455638315,3.034526545565764,1.9326762412674725e-12,0.24420378041850244,
upos,upos_only,THUCYDIDES,1a32cf6857284fff7c7f006f8d0cd4ab15a047af7a4bcd5613d1fd50789dd4ee,9,all,7227,20311.187187638967,22046.552911707193,22000.938418880633,22000.938418880633,5925,7227,2.8104589992581936,3.0505815568987398,0.24012255764054613,3.044269879463212,3.044269879463212,0.0,0.24012255764054613,
