cell,variant,held_block,held_block_key,seed,doc_id,past_band,n,sum_loss_ctw_original,sum_loss_root_original,sum_loss_ctw_shuffled,sum_loss_root_shuffled,changed_symbol_eligible_slot_count,eligible_slot_count,ce_ctw_original,ce_root_original,g_original,ce_ctw_shuffled,ce_root_shuffled,g_shuffled,q,reason
C0,ud23,THUCYDIDES,1a32cf6857284fff7c7f006f8d0cd4ab15a047af7a4bcd5613d1fd50789dd4ee,0,tlg0003.tlg001.perseus-grc1.1.tb.xml,4_7,1989,8400.498518496157,9242.36468642842,9149.506856590688,9149.506856590688,1754,1989,4.223478390395252,4.646739409969039,0.42326101957378715,4.600053723776113,4.600053723776113,0.0,0.42326101957378715,
C0,ud23,THUCYDIDES,1a32cf6857284fff7c7f006f8d0cd4ab15a047af7a4bcd5613d1fd50789dd4ee,0,tlg0003.tlg001.perseus-grc1.1.tb.xml,ge8,5238,22859.73524426242,25097.410263021375,24291.665322824192,24291.665322824192,4725,5238,4.364210623188702,4.791410894047608,0.427200270858906,4.637584063158494,4.637584063158494,0.0,0.427200270858906,
C0,ud23,THUCYDIDES,1a32cf6857284fff7c7f006f8d0cd4ab15a047af7a4bcd5613d1fd50789dd4ee,1,tlg0003.tlg001.perseus-grc1.1.tb.xml,4_7,1989,8393.629171359493,9250.328674473392,9147.7814854163,9147.7814854163,1738,1989,4.220024721648815,4.650743426080137,0.4307187044313219,4.599186267177627,4.599186267177627,0.0,0.4307187044313219,
C0,ud23,THUCYDIDES,1a32cf6857284fff7c7f006f8d0cd4ab15a047af7a4bcd5613d1fd50789dd4ee,1,tlg0003.tlg001.perseus-grc1.1.tb.xml,ge8,5238,22883.628456346618,25108.53237749656,24248.14502918926,24248.14502918926,4737,5238,4.3687721375232185,4.793534245417441,0.42476210789422275,4.62927549239963,4.62927549239963,0.0,0.42476210789422275,
C0,ud23,THUCYDIDES,1a32cf6857284fff7c7f006f8d0cd4ab15a047af7a4bcd5613d1fd50789dd4ee,2,tlg0003.tlg001.perseus-grc1.1.tb.xml,4_7,1989,8381.716392942737,9240.499662541124,9116.870421100415,9116.870421100415,1766,1989,4.214035391122542,4.645801740845211,0.43176634972266825,4.583645259477333,4.583645259477333,0.0,0.43176634972266825,
C0,ud23,THUCYDIDES,1a32cf6857284fff7c7f006f8d0cd4ab15a047af7a4bcd5613d1fd50789dd4ee,2,tlg0003.tlg001.perseus-grc1.1.tb.xml,ge8,5238,22863.727554957677,25105.11595886757,24275.023921996974,24275.023921996974,4723,5238,4.36497280545202,4.792882008183957,0.42790920273193755,4.634407010690525,4.634407010690525,0.0,0.42790920273193755,
C0,ud23,THUCYDIDES,1a32cf6857284fff7c7f006f8d0cd4ab15a047af7a4bcd5613d1fd50789dd4ee,3,tlg0003.tlg001.perseus-grc1.1.tb.xml,4_7,1989,8383.42734977984,9247.521497341426,9128.356138030402,9128.356138030402,1769,1989,4.214895600693736,4.649332075083673,0.43443647438993693,4.589419878346105,4.589419878346105,0.0,0.43443647438993693,
C0,ud23,THUCYDIDES,1a32cf6857284fff7c7f006f8d0cd4ab15a047af7a4bcd5613d1fd50789dd4ee,3,tlg0003.tlg001.perseus-grc1.1.tb.xml,ge8,5238,22854.85939254124,25098.95806080405,24253.22918157502,24253.229181575025,4778,5238,4.363279761844452,4.791706388087829,0.42842662624337713,4.63024612095743,4.630246120957431,8.881784197001252e-16,0.42842662624337624,
C0,ud23,THUCYDIDES,1a32cf6857284fff7c7f006f8d0cd4ab15a047af7a4bcd5613d1fd50789dd4ee,4,tlg0003.tlg001.perseus-grc1.1.tb.xml,4_7,1989,8374.317449526405,9244.901774852158,9116.399558891928,9116.399558891928,1773,1989,4.210315459792059,4.648014969759758,0.4376995099676986,4.583408526340839,4.583408526340839,0.0,0.4376995099676986,
C0,ud23,THUCYDIDES,1a32cf6857284fff7c7f006f8d0cd4ab15a047af7a4bcd5613d1fd50789dd4ee,4,tlg0003.tlg001.perseus-grc1.1.tb.xml,ge8,5238,22888.924439552495,25114.115225128764,24231.22700026357,24231.22700026357,4727,5238,4.369783207245608,4.794600081162422,0.42481687391681344,4.626045628152648,4.626045628152648,0.0,0.42481687391681344,
C0,ud23,THUCYDIDES,1a32cf6857284fff7c7f006f8d0cd4ab15a047af7a4bcd5613d1fd50789dd4ee,5,tlg0003.tlg001.perseus-grc1.1.tb.xml,4_7,1989,8374.897737188978,9243.304079763348,9123.727102431714,9123.727102431716,1734,1989,4.210607208239808,4.647211704255077,0.43660449601526885,4.587092560297493,4.587092560297494,8.881784197001252e-16,0.43660449601526796,
C0,ud23,THUCYDIDES,1a32cf6857284fff7c7f006f8d0cd4ab15a047af7a4bcd5613d1fd50789dd4ee,5,tlg0003.tlg001.perseus-grc1.1.tb.xml,ge8,5238,22851.099111356554,25105.296429024416,24228.28584856907,24228.28584856907,4712,5238,4.362561876929468,4.792916462203974,0.43035458527450565,4.625484125347284,4.625484125347284,0.0,0.43035458527450565,
C0,ud23,THUCYDIDES,1a32cf6857284fff7c7f006f8d0cd4ab15a047af7a4bcd5613d1fd50789dd4ee,6,tlg0003.tlg001.perseus-grc1.1.tb.xml,4_7,1989,8396.95532482448,9248.206052861742,9171.129260395914,9171.129260395914,1764,1989,4.221696995889633,4.6496762457826755,0.4279792498930428,4.610924716136709,4.610924716136709,0.0,0.4279792498930428,
C0,ud23,THUCYDIDES,1a32cf6857284fff7c7f006f8d0cd4ab15a047af7a4bcd5613d1fd50789dd4ee,6,tlg0003.tlg001.perseus-grc1.1.tb.xml,ge8,5238,22895.71412233721,25112.650557835932,24129.375392383165,24129.375392383165,4752,5238,4.371079442981522,4.794320457777001,0.4232410147954795,4.606600876743636,4.606600876743636,0.0,0.4232410147954795,
C0,ud23,THUCYDIDES,1a32cf6857284fff7c7f006f8d0cd4ab15a047af7a4bcd5613d1fd50789dd4ee,7,tlg0003.tlg001.perseus-grc1.1.tb.xml,4_7,1989,8377.682577933881,9246.360659427253,9153.854296132646,9153.854296132646,1750,1989,4.212007329277969,4.648748446167549,0.4367411168895794,4.602239465124508,4.602239465124508,0.0,0.4367411168895794,
C0,ud23,THUCYDIDES,1a32cf6857284fff7c7f006f8d0cd4ab15a047af7a4bcd5613d1fd50789dd4ee,7,tlg0003.tlg001.perseus-grc1.1.tb.xml,ge8,5238,22866.88654875356,25120.672057819265,24144.706593664618,24144.706593664618,4758,5238,4.36557589705108,4.7958518628902755,0.43027596583919525,4.60952779565953,4.60952779565953,0.0,0.43027596583919525,
C0,ud23,THUCYDIDES,1a32cf6857284fff7c7f006f8d0cd4ab15a047af7a4bcd5613d1fd50789dd4ee,8,tlg0003.tlg001.perseus-grc1.1.tb.xml,4_7,1989,8383.634802801462,9244.110236127759,9129.112166376312,9129.112166376312,1746,1989,4.214999900855436,4.647617011627832,0.4326171107723962,4.58979998309518,4.58979998309518,0.0,0.4326171107723962,
C0,ud23,THUCYDIDES,1a32cf6857284fff7c7f006f8d0cd4ab15a047af7a4bcd5613d1fd50789dd4ee,8,tlg0003.tlg001.perseus-grc1.1.tb.xml,ge8,5238,22849.01064829339,25108.509859349746,24147.547038083285,24147.547038083285,4719,5238,4.36216316309534,4.793529946420341,0.431366783325001,4.610070072180848,4.610070072180848,0.0,0.431366783325001,
C0,ud23,THUCYDIDES,1a32cf6857284fff7c7f006f8d0cd4ab15a047af7a4bcd5613d1fd50789dd4ee,9,tlg0003.tlg001.perseus-grc1.1.tb.xml,4_7,1989,8386.508236668284,9246.140276810458,9151.668668488534,9151.668668488534,1755,1989,4.216444563433024,4.648637645455233,0.4321930820222093,4.6011406075859895,4.6011406075859895,0.0,0.4321930820222093,
C0,ud23,THUCYDIDES,1a32cf6857284fff7c7f006f8d0cd4ab15a047af7a4bcd5613d1fd50789dd4ee,9,tlg0003.tlg001.perseus-grc1.1.tb.xml,ge8,5238,22863.24791649454,25117.98534290466,24180.75373777647,24180.75373777647,4714,5238,4.364881236444166,4.79533893526244,0.430457698818274,4.616409648296386,4.616409648296386,0.0,0.430457698818274,
C0,ud23,THUCYDIDES,1a32cf6857284fff7c7f006f8d0cd4ab15a047af7a4bcd5613d1fd50789dd4ee,10,tlg0003.tlg001.perseus-grc1.1.tb.xml,4_7,1989,8374.420807051445,9247.234337487944,9121.537332075062,9121.537332075062,1744,1989,4.210367424359701,4.649187701100022,0.4388202767403211,4.585991619947241,4.585991619947241,0.0,0.4388202767403211,
C0,ud23,THUCYDIDES,1a32cf6857284fff7c7f006f8d0cd4ab15a047af7a4bcd5613d1fd50789dd4ee,10,tlg0003.tlg001.perseus-grc1.1.tb.xml,ge8,5238,22850.869116841703,25111.14971114544,24392.518735059322,24392.518735059322,4754,5238,4.362517968087381,4.79403392729008,0.4315159592026987,4.656838246479443,4.656838246479443,0.0,0.4315159592026987,
C0,ud23,THUCYDIDES,1a32cf6857284fff7c7f006f8d0cd4ab15a047af7a4bcd5613d1fd50789dd4ee,11,tlg0003.tlg001.perseus-grc1.1.tb.xml,4_7,1989,8386.90237390079,9245.490958561832,9187.763243776555,9187.763243776555,1758,1989,4.216642721920961,4.6483111908304835,0.43166846890952293,4.619287704261717,4.619287704261717,0.0,0.43166846890952293,
C0,ud23,THUCYDIDES,1a32cf6857284fff7c7f006f8d0cd4ab15a047af7a4bcd5613d1fd50789dd4ee,11,tlg0003.tlg001.perseus-grc1.1.tb.xml,ge8,5238,22843.834969417978,25110.298836175563,24212.140018121314,24212.140018121314,4725,5238,4.361175060980904,4.7938714845696,0.43269642358869564,4.622401683490133,4.622401683490133,0.0,0.43269642358869564,
C0,ud23,THUCYDIDES,1a32cf6857284fff7c7f006f8d0cd4ab15a047af7a4bcd5613d1fd50789dd4ee,12,tlg0003.tlg001.perseus-grc1.1.tb.xml,4_7,1989,8385.625858795587,9246.595281272464,9069.602612437071,9069.602612437071,1761,1989,4.216000934537751,4.648866405868509,0.43286547133075803,4.559880649792394,4.559880649792394,0.0,0.43286547133075803,
C0,ud23,THUCYDIDES,1a32cf6857284fff7c7f006f8d0cd4ab15a047af7a4bcd5613d1fd50789dd4ee,12,tlg0003.tlg001.perseus-grc1.1.tb.xml,ge8,5238,22853.81812512911,25100.969023857164,24220.57227279237,24220.57227279237,4752,5238,4.363080970815027,4.792090306196481,0.4290093353814539,4.624011506833213,4.624011506833213,0.0,0.4290093353814539,
C0,ud23,THUCYDIDES,1a32cf6857284fff7c7f006f8d0cd4ab15a047af7a4bcd5613d1fd50789dd4ee,13,tlg0003.tlg001.perseus-grc1.1.tb.xml,4_7,1989,8370.424165403516,9242.921975974043,9023.530061878773,9023.530061878773,1737,1989,4.20835805198769,4.647019595763722,0.43866154377603195,4.536716974298026,4.536716974298026,0.0,0.43866154377603195,
C0,ud23,THUCYDIDES,1a32cf6857284fff7c7f006f8d0cd4ab15a047af7a4bcd5613d1fd50789dd4ee,13,tlg0003.tlg001.perseus-grc1.1.tb.xml,ge8,5238,22860.299885026532,25109.747749272712,24138.27342775152,24138.27342775152,4714,5238,4.364318420203614,4.793766275157066,0.4294478549534517,4.608299623472989,4.608299623472989,0.0,0.4294478549534517,
C0,ud23,THUCYDIDES,1a32cf6857284fff7c7f006f8d0cd4ab15a047af7a4bcd5613d1fd50789dd4ee,14,tlg0003.tlg001.perseus-grc1.1.tb.xml,4_7,1989,8415.256484557784,9247.185032770349,9172.798018761567,9172.798018761567,1773,1989,4.2308981822814395,4.649162912403393,0.41826473012195375,4.611763709784599,4.611763709784599,0.0,0.41826473012195375,
C0,ud23,THUCYDIDES,1a32cf6857284fff7c7f006f8d0cd4ab15a047af7a4bcd5613d1fd50789dd4ee,14,tlg0003.tlg001.perseus-grc1.1.tb.xml,ge8,5238,22873.48810463384,25110.051584287867,24259.28728756484,24259.28728756484,4751,5238,4.366836216997679,4.7938242810782485,0.4269880640805699,4.631402689493097,4.631402689493097,0.0,0.4269880640805699,
C0,ud23,THUCYDIDES,1a32cf6857284fff7c7f006f8d0cd4ab15a047af7a4bcd5613d1fd50789dd4ee,15,tlg0003.tlg001.perseus-grc1.1.tb.xml,4_7,1989,8385.691296117495,9241.58020897495,9126.303710159786,9126.303710159786,1762,1989,4.216033834146553,4.6463450019984665,0.43031116785191337,4.5883879890195,4.5883879890195,0.0,0.43031116785191337,
C0,ud23,THUCYDIDES,1a32cf6857284fff7c7f006f8d0cd4ab15a047af7a4bcd5613d1fd50789dd4ee,15,tlg0003.tlg001.perseus-grc1.1.tb.xml,ge8,5238,22851.668942747903,25097.916113570773,24184.56058158992,24184.56058158992,4734,5238,4.3626706649003255,4.791507467272007,0.42883680237168154,4.617136422602123,4.617136422602123,0.0,0.42883680237168154,
C0,ud23,THUCYDIDES,1a32cf6857284fff7c7f006f8d0cd4ab15a047af7a4bcd5613d1fd50789dd4ee,16,tlg0003.tlg001.perseus-grc1.1.tb.xml,4_7,1989,8398.590130556746,9249.534376159692,9129.566525240876,9129.566525240876,1775,1989,4.222518919334714,4.650344080522721,0.4278251611880073,4.590028418924523,4.590028418924523,0.0,0.4278251611880073,
C0,ud23,THUCYDIDES,1a32cf6857284fff7c7f006f8d0cd4ab15a047af7a4bcd5613d1fd50789dd4ee,16,tlg0003.tlg001.perseus-grc1.1.tb.xml,ge8,5238,22879.708872795636,25108.988096729037,24130.27555105668,24130.27555105668,4733,5238,4.368023839785345,4.793621247943688,0.42559740815834246,4.606772728342245,4.606772728342245,0.0,0.42559740815834246,
C0,ud23,THUCYDIDES,1a32cf6857284fff7c7f006f8d0cd4ab15a047af7a4bcd5613d1fd50789dd4ee,17,tlg0003.tlg001.perseus-grc1.1.tb.xml,4_7,1989,8392.10074404027,9247.906402491577,9094.422475557198,9094.422475557198,1775,1989,4.2192562815687635,4.649525592001798,0.43026931043303485,4.572359213452588,4.572359213452588,0.0,0.43026931043303485,
C0,ud23,THUCYDIDES,1a32cf6857284fff7c7f006f8d0cd4ab15a047af7a4bcd5613d1fd50789dd4ee,17,tlg0003.tlg001.perseus-grc1.1.tb.xml,ge8,5238,22869.173516489904,25111.489378512266,24302.381641911823,24302.381641911823,4742,5238,4.366012507920944,4.794098774057325,0.4280862661363809,4.639629943091222,4.639629943091222,0.0,0.4280862661363809,
C0,ud23,THUCYDIDES,1a32cf6857284fff7c7f006f8d0cd4ab15a047af7a4bcd5613d1fd50789dd4ee,18,tlg0003.tlg001.perseus-grc1.1.tb.xml,4_7,1989,8394.279368260579,9243.755178012372,9027.652607244167,9027.652607244167,1763,1989,4.220351618029452,4.6474385007603685,0.4270868827309169,4.538789646678817,4.538789646678817,0.0,0.4270868827309169,
C0,ud23,THUCYDIDES,1a32cf6857284fff7c7f006f8d0cd4ab15a047af7a4bcd5613d1fd50789dd4ee,18,tlg0003.tlg001.perseus-grc1.1.tb.xml,ge8,5238,22854.151884138817,25103.41909208574,24272.34235142315,24272.34235142315,4724,5238,4.363144689602676,4.792558054999187,0.42941336539651065,4.633895065181968,4.633895065181968,0.0,0.42941336539651065,
C0,ud23,THUCYDIDES,1a32cf6857284fff7c7f006f8d0cd4ab15a047af7a4bcd5613d1fd50789dd4ee,19,tlg0003.tlg001.perseus-grc1.1.tb.xml,4_7,1989,8376.968383043857,9239.799481243144,9086.87093862191,9086.87093862191,1763,1989,4.211648256935072,4.645449714048841,0.43380145711376894,4.568562563409709,4.568562563409709,0.0,0.43380145711376894,
C0,ud23,THUCYDIDES,1a32cf6857284fff7c7f006f8d0cd4ab15a047af7a4bcd5613d1fd50789dd4ee,19,tlg0003.tlg001.perseus-grc1.1.tb.xml,ge8,5238,22821.56738118192,25101.30089723555,24230.929003732632,24230.929003732632,4736,5238,4.356923898660161,4.792153664993423,0.43522976633326227,4.625988736871445,4.625988736871445,0.0,0.43522976633326227,
C0,ud23,HOMERIC_TRADITION,209ee9f27c82f31d31eb16124569039d7847ed327f3a0f2b5c4eae048347e621,0,tlg0012.tlg001.perseus-grc1.tb.xml,4_7,19783,88518.89120312483,93607.16703553661,92913.43898590676,92913.43898590676,17103,19783,4.474492807113422,4.7316972671251385,0.2572044600117165,4.696630389016163,4.696630389016163,0.0,0.2572044600117165,
C0,ud23,HOMERIC_TRADITION,209ee9f27c82f31d31eb16124569039d7847ed327f3a0f2b5c4eae048347e621,0,tlg0012.tlg001.perseus-grc1.tb.xml,ge8,25732,118802.37917085881,125590.48117808266,121964.62466073314,121964.62466073314,22984,25732,4.616911983944458,4.88071199977004,0.26380001582558155,4.739803538812884,4.739803538812884,0.0,0.26380001582558155,
C0,ud23,HOMERIC_TRADITION,209ee9f27c82f31d31eb16124569039d7847ed327f3a0f2b5c4eae048347e621,0,tlg0013.tlg002.perseus-grc1.tb.xml,4_7,458,2083.590652196568,2186.508743290267,2163.764937244695,2163.764937244695,390,458,4.549324568114778,4.774036557402329,0.22471198928755154,4.7243775922373255,4.7243775922373255,0.0,0.22471198928755154,
C0,ud23,HOMERIC_TRADITION,209ee9f27c82f31d31eb16124569039d7847ed327f3a0f2b5c4eae048347e621,0,tlg0013.tlg002.perseus-grc1.tb.xml,ge8,661,2982.12110387533,3204.8428360384723,3240.5780487502857,3240.5780487502857,593,661,4.511529657905189,4.848476302630064,0.33694664472487457,4.902538651664577,4.902538651664577,0.0,0.33694664472487457,
C0,ud23,HOMERIC_TRADITION,209ee9f27c82f31d31eb16124569039d7847ed327f3a0f2b5c4eae048347e621,1,tlg0012.tlg001.perseus-grc1.tb.xml,4_7,19783,88560.32736308812,93657.52655957564,92852.55311708605,92852.55311708605,17162,19783,4.476587340802109,4.734242863042796,0.2576555222406878,4.693552702678363,4.693552702678363,0.0,0.2576555222406878,
C0,ud23,HOMERIC_TRADITION,209ee9f27c82f31d31eb16124569039d7847ed327f3a0f2b5c4eae048347e621,1,tlg0012.tlg001.perseus-grc1.tb.xml,ge8,25732,118768.64092549098,125604.67196804374,121950.70900914037,121950.70900914037,23019,25732,4.6156008442985765,4.881263483912783,0.2656626396142068,4.739262747129659,4.739262747129659,0.0,0.2656626396142068,
C0,ud23,HOMERIC_TRADITION,209ee9f27c82f31d31eb16124569039d7847ed327f3a0f2b5c4eae048347e621,1,tlg0013.tlg002.perseus-grc1.tb.xml,4_7,458,2074.3029870934874,2189.22219778521,2195.280218786443,2195.280218786443,402,458,4.529045823348226,4.779961130535393,0.25091530718716726,4.7931882506254215,4.7931882506254215,0.0,0.25091530718716726,
C0,ud23,HOMERIC_TRADITION,209ee9f27c82f31d31eb16124569039d7847ed327f3a0f2b5c4eae048347e621,1,tlg0013.tlg002.perseus-grc1.tb.xml,ge8,661,2970.3077150216695,3205.840145331772,3210.151673745639,3210.151673745639,591,661,4.493657662665158,4.849985091273482,0.3563274286083242,4.856507827149227,4.856507827149227,0.0,0.3563274286083242,
C0,ud23,HOMERIC_TRADITION,209ee9f27c82f31d31eb16124569039d7847ed327f3a0f2b5c4eae048347e621,2,tlg0012.tlg001.perseus-grc1.tb.xml,4_7,19783,88457.97431011547,93604.5543969444,93070.73150804681,93070.73150804681,17170,19783,4.471413552550952,4.731565202292089,0.2601516497411369,4.704581282315464,4.704581282315464,0.0,0.2601516497411369,
C0,ud23,HOMERIC_TRADITION,209ee9f27c82f31d31eb16124569039d7847ed327f3a0f2b5c4eae048347e621,2,tlg0012.tlg001.perseus-grc1.tb.xml,ge8,25732,118714.67734607622,125613.51000164931,121649.51354909243,121649.51354909243,22991,25732,4.613503705350389,4.881606948610653,0.26810324326026347,4.727557653858714,4.727557653858714,0.0,0.26810324326026347,
C0,ud23,HOMERIC_TRADITION,209ee9f27c82f31d31eb16124569039d7847ed327f3a0f2b5c4eae048347e621,2,tlg0013.tlg002.perseus-grc1.tb.xml,4_7,458,2065.134685930351,2187.9510084462313,2185.707235038482,2185.707235038482,387,458,4.509027698537885,4.777185607961203,0.2681579094233184,4.772286539385331,4.772286539385331,0.0,0.2681579094233184,
C0,ud23,HOMERIC_TRADITION,209ee9f27c82f31d31eb16124569039d7847ed327f3a0f2b5c4eae048347e621,2,tlg0013.tlg002.perseus-grc1.tb.xml,ge8,661,2976.736673395782,3206.7046764075117,3169.991649060256,3169.991649060256,591,661,4.503383772157007,4.851293005155085,0.3479092329980782,4.795751360151673,4.795751360151673,0.0,0.3479092329980782,
C0,ud23,HOMERIC_TRADITION,209ee9f27c82f31d31eb16124569039d7847ed327f3a0f2b5c4eae048347e621,3,tlg0012.tlg001.perseus-grc1.tb.xml,4_7,19783,88520.3532225142,93602.1212346708,93071.42833211935,93071.42833211935,17244,19783,4.474566709928434,4.731442209708882,0.2568754997804481,4.704616505692734,4.704616505692734,0.0,0.2568754997804481,
C0,ud23,HOMERIC_TRADITION,209ee9f27c82f31d31eb16124569039d7847ed327f3a0f2b5c4eae048347e621,3,tlg0012.tlg001.perseus-grc1.tb.xml,ge8,25732,118752.60978324352,125605.96900626677,121717.45140526115,121717.45140526115,23033,25732,4.614977840169575,4.88131388956423,0.2663360493946545,4.730197862788013,4.730197862788013,0.0,0.2663360493946545,
C0,ud23,HOMERIC_TRADITION,209ee9f27c82f31d31eb16124569039d7847ed327f3a0f2b5c4eae048347e621,3,tlg0013.tlg002.perseus-grc1.tb.xml,4_7,458,2070.346905732457,2188.3046213780253,2180.000214951704,2180.000214951704,391,458,4.5204080911189015,4.777957688598309,0.2575495974794073,4.759825796837782,4.759825796837782,0.0,0.2575495974794073,
C0,ud23,HOMERIC_TRADITION,209ee9f27c82f31d31eb16124569039d7847ed327f3a0f2b5c4eae048347e621,3,tlg0013.tlg002.perseus-grc1.tb.xml,ge8,661,2978.823394423521,3206.616658115416,3226.0685481348896,3226.0685481348896,585,661,4.506540687478852,4.851159845862959,0.3446191583841074,4.880587818660953,4.880587818660953,0.0,0.3446191583841074,
C0,ud23,HOMERIC_TRADITION,209ee9f27c82f31d31eb16124569039d7847ed327f3a0f2b5c4eae048347e621,4,tlg0012.tlg001.perseus-grc1.tb.xml,4_7,19783,88484.51427280408,93615.42469547597,93480.71554996172,93480.71554996172,17141,19783,4.472755106546231,4.7321146790413975,0.2593595724951667,4.7253053404418806,4.7253053404418806,0.0,0.2593595724951667,
C0,ud23,HOMERIC_TRADITION,209ee9f27c82f31d31eb16124569039d7847ed327f3a0f2b5c4eae048347e621,4,tlg0012.tlg001.perseus-grc1.tb.xml,ge8,25732,118847.37832922579,125634.40514804581,121610.29198831093,121610.29198831093,22948,25732,4.618660746511184,4.882418978238995,0.2637582317278113,4.726033420966537,4.726033420966537,0.0,0.2637582317278113,
C0,ud23,HOMERIC_TRADITION,209ee9f27c82f31d31eb16124569039d7847ed327f3a0f2b5c4eae048347e621,4,tlg0013.tlg002.perseus-grc1.tb.xml,4_7,458,2069.5956691197207,2186.514046268945,2207.756763641416,2207.756763641416,400,458,4.5187678365059405,4.774048135958395,0.2552802994524548,4.82042961493759,4.82042961493759,0.0,0.2552802994524548,
C0,ud23,HOMERIC_TRADITION,209ee9f27c82f31d31eb16124569039d7847ed327f3a0f2b5c4eae048347e621,4,tlg0013.tlg002.perseus-grc1.tb.xml,ge8,661,2970.1072476616946,3206.05392696648,3209.18365875151,3209.18365875151,593,661,4.493354383754455,4.850308512808593,0.35695412905413804,4.855043356658865,4.855043356658865,0.0,0.35695412905413804,
C0,ud23,HOMERIC_TRADITION,209ee9f27c82f31d31eb16124569039d7847ed327f3a0f2b5c4eae048347e621,5,tlg0012.tlg001.perseus-grc1.tb.xml,4_7,19783,88588.72652635362,93640.40188531044,93194.62270724951,93194.62270724951,17195,19783,4.478022874506072,4.73337723729012,0.2553543627840478,4.710843790489284,4.710843790489284,0.0,0.2553543627840478,
C0,ud23,HOMERIC_TRADITION,209ee9f27c82f31d31eb16124569039d7847ed327f3a0f2b5c4eae048347e621,5,tlg0012.tlg001.perseus-grc1.tb.xml,ge8,25732,118862.59175353519,125649.88737198178,122039.02693179906,122039.02693179906,22896,25732,4.619251972389834,4.883020650240237,0.26376867785040314,4.7426949685916,4.7426949685916,0.0,0.26376867785040314,
C0,ud23,HOMERIC_TRADITION,209ee9f27c82f31d31eb16124569039d7847ed327f3a0f2b5c4eae048347e621,5,tlg0013.tlg002.perseus-grc1.tb.xml,4_7,458,2073.766338517826,2186.478708542308,2191.077096920569,2191.077096920569,396,458,4.527874101567306,4.773970979350017,0.24609687778271105,4.784011128647531,4.784011128647531,0.0,0.24609687778271105,
C0,ud23,HOMERIC_TRADITION,209ee9f27c82f31d31eb16124569039d7847ed327f3a0f2b5c4eae048347e621,5,tlg0013.tlg002.perseus-grc1.tb.xml,ge8,661,2972.3500523617377,3204.8725241111333,3234.9911912676885,3234.9911912676885,593,661,4.496747431712159,4.8485212165070095,0.3517737847948501,4.894086522341435,4.894086522341435,0.0,0.3517737847948501,
C0,ud23,HOMERIC_TRADITION,209ee9f27c82f31d31eb16124569039d7847ed327f3a0f2b5c4eae048347e621,6,tlg0012.tlg001.perseus-grc1.tb.xml,4_7,19783,88545.0828496837,93656.92144750059,93170.5923426151,93170.5923426151,17240,19783,4.475816754267993,4.734212275564909,0.258395521296916,4.709629092787499,4.709629092787499,0.0,0.258395521296916,
C0,ud23,HOMERIC_TRADITION,209ee9f27c82f31d31eb16124569039d7847ed327f3a0f2b5c4eae048347e621,6,tlg0012.tlg001.perseus-grc1.tb.xml,ge8,25732,118773.54351202051,125626.53703849135,121576.77164103129,121576.77164103129,22902,25732,4.6157913691909105,4.882113206843283,0.26632183765237283,4.724730749301698,4.724730749301698,0.0,0.26632183765237283,
C0,ud23,HOMERIC_TRADITION,209ee9f27c82f31d31eb16124569039d7847ed327f3a0f2b5c4eae048347e621,6,tlg0013.tlg002.perseus-grc1.tb.xml,4_7,458,2069.4627068404798,2186.660259274904,2195.3305013756885,2195.3305013756885,391,458,4.518477525852576,4.774367378329485,0.2558898524769093,4.793298037938184,4.793298037938184,0.0,0.2558898524769093,
C0,ud23,HOMERIC_TRADITION,209ee9f27c82f31d31eb16124569039d7847ed327f3a0f2b5c4eae048347e621,6,tlg0013.tlg002.perseus-grc1.tb.xml,ge8,661,2975.1006690025633,3203.879090199787,3178.4335868263865,3178.433586826387,585,661,4.500908727689203,4.847018290771236,0.3461095630820328,4.808522824245668,4.808522824245669,8.881784197001252e-16,0.3461095630820319,
C0,ud23,HOMERIC_TRADITION,209ee9f27c82f31d31eb16124569039d7847ed327f3a0f2b5c4eae048347e621,7,tlg0012.tlg001.perseus-grc1.tb.xml,4_7,19783,88623.52696562636,93662.88716234287,93223.90853608218,93223.90853608218,17231,19783,4.4797819827946395,4.734513833207444,0.25473185041280466,4.712324143763948,4.712324143763948,0.0,0.25473185041280466,
C0,ud23,HOMERIC_TRADITION,209ee9f27c82f31d31eb16124569039d7847ed327f3a0f2b5c4eae048347e621,7,tlg0012.tlg001.perseus-grc1.tb.xml,ge8,25732,118907.02906260178,125678.415783008,121760.45858977493,121760.45858977493,22958,25732,4.620978900303194,4.8841293246932995,0.2631504243901057,4.73186921303338,4.73186921303338,0.0,0.2631504243901057,
C0,ud23,HOMERIC_TRADITION,209ee9f27c82f31d31eb16124569039d7847ed327f3a0f2b5c4eae048347e621,7,tlg0013.tlg002.perseus-grc1.tb.xml,4_7,458,2077.0342247122967,2186.5078492305665,2157.657836855385,2157.657836855385,400,458,4.535009224262657,4.774034605306914,0.2390253810442573,4.711043311911321,4.711043311911321,0.0,0.2390253810442573,
C0,ud23,HOMERIC_TRADITION,209ee9f27c82f31d31eb16124569039d7847ed327f3a0f2b5c4eae048347e621,7,tlg0013.tlg002.perseus-grc1.tb.xml,ge8,661,2969.5134921603785,3204.6573574581003,3200.1283264433077,3200.1283264433077,606,661,4.492456115219937,4.84819569963404,0.3557395844141027,4.841343912924823,4.841343912924823,0.0,0.3557395844141027,
C0,ud23,HOMERIC_TRADITION,209ee9f27c82f31d31eb16124569039d7847ed327f3a0f2b5c4eae048347e621,8,tlg0012.tlg001.perseus-grc1.tb.xml,4_7,19783,88561.3612804057,93669.66394133682,93478.79262690601,93478.79262690603,17208,19783,4.476639603720654,4.734856388886257,0.25821678516560276,4.7252081396606185,4.725208139660619,8.881784197001252e-16,0.25821678516560187,
C0,ud23,HOMERIC_TRADITION,209ee9f27c82f31d31eb16124569039d7847ed327f3a0f2b5c4eae048347e621,8,tlg0012.tlg001.perseus-grc1.tb.xml,ge8,25732,118902.15254499143,125707.04076726573,121873.65633691143,121873.65633691144,22932,25732,4.620789388504253,4.885241752186605,0.26445236368235214,4.736268317150296,4.736268317150297,8.881784197001252e-16,0.26445236368235125,
C0,ud23,HOMERIC_TRADITION,209ee9f27c82f31d31eb16124569039d7847ed327f3a0f2b5c4eae048347e621,8,tlg0013.tlg002.perseus-grc1.tb.xml,4_7,458,2077.8033037603323,2188.077336985403,2169.6839390612045,2169.6839390612045,407,458,4.536688436157931,4.777461434465945,0.2407729983080138,4.737301176989529,4.737301176989529,0.0,0.2407729983080138,
C0,ud23,HOMERIC_TRADITION,209ee9f27c82f31d31eb16124569039d7847ed327f3a0f2b5c4eae048347e621,8,tlg0013.tlg002.perseus-grc1.tb.xml,ge8,661,2975.3536249096182,3206.887971710388,3222.601339407129,3222.601339407129,587,661,4.501291414386714,4.851570305159437,0.35027889077272256,4.875342419677956,4.875342419677956,0.0,0.35027889077272256,
C0,ud23,HOMERIC_TRADITION,209ee9f27c82f31d31eb16124569039d7847ed327f3a0f2b5c4eae048347e621,9,tlg0012.tlg001.perseus-grc1.tb.xml,4_7,19783,88573.81921923844,93642.48313482609,93327.83381415751,93327.83381415751,17200,19783,4.47726933322744,4.733482441228635,0.25621310800119534,4.717577405558182,4.717577405558182,0.0,0.25621310800119534,
C0,ud23,HOMERIC_TRADITION,209ee9f27c82f31d31eb16124569039d7847ed327f3a0f2b5c4eae048347e621,9,tlg0012.tlg001.perseus-grc1.tb.xml,ge8,25732,118874.98785511032,125705.7908835902,121701.16540648094,121701.16540648094,22992,25732,4.61973371114217,4.88519317906071,0.26545946791854025,4.729564954394565,4.729564954394565,0.0,0.26545946791854025,
C0,ud23,HOMERIC_TRADITION,209ee9f27c82f31d31eb16124569039d7847ed327f3a0f2b5c4eae048347e621,9,tlg0013.tlg002.perseus-grc1.tb.xml,4_7,458,2070.754602348933,2188.27468600046,2193.969071247258,2193.969071247258,400,458,4.521298258403784,4.777892327511921,0.25659406910813676,4.790325483072616,4.790325483072616,0.0,0.25659406910813676,
C0,ud23,HOMERIC_TRADITION,209ee9f27c82f31d31eb16124569039d7847ed327f3a0f2b5c4eae048347e621,9,tlg0013.tlg002.perseus-grc1.tb.xml,ge8,661,2973.547365039931,3208.3331589346412,3201.263155502901,3201.263155502901,603,661,4.498558797337263,4.853756670097793,0.35519787276053005,4.843060749626174,4.843060749626174,0.0,0.35519787276053005,
C0,ud23,HOMERIC_TRADITION,209ee9f27c82f31d31eb16124569039d7847ed327f3a0f2b5c4eae048347e621,10,tlg0012.tlg001.perseus-grc1.tb.xml,4_7,19783,88620.95233240188,93677.39621925415,93253.80170796282,93253.80170796282,17182,19783,4.479651839074047,4.735247243555283,0.25559540448123563,4.713835197288724,4.713835197288724,0.0,0.25559540448123563,
C0,ud23,HOMERIC_TRADITION,209ee9f27c82f31d31eb16124569039d7847ed327f3a0f2b5c4eae048347e621,10,tlg0012.tlg001.perseus-grc1.tb.xml,ge8,25732,118843.75066182954,125656.06865729064,122057.66594005981,122057.66594005981,22955,25732,4.618519767675639,4.883260868074407,0.2647411003987683,4.743419319915273,4.743419319915273,0.0,0.2647411003987683,
C0,ud23,HOMERIC_TRADITION,209ee9f27c82f31d31eb16124569039d7847ed327f3a0f2b5c4eae048347e621,10,tlg0013.tlg002.perseus-grc1.tb.xml,4_7,458,2068.1920036034176,2188.0806943802813,2160.574605056698,2160.574605056698,413,458,4.515703064636283,4.777468765022448,0.26176570038616465,4.717411801433839,4.717411801433839,0.0,0.26176570038616465,
C0,ud23,HOMERIC_TRADITION,209ee9f27c82f31d31eb16124569039d7847ed327f3a0f2b5c4eae048347e621,10,tlg0013.tlg002.perseus-grc1.tb.xml,ge8,661,2968.4186087430458,3205.349375408539,3220.683003130297,3220.683003130297,599,661,4.490799710655137,4.849242625428954,0.35844291477381685,4.872440246793188,4.872440246793188,0.0,0.35844291477381685,
C0,ud23,HOMERIC_TRADITION,209ee9f27c82f31d31eb16124569039d7847ed327f3a0f2b5c4eae048347e621,11,tlg0012.tlg001.perseus-grc1.tb.xml,4_7,19783,88650.05855294675,93677.21415563466,93110.11290624939,93110.11290624939,17175,19783,4.481123113428032,4.7352380405213905,0.2541149270933589,4.706571950980609,4.706571950980609,0.0,0.2541149270933589,
C0,ud23,HOMERIC_TRADITION,209ee9f27c82f31d31eb16124569039d7847ed327f3a0f2b5c4eae048347e621,11,tlg0012.tlg001.perseus-grc1.tb.xml,ge8,25732,118904.21539618309,125708.52806845958,121901.46213285912,121901.46213285912,22970,25732,4.620869555269046,4.885299551859925,0.26442999659087896,4.737348909251481,4.737348909251481,0.0,0.26442999659087896,
C0,ud23,HOMERIC_TRADITION,209ee9f27c82f31d31eb16124569039d7847ed327f3a0f2b5c4eae048347e621,11,tlg0013.tlg002.perseus-grc1.tb.xml,4_7,458,2075.418614290593,2187.870485450083,2205.4805856878165,2205.4805856878165,393,458,4.531481690590814,4.777009793559133,0.2455281029683185,4.815459794078202,4.815459794078202,0.0,0.2455281029683185,
C0,ud23,HOMERIC_TRADITION,209ee9f27c82f31d31eb16124569039d7847ed327f3a0f2b5c4eae048347e621,11,tlg0013.tlg002.perseus-grc1.tb.xml,ge8,661,2972.542993777467,3207.6368780782245,3201.601806208082,3201.601806208082,586,661,4.497039324928089,4.852703295125907,0.3556639701978179,4.843573080496342,4.843573080496342,0.0,0.3556639701978179,
C0,ud23,HOMERIC_TRADITION,209ee9f27c82f31d31eb16124569039d7847ed327f3a0f2b5c4eae048347e621,12,tlg0012.tlg001.perseus-grc1.tb.xml,4_7,19783,88718.71720285159,93618.31773586501,92998.1787669944,92998.1787669944,17129,19783,4.484593701807188,4.732260917750847,0.24766721594365926,4.700913853661953,4.700913853661953,0.0,0.24766721594365926,
C0,ud23,HOMERIC_TRADITION,209ee9f27c82f31d31eb16124569039d7847ed327f3a0f2b5c4eae048347e621,12,tlg0012.tlg001.perseus-grc1.tb.xml,ge8,25732,118943.78914354375,125612.55130913659,121968.95515130342,121968.95515130342,23013,25732,4.622407474877342,4.881569691789856,0.2591622169125145,4.739971830844995,4.739971830844995,0.0,0.2591622169125145,
C0,ud23,HOMERIC_TRADITION,209ee9f27c82f31d31eb16124569039d7847ed327f3a0f2b5c4eae048347e621,12,tlg0013.tlg002.perseus-grc1.tb.xml,4_7,458,2078.947521966227,2187.090580101902,2193.214066077607,2193.214066077607,403,458,4.5391867291839025,4.775306943453935,0.2361202142700325,4.788677000169448,4.788677000169448,0.0,0.2361202142700325,
C0,ud23,HOMERIC_TRADITION,209ee9f27c82f31d31eb16124569039d7847ed327f3a0f2b5c4eae048347e621,12,tlg0013.tlg002.perseus-grc1.tb.xml,ge8,661,2984.712995105464,3206.920878340625,3133.163208155174,3133.163208155174,578,661,4.515450824667873,4.851620088261158,0.3361692635932849,4.740035110673485,4.740035110673485,0.0,0.3361692635932849,
C0,ud23,HOMERIC_TRADITION,209ee9f27c82f31d31eb16124569039d7847ed327f3a0f2b5c4eae048347e621,13,tlg0012.tlg001.perseus-grc1.tb.xml,4_7,19783,88546.38005484913,93603.42823745446,93193.06438755905,93193.06438755905,17210,19783,4.475882325979332,4.731508276674643,0.25562595069531113,4.710765019843252,4.710765019843252,0.0,0.25562595069531113,
C0,ud23,HOMERIC_TRADITION,209ee9f27c82f31d31eb16124569039d7847ed327f3a0f2b5c4eae048347e621,13,tlg0012.tlg001.perseus-grc1.tb.xml,ge8,25732,118760.0280248828,125625.83129245021,121803.71621626143,121803.71621626143,22914,25732,4.61526612874564,4.8820857800579125,0.2668196513122725,4.7335502959840445,4.7335502959840445,0.0,0.2668196513122725,
C0,ud23,HOMERIC_TRADITION,209ee9f27c82f31d31eb16124569039d7847ed327f3a0f2b5c4eae048347e621,13,tlg0013.tlg002.perseus-grc1.tb.xml,4_7,458,2072.5174386811564,2188.3316145984936,2196.7399012159867,2196.7399012159867,388,458,4.525147246028726,4.778016625760903,0.2528693797321768,4.79637533016591,4.79637533016591,0.0,0.2528693797321768,
C0,ud23,HOMERIC_TRADITION,209ee9f27c82f31d31eb16124569039d7847ed327f3a0f2b5c4eae048347e621,13,tlg0013.tlg002.perseus-grc1.tb.xml,ge8,661,2968.143018549667,3210.0120832211837,3200.2642663975903,3200.2642663975903,588,661,4.49038278146697,4.856296646325543,0.36591386485857313,4.841549570949455,4.841549570949455,0.0,0.36591386485857313,
C0,ud23,HOMERIC_TRADITION,209ee9f27c82f31d31eb16124569039d7847ed327f3a0f2b5c4eae048347e621,14,tlg0012.tlg001.perseus-grc1.tb.xml,4_7,19783,88619.90967819522,93664.93049484308,92934.43747427715,92934.43747427715,17222,19783,4.479599134519296,4.734617120499574,0.25501798598027836,4.697691830070118,4.697691830070118,0.0,0.25501798598027836,
C0,ud23,HOMERIC_TRADITION,209ee9f27c82f31d31eb16124569039d7847ed327f3a0f2b5c4eae048347e621,14,tlg0012.tlg001.perseus-grc1.tb.xml,ge8,25732,118776.92594170914,125631.12686724015,122136.0878610712,122136.0878610712,23031,25732,4.615922817569919,4.882291577306084,0.2663687597361655,4.746466961801306,4.746466961801306,0.0,0.2663687597361655,
C0,ud23,HOMERIC_TRADITION,209ee9f27c82f31d31eb16124569039d7847ed327f3a0f2b5c4eae048347e621,14,tlg0013.tlg002.perseus-grc1.tb.xml,4_7,458,2077.230052760266,2189.3989018784728,2144.5746868742176,2144.5746868742176,407,458,4.535436796419795,4.78034694733291,0.24491015091311485,4.682477482258117,4.682477482258117,0.0,0.24491015091311485,
C0,ud23,HOMERIC_TRADITION,209ee9f27c82f31d31eb16124569039d7847ed327f3a0f2b5c4eae048347e621,14,tlg0013.tlg002.perseus-grc1.tb.xml,ge8,661,2975.8365228547395,3208.4490749179918,3242.263076952942,3242.263076952942,584,661,4.502021971035915,4.853932034671697,0.35191006363578214,4.905087862258611,4.905087862258611,0.0,0.35191006363578214,
C0,ud23,HOMERIC_TRADITION,209ee9f27c82f31d31eb16124569039d7847ed327f3a0f2b5c4eae048347e621,15,tlg0012.tlg001.perseus-grc1.tb.xml,4_7,19783,88598.59943796719,93596.95851350507,92958.52255333793,92958.52255333793,17166,19783,4.478521934891937,4.731181242152609,0.2526593072606724,4.698909293501386,4.698909293501386,0.0,0.2526593072606724,
C0,ud23,HOMERIC_TRADITION,209ee9f27c82f31d31eb16124569039d7847ed327f3a0f2b5c4eae048347e621,15,tlg0012.tlg001.perseus-grc1.tb.xml,ge8,25732,118992.58379246296,125652.24246899081,121650.6047921841,121650.6047921841,23037,25732,4.62430373824277,4.8831121742962385,0.25880843605346815,4.727600061875645,4.727600061875645,0.0,0.25880843605346815,
C0,ud23,HOMERIC_TRADITION,209ee9f27c82f31d31eb16124569039d7847ed327f3a0f2b5c4eae048347e621,15,tlg0013.tlg002.perseus-grc1.tb.xml,4_7,458,2073.6924886039624,2185.108607642971,2165.266898926628,2165.266898926628,396,458,4.527712857213892,4.770979492670242,0.24326663545634997,4.727656984555956,4.727656984555956,0.0,0.24326663545634997,
C0,ud23,HOMERIC_TRADITION,209ee9f27c82f31d31eb16124569039d7847ed327f3a0f2b5c4eae048347e621,15,tlg0013.tlg002.perseus-grc1.tb.xml,ge8,661,2967.053205653384,3205.294044684998,3216.718722826286,3216.718722826286,589,661,4.4887340478871165,4.849158917829044,0.36042486994192746,4.866442848451265,4.866442848451265,0.0,0.36042486994192746,
C0,ud23,HOMERIC_TRADITION,209ee9f27c82f31d31eb16124569039d7847ed327f3a0f2b5c4eae048347e621,16,tlg0012.tlg001.perseus-grc1.tb.xml,4_7,19783,88497.28045234352,93601.90446007927,92902.24224433478,92902.24224433478,17153,19783,4.473400417143179,4.731431252089131,0.25803083494595125,4.696064411076923,4.696064411076923,0.0,0.25803083494595125,
C0,ud23,HOMERIC_TRADITION,209ee9f27c82f31d31eb16124569039d7847ed327f3a0f2b5c4eae048347e621,16,tlg0012.tlg001.perseus-grc1.tb.xml,ge8,25732,118787.96296873051,125580.27990228335,121922.60442240204,121922.60442240204,23018,25732,4.616351739807652,4.880315556594255,0.2639638167866023,4.738170543385747,4.738170543385747,0.0,0.2639638167866023,
C0,ud23,HOMERIC_TRADITION,209ee9f27c82f31d31eb16124569039d7847ed327f3a0f2b5c4eae048347e621,16,tlg0013.tlg002.perseus-grc1.tb.xml,4_7,458,2072.6461267004884,2187.983068511646,2141.563524384166,2141.563524384166,401,458,4.525428224236874,4.7772556081040305,0.2518273838671563,4.6759028916684855,4.6759028916684855,0.0,0.2518273838671563,
C0,ud23,HOMERIC_TRADITION,209ee9f27c82f31d31eb16124569039d7847ed327f3a0f2b5c4eae048347e621,16,tlg0013.tlg002.perseus-grc1.tb.xml,ge8,661,2978.145830066168,3204.6454398492,3217.5597098143785,3217.5597098143785,578,661,4.505515627936714,4.848177669968533,0.3426620420318187,4.867715143440814,4.867715143440814,0.0,0.3426620420318187,
C0,ud23,HOMERIC_TRADITION,209ee9f27c82f31d31eb16124569039d7847ed327f3a0f2b5c4eae048347e621,17,tlg0012.tlg001.perseus-grc1.tb.xml,4_7,19783,88464.48039069628,93569.93091935126,93058.13714284575,93058.13714284575,17188,19783,4.471742424844376,4.729815039142257,0.2580726142978813,4.703944656667126,4.703944656667126,0.0,0.2580726142978813,
C0,ud23,HOMERIC_TRADITION,209ee9f27c82f31d31eb16124569039d7847ed327f3a0f2b5c4eae048347e621,17,tlg0012.tlg001.perseus-grc1.tb.xml,ge8,25732,118817.75023899667,125645.63628900846,121919.66177662935,121919.66177662935,22852,25732,4.617509336196046,4.882855444155466,0.26534610795942015,4.738056185940827,4.738056185940827,0.0,0.26534610795942015,
C0,ud23,HOMERIC_TRADITION,209ee9f27c82f31d31eb16124569039d7847ed327f3a0f2b5c4eae048347e621,17,tlg0013.tlg002.perseus-grc1.tb.xml,4_7,458,2070.4329157544985,2187.375000483825,2220.091583279684,2220.091583279684,415,458,4.520595885926853,4.7759279486546395,0.25533206272778664,4.847361535545161,4.847361535545161,0.0,0.25533206272778664,
C0,ud23,HOMERIC_TRADITION,209ee9f27c82f31d31eb16124569039d7847ed327f3a0f2b5c4eae048347e621,17,tlg0013.tlg002.perseus-grc1.tb.xml,ge8,661,2969.8336262004873,3209.156829005652,3204.881132787764,3204.881132787764,590,661,4.49294043298107,4.855002767028218,0.36206233404714805,4.848534240223546,4.848534240223546,0.0,0.36206233404714805,
C0,ud23,HOMERIC_TRADITION,209ee9f27c82f31d31eb16124569039d7847ed327f3a0f2b5c4eae048347e621,18,tlg0012.tlg001.perseus-grc1.tb.xml,4_7,19783,88582.82106156107,93635.55904212985,93354.19069566931,93354.19069566931,17130,19783,4.477724362410204,4.733132439070407,0.2554080766602027,4.718909705083623,4.718909705083623,0.0,0.2554080766602027,
C0,ud23,HOMERIC_TRADITION,209ee9f27c82f31d31eb16124569039d7847ed327f3a0f2b5c4eae048347e621,18,tlg0012.tlg001.perseus-grc1.tb.xml,ge8,25732,118869.92528048364,125690.47072458528,121454.37010045421,121454.37010045421,22993,25732,4.619536968773653,4.884597805245813,0.26506083647216006,4.719973966285334,4.719973966285334,0.0,0.26506083647216006,
C0,ud23,HOMERIC_TRADITION,209ee9f27c82f31d31eb16124569039d7847ed327f3a0f2b5c4eae048347e621,18,tlg0013.tlg002.perseus-grc1.tb.xml,4_7,458,2071.5033378455014,2187.635032754959,2193.099320453067,2193.099320453067,393,458,4.522933052064413,4.776495704705151,0.2535626526407375,4.788426463871325,4.788426463871325,0.0,0.2535626526407375,
C0,ud23,HOMERIC_TRADITION,209ee9f27c82f31d31eb16124569039d7847ed327f3a0f2b5c4eae048347e621,18,tlg0013.tlg002.perseus-grc1.tb.xml,ge8,661,2974.0409323877375,3208.7581668418748,3215.2097797010056,3215.2097797010056,585,661,4.499305495291584,4.854399647264561,0.35509415197297667,4.864160029804849,4.864160029804849,0.0,0.35509415197297667,
C0,ud23,HOMERIC_TRADITION,209ee9f27c82f31d31eb16124569039d7847ed327f3a0f2b5c4eae048347e621,19,tlg0012.tlg001.perseus-grc1.tb.xml,4_7,19783,88554.43162064077,93617.52750039831,92729.20508052633,92729.20508052634,17188,19783,4.476289320155728,4.732220972572326,0.25593165241659754,4.687317650534617,4.6873176505346175,8.881784197001252e-16,0.25593165241659666,
C0,ud23,HOMERIC_TRADITION,209ee9f27c82f31d31eb16124569039d7847ed327f3a0f2b5c4eae048347e621,19,tlg0012.tlg001.perseus-grc1.tb.xml,ge8,25732,118743.06969908901,125612.52573481943,121802.18736779605,121802.18736779605,22940,25732,4.614607092300988,4.8815686979177455,0.26696160561675786,4.733490881695789,4.733490881695789,0.0,0.26696160561675786,
C0,ud23,HOMERIC_TRADITION,209ee9f27c82f31d31eb16124569039d7847ed327f3a0f2b5c4eae048347e621,19,tlg0013.tlg002.perseus-grc1.tb.xml,4_7,458,2068.2399842115346,2186.7589542765145,2194.3581758391592,2194.3581758391592,399,458,4.515807825789377,4.774582869599376,0.25877504380999916,4.791175056417378,4.791175056417378,0.0,0.25877504380999916,
C0,ud23,HOMERIC_TRADITION,209ee9f27c82f31d31eb16124569039d7847ed327f3a0f2b5c4eae048347e621,19,tlg0013.tlg002.perseus-grc1.tb.xml,ge8,661,2970.275076640924,3205.327858819729,3185.8679321388804,3185.8679321388804,594,661,4.493608285387177,4.849210073857381,0.35560178847020385,4.819769942721453,4.819769942721453,0.0,0.35560178847020385,
C0,ud23,ATHENAEUS,4352f04fcfd7cbe580caddf69f309034ffb967d5d1bc8a8e809498de5bf8d329,0,tlg0008.tlg001.perseus-grc1.tb.xml,4_7,5641,23534.489360373016,25990.41714449477,25547.425266141618,25547.425266141618,4892,5641,4.172042077711933,4.607413072947132,0.43537099523519895,4.528882337553912,4.528882337553912,0.0,0.43537099523519895,
C0,ud23,ATHENAEUS,4352f04fcfd7cbe580caddf69f309034ffb967d5d1bc8a8e809498de5bf8d329,0,tlg0008.tlg001.perseus-grc1.tb.xml,ge8,11050,47151.486465569185,52233.97125114188,50662.30291894256,50662.30291894256,9966,11050,4.267102847562822,4.727056221822794,0.45995337425997196,4.584823793569463,4.584823793569463,0.0,0.45995337425997196,
C0,ud23,ATHENAEUS,4352f04fcfd7cbe580caddf69f309034ffb967d5d1bc8a8e809498de5bf8d329,1,tlg0008.tlg001.perseus-grc1.tb.xml,4_7,5641,23557.2221890857,25984.76539682998,25623.654961285607,25623.65496128561,4948,5641,4.176072006574313,4.606411167670622,0.43033916109630876,4.542395844936289,4.54239584493629,8.881784197001252e-16,0.4303391610963079,
C0,ud23,ATHENAEUS,4352f04fcfd7cbe580caddf69f309034ffb967d5d1bc8a8e809498de5bf8d329,1,tlg0008.tlg001.perseus-grc1.tb.xml,ge8,11050,47130.79075697618,52214.73529803176,50426.14760051351,50426.14760051352,9920,11050,4.265229932758025,4.7253154115865845,0.4600854788285593,4.563452271539684,4.563452271539685,8.881784197001252e-16,0.46008547882855844,
C0,ud23,ATHENAEUS,4352f04fcfd7cbe580caddf69f309034ffb967d5d1bc8a8e809498de5bf8d329,2,tlg0008.tlg001.perseus-grc1.tb.xml,4_7,5641,23537.079358238738,25986.873690456392,25616.30049531579,25616.30049531579,4976,5641,4.172501215784211,4.606784912330507,0.43428369654629595,4.541092092770039,4.541092092770039,0.0,0.43428369654629595,
C0,ud23,ATHENAEUS,4352f04fcfd7cbe580caddf69f309034ffb967d5d1bc8a8e809498de5bf8d329,2,tlg0008.tlg001.perseus-grc1.tb.xml,ge8,11050,47147.37890515265,52254.361196438935,50424.76656046178,50424.76656046179,9876,11050,4.266731122638249,4.72890146574108,0.462170343102831,4.563327290539528,4.563327290539529,8.881784197001252e-16,0.4621703431028301,
C0,ud23,ATHENAEUS,4352f04fcfd7cbe580caddf69f309034ffb967d5d1bc8a8e809498de5bf8d329,3,tlg0008.tlg001.perseus-grc1.tb.xml,4_7,5641,23549.070238145934,25975.194850603646,25472.51492331371,25472.514923313713,4900,5641,4.174626881429877,4.604714563127751,0.4300876816978745,4.515602716417959,4.51560271641796,8.881784197001252e-16,0.4300876816978736,
C0,ud23,ATHENAEUS,4352f04fcfd7cbe580caddf69f309034ffb967d5d1bc8a8e809498de5bf8d329,3,tlg0008.tlg001.perseus-grc1.tb.xml,ge8,11050,47108.25010168498,52220.21940899224,50527.583731955194,50527.583731955194,9943,11050,4.26319005445113,4.725811711221017,0.46262165676988776,4.572632011941646,4.572632011941646,0.0,0.46262165676988776,
C0,ud23,ATHENAEUS,4352f04fcfd7cbe580caddf69f309034ffb967d5d1bc8a8e809498de5bf8d329,4,tlg0008.tlg001.perseus-grc1.tb.xml,4_7,5641,23529.967410122517,25990.508301448415,25579.13619870727,25579.13619870727,4954,5641,4.171240455614699,4.607429232662367,0.43618877704766845,4.5345038466065,4.5345038466065,0.0,0.43618877704766845,
C0,ud23,ATHENAEUS,4352f04fcfd7cbe580caddf69f309034ffb967d5d1bc8a8e809498de5bf8d329,4,tlg0008.tlg001.perseus-grc1.tb.xml,ge8,11050,47161.47408164604,52253.439617521704,50541.892568184005,50541.892568184005,9909,11050,4.268006704221361,4.7288180649340905,0.46081136071272955,4.573926929247421,4.573926929247421,0.0,0.46081136071272955,
C0,ud23,ATHENAEUS,4352f04fcfd7cbe580caddf69f309034ffb967d5d1bc8a8e809498de5bf8d329,5,tlg0008.tlg001.perseus-grc1.tb.xml,4_7,5641,23530.148626642484,25990.39871814217,25532.63803244415,25532.638032444152,4993,5641,4.171272580507442,4.607409806442504,0.4361372259350622,4.526260952392155,4.526260952392156,8.881784197001252e-16,0.4361372259350613,
C0,ud23,ATHENAEUS,4352f04fcfd7cbe580caddf69f309034ffb967d5d1bc8a8e809498de5bf8d329,5,tlg0008.tlg001.perseus-grc1.tb.xml,ge8,11050,47148.864749061584,52232.97296661001,50588.892575749756,50588.89257574976,9894,11050,4.266865588150369,4.726965879331223,0.4601002911808534,4.578180323597263,4.578180323597263,0.0,0.4601002911808534,
C0,ud23,ATHENAEUS,4352f04fcfd7cbe580caddf69f309034ffb967d5d1bc8a8e809498de5bf8d329,6,tlg0008.tlg001.perseus-grc1.tb.xml,4_7,5641,23539.387950214175,25979.945426279173,25525.673016200883,25525.673016200883,4936,5641,4.172910468040095,4.605556714461828,0.43264624642173377,4.52502623935488,4.52502623935488,0.0,0.43264624642173377,
C0,ud23,ATHENAEUS,4352f04fcfd7cbe580caddf69f309034ffb967d5d1bc8a8e809498de5bf8d329,6,tlg0008.tlg001.perseus-grc1.tb.xml,ge8,11050,47164.89522854328,52228.05619155574,50495.033186926914,50495.033186926914,9920,11050,4.26831631027541,4.726520922312737,0.4582046120373269,4.569686261260355,4.569686261260355,0.0,0.4582046120373269,
C0,ud23,ATHENAEUS,4352f04fcfd7cbe580caddf69f309034ffb967d5d1bc8a8e809498de5bf8d329,7,tlg0008.tlg001.perseus-grc1.tb.xml,4_7,5641,23509.208481882244,25974.255923673303,25621.720607559826,25621.72060755983,4914,5641,4.167560447062975,4.604548116233523,0.43698766917054765,4.5420529352171295,4.5420529352171295,0.0,0.43698766917054765,
C0,ud23,ATHENAEUS,4352f04fcfd7cbe580caddf69f309034ffb967d5d1bc8a8e809498de5bf8d329,7,tlg0008.tlg001.perseus-grc1.tb.xml,ge8,11050,47131.62362134174,52231.04002695647,50626.72597607223,50626.72597607223,9880,11050,4.2653053050988,4.726790952665744,0.46148564756694377,4.581604160730518,4.581604160730518,0.0,0.46148564756694377,
C0,ud23,ATHENAEUS,4352f04fcfd7cbe580caddf69f309034ffb967d5d1bc8a8e809498de5bf8d329,8,tlg0008.tlg001.perseus-grc1.tb.xml,4_7,5641,23520.05559223145,25970.809658724633,25533.946895433048,25533.946895433048,4897,5641,4.169483352638087,4.603937184670206,0.4344538320321192,4.526492979158491,4.526492979158491,0.0,0.4344538320321192,
C0,ud23,ATHENAEUS,4352f04fcfd7cbe580caddf69f309034ffb967d5d1bc8a8e809498de5bf8d329,8,tlg0008.tlg001.perseus-grc1.tb.xml,ge8,11050,47136.163152270245,52241.62873812491,50629.254594411876,50629.25459441188,9908,11050,4.265716122377397,4.7277492070701275,0.4620330846927301,4.5818329949694006,4.581832994969401,8.881784197001252e-16,0.4620330846927292,
C0,ud23,ATHENAEUS,4352f04fcfd7cbe580caddf69f309034ffb967d5d1bc8a8e809498de5bf8d329,9,tlg0008.tlg001.perseus-grc1.tb.xml,4_7,5641,23514.97152334542,25987.187588055724,25673.251406170526,25673.251406170526,4882,5641,4.168582081784332,4.606840558066961,0.4382584762826287,4.551187981948329,4.551187981948329,0.0,0.4382584762826287,
C0,ud23,ATHENAEUS,4352f04fcfd7cbe580caddf69f309034ffb967d5d1bc8a8e809498de5bf8d329,9,tlg0008.tlg001.perseus-grc1.tb.xml,ge8,11050,47123.405523037065,52232.81401637937,50623.75239052249,50623.75239052249,9936,11050,4.264561585795209,4.726951494694966,0.4623899088997563,4.581335057965836,4.581335057965836,0.0,0.4623899088997563,
C0,ud23,ATHENAEUS,4352f04fcfd7cbe580caddf69f309034ffb967d5d1bc8a8e809498de5bf8d329,10,tlg0008.tlg001.perseus-grc1.tb.xml,4_7,5641,23529.087752797608,25982.848447590168,25642.651692031177,25642.651692031177,4983,5641,4.171084515652829,4.606071343306181,0.4349868276533515,4.545763462512174,4.545763462512174,0.0,0.4349868276533515,
C0,ud23,ATHENAEUS,4352f04fcfd7cbe580caddf69f309034ffb967d5d1bc8a8e809498de5bf8d329,10,tlg0008.tlg001.perseus-grc1.tb.xml,ge8,11050,47098.266725531445,52245.93377999885,50651.065431983734,50651.065431983734,9863,11050,4.262286581496058,4.728138803619806,0.4658522221237478,4.583806826423867,4.583806826423867,0.0,0.4658522221237478,
C0,ud23,ATHENAEUS,4352f04fcfd7cbe580caddf69f309034ffb967d5d1bc8a8e809498de5bf8d329,11,tlg0008.tlg001.perseus-grc1.tb.xml,4_7,5641,23538.968190622305,25963.337473180007,25698.24808441133,25698.24808441133,4930,5641,4.172836055774208,4.602612563939019,0.42977650816481106,4.5556192314148785,4.5556192314148785,0.0,0.42977650816481106,
C0,ud23,ATHENAEUS,4352f04fcfd7cbe580caddf69f309034ffb967d5d1bc8a8e809498de5bf8d329,11,tlg0008.tlg001.perseus-grc1.tb.xml,ge8,11050,47141.896646011715,52216.47099403795,50524.93911953203,50524.93911953203,9909,11050,4.266234990589296,4.72547248814823,0.4592374975589344,4.572392680500636,4.572392680500636,0.0,0.4592374975589344,
C0,ud23,ATHENAEUS,4352f04fcfd7cbe580caddf69f309034ffb967d5d1bc8a8e809498de5bf8d329,12,tlg0008.tlg001.perseus-grc1.tb.xml,4_7,5641,23553.626574478567,25994.948902128297,25586.57088090098,25586.57088090098,4898,5641,4.175434599269379,4.608216433633806,0.43278183436442674,4.535821818986169,4.535821818986169,0.0,0.43278183436442674,
C0,ud23,ATHENAEUS,4352f04fcfd7cbe580caddf69f309034ffb967d5d1bc8a8e809498de5bf8d329,12,tlg0008.tlg001.perseus-grc1.tb.xml,ge8,11050,47117.36613284338,52238.63883562873,50582.509189060205,50582.509189060205,9917,11050,4.26401503464646,4.727478627658709,0.46346359301224904,4.57760264154391,4.57760264154391,0.0,0.46346359301224904,
C0,ud23,ATHENAEUS,4352f04fcfd7cbe580caddf69f309034ffb967d5d1bc8a8e809498de5bf8d329,13,tlg0008.tlg001.perseus-grc1.tb.xml,4_7,5641,23544.468655185323,25978.084827807983,25604.314714683038,25604.314714683038,4881,5641,4.173811142560774,4.6052268795972315,0.43141573703645797,4.53896733109077,4.53896733109077,0.0,0.43141573703645797,
C0,ud23,ATHENAEUS,4352f04fcfd7cbe580caddf69f309034ffb967d5d1bc8a8e809498de5bf8d329,13,tlg0008.tlg001.perseus-grc1.tb.xml,ge8,11050,47169.766754963624,52216.58492987608,50502.89652014804,50502.89652014804,9850,11050,4.268757172394898,4.725482799083808,0.45672562668891015,4.5703978751265195,4.5703978751265195,0.0,0.45672562668891015,
C0,ud23,ATHENAEUS,4352f04fcfd7cbe580caddf69f309034ffb967d5d1bc8a8e809498de5bf8d329,14,tlg0008.tlg001.perseus-grc1.tb.xml,4_7,5641,23502.941960347885,25976.366717503915,25731.86291395782,25731.862913957822,4962,5641,4.166449558650574,4.60492230411344,0.4384727454628665,4.561578251011845,4.561578251011846,8.881784197001252e-16,0.43847274546286563,
C0,ud23,ATHENAEUS,4352f04fcfd7cbe580caddf69f309034ffb967d5d1bc8a8e809498de5bf8d329,14,tlg0008.tlg001.perseus-grc1.tb.xml,ge8,11050,47131.59851881171,52249.07452817005,50521.682045529175,50521.682045529175,9908,11050,4.265303033376625,4.728423034223534,0.4631200008469083,4.572097922672324,4.572097922672324,0.0,0.4631200008469083,
C0,ud23,ATHENAEUS,4352f04fcfd7cbe580caddf69f309034ffb967d5d1bc8a8e809498de5bf8d329,15,tlg0008.tlg001.perseus-grc1.tb.xml,4_7,5641,23532.831523538116,25972.36126356416,25521.5799576547,25521.5799576547,4967,5641,4.171748187118971,4.604212243142024,0.43246405602305327,4.524300648405371,4.524300648405371,0.0,0.43246405602305327,
C0,ud23,ATHENAEUS,4352f04fcfd7cbe580caddf69f309034ffb967d5d1bc8a8e809498de5bf8d329,15,tlg0008.tlg001.perseus-grc1.tb.xml,ge8,11050,47117.7423129925,52199.30089992543,50493.361245455286,50493.361245455286,9957,11050,4.264049078098869,4.723918633477415,0.4598695553785461,4.5695349543398445,4.5695349543398445,0.0,0.4598695553785461,
C0,ud23,ATHENAEUS,4352f04fcfd7cbe580caddf69f309034ffb967d5d1bc8a8e809498de5bf8d329,16,tlg0008.tlg001.perseus-grc1.tb.xml,4_7,5641,23533.117694214474,25966.808139679397,25373.408844190963,25373.408844190963,4943,5641,4.171798917605828,4.603227821251444,0.4314289036456165,4.498033831623996,4.498033831623996,0.0,0.4314289036456165,
C0,ud23,ATHENAEUS,4352f04fcfd7cbe580caddf69f309034ffb967d5d1bc8a8e809498de5bf8d329,16,tlg0008.tlg001.perseus-grc1.tb.xml,ge8,11050,47118.87091514865,52237.568383592115,50662.40994183087,50662.40994183087,9927,11050,4.264151214040601,4.727381754171232,0.46323054013063114,4.584833478898721,4.584833478898721,0.0,0.46323054013063114,
C0,ud23,ATHENAEUS,4352f04fcfd7cbe580caddf69f309034ffb967d5d1bc8a8e809498de5bf8d329,17,tlg0008.tlg001.perseus-grc1.tb.xml,4_7,5641,23547.69502780019,25979.055801266917,25419.87226352383,25419.87226352383,4909,5641,4.174383093033184,4.605399007492806,0.4310159144596222,4.506270566127252,4.506270566127252,0.0,0.4310159144596222,
C0,ud23,ATHENAEUS,4352f04fcfd7cbe580caddf69f309034ffb967d5d1bc8a8e809498de5bf8d329,17,tlg0008.tlg001.perseus-grc1.tb.xml,ge8,11050,47111.52559538037,52226.572384317464,50628.88569266451,50628.88569266451,9891,11050,4.263486479219943,4.726386641114702,0.46290016189475924,4.581799610195883,4.581799610195883,0.0,0.46290016189475924,
C0,ud23,ATHENAEUS,4352f04fcfd7cbe580caddf69f309034ffb967d5d1bc8a8e809498de5bf8d329,18,tlg0008.tlg001.perseus-grc1.tb.xml,4_7,5641,23545.95209819467,25986.672372917496,25518.956826977595,25518.956826977595,4905,5641,4.174074117744135,4.60674922405912,0.43267510631498496,4.523835636762559,4.523835636762559,0.0,0.43267510631498496,
C0,ud23,ATHENAEUS,4352f04fcfd7cbe580caddf69f309034ffb967d5d1bc8a8e809498de5bf8d329,18,tlg0008.tlg001.perseus-grc1.tb.xml,ge8,11050,47134.72095119321,52235.097270182974,50556.14753942374,50556.14753942374,9915,11050,4.265585606442825,4.727158123998459,0.4615725175556342,4.575216971893552,4.575216971893552,0.0,0.4615725175556342,
C0,ud23,ATHENAEUS,4352f04fcfd7cbe580caddf69f309034ffb967d5d1bc8a8e809498de5bf8d329,19,tlg0008.tlg001.perseus-grc1.tb.xml,4_7,5641,23523.00190585736,25990.821620580296,25502.20584730187,25502.20584730187,4911,5641,4.17000565606406,4.607484775851852,0.43747911978779186,4.520866131413202,4.520866131413202,0.0,0.43747911978779186,
C0,ud23,ATHENAEUS,4352f04fcfd7cbe580caddf69f309034ffb967d5d1bc8a8e809498de5bf8d329,19,tlg0008.tlg001.perseus-grc1.tb.xml,ge8,11050,47136.147404577445,52238.58291642119,50680.391308971375,50680.391308971375,9883,11050,4.265714697246827,4.72747356709694,0.4617588698501125,4.586460751943111,4.586460751943111,0.0,0.4617588698501125,
C0,ud23,HERODOTUS,89f0804afded8e7a0f4e1b507030d5ef4ecaf17e422c8b2969bd6b23e62818e6,0,tlg0016.tlg001.perseus-grc1.1.tb.xml,4_7,3977,17189.646229887247,18664.221158444543,18511.528411097734,18511.528411097734,3523,3977,4.322264578799911,4.693040271170365,0.3707756923704544,4.654646319109312,4.654646319109312,0.0,0.3707756923704544,
C0,ud23,HERODOTUS,89f0804afded8e7a0f4e1b507030d5ef4ecaf17e422c8b2969bd6b23e62818e6,0,tlg0016.tlg001.perseus-grc1.1.tb.xml,ge8,8969,39773.8687175145,43330.16150709337,41682.68447321481,41682.68447321481,8088,8969,4.434593457187479,4.831102855066716,0.3965093978792362,4.64741715611716,4.64741715611716,0.0,0.3965093978792362,
C0,ud23,HERODOTUS,89f0804afded8e7a0f4e1b507030d5ef4ecaf17e422c8b2969bd6b23e62818e6,1,tlg0016.tlg001.perseus-grc1.1.tb.xml,4_7,3977,17166.897156985106,18656.350943976347,18377.730299446965,18377.730299446965,3509,3977,4.3165444196593175,4.691061338691563,0.3745169190322457,4.62100334409026,4.62100334409026,0.0,0.3745169190322457,
C0,ud23,HERODOTUS,89f0804afded8e7a0f4e1b507030d5ef4ecaf17e422c8b2969bd6b23e62818e6,1,tlg0016.tlg001.perseus-grc1.1.tb.xml,ge8,8969,39738.4633677356,43325.41774884837,41835.30788236004,41835.30788236004,8125,8969,4.4306459324044605,4.8305739490298105,0.39992801662535005,4.664433926007363,4.664433926007363,0.0,0.39992801662535005,
C0,ud23,HERODOTUS,89f0804afded8e7a0f4e1b507030d5ef4ecaf17e422c8b2969bd6b23e62818e6,2,tlg0016.tlg001.perseus-grc1.1.tb.xml,4_7,3977,17156.483703141137,18663.372481039285,18333.519451333457,18333.519451333457,3482,3977,4.313926000286934,4.692826874789863,0.37890087450292853,4.6098867114240525,4.6098867114240525,0.0,0.37890087450292853,
C0,ud23,HERODOTUS,89f0804afded8e7a0f4e1b507030d5ef4ecaf17e422c8b2969bd6b23e62818e6,2,tlg0016.tlg001.perseus-grc1.1.tb.xml,ge8,8969,39713.67856853984,43317.513081117686,41761.93892135606,41761.93892135606,8114,8969,4.427882547501376,4.8296926169157866,0.40181006941441044,4.6562536426977434,4.6562536426977434,0.0,0.40181006941441044,
C0,ud23,HERODOTUS,89f0804afded8e7a0f4e1b507030d5ef4ecaf17e422c8b2969bd6b23e62818e6,3,tlg0016.tlg001.perseus-grc1.1.tb.xml,4_7,3977,17154.701834572632,18660.500112629208,18277.587088494416,18277.587088494416,3530,3977,4.313477956895306,4.6921046297785285,0.3786266728832226,4.595822752953084,4.595822752953084,0.0,0.3786266728832226,
C0,ud23,HERODOTUS,89f0804afded8e7a0f4e1b507030d5ef4ecaf17e422c8b2969bd6b23e62818e6,3,tlg0016.tlg001.perseus-grc1.1.tb.xml,ge8,8969,39698.627255852356,43320.19052777619,41733.239105255685,41733.239105255685,8090,8969,4.426204399136175,4.829991139232488,0.4037867400963133,4.6530537523977795,4.6530537523977795,0.0,0.4037867400963133,
C0,ud23,HERODOTUS,89f0804afded8e7a0f4e1b507030d5ef4ecaf17e422c8b2969bd6b23e62818e6,4,tlg0016.tlg001.perseus-grc1.1.tb.xml,4_7,3977,17160.72382818449,18649.277256637284,18271.218240322378,18271.218240322378,3524,3977,4.314992161977494,4.689282689624663,0.37429052764716886,4.594221332743872,4.594221332743872,0.0,0.37429052764716886,
C0,ud23,HERODOTUS,89f0804afded8e7a0f4e1b507030d5ef4ecaf17e422c8b2969bd6b23e62818e6,4,tlg0016.tlg001.perseus-grc1.1.tb.xml,ge8,8969,39695.99674339392,43305.43807098894,41806.55009145999,41806.55009145999,8085,8969,4.425911109755147,4.828346311850701,0.4024352020955533,4.661227571798416,4.661227571798416,0.0,0.4024352020955533,
C0,ud23,HERODOTUS,89f0804afded8e7a0f4e1b507030d5ef4ecaf17e422c8b2969bd6b23e62818e6,5,tlg0016.tlg001.perseus-grc1.1.tb.xml,4_7,3977,17149.521788904814,18652.32437375084,18336.394530104888,18336.394530104888,3491,3977,4.312175456098772,4.690048874465888,0.3778734183671162,4.610609637944402,4.610609637944402,0.0,0.3778734183671162,
C0,ud23,HERODOTUS,89f0804afded8e7a0f4e1b507030d5ef4ecaf17e422c8b2969bd6b23e62818e6,5,tlg0016.tlg001.perseus-grc1.1.tb.xml,ge8,8969,39678.373513393664,43307.18665872234,41769.14090201186,41769.14090201186,8088,8969,4.423946205083473,4.828541270902257,0.4045950658187838,4.657056628610977,4.657056628610977,0.0,0.4045950658187838,
C0,ud23,HERODOTUS,89f0804afded8e7a0f4e1b507030d5ef4ecaf17e422c8b2969bd6b23e62818e6,6,tlg0016.tlg001.perseus-grc1.1.tb.xml,4_7,3977,17167.648073891454,18660.7009657751,18354.70792447079,18354.70792447079,3534,3977,4.31673323457165,4.692155133461177,0.3754218988895266,4.61521446428735,4.61521446428735,0.0,0.3754218988895266,
C0,ud23,HERODOTUS,89f0804afded8e7a0f4e1b507030d5ef4ecaf17e422c8b2969bd6b23e62818e6,6,tlg0016.tlg001.perseus-grc1.1.tb.xml,ge8,8969,39792.88539621095,43340.87795801427,41738.454664097364,41738.454664097364,8124,8969,4.4367137246305,4.8322976873691905,0.3955839627386908,4.653635261912963,4.653635261912963,0.0,0.3955839627386908,
C0,ud23,HERODOTUS,89f0804afded8e7a0f4e1b507030d5ef4ecaf17e422c8b2969bd6b23e62818e6,7,tlg0016.tlg001.perseus-grc1.1.tb.xml,4_7,3977,17136.273430734767,18656.339362346866,18518.65305581507,18518.653055815073,3497,3977,4.308844211902129,4.691058426539318,0.3822142146371883,4.656437781195643,4.656437781195644,8.881784197001252e-16,0.3822142146371874,
C0,ud23,HERODOTUS,89f0804afded8e7a0f4e1b507030d5ef4ecaf17e422c8b2969bd6b23e62818e6,7,tlg0016.tlg001.perseus-grc1.1.tb.xml,ge8,8969,39708.58449840171,43321.967394768304,41689.0656129515,41689.0656129515,8057,8969,4.427314583387413,4.830189251284235,0.402874667896822,4.648128622249024,4.648128622249024,0.0,0.402874667896822,
C0,ud23,HERODOTUS,89f0804afded8e7a0f4e1b507030d5ef4ecaf17e422c8b2969bd6b23e62818e6,8,tlg0016.tlg001.perseus-grc1.1.tb.xml,4_7,3977,17131.796800281754,18652.246130182615,18443.69886330129,18443.69886330129,3533,3977,4.3077185819164585,4.690029200448231,0.38231061853177284,4.637590863289236,4.637590863289236,0.0,0.38231061853177284,
C0,ud23,HERODOTUS,89f0804afded8e7a0f4e1b507030d5ef4ecaf17e422c8b2969bd6b23e62818e6,8,tlg0016.tlg001.perseus-grc1.1.tb.xml,ge8,8969,39691.69354232406,43307.93994420539,41733.584389891184,41733.58438989119,8084,8969,4.425431323706551,4.828625258580153,0.40319393487360156,4.653092249959994,4.653092249959995,8.881784197001252e-16,0.40319393487360067,
C0,ud23,HERODOTUS,89f0804afded8e7a0f4e1b507030d5ef4ecaf17e422c8b2969bd6b23e62818e6,9,tlg0016.tlg001.perseus-grc1.1.tb.xml,4_7,3977,17185.30725663189,18658.20407446263,18473.702379242262,18473.702379242262,3494,3977,4.321173562140279,4.691527300594073,0.3703537384537938,4.645135121760689,4.645135121760689,0.0,0.3703537384537938,
C0,ud23,HERODOTUS,89f0804afded8e7a0f4e1b507030d5ef4ecaf17e422c8b2969bd6b23e62818e6,9,tlg0016.tlg001.perseus-grc1.1.tb.xml,ge8,8969,39764.27341979688,43324.78444686105,41663.43991713435,41663.43991713435,8081,8969,4.433523628029533,4.830503338929764,0.3969797109002302,4.6452714814510365,4.6452714814510365,0.0,0.3969797109002302,
C0,ud23,HERODOTUS,89f0804afded8e7a0f4e1b507030d5ef4ecaf17e422c8b2969bd6b23e62818e6,10,tlg0016.tlg001.perseus-grc1.1.tb.xml,4_7,3977,17191.07217041033,18673.566095032886,18427.448131330966,18427.448131330966,3517,3977,4.322623125574637,4.695390016352246,0.3727668907776094,4.63350468477017,4.63350468477017,0.0,0.3727668907776094,
C0,ud23,HERODOTUS,89f0804afded8e7a0f4e1b507030d5ef4ecaf17e422c8b2969bd6b23e62818e6,10,tlg0016.tlg001.perseus-grc1.1.tb.xml,ge8,8969,39738.18387280003,43337.531638923865,41906.91828278843,41906.91828278843,8139,8969,4.430614770074705,4.831924589020389,0.40130981894568407,4.672418138341892,4.672418138341892,0.0,0.40130981894568407,
C0,ud23,HERODOTUS,89f0804afded8e7a0f4e1b507030d5ef4ecaf17e422c8b2969bd6b23e62818e6,11,tlg0016.tlg001.perseus-grc1.1.tb.xml,4_7,3977,17168.843050763568,18656.444799754627,18315.48566968102,18315.48566968102,3510,3977,4.3170337065032856,4.691084938334078,0.3740512318307925,4.605352192527287,4.605352192527287,0.0,0.3740512318307925,
C0,ud23,HERODOTUS,89f0804afded8e7a0f4e1b507030d5ef4ecaf17e422c8b2969bd6b23e62818e6,11,tlg0016.tlg001.perseus-grc1.1.tb.xml,ge8,8969,39697.60986997384,43311.92973610166,41701.7262185119,41701.7262185119,8088,8969,4.426090965545082,4.82907010102594,0.40297913548085784,4.649540218364578,4.649540218364578,0.0,0.40297913548085784,
C0,ud23,HERODOTUS,89f0804afded8e7a0f4e1b507030d5ef4ecaf17e422c8b2969bd6b23e62818e6,12,tlg0016.tlg001.perseus-grc1.1.tb.xml,4_7,3977,17152.88124214471,18664.818036521432,18349.950350760417,18349.950350760417,3521,3977,4.313020176551348,4.693190353663925,0.3801701771125776,4.614018192295805,4.614018192295805,0.0,0.3801701771125776,
C0,ud23,HERODOTUS,89f0804afded8e7a0f4e1b507030d5ef4ecaf17e422c8b2969bd6b23e62818e6,12,tlg0016.tlg001.perseus-grc1.1.tb.xml,ge8,8969,39721.92209007833,43300.53385676397,41746.90666271821,41746.90666271821,8112,8969,4.4288016601715166,4.827799515750248,0.398997855578731,4.654577618766664,4.654577618766664,0.0,0.398997855578731,
C0,ud23,HERODOTUS,89f0804afded8e7a0f4e1b507030d5ef4ecaf17e422c8b2969bd6b23e62818e6,13,tlg0016.tlg001.perseus-grc1.1.tb.xml,4_7,3977,17153.285904074473,18663.104956895673,18247.634596366854,18247.634596366854,3492,3977,4.3131219270994405,4.692759606963961,0.3796376798645209,4.588291324205898,4.588291324205898,0.0,0.3796376798645209,
C0,ud23,HERODOTUS,89f0804afded8e7a0f4e1b507030d5ef4ecaf17e422c8b2969bd6b23e62818e6,13,tlg0016.tlg001.perseus-grc1.1.tb.xml,ge8,8969,39701.58260126726,43315.75441201784,41700.989127159206,41700.989127159206,8063,8969,4.426533905816397,4.829496533840768,0.4029626280243708,4.649458036253675,4.649458036253675,0.0,0.4029626280243708,
C0,ud23,HERODOTUS,89f0804afded8e7a0f4e1b507030d5ef4ecaf17e422c8b2969bd6b23e62818e6,14,tlg0016.tlg001.perseus-grc1.1.tb.xml,4_7,3977,17159.627624296747,18643.212533845865,18449.744106824448,18449.744106824448,3500,3977,4.314716526099257,4.687757740469164,0.37304121436990645,4.639110914464282,4.639110914464282,0.0,0.37304121436990645,
C0,ud23,HERODOTUS,89f0804afded8e7a0f4e1b507030d5ef4ecaf17e422c8b2969bd6b23e62818e6,14,tlg0016.tlg001.perseus-grc1.1.tb.xml,ge8,8969,39694.87767636249,43284.48837084466,41607.53206894043,41607.53206894043,8135,8969,4.4257863392086625,4.826010521891477,0.40022418268281434,4.639038027532661,4.639038027532661,0.0,0.40022418268281434,
C0,ud23,HERODOTUS,89f0804afded8e7a0f4e1b507030d5ef4ecaf17e422c8b2969bd6b23e62818e6,15,tlg0016.tlg001.perseus-grc1.1.tb.xml,4_7,3977,17155.471567350007,18657.734561606296,18318.811044751244,18318.811044751244,3512,3977,4.313671502979634,4.691409243551998,0.3777377405723641,4.60618834416677,4.60618834416677,0.0,0.3777377405723641,
C0,ud23,HERODOTUS,89f0804afded8e7a0f4e1b507030d5ef4ecaf17e422c8b2969bd6b23e62818e6,15,tlg0016.tlg001.perseus-grc1.1.tb.xml,ge8,8969,39728.7618728863,43318.85972212888,41571.91203944793,41571.91203944793,8072,8969,4.429564262781391,4.8298427608572725,0.4002784980758811,4.63506656700278,4.63506656700278,0.0,0.4002784980758811,
C0,ud23,HERODOTUS,89f0804afded8e7a0f4e1b507030d5ef4ecaf17e422c8b2969bd6b23e62818e6,16,tlg0016.tlg001.perseus-grc1.1.tb.xml,4_7,3977,17163.995972325833,18654.362554885975,18455.17842923259,18455.17842923259,3471,3977,4.315814928922764,4.690561366579325,0.3747464376565608,4.640477352082622,4.640477352082622,0.0,0.3747464376565608,
C0,ud23,HERODOTUS,89f0804afded8e7a0f4e1b507030d5ef4ecaf17e422c8b2969bd6b23e62818e6,16,tlg0016.tlg001.perseus-grc1.1.tb.xml,ge8,8969,39706.92537718986,43308.99226012612,41536.89934467553,41536.899344675534,8092,8969,4.427129599419095,4.828742586701541,0.4016129872824461,4.6311628213485925,4.631162821348593,8.881784197001252e-16,0.4016129872824452,
C0,ud23,HERODOTUS,89f0804afded8e7a0f4e1b507030d5ef4ecaf17e422c8b2969bd6b23e62818e6,17,tlg0016.tlg001.perseus-grc1.1.tb.xml,4_7,3977,17194.505137882665,18658.37311523477,18557.19841275336,18557.19841275336,3521,3977,4.323486330873187,4.691569805188526,0.3680834743153394,4.666129849824833,4.666129849824833,0.0,0.3680834743153394,
C0,ud23,HERODOTUS,89f0804afded8e7a0f4e1b507030d5ef4ecaf17e422c8b2969bd6b23e62818e6,17,tlg0016.tlg001.perseus-grc1.1.tb.xml,ge8,8969,39734.13563612822,43315.59790392619,41662.48541513462,41662.48541513462,8143,8969,4.430163411319905,4.829479083947618,0.39931567262771317,4.645165059107439,4.645165059107439,0.0,0.39931567262771317,
C0,ud23,HERODOTUS,89f0804afded8e7a0f4e1b507030d5ef4ecaf17e422c8b2969bd6b23e62818e6,18,tlg0016.tlg001.perseus-grc1.1.tb.xml,4_7,3977,17165.712522969487,18658.028968654286,18248.35042828435,18248.35042828435,3504,3977,4.316246548395647,4.691483270971658,0.3752367225760116,4.588471317144669,4.588471317144669,0.0,0.3752367225760116,
C0,ud23,HERODOTUS,89f0804afded8e7a0f4e1b507030d5ef4ecaf17e422c8b2969bd6b23e62818e6,18,tlg0016.tlg001.perseus-grc1.1.tb.xml,ge8,8969,39718.24547021257,43307.82378563474,41839.89228644373,41839.89228644373,8063,8969,4.428391734888233,4.828612307462899,0.4002205725746659,4.6649450648281565,4.6649450648281565,0.0,0.4002205725746659,
C0,ud23,HERODOTUS,89f0804afded8e7a0f4e1b507030d5ef4ecaf17e422c8b2969bd6b23e62818e6,19,tlg0016.tlg001.perseus-grc1.1.tb.xml,4_7,3977,17155.64595038116,18657.366225526115,18306.804330894676,18306.804330894676,3564,3977,4.313715350862751,4.691316626986702,0.37760127612395156,4.603169306234517,4.603169306234517,0.0,0.37760127612395156,
C0,ud23,HERODOTUS,89f0804afded8e7a0f4e1b507030d5ef4ecaf17e422c8b2969bd6b23e62818e6,19,tlg0016.tlg001.perseus-grc1.1.tb.xml,ge8,8969,39714.54943452553,43304.05829991969,41782.64005951673,41782.64005951673,8083,8969,4.427979644835046,4.828192474068424,0.40021282923337775,4.65856171920133,4.65856171920133,0.0,0.40021282923337775,
C0,ud23,HESIODIC_TRADITION,c4c0c7eaeca0d61d2e53f4f0642bfa382e91dd28b470d2f4da2ba8539fe0e7f7,0,tlg0020.tlg001.perseus-grc1.tb.xml,4_7,942,4274.569908814651,4581.218457525619,4611.57394180314,4611.57394180314,810,942,4.5377599881259565,4.8632892330420585,0.325529244916102,4.895513738644522,4.895513738644522,0.0,0.325529244916102,
C0,ud23,HESIODIC_TRADITION,c4c0c7eaeca0d61d2e53f4f0642bfa382e91dd28b470d2f4da2ba8539fe0e7f7,0,tlg0020.tlg001.perseus-grc1.tb.xml,ge8,2003,9604.71785963613,10033.266491499999,10042.070161457521,10042.070161457521,1731,2003,4.795166180547244,5.009119566400399,0.21395338585315482,5.013514808515986,5.013514808515986,0.0,0.21395338585315482,
C0,ud23,HESIODIC_TRADITION,c4c0c7eaeca0d61d2e53f4f0642bfa382e91dd28b470d2f4da2ba8539fe0e7f7,0,tlg0020.tlg002.perseus-grc1.tb.xml,4_7,887,4116.5180640669605,4325.797885614303,4246.140365910661,4246.140365910661,780,887,4.6409448298387375,4.876886004074749,0.2359411742360118,4.78708045762194,4.78708045762194,0.0,0.2359411742360118,
C0,ud23,HESIODIC_TRADITION,c4c0c7eaeca0d61d2e53f4f0642bfa382e91dd28b470d2f4da2ba8539fe0e7f7,0,tlg0020.tlg002.perseus-grc1.tb.xml,ge8,1190,5553.033350904766,5813.869103044883,5683.689264002448,5683.689264002448,1072,1190,4.666414580592241,4.885604288273011,0.21918970768077006,4.776209465548275,4.776209465548275,0.0,0.21918970768077006,
C0,ud23,HESIODIC_TRADITION,c4c0c7eaeca0d61d2e53f4f0642bfa382e91dd28b470d2f4da2ba8539fe0e7f7,0,tlg0020.tlg003.perseus-grc1.tb.xml,4_7,576,2562.518704269867,2748.9157669782985,2788.6879936405558,2788.6879936405558,509,576,4.448817194912964,4.772423206559546,0.3236060116465822,4.841472211181521,4.841472211181521,0.0,0.3236060116465822,
C0,ud23,HESIODIC_TRADITION,c4c0c7eaeca0d61d2e53f4f0642bfa382e91dd28b470d2f4da2ba8539fe0e7f7,0,tlg0020.tlg003.perseus-grc1.tb.xml,ge8,777,3676.8011369216515,3874.5098407088053,3797.3728392864823,3797.3728392864823,690,777,4.73204779526596,4.986499151491384,0.2544513562254238,4.8872237313854345,4.8872237313854345,0.0,0.2544513562254238,
C0,ud23,HESIODIC_TRADITION,c4c0c7eaeca0d61d2e53f4f0642bfa382e91dd28b470d2f4da2ba8539fe0e7f7,1,tlg0020.tlg001.perseus-grc1.tb.xml,4_7,942,4267.39411188922,4576.093592329567,4600.514739247517,4600.514739247517,829,942,4.530142369309151,4.857848824129053,0.3277064548199018,4.883773608543012,4.883773608543012,0.0,0.3277064548199018,
C0,ud23,HESIODIC_TRADITION,c4c0c7eaeca0d61d2e53f4f0642bfa382e91dd28b470d2f4da2ba8539fe0e7f7,1,tlg0020.tlg001.perseus-grc1.tb.xml,ge8,2003,9578.603974406551,10026.313769995566,9890.042394181264,9890.042394181264,1730,2003,4.782128794012257,5.005648412379214,0.22351961836695722,4.93761477492824,4.93761477492824,0.0,0.22351961836695722,
C0,ud23,HESIODIC_TRADITION,c4c0c7eaeca0d61d2e53f4f0642bfa382e91dd28b470d2f4da2ba8539fe0e7f7,1,tlg0020.tlg002.perseus-grc1.tb.xml,4_7,887,4103.537943568621,4325.446682520548,4250.2527972831,4250.252797283101,765,887,4.6263110975970925,4.876490059211441,0.25017896161434816,4.791716795133146,4.791716795133147,8.881784197001252e-16,0.2501789616143473,
C0,ud23,HESIODIC_TRADITION,c4c0c7eaeca0d61d2e53f4f0642bfa382e91dd28b470d2f4da2ba8539fe0e7f7,1,tlg0020.tlg002.perseus-grc1.tb.xml,ge8,1190,5556.31520802279,5810.144858218661,5668.396963605506,5668.396963605506,1044,1190,4.66917244371663,4.882474670771984,0.21330222705535373,4.763358792945803,4.763358792945803,0.0,0.21330222705535373,
C0,ud23,HESIODIC_TRADITION,c4c0c7eaeca0d61d2e53f4f0642bfa382e91dd28b470d2f4da2ba8539fe0e7f7,1,tlg0020.tlg003.perseus-grc1.tb.xml,4_7,576,2570.5320149138383,2746.369955376767,2768.846886038326,2768.8468860383264,499,576,4.462729192558747,4.768003394751331,0.3052742021925843,4.807025843816538,4.807025843816539,8.881784197001252e-16,0.3052742021925834,
C0,ud23,HESIODIC_TRADITION,c4c0c7eaeca0d61d2e53f4f0642bfa382e91dd28b470d2f4da2ba8539fe0e7f7,1,tlg0020.tlg003.perseus-grc1.tb.xml,ge8,777,3669.3790980050785,3868.6195030113267,3768.440320675809,3768.440320675809,692,777,4.722495621628157,4.978918279293857,0.2564226576656994,4.849987542697309,4.849987542697309,0.0,0.2564226576656994,
C0,ud23,HESIODIC_TRADITION,c4c0c7eaeca0d61d2e53f4f0642bfa382e91dd28b470d2f4da2ba8539fe0e7f7,2,tlg0020.tlg001.perseus-grc1.tb.xml,4_7,942,4277.508898836888,4580.56286795575,4668.724889083054,4668.724889083054,818,942,4.540879935071007,4.862593278084661,0.32171334301365384,4.956183534058444,4.956183534058444,0.0,0.32171334301365384,
C0,ud23,HESIODIC_TRADITION,c4c0c7eaeca0d61d2e53f4f0642bfa382e91dd28b470d2f4da2ba8539fe0e7f7,2,tlg0020.tlg001.perseus-grc1.tb.xml,ge8,2003,9550.067447234564,10040.624803682222,9953.200019418451,9953.200019418451,1716,2003,4.767881900766133,5.012793212023076,0.244911311256943,4.969146290273815,4.969146290273815,0.0,0.244911311256943,
C0,ud23,HESIODIC_TRADITION,c4c0c7eaeca0d61d2e53f4f0642bfa382e91dd28b470d2f4da2ba8539fe0e7f7,2,tlg0020.tlg002.perseus-grc1.tb.xml,4_7,887,4103.7087172735255,4322.369075355317,4274.325861520955,4274.325861520955,743,887,4.62650362714039,4.873020378078148,0.24651675093775793,4.818856664623399,4.818856664623399,0.0,0.24651675093775793,
C0,ud23,HESIODIC_TRADITION,c4c0c7eaeca0d61d2e53f4f0642bfa382e91dd28b470d2f4da2ba8539fe0e7f7,2,tlg0020.tlg002.perseus-grc1.tb.xml,ge8,1190,5542.071175662699,5808.999233514134,5677.864139260821,5677.8641392608215,1058,1190,4.657202668624117,4.881511960936248,0.22430929231213081,4.7713144027401855,4.771314402740186,8.881784197001252e-16,0.22430929231212993,
C0,ud23,HESIODIC_TRADITION,c4c0c7eaeca0d61d2e53f4f0642bfa382e91dd28b470d2f4da2ba8539fe0e7f7,2,tlg0020.tlg003.perseus-grc1.tb.xml,4_7,576,2570.411149505645,2747.4281456090425,2848.5932611652147,2848.5932611652147,484,576,4.462519356780634,4.769840530571255,0.30732117379062096,4.945474411745164,4.945474411745164,0.0,0.30732117379062096,
C0,ud23,HESIODIC_TRADITION,c4c0c7eaeca0d61d2e53f4f0642bfa382e91dd28b470d2f4da2ba8539fe0e7f7,2,tlg0020.tlg003.perseus-grc1.tb.xml,ge8,777,3664.1465879641796,3872.1330418314456,3763.1635952213132,3763.1635952213132,682,777,4.715761374471274,4.983440208277279,0.26767883380600477,4.84319639024622,4.84319639024622,0.0,0.26767883380600477,
C0,ud23,HESIODIC_TRADITION,c4c0c7eaeca0d61d2e53f4f0642bfa382e91dd28b470d2f4da2ba8539fe0e7f7,3,tlg0020.tlg001.perseus-grc1.tb.xml,4_7,942,4275.62093543479,4591.575575680787,4565.093503106784,4565.093503106784,818,942,4.538875727637781,4.874284050616546,0.3354083229787648,4.846171447034802,4.846171447034802,0.0,0.3354083229787648,
C0,ud23,HESIODIC_TRADITION,c4c0c7eaeca0d61d2e53f4f0642bfa382e91dd28b470d2f4da2ba8539fe0e7f7,3,tlg0020.tlg001.perseus-grc1.tb.xml,ge8,2003,9617.789790245855,10065.427346504579,9984.150718448256,9984.150718448256,1727,2003,4.801692356588045,5.025175909388207,0.22348355280016197,4.984598461531831,4.984598461531831,0.0,0.22348355280016197,
C0,ud23,HESIODIC_TRADITION,c4c0c7eaeca0d61d2e53f4f0642bfa382e91dd28b470d2f4da2ba8539fe0e7f7,3,tlg0020.tlg002.perseus-grc1.tb.xml,4_7,887,4113.164758954321,4326.490507921869,4314.772049012734,4314.772049012734,768,887,4.6371643280206545,4.8776668634970335,0.240502535476379,4.864455523125969,4.864455523125969,0.0,0.240502535476379,
C0,ud23,HESIODIC_TRADITION,c4c0c7eaeca0d61d2e53f4f0642bfa382e91dd28b470d2f4da2ba8539fe0e7f7,3,tlg0020.tlg002.perseus-grc1.tb.xml,ge8,1190,5559.274627374079,5815.314420991254,5694.63202663068,5694.63202663068,1066,1190,4.67165935073452,4.886818841169121,0.21515949043460125,4.78540506439553,4.78540506439553,0.0,0.21515949043460125,
C0,ud23,HESIODIC_TRADITION,c4c0c7eaeca0d61d2e53f4f0642bfa382e91dd28b470d2f4da2ba8539fe0e7f7,3,tlg0020.tlg003.perseus-grc1.tb.xml,4_7,576,2577.200549361395,2751.731929769809,2809.12958153569,2809.12958153569,502,576,4.4743065093079775,4.777312378072585,0.30300586876460756,4.876961079055017,4.876961079055017,0.0,0.30300586876460756,
C0,ud23,HESIODIC_TRADITION,c4c0c7eaeca0d61d2e53f4f0642bfa382e91dd28b470d2f4da2ba8539fe0e7f7,3,tlg0020.tlg003.perseus-grc1.tb.xml,ge8,777,3677.717248524459,3875.459099625644,3789.1258305364995,3789.1258305364995,700,777,4.733226832077811,4.987720848939053,0.2544940168612415,4.8766098205102955,4.8766098205102955,0.0,0.2544940168612415,
C0,ud23,HESIODIC_TRADITION,c4c0c7eaeca0d61d2e53f4f0642bfa382e91dd28b470d2f4da2ba8539fe0e7f7,4,tlg0020.tlg001.perseus-grc1.tb.xml,4_7,942,4284.611671084889,4586.892571821538,4641.355671803,4641.355671803,815,942,4.548420032998821,4.869312708940061,0.3208926759412405,4.9271291632728245,4.9271291632728245,0.0,0.3208926759412405,
C0,ud23,HESIODIC_TRADITION,c4c0c7eaeca0d61d2e53f4f0642bfa382e91dd28b470d2f4da2ba8539fe0e7f7,4,tlg0020.tlg001.perseus-grc1.tb.xml,ge8,2003,9676.796137291416,10049.299764729809,9909.27986529115,9909.27986529115,1755,2003,4.831151341633258,5.017124196070799,0.18597285443754075,4.947219103989591,4.947219103989591,0.0,0.18597285443754075,
C0,ud23,HESIODIC_TRADITION,c4c0c7eaeca0d61d2e53f4f0642bfa382e91dd28b470d2f4da2ba8539fe0e7f7,4,tlg0020.tlg002.perseus-grc1.tb.xml,4_7,887,4111.355088077739,4324.538049677616,4347.580652005116,4347.580652005116,766,887,4.6351241128272145,4.875465670436997,0.24034155760978226,4.901443801584121,4.901443801584121,0.0,0.24034155760978226,
C0,ud23,HESIODIC_TRADITION,c4c0c7eaeca0d61d2e53f4f0642bfa382e91dd28b470d2f4da2ba8539fe0e7f7,4,tlg0020.tlg002.perseus-grc1.tb.xml,ge8,1190,5545.546977284049,5814.961064203512,5621.665575722907,5621.665575722907,1065,1190,4.66012351032273,4.886521902692027,0.2263983923692967,4.72408871909488,4.72408871909488,0.0,0.2263983923692967,
C0,ud23,HESIODIC_TRADITION,c4c0c7eaeca0d61d2e53f4f0642bfa382e91dd28b470d2f4da2ba8539fe0e7f7,4,tlg0020.tlg003.perseus-grc1.tb.xml,4_7,576,2568.543003413996,2750.591495392081,2741.4224895393063,2741.4224895393068,516,576,4.459276047593743,4.775332457277918,0.31605640968417514,4.759414044339073,4.759414044339074,8.881784197001252e-16,0.31605640968417426,
C0,ud23,HESIODIC_TRADITION,c4c0c7eaeca0d61d2e53f4f0642bfa382e91dd28b470d2f4da2ba8539fe0e7f7,4,tlg0020.tlg003.perseus-grc1.tb.xml,ge8,777,3678.1568231955966,3875.991820580373,3882.988482707166,3882.988482707166,700,777,4.733792565245298,4.988406461493401,0.25461389624810327,4.997411174655297,4.997411174655297,0.0,0.25461389624810327,
C0,ud23,HESIODIC_TRADITION,c4c0c7eaeca0d61d2e53f4f0642bfa382e91dd28b470d2f4da2ba8539fe0e7f7,5,tlg0020.tlg001.perseus-grc1.tb.xml,4_7,942,4252.982424868024,4575.536517410929,4585.323906067363,4585.323906067363,830,942,4.5148433385010875,4.857257449480817,0.3424141109797292,4.867647458670237,4.867647458670237,0.0,0.3424141109797292,
C0,ud23,HESIODIC_TRADITION,c4c0c7eaeca0d61d2e53f4f0642bfa382e91dd28b470d2f4da2ba8539fe0e7f7,5,tlg0020.tlg001.perseus-grc1.tb.xml,ge8,2003,9554.168674436743,10019.188966079782,9970.207054671231,9970.207054671231,1755,2003,4.769929443053791,5.00209134602086,0.23216190296706873,4.977637071728023,4.977637071728023,0.0,0.23216190296706873,
C0,ud23,HESIODIC_TRADITION,c4c0c7eaeca0d61d2e53f4f0642bfa382e91dd28b470d2f4da2ba8539fe0e7f7,5,tlg0020.tlg002.perseus-grc1.tb.xml,4_7,887,4109.866238131257,4319.362784189671,4238.720801053621,4238.720801053621,763,887,4.633445589775938,4.869631098297262,0.23618550852132358,4.778715671988298,4.778715671988298,0.0,0.23618550852132358,
C0,ud23,HESIODIC_TRADITION,c4c0c7eaeca0d61d2e53f4f0642bfa382e91dd28b470d2f4da2ba8539fe0e7f7,5,tlg0020.tlg002.perseus-grc1.tb.xml,ge8,1190,5532.883818048801,5808.3318722781505,5729.947967650599,5729.947967650599,1046,1190,4.649482200041009,4.880951153174917,0.23146895313390736,4.815082325756806,4.815082325756806,0.0,0.23146895313390736,
C0,ud23,HESIODIC_TRADITION,c4c0c7eaeca0d61d2e53f4f0642bfa382e91dd28b470d2f4da2ba8539fe0e7f7,5,tlg0020.tlg003.perseus-grc1.tb.xml,4_7,576,2574.1911088553356,2747.4692582814214,2755.8128628782524,2755.8128628782524,507,576,4.46908178620718,4.769911906738579,0.30083012053139857,4.784397331385855,4.784397331385855,0.0,0.30083012053139857,
C0,ud23,HESIODIC_TRADITION,c4c0c7eaeca0d61d2e53f4f0642bfa382e91dd28b470d2f4da2ba8539fe0e7f7,5,tlg0020.tlg003.perseus-grc1.tb.xml,ge8,777,3681.7453185448135,3869.5537879829067,3773.119738479966,3773.119738479966,689,777,4.738410963378138,4.9801207052547065,0.24170974187656835,4.856009959433676,4.856009959433676,0.0,0.24170974187656835,
C0,ud23,HESIODIC_TRADITION,c4c0c7eaeca0d61d2e53f4f0642bfa382e91dd28b470d2f4da2ba8539fe0e7f7,6,tlg0020.tlg001.perseus-grc1.tb.xml,4_7,942,4268.351383291061,4577.186718058745,4522.888214257252,4522.888214257252,821,942,4.531158580988388,4.859009254839433,0.32785067385104494,4.801367531058654,4.801367531058654,0.0,0.32785067385104494,
C0,ud23,HESIODIC_TRADITION,c4c0c7eaeca0d61d2e53f4f0642bfa382e91dd28b470d2f4da2ba8539fe0e7f7,6,tlg0020.tlg001.perseus-grc1.tb.xml,ge8,2003,9530.85615330967,10019.56525091777,9975.177626059345,9975.177626059345,1741,2003,4.758290640693795,5.002279206648912,0.2439885659551173,4.980118635077057,4.980118635077057,0.0,0.2439885659551173,
C0,ud23,HESIODIC_TRADITION,c4c0c7eaeca0d61d2e53f4f0642bfa382e91dd28b470d2f4da2ba8539fe0e7f7,6,tlg0020.tlg002.perseus-grc1.tb.xml,4_7,887,4108.264856414396,4323.624646620607,4237.319105399684,4237.319105399684,762,887,4.631640198888833,4.874435903743637,0.24279570485480395,4.77713540631306,4.77713540631306,0.0,0.24279570485480395,
C0,ud23,HESIODIC_TRADITION,c4c0c7eaeca0d61d2e53f4f0642bfa382e91dd28b470d2f4da2ba8539fe0e7f7,6,tlg0020.tlg002.perseus-grc1.tb.xml,ge8,1190,5548.830666404016,5810.327104752787,5727.553748377553,5727.553748377553,1056,1190,4.662882912944551,4.882627819119989,0.21974490617543818,4.81307037678786,4.81307037678786,0.0,0.21974490617543818,
C0,ud23,HESIODIC_TRADITION,c4c0c7eaeca0d61d2e53f4f0642bfa382e91dd28b470d2f4da2ba8539fe0e7f7,6,tlg0020.tlg003.perseus-grc1.tb.xml,4_7,576,2575.010982564762,2748.051232898239,2828.5331914916087,2828.5331914916087,506,576,4.4705051780638225,4.770922279337221,0.30041710127339805,4.910647901895154,4.910647901895154,0.0,0.30041710127339805,
C0,ud23,HESIODIC_TRADITION,c4c0c7eaeca0d61d2e53f4f0642bfa382e91dd28b470d2f4da2ba8539fe0e7f7,6,tlg0020.tlg003.perseus-grc1.tb.xml,ge8,777,3673.5263046889854,3873.074207174346,3766.7591887318654,3766.7591887318654,703,777,4.727833081967806,4.984651489284873,0.2568184073170663,4.847823923721834,4.847823923721834,0.0,0.2568184073170663,
C0,ud23,HESIODIC_TRADITION,c4c0c7eaeca0d61d2e53f4f0642bfa382e91dd28b470d2f4da2ba8539fe0e7f7,7,tlg0020.tlg001.perseus-grc1.tb.xml,4_7,942,4270.511028131352,4579.702959092607,4626.73681422041,4626.73681422041,815,942,4.533451197591669,4.861680423665188,0.32822922607351934,4.911610206178779,4.911610206178779,0.0,0.32822922607351934,
C0,ud23,HESIODIC_TRADITION,c4c0c7eaeca0d61d2e53f4f0642bfa382e91dd28b470d2f4da2ba8539fe0e7f7,7,tlg0020.tlg001.perseus-grc1.tb.xml,ge8,2003,9569.515228728234,10032.94228064532,9912.081869978281,9912.081869978281,1772,2003,4.777591227522833,5.00895770376701,0.23136647624417694,4.948618007977175,4.948618007977175,0.0,0.23136647624417694,
C0,ud23,HESIODIC_TRADITION,c4c0c7eaeca0d61d2e53f4f0642bfa382e91dd28b470d2f4da2ba8539fe0e7f7,7,tlg0020.tlg002.perseus-grc1.tb.xml,4_7,887,4120.213119202224,4324.988735749282,4249.385822361476,4249.385822361476,746,887,4.645110619168235,4.875973771983406,0.23086315281517145,4.790739371320718,4.790739371320718,0.0,0.23086315281517145,
C0,ud23,HESIODIC_TRADITION,c4c0c7eaeca0d61d2e53f4f0642bfa382e91dd28b470d2f4da2ba8539fe0e7f7,7,tlg0020.tlg002.perseus-grc1.tb.xml,ge8,1190,5550.186090021791,5811.402126847976,5709.11386462211,5709.11386462211,1064,1190,4.664021924388059,4.883531199031913,0.21950927464385384,4.797574676153033,4.797574676153033,0.0,0.21950927464385384,
C0,ud23,HESIODIC_TRADITION,c4c0c7eaeca0d61d2e53f4f0642bfa382e91dd28b470d2f4da2ba8539fe0e7f7,7,tlg0020.tlg003.perseus-grc1.tb.xml,4_7,576,2564.4618809169287,2749.0266077257525,2781.6588442631332,2781.6588442631332,512,576,4.452190765480779,4.7726156384127645,0.3204248729319854,4.829268826845717,4.829268826845717,0.0,0.3204248729319854,
C0,ud23,HESIODIC_TRADITION,c4c0c7eaeca0d61d2e53f4f0642bfa382e91dd28b470d2f4da2ba8539fe0e7f7,7,tlg0020.tlg003.perseus-grc1.tb.xml,ge8,777,3665.701644557409,3871.918226430674,3756.1071447294717,3756.1071447294717,689,777,4.71776273430812,4.983163740580018,0.26540100627189833,4.834114729381559,4.834114729381559,0.0,0.26540100627189833,
C0,ud23,HESIODIC_TRADITION,c4c0c7eaeca0d61d2e53f4f0642bfa382e91dd28b470d2f4da2ba8539fe0e7f7,8,tlg0020.tlg001.perseus-grc1.tb.xml,4_7,942,4276.8202894894885,4585.979925402757,4590.758986720564,4590.758986720564,818,942,4.540148927271219,4.868343869854306,0.328194942583087,4.873417183355164,4.873417183355164,0.0,0.328194942583087,
C0,ud23,HESIODIC_TRADITION,c4c0c7eaeca0d61d2e53f4f0642bfa382e91dd28b470d2f4da2ba8539fe0e7f7,8,tlg0020.tlg001.perseus-grc1.tb.xml,ge8,2003,9561.826125670063,10046.421091509159,9981.71259479538,9981.71259479538,1753,2003,4.773752434183756,5.015687015231732,0.2419345810479765,4.98338122555935,4.98338122555935,0.0,0.2419345810479765,
C0,ud23,HESIODIC_TRADITION,c4c0c7eaeca0d61d2e53f4f0642bfa382e91dd28b470d2f4da2ba8539fe0e7f7,8,tlg0020.tlg002.perseus-grc1.tb.xml,4_7,887,4116.7104895680495,4321.898013625831,4263.363344084302,4263.363344084302,756,887,4.641161769524295,4.872489305102402,0.2313275355781066,4.806497569429879,4.806497569429879,0.0,0.2313275355781066,
C0,ud23,HESIODIC_TRADITION,c4c0c7eaeca0d61d2e53f4f0642bfa382e91dd28b470d2f4da2ba8539fe0e7f7,8,tlg0020.tlg002.perseus-grc1.tb.xml,ge8,1190,5552.315605026809,5812.315326705858,5707.931161178168,5707.931161178168,1080,1190,4.665811432795638,4.884298593870469,0.21848716107483046,4.796580807712746,4.796580807712746,0.0,0.21848716107483046,
C0,ud23,HESIODIC_TRADITION,c4c0c7eaeca0d61d2e53f4f0642bfa382e91dd28b470d2f4da2ba8539fe0e7f7,8,tlg0020.tlg003.perseus-grc1.tb.xml,4_7,576,2566.4231239971923,2747.9959593025087,2821.543322717223,2821.543322717223,520,576,4.455595701384015,4.770826318233522,0.31523061684950715,4.898512713050734,4.898512713050734,0.0,0.31523061684950715,
C0,ud23,HESIODIC_TRADITION,c4c0c7eaeca0d61d2e53f4f0642bfa382e91dd28b470d2f4da2ba8539fe0e7f7,8,tlg0020.tlg003.perseus-grc1.tb.xml,ge8,777,3664.951761914262,3876.4242494966293,3810.368000637056,3810.368000637056,700,777,4.716797634381289,4.98896299806516,0.2721653636838708,4.903948520768412,4.903948520768412,0.0,0.2721653636838708,
C0,ud23,HESIODIC_TRADITION,c4c0c7eaeca0d61d2e53f4f0642bfa382e91dd28b470d2f4da2ba8539fe0e7f7,9,tlg0020.tlg001.perseus-grc1.tb.xml,4_7,942,4247.362552790713,4570.538128913144,4547.6191841305545,4547.6191841305545,826,942,4.508877444576129,4.851951304578709,0.3430738600025798,4.82762121457596,4.82762121457596,0.0,0.3430738600025798,
C0,ud23,HESIODIC_TRADITION,c4c0c7eaeca0d61d2e53f4f0642bfa382e91dd28b470d2f4da2ba8539fe0e7f7,9,tlg0020.tlg001.perseus-grc1.tb.xml,ge8,2003,9502.1038022396,10002.220090155392,9860.12986037775,9860.12986037775,1720,2003,4.743935997124114,4.9936196156542145,0.24968361853010013,4.922680908825637,4.922680908825637,0.0,0.24968361853010013,
C0,ud23,HESIODIC_TRADITION,c4c0c7eaeca0d61d2e53f4f0642bfa382e91dd28b470d2f4da2ba8539fe0e7f7,9,tlg0020.tlg002.perseus-grc1.tb.xml,4_7,887,4112.0818633468325,4323.796264689458,4290.682952413023,4290.682952413023,759,887,4.6359434761520095,4.874629385219231,0.23868590906722176,4.837297578819642,4.837297578819642,0.0,0.23868590906722176,
C0,ud23,HESIODIC_TRADITION,c4c0c7eaeca0d61d2e53f4f0642bfa382e91dd28b470d2f4da2ba8539fe0e7f7,9,tlg0020.tlg002.perseus-grc1.tb.xml,ge8,1190,5550.625251813732,5807.921303045152,5662.481424677736,5662.481424677736,1039,1190,4.664390967910699,4.880606137012733,0.21621516910203376,4.75838775183003,4.75838775183003,0.0,0.21621516910203376,
C0,ud23,HESIODIC_TRADITION,c4c0c7eaeca0d61d2e53f4f0642bfa382e91dd28b470d2f4da2ba8539fe0e7f7,9,tlg0020.tlg003.perseus-grc1.tb.xml,4_7,576,2577.102439825231,2746.584347733455,2745.5112773309156,2745.5112773309156,506,576,4.474136180252137,4.768375603703915,0.2942394234517778,4.766512634255061,4.766512634255061,0.0,0.2942394234517778,
C0,ud23,HESIODIC_TRADITION,c4c0c7eaeca0d61d2e53f4f0642bfa382e91dd28b470d2f4da2ba8539fe0e7f7,9,tlg0020.tlg003.perseus-grc1.tb.xml,ge8,777,3656.5844126475504,3868.9733100782696,3828.110425095546,3828.110425095546,709,777,4.706028845106243,4.979373629444362,0.2733447843381196,4.926783043881011,4.926783043881011,0.0,0.2733447843381196,
C0,ud23,HESIODIC_TRADITION,c4c0c7eaeca0d61d2e53f4f0642bfa382e91dd28b470d2f4da2ba8539fe0e7f7,10,tlg0020.tlg001.perseus-grc1.tb.xml,4_7,942,4278.534069603352,4582.974867499702,4612.970260539469,4612.970260539469,817,942,4.54196822675515,4.865153787154672,0.32318556039952195,4.896996030296676,4.896996030296676,0.0,0.32318556039952195,
C0,ud23,HESIODIC_TRADITION,c4c0c7eaeca0d61d2e53f4f0642bfa382e91dd28b470d2f4da2ba8539fe0e7f7,10,tlg0020.tlg001.perseus-grc1.tb.xml,ge8,2003,9657.09769423763,10051.10710473822,9911.102113375862,9911.102113375862,1747,2003,4.821316871811098,5.018026512600209,0.1967096407891109,4.948128863392842,4.948128863392842,0.0,0.1967096407891109,
C0,ud23,HESIODIC_TRADITION,c4c0c7eaeca0d61d2e53f4f0642bfa382e91dd28b470d2f4da2ba8539fe0e7f7,10,tlg0020.tlg002.perseus-grc1.tb.xml,4_7,887,4116.312763401374,4336.507878710755,4329.018812734111,4329.018812734111,759,887,4.640713374747884,4.8889604044089685,0.24824702966108436,4.880517263510835,4.880517263510835,0.0,0.24824702966108436,
C0,ud23,HESIODIC_TRADITION,c4c0c7eaeca0d61d2e53f4f0642bfa382e91dd28b470d2f4da2ba8539fe0e7f7,10,tlg0020.tlg002.perseus-grc1.tb.xml,ge8,1190,5571.298453380003,5825.489487656664,5668.556151614819,5668.556151614819,1053,1190,4.681763406201683,4.895369317358541,0.2136059111568578,4.763492564382201,4.763492564382201,0.0,0.2136059111568578,
C0,ud23,HESIODIC_TRADITION,c4c0c7eaeca0d61d2e53f4f0642bfa382e91dd28b470d2f4da2ba8539fe0e7f7,10,tlg0020.tlg003.perseus-grc1.tb.xml,4_7,576,2568.23629459447,2749.12080168641,2832.8154664413805,2832.8154664413805,494,576,4.458743567004288,4.772779169594461,0.31403560259017294,4.918082407016286,4.918082407016286,0.0,0.31403560259017294,
C0,ud23,HESIODIC_TRADITION,c4c0c7eaeca0d61d2e53f4f0642bfa382e91dd28b470d2f4da2ba8539fe0e7f7,10,tlg0020.tlg003.perseus-grc1.tb.xml,ge8,777,3691.1079329480026,3884.5887205347003,3776.7688554383108,3776.7688554383108,705,777,4.750460660164739,4.999470682798842,0.24901002263410277,4.860706377655483,4.860706377655483,0.0,0.24901002263410277,
C0,ud23,HESIODIC_TRADITION,c4c0c7eaeca0d61d2e53f4f0642bfa382e91dd28b470d2f4da2ba8539fe0e7f7,11,tlg0020.tlg001.perseus-grc1.tb.xml,4_7,942,4281.53004354061,4587.10058897871,4591.634551903946,4591.634551903946,831,942,4.545148666178991,4.869533533947675,0.3243848677686838,4.874346658072129,4.874346658072129,0.0,0.3243848677686838,
C0,ud23,HESIODIC_TRADITION,c4c0c7eaeca0d61d2e53f4f0642bfa382e91dd28b470d2f4da2ba8539fe0e7f7,11,tlg0020.tlg001.perseus-grc1.tb.xml,ge8,2003,9634.122261844612,10052.161066583636,9918.039889998889,9918.039889998889,1738,2003,4.809846361380235,5.018552704235465,0.20870634285522982,4.951592556165196,4.951592556165196,0.0,0.20870634285522982,
C0,ud23,HESIODIC_TRADITION,c4c0c7eaeca0d61d2e53f4f0642bfa382e91dd28b470d2f4da2ba8539fe0e7f7,11,tlg0020.tlg002.perseus-grc1.tb.xml,4_7,887,4113.2224839572245,4328.447335611566,4353.565895265656,4353.565895265656,764,887,4.637229406941628,4.879872982651145,0.24264357570951667,4.908191539194651,4.908191539194651,0.0,0.24264357570951667,
C0,ud23,HESIODIC_TRADITION,c4c0c7eaeca0d61d2e53f4f0642bfa382e91dd28b470d2f4da2ba8539fe0e7f7,11,tlg0020.tlg002.perseus-grc1.tb.xml,ge8,1190,5549.591441671006,5816.174316613714,5669.091631126903,5669.091631126903,1061,1190,4.663522219891601,4.887541442532533,0.22401922264093166,4.763942547165465,4.763942547165465,0.0,0.22401922264093166,
C0,ud23,HESIODIC_TRADITION,c4c0c7eaeca0d61d2e53f4f0642bfa382e91dd28b470d2f4da2ba8539fe0e7f7,11,tlg0020.tlg003.perseus-grc1.tb.xml,4_7,576,2579.7685640352424,2750.269406693663,2746.720175121141,2746.720175121141,502,576,4.47876486811674,4.7747732755098315,0.2960084073930913,4.76861141514087,4.76861141514087,0.0,0.2960084073930913,
C0,ud23,HESIODIC_TRADITION,c4c0c7eaeca0d61d2e53f4f0642bfa382e91dd28b470d2f4da2ba8539fe0e7f7,11,tlg0020.tlg003.perseus-grc1.tb.xml,ge8,777,3679.622547254013,3876.275549439725,3791.7259424363165,3791.7259424363165,698,777,4.735678953994869,4.988771620900547,0.2530926669056779,4.879956167871708,4.879956167871708,0.0,0.2530926669056779,
C0,ud23,HESIODIC_TRADITION,c4c0c7eaeca0d61d2e53f4f0642bfa382e91dd28b470d2f4da2ba8539fe0e7f7,12,tlg0020.tlg001.perseus-grc1.tb.xml,4_7,942,4276.855238178041,4589.872120491959,4495.610146903867,4495.610146903867,818,942,4.5401860277898525,4.872475711774904,0.3322896839850511,4.772409922403256,4.772409922403256,0.0,0.3322896839850511,
C0,ud23,HESIODIC_TRADITION,c4c0c7eaeca0d61d2e53f4f0642bfa382e91dd28b470d2f4da2ba8539fe0e7f7,12,tlg0020.tlg001.perseus-grc1.tb.xml,ge8,2003,9567.460084241347,10047.052612942516,9995.680035889865,9995.680035889865,1745,2003,4.77656519432918,5.016002303016733,0.23943710868755286,4.990354486215609,4.990354486215609,0.0,0.23943710868755286,
C0,ud23,HESIODIC_TRADITION,c4c0c7eaeca0d61d2e53f4f0642bfa382e91dd28b470d2f4da2ba8539fe0e7f7,12,tlg0020.tlg002.perseus-grc1.tb.xml,4_7,887,4110.59430541117,4325.443013563982,4265.686626673139,4265.686626673139,762,887,4.6342664097081965,4.876485922845527,0.24221951313733037,4.809116828267349,4.809116828267349,0.0,0.24221951313733037,
C0,ud23,HESIODIC_TRADITION,c4c0c7eaeca0d61d2e53f4f0642bfa382e91dd28b470d2f4da2ba8539fe0e7f7,12,tlg0020.tlg002.perseus-grc1.tb.xml,ge8,1190,5564.85094281646,5816.667209068046,5704.274309512514,5704.274309512514,1072,1190,4.676345330097865,4.887955637872308,0.21161030777444267,4.79350782311976,4.79350782311976,0.0,0.21161030777444267,
C0,ud23,HESIODIC_TRADITION,c4c0c7eaeca0d61d2e53f4f0642bfa382e91dd28b470d2f4da2ba8539fe0e7f7,12,tlg0020.tlg003.perseus-grc1.tb.xml,4_7,576,2585.786931808399,2753.5040021575546,2842.504368114496,2842.504368114496,504,576,4.48921342327847,4.780388892634644,0.29117546935617344,4.934903416865445,4.934903416865445,0.0,0.29117546935617344,
C0,ud23,HESIODIC_TRADITION,c4c0c7eaeca0d61d2e53f4f0642bfa382e91dd28b470d2f4da2ba8539fe0e7f7,12,tlg0020.tlg003.perseus-grc1.tb.xml,ge8,777,3686.7158613463766,3877.563796191905,3753.7767977223143,3753.7767977223143,706,777,4.744808058360845,4.990429596128578,0.24562153776773332,4.831115569784188,4.831115569784188,0.0,0.24562153776773332,
C0,ud23,HESIODIC_TRADITION,c4c0c7eaeca0d61d2e53f4f0642bfa382e91dd28b470d2f4da2ba8539fe0e7f7,13,tlg0020.tlg001.perseus-grc1.tb.xml,4_7,942,4270.661761849831,4582.911222291368,4502.427700954671,4502.427700954671,821,942,4.533611212154811,4.865086223239245,0.331475011084434,4.779647240928526,4.779647240928526,0.0,0.331475011084434,
C0,ud23,HESIODIC_TRADITION,c4c0c7eaeca0d61d2e53f4f0642bfa382e91dd28b470d2f4da2ba8539fe0e7f7,13,tlg0020.tlg001.perseus-grc1.tb.xml,ge8,2003,9583.5080530722,10054.411748359005,10097.64924820698,10097.64924820698,1740,2003,4.784577160794908,5.019676359640043,0.23509919884513497,5.041262730008477,5.041262730008477,0.0,0.23509919884513497,
C0,ud23,HESIODIC_TRADITION,c4c0c7eaeca0d61d2e53f4f0642bfa382e91dd28b470d2f4da2ba8539fe0e7f7,13,tlg0020.tlg002.perseus-grc1.tb.xml,4_7,887,4130.977260754082,4331.120912949288,4287.983893932306,4287.983893932306,744,887,4.6572460662391,4.882887162287811,0.22564109604871074,4.834254671851529,4.834254671851529,0.0,0.22564109604871074,
C0,ud23,HESIODIC_TRADITION,c4c0c7eaeca0d61d2e53f4f0642bfa382e91dd28b470d2f4da2ba8539fe0e7f7,13,tlg0020.tlg002.perseus-grc1.tb.xml,ge8,1190,5557.977306218114,5818.062556836147,5731.776798671113,5731.776798671113,1071,1190,4.670569164889171,4.889128199021973,0.21855903413280142,4.816619158547154,4.816619158547154,0.0,0.21855903413280142,
C0,ud23,HESIODIC_TRADITION,c4c0c7eaeca0d61d2e53f4f0642bfa382e91dd28b470d2f4da2ba8539fe0e7f7,13,tlg0020.tlg003.perseus-grc1.tb.xml,4_7,576,2574.257207382213,2751.235762348191,2790.6285587557513,2790.6285587557513,508,576,4.46919654059412,4.776450976298943,0.3072544357048228,4.844841247839846,4.844841247839846,0.0,0.3072544357048228,
C0,ud23,HESIODIC_TRADITION,c4c0c7eaeca0d61d2e53f4f0642bfa382e91dd28b470d2f4da2ba8539fe0e7f7,13,tlg0020.tlg003.perseus-grc1.tb.xml,ge8,777,3678.740162943572,3880.726973910406,3758.5886025349573,3758.5886025349573,697,777,4.734543324251701,4.9945006099233025,0.25995728567160103,4.8373083687708585,4.8373083687708585,0.0,0.25995728567160103,
C0,ud23,HESIODIC_TRADITION,c4c0c7eaeca0d61d2e53f4f0642bfa382e91dd28b470d2f4da2ba8539fe0e7f7,14,tlg0020.tlg001.perseus-grc1.tb.xml,4_7,942,4273.331360861424,4578.426989632671,4648.631696296179,4648.63169629618,819,942,4.536445181381555,4.8603258913298,0.323880709948245,4.934853180781507,4.9348531807815075,8.881784197001252e-16,0.32388070994824414,
C0,ud23,HESIODIC_TRADITION,c4c0c7eaeca0d61d2e53f4f0642bfa382e91dd28b470d2f4da2ba8539fe0e7f7,14,tlg0020.tlg001.perseus-grc1.tb.xml,ge8,2003,9575.256481270511,10021.70972156291,9997.170152100716,9997.170152100716,1719,2003,4.7804575543038,5.003349836027414,0.2228922817236132,4.991098428407747,4.991098428407747,0.0,0.2228922817236132,
C0,ud23,HESIODIC_TRADITION,c4c0c7eaeca0d61d2e53f4f0642bfa382e91dd28b470d2f4da2ba8539fe0e7f7,14,tlg0020.tlg002.perseus-grc1.tb.xml,4_7,887,4116.163108612465,4323.120642658748,4222.8599963570405,4222.8599963570405,769,887,4.6405446545800055,4.873867691836243,0.2333230372562376,4.760834268722706,4.760834268722706,0.0,0.2333230372562376,
C0,ud23,HESIODIC_TRADITION,c4c0c7eaeca0d61d2e53f4f0642bfa382e91dd28b470d2f4da2ba8539fe0e7f7,14,tlg0020.tlg002.perseus-grc1.tb.xml,ge8,1190,5539.453524160886,5810.374336385274,5705.8232735675665,5705.8232735675665,1051,1190,4.655002961479736,4.882667509567457,0.22766454808772085,4.794809473586191,4.794809473586191,0.0,0.22766454808772085,
C0,ud23,HESIODIC_TRADITION,c4c0c7eaeca0d61d2e53f4f0642bfa382e91dd28b470d2f4da2ba8539fe0e7f7,14,tlg0020.tlg003.perseus-grc1.tb.xml,4_7,576,2570.0429392206593,2750.5317027652163,2761.468153170842,2761.468153170842,510,576,4.4618801028136446,4.775228650634056,0.31334854782041166,4.794215543699378,4.794215543699378,0.0,0.31334854782041166,
C0,ud23,HESIODIC_TRADITION,c4c0c7eaeca0d61d2e53f4f0642bfa382e91dd28b470d2f4da2ba8539fe0e7f7,14,tlg0020.tlg003.perseus-grc1.tb.xml,ge8,777,3682.817925320243,3870.3294833190666,3808.922449929815,3808.9224499298152,693,777,4.7397914096785625,4.981119026150665,0.24132761647210277,4.902088095147767,4.902088095147767,0.0,0.24132761647210277,
C0,ud23,HESIODIC_TRADITION,c4c0c7eaeca0d61d2e53f4f0642bfa382e91dd28b470d2f4da2ba8539fe0e7f7,15,tlg0020.tlg001.perseus-grc1.tb.xml,4_7,942,4276.665180712002,4587.259621480209,4637.536281798948,4637.536281798948,798,942,4.539984268271764,4.869702358259245,0.3297180899874803,4.923074609128395,4.923074609128395,0.0,0.3297180899874803,
C0,ud23,HESIODIC_TRADITION,c4c0c7eaeca0d61d2e53f4f0642bfa382e91dd28b470d2f4da2ba8539fe0e7f7,15,tlg0020.tlg001.perseus-grc1.tb.xml,ge8,2003,9576.87874380117,10061.482319805202,9978.363725549947,9978.363725549947,1754,2003,4.781267470694543,5.023206350377035,0.2419388796824924,4.9817092988267335,4.9817092988267335,0.0,0.2419388796824924,
C0,ud23,HESIODIC_TRADITION,c4c0c7eaeca0d61d2e53f4f0642bfa382e91dd28b470d2f4da2ba8539fe0e7f7,15,tlg0020.tlg002.perseus-grc1.tb.xml,4_7,887,4120.08844460985,4328.543301752954,4189.762671591925,4189.762671591926,757,887,4.6449700615669105,4.879981174467817,0.23501111290090648,4.723520486574888,4.7235204865748885,8.881784197001252e-16,0.2350111129009056,
C0,ud23,HESIODIC_TRADITION,c4c0c7eaeca0d61d2e53f4f0642bfa382e91dd28b470d2f4da2ba8539fe0e7f7,15,tlg0020.tlg002.perseus-grc1.tb.xml,ge8,1190,5567.618379839714,5817.763682016806,5723.31026913881,5723.31026913881,1068,1190,4.678670907428331,4.888877043711602,0.21020613628327123,4.80950442784774,4.80950442784774,0.0,0.21020613628327123,
C0,ud23,HESIODIC_TRADITION,c4c0c7eaeca0d61d2e53f4f0642bfa382e91dd28b470d2f4da2ba8539fe0e7f7,15,tlg0020.tlg003.perseus-grc1.tb.xml,4_7,576,2585.8270604901836,2752.404018634125,2851.3880645993486,2851.3880645993486,482,576,4.489283091128791,4.778479199017578,0.28919610788878725,4.950326501040536,4.950326501040536,0.0,0.28919610788878725,
C0,ud23,HESIODIC_TRADITION,c4c0c7eaeca0d61d2e53f4f0642bfa382e91dd28b470d2f4da2ba8539fe0e7f7,15,tlg0020.tlg003.perseus-grc1.tb.xml,ge8,777,3676.982919956744,3879.887383655543,3750.281331429505,3750.281331429505,684,777,4.73228175026608,4.99342005618474,0.26113830591866005,4.826616900166673,4.826616900166673,0.0,0.26113830591866005,
C0,ud23,HESIODIC_TRADITION,c4c0c7eaeca0d61d2e53f4f0642bfa382e91dd28b470d2f4da2ba8539fe0e7f7,16,tlg0020.tlg001.perseus-grc1.tb.xml,4_7,942,4253.74707269419,4579.690464986919,4631.513551984151,4631.513551984151,814,942,4.515655066554342,4.861667160283353,0.3460120937290112,4.916681053061731,4.916681053061731,0.0,0.3460120937290112,
C0,ud23,HESIODIC_TRADITION,c4c0c7eaeca0d61d2e53f4f0642bfa382e91dd28b470d2f4da2ba8539fe0e7f7,16,tlg0020.tlg001.perseus-grc1.tb.xml,ge8,2003,9571.377176383186,10033.901399018217,9947.995233535625,9947.995233535625,1748,2003,4.778520806981121,5.009436544692071,0.23091573771094964,4.9665477950752,4.9665477950752,0.0,0.23091573771094964,
C0,ud23,HESIODIC_TRADITION,c4c0c7eaeca0d61d2e53f4f0642bfa382e91dd28b470d2f4da2ba8539fe0e7f7,16,tlg0020.tlg002.perseus-grc1.tb.xml,4_7,887,4116.166361490328,4325.007508293816,4214.762606453782,4214.762606453782,773,887,4.640548321860573,4.875994936069691,0.23544661420911783,4.751705306035831,4.751705306035831,0.0,0.23544661420911783,
C0,ud23,HESIODIC_TRADITION,c4c0c7eaeca0d61d2e53f4f0642bfa382e91dd28b470d2f4da2ba8539fe0e7f7,16,tlg0020.tlg002.perseus-grc1.tb.xml,ge8,1190,5541.4968900200265,5814.620342466884,5761.173134624548,5761.173134624548,1049,1190,4.6567200756470815,4.886235581904945,0.22951550625786332,4.841321961869368,4.841321961869368,0.0,0.22951550625786332,
C0,ud23,HESIODIC_TRADITION,c4c0c7eaeca0d61d2e53f4f0642bfa382e91dd28b470d2f4da2ba8539fe0e7f7,16,tlg0020.tlg003.perseus-grc1.tb.xml,4_7,576,2582.9730019676094,2749.7577583863895,2765.0621421236915,2765.0621421236915,510,576,4.484328128415989,4.773884997198593,0.2895568687826042,4.800455107853631,4.800455107853631,0.0,0.2895568687826042,
C0,ud23,HESIODIC_TRADITION,c4c0c7eaeca0d61d2e53f4f0642bfa382e91dd28b470d2f4da2ba8539fe0e7f7,16,tlg0020.tlg003.perseus-grc1.tb.xml,ge8,777,3670.625481616571,3874.909030660985,3782.204794937507,3782.204794937507,702,777,4.724099718940246,4.987012909473597,0.26291319053335105,4.86770243878701,4.86770243878701,0.0,0.26291319053335105,
C0,ud23,HESIODIC_TRADITION,c4c0c7eaeca0d61d2e53f4f0642bfa382e91dd28b470d2f4da2ba8539fe0e7f7,17,tlg0020.tlg001.perseus-grc1.tb.xml,4_7,942,4262.158953789696,4580.4706998825495,4563.578382015828,4563.578382015828,835,942,4.524584876634497,4.862495435119479,0.33791055848498175,4.844563038233363,4.844563038233363,0.0,0.33791055848498175,
C0,ud23,HESIODIC_TRADITION,c4c0c7eaeca0d61d2e53f4f0642bfa382e91dd28b470d2f4da2ba8539fe0e7f7,17,tlg0020.tlg001.perseus-grc1.tb.xml,ge8,2003,9621.824199769908,10044.016030053866,9982.812944996607,9982.812944996607,1741,2003,4.803706540074842,5.014486285598536,0.21077974552369394,4.9839305766333535,4.9839305766333535,0.0,0.21077974552369394,
C0,ud23,HESIODIC_TRADITION,c4c0c7eaeca0d61d2e53f4f0642bfa382e91dd28b470d2f4da2ba8539fe0e7f7,17,tlg0020.tlg002.perseus-grc1.tb.xml,4_7,887,4113.210204772917,4324.437762163729,4301.32831449378,4301.32831449378,792,887,4.6372155634418455,4.8753526067234825,0.23813704328163698,4.849299114423653,4.849299114423653,0.0,0.23813704328163698,
C0,ud23,HESIODIC_TRADITION,c4c0c7eaeca0d61d2e53f4f0642bfa382e91dd28b470d2f4da2ba8539fe0e7f7,17,tlg0020.tlg002.perseus-grc1.tb.xml,ge8,1190,5551.708963086614,5813.544713590386,5688.345807402699,5688.345807402699,1074,1190,4.6653016496526165,4.885331692092762,0.22003004244014512,4.780122527229159,4.780122527229159,0.0,0.22003004244014512,
C0,ud23,HESIODIC_TRADITION,c4c0c7eaeca0d61d2e53f4f0642bfa382e91dd28b470d2f4da2ba8539fe0e7f7,17,tlg0020.tlg003.perseus-grc1.tb.xml,4_7,576,2569.807541087402,2750.425576151547,2819.0235087309006,2819.0235087309006,508,576,4.461471425498962,4.77504440304088,0.31357297754191826,4.894138035991147,4.894138035991147,0.0,0.31357297754191826,
C0,ud23,HESIODIC_TRADITION,c4c0c7eaeca0d61d2e53f4f0642bfa382e91dd28b470d2f4da2ba8539fe0e7f7,17,tlg0020.tlg003.perseus-grc1.tb.xml,ge8,777,3676.81545443872,3871.6971897205317,3747.3297061885132,3747.3297061885132,692,777,4.7320662219288545,4.98287926604959,0.25081304412073546,4.822818154682771,4.822818154682771,0.0,0.25081304412073546,
C0,ud23,HESIODIC_TRADITION,c4c0c7eaeca0d61d2e53f4f0642bfa382e91dd28b470d2f4da2ba8539fe0e7f7,18,tlg0020.tlg001.perseus-grc1.tb.xml,4_7,942,4260.755248947982,4583.530654859531,4511.2512618871515,4511.2512618871515,804,942,4.523094744106138,4.8657437949676545,0.34264905086151654,4.789014078436467,4.789014078436467,0.0,0.34264905086151654,
C0,ud23,HESIODIC_TRADITION,c4c0c7eaeca0d61d2e53f4f0642bfa382e91dd28b470d2f4da2ba8539fe0e7f7,18,tlg0020.tlg001.perseus-grc1.tb.xml,ge8,2003,9583.558388559912,10038.40408303651,10029.330002664752,10029.330002664752,1735,2003,4.78460229084369,5.011684514746136,0.22708222390244615,5.007154269927485,5.007154269927485,0.0,0.22708222390244615,
C0,ud23,HESIODIC_TRADITION,c4c0c7eaeca0d61d2e53f4f0642bfa382e91dd28b470d2f4da2ba8539fe0e7f7,18,tlg0020.tlg002.perseus-grc1.tb.xml,4_7,887,4105.204422313008,4328.640634658994,4174.60667489317,4174.60667489317,747,887,4.628189878594147,4.8800909071691025,0.2519010285749559,4.7064336808265725,4.7064336808265725,0.0,0.2519010285749559,
C0,ud23,HESIODIC_TRADITION,c4c0c7eaeca0d61d2e53f4f0642bfa382e91dd28b470d2f4da2ba8539fe0e7f7,18,tlg0020.tlg002.perseus-grc1.tb.xml,ge8,1190,5554.941374069682,5813.88992092304,5701.565622049343,5701.565622049343,1066,1190,4.668017961403094,4.885621782288269,0.21760382088517538,4.791231615167515,4.791231615167515,0.0,0.21760382088517538,
C0,ud23,HESIODIC_TRADITION,c4c0c7eaeca0d61d2e53f4f0642bfa382e91dd28b470d2f4da2ba8539fe0e7f7,18,tlg0020.tlg003.perseus-grc1.tb.xml,4_7,576,2574.9839624842816,2751.7330032697537,2802.0174785641734,2802.0174785641734,517,576,4.470458268201877,4.777314241787767,0.3068559735858898,4.864613678062801,4.864613678062801,0.0,0.3068559735858898,
C0,ud23,HESIODIC_TRADITION,c4c0c7eaeca0d61d2e53f4f0642bfa382e91dd28b470d2f4da2ba8539fe0e7f7,18,tlg0020.tlg003.perseus-grc1.tb.xml,ge8,777,3670.3827210669506,3873.995049064081,3770.4467387097434,3770.4467387097434,689,777,4.7237872858004515,4.985836613982086,0.26204932818163496,4.852569805289245,4.852569805289245,0.0,0.26204932818163496,
C0,ud23,HESIODIC_TRADITION,c4c0c7eaeca0d61d2e53f4f0642bfa382e91dd28b470d2f4da2ba8539fe0e7f7,19,tlg0020.tlg001.perseus-grc1.tb.xml,4_7,942,4263.702665887579,4588.268224400077,4708.334047704233,4708.334047704233,844,942,4.526223636823333,4.870773061995836,0.3445494251725032,4.9982314731467445,4.9982314731467445,0.0,0.3445494251725032,
C0,ud23,HESIODIC_TRADITION,c4c0c7eaeca0d61d2e53f4f0642bfa382e91dd28b470d2f4da2ba8539fe0e7f7,19,tlg0020.tlg001.perseus-grc1.tb.xml,ge8,2003,9653.138326267484,10056.30664065016,9899.21382922473,9899.21382922473,1711,2003,4.8193401529043856,5.020622386744963,0.20128223384057709,4.942193624176101,4.942193624176101,0.0,0.20128223384057709,
C0,ud23,HESIODIC_TRADITION,c4c0c7eaeca0d61d2e53f4f0642bfa382e91dd28b470d2f4da2ba8539fe0e7f7,19,tlg0020.tlg002.perseus-grc1.tb.xml,4_7,887,4112.838081905633,4327.613762640348,4171.024394154768,4171.024394154768,783,887,4.636796033715482,4.878933216054508,0.24213718233902526,4.70239503286896,4.70239503286896,0.0,0.24213718233902526,
C0,ud23,HESIODIC_TRADITION,c4c0c7eaeca0d61d2e53f4f0642bfa382e91dd28b470d2f4da2ba8539fe0e7f7,19,tlg0020.tlg002.perseus-grc1.tb.xml,ge8,1190,5551.344866725432,5816.714535572884,5744.727230579101,5744.727230579101,1058,1190,4.664995686323893,4.887995408044441,0.22299972172054794,4.827501874436219,4.827501874436219,0.0,0.22299972172054794,
C0,ud23,HESIODIC_TRADITION,c4c0c7eaeca0d61d2e53f4f0642bfa382e91dd28b470d2f4da2ba8539fe0e7f7,19,tlg0020.tlg003.perseus-grc1.tb.xml,4_7,576,2584.223155303945,2751.8202371713637,2832.6475611982178,2832.6475611982178,514,576,4.486498533513793,4.777465689533617,0.2909671560198239,4.917790904858017,4.917790904858017,0.0,0.2909671560198239,
C0,ud23,HESIODIC_TRADITION,c4c0c7eaeca0d61d2e53f4f0642bfa382e91dd28b470d2f4da2ba8539fe0e7f7,19,tlg0020.tlg003.perseus-grc1.tb.xml,ge8,777,3687.545684568474,3877.290446656878,3787.0591193537275,3787.0591193537275,694,777,4.745876041915668,4.990077794925197,0.24420175300952884,4.873949960558208,4.873949960558208,0.0,0.24420175300952884,
C0,ud23,DIODORUS,d91dad02f8da03cf6702fa7edec531da5e56f526f466e2f04180f2a23a1cf315,0,tlg0060.tlg001.perseus-grc3.11.tb.xml,4_7,2898,11240.561055272043,12663.563299322786,12676.21845576602,12676.21845576602,2555,2898,3.8787305228682,4.369759592588953,0.49102906972075333,4.374126451265018,4.374126451265018,0.0,0.49102906972075333,
C0,ud23,DIODORUS,d91dad02f8da03cf6702fa7edec531da5e56f526f466e2f04180f2a23a1cf315,0,tlg0060.tlg001.perseus-grc3.11.tb.xml,ge8,9436,38013.3168812342,43030.942453700256,41605.49849222877,41605.49849222877,8445,9436,4.028541424463141,4.560294876398925,0.531753451935784,4.409230446399827,4.409230446399827,0.0,0.531753451935784,
C0,ud23,DIODORUS,d91dad02f8da03cf6702fa7edec531da5e56f526f466e2f04180f2a23a1cf315,1,tlg0060.tlg001.perseus-grc3.11.tb.xml,4_7,2898,11252.001251321863,12678.4514221172,12666.360033175677,12666.360033175677,2514,2898,3.8826781405527475,4.374896971054934,0.4922188305021864,4.370724649128943,4.370724649128943,0.0,0.4922188305021864,
C0,ud23,DIODORUS,d91dad02f8da03cf6702fa7edec531da5e56f526f466e2f04180f2a23a1cf315,1,tlg0060.tlg001.perseus-grc3.11.tb.xml,ge8,9436,38048.37943670075,43083.629963233485,41785.35811946368,41785.35811946368,8446,9436,4.032257252723691,4.565878546336741,0.5336212936130496,4.428291449710013,4.428291449710013,0.0,0.5336212936130496,
C0,ud23,DIODORUS,d91dad02f8da03cf6702fa7edec531da5e56f526f466e2f04180f2a23a1cf315,2,tlg0060.tlg001.perseus-grc3.11.tb.xml,4_7,2898,11266.660830278122,12672.281360812345,12697.915433749058,12697.915433749058,2556,2898,3.88773665641067,4.372767895380381,0.4850312389697109,4.381613331176348,4.381613331176348,0.0,0.4850312389697109,
C0,ud23,DIODORUS,d91dad02f8da03cf6702fa7edec531da5e56f526f466e2f04180f2a23a1cf315,2,tlg0060.tlg001.perseus-grc3.11.tb.xml,ge8,9436,37968.24119084184,43068.257765112256,41630.81294589511,41630.81294589511,8356,9436,4.023764433111683,4.564249445221731,0.5404850121100475,4.4119131990138944,4.4119131990138944,0.0,0.5404850121100475,
C0,ud23,DIODORUS,d91dad02f8da03cf6702fa7edec531da5e56f526f466e2f04180f2a23a1cf315,3,tlg0060.tlg001.perseus-grc3.11.tb.xml,4_7,2898,11269.132044596801,12686.341570718325,12622.523296593949,12622.523296593949,2585,2898,3.8885893873694966,4.37761958961985,0.48903020225035343,4.355598100964095,4.355598100964095,0.0,0.48903020225035343,
C0,ud23,DIODORUS,d91dad02f8da03cf6702fa7edec531da5e56f526f466e2f04180f2a23a1cf315,3,tlg0060.tlg001.perseus-grc3.11.tb.xml,ge8,9436,38000.55983842376,43085.16144781166,41767.22241822999,41767.22241822999,8418,9436,4.02718946994741,4.566040848644729,0.538851378697319,4.426369480524586,4.426369480524586,0.0,0.538851378697319,
C0,ud23,DIODORUS,d91dad02f8da03cf6702fa7edec531da5e56f526f466e2f04180f2a23a1cf315,4,tlg0060.tlg001.perseus-grc3.11.tb.xml,4_7,2898,11251.903966810301,12668.33979305093,12636.880251227858,12636.88025122786,2558,2898,3.8826445710180475,4.371407796083827,0.4887632250657794,4.360552191590013,4.360552191590013,0.0,0.4887632250657794,
C0,ud23,DIODORUS,d91dad02f8da03cf6702fa7edec531da5e56f526f466e2f04180f2a23a1cf315,4,tlg0060.tlg001.perseus-grc3.11.tb.xml,ge8,9436,38016.50909343194,43062.667326275776,41532.928511876875,41532.928511876875,8462,9436,4.0288797258829945,4.5636569866761105,0.534777260793116,4.401539689685976,4.401539689685976,0.0,0.534777260793116,
C0,ud23,DIODORUS,d91dad02f8da03cf6702fa7edec531da5e56f526f466e2f04180f2a23a1cf315,5,tlg0060.tlg001.perseus-grc3.11.tb.xml,4_7,2898,11235.255850755988,12666.233307216084,12640.28237517719,12640.28237517719,2522,2898,3.8768998794879184,4.370680920364418,0.4937810408764993,4.361726147404138,4.361726147404138,0.0,0.4937810408764993,
C0,ud23,DIODORUS,d91dad02f8da03cf6702fa7edec531da5e56f526f466e2f04180f2a23a1cf315,5,tlg0060.tlg001.perseus-grc3.11.tb.xml,ge8,9436,37986.67852416917,43040.95804603492,41727.182596218125,41727.182596218125,8469,9436,4.025718368394359,4.561356299918919,0.5356379315245601,4.422126175945117,4.422126175945117,0.0,0.5356379315245601,
C0,ud23,DIODORUS,d91dad02f8da03cf6702fa7edec531da5e56f526f466e2f04180f2a23a1cf315,6,tlg0060.tlg001.perseus-grc3.11.tb.xml,4_7,2898,11236.72960747179,12665.743077223482,12567.81515875547,12567.815158755471,2544,2898,3.8774084221779814,4.370511758876288,0.4931033366983062,4.336720206609892,4.336720206609893,8.881784197001252e-16,0.4931033366983053,
C0,ud23,DIODORUS,d91dad02f8da03cf6702fa7edec531da5e56f526f466e2f04180f2a23a1cf315,6,tlg0060.tlg001.perseus-grc3.11.tb.xml,ge8,9436,37936.19396477072,43030.488776816004,41702.78043876116,41702.78043876116,8488,9436,4.020368160742976,4.560246797034337,0.5398786362913617,4.419540105845821,4.419540105845821,0.0,0.5398786362913617,
C0,ud23,DIODORUS,d91dad02f8da03cf6702fa7edec531da5e56f526f466e2f04180f2a23a1cf315,7,tlg0060.tlg001.perseus-grc3.11.tb.xml,4_7,2898,11237.22150800617,12674.539986301514,12692.633891621328,12692.633891621328,2565,2898,3.87757816011255,4.373547269255181,0.49596910914263104,4.379790852871404,4.379790852871404,0.0,0.49596910914263104,
C0,ud23,DIODORUS,d91dad02f8da03cf6702fa7edec531da5e56f526f466e2f04180f2a23a1cf315,7,tlg0060.tlg001.perseus-grc3.11.tb.xml,ge8,9436,37982.33565828665,43052.529361307366,41560.13365320123,41560.13365320123,8483,9436,4.025258124023596,4.562582594458178,0.5373244704345819,4.4044228119119575,4.4044228119119575,0.0,0.5373244704345819,
C0,ud23,DIODORUS,d91dad02f8da03cf6702fa7edec531da5e56f526f466e2f04180f2a23a1cf315,8,tlg0060.tlg001.perseus-grc3.11.tb.xml,4_7,2898,11218.498769136599,12654.842357487609,12681.610553073957,12681.610553073959,2564,2898,3.871117587693788,4.366750295889444,0.49563270819565597,4.3759870783554025,4.375987078355403,8.881784197001252e-16,0.4956327081956551,
C0,ud23,DIODORUS,d91dad02f8da03cf6702fa7edec531da5e56f526f466e2f04180f2a23a1cf315,8,tlg0060.tlg001.perseus-grc3.11.tb.xml,ge8,9436,37956.313280472365,43013.02935295846,41611.78862407895,41611.78862407895,8392,9436,4.022500347654977,4.558396497770079,0.5358961501151018,4.409897056388189,4.409897056388189,0.0,0.5358961501151018,
C0,ud23,DIODORUS,d91dad02f8da03cf6702fa7edec531da5e56f526f466e2f04180f2a23a1cf315,9,tlg0060.tlg001.perseus-grc3.11.tb.xml,4_7,2898,11257.132905562536,12669.157789798004,12660.921677475493,12660.921677475493,2553,2898,3.8844488977096394,4.371690058591444,0.48724116088180436,4.368848059860419,4.368848059860419,0.0,0.48724116088180436,
C0,ud23,DIODORUS,d91dad02f8da03cf6702fa7edec531da5e56f526f466e2f04180f2a23a1cf315,9,tlg0060.tlg001.perseus-grc3.11.tb.xml,ge8,9436,38002.79994845596,43040.39779768603,41594.54752004925,41594.54752004925,8429,9436,4.027426870332341,4.561296926418613,0.5338700560862728,4.4080698940281104,4.4080698940281104,0.0,0.5338700560862728,
C0,ud23,DIODORUS,d91dad02f8da03cf6702fa7edec531da5e56f526f466e2f04180f2a23a1cf315,10,tlg0060.tlg001.perseus-grc3.11.tb.xml,4_7,2898,11242.555322190174,12667.73169889955,12653.135244205823,12653.135244205823,2563,2898,3.8794186757039935,4.371197963733454,0.4917792880294609,4.366161229884687,4.366161229884687,0.0,0.4917792880294609,
C0,ud23,DIODORUS,d91dad02f8da03cf6702fa7edec531da5e56f526f466e2f04180f2a23a1cf315,10,tlg0060.tlg001.perseus-grc3.11.tb.xml,ge8,9436,37978.03721853658,43046.2060207062,41780.75147182406,41780.75147182406,8424,9436,4.024802587805911,4.561912465102395,0.5371098772964844,4.42780325051124,4.42780325051124,0.0,0.5371098772964844,
C0,ud23,DIODORUS,d91dad02f8da03cf6702fa7edec531da5e56f526f466e2f04180f2a23a1cf315,11,tlg0060.tlg001.perseus-grc3.11.tb.xml,4_7,2898,11236.950125443296,12674.762915424808,12613.53985989138,12613.53985989138,2558,2898,3.877484515335851,4.373624194418499,0.4961396790826478,4.352498226325528,4.352498226325528,0.0,0.4961396790826478,
C0,ud23,DIODORUS,d91dad02f8da03cf6702fa7edec531da5e56f526f466e2f04180f2a23a1cf315,11,tlg0060.tlg001.perseus-grc3.11.tb.xml,ge8,9436,37994.57215787874,43081.01284357049,41566.93605810111,41566.93605810111,8388,9436,4.026554912873966,4.565601191561095,0.5390462786871293,4.405143711117117,4.405143711117117,0.0,0.5390462786871293,
C0,ud23,DIODORUS,d91dad02f8da03cf6702fa7edec531da5e56f526f466e2f04180f2a23a1cf315,12,tlg0060.tlg001.perseus-grc3.11.tb.xml,4_7,2898,11245.620856760293,12677.30928987595,12705.408234143064,12705.408234143064,2577,2898,3.880476486114663,4.374502860550708,0.4940263744360447,4.384198838558683,4.384198838558683,0.0,0.4940263744360447,
C0,ud23,DIODORUS,d91dad02f8da03cf6702fa7edec531da5e56f526f466e2f04180f2a23a1cf315,12,tlg0060.tlg001.perseus-grc3.11.tb.xml,ge8,9436,37985.0603994706,43042.29236034374,41680.91945534512,41680.91945534512,8450,9436,4.025546884216893,4.5614977066917906,0.5359508224748977,4.417223342024705,4.417223342024705,0.0,0.5359508224748977,
C0,ud23,DIODORUS,d91dad02f8da03cf6702fa7edec531da5e56f526f466e2f04180f2a23a1cf315,13,tlg0060.tlg001.perseus-grc3.11.tb.xml,4_7,2898,11233.7667852401,12680.564980990195,12703.994362841127,12703.994362841127,2570,2898,3.8763860542581434,4.37562628743623,0.4992402331780865,4.383710960262639,4.383710960262639,0.0,0.4992402331780865,
C0,ud23,DIODORUS,d91dad02f8da03cf6702fa7edec531da5e56f526f466e2f04180f2a23a1cf315,13,tlg0060.tlg001.perseus-grc3.11.tb.xml,ge8,9436,38029.74466449439,43086.52668019389,41807.23311823543,41807.23311823543,8428,9436,4.030282393439423,4.566185532025635,0.5359031385862121,4.430609698838007,4.430609698838007,0.0,0.5359031385862121,
C0,ud23,DIODORUS,d91dad02f8da03cf6702fa7edec531da5e56f526f466e2f04180f2a23a1cf315,14,tlg0060.tlg001.perseus-grc3.11.tb.xml,4_7,2898,11245.342351499698,12666.19253308751,12764.829140885588,12764.829140885588,2564,2898,3.880380383540268,4.370666850616808,0.4902864670765399,4.4047029471654895,4.4047029471654895,0.0,0.4902864670765399,
C0,ud23,DIODORUS,d91dad02f8da03cf6702fa7edec531da5e56f526f466e2f04180f2a23a1cf315,14,tlg0060.tlg001.perseus-grc3.11.tb.xml,ge8,9436,37967.59281633006,43028.13134612936,41532.11330780554,41532.11330780554,8444,9436,4.023695720255412,4.55999696334563,0.5363012430902181,4.401453296715297,4.401453296715297,0.0,0.5363012430902181,
C0,ud23,DIODORUS,d91dad02f8da03cf6702fa7edec531da5e56f526f466e2f04180f2a23a1cf315,15,tlg0060.tlg001.perseus-grc3.11.tb.xml,4_7,2898,11248.913395961845,12678.454642672541,12771.356925639664,12771.356925639664,2555,2898,3.881612628006158,4.374898082357674,0.4932854543515166,4.4069554608832515,4.4069554608832515,0.0,0.4932854543515166,
C0,ud23,DIODORUS,d91dad02f8da03cf6702fa7edec531da5e56f526f466e2f04180f2a23a1cf315,15,tlg0060.tlg001.perseus-grc3.11.tb.xml,ge8,9436,38035.16688947933,43092.99168045282,41609.66150417653,41609.66150417653,8430,9436,4.030857025167373,4.566870674062401,0.536013648895028,4.4096716303705525,4.4096716303705525,0.0,0.536013648895028,
C0,ud23,DIODORUS,d91dad02f8da03cf6702fa7edec531da5e56f526f466e2f04180f2a23a1cf315,16,tlg0060.tlg001.perseus-grc3.11.tb.xml,4_7,2898,11262.59860289942,12675.205346506993,12662.0648202248,12662.0648202248,2555,2898,3.8863349216354104,4.373776862148721,0.48744194051331036,4.3692425190561766,4.3692425190561766,0.0,0.48744194051331036,
C0,ud23,DIODORUS,d91dad02f8da03cf6702fa7edec531da5e56f526f466e2f04180f2a23a1cf315,16,tlg0060.tlg001.perseus-grc3.11.tb.xml,ge8,9436,37989.96068873857,43068.43756000484,41738.67088983798,41738.67088983798,8426,9436,4.026066202706503,4.56426849936465,0.538202296658147,4.423343672089654,4.423343672089654,0.0,0.538202296658147,
C0,ud23,DIODORUS,d91dad02f8da03cf6702fa7edec531da5e56f526f466e2f04180f2a23a1cf315,17,tlg0060.tlg001.perseus-grc3.11.tb.xml,4_7,2898,11246.770296356857,12669.894284572529,12672.969618610301,12672.969618610301,2541,2898,3.8808731181355616,4.371944197575061,0.4910710794394997,4.373005389444549,4.373005389444549,0.0,0.4910710794394997,
C0,ud23,DIODORUS,d91dad02f8da03cf6702fa7edec531da5e56f526f466e2f04180f2a23a1cf315,17,tlg0060.tlg001.perseus-grc3.11.tb.xml,ge8,9436,38007.49910944488,43053.6652441685,41659.338311624866,41659.338311624866,8426,9436,4.02792487382841,4.562702972039901,0.5347780982114907,4.414936234805518,4.414936234805518,0.0,0.5347780982114907,
C0,ud23,DIODORUS,d91dad02f8da03cf6702fa7edec531da5e56f526f466e2f04180f2a23a1cf315,18,tlg0060.tlg001.perseus-grc3.11.tb.xml,4_7,2898,11248.841570397428,12677.460814029568,12656.034434915171,12656.034434915171,2572,2898,3.8815878434773734,4.374555146318001,0.49296730284062784,4.367161640757478,4.367161640757478,0.0,0.49296730284062784,
C0,ud23,DIODORUS,d91dad02f8da03cf6702fa7edec531da5e56f526f466e2f04180f2a23a1cf315,18,tlg0060.tlg001.perseus-grc3.11.tb.xml,ge8,9436,37994.40243456378,43069.63271586861,41707.17098902253,41707.17098902254,8442,9436,4.026536926087726,4.564395158527831,0.5378582324401053,4.420005403669196,4.4200054036691965,8.881784197001252e-16,0.5378582324401044,
C0,ud23,DIODORUS,d91dad02f8da03cf6702fa7edec531da5e56f526f466e2f04180f2a23a1cf315,19,tlg0060.tlg001.perseus-grc3.11.tb.xml,4_7,2898,11248.809727331658,12681.106906674457,12675.018645822991,12675.018645822991,2567,2898,3.881576855531973,4.37581328732728,0.49423643179530696,4.373712438172185,4.373712438172185,0.0,0.49423643179530696,
C0,ud23,DIODORUS,d91dad02f8da03cf6702fa7edec531da5e56f526f466e2f04180f2a23a1cf315,19,tlg0060.tlg001.perseus-grc3.11.tb.xml,ge8,9436,38003.628941031486,43092.71711171836,41646.427654951345,41646.42765495135,8430,9436,4.027514724568831,4.566841576061717,0.539326851492886,4.413568000736683,4.413568000736684,8.881784197001252e-16,0.5393268514928851,
C0,ud23,PLUTARCH,ef8134329970f595ef9ccf4198217affef5c01fa243d5bf4e59ee6daebb04e1d,0,tlg0007.tlg004.perseus-grc1.tb.xml,4_7,925,3881.3828975357587,4357.382294910674,4254.537770449063,4254.537770449063,808,925,4.196089618957577,4.710683562065594,0.5145939431080162,4.599500292377365,4.599500292377365,0.0,0.5145939431080162,
C0,ud23,PLUTARCH,ef8134329970f595ef9ccf4198217affef5c01fa243d5bf4e59ee6daebb04e1d,0,tlg0007.tlg004.perseus-grc1.tb.xml,ge8,2568,11228.676400346958,12661.999536452307,12108.694604166776,12108.694604166776,2348,2568,4.3725375390759185,4.930685177746225,0.5581476386703068,4.715223755516657,4.715223755516657,0.0,0.5581476386703068,
C0,ud23,PLUTARCH,ef8134329970f595ef9ccf4198217affef5c01fa243d5bf4e59ee6daebb04e1d,0,tlg0007.tlg015.perseus-grc1.tb.xml,4_7,915,3791.0267419352244,4219.045957608475,4168.459198006061,4168.459198006061,804,915,4.1431986250658195,4.610979188643142,0.4677805635773229,4.5556931125749305,4.5556931125749305,0.0,0.4677805635773229,
C0,ud23,PLUTARCH,ef8134329970f595ef9ccf4198217affef5c01fa243d5bf4e59ee6daebb04e1d,0,tlg0007.tlg015.perseus-grc1.tb.xml,ge8,2493,10373.08196237176,11751.268720865372,11448.979325469354,11448.979325469354,2256,2493,4.160883258071304,4.713705864767498,0.5528226066961937,4.592450591844908,4.592450591844908,0.0,0.5528226066961937,
C0,ud23,PLUTARCH,ef8134329970f595ef9ccf4198217affef5c01fa243d5bf4e59ee6daebb04e1d,1,tlg0007.tlg004.perseus-grc1.tb.xml,4_7,925,3875.910271611143,4353.455719244139,4320.4443784797795,4320.4443784797795,823,925,4.190173266606641,4.706438615399069,0.5162653487924276,4.6707506794375995,4.6707506794375995,0.0,0.5162653487924276,
C0,ud23,PLUTARCH,ef8134329970f595ef9ccf4198217affef5c01fa243d5bf4e59ee6daebb04e1d,1,tlg0007.tlg004.perseus-grc1.tb.xml,ge8,2568,11209.901167768956,12653.793637741383,12128.957675795027,12128.957675795027,2334,2568,4.365226311436509,4.927489734322968,0.5622634228864589,4.723114359733266,4.723114359733266,0.0,0.5622634228864589,
C0,ud23,PLUTARCH,ef8134329970f595ef9ccf4198217affef5c01fa243d5bf4e59ee6daebb04e1d,1,tlg0007.tlg015.perseus-grc1.tb.xml,4_7,915,3778.4684729323612,4216.7333827060465,4204.114509445235,4204.114509445235,809,915,4.129473740909685,4.608451784378193,0.4789780434685085,4.594660666060366,4.594660666060366,0.0,0.4789780434685085,
C0,ud23,PLUTARCH,ef8134329970f595ef9ccf4198217affef5c01fa243d5bf4e59ee6daebb04e1d,1,tlg0007.tlg015.perseus-grc1.tb.xml,ge8,2493,10356.685799299039,11744.73232291397,11333.557612561324,11333.557612561324,2258,2493,4.15430637757683,4.711083964265531,0.5567775866887006,4.546152271384406,4.546152271384406,0.0,0.5567775866887006,
C0,ud23,PLUTARCH,ef8134329970f595ef9ccf4198217affef5c01fa243d5bf4e59ee6daebb04e1d,2,tlg0007.tlg004.perseus-grc1.tb.xml,4_7,925,3881.0042762222956,4357.06730707549,4312.1814425045495,4312.1814425045495,820,925,4.195680298618698,4.710343034676206,0.5146627360575078,4.6618177756805945,4.6618177756805945,0.0,0.5146627360575078,
C0,ud23,PLUTARCH,ef8134329970f595ef9ccf4198217affef5c01fa243d5bf4e59ee6daebb04e1d,2,tlg0007.tlg004.perseus-grc1.tb.xml,ge8,2568,11204.225650159726,12656.870085429598,12153.558231686273,12153.558231686273,2300,2568,4.363016218909551,4.9286877279710275,0.5656715090614766,4.732694015454156,4.732694015454156,0.0,0.5656715090614766,
C0,ud23,PLUTARCH,ef8134329970f595ef9ccf4198217affef5c01fa243d5bf4e59ee6daebb04e1d,2,tlg0007.tlg015.perseus-grc1.tb.xml,4_7,915,3781.2133084063944,4216.609599890558,4107.464186840378,4107.464186840378,824,915,4.132473561099885,4.608316502612631,0.4758429415127461,4.489031898186205,4.489031898186205,0.0,0.4758429415127461,
C0,ud23,PLUTARCH,ef8134329970f595ef9ccf4198217affef5c01fa243d5bf4e59ee6daebb04e1d,2,tlg0007.tlg015.perseus-grc1.tb.xml,ge8,2493,10365.674689699623,11752.654165236047,11480.78230260126,11480.78230260126,2260,2493,4.157912029562625,4.714261598570416,0.5563495690077911,4.605207502046233,4.605207502046233,0.0,0.5563495690077911,
C0,ud23,PLUTARCH,ef8134329970f595ef9ccf4198217affef5c01fa243d5bf4e59ee6daebb04e1d,3,tlg0007.tlg004.perseus-grc1.tb.xml,4_7,925,3875.3082489854223,4356.819494155003,4207.493758709945,4207.493758709946,821,925,4.189522431335591,4.710075128816219,0.5205526974806274,4.548641901308049,4.5486419013080495,8.881784197001252e-16,0.5205526974806265,
C0,ud23,PLUTARCH,ef8134329970f595ef9ccf4198217affef5c01fa243d5bf4e59ee6daebb04e1d,3,tlg0007.tlg004.perseus-grc1.tb.xml,ge8,2568,11187.783406542183,12639.271706800162,12186.96943780364,12186.96943780364,2349,2568,4.356613476067828,4.92183477679134,0.5652213007235121,4.74570460973662,4.74570460973662,0.0,0.5652213007235121,
C0,ud23,PLUTARCH,ef8134329970f595ef9ccf4198217affef5c01fa243d5bf4e59ee6daebb04e1d,3,tlg0007.tlg015.perseus-grc1.tb.xml,4_7,915,3777.8903735887075,4214.340645412109,4152.674768138657,4152.674768138657,803,915,4.128841938348314,4.6058367709421955,0.4769948325938813,4.538442369550444,4.538442369550444,0.0,0.4769948325938813,
C0,ud23,PLUTARCH,ef8134329970f595ef9ccf4198217affef5c01fa243d5bf4e59ee6daebb04e1d,3,tlg0007.tlg015.perseus-grc1.tb.xml,ge8,2493,10361.87151541723,11738.615481591809,11427.567618261257,11427.567618261257,2292,2493,4.156386488334228,4.7086303576381106,0.5522438693038829,4.583861860513942,4.583861860513942,0.0,0.5522438693038829,
C0,ud23,PLUTARCH,ef8134329970f595ef9ccf4198217affef5c01fa243d5bf4e59ee6daebb04e1d,4,tlg0007.tlg004.perseus-grc1.tb.xml,4_7,925,3869.635904807607,4356.599962979912,4285.419352907118,4285.419352907118,827,925,4.183390167359575,4.709837797816121,0.5264476304565457,4.6328857869266145,4.6328857869266145,0.0,0.5264476304565457,
C0,ud23,PLUTARCH,ef8134329970f595ef9ccf4198217affef5c01fa243d5bf4e59ee6daebb04e1d,4,tlg0007.tlg004.perseus-grc1.tb.xml,ge8,2568,11200.874636584762,12650.787786524848,12128.228218223257,12128.228218223257,2339,2568,4.361711307081293,4.9263192315127915,0.5646079244314981,4.72283030304644,4.72283030304644,0.0,0.5646079244314981,
C0,ud23,PLUTARCH,ef8134329970f595ef9ccf4198217affef5c01fa243d5bf4e59ee6daebb04e1d,4,tlg0007.tlg015.perseus-grc1.tb.xml,4_7,915,3796.768860899597,4215.784347452601,4213.767249329886,4213.767249329886,823,915,4.149474164917592,4.607414587379892,0.4579404224622996,4.6052101085572525,4.6052101085572525,0.0,0.4579404224622996,
C0,ud23,PLUTARCH,ef8134329970f595ef9ccf4198217affef5c01fa243d5bf4e59ee6daebb04e1d,4,tlg0007.tlg015.perseus-grc1.tb.xml,ge8,2493,10372.417048025287,11742.367908016382,11361.476790735855,11361.476790735855,2260,2493,4.1606165455376205,4.710135542726186,0.5495189971885655,4.557351299934157,4.557351299934157,0.0,0.5495189971885655,
C0,ud23,PLUTARCH,ef8134329970f595ef9ccf4198217affef5c01fa243d5bf4e59ee6daebb04e1d,5,tlg0007.tlg004.perseus-grc1.tb.xml,4_7,925,3877.046926568391,4358.008199477298,4319.270932865939,4319.270932865939,818,925,4.191402082776639,4.711360215651133,0.5199581328744944,4.6694820895847995,4.6694820895847995,0.0,0.5199581328744944,
C0,ud23,PLUTARCH,ef8134329970f595ef9ccf4198217affef5c01fa243d5bf4e59ee6daebb04e1d,5,tlg0007.tlg004.perseus-grc1.tb.xml,ge8,2568,11205.80047423814,12663.287437029883,12089.378248535124,12089.378248535124,2345,2568,4.363629468161269,4.931186696662727,0.5675572285014576,4.7077018101772286,4.7077018101772286,0.0,0.5675572285014576,
C0,ud23,PLUTARCH,ef8134329970f595ef9ccf4198217affef5c01fa243d5bf4e59ee6daebb04e1d,5,tlg0007.tlg015.perseus-grc1.tb.xml,4_7,915,3771.048551570453,4218.8319714106965,4098.968537191176,4098.968537191176,801,915,4.1213645372354675,4.610745323946117,0.4893807867106492,4.479747035181614,4.479747035181614,0.0,0.4893807867106492,
C0,ud23,PLUTARCH,ef8134329970f595ef9ccf4198217affef5c01fa243d5bf4e59ee6daebb04e1d,5,tlg0007.tlg015.perseus-grc1.tb.xml,ge8,2493,10369.022873416237,11745.090292853196,11422.929580607031,11422.929580607031,2269,2493,4.159255063544419,4.711227554293299,0.5519724907488799,4.582001436264353,4.582001436264353,0.0,0.5519724907488799,
C0,ud23,PLUTARCH,ef8134329970f595ef9ccf4198217affef5c01fa243d5bf4e59ee6daebb04e1d,6,tlg0007.tlg004.perseus-grc1.tb.xml,4_7,925,3881.2904590179746,4358.1485489646375,4323.615602655453,4323.615602655453,805,925,4.195989685424838,4.711511944826635,0.5155222594017976,4.674179029897787,4.674179029897787,0.0,0.5155222594017976,
C0,ud23,PLUTARCH,ef8134329970f595ef9ccf4198217affef5c01fa243d5bf4e59ee6daebb04e1d,6,tlg0007.tlg004.perseus-grc1.tb.xml,ge8,2568,11203.644988502998,12644.507064885644,12159.740904806205,12159.740904806207,2352,2568,4.362790104557242,4.923873467634596,0.561083363077354,4.735101598444784,4.735101598444785,8.881784197001252e-16,0.5610833630773531,
C0,ud23,PLUTARCH,ef8134329970f595ef9ccf4198217affef5c01fa243d5bf4e59ee6daebb04e1d,6,tlg0007.tlg015.perseus-grc1.tb.xml,4_7,915,3788.573024179586,4215.408125152861,4115.05455872241,4115.05455872241,803,915,4.140516966316487,4.6070034154676085,0.46648644915112136,4.497327386581868,4.497327386581868,0.0,0.46648644915112136,
C0,ud23,PLUTARCH,ef8134329970f595ef9ccf4198217affef5c01fa243d5bf4e59ee6daebb04e1d,6,tlg0007.tlg015.perseus-grc1.tb.xml,ge8,2493,10378.014395481321,11738.13029090809,11469.848918555108,11469.848918555108,2280,2493,4.1628617711517535,4.708435736425226,0.5455739652734728,4.6008218686542754,4.6008218686542754,0.0,0.5455739652734728,
C0,ud23,PLUTARCH,ef8134329970f595ef9ccf4198217affef5c01fa243d5bf4e59ee6daebb04e1d,7,tlg0007.tlg004.perseus-grc1.tb.xml,4_7,925,3876.0877514460967,4352.712861909879,4203.922825326946,4203.922825326946,815,925,4.190365136698483,4.705635526389059,0.5152703896905759,4.5447814327858875,4.5447814327858875,0.0,0.5152703896905759,
C0,ud23,PLUTARCH,ef8134329970f595ef9ccf4198217affef5c01fa243d5bf4e59ee6daebb04e1d,7,tlg0007.tlg004.perseus-grc1.tb.xml,ge8,2568,11187.605971775716,12640.449600954755,12213.19607301063,12213.19607301063,2357,2568,4.3565443815326,4.922293458315714,0.5657490767831144,4.755917473913796,4.755917473913796,0.0,0.5657490767831144,
C0,ud23,PLUTARCH,ef8134329970f595ef9ccf4198217affef5c01fa243d5bf4e59ee6daebb04e1d,7,tlg0007.tlg015.perseus-grc1.tb.xml,4_7,915,3772.7923797492635,4217.306487536111,4101.219159334332,4101.219159334332,806,915,4.123270360381709,4.609078128454765,0.48580776807305615,4.482206731512932,4.482206731512932,0.0,0.48580776807305615,
C0,ud23,PLUTARCH,ef8134329970f595ef9ccf4198217affef5c01fa243d5bf4e59ee6daebb04e1d,7,tlg0007.tlg015.perseus-grc1.tb.xml,ge8,2493,10363.299840763078,11743.21523132291,11417.974673168472,11417.974673168472,2258,2493,4.15695942268876,4.710475423715568,0.5535160010268081,4.580013908210378,4.580013908210378,0.0,0.5535160010268081,
C0,ud23,PLUTARCH,ef8134329970f595ef9ccf4198217affef5c01fa243d5bf4e59ee6daebb04e1d,8,tlg0007.tlg004.perseus-grc1.tb.xml,4_7,925,3863.9520429820627,4355.500718459784,4351.329222990564,4351.329222990564,812,925,4.1772454518725,4.708649425361929,0.5314039734894287,4.704139700530339,4.704139700530339,0.0,0.5314039734894287,
C0,ud23,PLUTARCH,ef8134329970f595ef9ccf4198217affef5c01fa243d5bf4e59ee6daebb04e1d,8,tlg0007.tlg004.perseus-grc1.tb.xml,ge8,2568,11205.813312608572,12644.492305297894,11999.661372146253,11999.661372146253,2333,2568,4.363634467526703,4.923867720131579,0.5602332526048759,4.672765331832653,4.672765331832653,0.0,0.5602332526048759,
C0,ud23,PLUTARCH,ef8134329970f595ef9ccf4198217affef5c01fa243d5bf4e59ee6daebb04e1d,8,tlg0007.tlg015.perseus-grc1.tb.xml,4_7,915,3783.589733516763,4215.532441055164,4113.309900180075,4113.309900180075,815,915,4.135070747012856,4.607139279841709,0.4720685328288532,4.495420655934508,4.495420655934508,0.0,0.4720685328288532,
C0,ud23,PLUTARCH,ef8134329970f595ef9ccf4198217affef5c01fa243d5bf4e59ee6daebb04e1d,8,tlg0007.tlg015.perseus-grc1.tb.xml,ge8,2493,10379.152203082565,11743.74477840618,11453.803722403538,11453.803722403538,2221,2493,4.163318172114948,4.710687837306931,0.547369665191983,4.594385769114937,4.594385769114937,0.0,0.547369665191983,
C0,ud23,PLUTARCH,ef8134329970f595ef9ccf4198217affef5c01fa243d5bf4e59ee6daebb04e1d,9,tlg0007.tlg004.perseus-grc1.tb.xml,4_7,925,3867.153800067973,4352.444572683037,4356.074844605979,4356.074844605979,831,925,4.1807068108842955,4.705345483981662,0.5246386730973667,4.709270102276734,4.709270102276734,0.0,0.5246386730973667,
C0,ud23,PLUTARCH,ef8134329970f595ef9ccf4198217affef5c01fa243d5bf4e59ee6daebb04e1d,9,tlg0007.tlg004.perseus-grc1.tb.xml,ge8,2568,11212.342887452638,12658.159449030973,12099.017977731615,12099.017977731615,2323,2568,4.366177136858504,4.929189816600846,0.563012679742342,4.711455598805146,4.711455598805146,0.0,0.563012679742342,
C0,ud23,PLUTARCH,ef8134329970f595ef9ccf4198217affef5c01fa243d5bf4e59ee6daebb04e1d,9,tlg0007.tlg015.perseus-grc1.tb.xml,4_7,915,3780.1400155581296,4216.728899217278,4167.728512940863,4167.728512940863,808,915,4.131300563451508,4.608446884390467,0.47714632093895926,4.554894549662145,4.554894549662145,0.0,0.47714632093895926,
C0,ud23,PLUTARCH,ef8134329970f595ef9ccf4198217affef5c01fa243d5bf4e59ee6daebb04e1d,9,tlg0007.tlg015.perseus-grc1.tb.xml,ge8,2493,10369.037275925652,11753.147186664115,11407.27838489105,11407.27838489105,2270,2493,4.159260840724289,4.714459360876099,0.5551985201518104,4.575723379418792,4.575723379418792,0.0,0.5551985201518104,
C0,ud23,PLUTARCH,ef8134329970f595ef9ccf4198217affef5c01fa243d5bf4e59ee6daebb04e1d,10,tlg0007.tlg004.perseus-grc1.tb.xml,4_7,925,3873.401764132381,4354.166577585676,4309.863024614158,4309.863024614158,825,925,4.187461366629601,4.7072071109034335,0.5197457442738322,4.659311377961252,4.659311377961252,0.0,0.5197457442738322,
C0,ud23,PLUTARCH,ef8134329970f595ef9ccf4198217affef5c01fa243d5bf4e59ee6daebb04e1d,10,tlg0007.tlg004.perseus-grc1.tb.xml,ge8,2568,11199.689320218891,12644.579578751724,12122.640731859328,12122.640731859328,2369,2568,4.36124973528773,4.923901705121388,0.5626519698336576,4.7206544905994265,4.7206544905994265,0.0,0.5626519698336576,
C0,ud23,PLUTARCH,ef8134329970f595ef9ccf4198217affef5c01fa243d5bf4e59ee6daebb04e1d,10,tlg0007.tlg015.perseus-grc1.tb.xml,4_7,915,3768.2260852974728,4213.474276703875,4139.540025266132,4139.540025266132,809,915,4.118279874642047,4.604889919894945,0.4866100452528981,4.524087459307248,4.524087459307248,0.0,0.4866100452528981,
C0,ud23,PLUTARCH,ef8134329970f595ef9ccf4198217affef5c01fa243d5bf4e59ee6daebb04e1d,10,tlg0007.tlg015.perseus-grc1.tb.xml,ge8,2493,10365.961691576253,11742.371271710934,11448.11701999278,11448.11701999278,2255,2493,4.158027152657943,4.710136891981923,0.5521097393239804,4.592104701160361,4.592104701160361,0.0,0.5521097393239804,
C0,ud23,PLUTARCH,ef8134329970f595ef9ccf4198217affef5c01fa243d5bf4e59ee6daebb04e1d,11,tlg0007.tlg004.perseus-grc1.tb.xml,4_7,925,3864.4601968931524,4353.587816547192,4228.87785162312,4228.87785162312,816,925,4.177794807452057,4.706581423294262,0.528786615842205,4.571759839592562,4.571759839592562,0.0,0.528786615842205,
C0,ud23,PLUTARCH,ef8134329970f595ef9ccf4198217affef5c01fa243d5bf4e59ee6daebb04e1d,11,tlg0007.tlg004.perseus-grc1.tb.xml,ge8,2568,11183.948257527943,12639.353443642007,12153.005479297182,12153.005479297182,2358,2568,4.355120037978171,4.921866605779598,0.5667465678014265,4.732478769196722,4.732478769196722,0.0,0.5667465678014265,
C0,ud23,PLUTARCH,ef8134329970f595ef9ccf4198217affef5c01fa243d5bf4e59ee6daebb04e1d,11,tlg0007.tlg015.perseus-grc1.tb.xml,4_7,915,3776.100152081602,4214.607497800099,4020.520982248178,4020.520982248178,829,915,4.126885412111041,4.6061284128962825,0.4792430007852415,4.394012002457025,4.394012002457025,0.0,0.4792430007852415,
C0,ud23,PLUTARCH,ef8134329970f595ef9ccf4198217affef5c01fa243d5bf4e59ee6daebb04e1d,11,tlg0007.tlg015.perseus-grc1.tb.xml,ge8,2493,10347.934665802239,11735.209279550598,11541.892649771988,11541.892649771988,2269,2493,4.150796095387982,4.707264051163497,0.5564679557755152,4.629720276683509,4.629720276683509,0.0,0.5564679557755152,
C0,ud23,PLUTARCH,ef8134329970f595ef9ccf4198217affef5c01fa243d5bf4e59ee6daebb04e1d,12,tlg0007.tlg004.perseus-grc1.tb.xml,4_7,925,3854.873677857135,4356.425562264135,4289.984133087551,4289.984133087551,825,925,4.167431003088795,4.709649256501767,0.5422182534129725,4.6378206844189735,4.6378206844189735,0.0,0.5422182534129725,
C0,ud23,PLUTARCH,ef8134329970f595ef9ccf4198217affef5c01fa243d5bf4e59ee6daebb04e1d,12,tlg0007.tlg004.perseus-grc1.tb.xml,ge8,2568,11190.651229107394,12648.053854332913,12199.041321865347,12199.041321865347,2357,2568,4.357730229403191,4.925254616173253,0.5675243867700619,4.750405499168749,4.750405499168749,0.0,0.5675243867700619,
C0,ud23,PLUTARCH,ef8134329970f595ef9ccf4198217affef5c01fa243d5bf4e59ee6daebb04e1d,12,tlg0007.tlg015.perseus-grc1.tb.xml,4_7,915,3774.185656934732,4214.478165496546,4076.6937324913793,4076.6937324913797,815,915,4.124793067688231,4.605987066116444,0.4811939984282123,4.455402986329376,4.455402986329377,8.881784197001252e-16,0.4811939984282114,
C0,ud23,PLUTARCH,ef8134329970f595ef9ccf4198217affef5c01fa243d5bf4e59ee6daebb04e1d,12,tlg0007.tlg015.perseus-grc1.tb.xml,ge8,2493,10354.703244234996,11741.517675333718,11479.161244756102,11479.161244756102,2258,2493,4.153511128854792,4.709794494718699,0.5562833658639077,4.604557258225472,4.604557258225472,0.0,0.5562833658639077,
C0,ud23,PLUTARCH,ef8134329970f595ef9ccf4198217affef5c01fa243d5bf4e59ee6daebb04e1d,13,tlg0007.tlg004.perseus-grc1.tb.xml,4_7,925,3863.7659336433044,4354.648310240949,4347.350855945658,4347.350855945658,801,925,4.177044252587356,4.707727902963188,0.5306836503758321,4.699838763184495,4.699838763184495,0.0,0.5306836503758321,
C0,ud23,PLUTARCH,ef8134329970f595ef9ccf4198217affef5c01fa243d5bf4e59ee6daebb04e1d,13,tlg0007.tlg004.perseus-grc1.tb.xml,ge8,2568,11208.296753603601,12642.67272399707,12084.59475780448,12084.59475780448,2353,2568,4.364601539565265,4.923159160434996,0.5585576208697312,4.705839080141931,4.705839080141931,0.0,0.5585576208697312,
C0,ud23,PLUTARCH,ef8134329970f595ef9ccf4198217affef5c01fa243d5bf4e59ee6daebb04e1d,13,tlg0007.tlg015.perseus-grc1.tb.xml,4_7,915,3799.5382278540496,4217.373987982068,4115.461323638479,4115.46132363848,812,915,4.152500795468907,4.609151899433954,0.45665110396504716,4.4977719384027095,4.49777193840271,8.881784197001252e-16,0.45665110396504627,
C0,ud23,PLUTARCH,ef8134329970f595ef9ccf4198217affef5c01fa243d5bf4e59ee6daebb04e1d,13,tlg0007.tlg015.perseus-grc1.tb.xml,ge8,2493,10352.781479042907,11739.715301450833,11443.17145371396,11443.17145371396,2258,2493,4.152740264357363,4.709071520838681,0.5563312564813181,4.590120920061757,4.590120920061757,0.0,0.5563312564813181,
C0,ud23,PLUTARCH,ef8134329970f595ef9ccf4198217affef5c01fa243d5bf4e59ee6daebb04e1d,14,tlg0007.tlg004.perseus-grc1.tb.xml,4_7,925,3877.01096748772,4356.29872986472,4335.79883806252,4335.79883806252,831,925,4.191363208094832,4.709512140394292,0.5181489322994599,4.687350095202724,4.687350095202724,0.0,0.5181489322994599,
C0,ud23,PLUTARCH,ef8134329970f595ef9ccf4198217affef5c01fa243d5bf4e59ee6daebb04e1d,14,tlg0007.tlg004.perseus-grc1.tb.xml,ge8,2568,11222.18647525255,12653.140634485686,12122.123359708876,12122.123359708876,2329,2568,4.3700103096777845,4.927235449566077,0.5572251398882928,4.720453021693487,4.720453021693487,0.0,0.5572251398882928,
C0,ud23,PLUTARCH,ef8134329970f595ef9ccf4198217affef5c01fa243d5bf4e59ee6daebb04e1d,14,tlg0007.tlg015.perseus-grc1.tb.xml,4_7,915,3774.3049128601156,4218.650090678127,4125.398367700582,4125.398367700582,806,915,4.1249234020329135,4.61054654718921,0.48562314515629623,4.508632095847631,4.508632095847631,0.0,0.48562314515629623,
C0,ud23,PLUTARCH,ef8134329970f595ef9ccf4198217affef5c01fa243d5bf4e59ee6daebb04e1d,14,tlg0007.tlg015.perseus-grc1.tb.xml,ge8,2493,10379.48254972898,11747.961562990387,11331.574735867629,11331.574735867629,2278,2493,4.163450681800634,4.712379287200315,0.5489286053996816,4.545356893649269,4.545356893649269,0.0,0.5489286053996816,
C0,ud23,PLUTARCH,ef8134329970f595ef9ccf4198217affef5c01fa243d5bf4e59ee6daebb04e1d,15,tlg0007.tlg004.perseus-grc1.tb.xml,4_7,925,3873.405613044185,4355.849564430674,4309.743734554519,4309.743734554519,819,925,4.187465527615335,4.70902655614127,0.5215610285259347,4.659182415734615,4.659182415734615,0.0,0.5215610285259347,
C0,ud23,PLUTARCH,ef8134329970f595ef9ccf4198217affef5c01fa243d5bf4e59ee6daebb04e1d,15,tlg0007.tlg004.perseus-grc1.tb.xml,ge8,2568,11213.817321237135,12654.73777241934,12198.851499586828,12198.851499586828,2342,2568,4.366751293316641,4.927857388013761,0.56110609469712,4.750331580835992,4.750331580835992,0.0,0.56110609469712,
C0,ud23,PLUTARCH,ef8134329970f595ef9ccf4198217affef5c01fa243d5bf4e59ee6daebb04e1d,15,tlg0007.tlg015.perseus-grc1.tb.xml,4_7,915,3785.4971176927606,4217.319217319946,4213.7445893032345,4213.7445893032345,809,915,4.137155319882798,4.609092040786826,0.4719367209040275,4.6051853435008026,4.6051853435008026,0.0,0.4719367209040275,
C0,ud23,PLUTARCH,ef8134329970f595ef9ccf4198217affef5c01fa243d5bf4e59ee6daebb04e1d,15,tlg0007.tlg015.perseus-grc1.tb.xml,ge8,2493,10354.06914897032,11738.635757893031,11368.105921366874,11368.105921366874,2256,2493,4.153256778568119,4.708638490931821,0.5553817123637019,4.560010397660198,4.560010397660198,0.0,0.5553817123637019,
C0,ud23,PLUTARCH,ef8134329970f595ef9ccf4198217affef5c01fa243d5bf4e59ee6daebb04e1d,16,tlg0007.tlg004.perseus-grc1.tb.xml,4_7,925,3878.512214850992,4359.453200745826,4305.466275408231,4305.466275408231,840,925,4.192986178217289,4.712922379184676,0.5199362009673871,4.654558135576466,4.654558135576466,0.0,0.5199362009673871,
C0,ud23,PLUTARCH,ef8134329970f595ef9ccf4198217affef5c01fa243d5bf4e59ee6daebb04e1d,16,tlg0007.tlg004.perseus-grc1.tb.xml,ge8,2568,11186.115828737024,12648.923961929833,12182.330696034647,12182.330696034647,2348,2568,4.355964107763638,4.9255934431190935,0.5696293353554553,4.743898246119411,4.743898246119411,0.0,0.5696293353554553,
C0,ud23,PLUTARCH,ef8134329970f595ef9ccf4198217affef5c01fa243d5bf4e59ee6daebb04e1d,16,tlg0007.tlg015.perseus-grc1.tb.xml,4_7,915,3772.409993984503,4213.1680085003245,4164.321688555783,4164.321688555783,810,915,4.12285245244208,4.604555200546803,0.48170274810472247,4.55117124432326,4.55117124432326,0.0,0.48170274810472247,
C0,ud23,PLUTARCH,ef8134329970f595ef9ccf4198217affef5c01fa243d5bf4e59ee6daebb04e1d,16,tlg0007.tlg015.perseus-grc1.tb.xml,ge8,2493,10354.516773778723,11739.061333835343,11451.443457246563,11451.443457246563,2243,2493,4.153436331238958,4.708809199292156,0.5553728680531975,4.593439012132596,4.593439012132596,0.0,0.5553728680531975,
C0,ud23,PLUTARCH,ef8134329970f595ef9ccf4198217affef5c01fa243d5bf4e59ee6daebb04e1d,17,tlg0007.tlg004.perseus-grc1.tb.xml,4_7,925,3864.7472151353186,4355.00874570785,4329.839808433511,4329.839808433511,819,925,4.178105097443588,4.708117562927405,0.530012465483817,4.680907901009201,4.680907901009201,0.0,0.530012465483817,
C0,ud23,PLUTARCH,ef8134329970f595ef9ccf4198217affef5c01fa243d5bf4e59ee6daebb04e1d,17,tlg0007.tlg004.perseus-grc1.tb.xml,ge8,2568,11196.52616527267,12651.149597739091,12140.73681358032,12140.73681358032,2314,2568,4.360017977131101,4.926460123730176,0.5664421465990745,4.727701251394206,4.727701251394206,0.0,0.5664421465990745,
C0,ud23,PLUTARCH,ef8134329970f595ef9ccf4198217affef5c01fa243d5bf4e59ee6daebb04e1d,17,tlg0007.tlg015.perseus-grc1.tb.xml,4_7,915,3777.6356945436632,4218.598979317445,4196.094824405602,4196.094824405602,809,915,4.128563600594167,4.610490687778628,0.4819270871844612,4.5858959829569415,4.5858959829569415,0.0,0.4819270871844612,
C0,ud23,PLUTARCH,ef8134329970f595ef9ccf4198217affef5c01fa243d5bf4e59ee6daebb04e1d,17,tlg0007.tlg015.perseus-grc1.tb.xml,ge8,2493,10364.685189102507,11749.031046584278,11389.721350824291,11389.721350824291,2281,2493,4.157515117971323,4.712808281822815,0.5552931638514922,4.568680846700478,4.568680846700478,0.0,0.5552931638514922,
C0,ud23,PLUTARCH,ef8134329970f595ef9ccf4198217affef5c01fa243d5bf4e59ee6daebb04e1d,18,tlg0007.tlg004.perseus-grc1.tb.xml,4_7,925,3867.322879197638,4357.791619978139,4273.350666660847,4273.350666660847,807,925,4.180889599132581,4.711126075652042,0.5302364765194607,4.619838558552267,4.619838558552267,0.0,0.5302364765194607,
C0,ud23,PLUTARCH,ef8134329970f595ef9ccf4198217affef5c01fa243d5bf4e59ee6daebb04e1d,18,tlg0007.tlg004.perseus-grc1.tb.xml,ge8,2568,11198.051193601703,12656.97400055989,12160.201202175867,12160.201202175867,2368,2568,4.360611835514682,4.928728193364443,0.5681163578497612,4.7352808419687955,4.7352808419687955,0.0,0.5681163578497612,
C0,ud23,PLUTARCH,ef8134329970f595ef9ccf4198217affef5c01fa243d5bf4e59ee6daebb04e1d,18,tlg0007.tlg015.perseus-grc1.tb.xml,4_7,915,3779.131305162645,4217.427368814545,4180.429009301313,4180.429009301313,826,915,4.130198147718738,4.6092102391415795,0.47901209142284173,4.568774873553348,4.568774873553348,0.0,0.47901209142284173,
C0,ud23,PLUTARCH,ef8134329970f595ef9ccf4198217affef5c01fa243d5bf4e59ee6daebb04e1d,18,tlg0007.tlg015.perseus-grc1.tb.xml,ge8,2493,10345.11887605154,11747.084597023164,11427.543470595463,11427.543470595463,2248,2493,4.14966661694807,4.712027515853656,0.5623608989055855,4.5838521743262985,4.5838521743262985,0.0,0.5623608989055855,
C0,ud23,PLUTARCH,ef8134329970f595ef9ccf4198217affef5c01fa243d5bf4e59ee6daebb04e1d,19,tlg0007.tlg004.perseus-grc1.tb.xml,4_7,925,3864.295282615952,4352.127008341705,4315.650225806147,4315.650225806147,824,925,4.177616521746975,4.7050021711802215,0.5273856494332465,4.665567811682322,4.665567811682322,0.0,0.5273856494332465,
C0,ud23,PLUTARCH,ef8134329970f595ef9ccf4198217affef5c01fa243d5bf4e59ee6daebb04e1d,19,tlg0007.tlg004.perseus-grc1.tb.xml,ge8,2568,11231.562580306841,12651.928516506556,12085.32672111075,12085.32672111075,2312,2568,4.373661440929455,4.926763441007226,0.5531020000777707,4.706124112582068,4.706124112582068,0.0,0.5531020000777707,
C0,ud23,PLUTARCH,ef8134329970f595ef9ccf4198217affef5c01fa243d5bf4e59ee6daebb04e1d,19,tlg0007.tlg015.perseus-grc1.tb.xml,4_7,915,3775.016728090511,4215.900106354386,4208.754939350192,4208.754939350192,814,915,4.125701342175422,4.607541099840859,0.48183975766543696,4.599732174153216,4.599732174153216,0.0,0.48183975766543696,
C0,ud23,PLUTARCH,ef8134329970f595ef9ccf4198217affef5c01fa243d5bf4e59ee6daebb04e1d,19,tlg0007.tlg015.perseus-grc1.tb.xml,ge8,2493,10382.230053975498,11747.07119565523,11341.023329977903,11341.023329977903,2262,2493,4.164552769344364,4.712022140254805,0.5474693709104415,4.549146943432773,4.549146943432773,0.0,0.5474693709104415,
D12,ud23,THUCYDIDES,1a32cf6857284fff7c7f006f8d0cd4ab15a047af7a4bcd5613d1fd50789dd4ee,0,tlg0003.tlg001.perseus-grc1.1.tb.xml,4_7,1989,8400.498518349867,9242.36468642842,9149.506856590688,9149.506856590688,1754,1989,4.223478390321703,4.646739409969039,0.4232610196473363,4.600053723776113,4.600053723776113,0.0,0.4232610196473363,
D12,ud23,THUCYDIDES,1a32cf6857284fff7c7f006f8d0cd4ab15a047af7a4bcd5613d1fd50789dd4ee,0,tlg0003.tlg001.perseus-grc1.1.tb.xml,ge8,5238,22859.735243566556,25097.410263021375,24291.665322824192,24291.665322824192,4725,5238,4.364210623055853,4.791410894047608,0.4272002709917553,4.637584063158494,4.637584063158494,0.0,0.4272002709917553,
D12,ud23,THUCYDIDES,1a32cf6857284fff7c7f006f8d0cd4ab15a047af7a4bcd5613d1fd50789dd4ee,1,tlg0003.tlg001.perseus-grc1.1.tb.xml,4_7,1989,8393.629171359493,9250.328674473392,9147.7814854163,9147.7814854163,1738,1989,4.220024721648815,4.650743426080137,0.4307187044313219,4.599186267177627,4.599186267177627,0.0,0.4307187044313219,
D12,ud23,THUCYDIDES,1a32cf6857284fff7c7f006f8d0cd4ab15a047af7a4bcd5613d1fd50789dd4ee,1,tlg0003.tlg001.perseus-grc1.1.tb.xml,ge8,5238,22883.628456346618,25108.53237749656,24248.14502918926,24248.14502918926,4737,5238,4.3687721375232185,4.793534245417441,0.42476210789422275,4.62927549239963,4.62927549239963,0.0,0.42476210789422275,
D12,ud23,THUCYDIDES,1a32cf6857284fff7c7f006f8d0cd4ab15a047af7a4bcd5613d1fd50789dd4ee,2,tlg0003.tlg001.perseus-grc1.1.tb.xml,4_7,1989,8381.716392941296,9240.499662541124,9116.870421100415,9116.870421100415,1766,1989,4.2140353911218185,4.645801740845211,0.4317663497233921,4.583645259477333,4.583645259477333,0.0,0.4317663497233921,
D12,ud23,THUCYDIDES,1a32cf6857284fff7c7f006f8d0cd4ab15a047af7a4bcd5613d1fd50789dd4ee,2,tlg0003.tlg001.perseus-grc1.1.tb.xml,ge8,5238,22863.72755495342,25105.11595886757,24275.023921996974,24275.023921996974,4723,5238,4.364972805451207,4.792882008183957,0.42790920273275024,4.634407010690525,4.634407010690525,0.0,0.42790920273275024,
D12,ud23,THUCYDIDES,1a32cf6857284fff7c7f006f8d0cd4ab15a047af7a4bcd5613d1fd50789dd4ee,3,tlg0003.tlg001.perseus-grc1.1.tb.xml,4_7,1989,8383.42734977984,9247.521497341426,9128.356138030402,9128.356138030402,1769,1989,4.214895600693736,4.649332075083673,0.43443647438993693,4.589419878346105,4.589419878346105,0.0,0.43443647438993693,
D12,ud23,THUCYDIDES,1a32cf6857284fff7c7f006f8d0cd4ab15a047af7a4bcd5613d1fd50789dd4ee,3,tlg0003.tlg001.perseus-grc1.1.tb.xml,ge8,5238,22854.85939254124,25098.95806080405,24253.22918157502,24253.229181575025,4778,5238,4.363279761844452,4.791706388087829,0.42842662624337713,4.63024612095743,4.630246120957431,8.881784197001252e-16,0.42842662624337624,
D12,ud23,THUCYDIDES,1a32cf6857284fff7c7f006f8d0cd4ab15a047af7a4bcd5613d1fd50789dd4ee,4,tlg0003.tlg001.perseus-grc1.1.tb.xml,4_7,1989,8374.31744952534,9244.901774852158,9116.399558891928,9116.399558891928,1773,1989,4.2103154597915236,4.648014969759758,0.43769950996823415,4.583408526340839,4.583408526340839,0.0,0.43769950996823415,
D12,ud23,THUCYDIDES,1a32cf6857284fff7c7f006f8d0cd4ab15a047af7a4bcd5613d1fd50789dd4ee,4,tlg0003.tlg001.perseus-grc1.1.tb.xml,ge8,5238,22888.92443954847,25114.115225128764,24231.22700026357,24231.22700026357,4727,5238,4.36978320724484,4.794600081162422,0.4248168739175817,4.626045628152648,4.626045628152648,0.0,0.4248168739175817,
D12,ud23,THUCYDIDES,1a32cf6857284fff7c7f006f8d0cd4ab15a047af7a4bcd5613d1fd50789dd4ee,5,tlg0003.tlg001.perseus-grc1.1.tb.xml,4_7,1989,8374.89773718881,9243.304079763348,9123.727102431714,9123.727102431716,1734,1989,4.210607208239724,4.647211704255077,0.4366044960153532,4.587092560297493,4.587092560297494,8.881784197001252e-16,0.43660449601535234,
D12,ud23,THUCYDIDES,1a32cf6857284fff7c7f006f8d0cd4ab15a047af7a4bcd5613d1fd50789dd4ee,5,tlg0003.tlg001.perseus-grc1.1.tb.xml,ge8,5238,22851.099111355798,25105.296429024416,24228.28584856907,24228.28584856907,4712,5238,4.362561876929323,4.792916462203974,0.4303545852746504,4.625484125347284,4.625484125347284,0.0,0.4303545852746504,
D12,ud23,THUCYDIDES,1a32cf6857284fff7c7f006f8d0cd4ab15a047af7a4bcd5613d1fd50789dd4ee,6,tlg0003.tlg001.perseus-grc1.1.tb.xml,4_7,1989,8396.95532482448,9248.206052861742,9171.129260395914,9171.129260395914,1764,1989,4.221696995889633,4.6496762457826755,0.4279792498930428,4.610924716136709,4.610924716136709,0.0,0.4279792498930428,
D12,ud23,THUCYDIDES,1a32cf6857284fff7c7f006f8d0cd4ab15a047af7a4bcd5613d1fd50789dd4ee,6,tlg0003.tlg001.perseus-grc1.1.tb.xml,ge8,5238,22895.71412233721,25112.650557835932,24129.375392383165,24129.375392383165,4752,5238,4.371079442981522,4.794320457777001,0.4232410147954795,4.606600876743636,4.606600876743636,0.0,0.4232410147954795,
D12,ud23,THUCYDIDES,1a32cf6857284fff7c7f006f8d0cd4ab15a047af7a4bcd5613d1fd50789dd4ee,7,tlg0003.tlg001.perseus-grc1.1.tb.xml,4_7,1989,8377.682577933881,9246.360659427253,9153.854296132646,9153.854296132646,1750,1989,4.212007329277969,4.648748446167549,0.4367411168895794,4.602239465124508,4.602239465124508,0.0,0.4367411168895794,
D12,ud23,THUCYDIDES,1a32cf6857284fff7c7f006f8d0cd4ab15a047af7a4bcd5613d1fd50789dd4ee,7,tlg0003.tlg001.perseus-grc1.1.tb.xml,ge8,5238,22866.88654875356,25120.672057819265,24144.706593664618,24144.706593664618,4758,5238,4.36557589705108,4.7958518628902755,0.43027596583919525,4.60952779565953,4.60952779565953,0.0,0.43027596583919525,
D12,ud23,THUCYDIDES,1a32cf6857284fff7c7f006f8d0cd4ab15a047af7a4bcd5613d1fd50789dd4ee,8,tlg0003.tlg001.perseus-grc1.1.tb.xml,4_7,1989,8383.634802783241,9244.110236127759,9129.112166376312,9129.112166376312,1746,1989,4.214999900846275,4.647617011627832,0.43261711078155773,4.58979998309518,4.58979998309518,0.0,0.43261711078155773,
D12,ud23,THUCYDIDES,1a32cf6857284fff7c7f006f8d0cd4ab15a047af7a4bcd5613d1fd50789dd4ee,8,tlg0003.tlg001.perseus-grc1.1.tb.xml,ge8,5238,22849.010648239386,25108.509859349746,24147.547038083285,24147.547038083285,4719,5238,4.36216316308503,4.793529946420341,0.431366783335311,4.610070072180848,4.610070072180848,0.0,0.431366783335311,
D12,ud23,THUCYDIDES,1a32cf6857284fff7c7f006f8d0cd4ab15a047af7a4bcd5613d1fd50789dd4ee,9,tlg0003.tlg001.perseus-grc1.1.tb.xml,4_7,1989,8386.508236668284,9246.140276810458,9151.668668488534,9151.668668488534,1755,1989,4.216444563433024,4.648637645455233,0.4321930820222093,4.6011406075859895,4.6011406075859895,0.0,0.4321930820222093,
D12,ud23,THUCYDIDES,1a32cf6857284fff7c7f006f8d0cd4ab15a047af7a4bcd5613d1fd50789dd4ee,9,tlg0003.tlg001.perseus-grc1.1.tb.xml,ge8,5238,22863.24791649454,25117.98534290466,24180.75373777647,24180.75373777647,4714,5238,4.364881236444166,4.79533893526244,0.430457698818274,4.616409648296386,4.616409648296386,0.0,0.430457698818274,
D12,ud23,HOMERIC_TRADITION,209ee9f27c82f31d31eb16124569039d7847ed327f3a0f2b5c4eae048347e621,0,tlg0012.tlg001.perseus-grc1.tb.xml,4_7,19783,88518.89120312483,93607.16703553661,92913.43898590676,92913.43898590676,17103,19783,4.474492807113422,4.7316972671251385,0.2572044600117165,4.696630389016163,4.696630389016163,0.0,0.2572044600117165,
D12,ud23,HOMERIC_TRADITION,209ee9f27c82f31d31eb16124569039d7847ed327f3a0f2b5c4eae048347e621,0,tlg0012.tlg001.perseus-grc1.tb.xml,ge8,25732,118802.37917085881,125590.48117808266,121964.62466073314,121964.62466073314,22984,25732,4.616911983944458,4.88071199977004,0.26380001582558155,4.739803538812884,4.739803538812884,0.0,0.26380001582558155,
D12,ud23,HOMERIC_TRADITION,209ee9f27c82f31d31eb16124569039d7847ed327f3a0f2b5c4eae048347e621,0,tlg0013.tlg002.perseus-grc1.tb.xml,4_7,458,2083.590652196568,2186.508743290267,2163.764937244695,2163.764937244695,390,458,4.549324568114778,4.774036557402329,0.22471198928755154,4.7243775922373255,4.7243775922373255,0.0,0.22471198928755154,
D12,ud23,HOMERIC_TRADITION,209ee9f27c82f31d31eb16124569039d7847ed327f3a0f2b5c4eae048347e621,0,tlg0013.tlg002.perseus-grc1.tb.xml,ge8,661,2982.12110387533,3204.8428360384723,3240.5780487502857,3240.5780487502857,593,661,4.511529657905189,4.848476302630064,0.33694664472487457,4.902538651664577,4.902538651664577,0.0,0.33694664472487457,
D12,ud23,HOMERIC_TRADITION,209ee9f27c82f31d31eb16124569039d7847ed327f3a0f2b5c4eae048347e621,1,tlg0012.tlg001.perseus-grc1.tb.xml,4_7,19783,88560.32736308812,93657.52655957564,92852.55311708605,92852.55311708605,17162,19783,4.476587340802109,4.734242863042796,0.2576555222406878,4.693552702678363,4.693552702678363,0.0,0.2576555222406878,
D12,ud23,HOMERIC_TRADITION,209ee9f27c82f31d31eb16124569039d7847ed327f3a0f2b5c4eae048347e621,1,tlg0012.tlg001.perseus-grc1.tb.xml,ge8,25732,118768.64092549098,125604.67196804374,121950.70900914037,121950.70900914037,23019,25732,4.6156008442985765,4.881263483912783,0.2656626396142068,4.739262747129659,4.739262747129659,0.0,0.2656626396142068,
D12,ud23,HOMERIC_TRADITION,209ee9f27c82f31d31eb16124569039d7847ed327f3a0f2b5c4eae048347e621,1,tlg0013.tlg002.perseus-grc1.tb.xml,4_7,458,2074.3029870934874,2189.22219778521,2195.280218786443,2195.280218786443,402,458,4.529045823348226,4.779961130535393,0.25091530718716726,4.7931882506254215,4.7931882506254215,0.0,0.25091530718716726,
D12,ud23,HOMERIC_TRADITION,209ee9f27c82f31d31eb16124569039d7847ed327f3a0f2b5c4eae048347e621,1,tlg0013.tlg002.perseus-grc1.tb.xml,ge8,661,2970.3077150216695,3205.840145331772,3210.151673745639,3210.151673745639,591,661,4.493657662665158,4.849985091273482,0.3563274286083242,4.856507827149227,4.856507827149227,0.0,0.3563274286083242,
D12,ud23,HOMERIC_TRADITION,209ee9f27c82f31d31eb16124569039d7847ed327f3a0f2b5c4eae048347e621,2,tlg0012.tlg001.perseus-grc1.tb.xml,4_7,19783,88457.97431011547,93604.5543969444,93070.73150804681,93070.73150804681,17170,19783,4.471413552550952,4.731565202292089,0.2601516497411369,4.704581282315464,4.704581282315464,0.0,0.2601516497411369,
D12,ud23,HOMERIC_TRADITION,209ee9f27c82f31d31eb16124569039d7847ed327f3a0f2b5c4eae048347e621,2,tlg0012.tlg001.perseus-grc1.tb.xml,ge8,25732,118714.67734607622,125613.51000164931,121649.51354909243,121649.51354909243,22991,25732,4.613503705350389,4.881606948610653,0.26810324326026347,4.727557653858714,4.727557653858714,0.0,0.26810324326026347,
D12,ud23,HOMERIC_TRADITION,209ee9f27c82f31d31eb16124569039d7847ed327f3a0f2b5c4eae048347e621,2,tlg0013.tlg002.perseus-grc1.tb.xml,4_7,458,2065.134685930351,2187.9510084462313,2185.707235038482,2185.707235038482,387,458,4.509027698537885,4.777185607961203,0.2681579094233184,4.772286539385331,4.772286539385331,0.0,0.2681579094233184,
D12,ud23,HOMERIC_TRADITION,209ee9f27c82f31d31eb16124569039d7847ed327f3a0f2b5c4eae048347e621,2,tlg0013.tlg002.perseus-grc1.tb.xml,ge8,661,2976.736673395782,3206.7046764075117,3169.991649060256,3169.991649060256,591,661,4.503383772157007,4.851293005155085,0.3479092329980782,4.795751360151673,4.795751360151673,0.0,0.3479092329980782,
D12,ud23,HOMERIC_TRADITION,209ee9f27c82f31d31eb16124569039d7847ed327f3a0f2b5c4eae048347e621,3,tlg0012.tlg001.perseus-grc1.tb.xml,4_7,19783,88520.3532225142,93602.1212346708,93071.42833211935,93071.42833211935,17244,19783,4.474566709928434,4.731442209708882,0.2568754997804481,4.704616505692734,4.704616505692734,0.0,0.2568754997804481,
D12,ud23,HOMERIC_TRADITION,209ee9f27c82f31d31eb16124569039d7847ed327f3a0f2b5c4eae048347e621,3,tlg0012.tlg001.perseus-grc1.tb.xml,ge8,25732,118752.60978324352,125605.96900626677,121717.45140526115,121717.45140526115,23033,25732,4.614977840169575,4.88131388956423,0.2663360493946545,4.730197862788013,4.730197862788013,0.0,0.2663360493946545,
D12,ud23,HOMERIC_TRADITION,209ee9f27c82f31d31eb16124569039d7847ed327f3a0f2b5c4eae048347e621,3,tlg0013.tlg002.perseus-grc1.tb.xml,4_7,458,2070.346905732457,2188.3046213780253,2180.000214951704,2180.000214951704,391,458,4.5204080911189015,4.777957688598309,0.2575495974794073,4.759825796837782,4.759825796837782,0.0,0.2575495974794073,
D12,ud23,HOMERIC_TRADITION,209ee9f27c82f31d31eb16124569039d7847ed327f3a0f2b5c4eae048347e621,3,tlg0013.tlg002.perseus-grc1.tb.xml,ge8,661,2978.823394423521,3206.616658115416,3226.0685481348896,3226.0685481348896,585,661,4.506540687478852,4.851159845862959,0.3446191583841074,4.880587818660953,4.880587818660953,0.0,0.3446191583841074,
D12,ud23,HOMERIC_TRADITION,209ee9f27c82f31d31eb16124569039d7847ed327f3a0f2b5c4eae048347e621,4,tlg0012.tlg001.perseus-grc1.tb.xml,4_7,19783,88484.51427280408,93615.42469547597,93480.71554996172,93480.71554996172,17141,19783,4.472755106546231,4.7321146790413975,0.2593595724951667,4.7253053404418806,4.7253053404418806,0.0,0.2593595724951667,
D12,ud23,HOMERIC_TRADITION,209ee9f27c82f31d31eb16124569039d7847ed327f3a0f2b5c4eae048347e621,4,tlg0012.tlg001.perseus-grc1.tb.xml,ge8,25732,118847.37832922579,125634.40514804581,121610.29198831093,121610.29198831093,22948,25732,4.618660746511184,4.882418978238995,0.2637582317278113,4.726033420966537,4.726033420966537,0.0,0.2637582317278113,
D12,ud23,HOMERIC_TRADITION,209ee9f27c82f31d31eb16124569039d7847ed327f3a0f2b5c4eae048347e621,4,tlg0013.tlg002.perseus-grc1.tb.xml,4_7,458,2069.5956691197207,2186.514046268945,2207.756763641416,2207.756763641416,400,458,4.5187678365059405,4.774048135958395,0.2552802994524548,4.82042961493759,4.82042961493759,0.0,0.2552802994524548,
D12,ud23,HOMERIC_TRADITION,209ee9f27c82f31d31eb16124569039d7847ed327f3a0f2b5c4eae048347e621,4,tlg0013.tlg002.perseus-grc1.tb.xml,ge8,661,2970.1072476616946,3206.05392696648,3209.18365875151,3209.18365875151,593,661,4.493354383754455,4.850308512808593,0.35695412905413804,4.855043356658865,4.855043356658865,0.0,0.35695412905413804,
D12,ud23,HOMERIC_TRADITION,209ee9f27c82f31d31eb16124569039d7847ed327f3a0f2b5c4eae048347e621,5,tlg0012.tlg001.perseus-grc1.tb.xml,4_7,19783,88588.72652635362,93640.40188531044,93194.62270724951,93194.62270724951,17195,19783,4.478022874506072,4.73337723729012,0.2553543627840478,4.710843790489284,4.710843790489284,0.0,0.2553543627840478,
D12,ud23,HOMERIC_TRADITION,209ee9f27c82f31d31eb16124569039d7847ed327f3a0f2b5c4eae048347e621,5,tlg0012.tlg001.perseus-grc1.tb.xml,ge8,25732,118862.59175353519,125649.88737198178,122039.02693179906,122039.02693179906,22896,25732,4.619251972389834,4.883020650240237,0.26376867785040314,4.7426949685916,4.7426949685916,0.0,0.26376867785040314,
D12,ud23,HOMERIC_TRADITION,209ee9f27c82f31d31eb16124569039d7847ed327f3a0f2b5c4eae048347e621,5,tlg0013.tlg002.perseus-grc1.tb.xml,4_7,458,2073.766338517826,2186.478708542308,2191.077096920569,2191.077096920569,396,458,4.527874101567306,4.773970979350017,0.24609687778271105,4.784011128647531,4.784011128647531,0.0,0.24609687778271105,
D12,ud23,HOMERIC_TRADITION,209ee9f27c82f31d31eb16124569039d7847ed327f3a0f2b5c4eae048347e621,5,tlg0013.tlg002.perseus-grc1.tb.xml,ge8,661,2972.3500523617377,3204.8725241111333,3234.9911912676885,3234.9911912676885,593,661,4.496747431712159,4.8485212165070095,0.3517737847948501,4.894086522341435,4.894086522341435,0.0,0.3517737847948501,
D12,ud23,HOMERIC_TRADITION,209ee9f27c82f31d31eb16124569039d7847ed327f3a0f2b5c4eae048347e621,6,tlg0012.tlg001.perseus-grc1.tb.xml,4_7,19783,88545.0828496837,93656.92144750059,93170.5923426151,93170.5923426151,17240,19783,4.475816754267993,4.734212275564909,0.258395521296916,4.709629092787499,4.709629092787499,0.0,0.258395521296916,
D12,ud23,HOMERIC_TRADITION,209ee9f27c82f31d31eb16124569039d7847ed327f3a0f2b5c4eae048347e621,6,tlg0012.tlg001.perseus-grc1.tb.xml,ge8,25732,118773.54351202051,125626.53703849135,121576.77164103129,121576.77164103129,22902,25732,4.6157913691909105,4.882113206843283,0.26632183765237283,4.724730749301698,4.724730749301698,0.0,0.26632183765237283,
D12,ud23,HOMERIC_TRADITION,209ee9f27c82f31d31eb16124569039d7847ed327f3a0f2b5c4eae048347e621,6,tlg0013.tlg002.perseus-grc1.tb.xml,4_7,458,2069.4627068404798,2186.660259274904,2195.3305013756885,2195.3305013756885,391,458,4.518477525852576,4.774367378329485,0.2558898524769093,4.793298037938184,4.793298037938184,0.0,0.2558898524769093,
D12,ud23,HOMERIC_TRADITION,209ee9f27c82f31d31eb16124569039d7847ed327f3a0f2b5c4eae048347e621,6,tlg0013.tlg002.perseus-grc1.tb.xml,ge8,661,2975.1006690025633,3203.879090199787,3178.4335868263865,3178.433586826387,585,661,4.500908727689203,4.847018290771236,0.3461095630820328,4.808522824245668,4.808522824245669,8.881784197001252e-16,0.3461095630820319,
D12,ud23,HOMERIC_TRADITION,209ee9f27c82f31d31eb16124569039d7847ed327f3a0f2b5c4eae048347e621,7,tlg0012.tlg001.perseus-grc1.tb.xml,4_7,19783,88623.52696562636,93662.88716234287,93223.90853608218,93223.90853608218,17231,19783,4.4797819827946395,4.734513833207444,0.25473185041280466,4.712324143763948,4.712324143763948,0.0,0.25473185041280466,
D12,ud23,HOMERIC_TRADITION,209ee9f27c82f31d31eb16124569039d7847ed327f3a0f2b5c4eae048347e621,7,tlg0012.tlg001.perseus-grc1.tb.xml,ge8,25732,118907.02906260178,125678.415783008,121760.45858977493,121760.45858977493,22958,25732,4.620978900303194,4.8841293246932995,0.2631504243901057,4.73186921303338,4.73186921303338,0.0,0.2631504243901057,
D12,ud23,HOMERIC_TRADITION,209ee9f27c82f31d31eb16124569039d7847ed327f3a0f2b5c4eae048347e621,7,tlg0013.tlg002.perseus-grc1.tb.xml,4_7,458,2077.0342247122967,2186.5078492305665,2157.657836855385,2157.657836855385,400,458,4.535009224262657,4.774034605306914,0.2390253810442573,4.711043311911321,4.711043311911321,0.0,0.2390253810442573,
D12,ud23,HOMERIC_TRADITION,209ee9f27c82f31d31eb16124569039d7847ed327f3a0f2b5c4eae048347e621,7,tlg0013.tlg002.perseus-grc1.tb.xml,ge8,661,2969.5134921603785,3204.6573574581003,3200.1283264433077,3200.1283264433077,606,661,4.492456115219937,4.84819569963404,0.3557395844141027,4.841343912924823,4.841343912924823,0.0,0.3557395844141027,
D12,ud23,HOMERIC_TRADITION,209ee9f27c82f31d31eb16124569039d7847ed327f3a0f2b5c4eae048347e621,8,tlg0012.tlg001.perseus-grc1.tb.xml,4_7,19783,88561.3612804057,93669.66394133682,93478.79262690601,93478.79262690603,17208,19783,4.476639603720654,4.734856388886257,0.25821678516560276,4.7252081396606185,4.725208139660619,8.881784197001252e-16,0.25821678516560187,
D12,ud23,HOMERIC_TRADITION,209ee9f27c82f31d31eb16124569039d7847ed327f3a0f2b5c4eae048347e621,8,tlg0012.tlg001.perseus-grc1.tb.xml,ge8,25732,118902.15254499143,125707.04076726573,121873.65633691143,121873.65633691144,22932,25732,4.620789388504253,4.885241752186605,0.26445236368235214,4.736268317150296,4.736268317150297,8.881784197001252e-16,0.26445236368235125,
D12,ud23,HOMERIC_TRADITION,209ee9f27c82f31d31eb16124569039d7847ed327f3a0f2b5c4eae048347e621,8,tlg0013.tlg002.perseus-grc1.tb.xml,4_7,458,2077.8033037603323,2188.077336985403,2169.6839390612045,2169.6839390612045,407,458,4.536688436157931,4.777461434465945,0.2407729983080138,4.737301176989529,4.737301176989529,0.0,0.2407729983080138,
D12,ud23,HOMERIC_TRADITION,209ee9f27c82f31d31eb16124569039d7847ed327f3a0f2b5c4eae048347e621,8,tlg0013.tlg002.perseus-grc1.tb.xml,ge8,661,2975.3536249096182,3206.887971710388,3222.601339407129,3222.601339407129,587,661,4.501291414386714,4.851570305159437,0.35027889077272256,4.875342419677956,4.875342419677956,0.0,0.35027889077272256,
D12,ud23,HOMERIC_TRADITION,209ee9f27c82f31d31eb16124569039d7847ed327f3a0f2b5c4eae048347e621,9,tlg0012.tlg001.perseus-grc1.tb.xml,4_7,19783,88573.81921923844,93642.48313482609,93327.83381415751,93327.83381415751,17200,19783,4.47726933322744,4.733482441228635,0.25621310800119534,4.717577405558182,4.717577405558182,0.0,0.25621310800119534,
D12,ud23,HOMERIC_TRADITION,209ee9f27c82f31d31eb16124569039d7847ed327f3a0f2b5c4eae048347e621,9,tlg0012.tlg001.perseus-grc1.tb.xml,ge8,25732,118874.98785511032,125705.7908835902,121701.16540648094,121701.16540648094,22992,25732,4.61973371114217,4.88519317906071,0.26545946791854025,4.729564954394565,4.729564954394565,0.0,0.26545946791854025,
D12,ud23,HOMERIC_TRADITION,209ee9f27c82f31d31eb16124569039d7847ed327f3a0f2b5c4eae048347e621,9,tlg0013.tlg002.perseus-grc1.tb.xml,4_7,458,2070.754602348933,2188.27468600046,2193.969071247258,2193.969071247258,400,458,4.521298258403784,4.777892327511921,0.25659406910813676,4.790325483072616,4.790325483072616,0.0,0.25659406910813676,
D12,ud23,HOMERIC_TRADITION,209ee9f27c82f31d31eb16124569039d7847ed327f3a0f2b5c4eae048347e621,9,tlg0013.tlg002.perseus-grc1.tb.xml,ge8,661,2973.547365039931,3208.3331589346412,3201.263155502901,3201.263155502901,603,661,4.498558797337263,4.853756670097793,0.35519787276053005,4.843060749626174,4.843060749626174,0.0,0.35519787276053005,
D12,ud23,ATHENAEUS,4352f04fcfd7cbe580caddf69f309034ffb967d5d1bc8a8e809498de5bf8d329,0,tlg0008.tlg001.perseus-grc1.tb.xml,4_7,5641,23534.489360373016,25990.41714449477,25547.425266141618,25547.425266141618,4892,5641,4.172042077711933,4.607413072947132,0.43537099523519895,4.528882337553912,4.528882337553912,0.0,0.43537099523519895,
D12,ud23,ATHENAEUS,4352f04fcfd7cbe580caddf69f309034ffb967d5d1bc8a8e809498de5bf8d329,0,tlg0008.tlg001.perseus-grc1.tb.xml,ge8,11050,47151.486465569185,52233.97125114188,50662.30291894256,50662.30291894256,9966,11050,4.267102847562822,4.727056221822794,0.45995337425997196,4.584823793569463,4.584823793569463,0.0,0.45995337425997196,
D12,ud23,ATHENAEUS,4352f04fcfd7cbe580caddf69f309034ffb967d5d1bc8a8e809498de5bf8d329,1,tlg0008.tlg001.perseus-grc1.tb.xml,4_7,5641,23557.2221890857,25984.76539682998,25623.654961285607,25623.65496128561,4948,5641,4.176072006574313,4.606411167670622,0.43033916109630876,4.542395844936289,4.54239584493629,8.881784197001252e-16,0.4303391610963079,
D12,ud23,ATHENAEUS,4352f04fcfd7cbe580caddf69f309034ffb967d5d1bc8a8e809498de5bf8d329,1,tlg0008.tlg001.perseus-grc1.tb.xml,ge8,11050,47130.79075697618,52214.73529803176,50426.14760051351,50426.14760051352,9920,11050,4.265229932758025,4.7253154115865845,0.4600854788285593,4.563452271539684,4.563452271539685,8.881784197001252e-16,0.46008547882855844,
D12,ud23,ATHENAEUS,4352f04fcfd7cbe580caddf69f309034ffb967d5d1bc8a8e809498de5bf8d329,2,tlg0008.tlg001.perseus-grc1.tb.xml,4_7,5641,23537.079358238738,25986.873690456392,25616.30049531579,25616.30049531579,4976,5641,4.172501215784211,4.606784912330507,0.43428369654629595,4.541092092770039,4.541092092770039,0.0,0.43428369654629595,
D12,ud23,ATHENAEUS,4352f04fcfd7cbe580caddf69f309034ffb967d5d1bc8a8e809498de5bf8d329,2,tlg0008.tlg001.perseus-grc1.tb.xml,ge8,11050,47147.37890515265,52254.361196438935,50424.76656046178,50424.76656046179,9876,11050,4.266731122638249,4.72890146574108,0.462170343102831,4.563327290539528,4.563327290539529,8.881784197001252e-16,0.4621703431028301,
D12,ud23,ATHENAEUS,4352f04fcfd7cbe580caddf69f309034ffb967d5d1bc8a8e809498de5bf8d329,3,tlg0008.tlg001.perseus-grc1.tb.xml,4_7,5641,23549.070238145934,25975.194850603646,25472.51492331371,25472.514923313713,4900,5641,4.174626881429877,4.604714563127751,0.4300876816978745,4.515602716417959,4.51560271641796,8.881784197001252e-16,0.4300876816978736,
D12,ud23,ATHENAEUS,4352f04fcfd7cbe580caddf69f309034ffb967d5d1bc8a8e809498de5bf8d329,3,tlg0008.tlg001.perseus-grc1.tb.xml,ge8,11050,47108.25010168498,52220.21940899224,50527.583731955194,50527.583731955194,9943,11050,4.26319005445113,4.725811711221017,0.46262165676988776,4.572632011941646,4.572632011941646,0.0,0.46262165676988776,
D12,ud23,ATHENAEUS,4352f04fcfd7cbe580caddf69f309034ffb967d5d1bc8a8e809498de5bf8d329,4,tlg0008.tlg001.perseus-grc1.tb.xml,4_7,5641,23529.967410122517,25990.508301448415,25579.13619870727,25579.13619870727,4954,5641,4.171240455614699,4.607429232662367,0.43618877704766845,4.5345038466065,4.5345038466065,0.0,0.43618877704766845,
D12,ud23,ATHENAEUS,4352f04fcfd7cbe580caddf69f309034ffb967d5d1bc8a8e809498de5bf8d329,4,tlg0008.tlg001.perseus-grc1.tb.xml,ge8,11050,47161.47408164604,52253.439617521704,50541.892568184005,50541.892568184005,9909,11050,4.268006704221361,4.7288180649340905,0.46081136071272955,4.573926929247421,4.573926929247421,0.0,0.46081136071272955,
D12,ud23,ATHENAEUS,4352f04fcfd7cbe580caddf69f309034ffb967d5d1bc8a8e809498de5bf8d329,5,tlg0008.tlg001.perseus-grc1.tb.xml,4_7,5641,23530.148626642484,25990.39871814217,25532.63803244415,25532.638032444152,4993,5641,4.171272580507442,4.607409806442504,0.4361372259350622,4.526260952392155,4.526260952392156,8.881784197001252e-16,0.4361372259350613,
D12,ud23,ATHENAEUS,4352f04fcfd7cbe580caddf69f309034ffb967d5d1bc8a8e809498de5bf8d329,5,tlg0008.tlg001.perseus-grc1.tb.xml,ge8,11050,47148.864749061584,52232.97296661001,50588.892575749756,50588.89257574976,9894,11050,4.266865588150369,4.726965879331223,0.4601002911808534,4.578180323597263,4.578180323597263,0.0,0.4601002911808534,
D12,ud23,ATHENAEUS,4352f04fcfd7cbe580caddf69f309034ffb967d5d1bc8a8e809498de5bf8d329,6,tlg0008.tlg001.perseus-grc1.tb.xml,4_7,5641,23539.387949846427,25979.945426279173,25525.673016200883,25525.673016200883,4936,5641,4.172910467974903,4.605556714461828,0.4326462464869252,4.52502623935488,4.52502623935488,0.0,0.4326462464869252,
D12,ud23,ATHENAEUS,4352f04fcfd7cbe580caddf69f309034ffb967d5d1bc8a8e809498de5bf8d329,6,tlg0008.tlg001.perseus-grc1.tb.xml,ge8,11050,47164.895226827255,52228.05619155574,50495.033186926914,50495.033186926914,9920,11050,4.268316310120113,4.726520922312737,0.458204612192624,4.569686261260355,4.569686261260355,0.0,0.458204612192624,
D12,ud23,ATHENAEUS,4352f04fcfd7cbe580caddf69f309034ffb967d5d1bc8a8e809498de5bf8d329,7,tlg0008.tlg001.perseus-grc1.tb.xml,4_7,5641,23509.208479699548,25974.255923673303,25621.720607559826,25621.72060755983,4914,5641,4.167560446676041,4.604548116233523,0.4369876695574817,4.5420529352171295,4.5420529352171295,0.0,0.4369876695574817,
D12,ud23,ATHENAEUS,4352f04fcfd7cbe580caddf69f309034ffb967d5d1bc8a8e809498de5bf8d329,7,tlg0008.tlg001.perseus-grc1.tb.xml,ge8,11050,47131.623610769086,52231.04002695647,50626.72597607223,50626.72597607223,9880,11050,4.265305304141998,4.726790952665744,0.4614856485237455,4.581604160730518,4.581604160730518,0.0,0.4614856485237455,
D12,ud23,ATHENAEUS,4352f04fcfd7cbe580caddf69f309034ffb967d5d1bc8a8e809498de5bf8d329,8,tlg0008.tlg001.perseus-grc1.tb.xml,4_7,5641,23520.055592169047,25970.809658724633,25533.946895433048,25533.946895433048,4897,5641,4.169483352627025,4.603937184670206,0.43445383204318144,4.526492979158491,4.526492979158491,0.0,0.43445383204318144,
D12,ud23,ATHENAEUS,4352f04fcfd7cbe580caddf69f309034ffb967d5d1bc8a8e809498de5bf8d329,8,tlg0008.tlg001.perseus-grc1.tb.xml,ge8,11050,47136.16315194809,52241.62873812491,50629.254594411876,50629.25459441188,9908,11050,4.265716122348243,4.7277492070701275,0.46203308472188453,4.5818329949694006,4.581832994969401,8.881784197001252e-16,0.46203308472188365,
D12,ud23,ATHENAEUS,4352f04fcfd7cbe580caddf69f309034ffb967d5d1bc8a8e809498de5bf8d329,9,tlg0008.tlg001.perseus-grc1.tb.xml,4_7,5641,23514.97152334542,25987.187588055724,25673.251406170526,25673.251406170526,4882,5641,4.168582081784332,4.606840558066961,0.4382584762826287,4.551187981948329,4.551187981948329,0.0,0.4382584762826287,
D12,ud23,ATHENAEUS,4352f04fcfd7cbe580caddf69f309034ffb967d5d1bc8a8e809498de5bf8d329,9,tlg0008.tlg001.perseus-grc1.tb.xml,ge8,11050,47123.405523037065,52232.81401637937,50623.75239052249,50623.75239052249,9936,11050,4.264561585795209,4.726951494694966,0.4623899088997563,4.581335057965836,4.581335057965836,0.0,0.4623899088997563,
D12,ud23,HERODOTUS,89f0804afded8e7a0f4e1b507030d5ef4ecaf17e422c8b2969bd6b23e62818e6,0,tlg0016.tlg001.perseus-grc1.1.tb.xml,4_7,3977,17189.646229887247,18664.221158444543,18511.528411097734,18511.528411097734,3523,3977,4.322264578799911,4.693040271170365,0.3707756923704544,4.654646319109312,4.654646319109312,0.0,0.3707756923704544,
D12,ud23,HERODOTUS,89f0804afded8e7a0f4e1b507030d5ef4ecaf17e422c8b2969bd6b23e62818e6,0,tlg0016.tlg001.perseus-grc1.1.tb.xml,ge8,8969,39773.8687175145,43330.16150709337,41682.68447321481,41682.68447321481,8088,8969,4.434593457187479,4.831102855066716,0.3965093978792362,4.64741715611716,4.64741715611716,0.0,0.3965093978792362,
D12,ud23,HERODOTUS,89f0804afded8e7a0f4e1b507030d5ef4ecaf17e422c8b2969bd6b23e62818e6,1,tlg0016.tlg001.perseus-grc1.1.tb.xml,4_7,3977,17166.897156985106,18656.350943976347,18377.730299446965,18377.730299446965,3509,3977,4.3165444196593175,4.691061338691563,0.3745169190322457,4.62100334409026,4.62100334409026,0.0,0.3745169190322457,
D12,ud23,HERODOTUS,89f0804afded8e7a0f4e1b507030d5ef4ecaf17e422c8b2969bd6b23e62818e6,1,tlg0016.tlg001.perseus-grc1.1.tb.xml,ge8,8969,39738.46336772507,43325.41774884837,41835.30788236004,41835.30788236004,8125,8969,4.430645932403285,4.8305739490298105,0.3999280166265251,4.664433926007363,4.664433926007363,0.0,0.3999280166265251,
D12,ud23,HERODOTUS,89f0804afded8e7a0f4e1b507030d5ef4ecaf17e422c8b2969bd6b23e62818e6,2,tlg0016.tlg001.perseus-grc1.1.tb.xml,4_7,3977,17156.483703141137,18663.372481039285,18333.519451333457,18333.519451333457,3482,3977,4.313926000286934,4.692826874789863,0.37890087450292853,4.6098867114240525,4.6098867114240525,0.0,0.37890087450292853,
D12,ud23,HERODOTUS,89f0804afded8e7a0f4e1b507030d5ef4ecaf17e422c8b2969bd6b23e62818e6,2,tlg0016.tlg001.perseus-grc1.1.tb.xml,ge8,8969,39713.67856853984,43317.513081117686,41761.93892135606,41761.93892135606,8114,8969,4.427882547501376,4.8296926169157866,0.40181006941441044,4.6562536426977434,4.6562536426977434,0.0,0.40181006941441044,
D12,ud23,HERODOTUS,89f0804afded8e7a0f4e1b507030d5ef4ecaf17e422c8b2969bd6b23e62818e6,3,tlg0016.tlg001.perseus-grc1.1.tb.xml,4_7,3977,17154.701834572632,18660.500112629208,18277.587088494416,18277.587088494416,3530,3977,4.313477956895306,4.6921046297785285,0.3786266728832226,4.595822752953084,4.595822752953084,0.0,0.3786266728832226,
D12,ud23,HERODOTUS,89f0804afded8e7a0f4e1b507030d5ef4ecaf17e422c8b2969bd6b23e62818e6,3,tlg0016.tlg001.perseus-grc1.1.tb.xml,ge8,8969,39698.627255852356,43320.19052777619,41733.239105255685,41733.239105255685,8090,8969,4.426204399136175,4.829991139232488,0.4037867400963133,4.6530537523977795,4.6530537523977795,0.0,0.4037867400963133,
D12,ud23,HERODOTUS,89f0804afded8e7a0f4e1b507030d5ef4ecaf17e422c8b2969bd6b23e62818e6,4,tlg0016.tlg001.perseus-grc1.1.tb.xml,4_7,3977,17160.72382818449,18649.277256637284,18271.218240322378,18271.218240322378,3524,3977,4.314992161977494,4.689282689624663,0.37429052764716886,4.594221332743872,4.594221332743872,0.0,0.37429052764716886,
D12,ud23,HERODOTUS,89f0804afded8e7a0f4e1b507030d5ef4ecaf17e422c8b2969bd6b23e62818e6,4,tlg0016.tlg001.perseus-grc1.1.tb.xml,ge8,8969,39695.99674339392,43305.43807098894,41806.55009145999,41806.55009145999,8085,8969,4.425911109755147,4.828346311850701,0.4024352020955533,4.661227571798416,4.661227571798416,0.0,0.4024352020955533,
D12,ud23,HERODOTUS,89f0804afded8e7a0f4e1b507030d5ef4ecaf17e422c8b2969bd6b23e62818e6,5,tlg0016.tlg001.perseus-grc1.1.tb.xml,4_7,3977,17149.521788904814,18652.32437375084,18336.394530104888,18336.394530104888,3491,3977,4.312175456098772,4.690048874465888,0.3778734183671162,4.610609637944402,4.610609637944402,0.0,0.3778734183671162,
D12,ud23,HERODOTUS,89f0804afded8e7a0f4e1b507030d5ef4ecaf17e422c8b2969bd6b23e62818e6,5,tlg0016.tlg001.perseus-grc1.1.tb.xml,ge8,8969,39678.373513393664,43307.18665872234,41769.14090201186,41769.14090201186,8088,8969,4.423946205083473,4.828541270902257,0.4045950658187838,4.657056628610977,4.657056628610977,0.0,0.4045950658187838,
D12,ud23,HERODOTUS,89f0804afded8e7a0f4e1b507030d5ef4ecaf17e422c8b2969bd6b23e62818e6,6,tlg0016.tlg001.perseus-grc1.1.tb.xml,4_7,3977,17167.648073891454,18660.7009657751,18354.70792447079,18354.70792447079,3534,3977,4.31673323457165,4.692155133461177,0.3754218988895266,4.61521446428735,4.61521446428735,0.0,0.3754218988895266,
D12,ud23,HERODOTUS,89f0804afded8e7a0f4e1b507030d5ef4ecaf17e422c8b2969bd6b23e62818e6,6,tlg0016.tlg001.perseus-grc1.1.tb.xml,ge8,8969,39792.88539621049,43340.87795801427,41738.454664097364,41738.454664097364,8124,8969,4.436713724630448,4.8322976873691905,0.3955839627387423,4.653635261912963,4.653635261912963,0.0,0.3955839627387423,
D12,ud23,HERODOTUS,89f0804afded8e7a0f4e1b507030d5ef4ecaf17e422c8b2969bd6b23e62818e6,7,tlg0016.tlg001.perseus-grc1.1.tb.xml,4_7,3977,17136.273430734767,18656.339362346866,18518.65305581507,18518.653055815073,3497,3977,4.308844211902129,4.691058426539318,0.3822142146371883,4.656437781195643,4.656437781195644,8.881784197001252e-16,0.3822142146371874,
D12,ud23,HERODOTUS,89f0804afded8e7a0f4e1b507030d5ef4ecaf17e422c8b2969bd6b23e62818e6,7,tlg0016.tlg001.perseus-grc1.1.tb.xml,ge8,8969,39708.58449840171,43321.967394768304,41689.0656129515,41689.0656129515,8057,8969,4.427314583387413,4.830189251284235,0.402874667896822,4.648128622249024,4.648128622249024,0.0,0.402874667896822,
D12,ud23,HERODOTUS,89f0804afded8e7a0f4e1b507030d5ef4ecaf17e422c8b2969bd6b23e62818e6,8,tlg0016.tlg001.perseus-grc1.1.tb.xml,4_7,3977,17131.796800281754,18652.246130182615,18443.69886330129,18443.69886330129,3533,3977,4.3077185819164585,4.690029200448231,0.38231061853177284,4.637590863289236,4.637590863289236,0.0,0.38231061853177284,
D12,ud23,HERODOTUS,89f0804afded8e7a0f4e1b507030d5ef4ecaf17e422c8b2969bd6b23e62818e6,8,tlg0016.tlg001.perseus-grc1.1.tb.xml,ge8,8969,39691.69354232406,43307.93994420539,41733.584389891184,41733.58438989119,8084,8969,4.425431323706551,4.828625258580153,0.40319393487360156,4.653092249959994,4.653092249959995,8.881784197001252e-16,0.40319393487360067,
D12,ud23,HERODOTUS,89f0804afded8e7a0f4e1b507030d5ef4ecaf17e422c8b2969bd6b23e62818e6,9,tlg0016.tlg001.perseus-grc1.1.tb.xml,4_7,3977,17185.30725663189,18658.20407446263,18473.702379242262,18473.702379242262,3494,3977,4.321173562140279,4.691527300594073,0.3703537384537938,4.645135121760689,4.645135121760689,0.0,0.3703537384537938,
D12,ud23,HERODOTUS,89f0804afded8e7a0f4e1b507030d5ef4ecaf17e422c8b2969bd6b23e62818e6,9,tlg0016.tlg001.perseus-grc1.1.tb.xml,ge8,8969,39764.27341979688,43324.78444686105,41663.43991713435,41663.43991713435,8081,8969,4.433523628029533,4.830503338929764,0.3969797109002302,4.6452714814510365,4.6452714814510365,0.0,0.3969797109002302,
D12,ud23,HESIODIC_TRADITION,c4c0c7eaeca0d61d2e53f4f0642bfa382e91dd28b470d2f4da2ba8539fe0e7f7,0,tlg0020.tlg001.perseus-grc1.tb.xml,4_7,942,4274.569908814651,4581.218457525619,4611.57394180314,4611.57394180314,810,942,4.5377599881259565,4.8632892330420585,0.325529244916102,4.895513738644522,4.895513738644522,0.0,0.325529244916102,
D12,ud23,HESIODIC_TRADITION,c4c0c7eaeca0d61d2e53f4f0642bfa382e91dd28b470d2f4da2ba8539fe0e7f7,0,tlg0020.tlg001.perseus-grc1.tb.xml,ge8,2003,9604.71785963613,10033.266491499999,10042.070161457521,10042.070161457521,1731,2003,4.795166180547244,5.009119566400399,0.21395338585315482,5.013514808515986,5.013514808515986,0.0,0.21395338585315482,
D12,ud23,HESIODIC_TRADITION,c4c0c7eaeca0d61d2e53f4f0642bfa382e91dd28b470d2f4da2ba8539fe0e7f7,0,tlg0020.tlg002.perseus-grc1.tb.xml,4_7,887,4116.5180640669605,4325.797885614303,4246.140365910661,4246.140365910661,780,887,4.6409448298387375,4.876886004074749,0.2359411742360118,4.78708045762194,4.78708045762194,0.0,0.2359411742360118,
D12,ud23,HESIODIC_TRADITION,c4c0c7eaeca0d61d2e53f4f0642bfa382e91dd28b470d2f4da2ba8539fe0e7f7,0,tlg0020.tlg002.perseus-grc1.tb.xml,ge8,1190,5553.033350904766,5813.869103044883,5683.689264002448,5683.689264002448,1072,1190,4.666414580592241,4.885604288273011,0.21918970768077006,4.776209465548275,4.776209465548275,0.0,0.21918970768077006,
D12,ud23,HESIODIC_TRADITION,c4c0c7eaeca0d61d2e53f4f0642bfa382e91dd28b470d2f4da2ba8539fe0e7f7,0,tlg0020.tlg003.perseus-grc1.tb.xml,4_7,576,2562.518704269867,2748.9157669782985,2788.6879936405558,2788.6879936405558,509,576,4.448817194912964,4.772423206559546,0.3236060116465822,4.841472211181521,4.841472211181521,0.0,0.3236060116465822,
D12,ud23,HESIODIC_TRADITION,c4c0c7eaeca0d61d2e53f4f0642bfa382e91dd28b470d2f4da2ba8539fe0e7f7,0,tlg0020.tlg003.perseus-grc1.tb.xml,ge8,777,3676.8011369216515,3874.5098407088053,3797.3728392864823,3797.3728392864823,690,777,4.73204779526596,4.986499151491384,0.2544513562254238,4.8872237313854345,4.8872237313854345,0.0,0.2544513562254238,
D12,ud23,HESIODIC_TRADITION,c4c0c7eaeca0d61d2e53f4f0642bfa382e91dd28b470d2f4da2ba8539fe0e7f7,1,tlg0020.tlg001.perseus-grc1.tb.xml,4_7,942,4267.39411188922,4576.093592329567,4600.514739247517,4600.514739247517,829,942,4.530142369309151,4.857848824129053,0.3277064548199018,4.883773608543012,4.883773608543012,0.0,0.3277064548199018,
D12,ud23,HESIODIC_TRADITION,c4c0c7eaeca0d61d2e53f4f0642bfa382e91dd28b470d2f4da2ba8539fe0e7f7,1,tlg0020.tlg001.perseus-grc1.tb.xml,ge8,2003,9578.603974406551,10026.313769995566,9890.042394181264,9890.042394181264,1730,2003,4.782128794012257,5.005648412379214,0.22351961836695722,4.93761477492824,4.93761477492824,0.0,0.22351961836695722,
D12,ud23,HESIODIC_TRADITION,c4c0c7eaeca0d61d2e53f4f0642bfa382e91dd28b470d2f4da2ba8539fe0e7f7,1,tlg0020.tlg002.perseus-grc1.tb.xml,4_7,887,4103.537943568621,4325.446682520548,4250.2527972831,4250.252797283101,765,887,4.6263110975970925,4.876490059211441,0.25017896161434816,4.791716795133146,4.791716795133147,8.881784197001252e-16,0.2501789616143473,
D12,ud23,HESIODIC_TRADITION,c4c0c7eaeca0d61d2e53f4f0642bfa382e91dd28b470d2f4da2ba8539fe0e7f7,1,tlg0020.tlg002.perseus-grc1.tb.xml,ge8,1190,5556.31520802279,5810.144858218661,5668.396963605506,5668.396963605506,1044,1190,4.66917244371663,4.882474670771984,0.21330222705535373,4.763358792945803,4.763358792945803,0.0,0.21330222705535373,
D12,ud23,HESIODIC_TRADITION,c4c0c7eaeca0d61d2e53f4f0642bfa382e91dd28b470d2f4da2ba8539fe0e7f7,1,tlg0020.tlg003.perseus-grc1.tb.xml,4_7,576,2570.5320149138383,2746.369955376767,2768.846886038326,2768.8468860383264,499,576,4.462729192558747,4.768003394751331,0.3052742021925843,4.807025843816538,4.807025843816539,8.881784197001252e-16,0.3052742021925834,
D12,ud23,HESIODIC_TRADITION,c4c0c7eaeca0d61d2e53f4f0642bfa382e91dd28b470d2f4da2ba8539fe0e7f7,1,tlg0020.tlg003.perseus-grc1.tb.xml,ge8,777,3669.3790980050785,3868.6195030113267,3768.440320675809,3768.440320675809,692,777,4.722495621628157,4.978918279293857,0.2564226576656994,4.849987542697309,4.849987542697309,0.0,0.2564226576656994,
D12,ud23,HESIODIC_TRADITION,c4c0c7eaeca0d61d2e53f4f0642bfa382e91dd28b470d2f4da2ba8539fe0e7f7,2,tlg0020.tlg001.perseus-grc1.tb.xml,4_7,942,4277.508898836888,4580.56286795575,4668.724889083054,4668.724889083054,818,942,4.540879935071007,4.862593278084661,0.32171334301365384,4.956183534058444,4.956183534058444,0.0,0.32171334301365384,
D12,ud23,HESIODIC_TRADITION,c4c0c7eaeca0d61d2e53f4f0642bfa382e91dd28b470d2f4da2ba8539fe0e7f7,2,tlg0020.tlg001.perseus-grc1.tb.xml,ge8,2003,9550.067447234564,10040.624803682222,9953.200019418451,9953.200019418451,1716,2003,4.767881900766133,5.012793212023076,0.244911311256943,4.969146290273815,4.969146290273815,0.0,0.244911311256943,
D12,ud23,HESIODIC_TRADITION,c4c0c7eaeca0d61d2e53f4f0642bfa382e91dd28b470d2f4da2ba8539fe0e7f7,2,tlg0020.tlg002.perseus-grc1.tb.xml,4_7,887,4103.7087172735255,4322.369075355317,4274.325861520955,4274.325861520955,743,887,4.62650362714039,4.873020378078148,0.24651675093775793,4.818856664623399,4.818856664623399,0.0,0.24651675093775793,
D12,ud23,HESIODIC_TRADITION,c4c0c7eaeca0d61d2e53f4f0642bfa382e91dd28b470d2f4da2ba8539fe0e7f7,2,tlg0020.tlg002.perseus-grc1.tb.xml,ge8,1190,5542.071175662699,5808.999233514134,5677.864139260821,5677.8641392608215,1058,1190,4.657202668624117,4.881511960936248,0.22430929231213081,4.7713144027401855,4.771314402740186,8.881784197001252e-16,0.22430929231212993,
D12,ud23,HESIODIC_TRADITION,c4c0c7eaeca0d61d2e53f4f0642bfa382e91dd28b470d2f4da2ba8539fe0e7f7,2,tlg0020.tlg003.perseus-grc1.tb.xml,4_7,576,2570.411149505645,2747.4281456090425,2848.5932611652147,2848.5932611652147,484,576,4.462519356780634,4.769840530571255,0.30732117379062096,4.945474411745164,4.945474411745164,0.0,0.30732117379062096,
D12,ud23,HESIODIC_TRADITION,c4c0c7eaeca0d61d2e53f4f0642bfa382e91dd28b470d2f4da2ba8539fe0e7f7,2,tlg0020.tlg003.perseus-grc1.tb.xml,ge8,777,3664.1465879641796,3872.1330418314456,3763.1635952213132,3763.1635952213132,682,777,4.715761374471274,4.983440208277279,0.26767883380600477,4.84319639024622,4.84319639024622,0.0,0.26767883380600477,
D12,ud23,HESIODIC_TRADITION,c4c0c7eaeca0d61d2e53f4f0642bfa382e91dd28b470d2f4da2ba8539fe0e7f7,3,tlg0020.tlg001.perseus-grc1.tb.xml,4_7,942,4275.62093543479,4591.575575680787,4565.093503106784,4565.093503106784,818,942,4.538875727637781,4.874284050616546,0.3354083229787648,4.846171447034802,4.846171447034802,0.0,0.3354083229787648,
D12,ud23,HESIODIC_TRADITION,c4c0c7eaeca0d61d2e53f4f0642bfa382e91dd28b470d2f4da2ba8539fe0e7f7,3,tlg0020.tlg001.perseus-grc1.tb.xml,ge8,2003,9617.789790245855,10065.427346504579,9984.150718448256,9984.150718448256,1727,2003,4.801692356588045,5.025175909388207,0.22348355280016197,4.984598461531831,4.984598461531831,0.0,0.22348355280016197,
D12,ud23,HESIODIC_TRADITION,c4c0c7eaeca0d61d2e53f4f0642bfa382e91dd28b470d2f4da2ba8539fe0e7f7,3,tlg0020.tlg002.perseus-grc1.tb.xml,4_7,887,4113.164758954321,4326.490507921869,4314.772049012734,4314.772049012734,768,887,4.6371643280206545,4.8776668634970335,0.240502535476379,4.864455523125969,4.864455523125969,0.0,0.240502535476379,
D12,ud23,HESIODIC_TRADITION,c4c0c7eaeca0d61d2e53f4f0642bfa382e91dd28b470d2f4da2ba8539fe0e7f7,3,tlg0020.tlg002.perseus-grc1.tb.xml,ge8,1190,5559.274627374079,5815.314420991254,5694.63202663068,5694.63202663068,1066,1190,4.67165935073452,4.886818841169121,0.21515949043460125,4.78540506439553,4.78540506439553,0.0,0.21515949043460125,
D12,ud23,HESIODIC_TRADITION,c4c0c7eaeca0d61d2e53f4f0642bfa382e91dd28b470d2f4da2ba8539fe0e7f7,3,tlg0020.tlg003.perseus-grc1.tb.xml,4_7,576,2577.200549361395,2751.731929769809,2809.12958153569,2809.12958153569,502,576,4.4743065093079775,4.777312378072585,0.30300586876460756,4.876961079055017,4.876961079055017,0.0,0.30300586876460756,
D12,ud23,HESIODIC_TRADITION,c4c0c7eaeca0d61d2e53f4f0642bfa382e91dd28b470d2f4da2ba8539fe0e7f7,3,tlg0020.tlg003.perseus-grc1.tb.xml,ge8,777,3677.717248524459,3875.459099625644,3789.1258305364995,3789.1258305364995,700,777,4.733226832077811,4.987720848939053,0.2544940168612415,4.8766098205102955,4.8766098205102955,0.0,0.2544940168612415,
D12,ud23,HESIODIC_TRADITION,c4c0c7eaeca0d61d2e53f4f0642bfa382e91dd28b470d2f4da2ba8539fe0e7f7,4,tlg0020.tlg001.perseus-grc1.tb.xml,4_7,942,4284.611671084889,4586.892571821538,4641.355671803,4641.355671803,815,942,4.548420032998821,4.869312708940061,0.3208926759412405,4.9271291632728245,4.9271291632728245,0.0,0.3208926759412405,
D12,ud23,HESIODIC_TRADITION,c4c0c7eaeca0d61d2e53f4f0642bfa382e91dd28b470d2f4da2ba8539fe0e7f7,4,tlg0020.tlg001.perseus-grc1.tb.xml,ge8,2003,9676.796137291416,10049.299764729809,9909.27986529115,9909.27986529115,1755,2003,4.831151341633258,5.017124196070799,0.18597285443754075,4.947219103989591,4.947219103989591,0.0,0.18597285443754075,
D12,ud23,HESIODIC_TRADITION,c4c0c7eaeca0d61d2e53f4f0642bfa382e91dd28b470d2f4da2ba8539fe0e7f7,4,tlg0020.tlg002.perseus-grc1.tb.xml,4_7,887,4111.355088077739,4324.538049677616,4347.580652005116,4347.580652005116,766,887,4.6351241128272145,4.875465670436997,0.24034155760978226,4.901443801584121,4.901443801584121,0.0,0.24034155760978226,
D12,ud23,HESIODIC_TRADITION,c4c0c7eaeca0d61d2e53f4f0642bfa382e91dd28b470d2f4da2ba8539fe0e7f7,4,tlg0020.tlg002.perseus-grc1.tb.xml,ge8,1190,5545.546977284049,5814.961064203512,5621.665575722907,5621.665575722907,1065,1190,4.66012351032273,4.886521902692027,0.2263983923692967,4.72408871909488,4.72408871909488,0.0,0.2263983923692967,
D12,ud23,HESIODIC_TRADITION,c4c0c7eaeca0d61d2e53f4f0642bfa382e91dd28b470d2f4da2ba8539fe0e7f7,4,tlg0020.tlg003.perseus-grc1.tb.xml,4_7,576,2568.543003413996,2750.591495392081,2741.4224895393063,2741.4224895393068,516,576,4.459276047593743,4.775332457277918,0.31605640968417514,4.759414044339073,4.759414044339074,8.881784197001252e-16,0.31605640968417426,
D12,ud23,HESIODIC_TRADITION,c4c0c7eaeca0d61d2e53f4f0642bfa382e91dd28b470d2f4da2ba8539fe0e7f7,4,tlg0020.tlg003.perseus-grc1.tb.xml,ge8,777,3678.1568231955966,3875.991820580373,3882.988482707166,3882.988482707166,700,777,4.733792565245298,4.988406461493401,0.25461389624810327,4.997411174655297,4.997411174655297,0.0,0.25461389624810327,
D12,ud23,HESIODIC_TRADITION,c4c0c7eaeca0d61d2e53f4f0642bfa382e91dd28b470d2f4da2ba8539fe0e7f7,5,tlg0020.tlg001.perseus-grc1.tb.xml,4_7,942,4252.982424868024,4575.536517410929,4585.323906067363,4585.323906067363,830,942,4.5148433385010875,4.857257449480817,0.3424141109797292,4.867647458670237,4.867647458670237,0.0,0.3424141109797292,
D12,ud23,HESIODIC_TRADITION,c4c0c7eaeca0d61d2e53f4f0642bfa382e91dd28b470d2f4da2ba8539fe0e7f7,5,tlg0020.tlg001.perseus-grc1.tb.xml,ge8,2003,9554.168674436743,10019.188966079782,9970.207054671231,9970.207054671231,1755,2003,4.769929443053791,5.00209134602086,0.23216190296706873,4.977637071728023,4.977637071728023,0.0,0.23216190296706873,
D12,ud23,HESIODIC_TRADITION,c4c0c7eaeca0d61d2e53f4f0642bfa382e91dd28b470d2f4da2ba8539fe0e7f7,5,tlg0020.tlg002.perseus-grc1.tb.xml,4_7,887,4109.866238131257,4319.362784189671,4238.720801053621,4238.720801053621,763,887,4.633445589775938,4.869631098297262,0.23618550852132358,4.778715671988298,4.778715671988298,0.0,0.23618550852132358,
D12,ud23,HESIODIC_TRADITION,c4c0c7eaeca0d61d2e53f4f0642bfa382e91dd28b470d2f4da2ba8539fe0e7f7,5,tlg0020.tlg002.perseus-grc1.tb.xml,ge8,1190,5532.883818048801,5808.3318722781505,5729.947967650599,5729.947967650599,1046,1190,4.649482200041009,4.880951153174917,0.23146895313390736,4.815082325756806,4.815082325756806,0.0,0.23146895313390736,
D12,ud23,HESIODIC_TRADITION,c4c0c7eaeca0d61d2e53f4f0642bfa382e91dd28b470d2f4da2ba8539fe0e7f7,5,tlg0020.tlg003.perseus-grc1.tb.xml,4_7,576,2574.1911088553356,2747.4692582814214,2755.8128628782524,2755.8128628782524,507,576,4.46908178620718,4.769911906738579,0.30083012053139857,4.784397331385855,4.784397331385855,0.0,0.30083012053139857,
D12,ud23,HESIODIC_TRADITION,c4c0c7eaeca0d61d2e53f4f0642bfa382e91dd28b470d2f4da2ba8539fe0e7f7,5,tlg0020.tlg003.perseus-grc1.tb.xml,ge8,777,3681.7453185448135,3869.5537879829067,3773.119738479966,3773.119738479966,689,777,4.738410963378138,4.9801207052547065,0.24170974187656835,4.856009959433676,4.856009959433676,0.0,0.24170974187656835,
D12,ud23,HESIODIC_TRADITION,c4c0c7eaeca0d61d2e53f4f0642bfa382e91dd28b470d2f4da2ba8539fe0e7f7,6,tlg0020.tlg001.perseus-grc1.tb.xml,4_7,942,4268.351383291061,4577.186718058745,4522.888214257252,4522.888214257252,821,942,4.531158580988388,4.859009254839433,0.32785067385104494,4.801367531058654,4.801367531058654,0.0,0.32785067385104494,
D12,ud23,HESIODIC_TRADITION,c4c0c7eaeca0d61d2e53f4f0642bfa382e91dd28b470d2f4da2ba8539fe0e7f7,6,tlg0020.tlg001.perseus-grc1.tb.xml,ge8,2003,9530.85615330967,10019.56525091777,9975.177626059345,9975.177626059345,1741,2003,4.758290640693795,5.002279206648912,0.2439885659551173,4.980118635077057,4.980118635077057,0.0,0.2439885659551173,
D12,ud23,HESIODIC_TRADITION,c4c0c7eaeca0d61d2e53f4f0642bfa382e91dd28b470d2f4da2ba8539fe0e7f7,6,tlg0020.tlg002.perseus-grc1.tb.xml,4_7,887,4108.264856414396,4323.624646620607,4237.319105399684,4237.319105399684,762,887,4.631640198888833,4.874435903743637,0.24279570485480395,4.77713540631306,4.77713540631306,0.0,0.24279570485480395,
D12,ud23,HESIODIC_TRADITION,c4c0c7eaeca0d61d2e53f4f0642bfa382e91dd28b470d2f4da2ba8539fe0e7f7,6,tlg0020.tlg002.perseus-grc1.tb.xml,ge8,1190,5548.830666404016,5810.327104752787,5727.553748377553,5727.553748377553,1056,1190,4.662882912944551,4.882627819119989,0.21974490617543818,4.81307037678786,4.81307037678786,0.0,0.21974490617543818,
D12,ud23,HESIODIC_TRADITION,c4c0c7eaeca0d61d2e53f4f0642bfa382e91dd28b470d2f4da2ba8539fe0e7f7,6,tlg0020.tlg003.perseus-grc1.tb.xml,4_7,576,2575.010982564762,2748.051232898239,2828.5331914916087,2828.5331914916087,506,576,4.4705051780638225,4.770922279337221,0.30041710127339805,4.910647901895154,4.910647901895154,0.0,0.30041710127339805,
D12,ud23,HESIODIC_TRADITION,c4c0c7eaeca0d61d2e53f4f0642bfa382e91dd28b470d2f4da2ba8539fe0e7f7,6,tlg0020.tlg003.perseus-grc1.tb.xml,ge8,777,3673.5263046889854,3873.074207174346,3766.7591887318654,3766.7591887318654,703,777,4.727833081967806,4.984651489284873,0.2568184073170663,4.847823923721834,4.847823923721834,0.0,0.2568184073170663,
D12,ud23,HESIODIC_TRADITION,c4c0c7eaeca0d61d2e53f4f0642bfa382e91dd28b470d2f4da2ba8539fe0e7f7,7,tlg0020.tlg001.perseus-grc1.tb.xml,4_7,942,4270.511028131352,4579.702959092607,4626.73681422041,4626.73681422041,815,942,4.533451197591669,4.861680423665188,0.32822922607351934,4.911610206178779,4.911610206178779,0.0,0.32822922607351934,
D12,ud23,HESIODIC_TRADITION,c4c0c7eaeca0d61d2e53f4f0642bfa382e91dd28b470d2f4da2ba8539fe0e7f7,7,tlg0020.tlg001.perseus-grc1.tb.xml,ge8,2003,9569.515228728234,10032.94228064532,9912.081869978281,9912.081869978281,1772,2003,4.777591227522833,5.00895770376701,0.23136647624417694,4.948618007977175,4.948618007977175,0.0,0.23136647624417694,
D12,ud23,HESIODIC_TRADITION,c4c0c7eaeca0d61d2e53f4f0642bfa382e91dd28b470d2f4da2ba8539fe0e7f7,7,tlg0020.tlg002.perseus-grc1.tb.xml,4_7,887,4120.213119202224,4324.988735749282,4249.385822361476,4249.385822361476,746,887,4.645110619168235,4.875973771983406,0.23086315281517145,4.790739371320718,4.790739371320718,0.0,0.23086315281517145,
D12,ud23,HESIODIC_TRADITION,c4c0c7eaeca0d61d2e53f4f0642bfa382e91dd28b470d2f4da2ba8539fe0e7f7,7,tlg0020.tlg002.perseus-grc1.tb.xml,ge8,1190,5550.186090021791,5811.402126847976,5709.11386462211,5709.11386462211,1064,1190,4.664021924388059,4.883531199031913,0.21950927464385384,4.797574676153033,4.797574676153033,0.0,0.21950927464385384,
D12,ud23,HESIODIC_TRADITION,c4c0c7eaeca0d61d2e53f4f0642bfa382e91dd28b470d2f4da2ba8539fe0e7f7,7,tlg0020.tlg003.perseus-grc1.tb.xml,4_7,576,2564.4618809169287,2749.0266077257525,2781.6588442631332,2781.6588442631332,512,576,4.452190765480779,4.7726156384127645,0.3204248729319854,4.829268826845717,4.829268826845717,0.0,0.3204248729319854,
D12,ud23,HESIODIC_TRADITION,c4c0c7eaeca0d61d2e53f4f0642bfa382e91dd28b470d2f4da2ba8539fe0e7f7,7,tlg0020.tlg003.perseus-grc1.tb.xml,ge8,777,3665.701644557409,3871.918226430674,3756.1071447294717,3756.1071447294717,689,777,4.71776273430812,4.983163740580018,0.26540100627189833,4.834114729381559,4.834114729381559,0.0,0.26540100627189833,
D12,ud23,HESIODIC_TRADITION,c4c0c7eaeca0d61d2e53f4f0642bfa382e91dd28b470d2f4da2ba8539fe0e7f7,8,tlg0020.tlg001.perseus-grc1.tb.xml,4_7,942,4276.8202894894885,4585.979925402757,4590.758986720564,4590.758986720564,818,942,4.540148927271219,4.868343869854306,0.328194942583087,4.873417183355164,4.873417183355164,0.0,0.328194942583087,
D12,ud23,HESIODIC_TRADITION,c4c0c7eaeca0d61d2e53f4f0642bfa382e91dd28b470d2f4da2ba8539fe0e7f7,8,tlg0020.tlg001.perseus-grc1.tb.xml,ge8,2003,9561.826125670063,10046.421091509159,9981.71259479538,9981.71259479538,1753,2003,4.773752434183756,5.015687015231732,0.2419345810479765,4.98338122555935,4.98338122555935,0.0,0.2419345810479765,
D12,ud23,HESIODIC_TRADITION,c4c0c7eaeca0d61d2e53f4f0642bfa382e91dd28b470d2f4da2ba8539fe0e7f7,8,tlg0020.tlg002.perseus-grc1.tb.xml,4_7,887,4116.7104895680495,4321.898013625831,4263.363344084302,4263.363344084302,756,887,4.641161769524295,4.872489305102402,0.2313275355781066,4.806497569429879,4.806497569429879,0.0,0.2313275355781066,
D12,ud23,HESIODIC_TRADITION,c4c0c7eaeca0d61d2e53f4f0642bfa382e91dd28b470d2f4da2ba8539fe0e7f7,8,tlg0020.tlg002.perseus-grc1.tb.xml,ge8,1190,5552.315605026809,5812.315326705858,5707.931161178168,5707.931161178168,1080,1190,4.665811432795638,4.884298593870469,0.21848716107483046,4.796580807712746,4.796580807712746,0.0,0.21848716107483046,
D12,ud23,HESIODIC_TRADITION,c4c0c7eaeca0d61d2e53f4f0642bfa382e91dd28b470d2f4da2ba8539fe0e7f7,8,tlg0020.tlg003.perseus-grc1.tb.xml,4_7,576,2566.4231239971923,2747.9959593025087,2821.543322717223,2821.543322717223,520,576,4.455595701384015,4.770826318233522,0.31523061684950715,4.898512713050734,4.898512713050734,0.0,0.31523061684950715,
D12,ud23,HESIODIC_TRADITION,c4c0c7eaeca0d61d2e53f4f0642bfa382e91dd28b470d2f4da2ba8539fe0e7f7,8,tlg0020.tlg003.perseus-grc1.tb.xml,ge8,777,3664.951761914262,3876.4242494966293,3810.368000637056,3810.368000637056,700,777,4.716797634381289,4.98896299806516,0.2721653636838708,4.903948520768412,4.903948520768412,0.0,0.2721653636838708,
D12,ud23,HESIODIC_TRADITION,c4c0c7eaeca0d61d2e53f4f0642bfa382e91dd28b470d2f4da2ba8539fe0e7f7,9,tlg0020.tlg001.perseus-grc1.tb.xml,4_7,942,4247.362552790713,4570.538128913144,4547.6191841305545,4547.6191841305545,826,942,4.508877444576129,4.851951304578709,0.3430738600025798,4.82762121457596,4.82762121457596,0.0,0.3430738600025798,
D12,ud23,HESIODIC_TRADITION,c4c0c7eaeca0d61d2e53f4f0642bfa382e91dd28b470d2f4da2ba8539fe0e7f7,9,tlg0020.tlg001.perseus-grc1.tb.xml,ge8,2003,9502.1038022396,10002.220090155392,9860.12986037775,9860.12986037775,1720,2003,4.743935997124114,4.9936196156542145,0.24968361853010013,4.922680908825637,4.922680908825637,0.0,0.24968361853010013,
D12,ud23,HESIODIC_TRADITION,c4c0c7eaeca0d61d2e53f4f0642bfa382e91dd28b470d2f4da2ba8539fe0e7f7,9,tlg0020.tlg002.perseus-grc1.tb.xml,4_7,887,4112.0818633468325,4323.796264689458,4290.682952413023,4290.682952413023,759,887,4.6359434761520095,4.874629385219231,0.23868590906722176,4.837297578819642,4.837297578819642,0.0,0.23868590906722176,
D12,ud23,HESIODIC_TRADITION,c4c0c7eaeca0d61d2e53f4f0642bfa382e91dd28b470d2f4da2ba8539fe0e7f7,9,tlg0020.tlg002.perseus-grc1.tb.xml,ge8,1190,5550.625251813732,5807.921303045152,5662.481424677736,5662.481424677736,1039,1190,4.664390967910699,4.880606137012733,0.21621516910203376,4.75838775183003,4.75838775183003,0.0,0.21621516910203376,
D12,ud23,HESIODIC_TRADITION,c4c0c7eaeca0d61d2e53f4f0642bfa382e91dd28b470d2f4da2ba8539fe0e7f7,9,tlg0020.tlg003.perseus-grc1.tb.xml,4_7,576,2577.102439825231,2746.584347733455,2745.5112773309156,2745.5112773309156,506,576,4.474136180252137,4.768375603703915,0.2942394234517778,4.766512634255061,4.766512634255061,0.0,0.2942394234517778,
D12,ud23,HESIODIC_TRADITION,c4c0c7eaeca0d61d2e53f4f0642bfa382e91dd28b470d2f4da2ba8539fe0e7f7,9,tlg0020.tlg003.perseus-grc1.tb.xml,ge8,777,3656.5844126475504,3868.9733100782696,3828.110425095546,3828.110425095546,709,777,4.706028845106243,4.979373629444362,0.2733447843381196,4.926783043881011,4.926783043881011,0.0,0.2733447843381196,
D12,ud23,DIODORUS,d91dad02f8da03cf6702fa7edec531da5e56f526f466e2f04180f2a23a1cf315,0,tlg0060.tlg001.perseus-grc3.11.tb.xml,4_7,2898,11240.561055272043,12663.563299322786,12676.21845576602,12676.21845576602,2555,2898,3.8787305228682,4.369759592588953,0.49102906972075333,4.374126451265018,4.374126451265018,0.0,0.49102906972075333,
D12,ud23,DIODORUS,d91dad02f8da03cf6702fa7edec531da5e56f526f466e2f04180f2a23a1cf315,0,tlg0060.tlg001.perseus-grc3.11.tb.xml,ge8,9436,38013.3168812342,43030.942453700256,41605.49849222877,41605.49849222877,8445,9436,4.028541424463141,4.560294876398925,0.531753451935784,4.409230446399827,4.409230446399827,0.0,0.531753451935784,
D12,ud23,DIODORUS,d91dad02f8da03cf6702fa7edec531da5e56f526f466e2f04180f2a23a1cf315,1,tlg0060.tlg001.perseus-grc3.11.tb.xml,4_7,2898,11252.001251321863,12678.4514221172,12666.360033175677,12666.360033175677,2514,2898,3.8826781405527475,4.374896971054934,0.4922188305021864,4.370724649128943,4.370724649128943,0.0,0.4922188305021864,
D12,ud23,DIODORUS,d91dad02f8da03cf6702fa7edec531da5e56f526f466e2f04180f2a23a1cf315,1,tlg0060.tlg001.perseus-grc3.11.tb.xml,ge8,9436,38048.37943670075,43083.629963233485,41785.35811946368,41785.35811946368,8446,9436,4.032257252723691,4.565878546336741,0.5336212936130496,4.428291449710013,4.428291449710013,0.0,0.5336212936130496,
D12,ud23,DIODORUS,d91dad02f8da03cf6702fa7edec531da5e56f526f466e2f04180f2a23a1cf315,2,tlg0060.tlg001.perseus-grc3.11.tb.xml,4_7,2898,11266.660830278122,12672.281360812345,12697.915433749058,12697.915433749058,2556,2898,3.88773665641067,4.372767895380381,0.4850312389697109,4.381613331176348,4.381613331176348,0.0,0.4850312389697109,
D12,ud23,DIODORUS,d91dad02f8da03cf6702fa7edec531da5e56f526f466e2f04180f2a23a1cf315,2,tlg0060.tlg001.perseus-grc3.11.tb.xml,ge8,9436,37968.24119084184,43068.257765112256,41630.81294589511,41630.81294589511,8356,9436,4.023764433111683,4.564249445221731,0.5404850121100475,4.4119131990138944,4.4119131990138944,0.0,0.5404850121100475,
D12,ud23,DIODORUS,d91dad02f8da03cf6702fa7edec531da5e56f526f466e2f04180f2a23a1cf315,3,tlg0060.tlg001.perseus-grc3.11.tb.xml,4_7,2898,11269.132044596801,12686.341570718325,12622.523296593949,12622.523296593949,2585,2898,3.8885893873694966,4.37761958961985,0.48903020225035343,4.355598100964095,4.355598100964095,0.0,0.48903020225035343,
D12,ud23,DIODORUS,d91dad02f8da03cf6702fa7edec531da5e56f526f466e2f04180f2a23a1cf315,3,tlg0060.tlg001.perseus-grc3.11.tb.xml,ge8,9436,38000.55983842376,43085.16144781166,41767.22241822999,41767.22241822999,8418,9436,4.02718946994741,4.566040848644729,0.538851378697319,4.426369480524586,4.426369480524586,0.0,0.538851378697319,
D12,ud23,DIODORUS,d91dad02f8da03cf6702fa7edec531da5e56f526f466e2f04180f2a23a1cf315,4,tlg0060.tlg001.perseus-grc3.11.tb.xml,4_7,2898,11251.903966810301,12668.33979305093,12636.880251227858,12636.88025122786,2558,2898,3.8826445710180475,4.371407796083827,0.4887632250657794,4.360552191590013,4.360552191590013,0.0,0.4887632250657794,
D12,ud23,DIODORUS,d91dad02f8da03cf6702fa7edec531da5e56f526f466e2f04180f2a23a1cf315,4,tlg0060.tlg001.perseus-grc3.11.tb.xml,ge8,9436,38016.50909343194,43062.667326275776,41532.928511876875,41532.928511876875,8462,9436,4.0288797258829945,4.5636569866761105,0.534777260793116,4.401539689685976,4.401539689685976,0.0,0.534777260793116,
D12,ud23,DIODORUS,d91dad02f8da03cf6702fa7edec531da5e56f526f466e2f04180f2a23a1cf315,5,tlg0060.tlg001.perseus-grc3.11.tb.xml,4_7,2898,11235.255850755988,12666.233307216084,12640.28237517719,12640.28237517719,2522,2898,3.8768998794879184,4.370680920364418,0.4937810408764993,4.361726147404138,4.361726147404138,0.0,0.4937810408764993,
D12,ud23,DIODORUS,d91dad02f8da03cf6702fa7edec531da5e56f526f466e2f04180f2a23a1cf315,5,tlg0060.tlg001.perseus-grc3.11.tb.xml,ge8,9436,37986.67852416917,43040.95804603492,41727.182596218125,41727.182596218125,8469,9436,4.025718368394359,4.561356299918919,0.5356379315245601,4.422126175945117,4.422126175945117,0.0,0.5356379315245601,
D12,ud23,DIODORUS,d91dad02f8da03cf6702fa7edec531da5e56f526f466e2f04180f2a23a1cf315,6,tlg0060.tlg001.perseus-grc3.11.tb.xml,4_7,2898,11236.72960747179,12665.743077223482,12567.81515875547,12567.815158755471,2544,2898,3.8774084221779814,4.370511758876288,0.4931033366983062,4.336720206609892,4.336720206609893,8.881784197001252e-16,0.4931033366983053,
D12,ud23,DIODORUS,d91dad02f8da03cf6702fa7edec531da5e56f526f466e2f04180f2a23a1cf315,6,tlg0060.tlg001.perseus-grc3.11.tb.xml,ge8,9436,37936.19396477072,43030.488776816004,41702.78043876116,41702.78043876116,8488,9436,4.020368160742976,4.560246797034337,0.5398786362913617,4.419540105845821,4.419540105845821,0.0,0.5398786362913617,
D12,ud23,DIODORUS,d91dad02f8da03cf6702fa7edec531da5e56f526f466e2f04180f2a23a1cf315,7,tlg0060.tlg001.perseus-grc3.11.tb.xml,4_7,2898,11237.22150800617,12674.539986301514,12692.633891621328,12692.633891621328,2565,2898,3.87757816011255,4.373547269255181,0.49596910914263104,4.379790852871404,4.379790852871404,0.0,0.49596910914263104,
D12,ud23,DIODORUS,d91dad02f8da03cf6702fa7edec531da5e56f526f466e2f04180f2a23a1cf315,7,tlg0060.tlg001.perseus-grc3.11.tb.xml,ge8,9436,37982.33565828665,43052.529361307366,41560.13365320123,41560.13365320123,8483,9436,4.025258124023596,4.562582594458178,0.5373244704345819,4.4044228119119575,4.4044228119119575,0.0,0.5373244704345819,
D12,ud23,DIODORUS,d91dad02f8da03cf6702fa7edec531da5e56f526f466e2f04180f2a23a1cf315,8,tlg0060.tlg001.perseus-grc3.11.tb.xml,4_7,2898,11218.498769136599,12654.842357487609,12681.610553073957,12681.610553073959,2564,2898,3.871117587693788,4.366750295889444,0.49563270819565597,4.3759870783554025,4.375987078355403,8.881784197001252e-16,0.4956327081956551,
D12,ud23,DIODORUS,d91dad02f8da03cf6702fa7edec531da5e56f526f466e2f04180f2a23a1cf315,8,tlg0060.tlg001.perseus-grc3.11.tb.xml,ge8,9436,37956.313280472365,43013.02935295846,41611.78862407895,41611.78862407895,8392,9436,4.022500347654977,4.558396497770079,0.5358961501151018,4.409897056388189,4.409897056388189,0.0,0.5358961501151018,
D12,ud23,DIODORUS,d91dad02f8da03cf6702fa7edec531da5e56f526f466e2f04180f2a23a1cf315,9,tlg0060.tlg001.perseus-grc3.11.tb.xml,4_7,2898,11257.132905562536,12669.157789798004,12660.921677475493,12660.921677475493,2553,2898,3.8844488977096394,4.371690058591444,0.48724116088180436,4.368848059860419,4.368848059860419,0.0,0.48724116088180436,
D12,ud23,DIODORUS,d91dad02f8da03cf6702fa7edec531da5e56f526f466e2f04180f2a23a1cf315,9,tlg0060.tlg001.perseus-grc3.11.tb.xml,ge8,9436,38002.79994845596,43040.39779768603,41594.54752004925,41594.54752004925,8429,9436,4.027426870332341,4.561296926418613,0.5338700560862728,4.4080698940281104,4.4080698940281104,0.0,0.5338700560862728,
D12,ud23,PLUTARCH,ef8134329970f595ef9ccf4198217affef5c01fa243d5bf4e59ee6daebb04e1d,0,tlg0007.tlg004.perseus-grc1.tb.xml,4_7,925,3881.3828975357587,4357.382294910674,4254.537770449063,4254.537770449063,808,925,4.196089618957577,4.710683562065594,0.5145939431080162,4.599500292377365,4.599500292377365,0.0,0.5145939431080162,
D12,ud23,PLUTARCH,ef8134329970f595ef9ccf4198217affef5c01fa243d5bf4e59ee6daebb04e1d,0,tlg0007.tlg004.perseus-grc1.tb.xml,ge8,2568,11228.676400346958,12661.999536452307,12108.694604166776,12108.694604166776,2348,2568,4.3725375390759185,4.930685177746225,0.5581476386703068,4.715223755516657,4.715223755516657,0.0,0.5581476386703068,
D12,ud23,PLUTARCH,ef8134329970f595ef9ccf4198217affef5c01fa243d5bf4e59ee6daebb04e1d,0,tlg0007.tlg015.perseus-grc1.tb.xml,4_7,915,3791.0267419352244,4219.045957608475,4168.459198006061,4168.459198006061,804,915,4.1431986250658195,4.610979188643142,0.4677805635773229,4.5556931125749305,4.5556931125749305,0.0,0.4677805635773229,
D12,ud23,PLUTARCH,ef8134329970f595ef9ccf4198217affef5c01fa243d5bf4e59ee6daebb04e1d,0,tlg0007.tlg015.perseus-grc1.tb.xml,ge8,2493,10373.08196237176,11751.268720865372,11448.979325469354,11448.979325469354,2256,2493,4.160883258071304,4.713705864767498,0.5528226066961937,4.592450591844908,4.592450591844908,0.0,0.5528226066961937,
D12,ud23,PLUTARCH,ef8134329970f595ef9ccf4198217affef5c01fa243d5bf4e59ee6daebb04e1d,1,tlg0007.tlg004.perseus-grc1.tb.xml,4_7,925,3875.910271611143,4353.455719244139,4320.4443784797795,4320.4443784797795,823,925,4.190173266606641,4.706438615399069,0.5162653487924276,4.6707506794375995,4.6707506794375995,0.0,0.5162653487924276,
D12,ud23,PLUTARCH,ef8134329970f595ef9ccf4198217affef5c01fa243d5bf4e59ee6daebb04e1d,1,tlg0007.tlg004.perseus-grc1.tb.xml,ge8,2568,11209.901167768956,12653.793637741383,12128.957675795027,12128.957675795027,2334,2568,4.365226311436509,4.927489734322968,0.5622634228864589,4.723114359733266,4.723114359733266,0.0,0.5622634228864589,
D12,ud23,PLUTARCH,ef8134329970f595ef9ccf4198217affef5c01fa243d5bf4e59ee6daebb04e1d,1,tlg0007.tlg015.perseus-grc1.tb.xml,4_7,915,3778.4684729323612,4216.7333827060465,4204.114509445235,4204.114509445235,809,915,4.129473740909685,4.608451784378193,0.4789780434685085,4.594660666060366,4.594660666060366,0.0,0.4789780434685085,
D12,ud23,PLUTARCH,ef8134329970f595ef9ccf4198217affef5c01fa243d5bf4e59ee6daebb04e1d,1,tlg0007.tlg015.perseus-grc1.tb.xml,ge8,2493,10356.685799299039,11744.73232291397,11333.557612561324,11333.557612561324,2258,2493,4.15430637757683,4.711083964265531,0.5567775866887006,4.546152271384406,4.546152271384406,0.0,0.5567775866887006,
D12,ud23,PLUTARCH,ef8134329970f595ef9ccf4198217affef5c01fa243d5bf4e59ee6daebb04e1d,2,tlg0007.tlg004.perseus-grc1.tb.xml,4_7,925,3881.0042760721985,4357.06730707549,4312.1814425045495,4312.1814425045495,820,925,4.1956802984564305,4.710343034676206,0.5146627362197753,4.6618177756805945,4.6618177756805945,0.0,0.5146627362197753,
D12,ud23,PLUTARCH,ef8134329970f595ef9ccf4198217affef5c01fa243d5bf4e59ee6daebb04e1d,2,tlg0007.tlg004.perseus-grc1.tb.xml,ge8,2568,11204.225650130275,12656.870085429598,12153.558231686273,12153.558231686273,2300,2568,4.363016218898082,4.9286877279710275,0.5656715090729456,4.732694015454156,4.732694015454156,0.0,0.5656715090729456,
D12,ud23,PLUTARCH,ef8134329970f595ef9ccf4198217affef5c01fa243d5bf4e59ee6daebb04e1d,2,tlg0007.tlg015.perseus-grc1.tb.xml,4_7,915,3781.2133083643016,4216.609599890558,4107.464186840378,4107.464186840378,824,915,4.132473561053882,4.608316502612631,0.4758429415587493,4.489031898186205,4.489031898186205,0.0,0.4758429415587493,
D12,ud23,PLUTARCH,ef8134329970f595ef9ccf4198217affef5c01fa243d5bf4e59ee6daebb04e1d,2,tlg0007.tlg015.perseus-grc1.tb.xml,ge8,2493,10365.674689761543,11752.654165236047,11480.78230260126,11480.78230260126,2260,2493,4.157912029587462,4.714261598570416,0.5563495689829541,4.605207502046233,4.605207502046233,0.0,0.5563495689829541,
D12,ud23,PLUTARCH,ef8134329970f595ef9ccf4198217affef5c01fa243d5bf4e59ee6daebb04e1d,3,tlg0007.tlg004.perseus-grc1.tb.xml,4_7,925,3875.3082489837007,4356.819494155003,4207.493758709945,4207.493758709946,821,925,4.189522431333731,4.710075128816219,0.5205526974824881,4.548641901308049,4.5486419013080495,8.881784197001252e-16,0.5205526974824872,
D12,ud23,PLUTARCH,ef8134329970f595ef9ccf4198217affef5c01fa243d5bf4e59ee6daebb04e1d,3,tlg0007.tlg004.perseus-grc1.tb.xml,ge8,2568,11187.78340654009,12639.271706800162,12186.96943780364,12186.96943780364,2349,2568,4.356613476067013,4.92183477679134,0.5652213007243274,4.74570460973662,4.74570460973662,0.0,0.5652213007243274,
D12,ud23,PLUTARCH,ef8134329970f595ef9ccf4198217affef5c01fa243d5bf4e59ee6daebb04e1d,3,tlg0007.tlg015.perseus-grc1.tb.xml,4_7,915,3777.8903735883905,4214.340645412109,4152.674768138657,4152.674768138657,803,915,4.128841938347968,4.6058367709421955,0.4769948325942277,4.538442369550444,4.538442369550444,0.0,0.4769948325942277,
D12,ud23,PLUTARCH,ef8134329970f595ef9ccf4198217affef5c01fa243d5bf4e59ee6daebb04e1d,3,tlg0007.tlg015.perseus-grc1.tb.xml,ge8,2493,10361.871515415898,11738.615481591809,11427.567618261257,11427.567618261257,2292,2493,4.156386488333694,4.7086303576381106,0.5522438693044167,4.583861860513942,4.583861860513942,0.0,0.5522438693044167,
D12,ud23,PLUTARCH,ef8134329970f595ef9ccf4198217affef5c01fa243d5bf4e59ee6daebb04e1d,4,tlg0007.tlg004.perseus-grc1.tb.xml,4_7,925,3869.635901143171,4356.599962979912,4285.419352907118,4285.419352907118,827,925,4.183390163398022,4.709837797816121,0.5264476344180986,4.6328857869266145,4.6328857869266145,0.0,0.5264476344180986,
D12,ud23,PLUTARCH,ef8134329970f595ef9ccf4198217affef5c01fa243d5bf4e59ee6daebb04e1d,4,tlg0007.tlg004.perseus-grc1.tb.xml,ge8,2568,11200.87463195526,12650.787786524848,12128.228218223257,12128.228218223257,2339,2568,4.3617113052785275,4.9263192315127915,0.564607926234264,4.72283030304644,4.72283030304644,0.0,0.564607926234264,
D12,ud23,PLUTARCH,ef8134329970f595ef9ccf4198217affef5c01fa243d5bf4e59ee6daebb04e1d,4,tlg0007.tlg015.perseus-grc1.tb.xml,4_7,915,3796.7688602155117,4215.784347452601,4213.767249329886,4213.767249329886,823,915,4.149474164169958,4.607414587379892,0.45794042320993356,4.6052101085572525,4.6052101085572525,0.0,0.45794042320993356,
D12,ud23,PLUTARCH,ef8134329970f595ef9ccf4198217affef5c01fa243d5bf4e59ee6daebb04e1d,4,tlg0007.tlg015.perseus-grc1.tb.xml,ge8,2493,10372.417044529706,11742.367908016382,11361.476790735855,11361.476790735855,2260,2493,4.160616544135461,4.710135542726186,0.5495189985907247,4.557351299934157,4.557351299934157,0.0,0.5495189985907247,
D12,ud23,PLUTARCH,ef8134329970f595ef9ccf4198217affef5c01fa243d5bf4e59ee6daebb04e1d,5,tlg0007.tlg004.perseus-grc1.tb.xml,4_7,925,3877.046926568391,4358.008199477298,4319.270932865939,4319.270932865939,818,925,4.191402082776639,4.711360215651133,0.5199581328744944,4.6694820895847995,4.6694820895847995,0.0,0.5199581328744944,
D12,ud23,PLUTARCH,ef8134329970f595ef9ccf4198217affef5c01fa243d5bf4e59ee6daebb04e1d,5,tlg0007.tlg004.perseus-grc1.tb.xml,ge8,2568,11205.80047423814,12663.287437029883,12089.378248535124,12089.378248535124,2345,2568,4.363629468161269,4.931186696662727,0.5675572285014576,4.7077018101772286,4.7077018101772286,0.0,0.5675572285014576,
D12,ud23,PLUTARCH,ef8134329970f595ef9ccf4198217affef5c01fa243d5bf4e59ee6daebb04e1d,5,tlg0007.tlg015.perseus-grc1.tb.xml,4_7,915,3771.048551570453,4218.8319714106965,4098.968537191176,4098.968537191176,801,915,4.1213645372354675,4.610745323946117,0.4893807867106492,4.479747035181614,4.479747035181614,0.0,0.4893807867106492,
D12,ud23,PLUTARCH,ef8134329970f595ef9ccf4198217affef5c01fa243d5bf4e59ee6daebb04e1d,5,tlg0007.tlg015.perseus-grc1.tb.xml,ge8,2493,10369.022873416237,11745.090292853196,11422.929580607031,11422.929580607031,2269,2493,4.159255063544419,4.711227554293299,0.5519724907488799,4.582001436264353,4.582001436264353,0.0,0.5519724907488799,
D12,ud23,PLUTARCH,ef8134329970f595ef9ccf4198217affef5c01fa243d5bf4e59ee6daebb04e1d,6,tlg0007.tlg004.perseus-grc1.tb.xml,4_7,925,3881.2904515704017,4358.1485489646375,4323.615602655453,4323.615602655453,805,925,4.195989677373407,4.711511944826635,0.5155222674532283,4.674179029897787,4.674179029897787,0.0,0.5155222674532283,
D12,ud23,PLUTARCH,ef8134329970f595ef9ccf4198217affef5c01fa243d5bf4e59ee6daebb04e1d,6,tlg0007.tlg004.perseus-grc1.tb.xml,ge8,2568,11203.644979482819,12644.507064885644,12159.740904806205,12159.740904806207,2352,2568,4.362790101044712,4.923873467634596,0.5610833665898847,4.735101598444784,4.735101598444785,8.881784197001252e-16,0.5610833665898838,
D12,ud23,PLUTARCH,ef8134329970f595ef9ccf4198217affef5c01fa243d5bf4e59ee6daebb04e1d,6,tlg0007.tlg015.perseus-grc1.tb.xml,4_7,915,3788.573023461572,4215.408125152861,4115.05455872241,4115.05455872241,803,915,4.140516965531773,4.6070034154676085,0.4664864499358359,4.497327386581868,4.497327386581868,0.0,0.4664864499358359,
D12,ud23,PLUTARCH,ef8134329970f595ef9ccf4198217affef5c01fa243d5bf4e59ee6daebb04e1d,6,tlg0007.tlg015.perseus-grc1.tb.xml,ge8,2493,10378.01438843094,11738.13029090809,11469.848918555108,11469.848918555108,2280,2493,4.162861768323682,4.708435736425226,0.5455739681015439,4.6008218686542754,4.6008218686542754,0.0,0.5455739681015439,
D12,ud23,PLUTARCH,ef8134329970f595ef9ccf4198217affef5c01fa243d5bf4e59ee6daebb04e1d,7,tlg0007.tlg004.perseus-grc1.tb.xml,4_7,925,3876.087751051549,4352.712861909879,4203.922825326946,4203.922825326946,815,925,4.190365136271945,4.705635526389059,0.5152703901171138,4.5447814327858875,4.5447814327858875,0.0,0.5152703901171138,
D12,ud23,PLUTARCH,ef8134329970f595ef9ccf4198217affef5c01fa243d5bf4e59ee6daebb04e1d,7,tlg0007.tlg004.perseus-grc1.tb.xml,ge8,2568,11187.605971258527,12640.449600954755,12213.19607301063,12213.19607301063,2357,2568,4.356544381331202,4.922293458315714,0.5657490769845124,4.755917473913796,4.755917473913796,0.0,0.5657490769845124,
D12,ud23,PLUTARCH,ef8134329970f595ef9ccf4198217affef5c01fa243d5bf4e59ee6daebb04e1d,7,tlg0007.tlg015.perseus-grc1.tb.xml,4_7,915,3772.7923796531763,4217.306487536111,4101.219159334332,4101.219159334332,806,915,4.123270360276695,4.609078128454765,0.4858077681780699,4.482206731512932,4.482206731512932,0.0,0.4858077681780699,
D12,ud23,PLUTARCH,ef8134329970f595ef9ccf4198217affef5c01fa243d5bf4e59ee6daebb04e1d,7,tlg0007.tlg015.perseus-grc1.tb.xml,ge8,2493,10363.299840417312,11743.21523132291,11417.974673168472,11417.974673168472,2258,2493,4.156959422550065,4.710475423715568,0.5535160011655034,4.580013908210378,4.580013908210378,0.0,0.5535160011655034,
D12,ud23,PLUTARCH,ef8134329970f595ef9ccf4198217affef5c01fa243d5bf4e59ee6daebb04e1d,8,tlg0007.tlg004.perseus-grc1.tb.xml,4_7,925,3863.9520429820627,4355.500718459784,4351.329222990564,4351.329222990564,812,925,4.1772454518725,4.708649425361929,0.5314039734894287,4.704139700530339,4.704139700530339,0.0,0.5314039734894287,
D12,ud23,PLUTARCH,ef8134329970f595ef9ccf4198217affef5c01fa243d5bf4e59ee6daebb04e1d,8,tlg0007.tlg004.perseus-grc1.tb.xml,ge8,2568,11205.813312608572,12644.492305297894,11999.661372146253,11999.661372146253,2333,2568,4.363634467526703,4.923867720131579,0.5602332526048759,4.672765331832653,4.672765331832653,0.0,0.5602332526048759,
D12,ud23,PLUTARCH,ef8134329970f595ef9ccf4198217affef5c01fa243d5bf4e59ee6daebb04e1d,8,tlg0007.tlg015.perseus-grc1.tb.xml,4_7,915,3783.589733516763,4215.532441055164,4113.309900180075,4113.309900180075,815,915,4.135070747012856,4.607139279841709,0.4720685328288532,4.495420655934508,4.495420655934508,0.0,0.4720685328288532,
D12,ud23,PLUTARCH,ef8134329970f595ef9ccf4198217affef5c01fa243d5bf4e59ee6daebb04e1d,8,tlg0007.tlg015.perseus-grc1.tb.xml,ge8,2493,10379.152203082565,11743.74477840618,11453.803722403538,11453.803722403538,2221,2493,4.163318172114948,4.710687837306931,0.547369665191983,4.594385769114937,4.594385769114937,0.0,0.547369665191983,
D12,ud23,PLUTARCH,ef8134329970f595ef9ccf4198217affef5c01fa243d5bf4e59ee6daebb04e1d,9,tlg0007.tlg004.perseus-grc1.tb.xml,4_7,925,3867.153798267591,4352.444572683037,4356.074844605979,4356.074844605979,831,925,4.180706808937936,4.705345483981662,0.5246386750437262,4.709270102276734,4.709270102276734,0.0,0.5246386750437262,
D12,ud23,PLUTARCH,ef8134329970f595ef9ccf4198217affef5c01fa243d5bf4e59ee6daebb04e1d,9,tlg0007.tlg004.perseus-grc1.tb.xml,ge8,2568,11212.342884788992,12658.159449030973,12099.017977731615,12099.017977731615,2323,2568,4.366177135821259,4.929189816600846,0.563012680779587,4.711455598805146,4.711455598805146,0.0,0.563012680779587,
D12,ud23,PLUTARCH,ef8134329970f595ef9ccf4198217affef5c01fa243d5bf4e59ee6daebb04e1d,9,tlg0007.tlg015.perseus-grc1.tb.xml,4_7,915,3780.1400149111364,4216.728899217278,4167.728512940863,4167.728512940863,808,915,4.1313005627444115,4.608446884390467,0.47714632164605586,4.554894549662145,4.554894549662145,0.0,0.47714632164605586,
D12,ud23,PLUTARCH,ef8134329970f595ef9ccf4198217affef5c01fa243d5bf4e59ee6daebb04e1d,9,tlg0007.tlg015.perseus-grc1.tb.xml,ge8,2493,10369.03727562769,11753.147186664115,11407.27838489105,11407.27838489105,2270,2493,4.1592608406047695,4.714459360876099,0.5551985202713299,4.575723379418792,4.575723379418792,0.0,0.5551985202713299,
a_total1,ud23,THUCYDIDES,1a32cf6857284fff7c7f006f8d0cd4ab15a047af7a4bcd5613d1fd50789dd4ee,0,tlg0003.tlg001.perseus-grc1.1.tb.xml,4_7,1989,8428.416123225195,9241.40684179459,9154.37545173162,9154.37545173162,1754,1989,4.237514390761787,4.646257839011859,0.40874344825007203,4.602501484027964,4.602501484027964,0.0,0.40874344825007203,
a_total1,ud23,THUCYDIDES,1a32cf6857284fff7c7f006f8d0cd4ab15a047af7a4bcd5613d1fd50789dd4ee,0,tlg0003.tlg001.perseus-grc1.1.tb.xml,ge8,5238,23083.057529766324,25113.674994797137,24295.952729365836,24295.952729365836,4725,5238,4.40684565287635,4.79451603566192,0.3876703827855703,4.638402582925894,4.638402582925894,0.0,0.3876703827855703,
a_total1,ud23,THUCYDIDES,1a32cf6857284fff7c7f006f8d0cd4ab15a047af7a4bcd5613d1fd50789dd4ee,1,tlg0003.tlg001.perseus-grc1.1.tb.xml,4_7,1989,8410.963397506142,9249.424776406435,9147.08502181987,9147.08502181987,1738,1989,4.228739767474179,4.650288977579907,0.4215492101057272,4.598836109512252,4.598836109512252,0.0,0.4215492101057272,
a_total1,ud23,THUCYDIDES,1a32cf6857284fff7c7f006f8d0cd4ab15a047af7a4bcd5613d1fd50789dd4ee,1,tlg0003.tlg001.perseus-grc1.1.tb.xml,ge8,5238,23050.57419770442,25124.71174735083,24263.709007804857,24263.709007804857,4737,5238,4.400644176728602,4.79662309036862,0.39597891364001736,4.632246851432772,4.632246851432772,0.0,0.39597891364001736,
a_total1,ud23,THUCYDIDES,1a32cf6857284fff7c7f006f8d0cd4ab15a047af7a4bcd5613d1fd50789dd4ee,2,tlg0003.tlg001.perseus-grc1.1.tb.xml,4_7,1989,8398.801725094658,9239.56761029743,9116.506501375401,9116.506501375401,1766,1989,4.2226253017067155,4.64533313740444,0.4227078356977243,4.5834622933008555,4.5834622933008555,0.0,0.4227078356977243,
a_total1,ud23,THUCYDIDES,1a32cf6857284fff7c7f006f8d0cd4ab15a047af7a4bcd5613d1fd50789dd4ee,2,tlg0003.tlg001.perseus-grc1.1.tb.xml,ge8,5238,23041.846160539295,25121.698378436322,24285.049699519066,24285.049699519066,4723,5238,4.398977884791771,4.796047800388759,0.39706991559698857,4.636321057563777,4.636321057563777,0.0,0.39706991559698857,
a_total1,ud23,THUCYDIDES,1a32cf6857284fff7c7f006f8d0cd4ab15a047af7a4bcd5613d1fd50789dd4ee,3,tlg0003.tlg001.perseus-grc1.1.tb.xml,4_7,1989,8382.307266894471,9246.596616139312,9133.236190103147,9133.236190103147,1769,1989,4.214332461988171,4.648867076993118,0.4345346150049467,4.591873398744669,4.591873398744669,0.0,0.4345346150049467,
a_total1,ud23,THUCYDIDES,1a32cf6857284fff7c7f006f8d0cd4ab15a047af7a4bcd5613d1fd50789dd4ee,3,tlg0003.tlg001.perseus-grc1.1.tb.xml,ge8,5238,22979.262742778443,25114.896405578333,24262.926492045015,24262.926492045015,4778,5238,4.3870299241654145,4.794749218323469,0.4077192941580545,4.632097459344219,4.632097459344219,0.0,0.4077192941580545,
a_total1,ud23,THUCYDIDES,1a32cf6857284fff7c7f006f8d0cd4ab15a047af7a4bcd5613d1fd50789dd4ee,4,tlg0003.tlg001.perseus-grc1.1.tb.xml,4_7,1989,8381.598974471091,9243.9761525427,9115.803957441476,9115.803957441476,1773,1989,4.2139763572001465,4.647549599066214,0.4335732418660676,4.583109078653331,4.583109078653331,0.0,0.4335732418660676,
a_total1,ud23,THUCYDIDES,1a32cf6857284fff7c7f006f8d0cd4ab15a047af7a4bcd5613d1fd50789dd4ee,4,tlg0003.tlg001.perseus-grc1.1.tb.xml,ge8,5238,23127.938820604824,25130.459180576945,24235.50499674797,24235.504996747975,4727,5238,4.415414055098286,4.797720347571009,0.3823062924727232,4.626862351421911,4.626862351421912,8.881784197001252e-16,0.3823062924727223,
a_total1,ud23,THUCYDIDES,1a32cf6857284fff7c7f006f8d0cd4ab15a047af7a4bcd5613d1fd50789dd4ee,5,tlg0003.tlg001.perseus-grc1.1.tb.xml,4_7,1989,8383.041087084654,9242.397705858673,9123.135474578825,9123.135474578827,1734,1989,4.214701401249197,4.6467560109897805,0.4320546097405833,4.586795110396594,4.5867951103965945,8.881784197001252e-16,0.4320546097405824,
a_total1,ud23,THUCYDIDES,1a32cf6857284fff7c7f006f8d0cd4ab15a047af7a4bcd5613d1fd50789dd4ee,5,tlg0003.tlg001.perseus-grc1.1.tb.xml,ge8,5238,23015.948376674063,25121.778255563655,24237.66083105397,24237.66083105397,4712,5238,4.39403367252273,4.796063049935787,0.402029377413057,4.6272739272726175,4.6272739272726175,0.0,0.402029377413057,
a_total1,ud23,THUCYDIDES,1a32cf6857284fff7c7f006f8d0cd4ab15a047af7a4bcd5613d1fd50789dd4ee,6,tlg0003.tlg001.perseus-grc1.1.tb.xml,4_7,1989,8387.254612304443,9247.28725946976,9181.311899130684,9181.311899130686,1764,1989,4.216819815135467,4.649214308431252,0.43239449329578505,4.616044192624778,4.616044192624779,8.881784197001252e-16,0.43239449329578417,
a_total1,ud23,THUCYDIDES,1a32cf6857284fff7c7f006f8d0cd4ab15a047af7a4bcd5613d1fd50789dd4ee,6,tlg0003.tlg001.perseus-grc1.1.tb.xml,ge8,5238,23102.932894254252,25128.703494566296,24127.91342838182,24127.91342838182,4752,5238,4.41064010963235,4.797385165056567,0.38674505542421667,4.60632176945052,4.60632176945052,0.0,0.38674505542421667,
a_total1,ud23,THUCYDIDES,1a32cf6857284fff7c7f006f8d0cd4ab15a047af7a4bcd5613d1fd50789dd4ee,7,tlg0003.tlg001.perseus-grc1.1.tb.xml,4_7,1989,8382.098622701464,9245.42882389767,9159.06460867025,9159.06460867025,1750,1989,4.21422756294694,4.648279951683092,0.43405238873615204,4.604859028994595,4.604859028994595,0.0,0.43405238873615204,
a_total1,ud23,THUCYDIDES,1a32cf6857284fff7c7f006f8d0cd4ab15a047af7a4bcd5613d1fd50789dd4ee,7,tlg0003.tlg001.perseus-grc1.1.tb.xml,ge8,5238,23022.73843967784,25137.355211396873,24148.99309829598,24148.99309829598,4758,5238,4.395329980847239,4.799036886482794,0.40370690563555467,4.610346143240928,4.610346143240928,0.0,0.40370690563555467,
a_total1,ud23,THUCYDIDES,1a32cf6857284fff7c7f006f8d0cd4ab15a047af7a4bcd5613d1fd50789dd4ee,8,tlg0003.tlg001.perseus-grc1.1.tb.xml,4_7,1989,8398.056471517342,9243.181344245515,9139.800757851053,9139.800757851053,1746,1989,4.2222506141364216,4.647149997106845,0.4248993829704233,4.595173835018127,4.595173835018127,0.0,0.4248993829704233,
a_total1,ud23,THUCYDIDES,1a32cf6857284fff7c7f006f8d0cd4ab15a047af7a4bcd5613d1fd50789dd4ee,8,tlg0003.tlg001.perseus-grc1.1.tb.xml,ge8,5238,22991.70917834276,25125.439445451007,24152.132017838325,24152.132017838325,4719,5238,4.389406105067346,4.796762017077321,0.407355912009975,4.610945402412815,4.610945402412815,0.0,0.407355912009975,
a_total1,ud23,THUCYDIDES,1a32cf6857284fff7c7f006f8d0cd4ab15a047af7a4bcd5613d1fd50789dd4ee,9,tlg0003.tlg001.perseus-grc1.1.tb.xml,4_7,1989,8398.36743956243,9245.190667078003,9151.460837350553,9151.460837350553,1755,1989,4.222406958050493,4.648160214719961,0.42575325666946817,4.60103611732054,4.60103611732054,0.0,0.42575325666946817,
a_total1,ud23,THUCYDIDES,1a32cf6857284fff7c7f006f8d0cd4ab15a047af7a4bcd5613d1fd50789dd4ee,9,tlg0003.tlg001.perseus-grc1.1.tb.xml,ge8,5238,23019.476279925573,25118.988087562837,24180.773111031245,24180.773111031245,4714,5238,4.394707193571129,4.795530371814211,0.40082317824308156,4.61641334689409,4.61641334689409,0.0,0.40082317824308156,
a_total1,ud23,HOMERIC_TRADITION,209ee9f27c82f31d31eb16124569039d7847ed327f3a0f2b5c4eae048347e621,0,tlg0012.tlg001.perseus-grc1.tb.xml,4_7,19783,88583.43761660057,93606.22521100192,92912.09500624193,92912.09500624193,17103,19783,4.477755528312216,4.731649659354088,0.2538941310418714,4.696562452926347,4.696562452926347,0.0,0.2538941310418714,
a_total1,ud23,HOMERIC_TRADITION,209ee9f27c82f31d31eb16124569039d7847ed327f3a0f2b5c4eae048347e621,0,tlg0012.tlg001.perseus-grc1.tb.xml,ge8,25732,119445.97670949469,125591.65619349026,121969.98971527765,121969.98971527765,22984,25732,4.6419235469258,4.880757663356531,0.2388341164307306,4.7400120361914215,4.7400120361914215,0.0,0.2388341164307306,
a_total1,ud23,HOMERIC_TRADITION,209ee9f27c82f31d31eb16124569039d7847ed327f3a0f2b5c4eae048347e621,0,tlg0013.tlg002.perseus-grc1.tb.xml,4_7,458,2095.5943638155422,2186.4767917779473,2169.1622038134296,2169.1622038134296,390,458,4.575533545448782,4.773966794274994,0.19843324882621172,4.73616201705989,4.73616201705989,0.0,0.19843324882621172,
a_total1,ud23,HOMERIC_TRADITION,209ee9f27c82f31d31eb16124569039d7847ed327f3a0f2b5c4eae048347e621,0,tlg0013.tlg002.perseus-grc1.tb.xml,ge8,661,2985.5074169320765,3204.5570117690854,3246.177790703515,3246.177790703515,593,661,4.516652673119632,4.848043890724789,0.331391217605157,4.911010273378993,4.911010273378993,0.0,0.331391217605157,
a_total1,ud23,HOMERIC_TRADITION,209ee9f27c82f31d31eb16124569039d7847ed327f3a0f2b5c4eae048347e621,1,tlg0012.tlg001.perseus-grc1.tb.xml,4_7,19783,88760.66837620035,93657.32491792996,92846.26876046938,92846.26876046938,17162,19783,4.486714268624595,4.734232670370012,0.24751840174541773,4.693235038187806,4.693235038187806,0.0,0.24751840174541773,
a_total1,ud23,HOMERIC_TRADITION,209ee9f27c82f31d31eb16124569039d7847ed327f3a0f2b5c4eae048347e621,1,tlg0012.tlg001.perseus-grc1.tb.xml,ge8,25732,119454.20407662824,125606.69857118158,121957.03304937868,121957.03304937868,23019,25732,4.642243279831659,4.881342242001461,0.23909896216980187,4.739508512722629,4.739508512722629,0.0,0.23909896216980187,
a_total1,ud23,HOMERIC_TRADITION,209ee9f27c82f31d31eb16124569039d7847ed327f3a0f2b5c4eae048347e621,1,tlg0013.tlg002.perseus-grc1.tb.xml,4_7,458,2090.913929653922,2189.3007992867238,2206.394834998772,2206.394834998772,402,458,4.5653142568862926,4.7801327495343315,0.21481849264803898,4.817455971613039,4.817455971613039,0.0,0.21481849264803898,
a_total1,ud23,HOMERIC_TRADITION,209ee9f27c82f31d31eb16124569039d7847ed327f3a0f2b5c4eae048347e621,1,tlg0013.tlg002.perseus-grc1.tb.xml,ge8,661,2971.1421655643203,3205.5798625635,3215.818912394101,3215.818912394101,591,661,4.494920068932406,4.849591320065809,0.3546712511334027,4.865081561867021,4.865081561867021,0.0,0.3546712511334027,
a_total1,ud23,HOMERIC_TRADITION,209ee9f27c82f31d31eb16124569039d7847ed327f3a0f2b5c4eae048347e621,2,tlg0012.tlg001.perseus-grc1.tb.xml,4_7,19783,88568.5021969574,93603.35593702739,93069.86376738783,93069.86376738783,17170,19783,4.477000565988849,4.73150462200007,0.2545040560112213,4.704537419369551,4.704537419369551,0.0,0.2545040560112213,
a_total1,ud23,HOMERIC_TRADITION,209ee9f27c82f31d31eb16124569039d7847ed327f3a0f2b5c4eae048347e621,2,tlg0012.tlg001.perseus-grc1.tb.xml,ge8,25732,119333.16544842115,125614.67065749885,121659.62660518265,121659.62660518265,22991,25732,4.637539462475561,4.881652054154316,0.24411259167875432,4.727950668629825,4.727950668629825,0.0,0.24411259167875432,
a_total1,ud23,HOMERIC_TRADITION,209ee9f27c82f31d31eb16124569039d7847ed327f3a0f2b5c4eae048347e621,2,tlg0013.tlg002.perseus-grc1.tb.xml,4_7,458,2085.6596151650733,2187.9335585950125,2191.195831807043,2191.195831807043,387,458,4.5538419545088935,4.777147507849373,0.22330555334047908,4.784270375124548,4.784270375124548,0.0,0.22330555334047908,
a_total1,ud23,HOMERIC_TRADITION,209ee9f27c82f31d31eb16124569039d7847ed327f3a0f2b5c4eae048347e621,2,tlg0013.tlg002.perseus-grc1.tb.xml,ge8,661,2993.0927342583536,3206.4189341915453,3169.942802558285,3169.942802558285,591,661,4.528128191011125,4.850860717385091,0.322732526373966,4.795677462266695,4.795677462266695,0.0,0.322732526373966,
a_total1,ud23,HOMERIC_TRADITION,209ee9f27c82f31d31eb16124569039d7847ed327f3a0f2b5c4eae048347e621,3,tlg0012.tlg001.perseus-grc1.tb.xml,4_7,19783,88599.86598591077,93606.19156043204,93076.70426062496,93076.70426062496,17244,19783,4.478585956928209,4.731647958369916,0.2530620014417062,4.704883195704643,4.704883195704643,0.0,0.2530620014417062,
a_total1,ud23,HOMERIC_TRADITION,209ee9f27c82f31d31eb16124569039d7847ed327f3a0f2b5c4eae048347e621,3,tlg0012.tlg001.perseus-grc1.tb.xml,ge8,25732,119194.25736334236,125607.00903352871,121722.3126871108,121722.3126871108,23033,25732,4.632141200192071,4.881354307225584,0.24921310703351285,4.730386782493036,4.730386782493036,0.0,0.24921310703351285,
a_total1,ud23,HOMERIC_TRADITION,209ee9f27c82f31d31eb16124569039d7847ed327f3a0f2b5c4eae048347e621,3,tlg0013.tlg002.perseus-grc1.tb.xml,4_7,458,2075.8925684153346,2188.2842443325258,2179.7388955943275,2179.7388955943275,391,458,4.532516524924311,4.777913197232589,0.24539667230827789,4.7592552305553,4.7592552305553,0.0,0.24539667230827789,
a_total1,ud23,HOMERIC_TRADITION,209ee9f27c82f31d31eb16124569039d7847ed327f3a0f2b5c4eae048347e621,3,tlg0013.tlg002.perseus-grc1.tb.xml,ge8,661,2979.359557067035,3206.3444978934294,3237.3456859080907,3237.3456859080907,585,661,4.507351826122594,4.8507481057389255,0.34339627961633123,4.897648541464585,4.897648541464585,0.0,0.34339627961633123,
a_total1,ud23,HOMERIC_TRADITION,209ee9f27c82f31d31eb16124569039d7847ed327f3a0f2b5c4eae048347e621,4,tlg0012.tlg001.perseus-grc1.tb.xml,4_7,19783,88511.4332828544,93614.11189404535,93486.33181677862,93486.33181677862,17141,19783,4.474115820798382,4.732048318963016,0.2579324981646334,4.725589234028137,4.725589234028137,0.0,0.2579324981646334,
a_total1,ud23,HOMERIC_TRADITION,209ee9f27c82f31d31eb16124569039d7847ed327f3a0f2b5c4eae048347e621,4,tlg0012.tlg001.perseus-grc1.tb.xml,ge8,25732,119273.75707481608,125635.04787060233,121607.08893318477,121607.08893318477,22948,25732,4.635230727297376,4.882443955798318,0.24721322850094207,4.7259089434628,4.7259089434628,0.0,0.24721322850094207,
a_total1,ud23,HOMERIC_TRADITION,209ee9f27c82f31d31eb16124569039d7847ed327f3a0f2b5c4eae048347e621,4,tlg0013.tlg002.perseus-grc1.tb.xml,4_7,458,2089.4637352359214,2186.434426566587,2207.803033820725,2207.803033820725,400,458,4.562147893528213,4.773874293813508,0.2117264002852952,4.820530641529968,4.820530641529968,0.0,0.2117264002852952,
a_total1,ud23,HOMERIC_TRADITION,209ee9f27c82f31d31eb16124569039d7847ed327f3a0f2b5c4eae048347e621,4,tlg0013.tlg002.perseus-grc1.tb.xml,ge8,661,2973.2123220359445,3205.78521176993,3220.2334430241294,3220.2334430241294,593,661,4.498051924411413,4.849901984523343,0.35185006011192943,4.871760125603827,4.871760125603827,0.0,0.35185006011192943,
a_total1,ud23,HOMERIC_TRADITION,209ee9f27c82f31d31eb16124569039d7847ed327f3a0f2b5c4eae048347e621,5,tlg0012.tlg001.perseus-grc1.tb.xml,4_7,19783,88675.35483130698,93639.26616187273,93188.54463878366,93188.54463878366,17195,19783,4.482401801107364,4.733319828229932,0.2509180271225677,4.710536553545148,4.710536553545148,0.0,0.2509180271225677,
a_total1,ud23,HOMERIC_TRADITION,209ee9f27c82f31d31eb16124569039d7847ed327f3a0f2b5c4eae048347e621,5,tlg0012.tlg001.perseus-grc1.tb.xml,ge8,25732,119360.98966260916,125650.94218267745,122031.8404280157,122031.8404280157,22896,25732,4.6386207703485605,4.8830616424171245,0.24444087206856402,4.742415685839254,4.742415685839254,0.0,0.24444087206856402,
a_total1,ud23,HOMERIC_TRADITION,209ee9f27c82f31d31eb16124569039d7847ed327f3a0f2b5c4eae048347e621,5,tlg0013.tlg002.perseus-grc1.tb.xml,4_7,458,2096.3538499270753,2186.4535672879906,2196.5718792238586,2196.5718792238586,396,458,4.57719181206785,4.7739160857816385,0.1967242737137882,4.796008469921088,4.796008469921088,0.0,0.1967242737137882,
a_total1,ud23,HOMERIC_TRADITION,209ee9f27c82f31d31eb16124569039d7847ed327f3a0f2b5c4eae048347e621,5,tlg0013.tlg002.perseus-grc1.tb.xml,ge8,661,2980.3785420371087,3204.598274875107,3246.2593679801125,3246.2593679801125,593,661,4.508893407015293,4.848106315998649,0.339212908983356,4.911133688320897,4.911133688320897,0.0,0.339212908983356,
a_total1,ud23,HOMERIC_TRADITION,209ee9f27c82f31d31eb16124569039d7847ed327f3a0f2b5c4eae048347e621,6,tlg0012.tlg001.perseus-grc1.tb.xml,4_7,19783,88679.42960709964,93661.0692716577,93176.26846894012,93176.26846894012,17240,19783,4.4826077747105915,4.734421941649785,0.25181416693919356,4.70991601217915,4.70991601217915,0.0,0.25181416693919356,
a_total1,ud23,HOMERIC_TRADITION,209ee9f27c82f31d31eb16124569039d7847ed327f3a0f2b5c4eae048347e621,6,tlg0012.tlg001.perseus-grc1.tb.xml,ge8,25732,119355.3559674239,125627.24295806099,121574.47215979826,121574.47215979826,22902,25732,4.638401833025956,4.882140640372338,0.2437388073463822,4.724641386592502,4.724641386592502,0.0,0.2437388073463822,
a_total1,ud23,HOMERIC_TRADITION,209ee9f27c82f31d31eb16124569039d7847ed327f3a0f2b5c4eae048347e621,6,tlg0013.tlg002.perseus-grc1.tb.xml,4_7,458,2092.6222642734715,2186.6240750060347,2200.9227524932003,2200.9227524932003,391,458,4.569044245138584,4.774288373375621,0.20524412823703742,4.805508193216594,4.805508193216594,0.0,0.20524412823703742,
a_total1,ud23,HOMERIC_TRADITION,209ee9f27c82f31d31eb16124569039d7847ed327f3a0f2b5c4eae048347e621,6,tlg0013.tlg002.perseus-grc1.tb.xml,ge8,661,2995.3694224205587,3203.5920844603183,3178.1397121459936,3178.1397121459936,585,661,4.531572499879816,4.846584091467955,0.31501159158813863,4.808078233201201,4.808078233201201,0.0,0.31501159158813863,
a_total1,ud23,HOMERIC_TRADITION,209ee9f27c82f31d31eb16124569039d7847ed327f3a0f2b5c4eae048347e621,7,tlg0012.tlg001.perseus-grc1.tb.xml,4_7,19783,88773.10101299966,93662.68254759785,93217.38609662394,93217.38609662396,17231,19783,4.487342719152791,4.734503490249096,0.24716077109630508,4.711994444554615,4.711994444554615,0.0,0.24716077109630508,
a_total1,ud23,HOMERIC_TRADITION,209ee9f27c82f31d31eb16124569039d7847ed327f3a0f2b5c4eae048347e621,7,tlg0012.tlg001.perseus-grc1.tb.xml,ge8,25732,119710.59176686876,125680.55934294329,121766.33651542298,121766.33651542298,22958,25732,4.652207048300512,4.884212627970748,0.23200557967023627,4.732097641668855,4.732097641668855,0.0,0.23200557967023627,
a_total1,ud23,HOMERIC_TRADITION,209ee9f27c82f31d31eb16124569039d7847ed327f3a0f2b5c4eae048347e621,7,tlg0013.tlg002.perseus-grc1.tb.xml,4_7,458,2076.738322228663,2186.4838695943454,2163.2210527773564,2163.2210527773564,400,458,4.53436314897088,4.773982248022588,0.23961909905170842,4.723190071566281,4.723190071566281,0.0,0.23961909905170842,
a_total1,ud23,HOMERIC_TRADITION,209ee9f27c82f31d31eb16124569039d7847ed327f3a0f2b5c4eae048347e621,7,tlg0013.tlg002.perseus-grc1.tb.xml,ge8,661,2971.8521829261285,3204.397690309698,3205.479906291145,3205.479906291145,606,661,4.495994225304279,4.847802859772615,0.35180863446833577,4.849440100289176,4.849440100289176,0.0,0.35180863446833577,
a_total1,ud23,HOMERIC_TRADITION,209ee9f27c82f31d31eb16124569039d7847ed327f3a0f2b5c4eae048347e621,8,tlg0012.tlg001.perseus-grc1.tb.xml,4_7,19783,88630.88119944748,93669.15066042198,93479.79580881006,93479.79580881006,17208,19783,4.480153727920309,4.7348304433312425,0.25467671541093306,4.725258848951628,4.725258848951628,0.0,0.25467671541093306,
a_total1,ud23,HOMERIC_TRADITION,209ee9f27c82f31d31eb16124569039d7847ed327f3a0f2b5c4eae048347e621,8,tlg0012.tlg001.perseus-grc1.tb.xml,ge8,25732,119532.88964606506,125709.0425040733,121873.5787568797,121873.5787568797,22932,25732,4.6453011676537015,4.885319543917041,0.24001837626333966,4.73626530222601,4.73626530222601,0.0,0.24001837626333966,
a_total1,ud23,HOMERIC_TRADITION,209ee9f27c82f31d31eb16124569039d7847ed327f3a0f2b5c4eae048347e621,8,tlg0013.tlg002.perseus-grc1.tb.xml,4_7,458,2093.744905690839,2188.1439098944984,2169.418562770887,2169.418562770887,407,458,4.571495427272574,4.77760679016266,0.20611136289008591,4.736721752774863,4.736721752774863,0.0,0.20611136289008591,
a_total1,ud23,HOMERIC_TRADITION,209ee9f27c82f31d31eb16124569039d7847ed327f3a0f2b5c4eae048347e621,8,tlg0013.tlg002.perseus-grc1.tb.xml,ge8,661,2984.7820235121226,3206.598351313575,3228.298486641593,3228.2984866415936,587,661,4.5155552549351325,4.851132150247467,0.33557689531233414,4.883961401878356,4.883961401878357,8.881784197001252e-16,0.33557689531233326,
a_total1,ud23,HOMERIC_TRADITION,209ee9f27c82f31d31eb16124569039d7847ed327f3a0f2b5c4eae048347e621,9,tlg0012.tlg001.perseus-grc1.tb.xml,4_7,19783,88683.73215208366,93641.54553402908,93333.12279542907,93333.12279542907,17200,19783,4.4828252616935576,4.733435046960981,0.2506097852674234,4.717844755367187,4.717844755367187,0.0,0.2506097852674234,
a_total1,ud23,HOMERIC_TRADITION,209ee9f27c82f31d31eb16124569039d7847ed327f3a0f2b5c4eae048347e621,9,tlg0012.tlg001.perseus-grc1.tb.xml,ge8,25732,119515.85266001223,125707.22194205619,121706.49188467197,121706.49188467198,22992,25732,4.644639074304843,4.885248793022547,0.2406097187177041,4.729771952614331,4.729771952614332,8.881784197001252e-16,0.2406097187177032,
a_total1,ud23,HOMERIC_TRADITION,209ee9f27c82f31d31eb16124569039d7847ed327f3a0f2b5c4eae048347e621,9,tlg0013.tlg002.perseus-grc1.tb.xml,4_7,458,2093.419123406668,2188.349045168466,2199.399484555962,2199.399484555962,400,458,4.5707841122416335,4.778054683773943,0.20727057153230977,4.802182280689873,4.802182280689873,0.0,0.20727057153230977,
a_total1,ud23,HOMERIC_TRADITION,209ee9f27c82f31d31eb16124569039d7847ed327f3a0f2b5c4eae048347e621,9,tlg0013.tlg002.perseus-grc1.tb.xml,ge8,661,2980.375567103912,3208.059083845902,3201.3318135846857,3201.331813584686,603,661,4.508888906359927,4.853342033049776,0.3444531266898485,4.843164619644003,4.8431646196440035,8.881784197001252e-16,0.3444531266898476,
a_total1,ud23,ATHENAEUS,4352f04fcfd7cbe580caddf69f309034ffb967d5d1bc8a8e809498de5bf8d329,0,tlg0008.tlg001.perseus-grc1.tb.xml,4_7,5641,23511.864796546386,25988.190971986292,25558.067037191282,25558.067037191282,4892,5641,4.168031341348411,4.607018431481349,0.43898709013293846,4.5307688419059176,4.5307688419059176,0.0,0.43898709013293846,
a_total1,ud23,ATHENAEUS,4352f04fcfd7cbe580caddf69f309034ffb967d5d1bc8a8e809498de5bf8d329,0,tlg0008.tlg001.perseus-grc1.tb.xml,ge8,11050,47425.99761562337,52269.66193673266,50691.667522609685,50691.667522609685,9966,11050,4.291945485576775,4.730286148120602,0.4383406625438271,4.587481223765582,4.587481223765582,0.0,0.4383406625438271,
a_total1,ud23,ATHENAEUS,4352f04fcfd7cbe580caddf69f309034ffb967d5d1bc8a8e809498de5bf8d329,1,tlg0008.tlg001.perseus-grc1.tb.xml,4_7,5641,23487.06688161974,25982.83935293591,25623.609877614344,25623.609877614344,4948,5641,4.163635327356806,4.6060697310646885,0.4424344037078827,4.542387852794601,4.542387852794601,0.0,0.4424344037078827,
a_total1,ud23,ATHENAEUS,4352f04fcfd7cbe580caddf69f309034ffb967d5d1bc8a8e809498de5bf8d329,1,tlg0008.tlg001.perseus-grc1.tb.xml,ge8,11050,47461.109564598984,52251.22910300634,50460.77011202657,50460.77011202657,9920,11050,4.29512303752027,4.728618018371614,0.43349498085134464,4.566585530500142,4.566585530500142,0.0,0.43349498085134464,
a_total1,ud23,ATHENAEUS,4352f04fcfd7cbe580caddf69f309034ffb967d5d1bc8a8e809498de5bf8d329,2,tlg0008.tlg001.perseus-grc1.tb.xml,4_7,5641,23498.26292362962,25984.645431846173,25620.174290807543,25620.174290807543,4976,5641,4.165620089280202,4.606389901054099,0.4407698117738965,4.541778814183219,4.541778814183219,0.0,0.4407698117738965,
a_total1,ud23,ATHENAEUS,4352f04fcfd7cbe580caddf69f309034ffb967d5d1bc8a8e809498de5bf8d329,2,tlg0008.tlg001.perseus-grc1.tb.xml,ge8,11050,47446.14564411464,52290.33837622143,50443.70385749326,50443.70385749326,9876,11050,4.29376883657146,4.732157319115061,0.4383884825436013,4.565041073076313,4.565041073076313,0.0,0.4383884825436013,
a_total1,ud23,ATHENAEUS,4352f04fcfd7cbe580caddf69f309034ffb967d5d1bc8a8e809498de5bf8d329,3,tlg0008.tlg001.perseus-grc1.tb.xml,4_7,5641,23552.732434264217,25972.925640113943,25481.312566514254,25481.312566514254,4900,5641,4.175276091874529,4.6043122921669815,0.4290362002924528,4.517162305710735,4.517162305710735,0.0,0.4290362002924528,
a_total1,ud23,ATHENAEUS,4352f04fcfd7cbe580caddf69f309034ffb967d5d1bc8a8e809498de5bf8d329,3,tlg0008.tlg001.perseus-grc1.tb.xml,ge8,11050,47302.05224743222,52255.71399452891,50550.29876754105,50550.29876754105,9943,11050,4.280728710174862,4.729023890907594,0.4482951807327318,4.574687671270683,4.574687671270683,0.0,0.4482951807327318,
a_total1,ud23,ATHENAEUS,4352f04fcfd7cbe580caddf69f309034ffb967d5d1bc8a8e809498de5bf8d329,4,tlg0008.tlg001.perseus-grc1.tb.xml,4_7,5641,23515.021875167455,25988.606523714003,25576.763921361224,25576.763921361224,4954,5641,4.168591007829721,4.607092097804291,0.4385010899745696,4.534083304619966,4.534083304619966,0.0,0.4385010899745696,
a_total1,ud23,ATHENAEUS,4352f04fcfd7cbe580caddf69f309034ffb967d5d1bc8a8e809498de5bf8d329,4,tlg0008.tlg001.perseus-grc1.tb.xml,ge8,11050,47369.92769605606,52289.462295820245,50571.36542810864,50571.36542810864,9909,11050,4.286871284710956,4.7320780358208365,0.4452067511098807,4.576594156389922,4.576594156389922,0.0,0.4452067511098807,
a_total1,ud23,ATHENAEUS,4352f04fcfd7cbe580caddf69f309034ffb967d5d1bc8a8e809498de5bf8d329,5,tlg0008.tlg001.perseus-grc1.tb.xml,4_7,5641,23508.360682158003,25988.482484204647,25535.8135274928,25535.8135274928,4993,5641,4.167410154610531,4.607070108882228,0.439659954271697,4.526823883618649,4.526823883618649,0.0,0.439659954271697,
a_total1,ud23,ATHENAEUS,4352f04fcfd7cbe580caddf69f309034ffb967d5d1bc8a8e809498de5bf8d329,5,tlg0008.tlg001.perseus-grc1.tb.xml,ge8,11050,47448.03431559214,52268.97787790591,50619.370435545585,50619.370435545585,9894,11050,4.293939757067162,4.730224242344426,0.43628448527726427,4.5809385009543515,4.5809385009543515,0.0,0.43628448527726427,
a_total1,ud23,ATHENAEUS,4352f04fcfd7cbe580caddf69f309034ffb967d5d1bc8a8e809498de5bf8d329,6,tlg0008.tlg001.perseus-grc1.tb.xml,4_7,5641,23548.072239704903,25977.648947264654,25540.247815459592,25540.247815459592,4936,5641,4.174449962720245,4.605149609513322,0.4306996467930775,4.527609965513134,4.527609965513134,0.0,0.4306996467930775,
a_total1,ud23,ATHENAEUS,4352f04fcfd7cbe580caddf69f309034ffb967d5d1bc8a8e809498de5bf8d329,6,tlg0008.tlg001.perseus-grc1.tb.xml,ge8,11050,47556.558907167426,52263.96036393617,50512.748054631054,50512.748054631054,9920,11050,4.303760987073975,4.729770168682006,0.42600918160803136,4.571289416708693,4.571289416708693,0.0,0.42600918160803136,
a_total1,ud23,ATHENAEUS,4352f04fcfd7cbe580caddf69f309034ffb967d5d1bc8a8e809498de5bf8d329,7,tlg0008.tlg001.perseus-grc1.tb.xml,4_7,5641,23462.655832404977,25971.946990096945,25620.29799571477,25620.29799571477,4914,5641,4.159307894416766,4.604138803420837,0.44483090900407163,4.541800743789181,4.541800743789181,0.0,0.44483090900407163,
a_total1,ud23,ATHENAEUS,4352f04fcfd7cbe580caddf69f309034ffb967d5d1bc8a8e809498de5bf8d329,7,tlg0008.tlg001.perseus-grc1.tb.xml,ge8,11050,47465.41448200826,52266.443492017796,50661.82729916634,50661.82729916634,9880,11050,4.295512622806177,4.729994886155457,0.4344822633492802,4.584780751055777,4.584780751055777,0.0,0.4344822633492802,
a_total1,ud23,ATHENAEUS,4352f04fcfd7cbe580caddf69f309034ffb967d5d1bc8a8e809498de5bf8d329,8,tlg0008.tlg001.perseus-grc1.tb.xml,4_7,5641,23465.811989468035,25968.59577896232,25542.367664895042,25542.367664895042,4897,5641,4.159867397530231,4.603544722382968,0.4436773248527368,4.5279857587121155,4.5279857587121155,0.0,0.4436773248527368,
a_total1,ud23,ATHENAEUS,4352f04fcfd7cbe580caddf69f309034ffb967d5d1bc8a8e809498de5bf8d329,8,tlg0008.tlg001.perseus-grc1.tb.xml,ge8,11050,47287.918760741675,52277.19092873216,50653.678477938774,50653.678477938774,9908,11050,4.2794496616055815,4.730967504862639,0.4515178432570579,4.584043301170929,4.584043301170929,0.0,0.4515178432570579,
a_total1,ud23,ATHENAEUS,4352f04fcfd7cbe580caddf69f309034ffb967d5d1bc8a8e809498de5bf8d329,9,tlg0008.tlg001.perseus-grc1.tb.xml,4_7,5641,23512.798395069552,25985.251296403134,25693.89882177063,25693.89882177063,4882,5641,4.168196843657074,4.606497304804669,0.4383004611475947,4.554848222260349,4.554848222260349,0.0,0.4383004611475947,
a_total1,ud23,ATHENAEUS,4352f04fcfd7cbe580caddf69f309034ffb967d5d1bc8a8e809498de5bf8d329,9,tlg0008.tlg001.perseus-grc1.tb.xml,ge8,11050,47544.6985858356,52269.574444122045,50653.74465229029,50653.74465229029,9936,11050,4.302687654826751,4.730278230237289,0.42759057541053824,4.584049289800026,4.584049289800026,0.0,0.42759057541053824,
a_total1,ud23,HERODOTUS,89f0804afded8e7a0f4e1b507030d5ef4ecaf17e422c8b2969bd6b23e62818e6,0,tlg0016.tlg001.perseus-grc1.1.tb.xml,4_7,3977,17307.401482751404,18665.164995911415,18512.05263418749,18512.05263418749,3523,3977,4.351873644141666,4.693277595149966,0.34140395100830023,4.6547781328105335,4.6547781328105335,0.0,0.34140395100830023,
a_total1,ud23,HERODOTUS,89f0804afded8e7a0f4e1b507030d5ef4ecaf17e422c8b2969bd6b23e62818e6,0,tlg0016.tlg001.perseus-grc1.1.tb.xml,ge8,8969,40058.05353131471,43332.5621496141,41684.03350744863,41684.03350744863,8088,8969,4.466278685618766,4.831370515064568,0.36509182944580143,4.647567566891362,4.647567566891362,0.0,0.36509182944580143,
a_total1,ud23,HERODOTUS,89f0804afded8e7a0f4e1b507030d5ef4ecaf17e422c8b2969bd6b23e62818e6,1,tlg0016.tlg001.perseus-grc1.1.tb.xml,4_7,3977,17279.055311517863,18657.352526867406,18377.287133187438,18377.28713318744,3509,3977,4.344746118058301,4.69131318251632,0.34656706445801966,4.62089191178965,4.620891911789651,8.881784197001252e-16,0.34656706445801877,
a_total1,ud23,HERODOTUS,89f0804afded8e7a0f4e1b507030d5ef4ecaf17e422c8b2969bd6b23e62818e6,1,tlg0016.tlg001.perseus-grc1.1.tb.xml,ge8,8969,40079.70828456898,43329.185621179764,41839.860674068026,41839.86067406803,8125,8969,4.4686930855802185,4.8309940485204335,0.36230096294021497,4.664941540201586,4.664941540201587,8.881784197001252e-16,0.3623009629402141,
a_total1,ud23,HERODOTUS,89f0804afded8e7a0f4e1b507030d5ef4ecaf17e422c8b2969bd6b23e62818e6,2,tlg0016.tlg001.perseus-grc1.1.tb.xml,4_7,3977,17211.205816121645,18664.58531314858,18334.97335502455,18334.97335502455,3482,3977,4.327685646497773,4.693131836346135,0.3654461898483614,4.610252289420305,4.610252289420305,0.0,0.3654461898483614,
a_total1,ud23,HERODOTUS,89f0804afded8e7a0f4e1b507030d5ef4ecaf17e422c8b2969bd6b23e62818e6,2,tlg0016.tlg001.perseus-grc1.1.tb.xml,ge8,8969,40074.40338836117,43321.024895441216,41763.35970681843,41763.35970681843,8114,8969,4.468101615382001,4.8300841671804235,0.3619825517984223,4.656412053385933,4.656412053385933,0.0,0.3619825517984223,
a_total1,ud23,HERODOTUS,89f0804afded8e7a0f4e1b507030d5ef4ecaf17e422c8b2969bd6b23e62818e6,3,tlg0016.tlg001.perseus-grc1.1.tb.xml,4_7,3977,17231.435380763356,18661.003067550326,18277.721976823745,18277.721976823745,3530,3977,4.332772285834387,4.692231095687786,0.3594588098533995,4.595856670058774,4.595856670058774,0.0,0.3594588098533995,
a_total1,ud23,HERODOTUS,89f0804afded8e7a0f4e1b507030d5ef4ecaf17e422c8b2969bd6b23e62818e6,3,tlg0016.tlg001.perseus-grc1.1.tb.xml,ge8,8969,40039.201541649476,43322.190842247335,41733.62383143483,41733.62383143484,8090,8969,4.464176780203978,4.830214164594418,0.36603738439043987,4.653096647500817,4.653096647500818,8.881784197001252e-16,0.366037384390439,
a_total1,ud23,HERODOTUS,89f0804afded8e7a0f4e1b507030d5ef4ecaf17e422c8b2969bd6b23e62818e6,4,tlg0016.tlg001.perseus-grc1.1.tb.xml,4_7,3977,17268.130909128842,18649.88106130662,18270.620000512998,18270.620000512998,3524,3977,4.341999222813388,4.6894345137808955,0.3474352909675078,4.594070907848377,4.594070907848377,0.0,0.3474352909675078,
a_total1,ud23,HERODOTUS,89f0804afded8e7a0f4e1b507030d5ef4ecaf17e422c8b2969bd6b23e62818e6,4,tlg0016.tlg001.perseus-grc1.1.tb.xml,ge8,8969,39967.69648580349,43306.91603941799,41808.14380093054,41808.14380093055,8085,8969,4.4562043132794615,4.828511098162336,0.3723067848828743,4.661405262674829,4.66140526267483,8.881784197001252e-16,0.3723067848828734,
a_total1,ud23,HERODOTUS,89f0804afded8e7a0f4e1b507030d5ef4ecaf17e422c8b2969bd6b23e62818e6,5,tlg0016.tlg001.perseus-grc1.1.tb.xml,4_7,3977,17213.383204527756,18652.927147710507,18336.606524840197,18336.606524840197,3491,3977,4.328233141696695,4.69020043945449,0.36196729775779435,4.610662943133065,4.610662943133065,0.0,0.36196729775779435,
a_total1,ud23,HERODOTUS,89f0804afded8e7a0f4e1b507030d5ef4ecaf17e422c8b2969bd6b23e62818e6,5,tlg0016.tlg001.perseus-grc1.1.tb.xml,ge8,8969,39956.03899311172,43308.83684911923,41771.07408070783,41771.07408070783,8088,8969,4.454904559383623,4.8287252591280225,0.3738206997443996,4.657272168659587,4.657272168659587,0.0,0.3738206997443996,
a_total1,ud23,HERODOTUS,89f0804afded8e7a0f4e1b507030d5ef4ecaf17e422c8b2969bd6b23e62818e6,6,tlg0016.tlg001.perseus-grc1.1.tb.xml,4_7,3977,17218.5332803778,18661.40260301613,18355.320731953776,18355.32073195378,3534,3977,4.329528106708021,4.692331557207979,0.36280345049995777,4.615368552163384,4.6153685521633845,8.881784197001252e-16,0.3628034504999569,
a_total1,ud23,HERODOTUS,89f0804afded8e7a0f4e1b507030d5ef4ecaf17e422c8b2969bd6b23e62818e6,6,tlg0016.tlg001.perseus-grc1.1.tb.xml,ge8,8969,40119.41259089635,43343.27850288558,41738.9562269451,41738.9562269451,8124,8969,4.4731199231682846,4.832565336479605,0.3594454133113203,4.653691183737886,4.653691183737886,0.0,0.3594454133113203,
a_total1,ud23,HERODOTUS,89f0804afded8e7a0f4e1b507030d5ef4ecaf17e422c8b2969bd6b23e62818e6,7,tlg0016.tlg001.perseus-grc1.1.tb.xml,4_7,3977,17244.649271024213,18656.836414505135,18519.291961623952,18519.291961623952,3497,3977,4.336094863219565,4.691183408223569,0.355088545004004,4.656598431386461,4.656598431386461,0.0,0.355088545004004,
a_total1,ud23,HERODOTUS,89f0804afded8e7a0f4e1b507030d5ef4ecaf17e422c8b2969bd6b23e62818e6,7,tlg0016.tlg001.perseus-grc1.1.tb.xml,ge8,8969,40110.68662691308,43323.09534149171,41690.030871608535,41690.030871608535,8057,8969,4.472147020505416,4.830315011873309,0.35816799136789346,4.648236243907742,4.648236243907742,0.0,0.35816799136789346,
a_total1,ud23,HERODOTUS,89f0804afded8e7a0f4e1b507030d5ef4ecaf17e422c8b2969bd6b23e62818e6,8,tlg0016.tlg001.perseus-grc1.1.tb.xml,4_7,3977,17227.675035513257,18653.046331139445,18444.178790858892,18444.178790858892,3533,3977,4.331826762764209,4.690230407628727,0.35840364486451826,4.637711539064343,4.637711539064343,0.0,0.35840364486451826,
a_total1,ud23,HERODOTUS,89f0804afded8e7a0f4e1b507030d5ef4ecaf17e422c8b2969bd6b23e62818e6,8,tlg0016.tlg001.perseus-grc1.1.tb.xml,ge8,8969,39996.21949595011,43309.73404592477,41733.59962842001,41733.59962842001,8084,8969,4.459384490573097,4.8288252922204,0.3694408016473032,4.65309394898205,4.65309394898205,0.0,0.3694408016473032,
a_total1,ud23,HERODOTUS,89f0804afded8e7a0f4e1b507030d5ef4ecaf17e422c8b2969bd6b23e62818e6,9,tlg0016.tlg001.perseus-grc1.1.tb.xml,4_7,3977,17257.72976991397,18658.93653392305,18474.989395814846,18474.989395814846,3494,3977,4.339383899902934,4.691711474458901,0.3523275745559671,4.645458736689677,4.645458736689677,0.0,0.3523275745559671,
a_total1,ud23,HERODOTUS,89f0804afded8e7a0f4e1b507030d5ef4ecaf17e422c8b2969bd6b23e62818e6,9,tlg0016.tlg001.perseus-grc1.1.tb.xml,ge8,8969,40065.48120712333,43327.294346293565,41664.91196955019,41664.91196955019,8081,8969,4.467106835446909,4.830783180543379,0.3636763450964695,4.645435608155891,4.645435608155891,0.0,0.3636763450964695,
a_total1,ud23,HESIODIC_TRADITION,c4c0c7eaeca0d61d2e53f4f0642bfa382e91dd28b470d2f4da2ba8539fe0e7f7,0,tlg0020.tlg001.perseus-grc1.tb.xml,4_7,942,4341.874096872319,4581.656615164382,4612.026649446165,4612.026649446165,810,942,4.609208170777408,4.863754368539683,0.2545461977622754,4.895994320006545,4.895994320006545,0.0,0.2545461977622754,
a_total1,ud23,HESIODIC_TRADITION,c4c0c7eaeca0d61d2e53f4f0642bfa382e91dd28b470d2f4da2ba8539fe0e7f7,0,tlg0020.tlg001.perseus-grc1.tb.xml,ge8,2003,9708.238589443496,10033.75154128017,10042.666891182089,10042.666891182089,1731,2003,4.846849021189962,5.009361728048013,0.16251270685805075,5.013812726501293,5.013812726501293,0.0,0.16251270685805075,
a_total1,ud23,HESIODIC_TRADITION,c4c0c7eaeca0d61d2e53f4f0642bfa382e91dd28b470d2f4da2ba8539fe0e7f7,0,tlg0020.tlg002.perseus-grc1.tb.xml,4_7,887,4171.715292089231,4326.325816093691,4245.842695033368,4245.842695033368,780,887,4.703173948240396,4.877481190635503,0.1743072423951073,4.7867448647501325,4.7867448647501325,0.0,0.1743072423951073,
a_total1,ud23,HESIODIC_TRADITION,c4c0c7eaeca0d61d2e53f4f0642bfa382e91dd28b470d2f4da2ba8539fe0e7f7,0,tlg0020.tlg002.perseus-grc1.tb.xml,ge8,1190,5617.55149985326,5814.567221128889,5684.1303169903795,5684.13031699038,1072,1190,4.720631512481731,4.886190942125117,0.16555942964338577,4.776580098311244,4.776580098311244,0.0,0.16555942964338577,
a_total1,ud23,HESIODIC_TRADITION,c4c0c7eaeca0d61d2e53f4f0642bfa382e91dd28b470d2f4da2ba8539fe0e7f7,0,tlg0020.tlg003.perseus-grc1.tb.xml,4_7,576,2565.8833247265216,2754.293750454614,2789.0260858070656,2789.0260858070656,509,576,4.454658549872433,4.781759983428149,0.32710143355571564,4.842059176748378,4.842059176748378,0.0,0.32710143355571564,
a_total1,ud23,HESIODIC_TRADITION,c4c0c7eaeca0d61d2e53f4f0642bfa382e91dd28b470d2f4da2ba8539fe0e7f7,0,tlg0020.tlg003.perseus-grc1.tb.xml,ge8,777,3672.585720292418,3875.1914517428077,3803.106172969289,3803.106172969289,690,777,4.726622548638891,4.987376385769379,0.2607538371304887,4.894602539214015,4.894602539214015,0.0,0.2607538371304887,
a_total1,ud23,HESIODIC_TRADITION,c4c0c7eaeca0d61d2e53f4f0642bfa382e91dd28b470d2f4da2ba8539fe0e7f7,1,tlg0020.tlg001.perseus-grc1.tb.xml,4_7,942,4306.856104940212,4576.80040336843,4600.34424247605,4600.34424247605,829,942,4.572034081677508,4.858599154318928,0.2865650726414204,4.883592614093471,4.883592614093471,0.0,0.2865650726414204,
a_total1,ud23,HESIODIC_TRADITION,c4c0c7eaeca0d61d2e53f4f0642bfa382e91dd28b470d2f4da2ba8539fe0e7f7,1,tlg0020.tlg001.perseus-grc1.tb.xml,ge8,2003,9591.270471717273,10026.615259046224,9890.802784300135,9890.802784300135,1730,2003,4.788452557023102,5.005798931126423,0.2173463741033208,4.937994400549243,4.937994400549243,0.0,0.2173463741033208,
a_total1,ud23,HESIODIC_TRADITION,c4c0c7eaeca0d61d2e53f4f0642bfa382e91dd28b470d2f4da2ba8539fe0e7f7,1,tlg0020.tlg002.perseus-grc1.tb.xml,4_7,887,4142.360491518387,4327.046787457299,4251.435034390131,4251.435034390131,765,887,4.6700794718358365,4.878294010662118,0.20821453882628127,4.793049644182785,4.793049644182785,0.0,0.20821453882628127,
a_total1,ud23,HESIODIC_TRADITION,c4c0c7eaeca0d61d2e53f4f0642bfa382e91dd28b470d2f4da2ba8539fe0e7f7,1,tlg0020.tlg002.perseus-grc1.tb.xml,ge8,1190,5588.546004648565,5810.891265501447,5668.3733640206465,5668.3733640206465,1044,1190,4.6962571467635,4.883101903782729,0.18684475701922842,4.763338961361888,4.763338961361888,0.0,0.18684475701922842,
a_total1,ud23,HESIODIC_TRADITION,c4c0c7eaeca0d61d2e53f4f0642bfa382e91dd28b470d2f4da2ba8539fe0e7f7,1,tlg0020.tlg003.perseus-grc1.tb.xml,4_7,576,2584.1636349077044,2751.711997974153,2774.3802551469935,2774.3802551469935,499,576,4.486395199492542,4.777277774260682,0.2908825747681396,4.816632387407974,4.816632387407974,0.0,0.2908825747681396,
a_total1,ud23,HESIODIC_TRADITION,c4c0c7eaeca0d61d2e53f4f0642bfa382e91dd28b470d2f4da2ba8539fe0e7f7,1,tlg0020.tlg003.perseus-grc1.tb.xml,ge8,777,3667.1590737905603,3869.3950406712765,3768.897444636821,3768.8974446368215,692,777,4.719638447606899,4.97991639726033,0.2602779496534309,4.850575861823451,4.850575861823451,0.0,0.2602779496534309,
a_total1,ud23,HESIODIC_TRADITION,c4c0c7eaeca0d61d2e53f4f0642bfa382e91dd28b470d2f4da2ba8539fe0e7f7,2,tlg0020.tlg001.perseus-grc1.tb.xml,4_7,942,4329.335885833754,4580.839302250339,4668.857105463476,4668.857105463476,818,942,4.595897967976384,4.862886732749828,0.26698876477344413,4.956323891150187,4.956323891150187,0.0,0.26698876477344413,
a_total1,ud23,HESIODIC_TRADITION,c4c0c7eaeca0d61d2e53f4f0642bfa382e91dd28b470d2f4da2ba8539fe0e7f7,2,tlg0020.tlg001.perseus-grc1.tb.xml,ge8,2003,9588.909482726482,10040.926867739912,9953.309779424751,9953.309779424753,1716,2003,4.787273830617315,5.012944017843191,0.22567018722587573,4.969201088080255,4.969201088080256,8.881784197001252e-16,0.22567018722587484,
a_total1,ud23,HESIODIC_TRADITION,c4c0c7eaeca0d61d2e53f4f0642bfa382e91dd28b470d2f4da2ba8539fe0e7f7,2,tlg0020.tlg002.perseus-grc1.tb.xml,4_7,887,4140.280734923395,4322.8557229065555,4274.007481443747,4274.007481443747,743,887,4.667734763160536,4.873569022442565,0.20583425928202903,4.818497724288328,4.818497724288328,0.0,0.20583425928202903,
a_total1,ud23,HESIODIC_TRADITION,c4c0c7eaeca0d61d2e53f4f0642bfa382e91dd28b470d2f4da2ba8539fe0e7f7,2,tlg0020.tlg002.perseus-grc1.tb.xml,ge8,1190,5577.396705337096,5809.181443346517,5678.053451424345,5678.053451424345,1058,1190,4.686887987678232,4.881665078442452,0.19477709076421945,4.771473488591887,4.771473488591887,0.0,0.19477709076421945,
a_total1,ud23,HESIODIC_TRADITION,c4c0c7eaeca0d61d2e53f4f0642bfa382e91dd28b470d2f4da2ba8539fe0e7f7,2,tlg0020.tlg003.perseus-grc1.tb.xml,4_7,576,2573.7299401777923,2747.7130147593,2849.249304688151,2849.249304688151,484,576,4.468281146142001,4.77033509506823,0.30205394892622905,4.946613376194707,4.946613376194707,0.0,0.30205394892622905,
a_total1,ud23,HESIODIC_TRADITION,c4c0c7eaeca0d61d2e53f4f0642bfa382e91dd28b470d2f4da2ba8539fe0e7f7,2,tlg0020.tlg003.perseus-grc1.tb.xml,ge8,777,3642.2512577888338,3872.5368879768366,3763.2086892650545,3763.2086892650545,682,777,4.687582056356286,4.983959958786148,0.29637790242986206,4.843254426338552,4.843254426338552,0.0,0.29637790242986206,
a_total1,ud23,HESIODIC_TRADITION,c4c0c7eaeca0d61d2e53f4f0642bfa382e91dd28b470d2f4da2ba8539fe0e7f7,3,tlg0020.tlg001.perseus-grc1.tb.xml,4_7,942,4318.294949752596,4592.121967648852,4564.943264597904,4564.943264597904,818,942,4.584177229036726,4.874864084552921,0.2906868555161948,4.846011958171872,4.846011958171872,0.0,0.2906868555161948,
a_total1,ud23,HESIODIC_TRADITION,c4c0c7eaeca0d61d2e53f4f0642bfa382e91dd28b470d2f4da2ba8539fe0e7f7,3,tlg0020.tlg001.perseus-grc1.tb.xml,ge8,2003,9671.389288210774,10066.077166010931,9984.897324623855,9984.897324623855,1727,2003,4.828451966156153,5.025500332506706,0.19704836635055312,4.984971205503672,4.984971205503672,0.0,0.19704836635055312,
a_total1,ud23,HESIODIC_TRADITION,c4c0c7eaeca0d61d2e53f4f0642bfa382e91dd28b470d2f4da2ba8539fe0e7f7,3,tlg0020.tlg002.perseus-grc1.tb.xml,4_7,887,4142.363128217885,4327.0171982839465,4315.006261089352,4315.006261089352,768,887,4.670082444439554,4.878260651954844,0.2081782075152896,4.864719572817759,4.864719572817759,0.0,0.2081782075152896,
a_total1,ud23,HESIODIC_TRADITION,c4c0c7eaeca0d61d2e53f4f0642bfa382e91dd28b470d2f4da2ba8539fe0e7f7,3,tlg0020.tlg002.perseus-grc1.tb.xml,ge8,1190,5605.791689071589,5815.619534125392,5695.005955887304,5695.0059558873045,1066,1190,4.7107493185475535,4.887075238760834,0.17632592021328009,4.7857192906616,4.785719290661601,8.881784197001252e-16,0.1763259202132792,
a_total1,ud23,HESIODIC_TRADITION,c4c0c7eaeca0d61d2e53f4f0642bfa382e91dd28b470d2f4da2ba8539fe0e7f7,3,tlg0020.tlg003.perseus-grc1.tb.xml,4_7,576,2596.0942757338303,2757.1204068165985,2814.574355695034,2814.5743556950342,502,576,4.5071081175934555,4.786667372945484,0.2795592553520283,4.886413811970545,4.886413811970545,0.0,0.2795592553520283,
a_total1,ud23,HESIODIC_TRADITION,c4c0c7eaeca0d61d2e53f4f0642bfa382e91dd28b470d2f4da2ba8539fe0e7f7,3,tlg0020.tlg003.perseus-grc1.tb.xml,ge8,777,3681.439083239869,3876.0516418590614,3789.601832238245,3789.601832238245,700,777,4.7380168381465495,4.988483451556063,0.2504666134095137,4.877222435313056,4.877222435313056,0.0,0.2504666134095137,
a_total1,ud23,HESIODIC_TRADITION,c4c0c7eaeca0d61d2e53f4f0642bfa382e91dd28b470d2f4da2ba8539fe0e7f7,4,tlg0020.tlg001.perseus-grc1.tb.xml,4_7,942,4339.032023136827,4587.228437376105,4641.453392036241,4641.453392036241,815,942,4.6061911073639354,4.869669254114761,0.2634781467508258,4.927232900250787,4.927232900250787,0.0,0.2634781467508258,
a_total1,ud23,HESIODIC_TRADITION,c4c0c7eaeca0d61d2e53f4f0642bfa382e91dd28b470d2f4da2ba8539fe0e7f7,4,tlg0020.tlg001.perseus-grc1.tb.xml,ge8,2003,9813.811987711493,10049.640841582337,9909.452365525094,9909.452365525094,1755,2003,4.8995566588674455,5.01729447907256,0.11773782020511447,4.9473052249251595,4.9473052249251595,0.0,0.11773782020511447,
a_total1,ud23,HESIODIC_TRADITION,c4c0c7eaeca0d61d2e53f4f0642bfa382e91dd28b470d2f4da2ba8539fe0e7f7,4,tlg0020.tlg002.perseus-grc1.tb.xml,4_7,887,4137.468954056701,4325.187530320002,4347.752750059172,4347.752750059172,766,887,4.664564773457385,4.87619789213078,0.21163311867339551,4.901637824192979,4.901637824192979,0.0,0.21163311867339551,
a_total1,ud23,HESIODIC_TRADITION,c4c0c7eaeca0d61d2e53f4f0642bfa382e91dd28b470d2f4da2ba8539fe0e7f7,4,tlg0020.tlg002.perseus-grc1.tb.xml,ge8,1190,5573.544565464783,5815.390396661238,5621.4947083934685,5621.4947083934685,1065,1190,4.683650895348557,4.8868826862699475,0.20323179092139032,4.723945133103755,4.723945133103755,0.0,0.20323179092139032,
a_total1,ud23,HESIODIC_TRADITION,c4c0c7eaeca0d61d2e53f4f0642bfa382e91dd28b470d2f4da2ba8539fe0e7f7,4,tlg0020.tlg003.perseus-grc1.tb.xml,4_7,576,2567.4124906079155,2755.956671502277,2741.1475561539864,2741.1475561539864,516,576,4.457313351749853,4.784646999135898,0.32733364738604465,4.758936729434004,4.758936729434004,0.0,0.32733364738604465,
a_total1,ud23,HESIODIC_TRADITION,c4c0c7eaeca0d61d2e53f4f0642bfa382e91dd28b470d2f4da2ba8539fe0e7f7,4,tlg0020.tlg003.perseus-grc1.tb.xml,ge8,777,3666.930799398412,3876.2972862159027,3888.805296488666,3888.805296488666,700,777,4.719344658170415,4.9887995961594624,0.26945493798904785,5.004897421478335,5.004897421478335,0.0,0.26945493798904785,
a_total1,ud23,HESIODIC_TRADITION,c4c0c7eaeca0d61d2e53f4f0642bfa382e91dd28b470d2f4da2ba8539fe0e7f7,5,tlg0020.tlg001.perseus-grc1.tb.xml,4_7,942,4273.5030453662,4575.856230840588,4585.0981602761885,4585.0981602761885,830,942,4.53662743669448,4.857596848026102,0.32096941133162193,4.867407813456675,4.867407813456675,0.0,0.32096941133162193,
a_total1,ud23,HESIODIC_TRADITION,c4c0c7eaeca0d61d2e53f4f0642bfa382e91dd28b470d2f4da2ba8539fe0e7f7,5,tlg0020.tlg001.perseus-grc1.tb.xml,ge8,2003,9597.014101397386,10019.366023170864,9970.97117876496,9970.97117876496,1755,2003,4.791320070592804,5.002179741972473,0.21085967137966843,4.9780185615401695,4.9780185615401695,0.0,0.21085967137966843,
a_total1,ud23,HESIODIC_TRADITION,c4c0c7eaeca0d61d2e53f4f0642bfa382e91dd28b470d2f4da2ba8539fe0e7f7,5,tlg0020.tlg002.perseus-grc1.tb.xml,4_7,887,4150.268284640202,4319.602210769232,4238.536544070675,4238.536544070675,763,887,4.678994683923565,4.869901026797331,0.19090634287376584,4.778507941455101,4.778507941455101,0.0,0.19090634287376584,
a_total1,ud23,HESIODIC_TRADITION,c4c0c7eaeca0d61d2e53f4f0642bfa382e91dd28b470d2f4da2ba8539fe0e7f7,5,tlg0020.tlg002.perseus-grc1.tb.xml,ge8,1190,5552.221927830387,5808.76463941218,5730.010023828263,5730.010023828263,1046,1190,4.6657327124625105,4.881314823035446,0.2155821105729352,4.815134473805263,4.815134473805263,0.0,0.2155821105729352,
a_total1,ud23,HESIODIC_TRADITION,c4c0c7eaeca0d61d2e53f4f0642bfa382e91dd28b470d2f4da2ba8539fe0e7f7,5,tlg0020.tlg003.perseus-grc1.tb.xml,4_7,576,2587.873464340654,2752.83213912823,2755.529179034643,2755.529179034643,507,576,4.492835875591414,4.779222463764288,0.2863865881728742,4.7839048247129226,4.7839048247129226,0.0,0.2863865881728742,
a_total1,ud23,HESIODIC_TRADITION,c4c0c7eaeca0d61d2e53f4f0642bfa382e91dd28b470d2f4da2ba8539fe0e7f7,5,tlg0020.tlg003.perseus-grc1.tb.xml,ge8,777,3672.1956834490957,3869.8417377160004,3773.25010070291,3773.25010070291,689,777,4.726120570719557,4.980491296931789,0.25437072621223233,4.8561777357823805,4.8561777357823805,0.0,0.25437072621223233,
a_total1,ud23,HESIODIC_TRADITION,c4c0c7eaeca0d61d2e53f4f0642bfa382e91dd28b470d2f4da2ba8539fe0e7f7,6,tlg0020.tlg001.perseus-grc1.tb.xml,4_7,942,4314.733001650631,4577.587838979147,4522.836637056274,4522.836637056274,821,942,4.580395967781986,4.859435073226271,0.27903910544428445,4.801312778191374,4.801312778191374,0.0,0.27903910544428445,
a_total1,ud23,HESIODIC_TRADITION,c4c0c7eaeca0d61d2e53f4f0642bfa382e91dd28b470d2f4da2ba8539fe0e7f7,6,tlg0020.tlg001.perseus-grc1.tb.xml,ge8,2003,9573.096431130858,10019.789341803727,9975.834278732915,9975.834278732915,1741,2003,4.779379146845161,5.002391084275451,0.22301193743028946,4.980446469661964,4.980446469661964,0.0,0.22301193743028946,
a_total1,ud23,HESIODIC_TRADITION,c4c0c7eaeca0d61d2e53f4f0642bfa382e91dd28b470d2f4da2ba8539fe0e7f7,6,tlg0020.tlg002.perseus-grc1.tb.xml,4_7,887,4131.1176975256285,4324.03127397485,4237.368501751644,4237.368501751644,762,887,4.657404394053696,4.8748943336807775,0.21748993962708152,4.77719109554864,4.77719109554864,0.0,0.21748993962708152,
a_total1,ud23,HESIODIC_TRADITION,c4c0c7eaeca0d61d2e53f4f0642bfa382e91dd28b470d2f4da2ba8539fe0e7f7,6,tlg0020.tlg002.perseus-grc1.tb.xml,ge8,1190,5585.646008126984,5810.408616360621,5727.310695802143,5727.310695802143,1056,1190,4.693820174896626,4.8826963162694295,0.18887614137280373,4.81286613092617,4.81286613092617,0.0,0.18887614137280373,
a_total1,ud23,HESIODIC_TRADITION,c4c0c7eaeca0d61d2e53f4f0642bfa382e91dd28b470d2f4da2ba8539fe0e7f7,6,tlg0020.tlg003.perseus-grc1.tb.xml,4_7,576,2576.606376045132,2748.317799748465,2828.8521041149584,2828.852104114959,506,576,4.473274958411688,4.771385069007752,0.2981101105960642,4.9112015696440245,4.911201569644025,8.881784197001252e-16,0.2981101105960633,
a_total1,ud23,HESIODIC_TRADITION,c4c0c7eaeca0d61d2e53f4f0642bfa382e91dd28b470d2f4da2ba8539fe0e7f7,6,tlg0020.tlg003.perseus-grc1.tb.xml,ge8,777,3666.84891958005,3873.493993016467,3767.1228976768284,3767.1228976768284,703,777,4.719239278738803,4.985191754203947,0.2659524754651441,4.848292017602096,4.848292017602096,0.0,0.2659524754651441,
a_total1,ud23,HESIODIC_TRADITION,c4c0c7eaeca0d61d2e53f4f0642bfa382e91dd28b470d2f4da2ba8539fe0e7f7,7,tlg0020.tlg001.perseus-grc1.tb.xml,4_7,942,4293.417564819688,4580.1405163520285,4626.814192832808,4626.814192832808,815,942,4.557768115519838,4.86214492181744,0.30437680629760155,4.911692349079414,4.911692349079414,0.0,0.30437680629760155,
a_total1,ud23,HESIODIC_TRADITION,c4c0c7eaeca0d61d2e53f4f0642bfa382e91dd28b470d2f4da2ba8539fe0e7f7,7,tlg0020.tlg001.perseus-grc1.tb.xml,ge8,2003,9606.451286190217,10033.222390689836,9912.445586923026,9912.445586923026,1772,2003,4.796031595701556,5.009097549021386,0.21306595331983047,4.948799594070407,4.948799594070407,0.0,0.21306595331983047,
a_total1,ud23,HESIODIC_TRADITION,c4c0c7eaeca0d61d2e53f4f0642bfa382e91dd28b470d2f4da2ba8539fe0e7f7,7,tlg0020.tlg002.perseus-grc1.tb.xml,4_7,887,4152.501470630009,4325.560478342001,4250.171631314286,4250.171631314286,746,887,4.681512368241273,4.876618352133034,0.1951059838917617,4.791625288967628,4.791625288967628,0.0,0.1951059838917617,
a_total1,ud23,HESIODIC_TRADITION,c4c0c7eaeca0d61d2e53f4f0642bfa382e91dd28b470d2f4da2ba8539fe0e7f7,7,tlg0020.tlg002.perseus-grc1.tb.xml,ge8,1190,5583.862299633978,5811.851162684128,5709.150228255648,5709.150228255648,1064,1190,4.69232126019662,4.883908540070696,0.1915872798740752,4.797605233828275,4.797605233828275,0.0,0.1915872798740752,
a_total1,ud23,HESIODIC_TRADITION,c4c0c7eaeca0d61d2e53f4f0642bfa382e91dd28b470d2f4da2ba8539fe0e7f7,7,tlg0020.tlg003.perseus-grc1.tb.xml,4_7,576,2557.414628165459,2754.393029609178,2787.3380823406933,2787.3380823406933,512,576,4.4399559516761435,4.78193234307149,0.3419763913953462,4.839128615174815,4.839128615174815,0.0,0.3419763913953462,
a_total1,ud23,HESIODIC_TRADITION,c4c0c7eaeca0d61d2e53f4f0642bfa382e91dd28b470d2f4da2ba8539fe0e7f7,7,tlg0020.tlg003.perseus-grc1.tb.xml,ge8,777,3666.5560408903816,3872.271451384183,3755.7931836221214,3755.7931836221214,689,777,4.718862343488265,4.983618341549785,0.2647559980615197,4.833710661032331,4.833710661032331,0.0,0.2647559980615197,
a_total1,ud23,HESIODIC_TRADITION,c4c0c7eaeca0d61d2e53f4f0642bfa382e91dd28b470d2f4da2ba8539fe0e7f7,8,tlg0020.tlg001.perseus-grc1.tb.xml,4_7,942,4347.602505449219,4586.417114902899,4590.839690078626,4590.839690078626,818,942,4.615289283916368,4.868807977603927,0.25351869368755864,4.873502855709794,4.873502855709794,0.0,0.25351869368755864,
a_total1,ud23,HESIODIC_TRADITION,c4c0c7eaeca0d61d2e53f4f0642bfa382e91dd28b470d2f4da2ba8539fe0e7f7,8,tlg0020.tlg001.perseus-grc1.tb.xml,ge8,2003,9734.078421557402,10046.890662776532,9982.181647011086,9982.181647011086,1753,2003,4.8597495863991025,5.015921449214444,0.15617186281534146,4.983615400404935,4.983615400404935,0.0,0.15617186281534146,
a_total1,ud23,HESIODIC_TRADITION,c4c0c7eaeca0d61d2e53f4f0642bfa382e91dd28b470d2f4da2ba8539fe0e7f7,8,tlg0020.tlg002.perseus-grc1.tb.xml,4_7,887,4161.068152731393,4322.322328633063,4263.290590917073,4263.290590917073,756,887,4.691170408941818,4.872967676023746,0.18179726708192856,4.806415547820826,4.806415547820826,0.0,0.18179726708192856,
a_total1,ud23,HESIODIC_TRADITION,c4c0c7eaeca0d61d2e53f4f0642bfa382e91dd28b470d2f4da2ba8539fe0e7f7,8,tlg0020.tlg002.perseus-grc1.tb.xml,ge8,1190,5597.302723016051,5812.666086990969,5708.169866946266,5708.169866946267,1080,1190,4.7036157336269335,4.88459335041258,0.18097761678564606,4.796781400795181,4.796781400795182,8.881784197001252e-16,0.18097761678564517,
a_total1,ud23,HESIODIC_TRADITION,c4c0c7eaeca0d61d2e53f4f0642bfa382e91dd28b470d2f4da2ba8539fe0e7f7,8,tlg0020.tlg003.perseus-grc1.tb.xml,4_7,576,2563.698921809956,2748.30541693146,2821.7868589257096,2821.7868589257096,520,576,4.4508661836978405,4.7713635710615625,0.320497387363722,4.898935518968246,4.898935518968246,0.0,0.320497387363722,
a_total1,ud23,HESIODIC_TRADITION,c4c0c7eaeca0d61d2e53f4f0642bfa382e91dd28b470d2f4da2ba8539fe0e7f7,8,tlg0020.tlg003.perseus-grc1.tb.xml,ge8,777,3664.254997327912,3876.9264741231236,3810.4030298761704,3810.4030298761704,700,777,4.71590089746192,4.9896093618058215,0.27370846434390117,4.903993603444235,4.903993603444235,0.0,0.27370846434390117,
a_total1,ud23,HESIODIC_TRADITION,c4c0c7eaeca0d61d2e53f4f0642bfa382e91dd28b470d2f4da2ba8539fe0e7f7,9,tlg0020.tlg001.perseus-grc1.tb.xml,4_7,942,4258.409911873924,4571.071323408303,4547.546554217958,4547.546554217958,826,942,4.520605001989304,4.85251732845892,0.33191232646961666,4.827544112757917,4.827544112757917,0.0,0.33191232646961666,
a_total1,ud23,HESIODIC_TRADITION,c4c0c7eaeca0d61d2e53f4f0642bfa382e91dd28b470d2f4da2ba8539fe0e7f7,9,tlg0020.tlg001.perseus-grc1.tb.xml,ge8,2003,9554.663542797782,10002.252384671392,9860.711877799395,9860.711877799395,1720,2003,4.770176506638933,4.993635738727605,0.2234592320886719,4.922971481677181,4.922971481677181,0.0,0.2234592320886719,
a_total1,ud23,HESIODIC_TRADITION,c4c0c7eaeca0d61d2e53f4f0642bfa382e91dd28b470d2f4da2ba8539fe0e7f7,9,tlg0020.tlg002.perseus-grc1.tb.xml,4_7,887,4148.768166274747,4325.294952726322,4290.872053923175,4290.872053923175,759,887,4.677303456905014,4.876318999691456,0.19901554278644262,4.837510771052058,4.837510771052058,0.0,0.19901554278644262,
a_total1,ud23,HESIODIC_TRADITION,c4c0c7eaeca0d61d2e53f4f0642bfa382e91dd28b470d2f4da2ba8539fe0e7f7,9,tlg0020.tlg002.perseus-grc1.tb.xml,ge8,1190,5606.480170187569,5808.443936619033,5663.455609917695,5663.455609917696,1039,1190,4.711327874107201,4.881045324889944,0.16971745078274303,4.759206394888819,4.75920639488882,8.881784197001252e-16,0.16971745078274214,
a_total1,ud23,HESIODIC_TRADITION,c4c0c7eaeca0d61d2e53f4f0642bfa382e91dd28b470d2f4da2ba8539fe0e7f7,9,tlg0020.tlg003.perseus-grc1.tb.xml,4_7,576,2590.3177646098907,2751.9383834083856,2745.262602965726,2745.262602965726,506,576,4.497079452447727,4.777670804528447,0.2805913520807204,4.766080907926607,4.766080907926607,0.0,0.2805913520807204,
a_total1,ud23,HESIODIC_TRADITION,c4c0c7eaeca0d61d2e53f4f0642bfa382e91dd28b470d2f4da2ba8539fe0e7f7,9,tlg0020.tlg003.perseus-grc1.tb.xml,ge8,777,3641.858231958128,3869.6016462320235,3833.7816749776302,3833.7816749776302,709,777,4.687076231606342,4.980182298882913,0.29310606727657085,4.93408194977816,4.93408194977816,0.0,0.29310606727657085,
a_total1,ud23,DIODORUS,d91dad02f8da03cf6702fa7edec531da5e56f526f466e2f04180f2a23a1cf315,0,tlg0060.tlg001.perseus-grc3.11.tb.xml,4_7,2898,11127.873136944563,12662.022202912749,12674.552181367844,12674.552181367844,2555,2898,3.8398458029484344,4.369227813289424,0.5293820103409894,4.373551477352604,4.373551477352604,0.0,0.5293820103409894,
a_total1,ud23,DIODORUS,d91dad02f8da03cf6702fa7edec531da5e56f526f466e2f04180f2a23a1cf315,0,tlg0060.tlg001.perseus-grc3.11.tb.xml,ge8,9436,37662.989112212636,43036.19888612146,41611.334618699,41611.334618699,8445,9436,3.9914147003192704,4.560851937910287,0.5694372375910164,4.409848942210576,4.409848942210576,0.0,0.5694372375910164,
a_total1,ud23,DIODORUS,d91dad02f8da03cf6702fa7edec531da5e56f526f466e2f04180f2a23a1cf315,1,tlg0060.tlg001.perseus-grc3.11.tb.xml,4_7,2898,11182.437065616592,12676.784538338425,12669.840705484316,12669.840705484316,2514,2898,3.8586739356855047,4.374321786866261,0.5156478511807565,4.3719257092768515,4.3719257092768515,0.0,0.5156478511807565,
a_total1,ud23,DIODORUS,d91dad02f8da03cf6702fa7edec531da5e56f526f466e2f04180f2a23a1cf315,1,tlg0060.tlg001.perseus-grc3.11.tb.xml,ge8,9436,37725.297835617734,43088.77706724176,41784.72044672512,41784.72044672512,8446,9436,3.998017998687763,4.566424021538975,0.5684060228512116,4.428223870996727,4.428223870996727,0.0,0.5684060228512116,
a_total1,ud23,DIODORUS,d91dad02f8da03cf6702fa7edec531da5e56f526f466e2f04180f2a23a1cf315,2,tlg0060.tlg001.perseus-grc3.11.tb.xml,4_7,2898,11179.199842295438,12670.468158558715,12701.486738470101,12701.486738470101,2556,2898,3.8575568813993923,4.372142221724884,0.5145853403254916,4.38284566544862,4.38284566544862,0.0,0.5145853403254916,
a_total1,ud23,DIODORUS,d91dad02f8da03cf6702fa7edec531da5e56f526f466e2f04180f2a23a1cf315,2,tlg0060.tlg001.perseus-grc3.11.tb.xml,ge8,9436,37592.25758562657,43073.25945837083,41630.40129559545,41630.40129559545,8356,9436,3.9839187776204503,4.564779510213102,0.5808607325926514,4.411869573505241,4.411869573505241,0.0,0.5808607325926514,
a_total1,ud23,DIODORUS,d91dad02f8da03cf6702fa7edec531da5e56f526f466e2f04180f2a23a1cf315,3,tlg0060.tlg001.perseus-grc3.11.tb.xml,4_7,2898,11222.631229394108,12684.720979872369,12620.20917288242,12620.20917288242,2585,2898,3.8725435574168765,4.377060379528078,0.5045168221112011,4.354799576563982,4.354799576563982,0.0,0.5045168221112011,
a_total1,ud23,DIODORUS,d91dad02f8da03cf6702fa7edec531da5e56f526f466e2f04180f2a23a1cf315,3,tlg0060.tlg001.perseus-grc3.11.tb.xml,ge8,9436,37646.81662160202,43085.21058598094,41768.30399047008,41768.30399047008,8418,9436,3.9897007865199257,4.566046056165848,0.5763452696459224,4.4264841024237045,4.4264841024237045,0.0,0.5763452696459224,
a_total1,ud23,DIODORUS,d91dad02f8da03cf6702fa7edec531da5e56f526f466e2f04180f2a23a1cf315,4,tlg0060.tlg001.perseus-grc3.11.tb.xml,4_7,2898,11201.67091076832,12666.768395101124,12640.331860399827,12640.331860399827,2558,2898,3.8653108732809938,4.3708655607664335,0.5055546874854397,4.36174322305032,4.36174322305032,0.0,0.5055546874854397,
a_total1,ud23,DIODORUS,d91dad02f8da03cf6702fa7edec531da5e56f526f466e2f04180f2a23a1cf315,4,tlg0060.tlg001.perseus-grc3.11.tb.xml,ge8,9436,37665.85016225026,43067.74000611554,41526.82401328777,41526.82401328777,8462,9436,3.9917179061308032,4.56419457462013,0.5724766684893265,4.400892752573948,4.400892752573948,0.0,0.5724766684893265,
a_total1,ud23,DIODORUS,d91dad02f8da03cf6702fa7edec531da5e56f526f466e2f04180f2a23a1cf315,5,tlg0060.tlg001.perseus-grc3.11.tb.xml,4_7,2898,11127.106499210724,12664.612224288858,12638.139964037124,12638.139964037126,2522,2898,3.8395812626676067,4.370121540472345,0.5305402778047386,4.360986875099076,4.360986875099077,8.881784197001252e-16,0.5305402778047377,
a_total1,ud23,DIODORUS,d91dad02f8da03cf6702fa7edec531da5e56f526f466e2f04180f2a23a1cf315,5,tlg0060.tlg001.perseus-grc3.11.tb.xml,ge8,9436,37643.68412541424,43041.13522754621,41722.72085628476,41722.72085628476,8469,9436,3.9893688136301657,4.561375077103245,0.5720062634730789,4.421653333646117,4.421653333646117,0.0,0.5720062634730789,
a_total1,ud23,DIODORUS,d91dad02f8da03cf6702fa7edec531da5e56f526f466e2f04180f2a23a1cf315,6,tlg0060.tlg001.perseus-grc3.11.tb.xml,4_7,2898,11167.559956264484,12664.40764849851,12566.33785815406,12566.33785815406,2544,2898,3.853540357579187,4.370050948412184,0.5165105908329974,4.3362104410469495,4.3362104410469495,0.0,0.5165105908329974,
a_total1,ud23,DIODORUS,d91dad02f8da03cf6702fa7edec531da5e56f526f466e2f04180f2a23a1cf315,6,tlg0060.tlg001.perseus-grc3.11.tb.xml,ge8,9436,37606.02824553105,43030.76790281301,41703.3572686703,41703.3572686703,8488,9436,3.985378152345385,4.56027637800053,0.5748982256551454,4.4196012366119435,4.4196012366119435,0.0,0.5748982256551454,
a_total1,ud23,DIODORUS,d91dad02f8da03cf6702fa7edec531da5e56f526f466e2f04180f2a23a1cf315,7,tlg0060.tlg001.perseus-grc3.11.tb.xml,4_7,2898,11158.784264910195,12673.008128070343,12691.316080080334,12691.316080080334,2565,2898,3.8505121687060715,4.373018677733038,0.5225065090269663,4.379336121490798,4.379336121490798,0.0,0.5225065090269663,
a_total1,ud23,DIODORUS,d91dad02f8da03cf6702fa7edec531da5e56f526f466e2f04180f2a23a1cf315,7,tlg0060.tlg001.perseus-grc3.11.tb.xml,ge8,9436,37682.681345147794,43052.87387270561,41560.422449734695,41560.422449734695,8483,9436,3.9935016262343996,4.562619104780162,0.5691174785457624,4.404453417733647,4.404453417733647,0.0,0.5691174785457624,
a_total1,ud23,DIODORUS,d91dad02f8da03cf6702fa7edec531da5e56f526f466e2f04180f2a23a1cf315,8,tlg0060.tlg001.perseus-grc3.11.tb.xml,4_7,2898,11129.390349878104,12653.22151315022,12679.661454516561,12679.661454516561,2564,2898,3.8403693408827135,4.366190998326508,0.5258216574437946,4.375314511565411,4.375314511565411,0.0,0.5258216574437946,
a_total1,ud23,DIODORUS,d91dad02f8da03cf6702fa7edec531da5e56f526f466e2f04180f2a23a1cf315,8,tlg0060.tlg001.perseus-grc3.11.tb.xml,ge8,9436,37577.660161401116,43018.18122319996,41616.77080226366,41616.77080226366,8392,9436,3.982371784803001,4.558942478083929,0.576570693280928,4.41042505322845,4.41042505322845,0.0,0.576570693280928,
a_total1,ud23,DIODORUS,d91dad02f8da03cf6702fa7edec531da5e56f526f466e2f04180f2a23a1cf315,9,tlg0060.tlg001.perseus-grc3.11.tb.xml,4_7,2898,11212.673636701757,12667.453119928356,12658.749469265484,12658.749469265484,2553,2898,3.869107535093774,4.37110183572407,0.501994300630296,4.368098505612658,4.368098505612658,0.0,0.501994300630296,
a_total1,ud23,DIODORUS,d91dad02f8da03cf6702fa7edec531da5e56f526f466e2f04180f2a23a1cf315,9,tlg0060.tlg001.perseus-grc3.11.tb.xml,ge8,9436,37717.58497920009,43040.53485432499,41594.88256972281,41594.88256972282,8429,9436,3.997200612462917,4.561311451284972,0.5641108388220548,4.408105401623867,4.408105401623867,0.0,0.5641108388220548,
a_total1,ud23,PLUTARCH,ef8134329970f595ef9ccf4198217affef5c01fa243d5bf4e59ee6daebb04e1d,0,tlg0007.tlg004.perseus-grc1.tb.xml,4_7,925,3894.137354803458,4357.060398094416,4254.0679257679,4254.0679257679,808,925,4.209878221409144,4.710335565507477,0.5004573440983329,4.598992352181514,4.598992352181514,0.0,0.5004573440983329,
a_total1,ud23,PLUTARCH,ef8134329970f595ef9ccf4198217affef5c01fa243d5bf4e59ee6daebb04e1d,0,tlg0007.tlg004.perseus-grc1.tb.xml,ge8,2568,11258.562545881148,12673.990433632516,12114.240659866427,12114.24065986643,2348,2568,4.384175446215401,4.935354530230731,0.5511790840153301,4.717383434527425,4.7173834345274255,8.881784197001252e-16,0.5511790840153292,
a_total1,ud23,PLUTARCH,ef8134329970f595ef9ccf4198217affef5c01fa243d5bf4e59ee6daebb04e1d,0,tlg0007.tlg015.perseus-grc1.tb.xml,4_7,915,3795.476982465548,4219.438262542831,4168.085520120536,4168.085520120536,804,915,4.148062275918632,4.611407937205279,0.4633456612866471,4.555284721443209,4.555284721443209,0.0,0.4633456612866471,
a_total1,ud23,PLUTARCH,ef8134329970f595ef9ccf4198217affef5c01fa243d5bf4e59ee6daebb04e1d,0,tlg0007.tlg015.perseus-grc1.tb.xml,ge8,2493,10337.795168446703,11761.341113959825,11459.844211811218,11459.844211811218,2256,2493,4.1467289083219825,4.717746134761262,0.5710172264392792,4.596808749222309,4.596808749222309,0.0,0.5710172264392792,
a_total1,ud23,PLUTARCH,ef8134329970f595ef9ccf4198217affef5c01fa243d5bf4e59ee6daebb04e1d,1,tlg0007.tlg004.perseus-grc1.tb.xml,4_7,925,3919.221102422682,4353.127117546637,4325.91856549912,4325.91856549912,823,925,4.2369957864028995,4.706083370320689,0.4690875839177897,4.676668719458508,4.676668719458508,0.0,0.4690875839177897,
a_total1,ud23,PLUTARCH,ef8134329970f595ef9ccf4198217affef5c01fa243d5bf4e59ee6daebb04e1d,1,tlg0007.tlg004.perseus-grc1.tb.xml,ge8,2568,11349.541956013869,12665.440119071478,12134.27487921358,12134.27487921358,2334,2568,4.4196035654259616,4.932024968485778,0.5124214030598164,4.725184921812142,4.725184921812142,0.0,0.5124214030598164,
a_total1,ud23,PLUTARCH,ef8134329970f595ef9ccf4198217affef5c01fa243d5bf4e59ee6daebb04e1d,1,tlg0007.tlg015.perseus-grc1.tb.xml,4_7,915,3791.8558706261574,4216.824133451517,4204.16696341068,4204.16696341068,809,915,4.144104776640609,4.6085509655207835,0.4644461888801743,4.594717992798557,4.594717992798557,0.0,0.4644461888801743,
a_total1,ud23,PLUTARCH,ef8134329970f595ef9ccf4198217affef5c01fa243d5bf4e59ee6daebb04e1d,1,tlg0007.tlg015.perseus-grc1.tb.xml,ge8,2493,10357.066920417086,11744.214396669991,11333.031986025953,11333.031986025953,2258,2493,4.154459254078254,4.71087621206177,0.5564169579835161,4.545941430415545,4.545941430415545,0.0,0.5564169579835161,
a_total1,ud23,PLUTARCH,ef8134329970f595ef9ccf4198217affef5c01fa243d5bf4e59ee6daebb04e1d,2,tlg0007.tlg004.perseus-grc1.tb.xml,4_7,925,3899.339752773119,4356.74188605876,4312.30776363669,4312.30776363669,820,925,4.215502435430399,4.709991228171633,0.49448879274123403,4.661954339066692,4.661954339066692,0.0,0.49448879274123403,
a_total1,ud23,PLUTARCH,ef8134329970f595ef9ccf4198217affef5c01fa243d5bf4e59ee6daebb04e1d,2,tlg0007.tlg004.perseus-grc1.tb.xml,ge8,2568,11266.287575553952,12668.723606318203,12164.352136717414,12164.352136717414,2300,2568,4.387183635340324,4.933303585014876,0.5461199496745524,4.736897249500551,4.736897249500551,0.0,0.5461199496745524,
a_total1,ud23,PLUTARCH,ef8134329970f595ef9ccf4198217affef5c01fa243d5bf4e59ee6daebb04e1d,2,tlg0007.tlg015.perseus-grc1.tb.xml,4_7,915,3773.9161389600467,4216.608589894127,4107.0120565383595,4107.0120565383595,824,915,4.124498512524641,4.608315398791396,0.48381688626675423,4.48853776670859,4.48853776670859,0.0,0.48381688626675423,
a_total1,ud23,PLUTARCH,ef8134329970f595ef9ccf4198217affef5c01fa243d5bf4e59ee6daebb04e1d,2,tlg0007.tlg015.perseus-grc1.tb.xml,ge8,2493,10323.69672548573,11757.604807348709,11486.114089000079,11486.114089000079,2260,2493,4.141073696544617,4.716247415703453,0.575173719158836,4.607346204973958,4.607346204973958,0.0,0.575173719158836,
a_total1,ud23,PLUTARCH,ef8134329970f595ef9ccf4198217affef5c01fa243d5bf4e59ee6daebb04e1d,3,tlg0007.tlg004.perseus-grc1.tb.xml,4_7,925,3896.963355299501,4356.504008134659,4212.77780650904,4212.77780650904,821,925,4.212933357080542,4.70973406284828,0.49680070576773794,4.554354385415178,4.554354385415178,0.0,0.49680070576773794,
a_total1,ud23,PLUTARCH,ef8134329970f595ef9ccf4198217affef5c01fa243d5bf4e59ee6daebb04e1d,3,tlg0007.tlg004.perseus-grc1.tb.xml,ge8,2568,11316.14513949094,12645.79821439247,12193.448812308423,12193.448812308425,2349,2568,4.406598574568123,4.924376251710463,0.5177776771423401,4.748227730649697,4.748227730649698,8.881784197001252e-16,0.5177776771423392,
a_total1,ud23,PLUTARCH,ef8134329970f595ef9ccf4198217affef5c01fa243d5bf4e59ee6daebb04e1d,3,tlg0007.tlg015.perseus-grc1.tb.xml,4_7,915,3787.938728585893,4214.308931063114,4152.7486060233505,4152.7486060233505,803,915,4.139823747088408,4.60580211045149,0.4659783633630825,4.5385230666921865,4.5385230666921865,0.0,0.4659783633630825,
a_total1,ud23,PLUTARCH,ef8134329970f595ef9ccf4198217affef5c01fa243d5bf4e59ee6daebb04e1d,3,tlg0007.tlg015.perseus-grc1.tb.xml,ge8,2493,10319.685008306304,11738.209385800332,11427.016844234386,11427.016844234386,2292,2493,4.139464503933535,4.708467463217141,0.5690029592836057,4.583640932304206,4.583640932304206,0.0,0.5690029592836057,
a_total1,ud23,PLUTARCH,ef8134329970f595ef9ccf4198217affef5c01fa243d5bf4e59ee6daebb04e1d,4,tlg0007.tlg004.perseus-grc1.tb.xml,4_7,925,3893.7483062155757,4356.2765887887335,4291.265688029023,4291.265688029023,827,925,4.209457628341163,4.709488204095928,0.5000305757547654,4.639206149220565,4.639206149220565,0.0,0.5000305757547654,
a_total1,ud23,PLUTARCH,ef8134329970f595ef9ccf4198217affef5c01fa243d5bf4e59ee6daebb04e1d,4,tlg0007.tlg004.perseus-grc1.tb.xml,ge8,2568,11277.470566685617,12662.508690480221,12133.882943545523,12133.882943545523,2339,2568,4.391538382665739,4.930883446448684,0.5393450637829451,4.7250322988884434,4.7250322988884434,0.0,0.5393450637829451,
a_total1,ud23,PLUTARCH,ef8134329970f595ef9ccf4198217affef5c01fa243d5bf4e59ee6daebb04e1d,4,tlg0007.tlg015.perseus-grc1.tb.xml,4_7,915,3827.197123926955,4216.130415826214,4213.26280908446,4213.26280908446,823,915,4.182729097187929,4.6077928041816545,0.42506370699372553,4.604658807742579,4.604658807742579,0.0,0.42506370699372553,
a_total1,ud23,PLUTARCH,ef8134329970f595ef9ccf4198217affef5c01fa243d5bf4e59ee6daebb04e1d,4,tlg0007.tlg015.perseus-grc1.tb.xml,ge8,2493,10335.810626581368,11747.301071054932,11367.204343386982,11367.204343386984,2260,2493,4.145932862647961,4.712114348598047,0.5661814859500858,4.559648753865616,4.559648753865617,8.881784197001252e-16,0.5661814859500849,
a_total1,ud23,PLUTARCH,ef8134329970f595ef9ccf4198217affef5c01fa243d5bf4e59ee6daebb04e1d,5,tlg0007.tlg004.perseus-grc1.tb.xml,4_7,925,3909.960498789266,4357.677416550035,4325.1319786130625,4325.131978613063,818,925,4.226984323015422,4.711002612486524,0.48401828947110204,4.675818355257365,4.675818355257366,8.881784197001252e-16,0.48401828947110115,
a_total1,ud23,PLUTARCH,ef8134329970f595ef9ccf4198217affef5c01fa243d5bf4e59ee6daebb04e1d,5,tlg0007.tlg004.perseus-grc1.tb.xml,ge8,2568,11311.70097751835,12675.836735026087,12095.357795842647,12095.357795842647,2345,2568,4.404867981899669,4.936073494947853,0.5312055130481834,4.710030294331249,4.710030294331249,0.0,0.5312055130481834,
a_total1,ud23,PLUTARCH,ef8134329970f595ef9ccf4198217affef5c01fa243d5bf4e59ee6daebb04e1d,5,tlg0007.tlg015.perseus-grc1.tb.xml,4_7,915,3767.1980597701045,4219.184773523836,4099.039388885402,4099.039388885402,801,915,4.117156349475524,4.61113090002605,0.49397455055052664,4.479824468727216,4.479824468727216,0.0,0.49397455055052664,
a_total1,ud23,PLUTARCH,ef8134329970f595ef9ccf4198217affef5c01fa243d5bf4e59ee6daebb04e1d,5,tlg0007.tlg015.perseus-grc1.tb.xml,ge8,2493,10346.810243178463,11749.74434950112,11427.811080327832,11427.811080327834,2269,2493,4.150345063449042,4.7130944041320175,0.5627493406829753,4.583959518783727,4.583959518783728,8.881784197001252e-16,0.5627493406829744,
a_total1,ud23,PLUTARCH,ef8134329970f595ef9ccf4198217affef5c01fa243d5bf4e59ee6daebb04e1d,6,tlg0007.tlg004.perseus-grc1.tb.xml,4_7,925,3919.3773890524976,4357.822397858459,4329.121606658833,4329.121606658833,805,925,4.237164744921619,4.711159349036172,0.4739946041145524,4.680131466658198,4.680131466658198,0.0,0.4739946041145524,
a_total1,ud23,PLUTARCH,ef8134329970f595ef9ccf4198217affef5c01fa243d5bf4e59ee6daebb04e1d,6,tlg0007.tlg004.perseus-grc1.tb.xml,ge8,2568,11278.116781412382,12656.112551802738,12165.78063165868,12165.78063165868,2352,2568,4.391790023914479,4.928392738240942,0.5366027143264631,4.737453517001043,4.737453517001043,0.0,0.5366027143264631,
a_total1,ud23,PLUTARCH,ef8134329970f595ef9ccf4198217affef5c01fa243d5bf4e59ee6daebb04e1d,6,tlg0007.tlg015.perseus-grc1.tb.xml,4_7,915,3798.7037976270926,4215.3952238793445,4114.800005859338,4114.800005859338,803,915,4.151588849865675,4.606989315715131,0.4554004658494559,4.497049186731517,4.497049186731517,0.0,0.4554004658494559,
a_total1,ud23,PLUTARCH,ef8134329970f595ef9ccf4198217affef5c01fa243d5bf4e59ee6daebb04e1d,6,tlg0007.tlg015.perseus-grc1.tb.xml,ge8,2493,10348.424787513097,11737.58477571599,11469.277875255553,11469.277875255553,2280,2493,4.150992694549979,4.708216917655832,0.5572242231058535,4.600592809970138,4.600592809970138,0.0,0.5572242231058535,
a_total1,ud23,PLUTARCH,ef8134329970f595ef9ccf4198217affef5c01fa243d5bf4e59ee6daebb04e1d,7,tlg0007.tlg004.perseus-grc1.tb.xml,4_7,925,3909.646708485548,4352.366944549738,4203.538949402148,4203.538949402148,815,925,4.226645090254647,4.705261561675393,0.4786164714207457,4.5443664317861066,4.5443664317861066,0.0,0.4786164714207457,
a_total1,ud23,PLUTARCH,ef8134329970f595ef9ccf4198217affef5c01fa243d5bf4e59ee6daebb04e1d,7,tlg0007.tlg004.perseus-grc1.tb.xml,ge8,2568,11300.63478158094,12646.726929533144,12224.39843001152,12224.39843001152,2357,2568,4.400558715568902,4.9247379009085455,0.5241791853396434,4.7602797624655455,4.7602797624655455,0.0,0.5241791853396434,
a_total1,ud23,PLUTARCH,ef8134329970f595ef9ccf4198217affef5c01fa243d5bf4e59ee6daebb04e1d,7,tlg0007.tlg015.perseus-grc1.tb.xml,4_7,915,3780.0001397683504,4217.698599154238,4100.639181158708,4100.639181158708,806,915,4.131147693735902,4.6095066657423365,0.4783589720064345,4.4815728755832875,4.4815728755832875,0.0,0.4783589720064345,
a_total1,ud23,PLUTARCH,ef8134329970f595ef9ccf4198217affef5c01fa243d5bf4e59ee6daebb04e1d,7,tlg0007.tlg015.perseus-grc1.tb.xml,ge8,2493,10354.884729353233,11747.91335903489,11422.87842418456,11422.87842418456,2258,2493,4.153583926736154,4.712359951478095,0.5587760247419409,4.581980916239294,4.581980916239294,0.0,0.5587760247419409,
a_total1,ud23,PLUTARCH,ef8134329970f595ef9ccf4198217affef5c01fa243d5bf4e59ee6daebb04e1d,8,tlg0007.tlg004.perseus-grc1.tb.xml,4_7,925,3870.4680119358086,4355.149807514906,4362.630484156252,4362.630484156252,812,925,4.1842897426333066,4.7082700621782765,0.5239803195449699,4.716357280168921,4.716357280168921,0.0,0.5239803195449699,
a_total1,ud23,PLUTARCH,ef8134329970f595ef9ccf4198217affef5c01fa243d5bf4e59ee6daebb04e1d,8,tlg0007.tlg004.perseus-grc1.tb.xml,ge8,2568,11316.633949820232,12656.08893892712,11999.325089995486,11999.325089995486,2333,2568,4.406788921269561,4.928383543195919,0.5215946219263579,4.672634380839363,4.672634380839363,0.0,0.5215946219263579,
a_total1,ud23,PLUTARCH,ef8134329970f595ef9ccf4198217affef5c01fa243d5bf4e59ee6daebb04e1d,8,tlg0007.tlg015.perseus-grc1.tb.xml,4_7,915,3779.240811936747,4215.645561872385,4118.737327371197,4118.737327371197,815,915,4.1303178272532755,4.607262909150148,0.4769450818968721,4.501352270351036,4.501352270351036,0.0,0.4769450818968721,
a_total1,ud23,PLUTARCH,ef8134329970f595ef9ccf4198217affef5c01fa243d5bf4e59ee6daebb04e1d,8,tlg0007.tlg015.perseus-grc1.tb.xml,ge8,2493,10374.166878915057,11748.454462437096,11453.184263749105,11453.184263749105,2221,2493,4.161318443207002,4.712577000576452,0.55125855736945,4.5941372899113935,4.5941372899113935,0.0,0.55125855736945,
a_total1,ud23,PLUTARCH,ef8134329970f595ef9ccf4198217affef5c01fa243d5bf4e59ee6daebb04e1d,9,tlg0007.tlg004.perseus-grc1.tb.xml,4_7,925,3882.8753562653205,4352.10427741414,4355.911196797517,4355.911196797517,831,925,4.197703087854401,4.704977597204476,0.5072745093500748,4.7090931857270455,4.7090931857270455,0.0,0.5072745093500748,
a_total1,ud23,PLUTARCH,ef8134329970f595ef9ccf4198217affef5c01fa243d5bf4e59ee6daebb04e1d,9,tlg0007.tlg004.perseus-grc1.tb.xml,ge8,2568,11308.642769247635,12670.008552579262,12104.514552048106,12104.514552048107,2323,2568,4.403677090828518,4.933803953496597,0.5301268626680793,4.713596009364527,4.713596009364528,8.881784197001252e-16,0.5301268626680784,
a_total1,ud23,PLUTARCH,ef8134329970f595ef9ccf4198217affef5c01fa243d5bf4e59ee6daebb04e1d,9,tlg0007.tlg015.perseus-grc1.tb.xml,4_7,915,3779.339695913077,4217.173966138213,4167.922341911136,4167.922341911136,808,915,4.130425897172762,4.608933296325915,0.47850739915315366,4.555106384602334,4.555106384602334,0.0,0.47850739915315366,
a_total1,ud23,PLUTARCH,ef8134329970f595ef9ccf4198217affef5c01fa243d5bf4e59ee6daebb04e1d,9,tlg0007.tlg015.perseus-grc1.tb.xml,ge8,2493,10321.457208229624,11763.262464858919,11417.533311484605,11417.533311484605,2270,2493,4.140175374340002,4.718516833076181,0.5783414587361788,4.579836867823748,4.579836867823748,0.0,0.5783414587361788,
oth,ud23_oth,THUCYDIDES,1a32cf6857284fff7c7f006f8d0cd4ab15a047af7a4bcd5613d1fd50789dd4ee,0,tlg0003.tlg001.perseus-grc1.1.tb.xml,4_7,1990,8426.67038499868,9255.87948524899,9161.249472607971,9161.249472607971,1754,1990,4.234507731155116,4.651195721230648,0.41668799007553226,4.603642951059282,4.603642951059282,0.0,0.41668799007553226,
oth,ud23_oth,THUCYDIDES,1a32cf6857284fff7c7f006f8d0cd4ab15a047af7a4bcd5613d1fd50789dd4ee,0,tlg0003.tlg001.perseus-grc1.1.tb.xml,ge8,5244,22933.869928093456,25152.238172638896,24376.834713377186,24376.834713377186,4735,5244,4.373354295975106,4.796384090892238,0.42302979491713266,4.648519205449501,4.648519205449501,0.0,0.42302979491713266,
oth,ud23_oth,THUCYDIDES,1a32cf6857284fff7c7f006f8d0cd4ab15a047af7a4bcd5613d1fd50789dd4ee,1,tlg0003.tlg001.perseus-grc1.1.tb.xml,4_7,1990,8418.659104890547,9262.413702536116,9162.286532960401,9162.286532960401,1739,1990,4.230481962256556,4.654479247505586,0.4239972852490297,4.604164086914774,4.604164086914774,0.0,0.4239972852490297,
oth,ud23_oth,THUCYDIDES,1a32cf6857284fff7c7f006f8d0cd4ab15a047af7a4bcd5613d1fd50789dd4ee,1,tlg0003.tlg001.perseus-grc1.1.tb.xml,ge8,5244,22951.870704081128,25159.304341862735,24334.18585250394,24334.18585250394,4749,5244,4.376786938230573,4.797731567860933,0.42094462963035983,4.640386318173902,4.640386318173902,0.0,0.42094462963035983,
oth,ud23_oth,THUCYDIDES,1a32cf6857284fff7c7f006f8d0cd4ab15a047af7a4bcd5613d1fd50789dd4ee,2,tlg0003.tlg001.perseus-grc1.1.tb.xml,4_7,1990,8408.19444387228,9253.243671810564,9134.462037493986,9134.462037493986,1768,1990,4.225223338629287,4.649871191864605,0.4246478532353182,4.590181928388938,4.590181928388938,0.0,0.4246478532353182,
oth,ud23_oth,THUCYDIDES,1a32cf6857284fff7c7f006f8d0cd4ab15a047af7a4bcd5613d1fd50789dd4ee,2,tlg0003.tlg001.perseus-grc1.1.tb.xml,ge8,5244,22935.33610384533,25157.074104017716,24344.08945919591,24344.089459195908,4729,5244,4.373633887079582,4.797306274602921,0.4236723875233386,4.642274877802424,4.642274877802423,-8.881784197001252e-16,0.42367238752333947,
oth,ud23_oth,THUCYDIDES,1a32cf6857284fff7c7f006f8d0cd4ab15a047af7a4bcd5613d1fd50789dd4ee,3,tlg0003.tlg001.perseus-grc1.1.tb.xml,4_7,1990,8411.649010524774,9259.848941495102,9141.824256906384,9141.824256906384,1767,1990,4.2269593017712435,4.653190422861861,0.4262311210906171,4.593881536133861,4.593881536133861,0.0,0.4262311210906171,
oth,ud23_oth,THUCYDIDES,1a32cf6857284fff7c7f006f8d0cd4ab15a047af7a4bcd5613d1fd50789dd4ee,3,tlg0003.tlg001.perseus-grc1.1.tb.xml,ge8,5244,22926.427636592445,25151.3213396777,24305.62324575252,24305.62324575252,4785,5244,4.371935094697263,4.796209256231445,0.42427416153418207,4.634939596825423,4.634939596825423,0.0,0.42427416153418207,
oth,ud23_oth,THUCYDIDES,1a32cf6857284fff7c7f006f8d0cd4ab15a047af7a4bcd5613d1fd50789dd4ee,4,tlg0003.tlg001.perseus-grc1.1.tb.xml,4_7,1990,8403.242456544749,9257.345721547834,9138.369668283405,9138.369668283403,1774,1990,4.222734902786306,4.6519325233908715,0.42919762060456534,4.59214556195146,4.592145561951459,-8.881784197001252e-16,0.42919762060456623,
oth,ud23_oth,THUCYDIDES,1a32cf6857284fff7c7f006f8d0cd4ab15a047af7a4bcd5613d1fd50789dd4ee,4,tlg0003.tlg001.perseus-grc1.1.tb.xml,ge8,5244,22962.18720209006,25165.717997948454,24295.59133120598,24295.591331205975,4734,5244,4.378754233808173,4.798954614406647,0.420200380598474,4.633026569642635,4.6330265696426345,-8.881784197001252e-16,0.42020038059847487,
oth,ud23_oth,THUCYDIDES,1a32cf6857284fff7c7f006f8d0cd4ab15a047af7a4bcd5613d1fd50789dd4ee,5,tlg0003.tlg001.perseus-grc1.1.tb.xml,4_7,1990,8397.278985221215,9255.84731054856,9141.254040156307,9141.254040156306,1739,1990,4.219738183528249,4.651179553039477,0.43144136951122825,4.5935949950534205,4.59359499505342,-8.881784197001252e-16,0.43144136951122913,
oth,ud23_oth,THUCYDIDES,1a32cf6857284fff7c7f006f8d0cd4ab15a047af7a4bcd5613d1fd50789dd4ee,5,tlg0003.tlg001.perseus-grc1.1.tb.xml,ge8,5244,22922.132820656636,25159.543891399422,24308.233081894206,24308.233081894206,4723,5244,4.371116098523386,4.797777248550615,0.42666115002722904,4.6354372772490855,4.6354372772490855,0.0,0.42666115002722904,
oth,ud23_oth,THUCYDIDES,1a32cf6857284fff7c7f006f8d0cd4ab15a047af7a4bcd5613d1fd50789dd4ee,6,tlg0003.tlg001.perseus-grc1.1.tb.xml,4_7,1990,8425.404840202991,9260.88578624807,9177.613872930458,9177.613872930458,1765,1990,4.233871778996478,4.653711450375915,0.419839671379437,4.611866267804251,4.611866267804251,0.0,0.419839671379437,
oth,ud23_oth,THUCYDIDES,1a32cf6857284fff7c7f006f8d0cd4ab15a047af7a4bcd5613d1fd50789dd4ee,6,tlg0003.tlg001.perseus-grc1.1.tb.xml,ge8,5244,22965.575753109508,25166.47034393838,24188.58605748624,24188.586057486238,4765,5244,4.379400410585337,4.799098082368112,0.4196976717827754,4.6126212924268195,4.612621292426819,-8.881784197001252e-16,0.4196976717827763,
oth,ud23_oth,THUCYDIDES,1a32cf6857284fff7c7f006f8d0cd4ab15a047af7a4bcd5613d1fd50789dd4ee,7,tlg0003.tlg001.perseus-grc1.1.tb.xml,4_7,1990,8405.709811145573,9258.502393032462,9167.640573828385,9167.640573828385,1753,1990,4.2239747794701366,4.652513765342946,0.4285389858728097,4.606854559712756,4.606854559712756,0.0,0.4285389858728097,
oth,ud23_oth,THUCYDIDES,1a32cf6857284fff7c7f006f8d0cd4ab15a047af7a4bcd5613d1fd50789dd4ee,7,tlg0003.tlg001.perseus-grc1.1.tb.xml,ge8,5244,22937.101630831523,25171.936746878368,24211.300649149187,24211.300649149187,4768,5244,4.37397056270624,4.800140493302511,0.42616993059627095,4.616952831645535,4.616952831645535,0.0,0.42616993059627095,
oth,ud23_oth,THUCYDIDES,1a32cf6857284fff7c7f006f8d0cd4ab15a047af7a4bcd5613d1fd50789dd4ee,8,tlg0003.tlg001.perseus-grc1.1.tb.xml,4_7,1990,8411.458474575506,9258.059748652666,9150.142826055186,9150.142826055186,1739,1990,4.226863555063068,4.652291330981239,0.4254277759181706,4.598061721635772,4.598061721635772,0.0,0.4254277759181706,
oth,ud23_oth,THUCYDIDES,1a32cf6857284fff7c7f006f8d0cd4ab15a047af7a4bcd5613d1fd50789dd4ee,8,tlg0003.tlg001.perseus-grc1.1.tb.xml,ge8,5244,22918.494158340895,25161.799535798986,24203.31502867071,24203.31502867071,4720,5244,4.370422226991018,4.798207386689357,0.4277851596983391,4.615430020722866,4.615430020722866,0.0,0.4277851596983391,
oth,ud23_oth,THUCYDIDES,1a32cf6857284fff7c7f006f8d0cd4ab15a047af7a4bcd5613d1fd50789dd4ee,9,tlg0003.tlg001.perseus-grc1.1.tb.xml,4_7,1990,8411.588698788644,9259.027209913753,9158.499564373591,9158.499564373591,1757,1990,4.226928994366153,4.652777492418971,0.4258484980528179,4.60226108762492,4.60226108762492,0.0,0.4258484980528179,
oth,ud23_oth,THUCYDIDES,1a32cf6857284fff7c7f006f8d0cd4ab15a047af7a4bcd5613d1fd50789dd4ee,9,tlg0003.tlg001.perseus-grc1.1.tb.xml,ge8,5244,22933.705325844756,25171.76648135509,24252.247051762268,24252.247051762268,4716,5244,4.37332290729305,4.8001080246672565,0.4267851173742061,4.624761070130105,4.624761070130105,0.0,0.4267851173742061,
oth,ud23_oth,HOMERIC_TRADITION,209ee9f27c82f31d31eb16124569039d7847ed327f3a0f2b5c4eae048347e621,0,tlg0012.tlg001.perseus-grc1.tb.xml,4_7,19918,89621.64051249763,94689.62567253596,94240.39104652863,94240.39104652863,17226,19918,4.499530099030908,4.753972571168589,0.254442472137681,4.73141836763373,4.73141836763373,0.0,0.254442472137681,
oth,ud23_oth,HOMERIC_TRADITION,209ee9f27c82f31d31eb16124569039d7847ed327f3a0f2b5c4eae048347e621,0,tlg0012.tlg001.perseus-grc1.tb.xml,ge8,26009,120490.41338883704,127232.59723249623,123992.62923667455,123992.62923667455,23222,26009,4.632643061587798,4.8918680930637946,0.25922503147599674,4.767297060120518,4.767297060120518,0.0,0.25922503147599674,
oth,ud23_oth,HOMERIC_TRADITION,209ee9f27c82f31d31eb16124569039d7847ed327f3a0f2b5c4eae048347e621,0,tlg0013.tlg002.perseus-grc1.tb.xml,4_7,463,2116.5007372300943,2220.721446297764,2206.141488228135,2206.141488228135,396,463,4.571275890345776,4.796374614034048,0.225098723688272,4.764884423818867,4.764884423818867,0.0,0.225098723688272,
oth,ud23_oth,HOMERIC_TRADITION,209ee9f27c82f31d31eb16124569039d7847ed327f3a0f2b5c4eae048347e621,0,tlg0013.tlg002.perseus-grc1.tb.xml,ge8,672,3049.8466046906497,3268.163816026439,3320.751657463932,3320.751657463932,603,672,4.538462209361086,4.863339011944105,0.3248768025830193,4.941594728368947,4.941594728368947,0.0,0.3248768025830193,
oth,ud23_oth,HOMERIC_TRADITION,209ee9f27c82f31d31eb16124569039d7847ed327f3a0f2b5c4eae048347e621,1,tlg0012.tlg001.perseus-grc1.tb.xml,4_7,19918,89633.34660344204,94743.85821129884,94180.9795850451,94180.9795850451,17269,19918,4.500117813206248,4.756695361547286,0.2565775483410384,4.728435565069038,4.728435565069038,0.0,0.2565775483410384,
oth,ud23_oth,HOMERIC_TRADITION,209ee9f27c82f31d31eb16124569039d7847ed327f3a0f2b5c4eae048347e621,1,tlg0012.tlg001.perseus-grc1.tb.xml,ge8,26009,120432.28347683635,127237.6652153216,124115.6095588294,124115.6095588294,23256,26009,4.630408069392762,4.892062948030358,0.2616548786375965,4.7720254357656735,4.7720254357656735,0.0,0.2616548786375965,
oth,ud23_oth,HOMERIC_TRADITION,209ee9f27c82f31d31eb16124569039d7847ed327f3a0f2b5c4eae048347e621,1,tlg0013.tlg002.perseus-grc1.tb.xml,4_7,463,2104.355372129725,2223.435524481738,2245.986204791836,2245.986204791836,409,463,4.545044000280183,4.802236553956237,0.2571925536760542,4.8509421269802075,4.8509421269802075,0.0,0.2571925536760542,
oth,ud23_oth,HOMERIC_TRADITION,209ee9f27c82f31d31eb16124569039d7847ed327f3a0f2b5c4eae048347e621,1,tlg0013.tlg002.perseus-grc1.tb.xml,ge8,672,3039.3399049986087,3268.9083879701957,3296.325101257496,3296.325101257496,604,672,4.522827239581263,4.864447005908029,0.34161976632676616,4.905245686395084,4.905245686395084,0.0,0.34161976632676616,
oth,ud23_oth,HOMERIC_TRADITION,209ee9f27c82f31d31eb16124569039d7847ed327f3a0f2b5c4eae048347e621,2,tlg0012.tlg001.perseus-grc1.tb.xml,4_7,19918,89539.58460397947,94692.96301203853,94333.01500043321,94333.01500043321,17310,19918,4.49541041289183,4.754140125114898,0.25872971222306784,4.736068631410443,4.736068631410443,0.0,0.25872971222306784,
oth,ud23_oth,HOMERIC_TRADITION,209ee9f27c82f31d31eb16124569039d7847ed327f3a0f2b5c4eae048347e621,2,tlg0012.tlg001.perseus-grc1.tb.xml,ge8,26009,120380.8094487286,127248.4581687352,123717.89667788685,123717.89667788685,23235,26009,4.628428984148894,4.892477917979746,0.2640489338308516,4.756734079660381,4.756734079660381,0.0,0.2640489338308516,
oth,ud23_oth,HOMERIC_TRADITION,209ee9f27c82f31d31eb16124569039d7847ed327f3a0f2b5c4eae048347e621,2,tlg0013.tlg002.perseus-grc1.tb.xml,4_7,463,2096.140134399698,2222.1730224748144,2233.9195809589446,2233.9195809589446,386,463,4.527300506262847,4.799509767764178,0.27220926150133096,4.824880304446965,4.824880304446965,0.0,0.27220926150133096,
oth,ud23_oth,HOMERIC_TRADITION,209ee9f27c82f31d31eb16124569039d7847ed327f3a0f2b5c4eae048347e621,2,tlg0013.tlg002.perseus-grc1.tb.xml,ge8,672,3043.0989318951642,3270.3216772723404,3246.8647577705997,3246.8647577705997,600,672,4.528421029605899,4.866550114988602,0.33812908538270303,4.831643984777678,4.831643984777678,0.0,0.33812908538270303,
oth,ud23_oth,HOMERIC_TRADITION,209ee9f27c82f31d31eb16124569039d7847ed327f3a0f2b5c4eae048347e621,3,tlg0012.tlg001.perseus-grc1.tb.xml,4_7,19918,89599.80242484278,94684.46753832082,94263.07528380145,94263.07528380145,17340,19918,4.498433699409719,4.753713602687058,0.25527990327733896,4.732557248910606,4.732557248910606,0.0,0.25527990327733896,
oth,ud23_oth,HOMERIC_TRADITION,209ee9f27c82f31d31eb16124569039d7847ed327f3a0f2b5c4eae048347e621,3,tlg0012.tlg001.perseus-grc1.tb.xml,ge8,26009,120443.99291200035,127248.75342955028,123782.87278831268,123782.87278831268,23306,26009,4.630858276442783,4.892489270235314,0.2616309937925312,4.759232296063389,4.759232296063389,0.0,0.2616309937925312,
oth,ud23_oth,HOMERIC_TRADITION,209ee9f27c82f31d31eb16124569039d7847ed327f3a0f2b5c4eae048347e621,3,tlg0013.tlg002.perseus-grc1.tb.xml,4_7,463,2099.5028376958935,2222.4203970301637,2230.9810924194207,2230.9810924194207,396,463,4.534563364353982,4.8000440540608285,0.26548068970684646,4.818533676931795,4.818533676931795,0.0,0.26548068970684646,
oth,ud23_oth,HOMERIC_TRADITION,209ee9f27c82f31d31eb16124569039d7847ed327f3a0f2b5c4eae048347e621,3,tlg0013.tlg002.perseus-grc1.tb.xml,ge8,672,3045.5191262718263,3270.2000907314055,3297.608468612458,3297.6084686124577,596,672,4.532022509333075,4.86636918263602,0.334346673302945,4.90715545924473,4.907155459244729,-8.881784197001252e-16,0.3343466733029459,
oth,ud23_oth,HOMERIC_TRADITION,209ee9f27c82f31d31eb16124569039d7847ed327f3a0f2b5c4eae048347e621,4,tlg0012.tlg001.perseus-grc1.tb.xml,4_7,19918,89564.0940813643,94703.86302650112,94742.4514214602,94742.4514214602,17278,19918,4.496640931888959,4.754687369540171,0.2580464376512115,4.756624732476162,4.756624732476162,0.0,0.2580464376512115,
oth,ud23_oth,HOMERIC_TRADITION,209ee9f27c82f31d31eb16124569039d7847ed327f3a0f2b5c4eae048347e621,4,tlg0012.tlg001.perseus-grc1.tb.xml,ge8,26009,120508.78561461327,127275.10203829272,123784.70465721979,123784.70465721979,23223,26009,4.6333494411401155,4.89350232759017,0.2601528864500544,4.759302728179468,4.759302728179468,0.0,0.2601528864500544,
oth,ud23_oth,HOMERIC_TRADITION,209ee9f27c82f31d31eb16124569039d7847ed327f3a0f2b5c4eae048347e621,4,tlg0013.tlg002.perseus-grc1.tb.xml,4_7,463,2098.7723699256735,2220.9815286324542,2251.2940939541445,2251.2940939541445,398,463,4.53298568018504,4.796936346938346,0.26395066675330625,4.862406250440917,4.862406250440917,0.0,0.26395066675330625,
oth,ud23_oth,HOMERIC_TRADITION,209ee9f27c82f31d31eb16124569039d7847ed327f3a0f2b5c4eae048347e621,4,tlg0013.tlg002.perseus-grc1.tb.xml,ge8,672,3036.466954316283,3269.9211441202046,3308.2403467237627,3308.2403467237627,604,672,4.518552015351612,4.865954083512209,0.34740206816059693,4.922976706434171,4.922976706434171,0.0,0.34740206816059693,
oth,ud23_oth,HOMERIC_TRADITION,209ee9f27c82f31d31eb16124569039d7847ed327f3a0f2b5c4eae048347e621,5,tlg0012.tlg001.perseus-grc1.tb.xml,4_7,19918,89692.30956026107,94725.13567232266,94479.87475512874,94479.87475512874,17337,19918,4.503078098215738,4.755755380676908,0.25267728246117027,4.743441849338725,4.743441849338725,0.0,0.25267728246117027,
oth,ud23_oth,HOMERIC_TRADITION,209ee9f27c82f31d31eb16124569039d7847ed327f3a0f2b5c4eae048347e621,5,tlg0012.tlg001.perseus-grc1.tb.xml,ge8,26009,120555.48914625005,127287.64083312235,124129.58902492272,124129.58902492272,23183,26009,4.635145109241034,4.893984422050919,0.2588393128098856,4.772562921485744,4.772562921485744,0.0,0.2588393128098856,
oth,ud23_oth,HOMERIC_TRADITION,209ee9f27c82f31d31eb16124569039d7847ed327f3a0f2b5c4eae048347e621,5,tlg0013.tlg002.perseus-grc1.tb.xml,4_7,463,2103.607515647063,2221.003520680652,2247.714052854251,2247.714052854251,403,463,4.543428759496896,4.796983845962531,0.25355508646563507,4.854673980246762,4.854673980246762,0.0,0.25355508646563507,
oth,ud23_oth,HOMERIC_TRADITION,209ee9f27c82f31d31eb16124569039d7847ed327f3a0f2b5c4eae048347e621,5,tlg0013.tlg002.perseus-grc1.tb.xml,ge8,672,3040.4089486577464,3268.32410100596,3324.9707088101904,3324.9707088101904,601,672,4.524418078359742,4.863577531258869,0.3391594528991275,4.947873078586593,4.947873078586593,0.0,0.3391594528991275,
oth,ud23_oth,HOMERIC_TRADITION,209ee9f27c82f31d31eb16124569039d7847ed327f3a0f2b5c4eae048347e621,6,tlg0012.tlg001.perseus-grc1.tb.xml,4_7,19918,89599.24629121873,94745.28934421507,94446.64706715319,94446.64706715319,17358,19918,4.498405778251769,4.756767212783164,0.2583614345313956,4.741773625221065,4.741773625221065,0.0,0.2583614345313956,
oth,ud23_oth,HOMERIC_TRADITION,209ee9f27c82f31d31eb16124569039d7847ed327f3a0f2b5c4eae048347e621,6,tlg0012.tlg001.perseus-grc1.tb.xml,ge8,26009,120452.88603054789,127268.27738241988,123737.58993303319,123737.58993303319,23183,26009,4.6312002011053055,4.8932399316551916,0.26203973054988605,4.757491250453043,4.757491250453043,0.0,0.26203973054988605,
oth,ud23_oth,HOMERIC_TRADITION,209ee9f27c82f31d31eb16124569039d7847ed327f3a0f2b5c4eae048347e621,6,tlg0013.tlg002.perseus-grc1.tb.xml,4_7,463,2099.98758472545,2221.0210063740988,2238.335394963679,2238.335394963679,395,463,4.535610334180237,4.7970216120390905,0.2614112778588531,4.83441769970557,4.83441769970557,0.0,0.2614112778588531,
oth,ud23_oth,HOMERIC_TRADITION,209ee9f27c82f31d31eb16124569039d7847ed327f3a0f2b5c4eae048347e621,6,tlg0013.tlg002.perseus-grc1.tb.xml,ge8,672,3043.729470806915,3267.5682406424025,3290.988454909772,3290.988454909772,598,672,4.529359331557909,4.862452739051195,0.3330934074932861,4.897304248377637,4.897304248377637,0.0,0.3330934074932861,
oth,ud23_oth,HOMERIC_TRADITION,209ee9f27c82f31d31eb16124569039d7847ed327f3a0f2b5c4eae048347e621,7,tlg0012.tlg001.perseus-grc1.tb.xml,4_7,19918,89732.52099792316,94746.53402693714,94444.24413347674,94444.24413347674,17358,19918,4.505096947380418,4.7568297031296884,0.2517327557492708,4.741652983907859,4.741652983907859,0.0,0.2517327557492708,
oth,ud23_oth,HOMERIC_TRADITION,209ee9f27c82f31d31eb16124569039d7847ed327f3a0f2b5c4eae048347e621,7,tlg0012.tlg001.perseus-grc1.tb.xml,ge8,26009,120622.66102221797,127308.3829640865,123917.11183492652,123917.11183492652,23233,26009,4.637727748941442,4.894781920261698,0.2570541713202559,4.764393549729959,4.764393549729959,0.0,0.2570541713202559,
oth,ud23_oth,HOMERIC_TRADITION,209ee9f27c82f31d31eb16124569039d7847ed327f3a0f2b5c4eae048347e621,7,tlg0013.tlg002.perseus-grc1.tb.xml,4_7,463,2106.9418013462537,2220.703330404681,2194.2170121717722,2194.2170121717722,407,463,4.550630240488669,4.796335486835164,0.24570524634649527,4.739129615921755,4.739129615921755,0.0,0.24570524634649527,
oth,ud23_oth,HOMERIC_TRADITION,209ee9f27c82f31d31eb16124569039d7847ed327f3a0f2b5c4eae048347e621,7,tlg0013.tlg002.perseus-grc1.tb.xml,ge8,672,3038.5843527020975,3268.075555724879,3280.304886306745,3280.304886306745,611,672,4.521702905806693,4.863207672209642,0.3415047664029487,4.881406080813609,4.881406080813609,0.0,0.3415047664029487,
oth,ud23_oth,HOMERIC_TRADITION,209ee9f27c82f31d31eb16124569039d7847ed327f3a0f2b5c4eae048347e621,8,tlg0012.tlg001.perseus-grc1.tb.xml,4_7,19918,89621.52082943008,94762.00834513386,94687.88257220652,94687.88257220652,17364,19918,4.499524090241494,4.757606604334464,0.2580825140929699,4.7538850573454425,4.7538850573454425,0.0,0.2580825140929699,
oth,ud23_oth,HOMERIC_TRADITION,209ee9f27c82f31d31eb16124569039d7847ed327f3a0f2b5c4eae048347e621,8,tlg0012.tlg001.perseus-grc1.tb.xml,ge8,26009,120567.38803388487,127356.01182248452,124021.03018060721,124021.03018060721,23162,26009,4.635602600403125,4.896613165538257,0.2610105651351322,4.768389026129694,4.768389026129694,0.0,0.2610105651351322,
oth,ud23_oth,HOMERIC_TRADITION,209ee9f27c82f31d31eb16124569039d7847ed327f3a0f2b5c4eae048347e621,8,tlg0013.tlg002.perseus-grc1.tb.xml,4_7,463,2107.7454959475326,2222.5455229263066,2234.636315780702,2234.636315780702,411,463,4.5523660819601135,4.800314304376472,0.24794822241635828,4.82642832782009,4.82642832782009,0.0,0.24794822241635828,
oth,ud23_oth,HOMERIC_TRADITION,209ee9f27c82f31d31eb16124569039d7847ed327f3a0f2b5c4eae048347e621,8,tlg0013.tlg002.perseus-grc1.tb.xml,ge8,672,3042.158511158628,3270.276328399924,3305.952636258395,3305.952636258395,598,672,4.527021593986054,4.866482631547505,0.33946103756145174,4.919572375384517,4.919572375384517,0.0,0.33946103756145174,
oth,ud23_oth,HOMERIC_TRADITION,209ee9f27c82f31d31eb16124569039d7847ed327f3a0f2b5c4eae048347e621,9,tlg0012.tlg001.perseus-grc1.tb.xml,4_7,19918,89649.94905654763,94738.7881574307,94727.91007302665,94727.91007302664,17325,19918,4.500951353376224,4.756440815213912,0.25548946183768795,4.755894671805736,4.755894671805735,-8.881784197001252e-16,0.25548946183768884,
oth,ud23_oth,HOMERIC_TRADITION,209ee9f27c82f31d31eb16124569039d7847ed327f3a0f2b5c4eae048347e621,9,tlg0012.tlg001.perseus-grc1.tb.xml,ge8,26009,120542.8220844606,127342.7905717679,123816.93073129267,123816.93073129267,23216,26009,4.6346580831427815,4.896104831856968,0.26144674871418694,4.760541763669986,4.760541763669986,0.0,0.26144674871418694,
oth,ud23_oth,HOMERIC_TRADITION,209ee9f27c82f31d31eb16124569039d7847ed327f3a0f2b5c4eae048347e621,9,tlg0013.tlg002.perseus-grc1.tb.xml,4_7,463,2100.8741146666816,2222.6870989508607,2250.9180343293638,2250.9180343293638,403,463,4.537525085673178,4.800620084127129,0.26309499845395035,4.861594026629295,4.861594026629295,0.0,0.26309499845395035,
oth,ud23_oth,HOMERIC_TRADITION,209ee9f27c82f31d31eb16124569039d7847ed327f3a0f2b5c4eae048347e621,9,tlg0013.tlg002.perseus-grc1.tb.xml,ge8,672,3041.3403274464663,3271.9369831246186,3295.5527822788595,3295.5527822788595,607,672,4.525804058700099,4.8689538439354445,0.34314978523534556,4.904096402200683,4.904096402200683,0.0,0.34314978523534556,
oth,ud23_oth,ATHENAEUS,4352f04fcfd7cbe580caddf69f309034ffb967d5d1bc8a8e809498de5bf8d329,0,tlg0008.tlg001.perseus-grc1.tb.xml,4_7,5659,23833.363291903064,26239.08259287689,25823.885340699406,25823.885340699406,4916,5659,4.211585667415279,4.63669952162518,0.42511385420990067,4.563330153861001,4.563330153861001,0.0,0.42511385420990067,
oth,ud23_oth,ATHENAEUS,4352f04fcfd7cbe580caddf69f309034ffb967d5d1bc8a8e809498de5bf8d329,0,tlg0008.tlg001.perseus-grc1.tb.xml,ge8,11127,47709.5395545556,52780.619011209485,51212.95775656029,51212.95775656029,10048,11127,4.287727110142501,4.743472545269118,0.4557454351266177,4.602584502252205,4.602584502252205,0.0,0.4557454351266177,
oth,ud23_oth,ATHENAEUS,4352f04fcfd7cbe580caddf69f309034ffb967d5d1bc8a8e809498de5bf8d329,1,tlg0008.tlg001.perseus-grc1.tb.xml,4_7,5659,23865.451697290126,26233.910008426847,25908.678858254272,25908.678858254272,4968,5659,4.2172559988143,4.635785475954559,0.41852947714025834,4.578313988028675,4.578313988028675,0.0,0.41852947714025834,
oth,ud23_oth,ATHENAEUS,4352f04fcfd7cbe580caddf69f309034ffb967d5d1bc8a8e809498de5bf8d329,1,tlg0008.tlg001.perseus-grc1.tb.xml,ge8,11127,47682.651571035276,52760.94467754403,50983.06621778012,50983.06621778012,9998,11127,4.285310647167725,4.741704383710257,0.4563937365425321,4.581923808553979,4.581923808553979,0.0,0.4563937365425321,
oth,ud23_oth,ATHENAEUS,4352f04fcfd7cbe580caddf69f309034ffb967d5d1bc8a8e809498de5bf8d329,2,tlg0008.tlg001.perseus-grc1.tb.xml,4_7,5659,23846.85393518019,26234.49912966198,25822.428511979277,25822.428511979277,4997,5659,4.213969594483157,4.635889579371264,0.4219199848881061,4.56307271814442,4.56307271814442,0.0,0.4219199848881061,
oth,ud23_oth,ATHENAEUS,4352f04fcfd7cbe580caddf69f309034ffb967d5d1bc8a8e809498de5bf8d329,2,tlg0008.tlg001.perseus-grc1.tb.xml,ge8,11127,47704.20826986738,52797.11942193997,51012.43681829712,51012.43681829712,9943,11127,4.287247979677126,4.744955461664417,0.45770748198729105,4.584563388001898,4.584563388001898,0.0,0.45770748198729105,
oth,ud23_oth,ATHENAEUS,4352f04fcfd7cbe580caddf69f309034ffb967d5d1bc8a8e809498de5bf8d329,3,tlg0008.tlg001.perseus-grc1.tb.xml,4_7,5659,23874.707680575113,26224.38040168365,25695.927096118863,25695.927096118863,4921,5659,4.2188916205292655,4.6341015023296785,0.41520988180041307,4.540718695196831,4.540718695196831,0.0,0.41520988180041307,
oth,ud23_oth,ATHENAEUS,4352f04fcfd7cbe580caddf69f309034ffb967d5d1bc8a8e809498de5bf8d329,3,tlg0008.tlg001.perseus-grc1.tb.xml,ge8,11127,47678.330170894886,52768.38748582846,51176.04244792645,51176.04244792645,10024,11127,4.2849222765251085,4.742373279934256,0.45745100340914746,4.599266868691152,4.599266868691152,0.0,0.45745100340914746,
oth,ud23_oth,ATHENAEUS,4352f04fcfd7cbe580caddf69f309034ffb967d5d1bc8a8e809498de5bf8d329,4,tlg0008.tlg001.perseus-grc1.tb.xml,4_7,5659,23839.213260823533,26236.804420489716,25876.445758832317,25876.445758832317,4956,5659,4.212619413469435,4.636296946543509,0.4236775330740743,4.572618087795073,4.572618087795073,0.0,0.4236775330740743,
oth,ud23_oth,ATHENAEUS,4352f04fcfd7cbe580caddf69f309034ffb967d5d1bc8a8e809498de5bf8d329,4,tlg0008.tlg001.perseus-grc1.tb.xml,ge8,11127,47723.67381752799,52800.755719515575,51056.30025062117,51056.30025062117,9980,11127,4.28899737732794,4.745282261122996,0.45628488379505594,4.588505459748465,4.588505459748465,0.0,0.45628488379505594,
oth,ud23_oth,ATHENAEUS,4352f04fcfd7cbe580caddf69f309034ffb967d5d1bc8a8e809498de5bf8d329,5,tlg0008.tlg001.perseus-grc1.tb.xml,4_7,5659,23832.915764093468,26236.794456543226,25772.77580303564,25772.775803035638,5009,5659,4.2115065849255116,4.636295185817852,0.4247886008923407,4.554298604530065,4.554298604530065,0.0,0.4247886008923407,
oth,ud23_oth,ATHENAEUS,4352f04fcfd7cbe580caddf69f309034ffb967d5d1bc8a8e809498de5bf8d329,5,tlg0008.tlg001.perseus-grc1.tb.xml,ge8,11127,47701.43667438758,52777.54451353403,51178.63858160687,51178.63858160687,9975,11127,4.286998892278923,4.743196235601153,0.4561973433222297,4.599500187077099,4.599500187077099,0.0,0.4561973433222297,
oth,ud23_oth,ATHENAEUS,4352f04fcfd7cbe580caddf69f309034ffb967d5d1bc8a8e809498de5bf8d329,6,tlg0008.tlg001.perseus-grc1.tb.xml,4_7,5659,23845.222805985686,26228.677509984296,25715.634484685863,25715.634484685863,4967,5659,4.213681358187964,4.634860842902332,0.4211794847143677,4.5442011812486065,4.5442011812486065,0.0,0.4211794847143677,
oth,ud23_oth,ATHENAEUS,4352f04fcfd7cbe580caddf69f309034ffb967d5d1bc8a8e809498de5bf8d329,6,tlg0008.tlg001.perseus-grc1.tb.xml,ge8,11127,47714.701633971614,52773.16787555245,51082.755316668365,51082.755316668365,10009,11127,4.288191033878999,4.742802900651788,0.4546118667727894,4.590883015787576,4.590883015787576,0.0,0.4546118667727894,
oth,ud23_oth,ATHENAEUS,4352f04fcfd7cbe580caddf69f309034ffb967d5d1bc8a8e809498de5bf8d329,7,tlg0008.tlg001.perseus-grc1.tb.xml,4_7,5659,23818.781351154346,26221.493437079334,25853.349665512233,25853.349665512233,4936,5659,4.209008897535668,4.6335913477786415,0.4245824502429736,4.568536784858143,4.568536784858143,0.0,0.4245824502429736,
oth,ud23_oth,ATHENAEUS,4352f04fcfd7cbe580caddf69f309034ffb967d5d1bc8a8e809498de5bf8d329,7,tlg0008.tlg001.perseus-grc1.tb.xml,ge8,11127,47690.334000912735,52776.69356582049,51208.65297722059,51208.65297722059,9939,11127,4.286001078539834,4.743119759667519,0.4571186811276853,4.6021976253456085,4.6021976253456085,0.0,0.4571186811276853,
oth,ud23_oth,ATHENAEUS,4352f04fcfd7cbe580caddf69f309034ffb967d5d1bc8a8e809498de5bf8d329,8,tlg0008.tlg001.perseus-grc1.tb.xml,4_7,5659,23823.539658289756,26219.43445662962,25815.68092296398,25815.68092296398,4922,5659,4.209849736400381,4.633227506031034,0.4233777696306529,4.561880353943096,4.561880353943096,0.0,0.4233777696306529,
oth,ud23_oth,ATHENAEUS,4352f04fcfd7cbe580caddf69f309034ffb967d5d1bc8a8e809498de5bf8d329,8,tlg0008.tlg001.perseus-grc1.tb.xml,ge8,11127,47693.1894317793,52789.59027857736,51149.66788134331,51149.66788134331,9969,11127,4.286257700348639,4.744278806378841,0.45802110603020196,4.596896547258319,4.596896547258319,0.0,0.45802110603020196,
oth,ud23_oth,ATHENAEUS,4352f04fcfd7cbe580caddf69f309034ffb967d5d1bc8a8e809498de5bf8d329,9,tlg0008.tlg001.perseus-grc1.tb.xml,4_7,5659,23825.872846260212,26237.552299999592,25915.917722767226,25915.917722767226,4901,5659,4.210262033267399,4.636429104081921,0.42616707081452265,4.579593165359114,4.579593165359114,0.0,0.42616707081452265,
oth,ud23_oth,ATHENAEUS,4352f04fcfd7cbe580caddf69f309034ffb967d5d1bc8a8e809498de5bf8d329,9,tlg0008.tlg001.perseus-grc1.tb.xml,ge8,11127,47688.596815458695,52781.8606188861,51205.10042257011,51205.10042257011,9996,11127,4.285844955105482,4.743584130393287,0.45773917528780483,4.601878351987967,4.601878351987967,0.0,0.45773917528780483,
oth,ud23_oth,HERODOTUS,89f0804afded8e7a0f4e1b507030d5ef4ecaf17e422c8b2969bd6b23e62818e6,0,tlg0016.tlg001.perseus-grc1.1.tb.xml,4_7,3983,17280.979112790184,18737.768074672036,18606.23517126886,18606.23517126886,3529,3983,4.338684185987995,4.70443587112027,0.36575168513227485,4.671412295071268,4.671412295071268,0.0,0.36575168513227485,
oth,ud23_oth,HERODOTUS,89f0804afded8e7a0f4e1b507030d5ef4ecaf17e422c8b2969bd6b23e62818e6,0,tlg0016.tlg001.perseus-grc1.1.tb.xml,ge8,9011,40095.67834377209,43612.68816243721,42004.01993702489,42004.01993702489,8128,9011,4.449636926397968,4.839938759564666,0.3903018331666983,4.661416040064908,4.661416040064908,0.0,0.3903018331666983,
oth,ud23_oth,HERODOTUS,89f0804afded8e7a0f4e1b507030d5ef4ecaf17e422c8b2969bd6b23e62818e6,1,tlg0016.tlg001.perseus-grc1.1.tb.xml,4_7,3983,17256.269258448774,18728.094740747743,18466.590742828528,18466.590742828528,3502,3983,4.3324803561257275,4.702007215854317,0.36952685972858923,4.636352182482684,4.636352182482684,0.0,0.36952685972858923,
oth,ud23_oth,HERODOTUS,89f0804afded8e7a0f4e1b507030d5ef4ecaf17e422c8b2969bd6b23e62818e6,1,tlg0016.tlg001.perseus-grc1.1.tb.xml,ge8,9011,40065.03126278448,43605.388859949846,42142.468035042344,42142.468035042344,8160,9011,4.446235852045776,4.8391287160081955,0.3928928639624196,4.676780383424964,4.676780383424964,0.0,0.3928928639624196,
oth,ud23_oth,HERODOTUS,89f0804afded8e7a0f4e1b507030d5ef4ecaf17e422c8b2969bd6b23e62818e6,2,tlg0016.tlg001.perseus-grc1.1.tb.xml,4_7,3983,17245.771202596672,18734.939097142338,18411.459884304964,18411.459884304964,3487,3983,4.329844640370744,4.703725608120095,0.37388096774935153,4.622510641301774,4.622510641301774,0.0,0.37388096774935153,
oth,ud23_oth,HERODOTUS,89f0804afded8e7a0f4e1b507030d5ef4ecaf17e422c8b2969bd6b23e62818e6,2,tlg0016.tlg001.perseus-grc1.1.tb.xml,ge8,9011,40050.89094126026,43596.82133374769,42100.710707080376,42100.710707080376,8162,9011,4.444666623156171,4.838177930723304,0.3935113075671328,4.672146344143866,4.672146344143866,0.0,0.3935113075671328,
oth,ud23_oth,HERODOTUS,89f0804afded8e7a0f4e1b507030d5ef4ecaf17e422c8b2969bd6b23e62818e6,3,tlg0016.tlg001.perseus-grc1.1.tb.xml,4_7,3983,17240.46834966323,18733.659827626627,18357.221379971303,18357.221379971303,3528,3983,4.328513268808243,4.7034044257159495,0.37489115690770625,4.608893140841402,4.608893140841402,0.0,0.37489115690770625,
oth,ud23_oth,HERODOTUS,89f0804afded8e7a0f4e1b507030d5ef4ecaf17e422c8b2969bd6b23e62818e6,3,tlg0016.tlg001.perseus-grc1.1.tb.xml,ge8,9011,40019.67676701374,43603.94777216971,42070.95979538567,42070.95979538567,8134,9011,4.441202615360531,4.838968790608114,0.3977661752475825,4.668844722604114,4.668844722604114,0.0,0.3977661752475825,
oth,ud23_oth,HERODOTUS,89f0804afded8e7a0f4e1b507030d5ef4ecaf17e422c8b2969bd6b23e62818e6,4,tlg0016.tlg001.perseus-grc1.1.tb.xml,4_7,3983,17251.817747225232,18722.694973121757,18403.95824963418,18403.95824963418,3530,3983,4.331362728402016,4.700651512207321,0.3692887838053043,4.62062722812809,4.62062722812809,0.0,0.3692887838053043,
oth,ud23_oth,HERODOTUS,89f0804afded8e7a0f4e1b507030d5ef4ecaf17e422c8b2969bd6b23e62818e6,4,tlg0016.tlg001.perseus-grc1.1.tb.xml,ge8,9011,40022.370999447696,43586.30265111734,42096.42166520787,42096.42166520787,8134,9011,4.441501609083087,4.837010614928126,0.3955090058450388,4.671670365687256,4.671670365687256,0.0,0.3955090058450388,
oth,ud23_oth,HERODOTUS,89f0804afded8e7a0f4e1b507030d5ef4ecaf17e422c8b2969bd6b23e62818e6,5,tlg0016.tlg001.perseus-grc1.1.tb.xml,4_7,3983,17242.140117662686,18723.67868593136,18463.44374585508,18463.44374585508,3490,3983,4.328932994642904,4.70089849006562,0.3719654954227156,4.635562075283725,4.635562075283725,0.0,0.3719654954227156,
oth,ud23_oth,HERODOTUS,89f0804afded8e7a0f4e1b507030d5ef4ecaf17e422c8b2969bd6b23e62818e6,5,tlg0016.tlg001.perseus-grc1.1.tb.xml,ge8,9011,40001.99007469667,43586.662192099655,42111.69989844143,42111.69989844143,8136,9011,4.43923982628972,4.837050515159212,0.3978106888694919,4.673365874868653,4.673365874868653,0.0,0.3978106888694919,
oth,ud23_oth,HERODOTUS,89f0804afded8e7a0f4e1b507030d5ef4ecaf17e422c8b2969bd6b23e62818e6,6,tlg0016.tlg001.perseus-grc1.1.tb.xml,4_7,3983,17256.258685996032,18732.145702148187,18453.367804633664,18453.367804633664,3546,3983,4.332477701731366,4.703024278721614,0.3705465769902476,4.633032338597455,4.633032338597455,0.0,0.3705465769902476,
oth,ud23_oth,HERODOTUS,89f0804afded8e7a0f4e1b507030d5ef4ecaf17e422c8b2969bd6b23e62818e6,6,tlg0016.tlg001.perseus-grc1.1.tb.xml,ge8,9011,40120.060403461284,43621.931989407385,42035.34488357212,42035.34488357212,8165,9011,4.4523427370393165,4.8409645976481395,0.388621860608823,4.664892340869173,4.664892340869173,0.0,0.388621860608823,
oth,ud23_oth,HERODOTUS,89f0804afded8e7a0f4e1b507030d5ef4ecaf17e422c8b2969bd6b23e62818e6,7,tlg0016.tlg001.perseus-grc1.1.tb.xml,4_7,3983,17230.08425436935,18729.09675132822,18580.2323615223,18580.2323615223,3508,3983,4.325906164792706,4.7022587876796935,0.3763526228869871,4.6648838467291736,4.6648838467291736,0.0,0.3763526228869871,
oth,ud23_oth,HERODOTUS,89f0804afded8e7a0f4e1b507030d5ef4ecaf17e422c8b2969bd6b23e62818e6,7,tlg0016.tlg001.perseus-grc1.1.tb.xml,ge8,9011,40036.547656806644,43603.5909409003,42057.56476388688,42057.56476388688,8092,9011,4.4430748703591885,4.8389291910887025,0.395854320729514,4.667358202628663,4.667358202628663,0.0,0.395854320729514,
oth,ud23_oth,HERODOTUS,89f0804afded8e7a0f4e1b507030d5ef4ecaf17e422c8b2969bd6b23e62818e6,8,tlg0016.tlg001.perseus-grc1.1.tb.xml,4_7,3983,17223.895402419872,18723.922840190255,18537.549292710475,18537.549292710475,3530,3983,4.324352348084326,4.700959789151457,0.3766074410671312,4.6541675352022285,4.6541675352022285,0.0,0.3766074410671312,
oth,ud23_oth,HERODOTUS,89f0804afded8e7a0f4e1b507030d5ef4ecaf17e422c8b2969bd6b23e62818e6,8,tlg0016.tlg001.perseus-grc1.1.tb.xml,ge8,9011,40013.69753095407,43588.93880328025,42043.828709266774,42043.828709266774,8108,9011,4.440539066802139,4.837303163165049,0.39676409636290977,4.665833837450536,4.665833837450536,0.0,0.39676409636290977,
oth,ud23_oth,HERODOTUS,89f0804afded8e7a0f4e1b507030d5ef4ecaf17e422c8b2969bd6b23e62818e6,9,tlg0016.tlg001.perseus-grc1.1.tb.xml,4_7,3983,17279.161367428045,18732.575161684857,18628.385166285363,18628.385166285363,3503,3983,4.338227810049722,4.703132101854094,0.3649042918043719,4.676973428643074,4.676973428643074,0.0,0.3649042918043719,
oth,ud23_oth,HERODOTUS,89f0804afded8e7a0f4e1b507030d5ef4ecaf17e422c8b2969bd6b23e62818e6,9,tlg0016.tlg001.perseus-grc1.1.tb.xml,ge8,9011,40099.389533137946,43610.687913012676,41931.76572924473,41931.76572924473,8130,9011,4.450048777398507,4.83971678093582,0.389668003537313,4.653397595077653,4.653397595077653,0.0,0.389668003537313,
oth,ud23_oth,HESIODIC_TRADITION,c4c0c7eaeca0d61d2e53f4f0642bfa382e91dd28b470d2f4da2ba8539fe0e7f7,0,tlg0020.tlg001.perseus-grc1.tb.xml,4_7,944,4301.9602240292,4605.617080567273,4645.212680976631,4645.212680976631,813,944,4.55716125426822,4.878831653143298,0.321670398875078,4.920776145102364,4.920776145102364,0.0,0.321670398875078,
oth,ud23_oth,HESIODIC_TRADITION,c4c0c7eaeca0d61d2e53f4f0642bfa382e91dd28b470d2f4da2ba8539fe0e7f7,0,tlg0020.tlg001.perseus-grc1.tb.xml,ge8,2011,9666.017084432551,10088.81810020679,10096.74470253044,10096.74470253044,1740,2011,4.806572394049006,5.0168165590287375,0.21024416497973153,5.020758181268244,5.020758181268244,0.0,0.21024416497973153,
oth,ud23_oth,HESIODIC_TRADITION,c4c0c7eaeca0d61d2e53f4f0642bfa382e91dd28b470d2f4da2ba8539fe0e7f7,0,tlg0020.tlg002.perseus-grc1.tb.xml,4_7,889,4148.301757621015,4345.324590240604,4261.20346154284,4261.20346154284,781,889,4.66625619529923,4.887879179123289,0.22162298382405954,4.793254737393521,4.793254737393521,0.0,0.22162298382405954,
oth,ud23_oth,HESIODIC_TRADITION,c4c0c7eaeca0d61d2e53f4f0642bfa382e91dd28b470d2f4da2ba8539fe0e7f7,0,tlg0020.tlg002.perseus-grc1.tb.xml,ge8,1195,5595.4041437447095,5851.828950971891,5739.907696008622,5739.907696008621,1075,1195,4.6823465638031045,4.896927992445097,0.21458142864199203,4.803270038500939,4.803270038500938,-8.881784197001252e-16,0.21458142864199292,
oth,ud23_oth,HESIODIC_TRADITION,c4c0c7eaeca0d61d2e53f4f0642bfa382e91dd28b470d2f4da2ba8539fe0e7f7,0,tlg0020.tlg003.perseus-grc1.tb.xml,4_7,577,2576.9493167030105,2766.9787339919594,2798.77235515151,2798.77235515151,514,577,4.466116666729654,4.795457077975667,0.32934041124601254,4.850558674439359,4.850558674439359,0.0,0.32934041124601254,
oth,ud23_oth,HESIODIC_TRADITION,c4c0c7eaeca0d61d2e53f4f0642bfa382e91dd28b470d2f4da2ba8539fe0e7f7,0,tlg0020.tlg003.perseus-grc1.tb.xml,ge8,782,3707.656786276432,3903.9779657557856,3837.9999581706375,3837.9999581706375,695,782,4.741249087310015,4.992299188946017,0.25105010163600205,4.907928335256569,4.907928335256569,0.0,0.25105010163600205,
oth,ud23_oth,HESIODIC_TRADITION,c4c0c7eaeca0d61d2e53f4f0642bfa382e91dd28b470d2f4da2ba8539fe0e7f7,1,tlg0020.tlg001.perseus-grc1.tb.xml,4_7,944,4295.148838442681,4600.744376495182,4622.136555543779,4622.136555543778,835,944,4.549945803435044,4.873669890355066,0.32372408692002175,4.896331096974342,4.8963310969743405,-1.7763568394002505e-15,0.3237240869200235,
oth,ud23_oth,HESIODIC_TRADITION,c4c0c7eaeca0d61d2e53f4f0642bfa382e91dd28b470d2f4da2ba8539fe0e7f7,1,tlg0020.tlg001.perseus-grc1.tb.xml,ge8,2011,9637.639961960898,10081.761045186957,9947.765320009688,9947.765320009688,1734,2011,4.792461443043709,5.013307332266016,0.22084588922230708,4.946675942322073,4.946675942322073,0.0,0.22084588922230708,
oth,ud23_oth,HESIODIC_TRADITION,c4c0c7eaeca0d61d2e53f4f0642bfa382e91dd28b470d2f4da2ba8539fe0e7f7,1,tlg0020.tlg002.perseus-grc1.tb.xml,4_7,889,4132.241588753145,4344.972499502029,4263.544639191249,4263.544639191249,768,889,4.648190763501851,4.887483126548964,0.2392923630471131,4.795888233061023,4.795888233061023,0.0,0.2392923630471131,
oth,ud23_oth,HESIODIC_TRADITION,c4c0c7eaeca0d61d2e53f4f0642bfa382e91dd28b470d2f4da2ba8539fe0e7f7,1,tlg0020.tlg002.perseus-grc1.tb.xml,ge8,1195,5595.236120790972,5847.866268845264,5724.082000968146,5724.082000968146,1047,1195,4.682205958820897,4.893611940456288,0.21140598163539082,4.790026779052842,4.790026779052842,0.0,0.21140598163539082,
oth,ud23_oth,HESIODIC_TRADITION,c4c0c7eaeca0d61d2e53f4f0642bfa382e91dd28b470d2f4da2ba8539fe0e7f7,1,tlg0020.tlg003.perseus-grc1.tb.xml,4_7,577,2587.597468583845,2764.5171506510733,2795.6912811041016,2795.6912811041016,503,577,4.484571002744965,4.791190902341548,0.3066198995965834,4.845218858066034,4.845218858066034,0.0,0.3066198995965834,
oth,ud23_oth,HESIODIC_TRADITION,c4c0c7eaeca0d61d2e53f4f0642bfa382e91dd28b470d2f4da2ba8539fe0e7f7,1,tlg0020.tlg003.perseus-grc1.tb.xml,ge8,782,3701.338769058985,3897.9394951780187,3800.7896239863085,3800.789623986308,697,782,4.733169781405351,4.984577359562683,0.25140757815733217,4.860344787706277,4.860344787706277,0.0,0.25140757815733217,
oth,ud23_oth,HESIODIC_TRADITION,c4c0c7eaeca0d61d2e53f4f0642bfa382e91dd28b470d2f4da2ba8539fe0e7f7,2,tlg0020.tlg001.perseus-grc1.tb.xml,4_7,944,4303.330102736189,4604.997337956264,4703.109116073657,4703.109116073657,821,944,4.558612396966302,4.87817514614011,0.31956274917380867,4.982107114484806,4.982107114484806,0.0,0.31956274917380867,
oth,ud23_oth,HESIODIC_TRADITION,c4c0c7eaeca0d61d2e53f4f0642bfa382e91dd28b470d2f4da2ba8539fe0e7f7,2,tlg0020.tlg001.perseus-grc1.tb.xml,ge8,2011,9608.946335355478,10096.599006113143,10024.562620328576,10024.562620328576,1726,2011,4.778193105596956,5.020685731533139,0.24249262593618326,4.9848645551111765,4.9848645551111765,0.0,0.24249262593618326,
oth,ud23_oth,HESIODIC_TRADITION,c4c0c7eaeca0d61d2e53f4f0642bfa382e91dd28b470d2f4da2ba8539fe0e7f7,2,tlg0020.tlg002.perseus-grc1.tb.xml,4_7,889,4133.524040748166,4341.875313879171,4277.860950795068,4277.860950795068,744,889,4.649633341673978,4.8839992282105404,0.23436588653656276,4.811992070635622,4.811992070635622,0.0,0.23436588653656276,
oth,ud23_oth,HESIODIC_TRADITION,c4c0c7eaeca0d61d2e53f4f0642bfa382e91dd28b470d2f4da2ba8539fe0e7f7,2,tlg0020.tlg002.perseus-grc1.tb.xml,ge8,1195,5581.217800257248,5846.687499177941,5716.352608580965,5716.352608580965,1066,1195,4.670475146658785,4.8926255223246375,0.22215037566585227,4.78355866826859,4.78355866826859,0.0,0.22215037566585227,
oth,ud23_oth,HESIODIC_TRADITION,c4c0c7eaeca0d61d2e53f4f0642bfa382e91dd28b470d2f4da2ba8539fe0e7f7,2,tlg0020.tlg003.perseus-grc1.tb.xml,4_7,577,2586.3951134603035,2765.20496074973,2859.934279086086,2859.934279086086,484,577,4.48248719837141,4.79238294757319,0.30989574920177976,4.9565585426102015,4.9565585426102015,0.0,0.30989574920177976,
oth,ud23_oth,HESIODIC_TRADITION,c4c0c7eaeca0d61d2e53f4f0642bfa382e91dd28b470d2f4da2ba8539fe0e7f7,2,tlg0020.tlg003.perseus-grc1.tb.xml,ge8,782,3694.674589666739,3901.2449558137546,3823.380806762773,3823.380806762773,687,782,4.724647812873068,4.988804291321936,0.2641564784488688,4.88923376823884,4.88923376823884,0.0,0.2641564784488688,
oth,ud23_oth,HESIODIC_TRADITION,c4c0c7eaeca0d61d2e53f4f0642bfa382e91dd28b470d2f4da2ba8539fe0e7f7,3,tlg0020.tlg001.perseus-grc1.tb.xml,4_7,944,4302.163754599889,4616.627700112994,4596.571077076191,4596.571077076191,821,944,4.5573768586863235,4.890495445034951,0.33311858634862723,4.869249022326473,4.869249022326473,0.0,0.33311858634862723,
oth,ud23_oth,HESIODIC_TRADITION,c4c0c7eaeca0d61d2e53f4f0642bfa382e91dd28b470d2f4da2ba8539fe0e7f7,3,tlg0020.tlg001.perseus-grc1.tb.xml,ge8,2011,9679.61489383401,10120.713281234159,10057.377154435717,10057.377154435717,1737,2011,4.813334109315768,5.032676917570442,0.219342808254674,5.001182075800953,5.001182075800953,0.0,0.219342808254674,
oth,ud23_oth,HESIODIC_TRADITION,c4c0c7eaeca0d61d2e53f4f0642bfa382e91dd28b470d2f4da2ba8539fe0e7f7,3,tlg0020.tlg002.perseus-grc1.tb.xml,4_7,889,4142.0413522588005,4345.9253584689495,4332.531502071155,4332.531502071155,765,889,4.65921411952621,4.888554958907704,0.22934083938149463,4.873488753735832,4.873488753735832,0.0,0.22934083938149463,
oth,ud23_oth,HESIODIC_TRADITION,c4c0c7eaeca0d61d2e53f4f0642bfa382e91dd28b470d2f4da2ba8539fe0e7f7,3,tlg0020.tlg002.perseus-grc1.tb.xml,ge8,1195,5597.887333345723,5853.017610246059,5749.842953707062,5749.842953707062,1070,1195,4.6844245467328225,4.897922686398376,0.2134981396655533,4.81158406167955,4.81158406167955,0.0,0.2134981396655533,
oth,ud23_oth,HESIODIC_TRADITION,c4c0c7eaeca0d61d2e53f4f0642bfa382e91dd28b470d2f4da2ba8539fe0e7f7,3,tlg0020.tlg003.perseus-grc1.tb.xml,4_7,577,2592.815113739049,2770.1500688048377,2824.524035169262,2824.524035169262,503,577,4.493613715318976,4.800953325484987,0.30733961016601086,4.895188969097507,4.895188969097507,0.0,0.30733961016601086,
oth,ud23_oth,HESIODIC_TRADITION,c4c0c7eaeca0d61d2e53f4f0642bfa382e91dd28b470d2f4da2ba8539fe0e7f7,3,tlg0020.tlg003.perseus-grc1.tb.xml,ge8,782,3706.6701152465535,3904.4899330988774,3836.41578577848,3836.41578577848,707,782,4.739987359650324,4.992953878643066,0.2529665189927419,4.90590253935867,4.90590253935867,0.0,0.2529665189927419,
oth,ud23_oth,HESIODIC_TRADITION,c4c0c7eaeca0d61d2e53f4f0642bfa382e91dd28b470d2f4da2ba8539fe0e7f7,4,tlg0020.tlg001.perseus-grc1.tb.xml,4_7,944,4312.777494181928,4611.515238481923,4671.899556047086,4671.899556047086,818,944,4.568620226887636,4.885079701781698,0.3164594748940619,4.949046139880387,4.949046139880387,0.0,0.3164594748940619,
oth,ud23_oth,HESIODIC_TRADITION,c4c0c7eaeca0d61d2e53f4f0642bfa382e91dd28b470d2f4da2ba8539fe0e7f7,4,tlg0020.tlg001.perseus-grc1.tb.xml,ge8,2011,9740.703908089383,10106.62959066059,9969.049319976706,9969.049319976706,1754,2011,4.843711540571548,5.025673590582094,0.18196205001054544,4.957259731465294,4.957259731465294,0.0,0.18196205001054544,
oth,ud23_oth,HESIODIC_TRADITION,c4c0c7eaeca0d61d2e53f4f0642bfa382e91dd28b470d2f4da2ba8539fe0e7f7,4,tlg0020.tlg002.perseus-grc1.tb.xml,4_7,889,4143.064862745999,4344.196205602454,4376.342043036702,4376.342043036701,764,889,4.660365424911134,4.886609905064628,0.2262444801534933,4.9227694522347605,4.92276945223476,-8.881784197001252e-16,0.2262444801534942,
oth,ud23_oth,HESIODIC_TRADITION,c4c0c7eaeca0d61d2e53f4f0642bfa382e91dd28b470d2f4da2ba8539fe0e7f7,4,tlg0020.tlg002.perseus-grc1.tb.xml,ge8,1195,5584.740227161253,5853.128921115049,5654.221436889694,5654.221436889694,1070,1195,4.673422784235358,4.898015833569079,0.2245930493337207,4.731566055974639,4.731566055974639,0.0,0.2245930493337207,
oth,ud23_oth,HESIODIC_TRADITION,c4c0c7eaeca0d61d2e53f4f0642bfa382e91dd28b470d2f4da2ba8539fe0e7f7,4,tlg0020.tlg003.perseus-grc1.tb.xml,4_7,577,2584.0354393170264,2768.5234179123654,2751.630789967194,2751.630789967194,516,577,4.478397641797272,4.798134173158346,0.31973653136107316,4.768857521606922,4.768857521606922,0.0,0.31973653136107316,
oth,ud23_oth,HESIODIC_TRADITION,c4c0c7eaeca0d61d2e53f4f0642bfa382e91dd28b470d2f4da2ba8539fe0e7f7,4,tlg0020.tlg003.perseus-grc1.tb.xml,ge8,782,3709.413936976853,3905.8945686568745,3933.6187591977514,3933.6187591977514,701,782,4.743496083090605,4.994750087796515,0.25125400470590975,5.03020301687692,5.03020301687692,0.0,0.25125400470590975,
oth,ud23_oth,HESIODIC_TRADITION,c4c0c7eaeca0d61d2e53f4f0642bfa382e91dd28b470d2f4da2ba8539fe0e7f7,5,tlg0020.tlg001.perseus-grc1.tb.xml,4_7,944,4280.818722197713,4599.596594370999,4620.48291477708,4620.48291477708,832,944,4.534765595548425,4.872454019460804,0.33768842391237897,4.894579358874025,4.894579358874025,0.0,0.33768842391237897,
oth,ud23_oth,HESIODIC_TRADITION,c4c0c7eaeca0d61d2e53f4f0642bfa382e91dd28b470d2f4da2ba8539fe0e7f7,5,tlg0020.tlg001.perseus-grc1.tb.xml,ge8,2011,9619.623251620756,10075.615647234941,10017.47917549802,10017.47917549802,1764,2011,4.783502362814897,5.010251440693655,0.22674907787875842,4.98134220561811,4.98134220561811,0.0,0.22674907787875842,
oth,ud23_oth,HESIODIC_TRADITION,c4c0c7eaeca0d61d2e53f4f0642bfa382e91dd28b470d2f4da2ba8539fe0e7f7,5,tlg0020.tlg002.perseus-grc1.tb.xml,4_7,889,4136.210435370576,4338.5357931706485,4265.764437176824,4265.764437176824,765,889,4.652655157897161,4.880242736974858,0.22758757907769667,4.798385193674718,4.798385193674718,0.0,0.22758757907769667,
oth,ud23_oth,HESIODIC_TRADITION,c4c0c7eaeca0d61d2e53f4f0642bfa382e91dd28b470d2f4da2ba8539fe0e7f7,5,tlg0020.tlg002.perseus-grc1.tb.xml,ge8,1195,5577.91540860817,5846.550210854673,5772.533742944237,5772.533742944237,1047,1195,4.667711639002652,4.892510636698471,0.22479899769581912,4.830572169827813,4.830572169827813,0.0,0.22479899769581912,
oth,ud23_oth,HESIODIC_TRADITION,c4c0c7eaeca0d61d2e53f4f0642bfa382e91dd28b470d2f4da2ba8539fe0e7f7,5,tlg0020.tlg003.perseus-grc1.tb.xml,4_7,577,2589.9873434912174,2765.056506136634,2776.144525309467,2776.144525309467,507,577,4.488712900331399,4.792125660548759,0.30341276021735997,4.811342331558868,4.811342331558868,0.0,0.30341276021735997,
oth,ud23_oth,HESIODIC_TRADITION,c4c0c7eaeca0d61d2e53f4f0642bfa382e91dd28b470d2f4da2ba8539fe0e7f7,5,tlg0020.tlg003.perseus-grc1.tb.xml,ge8,782,3711.8158606674488,3899.2761024985257,3813.7013907219684,3813.7013907219684,693,782,4.746567596761444,4.986286576085071,0.2397189793236274,4.876855998365689,4.876855998365689,0.0,0.2397189793236274,
oth,ud23_oth,HESIODIC_TRADITION,c4c0c7eaeca0d61d2e53f4f0642bfa382e91dd28b470d2f4da2ba8539fe0e7f7,6,tlg0020.tlg001.perseus-grc1.tb.xml,4_7,944,4296.940263064883,4602.087765324736,4542.316421087087,4542.316421087087,821,944,4.55184349900941,4.875092971742306,0.32324947273289606,4.811775869795643,4.811775869795643,0.0,0.32324947273289606,
oth,ud23_oth,HESIODIC_TRADITION,c4c0c7eaeca0d61d2e53f4f0642bfa382e91dd28b470d2f4da2ba8539fe0e7f7,6,tlg0020.tlg001.perseus-grc1.tb.xml,ge8,2011,9588.087343416713,10076.301006286496,10020.827000785288,10020.827000785288,1748,2011,4.767820658088868,5.010592245791395,0.24277158770252694,4.983006962101088,4.983006962101088,0.0,0.24277158770252694,
oth,ud23_oth,HESIODIC_TRADITION,c4c0c7eaeca0d61d2e53f4f0642bfa382e91dd28b470d2f4da2ba8539fe0e7f7,6,tlg0020.tlg002.perseus-grc1.tb.xml,4_7,889,4134.887146772971,4343.1086551321305,4259.0158867033,4259.0158867033,762,889,4.651166644289057,4.885386563703184,0.23421991941412745,4.790794023288301,4.790794023288301,0.0,0.23421991941412745,
oth,ud23_oth,HESIODIC_TRADITION,c4c0c7eaeca0d61d2e53f4f0642bfa382e91dd28b470d2f4da2ba8539fe0e7f7,6,tlg0020.tlg002.perseus-grc1.tb.xml,ge8,1195,5587.621010863444,5848.202153969598,5758.457905333781,5758.457905333781,1061,1195,4.675833481894095,4.8938930158741405,0.2180595339800453,4.818793226220738,4.818793226220738,0.0,0.2180595339800453,
oth,ud23_oth,HESIODIC_TRADITION,c4c0c7eaeca0d61d2e53f4f0642bfa382e91dd28b470d2f4da2ba8539fe0e7f7,6,tlg0020.tlg003.perseus-grc1.tb.xml,4_7,577,2593.1418201402143,2766.154242758646,2835.3715047692654,2835.3715047692654,510,577,4.494179930918916,4.794028150361605,0.2998482194426888,4.91398874310098,4.91398874310098,0.0,0.2998482194426888,
oth,ud23_oth,HESIODIC_TRADITION,c4c0c7eaeca0d61d2e53f4f0642bfa382e91dd28b470d2f4da2ba8539fe0e7f7,6,tlg0020.tlg003.perseus-grc1.tb.xml,ge8,782,3703.537489574571,3902.270792598838,3817.1001253269687,3817.1001253269687,712,782,4.73598144446876,4.990116103067567,0.25413465859880713,4.881202206300472,4.881202206300472,0.0,0.25413465859880713,
oth,ud23_oth,HESIODIC_TRADITION,c4c0c7eaeca0d61d2e53f4f0642bfa382e91dd28b470d2f4da2ba8539fe0e7f7,7,tlg0020.tlg001.perseus-grc1.tb.xml,4_7,944,4302.069124066649,4605.520810619021,4643.57382567378,4643.57382567378,820,944,4.557276614477383,4.878729672265912,0.3214530577885295,4.919040069569682,4.919040069569682,0.0,0.3214530577885295,
oth,ud23_oth,HESIODIC_TRADITION,c4c0c7eaeca0d61d2e53f4f0642bfa382e91dd28b470d2f4da2ba8539fe0e7f7,7,tlg0020.tlg001.perseus-grc1.tb.xml,ge8,2011,9635.50791678881,10090.62107514302,9978.681236312894,9978.681236312894,1780,2011,4.791401251511094,5.017713115436609,0.22631186392551506,4.962049346749326,4.962049346749326,0.0,0.22631186392551506,
oth,ud23_oth,HESIODIC_TRADITION,c4c0c7eaeca0d61d2e53f4f0642bfa382e91dd28b470d2f4da2ba8539fe0e7f7,7,tlg0020.tlg002.perseus-grc1.tb.xml,4_7,889,4149.453767875554,4345.197435089867,4281.556712735948,4281.556712735948,750,889,4.667552044854392,4.887736147457669,0.2201841026032767,4.816149283167546,4.816149283167546,0.0,0.2201841026032767,
oth,ud23_oth,HESIODIC_TRADITION,c4c0c7eaeca0d61d2e53f4f0642bfa382e91dd28b470d2f4da2ba8539fe0e7f7,7,tlg0020.tlg002.perseus-grc1.tb.xml,ge8,1195,5591.500019549815,5849.573698299099,5743.511094483974,5743.511094483974,1068,1195,4.679079514267627,4.895040751714728,0.21596123744710027,4.806285434714623,4.806285434714623,0.0,0.21596123744710027,
oth,ud23_oth,HESIODIC_TRADITION,c4c0c7eaeca0d61d2e53f4f0642bfa382e91dd28b470d2f4da2ba8539fe0e7f7,7,tlg0020.tlg003.perseus-grc1.tb.xml,4_7,577,2581.3081990237242,2767.5539235896404,2799.6706512000196,2799.6706512000196,514,577,4.473671055500389,4.796453940363328,0.3227828848629395,4.852115513344922,4.852115513344922,0.0,0.3227828848629395,
oth,ud23_oth,HESIODIC_TRADITION,c4c0c7eaeca0d61d2e53f4f0642bfa382e91dd28b470d2f4da2ba8539fe0e7f7,7,tlg0020.tlg003.perseus-grc1.tb.xml,ge8,782,3696.9618517688796,3901.6245364387555,3798.975708652645,3798.9757086526447,696,782,4.727572700471713,4.989289688540608,0.261716988068895,4.85802520288062,4.8580252028806195,-8.881784197001252e-16,0.2617169880688959,
oth,ud23_oth,HESIODIC_TRADITION,c4c0c7eaeca0d61d2e53f4f0642bfa382e91dd28b470d2f4da2ba8539fe0e7f7,8,tlg0020.tlg001.perseus-grc1.tb.xml,4_7,944,4305.103753738442,4610.685067453589,4632.671461672021,4632.671461672021,820,944,4.560491264553434,4.88420028331948,0.32370901876604563,4.907490955161039,4.907490955161039,0.0,0.32370901876604563,
oth,ud23_oth,HESIODIC_TRADITION,c4c0c7eaeca0d61d2e53f4f0642bfa382e91dd28b470d2f4da2ba8539fe0e7f7,8,tlg0020.tlg001.perseus-grc1.tb.xml,ge8,2011,9622.073853897604,10103.597655107664,10038.818144435721,10038.818144435721,1762,2011,4.784720961659674,5.024165915021215,0.23944495336154148,4.991953328908862,4.991953328908862,0.0,0.23944495336154148,
oth,ud23_oth,HESIODIC_TRADITION,c4c0c7eaeca0d61d2e53f4f0642bfa382e91dd28b470d2f4da2ba8539fe0e7f7,8,tlg0020.tlg002.perseus-grc1.tb.xml,4_7,889,4148.882473806368,4341.381633660902,4284.788943777485,4284.788943777485,760,889,4.666909419354744,4.883443907380092,0.21653448802534747,4.819785088613593,4.819785088613593,0.0,0.21653448802534747,
oth,ud23_oth,HESIODIC_TRADITION,c4c0c7eaeca0d61d2e53f4f0642bfa382e91dd28b470d2f4da2ba8539fe0e7f7,8,tlg0020.tlg002.perseus-grc1.tb.xml,ge8,1195,5591.991873786516,5850.606808008753,5759.825287735878,5759.825287735877,1083,1195,4.679491107771144,4.895905278668413,0.2164141708972691,4.819937479276885,4.819937479276884,-8.881784197001252e-16,0.21641417089727,
oth,ud23_oth,HESIODIC_TRADITION,c4c0c7eaeca0d61d2e53f4f0642bfa382e91dd28b470d2f4da2ba8539fe0e7f7,8,tlg0020.tlg003.perseus-grc1.tb.xml,4_7,577,2583.1594106602597,2766.148764009892,2836.037647578321,2836.037647578321,514,577,4.476879394558509,4.794018655129796,0.3171392605712873,4.915143236704195,4.915143236704195,0.0,0.3171392605712873,
oth,ud23_oth,HESIODIC_TRADITION,c4c0c7eaeca0d61d2e53f4f0642bfa382e91dd28b470d2f4da2ba8539fe0e7f7,8,tlg0020.tlg003.perseus-grc1.tb.xml,ge8,782,3695.7045806080005,3906.240249889102,3854.97398247547,3854.97398247547,706,782,4.725964936838875,4.995192135408058,0.2692271985691832,4.92963424868986,4.92963424868986,0.0,0.2692271985691832,
oth,ud23_oth,HESIODIC_TRADITION,c4c0c7eaeca0d61d2e53f4f0642bfa382e91dd28b470d2f4da2ba8539fe0e7f7,9,tlg0020.tlg001.perseus-grc1.tb.xml,4_7,944,4275.122537478654,4595.171755094003,4578.361649942999,4578.361649942999,830,944,4.52873150156637,4.8677666897182235,0.3390351881518532,4.849959374939617,4.849959374939617,0.0,0.3390351881518532,
oth,ud23_oth,HESIODIC_TRADITION,c4c0c7eaeca0d61d2e53f4f0642bfa382e91dd28b470d2f4da2ba8539fe0e7f7,9,tlg0020.tlg001.perseus-grc1.tb.xml,ge8,2011,9561.724804803343,10059.386992952232,9907.809984324282,9907.809984324282,1725,2011,4.754711489211011,5.002181498235819,0.2474700090248083,4.926807550633656,4.926807550633656,0.0,0.2474700090248083,
oth,ud23_oth,HESIODIC_TRADITION,c4c0c7eaeca0d61d2e53f4f0642bfa382e91dd28b470d2f4da2ba8539fe0e7f7,9,tlg0020.tlg002.perseus-grc1.tb.xml,4_7,889,4140.995625847351,4343.0146261763775,4319.893155257139,4319.893155257139,758,889,4.6580378243502265,4.885280794349131,0.2272429699989047,4.8592723906154545,4.8592723906154545,0.0,0.2272429699989047,
oth,ud23_oth,HESIODIC_TRADITION,c4c0c7eaeca0d61d2e53f4f0642bfa382e91dd28b470d2f4da2ba8539fe0e7f7,9,tlg0020.tlg002.perseus-grc1.tb.xml,ge8,1195,5595.11889869281,5845.8597392538095,5698.358705199048,5698.358705199048,1044,1195,4.6821078650149035,4.891932836195656,0.20982497118075294,4.768501008534768,4.768501008534768,0.0,0.20982497118075294,
oth,ud23_oth,HESIODIC_TRADITION,c4c0c7eaeca0d61d2e53f4f0642bfa382e91dd28b470d2f4da2ba8539fe0e7f7,9,tlg0020.tlg003.perseus-grc1.tb.xml,4_7,577,2592.6396235513107,2764.574160470834,2772.7213255887596,2772.7213255887596,507,577,4.493309572879221,4.79128970618862,0.297980133309399,4.805409576410328,4.805409576410328,0.0,0.297980133309399,
oth,ud23_oth,HESIODIC_TRADITION,c4c0c7eaeca0d61d2e53f4f0642bfa382e91dd28b470d2f4da2ba8539fe0e7f7,9,tlg0020.tlg003.perseus-grc1.tb.xml,ge8,782,3687.6784157028055,3898.238873941359,3861.6039910676304,3861.6039910676304,713,782,4.715701298852692,4.984960196855958,0.2692588980032662,4.938112520546842,4.938112520546842,0.0,0.2692588980032662,
oth,ud23_oth,DIODORUS,d91dad02f8da03cf6702fa7edec531da5e56f526f466e2f04180f2a23a1cf315,0,tlg0060.tlg001.perseus-grc3.11.tb.xml,4_7,2898,11339.89597908714,12675.253586751163,12688.029403299272,12688.029403299272,2555,2898,3.913007584226066,4.373793508195709,0.4607859239696426,4.378202002518727,4.378202002518727,0.0,0.4607859239696426,
oth,ud23_oth,DIODORUS,d91dad02f8da03cf6702fa7edec531da5e56f526f466e2f04180f2a23a1cf315,0,tlg0060.tlg001.perseus-grc3.11.tb.xml,ge8,9436,38598.39534360839,43067.33212799061,41642.59047899539,41642.59047899539,8445,9436,4.090546348411232,4.564151348875647,0.4736050004644152,4.413161347922361,4.413161347922361,0.0,0.4736050004644152,
oth,ud23_oth,DIODORUS,d91dad02f8da03cf6702fa7edec531da5e56f526f466e2f04180f2a23a1cf315,1,tlg0060.tlg001.perseus-grc3.11.tb.xml,4_7,2898,11274.43859202142,12689.58275214769,12677.810184066057,12677.810184066057,2514,2898,3.890420494141277,4.378738009712798,0.4883175155715209,4.374675701886148,4.374675701886148,0.0,0.4883175155715209,
oth,ud23_oth,DIODORUS,d91dad02f8da03cf6702fa7edec531da5e56f526f466e2f04180f2a23a1cf315,1,tlg0060.tlg001.perseus-grc3.11.tb.xml,ge8,9436,38128.12646780769,43120.608612139295,41822.33718662548,41822.33718662548,8446,9436,4.040708612527309,4.569797436640451,0.529088824113142,4.4322103843392835,4.4322103843392835,0.0,0.529088824113142,
oth,ud23_oth,DIODORUS,d91dad02f8da03cf6702fa7edec531da5e56f526f466e2f04180f2a23a1cf315,2,tlg0060.tlg001.perseus-grc3.11.tb.xml,4_7,2898,11333.959701759533,12683.163364581984,12708.923083531143,12708.923083531143,2556,2898,3.910959179351116,4.37652290013181,0.46556372078069375,4.385411692039732,4.385411692039732,0.0,0.46556372078069375,
oth,ud23_oth,DIODORUS,d91dad02f8da03cf6702fa7edec531da5e56f526f466e2f04180f2a23a1cf315,2,tlg0060.tlg001.perseus-grc3.11.tb.xml,ge8,9436,38583.09398961047,43105.20298150915,41667.19615029589,41667.19615029589,8356,9436,4.088924755151597,4.568164792444802,0.47924003729320486,4.415768985830424,4.415768985830424,0.0,0.47924003729320486,
oth,ud23_oth,DIODORUS,d91dad02f8da03cf6702fa7edec531da5e56f526f466e2f04180f2a23a1cf315,3,tlg0060.tlg001.perseus-grc3.11.tb.xml,4_7,2898,11350.483205140943,12698.488991399186,12635.003916915457,12635.003916915457,2585,2898,3.9166608713391797,4.381811246169492,0.4651503748303121,4.3599047332351475,4.3599047332351475,0.0,0.4651503748303121,
oth,ud23_oth,DIODORUS,d91dad02f8da03cf6702fa7edec531da5e56f526f466e2f04180f2a23a1cf315,3,tlg0060.tlg001.perseus-grc3.11.tb.xml,ge8,9436,38631.2854165262,43126.94678262953,41808.16233369601,41808.16233369601,8418,9436,4.094031943252035,4.570469137625003,0.47643719437296816,4.430708174406106,4.430708174406106,0.0,0.47643719437296816,
oth,ud23_oth,DIODORUS,d91dad02f8da03cf6702fa7edec531da5e56f526f466e2f04180f2a23a1cf315,4,tlg0060.tlg001.perseus-grc3.11.tb.xml,4_7,2898,11323.963701141343,12680.512050316729,12649.126490455901,12649.1264904559,2558,2898,3.907509903775481,4.375608022883619,0.46809811910813837,4.364777947017219,4.3647779470172186,-8.881784197001252e-16,0.46809811910813925,
oth,ud23_oth,DIODORUS,d91dad02f8da03cf6702fa7edec531da5e56f526f466e2f04180f2a23a1cf315,4,tlg0060.tlg001.perseus-grc3.11.tb.xml,ge8,9436,38626.00580919484,43101.96404815409,41572.675570971005,41572.675570971005,8462,9436,4.093472425730695,4.567821539651769,0.4743491139210736,4.405751968097817,4.405751968097817,0.0,0.4743491139210736,
oth,ud23_oth,DIODORUS,d91dad02f8da03cf6702fa7edec531da5e56f526f466e2f04180f2a23a1cf315,5,tlg0060.tlg001.perseus-grc3.11.tb.xml,4_7,2898,11257.191259260273,12676.984529593014,12651.003788261614,12651.003788261614,2522,2898,3.884469033561171,4.374390796961012,0.48992176339984095,4.365425737840447,4.365425737840447,0.0,0.48992176339984095,
oth,ud23_oth,DIODORUS,d91dad02f8da03cf6702fa7edec531da5e56f526f466e2f04180f2a23a1cf315,5,tlg0060.tlg001.perseus-grc3.11.tb.xml,ge8,9436,38054.29125330804,43076.34537348734,41763.17645540017,41763.17645540017,8469,9436,4.032883769956341,4.565106546575597,0.532222776619256,4.425940701080985,4.425940701080985,0.0,0.532222776619256,
oth,ud23_oth,DIODORUS,d91dad02f8da03cf6702fa7edec531da5e56f526f466e2f04180f2a23a1cf315,6,tlg0060.tlg001.perseus-grc3.11.tb.xml,4_7,2898,11258.415050914375,12679.114048153713,12580.927935972702,12580.927935972702,2544,2898,3.8848913219166232,4.375125620480922,0.4902342985642991,4.341244974455729,4.341244974455729,0.0,0.4902342985642991,
oth,ud23_oth,DIODORUS,d91dad02f8da03cf6702fa7edec531da5e56f526f466e2f04180f2a23a1cf315,6,tlg0060.tlg001.perseus-grc3.11.tb.xml,ge8,9436,38015.88692881966,43074.53232324759,41746.93243744907,41746.93243744907,8488,9436,4.0288137906760975,4.564914404752818,0.5361006140767204,4.424219207020885,4.424219207020885,0.0,0.5361006140767204,
oth,ud23_oth,DIODORUS,d91dad02f8da03cf6702fa7edec531da5e56f526f466e2f04180f2a23a1cf315,7,tlg0060.tlg001.perseus-grc3.11.tb.xml,4_7,2898,11254.478361069423,12687.110107710017,12705.273218982496,12705.273218982496,2565,2898,3.883532905821057,4.377884785269157,0.4943518794481001,4.384152249476362,4.384152249476362,0.0,0.4943518794481001,
oth,ud23_oth,DIODORUS,d91dad02f8da03cf6702fa7edec531da5e56f526f466e2f04180f2a23a1cf315,7,tlg0060.tlg001.perseus-grc3.11.tb.xml,ge8,9436,38047.64081061485,43092.88814610215,41600.426036176905,41600.426036176905,8483,9436,4.0321789752665165,4.566859701791241,0.5346807265247246,4.408692882172203,4.408692882172203,0.0,0.5346807265247246,
oth,ud23_oth,DIODORUS,d91dad02f8da03cf6702fa7edec531da5e56f526f466e2f04180f2a23a1cf315,8,tlg0060.tlg001.perseus-grc3.11.tb.xml,4_7,2898,11303.469639910936,12667.705357632665,12694.366877252634,12694.366877252634,2564,2898,3.900438109009985,4.3711888742693805,0.47075076525939563,4.380388846533,4.380388846533,0.0,0.47075076525939563,
oth,ud23_oth,DIODORUS,d91dad02f8da03cf6702fa7edec531da5e56f526f466e2f04180f2a23a1cf315,8,tlg0060.tlg001.perseus-grc3.11.tb.xml,ge8,9436,38564.49154106647,43054.26908651591,41653.11752281702,41653.11752281702,8392,9436,4.086953321435615,4.562766965506137,0.47581364407052185,4.414276973592308,4.414276973592308,0.0,0.47581364407052185,
oth,ud23_oth,DIODORUS,d91dad02f8da03cf6702fa7edec531da5e56f526f466e2f04180f2a23a1cf315,9,tlg0060.tlg001.perseus-grc3.11.tb.xml,4_7,2898,11279.246595001663,12680.493628210103,12672.25769509123,12672.25769509123,2553,2898,3.892079570393949,4.375601666049035,0.4835220956550863,4.372759729155014,4.372759729155014,0.0,0.4835220956550863,
oth,ud23_oth,DIODORUS,d91dad02f8da03cf6702fa7edec531da5e56f526f466e2f04180f2a23a1cf315,9,tlg0060.tlg001.perseus-grc3.11.tb.xml,ge8,9436,38079.68786683344,43076.68787463897,41631.59459510689,41631.59459510689,8429,9436,4.035575229634744,4.5651428438574575,0.5295676142227137,4.411996035937568,4.411996035937568,0.0,0.5295676142227137,
oth,ud23_oth,PLUTARCH,ef8134329970f595ef9ccf4198217affef5c01fa243d5bf4e59ee6daebb04e1d,0,tlg0007.tlg004.perseus-grc1.tb.xml,4_7,926,3894.7401181433283,4364.9975144971,4278.966847376113,4278.966847376113,809,926,4.205982848966877,4.7138202100400655,0.5078373610731886,4.620914522004441,4.620914522004441,0.0,0.5078373610731886,
oth,ud23_oth,PLUTARCH,ef8134329970f595ef9ccf4198217affef5c01fa243d5bf4e59ee6daebb04e1d,0,tlg0007.tlg004.perseus-grc1.tb.xml,ge8,2571,11275.870852966329,12697.888051413083,12134.48308477931,12134.48308477931,2353,2571,4.385791852573446,4.938890724003533,0.5530988714300875,4.719752269459086,4.719752269459086,0.0,0.5530988714300875,
oth,ud23_oth,PLUTARCH,ef8134329970f595ef9ccf4198217affef5c01fa243d5bf4e59ee6daebb04e1d,0,tlg0007.tlg015.perseus-grc1.tb.xml,4_7,916,3808.097579977816,4233.373018235324,4193.560834117718,4193.560834117717,804,916,4.157311768534734,4.621586264449044,0.46427449591431014,4.57812318135122,4.578123181351219,-8.881784197001252e-16,0.464274495914311,
oth,ud23_oth,PLUTARCH,ef8134329970f595ef9ccf4198217affef5c01fa243d5bf4e59ee6daebb04e1d,0,tlg0007.tlg015.perseus-grc1.tb.xml,ge8,2495,10401.41675272336,11771.56116161665,11465.86564599077,11465.86564599077,2259,2495,4.168904510109563,4.7180605858182965,0.5491560757087335,4.595537333062433,4.595537333062433,0.0,0.5491560757087335,
oth,ud23_oth,PLUTARCH,ef8134329970f595ef9ccf4198217affef5c01fa243d5bf4e59ee6daebb04e1d,1,tlg0007.tlg004.perseus-grc1.tb.xml,4_7,926,3888.28991155133,4360.88941537293,4332.113837118319,4332.113837118319,826,926,4.199017183100788,4.709383817897332,0.5103666347965437,4.6783086793934325,4.6783086793934325,0.0,0.5103666347965437,
oth,ud23_oth,PLUTARCH,ef8134329970f595ef9ccf4198217affef5c01fa243d5bf4e59ee6daebb04e1d,1,tlg0007.tlg004.perseus-grc1.tb.xml,ge8,2571,11256.015732219465,12689.378994053926,12161.949355168896,12161.949355168896,2336,2571,4.378069129606948,4.935581094536728,0.5575119649297795,4.730435377350796,4.730435377350796,0.0,0.5575119649297795,
oth,ud23_oth,PLUTARCH,ef8134329970f595ef9ccf4198217affef5c01fa243d5bf4e59ee6daebb04e1d,1,tlg0007.tlg015.perseus-grc1.tb.xml,4_7,916,3795.2102096131266,4230.956331245247,4206.879094988313,4206.879094988313,810,916,4.143242586913893,4.618947959874724,0.4757053729608307,4.59266276745449,4.59266276745449,0.0,0.4757053729608307,
oth,ud23_oth,PLUTARCH,ef8134329970f595ef9ccf4198217affef5c01fa243d5bf4e59ee6daebb04e1d,1,tlg0007.tlg015.perseus-grc1.tb.xml,ge8,2495,10384.866557489322,11765.211415344425,11378.391889236236,11378.391889236236,2264,2495,4.1622711653263815,4.715515597332435,0.5532444320060534,4.560477711116728,4.560477711116728,0.0,0.5532444320060534,
oth,ud23_oth,PLUTARCH,ef8134329970f595ef9ccf4198217affef5c01fa243d5bf4e59ee6daebb04e1d,2,tlg0007.tlg004.perseus-grc1.tb.xml,4_7,926,3892.944567102904,4364.8184021498855,4322.613994224898,4322.613994224898,822,926,4.204043808966419,4.713626784179142,0.509582975212723,4.6680496697893075,4.6680496697893075,0.0,0.509582975212723,
oth,ud23_oth,PLUTARCH,ef8134329970f595ef9ccf4198217affef5c01fa243d5bf4e59ee6daebb04e1d,2,tlg0007.tlg004.perseus-grc1.tb.xml,ge8,2571,11251.385018269293,12693.13989870468,12164.622289848443,12164.622289848443,2309,2571,4.376267996215206,4.937043912370548,0.5607759161553423,4.731475025223043,4.731475025223043,0.0,0.5607759161553423,
oth,ud23_oth,PLUTARCH,ef8134329970f595ef9ccf4198217affef5c01fa243d5bf4e59ee6daebb04e1d,2,tlg0007.tlg015.perseus-grc1.tb.xml,4_7,916,3798.0544656770417,4230.781260592229,4108.202065756898,4108.202065756898,825,916,4.146347669953102,4.618756834707674,0.4724091647545716,4.484936753009714,4.484936753009714,0.0,0.4724091647545716,
oth,ud23_oth,PLUTARCH,ef8134329970f595ef9ccf4198217affef5c01fa243d5bf4e59ee6daebb04e1d,2,tlg0007.tlg015.perseus-grc1.tb.xml,ge8,2495,10397.305397715818,11773.228689343063,11510.5130928179,11510.5130928179,2263,2495,4.16725667243119,4.718728933604434,0.5514722611732443,4.61343210132982,4.61343210132982,0.0,0.5514722611732443,
oth,ud23_oth,PLUTARCH,ef8134329970f595ef9ccf4198217affef5c01fa243d5bf4e59ee6daebb04e1d,3,tlg0007.tlg004.perseus-grc1.tb.xml,4_7,926,3887.173605014234,4364.0811811832,4223.932901315386,4223.932901315386,822,926,4.1978116684818945,4.712830649225918,0.5150189807440233,4.561482614811432,4.561482614811432,0.0,0.5150189807440233,
oth,ud23_oth,PLUTARCH,ef8134329970f595ef9ccf4198217affef5c01fa243d5bf4e59ee6daebb04e1d,3,tlg0007.tlg004.perseus-grc1.tb.xml,ge8,2571,11235.990671881824,12674.597508994319,12199.81071357134,12199.81071357134,2353,2571,4.370280308005377,4.929831781016849,0.5595514730114717,4.745161693337744,4.745161693337744,0.0,0.5595514730114717,
oth,ud23_oth,PLUTARCH,ef8134329970f595ef9ccf4198217affef5c01fa243d5bf4e59ee6daebb04e1d,3,tlg0007.tlg015.perseus-grc1.tb.xml,4_7,916,3793.853075425631,4228.22938510646,4168.071523925613,4168.071523925613,803,916,4.141760999372959,4.615970944439367,0.47420994506640746,4.550296423499578,4.550296423499578,0.0,0.47420994506640746,
oth,ud23_oth,PLUTARCH,ef8134329970f595ef9ccf4198217affef5c01fa243d5bf4e59ee6daebb04e1d,3,tlg0007.tlg015.perseus-grc1.tb.xml,ge8,2495,10390.084192941036,11757.702853079521,11434.832142634259,11434.832142634259,2293,2495,4.164362401980375,4.712506153538886,0.548143751558511,4.583099055164031,4.583099055164031,0.0,0.548143751558511,
oth,ud23_oth,PLUTARCH,ef8134329970f595ef9ccf4198217affef5c01fa243d5bf4e59ee6daebb04e1d,4,tlg0007.tlg004.perseus-grc1.tb.xml,4_7,926,3881.419979737612,4364.085102680522,4285.801630458506,4285.801630458506,830,926,4.1915982502566,4.712834884104236,0.5212366338476357,4.628295497255406,4.628295497255406,0.0,0.5212366338476357,
oth,ud23_oth,PLUTARCH,ef8134329970f595ef9ccf4198217affef5c01fa243d5bf4e59ee6daebb04e1d,4,tlg0007.tlg004.perseus-grc1.tb.xml,ge8,2571,11248.193130579804,12686.694199872321,12158.34282776697,12158.34282776697,2344,2571,4.375026499642087,4.934536833867103,0.5595103342250161,4.729032605121342,4.729032605121342,0.0,0.5595103342250161,
oth,ud23_oth,PLUTARCH,ef8134329970f595ef9ccf4198217affef5c01fa243d5bf4e59ee6daebb04e1d,4,tlg0007.tlg015.perseus-grc1.tb.xml,4_7,916,3813.8719808332376,4229.938183577025,4207.442198427668,4207.442198427668,824,916,4.163615699599604,4.617836444953084,0.45422074535347967,4.593277509200511,4.593277509200511,0.0,0.45422074535347967,
oth,ud23_oth,PLUTARCH,ef8134329970f595ef9ccf4198217affef5c01fa243d5bf4e59ee6daebb04e1d,4,tlg0007.tlg015.perseus-grc1.tb.xml,ge8,2495,10403.002097160428,11763.638050839523,11409.99826764531,11409.99826764531,2263,2495,4.169539918701575,4.714884990316442,0.5453450716148671,4.573145598254633,4.573145598254633,0.0,0.5453450716148671,
oth,ud23_oth,PLUTARCH,ef8134329970f595ef9ccf4198217affef5c01fa243d5bf4e59ee6daebb04e1d,5,tlg0007.tlg004.perseus-grc1.tb.xml,4_7,926,3889.4263388693307,4366.016502987784,4318.855901070982,4318.855901070982,816,926,4.200244426424764,4.714920629576441,0.5146762031516774,4.663991253856352,4.663991253856352,0.0,0.5146762031516774,
oth,ud23_oth,PLUTARCH,ef8134329970f595ef9ccf4198217affef5c01fa243d5bf4e59ee6daebb04e1d,5,tlg0007.tlg004.perseus-grc1.tb.xml,ge8,2571,11252.176361701931,12700.169885046225,12130.59371178561,12130.593711785608,2349,2571,4.3765757921827815,4.939778251671033,0.5632024594882514,4.718239483386079,4.718239483386078,-8.881784197001252e-16,0.5632024594882523,
oth,ud23_oth,PLUTARCH,ef8134329970f595ef9ccf4198217affef5c01fa243d5bf4e59ee6daebb04e1d,5,tlg0007.tlg015.perseus-grc1.tb.xml,4_7,916,3787.351648762744,4233.096511055775,4118.1975367687455,4118.1975367687455,803,916,4.13466337201173,4.621284400715912,0.48662102870418256,4.49584883926719,4.49584883926719,0.0,0.48662102870418256,
oth,ud23_oth,PLUTARCH,ef8134329970f595ef9ccf4198217affef5c01fa243d5bf4e59ee6daebb04e1d,5,tlg0007.tlg015.perseus-grc1.tb.xml,ge8,2495,10397.193031058494,11766.853498324714,11440.009925028335,11440.009925028335,2273,2495,4.1672116356947875,4.716173746823532,0.5489621111287448,4.585174318648631,4.585174318648631,0.0,0.5489621111287448,
oth,ud23_oth,PLUTARCH,ef8134329970f595ef9ccf4198217affef5c01fa243d5bf4e59ee6daebb04e1d,6,tlg0007.tlg004.perseus-grc1.tb.xml,4_7,926,3893.5414887660986,4365.841962964638,4335.825124638783,4335.825124638783,807,926,4.204688432792763,4.714732141430495,0.5100437086377312,4.682316549285942,4.682316549285942,0.0,0.5100437086377312,
oth,ud23_oth,PLUTARCH,ef8134329970f595ef9ccf4198217affef5c01fa243d5bf4e59ee6daebb04e1d,6,tlg0007.tlg004.perseus-grc1.tb.xml,ge8,2571,11255.211299669018,12681.663250223379,12197.348461462365,12197.348461462365,2354,2571,4.377756242578381,4.932580027313644,0.5548237847352633,4.744203991233903,4.744203991233903,0.0,0.5548237847352633,
oth,ud23_oth,PLUTARCH,ef8134329970f595ef9ccf4198217affef5c01fa243d5bf4e59ee6daebb04e1d,6,tlg0007.tlg015.perseus-grc1.tb.xml,4_7,916,3805.336369464078,4229.95141728828,4117.501633989323,4117.501633989323,805,916,4.154297346576504,4.617850892236113,0.46355354565960916,4.49508912007568,4.49508912007568,0.0,0.46355354565960916,
oth,ud23_oth,PLUTARCH,ef8134329970f595ef9ccf4198217affef5c01fa243d5bf4e59ee6daebb04e1d,6,tlg0007.tlg015.perseus-grc1.tb.xml,ge8,2495,10408.990912851268,11758.991397800306,11512.337315408206,11512.337315408206,2282,2495,4.171940245631771,4.71302260432878,0.5410823586970093,4.61416325266862,4.61416325266862,0.0,0.5410823586970093,
oth,ud23_oth,PLUTARCH,ef8134329970f595ef9ccf4198217affef5c01fa243d5bf4e59ee6daebb04e1d,7,tlg0007.tlg004.perseus-grc1.tb.xml,4_7,926,3887.6785083542013,4360.177017673542,4211.913502860967,4211.913502860967,817,926,4.1983569204689,4.708614489928231,0.5102575694593314,4.5485027028736145,4.5485027028736145,0.0,0.5102575694593314,
oth,ud23_oth,PLUTARCH,ef8134329970f595ef9ccf4198217affef5c01fa243d5bf4e59ee6daebb04e1d,7,tlg0007.tlg004.perseus-grc1.tb.xml,ge8,2571,11234.864038050493,12676.268884247957,12228.839770187979,12228.839770187979,2359,2571,4.36984209959179,4.930481868630088,0.560639769038298,4.7564526527374476,4.7564526527374476,0.0,0.560639769038298,
oth,ud23_oth,PLUTARCH,ef8134329970f595ef9ccf4198217affef5c01fa243d5bf4e59ee6daebb04e1d,7,tlg0007.tlg015.perseus-grc1.tb.xml,4_7,916,3788.928643420364,4231.450472760348,4105.185492825871,4105.185492825871,808,916,4.136384981899961,4.619487415677236,0.48310243377727513,4.481643551119946,4.481643551119946,0.0,0.48310243377727513,
oth,ud23_oth,PLUTARCH,ef8134329970f595ef9ccf4198217affef5c01fa243d5bf4e59ee6daebb04e1d,7,tlg0007.tlg015.perseus-grc1.tb.xml,ge8,2495,10391.39690020876,11763.30938424473,11434.537553369893,11434.537553369893,2259,2495,4.16488853715782,4.714753260218329,0.5498647230605087,4.582980983314586,4.582980983314586,0.0,0.5498647230605087,
oth,ud23_oth,PLUTARCH,ef8134329970f595ef9ccf4198217affef5c01fa243d5bf4e59ee6daebb04e1d,8,tlg0007.tlg004.perseus-grc1.tb.xml,4_7,926,3876.3193848356386,4363.291128116203,4367.323960801099,4367.323960801099,813,926,4.186090048418616,4.711977460168686,0.5258874117500705,4.716332571059502,4.716332571059502,0.0,0.5258874117500705,
oth,ud23_oth,PLUTARCH,ef8134329970f595ef9ccf4198217affef5c01fa243d5bf4e59ee6daebb04e1d,8,tlg0007.tlg004.perseus-grc1.tb.xml,ge8,2571,11252.904134357908,12680.886714929273,12026.911184265007,12026.911184265007,2334,2571,4.376858862060641,4.932277991026555,0.555419128965914,4.677911779177366,4.677911779177366,0.0,0.555419128965914,
oth,ud23_oth,PLUTARCH,ef8134329970f595ef9ccf4198217affef5c01fa243d5bf4e59ee6daebb04e1d,8,tlg0007.tlg015.perseus-grc1.tb.xml,4_7,916,3799.9603826572206,4229.769944668702,4119.867840178324,4119.867840178324,816,916,4.1484283653463105,4.617652778022601,0.4692244126762901,4.497672314605157,4.497672314605157,0.0,0.4692244126762901,
oth,ud23_oth,PLUTARCH,ef8134329970f595ef9ccf4198217affef5c01fa243d5bf4e59ee6daebb04e1d,8,tlg0007.tlg015.perseus-grc1.tb.xml,ge8,2495,10407.621700986969,11765.143859264215,11480.217116425229,11480.217116425229,2225,2495,4.17139146332143,4.71548852074718,0.5440970574257502,4.6012894254209336,4.6012894254209336,0.0,0.5440970574257502,
oth,ud23_oth,PLUTARCH,ef8134329970f595ef9ccf4198217affef5c01fa243d5bf4e59ee6daebb04e1d,9,tlg0007.tlg004.perseus-grc1.tb.xml,4_7,926,3879.2505725678757,4359.894011677216,4345.815262607869,4345.815262607869,833,926,4.189255477935071,4.708308867901962,0.5190533899668903,4.693105035213682,4.693105035213682,0.0,0.5190533899668903,
oth,ud23_oth,PLUTARCH,ef8134329970f595ef9ccf4198217affef5c01fa243d5bf4e59ee6daebb04e1d,9,tlg0007.tlg004.perseus-grc1.tb.xml,ge8,2571,11258.45329431391,12695.040627841714,12141.91793606784,12141.91793606784,2324,2571,4.3790172284379265,4.937783208028671,0.5587659795907447,4.722644082484575,4.722644082484575,0.0,0.5587659795907447,
oth,ud23_oth,PLUTARCH,ef8134329970f595ef9ccf4198217affef5c01fa243d5bf4e59ee6daebb04e1d,9,tlg0007.tlg015.perseus-grc1.tb.xml,4_7,916,3796.8721044430486,4230.821028646553,4168.52747300366,4168.52747300366,808,916,4.145056882579747,4.61880024961414,0.4737433670343929,4.550794184501812,4.550794184501812,0.0,0.4737433670343929,
oth,ud23_oth,PLUTARCH,ef8134329970f595ef9ccf4198217affef5c01fa243d5bf4e59ee6daebb04e1d,9,tlg0007.tlg015.perseus-grc1.tb.xml,ge8,2495,10398.654768647468,11774.163776368358,11442.92890012854,11442.92890012854,2270,2495,4.167797502463915,4.71910371798331,0.5513062155193946,4.586344248548513,4.586344248548513,0.0,0.5513062155193946,
q_half,ud23,THUCYDIDES,1a32cf6857284fff7c7f006f8d0cd4ab15a047af7a4bcd5613d1fd50789dd4ee,0,tlg0003.tlg001.perseus-grc1.1.tb.xml,4_7,1989,8510.959253094994,9249.46196464767,9149.48057175175,9149.48057175175,1754,1989,4.279014204673199,4.650307674533771,0.37129346986057143,4.60004050867358,4.60004050867358,0.0,0.37129346986057143,
q_half,ud23,THUCYDIDES,1a32cf6857284fff7c7f006f8d0cd4ab15a047af7a4bcd5613d1fd50789dd4ee,0,tlg0003.tlg001.perseus-grc1.1.tb.xml,ge8,5238,23217.91844008987,25109.42023754973,24298.61116293125,24298.61116293125,4725,5238,4.432592294786153,4.793703749054931,0.36111145426877744,4.638910111288898,4.638910111288898,0.0,0.36111145426877744,
q_half,ud23,THUCYDIDES,1a32cf6857284fff7c7f006f8d0cd4ab15a047af7a4bcd5613d1fd50789dd4ee,1,tlg0003.tlg001.perseus-grc1.1.tb.xml,4_7,1989,8509.425315359309,9251.732566618675,9150.084014861271,9150.084014861271,1738,1989,4.278242994147465,4.651449254207479,0.37320626006001323,4.600343898874446,4.600343898874446,0.0,0.37320626006001323,
q_half,ud23,THUCYDIDES,1a32cf6857284fff7c7f006f8d0cd4ab15a047af7a4bcd5613d1fd50789dd4ee,1,tlg0003.tlg001.perseus-grc1.1.tb.xml,ge8,5238,23213.57691529768,25108.329039760833,24247.223093532953,24247.223093532953,4737,5238,4.431763443164887,4.793495425689353,0.36173198252446603,4.6290994833014425,4.6290994833014425,0.0,0.36173198252446603,
q_half,ud23,THUCYDIDES,1a32cf6857284fff7c7f006f8d0cd4ab15a047af7a4bcd5613d1fd50789dd4ee,2,tlg0003.tlg001.perseus-grc1.1.tb.xml,4_7,1989,8487.628976964039,9233.72632746281,9112.89614325831,9112.89614325831,1766,1989,4.267284553526415,4.642396343621322,0.37511179009490725,4.581647130848823,4.581647130848823,0.0,0.37511179009490725,
q_half,ud23,THUCYDIDES,1a32cf6857284fff7c7f006f8d0cd4ab15a047af7a4bcd5613d1fd50789dd4ee,2,tlg0003.tlg001.perseus-grc1.1.tb.xml,ge8,5238,23165.416315533774,25079.7877831636,24253.67211725341,24253.67211725341,4723,5238,4.42256897967426,4.788046541268347,0.36547756159408706,4.630330682942613,4.630330682942613,0.0,0.36547756159408706,
q_half,ud23,THUCYDIDES,1a32cf6857284fff7c7f006f8d0cd4ab15a047af7a4bcd5613d1fd50789dd4ee,3,tlg0003.tlg001.perseus-grc1.1.tb.xml,4_7,1989,8495.892048237378,9249.181180468104,9127.749632308927,9127.749632308927,1769,1989,4.271438938279225,4.650166506017146,0.37872756773792116,4.589114948370502,4.589114948370502,0.0,0.37872756773792116,
q_half,ud23,THUCYDIDES,1a32cf6857284fff7c7f006f8d0cd4ab15a047af7a4bcd5613d1fd50789dd4ee,3,tlg0003.tlg001.perseus-grc1.1.tb.xml,ge8,5238,23214.71569761028,25119.36117815227,24257.00805134618,24257.00805134618,4778,5238,4.431980851013799,4.795601599494515,0.3636207484807157,4.630967554667083,4.630967554667083,0.0,0.3636207484807157,
q_half,ud23,THUCYDIDES,1a32cf6857284fff7c7f006f8d0cd4ab15a047af7a4bcd5613d1fd50789dd4ee,4,tlg0003.tlg001.perseus-grc1.1.tb.xml,4_7,1989,8481.725496849573,9255.410294230856,9123.903015265558,9123.903015265558,1773,1989,4.264316489114918,4.6532982876977655,0.3889817985828472,4.587181003150104,4.587181003150104,0.0,0.3889817985828472,
q_half,ud23,THUCYDIDES,1a32cf6857284fff7c7f006f8d0cd4ab15a047af7a4bcd5613d1fd50789dd4ee,4,tlg0003.tlg001.perseus-grc1.1.tb.xml,ge8,5238,23283.40404080587,25140.948357450878,24257.94803440252,24257.94803440252,4727,5238,4.445094318596005,4.799722863201771,0.35462854460576665,4.6311470092406495,4.6311470092406495,0.0,0.35462854460576665,
q_half,ud23,THUCYDIDES,1a32cf6857284fff7c7f006f8d0cd4ab15a047af7a4bcd5613d1fd50789dd4ee,5,tlg0003.tlg001.perseus-grc1.1.tb.xml,4_7,1989,8500.750561804844,9250.209269913883,9130.009984176717,9130.009984176717,1734,1989,4.273881629866689,4.650683393621862,0.37680176375517327,4.590251374648927,4.590251374648927,0.0,0.37680176375517327,
q_half,ud23,THUCYDIDES,1a32cf6857284fff7c7f006f8d0cd4ab15a047af7a4bcd5613d1fd50789dd4ee,5,tlg0003.tlg001.perseus-grc1.1.tb.xml,ge8,5238,23203.98521792075,25097.750860626456,24232.137053872848,24232.137053872848,4712,5238,4.429932267644282,4.791475918409022,0.36154365076474004,4.626219368818795,4.626219368818795,0.0,0.36154365076474004,
q_half,ud23,THUCYDIDES,1a32cf6857284fff7c7f006f8d0cd4ab15a047af7a4bcd5613d1fd50789dd4ee,6,tlg0003.tlg001.perseus-grc1.1.tb.xml,4_7,1989,8506.010176243617,9253.548237598254,9174.955098380275,9174.955098380276,1764,1989,4.2765259810174046,4.6523621104063615,0.37583612938895694,4.612848214369167,4.612848214369168,8.881784197001252e-16,0.37583612938895605,
q_half,ud23,THUCYDIDES,1a32cf6857284fff7c7f006f8d0cd4ab15a047af7a4bcd5613d1fd50789dd4ee,6,tlg0003.tlg001.perseus-grc1.1.tb.xml,ge8,5238,23279.308180904995,25114.063170196467,24151.243238319563,24151.243238319563,4752,5238,4.4443123674885445,4.79459014322193,0.35027777573338525,4.6107757232377935,4.6107757232377935,0.0,0.35027777573338525,
q_half,ud23,THUCYDIDES,1a32cf6857284fff7c7f006f8d0cd4ab15a047af7a4bcd5613d1fd50789dd4ee,7,tlg0003.tlg001.perseus-grc1.1.tb.xml,4_7,1989,8471.926276247414,9247.900760868812,9152.141342698029,9152.14134269803,1750,1989,4.25938978192429,4.6495227555901515,0.3901329736658612,4.601378251733549,4.60137825173355,8.881784197001252e-16,0.3901329736658603,
q_half,ud23,THUCYDIDES,1a32cf6857284fff7c7f006f8d0cd4ab15a047af7a4bcd5613d1fd50789dd4ee,7,tlg0003.tlg001.perseus-grc1.1.tb.xml,ge8,5238,23181.47865928814,25128.772661580653,24140.2695636209,24140.2695636209,4758,5238,4.425635482872879,4.797398369908486,0.3717628870356071,4.608680710886006,4.608680710886006,0.0,0.3717628870356071,
q_half,ud23,THUCYDIDES,1a32cf6857284fff7c7f006f8d0cd4ab15a047af7a4bcd5613d1fd50789dd4ee,8,tlg0003.tlg001.perseus-grc1.1.tb.xml,4_7,1989,8472.402513475357,9246.694323565585,9131.361677632747,9131.361677632747,1746,1989,4.259629217433563,4.648916200887675,0.38928698345411217,4.590930959091376,4.590930959091376,0.0,0.38928698345411217,
q_half,ud23,THUCYDIDES,1a32cf6857284fff7c7f006f8d0cd4ab15a047af7a4bcd5613d1fd50789dd4ee,8,tlg0003.tlg001.perseus-grc1.1.tb.xml,ge8,5238,23196.7450213548,25113.658900092716,24163.951133757397,24163.951133757397,4719,5238,4.428550023168156,4.794512962980663,0.3659629398125075,4.6132018201140506,4.6132018201140506,0.0,0.3659629398125075,
q_half,ud23,THUCYDIDES,1a32cf6857284fff7c7f006f8d0cd4ab15a047af7a4bcd5613d1fd50789dd4ee,9,tlg0003.tlg001.perseus-grc1.1.tb.xml,4_7,1989,8495.330788490986,9257.137632768647,9164.265862298142,9164.265862298143,1755,1989,4.271156756405725,4.654166733418123,0.3830099770123976,4.607474038360051,4.607474038360052,8.881784197001252e-16,0.3830099770123967,
q_half,ud23,THUCYDIDES,1a32cf6857284fff7c7f006f8d0cd4ab15a047af7a4bcd5613d1fd50789dd4ee,9,tlg0003.tlg001.perseus-grc1.1.tb.xml,ge8,5238,23276.76817082552,25146.151476622847,24208.60346894783,24208.60346894783,4714,5238,4.4438274476566475,4.800716204013526,0.3568887563568781,4.621726511826619,4.621726511826619,0.0,0.3568887563568781,
q_half,ud23,HOMERIC_TRADITION,209ee9f27c82f31d31eb16124569039d7847ed327f3a0f2b5c4eae048347e621,0,tlg0012.tlg001.perseus-grc1.tb.xml,4_7,19783,89263.82751663183,93567.36162484344,92901.11567149703,92901.11567149703,17103,19783,4.5121481836239115,4.72968516528552,0.21753698166160884,4.696007464565386,4.696007464565386,0.0,0.21753698166160884,
q_half,ud23,HOMERIC_TRADITION,209ee9f27c82f31d31eb16124569039d7847ed327f3a0f2b5c4eae048347e621,0,tlg0012.tlg001.perseus-grc1.tb.xml,ge8,25732,120175.0819542269,125587.98172610301,121982.53093636072,121982.53093636072,22984,25732,4.670258120403657,4.88061486577425,0.2103567453705928,4.740499414595085,4.740499414595085,0.0,0.2103567453705928,
q_half,ud23,HOMERIC_TRADITION,209ee9f27c82f31d31eb16124569039d7847ed327f3a0f2b5c4eae048347e621,0,tlg0013.tlg002.perseus-grc1.tb.xml,4_7,458,2107.429639793253,2188.9110682430364,2165.143169089446,2165.143169089446,390,458,4.601374759373915,4.779281808390909,0.17790704901699428,4.727386832073027,4.727386832073027,0.0,0.17790704901699428,
q_half,ud23,HOMERIC_TRADITION,209ee9f27c82f31d31eb16124569039d7847ed327f3a0f2b5c4eae048347e621,0,tlg0013.tlg002.perseus-grc1.tb.xml,ge8,661,3031.128474151725,3207.0925957066916,3243.310955343395,3243.310955343395,593,661,4.585670913996559,4.851879872476084,0.26620895847952486,4.906673154831157,4.906673154831157,0.0,0.26620895847952486,
q_half,ud23,HOMERIC_TRADITION,209ee9f27c82f31d31eb16124569039d7847ed327f3a0f2b5c4eae048347e621,1,tlg0012.tlg001.perseus-grc1.tb.xml,4_7,19783,89162.92877605502,93641.07566893555,92916.32146163446,92916.32146163446,17162,19783,4.507047908611183,4.7334112960084695,0.22636338739728679,4.69677609369835,4.69677609369835,0.0,0.22636338739728679,
q_half,ud23,HOMERIC_TRADITION,209ee9f27c82f31d31eb16124569039d7847ed327f3a0f2b5c4eae048347e621,1,tlg0012.tlg001.perseus-grc1.tb.xml,ge8,25732,119917.8469265007,125771.67671440457,122048.26054569868,122048.26054569868,23019,25732,4.660261422606121,4.887753641940175,0.22749221933405384,4.7430538063772225,4.7430538063772225,0.0,0.22749221933405384,
q_half,ud23,HOMERIC_TRADITION,209ee9f27c82f31d31eb16124569039d7847ed327f3a0f2b5c4eae048347e621,1,tlg0013.tlg002.perseus-grc1.tb.xml,4_7,458,2093.830211324672,2186.7450631811967,2194.4576880783793,2194.4576880783793,402,458,4.571681684115004,4.774552539696936,0.2028708555819323,4.791392332048863,4.791392332048863,0.0,0.2028708555819323,
q_half,ud23,HOMERIC_TRADITION,209ee9f27c82f31d31eb16124569039d7847ed327f3a0f2b5c4eae048347e621,1,tlg0013.tlg002.perseus-grc1.tb.xml,ge8,661,3013.9039972564087,3208.8311342078696,3209.2594398947504,3209.2594398947504,591,661,4.5596127038674865,4.8545100366231,0.2948973327556139,4.8551580028664905,4.8551580028664905,0.0,0.2948973327556139,
q_half,ud23,HOMERIC_TRADITION,209ee9f27c82f31d31eb16124569039d7847ed327f3a0f2b5c4eae048347e621,2,tlg0012.tlg001.perseus-grc1.tb.xml,4_7,19783,89654.80436267209,93640.92454627172,93120.94259491889,93120.94259491889,17170,19783,4.5319114574469035,4.733403656991949,0.20149219954504538,4.707119374964307,4.707119374964307,0.0,0.20149219954504538,
q_half,ud23,HOMERIC_TRADITION,209ee9f27c82f31d31eb16124569039d7847ed327f3a0f2b5c4eae048347e621,2,tlg0012.tlg001.perseus-grc1.tb.xml,ge8,25732,120290.93477845543,125561.81410632683,121631.27659152594,121631.27659152594,22991,25732,4.674760406437721,4.87959793666745,0.20483753022972895,4.726848927076245,4.726848927076245,0.0,0.20483753022972895,
q_half,ud23,HOMERIC_TRADITION,209ee9f27c82f31d31eb16124569039d7847ed327f3a0f2b5c4eae048347e621,2,tlg0013.tlg002.perseus-grc1.tb.xml,4_7,458,2093.3295851441094,2187.8771453533664,2184.17245992137,2184.17245992137,387,458,4.5705886138517675,4.777024334832678,0.20643572098091045,4.768935502011725,4.768935502011725,0.0,0.20643572098091045,
q_half,ud23,HOMERIC_TRADITION,209ee9f27c82f31d31eb16124569039d7847ed327f3a0f2b5c4eae048347e621,2,tlg0013.tlg002.perseus-grc1.tb.xml,ge8,661,3016.7315741735188,3201.1711115928038,3164.511973603986,3164.511973603986,591,661,4.563890429914552,4.842921500140399,0.27903107022584717,4.787461382154291,4.787461382154291,0.0,0.27903107022584717,
q_half,ud23,HOMERIC_TRADITION,209ee9f27c82f31d31eb16124569039d7847ed327f3a0f2b5c4eae048347e621,3,tlg0012.tlg001.perseus-grc1.tb.xml,4_7,19783,89116.84429743998,93641.94339091606,93195.03315262408,93195.03315262408,17244,19783,4.504718409616336,4.733455158010214,0.22873674839387803,4.710864537867061,4.710864537867061,0.0,0.22873674839387803,
q_half,ud23,HOMERIC_TRADITION,209ee9f27c82f31d31eb16124569039d7847ed327f3a0f2b5c4eae048347e621,3,tlg0012.tlg001.perseus-grc1.tb.xml,ge8,25732,119747.25983601781,125702.15346214615,121860.23387887853,121860.23387887853,23033,25732,4.653632047101578,4.885051821162216,0.23141977406063852,4.7357466920130005,4.7357466920130005,0.0,0.23141977406063852,
q_half,ud23,HOMERIC_TRADITION,209ee9f27c82f31d31eb16124569039d7847ed327f3a0f2b5c4eae048347e621,3,tlg0013.tlg002.perseus-grc1.tb.xml,4_7,458,2080.62067773329,2187.5215919445554,2181.6956510355926,2181.6956510355926,391,458,4.542839907714607,4.776248017346191,0.23340810963158365,4.763527622348455,4.763527622348455,0.0,0.23340810963158365,
q_half,ud23,HOMERIC_TRADITION,209ee9f27c82f31d31eb16124569039d7847ed327f3a0f2b5c4eae048347e621,3,tlg0013.tlg002.perseus-grc1.tb.xml,ge8,661,3019.6009802331882,3207.1395377177137,3226.187266536491,3226.187266536491,585,661,4.5682314375691195,4.851950889134211,0.2837194515650916,4.880767422899381,4.880767422899381,0.0,0.2837194515650916,
q_half,ud23,HOMERIC_TRADITION,209ee9f27c82f31d31eb16124569039d7847ed327f3a0f2b5c4eae048347e621,4,tlg0012.tlg001.perseus-grc1.tb.xml,4_7,19783,89542.3006200955,93787.85239582043,93696.64397865525,93696.64397865525,17141,19783,4.526224567562831,4.740830632149847,0.2146060645870156,4.736220187972261,4.736220187972261,0.0,0.2146060645870156,
q_half,ud23,HOMERIC_TRADITION,209ee9f27c82f31d31eb16124569039d7847ed327f3a0f2b5c4eae048347e621,4,tlg0012.tlg001.perseus-grc1.tb.xml,ge8,25732,120461.80529117785,125892.02310123174,121889.3231619328,121889.3231619328,22948,25732,4.681400796330555,4.892430557330629,0.21102976100007353,4.736877163140557,4.736877163140557,0.0,0.21102976100007353,
q_half,ud23,HOMERIC_TRADITION,209ee9f27c82f31d31eb16124569039d7847ed327f3a0f2b5c4eae048347e621,4,tlg0013.tlg002.perseus-grc1.tb.xml,4_7,458,2094.321900623076,2186.04388693325,2209.2385343409064,2209.2385343409064,400,458,4.5727552415351,4.773021587190502,0.20026634565540213,4.823664922141717,4.823664922141717,0.0,0.20026634565540213,
q_half,ud23,HOMERIC_TRADITION,209ee9f27c82f31d31eb16124569039d7847ed327f3a0f2b5c4eae048347e621,4,tlg0013.tlg002.perseus-grc1.tb.xml,ge8,661,3023.6382507690923,3208.7149278110824,3208.7378047236575,3208.7378047236575,593,661,4.5743392598624695,4.854334232694527,0.2799949728320579,4.854368842244565,4.854368842244565,0.0,0.2799949728320579,
q_half,ud23,HOMERIC_TRADITION,209ee9f27c82f31d31eb16124569039d7847ed327f3a0f2b5c4eae048347e621,5,tlg0012.tlg001.perseus-grc1.tb.xml,4_7,19783,89212.24136941739,93566.75342240567,93180.48151132026,93180.48151132028,17195,19783,4.509540583805156,4.729654421594585,0.2201138377894294,4.7101289749441575,4.710128974944158,8.881784197001252e-16,0.2201138377894285,
q_half,ud23,HOMERIC_TRADITION,209ee9f27c82f31d31eb16124569039d7847ed327f3a0f2b5c4eae048347e621,5,tlg0012.tlg001.perseus-grc1.tb.xml,ge8,25732,120200.5762952573,125647.99165862986,122069.60385564133,122069.60385564133,22896,25732,4.6712488844729245,4.882946978805762,0.2116980943328377,4.743883252589823,4.743883252589823,0.0,0.2116980943328377,
q_half,ud23,HOMERIC_TRADITION,209ee9f27c82f31d31eb16124569039d7847ed327f3a0f2b5c4eae048347e621,5,tlg0013.tlg002.perseus-grc1.tb.xml,4_7,458,2092.158859523929,2186.9541114122662,2192.13518211632,2192.13518211632,396,458,4.568032444375391,4.775008976882678,0.20697653250728631,4.786321358332576,4.786321358332576,0.0,0.20697653250728631,
q_half,ud23,HOMERIC_TRADITION,209ee9f27c82f31d31eb16124569039d7847ed327f3a0f2b5c4eae048347e621,5,tlg0013.tlg002.perseus-grc1.tb.xml,ge8,661,3012.6989432809505,3210.1219021322313,3237.460349307194,3237.4603493071945,593,661,4.55778962674879,4.856462786886885,0.29867316013809475,4.897822011054757,4.897822011054757,0.0,0.29867316013809475,
q_half,ud23,HOMERIC_TRADITION,209ee9f27c82f31d31eb16124569039d7847ed327f3a0f2b5c4eae048347e621,6,tlg0012.tlg001.perseus-grc1.tb.xml,4_7,19783,89344.25408689368,93665.72314620836,93147.01064974997,93147.01064974998,17240,19783,4.5162136221449565,4.734657187798026,0.21844356565306988,4.708437074748519,4.70843707474852,8.881784197001252e-16,0.218443565653069,
q_half,ud23,HOMERIC_TRADITION,209ee9f27c82f31d31eb16124569039d7847ed327f3a0f2b5c4eae048347e621,6,tlg0012.tlg001.perseus-grc1.tb.xml,ge8,25732,119711.87558163067,125567.92541090288,121558.95991731016,121558.95991731016,22902,25732,4.652256940060262,4.87983543490218,0.22757849484191794,4.724038548006768,4.724038548006768,0.0,0.22757849484191794,
q_half,ud23,HOMERIC_TRADITION,209ee9f27c82f31d31eb16124569039d7847ed327f3a0f2b5c4eae048347e621,6,tlg0013.tlg002.perseus-grc1.tb.xml,4_7,458,2079.156523803801,2189.1602594078117,2195.025062117669,2195.025062117669,391,458,4.539643065073801,4.779825893903519,0.24018282882971764,4.792631139994911,4.792631139994911,0.0,0.24018282882971764,
q_half,ud23,HOMERIC_TRADITION,209ee9f27c82f31d31eb16124569039d7847ed327f3a0f2b5c4eae048347e621,6,tlg0013.tlg002.perseus-grc1.tb.xml,ge8,661,3003.8202883073563,3208.675852529041,3183.202733377841,3183.2027333778415,585,661,4.544357470964231,4.854275117290531,0.3099176463263005,4.8157378719785795,4.81573787197858,8.881784197001252e-16,0.3099176463262996,
q_half,ud23,HOMERIC_TRADITION,209ee9f27c82f31d31eb16124569039d7847ed327f3a0f2b5c4eae048347e621,7,tlg0012.tlg001.perseus-grc1.tb.xml,4_7,19783,89532.79819885049,93665.11781180443,93268.8182854119,93268.8182854119,17231,19783,4.525744234891093,4.734626589081759,0.20888235419066614,4.71459426201344,4.71459426201344,0.0,0.20888235419066614,
q_half,ud23,HOMERIC_TRADITION,209ee9f27c82f31d31eb16124569039d7847ed327f3a0f2b5c4eae048347e621,7,tlg0012.tlg001.perseus-grc1.tb.xml,ge8,25732,120178.15300851558,125889.76913499774,121868.48630414643,121868.48630414644,22958,25732,4.670377468075376,4.89234296343066,0.22196549535528387,4.736067398731013,4.736067398731014,8.881784197001252e-16,0.22196549535528298,
q_half,ud23,HOMERIC_TRADITION,209ee9f27c82f31d31eb16124569039d7847ed327f3a0f2b5c4eae048347e621,7,tlg0013.tlg002.perseus-grc1.tb.xml,4_7,458,2099.812762754671,2187.0080005637064,2158.050284535399,2158.050284535399,400,458,4.584744023481814,4.775126638785386,0.19038261530357126,4.711900184575107,4.711900184575107,0.0,0.19038261530357126,
q_half,ud23,HOMERIC_TRADITION,209ee9f27c82f31d31eb16124569039d7847ed327f3a0f2b5c4eae048347e621,7,tlg0013.tlg002.perseus-grc1.tb.xml,ge8,661,3008.0830423743487,3209.279961047018,3203.0511531902666,3203.051153190267,606,661,4.550806418115505,4.855189048482629,0.3043826303671242,4.845765738563187,4.845765738563188,8.881784197001252e-16,0.3043826303671233,
q_half,ud23,HOMERIC_TRADITION,209ee9f27c82f31d31eb16124569039d7847ed327f3a0f2b5c4eae048347e621,8,tlg0012.tlg001.perseus-grc1.tb.xml,4_7,19783,89614.81025462605,93796.42506482036,93532.17776013662,93532.17776013662,17208,19783,4.529889817248448,4.741263967286072,0.2113741500376234,4.727906675435304,4.727906675435304,0.0,0.2113741500376234,
q_half,ud23,HOMERIC_TRADITION,209ee9f27c82f31d31eb16124569039d7847ed327f3a0f2b5c4eae048347e621,8,tlg0012.tlg001.perseus-grc1.tb.xml,ge8,25732,120173.14495516596,125701.00588066677,121920.84608806047,121920.84608806047,22932,25732,4.670182844519118,4.885007223716259,0.21482437919714048,4.738102210790474,4.738102210790474,0.0,0.21482437919714048,
q_half,ud23,HOMERIC_TRADITION,209ee9f27c82f31d31eb16124569039d7847ed327f3a0f2b5c4eae048347e621,8,tlg0013.tlg002.perseus-grc1.tb.xml,4_7,458,2112.5887351008255,2198.512921925802,2174.391502092439,2174.391502092439,407,458,4.612639159608789,4.800246554423149,0.18760739481435973,4.747579698891789,4.747579698891789,0.0,0.18760739481435973,
q_half,ud23,HOMERIC_TRADITION,209ee9f27c82f31d31eb16124569039d7847ed327f3a0f2b5c4eae048347e621,8,tlg0013.tlg002.perseus-grc1.tb.xml,ge8,661,3036.8900291623027,3213.887274768524,3230.467725083536,3230.467725083536,587,661,4.594387336100307,4.862159265913047,0.26777192981274034,4.8872431544380275,4.8872431544380275,0.0,0.26777192981274034,
q_half,ud23,HOMERIC_TRADITION,209ee9f27c82f31d31eb16124569039d7847ed327f3a0f2b5c4eae048347e621,9,tlg0012.tlg001.perseus-grc1.tb.xml,4_7,19783,89605.5178627611,93629.72408087902,93286.2302390687,93286.2302390687,17200,19783,4.529420101236471,4.732837490819341,0.20341738958286992,4.715474409294278,4.715474409294278,0.0,0.20341738958286992,
q_half,ud23,HOMERIC_TRADITION,209ee9f27c82f31d31eb16124569039d7847ed327f3a0f2b5c4eae048347e621,9,tlg0012.tlg001.perseus-grc1.tb.xml,ge8,25732,120229.96578488681,125659.47793911664,121593.09714886383,121593.09714886383,22992,25732,4.672391022263595,4.883393359984325,0.21100233772073018,4.7253651931005685,4.7253651931005685,0.0,0.21100233772073018,
q_half,ud23,HOMERIC_TRADITION,209ee9f27c82f31d31eb16124569039d7847ed327f3a0f2b5c4eae048347e621,9,tlg0013.tlg002.perseus-grc1.tb.xml,4_7,458,2099.2141359602465,2185.6700258815936,2189.8105378424734,2189.8105378424734,400,458,4.583436978079141,4.772205296684702,0.1887683186055611,4.78124571581326,4.78124571581326,0.0,0.1887683186055611,
q_half,ud23,HOMERIC_TRADITION,209ee9f27c82f31d31eb16124569039d7847ed327f3a0f2b5c4eae048347e621,9,tlg0013.tlg002.perseus-grc1.tb.xml,ge8,661,3010.8083142298874,3202.249000304202,3194.0890562119066,3194.0890562119066,603,661,4.554929370998317,4.844552194106206,0.289622823107889,4.832207346765365,4.832207346765365,0.0,0.289622823107889,
q_half,ud23,ATHENAEUS,4352f04fcfd7cbe580caddf69f309034ffb967d5d1bc8a8e809498de5bf8d329,0,tlg0008.tlg001.perseus-grc1.tb.xml,4_7,5641,23961.215903802222,25999.5555340795,25554.35586115547,25554.35586115547,4892,5641,4.247689399716756,4.609033067555309,0.3613436678385531,4.530110948618236,4.530110948618236,0.0,0.3613436678385531,
q_half,ud23,ATHENAEUS,4352f04fcfd7cbe580caddf69f309034ffb967d5d1bc8a8e809498de5bf8d329,0,tlg0008.tlg001.perseus-grc1.tb.xml,ge8,11050,48027.13014724177,52209.70165745757,50645.63398093977,50645.633980939776,9966,11050,4.346346619659888,4.724859878502947,0.37851325884305886,4.583315292392739,4.58331529239274,8.881784197001252e-16,0.378513258843058,
q_half,ud23,ATHENAEUS,4352f04fcfd7cbe580caddf69f309034ffb967d5d1bc8a8e809498de5bf8d329,1,tlg0008.tlg001.perseus-grc1.tb.xml,4_7,5641,23987.100894120616,25982.98656161002,25627.934896028702,25627.934896028702,4948,5641,4.252278123403761,4.606095827266446,0.35381770386268485,4.543154564089471,4.543154564089471,0.0,0.35381770386268485,
q_half,ud23,ATHENAEUS,4352f04fcfd7cbe580caddf69f309034ffb967d5d1bc8a8e809498de5bf8d329,1,tlg0008.tlg001.perseus-grc1.tb.xml,ge8,11050,48116.54957366848,52190.83660330205,50414.85187176692,50414.85187176692,9920,11050,4.354438875445111,4.723152633782991,0.3687137583378801,4.562430033644065,4.562430033644065,0.0,0.3687137583378801,
q_half,ud23,ATHENAEUS,4352f04fcfd7cbe580caddf69f309034ffb967d5d1bc8a8e809498de5bf8d329,2,tlg0008.tlg001.perseus-grc1.tb.xml,4_7,5641,23970.988360506894,26011.064759639314,25629.035881368934,25629.035881368934,4976,5641,4.2494217976434845,4.6110733486330995,0.361651550989615,4.543349739650583,4.543349739650583,0.0,0.361651550989615,
q_half,ud23,ATHENAEUS,4352f04fcfd7cbe580caddf69f309034ffb967d5d1bc8a8e809498de5bf8d329,2,tlg0008.tlg001.perseus-grc1.tb.xml,ge8,11050,48019.353781659265,52267.59204450787,50449.23415540835,50449.23415540835,9876,11050,4.3456428761682595,4.730098827557273,0.3844559513890138,4.565541552525643,4.565541552525643,0.0,0.3844559513890138,
q_half,ud23,ATHENAEUS,4352f04fcfd7cbe580caddf69f309034ffb967d5d1bc8a8e809498de5bf8d329,3,tlg0008.tlg001.perseus-grc1.tb.xml,4_7,5641,23918.34719545836,25954.76752412282,25465.54094680345,25465.54094680345,4900,5641,4.2400899123308555,4.601093338791495,0.36100342646063943,4.514366414962497,4.514366414962497,0.0,0.36100342646063943,
q_half,ud23,ATHENAEUS,4352f04fcfd7cbe580caddf69f309034ffb967d5d1bc8a8e809498de5bf8d329,3,tlg0008.tlg001.perseus-grc1.tb.xml,ge8,11050,47934.95752934299,52152.80596855545,50492.69960553975,50492.699605539754,9943,11050,4.338005206275383,4.719710947380584,0.3817057411052005,4.5694750774244115,4.569475077424412,8.881784197001252e-16,0.3817057411051996,
q_half,ud23,ATHENAEUS,4352f04fcfd7cbe580caddf69f309034ffb967d5d1bc8a8e809498de5bf8d329,4,tlg0008.tlg001.perseus-grc1.tb.xml,4_7,5641,23939.669613074286,26007.29686247629,25589.911211903982,25589.911211903982,4954,5641,4.243869812635045,4.610405400190798,0.3665355875557532,4.5364139712646665,4.5364139712646665,0.0,0.3665355875557532,
q_half,ud23,ATHENAEUS,4352f04fcfd7cbe580caddf69f309034ffb967d5d1bc8a8e809498de5bf8d329,4,tlg0008.tlg001.perseus-grc1.tb.xml,ge8,11050,48089.55897714455,52257.318035621574,50561.73657392576,50561.736573925766,9909,11050,4.351996287524394,4.7291690529974275,0.37717276547303324,4.57572276687111,4.5757227668711105,8.881784197001252e-16,0.37717276547303236,
q_half,ud23,ATHENAEUS,4352f04fcfd7cbe580caddf69f309034ffb967d5d1bc8a8e809498de5bf8d329,5,tlg0008.tlg001.perseus-grc1.tb.xml,4_7,5641,23968.813283458054,25985.380845287324,25532.260841238734,25532.260841238734,4993,5641,4.2490362140503555,4.606520270393073,0.3574840563427175,4.526194086374532,4.526194086374532,0.0,0.3574840563427175,
q_half,ud23,ATHENAEUS,4352f04fcfd7cbe580caddf69f309034ffb967d5d1bc8a8e809498de5bf8d329,5,tlg0008.tlg001.perseus-grc1.tb.xml,ge8,11050,48108.45951588073,52254.235168633066,50591.91320447205,50591.91320447205,9894,11050,4.353706743518618,4.72889006050978,0.37518331699116203,4.578453683662629,4.578453683662629,0.0,0.37518331699116203,
q_half,ud23,ATHENAEUS,4352f04fcfd7cbe580caddf69f309034ffb967d5d1bc8a8e809498de5bf8d329,6,tlg0008.tlg001.perseus-grc1.tb.xml,4_7,5641,23970.403051388086,25970.107101343398,25521.094144436174,25521.094144436174,4936,5641,4.24931803782806,4.603812639841056,0.35449460201299576,4.524214526579716,4.524214526579716,0.0,0.35449460201299576,
q_half,ud23,ATHENAEUS,4352f04fcfd7cbe580caddf69f309034ffb967d5d1bc8a8e809498de5bf8d329,6,tlg0008.tlg001.perseus-grc1.tb.xml,ge8,11050,48067.778434502165,52200.007375308734,50478.09479079665,50478.09479079665,9920,11050,4.350025197692504,4.723982567901243,0.3739573702087391,4.568153374732728,4.568153374732728,0.0,0.3739573702087391,
q_half,ud23,ATHENAEUS,4352f04fcfd7cbe580caddf69f309034ffb967d5d1bc8a8e809498de5bf8d329,7,tlg0008.tlg001.perseus-grc1.tb.xml,4_7,5641,24003.360494052435,25991.604343256837,25645.82212432514,25645.82212432514,4914,5641,4.2551605201298415,4.607623531866129,0.3524630117362877,4.546325496246258,4.546325496246258,0.0,0.3524630117362877,
q_half,ud23,ATHENAEUS,4352f04fcfd7cbe580caddf69f309034ffb967d5d1bc8a8e809498de5bf8d329,7,tlg0008.tlg001.perseus-grc1.tb.xml,ge8,11050,48103.30054384932,52259.88305353667,50667.52091857014,50667.52091857014,9880,11050,4.3532398682216575,4.729401181315536,0.37616131309387857,4.585296010730329,4.585296010730329,0.0,0.37616131309387857,
q_half,ud23,ATHENAEUS,4352f04fcfd7cbe580caddf69f309034ffb967d5d1bc8a8e809498de5bf8d329,8,tlg0008.tlg001.perseus-grc1.tb.xml,4_7,5641,23965.78478695391,25976.28088591281,25540.840488570393,25540.840488570393,4897,5641,4.248499341775202,4.604907088444036,0.35640774666883424,4.5277150307694365,4.5277150307694365,0.0,0.35640774666883424,
q_half,ud23,ATHENAEUS,4352f04fcfd7cbe580caddf69f309034ffb967d5d1bc8a8e809498de5bf8d329,8,tlg0008.tlg001.perseus-grc1.tb.xml,ge8,11050,48131.696167392074,52240.880937878945,50645.12130126278,50645.12130126278,9908,11050,4.355809607908785,4.727681532839724,0.37187192493093857,4.58326889604188,4.58326889604188,0.0,0.37187192493093857,
q_half,ud23,ATHENAEUS,4352f04fcfd7cbe580caddf69f309034ffb967d5d1bc8a8e809498de5bf8d329,9,tlg0008.tlg001.perseus-grc1.tb.xml,4_7,5641,23928.329440958427,26009.715282067697,25679.416493396828,25679.416493396828,4882,5641,4.24185950025854,4.6108341219761915,0.3689746217176513,4.552280888742568,4.552280888742568,0.0,0.3689746217176513,
q_half,ud23,ATHENAEUS,4352f04fcfd7cbe580caddf69f309034ffb967d5d1bc8a8e809498de5bf8d329,9,tlg0008.tlg001.perseus-grc1.tb.xml,ge8,11050,47945.51409934132,52226.4665305427,50627.18498034206,50627.18498034206,9936,11050,4.33896055197659,4.726377061587574,0.3874165096109845,4.581645699578467,4.581645699578467,0.0,0.3874165096109845,
q_half,ud23,HERODOTUS,89f0804afded8e7a0f4e1b507030d5ef4ecaf17e422c8b2969bd6b23e62818e6,0,tlg0016.tlg001.perseus-grc1.1.tb.xml,4_7,3977,17489.999331503644,18671.738996407243,18509.17078944653,18509.17078944653,3523,3977,4.39778710875123,4.6949306000521105,0.29714349130088014,4.654053505015471,4.654053505015471,0.0,0.29714349130088014,
q_half,ud23,HERODOTUS,89f0804afded8e7a0f4e1b507030d5ef4ecaf17e422c8b2969bd6b23e62818e6,0,tlg0016.tlg001.perseus-grc1.1.tb.xml,ge8,8969,40606.710154592314,43356.383073906065,41700.307424557024,41700.307424557024,8088,8969,4.527451238108186,4.834026432590709,0.306575194482523,4.649382029719815,4.649382029719815,0.0,0.306575194482523,
q_half,ud23,HERODOTUS,89f0804afded8e7a0f4e1b507030d5ef4ecaf17e422c8b2969bd6b23e62818e6,1,tlg0016.tlg001.perseus-grc1.1.tb.xml,4_7,3977,17411.139630953967,18645.85141737813,18362.29497475659,18362.294974756594,3509,3977,4.377958167199891,4.688421276685474,0.31046310948558276,4.617122196317976,4.617122196317977,8.881784197001252e-16,0.31046310948558187,
q_half,ud23,HERODOTUS,89f0804afded8e7a0f4e1b507030d5ef4ecaf17e422c8b2969bd6b23e62818e6,1,tlg0016.tlg001.perseus-grc1.1.tb.xml,ge8,8969,40500.82033299127,43346.785768105896,41854.0013288336,41854.0013288336,8125,8969,4.5156450365694365,4.832956379541297,0.3173113429718608,4.66651815462522,4.66651815462522,0.0,0.3173113429718608,
q_half,ud23,HERODOTUS,89f0804afded8e7a0f4e1b507030d5ef4ecaf17e422c8b2969bd6b23e62818e6,2,tlg0016.tlg001.perseus-grc1.1.tb.xml,4_7,3977,17426.28320555233,18684.43104364681,18355.915503191998,18355.915503191998,3482,3977,4.3817659556329716,4.69812196219432,0.31635600656134866,4.615518104901182,4.615518104901182,0.0,0.31635600656134866,
q_half,ud23,HERODOTUS,89f0804afded8e7a0f4e1b507030d5ef4ecaf17e422c8b2969bd6b23e62818e6,2,tlg0016.tlg001.perseus-grc1.1.tb.xml,ge8,8969,40499.97744909319,43350.25935659401,41794.303308776616,41794.303308776616,8114,8969,4.51555105910282,4.8333436678106825,0.31779260870786263,4.659862114926593,4.659862114926593,0.0,0.31779260870786263,
q_half,ud23,HERODOTUS,89f0804afded8e7a0f4e1b507030d5ef4ecaf17e422c8b2969bd6b23e62818e6,3,tlg0016.tlg001.perseus-grc1.1.tb.xml,4_7,3977,17410.981518628694,18666.577551864506,18281.39594612175,18281.39594612175,3530,3977,4.37791841051765,4.6936327764306025,0.3157143659129522,4.596780474257417,4.596780474257417,0.0,0.3157143659129522,
q_half,ud23,HERODOTUS,89f0804afded8e7a0f4e1b507030d5ef4ecaf17e422c8b2969bd6b23e62818e6,3,tlg0016.tlg001.perseus-grc1.1.tb.xml,ge8,8969,40428.33574429565,43349.795033917886,41746.49256902103,41746.49256902104,8090,8969,4.507563356482958,4.833291898084278,0.32572854160132003,4.654531449327799,4.654531449327799,0.0,0.32572854160132003,
q_half,ud23,HERODOTUS,89f0804afded8e7a0f4e1b507030d5ef4ecaf17e422c8b2969bd6b23e62818e6,4,tlg0016.tlg001.perseus-grc1.1.tb.xml,4_7,3977,17438.568449657316,18657.32434818525,18277.278728128702,18277.278728128702,3524,3977,4.384855028830102,4.691306097104665,0.3064510682745629,4.595745217030099,4.595745217030099,0.0,0.3064510682745629,
q_half,ud23,HERODOTUS,89f0804afded8e7a0f4e1b507030d5ef4ecaf17e422c8b2969bd6b23e62818e6,4,tlg0016.tlg001.perseus-grc1.1.tb.xml,ge8,8969,40490.56047650356,43338.824008103285,41821.06676160491,41821.06676160492,8085,8969,4.514501112331761,4.832068681915853,0.31756756958409227,4.662846110113158,4.662846110113159,8.881784197001252e-16,0.3175675695840914,
q_half,ud23,HERODOTUS,89f0804afded8e7a0f4e1b507030d5ef4ecaf17e422c8b2969bd6b23e62818e6,5,tlg0016.tlg001.perseus-grc1.1.tb.xml,4_7,3977,17411.57270300839,18664.11354087913,18337.67782120398,18337.67782120398,3491,3977,4.378067061354888,4.693013211184091,0.3149461498292032,4.610932316118677,4.610932316118677,0.0,0.3149461498292032,
q_half,ud23,HERODOTUS,89f0804afded8e7a0f4e1b507030d5ef4ecaf17e422c8b2969bd6b23e62818e6,5,tlg0016.tlg001.perseus-grc1.1.tb.xml,ge8,8969,40334.26348178262,43282.48720082014,41767.97508474733,41767.97508474733,8088,8969,4.497074755466899,4.825787401139496,0.3287126456725966,4.656926645640242,4.656926645640242,0.0,0.3287126456725966,
q_half,ud23,HERODOTUS,89f0804afded8e7a0f4e1b507030d5ef4ecaf17e422c8b2969bd6b23e62818e6,6,tlg0016.tlg001.perseus-grc1.1.tb.xml,4_7,3977,17443.688023257833,18634.867901981153,18330.64098165614,18330.64098165614,3534,3977,4.3861423241784845,4.685659517722191,0.2995171935437062,4.6091629322746135,4.6091629322746135,0.0,0.2995171935437062,
q_half,ud23,HERODOTUS,89f0804afded8e7a0f4e1b507030d5ef4ecaf17e422c8b2969bd6b23e62818e6,6,tlg0016.tlg001.perseus-grc1.1.tb.xml,ge8,8969,40496.469229813716,43299.241908043834,41688.993424170105,41688.993424170105,8124,8969,4.515159909668159,4.827655469733954,0.3124955600657948,4.648120573550017,4.648120573550017,0.0,0.3124955600657948,
q_half,ud23,HERODOTUS,89f0804afded8e7a0f4e1b507030d5ef4ecaf17e422c8b2969bd6b23e62818e6,7,tlg0016.tlg001.perseus-grc1.1.tb.xml,4_7,3977,17421.473281977265,18664.589650214326,18528.242217566185,18528.242217566185,3497,3977,4.380556520487117,4.69313292688316,0.312576406396043,4.6588489357722365,4.6588489357722365,0.0,0.312576406396043,
q_half,ud23,HERODOTUS,89f0804afded8e7a0f4e1b507030d5ef4ecaf17e422c8b2969bd6b23e62818e6,7,tlg0016.tlg001.perseus-grc1.1.tb.xml,ge8,8969,40536.85145098596,43335.353026152006,41717.856316372316,41717.856316372316,8057,8969,4.519662331473516,4.8316816842626835,0.3120193527891679,4.65133864604441,4.65133864604441,0.0,0.3120193527891679,
q_half,ud23,HERODOTUS,89f0804afded8e7a0f4e1b507030d5ef4ecaf17e422c8b2969bd6b23e62818e6,8,tlg0016.tlg001.perseus-grc1.1.tb.xml,4_7,3977,17418.7981957334,18654.7593247081,18437.21364491996,18437.21364491996,3533,3977,4.3798838812505405,4.690661132689992,0.31077725143945134,4.635960182278089,4.635960182278089,0.0,0.31077725143945134,
q_half,ud23,HERODOTUS,89f0804afded8e7a0f4e1b507030d5ef4ecaf17e422c8b2969bd6b23e62818e6,8,tlg0016.tlg001.perseus-grc1.1.tb.xml,ge8,8969,40494.45985467653,43353.658672929865,41756.567541260825,41756.567541260825,8084,8969,4.51493587408591,4.833722675095314,0.31878680100940393,4.655654759868527,4.655654759868527,0.0,0.31878680100940393,
q_half,ud23,HERODOTUS,89f0804afded8e7a0f4e1b507030d5ef4ecaf17e422c8b2969bd6b23e62818e6,9,tlg0016.tlg001.perseus-grc1.1.tb.xml,4_7,3977,17455.793168252996,18650.377617659244,18455.38136874177,18455.38136874177,3494,3977,4.3891861122084475,4.689559370796893,0.3003732585884453,4.640528380372586,4.640528380372586,0.0,0.3003732585884453,
q_half,ud23,HERODOTUS,89f0804afded8e7a0f4e1b507030d5ef4ecaf17e422c8b2969bd6b23e62818e6,9,tlg0016.tlg001.perseus-grc1.1.tb.xml,ge8,8969,40486.441057329,43314.4509130428,41645.65500878945,41645.65500878945,8081,8969,4.5140418170731405,4.82935120002707,0.31530938295392996,4.64328855042808,4.64328855042808,0.0,0.31530938295392996,
q_half,ud23,HESIODIC_TRADITION,c4c0c7eaeca0d61d2e53f4f0642bfa382e91dd28b470d2f4da2ba8539fe0e7f7,0,tlg0020.tlg001.perseus-grc1.tb.xml,4_7,942,4290.365963414804,4577.707396891194,4608.949655385347,4608.949655385347,810,942,4.554528623582595,4.8595619924534965,0.3050333688709017,4.892727871958967,4.892727871958967,0.0,0.3050333688709017,
q_half,ud23,HESIODIC_TRADITION,c4c0c7eaeca0d61d2e53f4f0642bfa382e91dd28b470d2f4da2ba8539fe0e7f7,0,tlg0020.tlg001.perseus-grc1.tb.xml,ge8,2003,9639.929836533496,10016.45150670175,10019.237935447827,10019.237935447827,1731,2003,4.812745799567397,5.000724666351347,0.1879788667839506,5.002115794032864,5.002115794032864,0.0,0.1879788667839506,
q_half,ud23,HESIODIC_TRADITION,c4c0c7eaeca0d61d2e53f4f0642bfa382e91dd28b470d2f4da2ba8539fe0e7f7,0,tlg0020.tlg002.perseus-grc1.tb.xml,4_7,887,4158.099885508203,4325.361458427158,4245.931843317921,4245.931843317921,780,887,4.687823997190759,4.876393977933662,0.1885699807429031,4.786845370144218,4.786845370144218,0.0,0.1885699807429031,
q_half,ud23,HESIODIC_TRADITION,c4c0c7eaeca0d61d2e53f4f0642bfa382e91dd28b470d2f4da2ba8539fe0e7f7,0,tlg0020.tlg002.perseus-grc1.tb.xml,ge8,1190,5614.987930449174,5816.747426917843,5683.771688356192,5683.771688356192,1072,1190,4.718477252478298,4.88802304783012,0.16954579535182202,4.776278729711086,4.776278729711086,0.0,0.16954579535182202,
q_half,ud23,HESIODIC_TRADITION,c4c0c7eaeca0d61d2e53f4f0642bfa382e91dd28b470d2f4da2ba8539fe0e7f7,0,tlg0020.tlg003.perseus-grc1.tb.xml,4_7,576,2572.8148814902484,2746.166332261532,2786.789453106092,2786.7894531060924,509,576,4.466692502587237,4.7676498823984925,0.3009573798112557,4.838176133864743,4.838176133864744,8.881784197001252e-16,0.3009573798112548,
q_half,ud23,HESIODIC_TRADITION,c4c0c7eaeca0d61d2e53f4f0642bfa382e91dd28b470d2f4da2ba8539fe0e7f7,0,tlg0020.tlg003.perseus-grc1.tb.xml,ge8,777,3713.502094161057,3872.8900369608687,3793.8616949323973,3793.8616949323973,690,777,4.779281974467255,4.9844144619831,0.20513248751584534,4.882704884082879,4.882704884082879,0.0,0.20513248751584534,
q_half,ud23,HESIODIC_TRADITION,c4c0c7eaeca0d61d2e53f4f0642bfa382e91dd28b470d2f4da2ba8539fe0e7f7,1,tlg0020.tlg001.perseus-grc1.tb.xml,4_7,942,4326.491331762496,4601.913967197249,4621.867361528681,4621.867361528681,829,942,4.592878271510081,4.885258988532112,0.2923807170220307,4.906440935805393,4.906440935805393,0.0,0.2923807170220307,
q_half,ud23,HESIODIC_TRADITION,c4c0c7eaeca0d61d2e53f4f0642bfa382e91dd28b470d2f4da2ba8539fe0e7f7,1,tlg0020.tlg001.perseus-grc1.tb.xml,ge8,2003,9781.514888418087,10071.084382753203,9926.272000790636,9926.272000790636,1730,2003,4.883432295765395,5.0280001910899665,0.14456789532457126,4.95570244672523,4.95570244672523,0.0,0.14456789532457126,
q_half,ud23,HESIODIC_TRADITION,c4c0c7eaeca0d61d2e53f4f0642bfa382e91dd28b470d2f4da2ba8539fe0e7f7,1,tlg0020.tlg002.perseus-grc1.tb.xml,4_7,887,4168.909678151352,4335.994856805733,4260.748942417287,4260.748942417287,765,887,4.7000109111063715,4.888382025711087,0.18837111460471512,4.803550104190854,4.803550104190854,0.0,0.18837111460471512,
q_half,ud23,HESIODIC_TRADITION,c4c0c7eaeca0d61d2e53f4f0642bfa382e91dd28b470d2f4da2ba8539fe0e7f7,1,tlg0020.tlg002.perseus-grc1.tb.xml,ge8,1190,5641.108176090799,5823.141752695491,5684.690298841715,5684.690298841716,1044,1190,4.740427038731764,4.893396430836547,0.152969392104783,4.777050671295559,4.77705067129556,8.881784197001252e-16,0.1529693921047821,
q_half,ud23,HESIODIC_TRADITION,c4c0c7eaeca0d61d2e53f4f0642bfa382e91dd28b470d2f4da2ba8539fe0e7f7,1,tlg0020.tlg003.perseus-grc1.tb.xml,4_7,576,2608.9208099614298,2754.436259241412,2776.316217865308,2776.316217865308,499,576,4.5293764061830375,4.78200739451634,0.2526309883333022,4.819993433793937,4.819993433793937,0.0,0.2526309883333022,
q_half,ud23,HESIODIC_TRADITION,c4c0c7eaeca0d61d2e53f4f0642bfa382e91dd28b470d2f4da2ba8539fe0e7f7,1,tlg0020.tlg003.perseus-grc1.tb.xml,ge8,777,3724.027628548133,3878.3082453434863,3775.9330352898955,3775.933035289896,692,777,4.792828350769798,4.99138770314477,0.19855935237497224,4.859630676048772,4.859630676048773,8.881784197001252e-16,0.19855935237497135,
q_half,ud23,HESIODIC_TRADITION,c4c0c7eaeca0d61d2e53f4f0642bfa382e91dd28b470d2f4da2ba8539fe0e7f7,2,tlg0020.tlg001.perseus-grc1.tb.xml,4_7,942,4296.477138101486,4587.033100170935,4674.703645817008,4674.703645817008,818,942,4.561016070171429,4.869461889778062,0.3084458196066331,4.962530409572195,4.962530409572195,0.0,0.3084458196066331,
q_half,ud23,HESIODIC_TRADITION,c4c0c7eaeca0d61d2e53f4f0642bfa382e91dd28b470d2f4da2ba8539fe0e7f7,2,tlg0020.tlg001.perseus-grc1.tb.xml,ge8,2003,9606.233724046215,10045.349366290899,9956.353461439694,9956.353461439696,1716,2003,4.795922977556772,5.01515195521263,0.2192289776558578,4.970720649745229,4.97072064974523,8.881784197001252e-16,0.21922897765585692,
q_half,ud23,HESIODIC_TRADITION,c4c0c7eaeca0d61d2e53f4f0642bfa382e91dd28b470d2f4da2ba8539fe0e7f7,2,tlg0020.tlg002.perseus-grc1.tb.xml,4_7,887,4134.6151521315305,4324.205689779884,4279.871507089948,4279.871507089949,743,887,4.661347409392932,4.875090969312158,0.21374355991922567,4.825108801679761,4.825108801679762,8.881784197001252e-16,0.21374355991922478,
q_half,ud23,HESIODIC_TRADITION,c4c0c7eaeca0d61d2e53f4f0642bfa382e91dd28b470d2f4da2ba8539fe0e7f7,2,tlg0020.tlg002.perseus-grc1.tb.xml,ge8,1190,5588.185720956843,5817.698991702804,5681.769609161043,5681.769609161043,1058,1190,4.695954387358692,4.888822682103196,0.19286829474450418,4.774596310219364,4.774596310219364,0.0,0.19286829474450418,
q_half,ud23,HESIODIC_TRADITION,c4c0c7eaeca0d61d2e53f4f0642bfa382e91dd28b470d2f4da2ba8539fe0e7f7,2,tlg0020.tlg003.perseus-grc1.tb.xml,4_7,576,2581.382126351011,2751.428673147164,2851.8064193810574,2851.8064193810574,484,576,4.481566191581616,4.776785890880493,0.2952196992988769,4.951052811425447,4.951052811425447,0.0,0.2952196992988769,
q_half,ud23,HESIODIC_TRADITION,c4c0c7eaeca0d61d2e53f4f0642bfa382e91dd28b470d2f4da2ba8539fe0e7f7,2,tlg0020.tlg003.perseus-grc1.tb.xml,ge8,777,3698.025098380918,3874.8109263923475,3767.9710145914487,3767.9710145914487,682,777,4.759363060979302,4.9868866491536,0.2275235881742983,4.849383545162739,4.849383545162739,0.0,0.2275235881742983,
q_half,ud23,HESIODIC_TRADITION,c4c0c7eaeca0d61d2e53f4f0642bfa382e91dd28b470d2f4da2ba8539fe0e7f7,3,tlg0020.tlg001.perseus-grc1.tb.xml,4_7,942,4302.842678105141,4577.334267279064,4552.938340828974,4552.938340828974,818,942,4.567773543636031,4.859165888831278,0.2913923451952467,4.8332678777377645,4.8332678777377645,0.0,0.2913923451952467,
q_half,ud23,HESIODIC_TRADITION,c4c0c7eaeca0d61d2e53f4f0642bfa382e91dd28b470d2f4da2ba8539fe0e7f7,3,tlg0020.tlg001.perseus-grc1.tb.xml,ge8,2003,9721.89297889001,10027.841618991351,9948.122305180863,9948.122305180863,1727,2003,4.853665990459316,5.006411192706616,0.15274520224730015,4.966611235736826,4.966611235736826,0.0,0.15274520224730015,
q_half,ud23,HESIODIC_TRADITION,c4c0c7eaeca0d61d2e53f4f0642bfa382e91dd28b470d2f4da2ba8539fe0e7f7,3,tlg0020.tlg002.perseus-grc1.tb.xml,4_7,887,4148.103021545257,4322.98473568739,4312.5656724634655,4312.5656724634655,768,887,4.676553575586536,4.873714470898974,0.19716089531243775,4.861968063656669,4.861968063656669,0.0,0.19716089531243775,
q_half,ud23,HESIODIC_TRADITION,c4c0c7eaeca0d61d2e53f4f0642bfa382e91dd28b470d2f4da2ba8539fe0e7f7,3,tlg0020.tlg002.perseus-grc1.tb.xml,ge8,1190,5619.556212049493,5809.460759175146,5686.772121748842,5686.772121748842,1066,1190,4.722316144579406,4.881899797626174,0.15958365304676736,4.778800102309952,4.778800102309952,0.0,0.15958365304676736,
q_half,ud23,HESIODIC_TRADITION,c4c0c7eaeca0d61d2e53f4f0642bfa382e91dd28b470d2f4da2ba8539fe0e7f7,3,tlg0020.tlg003.perseus-grc1.tb.xml,4_7,576,2592.326755103699,2746.6042556763664,2804.8797704676163,2804.8797704676163,502,576,4.500567283166144,4.768410166104803,0.267842882938659,4.869582934839611,4.869582934839611,0.0,0.267842882938659,
q_half,ud23,HESIODIC_TRADITION,c4c0c7eaeca0d61d2e53f4f0642bfa382e91dd28b470d2f4da2ba8539fe0e7f7,3,tlg0020.tlg003.perseus-grc1.tb.xml,ge8,777,3712.0764090126986,3869.6152536864706,3785.25443423875,3785.2544342387505,700,777,4.777447115846459,4.980199811694299,0.20275269584784006,4.8716273284925995,4.8716273284926,8.881784197001252e-16,0.20275269584783917,
q_half,ud23,HESIODIC_TRADITION,c4c0c7eaeca0d61d2e53f4f0642bfa382e91dd28b470d2f4da2ba8539fe0e7f7,4,tlg0020.tlg001.perseus-grc1.tb.xml,4_7,942,4323.887949597327,4587.439207205553,4643.575866947103,4643.575866947103,815,942,4.590114596175506,4.869893001279781,0.2797784051042749,4.929486058330259,4.929486058330259,0.0,0.2797784051042749,
q_half,ud23,HESIODIC_TRADITION,c4c0c7eaeca0d61d2e53f4f0642bfa382e91dd28b470d2f4da2ba8539fe0e7f7,4,tlg0020.tlg001.perseus-grc1.tb.xml,ge8,2003,9816.011409189377,10048.714110041592,9908.795945188018,9908.795945188018,1755,2003,4.9006547225109225,5.016831807309831,0.11617708479890876,4.946977506334507,4.946977506334507,0.0,0.11617708479890876,
q_half,ud23,HESIODIC_TRADITION,c4c0c7eaeca0d61d2e53f4f0642bfa382e91dd28b470d2f4da2ba8539fe0e7f7,4,tlg0020.tlg002.perseus-grc1.tb.xml,4_7,887,4181.606023351342,4324.104507137297,4348.2774110483,4348.2774110483,766,887,4.7143247162923805,4.874976896434383,0.16065218014200244,4.902229324744419,4.902229324744419,0.0,0.16065218014200244,
q_half,ud23,HESIODIC_TRADITION,c4c0c7eaeca0d61d2e53f4f0642bfa382e91dd28b470d2f4da2ba8539fe0e7f7,4,tlg0020.tlg002.perseus-grc1.tb.xml,ge8,1190,5618.566581271984,5816.982918514506,5622.342879543504,5622.342879543504,1065,1190,4.721484522077298,4.888220939928156,0.16673641785085813,4.724657881969331,4.724657881969331,0.0,0.16673641785085813,
q_half,ud23,HESIODIC_TRADITION,c4c0c7eaeca0d61d2e53f4f0642bfa382e91dd28b470d2f4da2ba8539fe0e7f7,4,tlg0020.tlg003.perseus-grc1.tb.xml,4_7,576,2593.7153770998034,2751.7003880307957,2742.185899917212,2742.185899917212,516,576,4.502978085242714,4.7772576181090205,0.2742795328663066,4.760739409578493,4.760739409578493,0.0,0.2742795328663066,
q_half,ud23,HESIODIC_TRADITION,c4c0c7eaeca0d61d2e53f4f0642bfa382e91dd28b470d2f4da2ba8539fe0e7f7,4,tlg0020.tlg003.perseus-grc1.tb.xml,ge8,777,3725.721994926671,3874.976488166098,3880.444544788798,3880.444544788798,700,777,4.795009002479628,4.987099727369496,0.19209072488986756,4.994137123280306,4.994137123280306,0.0,0.19209072488986756,
q_half,ud23,HESIODIC_TRADITION,c4c0c7eaeca0d61d2e53f4f0642bfa382e91dd28b470d2f4da2ba8539fe0e7f7,5,tlg0020.tlg001.perseus-grc1.tb.xml,4_7,942,4308.236152645608,4587.847357801744,4593.923557526072,4593.923557526072,830,942,4.573499100473044,4.870326282167456,0.2968271816944119,4.876776600346148,4.876776600346148,0.0,0.2968271816944119,
q_half,ud23,HESIODIC_TRADITION,c4c0c7eaeca0d61d2e53f4f0642bfa382e91dd28b470d2f4da2ba8539fe0e7f7,5,tlg0020.tlg001.perseus-grc1.tb.xml,ge8,2003,9689.079712026214,10052.596449570521,10009.66447686809,10009.66447686809,1755,2003,4.8372839301179305,5.018770069680739,0.1814861395628089,4.997336234082921,4.997336234082921,0.0,0.1814861395628089,
q_half,ud23,HESIODIC_TRADITION,c4c0c7eaeca0d61d2e53f4f0642bfa382e91dd28b470d2f4da2ba8539fe0e7f7,5,tlg0020.tlg002.perseus-grc1.tb.xml,4_7,887,4173.634829407169,4323.519356391983,4241.821054438333,4241.821054438333,763,887,4.705338026389142,4.874317199990961,0.16897917360181935,4.782210884372415,4.782210884372415,0.0,0.16897917360181935,
q_half,ud23,HESIODIC_TRADITION,c4c0c7eaeca0d61d2e53f4f0642bfa382e91dd28b470d2f4da2ba8539fe0e7f7,5,tlg0020.tlg002.perseus-grc1.tb.xml,ge8,1190,5614.038409445902,5813.574185224704,5736.626768685637,5736.626768685637,1046,1190,4.717679335668826,4.88535645817202,0.16767712250319455,4.8206947636013755,4.8206947636013755,0.0,0.16767712250319455,
q_half,ud23,HESIODIC_TRADITION,c4c0c7eaeca0d61d2e53f4f0642bfa382e91dd28b470d2f4da2ba8539fe0e7f7,5,tlg0020.tlg003.perseus-grc1.tb.xml,4_7,576,2596.6858788202117,2751.6278214883346,2760.57513520639,2760.57513520639,507,576,4.50813520628509,4.7771316345283585,0.26899642824326886,4.792665165288871,4.792665165288871,0.0,0.26899642824326886,
q_half,ud23,HESIODIC_TRADITION,c4c0c7eaeca0d61d2e53f4f0642bfa382e91dd28b470d2f4da2ba8539fe0e7f7,5,tlg0020.tlg003.perseus-grc1.tb.xml,ge8,777,3739.4274068228488,3876.885382842572,3781.2632654599197,3781.2632654599197,689,777,4.812647885228891,4.989556477274868,0.17690859204597675,4.866490689137605,4.866490689137605,0.0,0.17690859204597675,
q_half,ud23,HESIODIC_TRADITION,c4c0c7eaeca0d61d2e53f4f0642bfa382e91dd28b470d2f4da2ba8539fe0e7f7,6,tlg0020.tlg001.perseus-grc1.tb.xml,4_7,942,4304.460306556424,4582.352313118277,4527.291050726648,4527.291050726648,821,942,4.569490771291321,4.864492901399445,0.2950021301081245,4.80604145512383,4.80604145512383,0.0,0.2950021301081245,
q_half,ud23,HESIODIC_TRADITION,c4c0c7eaeca0d61d2e53f4f0642bfa382e91dd28b470d2f4da2ba8539fe0e7f7,6,tlg0020.tlg001.perseus-grc1.tb.xml,ge8,2003,9683.05369105261,10033.112079725188,9987.83853977132,9987.83853977132,1741,2003,4.834275432377738,5.009042476148371,0.17476704377063346,4.986439610469954,4.986439610469954,0.0,0.17476704377063346,
q_half,ud23,HESIODIC_TRADITION,c4c0c7eaeca0d61d2e53f4f0642bfa382e91dd28b470d2f4da2ba8539fe0e7f7,6,tlg0020.tlg002.perseus-grc1.tb.xml,4_7,887,4158.562199764839,4329.018786752313,4241.477227347323,4241.477227347323,762,887,4.688345208303088,4.8805172342190675,0.19217202591597982,4.781823255183002,4.781823255183002,0.0,0.19217202591597982,
q_half,ud23,HESIODIC_TRADITION,c4c0c7eaeca0d61d2e53f4f0642bfa382e91dd28b470d2f4da2ba8539fe0e7f7,6,tlg0020.tlg002.perseus-grc1.tb.xml,ge8,1190,5618.743071011274,5814.724234914871,5731.820704282867,5731.820704282867,1056,1190,4.721632832782583,4.886322886483085,0.16469005370050205,4.816656054019216,4.816656054019216,0.0,0.16469005370050205,
q_half,ud23,HESIODIC_TRADITION,c4c0c7eaeca0d61d2e53f4f0642bfa382e91dd28b470d2f4da2ba8539fe0e7f7,6,tlg0020.tlg003.perseus-grc1.tb.xml,4_7,576,2609.921110028702,2751.0843987984085,2833.88459272288,2833.88459272288,506,576,4.531113038244275,4.776188192358348,0.24507515411407343,4.919938529032778,4.919938529032778,0.0,0.24507515411407343,
q_half,ud23,HESIODIC_TRADITION,c4c0c7eaeca0d61d2e53f4f0642bfa382e91dd28b470d2f4da2ba8539fe0e7f7,6,tlg0020.tlg003.perseus-grc1.tb.xml,ge8,777,3710.5882700466414,3880.560382667402,3771.8506681853696,3771.8506681853696,703,777,4.775531879081907,4.994286206779153,0.2187543276972459,4.854376664331235,4.854376664331235,0.0,0.2187543276972459,
q_half,ud23,HESIODIC_TRADITION,c4c0c7eaeca0d61d2e53f4f0642bfa382e91dd28b470d2f4da2ba8539fe0e7f7,7,tlg0020.tlg001.perseus-grc1.tb.xml,4_7,942,4352.073558521906,4598.327645153181,4638.781424435425,4638.781424435425,815,942,4.620035624757862,4.8814518526042265,0.26141622784636454,4.924396416598116,4.924396416598116,0.0,0.26141622784636454,
q_half,ud23,HESIODIC_TRADITION,c4c0c7eaeca0d61d2e53f4f0642bfa382e91dd28b470d2f4da2ba8539fe0e7f7,7,tlg0020.tlg001.perseus-grc1.tb.xml,ge8,2003,9784.456909686996,10082.66995721182,9952.898331715653,9952.898331715653,1772,2003,4.8849011031887155,5.0337843021526805,0.14888319896396496,4.968995672349302,4.968995672349302,0.0,0.14888319896396496,
q_half,ud23,HESIODIC_TRADITION,c4c0c7eaeca0d61d2e53f4f0642bfa382e91dd28b470d2f4da2ba8539fe0e7f7,7,tlg0020.tlg002.perseus-grc1.tb.xml,4_7,887,4192.465007669348,4334.702307558468,4254.852740236722,4254.852740236722,746,887,4.7265670886914855,4.886924811227135,0.1603577225356494,4.796902751112426,4.796902751112426,0.0,0.1603577225356494,
q_half,ud23,HESIODIC_TRADITION,c4c0c7eaeca0d61d2e53f4f0642bfa382e91dd28b470d2f4da2ba8539fe0e7f7,7,tlg0020.tlg002.perseus-grc1.tb.xml,ge8,1190,5636.0194775159625,5825.626911247717,5717.211012807966,5717.211012807966,1064,1190,4.736150821441985,4.895484799367829,0.15933397792584447,4.804379002359635,4.804379002359635,0.0,0.15933397792584447,
q_half,ud23,HESIODIC_TRADITION,c4c0c7eaeca0d61d2e53f4f0642bfa382e91dd28b470d2f4da2ba8539fe0e7f7,7,tlg0020.tlg003.perseus-grc1.tb.xml,4_7,576,2602.3641027401964,2755.925368733953,2787.1375002279883,2787.1375002279883,512,576,4.517993233923952,4.784592654052002,0.26659942012804994,4.838780382340257,4.838780382340257,0.0,0.26659942012804994,
q_half,ud23,HESIODIC_TRADITION,c4c0c7eaeca0d61d2e53f4f0642bfa382e91dd28b470d2f4da2ba8539fe0e7f7,7,tlg0020.tlg003.perseus-grc1.tb.xml,ge8,777,3721.11772540882,3882.435366044662,3763.924184714069,3763.924184714069,689,777,4.789083301684453,4.996699312798793,0.20761601111433947,4.844175269902276,4.844175269902276,0.0,0.20761601111433947,
q_half,ud23,HESIODIC_TRADITION,c4c0c7eaeca0d61d2e53f4f0642bfa382e91dd28b470d2f4da2ba8539fe0e7f7,8,tlg0020.tlg001.perseus-grc1.tb.xml,4_7,942,4304.551513439979,4580.3356347858125,4586.918544426524,4586.918544426524,818,942,4.569587593885329,4.862352053912752,0.2927644600274233,4.869340280707562,4.869340280707562,0.0,0.2927644600274233,
q_half,ud23,HESIODIC_TRADITION,c4c0c7eaeca0d61d2e53f4f0642bfa382e91dd28b470d2f4da2ba8539fe0e7f7,8,tlg0020.tlg001.perseus-grc1.tb.xml,ge8,2003,9712.039705085788,10032.549312822124,9972.342571350358,9972.342571350358,1753,2003,4.848746732444228,5.008761514139852,0.1600147816956241,4.978703230828936,4.978703230828936,0.0,0.1600147816956241,
q_half,ud23,HESIODIC_TRADITION,c4c0c7eaeca0d61d2e53f4f0642bfa382e91dd28b470d2f4da2ba8539fe0e7f7,8,tlg0020.tlg002.perseus-grc1.tb.xml,4_7,887,4161.579629836799,4319.887256895303,4260.215046185643,4260.215046185644,756,887,4.691747046039231,4.870222386578695,0.1784753405394639,4.802948191866564,4.802948191866565,8.881784197001252e-16,0.178475340539463,
q_half,ud23,HESIODIC_TRADITION,c4c0c7eaeca0d61d2e53f4f0642bfa382e91dd28b470d2f4da2ba8539fe0e7f7,8,tlg0020.tlg002.perseus-grc1.tb.xml,ge8,1190,5618.561621418669,5803.6396137867505,5704.963245883352,5704.963245883352,1080,1190,4.721480354133336,4.877008078812396,0.15552772467906006,4.794086761246515,4.794086761246515,0.0,0.15552772467906006,
q_half,ud23,HESIODIC_TRADITION,c4c0c7eaeca0d61d2e53f4f0642bfa382e91dd28b470d2f4da2ba8539fe0e7f7,8,tlg0020.tlg003.perseus-grc1.tb.xml,4_7,576,2586.568115309938,2744.9862166888793,2817.0730474796987,2817.0730474796987,520,576,4.490569644635309,4.7656010706404155,0.2750314260051061,4.890751818541144,4.890751818541144,0.0,0.2750314260051061,
q_half,ud23,HESIODIC_TRADITION,c4c0c7eaeca0d61d2e53f4f0642bfa382e91dd28b470d2f4da2ba8539fe0e7f7,8,tlg0020.tlg003.perseus-grc1.tb.xml,ge8,777,3729.5439322348298,3869.643786262717,3805.890867409182,3805.890867409182,700,777,4.799927840714067,4.98023653315665,0.1803086924425834,4.898186444542062,4.898186444542062,0.0,0.1803086924425834,
q_half,ud23,HESIODIC_TRADITION,c4c0c7eaeca0d61d2e53f4f0642bfa382e91dd28b470d2f4da2ba8539fe0e7f7,9,tlg0020.tlg001.perseus-grc1.tb.xml,4_7,942,4290.535317782103,4565.591604977715,4546.113734702607,4546.113734702607,826,942,4.554708405288857,4.846700217598424,0.2919918123095666,4.826023072932704,4.826023072932704,0.0,0.2919918123095666,
q_half,ud23,HESIODIC_TRADITION,c4c0c7eaeca0d61d2e53f4f0642bfa382e91dd28b470d2f4da2ba8539fe0e7f7,9,tlg0020.tlg001.perseus-grc1.tb.xml,ge8,2003,9589.46033869771,9984.80945447473,9845.315057411723,9845.315057411723,1720,2003,4.787548846079735,4.984927336233015,0.19737849015327935,4.915284601803156,4.915284601803156,0.0,0.19737849015327935,
q_half,ud23,HESIODIC_TRADITION,c4c0c7eaeca0d61d2e53f4f0642bfa382e91dd28b470d2f4da2ba8539fe0e7f7,9,tlg0020.tlg002.perseus-grc1.tb.xml,4_7,887,4157.44349824843,4325.3835698749635,4295.36012194466,4295.360121944661,759,887,4.687083989006122,4.87641890628519,0.18933491727906837,4.842570599712131,4.842570599712132,8.881784197001252e-16,0.18933491727906748,
q_half,ud23,HESIODIC_TRADITION,c4c0c7eaeca0d61d2e53f4f0642bfa382e91dd28b470d2f4da2ba8539fe0e7f7,9,tlg0020.tlg002.perseus-grc1.tb.xml,ge8,1190,5598.201323933871,5806.702841318444,5660.5689815967435,5660.5689815967435,1039,1190,4.704370860448631,4.879582219595331,0.17521135914669994,4.756780656803986,4.756780656803986,0.0,0.17521135914669994,
q_half,ud23,HESIODIC_TRADITION,c4c0c7eaeca0d61d2e53f4f0642bfa382e91dd28b470d2f4da2ba8539fe0e7f7,9,tlg0020.tlg003.perseus-grc1.tb.xml,4_7,576,2595.588386455527,2743.684086749117,2748.196775243394,2748.196775243394,506,576,4.506229837596401,4.763340428383883,0.257110590787482,4.771174957019781,4.771174957019781,0.0,0.257110590787482,
q_half,ud23,HESIODIC_TRADITION,c4c0c7eaeca0d61d2e53f4f0642bfa382e91dd28b470d2f4da2ba8539fe0e7f7,9,tlg0020.tlg003.perseus-grc1.tb.xml,ge8,777,3695.6608556743604,3865.252310159146,3824.612324119759,3824.6123241197593,709,777,4.756320277573179,4.974584697759519,0.21826442018633951,4.922280983423113,4.922280983423113,0.0,0.21826442018633951,
q_half,ud23,DIODORUS,d91dad02f8da03cf6702fa7edec531da5e56f526f466e2f04180f2a23a1cf315,0,tlg0060.tlg001.perseus-grc3.11.tb.xml,4_7,2898,11456.615947760878,12691.76740133313,12694.46237980941,12694.46237980941,2555,2898,3.9532836258664177,4.379491856912743,0.42620823104632555,4.38042180117647,4.38042180117647,0.0,0.42620823104632555,
q_half,ud23,DIODORUS,d91dad02f8da03cf6702fa7edec531da5e56f526f466e2f04180f2a23a1cf315,0,tlg0060.tlg001.perseus-grc3.11.tb.xml,ge8,9436,39120.608778290385,43095.09360910982,41672.667600499546,41672.667600499546,8445,9436,4.1458890184707915,4.567093430384678,0.42120441191388647,4.416348834304742,4.416348834304742,0.0,0.42120441191388647,
q_half,ud23,DIODORUS,d91dad02f8da03cf6702fa7edec531da5e56f526f466e2f04180f2a23a1cf315,1,tlg0060.tlg001.perseus-grc3.11.tb.xml,4_7,2898,11443.633988917043,12660.59041462529,12657.631793926039,12657.631793926039,2514,2898,3.9488039989361776,4.368733752458692,0.4199297535225148,4.367712834343009,4.367712834343009,0.0,0.4199297535225148,
q_half,ud23,DIODORUS,d91dad02f8da03cf6702fa7edec531da5e56f526f466e2f04180f2a23a1cf315,1,tlg0060.tlg001.perseus-grc3.11.tb.xml,ge8,9436,39026.08943320788,43065.21913704442,41762.751967287564,41762.751967287564,8446,9436,4.135872131539623,4.563927420203944,0.4280552886643214,4.425895715058029,4.425895715058029,0.0,0.4280552886643214,
q_half,ud23,DIODORUS,d91dad02f8da03cf6702fa7edec531da5e56f526f466e2f04180f2a23a1cf315,2,tlg0060.tlg001.perseus-grc3.11.tb.xml,4_7,2898,11459.34683528211,12689.517882902954,12710.998565138265,12710.998565138267,2556,2898,3.9542259611049375,4.378715625570377,0.4244896644654399,4.386127869267862,4.386127869267863,8.881784197001252e-16,0.424489664465439,
q_half,ud23,DIODORUS,d91dad02f8da03cf6702fa7edec531da5e56f526f466e2f04180f2a23a1cf315,2,tlg0060.tlg001.perseus-grc3.11.tb.xml,ge8,9436,39015.18380546323,43153.3133484303,41697.80080682742,41697.80080682742,8356,9436,4.13471638464002,4.5732633900413635,0.43854700540134317,4.419012378849875,4.419012378849875,0.0,0.43854700540134317,
q_half,ud23,DIODORUS,d91dad02f8da03cf6702fa7edec531da5e56f526f466e2f04180f2a23a1cf315,3,tlg0060.tlg001.perseus-grc3.11.tb.xml,4_7,2898,11426.006373605518,12676.486523815982,12613.676182566569,12613.67618256657,2585,2898,3.942721315943933,4.374218952317454,0.43149763637352123,4.352545266586118,4.352545266586119,8.881784197001252e-16,0.43149763637352034,
q_half,ud23,DIODORUS,d91dad02f8da03cf6702fa7edec531da5e56f526f466e2f04180f2a23a1cf315,3,tlg0060.tlg001.perseus-grc3.11.tb.xml,ge8,9436,38953.9936746063,43035.06539958707,41730.217310238826,41730.21731023883,8418,9436,4.128231631475869,4.560731814284344,0.43250018280847424,4.422447786163504,4.422447786163505,8.881784197001252e-16,0.43250018280847335,
q_half,ud23,DIODORUS,d91dad02f8da03cf6702fa7edec531da5e56f526f466e2f04180f2a23a1cf315,4,tlg0060.tlg001.perseus-grc3.11.tb.xml,4_7,2898,11422.609899173729,12660.832135551962,12634.097779057282,12634.097779057282,2558,2898,3.9415493095837575,4.368817162026212,0.42726785244245447,4.359592056265453,4.359592056265453,0.0,0.42726785244245447,
q_half,ud23,DIODORUS,d91dad02f8da03cf6702fa7edec531da5e56f526f466e2f04180f2a23a1cf315,4,tlg0060.tlg001.perseus-grc3.11.tb.xml,ge8,9436,39024.072097155295,43032.12495387419,41514.11079132073,41514.11079132073,8462,9436,4.135658340097001,4.560420194348685,0.42476185425168467,4.399545442064512,4.399545442064512,0.0,0.42476185425168467,
q_half,ud23,DIODORUS,d91dad02f8da03cf6702fa7edec531da5e56f526f466e2f04180f2a23a1cf315,5,tlg0060.tlg001.perseus-grc3.11.tb.xml,4_7,2898,11441.32914365245,12674.851615446356,12648.509952026094,12648.509952026094,2522,2898,3.948008676208575,4.373654801741323,0.42564612553274817,4.364565200837162,4.364565200837162,0.0,0.42564612553274817,
q_half,ud23,DIODORUS,d91dad02f8da03cf6702fa7edec531da5e56f526f466e2f04180f2a23a1cf315,5,tlg0060.tlg001.perseus-grc3.11.tb.xml,ge8,9436,38928.24079868198,43080.371946901236,41752.57718397658,41752.57718397658,8469,9436,4.125502416138404,4.565533271184955,0.44003085504655104,4.424817420938595,4.424817420938595,0.0,0.44003085504655104,
q_half,ud23,DIODORUS,d91dad02f8da03cf6702fa7edec531da5e56f526f466e2f04180f2a23a1cf315,6,tlg0060.tlg001.perseus-grc3.11.tb.xml,4_7,2898,11426.506583610004,12672.585759784537,12569.61639532528,12569.61639532528,2544,2898,3.9428939211904774,4.372872932982932,0.42997901179245446,4.337341751319973,4.337341751319973,0.0,0.42997901179245446,
q_half,ud23,DIODORUS,d91dad02f8da03cf6702fa7edec531da5e56f526f466e2f04180f2a23a1cf315,6,tlg0060.tlg001.perseus-grc3.11.tb.xml,ge8,9436,38946.48833912964,43042.80104194538,41711.985418608485,41711.985418608485,8488,9436,4.127436237720394,4.561551615297306,0.4341153775769122,4.420515622997931,4.420515622997931,0.0,0.4341153775769122,
q_half,ud23,DIODORUS,d91dad02f8da03cf6702fa7edec531da5e56f526f466e2f04180f2a23a1cf315,7,tlg0060.tlg001.perseus-grc3.11.tb.xml,4_7,2898,11445.823412080395,12678.840169384108,12699.699433638409,12699.699433638409,2565,2898,3.949559493471496,4.375031114349244,0.4254716208777478,4.382228928101591,4.382228928101591,0.0,0.4254716208777478,
q_half,ud23,DIODORUS,d91dad02f8da03cf6702fa7edec531da5e56f526f466e2f04180f2a23a1cf315,7,tlg0060.tlg001.perseus-grc3.11.tb.xml,ge8,9436,38941.13765782503,43034.64103946212,41562.40191603487,41562.40191603487,8483,9436,4.126869187984848,4.5606868418251505,0.43381765384030224,4.404663195849393,4.404663195849393,0.0,0.43381765384030224,
q_half,ud23,DIODORUS,d91dad02f8da03cf6702fa7edec531da5e56f526f466e2f04180f2a23a1cf315,8,tlg0060.tlg001.perseus-grc3.11.tb.xml,4_7,2898,11449.037572655596,12663.594059984047,12686.12915951461,12686.12915951461,2564,2898,3.9506685895982043,4.369770207033833,0.41910161743562835,4.377546293828368,4.377546293828368,0.0,0.41910161743562835,
q_half,ud23,DIODORUS,d91dad02f8da03cf6702fa7edec531da5e56f526f466e2f04180f2a23a1cf315,8,tlg0060.tlg001.perseus-grc3.11.tb.xml,ge8,9436,38982.52259789055,42994.04055243386,41626.273762755685,41626.273762755685,8392,9436,4.131255044286832,4.556384119588158,0.42512907530132527,4.411432149507809,4.411432149507809,0.0,0.42512907530132527,
q_half,ud23,DIODORUS,d91dad02f8da03cf6702fa7edec531da5e56f526f466e2f04180f2a23a1cf315,9,tlg0060.tlg001.perseus-grc3.11.tb.xml,4_7,2898,11390.137758721836,12687.620456654518,12677.276880601717,12677.276880601717,2553,2898,3.9303442921745466,4.378060889114741,0.44771659694019394,4.374491677226265,4.374491677226265,0.0,0.44771659694019394,
q_half,ud23,DIODORUS,d91dad02f8da03cf6702fa7edec531da5e56f526f466e2f04180f2a23a1cf315,9,tlg0060.tlg001.perseus-grc3.11.tb.xml,ge8,9436,38928.59215348422,43076.443788782955,41628.54907515014,41628.54907515014,8429,9436,4.1255396517045595,4.565116976344103,0.4395773246395436,4.411673280537319,4.411673280537319,0.0,0.4395773246395436,
q_half,ud23,PLUTARCH,ef8134329970f595ef9ccf4198217affef5c01fa243d5bf4e59ee6daebb04e1d,0,tlg0007.tlg004.perseus-grc1.tb.xml,4_7,925,3931.2688837282967,4360.728417773148,4258.64535248854,4258.64535248854,808,925,4.250020414841402,4.714300992187187,0.464280577345785,4.603940921609232,4.603940921609232,0.0,0.464280577345785,
q_half,ud23,PLUTARCH,ef8134329970f595ef9ccf4198217affef5c01fa243d5bf4e59ee6daebb04e1d,0,tlg0007.tlg004.perseus-grc1.tb.xml,ge8,2568,11458.698607429948,12661.318408554838,12116.747390584556,12116.747390584556,2348,2568,4.462110049622254,4.930419941026027,0.46830989140377355,4.718359575772802,4.718359575772802,0.0,0.46830989140377355,
q_half,ud23,PLUTARCH,ef8134329970f595ef9ccf4198217affef5c01fa243d5bf4e59ee6daebb04e1d,0,tlg0007.tlg015.perseus-grc1.tb.xml,4_7,915,3869.17170098644,4219.094644415309,4170.1196296142625,4170.1196296142625,804,915,4.228602951897749,4.6110323982680965,0.3824294463703479,4.557507791928156,4.557507791928156,0.0,0.3824294463703479,
q_half,ud23,PLUTARCH,ef8134329970f595ef9ccf4198217affef5c01fa243d5bf4e59ee6daebb04e1d,0,tlg0007.tlg015.perseus-grc1.tb.xml,ge8,2493,10614.48890665756,11743.699426287209,11450.46037173932,11450.460371739322,2256,2493,4.257717170741099,4.710669645522346,0.452952474781247,4.593044673782319,4.59304467378232,8.881784197001252e-16,0.4529524747812461,
q_half,ud23,PLUTARCH,ef8134329970f595ef9ccf4198217affef5c01fa243d5bf4e59ee6daebb04e1d,1,tlg0007.tlg004.perseus-grc1.tb.xml,4_7,925,3946.5543060233194,4356.327386782645,4322.74359588434,4322.74359588434,823,925,4.2665451957008855,4.709543120846102,0.4429979251452165,4.673236319874962,4.673236319874962,0.0,0.4429979251452165,
q_half,ud23,PLUTARCH,ef8134329970f595ef9ccf4198217affef5c01fa243d5bf4e59ee6daebb04e1d,1,tlg0007.tlg004.perseus-grc1.tb.xml,ge8,2568,11415.683964633265,12655.2448621685,12136.25339625825,12136.25339625825,2334,2568,4.445359799312019,4.928054852869353,0.4826950535573342,4.725955372374708,4.725955372374708,0.0,0.4826950535573342,
q_half,ud23,PLUTARCH,ef8134329970f595ef9ccf4198217affef5c01fa243d5bf4e59ee6daebb04e1d,1,tlg0007.tlg015.perseus-grc1.tb.xml,4_7,915,3846.543408725874,4219.27361657607,4210.403237781302,4210.403237781302,809,915,4.2038725778424855,4.611227996258,0.4073554184155146,4.601533593203609,4.601533593203609,0.0,0.4073554184155146,
q_half,ud23,PLUTARCH,ef8134329970f595ef9ccf4198217affef5c01fa243d5bf4e59ee6daebb04e1d,1,tlg0007.tlg015.perseus-grc1.tb.xml,ge8,2493,10619.229528631267,11751.686204885336,11338.819579573532,11338.819579573532,2258,2493,4.259618743935526,4.713873327270492,0.4542545833349658,4.548262968140206,4.548262968140206,0.0,0.4542545833349658,
q_half,ud23,PLUTARCH,ef8134329970f595ef9ccf4198217affef5c01fa243d5bf4e59ee6daebb04e1d,2,tlg0007.tlg004.perseus-grc1.tb.xml,4_7,925,3943.168366758196,4356.9610104717885,4310.462694168415,4310.462694168415,820,925,4.262884720819671,4.710228119428961,0.4473433986092896,4.659959669371259,4.659959669371259,0.0,0.4473433986092896,
q_half,ud23,PLUTARCH,ef8134329970f595ef9ccf4198217affef5c01fa243d5bf4e59ee6daebb04e1d,2,tlg0007.tlg004.perseus-grc1.tb.xml,ge8,2568,11433.748516983094,12644.70168371887,12142.184788127402,12142.184788127402,2300,2568,4.452394282314289,4.923949253784606,0.4715549714703169,4.7282651044109825,4.7282651044109825,0.0,0.4715549714703169,
q_half,ud23,PLUTARCH,ef8134329970f595ef9ccf4198217affef5c01fa243d5bf4e59ee6daebb04e1d,2,tlg0007.tlg015.perseus-grc1.tb.xml,4_7,915,3851.282484834829,4218.213112672677,4105.8813891990885,4105.8813891990885,824,915,4.209051895994349,4.610068975598554,0.4010170796042054,4.487302064698458,4.487302064698458,0.0,0.4010170796042054,
q_half,ud23,PLUTARCH,ef8134329970f595ef9ccf4198217affef5c01fa243d5bf4e59ee6daebb04e1d,2,tlg0007.tlg015.perseus-grc1.tb.xml,ge8,2493,10619.226453494635,11743.858249831143,11472.588110295477,11472.588110295477,2260,2493,4.2596175104270495,4.710733353321758,0.4511158428947084,4.6019206218593975,4.6019206218593975,0.0,0.4511158428947084,
q_half,ud23,PLUTARCH,ef8134329970f595ef9ccf4198217affef5c01fa243d5bf4e59ee6daebb04e1d,3,tlg0007.tlg004.perseus-grc1.tb.xml,4_7,925,3950.1046091129265,4359.641763371831,4208.882332632887,4208.882332632887,821,925,4.270383361203164,4.71312623067225,0.44274286946908603,4.550143062305823,4.550143062305823,0.0,0.44274286946908603,
q_half,ud23,PLUTARCH,ef8134329970f595ef9ccf4198217affef5c01fa243d5bf4e59ee6daebb04e1d,3,tlg0007.tlg004.perseus-grc1.tb.xml,ge8,2568,11426.480667635431,12638.680256055868,12187.313426320425,12187.313426320425,2349,2568,4.449564122910993,4.921604461080945,0.4720403381699523,4.745838561651255,4.745838561651255,0.0,0.4720403381699523,
q_half,ud23,PLUTARCH,ef8134329970f595ef9ccf4198217affef5c01fa243d5bf4e59ee6daebb04e1d,3,tlg0007.tlg015.perseus-grc1.tb.xml,4_7,915,3851.1855754442404,4216.498822611233,4154.244778237447,4154.244778237447,803,915,4.2089459840920656,4.608195434547795,0.3992494504557298,4.540158227581909,4.540158227581909,0.0,0.3992494504557298,
q_half,ud23,PLUTARCH,ef8134329970f595ef9ccf4198217affef5c01fa243d5bf4e59ee6daebb04e1d,3,tlg0007.tlg015.perseus-grc1.tb.xml,ge8,2493,10639.680884047211,11741.056634580716,11432.688271750389,11432.688271750389,2292,2493,4.267822255935504,4.709609560601972,0.44178730466646865,4.585915873144962,4.585915873144962,0.0,0.44178730466646865,
q_half,ud23,PLUTARCH,ef8134329970f595ef9ccf4198217affef5c01fa243d5bf4e59ee6daebb04e1d,4,tlg0007.tlg004.perseus-grc1.tb.xml,4_7,925,3921.8216548778946,4356.118148831993,4287.610214408393,4287.610214408393,827,925,4.239807194462589,4.709316917656208,0.46950972319361917,4.635254285846912,4.635254285846912,0.0,0.46950972319361917,
q_half,ud23,PLUTARCH,ef8134329970f595ef9ccf4198217affef5c01fa243d5bf4e59ee6daebb04e1d,4,tlg0007.tlg004.perseus-grc1.tb.xml,ge8,2568,11454.716242681527,12648.463740927209,12127.327647101869,12127.327647101869,2339,2568,4.460559284533304,4.925414229333025,0.464854944799721,4.722479613357425,4.722479613357425,0.0,0.464854944799721,
q_half,ud23,PLUTARCH,ef8134329970f595ef9ccf4198217affef5c01fa243d5bf4e59ee6daebb04e1d,4,tlg0007.tlg015.perseus-grc1.tb.xml,4_7,915,3851.8494961422593,4216.459070683672,4214.928282319107,4214.928282319107,823,915,4.209671580483343,4.608151989818221,0.3984804093348773,4.606478997070062,4.606478997070062,0.0,0.3984804093348773,
q_half,ud23,PLUTARCH,ef8134329970f595ef9ccf4198217affef5c01fa243d5bf4e59ee6daebb04e1d,4,tlg0007.tlg015.perseus-grc1.tb.xml,ge8,2493,10626.247435823265,11743.129671341474,11366.392904901504,11366.392904901504,2260,2493,4.262433788938333,4.710441103626745,0.4480073146884118,4.559323267108505,4.559323267108505,0.0,0.4480073146884118,
q_half,ud23,PLUTARCH,ef8134329970f595ef9ccf4198217affef5c01fa243d5bf4e59ee6daebb04e1d,5,tlg0007.tlg004.perseus-grc1.tb.xml,4_7,925,3942.872573530851,4356.63600261977,4315.777170854457,4315.777170854457,818,925,4.262564944357677,4.709876759588941,0.44731181523126384,4.665705049572386,4.665705049572386,0.0,0.44731181523126384,
q_half,ud23,PLUTARCH,ef8134329970f595ef9ccf4198217affef5c01fa243d5bf4e59ee6daebb04e1d,5,tlg0007.tlg004.perseus-grc1.tb.xml,ge8,2568,11416.823545627894,12657.672318290968,12086.225634236349,12086.225634236349,2345,2568,4.445803561381579,4.929000123945081,0.48319656256350196,4.706474156634092,4.706474156634092,0.0,0.48319656256350196,
q_half,ud23,PLUTARCH,ef8134329970f595ef9ccf4198217affef5c01fa243d5bf4e59ee6daebb04e1d,5,tlg0007.tlg015.perseus-grc1.tb.xml,4_7,915,3833.0006917249702,4209.955467126723,4093.3812316015446,4093.3812316015446,801,915,4.18907179423494,4.601044226368003,0.4119724321330631,4.473640690274912,4.473640690274912,0.0,0.4119724321330631,
q_half,ud23,PLUTARCH,ef8134329970f595ef9ccf4198217affef5c01fa243d5bf4e59ee6daebb04e1d,5,tlg0007.tlg015.perseus-grc1.tb.xml,ge8,2493,10589.88087583386,11738.746032649655,11412.212192625922,11412.212192625922,2269,2493,4.247846320029627,4.708682724688991,0.46083640465936426,4.57770244389327,4.57770244389327,0.0,0.46083640465936426,
q_half,ud23,PLUTARCH,ef8134329970f595ef9ccf4198217affef5c01fa243d5bf4e59ee6daebb04e1d,6,tlg0007.tlg004.perseus-grc1.tb.xml,4_7,925,3945.44323047358,4359.192689183924,4323.02494395211,4323.02494395211,805,925,4.265344032944411,4.712640745063702,0.44729671211929123,4.673540479948227,4.673540479948227,0.0,0.44729671211929123,
q_half,ud23,PLUTARCH,ef8134329970f595ef9ccf4198217affef5c01fa243d5bf4e59ee6daebb04e1d,6,tlg0007.tlg004.perseus-grc1.tb.xml,ge8,2568,11471.966205458832,12657.027409796761,12168.233405206847,12168.233405206849,2352,2568,4.467276559758112,4.928748991353879,0.4614724315957668,4.738408646887401,4.738408646887402,8.881784197001252e-16,0.4614724315957659,
q_half,ud23,PLUTARCH,ef8134329970f595ef9ccf4198217affef5c01fa243d5bf4e59ee6daebb04e1d,6,tlg0007.tlg015.perseus-grc1.tb.xml,4_7,915,3851.8253321575708,4218.572272048097,4115.805613192627,4115.805613192627,803,915,4.209645171756908,4.610461499506117,0.40081632774920894,4.498148211139483,4.498148211139483,0.0,0.40081632774920894,
q_half,ud23,PLUTARCH,ef8134329970f595ef9ccf4198217affef5c01fa243d5bf4e59ee6daebb04e1d,6,tlg0007.tlg015.perseus-grc1.tb.xml,ge8,2493,10626.530467379873,11743.194386982927,11476.560338310908,11476.56033831091,2280,2493,4.262547319446399,4.7104670625683625,0.4479197431219637,4.603513974452831,4.603513974452832,8.881784197001252e-16,0.4479197431219628,
q_half,ud23,PLUTARCH,ef8134329970f595ef9ccf4198217affef5c01fa243d5bf4e59ee6daebb04e1d,7,tlg0007.tlg004.perseus-grc1.tb.xml,4_7,925,3931.4122537698095,4360.098454031751,4205.977616180242,4205.977616180242,815,925,4.2501754094808755,4.713619950304596,0.4634445408237209,4.547002828302964,4.547002828302964,0.0,0.4634445408237209,
q_half,ud23,PLUTARCH,ef8134329970f595ef9ccf4198217affef5c01fa243d5bf4e59ee6daebb04e1d,7,tlg0007.tlg004.perseus-grc1.tb.xml,ge8,2568,11458.389967864985,12658.115165783032,12232.33277907401,12232.33277907401,2357,2568,4.461989862875773,4.929172572345418,0.467182709469645,4.763369462256234,4.763369462256234,0.0,0.467182709469645,
q_half,ud23,PLUTARCH,ef8134329970f595ef9ccf4198217affef5c01fa243d5bf4e59ee6daebb04e1d,7,tlg0007.tlg015.perseus-grc1.tb.xml,4_7,915,3846.6259340043166,4218.383111995151,4104.762989173091,4104.762989173091,806,915,4.203962769403625,4.610254767207815,0.4062919978041899,4.486079769588078,4.486079769588078,0.0,0.4062919978041899,
q_half,ud23,PLUTARCH,ef8134329970f595ef9ccf4198217affef5c01fa243d5bf4e59ee6daebb04e1d,7,tlg0007.tlg015.perseus-grc1.tb.xml,ge8,2493,10621.11292403117,11747.029871476014,11420.388824074465,11420.388824074465,2258,2493,4.260374217421247,4.712005564170082,0.45163134674883487,4.580982280013825,4.580982280013825,0.0,0.45163134674883487,
q_half,ud23,PLUTARCH,ef8134329970f595ef9ccf4198217affef5c01fa243d5bf4e59ee6daebb04e1d,8,tlg0007.tlg004.perseus-grc1.tb.xml,4_7,925,3929.279261364899,4351.4403216365245,4345.966556318915,4345.9665563189155,812,925,4.247869471745837,4.704259807174621,0.45639033542878416,4.698342223047475,4.698342223047476,8.881784197001252e-16,0.45639033542878327,
q_half,ud23,PLUTARCH,ef8134329970f595ef9ccf4198217affef5c01fa243d5bf4e59ee6daebb04e1d,8,tlg0007.tlg004.perseus-grc1.tb.xml,ge8,2568,11430.968528792473,12627.795259081668,11988.304687804437,11988.304687804437,2333,2568,4.451311732395823,4.9173657550941074,0.4660540226982848,4.668342946964344,4.668342946964344,0.0,0.4660540226982848,
q_half,ud23,PLUTARCH,ef8134329970f595ef9ccf4198217affef5c01fa243d5bf4e59ee6daebb04e1d,8,tlg0007.tlg015.perseus-grc1.tb.xml,4_7,915,3859.9932536065985,4213.851386599522,4109.964354807816,4109.964354807816,815,915,4.218571861865135,4.605302061857401,0.3867301999922663,4.491764322194334,4.491764322194334,0.0,0.3867301999922663,
q_half,ud23,PLUTARCH,ef8134329970f595ef9ccf4198217affef5c01fa243d5bf4e59ee6daebb04e1d,8,tlg0007.tlg015.perseus-grc1.tb.xml,ge8,2493,10667.012381167975,11740.373827417003,11452.454435106676,11452.454435106676,2221,2493,4.278785552012826,4.709335670845167,0.4305501188323415,4.593844538751174,4.593844538751174,0.0,0.4305501188323415,
q_half,ud23,PLUTARCH,ef8134329970f595ef9ccf4198217affef5c01fa243d5bf4e59ee6daebb04e1d,9,tlg0007.tlg004.perseus-grc1.tb.xml,4_7,925,3930.2268877340152,4354.043733177737,4355.422058909085,4355.422058909085,831,925,4.248893932685422,4.707074306138094,0.45818037345267193,4.708564388009822,4.708564388009822,0.0,0.45818037345267193,
q_half,ud23,PLUTARCH,ef8134329970f595ef9ccf4198217affef5c01fa243d5bf4e59ee6daebb04e1d,9,tlg0007.tlg004.perseus-grc1.tb.xml,ge8,2568,11416.198606304726,12665.70021699684,12107.364246323601,12107.364246323601,2323,2568,4.4455602049473235,4.932126252724626,0.48656604777730283,4.7147057033970405,4.7147057033970405,0.0,0.48656604777730283,
q_half,ud23,PLUTARCH,ef8134329970f595ef9ccf4198217affef5c01fa243d5bf4e59ee6daebb04e1d,9,tlg0007.tlg015.perseus-grc1.tb.xml,4_7,915,3860.130839825832,4217.158555690139,4166.773494770694,4166.773494770694,808,915,4.218722229317849,4.608916454306163,0.39019422498831435,4.553850813957043,4.553850813957043,0.0,0.39019422498831435,
q_half,ud23,PLUTARCH,ef8134329970f595ef9ccf4198217affef5c01fa243d5bf4e59ee6daebb04e1d,9,tlg0007.tlg015.perseus-grc1.tb.xml,ge8,2493,10607.200939402477,11746.318940179144,11403.830412995281,11403.830412995281,2270,2493,4.254793798396501,4.71172039317254,0.45692659477603925,4.574340318088761,4.574340318088761,0.0,0.45692659477603925,
upos,upos_only,THUCYDIDES,1a32cf6857284fff7c7f006f8d0cd4ab15a047af7a4bcd5613d1fd50789dd4ee,0,tlg0003.tlg001.perseus-grc1.1.tb.xml,4_7,1989,5613.3211022857895,6039.995826256697,5999.748328764304,5999.748328764304,1591,1989,2.822182555196475,3.0366997618183493,0.21451720662187412,3.016464720344044,3.016464720344044,0.0,0.21451720662187412,
upos,upos_only,THUCYDIDES,1a32cf6857284fff7c7f006f8d0cd4ab15a047af7a4bcd5613d1fd50789dd4ee,0,tlg0003.tlg001.perseus-grc1.1.tb.xml,ge8,5238,14651.784417916766,15993.152589707483,15935.635060336519,15935.635060336519,4296,5238,2.7972097017786877,3.053293736102994,0.2560840343243065,3.0423129172081937,3.0423129172081937,0.0,0.2560840343243065,
upos,upos_only,THUCYDIDES,1a32cf6857284fff7c7f006f8d0cd4ab15a047af7a4bcd5613d1fd50789dd4ee,1,tlg0003.tlg001.perseus-grc1.1.tb.xml,4_7,1989,5625.773881642187,6043.291085032904,6022.93332465814,6022.93332465814,1596,1989,2.8284433794078367,3.038356503284517,0.20991312387668026,3.0281213296421017,3.0281213296421017,0.0,0.20991312387668026,
upos,upos_only,THUCYDIDES,1a32cf6857284fff7c7f006f8d0cd4ab15a047af7a4bcd5613d1fd50789dd4ee,1,tlg0003.tlg001.perseus-grc1.1.tb.xml,ge8,5238,14656.444891559267,15996.92339815687,15932.051931783077,15932.051931783077,4342,5238,2.798099444742128,3.0540136308050534,0.25591418606292526,3.0416288529559137,3.0416288529559137,0.0,0.25591418606292526,
upos,upos_only,THUCYDIDES,1a32cf6857284fff7c7f006f8d0cd4ab15a047af7a4bcd5613d1fd50789dd4ee,2,tlg0003.tlg001.perseus-grc1.1.tb.xml,4_7,1989,5618.537898896254,6040.013884423318,5988.031039890483,5988.031039890483,1631,1989,2.8248053790328074,3.0367088408362584,0.211903461803451,3.010573675158614,3.010573675158614,0.0,0.211903461803451,
upos,upos_only,THUCYDIDES,1a32cf6857284fff7c7f006f8d0cd4ab15a047af7a4bcd5613d1fd50789dd4ee,2,tlg0003.tlg001.perseus-grc1.1.tb.xml,ge8,5238,14693.046933891128,15989.210821833674,15927.380406700264,15927.380406700264,4357,5238,2.805087234419841,3.0525412030992123,0.24745396867937108,3.040737000133689,3.040737000133689,0.0,0.24745396867937108,
upos,upos_only,THUCYDIDES,1a32cf6857284fff7c7f006f8d0cd4ab15a047af7a4bcd5613d1fd50789dd4ee,3,tlg0003.tlg001.perseus-grc1.1.tb.xml,4_7,1989,5623.358503608338,6041.552696333897,5941.017076786168,5941.017076786168,1626,1989,2.827229011366686,3.03748250192755,0.21025349056086418,2.986936690189124,2.986936690189124,0.0,0.21025349056086418,
upos,upos_only,THUCYDIDES,1a32cf6857284fff7c7f006f8d0cd4ab15a047af7a4bcd5613d1fd50789dd4ee,3,tlg0003.tlg001.perseus-grc1.1.tb.xml,ge8,5238,14665.317373576312,15993.566473044188,15963.503509430635,15963.503509430635,4353,5238,2.7997933130157144,3.053372751631193,0.2535794386154784,3.0476333542250162,3.0476333542250162,0.0,0.2535794386154784,
upos,upos_only,THUCYDIDES,1a32cf6857284fff7c7f006f8d0cd4ab15a047af7a4bcd5613d1fd50789dd4ee,4,tlg0003.tlg001.perseus-grc1.1.tb.xml,4_7,1989,5593.11862080702,6040.577236632953,5977.2632531111385,5977.263253112479,1625,1989,2.8120254503806033,3.0369920747274777,0.22496662434687442,3.0051600065918245,3.005160006592498,6.73683331342545e-13,0.22496662434620074,
upos,upos_only,THUCYDIDES,1a32cf6857284fff7c7f006f8d0cd4ab15a047af7a4bcd5613d1fd50789dd4ee,4,tlg0003.tlg001.perseus-grc1.1.tb.xml,ge8,5238,14624.954583931129,15995.9127492046,15906.674632200085,15906.674632204007,4334,5238,2.792087549433205,3.0538206852242458,0.2617331357910406,3.0367840076747012,3.03678400767545,7.487344078072056e-13,0.2617331357902919,
upos,upos_only,THUCYDIDES,1a32cf6857284fff7c7f006f8d0cd4ab15a047af7a4bcd5613d1fd50789dd4ee,5,tlg0003.tlg001.perseus-grc1.1.tb.xml,4_7,1989,5611.0712767824925,6041.729441344891,5999.074379956477,5999.074379956477,1597,1989,2.8210514212078897,3.0375713631698797,0.2165199419619901,3.0161258823310595,3.0161258823310595,0.0,0.2165199419619901,
upos,upos_only,THUCYDIDES,1a32cf6857284fff7c7f006f8d0cd4ab15a047af7a4bcd5613d1fd50789dd4ee,5,tlg0003.tlg001.perseus-grc1.1.tb.xml,ge8,5238,14654.266567477809,15997.616903165419,15882.87563866238,15882.87563866238,4337,5238,2.7976835753107694,3.054146029623028,0.25646245431225845,3.032240480844288,3.032240480844288,0.0,0.25646245431225845,
upos,upos_only,THUCYDIDES,1a32cf6857284fff7c7f006f8d0cd4ab15a047af7a4bcd5613d1fd50789dd4ee,6,tlg0003.tlg001.perseus-grc1.1.tb.xml,4_7,1989,5634.927439002665,6042.552286484856,5995.140868481889,5995.140868482011,1616,1989,2.833045469584045,3.037985061078359,0.2049395914943144,3.0141482496138203,3.0141482496138816,6.128431095930864e-14,0.20493959149425311,
upos,upos_only,THUCYDIDES,1a32cf6857284fff7c7f006f8d0cd4ab15a047af7a4bcd5613d1fd50789dd4ee,6,tlg0003.tlg001.perseus-grc1.1.tb.xml,ge8,5238,14686.201506757869,15995.09753204164,15894.891450522891,15894.891450523266,4371,5238,2.803780356387527,3.053665050027041,0.2498846936395136,3.034534450271648,3.0345344502717193,7.149836278586008e-14,0.2498846936394421,
upos,upos_only,THUCYDIDES,1a32cf6857284fff7c7f006f8d0cd4ab15a047af7a4bcd5613d1fd50789dd4ee,7,tlg0003.tlg001.perseus-grc1.1.tb.xml,4_7,1989,5603.311044697129,6043.66698065686,6044.536126589589,6044.536126589589,1615,1989,2.8171498465043383,3.0385454905263245,0.2213956440219862,3.0389824668625383,3.0389824668625383,0.0,0.2213956440219862,
upos,upos_only,THUCYDIDES,1a32cf6857284fff7c7f006f8d0cd4ab15a047af7a4bcd5613d1fd50789dd4ee,7,tlg0003.tlg001.perseus-grc1.1.tb.xml,ge8,5238,14660.598969689296,16003.687699972537,15878.113509811255,15878.113509811255,4350,5238,2.7988925104408735,3.0553050209951387,0.25641251055426517,3.0313313306245235,3.0313313306245235,0.0,0.25641251055426517,
upos,upos_only,THUCYDIDES,1a32cf6857284fff7c7f006f8d0cd4ab15a047af7a4bcd5613d1fd50789dd4ee,8,tlg0003.tlg001.perseus-grc1.1.tb.xml,4_7,1989,5605.675248636171,6044.597023183157,6016.572722825332,6016.572722829051,1619,1989,2.818338485991036,3.0390130835511098,0.22067459756007368,3.0249234403345056,3.0249234403363756,1.8700596626786137e-12,0.22067459755820362,
upos,upos_only,THUCYDIDES,1a32cf6857284fff7c7f006f8d0cd4ab15a047af7a4bcd5613d1fd50789dd4ee,8,tlg0003.tlg001.perseus-grc1.1.tb.xml,ge8,5238,14674.750149710462,16000.689096261962,15913.950621964479,15913.950621974724,4327,5238,2.8015941484746967,3.0547325498781905,0.25313840140349386,3.0381730855220463,3.038173085524002,1.9557688801796758e-12,0.2531384014015381,
upos,upos_only,THUCYDIDES,1a32cf6857284fff7c7f006f8d0cd4ab15a047af7a4bcd5613d1fd50789dd4ee,9,tlg0003.tlg001.perseus-grc1.1.tb.xml,4_7,1989,5616.037290983942,6044.41740604965,6018.623349809719,6018.623349809719,1616,1989,2.823548160374028,3.0389227783055053,0.21537461793147727,3.0259544242381695,3.0259544242381695,0.0,0.21537461793147727,
upos,upos_only,THUCYDIDES,1a32cf6857284fff7c7f006f8d0cd4ab15a047af7a4bcd5613d1fd50789dd4ee,9,tlg0003.tlg001.perseus-grc1.1.tb.xml,ge8,5238,14695.149896655026,16002.135505657541,15982.315069070914,15982.315069070914,4309,5238,2.8054887164289855,3.055008687601669,0.24951997117268343,3.0512247172720337,3.0512247172720337,0.0,0.24951997117268343,
upos,upos_only,HOMERIC_TRADITION,209ee9f27c82f31d31eb16124569039d7847ed327f3a0f2b5c4eae048347e621,0,tlg0012.tlg001.perseus-grc1.tb.xml,4_7,19783,53835.511245613314,55227.99317161802,56461.43076482205,56461.43076482205,15018,19783,2.7213016855690904,2.7916894895424367,0.07038780397334632,2.8540378489016858,2.8540378489016858,0.0,0.07038780397334632,
upos,upos_only,HOMERIC_TRADITION,209ee9f27c82f31d31eb16124569039d7847ed327f3a0f2b5c4eae048347e621,0,tlg0012.tlg001.perseus-grc1.tb.xml,ge8,25732,72063.70269986008,73338.62435635482,74294.31144382917,74294.31144382917,20172,25732,2.8005480607749136,2.8500942156208153,0.049546154845901746,2.8872342392285546,2.8872342392285546,0.0,0.049546154845901746,
upos,upos_only,HOMERIC_TRADITION,209ee9f27c82f31d31eb16124569039d7847ed327f3a0f2b5c4eae048347e621,0,tlg0013.tlg002.perseus-grc1.tb.xml,4_7,458,1284.8622810170625,1302.6808095426304,1408.3473374096232,1408.3473374096232,349,458,2.805376159425901,2.844281243542861,0.038905084116960253,3.0749941864838934,3.0749941864838934,0.0,0.038905084116960253,
upos,upos_only,HOMERIC_TRADITION,209ee9f27c82f31d31eb16124569039d7847ed327f3a0f2b5c4eae048347e621,0,tlg0013.tlg002.perseus-grc1.tb.xml,ge8,661,1854.1974324941693,1956.7986455833793,2000.6914769982766,2000.6914769982766,528,661,2.8051398373588037,2.960361037191194,0.15522119983239024,3.0267647155798434,3.0267647155798434,0.0,0.15522119983239024,
upos,upos_only,HOMERIC_TRADITION,209ee9f27c82f31d31eb16124569039d7847ed327f3a0f2b5c4eae048347e621,1,tlg0012.tlg001.perseus-grc1.tb.xml,4_7,19783,53885.85515970664,55226.71006943675,56504.99628119342,56504.99628119342,15053,19783,2.723846492428178,2.7916246307150963,0.06777813828691848,2.8562400182577674,2.8562400182577674,0.0,0.06777813828691848,
upos,upos_only,HOMERIC_TRADITION,209ee9f27c82f31d31eb16124569039d7847ed327f3a0f2b5c4eae048347e621,1,tlg0012.tlg001.perseus-grc1.tb.xml,ge8,25732,72135.70964719103,73338.57931088872,74240.36151358427,74240.36151358427,20310,25732,2.80334640320189,2.8500924650586317,0.04674606185674168,2.885137630716006,2.885137630716006,0.0,0.04674606185674168,
upos,upos_only,HOMERIC_TRADITION,209ee9f27c82f31d31eb16124569039d7847ed327f3a0f2b5c4eae048347e621,1,tlg0013.tlg002.perseus-grc1.tb.xml,4_7,458,1291.7029025271559,1302.3921640382882,1393.339866478427,1393.339866478427,351,458,2.820312014251432,2.8436510131840356,0.023338998932603605,3.042226782703989,3.042226782703989,0.0,0.023338998932603605,
upos,upos_only,HOMERIC_TRADITION,209ee9f27c82f31d31eb16124569039d7847ed327f3a0f2b5c4eae048347e621,1,tlg0013.tlg002.perseus-grc1.tb.xml,ge8,661,1858.5937270262455,1956.2603304301772,2019.9192539504807,2019.9192539504807,523,661,2.811790812445152,2.9595466421031427,0.14775582965799083,3.0558536368388514,3.0558536368388514,0.0,0.14775582965799083,
upos,upos_only,HOMERIC_TRADITION,209ee9f27c82f31d31eb16124569039d7847ed327f3a0f2b5c4eae048347e621,2,tlg0012.tlg001.perseus-grc1.tb.xml,4_7,19783,53881.464254538165,55237.187778645486,56410.795450937214,56410.795450937214,15160,19783,2.723624538974785,2.792154262682378,0.06852972370759325,2.8514783122346063,2.8514783122346063,0.0,0.06852972370759325,
upos,upos_only,HOMERIC_TRADITION,209ee9f27c82f31d31eb16124569039d7847ed327f3a0f2b5c4eae048347e621,2,tlg0012.tlg001.perseus-grc1.tb.xml,ge8,25732,72396.85856439758,73349.71933812823,74169.82221364572,74169.82221364572,20160,25732,2.813495203031151,2.8505253901029155,0.03703018707176442,2.882396324174014,2.882396324174014,0.0,0.03703018707176442,
upos,upos_only,HOMERIC_TRADITION,209ee9f27c82f31d31eb16124569039d7847ed327f3a0f2b5c4eae048347e621,2,tlg0013.tlg002.perseus-grc1.tb.xml,4_7,458,1288.9336024773163,1303.1179598879894,1378.6267178537282,1378.6267178537282,355,458,2.8142655075923937,2.8452357202794527,0.030970212687059018,3.0101020040474413,3.0101020040474413,0.0,0.030970212687059018,
upos,upos_only,HOMERIC_TRADITION,209ee9f27c82f31d31eb16124569039d7847ed327f3a0f2b5c4eae048347e621,2,tlg0013.tlg002.perseus-grc1.tb.xml,ge8,661,1860.3629593780536,1957.53729979403,1983.2013468595615,1983.2013468595615,533,661,2.8144674120696727,2.9614785170862787,0.14701110501660608,3.000304609469836,3.000304609469836,0.0,0.14701110501660608,
upos,upos_only,HOMERIC_TRADITION,209ee9f27c82f31d31eb16124569039d7847ed327f3a0f2b5c4eae048347e621,3,tlg0012.tlg001.perseus-grc1.tb.xml,4_7,19783,53808.92657515485,55211.23406753688,56491.67442566454,56491.67442566454,15182,19783,2.719957871665311,2.7908423427961826,0.0708844711308716,2.855566619100467,2.855566619100467,0.0,0.0708844711308716,
upos,upos_only,HOMERIC_TRADITION,209ee9f27c82f31d31eb16124569039d7847ed327f3a0f2b5c4eae048347e621,3,tlg0012.tlg001.perseus-grc1.tb.xml,ge8,25732,72115.26074282496,73299.35258595896,74090.59139904486,74090.59139904486,20334,25732,2.8025517154836375,2.84856803147672,0.046016315993082646,2.879317246970498,2.879317246970498,0.0,0.046016315993082646,
upos,upos_only,HOMERIC_TRADITION,209ee9f27c82f31d31eb16124569039d7847ed327f3a0f2b5c4eae048347e621,3,tlg0013.tlg002.perseus-grc1.tb.xml,4_7,458,1282.922011390189,1302.2298158474048,1373.2965377931357,1373.2965377931357,335,458,2.8011397628606747,2.8432965411515387,0.04215677829086406,2.99846405631689,2.99846405631689,0.0,0.04215677829086406,
upos,upos_only,HOMERIC_TRADITION,209ee9f27c82f31d31eb16124569039d7847ed327f3a0f2b5c4eae048347e621,3,tlg0013.tlg002.perseus-grc1.tb.xml,ge8,661,1852.7499813941206,1956.0656362363657,2016.054402924062,2016.054402924062,520,661,2.8029500474948876,2.9592520971805834,0.15630204968569572,3.0500066610046326,3.0500066610046326,0.0,0.15630204968569572,
upos,upos_only,HOMERIC_TRADITION,209ee9f27c82f31d31eb16124569039d7847ed327f3a0f2b5c4eae048347e621,4,tlg0012.tlg001.perseus-grc1.tb.xml,4_7,19783,53912.40310517542,55258.527117244914,56523.339878049585,56523.339878049585,15075,19783,2.7251884499406267,2.793232933187328,0.06804448324670131,2.8571672586589285,2.8571672586589285,0.0,0.06804448324670131,
upos,upos_only,HOMERIC_TRADITION,209ee9f27c82f31d31eb16124569039d7847ed327f3a0f2b5c4eae048347e621,4,tlg0012.tlg001.perseus-grc1.tb.xml,ge8,25732,72142.96381521788,73381.8974448731,74295.25313973,74295.25313973,20191,25732,2.803628315529997,2.8517758994587714,0.048147583928774385,2.8872708355250274,2.8872708355250274,0.0,0.048147583928774385,
upos,upos_only,HOMERIC_TRADITION,209ee9f27c82f31d31eb16124569039d7847ed327f3a0f2b5c4eae048347e621,4,tlg0013.tlg002.perseus-grc1.tb.xml,4_7,458,1289.2385611557388,1303.1139906220706,1373.9957019953492,1373.9957019953492,346,458,2.8149313562352374,2.8452270537599795,0.03029569752474215,2.9999906157103693,2.9999906157103693,0.0,0.03029569752474215,
upos,upos_only,HOMERIC_TRADITION,209ee9f27c82f31d31eb16124569039d7847ed327f3a0f2b5c4eae048347e621,4,tlg0013.tlg002.perseus-grc1.tb.xml,ge8,661,1864.002316480373,1957.56786786649,2005.7493784948074,2005.7493784948074,539,661,2.8199732473228036,2.961524762279107,0.14155151495630358,3.034416608918014,3.034416608918014,0.0,0.14155151495630358,
upos,upos_only,HOMERIC_TRADITION,209ee9f27c82f31d31eb16124569039d7847ed327f3a0f2b5c4eae048347e621,5,tlg0012.tlg001.perseus-grc1.tb.xml,4_7,19783,53888.10824445797,55247.91899791085,56463.008596182146,56463.008596182146,15150,19783,2.7239603823716307,2.7926967091902566,0.06873632681862585,2.8541176058323887,2.8541176058323887,0.0,0.06873632681862585,
upos,upos_only,HOMERIC_TRADITION,209ee9f27c82f31d31eb16124569039d7847ed327f3a0f2b5c4eae048347e621,5,tlg0012.tlg001.perseus-grc1.tb.xml,ge8,25732,72197.88285587278,73362.97874100364,74245.87383353196,74245.87383353196,20145,25732,2.8057625857248865,2.85104067857157,0.04527809284668338,2.885351851139902,2.885351851139902,0.0,0.04527809284668338,
upos,upos_only,HOMERIC_TRADITION,209ee9f27c82f31d31eb16124569039d7847ed327f3a0f2b5c4eae048347e621,5,tlg0013.tlg002.perseus-grc1.tb.xml,4_7,458,1289.961207845728,1302.9305459556385,1384.1746891593318,1384.1746891593318,347,458,2.8165091874360875,2.844826519553796,0.02831733211770837,3.022215478513825,3.022215478513825,0.0,0.02831733211770837,
upos,upos_only,HOMERIC_TRADITION,209ee9f27c82f31d31eb16124569039d7847ed327f3a0f2b5c4eae048347e621,5,tlg0013.tlg002.perseus-grc1.tb.xml,ge8,661,1863.6370778944408,1956.365975256759,1978.2435358361822,1978.2435358361822,526,661,2.819420692729865,2.959706467861965,0.14028577513209983,2.992804138935223,2.992804138935223,0.0,0.14028577513209983,
upos,upos_only,HOMERIC_TRADITION,209ee9f27c82f31d31eb16124569039d7847ed327f3a0f2b5c4eae048347e621,6,tlg0012.tlg001.perseus-grc1.tb.xml,4_7,19783,53918.457671573306,55259.5044974562,56483.64034278513,56483.64034278513,15173,19783,2.7254944988916394,2.7932823382427436,0.06778783935110422,2.855160508658198,2.855160508658198,0.0,0.06778783935110422,
upos,upos_only,HOMERIC_TRADITION,209ee9f27c82f31d31eb16124569039d7847ed327f3a0f2b5c4eae048347e621,6,tlg0012.tlg001.perseus-grc1.tb.xml,ge8,25732,72198.78104888478,73364.7882318973,74193.70903930979,74193.70903930979,20228,25732,2.8057974914069943,2.8511109992187667,0.04531350781177235,2.8833246167927014,2.8833246167927014,0.0,0.04531350781177235,
upos,upos_only,HOMERIC_TRADITION,209ee9f27c82f31d31eb16124569039d7847ed327f3a0f2b5c4eae048347e621,6,tlg0013.tlg002.perseus-grc1.tb.xml,4_7,458,1288.5695331884515,1302.9805588636398,1416.6457550957637,1416.6457550957637,342,458,2.813470596481335,2.8449357180428816,0.03146512156154646,3.093113002392497,3.093113002392497,0.0,0.03146512156154646,
upos,upos_only,HOMERIC_TRADITION,209ee9f27c82f31d31eb16124569039d7847ed327f3a0f2b5c4eae048347e621,6,tlg0013.tlg002.perseus-grc1.tb.xml,ge8,661,1862.1732846923148,1956.8069872118178,1975.1334043388576,1975.1334043388576,520,661,2.817206179564773,2.9603736569013885,0.1431674773366156,2.9880989475625683,2.9880989475625683,0.0,0.1431674773366156,
upos,upos_only,HOMERIC_TRADITION,209ee9f27c82f31d31eb16124569039d7847ed327f3a0f2b5c4eae048347e621,7,tlg0012.tlg001.perseus-grc1.tb.xml,4_7,19783,53920.5391809927,55261.39046715285,56556.45903824,56556.45903824,15196,19783,2.7255997159678866,2.7933776710889577,0.0677779551210711,2.8588413808947073,2.8588413808947073,0.0,0.0677779551210711,
upos,upos_only,HOMERIC_TRADITION,209ee9f27c82f31d31eb16124569039d7847ed327f3a0f2b5c4eae048347e621,7,tlg0012.tlg001.perseus-grc1.tb.xml,ge8,25732,72211.16172997691,73376.43825542326,74157.65893018423,74157.65893018423,20148,25732,2.8062786308867134,2.85156374379851,0.0452851129117966,2.8819236332264975,2.8819236332264975,0.0,0.0452851129117966,
upos,upos_only,HOMERIC_TRADITION,209ee9f27c82f31d31eb16124569039d7847ed327f3a0f2b5c4eae048347e621,7,tlg0013.tlg002.perseus-grc1.tb.xml,4_7,458,1283.796187584825,1302.8308013978083,1391.6612117107395,1391.6612117107395,345,458,2.8030484445083514,2.844608736676437,0.041560292168085766,3.038561597621702,3.038561597621702,0.0,0.041560292168085766,
upos,upos_only,HOMERIC_TRADITION,209ee9f27c82f31d31eb16124569039d7847ed327f3a0f2b5c4eae048347e621,7,tlg0013.tlg002.perseus-grc1.tb.xml,ge8,661,1860.0185236612872,1956.861178643195,1996.525904492704,1996.525904492704,527,661,2.8139463292909035,2.9604556409125493,0.14650931162164582,3.0204627904579486,3.0204627904579486,0.0,0.14650931162164582,
upos,upos_only,HOMERIC_TRADITION,209ee9f27c82f31d31eb16124569039d7847ed327f3a0f2b5c4eae048347e621,8,tlg0012.tlg001.perseus-grc1.tb.xml,4_7,19783,53879.211256322895,55267.18904083645,56721.25167320758,56721.25167320758,15114,19783,2.7235106534055955,2.7936707800048755,0.07016012659927995,2.8671713932774394,2.8671713932774394,0.0,0.07016012659927995,
upos,upos_only,HOMERIC_TRADITION,209ee9f27c82f31d31eb16124569039d7847ed327f3a0f2b5c4eae048347e621,8,tlg0012.tlg001.perseus-grc1.tb.xml,ge8,25732,72136.68797870565,73382.00719055814,74237.76072214756,74237.76072214756,20214,25732,2.8033844232358796,2.851780164408446,0.04839574117256662,2.8850365584543587,2.8850365584543587,0.0,0.04839574117256662,
upos,upos_only,HOMERIC_TRADITION,209ee9f27c82f31d31eb16124569039d7847ed327f3a0f2b5c4eae048347e621,8,tlg0013.tlg002.perseus-grc1.tb.xml,4_7,458,1287.6871664731816,1303.6695740389894,1402.1399664555415,1402.1399664555415,360,458,2.811544031600833,2.8464401179890597,0.03489608638822661,3.0614409747937588,3.0614409747937588,0.0,0.03489608638822661,
upos,upos_only,HOMERIC_TRADITION,209ee9f27c82f31d31eb16124569039d7847ed327f3a0f2b5c4eae048347e621,8,tlg0013.tlg002.perseus-grc1.tb.xml,ge8,661,1857.1865624637824,1958.1905412674216,1992.8003655349366,1992.8003655349366,520,661,2.809661970444451,2.9624667795271127,0.15280480908266147,3.01482657418296,3.01482657418296,0.0,0.15280480908266147,
upos,upos_only,HOMERIC_TRADITION,209ee9f27c82f31d31eb16124569039d7847ed327f3a0f2b5c4eae048347e621,9,tlg0012.tlg001.perseus-grc1.tb.xml,4_7,19783,53913.474262199416,55264.75988323752,56460.68842108804,56460.68842108804,15044,19783,2.7252425952686354,2.793547989851768,0.06830539458313245,2.854000324576052,2.854000324576052,0.0,0.06830539458313245,
upos,upos_only,HOMERIC_TRADITION,209ee9f27c82f31d31eb16124569039d7847ed327f3a0f2b5c4eae048347e621,9,tlg0012.tlg001.perseus-grc1.tb.xml,ge8,25732,72128.881514918,73375.87598306588,74280.00780618594,74280.00780618594,20154,25732,2.8030810475251826,2.8515418927042546,0.04846084517907201,2.886678369585961,2.886678369585961,0.0,0.04846084517907201,
upos,upos_only,HOMERIC_TRADITION,209ee9f27c82f31d31eb16124569039d7847ed327f3a0f2b5c4eae048347e621,9,tlg0013.tlg002.perseus-grc1.tb.xml,4_7,458,1289.2246182118695,1303.7988296837432,1394.4985042871376,1394.4985042871376,342,458,2.8149009131263525,2.8467223355540243,0.03182142242767183,3.0447565595789032,3.0447565595789032,0.0,0.03182142242767183,
upos,upos_only,HOMERIC_TRADITION,209ee9f27c82f31d31eb16124569039d7847ed327f3a0f2b5c4eae048347e621,9,tlg0013.tlg002.perseus-grc1.tb.xml,ge8,661,1862.3605836683316,1958.454369142534,1989.1958434912299,1989.1958434912299,525,661,2.8174895365632855,2.9628659139826534,0.14537637741936793,3.00937343947236,3.00937343947236,0.0,0.14537637741936793,
upos,upos_only,ATHENAEUS,4352f04fcfd7cbe580caddf69f309034ffb967d5d1bc8a8e809498de5bf8d329,0,tlg0008.tlg001.perseus-grc1.tb.xml,4_7,5641,15533.922009405096,16698.66865196225,16729.345201912518,16729.345201912518,4413,5641,2.7537532369092528,2.960231989356896,0.20647875244764302,2.965670129748718,2.965670129748718,0.0,0.20647875244764302,
upos,upos_only,ATHENAEUS,4352f04fcfd7cbe580caddf69f309034ffb967d5d1bc8a8e809498de5bf8d329,0,tlg0008.tlg001.perseus-grc1.tb.xml,ge8,11050,29776.973524407927,32923.09818978631,33076.572951485425,33076.572951485425,9006,11050,2.6947487352405366,2.9794658995281726,0.28471716428763605,2.993355018233975,2.993355018233975,0.0,0.28471716428763605,
upos,upos_only,ATHENAEUS,4352f04fcfd7cbe580caddf69f309034ffb967d5d1bc8a8e809498de5bf8d329,1,tlg0008.tlg001.perseus-grc1.tb.xml,4_7,5641,15502.378279013768,16698.989486253475,16721.982023297867,16721.982023297867,4493,5641,2.7481613683768424,2.9602888647852286,0.21212749640838613,2.964364833061136,2.964364833061136,0.0,0.21212749640838613,
upos,upos_only,ATHENAEUS,4352f04fcfd7cbe580caddf69f309034ffb967d5d1bc8a8e809498de5bf8d329,1,tlg0008.tlg001.perseus-grc1.tb.xml,ge8,11050,29798.074659612732,32930.23973233348,33012.40670798768,33012.40670798768,8991,11050,2.6966583402364463,2.980112192971356,0.28345385273490953,2.9875481183699253,2.9875481183699253,0.0,0.28345385273490953,
upos,upos_only,ATHENAEUS,4352f04fcfd7cbe580caddf69f309034ffb967d5d1bc8a8e809498de5bf8d329,2,tlg0008.tlg001.perseus-grc1.tb.xml,4_7,5641,15493.115453723078,16698.26717502546,16719.194061454684,16719.194061454684,4526,5641,2.7465193146114304,2.960160818121868,0.21364150351043776,2.963870601215154,2.963870601215154,0.0,0.21364150351043776,
upos,upos_only,ATHENAEUS,4352f04fcfd7cbe580caddf69f309034ffb967d5d1bc8a8e809498de5bf8d329,2,tlg0008.tlg001.perseus-grc1.tb.xml,ge8,11050,29824.43287234304,32927.38645773385,33123.73909561765,33123.73909561765,8941,11050,2.699043698854574,2.979853978075462,0.28081027922088797,2.9976234475672086,2.9976234475672086,0.0,0.28081027922088797,
upos,upos_only,ATHENAEUS,4352f04fcfd7cbe580caddf69f309034ffb967d5d1bc8a8e809498de5bf8d329,3,tlg0008.tlg001.perseus-grc1.tb.xml,4_7,5641,15512.02943078052,16694.61226921648,16627.39326570481,16627.39326570481,4461,5641,2.7498722621486476,2.9595129000561036,0.20964063790745602,2.9475967498147155,2.9475967498147155,0.0,0.20964063790745602,
upos,upos_only,ATHENAEUS,4352f04fcfd7cbe580caddf69f309034ffb967d5d1bc8a8e809498de5bf8d329,3,tlg0008.tlg001.perseus-grc1.tb.xml,ge8,11050,29790.20566132497,32916.81732359028,33161.42307766274,33161.42307766274,9021,11050,2.6959462136945676,2.9788974953475367,0.2829512816529691,3.001033762684411,3.001033762684411,0.0,0.2829512816529691,
upos,upos_only,ATHENAEUS,4352f04fcfd7cbe580caddf69f309034ffb967d5d1bc8a8e809498de5bf8d329,4,tlg0008.tlg001.perseus-grc1.tb.xml,4_7,5641,15461.99349157578,16702.9180644445,16746.837461591014,16746.837461591014,4482,5641,2.741002214425772,2.9609852977210602,0.21998308329528804,2.9687710444231543,2.9687710444231543,0.0,0.21998308329528804,
upos,upos_only,ATHENAEUS,4352f04fcfd7cbe580caddf69f309034ffb967d5d1bc8a8e809498de5bf8d329,4,tlg0008.tlg001.perseus-grc1.tb.xml,ge8,11050,29700.405349204466,32935.10496114934,33074.547191936465,33074.547191936465,8935,11050,2.687819488615789,2.980552485171886,0.2927329965560972,2.9931716915779605,2.9931716915779605,0.0,0.2927329965560972,
upos,upos_only,ATHENAEUS,4352f04fcfd7cbe580caddf69f309034ffb967d5d1bc8a8e809498de5bf8d329,5,tlg0008.tlg001.perseus-grc1.tb.xml,4_7,5641,15451.358178823792,16700.78527665252,16757.522185580725,16757.52218558095,4534,5641,2.739116854959013,2.9606072108939054,0.2214903559348924,2.9706651631945977,2.9706651631946377,3.9968028886505635e-14,0.22149035593485245,
upos,upos_only,ATHENAEUS,4352f04fcfd7cbe580caddf69f309034ffb967d5d1bc8a8e809498de5bf8d329,5,tlg0008.tlg001.perseus-grc1.tb.xml,ge8,11050,29697.535452487748,32929.63601522081,33076.71929654352,33076.71929654612,8930,11050,2.6875597694559046,2.9800575579385344,0.29249778848262986,2.9933682621306352,2.9933682621308706,2.353672812205332e-13,0.2924977884823945,
upos,upos_only,ATHENAEUS,4352f04fcfd7cbe580caddf69f309034ffb967d5d1bc8a8e809498de5bf8d329,6,tlg0008.tlg001.perseus-grc1.tb.xml,4_7,5641,15498.92644463183,16695.526190140503,16799.519189939438,16799.519189939438,4512,5641,2.747549449500413,2.959674914047244,0.21212546454683068,2.9781101205352662,2.9781101205352662,0.0,0.21212546454683068,
upos,upos_only,ATHENAEUS,4352f04fcfd7cbe580caddf69f309034ffb967d5d1bc8a8e809498de5bf8d329,6,tlg0008.tlg001.perseus-grc1.tb.xml,ge8,11050,29731.15109145466,32919.03430591481,33056.76933153211,33056.76933153211,8984,11050,2.6906019087289286,2.9790981272321093,0.28849621850318075,2.99156283543277,2.99156283543277,0.0,0.28849621850318075,
upos,upos_only,ATHENAEUS,4352f04fcfd7cbe580caddf69f309034ffb967d5d1bc8a8e809498de5bf8d329,7,tlg0008.tlg001.perseus-grc1.tb.xml,4_7,5641,15464.528150834503,16695.272237972993,16675.299611261322,16675.299611261322,4475,5641,2.741451542427673,2.959629895049281,0.2181783526216079,2.956089276947584,2.956089276947584,0.0,0.2181783526216079,
upos,upos_only,ATHENAEUS,4352f04fcfd7cbe580caddf69f309034ffb967d5d1bc8a8e809498de5bf8d329,7,tlg0008.tlg001.perseus-grc1.tb.xml,ge8,11050,29759.92709231379,32928.211823470454,33162.222328084536,33162.222328084536,8956,11050,2.693206071702605,2.979928671807281,0.2867226001046759,3.0011060930393243,3.0011060930393243,0.0,0.2867226001046759,
upos,upos_only,ATHENAEUS,4352f04fcfd7cbe580caddf69f309034ffb967d5d1bc8a8e809498de5bf8d329,8,tlg0008.tlg001.perseus-grc1.tb.xml,4_7,5641,15466.2616981723,16699.171323594554,16674.983515673826,16674.983515673826,4426,5641,2.7417588544889737,2.9603210997331244,0.2185622452441507,2.9560332415660038,2.9560332415660038,0.0,0.2185622452441507,
upos,upos_only,ATHENAEUS,4352f04fcfd7cbe580caddf69f309034ffb967d5d1bc8a8e809498de5bf8d329,8,tlg0008.tlg001.perseus-grc1.tb.xml,ge8,11050,29782.971501600096,32931.43858510045,33138.25164004395,33138.25164004395,8974,11050,2.6952915386063436,2.98022068643443,0.2849291478280862,2.9989368000039773,2.9989368000039773,0.0,0.2849291478280862,
upos,upos_only,ATHENAEUS,4352f04fcfd7cbe580caddf69f309034ffb967d5d1bc8a8e809498de5bf8d329,9,tlg0008.tlg001.perseus-grc1.tb.xml,4_7,5641,15485.019269415001,16697.231917946865,16705.540727044303,16705.54072704431,4412,5641,2.74508407541482,2.959977294441919,0.21489321902709912,2.9614502263861553,2.9614502263861566,1.3322676295501878e-15,0.2148932190270978,
upos,upos_only,ATHENAEUS,4352f04fcfd7cbe580caddf69f309034ffb967d5d1bc8a8e809498de5bf8d329,9,tlg0008.tlg001.perseus-grc1.tb.xml,ge8,11050,29748.01718272457,32919.99081315226,33123.960089898006,33123.96008989802,8967,11050,2.692128251830278,2.979184688973055,0.2870564371427773,2.9976434470495934,2.9976434470495947,1.3322676295501878e-15,0.28705643714277596,
upos,upos_only,HERODOTUS,89f0804afded8e7a0f4e1b507030d5ef4ecaf17e422c8b2969bd6b23e62818e6,0,tlg0016.tlg001.perseus-grc1.1.tb.xml,4_7,3977,11153.99961165274,12033.970492113112,12137.716152468261,12137.716152468261,3190,3977,2.804626505318768,3.0258914991483814,0.2212649938296134,3.0519779111059244,3.0519779111059244,0.0,0.2212649938296134,
upos,upos_only,HERODOTUS,89f0804afded8e7a0f4e1b507030d5ef4ecaf17e422c8b2969bd6b23e62818e6,0,tlg0016.tlg001.perseus-grc1.1.tb.xml,ge8,8969,25211.957849809147,27465.495445637844,27422.114007095854,27422.114007095854,7369,8969,2.8110110212742945,3.062269533463914,0.2512585121896196,3.0574327134681516,3.0574327134681516,0.0,0.2512585121896196,
upos,upos_only,HERODOTUS,89f0804afded8e7a0f4e1b507030d5ef4ecaf17e422c8b2969bd6b23e62818e6,1,tlg0016.tlg001.perseus-grc1.1.tb.xml,4_7,3977,11126.57128218153,12029.287642874913,12058.205846787107,12058.205846787107,3211,3977,2.79772976670393,3.0247140163125255,0.22698424960859542,3.0319853776180805,3.0319853776180805,0.0,0.22698424960859542,
upos,upos_only,HERODOTUS,89f0804afded8e7a0f4e1b507030d5ef4ecaf17e422c8b2969bd6b23e62818e6,1,tlg0016.tlg001.perseus-grc1.1.tb.xml,ge8,8969,25230.53946129221,27460.330703046904,27384.707174335796,27384.707174335796,7353,8969,2.813082780833115,3.061693689714227,0.24861090888111192,3.0532620330400038,3.0532620330400038,0.0,0.24861090888111192,
upos,upos_only,HERODOTUS,89f0804afded8e7a0f4e1b507030d5ef4ecaf17e422c8b2969bd6b23e62818e6,2,tlg0016.tlg001.perseus-grc1.1.tb.xml,4_7,3977,11121.132065232798,12027.16422842011,12081.179666341226,12081.179666341226,3166,3977,2.796362098373849,3.0241800926376943,0.2278179942638454,3.0377620483633963,3.0377620483633963,0.0,0.2278179942638454,
upos,upos_only,HERODOTUS,89f0804afded8e7a0f4e1b507030d5ef4ecaf17e422c8b2969bd6b23e62818e6,2,tlg0016.tlg001.perseus-grc1.1.tb.xml,ge8,8969,25171.269819346227,27450.931655233315,27438.52736120391,27438.52736120391,7346,8969,2.8064745032162146,3.0606457414687607,0.25417123825254606,3.059262722845792,3.059262722845792,0.0,0.25417123825254606,
upos,upos_only,HERODOTUS,89f0804afded8e7a0f4e1b507030d5ef4ecaf17e422c8b2969bd6b23e62818e6,3,tlg0016.tlg001.perseus-grc1.1.tb.xml,4_7,3977,11098.327516850695,12031.28280952987,12083.300119494377,12083.300119494377,3193,3977,2.790627990156071,3.025215692615004,0.23458770245893268,3.0382952274313246,3.0382952274313246,0.0,0.23458770245893268,
upos,upos_only,HERODOTUS,89f0804afded8e7a0f4e1b507030d5ef4ecaf17e422c8b2969bd6b23e62818e6,3,tlg0016.tlg001.perseus-grc1.1.tb.xml,ge8,8969,25184.030075051898,27463.66548735802,27325.691092415178,27325.691092415178,7343,8969,2.8078972098396586,3.0620655019910825,0.2541682921514239,3.0466820261361556,3.0466820261361556,0.0,0.2541682921514239,
upos,upos_only,HERODOTUS,89f0804afded8e7a0f4e1b507030d5ef4ecaf17e422c8b2969bd6b23e62818e6,4,tlg0016.tlg001.perseus-grc1.1.tb.xml,4_7,3977,11092.563449927069,12023.890121359707,12110.869531636212,12110.869531636212,3195,3977,2.789178639659811,3.0233568321246436,0.2341781924648325,3.0452274406930377,3.0452274406930377,0.0,0.2341781924648325,
upos,upos_only,HERODOTUS,89f0804afded8e7a0f4e1b507030d5ef4ecaf17e422c8b2969bd6b23e62818e6,4,tlg0016.tlg001.perseus-grc1.1.tb.xml,ge8,8969,25181.37635414365,27449.785460557447,27262.889988932006,27262.889988932006,7353,8969,2.807601332829039,3.0605179463214904,0.2529166134924514,3.0396800076855843,3.0396800076855843,0.0,0.2529166134924514,
upos,upos_only,HERODOTUS,89f0804afded8e7a0f4e1b507030d5ef4ecaf17e422c8b2969bd6b23e62818e6,5,tlg0016.tlg001.perseus-grc1.1.tb.xml,4_7,3977,11119.594530551325,12022.09101922802,12081.646478546592,12081.646478546592,3169,3977,2.7959754917151938,3.022904455425703,0.2269289637105092,3.037879426338092,3.037879426338092,0.0,0.2269289637105092,
upos,upos_only,HERODOTUS,89f0804afded8e7a0f4e1b507030d5ef4ecaf17e422c8b2969bd6b23e62818e6,5,tlg0016.tlg001.perseus-grc1.1.tb.xml,ge8,8969,25181.051898248086,27445.627609000283,27467.3796128597,27467.3796128597,7344,8969,2.8075651575703073,3.060054366038609,0.2524892084683015,3.0624796089708664,3.0624796089708664,0.0,0.2524892084683015,
upos,upos_only,HERODOTUS,89f0804afded8e7a0f4e1b507030d5ef4ecaf17e422c8b2969bd6b23e62818e6,6,tlg0016.tlg001.perseus-grc1.1.tb.xml,4_7,3977,11139.159761298934,12032.62963405447,12058.220996441303,12058.220996441303,3216,3977,2.8008950870754172,3.0255543460031356,0.22465925892771832,3.031989186935203,3.031989186935203,0.0,0.22465925892771832,
upos,upos_only,HERODOTUS,89f0804afded8e7a0f4e1b507030d5ef4ecaf17e422c8b2969bd6b23e62818e6,6,tlg0016.tlg001.perseus-grc1.1.tb.xml,ge8,8969,25218.463864199002,27472.20246335283,27458.59947769248,27458.59947769248,7443,8969,2.8117364103243396,3.0630173334098374,0.25128092308549776,3.06150066648372,3.06150066648372,0.0,0.25128092308549776,
upos,upos_only,HERODOTUS,89f0804afded8e7a0f4e1b507030d5ef4ecaf17e422c8b2969bd6b23e62818e6,7,tlg0016.tlg001.perseus-grc1.1.tb.xml,4_7,3977,11106.43840896368,12026.893324131259,12034.16501031414,12034.16501031414,3183,3977,2.792667440021041,3.0241119748884233,0.23144453486738215,3.0259404099356653,3.0259404099356653,0.0,0.23144453486738215,
upos,upos_only,HERODOTUS,89f0804afded8e7a0f4e1b507030d5ef4ecaf17e422c8b2969bd6b23e62818e6,7,tlg0016.tlg001.perseus-grc1.1.tb.xml,ge8,8969,25173.332722915056,27456.707935203263,27385.501475490033,27385.501475490033,7319,8969,2.806704506958976,3.0612897686702265,0.2545852617112505,3.05335059376631,3.05335059376631,0.0,0.2545852617112505,
upos,upos_only,HERODOTUS,89f0804afded8e7a0f4e1b507030d5ef4ecaf17e422c8b2969bd6b23e62818e6,8,tlg0016.tlg001.perseus-grc1.1.tb.xml,4_7,3977,11101.184413536343,12025.050094707953,12031.057154231188,12031.057187306793,3215,3977,2.7913463448670712,3.023648502566747,0.23230215769967577,3.0251589525348725,3.025158960851595,8.316722421852774e-09,0.23230214938295335,
upos,upos_only,HERODOTUS,89f0804afded8e7a0f4e1b507030d5ef4ecaf17e422c8b2969bd6b23e62818e6,8,tlg0016.tlg001.perseus-grc1.1.tb.xml,ge8,8969,25196.861239271457,27450.72575651068,27495.586764284508,27495.586779030094,7370,8969,2.809327822418492,3.0606227847598038,0.25129496234131166,3.0656245695489472,3.0656245711930086,1.6440613315182873e-09,0.2512949606972503,
upos,upos_only,HERODOTUS,89f0804afded8e7a0f4e1b507030d5ef4ecaf17e422c8b2969bd6b23e62818e6,9,tlg0016.tlg001.perseus-grc1.1.tb.xml,4_7,3977,11148.099978826176,12025.218921438793,12157.636126989159,12157.636126989159,3175,3977,2.8031430673437705,3.0236909533414114,0.22054788599764086,3.056986705302781,3.056986705302781,0.0,0.22054788599764086,
upos,upos_only,HERODOTUS,89f0804afded8e7a0f4e1b507030d5ef4ecaf17e422c8b2969bd6b23e62818e6,9,tlg0016.tlg001.perseus-grc1.1.tb.xml,ge8,8969,25271.472794351357,27448.49227902441,27375.849679883417,27375.849679883417,7354,8969,2.8176466489409475,3.0603737628525374,0.24272711391158985,3.0522744653677574,3.0522744653677574,0.0,0.24272711391158985,
upos,upos_only,HESIODIC_TRADITION,c4c0c7eaeca0d61d2e53f4f0642bfa382e91dd28b470d2f4da2ba8539fe0e7f7,0,tlg0020.tlg001.perseus-grc1.tb.xml,4_7,942,2523.3707193810205,2623.451969810152,2655.183353908525,2655.183353908525,688,942,2.6787374940350537,2.7849808596710743,0.10624336563602066,2.8186659807946124,2.8186659807946124,0.0,0.10624336563602066,
upos,upos_only,HESIODIC_TRADITION,c4c0c7eaeca0d61d2e53f4f0642bfa382e91dd28b470d2f4da2ba8539fe0e7f7,0,tlg0020.tlg001.perseus-grc1.tb.xml,ge8,2003,5586.514357527899,5619.776235815059,5683.62402868663,5683.62402868663,1490,2003,2.7890735684113324,2.805679598509765,0.016606030098432534,2.837555680822082,2.837555680822082,0.0,0.016606030098432534,
upos,upos_only,HESIODIC_TRADITION,c4c0c7eaeca0d61d2e53f4f0642bfa382e91dd28b470d2f4da2ba8539fe0e7f7,0,tlg0020.tlg002.perseus-grc1.tb.xml,4_7,887,2499.8462668999964,2519.0340049975757,2554.9127551328124,2554.9127551328124,699,887,2.8183159717023636,2.8399481454313142,0.021632173728950654,2.880397694625493,2.880397694625493,0.0,0.021632173728950654,
upos,upos_only,HESIODIC_TRADITION,c4c0c7eaeca0d61d2e53f4f0642bfa382e91dd28b470d2f4da2ba8539fe0e7f7,0,tlg0020.tlg002.perseus-grc1.tb.xml,ge8,1190,3320.250004902709,3363.9329815860237,3407.422223468314,3407.422223468314,958,1190,2.7901260545400914,2.826834438307583,0.036708383767491526,2.863380019721272,2.863380019721272,0.0,0.036708383767491526,
upos,upos_only,HESIODIC_TRADITION,c4c0c7eaeca0d61d2e53f4f0642bfa382e91dd28b470d2f4da2ba8539fe0e7f7,0,tlg0020.tlg003.perseus-grc1.tb.xml,4_7,576,1524.0054510650111,1564.9925361359115,1585.6137544574667,1585.6137544574667,432,576,2.6458427969878664,2.717000930791513,0.07115813380364644,2.752801657044213,2.752801657044213,0.0,0.07115813380364644,
upos,upos_only,HESIODIC_TRADITION,c4c0c7eaeca0d61d2e53f4f0642bfa382e91dd28b470d2f4da2ba8539fe0e7f7,0,tlg0020.tlg003.perseus-grc1.tb.xml,ge8,777,2173.4599996159404,2177.7989064699286,2200.530594485591,2200.530594485591,601,777,2.797245816751532,2.8028299954567935,0.005584178705261511,2.8320857071886625,2.8320857071886625,0.0,0.005584178705261511,
upos,upos_only,HESIODIC_TRADITION,c4c0c7eaeca0d61d2e53f4f0642bfa382e91dd28b470d2f4da2ba8539fe0e7f7,1,tlg0020.tlg001.perseus-grc1.tb.xml,4_7,942,2525.512318607865,2624.3988478267083,2683.806465023311,2683.806465023311,698,942,2.681010953936162,2.785986038032599,0.10497508409643697,2.849051449069332,2.849051449069332,0.0,0.10497508409643697,
upos,upos_only,HESIODIC_TRADITION,c4c0c7eaeca0d61d2e53f4f0642bfa382e91dd28b470d2f4da2ba8539fe0e7f7,1,tlg0020.tlg001.perseus-grc1.tb.xml,ge8,2003,5605.688226300871,5624.174884292013,5653.337592287483,5653.337592287483,1471,2003,2.798646143934534,2.807875628702952,0.009229484768418228,2.8224351434285984,2.8224351434285984,0.0,0.009229484768418228,
upos,upos_only,HESIODIC_TRADITION,c4c0c7eaeca0d61d2e53f4f0642bfa382e91dd28b470d2f4da2ba8539fe0e7f7,1,tlg0020.tlg002.perseus-grc1.tb.xml,4_7,887,2485.206757930096,2518.6414244014372,2508.2684281582983,2508.2684281582983,657,887,2.8018114520068726,2.8395055517490837,0.03769409974221105,2.8278110802235608,2.8278110802235608,0.0,0.03769409974221105,
upos,upos_only,HESIODIC_TRADITION,c4c0c7eaeca0d61d2e53f4f0642bfa382e91dd28b470d2f4da2ba8539fe0e7f7,1,tlg0020.tlg002.perseus-grc1.tb.xml,ge8,1190,3300.204421679229,3363.3711544723083,3387.6646449247187,3387.6646449247187,914,1190,2.773281026621201,2.826362314682612,0.05308128806141088,2.8467770125417804,2.8467770125417804,0.0,0.05308128806141088,
upos,upos_only,HESIODIC_TRADITION,c4c0c7eaeca0d61d2e53f4f0642bfa382e91dd28b470d2f4da2ba8539fe0e7f7,1,tlg0020.tlg003.perseus-grc1.tb.xml,4_7,576,1527.011084789816,1564.7373725163773,1612.7971695822366,1612.7971695822366,418,576,2.6510609110934307,2.7165579383964884,0.06549702730305773,2.799995086080272,2.799995086080272,0.0,0.06549702730305773,
upos,upos_only,HESIODIC_TRADITION,c4c0c7eaeca0d61d2e53f4f0642bfa382e91dd28b470d2f4da2ba8539fe0e7f7,1,tlg0020.tlg003.perseus-grc1.tb.xml,ge8,777,2168.837866233947,2178.136339653549,2197.5939477543343,2197.5939477543343,587,777,2.7912971251402148,2.80326427239839,0.01196714725817527,2.8283062390660674,2.8283062390660674,0.0,0.01196714725817527,
upos,upos_only,HESIODIC_TRADITION,c4c0c7eaeca0d61d2e53f4f0642bfa382e91dd28b470d2f4da2ba8539fe0e7f7,2,tlg0020.tlg001.perseus-grc1.tb.xml,4_7,942,2521.708715949442,2625.185383781856,2662.3043624342085,2662.3043624342085,692,942,2.676973159181998,2.786821001891567,0.10984784270956904,2.826225437828247,2.826225437828247,0.0,0.10984784270956904,
upos,upos_only,HESIODIC_TRADITION,c4c0c7eaeca0d61d2e53f4f0642bfa382e91dd28b470d2f4da2ba8539fe0e7f7,2,tlg0020.tlg001.perseus-grc1.tb.xml,ge8,2003,5603.2928393669945,5626.101814204644,5680.315016674075,5680.315016674075,1476,2003,2.7974502443170217,2.8088376506263826,0.011387406309360859,2.835903652857751,2.835903652857751,0.0,0.011387406309360859,
upos,upos_only,HESIODIC_TRADITION,c4c0c7eaeca0d61d2e53f4f0642bfa382e91dd28b470d2f4da2ba8539fe0e7f7,2,tlg0020.tlg002.perseus-grc1.tb.xml,4_7,887,2485.964792703352,2518.34882857191,2520.266522641276,2520.266522641276,633,887,2.802666057162742,2.8391756804643857,0.03650962330164376,2.8413376805425883,2.8413376805425883,0.0,0.03650962330164376,
upos,upos_only,HESIODIC_TRADITION,c4c0c7eaeca0d61d2e53f4f0642bfa382e91dd28b470d2f4da2ba8539fe0e7f7,2,tlg0020.tlg002.perseus-grc1.tb.xml,ge8,1190,3299.8231018828124,3363.768130334771,3421.425804403301,3421.425804403301,916,1190,2.7729605898174894,2.8266959078443454,0.05373531802685605,2.87514773479269,2.87514773479269,0.0,0.05373531802685605,
upos,upos_only,HESIODIC_TRADITION,c4c0c7eaeca0d61d2e53f4f0642bfa382e91dd28b470d2f4da2ba8539fe0e7f7,2,tlg0020.tlg003.perseus-grc1.tb.xml,4_7,576,1520.903185369948,1564.6811214820307,1614.4181073906668,1614.4181073906668,411,576,2.6404569190450484,2.7164602803507476,0.07600336130569918,2.8028092142199075,2.8028092142199075,0.0,0.07600336130569918,
upos,upos_only,HESIODIC_TRADITION,c4c0c7eaeca0d61d2e53f4f0642bfa382e91dd28b470d2f4da2ba8539fe0e7f7,2,tlg0020.tlg003.perseus-grc1.tb.xml,ge8,777,2167.8874263646544,2178.320538001687,2204.78262438131,2204.78262438131,581,777,2.790073907805218,2.803501335909507,0.013427428104288985,2.8375580751368212,2.8375580751368212,0.0,0.013427428104288985,
upos,upos_only,HESIODIC_TRADITION,c4c0c7eaeca0d61d2e53f4f0642bfa382e91dd28b470d2f4da2ba8539fe0e7f7,3,tlg0020.tlg001.perseus-grc1.tb.xml,4_7,942,2530.8719397595582,2625.769831783391,2653.0977726025294,2653.0977726025294,709,942,2.6867005729931615,2.7874414350142156,0.10074086202105415,2.8164519879007743,2.8164519879007743,0.0,0.10074086202105415,
upos,upos_only,HESIODIC_TRADITION,c4c0c7eaeca0d61d2e53f4f0642bfa382e91dd28b470d2f4da2ba8539fe0e7f7,3,tlg0020.tlg001.perseus-grc1.tb.xml,ge8,2003,5632.957130821377,5627.957749464369,5672.274419940434,5672.274419940434,1482,2003,2.8122601751479666,2.8097642283896,-0.0024959467583665074,2.8318893759063575,2.8318893759063575,0.0,-0.0024959467583665074,
upos,upos_only,HESIODIC_TRADITION,c4c0c7eaeca0d61d2e53f4f0642bfa382e91dd28b470d2f4da2ba8539fe0e7f7,3,tlg0020.tlg002.perseus-grc1.tb.xml,4_7,887,2495.0665343212627,2519.2606587673204,2578.5706961585415,2578.5706961585415,678,887,2.812927321669969,2.8402036739203163,0.02727635225034719,2.907069555984827,2.907069555984827,0.0,0.02727635225034719,
upos,upos_only,HESIODIC_TRADITION,c4c0c7eaeca0d61d2e53f4f0642bfa382e91dd28b470d2f4da2ba8539fe0e7f7,3,tlg0020.tlg002.perseus-grc1.tb.xml,ge8,1190,3314.5702823615497,3364.560464069563,3377.7860216855747,3377.7860216855747,910,1190,2.785353178455084,2.8273617345122375,0.0420085560571537,2.838475648475273,2.838475648475273,0.0,0.0420085560571537,
upos,upos_only,HESIODIC_TRADITION,c4c0c7eaeca0d61d2e53f4f0642bfa382e91dd28b470d2f4da2ba8539fe0e7f7,3,tlg0020.tlg003.perseus-grc1.tb.xml,4_7,576,1527.1272024523341,1564.8173275366573,1610.1803870510528,1610.1803870510528,437,576,2.6512625042575246,2.716696749195586,0.06543424493806116,2.795452060852522,2.795452060852522,0.0,0.06543424493806116,
upos,upos_only,HESIODIC_TRADITION,c4c0c7eaeca0d61d2e53f4f0642bfa382e91dd28b470d2f4da2ba8539fe0e7f7,3,tlg0020.tlg003.perseus-grc1.tb.xml,ge8,777,2171.634567423973,2179.218273528263,2234.0686899214634,2234.0686899214634,620,777,2.794896483171136,2.8046567226875974,0.009760239516461322,2.8752492791782025,2.8752492791782025,0.0,0.009760239516461322,
upos,upos_only,HESIODIC_TRADITION,c4c0c7eaeca0d61d2e53f4f0642bfa382e91dd28b470d2f4da2ba8539fe0e7f7,4,tlg0020.tlg001.perseus-grc1.tb.xml,4_7,942,2520.848356752218,2625.071869710315,2655.9191389775206,2655.9191389775206,696,942,2.676059826700868,2.7867004986309074,0.11064067193003924,2.81944706897826,2.81944706897826,0.0,0.11064067193003924,
upos,upos_only,HESIODIC_TRADITION,c4c0c7eaeca0d61d2e53f4f0642bfa382e91dd28b470d2f4da2ba8539fe0e7f7,4,tlg0020.tlg001.perseus-grc1.tb.xml,ge8,2003,5602.939402464633,5626.092523625383,5686.563753096623,5686.563753096623,1509,2003,2.7972737905464964,2.8088330122942504,0.011559221747754034,2.8390233415360075,2.8390233415360075,0.0,0.011559221747754034,
upos,upos_only,HESIODIC_TRADITION,c4c0c7eaeca0d61d2e53f4f0642bfa382e91dd28b470d2f4da2ba8539fe0e7f7,4,tlg0020.tlg002.perseus-grc1.tb.xml,4_7,887,2489.8983173865813,2518.3853726078087,2532.669635348847,2532.669635348847,673,887,2.807100696038987,2.8392168800538995,0.03211618401491245,2.8553208966728825,2.8553208966728825,0.0,0.03211618401491245,
upos,upos_only,HESIODIC_TRADITION,c4c0c7eaeca0d61d2e53f4f0642bfa382e91dd28b470d2f4da2ba8539fe0e7f7,4,tlg0020.tlg002.perseus-grc1.tb.xml,ge8,1190,3308.7325827720856,3363.3108584177967,3382.973022839327,3382.973022839327,926,1190,2.780447548547971,2.8263116457292408,0.0458640971812696,2.842834472974224,2.842834472974224,0.0,0.0458640971812696,
upos,upos_only,HESIODIC_TRADITION,c4c0c7eaeca0d61d2e53f4f0642bfa382e91dd28b470d2f4da2ba8539fe0e7f7,4,tlg0020.tlg003.perseus-grc1.tb.xml,4_7,576,1523.527348746694,1564.8613700570081,1615.7339653142212,1615.7339653142212,440,576,2.6450127582407883,2.716773211904528,0.07176045366373973,2.805093689781634,2.805093689781634,0.0,0.07176045366373973,
upos,upos_only,HESIODIC_TRADITION,c4c0c7eaeca0d61d2e53f4f0642bfa382e91dd28b470d2f4da2ba8539fe0e7f7,4,tlg0020.tlg003.perseus-grc1.tb.xml,ge8,777,2169.5965787595724,2178.659940198617,2207.9264412531656,2207.9264412531656,621,777,2.792273589137159,2.803938146973767,0.011664557836608136,2.8416041714969955,2.8416041714969955,0.0,0.011664557836608136,
upos,upos_only,HESIODIC_TRADITION,c4c0c7eaeca0d61d2e53f4f0642bfa382e91dd28b470d2f4da2ba8539fe0e7f7,5,tlg0020.tlg001.perseus-grc1.tb.xml,4_7,942,2518.50013556457,2621.411909149491,2673.2377077542774,2673.2377077542774,699,942,2.6735670228923247,2.7828151901799267,0.109248167287602,2.8378319615225873,2.8378319615225873,0.0,0.109248167287602,
upos,upos_only,HESIODIC_TRADITION,c4c0c7eaeca0d61d2e53f4f0642bfa382e91dd28b470d2f4da2ba8539fe0e7f7,5,tlg0020.tlg001.perseus-grc1.tb.xml,ge8,2003,5600.732226136641,5618.436409572737,5654.071907084989,5654.071907084989,1518,2003,2.7961718552853925,2.8050106887532387,0.008838833467846197,2.8228017509161205,2.8228017509161205,0.0,0.008838833467846197,
upos,upos_only,HESIODIC_TRADITION,c4c0c7eaeca0d61d2e53f4f0642bfa382e91dd28b470d2f4da2ba8539fe0e7f7,5,tlg0020.tlg002.perseus-grc1.tb.xml,4_7,887,2486.627491265913,2516.7285702087343,2548.837472283185,2548.837472283185,674,887,2.8034131806831035,2.837349008127096,0.03393582744399248,2.873548446767965,2.873548446767965,0.0,0.03393582744399248,
upos,upos_only,HESIODIC_TRADITION,c4c0c7eaeca0d61d2e53f4f0642bfa382e91dd28b470d2f4da2ba8539fe0e7f7,5,tlg0020.tlg002.perseus-grc1.tb.xml,ge8,1190,3305.8228154811777,3360.859538434353,3389.0089156978925,3389.0089156978925,900,1190,2.7780023659505697,2.8242517129700446,0.04624934701947492,2.8479066518469685,2.8479066518469685,0.0,0.04624934701947492,
upos,upos_only,HESIODIC_TRADITION,c4c0c7eaeca0d61d2e53f4f0642bfa382e91dd28b470d2f4da2ba8539fe0e7f7,5,tlg0020.tlg003.perseus-grc1.tb.xml,4_7,576,1524.9449879041533,1563.073679951417,1640.9043772559437,1640.9043772559437,439,576,2.6474739373335994,2.713669583248988,0.06619564591538873,2.8487923216249023,2.8487923216249023,0.0,0.06619564591538873,
upos,upos_only,HESIODIC_TRADITION,c4c0c7eaeca0d61d2e53f4f0642bfa382e91dd28b470d2f4da2ba8539fe0e7f7,5,tlg0020.tlg003.perseus-grc1.tb.xml,ge8,777,2176.854874468475,2177.117583973698,2169.39197514108,2169.39197514108,589,777,2.8016150250559524,2.8019531325272817,0.0003381074713293408,2.792010264016834,2.792010264016834,0.0,0.0003381074713293408,
upos,upos_only,HESIODIC_TRADITION,c4c0c7eaeca0d61d2e53f4f0642bfa382e91dd28b470d2f4da2ba8539fe0e7f7,6,tlg0020.tlg001.perseus-grc1.tb.xml,4_7,942,2533.9505627634508,2626.361149927635,2650.5880834245395,2650.5880834245395,685,942,2.6899687502796716,2.78806916128199,0.09810041100231848,2.813787774336029,2.813787774336029,0.0,0.09810041100231848,
upos,upos_only,HESIODIC_TRADITION,c4c0c7eaeca0d61d2e53f4f0642bfa382e91dd28b470d2f4da2ba8539fe0e7f7,6,tlg0020.tlg001.perseus-grc1.tb.xml,ge8,2003,5632.722540341597,5628.301702426006,5686.263578776697,5686.263578776697,1490,2003,2.812143055587417,2.809935947292065,-0.0022071082953520893,2.8388734791695938,2.8388734791695938,0.0,-0.0022071082953520893,
upos,upos_only,HESIODIC_TRADITION,c4c0c7eaeca0d61d2e53f4f0642bfa382e91dd28b470d2f4da2ba8539fe0e7f7,6,tlg0020.tlg002.perseus-grc1.tb.xml,4_7,887,2491.853453810714,2519.576598700871,2528.2519849304804,2528.2519849304804,668,887,2.809304908467547,2.8405598632478815,0.031254954780334465,2.850340456516889,2.850340456516889,0.0,0.031254954780334465,
upos,upos_only,HESIODIC_TRADITION,c4c0c7eaeca0d61d2e53f4f0642bfa382e91dd28b470d2f4da2ba8539fe0e7f7,6,tlg0020.tlg002.perseus-grc1.tb.xml,ge8,1190,3312.2457860717136,3365.2100207891526,3416.006392822058,3416.006392822058,920,1190,2.7833998202283308,2.8279075804950864,0.044507760266755625,2.870593607413494,2.870593607413494,0.0,0.044507760266755625,
upos,upos_only,HESIODIC_TRADITION,c4c0c7eaeca0d61d2e53f4f0642bfa382e91dd28b470d2f4da2ba8539fe0e7f7,6,tlg0020.tlg003.perseus-grc1.tb.xml,4_7,576,1533.5662561649315,1565.3877492303532,1610.0834009811813,1610.0834009811813,421,576,2.662441416953006,2.7176870646360296,0.055245647683023424,2.7952836822589955,2.7952836822589955,0.0,0.055245647683023424,
upos,upos_only,HESIODIC_TRADITION,c4c0c7eaeca0d61d2e53f4f0642bfa382e91dd28b470d2f4da2ba8539fe0e7f7,6,tlg0020.tlg003.perseus-grc1.tb.xml,ge8,777,2179.710837404946,2179.8943895836187,2213.151436800024,2213.151436800024,589,777,2.805290653030818,2.805526884921002,0.00023623189018406876,2.8483287474903785,2.8483287474903785,0.0,0.00023623189018406876,
upos,upos_only,HESIODIC_TRADITION,c4c0c7eaeca0d61d2e53f4f0642bfa382e91dd28b470d2f4da2ba8539fe0e7f7,7,tlg0020.tlg001.perseus-grc1.tb.xml,4_7,942,2526.0639972971862,2622.0268044624054,2685.0715313173523,2685.0715313173528,686,942,2.68159660010317,2.7834679452891775,0.10187134518600738,2.850394406918633,2.8503944069186335,4.440892098500626e-16,0.10187134518600693,
upos,upos_only,HESIODIC_TRADITION,c4c0c7eaeca0d61d2e53f4f0642bfa382e91dd28b470d2f4da2ba8539fe0e7f7,7,tlg0020.tlg001.perseus-grc1.tb.xml,ge8,2003,5605.064259189571,5620.721985188251,5633.2981319098035,5633.2981319098035,1512,2003,2.7983346276533054,2.8061517649467054,0.007817137293399945,2.8124304203244153,2.8124304203244153,0.0,0.007817137293399945,
upos,upos_only,HESIODIC_TRADITION,c4c0c7eaeca0d61d2e53f4f0642bfa382e91dd28b470d2f4da2ba8539fe0e7f7,7,tlg0020.tlg002.perseus-grc1.tb.xml,4_7,887,2495.192055136301,2517.603357646757,2526.8133130129017,2526.8133130129017,639,887,2.813068833299099,2.838335239737043,0.025266406437943978,2.8487185039604306,2.8487185039604306,0.0,0.025266406437943978,
upos,upos_only,HESIODIC_TRADITION,c4c0c7eaeca0d61d2e53f4f0642bfa382e91dd28b470d2f4da2ba8539fe0e7f7,7,tlg0020.tlg002.perseus-grc1.tb.xml,ge8,1190,3318.7060705603276,3362.347734369943,3424.988865442651,3424.9888654426513,933,1190,2.788828630722964,2.825502297789868,0.03667366706690389,2.87814190373332,2.8781419037333205,4.440892098500626e-16,0.03667366706690345,
upos,upos_only,HESIODIC_TRADITION,c4c0c7eaeca0d61d2e53f4f0642bfa382e91dd28b470d2f4da2ba8539fe0e7f7,7,tlg0020.tlg003.perseus-grc1.tb.xml,4_7,576,1525.3261828760685,1563.4070500625112,1610.6297075096238,1610.6297075096238,438,576,2.6481357341598413,2.7142483508029707,0.0661126166431294,2.796232131093097,2.796232131093097,0.0,0.0661126166431294,
upos,upos_only,HESIODIC_TRADITION,c4c0c7eaeca0d61d2e53f4f0642bfa382e91dd28b470d2f4da2ba8539fe0e7f7,7,tlg0020.tlg003.perseus-grc1.tb.xml,ge8,777,2177.438850790638,2177.733482826857,2236.248046381244,2236.248046381244,599,777,2.8023666033341543,2.8027457951439603,0.00037919180980594547,2.878054113746775,2.878054113746775,0.0,0.00037919180980594547,
upos,upos_only,HESIODIC_TRADITION,c4c0c7eaeca0d61d2e53f4f0642bfa382e91dd28b470d2f4da2ba8539fe0e7f7,8,tlg0020.tlg001.perseus-grc1.tb.xml,4_7,942,2522.350077542785,2624.2463454067233,2641.229282454191,2641.229282454191,683,942,2.677654010130345,2.78582414586701,0.1081701357366649,2.8038527414588015,2.8038527414588015,0.0,0.1081701357366649,
upos,upos_only,HESIODIC_TRADITION,c4c0c7eaeca0d61d2e53f4f0642bfa382e91dd28b470d2f4da2ba8539fe0e7f7,8,tlg0020.tlg001.perseus-grc1.tb.xml,ge8,2003,5592.31830852485,5623.936918095934,5701.219642696244,5701.219642696244,1512,2003,2.791971197466226,2.8077568238122486,0.015785626346022763,2.846340310881799,2.846340310881799,0.0,0.015785626346022763,
upos,upos_only,HESIODIC_TRADITION,c4c0c7eaeca0d61d2e53f4f0642bfa382e91dd28b470d2f4da2ba8539fe0e7f7,8,tlg0020.tlg002.perseus-grc1.tb.xml,4_7,887,2490.6301134338087,2518.436079511692,2538.282869809541,2538.282869809541,660,887,2.8079257197675407,2.8392740468001034,0.03134832703256274,2.8616492331561902,2.8616492331561902,0.0,0.03134832703256274,
upos,upos_only,HESIODIC_TRADITION,c4c0c7eaeca0d61d2e53f4f0642bfa382e91dd28b470d2f4da2ba8539fe0e7f7,8,tlg0020.tlg002.perseus-grc1.tb.xml,ge8,1190,3316.6870841950263,3363.132400571356,3402.9760113754696,3402.9760113754696,944,1190,2.7871320035252323,2.8261616811523997,0.03902967762716747,2.85964370703821,2.85964370703821,0.0,0.03902967762716747,
upos,upos_only,HESIODIC_TRADITION,c4c0c7eaeca0d61d2e53f4f0642bfa382e91dd28b470d2f4da2ba8539fe0e7f7,8,tlg0020.tlg003.perseus-grc1.tb.xml,4_7,576,1521.9366560043668,1564.4646605626476,1630.6973036543316,1630.6973036543316,446,576,2.6422511388964702,2.7160844801434854,0.07383334124701513,2.8310717077332144,2.8310717077332144,0.0,0.07383334124701513,
upos,upos_only,HESIODIC_TRADITION,c4c0c7eaeca0d61d2e53f4f0642bfa382e91dd28b470d2f4da2ba8539fe0e7f7,8,tlg0020.tlg003.perseus-grc1.tb.xml,ge8,777,2164.251554355786,2178.233161753431,2204.8495229033097,2204.8495229033097,608,777,2.7853945358504326,2.803388882565548,0.017994346715115572,2.837644173620733,2.837644173620733,0.0,0.017994346715115572,
upos,upos_only,HESIODIC_TRADITION,c4c0c7eaeca0d61d2e53f4f0642bfa382e91dd28b470d2f4da2ba8539fe0e7f7,9,tlg0020.tlg001.perseus-grc1.tb.xml,4_7,942,2517.988170243585,2622.01654040873,2673.8397287080115,2673.8397287080115,732,942,2.67302353529043,2.783457049266168,0.11043351397573797,2.8384710495838763,2.8384710495838763,0.0,0.11043351397573797,
upos,upos_only,HESIODIC_TRADITION,c4c0c7eaeca0d61d2e53f4f0642bfa382e91dd28b470d2f4da2ba8539fe0e7f7,9,tlg0020.tlg001.perseus-grc1.tb.xml,ge8,2003,5597.91040802461,5618.999909920552,5630.084381069669,5630.084381069669,1481,2003,2.79476305942317,2.805292016934874,0.010528957511704018,2.8108259516074234,2.8108259516074234,0.0,0.010528957511704018,
upos,upos_only,HESIODIC_TRADITION,c4c0c7eaeca0d61d2e53f4f0642bfa382e91dd28b470d2f4da2ba8539fe0e7f7,9,tlg0020.tlg002.perseus-grc1.tb.xml,4_7,887,2499.138699171381,2518.013562287285,2525.045319040971,2525.045319040971,655,887,2.8175182628764164,2.838797702691415,0.02127943981499847,2.8467252751307455,2.8467252751307455,0.0,0.02127943981499847,
upos,upos_only,HESIODIC_TRADITION,c4c0c7eaeca0d61d2e53f4f0642bfa382e91dd28b470d2f4da2ba8539fe0e7f7,9,tlg0020.tlg002.perseus-grc1.tb.xml,ge8,1190,3314.151264439309,3362.313235530263,3399.121173757729,3399.121173757729,892,1190,2.7850010625540413,2.8254733071682883,0.04047224461424692,2.8564043476955705,2.8564043476955705,0.0,0.04047224461424692,
upos,upos_only,HESIODIC_TRADITION,c4c0c7eaeca0d61d2e53f4f0642bfa382e91dd28b470d2f4da2ba8539fe0e7f7,9,tlg0020.tlg003.perseus-grc1.tb.xml,4_7,576,1519.6947702597145,1563.3776493730406,1606.6263907982682,1606.6263907982682,427,576,2.6383589761453377,2.7141973079393065,0.07583833179396882,2.7892819284692156,2.7892819284692156,0.0,0.07583833179396882,
upos,upos_only,HESIODIC_TRADITION,c4c0c7eaeca0d61d2e53f4f0642bfa382e91dd28b470d2f4da2ba8539fe0e7f7,9,tlg0020.tlg003.perseus-grc1.tb.xml,ge8,777,2167.3738610533474,2177.4172225929183,2211.188817745887,2211.188817745887,620,777,2.7894129485886068,2.802338767815854,0.012925819227247004,2.8458028542418106,2.8458028542418106,0.0,0.012925819227247004,
upos,upos_only,DIODORUS,d91dad02f8da03cf6702fa7edec531da5e56f526f466e2f04180f2a23a1cf315,0,tlg0060.tlg001.perseus-grc3.11.tb.xml,4_7,2898,7457.304265106516,8475.279160604445,8530.74831172978,8530.74831172978,2320,2898,2.5732588906509717,2.9245269705329346,0.35126807988196296,2.9436674643650034,2.9436674643650034,0.0,0.35126807988196296,
upos,upos_only,DIODORUS,d91dad02f8da03cf6702fa7edec531da5e56f526f466e2f04180f2a23a1cf315,0,tlg0060.tlg001.perseus-grc3.11.tb.xml,ge8,9436,24294.959806646275,27868.210626920234,27836.41423415238,27836.41423415238,7650,9436,2.5747096022304232,2.9533923936965065,0.3786827914660833,2.9500227039161064,2.9500227039161064,0.0,0.3786827914660833,
upos,upos_only,DIODORUS,d91dad02f8da03cf6702fa7edec531da5e56f526f466e2f04180f2a23a1cf315,1,tlg0060.tlg001.perseus-grc3.11.tb.xml,4_7,2898,7451.040019513828,8490.336340809858,8520.47654027041,8520.476540270532,2289,2898,2.571097315222163,2.92972268488953,0.3586253696673669,2.9401230297689476,2.9401230297689898,4.218847493575595e-14,0.3586253696673247,
upos,upos_only,DIODORUS,d91dad02f8da03cf6702fa7edec531da5e56f526f466e2f04180f2a23a1cf315,1,tlg0060.tlg001.perseus-grc3.11.tb.xml,ge8,9436,24343.623528178177,27913.4636175346,27898.586366200154,27898.586366200707,7636,9436,2.579866842748853,2.958188174812908,0.37832133206405505,2.956611526727443,2.9566115267275017,5.861977570020827e-14,0.37832133206399643,
upos,upos_only,DIODORUS,d91dad02f8da03cf6702fa7edec531da5e56f526f466e2f04180f2a23a1cf315,2,tlg0060.tlg001.perseus-grc3.11.tb.xml,4_7,2898,7446.872564001921,8487.512568666361,8582.549696468948,8582.549696468948,2323,2898,2.569659269841933,2.9287482983665845,0.3590890285246515,2.961542338326069,2.961542338326069,0.0,0.3590890285246515,
upos,upos_only,DIODORUS,d91dad02f8da03cf6702fa7edec531da5e56f526f466e2f04180f2a23a1cf315,2,tlg0060.tlg001.perseus-grc3.11.tb.xml,ge8,9436,24310.21644334378,27903.081390754378,27910.45539949068,27910.45539949068,7550,9436,2.576326456479841,2.9570878964343343,0.3807614399544934,2.9578693725615386,2.9578693725615386,0.0,0.3807614399544934,
upos,upos_only,DIODORUS,d91dad02f8da03cf6702fa7edec531da5e56f526f466e2f04180f2a23a1cf315,3,tlg0060.tlg001.perseus-grc3.11.tb.xml,4_7,2898,7444.943072272906,8491.072189779938,8516.858990639326,8516.858990639326,2357,2898,2.568993468693204,2.9299766010282737,0.3609831323350696,2.938874737970782,2.938874737970782,0.0,0.3609831323350696,
upos,upos_only,DIODORUS,d91dad02f8da03cf6702fa7edec531da5e56f526f466e2f04180f2a23a1cf315,3,tlg0060.tlg001.perseus-grc3.11.tb.xml,ge8,9436,24301.714249939432,27912.776867849578,27855.099978062077,27855.099978062077,7608,9436,2.5754254186031615,2.958115395066721,0.3826899764635594,2.952002965034133,2.952002965034133,0.0,0.3826899764635594,
upos,upos_only,DIODORUS,d91dad02f8da03cf6702fa7edec531da5e56f526f466e2f04180f2a23a1cf315,4,tlg0060.tlg001.perseus-grc3.11.tb.xml,4_7,2898,7447.424200745462,8484.305664477703,8541.893505023325,8541.893505023325,2337,2898,2.5698496206851145,2.9276417061689797,0.3577920854838652,2.947513286757531,2.947513286757531,0.0,0.3577920854838652,
upos,upos_only,DIODORUS,d91dad02f8da03cf6702fa7edec531da5e56f526f466e2f04180f2a23a1cf315,4,tlg0060.tlg001.perseus-grc3.11.tb.xml,ge8,9436,24285.15125610124,27904.760036819178,27885.63165545176,27885.63165545176,7649,9436,2.573670120400725,2.9572657944912226,0.3835956740904978,2.955238623935117,2.955238623935117,0.0,0.3835956740904978,
upos,upos_only,DIODORUS,d91dad02f8da03cf6702fa7edec531da5e56f526f466e2f04180f2a23a1cf315,5,tlg0060.tlg001.perseus-grc3.11.tb.xml,4_7,2898,7447.587387577652,8476.440654172886,8529.601304276506,8529.601304276506,2295,2898,2.56990593084115,2.924927761964419,0.3550218311232691,2.9432716715929974,2.9432716715929974,0.0,0.3550218311232691,
upos,upos_only,DIODORUS,d91dad02f8da03cf6702fa7edec531da5e56f526f466e2f04180f2a23a1cf315,5,tlg0060.tlg001.perseus-grc3.11.tb.xml,ge8,9436,24284.186013389157,27879.229092043966,27899.908113688507,27899.908113688507,7669,9436,2.573567826768669,2.954560098775325,0.3809922720066563,2.9567516017050135,2.9567516017050135,0.0,0.3809922720066563,
upos,upos_only,DIODORUS,d91dad02f8da03cf6702fa7edec531da5e56f526f466e2f04180f2a23a1cf315,6,tlg0060.tlg001.perseus-grc3.11.tb.xml,4_7,2898,7418.584515826588,8472.854095853703,8500.418874427065,8500.418874427065,2316,2898,2.5598980385875048,2.9236901642007256,0.36379212561322083,2.933201820023142,2.933201820023142,0.0,0.36379212561322083,
upos,upos_only,DIODORUS,d91dad02f8da03cf6702fa7edec531da5e56f526f466e2f04180f2a23a1cf315,6,tlg0060.tlg001.perseus-grc3.11.tb.xml,ge8,9436,24247.694175797646,27855.550608182417,27863.1872272586,27863.1872272586,7628,9436,2.569700527320649,2.9520507215114895,0.3823501941908405,2.9528600283232938,2.9528600283232938,0.0,0.3823501941908405,
upos,upos_only,DIODORUS,d91dad02f8da03cf6702fa7edec531da5e56f526f466e2f04180f2a23a1cf315,7,tlg0060.tlg001.perseus-grc3.11.tb.xml,4_7,2898,7439.288074132594,8482.108365705239,8524.730429618734,8524.730429618734,2350,2898,2.567042123579225,2.9268834940321735,0.3598413704529486,2.9415909004895564,2.9415909004895564,0.0,0.3598413704529486,
upos,upos_only,DIODORUS,d91dad02f8da03cf6702fa7edec531da5e56f526f466e2f04180f2a23a1cf315,7,tlg0060.tlg001.perseus-grc3.11.tb.xml,ge8,9436,24268.924939648987,27886.969795969555,27874.854331680457,27874.854331680457,7676,9436,2.571950502294297,2.955380436198554,0.38342993390425706,2.9540964743196754,2.9540964743196754,0.0,0.38342993390425706,
upos,upos_only,DIODORUS,d91dad02f8da03cf6702fa7edec531da5e56f526f466e2f04180f2a23a1cf315,8,tlg0060.tlg001.perseus-grc3.11.tb.xml,4_7,2898,7446.023650164053,8471.406905747222,8549.820435130134,8549.820435130134,2331,2898,2.5693663389109913,2.923190788732651,0.35382444982165984,2.950248597353393,2.950248597353393,0.0,0.35382444982165984,
upos,upos_only,DIODORUS,d91dad02f8da03cf6702fa7edec531da5e56f526f466e2f04180f2a23a1cf315,8,tlg0060.tlg001.perseus-grc3.11.tb.xml,ge8,9436,24271.30224623139,27861.078487630137,27831.468673888965,27831.468673888965,7558,9436,2.5722024423729746,2.9526365501939527,0.3804341078209781,2.949498587737279,2.949498587737279,0.0,0.3804341078209781,
upos,upos_only,DIODORUS,d91dad02f8da03cf6702fa7edec531da5e56f526f466e2f04180f2a23a1cf315,9,tlg0060.tlg001.perseus-grc3.11.tb.xml,4_7,2898,7446.483513842769,8480.885897863121,8445.05827434026,8445.05827434026,2336,2898,2.569525022029941,2.9264616624786477,0.35693664044870665,2.9140987834162386,2.9140987834162386,0.0,0.35693664044870665,
upos,upos_only,DIODORUS,d91dad02f8da03cf6702fa7edec531da5e56f526f466e2f04180f2a23a1cf315,9,tlg0060.tlg001.perseus-grc3.11.tb.xml,ge8,9436,24270.10762167199,27876.86954232777,27928.207013634743,27928.207013634743,7633,9436,2.5720758395158954,2.954310040517992,0.3822342010020967,2.959750637307624,2.959750637307624,0.0,0.3822342010020967,
upos,upos_only,PLUTARCH,ef8134329970f595ef9ccf4198217affef5c01fa243d5bf4e59ee6daebb04e1d,0,tlg0007.tlg004.perseus-grc1.tb.xml,4_7,925,2563.006831404953,2798.968609426214,2740.3220768394303,2740.328990739472,737,925,2.770818196113463,3.0259120101905013,0.25509381407703824,2.962510353339925,2.9625178278264563,7.474486531489077e-06,0.25508633959050675,
upos,upos_only,PLUTARCH,ef8134329970f595ef9ccf4198217affef5c01fa243d5bf4e59ee6daebb04e1d,0,tlg0007.tlg004.perseus-grc1.tb.xml,ge8,2568,7106.946116436887,7931.263002777107,7921.454688964462,7921.566829176847,2151,2568,2.767502381790065,3.0884980540409295,0.32099567225086467,3.084678617197999,3.084722285505003,4.366830700375246e-05,0.3209520039438609,
upos,upos_only,PLUTARCH,ef8134329970f595ef9ccf4198217affef5c01fa243d5bf4e59ee6daebb04e1d,0,tlg0007.tlg015.perseus-grc1.tb.xml,4_7,915,2459.1454118709576,2687.2424720369936,2702.1490858229954,2702.1595183530985,740,915,2.6875906140666204,2.9368770186196653,0.24928640455304496,2.9531683998065525,2.953179801478796,1.1401672243671612e-05,0.2492750028808013,
upos,upos_only,PLUTARCH,ef8134329970f595ef9ccf4198217affef5c01fa243d5bf4e59ee6daebb04e1d,0,tlg0007.tlg015.perseus-grc1.tb.xml,ge8,2493,6613.940986887133,7415.200300278383,7391.699197487942,7391.710238663836,2058,2493,2.653004808217863,2.9744084638100214,0.32140365559215844,2.9649816275523233,2.96498605642352,4.428871196893169e-06,0.32139922672096155,
upos,upos_only,PLUTARCH,ef8134329970f595ef9ccf4198217affef5c01fa243d5bf4e59ee6daebb04e1d,1,tlg0007.tlg004.perseus-grc1.tb.xml,4_7,925,2562.0138766244386,2796.0473281521004,2807.761190338031,2807.761190338031,749,925,2.7697447314858796,3.022753868272541,0.25300913678666115,3.0354175030681416,3.0354175030681416,0.0,0.25300913678666115,
upos,upos_only,PLUTARCH,ef8134329970f595ef9ccf4198217affef5c01fa243d5bf4e59ee6daebb04e1d,1,tlg0007.tlg004.perseus-grc1.tb.xml,ge8,2568,7108.560095494537,7922.095291010535,7832.446945154593,7832.446945154593,2131,2568,2.7681308783078413,3.084928072823417,0.31679719451557586,3.0500182808234397,3.0500182808234397,0.0,0.31679719451557586,
upos,upos_only,PLUTARCH,ef8134329970f595ef9ccf4198217affef5c01fa243d5bf4e59ee6daebb04e1d,1,tlg0007.tlg015.perseus-grc1.tb.xml,4_7,915,2464.9108039129005,2684.669212833724,2666.5968780085764,2666.5968780085764,738,915,2.6938915889758475,2.9340647134794797,0.24017312450363226,2.9143135278782255,2.9143135278782255,0.0,0.24017312450363226,
upos,upos_only,PLUTARCH,ef8134329970f595ef9ccf4198217affef5c01fa243d5bf4e59ee6daebb04e1d,1,tlg0007.tlg015.perseus-grc1.tb.xml,ge8,2493,6624.171991265067,7407.312557798412,7407.392585269225,7407.392585269225,2036,2493,2.6571087008684584,2.97124450774104,0.31413580687258147,2.9712766086118028,2.9712766086118028,0.0,0.31413580687258147,
upos,upos_only,PLUTARCH,ef8134329970f595ef9ccf4198217affef5c01fa243d5bf4e59ee6daebb04e1d,2,tlg0007.tlg004.perseus-grc1.tb.xml,4_7,925,2570.1858933816466,2797.4344139219243,2768.020647140374,2768.020647140376,757,925,2.7785793441963746,3.024253420456134,0.24567407625975957,2.9924547536652693,2.992454753665271,1.7763568394002505e-15,0.2456740762597578,
upos,upos_only,PLUTARCH,ef8134329970f595ef9ccf4198217affef5c01fa243d5bf4e59ee6daebb04e1d,2,tlg0007.tlg004.perseus-grc1.tb.xml,ge8,2568,7121.471946921767,7926.177227782727,7885.854455427691,7885.854455427695,2115,2568,2.773158857835579,3.0865176120649247,0.31335875422934567,3.0708155979079796,3.070815597907981,1.3322676295501878e-15,0.31335875422934434,
upos,upos_only,PLUTARCH,ef8134329970f595ef9ccf4198217affef5c01fa243d5bf4e59ee6daebb04e1d,2,tlg0007.tlg015.perseus-grc1.tb.xml,4_7,915,2463.594682844145,2686.234590538032,2634.3054265267097,2634.3054265267097,748,915,2.692453205294148,2.9357755087847344,0.24332230349058648,2.8790223240729067,2.8790223240729067,0.0,0.24332230349058648,
upos,upos_only,PLUTARCH,ef8134329970f595ef9ccf4198217affef5c01fa243d5bf4e59ee6daebb04e1d,2,tlg0007.tlg015.perseus-grc1.tb.xml,ge8,2493,6620.445717025519,7412.7568595808225,7456.809881689378,7456.809881689381,2048,2493,2.6556140060270836,2.97342834319327,0.31781433716618634,2.991099029959638,2.9910990299596394,1.3322676295501878e-15,0.317814337166185,
upos,upos_only,PLUTARCH,ef8134329970f595ef9ccf4198217affef5c01fa243d5bf4e59ee6daebb04e1d,3,tlg0007.tlg004.perseus-grc1.tb.xml,4_7,925,2562.898278468487,2797.6803514920653,2794.890384117751,2794.890384117751,734,925,2.7707008415875536,3.0245192989103407,0.25381845732278707,3.0215031179651364,3.0215031179651364,0.0,0.25381845732278707,
upos,upos_only,PLUTARCH,ef8134329970f595ef9ccf4198217affef5c01fa243d5bf4e59ee6daebb04e1d,3,tlg0007.tlg004.perseus-grc1.tb.xml,ge8,2568,7116.989647034223,7923.957832992526,7878.150578574438,7878.150578574438,2144,2568,2.7714134139541367,3.085653361757214,0.3142399478030775,3.0678156458623205,3.0678156458623205,0.0,0.3142399478030775,
upos,upos_only,PLUTARCH,ef8134329970f595ef9ccf4198217affef5c01fa243d5bf4e59ee6daebb04e1d,3,tlg0007.tlg015.perseus-grc1.tb.xml,4_7,915,2455.5824862773457,2684.130212659989,2658.930878667079,2658.930878667079,724,915,2.683696706314039,2.933475642251354,0.24977893593731482,2.905935386521398,2.905935386521398,0.0,0.24977893593731482,
upos,upos_only,PLUTARCH,ef8134329970f595ef9ccf4198217affef5c01fa243d5bf4e59ee6daebb04e1d,3,tlg0007.tlg015.perseus-grc1.tb.xml,ge8,2493,6624.063133719427,7405.798254947054,7462.088927744896,7462.088927744896,2096,2493,2.6570650355874155,2.9706370858191153,0.3135720502316999,2.9932165775150006,2.9932165775150006,0.0,0.3135720502316999,
upos,upos_only,PLUTARCH,ef8134329970f595ef9ccf4198217affef5c01fa243d5bf4e59ee6daebb04e1d,4,tlg0007.tlg004.perseus-grc1.tb.xml,4_7,925,2561.0482915577304,2796.522982613261,2765.900451674428,2765.900451674428,767,925,2.768700855738087,3.0232680893116335,0.2545672335735465,2.990162650458841,2.990162650458841,0.0,0.2545672335735465,
upos,upos_only,PLUTARCH,ef8134329970f595ef9ccf4198217affef5c01fa243d5bf4e59ee6daebb04e1d,4,tlg0007.tlg004.perseus-grc1.tb.xml,ge8,2568,7111.368589761509,7924.38884843321,7889.8742960813615,7889.8742960813615,2138,2568,2.769224528723329,3.0858212026609073,0.3165966739375783,3.072380956417976,3.072380956417976,0.0,0.3165966739375783,
upos,upos_only,PLUTARCH,ef8134329970f595ef9ccf4198217affef5c01fa243d5bf4e59ee6daebb04e1d,4,tlg0007.tlg015.perseus-grc1.tb.xml,4_7,915,2461.5143764710197,2684.4701884638303,2670.9165688527255,2670.9165688527255,737,915,2.6901796464164147,2.9338472005069183,0.24366755409050356,2.9190345014783885,2.9190345014783885,0.0,0.24366755409050356,
upos,upos_only,PLUTARCH,ef8134329970f595ef9ccf4198217affef5c01fa243d5bf4e59ee6daebb04e1d,4,tlg0007.tlg015.perseus-grc1.tb.xml,ge8,2493,6609.162156733773,7408.18600626015,7407.100674005195,7407.100674005195,2044,2493,2.6510879088382566,2.9715948681348374,0.3205069592965808,2.9711595162475715,2.9711595162475715,0.0,0.3205069592965808,
upos,upos_only,PLUTARCH,ef8134329970f595ef9ccf4198217affef5c01fa243d5bf4e59ee6daebb04e1d,5,tlg0007.tlg004.perseus-grc1.tb.xml,4_7,925,2573.116513667777,2799.3247967993234,2757.619250735943,2757.619250735943,739,925,2.7817475823435425,3.02629707762089,0.2445494952773477,2.9812100007956137,2.9812100007956137,0.0,0.2445494952773477,
upos,upos_only,PLUTARCH,ef8134329970f595ef9ccf4198217affef5c01fa243d5bf4e59ee6daebb04e1d,5,tlg0007.tlg004.perseus-grc1.tb.xml,ge8,2568,7115.376336369722,7930.969106788018,7866.874903834021,7866.874903834021,2128,2568,2.770785177714066,3.088383608562312,0.3175984308482458,3.063424806788949,3.063424806788949,0.0,0.3175984308482458,
upos,upos_only,PLUTARCH,ef8134329970f595ef9ccf4198217affef5c01fa243d5bf4e59ee6daebb04e1d,5,tlg0007.tlg015.perseus-grc1.tb.xml,4_7,915,2456.619963644465,2686.229528274604,2686.511536205071,2686.511536205071,733,915,2.6848305613600707,2.935769976256398,0.2509394148963273,2.9360781816448864,2.9360781816448864,0.0,0.2509394148963273,
upos,upos_only,PLUTARCH,ef8134329970f595ef9ccf4198217affef5c01fa243d5bf4e59ee6daebb04e1d,5,tlg0007.tlg015.perseus-grc1.tb.xml,ge8,2493,6624.667393935817,7411.980728377488,7433.802930992426,7433.802930992426,2048,2493,2.657307418345695,2.973117019004207,0.31580960065851205,2.9818704095436925,2.9818704095436925,0.0,0.31580960065851205,
upos,upos_only,PLUTARCH,ef8134329970f595ef9ccf4198217affef5c01fa243d5bf4e59ee6daebb04e1d,6,tlg0007.tlg004.perseus-grc1.tb.xml,4_7,925,2554.18416122675,2796.837364789163,2813.9436935145727,2813.9436935145727,733,925,2.761280174299189,3.02360796193423,0.26232778763504117,3.0421012902860247,3.0421012902860247,0.0,0.26232778763504117,
upos,upos_only,PLUTARCH,ef8134329970f595ef9ccf4198217affef5c01fa243d5bf4e59ee6daebb04e1d,6,tlg0007.tlg004.perseus-grc1.tb.xml,ge8,2568,7099.832093180291,7921.633698291485,7827.300280226034,7827.300280226034,2118,2568,2.7647321235125744,3.084748324879862,0.3200162013672876,3.048014127813876,3.048014127813876,0.0,0.3200162013672876,
upos,upos_only,PLUTARCH,ef8134329970f595ef9ccf4198217affef5c01fa243d5bf4e59ee6daebb04e1d,6,tlg0007.tlg015.perseus-grc1.tb.xml,4_7,915,2457.1950116960347,2685.9103362681108,2662.498535315858,2662.498535315858,737,915,2.6854590291759943,2.9354211325334543,0.24996210335745994,2.9098344648260746,2.9098344648260746,0.0,0.24996210335745994,
upos,upos_only,PLUTARCH,ef8134329970f595ef9ccf4198217affef5c01fa243d5bf4e59ee6daebb04e1d,6,tlg0007.tlg015.perseus-grc1.tb.xml,ge8,2493,6609.086612891321,7410.983798281307,7391.284538725864,7391.284538725864,2049,2493,2.6510576064546014,2.9727171272688757,0.3216595208142743,2.9648152983256573,2.9648152983256573,0.0,0.3216595208142743,
upos,upos_only,PLUTARCH,ef8134329970f595ef9ccf4198217affef5c01fa243d5bf4e59ee6daebb04e1d,7,tlg0007.tlg004.perseus-grc1.tb.xml,4_7,925,2566.5872625841916,2796.09630887006,2729.954077944934,2729.954077944934,753,925,2.7746889325234503,3.022806820400065,0.2481178878766146,2.951301705886415,2.951301705886415,0.0,0.2481178878766146,
upos,upos_only,PLUTARCH,ef8134329970f595ef9ccf4198217affef5c01fa243d5bf4e59ee6daebb04e1d,7,tlg0007.tlg004.perseus-grc1.tb.xml,ge8,2568,7093.0932722883645,7922.56574196593,7872.66146861581,7872.66146861581,2135,2568,2.7621079720749084,3.085111270235954,0.32300329816104556,3.0656781419843497,3.0656781419843497,0.0,0.32300329816104556,
upos,upos_only,PLUTARCH,ef8134329970f595ef9ccf4198217affef5c01fa243d5bf4e59ee6daebb04e1d,7,tlg0007.tlg015.perseus-grc1.tb.xml,4_7,915,2461.4497481467583,2685.354810761677,2717.6425785279366,2717.6425785279366,737,915,2.690109014368042,2.934814000832434,0.24470498646439198,2.9701011787190565,2.9701011787190565,0.0,0.24470498646439198,
upos,upos_only,PLUTARCH,ef8134329970f595ef9ccf4198217affef5c01fa243d5bf4e59ee6daebb04e1d,7,tlg0007.tlg015.perseus-grc1.tb.xml,ge8,2493,6606.270843081843,7410.261455246795,7385.895633758879,7385.895633758879,2046,2493,2.649928136013575,2.9724273787592437,0.32249924274566855,2.9626536838182425,2.9626536838182425,0.0,0.32249924274566855,
upos,upos_only,PLUTARCH,ef8134329970f595ef9ccf4198217affef5c01fa243d5bf4e59ee6daebb04e1d,8,tlg0007.tlg004.perseus-grc1.tb.xml,4_7,925,2566.2533486372176,2797.571537795653,2772.1971674526703,2772.1971674526703,748,925,2.7743279444726676,3.024401662481787,0.25007371800911926,2.9969699107596437,2.9969699107596437,0.0,0.25007371800911926,
upos,upos_only,PLUTARCH,ef8134329970f595ef9ccf4198217affef5c01fa243d5bf4e59ee6daebb04e1d,8,tlg0007.tlg004.perseus-grc1.tb.xml,ge8,2568,7111.0941989700505,7925.482307541004,7835.88356137751,7835.88356137751,2148,2568,2.7691176787266554,3.0862470044941603,0.31712932576750497,3.051356527016164,3.051356527016164,0.0,0.31712932576750497,
upos,upos_only,PLUTARCH,ef8134329970f595ef9ccf4198217affef5c01fa243d5bf4e59ee6daebb04e1d,8,tlg0007.tlg015.perseus-grc1.tb.xml,4_7,915,2457.2892416382424,2685.6947119615597,2676.1911877391094,2676.1911877391094,750,915,2.6855620127193904,2.9351854775536173,0.24962346483422682,2.92479911228318,2.92479911228318,0.0,0.24962346483422682,
upos,upos_only,PLUTARCH,ef8134329970f595ef9ccf4198217affef5c01fa243d5bf4e59ee6daebb04e1d,8,tlg0007.tlg015.perseus-grc1.tb.xml,ge8,2493,6622.988994824862,7410.931498586013,7402.48514458362,7402.48514458362,2009,2493,2.65663417361607,2.972696148650627,0.316061975034557,2.969308120571047,2.969308120571047,0.0,0.316061975034557,
upos,upos_only,PLUTARCH,ef8134329970f595ef9ccf4198217affef5c01fa243d5bf4e59ee6daebb04e1d,9,tlg0007.tlg004.perseus-grc1.tb.xml,4_7,925,2571.639762351361,2795.828327858165,2780.6457450269722,2780.64574502711,759,925,2.7801510944339034,3.022517111198016,0.2423660167641124,3.0061035081372673,3.006103508137416,1.4876988529977098e-13,0.24236601676396363,
upos,upos_only,PLUTARCH,ef8134329970f595ef9ccf4198217affef5c01fa243d5bf4e59ee6daebb04e1d,9,tlg0007.tlg004.perseus-grc1.tb.xml,ge8,2568,7093.696713818997,7925.395136416263,7810.893051501975,7810.893051502093,2127,2568,2.7623429570946247,3.0862130593521275,0.3238701022575028,3.041625020055286,3.0416250200553323,4.618527782440651e-14,0.3238701022574566,
upos,upos_only,PLUTARCH,ef8134329970f595ef9ccf4198217affef5c01fa243d5bf4e59ee6daebb04e1d,9,tlg0007.tlg015.perseus-grc1.tb.xml,4_7,915,2455.990320824172,2685.472339617872,2712.53611579501,2712.536115795116,742,915,2.6841424271302428,2.9349424476698056,0.25080002053956285,2.9645203451311586,2.9645203451312745,1.1590728377086634e-13,0.25080002053944694,
upos,upos_only,PLUTARCH,ef8134329970f595ef9ccf4198217affef5c01fa243d5bf4e59ee6daebb04e1d,9,tlg0007.tlg015.perseus-grc1.tb.xml,ge8,2493,6625.965072308257,7411.803798699342,7351.86820083444,7351.86820083509,2048,2493,2.657827947175394,2.9730460484153,0.315218101239906,2.949004492913935,2.9490044929141956,2.6068036618198676e-13,0.31521810123964533,
