cell,variant,held_block,held_block_key,seed,contributor,contributor_key,fragment_count,internal_start_count,fragment_tokens,direct_context_targets
C0,ud23,THUCYDIDES,1a32cf6857284fff7c7f006f8d0cd4ab15a047af7a4bcd5613d1fd50789dd4ee,0,ATHENAEUS,4352f04fcfd7cbe580caddf69f309034ffb967d5d1bc8a8e809498de5bf8d329,1,0,4,0
C0,ud23,THUCYDIDES,1a32cf6857284fff7c7f006f8d0cd4ab15a047af7a4bcd5613d1fd50789dd4ee,0,DIODORUS,d91dad02f8da03cf6702fa7edec531da5e56f526f466e2f04180f2a23a1cf315,1,1,7,7
C0,ud23,THUCYDIDES,1a32cf6857284fff7c7f006f8d0cd4ab15a047af7a4bcd5613d1fd50789dd4ee,0,HERODOTUS,89f0804afded8e7a0f4e1b507030d5ef4ecaf17e422c8b2969bd6b23e62818e6,1,1,30,8
C0,ud23,THUCYDIDES,1a32cf6857284fff7c7f006f8d0cd4ab15a047af7a4bcd5613d1fd50789dd4ee,0,HESIODIC_TRADITION,c4c0c7eaeca0d61d2e53f4f0642bfa382e91dd28b470d2f4da2ba8539fe0e7f7,1,1,2,2
C0,ud23,THUCYDIDES,1a32cf6857284fff7c7f006f8d0cd4ab15a047af7a4bcd5613d1fd50789dd4ee,0,HOMERIC_TRADITION,209ee9f27c82f31d31eb16124569039d7847ed327f3a0f2b5c4eae048347e621,1,1,3,3
C0,ud23,THUCYDIDES,1a32cf6857284fff7c7f006f8d0cd4ab15a047af7a4bcd5613d1fd50789dd4ee,0,PLUTARCH,ef8134329970f595ef9ccf4198217affef5c01fa243d5bf4e59ee6daebb04e1d,0,0,0,0
C0,ud23,THUCYDIDES,1a32cf6857284fff7c7f006f8d0cd4ab15a047af7a4bcd5613d1fd50789dd4ee,1,ATHENAEUS,4352f04fcfd7cbe580caddf69f309034ffb967d5d1bc8a8e809498de5bf8d329,1,1,6,6
C0,ud23,THUCYDIDES,1a32cf6857284fff7c7f006f8d0cd4ab15a047af7a4bcd5613d1fd50789dd4ee,1,DIODORUS,d91dad02f8da03cf6702fa7edec531da5e56f526f466e2f04180f2a23a1cf315,0,0,0,0
C0,ud23,THUCYDIDES,1a32cf6857284fff7c7f006f8d0cd4ab15a047af7a4bcd5613d1fd50789dd4ee,1,HERODOTUS,89f0804afded8e7a0f4e1b507030d5ef4ecaf17e422c8b2969bd6b23e62818e6,1,1,10,8
C0,ud23,THUCYDIDES,1a32cf6857284fff7c7f006f8d0cd4ab15a047af7a4bcd5613d1fd50789dd4ee,1,HESIODIC_TRADITION,c4c0c7eaeca0d61d2e53f4f0642bfa382e91dd28b470d2f4da2ba8539fe0e7f7,0,0,0,0
C0,ud23,THUCYDIDES,1a32cf6857284fff7c7f006f8d0cd4ab15a047af7a4bcd5613d1fd50789dd4ee,1,HOMERIC_TRADITION,209ee9f27c82f31d31eb16124569039d7847ed327f3a0f2b5c4eae048347e621,1,0,13,0
C0,ud23,THUCYDIDES,1a32cf6857284fff7c7f006f8d0cd4ab15a047af7a4bcd5613d1fd50789dd4ee,1,PLUTARCH,ef8134329970f595ef9ccf4198217affef5c01fa243d5bf4e59ee6daebb04e1d,0,0,0,0
C0,ud23,THUCYDIDES,1a32cf6857284fff7c7f006f8d0cd4ab15a047af7a4bcd5613d1fd50789dd4ee,2,ATHENAEUS,4352f04fcfd7cbe580caddf69f309034ffb967d5d1bc8a8e809498de5bf8d329,1,1,5,5
C0,ud23,THUCYDIDES,1a32cf6857284fff7c7f006f8d0cd4ab15a047af7a4bcd5613d1fd50789dd4ee,2,DIODORUS,d91dad02f8da03cf6702fa7edec531da5e56f526f466e2f04180f2a23a1cf315,1,1,14,8
C0,ud23,THUCYDIDES,1a32cf6857284fff7c7f006f8d0cd4ab15a047af7a4bcd5613d1fd50789dd4ee,2,HERODOTUS,89f0804afded8e7a0f4e1b507030d5ef4ecaf17e422c8b2969bd6b23e62818e6,1,0,5,0
C0,ud23,THUCYDIDES,1a32cf6857284fff7c7f006f8d0cd4ab15a047af7a4bcd5613d1fd50789dd4ee,2,HESIODIC_TRADITION,c4c0c7eaeca0d61d2e53f4f0642bfa382e91dd28b470d2f4da2ba8539fe0e7f7,1,0,5,0
C0,ud23,THUCYDIDES,1a32cf6857284fff7c7f006f8d0cd4ab15a047af7a4bcd5613d1fd50789dd4ee,2,HOMERIC_TRADITION,209ee9f27c82f31d31eb16124569039d7847ed327f3a0f2b5c4eae048347e621,1,1,8,8
C0,ud23,THUCYDIDES,1a32cf6857284fff7c7f006f8d0cd4ab15a047af7a4bcd5613d1fd50789dd4ee,2,PLUTARCH,ef8134329970f595ef9ccf4198217affef5c01fa243d5bf4e59ee6daebb04e1d,0,0,0,0
C0,ud23,THUCYDIDES,1a32cf6857284fff7c7f006f8d0cd4ab15a047af7a4bcd5613d1fd50789dd4ee,3,ATHENAEUS,4352f04fcfd7cbe580caddf69f309034ffb967d5d1bc8a8e809498de5bf8d329,1,1,12,8
C0,ud23,THUCYDIDES,1a32cf6857284fff7c7f006f8d0cd4ab15a047af7a4bcd5613d1fd50789dd4ee,3,DIODORUS,d91dad02f8da03cf6702fa7edec531da5e56f526f466e2f04180f2a23a1cf315,0,0,0,0
C0,ud23,THUCYDIDES,1a32cf6857284fff7c7f006f8d0cd4ab15a047af7a4bcd5613d1fd50789dd4ee,3,HERODOTUS,89f0804afded8e7a0f4e1b507030d5ef4ecaf17e422c8b2969bd6b23e62818e6,1,0,6,0
C0,ud23,THUCYDIDES,1a32cf6857284fff7c7f006f8d0cd4ab15a047af7a4bcd5613d1fd50789dd4ee,3,HESIODIC_TRADITION,c4c0c7eaeca0d61d2e53f4f0642bfa382e91dd28b470d2f4da2ba8539fe0e7f7,1,1,10,8
C0,ud23,THUCYDIDES,1a32cf6857284fff7c7f006f8d0cd4ab15a047af7a4bcd5613d1fd50789dd4ee,3,HOMERIC_TRADITION,209ee9f27c82f31d31eb16124569039d7847ed327f3a0f2b5c4eae048347e621,1,1,4,4
C0,ud23,THUCYDIDES,1a32cf6857284fff7c7f006f8d0cd4ab15a047af7a4bcd5613d1fd50789dd4ee,3,PLUTARCH,ef8134329970f595ef9ccf4198217affef5c01fa243d5bf4e59ee6daebb04e1d,0,0,0,0
C0,ud23,THUCYDIDES,1a32cf6857284fff7c7f006f8d0cd4ab15a047af7a4bcd5613d1fd50789dd4ee,4,ATHENAEUS,4352f04fcfd7cbe580caddf69f309034ffb967d5d1bc8a8e809498de5bf8d329,1,1,5,5
C0,ud23,THUCYDIDES,1a32cf6857284fff7c7f006f8d0cd4ab15a047af7a4bcd5613d1fd50789dd4ee,4,DIODORUS,d91dad02f8da03cf6702fa7edec531da5e56f526f466e2f04180f2a23a1cf315,1,1,10,8
C0,ud23,THUCYDIDES,1a32cf6857284fff7c7f006f8d0cd4ab15a047af7a4bcd5613d1fd50789dd4ee,4,HERODOTUS,89f0804afded8e7a0f4e1b507030d5ef4ecaf17e422c8b2969bd6b23e62818e6,1,1,27,8
C0,ud23,THUCYDIDES,1a32cf6857284fff7c7f006f8d0cd4ab15a047af7a4bcd5613d1fd50789dd4ee,4,HESIODIC_TRADITION,c4c0c7eaeca0d61d2e53f4f0642bfa382e91dd28b470d2f4da2ba8539fe0e7f7,1,1,1,1
C0,ud23,THUCYDIDES,1a32cf6857284fff7c7f006f8d0cd4ab15a047af7a4bcd5613d1fd50789dd4ee,4,HOMERIC_TRADITION,209ee9f27c82f31d31eb16124569039d7847ed327f3a0f2b5c4eae048347e621,1,1,13,8
C0,ud23,THUCYDIDES,1a32cf6857284fff7c7f006f8d0cd4ab15a047af7a4bcd5613d1fd50789dd4ee,4,PLUTARCH,ef8134329970f595ef9ccf4198217affef5c01fa243d5bf4e59ee6daebb04e1d,0,0,0,0
C0,ud23,THUCYDIDES,1a32cf6857284fff7c7f006f8d0cd4ab15a047af7a4bcd5613d1fd50789dd4ee,5,ATHENAEUS,4352f04fcfd7cbe580caddf69f309034ffb967d5d1bc8a8e809498de5bf8d329,1,1,40,8
C0,ud23,THUCYDIDES,1a32cf6857284fff7c7f006f8d0cd4ab15a047af7a4bcd5613d1fd50789dd4ee,5,DIODORUS,d91dad02f8da03cf6702fa7edec531da5e56f526f466e2f04180f2a23a1cf315,1,1,1,1
C0,ud23,THUCYDIDES,1a32cf6857284fff7c7f006f8d0cd4ab15a047af7a4bcd5613d1fd50789dd4ee,5,HERODOTUS,89f0804afded8e7a0f4e1b507030d5ef4ecaf17e422c8b2969bd6b23e62818e6,1,1,2,2
C0,ud23,THUCYDIDES,1a32cf6857284fff7c7f006f8d0cd4ab15a047af7a4bcd5613d1fd50789dd4ee,5,HESIODIC_TRADITION,c4c0c7eaeca0d61d2e53f4f0642bfa382e91dd28b470d2f4da2ba8539fe0e7f7,1,1,4,4
C0,ud23,THUCYDIDES,1a32cf6857284fff7c7f006f8d0cd4ab15a047af7a4bcd5613d1fd50789dd4ee,5,HOMERIC_TRADITION,209ee9f27c82f31d31eb16124569039d7847ed327f3a0f2b5c4eae048347e621,1,0,20,0
C0,ud23,THUCYDIDES,1a32cf6857284fff7c7f006f8d0cd4ab15a047af7a4bcd5613d1fd50789dd4ee,5,PLUTARCH,ef8134329970f595ef9ccf4198217affef5c01fa243d5bf4e59ee6daebb04e1d,0,0,0,0
C0,ud23,THUCYDIDES,1a32cf6857284fff7c7f006f8d0cd4ab15a047af7a4bcd5613d1fd50789dd4ee,6,ATHENAEUS,4352f04fcfd7cbe580caddf69f309034ffb967d5d1bc8a8e809498de5bf8d329,1,1,9,8
C0,ud23,THUCYDIDES,1a32cf6857284fff7c7f006f8d0cd4ab15a047af7a4bcd5613d1fd50789dd4ee,6,DIODORUS,d91dad02f8da03cf6702fa7edec531da5e56f526f466e2f04180f2a23a1cf315,0,0,0,0
C0,ud23,THUCYDIDES,1a32cf6857284fff7c7f006f8d0cd4ab15a047af7a4bcd5613d1fd50789dd4ee,6,HERODOTUS,89f0804afded8e7a0f4e1b507030d5ef4ecaf17e422c8b2969bd6b23e62818e6,1,1,4,4
C0,ud23,THUCYDIDES,1a32cf6857284fff7c7f006f8d0cd4ab15a047af7a4bcd5613d1fd50789dd4ee,6,HESIODIC_TRADITION,c4c0c7eaeca0d61d2e53f4f0642bfa382e91dd28b470d2f4da2ba8539fe0e7f7,1,1,13,8
C0,ud23,THUCYDIDES,1a32cf6857284fff7c7f006f8d0cd4ab15a047af7a4bcd5613d1fd50789dd4ee,6,HOMERIC_TRADITION,209ee9f27c82f31d31eb16124569039d7847ed327f3a0f2b5c4eae048347e621,1,1,4,4
C0,ud23,THUCYDIDES,1a32cf6857284fff7c7f006f8d0cd4ab15a047af7a4bcd5613d1fd50789dd4ee,6,PLUTARCH,ef8134329970f595ef9ccf4198217affef5c01fa243d5bf4e59ee6daebb04e1d,0,0,0,0
C0,ud23,THUCYDIDES,1a32cf6857284fff7c7f006f8d0cd4ab15a047af7a4bcd5613d1fd50789dd4ee,7,ATHENAEUS,4352f04fcfd7cbe580caddf69f309034ffb967d5d1bc8a8e809498de5bf8d329,1,0,15,0
C0,ud23,THUCYDIDES,1a32cf6857284fff7c7f006f8d0cd4ab15a047af7a4bcd5613d1fd50789dd4ee,7,DIODORUS,d91dad02f8da03cf6702fa7edec531da5e56f526f466e2f04180f2a23a1cf315,1,1,7,7
C0,ud23,THUCYDIDES,1a32cf6857284fff7c7f006f8d0cd4ab15a047af7a4bcd5613d1fd50789dd4ee,7,HERODOTUS,89f0804afded8e7a0f4e1b507030d5ef4ecaf17e422c8b2969bd6b23e62818e6,1,1,6,6
C0,ud23,THUCYDIDES,1a32cf6857284fff7c7f006f8d0cd4ab15a047af7a4bcd5613d1fd50789dd4ee,7,HESIODIC_TRADITION,c4c0c7eaeca0d61d2e53f4f0642bfa382e91dd28b470d2f4da2ba8539fe0e7f7,1,1,3,3
C0,ud23,THUCYDIDES,1a32cf6857284fff7c7f006f8d0cd4ab15a047af7a4bcd5613d1fd50789dd4ee,7,HOMERIC_TRADITION,209ee9f27c82f31d31eb16124569039d7847ed327f3a0f2b5c4eae048347e621,1,0,7,0
C0,ud23,THUCYDIDES,1a32cf6857284fff7c7f006f8d0cd4ab15a047af7a4bcd5613d1fd50789dd4ee,7,PLUTARCH,ef8134329970f595ef9ccf4198217affef5c01fa243d5bf4e59ee6daebb04e1d,0,0,0,0
C0,ud23,THUCYDIDES,1a32cf6857284fff7c7f006f8d0cd4ab15a047af7a4bcd5613d1fd50789dd4ee,8,ATHENAEUS,4352f04fcfd7cbe580caddf69f309034ffb967d5d1bc8a8e809498de5bf8d329,1,1,22,8
C0,ud23,THUCYDIDES,1a32cf6857284fff7c7f006f8d0cd4ab15a047af7a4bcd5613d1fd50789dd4ee,8,DIODORUS,d91dad02f8da03cf6702fa7edec531da5e56f526f466e2f04180f2a23a1cf315,1,1,4,4
C0,ud23,THUCYDIDES,1a32cf6857284fff7c7f006f8d0cd4ab15a047af7a4bcd5613d1fd50789dd4ee,8,HERODOTUS,89f0804afded8e7a0f4e1b507030d5ef4ecaf17e422c8b2969bd6b23e62818e6,1,0,11,0
C0,ud23,THUCYDIDES,1a32cf6857284fff7c7f006f8d0cd4ab15a047af7a4bcd5613d1fd50789dd4ee,8,HESIODIC_TRADITION,c4c0c7eaeca0d61d2e53f4f0642bfa382e91dd28b470d2f4da2ba8539fe0e7f7,1,0,9,0
C0,ud23,THUCYDIDES,1a32cf6857284fff7c7f006f8d0cd4ab15a047af7a4bcd5613d1fd50789dd4ee,8,HOMERIC_TRADITION,209ee9f27c82f31d31eb16124569039d7847ed327f3a0f2b5c4eae048347e621,1,0,2,0
C0,ud23,THUCYDIDES,1a32cf6857284fff7c7f006f8d0cd4ab15a047af7a4bcd5613d1fd50789dd4ee,8,PLUTARCH,ef8134329970f595ef9ccf4198217affef5c01fa243d5bf4e59ee6daebb04e1d,0,0,0,0
C0,ud23,THUCYDIDES,1a32cf6857284fff7c7f006f8d0cd4ab15a047af7a4bcd5613d1fd50789dd4ee,9,ATHENAEUS,4352f04fcfd7cbe580caddf69f309034ffb967d5d1bc8a8e809498de5bf8d329,1,1,17,8
C0,ud23,THUCYDIDES,1a32cf6857284fff7c7f006f8d0cd4ab15a047af7a4bcd5613d1fd50789dd4ee,9,DIODORUS,d91dad02f8da03cf6702fa7edec531da5e56f526f466e2f04180f2a23a1cf315,1,1,16,8
C0,ud23,THUCYDIDES,1a32cf6857284fff7c7f006f8d0cd4ab15a047af7a4bcd5613d1fd50789dd4ee,9,HERODOTUS,89f0804afded8e7a0f4e1b507030d5ef4ecaf17e422c8b2969bd6b23e62818e6,1,1,15,8
C0,ud23,THUCYDIDES,1a32cf6857284fff7c7f006f8d0cd4ab15a047af7a4bcd5613d1fd50789dd4ee,9,HESIODIC_TRADITION,c4c0c7eaeca0d61d2e53f4f0642bfa382e91dd28b470d2f4da2ba8539fe0e7f7,1,1,3,3
C0,ud23,THUCYDIDES,1a32cf6857284fff7c7f006f8d0cd4ab15a047af7a4bcd5613d1fd50789dd4ee,9,HOMERIC_TRADITION,209ee9f27c82f31d31eb16124569039d7847ed327f3a0f2b5c4eae048347e621,1,1,11,8
C0,ud23,THUCYDIDES,1a32cf6857284fff7c7f006f8d0cd4ab15a047af7a4bcd5613d1fd50789dd4ee,9,PLUTARCH,ef8134329970f595ef9ccf4198217affef5c01fa243d5bf4e59ee6daebb04e1d,0,0,0,0
C0,ud23,THUCYDIDES,1a32cf6857284fff7c7f006f8d0cd4ab15a047af7a4bcd5613d1fd50789dd4ee,10,ATHENAEUS,4352f04fcfd7cbe580caddf69f309034ffb967d5d1bc8a8e809498de5bf8d329,1,1,7,7
C0,ud23,THUCYDIDES,1a32cf6857284fff7c7f006f8d0cd4ab15a047af7a4bcd5613d1fd50789dd4ee,10,DIODORUS,d91dad02f8da03cf6702fa7edec531da5e56f526f466e2f04180f2a23a1cf315,1,1,10,8
C0,ud23,THUCYDIDES,1a32cf6857284fff7c7f006f8d0cd4ab15a047af7a4bcd5613d1fd50789dd4ee,10,HERODOTUS,89f0804afded8e7a0f4e1b507030d5ef4ecaf17e422c8b2969bd6b23e62818e6,1,1,21,8
C0,ud23,THUCYDIDES,1a32cf6857284fff7c7f006f8d0cd4ab15a047af7a4bcd5613d1fd50789dd4ee,10,HESIODIC_TRADITION,c4c0c7eaeca0d61d2e53f4f0642bfa382e91dd28b470d2f4da2ba8539fe0e7f7,1,1,48,8
C0,ud23,THUCYDIDES,1a32cf6857284fff7c7f006f8d0cd4ab15a047af7a4bcd5613d1fd50789dd4ee,10,HOMERIC_TRADITION,209ee9f27c82f31d31eb16124569039d7847ed327f3a0f2b5c4eae048347e621,1,1,10,8
C0,ud23,THUCYDIDES,1a32cf6857284fff7c7f006f8d0cd4ab15a047af7a4bcd5613d1fd50789dd4ee,10,PLUTARCH,ef8134329970f595ef9ccf4198217affef5c01fa243d5bf4e59ee6daebb04e1d,0,0,0,0
C0,ud23,THUCYDIDES,1a32cf6857284fff7c7f006f8d0cd4ab15a047af7a4bcd5613d1fd50789dd4ee,11,ATHENAEUS,4352f04fcfd7cbe580caddf69f309034ffb967d5d1bc8a8e809498de5bf8d329,1,0,8,0
C0,ud23,THUCYDIDES,1a32cf6857284fff7c7f006f8d0cd4ab15a047af7a4bcd5613d1fd50789dd4ee,11,DIODORUS,d91dad02f8da03cf6702fa7edec531da5e56f526f466e2f04180f2a23a1cf315,1,1,18,8
C0,ud23,THUCYDIDES,1a32cf6857284fff7c7f006f8d0cd4ab15a047af7a4bcd5613d1fd50789dd4ee,11,HERODOTUS,89f0804afded8e7a0f4e1b507030d5ef4ecaf17e422c8b2969bd6b23e62818e6,1,1,13,8
C0,ud23,THUCYDIDES,1a32cf6857284fff7c7f006f8d0cd4ab15a047af7a4bcd5613d1fd50789dd4ee,11,HESIODIC_TRADITION,c4c0c7eaeca0d61d2e53f4f0642bfa382e91dd28b470d2f4da2ba8539fe0e7f7,1,1,3,3
C0,ud23,THUCYDIDES,1a32cf6857284fff7c7f006f8d0cd4ab15a047af7a4bcd5613d1fd50789dd4ee,11,HOMERIC_TRADITION,209ee9f27c82f31d31eb16124569039d7847ed327f3a0f2b5c4eae048347e621,1,1,1,1
C0,ud23,THUCYDIDES,1a32cf6857284fff7c7f006f8d0cd4ab15a047af7a4bcd5613d1fd50789dd4ee,11,PLUTARCH,ef8134329970f595ef9ccf4198217affef5c01fa243d5bf4e59ee6daebb04e1d,0,0,0,0
C0,ud23,THUCYDIDES,1a32cf6857284fff7c7f006f8d0cd4ab15a047af7a4bcd5613d1fd50789dd4ee,12,ATHENAEUS,4352f04fcfd7cbe580caddf69f309034ffb967d5d1bc8a8e809498de5bf8d329,1,1,5,5
C0,ud23,THUCYDIDES,1a32cf6857284fff7c7f006f8d0cd4ab15a047af7a4bcd5613d1fd50789dd4ee,12,DIODORUS,d91dad02f8da03cf6702fa7edec531da5e56f526f466e2f04180f2a23a1cf315,1,1,7,7
C0,ud23,THUCYDIDES,1a32cf6857284fff7c7f006f8d0cd4ab15a047af7a4bcd5613d1fd50789dd4ee,12,HERODOTUS,89f0804afded8e7a0f4e1b507030d5ef4ecaf17e422c8b2969bd6b23e62818e6,1,0,1,0
C0,ud23,THUCYDIDES,1a32cf6857284fff7c7f006f8d0cd4ab15a047af7a4bcd5613d1fd50789dd4ee,12,HESIODIC_TRADITION,c4c0c7eaeca0d61d2e53f4f0642bfa382e91dd28b470d2f4da2ba8539fe0e7f7,1,1,18,8
C0,ud23,THUCYDIDES,1a32cf6857284fff7c7f006f8d0cd4ab15a047af7a4bcd5613d1fd50789dd4ee,12,HOMERIC_TRADITION,209ee9f27c82f31d31eb16124569039d7847ed327f3a0f2b5c4eae048347e621,1,1,3,3
C0,ud23,THUCYDIDES,1a32cf6857284fff7c7f006f8d0cd4ab15a047af7a4bcd5613d1fd50789dd4ee,12,PLUTARCH,ef8134329970f595ef9ccf4198217affef5c01fa243d5bf4e59ee6daebb04e1d,0,0,0,0
C0,ud23,THUCYDIDES,1a32cf6857284fff7c7f006f8d0cd4ab15a047af7a4bcd5613d1fd50789dd4ee,13,ATHENAEUS,4352f04fcfd7cbe580caddf69f309034ffb967d5d1bc8a8e809498de5bf8d329,1,1,4,4
C0,ud23,THUCYDIDES,1a32cf6857284fff7c7f006f8d0cd4ab15a047af7a4bcd5613d1fd50789dd4ee,13,DIODORUS,d91dad02f8da03cf6702fa7edec531da5e56f526f466e2f04180f2a23a1cf315,1,1,16,8
C0,ud23,THUCYDIDES,1a32cf6857284fff7c7f006f8d0cd4ab15a047af7a4bcd5613d1fd50789dd4ee,13,HERODOTUS,89f0804afded8e7a0f4e1b507030d5ef4ecaf17e422c8b2969bd6b23e62818e6,1,1,12,8
C0,ud23,THUCYDIDES,1a32cf6857284fff7c7f006f8d0cd4ab15a047af7a4bcd5613d1fd50789dd4ee,13,HESIODIC_TRADITION,c4c0c7eaeca0d61d2e53f4f0642bfa382e91dd28b470d2f4da2ba8539fe0e7f7,1,1,12,8
C0,ud23,THUCYDIDES,1a32cf6857284fff7c7f006f8d0cd4ab15a047af7a4bcd5613d1fd50789dd4ee,13,HOMERIC_TRADITION,209ee9f27c82f31d31eb16124569039d7847ed327f3a0f2b5c4eae048347e621,1,1,4,4
C0,ud23,THUCYDIDES,1a32cf6857284fff7c7f006f8d0cd4ab15a047af7a4bcd5613d1fd50789dd4ee,13,PLUTARCH,ef8134329970f595ef9ccf4198217affef5c01fa243d5bf4e59ee6daebb04e1d,0,0,0,0
C0,ud23,THUCYDIDES,1a32cf6857284fff7c7f006f8d0cd4ab15a047af7a4bcd5613d1fd50789dd4ee,14,ATHENAEUS,4352f04fcfd7cbe580caddf69f309034ffb967d5d1bc8a8e809498de5bf8d329,1,0,12,0
C0,ud23,THUCYDIDES,1a32cf6857284fff7c7f006f8d0cd4ab15a047af7a4bcd5613d1fd50789dd4ee,14,DIODORUS,d91dad02f8da03cf6702fa7edec531da5e56f526f466e2f04180f2a23a1cf315,1,1,30,8
C0,ud23,THUCYDIDES,1a32cf6857284fff7c7f006f8d0cd4ab15a047af7a4bcd5613d1fd50789dd4ee,14,HERODOTUS,89f0804afded8e7a0f4e1b507030d5ef4ecaf17e422c8b2969bd6b23e62818e6,1,0,1,0
C0,ud23,THUCYDIDES,1a32cf6857284fff7c7f006f8d0cd4ab15a047af7a4bcd5613d1fd50789dd4ee,14,HESIODIC_TRADITION,c4c0c7eaeca0d61d2e53f4f0642bfa382e91dd28b470d2f4da2ba8539fe0e7f7,1,1,94,8
C0,ud23,THUCYDIDES,1a32cf6857284fff7c7f006f8d0cd4ab15a047af7a4bcd5613d1fd50789dd4ee,14,HOMERIC_TRADITION,209ee9f27c82f31d31eb16124569039d7847ed327f3a0f2b5c4eae048347e621,1,0,3,0
C0,ud23,THUCYDIDES,1a32cf6857284fff7c7f006f8d0cd4ab15a047af7a4bcd5613d1fd50789dd4ee,14,PLUTARCH,ef8134329970f595ef9ccf4198217affef5c01fa243d5bf4e59ee6daebb04e1d,0,0,0,0
C0,ud23,THUCYDIDES,1a32cf6857284fff7c7f006f8d0cd4ab15a047af7a4bcd5613d1fd50789dd4ee,15,ATHENAEUS,4352f04fcfd7cbe580caddf69f309034ffb967d5d1bc8a8e809498de5bf8d329,1,1,1,1
C0,ud23,THUCYDIDES,1a32cf6857284fff7c7f006f8d0cd4ab15a047af7a4bcd5613d1fd50789dd4ee,15,DIODORUS,d91dad02f8da03cf6702fa7edec531da5e56f526f466e2f04180f2a23a1cf315,1,1,4,4
C0,ud23,THUCYDIDES,1a32cf6857284fff7c7f006f8d0cd4ab15a047af7a4bcd5613d1fd50789dd4ee,15,HERODOTUS,89f0804afded8e7a0f4e1b507030d5ef4ecaf17e422c8b2969bd6b23e62818e6,1,0,1,0
C0,ud23,THUCYDIDES,1a32cf6857284fff7c7f006f8d0cd4ab15a047af7a4bcd5613d1fd50789dd4ee,15,HESIODIC_TRADITION,c4c0c7eaeca0d61d2e53f4f0642bfa382e91dd28b470d2f4da2ba8539fe0e7f7,1,1,12,8
C0,ud23,THUCYDIDES,1a32cf6857284fff7c7f006f8d0cd4ab15a047af7a4bcd5613d1fd50789dd4ee,15,HOMERIC_TRADITION,209ee9f27c82f31d31eb16124569039d7847ed327f3a0f2b5c4eae048347e621,1,1,14,8
C0,ud23,THUCYDIDES,1a32cf6857284fff7c7f006f8d0cd4ab15a047af7a4bcd5613d1fd50789dd4ee,15,PLUTARCH,ef8134329970f595ef9ccf4198217affef5c01fa243d5bf4e59ee6daebb04e1d,0,0,0,0
C0,ud23,THUCYDIDES,1a32cf6857284fff7c7f006f8d0cd4ab15a047af7a4bcd5613d1fd50789dd4ee,16,ATHENAEUS,4352f04fcfd7cbe580caddf69f309034ffb967d5d1bc8a8e809498de5bf8d329,1,1,5,5
C0,ud23,THUCYDIDES,1a32cf6857284fff7c7f006f8d0cd4ab15a047af7a4bcd5613d1fd50789dd4ee,16,DIODORUS,d91dad02f8da03cf6702fa7edec531da5e56f526f466e2f04180f2a23a1cf315,1,1,10,8
C0,ud23,THUCYDIDES,1a32cf6857284fff7c7f006f8d0cd4ab15a047af7a4bcd5613d1fd50789dd4ee,16,HERODOTUS,89f0804afded8e7a0f4e1b507030d5ef4ecaf17e422c8b2969bd6b23e62818e6,1,1,2,2
C0,ud23,THUCYDIDES,1a32cf6857284fff7c7f006f8d0cd4ab15a047af7a4bcd5613d1fd50789dd4ee,16,HESIODIC_TRADITION,c4c0c7eaeca0d61d2e53f4f0642bfa382e91dd28b470d2f4da2ba8539fe0e7f7,1,1,11,8
C0,ud23,THUCYDIDES,1a32cf6857284fff7c7f006f8d0cd4ab15a047af7a4bcd5613d1fd50789dd4ee,16,HOMERIC_TRADITION,209ee9f27c82f31d31eb16124569039d7847ed327f3a0f2b5c4eae048347e621,1,0,7,0
C0,ud23,THUCYDIDES,1a32cf6857284fff7c7f006f8d0cd4ab15a047af7a4bcd5613d1fd50789dd4ee,16,PLUTARCH,ef8134329970f595ef9ccf4198217affef5c01fa243d5bf4e59ee6daebb04e1d,0,0,0,0
C0,ud23,THUCYDIDES,1a32cf6857284fff7c7f006f8d0cd4ab15a047af7a4bcd5613d1fd50789dd4ee,17,ATHENAEUS,4352f04fcfd7cbe580caddf69f309034ffb967d5d1bc8a8e809498de5bf8d329,1,1,5,5
C0,ud23,THUCYDIDES,1a32cf6857284fff7c7f006f8d0cd4ab15a047af7a4bcd5613d1fd50789dd4ee,17,DIODORUS,d91dad02f8da03cf6702fa7edec531da5e56f526f466e2f04180f2a23a1cf315,1,1,30,8
C0,ud23,THUCYDIDES,1a32cf6857284fff7c7f006f8d0cd4ab15a047af7a4bcd5613d1fd50789dd4ee,17,HERODOTUS,89f0804afded8e7a0f4e1b507030d5ef4ecaf17e422c8b2969bd6b23e62818e6,1,1,13,8
C0,ud23,THUCYDIDES,1a32cf6857284fff7c7f006f8d0cd4ab15a047af7a4bcd5613d1fd50789dd4ee,17,HESIODIC_TRADITION,c4c0c7eaeca0d61d2e53f4f0642bfa382e91dd28b470d2f4da2ba8539fe0e7f7,0,0,0,0
C0,ud23,THUCYDIDES,1a32cf6857284fff7c7f006f8d0cd4ab15a047af7a4bcd5613d1fd50789dd4ee,17,HOMERIC_TRADITION,209ee9f27c82f31d31eb16124569039d7847ed327f3a0f2b5c4eae048347e621,1,1,2,2
C0,ud23,THUCYDIDES,1a32cf6857284fff7c7f006f8d0cd4ab15a047af7a4bcd5613d1fd50789dd4ee,17,PLUTARCH,ef8134329970f595ef9ccf4198217affef5c01fa243d5bf4e59ee6daebb04e1d,0,0,0,0
C0,ud23,THUCYDIDES,1a32cf6857284fff7c7f006f8d0cd4ab15a047af7a4bcd5613d1fd50789dd4ee,18,ATHENAEUS,4352f04fcfd7cbe580caddf69f309034ffb967d5d1bc8a8e809498de5bf8d329,1,1,16,8
C0,ud23,THUCYDIDES,1a32cf6857284fff7c7f006f8d0cd4ab15a047af7a4bcd5613d1fd50789dd4ee,18,DIODORUS,d91dad02f8da03cf6702fa7edec531da5e56f526f466e2f04180f2a23a1cf315,1,1,7,7
C0,ud23,THUCYDIDES,1a32cf6857284fff7c7f006f8d0cd4ab15a047af7a4bcd5613d1fd50789dd4ee,18,HERODOTUS,89f0804afded8e7a0f4e1b507030d5ef4ecaf17e422c8b2969bd6b23e62818e6,1,1,6,6
C0,ud23,THUCYDIDES,1a32cf6857284fff7c7f006f8d0cd4ab15a047af7a4bcd5613d1fd50789dd4ee,18,HESIODIC_TRADITION,c4c0c7eaeca0d61d2e53f4f0642bfa382e91dd28b470d2f4da2ba8539fe0e7f7,1,1,1,1
C0,ud23,THUCYDIDES,1a32cf6857284fff7c7f006f8d0cd4ab15a047af7a4bcd5613d1fd50789dd4ee,18,HOMERIC_TRADITION,209ee9f27c82f31d31eb16124569039d7847ed327f3a0f2b5c4eae048347e621,1,0,14,0
C0,ud23,THUCYDIDES,1a32cf6857284fff7c7f006f8d0cd4ab15a047af7a4bcd5613d1fd50789dd4ee,18,PLUTARCH,ef8134329970f595ef9ccf4198217affef5c01fa243d5bf4e59ee6daebb04e1d,0,0,0,0
C0,ud23,THUCYDIDES,1a32cf6857284fff7c7f006f8d0cd4ab15a047af7a4bcd5613d1fd50789dd4ee,19,ATHENAEUS,4352f04fcfd7cbe580caddf69f309034ffb967d5d1bc8a8e809498de5bf8d329,1,1,2,2
C0,ud23,THUCYDIDES,1a32cf6857284fff7c7f006f8d0cd4ab15a047af7a4bcd5613d1fd50789dd4ee,19,DIODORUS,d91dad02f8da03cf6702fa7edec531da5e56f526f466e2f04180f2a23a1cf315,1,1,1,1
C0,ud23,THUCYDIDES,1a32cf6857284fff7c7f006f8d0cd4ab15a047af7a4bcd5613d1fd50789dd4ee,19,HERODOTUS,89f0804afded8e7a0f4e1b507030d5ef4ecaf17e422c8b2969bd6b23e62818e6,1,1,7,7
C0,ud23,THUCYDIDES,1a32cf6857284fff7c7f006f8d0cd4ab15a047af7a4bcd5613d1fd50789dd4ee,19,HESIODIC_TRADITION,c4c0c7eaeca0d61d2e53f4f0642bfa382e91dd28b470d2f4da2ba8539fe0e7f7,1,1,5,5
C0,ud23,THUCYDIDES,1a32cf6857284fff7c7f006f8d0cd4ab15a047af7a4bcd5613d1fd50789dd4ee,19,HOMERIC_TRADITION,209ee9f27c82f31d31eb16124569039d7847ed327f3a0f2b5c4eae048347e621,1,0,21,0
C0,ud23,THUCYDIDES,1a32cf6857284fff7c7f006f8d0cd4ab15a047af7a4bcd5613d1fd50789dd4ee,19,PLUTARCH,ef8134329970f595ef9ccf4198217affef5c01fa243d5bf4e59ee6daebb04e1d,0,0,0,0
C0,ud23,HOMERIC_TRADITION,209ee9f27c82f31d31eb16124569039d7847ed327f3a0f2b5c4eae048347e621,0,ATHENAEUS,4352f04fcfd7cbe580caddf69f309034ffb967d5d1bc8a8e809498de5bf8d329,1,0,13,0
C0,ud23,HOMERIC_TRADITION,209ee9f27c82f31d31eb16124569039d7847ed327f3a0f2b5c4eae048347e621,0,DIODORUS,d91dad02f8da03cf6702fa7edec531da5e56f526f466e2f04180f2a23a1cf315,1,1,12,8
C0,ud23,HOMERIC_TRADITION,209ee9f27c82f31d31eb16124569039d7847ed327f3a0f2b5c4eae048347e621,0,HERODOTUS,89f0804afded8e7a0f4e1b507030d5ef4ecaf17e422c8b2969bd6b23e62818e6,1,1,19,8
C0,ud23,HOMERIC_TRADITION,209ee9f27c82f31d31eb16124569039d7847ed327f3a0f2b5c4eae048347e621,0,HESIODIC_TRADITION,c4c0c7eaeca0d61d2e53f4f0642bfa382e91dd28b470d2f4da2ba8539fe0e7f7,1,1,4,4
C0,ud23,HOMERIC_TRADITION,209ee9f27c82f31d31eb16124569039d7847ed327f3a0f2b5c4eae048347e621,0,PLUTARCH,ef8134329970f595ef9ccf4198217affef5c01fa243d5bf4e59ee6daebb04e1d,0,0,0,0
C0,ud23,HOMERIC_TRADITION,209ee9f27c82f31d31eb16124569039d7847ed327f3a0f2b5c4eae048347e621,0,THUCYDIDES,1a32cf6857284fff7c7f006f8d0cd4ab15a047af7a4bcd5613d1fd50789dd4ee,1,1,11,8
C0,ud23,HOMERIC_TRADITION,209ee9f27c82f31d31eb16124569039d7847ed327f3a0f2b5c4eae048347e621,1,ATHENAEUS,4352f04fcfd7cbe580caddf69f309034ffb967d5d1bc8a8e809498de5bf8d329,1,1,2,2
C0,ud23,HOMERIC_TRADITION,209ee9f27c82f31d31eb16124569039d7847ed327f3a0f2b5c4eae048347e621,1,DIODORUS,d91dad02f8da03cf6702fa7edec531da5e56f526f466e2f04180f2a23a1cf315,1,1,4,4
C0,ud23,HOMERIC_TRADITION,209ee9f27c82f31d31eb16124569039d7847ed327f3a0f2b5c4eae048347e621,1,HERODOTUS,89f0804afded8e7a0f4e1b507030d5ef4ecaf17e422c8b2969bd6b23e62818e6,1,1,11,8
C0,ud23,HOMERIC_TRADITION,209ee9f27c82f31d31eb16124569039d7847ed327f3a0f2b5c4eae048347e621,1,HESIODIC_TRADITION,c4c0c7eaeca0d61d2e53f4f0642bfa382e91dd28b470d2f4da2ba8539fe0e7f7,1,1,7,7
C0,ud23,HOMERIC_TRADITION,209ee9f27c82f31d31eb16124569039d7847ed327f3a0f2b5c4eae048347e621,1,PLUTARCH,ef8134329970f595ef9ccf4198217affef5c01fa243d5bf4e59ee6daebb04e1d,0,0,0,0
C0,ud23,HOMERIC_TRADITION,209ee9f27c82f31d31eb16124569039d7847ed327f3a0f2b5c4eae048347e621,1,THUCYDIDES,1a32cf6857284fff7c7f006f8d0cd4ab15a047af7a4bcd5613d1fd50789dd4ee,0,0,0,0
C0,ud23,HOMERIC_TRADITION,209ee9f27c82f31d31eb16124569039d7847ed327f3a0f2b5c4eae048347e621,2,ATHENAEUS,4352f04fcfd7cbe580caddf69f309034ffb967d5d1bc8a8e809498de5bf8d329,1,0,13,0
C0,ud23,HOMERIC_TRADITION,209ee9f27c82f31d31eb16124569039d7847ed327f3a0f2b5c4eae048347e621,2,DIODORUS,d91dad02f8da03cf6702fa7edec531da5e56f526f466e2f04180f2a23a1cf315,1,1,21,8
C0,ud23,HOMERIC_TRADITION,209ee9f27c82f31d31eb16124569039d7847ed327f3a0f2b5c4eae048347e621,2,HERODOTUS,89f0804afded8e7a0f4e1b507030d5ef4ecaf17e422c8b2969bd6b23e62818e6,1,1,1,1
C0,ud23,HOMERIC_TRADITION,209ee9f27c82f31d31eb16124569039d7847ed327f3a0f2b5c4eae048347e621,2,HESIODIC_TRADITION,c4c0c7eaeca0d61d2e53f4f0642bfa382e91dd28b470d2f4da2ba8539fe0e7f7,1,0,4,0
C0,ud23,HOMERIC_TRADITION,209ee9f27c82f31d31eb16124569039d7847ed327f3a0f2b5c4eae048347e621,2,PLUTARCH,ef8134329970f595ef9ccf4198217affef5c01fa243d5bf4e59ee6daebb04e1d,0,0,0,0
C0,ud23,HOMERIC_TRADITION,209ee9f27c82f31d31eb16124569039d7847ed327f3a0f2b5c4eae048347e621,2,THUCYDIDES,1a32cf6857284fff7c7f006f8d0cd4ab15a047af7a4bcd5613d1fd50789dd4ee,1,1,8,8
C0,ud23,HOMERIC_TRADITION,209ee9f27c82f31d31eb16124569039d7847ed327f3a0f2b5c4eae048347e621,3,ATHENAEUS,4352f04fcfd7cbe580caddf69f309034ffb967d5d1bc8a8e809498de5bf8d329,1,1,8,8
C0,ud23,HOMERIC_TRADITION,209ee9f27c82f31d31eb16124569039d7847ed327f3a0f2b5c4eae048347e621,3,DIODORUS,d91dad02f8da03cf6702fa7edec531da5e56f526f466e2f04180f2a23a1cf315,1,1,3,3
C0,ud23,HOMERIC_TRADITION,209ee9f27c82f31d31eb16124569039d7847ed327f3a0f2b5c4eae048347e621,3,HERODOTUS,89f0804afded8e7a0f4e1b507030d5ef4ecaf17e422c8b2969bd6b23e62818e6,1,1,4,4
C0,ud23,HOMERIC_TRADITION,209ee9f27c82f31d31eb16124569039d7847ed327f3a0f2b5c4eae048347e621,3,HESIODIC_TRADITION,c4c0c7eaeca0d61d2e53f4f0642bfa382e91dd28b470d2f4da2ba8539fe0e7f7,1,1,2,2
C0,ud23,HOMERIC_TRADITION,209ee9f27c82f31d31eb16124569039d7847ed327f3a0f2b5c4eae048347e621,3,PLUTARCH,ef8134329970f595ef9ccf4198217affef5c01fa243d5bf4e59ee6daebb04e1d,0,0,0,0
C0,ud23,HOMERIC_TRADITION,209ee9f27c82f31d31eb16124569039d7847ed327f3a0f2b5c4eae048347e621,3,THUCYDIDES,1a32cf6857284fff7c7f006f8d0cd4ab15a047af7a4bcd5613d1fd50789dd4ee,1,1,15,8
C0,ud23,HOMERIC_TRADITION,209ee9f27c82f31d31eb16124569039d7847ed327f3a0f2b5c4eae048347e621,4,ATHENAEUS,4352f04fcfd7cbe580caddf69f309034ffb967d5d1bc8a8e809498de5bf8d329,1,1,7,7
C0,ud23,HOMERIC_TRADITION,209ee9f27c82f31d31eb16124569039d7847ed327f3a0f2b5c4eae048347e621,4,DIODORUS,d91dad02f8da03cf6702fa7edec531da5e56f526f466e2f04180f2a23a1cf315,1,1,30,8
C0,ud23,HOMERIC_TRADITION,209ee9f27c82f31d31eb16124569039d7847ed327f3a0f2b5c4eae048347e621,4,HERODOTUS,89f0804afded8e7a0f4e1b507030d5ef4ecaf17e422c8b2969bd6b23e62818e6,0,0,0,0
C0,ud23,HOMERIC_TRADITION,209ee9f27c82f31d31eb16124569039d7847ed327f3a0f2b5c4eae048347e621,4,HESIODIC_TRADITION,c4c0c7eaeca0d61d2e53f4f0642bfa382e91dd28b470d2f4da2ba8539fe0e7f7,1,1,7,7
C0,ud23,HOMERIC_TRADITION,209ee9f27c82f31d31eb16124569039d7847ed327f3a0f2b5c4eae048347e621,4,PLUTARCH,ef8134329970f595ef9ccf4198217affef5c01fa243d5bf4e59ee6daebb04e1d,0,0,0,0
C0,ud23,HOMERIC_TRADITION,209ee9f27c82f31d31eb16124569039d7847ed327f3a0f2b5c4eae048347e621,4,THUCYDIDES,1a32cf6857284fff7c7f006f8d0cd4ab15a047af7a4bcd5613d1fd50789dd4ee,1,1,9,8
C0,ud23,HOMERIC_TRADITION,209ee9f27c82f31d31eb16124569039d7847ed327f3a0f2b5c4eae048347e621,5,ATHENAEUS,4352f04fcfd7cbe580caddf69f309034ffb967d5d1bc8a8e809498de5bf8d329,1,1,8,8
C0,ud23,HOMERIC_TRADITION,209ee9f27c82f31d31eb16124569039d7847ed327f3a0f2b5c4eae048347e621,5,DIODORUS,d91dad02f8da03cf6702fa7edec531da5e56f526f466e2f04180f2a23a1cf315,1,1,6,6
C0,ud23,HOMERIC_TRADITION,209ee9f27c82f31d31eb16124569039d7847ed327f3a0f2b5c4eae048347e621,5,HERODOTUS,89f0804afded8e7a0f4e1b507030d5ef4ecaf17e422c8b2969bd6b23e62818e6,1,1,6,6
C0,ud23,HOMERIC_TRADITION,209ee9f27c82f31d31eb16124569039d7847ed327f3a0f2b5c4eae048347e621,5,HESIODIC_TRADITION,c4c0c7eaeca0d61d2e53f4f0642bfa382e91dd28b470d2f4da2ba8539fe0e7f7,1,0,3,0
C0,ud23,HOMERIC_TRADITION,209ee9f27c82f31d31eb16124569039d7847ed327f3a0f2b5c4eae048347e621,5,PLUTARCH,ef8134329970f595ef9ccf4198217affef5c01fa243d5bf4e59ee6daebb04e1d,0,0,0,0
C0,ud23,HOMERIC_TRADITION,209ee9f27c82f31d31eb16124569039d7847ed327f3a0f2b5c4eae048347e621,5,THUCYDIDES,1a32cf6857284fff7c7f006f8d0cd4ab15a047af7a4bcd5613d1fd50789dd4ee,1,0,12,0
C0,ud23,HOMERIC_TRADITION,209ee9f27c82f31d31eb16124569039d7847ed327f3a0f2b5c4eae048347e621,6,ATHENAEUS,4352f04fcfd7cbe580caddf69f309034ffb967d5d1bc8a8e809498de5bf8d329,1,1,5,5
C0,ud23,HOMERIC_TRADITION,209ee9f27c82f31d31eb16124569039d7847ed327f3a0f2b5c4eae048347e621,6,DIODORUS,d91dad02f8da03cf6702fa7edec531da5e56f526f466e2f04180f2a23a1cf315,1,1,14,8
C0,ud23,HOMERIC_TRADITION,209ee9f27c82f31d31eb16124569039d7847ed327f3a0f2b5c4eae048347e621,6,HERODOTUS,89f0804afded8e7a0f4e1b507030d5ef4ecaf17e422c8b2969bd6b23e62818e6,1,1,1,1
C0,ud23,HOMERIC_TRADITION,209ee9f27c82f31d31eb16124569039d7847ed327f3a0f2b5c4eae048347e621,6,HESIODIC_TRADITION,c4c0c7eaeca0d61d2e53f4f0642bfa382e91dd28b470d2f4da2ba8539fe0e7f7,1,1,12,8
C0,ud23,HOMERIC_TRADITION,209ee9f27c82f31d31eb16124569039d7847ed327f3a0f2b5c4eae048347e621,6,PLUTARCH,ef8134329970f595ef9ccf4198217affef5c01fa243d5bf4e59ee6daebb04e1d,0,0,0,0
C0,ud23,HOMERIC_TRADITION,209ee9f27c82f31d31eb16124569039d7847ed327f3a0f2b5c4eae048347e621,6,THUCYDIDES,1a32cf6857284fff7c7f006f8d0cd4ab15a047af7a4bcd5613d1fd50789dd4ee,1,1,13,8
C0,ud23,HOMERIC_TRADITION,209ee9f27c82f31d31eb16124569039d7847ed327f3a0f2b5c4eae048347e621,7,ATHENAEUS,4352f04fcfd7cbe580caddf69f309034ffb967d5d1bc8a8e809498de5bf8d329,1,1,6,6
C0,ud23,HOMERIC_TRADITION,209ee9f27c82f31d31eb16124569039d7847ed327f3a0f2b5c4eae048347e621,7,DIODORUS,d91dad02f8da03cf6702fa7edec531da5e56f526f466e2f04180f2a23a1cf315,0,0,0,0
C0,ud23,HOMERIC_TRADITION,209ee9f27c82f31d31eb16124569039d7847ed327f3a0f2b5c4eae048347e621,7,HERODOTUS,89f0804afded8e7a0f4e1b507030d5ef4ecaf17e422c8b2969bd6b23e62818e6,1,0,17,0
C0,ud23,HOMERIC_TRADITION,209ee9f27c82f31d31eb16124569039d7847ed327f3a0f2b5c4eae048347e621,7,HESIODIC_TRADITION,c4c0c7eaeca0d61d2e53f4f0642bfa382e91dd28b470d2f4da2ba8539fe0e7f7,1,1,1,1
C0,ud23,HOMERIC_TRADITION,209ee9f27c82f31d31eb16124569039d7847ed327f3a0f2b5c4eae048347e621,7,PLUTARCH,ef8134329970f595ef9ccf4198217affef5c01fa243d5bf4e59ee6daebb04e1d,0,0,0,0
C0,ud23,HOMERIC_TRADITION,209ee9f27c82f31d31eb16124569039d7847ed327f3a0f2b5c4eae048347e621,7,THUCYDIDES,1a32cf6857284fff7c7f006f8d0cd4ab15a047af7a4bcd5613d1fd50789dd4ee,1,1,5,5
C0,ud23,HOMERIC_TRADITION,209ee9f27c82f31d31eb16124569039d7847ed327f3a0f2b5c4eae048347e621,8,ATHENAEUS,4352f04fcfd7cbe580caddf69f309034ffb967d5d1bc8a8e809498de5bf8d329,1,1,20,8
C0,ud23,HOMERIC_TRADITION,209ee9f27c82f31d31eb16124569039d7847ed327f3a0f2b5c4eae048347e621,8,DIODORUS,d91dad02f8da03cf6702fa7edec531da5e56f526f466e2f04180f2a23a1cf315,1,0,30,0
C0,ud23,HOMERIC_TRADITION,209ee9f27c82f31d31eb16124569039d7847ed327f3a0f2b5c4eae048347e621,8,HERODOTUS,89f0804afded8e7a0f4e1b507030d5ef4ecaf17e422c8b2969bd6b23e62818e6,1,1,3,3
C0,ud23,HOMERIC_TRADITION,209ee9f27c82f31d31eb16124569039d7847ed327f3a0f2b5c4eae048347e621,8,HESIODIC_TRADITION,c4c0c7eaeca0d61d2e53f4f0642bfa382e91dd28b470d2f4da2ba8539fe0e7f7,1,1,18,8
C0,ud23,HOMERIC_TRADITION,209ee9f27c82f31d31eb16124569039d7847ed327f3a0f2b5c4eae048347e621,8,PLUTARCH,ef8134329970f595ef9ccf4198217affef5c01fa243d5bf4e59ee6daebb04e1d,0,0,0,0
C0,ud23,HOMERIC_TRADITION,209ee9f27c82f31d31eb16124569039d7847ed327f3a0f2b5c4eae048347e621,8,THUCYDIDES,1a32cf6857284fff7c7f006f8d0cd4ab15a047af7a4bcd5613d1fd50789dd4ee,1,1,14,8
C0,ud23,HOMERIC_TRADITION,209ee9f27c82f31d31eb16124569039d7847ed327f3a0f2b5c4eae048347e621,9,ATHENAEUS,4352f04fcfd7cbe580caddf69f309034ffb967d5d1bc8a8e809498de5bf8d329,1,1,19,8
C0,ud23,HOMERIC_TRADITION,209ee9f27c82f31d31eb16124569039d7847ed327f3a0f2b5c4eae048347e621,9,DIODORUS,d91dad02f8da03cf6702fa7edec531da5e56f526f466e2f04180f2a23a1cf315,1,0,5,0
C0,ud23,HOMERIC_TRADITION,209ee9f27c82f31d31eb16124569039d7847ed327f3a0f2b5c4eae048347e621,9,HERODOTUS,89f0804afded8e7a0f4e1b507030d5ef4ecaf17e422c8b2969bd6b23e62818e6,1,1,3,3
C0,ud23,HOMERIC_TRADITION,209ee9f27c82f31d31eb16124569039d7847ed327f3a0f2b5c4eae048347e621,9,HESIODIC_TRADITION,c4c0c7eaeca0d61d2e53f4f0642bfa382e91dd28b470d2f4da2ba8539fe0e7f7,1,0,14,0
C0,ud23,HOMERIC_TRADITION,209ee9f27c82f31d31eb16124569039d7847ed327f3a0f2b5c4eae048347e621,9,PLUTARCH,ef8134329970f595ef9ccf4198217affef5c01fa243d5bf4e59ee6daebb04e1d,0,0,0,0
C0,ud23,HOMERIC_TRADITION,209ee9f27c82f31d31eb16124569039d7847ed327f3a0f2b5c4eae048347e621,9,THUCYDIDES,1a32cf6857284fff7c7f006f8d0cd4ab15a047af7a4bcd5613d1fd50789dd4ee,1,1,2,2
C0,ud23,HOMERIC_TRADITION,209ee9f27c82f31d31eb16124569039d7847ed327f3a0f2b5c4eae048347e621,10,ATHENAEUS,4352f04fcfd7cbe580caddf69f309034ffb967d5d1bc8a8e809498de5bf8d329,1,0,24,0
C0,ud23,HOMERIC_TRADITION,209ee9f27c82f31d31eb16124569039d7847ed327f3a0f2b5c4eae048347e621,10,DIODORUS,d91dad02f8da03cf6702fa7edec531da5e56f526f466e2f04180f2a23a1cf315,1,1,10,8
C0,ud23,HOMERIC_TRADITION,209ee9f27c82f31d31eb16124569039d7847ed327f3a0f2b5c4eae048347e621,10,HERODOTUS,89f0804afded8e7a0f4e1b507030d5ef4ecaf17e422c8b2969bd6b23e62818e6,1,1,11,8
C0,ud23,HOMERIC_TRADITION,209ee9f27c82f31d31eb16124569039d7847ed327f3a0f2b5c4eae048347e621,10,HESIODIC_TRADITION,c4c0c7eaeca0d61d2e53f4f0642bfa382e91dd28b470d2f4da2ba8539fe0e7f7,1,1,6,6
C0,ud23,HOMERIC_TRADITION,209ee9f27c82f31d31eb16124569039d7847ed327f3a0f2b5c4eae048347e621,10,PLUTARCH,ef8134329970f595ef9ccf4198217affef5c01fa243d5bf4e59ee6daebb04e1d,0,0,0,0
C0,ud23,HOMERIC_TRADITION,209ee9f27c82f31d31eb16124569039d7847ed327f3a0f2b5c4eae048347e621,10,THUCYDIDES,1a32cf6857284fff7c7f006f8d0cd4ab15a047af7a4bcd5613d1fd50789dd4ee,1,1,12,8
C0,ud23,HOMERIC_TRADITION,209ee9f27c82f31d31eb16124569039d7847ed327f3a0f2b5c4eae048347e621,11,ATHENAEUS,4352f04fcfd7cbe580caddf69f309034ffb967d5d1bc8a8e809498de5bf8d329,1,1,4,4
C0,ud23,HOMERIC_TRADITION,209ee9f27c82f31d31eb16124569039d7847ed327f3a0f2b5c4eae048347e621,11,DIODORUS,d91dad02f8da03cf6702fa7edec531da5e56f526f466e2f04180f2a23a1cf315,1,1,33,8
C0,ud23,HOMERIC_TRADITION,209ee9f27c82f31d31eb16124569039d7847ed327f3a0f2b5c4eae048347e621,11,HERODOTUS,89f0804afded8e7a0f4e1b507030d5ef4ecaf17e422c8b2969bd6b23e62818e6,1,1,17,8
C0,ud23,HOMERIC_TRADITION,209ee9f27c82f31d31eb16124569039d7847ed327f3a0f2b5c4eae048347e621,11,HESIODIC_TRADITION,c4c0c7eaeca0d61d2e53f4f0642bfa382e91dd28b470d2f4da2ba8539fe0e7f7,1,1,13,8
C0,ud23,HOMERIC_TRADITION,209ee9f27c82f31d31eb16124569039d7847ed327f3a0f2b5c4eae048347e621,11,PLUTARCH,ef8134329970f595ef9ccf4198217affef5c01fa243d5bf4e59ee6daebb04e1d,0,0,0,0
C0,ud23,HOMERIC_TRADITION,209ee9f27c82f31d31eb16124569039d7847ed327f3a0f2b5c4eae048347e621,11,THUCYDIDES,1a32cf6857284fff7c7f006f8d0cd4ab15a047af7a4bcd5613d1fd50789dd4ee,1,1,14,8
C0,ud23,HOMERIC_TRADITION,209ee9f27c82f31d31eb16124569039d7847ed327f3a0f2b5c4eae048347e621,12,ATHENAEUS,4352f04fcfd7cbe580caddf69f309034ffb967d5d1bc8a8e809498de5bf8d329,1,0,4,0
C0,ud23,HOMERIC_TRADITION,209ee9f27c82f31d31eb16124569039d7847ed327f3a0f2b5c4eae048347e621,12,DIODORUS,d91dad02f8da03cf6702fa7edec531da5e56f526f466e2f04180f2a23a1cf315,1,1,17,8
C0,ud23,HOMERIC_TRADITION,209ee9f27c82f31d31eb16124569039d7847ed327f3a0f2b5c4eae048347e621,12,HERODOTUS,89f0804afded8e7a0f4e1b507030d5ef4ecaf17e422c8b2969bd6b23e62818e6,1,1,1,1
C0,ud23,HOMERIC_TRADITION,209ee9f27c82f31d31eb16124569039d7847ed327f3a0f2b5c4eae048347e621,12,HESIODIC_TRADITION,c4c0c7eaeca0d61d2e53f4f0642bfa382e91dd28b470d2f4da2ba8539fe0e7f7,1,0,8,0
C0,ud23,HOMERIC_TRADITION,209ee9f27c82f31d31eb16124569039d7847ed327f3a0f2b5c4eae048347e621,12,PLUTARCH,ef8134329970f595ef9ccf4198217affef5c01fa243d5bf4e59ee6daebb04e1d,0,0,0,0
C0,ud23,HOMERIC_TRADITION,209ee9f27c82f31d31eb16124569039d7847ed327f3a0f2b5c4eae048347e621,12,THUCYDIDES,1a32cf6857284fff7c7f006f8d0cd4ab15a047af7a4bcd5613d1fd50789dd4ee,1,1,2,2
C0,ud23,HOMERIC_TRADITION,209ee9f27c82f31d31eb16124569039d7847ed327f3a0f2b5c4eae048347e621,13,ATHENAEUS,4352f04fcfd7cbe580caddf69f309034ffb967d5d1bc8a8e809498de5bf8d329,1,1,23,8
C0,ud23,HOMERIC_TRADITION,209ee9f27c82f31d31eb16124569039d7847ed327f3a0f2b5c4eae048347e621,13,DIODORUS,d91dad02f8da03cf6702fa7edec531da5e56f526f466e2f04180f2a23a1cf315,1,1,19,8
C0,ud23,HOMERIC_TRADITION,209ee9f27c82f31d31eb16124569039d7847ed327f3a0f2b5c4eae048347e621,13,HERODOTUS,89f0804afded8e7a0f4e1b507030d5ef4ecaf17e422c8b2969bd6b23e62818e6,1,1,8,8
C0,ud23,HOMERIC_TRADITION,209ee9f27c82f31d31eb16124569039d7847ed327f3a0f2b5c4eae048347e621,13,HESIODIC_TRADITION,c4c0c7eaeca0d61d2e53f4f0642bfa382e91dd28b470d2f4da2ba8539fe0e7f7,1,1,7,7
C0,ud23,HOMERIC_TRADITION,209ee9f27c82f31d31eb16124569039d7847ed327f3a0f2b5c4eae048347e621,13,PLUTARCH,ef8134329970f595ef9ccf4198217affef5c01fa243d5bf4e59ee6daebb04e1d,0,0,0,0
C0,ud23,HOMERIC_TRADITION,209ee9f27c82f31d31eb16124569039d7847ed327f3a0f2b5c4eae048347e621,13,THUCYDIDES,1a32cf6857284fff7c7f006f8d0cd4ab15a047af7a4bcd5613d1fd50789dd4ee,1,1,18,8
C0,ud23,HOMERIC_TRADITION,209ee9f27c82f31d31eb16124569039d7847ed327f3a0f2b5c4eae048347e621,14,ATHENAEUS,4352f04fcfd7cbe580caddf69f309034ffb967d5d1bc8a8e809498de5bf8d329,1,1,14,8
C0,ud23,HOMERIC_TRADITION,209ee9f27c82f31d31eb16124569039d7847ed327f3a0f2b5c4eae048347e621,14,DIODORUS,d91dad02f8da03cf6702fa7edec531da5e56f526f466e2f04180f2a23a1cf315,1,1,8,8
C0,ud23,HOMERIC_TRADITION,209ee9f27c82f31d31eb16124569039d7847ed327f3a0f2b5c4eae048347e621,14,HERODOTUS,89f0804afded8e7a0f4e1b507030d5ef4ecaf17e422c8b2969bd6b23e62818e6,1,1,1,1
C0,ud23,HOMERIC_TRADITION,209ee9f27c82f31d31eb16124569039d7847ed327f3a0f2b5c4eae048347e621,14,HESIODIC_TRADITION,c4c0c7eaeca0d61d2e53f4f0642bfa382e91dd28b470d2f4da2ba8539fe0e7f7,1,1,3,3
C0,ud23,HOMERIC_TRADITION,209ee9f27c82f31d31eb16124569039d7847ed327f3a0f2b5c4eae048347e621,14,PLUTARCH,ef8134329970f595ef9ccf4198217affef5c01fa243d5bf4e59ee6daebb04e1d,0,0,0,0
C0,ud23,HOMERIC_TRADITION,209ee9f27c82f31d31eb16124569039d7847ed327f3a0f2b5c4eae048347e621,14,THUCYDIDES,1a32cf6857284fff7c7f006f8d0cd4ab15a047af7a4bcd5613d1fd50789dd4ee,1,1,6,6
C0,ud23,HOMERIC_TRADITION,209ee9f27c82f31d31eb16124569039d7847ed327f3a0f2b5c4eae048347e621,15,ATHENAEUS,4352f04fcfd7cbe580caddf69f309034ffb967d5d1bc8a8e809498de5bf8d329,1,1,9,8
C0,ud23,HOMERIC_TRADITION,209ee9f27c82f31d31eb16124569039d7847ed327f3a0f2b5c4eae048347e621,15,DIODORUS,d91dad02f8da03cf6702fa7edec531da5e56f526f466e2f04180f2a23a1cf315,1,1,25,8
C0,ud23,HOMERIC_TRADITION,209ee9f27c82f31d31eb16124569039d7847ed327f3a0f2b5c4eae048347e621,15,HERODOTUS,89f0804afded8e7a0f4e1b507030d5ef4ecaf17e422c8b2969bd6b23e62818e6,1,1,11,8
C0,ud23,HOMERIC_TRADITION,209ee9f27c82f31d31eb16124569039d7847ed327f3a0f2b5c4eae048347e621,15,HESIODIC_TRADITION,c4c0c7eaeca0d61d2e53f4f0642bfa382e91dd28b470d2f4da2ba8539fe0e7f7,1,1,14,8
C0,ud23,HOMERIC_TRADITION,209ee9f27c82f31d31eb16124569039d7847ed327f3a0f2b5c4eae048347e621,15,PLUTARCH,ef8134329970f595ef9ccf4198217affef5c01fa243d5bf4e59ee6daebb04e1d,0,0,0,0
C0,ud23,HOMERIC_TRADITION,209ee9f27c82f31d31eb16124569039d7847ed327f3a0f2b5c4eae048347e621,15,THUCYDIDES,1a32cf6857284fff7c7f006f8d0cd4ab15a047af7a4bcd5613d1fd50789dd4ee,1,0,10,0
C0,ud23,HOMERIC_TRADITION,209ee9f27c82f31d31eb16124569039d7847ed327f3a0f2b5c4eae048347e621,16,ATHENAEUS,4352f04fcfd7cbe580caddf69f309034ffb967d5d1bc8a8e809498de5bf8d329,1,1,4,4
C0,ud23,HOMERIC_TRADITION,209ee9f27c82f31d31eb16124569039d7847ed327f3a0f2b5c4eae048347e621,16,DIODORUS,d91dad02f8da03cf6702fa7edec531da5e56f526f466e2f04180f2a23a1cf315,1,0,19,0
C0,ud23,HOMERIC_TRADITION,209ee9f27c82f31d31eb16124569039d7847ed327f3a0f2b5c4eae048347e621,16,HERODOTUS,89f0804afded8e7a0f4e1b507030d5ef4ecaf17e422c8b2969bd6b23e62818e6,1,1,9,8
C0,ud23,HOMERIC_TRADITION,209ee9f27c82f31d31eb16124569039d7847ed327f3a0f2b5c4eae048347e621,16,HESIODIC_TRADITION,c4c0c7eaeca0d61d2e53f4f0642bfa382e91dd28b470d2f4da2ba8539fe0e7f7,0,0,0,0
C0,ud23,HOMERIC_TRADITION,209ee9f27c82f31d31eb16124569039d7847ed327f3a0f2b5c4eae048347e621,16,PLUTARCH,ef8134329970f595ef9ccf4198217affef5c01fa243d5bf4e59ee6daebb04e1d,0,0,0,0
C0,ud23,HOMERIC_TRADITION,209ee9f27c82f31d31eb16124569039d7847ed327f3a0f2b5c4eae048347e621,16,THUCYDIDES,1a32cf6857284fff7c7f006f8d0cd4ab15a047af7a4bcd5613d1fd50789dd4ee,1,1,11,8
C0,ud23,HOMERIC_TRADITION,209ee9f27c82f31d31eb16124569039d7847ed327f3a0f2b5c4eae048347e621,17,ATHENAEUS,4352f04fcfd7cbe580caddf69f309034ffb967d5d1bc8a8e809498de5bf8d329,1,0,12,0
C0,ud23,HOMERIC_TRADITION,209ee9f27c82f31d31eb16124569039d7847ed327f3a0f2b5c4eae048347e621,17,DIODORUS,d91dad02f8da03cf6702fa7edec531da5e56f526f466e2f04180f2a23a1cf315,0,0,0,0
C0,ud23,HOMERIC_TRADITION,209ee9f27c82f31d31eb16124569039d7847ed327f3a0f2b5c4eae048347e621,17,HERODOTUS,89f0804afded8e7a0f4e1b507030d5ef4ecaf17e422c8b2969bd6b23e62818e6,1,1,28,8
C0,ud23,HOMERIC_TRADITION,209ee9f27c82f31d31eb16124569039d7847ed327f3a0f2b5c4eae048347e621,17,HESIODIC_TRADITION,c4c0c7eaeca0d61d2e53f4f0642bfa382e91dd28b470d2f4da2ba8539fe0e7f7,1,1,10,8
C0,ud23,HOMERIC_TRADITION,209ee9f27c82f31d31eb16124569039d7847ed327f3a0f2b5c4eae048347e621,17,PLUTARCH,ef8134329970f595ef9ccf4198217affef5c01fa243d5bf4e59ee6daebb04e1d,0,0,0,0
C0,ud23,HOMERIC_TRADITION,209ee9f27c82f31d31eb16124569039d7847ed327f3a0f2b5c4eae048347e621,17,THUCYDIDES,1a32cf6857284fff7c7f006f8d0cd4ab15a047af7a4bcd5613d1fd50789dd4ee,1,1,2,2
C0,ud23,HOMERIC_TRADITION,209ee9f27c82f31d31eb16124569039d7847ed327f3a0f2b5c4eae048347e621,18,ATHENAEUS,4352f04fcfd7cbe580caddf69f309034ffb967d5d1bc8a8e809498de5bf8d329,1,1,4,4
C0,ud23,HOMERIC_TRADITION,209ee9f27c82f31d31eb16124569039d7847ed327f3a0f2b5c4eae048347e621,18,DIODORUS,d91dad02f8da03cf6702fa7edec531da5e56f526f466e2f04180f2a23a1cf315,1,1,22,8
C0,ud23,HOMERIC_TRADITION,209ee9f27c82f31d31eb16124569039d7847ed327f3a0f2b5c4eae048347e621,18,HERODOTUS,89f0804afded8e7a0f4e1b507030d5ef4ecaf17e422c8b2969bd6b23e62818e6,1,1,21,8
C0,ud23,HOMERIC_TRADITION,209ee9f27c82f31d31eb16124569039d7847ed327f3a0f2b5c4eae048347e621,18,HESIODIC_TRADITION,c4c0c7eaeca0d61d2e53f4f0642bfa382e91dd28b470d2f4da2ba8539fe0e7f7,1,1,13,8
C0,ud23,HOMERIC_TRADITION,209ee9f27c82f31d31eb16124569039d7847ed327f3a0f2b5c4eae048347e621,18,PLUTARCH,ef8134329970f595ef9ccf4198217affef5c01fa243d5bf4e59ee6daebb04e1d,0,0,0,0
C0,ud23,HOMERIC_TRADITION,209ee9f27c82f31d31eb16124569039d7847ed327f3a0f2b5c4eae048347e621,18,THUCYDIDES,1a32cf6857284fff7c7f006f8d0cd4ab15a047af7a4bcd5613d1fd50789dd4ee,0,0,0,0
C0,ud23,HOMERIC_TRADITION,209ee9f27c82f31d31eb16124569039d7847ed327f3a0f2b5c4eae048347e621,19,ATHENAEUS,4352f04fcfd7cbe580caddf69f309034ffb967d5d1bc8a8e809498de5bf8d329,1,0,18,0
C0,ud23,HOMERIC_TRADITION,209ee9f27c82f31d31eb16124569039d7847ed327f3a0f2b5c4eae048347e621,19,DIODORUS,d91dad02f8da03cf6702fa7edec531da5e56f526f466e2f04180f2a23a1cf315,1,0,16,0
C0,ud23,HOMERIC_TRADITION,209ee9f27c82f31d31eb16124569039d7847ed327f3a0f2b5c4eae048347e621,19,HERODOTUS,89f0804afded8e7a0f4e1b507030d5ef4ecaf17e422c8b2969bd6b23e62818e6,1,1,10,8
C0,ud23,HOMERIC_TRADITION,209ee9f27c82f31d31eb16124569039d7847ed327f3a0f2b5c4eae048347e621,19,HESIODIC_TRADITION,c4c0c7eaeca0d61d2e53f4f0642bfa382e91dd28b470d2f4da2ba8539fe0e7f7,1,1,1,1
C0,ud23,HOMERIC_TRADITION,209ee9f27c82f31d31eb16124569039d7847ed327f3a0f2b5c4eae048347e621,19,PLUTARCH,ef8134329970f595ef9ccf4198217affef5c01fa243d5bf4e59ee6daebb04e1d,0,0,0,0
C0,ud23,HOMERIC_TRADITION,209ee9f27c82f31d31eb16124569039d7847ed327f3a0f2b5c4eae048347e621,19,THUCYDIDES,1a32cf6857284fff7c7f006f8d0cd4ab15a047af7a4bcd5613d1fd50789dd4ee,1,1,14,8
C0,ud23,ATHENAEUS,4352f04fcfd7cbe580caddf69f309034ffb967d5d1bc8a8e809498de5bf8d329,0,DIODORUS,d91dad02f8da03cf6702fa7edec531da5e56f526f466e2f04180f2a23a1cf315,1,1,8,8
C0,ud23,ATHENAEUS,4352f04fcfd7cbe580caddf69f309034ffb967d5d1bc8a8e809498de5bf8d329,0,HERODOTUS,89f0804afded8e7a0f4e1b507030d5ef4ecaf17e422c8b2969bd6b23e62818e6,1,0,3,0
C0,ud23,ATHENAEUS,4352f04fcfd7cbe580caddf69f309034ffb967d5d1bc8a8e809498de5bf8d329,0,HESIODIC_TRADITION,c4c0c7eaeca0d61d2e53f4f0642bfa382e91dd28b470d2f4da2ba8539fe0e7f7,1,1,13,8
C0,ud23,ATHENAEUS,4352f04fcfd7cbe580caddf69f309034ffb967d5d1bc8a8e809498de5bf8d329,0,HOMERIC_TRADITION,209ee9f27c82f31d31eb16124569039d7847ed327f3a0f2b5c4eae048347e621,1,1,3,3
C0,ud23,ATHENAEUS,4352f04fcfd7cbe580caddf69f309034ffb967d5d1bc8a8e809498de5bf8d329,0,PLUTARCH,ef8134329970f595ef9ccf4198217affef5c01fa243d5bf4e59ee6daebb04e1d,0,0,0,0
C0,ud23,ATHENAEUS,4352f04fcfd7cbe580caddf69f309034ffb967d5d1bc8a8e809498de5bf8d329,0,THUCYDIDES,1a32cf6857284fff7c7f006f8d0cd4ab15a047af7a4bcd5613d1fd50789dd4ee,1,1,16,8
C0,ud23,ATHENAEUS,4352f04fcfd7cbe580caddf69f309034ffb967d5d1bc8a8e809498de5bf8d329,1,DIODORUS,d91dad02f8da03cf6702fa7edec531da5e56f526f466e2f04180f2a23a1cf315,1,1,12,8
C0,ud23,ATHENAEUS,4352f04fcfd7cbe580caddf69f309034ffb967d5d1bc8a8e809498de5bf8d329,1,HERODOTUS,89f0804afded8e7a0f4e1b507030d5ef4ecaf17e422c8b2969bd6b23e62818e6,1,1,15,8
C0,ud23,ATHENAEUS,4352f04fcfd7cbe580caddf69f309034ffb967d5d1bc8a8e809498de5bf8d329,1,HESIODIC_TRADITION,c4c0c7eaeca0d61d2e53f4f0642bfa382e91dd28b470d2f4da2ba8539fe0e7f7,1,1,6,6
C0,ud23,ATHENAEUS,4352f04fcfd7cbe580caddf69f309034ffb967d5d1bc8a8e809498de5bf8d329,1,HOMERIC_TRADITION,209ee9f27c82f31d31eb16124569039d7847ed327f3a0f2b5c4eae048347e621,1,0,11,0
C0,ud23,ATHENAEUS,4352f04fcfd7cbe580caddf69f309034ffb967d5d1bc8a8e809498de5bf8d329,1,PLUTARCH,ef8134329970f595ef9ccf4198217affef5c01fa243d5bf4e59ee6daebb04e1d,0,0,0,0
C0,ud23,ATHENAEUS,4352f04fcfd7cbe580caddf69f309034ffb967d5d1bc8a8e809498de5bf8d329,1,THUCYDIDES,1a32cf6857284fff7c7f006f8d0cd4ab15a047af7a4bcd5613d1fd50789dd4ee,1,1,2,2
C0,ud23,ATHENAEUS,4352f04fcfd7cbe580caddf69f309034ffb967d5d1bc8a8e809498de5bf8d329,2,DIODORUS,d91dad02f8da03cf6702fa7edec531da5e56f526f466e2f04180f2a23a1cf315,1,1,2,2
C0,ud23,ATHENAEUS,4352f04fcfd7cbe580caddf69f309034ffb967d5d1bc8a8e809498de5bf8d329,2,HERODOTUS,89f0804afded8e7a0f4e1b507030d5ef4ecaf17e422c8b2969bd6b23e62818e6,1,1,11,8
C0,ud23,ATHENAEUS,4352f04fcfd7cbe580caddf69f309034ffb967d5d1bc8a8e809498de5bf8d329,2,HESIODIC_TRADITION,c4c0c7eaeca0d61d2e53f4f0642bfa382e91dd28b470d2f4da2ba8539fe0e7f7,1,1,3,3
C0,ud23,ATHENAEUS,4352f04fcfd7cbe580caddf69f309034ffb967d5d1bc8a8e809498de5bf8d329,2,HOMERIC_TRADITION,209ee9f27c82f31d31eb16124569039d7847ed327f3a0f2b5c4eae048347e621,1,1,3,3
C0,ud23,ATHENAEUS,4352f04fcfd7cbe580caddf69f309034ffb967d5d1bc8a8e809498de5bf8d329,2,PLUTARCH,ef8134329970f595ef9ccf4198217affef5c01fa243d5bf4e59ee6daebb04e1d,0,0,0,0
C0,ud23,ATHENAEUS,4352f04fcfd7cbe580caddf69f309034ffb967d5d1bc8a8e809498de5bf8d329,2,THUCYDIDES,1a32cf6857284fff7c7f006f8d0cd4ab15a047af7a4bcd5613d1fd50789dd4ee,1,1,2,2
C0,ud23,ATHENAEUS,4352f04fcfd7cbe580caddf69f309034ffb967d5d1bc8a8e809498de5bf8d329,3,DIODORUS,d91dad02f8da03cf6702fa7edec531da5e56f526f466e2f04180f2a23a1cf315,1,1,21,8
C0,ud23,ATHENAEUS,4352f04fcfd7cbe580caddf69f309034ffb967d5d1bc8a8e809498de5bf8d329,3,HERODOTUS,89f0804afded8e7a0f4e1b507030d5ef4ecaf17e422c8b2969bd6b23e62818e6,1,1,6,6
C0,ud23,ATHENAEUS,4352f04fcfd7cbe580caddf69f309034ffb967d5d1bc8a8e809498de5bf8d329,3,HESIODIC_TRADITION,c4c0c7eaeca0d61d2e53f4f0642bfa382e91dd28b470d2f4da2ba8539fe0e7f7,1,1,8,8
C0,ud23,ATHENAEUS,4352f04fcfd7cbe580caddf69f309034ffb967d5d1bc8a8e809498de5bf8d329,3,HOMERIC_TRADITION,209ee9f27c82f31d31eb16124569039d7847ed327f3a0f2b5c4eae048347e621,1,1,4,4
C0,ud23,ATHENAEUS,4352f04fcfd7cbe580caddf69f309034ffb967d5d1bc8a8e809498de5bf8d329,3,PLUTARCH,ef8134329970f595ef9ccf4198217affef5c01fa243d5bf4e59ee6daebb04e1d,0,0,0,0
C0,ud23,ATHENAEUS,4352f04fcfd7cbe580caddf69f309034ffb967d5d1bc8a8e809498de5bf8d329,3,THUCYDIDES,1a32cf6857284fff7c7f006f8d0cd4ab15a047af7a4bcd5613d1fd50789dd4ee,1,1,9,8
C0,ud23,ATHENAEUS,4352f04fcfd7cbe580caddf69f309034ffb967d5d1bc8a8e809498de5bf8d329,4,DIODORUS,d91dad02f8da03cf6702fa7edec531da5e56f526f466e2f04180f2a23a1cf315,1,1,14,8
C0,ud23,ATHENAEUS,4352f04fcfd7cbe580caddf69f309034ffb967d5d1bc8a8e809498de5bf8d329,4,HERODOTUS,89f0804afded8e7a0f4e1b507030d5ef4ecaf17e422c8b2969bd6b23e62818e6,1,1,1,1
C0,ud23,ATHENAEUS,4352f04fcfd7cbe580caddf69f309034ffb967d5d1bc8a8e809498de5bf8d329,4,HESIODIC_TRADITION,c4c0c7eaeca0d61d2e53f4f0642bfa382e91dd28b470d2f4da2ba8539fe0e7f7,1,1,5,5
C0,ud23,ATHENAEUS,4352f04fcfd7cbe580caddf69f309034ffb967d5d1bc8a8e809498de5bf8d329,4,HOMERIC_TRADITION,209ee9f27c82f31d31eb16124569039d7847ed327f3a0f2b5c4eae048347e621,1,1,12,8
C0,ud23,ATHENAEUS,4352f04fcfd7cbe580caddf69f309034ffb967d5d1bc8a8e809498de5bf8d329,4,PLUTARCH,ef8134329970f595ef9ccf4198217affef5c01fa243d5bf4e59ee6daebb04e1d,0,0,0,0
C0,ud23,ATHENAEUS,4352f04fcfd7cbe580caddf69f309034ffb967d5d1bc8a8e809498de5bf8d329,4,THUCYDIDES,1a32cf6857284fff7c7f006f8d0cd4ab15a047af7a4bcd5613d1fd50789dd4ee,1,1,4,4
C0,ud23,ATHENAEUS,4352f04fcfd7cbe580caddf69f309034ffb967d5d1bc8a8e809498de5bf8d329,5,DIODORUS,d91dad02f8da03cf6702fa7edec531da5e56f526f466e2f04180f2a23a1cf315,0,0,0,0
C0,ud23,ATHENAEUS,4352f04fcfd7cbe580caddf69f309034ffb967d5d1bc8a8e809498de5bf8d329,5,HERODOTUS,89f0804afded8e7a0f4e1b507030d5ef4ecaf17e422c8b2969bd6b23e62818e6,1,1,26,8
C0,ud23,ATHENAEUS,4352f04fcfd7cbe580caddf69f309034ffb967d5d1bc8a8e809498de5bf8d329,5,HESIODIC_TRADITION,c4c0c7eaeca0d61d2e53f4f0642bfa382e91dd28b470d2f4da2ba8539fe0e7f7,1,1,2,2
C0,ud23,ATHENAEUS,4352f04fcfd7cbe580caddf69f309034ffb967d5d1bc8a8e809498de5bf8d329,5,HOMERIC_TRADITION,209ee9f27c82f31d31eb16124569039d7847ed327f3a0f2b5c4eae048347e621,1,1,4,4
C0,ud23,ATHENAEUS,4352f04fcfd7cbe580caddf69f309034ffb967d5d1bc8a8e809498de5bf8d329,5,PLUTARCH,ef8134329970f595ef9ccf4198217affef5c01fa243d5bf4e59ee6daebb04e1d,0,0,0,0
C0,ud23,ATHENAEUS,4352f04fcfd7cbe580caddf69f309034ffb967d5d1bc8a8e809498de5bf8d329,5,THUCYDIDES,1a32cf6857284fff7c7f006f8d0cd4ab15a047af7a4bcd5613d1fd50789dd4ee,1,1,9,8
C0,ud23,ATHENAEUS,4352f04fcfd7cbe580caddf69f309034ffb967d5d1bc8a8e809498de5bf8d329,6,DIODORUS,d91dad02f8da03cf6702fa7edec531da5e56f526f466e2f04180f2a23a1cf315,1,1,6,6
C0,ud23,ATHENAEUS,4352f04fcfd7cbe580caddf69f309034ffb967d5d1bc8a8e809498de5bf8d329,6,HERODOTUS,89f0804afded8e7a0f4e1b507030d5ef4ecaf17e422c8b2969bd6b23e62818e6,1,0,4,0
C0,ud23,ATHENAEUS,4352f04fcfd7cbe580caddf69f309034ffb967d5d1bc8a8e809498de5bf8d329,6,HESIODIC_TRADITION,c4c0c7eaeca0d61d2e53f4f0642bfa382e91dd28b470d2f4da2ba8539fe0e7f7,1,1,2,2
C0,ud23,ATHENAEUS,4352f04fcfd7cbe580caddf69f309034ffb967d5d1bc8a8e809498de5bf8d329,6,HOMERIC_TRADITION,209ee9f27c82f31d31eb16124569039d7847ed327f3a0f2b5c4eae048347e621,0,0,0,0
C0,ud23,ATHENAEUS,4352f04fcfd7cbe580caddf69f309034ffb967d5d1bc8a8e809498de5bf8d329,6,PLUTARCH,ef8134329970f595ef9ccf4198217affef5c01fa243d5bf4e59ee6daebb04e1d,0,0,0,0
C0,ud23,ATHENAEUS,4352f04fcfd7cbe580caddf69f309034ffb967d5d1bc8a8e809498de5bf8d329,6,THUCYDIDES,1a32cf6857284fff7c7f006f8d0cd4ab15a047af7a4bcd5613d1fd50789dd4ee,1,1,16,8
C0,ud23,ATHENAEUS,4352f04fcfd7cbe580caddf69f309034ffb967d5d1bc8a8e809498de5bf8d329,7,DIODORUS,d91dad02f8da03cf6702fa7edec531da5e56f526f466e2f04180f2a23a1cf315,0,0,0,0
C0,ud23,ATHENAEUS,4352f04fcfd7cbe580caddf69f309034ffb967d5d1bc8a8e809498de5bf8d329,7,HERODOTUS,89f0804afded8e7a0f4e1b507030d5ef4ecaf17e422c8b2969bd6b23e62818e6,1,1,14,8
C0,ud23,ATHENAEUS,4352f04fcfd7cbe580caddf69f309034ffb967d5d1bc8a8e809498de5bf8d329,7,HESIODIC_TRADITION,c4c0c7eaeca0d61d2e53f4f0642bfa382e91dd28b470d2f4da2ba8539fe0e7f7,1,1,6,6
C0,ud23,ATHENAEUS,4352f04fcfd7cbe580caddf69f309034ffb967d5d1bc8a8e809498de5bf8d329,7,HOMERIC_TRADITION,209ee9f27c82f31d31eb16124569039d7847ed327f3a0f2b5c4eae048347e621,1,1,13,8
C0,ud23,ATHENAEUS,4352f04fcfd7cbe580caddf69f309034ffb967d5d1bc8a8e809498de5bf8d329,7,PLUTARCH,ef8134329970f595ef9ccf4198217affef5c01fa243d5bf4e59ee6daebb04e1d,0,0,0,0
C0,ud23,ATHENAEUS,4352f04fcfd7cbe580caddf69f309034ffb967d5d1bc8a8e809498de5bf8d329,7,THUCYDIDES,1a32cf6857284fff7c7f006f8d0cd4ab15a047af7a4bcd5613d1fd50789dd4ee,1,0,1,0
C0,ud23,ATHENAEUS,4352f04fcfd7cbe580caddf69f309034ffb967d5d1bc8a8e809498de5bf8d329,8,DIODORUS,d91dad02f8da03cf6702fa7edec531da5e56f526f466e2f04180f2a23a1cf315,1,1,2,2
C0,ud23,ATHENAEUS,4352f04fcfd7cbe580caddf69f309034ffb967d5d1bc8a8e809498de5bf8d329,8,HERODOTUS,89f0804afded8e7a0f4e1b507030d5ef4ecaf17e422c8b2969bd6b23e62818e6,1,1,15,8
C0,ud23,ATHENAEUS,4352f04fcfd7cbe580caddf69f309034ffb967d5d1bc8a8e809498de5bf8d329,8,HESIODIC_TRADITION,c4c0c7eaeca0d61d2e53f4f0642bfa382e91dd28b470d2f4da2ba8539fe0e7f7,1,1,11,8
C0,ud23,ATHENAEUS,4352f04fcfd7cbe580caddf69f309034ffb967d5d1bc8a8e809498de5bf8d329,8,HOMERIC_TRADITION,209ee9f27c82f31d31eb16124569039d7847ed327f3a0f2b5c4eae048347e621,1,1,12,8
C0,ud23,ATHENAEUS,4352f04fcfd7cbe580caddf69f309034ffb967d5d1bc8a8e809498de5bf8d329,8,PLUTARCH,ef8134329970f595ef9ccf4198217affef5c01fa243d5bf4e59ee6daebb04e1d,0,0,0,0
C0,ud23,ATHENAEUS,4352f04fcfd7cbe580caddf69f309034ffb967d5d1bc8a8e809498de5bf8d329,8,THUCYDIDES,1a32cf6857284fff7c7f006f8d0cd4ab15a047af7a4bcd5613d1fd50789dd4ee,1,1,7,7
C0,ud23,ATHENAEUS,4352f04fcfd7cbe580caddf69f309034ffb967d5d1bc8a8e809498de5bf8d329,9,DIODORUS,d91dad02f8da03cf6702fa7edec531da5e56f526f466e2f04180f2a23a1cf315,1,1,2,2
C0,ud23,ATHENAEUS,4352f04fcfd7cbe580caddf69f309034ffb967d5d1bc8a8e809498de5bf8d329,9,HERODOTUS,89f0804afded8e7a0f4e1b507030d5ef4ecaf17e422c8b2969bd6b23e62818e6,1,1,6,6
C0,ud23,ATHENAEUS,4352f04fcfd7cbe580caddf69f309034ffb967d5d1bc8a8e809498de5bf8d329,9,HESIODIC_TRADITION,c4c0c7eaeca0d61d2e53f4f0642bfa382e91dd28b470d2f4da2ba8539fe0e7f7,1,1,20,8
C0,ud23,ATHENAEUS,4352f04fcfd7cbe580caddf69f309034ffb967d5d1bc8a8e809498de5bf8d329,9,HOMERIC_TRADITION,209ee9f27c82f31d31eb16124569039d7847ed327f3a0f2b5c4eae048347e621,1,1,8,8
C0,ud23,ATHENAEUS,4352f04fcfd7cbe580caddf69f309034ffb967d5d1bc8a8e809498de5bf8d329,9,PLUTARCH,ef8134329970f595ef9ccf4198217affef5c01fa243d5bf4e59ee6daebb04e1d,0,0,0,0
C0,ud23,ATHENAEUS,4352f04fcfd7cbe580caddf69f309034ffb967d5d1bc8a8e809498de5bf8d329,9,THUCYDIDES,1a32cf6857284fff7c7f006f8d0cd4ab15a047af7a4bcd5613d1fd50789dd4ee,1,1,2,2
C0,ud23,ATHENAEUS,4352f04fcfd7cbe580caddf69f309034ffb967d5d1bc8a8e809498de5bf8d329,10,DIODORUS,d91dad02f8da03cf6702fa7edec531da5e56f526f466e2f04180f2a23a1cf315,1,1,26,8
C0,ud23,ATHENAEUS,4352f04fcfd7cbe580caddf69f309034ffb967d5d1bc8a8e809498de5bf8d329,10,HERODOTUS,89f0804afded8e7a0f4e1b507030d5ef4ecaf17e422c8b2969bd6b23e62818e6,1,1,22,8
C0,ud23,ATHENAEUS,4352f04fcfd7cbe580caddf69f309034ffb967d5d1bc8a8e809498de5bf8d329,10,HESIODIC_TRADITION,c4c0c7eaeca0d61d2e53f4f0642bfa382e91dd28b470d2f4da2ba8539fe0e7f7,1,1,37,8
C0,ud23,ATHENAEUS,4352f04fcfd7cbe580caddf69f309034ffb967d5d1bc8a8e809498de5bf8d329,10,HOMERIC_TRADITION,209ee9f27c82f31d31eb16124569039d7847ed327f3a0f2b5c4eae048347e621,1,1,46,8
C0,ud23,ATHENAEUS,4352f04fcfd7cbe580caddf69f309034ffb967d5d1bc8a8e809498de5bf8d329,10,PLUTARCH,ef8134329970f595ef9ccf4198217affef5c01fa243d5bf4e59ee6daebb04e1d,0,0,0,0
C0,ud23,ATHENAEUS,4352f04fcfd7cbe580caddf69f309034ffb967d5d1bc8a8e809498de5bf8d329,10,THUCYDIDES,1a32cf6857284fff7c7f006f8d0cd4ab15a047af7a4bcd5613d1fd50789dd4ee,1,1,22,8
C0,ud23,ATHENAEUS,4352f04fcfd7cbe580caddf69f309034ffb967d5d1bc8a8e809498de5bf8d329,11,DIODORUS,d91dad02f8da03cf6702fa7edec531da5e56f526f466e2f04180f2a23a1cf315,1,0,19,0
C0,ud23,ATHENAEUS,4352f04fcfd7cbe580caddf69f309034ffb967d5d1bc8a8e809498de5bf8d329,11,HERODOTUS,89f0804afded8e7a0f4e1b507030d5ef4ecaf17e422c8b2969bd6b23e62818e6,1,1,22,8
C0,ud23,ATHENAEUS,4352f04fcfd7cbe580caddf69f309034ffb967d5d1bc8a8e809498de5bf8d329,11,HESIODIC_TRADITION,c4c0c7eaeca0d61d2e53f4f0642bfa382e91dd28b470d2f4da2ba8539fe0e7f7,1,1,3,3
C0,ud23,ATHENAEUS,4352f04fcfd7cbe580caddf69f309034ffb967d5d1bc8a8e809498de5bf8d329,11,HOMERIC_TRADITION,209ee9f27c82f31d31eb16124569039d7847ed327f3a0f2b5c4eae048347e621,1,1,16,8
C0,ud23,ATHENAEUS,4352f04fcfd7cbe580caddf69f309034ffb967d5d1bc8a8e809498de5bf8d329,11,PLUTARCH,ef8134329970f595ef9ccf4198217affef5c01fa243d5bf4e59ee6daebb04e1d,0,0,0,0
C0,ud23,ATHENAEUS,4352f04fcfd7cbe580caddf69f309034ffb967d5d1bc8a8e809498de5bf8d329,11,THUCYDIDES,1a32cf6857284fff7c7f006f8d0cd4ab15a047af7a4bcd5613d1fd50789dd4ee,1,1,12,8
C0,ud23,ATHENAEUS,4352f04fcfd7cbe580caddf69f309034ffb967d5d1bc8a8e809498de5bf8d329,12,DIODORUS,d91dad02f8da03cf6702fa7edec531da5e56f526f466e2f04180f2a23a1cf315,1,1,23,8
C0,ud23,ATHENAEUS,4352f04fcfd7cbe580caddf69f309034ffb967d5d1bc8a8e809498de5bf8d329,12,HERODOTUS,89f0804afded8e7a0f4e1b507030d5ef4ecaf17e422c8b2969bd6b23e62818e6,1,0,5,0
C0,ud23,ATHENAEUS,4352f04fcfd7cbe580caddf69f309034ffb967d5d1bc8a8e809498de5bf8d329,12,HESIODIC_TRADITION,c4c0c7eaeca0d61d2e53f4f0642bfa382e91dd28b470d2f4da2ba8539fe0e7f7,1,1,1,1
C0,ud23,ATHENAEUS,4352f04fcfd7cbe580caddf69f309034ffb967d5d1bc8a8e809498de5bf8d329,12,HOMERIC_TRADITION,209ee9f27c82f31d31eb16124569039d7847ed327f3a0f2b5c4eae048347e621,1,1,20,8
C0,ud23,ATHENAEUS,4352f04fcfd7cbe580caddf69f309034ffb967d5d1bc8a8e809498de5bf8d329,12,PLUTARCH,ef8134329970f595ef9ccf4198217affef5c01fa243d5bf4e59ee6daebb04e1d,0,0,0,0
C0,ud23,ATHENAEUS,4352f04fcfd7cbe580caddf69f309034ffb967d5d1bc8a8e809498de5bf8d329,12,THUCYDIDES,1a32cf6857284fff7c7f006f8d0cd4ab15a047af7a4bcd5613d1fd50789dd4ee,0,0,0,0
C0,ud23,ATHENAEUS,4352f04fcfd7cbe580caddf69f309034ffb967d5d1bc8a8e809498de5bf8d329,13,DIODORUS,d91dad02f8da03cf6702fa7edec531da5e56f526f466e2f04180f2a23a1cf315,0,0,0,0
C0,ud23,ATHENAEUS,4352f04fcfd7cbe580caddf69f309034ffb967d5d1bc8a8e809498de5bf8d329,13,HERODOTUS,89f0804afded8e7a0f4e1b507030d5ef4ecaf17e422c8b2969bd6b23e62818e6,0,0,0,0
C0,ud23,ATHENAEUS,4352f04fcfd7cbe580caddf69f309034ffb967d5d1bc8a8e809498de5bf8d329,13,HESIODIC_TRADITION,c4c0c7eaeca0d61d2e53f4f0642bfa382e91dd28b470d2f4da2ba8539fe0e7f7,1,1,4,4
C0,ud23,ATHENAEUS,4352f04fcfd7cbe580caddf69f309034ffb967d5d1bc8a8e809498de5bf8d329,13,HOMERIC_TRADITION,209ee9f27c82f31d31eb16124569039d7847ed327f3a0f2b5c4eae048347e621,1,1,2,2
C0,ud23,ATHENAEUS,4352f04fcfd7cbe580caddf69f309034ffb967d5d1bc8a8e809498de5bf8d329,13,PLUTARCH,ef8134329970f595ef9ccf4198217affef5c01fa243d5bf4e59ee6daebb04e1d,0,0,0,0
C0,ud23,ATHENAEUS,4352f04fcfd7cbe580caddf69f309034ffb967d5d1bc8a8e809498de5bf8d329,13,THUCYDIDES,1a32cf6857284fff7c7f006f8d0cd4ab15a047af7a4bcd5613d1fd50789dd4ee,1,1,13,8
C0,ud23,ATHENAEUS,4352f04fcfd7cbe580caddf69f309034ffb967d5d1bc8a8e809498de5bf8d329,14,DIODORUS,d91dad02f8da03cf6702fa7edec531da5e56f526f466e2f04180f2a23a1cf315,1,1,13,8
C0,ud23,ATHENAEUS,4352f04fcfd7cbe580caddf69f309034ffb967d5d1bc8a8e809498de5bf8d329,14,HERODOTUS,89f0804afded8e7a0f4e1b507030d5ef4ecaf17e422c8b2969bd6b23e62818e6,1,1,5,5
C0,ud23,ATHENAEUS,4352f04fcfd7cbe580caddf69f309034ffb967d5d1bc8a8e809498de5bf8d329,14,HESIODIC_TRADITION,c4c0c7eaeca0d61d2e53f4f0642bfa382e91dd28b470d2f4da2ba8539fe0e7f7,1,1,10,8
C0,ud23,ATHENAEUS,4352f04fcfd7cbe580caddf69f309034ffb967d5d1bc8a8e809498de5bf8d329,14,HOMERIC_TRADITION,209ee9f27c82f31d31eb16124569039d7847ed327f3a0f2b5c4eae048347e621,1,1,2,2
C0,ud23,ATHENAEUS,4352f04fcfd7cbe580caddf69f309034ffb967d5d1bc8a8e809498de5bf8d329,14,PLUTARCH,ef8134329970f595ef9ccf4198217affef5c01fa243d5bf4e59ee6daebb04e1d,0,0,0,0
C0,ud23,ATHENAEUS,4352f04fcfd7cbe580caddf69f309034ffb967d5d1bc8a8e809498de5bf8d329,14,THUCYDIDES,1a32cf6857284fff7c7f006f8d0cd4ab15a047af7a4bcd5613d1fd50789dd4ee,1,1,10,8
C0,ud23,ATHENAEUS,4352f04fcfd7cbe580caddf69f309034ffb967d5d1bc8a8e809498de5bf8d329,15,DIODORUS,d91dad02f8da03cf6702fa7edec531da5e56f526f466e2f04180f2a23a1cf315,1,1,15,8
C0,ud23,ATHENAEUS,4352f04fcfd7cbe580caddf69f309034ffb967d5d1bc8a8e809498de5bf8d329,15,HERODOTUS,89f0804afded8e7a0f4e1b507030d5ef4ecaf17e422c8b2969bd6b23e62818e6,1,1,11,8
C0,ud23,ATHENAEUS,4352f04fcfd7cbe580caddf69f309034ffb967d5d1bc8a8e809498de5bf8d329,15,HESIODIC_TRADITION,c4c0c7eaeca0d61d2e53f4f0642bfa382e91dd28b470d2f4da2ba8539fe0e7f7,1,1,10,8
C0,ud23,ATHENAEUS,4352f04fcfd7cbe580caddf69f309034ffb967d5d1bc8a8e809498de5bf8d329,15,HOMERIC_TRADITION,209ee9f27c82f31d31eb16124569039d7847ed327f3a0f2b5c4eae048347e621,1,1,10,8
C0,ud23,ATHENAEUS,4352f04fcfd7cbe580caddf69f309034ffb967d5d1bc8a8e809498de5bf8d329,15,PLUTARCH,ef8134329970f595ef9ccf4198217affef5c01fa243d5bf4e59ee6daebb04e1d,0,0,0,0
C0,ud23,ATHENAEUS,4352f04fcfd7cbe580caddf69f309034ffb967d5d1bc8a8e809498de5bf8d329,15,THUCYDIDES,1a32cf6857284fff7c7f006f8d0cd4ab15a047af7a4bcd5613d1fd50789dd4ee,1,1,11,8
C0,ud23,ATHENAEUS,4352f04fcfd7cbe580caddf69f309034ffb967d5d1bc8a8e809498de5bf8d329,16,DIODORUS,d91dad02f8da03cf6702fa7edec531da5e56f526f466e2f04180f2a23a1cf315,1,1,53,8
C0,ud23,ATHENAEUS,4352f04fcfd7cbe580caddf69f309034ffb967d5d1bc8a8e809498de5bf8d329,16,HERODOTUS,89f0804afded8e7a0f4e1b507030d5ef4ecaf17e422c8b2969bd6b23e62818e6,1,1,3,3
C0,ud23,ATHENAEUS,4352f04fcfd7cbe580caddf69f309034ffb967d5d1bc8a8e809498de5bf8d329,16,HESIODIC_TRADITION,c4c0c7eaeca0d61d2e53f4f0642bfa382e91dd28b470d2f4da2ba8539fe0e7f7,1,1,18,8
C0,ud23,ATHENAEUS,4352f04fcfd7cbe580caddf69f309034ffb967d5d1bc8a8e809498de5bf8d329,16,HOMERIC_TRADITION,209ee9f27c82f31d31eb16124569039d7847ed327f3a0f2b5c4eae048347e621,1,1,9,8
C0,ud23,ATHENAEUS,4352f04fcfd7cbe580caddf69f309034ffb967d5d1bc8a8e809498de5bf8d329,16,PLUTARCH,ef8134329970f595ef9ccf4198217affef5c01fa243d5bf4e59ee6daebb04e1d,0,0,0,0
C0,ud23,ATHENAEUS,4352f04fcfd7cbe580caddf69f309034ffb967d5d1bc8a8e809498de5bf8d329,16,THUCYDIDES,1a32cf6857284fff7c7f006f8d0cd4ab15a047af7a4bcd5613d1fd50789dd4ee,0,0,0,0
C0,ud23,ATHENAEUS,4352f04fcfd7cbe580caddf69f309034ffb967d5d1bc8a8e809498de5bf8d329,17,DIODORUS,d91dad02f8da03cf6702fa7edec531da5e56f526f466e2f04180f2a23a1cf315,1,1,5,5
C0,ud23,ATHENAEUS,4352f04fcfd7cbe580caddf69f309034ffb967d5d1bc8a8e809498de5bf8d329,17,HERODOTUS,89f0804afded8e7a0f4e1b507030d5ef4ecaf17e422c8b2969bd6b23e62818e6,1,1,33,8
C0,ud23,ATHENAEUS,4352f04fcfd7cbe580caddf69f309034ffb967d5d1bc8a8e809498de5bf8d329,17,HESIODIC_TRADITION,c4c0c7eaeca0d61d2e53f4f0642bfa382e91dd28b470d2f4da2ba8539fe0e7f7,1,1,6,6
C0,ud23,ATHENAEUS,4352f04fcfd7cbe580caddf69f309034ffb967d5d1bc8a8e809498de5bf8d329,17,HOMERIC_TRADITION,209ee9f27c82f31d31eb16124569039d7847ed327f3a0f2b5c4eae048347e621,1,1,2,2
C0,ud23,ATHENAEUS,4352f04fcfd7cbe580caddf69f309034ffb967d5d1bc8a8e809498de5bf8d329,17,PLUTARCH,ef8134329970f595ef9ccf4198217affef5c01fa243d5bf4e59ee6daebb04e1d,0,0,0,0
C0,ud23,ATHENAEUS,4352f04fcfd7cbe580caddf69f309034ffb967d5d1bc8a8e809498de5bf8d329,17,THUCYDIDES,1a32cf6857284fff7c7f006f8d0cd4ab15a047af7a4bcd5613d1fd50789dd4ee,1,1,5,5
C0,ud23,ATHENAEUS,4352f04fcfd7cbe580caddf69f309034ffb967d5d1bc8a8e809498de5bf8d329,18,DIODORUS,d91dad02f8da03cf6702fa7edec531da5e56f526f466e2f04180f2a23a1cf315,1,1,11,8
C0,ud23,ATHENAEUS,4352f04fcfd7cbe580caddf69f309034ffb967d5d1bc8a8e809498de5bf8d329,18,HERODOTUS,89f0804afded8e7a0f4e1b507030d5ef4ecaf17e422c8b2969bd6b23e62818e6,0,0,0,0
C0,ud23,ATHENAEUS,4352f04fcfd7cbe580caddf69f309034ffb967d5d1bc8a8e809498de5bf8d329,18,HESIODIC_TRADITION,c4c0c7eaeca0d61d2e53f4f0642bfa382e91dd28b470d2f4da2ba8539fe0e7f7,1,1,27,8
C0,ud23,ATHENAEUS,4352f04fcfd7cbe580caddf69f309034ffb967d5d1bc8a8e809498de5bf8d329,18,HOMERIC_TRADITION,209ee9f27c82f31d31eb16124569039d7847ed327f3a0f2b5c4eae048347e621,1,0,15,0
C0,ud23,ATHENAEUS,4352f04fcfd7cbe580caddf69f309034ffb967d5d1bc8a8e809498de5bf8d329,18,PLUTARCH,ef8134329970f595ef9ccf4198217affef5c01fa243d5bf4e59ee6daebb04e1d,0,0,0,0
C0,ud23,ATHENAEUS,4352f04fcfd7cbe580caddf69f309034ffb967d5d1bc8a8e809498de5bf8d329,18,THUCYDIDES,1a32cf6857284fff7c7f006f8d0cd4ab15a047af7a4bcd5613d1fd50789dd4ee,1,1,1,1
C0,ud23,ATHENAEUS,4352f04fcfd7cbe580caddf69f309034ffb967d5d1bc8a8e809498de5bf8d329,19,DIODORUS,d91dad02f8da03cf6702fa7edec531da5e56f526f466e2f04180f2a23a1cf315,1,1,16,8
C0,ud23,ATHENAEUS,4352f04fcfd7cbe580caddf69f309034ffb967d5d1bc8a8e809498de5bf8d329,19,HERODOTUS,89f0804afded8e7a0f4e1b507030d5ef4ecaf17e422c8b2969bd6b23e62818e6,1,1,12,8
C0,ud23,ATHENAEUS,4352f04fcfd7cbe580caddf69f309034ffb967d5d1bc8a8e809498de5bf8d329,19,HESIODIC_TRADITION,c4c0c7eaeca0d61d2e53f4f0642bfa382e91dd28b470d2f4da2ba8539fe0e7f7,1,1,11,8
C0,ud23,ATHENAEUS,4352f04fcfd7cbe580caddf69f309034ffb967d5d1bc8a8e809498de5bf8d329,19,HOMERIC_TRADITION,209ee9f27c82f31d31eb16124569039d7847ed327f3a0f2b5c4eae048347e621,1,1,14,8
C0,ud23,ATHENAEUS,4352f04fcfd7cbe580caddf69f309034ffb967d5d1bc8a8e809498de5bf8d329,19,PLUTARCH,ef8134329970f595ef9ccf4198217affef5c01fa243d5bf4e59ee6daebb04e1d,0,0,0,0
C0,ud23,ATHENAEUS,4352f04fcfd7cbe580caddf69f309034ffb967d5d1bc8a8e809498de5bf8d329,19,THUCYDIDES,1a32cf6857284fff7c7f006f8d0cd4ab15a047af7a4bcd5613d1fd50789dd4ee,1,1,14,8
C0,ud23,HERODOTUS,89f0804afded8e7a0f4e1b507030d5ef4ecaf17e422c8b2969bd6b23e62818e6,0,ATHENAEUS,4352f04fcfd7cbe580caddf69f309034ffb967d5d1bc8a8e809498de5bf8d329,1,1,7,7
C0,ud23,HERODOTUS,89f0804afded8e7a0f4e1b507030d5ef4ecaf17e422c8b2969bd6b23e62818e6,0,DIODORUS,d91dad02f8da03cf6702fa7edec531da5e56f526f466e2f04180f2a23a1cf315,1,1,3,3
C0,ud23,HERODOTUS,89f0804afded8e7a0f4e1b507030d5ef4ecaf17e422c8b2969bd6b23e62818e6,0,HESIODIC_TRADITION,c4c0c7eaeca0d61d2e53f4f0642bfa382e91dd28b470d2f4da2ba8539fe0e7f7,1,1,1,1
C0,ud23,HERODOTUS,89f0804afded8e7a0f4e1b507030d5ef4ecaf17e422c8b2969bd6b23e62818e6,0,HOMERIC_TRADITION,209ee9f27c82f31d31eb16124569039d7847ed327f3a0f2b5c4eae048347e621,1,0,11,0
C0,ud23,HERODOTUS,89f0804afded8e7a0f4e1b507030d5ef4ecaf17e422c8b2969bd6b23e62818e6,0,PLUTARCH,ef8134329970f595ef9ccf4198217affef5c01fa243d5bf4e59ee6daebb04e1d,0,0,0,0
C0,ud23,HERODOTUS,89f0804afded8e7a0f4e1b507030d5ef4ecaf17e422c8b2969bd6b23e62818e6,0,THUCYDIDES,1a32cf6857284fff7c7f006f8d0cd4ab15a047af7a4bcd5613d1fd50789dd4ee,1,1,35,8
C0,ud23,HERODOTUS,89f0804afded8e7a0f4e1b507030d5ef4ecaf17e422c8b2969bd6b23e62818e6,1,ATHENAEUS,4352f04fcfd7cbe580caddf69f309034ffb967d5d1bc8a8e809498de5bf8d329,1,1,44,8
C0,ud23,HERODOTUS,89f0804afded8e7a0f4e1b507030d5ef4ecaf17e422c8b2969bd6b23e62818e6,1,DIODORUS,d91dad02f8da03cf6702fa7edec531da5e56f526f466e2f04180f2a23a1cf315,1,1,2,2
C0,ud23,HERODOTUS,89f0804afded8e7a0f4e1b507030d5ef4ecaf17e422c8b2969bd6b23e62818e6,1,HESIODIC_TRADITION,c4c0c7eaeca0d61d2e53f4f0642bfa382e91dd28b470d2f4da2ba8539fe0e7f7,1,0,7,0
C0,ud23,HERODOTUS,89f0804afded8e7a0f4e1b507030d5ef4ecaf17e422c8b2969bd6b23e62818e6,1,HOMERIC_TRADITION,209ee9f27c82f31d31eb16124569039d7847ed327f3a0f2b5c4eae048347e621,1,0,4,0
C0,ud23,HERODOTUS,89f0804afded8e7a0f4e1b507030d5ef4ecaf17e422c8b2969bd6b23e62818e6,1,PLUTARCH,ef8134329970f595ef9ccf4198217affef5c01fa243d5bf4e59ee6daebb04e1d,0,0,0,0
C0,ud23,HERODOTUS,89f0804afded8e7a0f4e1b507030d5ef4ecaf17e422c8b2969bd6b23e62818e6,1,THUCYDIDES,1a32cf6857284fff7c7f006f8d0cd4ab15a047af7a4bcd5613d1fd50789dd4ee,1,1,4,4
C0,ud23,HERODOTUS,89f0804afded8e7a0f4e1b507030d5ef4ecaf17e422c8b2969bd6b23e62818e6,2,ATHENAEUS,4352f04fcfd7cbe580caddf69f309034ffb967d5d1bc8a8e809498de5bf8d329,1,1,16,8
C0,ud23,HERODOTUS,89f0804afded8e7a0f4e1b507030d5ef4ecaf17e422c8b2969bd6b23e62818e6,2,DIODORUS,d91dad02f8da03cf6702fa7edec531da5e56f526f466e2f04180f2a23a1cf315,1,1,9,8
C0,ud23,HERODOTUS,89f0804afded8e7a0f4e1b507030d5ef4ecaf17e422c8b2969bd6b23e62818e6,2,HESIODIC_TRADITION,c4c0c7eaeca0d61d2e53f4f0642bfa382e91dd28b470d2f4da2ba8539fe0e7f7,1,1,4,4
C0,ud23,HERODOTUS,89f0804afded8e7a0f4e1b507030d5ef4ecaf17e422c8b2969bd6b23e62818e6,2,HOMERIC_TRADITION,209ee9f27c82f31d31eb16124569039d7847ed327f3a0f2b5c4eae048347e621,1,0,2,0
C0,ud23,HERODOTUS,89f0804afded8e7a0f4e1b507030d5ef4ecaf17e422c8b2969bd6b23e62818e6,2,PLUTARCH,ef8134329970f595ef9ccf4198217affef5c01fa243d5bf4e59ee6daebb04e1d,0,0,0,0
C0,ud23,HERODOTUS,89f0804afded8e7a0f4e1b507030d5ef4ecaf17e422c8b2969bd6b23e62818e6,2,THUCYDIDES,1a32cf6857284fff7c7f006f8d0cd4ab15a047af7a4bcd5613d1fd50789dd4ee,1,1,1,1
C0,ud23,HERODOTUS,89f0804afded8e7a0f4e1b507030d5ef4ecaf17e422c8b2969bd6b23e62818e6,3,ATHENAEUS,4352f04fcfd7cbe580caddf69f309034ffb967d5d1bc8a8e809498de5bf8d329,0,0,0,0
C0,ud23,HERODOTUS,89f0804afded8e7a0f4e1b507030d5ef4ecaf17e422c8b2969bd6b23e62818e6,3,DIODORUS,d91dad02f8da03cf6702fa7edec531da5e56f526f466e2f04180f2a23a1cf315,1,1,13,8
C0,ud23,HERODOTUS,89f0804afded8e7a0f4e1b507030d5ef4ecaf17e422c8b2969bd6b23e62818e6,3,HESIODIC_TRADITION,c4c0c7eaeca0d61d2e53f4f0642bfa382e91dd28b470d2f4da2ba8539fe0e7f7,1,1,14,8
C0,ud23,HERODOTUS,89f0804afded8e7a0f4e1b507030d5ef4ecaf17e422c8b2969bd6b23e62818e6,3,HOMERIC_TRADITION,209ee9f27c82f31d31eb16124569039d7847ed327f3a0f2b5c4eae048347e621,1,1,3,3
C0,ud23,HERODOTUS,89f0804afded8e7a0f4e1b507030d5ef4ecaf17e422c8b2969bd6b23e62818e6,3,PLUTARCH,ef8134329970f595ef9ccf4198217affef5c01fa243d5bf4e59ee6daebb04e1d,0,0,0,0
C0,ud23,HERODOTUS,89f0804afded8e7a0f4e1b507030d5ef4ecaf17e422c8b2969bd6b23e62818e6,3,THUCYDIDES,1a32cf6857284fff7c7f006f8d0cd4ab15a047af7a4bcd5613d1fd50789dd4ee,1,1,17,8
C0,ud23,HERODOTUS,89f0804afded8e7a0f4e1b507030d5ef4ecaf17e422c8b2969bd6b23e62818e6,4,ATHENAEUS,4352f04fcfd7cbe580caddf69f309034ffb967d5d1bc8a8e809498de5bf8d329,0,0,0,0
C0,ud23,HERODOTUS,89f0804afded8e7a0f4e1b507030d5ef4ecaf17e422c8b2969bd6b23e62818e6,4,DIODORUS,d91dad02f8da03cf6702fa7edec531da5e56f526f466e2f04180f2a23a1cf315,1,1,24,8
C0,ud23,HERODOTUS,89f0804afded8e7a0f4e1b507030d5ef4ecaf17e422c8b2969bd6b23e62818e6,4,HESIODIC_TRADITION,c4c0c7eaeca0d61d2e53f4f0642bfa382e91dd28b470d2f4da2ba8539fe0e7f7,1,1,8,8
C0,ud23,HERODOTUS,89f0804afded8e7a0f4e1b507030d5ef4ecaf17e422c8b2969bd6b23e62818e6,4,HOMERIC_TRADITION,209ee9f27c82f31d31eb16124569039d7847ed327f3a0f2b5c4eae048347e621,1,1,10,8
C0,ud23,HERODOTUS,89f0804afded8e7a0f4e1b507030d5ef4ecaf17e422c8b2969bd6b23e62818e6,4,PLUTARCH,ef8134329970f595ef9ccf4198217affef5c01fa243d5bf4e59ee6daebb04e1d,0,0,0,0
C0,ud23,HERODOTUS,89f0804afded8e7a0f4e1b507030d5ef4ecaf17e422c8b2969bd6b23e62818e6,4,THUCYDIDES,1a32cf6857284fff7c7f006f8d0cd4ab15a047af7a4bcd5613d1fd50789dd4ee,1,1,7,7
C0,ud23,HERODOTUS,89f0804afded8e7a0f4e1b507030d5ef4ecaf17e422c8b2969bd6b23e62818e6,5,ATHENAEUS,4352f04fcfd7cbe580caddf69f309034ffb967d5d1bc8a8e809498de5bf8d329,1,1,4,4
C0,ud23,HERODOTUS,89f0804afded8e7a0f4e1b507030d5ef4ecaf17e422c8b2969bd6b23e62818e6,5,DIODORUS,d91dad02f8da03cf6702fa7edec531da5e56f526f466e2f04180f2a23a1cf315,1,1,6,6
C0,ud23,HERODOTUS,89f0804afded8e7a0f4e1b507030d5ef4ecaf17e422c8b2969bd6b23e62818e6,5,HESIODIC_TRADITION,c4c0c7eaeca0d61d2e53f4f0642bfa382e91dd28b470d2f4da2ba8539fe0e7f7,1,1,1,1
C0,ud23,HERODOTUS,89f0804afded8e7a0f4e1b507030d5ef4ecaf17e422c8b2969bd6b23e62818e6,5,HOMERIC_TRADITION,209ee9f27c82f31d31eb16124569039d7847ed327f3a0f2b5c4eae048347e621,1,1,13,8
C0,ud23,HERODOTUS,89f0804afded8e7a0f4e1b507030d5ef4ecaf17e422c8b2969bd6b23e62818e6,5,PLUTARCH,ef8134329970f595ef9ccf4198217affef5c01fa243d5bf4e59ee6daebb04e1d,0,0,0,0
C0,ud23,HERODOTUS,89f0804afded8e7a0f4e1b507030d5ef4ecaf17e422c8b2969bd6b23e62818e6,5,THUCYDIDES,1a32cf6857284fff7c7f006f8d0cd4ab15a047af7a4bcd5613d1fd50789dd4ee,1,1,8,8
C0,ud23,HERODOTUS,89f0804afded8e7a0f4e1b507030d5ef4ecaf17e422c8b2969bd6b23e62818e6,6,ATHENAEUS,4352f04fcfd7cbe580caddf69f309034ffb967d5d1bc8a8e809498de5bf8d329,1,1,10,8
C0,ud23,HERODOTUS,89f0804afded8e7a0f4e1b507030d5ef4ecaf17e422c8b2969bd6b23e62818e6,6,DIODORUS,d91dad02f8da03cf6702fa7edec531da5e56f526f466e2f04180f2a23a1cf315,1,1,27,8
C0,ud23,HERODOTUS,89f0804afded8e7a0f4e1b507030d5ef4ecaf17e422c8b2969bd6b23e62818e6,6,HESIODIC_TRADITION,c4c0c7eaeca0d61d2e53f4f0642bfa382e91dd28b470d2f4da2ba8539fe0e7f7,1,1,5,5
C0,ud23,HERODOTUS,89f0804afded8e7a0f4e1b507030d5ef4ecaf17e422c8b2969bd6b23e62818e6,6,HOMERIC_TRADITION,209ee9f27c82f31d31eb16124569039d7847ed327f3a0f2b5c4eae048347e621,0,0,0,0
C0,ud23,HERODOTUS,89f0804afded8e7a0f4e1b507030d5ef4ecaf17e422c8b2969bd6b23e62818e6,6,PLUTARCH,ef8134329970f595ef9ccf4198217affef5c01fa243d5bf4e59ee6daebb04e1d,0,0,0,0
C0,ud23,HERODOTUS,89f0804afded8e7a0f4e1b507030d5ef4ecaf17e422c8b2969bd6b23e62818e6,6,THUCYDIDES,1a32cf6857284fff7c7f006f8d0cd4ab15a047af7a4bcd5613d1fd50789dd4ee,1,1,8,8
C0,ud23,HERODOTUS,89f0804afded8e7a0f4e1b507030d5ef4ecaf17e422c8b2969bd6b23e62818e6,7,ATHENAEUS,4352f04fcfd7cbe580caddf69f309034ffb967d5d1bc8a8e809498de5bf8d329,1,1,2,2
C0,ud23,HERODOTUS,89f0804afded8e7a0f4e1b507030d5ef4ecaf17e422c8b2969bd6b23e62818e6,7,DIODORUS,d91dad02f8da03cf6702fa7edec531da5e56f526f466e2f04180f2a23a1cf315,1,1,3,3
C0,ud23,HERODOTUS,89f0804afded8e7a0f4e1b507030d5ef4ecaf17e422c8b2969bd6b23e62818e6,7,HESIODIC_TRADITION,c4c0c7eaeca0d61d2e53f4f0642bfa382e91dd28b470d2f4da2ba8539fe0e7f7,1,1,2,2
C0,ud23,HERODOTUS,89f0804afded8e7a0f4e1b507030d5ef4ecaf17e422c8b2969bd6b23e62818e6,7,HOMERIC_TRADITION,209ee9f27c82f31d31eb16124569039d7847ed327f3a0f2b5c4eae048347e621,1,0,4,0
C0,ud23,HERODOTUS,89f0804afded8e7a0f4e1b507030d5ef4ecaf17e422c8b2969bd6b23e62818e6,7,PLUTARCH,ef8134329970f595ef9ccf4198217affef5c01fa243d5bf4e59ee6daebb04e1d,0,0,0,0
C0,ud23,HERODOTUS,89f0804afded8e7a0f4e1b507030d5ef4ecaf17e422c8b2969bd6b23e62818e6,7,THUCYDIDES,1a32cf6857284fff7c7f006f8d0cd4ab15a047af7a4bcd5613d1fd50789dd4ee,1,1,4,4
C0,ud23,HERODOTUS,89f0804afded8e7a0f4e1b507030d5ef4ecaf17e422c8b2969bd6b23e62818e6,8,ATHENAEUS,4352f04fcfd7cbe580caddf69f309034ffb967d5d1bc8a8e809498de5bf8d329,1,0,13,0
C0,ud23,HERODOTUS,89f0804afded8e7a0f4e1b507030d5ef4ecaf17e422c8b2969bd6b23e62818e6,8,DIODORUS,d91dad02f8da03cf6702fa7edec531da5e56f526f466e2f04180f2a23a1cf315,1,1,14,8
C0,ud23,HERODOTUS,89f0804afded8e7a0f4e1b507030d5ef4ecaf17e422c8b2969bd6b23e62818e6,8,HESIODIC_TRADITION,c4c0c7eaeca0d61d2e53f4f0642bfa382e91dd28b470d2f4da2ba8539fe0e7f7,1,1,13,8
C0,ud23,HERODOTUS,89f0804afded8e7a0f4e1b507030d5ef4ecaf17e422c8b2969bd6b23e62818e6,8,HOMERIC_TRADITION,209ee9f27c82f31d31eb16124569039d7847ed327f3a0f2b5c4eae048347e621,1,1,6,6
C0,ud23,HERODOTUS,89f0804afded8e7a0f4e1b507030d5ef4ecaf17e422c8b2969bd6b23e62818e6,8,PLUTARCH,ef8134329970f595ef9ccf4198217affef5c01fa243d5bf4e59ee6daebb04e1d,0,0,0,0
C0,ud23,HERODOTUS,89f0804afded8e7a0f4e1b507030d5ef4ecaf17e422c8b2969bd6b23e62818e6,8,THUCYDIDES,1a32cf6857284fff7c7f006f8d0cd4ab15a047af7a4bcd5613d1fd50789dd4ee,1,1,9,8
C0,ud23,HERODOTUS,89f0804afded8e7a0f4e1b507030d5ef4ecaf17e422c8b2969bd6b23e62818e6,9,ATHENAEUS,4352f04fcfd7cbe580caddf69f309034ffb967d5d1bc8a8e809498de5bf8d329,1,0,20,0
C0,ud23,HERODOTUS,89f0804afded8e7a0f4e1b507030d5ef4ecaf17e422c8b2969bd6b23e62818e6,9,DIODORUS,d91dad02f8da03cf6702fa7edec531da5e56f526f466e2f04180f2a23a1cf315,1,1,27,8
C0,ud23,HERODOTUS,89f0804afded8e7a0f4e1b507030d5ef4ecaf17e422c8b2969bd6b23e62818e6,9,HESIODIC_TRADITION,c4c0c7eaeca0d61d2e53f4f0642bfa382e91dd28b470d2f4da2ba8539fe0e7f7,1,1,6,6
C0,ud23,HERODOTUS,89f0804afded8e7a0f4e1b507030d5ef4ecaf17e422c8b2969bd6b23e62818e6,9,HOMERIC_TRADITION,209ee9f27c82f31d31eb16124569039d7847ed327f3a0f2b5c4eae048347e621,0,0,0,0
C0,ud23,HERODOTUS,89f0804afded8e7a0f4e1b507030d5ef4ecaf17e422c8b2969bd6b23e62818e6,9,PLUTARCH,ef8134329970f595ef9ccf4198217affef5c01fa243d5bf4e59ee6daebb04e1d,0,0,0,0
C0,ud23,HERODOTUS,89f0804afded8e7a0f4e1b507030d5ef4ecaf17e422c8b2969bd6b23e62818e6,9,THUCYDIDES,1a32cf6857284fff7c7f006f8d0cd4ab15a047af7a4bcd5613d1fd50789dd4ee,1,1,27,8
C0,ud23,HERODOTUS,89f0804afded8e7a0f4e1b507030d5ef4ecaf17e422c8b2969bd6b23e62818e6,10,ATHENAEUS,4352f04fcfd7cbe580caddf69f309034ffb967d5d1bc8a8e809498de5bf8d329,1,1,13,8
C0,ud23,HERODOTUS,89f0804afded8e7a0f4e1b507030d5ef4ecaf17e422c8b2969bd6b23e62818e6,10,DIODORUS,d91dad02f8da03cf6702fa7edec531da5e56f526f466e2f04180f2a23a1cf315,1,1,7,7
C0,ud23,HERODOTUS,89f0804afded8e7a0f4e1b507030d5ef4ecaf17e422c8b2969bd6b23e62818e6,10,HESIODIC_TRADITION,c4c0c7eaeca0d61d2e53f4f0642bfa382e91dd28b470d2f4da2ba8539fe0e7f7,1,1,2,2
C0,ud23,HERODOTUS,89f0804afded8e7a0f4e1b507030d5ef4ecaf17e422c8b2969bd6b23e62818e6,10,HOMERIC_TRADITION,209ee9f27c82f31d31eb16124569039d7847ed327f3a0f2b5c4eae048347e621,0,0,0,0
C0,ud23,HERODOTUS,89f0804afded8e7a0f4e1b507030d5ef4ecaf17e422c8b2969bd6b23e62818e6,10,PLUTARCH,ef8134329970f595ef9ccf4198217affef5c01fa243d5bf4e59ee6daebb04e1d,0,0,0,0
C0,ud23,HERODOTUS,89f0804afded8e7a0f4e1b507030d5ef4ecaf17e422c8b2969bd6b23e62818e6,10,THUCYDIDES,1a32cf6857284fff7c7f006f8d0cd4ab15a047af7a4bcd5613d1fd50789dd4ee,1,1,7,7
C0,ud23,HERODOTUS,89f0804afded8e7a0f4e1b507030d5ef4ecaf17e422c8b2969bd6b23e62818e6,11,ATHENAEUS,4352f04fcfd7cbe580caddf69f309034ffb967d5d1bc8a8e809498de5bf8d329,1,1,1,1
C0,ud23,HERODOTUS,89f0804afded8e7a0f4e1b507030d5ef4ecaf17e422c8b2969bd6b23e62818e6,11,DIODORUS,d91dad02f8da03cf6702fa7edec531da5e56f526f466e2f04180f2a23a1cf315,1,0,8,0
C0,ud23,HERODOTUS,89f0804afded8e7a0f4e1b507030d5ef4ecaf17e422c8b2969bd6b23e62818e6,11,HESIODIC_TRADITION,c4c0c7eaeca0d61d2e53f4f0642bfa382e91dd28b470d2f4da2ba8539fe0e7f7,1,1,5,5
C0,ud23,HERODOTUS,89f0804afded8e7a0f4e1b507030d5ef4ecaf17e422c8b2969bd6b23e62818e6,11,HOMERIC_TRADITION,209ee9f27c82f31d31eb16124569039d7847ed327f3a0f2b5c4eae048347e621,1,1,9,8
C0,ud23,HERODOTUS,89f0804afded8e7a0f4e1b507030d5ef4ecaf17e422c8b2969bd6b23e62818e6,11,PLUTARCH,ef8134329970f595ef9ccf4198217affef5c01fa243d5bf4e59ee6daebb04e1d,0,0,0,0
C0,ud23,HERODOTUS,89f0804afded8e7a0f4e1b507030d5ef4ecaf17e422c8b2969bd6b23e62818e6,11,THUCYDIDES,1a32cf6857284fff7c7f006f8d0cd4ab15a047af7a4bcd5613d1fd50789dd4ee,1,1,3,3
C0,ud23,HERODOTUS,89f0804afded8e7a0f4e1b507030d5ef4ecaf17e422c8b2969bd6b23e62818e6,12,ATHENAEUS,4352f04fcfd7cbe580caddf69f309034ffb967d5d1bc8a8e809498de5bf8d329,1,1,12,8
C0,ud23,HERODOTUS,89f0804afded8e7a0f4e1b507030d5ef4ecaf17e422c8b2969bd6b23e62818e6,12,DIODORUS,d91dad02f8da03cf6702fa7edec531da5e56f526f466e2f04180f2a23a1cf315,1,1,1,1
C0,ud23,HERODOTUS,89f0804afded8e7a0f4e1b507030d5ef4ecaf17e422c8b2969bd6b23e62818e6,12,HESIODIC_TRADITION,c4c0c7eaeca0d61d2e53f4f0642bfa382e91dd28b470d2f4da2ba8539fe0e7f7,1,0,8,0
C0,ud23,HERODOTUS,89f0804afded8e7a0f4e1b507030d5ef4ecaf17e422c8b2969bd6b23e62818e6,12,HOMERIC_TRADITION,209ee9f27c82f31d31eb16124569039d7847ed327f3a0f2b5c4eae048347e621,1,1,4,4
C0,ud23,HERODOTUS,89f0804afded8e7a0f4e1b507030d5ef4ecaf17e422c8b2969bd6b23e62818e6,12,PLUTARCH,ef8134329970f595ef9ccf4198217affef5c01fa243d5bf4e59ee6daebb04e1d,0,0,0,0
C0,ud23,HERODOTUS,89f0804afded8e7a0f4e1b507030d5ef4ecaf17e422c8b2969bd6b23e62818e6,12,THUCYDIDES,1a32cf6857284fff7c7f006f8d0cd4ab15a047af7a4bcd5613d1fd50789dd4ee,1,1,7,7
C0,ud23,HERODOTUS,89f0804afded8e7a0f4e1b507030d5ef4ecaf17e422c8b2969bd6b23e62818e6,13,ATHENAEUS,4352f04fcfd7cbe580caddf69f309034ffb967d5d1bc8a8e809498de5bf8d329,1,1,9,8
C0,ud23,HERODOTUS,89f0804afded8e7a0f4e1b507030d5ef4ecaf17e422c8b2969bd6b23e62818e6,13,DIODORUS,d91dad02f8da03cf6702fa7edec531da5e56f526f466e2f04180f2a23a1cf315,1,0,28,0
C0,ud23,HERODOTUS,89f0804afded8e7a0f4e1b507030d5ef4ecaf17e422c8b2969bd6b23e62818e6,13,HESIODIC_TRADITION,c4c0c7eaeca0d61d2e53f4f0642bfa382e91dd28b470d2f4da2ba8539fe0e7f7,1,0,8,0
C0,ud23,HERODOTUS,89f0804afded8e7a0f4e1b507030d5ef4ecaf17e422c8b2969bd6b23e62818e6,13,HOMERIC_TRADITION,209ee9f27c82f31d31eb16124569039d7847ed327f3a0f2b5c4eae048347e621,1,1,10,8
C0,ud23,HERODOTUS,89f0804afded8e7a0f4e1b507030d5ef4ecaf17e422c8b2969bd6b23e62818e6,13,PLUTARCH,ef8134329970f595ef9ccf4198217affef5c01fa243d5bf4e59ee6daebb04e1d,0,0,0,0
C0,ud23,HERODOTUS,89f0804afded8e7a0f4e1b507030d5ef4ecaf17e422c8b2969bd6b23e62818e6,13,THUCYDIDES,1a32cf6857284fff7c7f006f8d0cd4ab15a047af7a4bcd5613d1fd50789dd4ee,1,1,5,5
C0,ud23,HERODOTUS,89f0804afded8e7a0f4e1b507030d5ef4ecaf17e422c8b2969bd6b23e62818e6,14,ATHENAEUS,4352f04fcfd7cbe580caddf69f309034ffb967d5d1bc8a8e809498de5bf8d329,1,1,11,8
C0,ud23,HERODOTUS,89f0804afded8e7a0f4e1b507030d5ef4ecaf17e422c8b2969bd6b23e62818e6,14,DIODORUS,d91dad02f8da03cf6702fa7edec531da5e56f526f466e2f04180f2a23a1cf315,1,1,11,8
C0,ud23,HERODOTUS,89f0804afded8e7a0f4e1b507030d5ef4ecaf17e422c8b2969bd6b23e62818e6,14,HESIODIC_TRADITION,c4c0c7eaeca0d61d2e53f4f0642bfa382e91dd28b470d2f4da2ba8539fe0e7f7,1,1,9,8
C0,ud23,HERODOTUS,89f0804afded8e7a0f4e1b507030d5ef4ecaf17e422c8b2969bd6b23e62818e6,14,HOMERIC_TRADITION,209ee9f27c82f31d31eb16124569039d7847ed327f3a0f2b5c4eae048347e621,1,1,12,8
C0,ud23,HERODOTUS,89f0804afded8e7a0f4e1b507030d5ef4ecaf17e422c8b2969bd6b23e62818e6,14,PLUTARCH,ef8134329970f595ef9ccf4198217affef5c01fa243d5bf4e59ee6daebb04e1d,0,0,0,0
C0,ud23,HERODOTUS,89f0804afded8e7a0f4e1b507030d5ef4ecaf17e422c8b2969bd6b23e62818e6,14,THUCYDIDES,1a32cf6857284fff7c7f006f8d0cd4ab15a047af7a4bcd5613d1fd50789dd4ee,1,1,6,6
C0,ud23,HERODOTUS,89f0804afded8e7a0f4e1b507030d5ef4ecaf17e422c8b2969bd6b23e62818e6,15,ATHENAEUS,4352f04fcfd7cbe580caddf69f309034ffb967d5d1bc8a8e809498de5bf8d329,0,0,0,0
C0,ud23,HERODOTUS,89f0804afded8e7a0f4e1b507030d5ef4ecaf17e422c8b2969bd6b23e62818e6,15,DIODORUS,d91dad02f8da03cf6702fa7edec531da5e56f526f466e2f04180f2a23a1cf315,1,1,7,7
C0,ud23,HERODOTUS,89f0804afded8e7a0f4e1b507030d5ef4ecaf17e422c8b2969bd6b23e62818e6,15,HESIODIC_TRADITION,c4c0c7eaeca0d61d2e53f4f0642bfa382e91dd28b470d2f4da2ba8539fe0e7f7,1,1,8,8
C0,ud23,HERODOTUS,89f0804afded8e7a0f4e1b507030d5ef4ecaf17e422c8b2969bd6b23e62818e6,15,HOMERIC_TRADITION,209ee9f27c82f31d31eb16124569039d7847ed327f3a0f2b5c4eae048347e621,1,1,11,8
C0,ud23,HERODOTUS,89f0804afded8e7a0f4e1b507030d5ef4ecaf17e422c8b2969bd6b23e62818e6,15,PLUTARCH,ef8134329970f595ef9ccf4198217affef5c01fa243d5bf4e59ee6daebb04e1d,0,0,0,0
C0,ud23,HERODOTUS,89f0804afded8e7a0f4e1b507030d5ef4ecaf17e422c8b2969bd6b23e62818e6,15,THUCYDIDES,1a32cf6857284fff7c7f006f8d0cd4ab15a047af7a4bcd5613d1fd50789dd4ee,1,1,7,7
C0,ud23,HERODOTUS,89f0804afded8e7a0f4e1b507030d5ef4ecaf17e422c8b2969bd6b23e62818e6,16,ATHENAEUS,4352f04fcfd7cbe580caddf69f309034ffb967d5d1bc8a8e809498de5bf8d329,1,1,13,8
C0,ud23,HERODOTUS,89f0804afded8e7a0f4e1b507030d5ef4ecaf17e422c8b2969bd6b23e62818e6,16,DIODORUS,d91dad02f8da03cf6702fa7edec531da5e56f526f466e2f04180f2a23a1cf315,1,1,20,8
C0,ud23,HERODOTUS,89f0804afded8e7a0f4e1b507030d5ef4ecaf17e422c8b2969bd6b23e62818e6,16,HESIODIC_TRADITION,c4c0c7eaeca0d61d2e53f4f0642bfa382e91dd28b470d2f4da2ba8539fe0e7f7,1,1,6,6
C0,ud23,HERODOTUS,89f0804afded8e7a0f4e1b507030d5ef4ecaf17e422c8b2969bd6b23e62818e6,16,HOMERIC_TRADITION,209ee9f27c82f31d31eb16124569039d7847ed327f3a0f2b5c4eae048347e621,1,1,5,5
C0,ud23,HERODOTUS,89f0804afded8e7a0f4e1b507030d5ef4ecaf17e422c8b2969bd6b23e62818e6,16,PLUTARCH,ef8134329970f595ef9ccf4198217affef5c01fa243d5bf4e59ee6daebb04e1d,0,0,0,0
C0,ud23,HERODOTUS,89f0804afded8e7a0f4e1b507030d5ef4ecaf17e422c8b2969bd6b23e62818e6,16,THUCYDIDES,1a32cf6857284fff7c7f006f8d0cd4ab15a047af7a4bcd5613d1fd50789dd4ee,1,1,21,8
C0,ud23,HERODOTUS,89f0804afded8e7a0f4e1b507030d5ef4ecaf17e422c8b2969bd6b23e62818e6,17,ATHENAEUS,4352f04fcfd7cbe580caddf69f309034ffb967d5d1bc8a8e809498de5bf8d329,1,0,18,0
C0,ud23,HERODOTUS,89f0804afded8e7a0f4e1b507030d5ef4ecaf17e422c8b2969bd6b23e62818e6,17,DIODORUS,d91dad02f8da03cf6702fa7edec531da5e56f526f466e2f04180f2a23a1cf315,1,1,22,8
C0,ud23,HERODOTUS,89f0804afded8e7a0f4e1b507030d5ef4ecaf17e422c8b2969bd6b23e62818e6,17,HESIODIC_TRADITION,c4c0c7eaeca0d61d2e53f4f0642bfa382e91dd28b470d2f4da2ba8539fe0e7f7,1,1,11,8
C0,ud23,HERODOTUS,89f0804afded8e7a0f4e1b507030d5ef4ecaf17e422c8b2969bd6b23e62818e6,17,HOMERIC_TRADITION,209ee9f27c82f31d31eb16124569039d7847ed327f3a0f2b5c4eae048347e621,1,1,18,8
C0,ud23,HERODOTUS,89f0804afded8e7a0f4e1b507030d5ef4ecaf17e422c8b2969bd6b23e62818e6,17,PLUTARCH,ef8134329970f595ef9ccf4198217affef5c01fa243d5bf4e59ee6daebb04e1d,0,0,0,0
C0,ud23,HERODOTUS,89f0804afded8e7a0f4e1b507030d5ef4ecaf17e422c8b2969bd6b23e62818e6,17,THUCYDIDES,1a32cf6857284fff7c7f006f8d0cd4ab15a047af7a4bcd5613d1fd50789dd4ee,1,1,7,7
C0,ud23,HERODOTUS,89f0804afded8e7a0f4e1b507030d5ef4ecaf17e422c8b2969bd6b23e62818e6,18,ATHENAEUS,4352f04fcfd7cbe580caddf69f309034ffb967d5d1bc8a8e809498de5bf8d329,1,0,4,0
C0,ud23,HERODOTUS,89f0804afded8e7a0f4e1b507030d5ef4ecaf17e422c8b2969bd6b23e62818e6,18,DIODORUS,d91dad02f8da03cf6702fa7edec531da5e56f526f466e2f04180f2a23a1cf315,1,1,9,8
C0,ud23,HERODOTUS,89f0804afded8e7a0f4e1b507030d5ef4ecaf17e422c8b2969bd6b23e62818e6,18,HESIODIC_TRADITION,c4c0c7eaeca0d61d2e53f4f0642bfa382e91dd28b470d2f4da2ba8539fe0e7f7,1,0,3,0
C0,ud23,HERODOTUS,89f0804afded8e7a0f4e1b507030d5ef4ecaf17e422c8b2969bd6b23e62818e6,18,HOMERIC_TRADITION,209ee9f27c82f31d31eb16124569039d7847ed327f3a0f2b5c4eae048347e621,1,1,1,1
C0,ud23,HERODOTUS,89f0804afded8e7a0f4e1b507030d5ef4ecaf17e422c8b2969bd6b23e62818e6,18,PLUTARCH,ef8134329970f595ef9ccf4198217affef5c01fa243d5bf4e59ee6daebb04e1d,0,0,0,0
C0,ud23,HERODOTUS,89f0804afded8e7a0f4e1b507030d5ef4ecaf17e422c8b2969bd6b23e62818e6,18,THUCYDIDES,1a32cf6857284fff7c7f006f8d0cd4ab15a047af7a4bcd5613d1fd50789dd4ee,1,1,5,5
C0,ud23,HERODOTUS,89f0804afded8e7a0f4e1b507030d5ef4ecaf17e422c8b2969bd6b23e62818e6,19,ATHENAEUS,4352f04fcfd7cbe580caddf69f309034ffb967d5d1bc8a8e809498de5bf8d329,1,1,2,2
C0,ud23,HERODOTUS,89f0804afded8e7a0f4e1b507030d5ef4ecaf17e422c8b2969bd6b23e62818e6,19,DIODORUS,d91dad02f8da03cf6702fa7edec531da5e56f526f466e2f04180f2a23a1cf315,1,1,5,5
C0,ud23,HERODOTUS,89f0804afded8e7a0f4e1b507030d5ef4ecaf17e422c8b2969bd6b23e62818e6,19,HESIODIC_TRADITION,c4c0c7eaeca0d61d2e53f4f0642bfa382e91dd28b470d2f4da2ba8539fe0e7f7,1,1,6,6
C0,ud23,HERODOTUS,89f0804afded8e7a0f4e1b507030d5ef4ecaf17e422c8b2969bd6b23e62818e6,19,HOMERIC_TRADITION,209ee9f27c82f31d31eb16124569039d7847ed327f3a0f2b5c4eae048347e621,1,1,16,8
C0,ud23,HERODOTUS,89f0804afded8e7a0f4e1b507030d5ef4ecaf17e422c8b2969bd6b23e62818e6,19,PLUTARCH,ef8134329970f595ef9ccf4198217affef5c01fa243d5bf4e59ee6daebb04e1d,0,0,0,0
C0,ud23,HERODOTUS,89f0804afded8e7a0f4e1b507030d5ef4ecaf17e422c8b2969bd6b23e62818e6,19,THUCYDIDES,1a32cf6857284fff7c7f006f8d0cd4ab15a047af7a4bcd5613d1fd50789dd4ee,1,1,2,2
C0,ud23,HESIODIC_TRADITION,c4c0c7eaeca0d61d2e53f4f0642bfa382e91dd28b470d2f4da2ba8539fe0e7f7,0,ATHENAEUS,4352f04fcfd7cbe580caddf69f309034ffb967d5d1bc8a8e809498de5bf8d329,1,1,3,3
C0,ud23,HESIODIC_TRADITION,c4c0c7eaeca0d61d2e53f4f0642bfa382e91dd28b470d2f4da2ba8539fe0e7f7,0,DIODORUS,d91dad02f8da03cf6702fa7edec531da5e56f526f466e2f04180f2a23a1cf315,1,1,5,5
C0,ud23,HESIODIC_TRADITION,c4c0c7eaeca0d61d2e53f4f0642bfa382e91dd28b470d2f4da2ba8539fe0e7f7,0,HERODOTUS,89f0804afded8e7a0f4e1b507030d5ef4ecaf17e422c8b2969bd6b23e62818e6,1,1,11,8
C0,ud23,HESIODIC_TRADITION,c4c0c7eaeca0d61d2e53f4f0642bfa382e91dd28b470d2f4da2ba8539fe0e7f7,0,HOMERIC_TRADITION,209ee9f27c82f31d31eb16124569039d7847ed327f3a0f2b5c4eae048347e621,1,0,4,0
C0,ud23,HESIODIC_TRADITION,c4c0c7eaeca0d61d2e53f4f0642bfa382e91dd28b470d2f4da2ba8539fe0e7f7,0,PLUTARCH,ef8134329970f595ef9ccf4198217affef5c01fa243d5bf4e59ee6daebb04e1d,0,0,0,0
C0,ud23,HESIODIC_TRADITION,c4c0c7eaeca0d61d2e53f4f0642bfa382e91dd28b470d2f4da2ba8539fe0e7f7,0,THUCYDIDES,1a32cf6857284fff7c7f006f8d0cd4ab15a047af7a4bcd5613d1fd50789dd4ee,1,1,12,8
C0,ud23,HESIODIC_TRADITION,c4c0c7eaeca0d61d2e53f4f0642bfa382e91dd28b470d2f4da2ba8539fe0e7f7,1,ATHENAEUS,4352f04fcfd7cbe580caddf69f309034ffb967d5d1bc8a8e809498de5bf8d329,1,0,22,0
C0,ud23,HESIODIC_TRADITION,c4c0c7eaeca0d61d2e53f4f0642bfa382e91dd28b470d2f4da2ba8539fe0e7f7,1,DIODORUS,d91dad02f8da03cf6702fa7edec531da5e56f526f466e2f04180f2a23a1cf315,1,1,21,8
C0,ud23,HESIODIC_TRADITION,c4c0c7eaeca0d61d2e53f4f0642bfa382e91dd28b470d2f4da2ba8539fe0e7f7,1,HERODOTUS,89f0804afded8e7a0f4e1b507030d5ef4ecaf17e422c8b2969bd6b23e62818e6,1,1,7,7
C0,ud23,HESIODIC_TRADITION,c4c0c7eaeca0d61d2e53f4f0642bfa382e91dd28b470d2f4da2ba8539fe0e7f7,1,HOMERIC_TRADITION,209ee9f27c82f31d31eb16124569039d7847ed327f3a0f2b5c4eae048347e621,1,1,6,6
C0,ud23,HESIODIC_TRADITION,c4c0c7eaeca0d61d2e53f4f0642bfa382e91dd28b470d2f4da2ba8539fe0e7f7,1,PLUTARCH,ef8134329970f595ef9ccf4198217affef5c01fa243d5bf4e59ee6daebb04e1d,0,0,0,0
C0,ud23,HESIODIC_TRADITION,c4c0c7eaeca0d61d2e53f4f0642bfa382e91dd28b470d2f4da2ba8539fe0e7f7,1,THUCYDIDES,1a32cf6857284fff7c7f006f8d0cd4ab15a047af7a4bcd5613d1fd50789dd4ee,1,1,26,8
C0,ud23,HESIODIC_TRADITION,c4c0c7eaeca0d61d2e53f4f0642bfa382e91dd28b470d2f4da2ba8539fe0e7f7,2,ATHENAEUS,4352f04fcfd7cbe580caddf69f309034ffb967d5d1bc8a8e809498de5bf8d329,1,1,2,2
C0,ud23,HESIODIC_TRADITION,c4c0c7eaeca0d61d2e53f4f0642bfa382e91dd28b470d2f4da2ba8539fe0e7f7,2,DIODORUS,d91dad02f8da03cf6702fa7edec531da5e56f526f466e2f04180f2a23a1cf315,1,1,22,8
C0,ud23,HESIODIC_TRADITION,c4c0c7eaeca0d61d2e53f4f0642bfa382e91dd28b470d2f4da2ba8539fe0e7f7,2,HERODOTUS,89f0804afded8e7a0f4e1b507030d5ef4ecaf17e422c8b2969bd6b23e62818e6,1,1,1,1
C0,ud23,HESIODIC_TRADITION,c4c0c7eaeca0d61d2e53f4f0642bfa382e91dd28b470d2f4da2ba8539fe0e7f7,2,HOMERIC_TRADITION,209ee9f27c82f31d31eb16124569039d7847ed327f3a0f2b5c4eae048347e621,1,1,8,8
C0,ud23,HESIODIC_TRADITION,c4c0c7eaeca0d61d2e53f4f0642bfa382e91dd28b470d2f4da2ba8539fe0e7f7,2,PLUTARCH,ef8134329970f595ef9ccf4198217affef5c01fa243d5bf4e59ee6daebb04e1d,0,0,0,0
C0,ud23,HESIODIC_TRADITION,c4c0c7eaeca0d61d2e53f4f0642bfa382e91dd28b470d2f4da2ba8539fe0e7f7,2,THUCYDIDES,1a32cf6857284fff7c7f006f8d0cd4ab15a047af7a4bcd5613d1fd50789dd4ee,1,0,38,0
C0,ud23,HESIODIC_TRADITION,c4c0c7eaeca0d61d2e53f4f0642bfa382e91dd28b470d2f4da2ba8539fe0e7f7,3,ATHENAEUS,4352f04fcfd7cbe580caddf69f309034ffb967d5d1bc8a8e809498de5bf8d329,1,1,3,3
C0,ud23,HESIODIC_TRADITION,c4c0c7eaeca0d61d2e53f4f0642bfa382e91dd28b470d2f4da2ba8539fe0e7f7,3,DIODORUS,d91dad02f8da03cf6702fa7edec531da5e56f526f466e2f04180f2a23a1cf315,1,1,27,8
C0,ud23,HESIODIC_TRADITION,c4c0c7eaeca0d61d2e53f4f0642bfa382e91dd28b470d2f4da2ba8539fe0e7f7,3,HERODOTUS,89f0804afded8e7a0f4e1b507030d5ef4ecaf17e422c8b2969bd6b23e62818e6,1,0,19,0
C0,ud23,HESIODIC_TRADITION,c4c0c7eaeca0d61d2e53f4f0642bfa382e91dd28b470d2f4da2ba8539fe0e7f7,3,HOMERIC_TRADITION,209ee9f27c82f31d31eb16124569039d7847ed327f3a0f2b5c4eae048347e621,0,0,0,0
C0,ud23,HESIODIC_TRADITION,c4c0c7eaeca0d61d2e53f4f0642bfa382e91dd28b470d2f4da2ba8539fe0e7f7,3,PLUTARCH,ef8134329970f595ef9ccf4198217affef5c01fa243d5bf4e59ee6daebb04e1d,0,0,0,0
C0,ud23,HESIODIC_TRADITION,c4c0c7eaeca0d61d2e53f4f0642bfa382e91dd28b470d2f4da2ba8539fe0e7f7,3,THUCYDIDES,1a32cf6857284fff7c7f006f8d0cd4ab15a047af7a4bcd5613d1fd50789dd4ee,1,1,24,8
C0,ud23,HESIODIC_TRADITION,c4c0c7eaeca0d61d2e53f4f0642bfa382e91dd28b470d2f4da2ba8539fe0e7f7,4,ATHENAEUS,4352f04fcfd7cbe580caddf69f309034ffb967d5d1bc8a8e809498de5bf8d329,1,1,12,8
C0,ud23,HESIODIC_TRADITION,c4c0c7eaeca0d61d2e53f4f0642bfa382e91dd28b470d2f4da2ba8539fe0e7f7,4,DIODORUS,d91dad02f8da03cf6702fa7edec531da5e56f526f466e2f04180f2a23a1cf315,1,1,5,5
C0,ud23,HESIODIC_TRADITION,c4c0c7eaeca0d61d2e53f4f0642bfa382e91dd28b470d2f4da2ba8539fe0e7f7,4,HERODOTUS,89f0804afded8e7a0f4e1b507030d5ef4ecaf17e422c8b2969bd6b23e62818e6,1,0,14,0
C0,ud23,HESIODIC_TRADITION,c4c0c7eaeca0d61d2e53f4f0642bfa382e91dd28b470d2f4da2ba8539fe0e7f7,4,HOMERIC_TRADITION,209ee9f27c82f31d31eb16124569039d7847ed327f3a0f2b5c4eae048347e621,1,1,5,5
C0,ud23,HESIODIC_TRADITION,c4c0c7eaeca0d61d2e53f4f0642bfa382e91dd28b470d2f4da2ba8539fe0e7f7,4,PLUTARCH,ef8134329970f595ef9ccf4198217affef5c01fa243d5bf4e59ee6daebb04e1d,0,0,0,0
C0,ud23,HESIODIC_TRADITION,c4c0c7eaeca0d61d2e53f4f0642bfa382e91dd28b470d2f4da2ba8539fe0e7f7,4,THUCYDIDES,1a32cf6857284fff7c7f006f8d0cd4ab15a047af7a4bcd5613d1fd50789dd4ee,1,0,4,0
C0,ud23,HESIODIC_TRADITION,c4c0c7eaeca0d61d2e53f4f0642bfa382e91dd28b470d2f4da2ba8539fe0e7f7,5,ATHENAEUS,4352f04fcfd7cbe580caddf69f309034ffb967d5d1bc8a8e809498de5bf8d329,1,1,32,8
C0,ud23,HESIODIC_TRADITION,c4c0c7eaeca0d61d2e53f4f0642bfa382e91dd28b470d2f4da2ba8539fe0e7f7,5,DIODORUS,d91dad02f8da03cf6702fa7edec531da5e56f526f466e2f04180f2a23a1cf315,1,1,21,8
C0,ud23,HESIODIC_TRADITION,c4c0c7eaeca0d61d2e53f4f0642bfa382e91dd28b470d2f4da2ba8539fe0e7f7,5,HERODOTUS,89f0804afded8e7a0f4e1b507030d5ef4ecaf17e422c8b2969bd6b23e62818e6,1,1,6,6
C0,ud23,HESIODIC_TRADITION,c4c0c7eaeca0d61d2e53f4f0642bfa382e91dd28b470d2f4da2ba8539fe0e7f7,5,HOMERIC_TRADITION,209ee9f27c82f31d31eb16124569039d7847ed327f3a0f2b5c4eae048347e621,0,0,0,0
C0,ud23,HESIODIC_TRADITION,c4c0c7eaeca0d61d2e53f4f0642bfa382e91dd28b470d2f4da2ba8539fe0e7f7,5,PLUTARCH,ef8134329970f595ef9ccf4198217affef5c01fa243d5bf4e59ee6daebb04e1d,0,0,0,0
C0,ud23,HESIODIC_TRADITION,c4c0c7eaeca0d61d2e53f4f0642bfa382e91dd28b470d2f4da2ba8539fe0e7f7,5,THUCYDIDES,1a32cf6857284fff7c7f006f8d0cd4ab15a047af7a4bcd5613d1fd50789dd4ee,1,1,9,8
C0,ud23,HESIODIC_TRADITION,c4c0c7eaeca0d61d2e53f4f0642bfa382e91dd28b470d2f4da2ba8539fe0e7f7,6,ATHENAEUS,4352f04fcfd7cbe580caddf69f309034ffb967d5d1bc8a8e809498de5bf8d329,1,1,5,5
C0,ud23,HESIODIC_TRADITION,c4c0c7eaeca0d61d2e53f4f0642bfa382e91dd28b470d2f4da2ba8539fe0e7f7,6,DIODORUS,d91dad02f8da03cf6702fa7edec531da5e56f526f466e2f04180f2a23a1cf315,1,1,22,8
C0,ud23,HESIODIC_TRADITION,c4c0c7eaeca0d61d2e53f4f0642bfa382e91dd28b470d2f4da2ba8539fe0e7f7,6,HERODOTUS,89f0804afded8e7a0f4e1b507030d5ef4ecaf17e422c8b2969bd6b23e62818e6,1,1,21,8
C0,ud23,HESIODIC_TRADITION,c4c0c7eaeca0d61d2e53f4f0642bfa382e91dd28b470d2f4da2ba8539fe0e7f7,6,HOMERIC_TRADITION,209ee9f27c82f31d31eb16124569039d7847ed327f3a0f2b5c4eae048347e621,1,1,2,2
C0,ud23,HESIODIC_TRADITION,c4c0c7eaeca0d61d2e53f4f0642bfa382e91dd28b470d2f4da2ba8539fe0e7f7,6,PLUTARCH,ef8134329970f595ef9ccf4198217affef5c01fa243d5bf4e59ee6daebb04e1d,0,0,0,0
C0,ud23,HESIODIC_TRADITION,c4c0c7eaeca0d61d2e53f4f0642bfa382e91dd28b470d2f4da2ba8539fe0e7f7,6,THUCYDIDES,1a32cf6857284fff7c7f006f8d0cd4ab15a047af7a4bcd5613d1fd50789dd4ee,1,0,6,0
C0,ud23,HESIODIC_TRADITION,c4c0c7eaeca0d61d2e53f4f0642bfa382e91dd28b470d2f4da2ba8539fe0e7f7,7,ATHENAEUS,4352f04fcfd7cbe580caddf69f309034ffb967d5d1bc8a8e809498de5bf8d329,1,1,15,8
C0,ud23,HESIODIC_TRADITION,c4c0c7eaeca0d61d2e53f4f0642bfa382e91dd28b470d2f4da2ba8539fe0e7f7,7,DIODORUS,d91dad02f8da03cf6702fa7edec531da5e56f526f466e2f04180f2a23a1cf315,1,1,6,6
C0,ud23,HESIODIC_TRADITION,c4c0c7eaeca0d61d2e53f4f0642bfa382e91dd28b470d2f4da2ba8539fe0e7f7,7,HERODOTUS,89f0804afded8e7a0f4e1b507030d5ef4ecaf17e422c8b2969bd6b23e62818e6,0,0,0,0
C0,ud23,HESIODIC_TRADITION,c4c0c7eaeca0d61d2e53f4f0642bfa382e91dd28b470d2f4da2ba8539fe0e7f7,7,HOMERIC_TRADITION,209ee9f27c82f31d31eb16124569039d7847ed327f3a0f2b5c4eae048347e621,1,1,2,2
C0,ud23,HESIODIC_TRADITION,c4c0c7eaeca0d61d2e53f4f0642bfa382e91dd28b470d2f4da2ba8539fe0e7f7,7,PLUTARCH,ef8134329970f595ef9ccf4198217affef5c01fa243d5bf4e59ee6daebb04e1d,0,0,0,0
C0,ud23,HESIODIC_TRADITION,c4c0c7eaeca0d61d2e53f4f0642bfa382e91dd28b470d2f4da2ba8539fe0e7f7,7,THUCYDIDES,1a32cf6857284fff7c7f006f8d0cd4ab15a047af7a4bcd5613d1fd50789dd4ee,1,1,18,8
C0,ud23,HESIODIC_TRADITION,c4c0c7eaeca0d61d2e53f4f0642bfa382e91dd28b470d2f4da2ba8539fe0e7f7,8,ATHENAEUS,4352f04fcfd7cbe580caddf69f309034ffb967d5d1bc8a8e809498de5bf8d329,1,1,6,6
C0,ud23,HESIODIC_TRADITION,c4c0c7eaeca0d61d2e53f4f0642bfa382e91dd28b470d2f4da2ba8539fe0e7f7,8,DIODORUS,d91dad02f8da03cf6702fa7edec531da5e56f526f466e2f04180f2a23a1cf315,1,1,1,1
C0,ud23,HESIODIC_TRADITION,c4c0c7eaeca0d61d2e53f4f0642bfa382e91dd28b470d2f4da2ba8539fe0e7f7,8,HERODOTUS,89f0804afded8e7a0f4e1b507030d5ef4ecaf17e422c8b2969bd6b23e62818e6,1,1,2,2
C0,ud23,HESIODIC_TRADITION,c4c0c7eaeca0d61d2e53f4f0642bfa382e91dd28b470d2f4da2ba8539fe0e7f7,8,HOMERIC_TRADITION,209ee9f27c82f31d31eb16124569039d7847ed327f3a0f2b5c4eae048347e621,1,1,2,2
C0,ud23,HESIODIC_TRADITION,c4c0c7eaeca0d61d2e53f4f0642bfa382e91dd28b470d2f4da2ba8539fe0e7f7,8,PLUTARCH,ef8134329970f595ef9ccf4198217affef5c01fa243d5bf4e59ee6daebb04e1d,0,0,0,0
C0,ud23,HESIODIC_TRADITION,c4c0c7eaeca0d61d2e53f4f0642bfa382e91dd28b470d2f4da2ba8539fe0e7f7,8,THUCYDIDES,1a32cf6857284fff7c7f006f8d0cd4ab15a047af7a4bcd5613d1fd50789dd4ee,1,1,18,8
C0,ud23,HESIODIC_TRADITION,c4c0c7eaeca0d61d2e53f4f0642bfa382e91dd28b470d2f4da2ba8539fe0e7f7,9,ATHENAEUS,4352f04fcfd7cbe580caddf69f309034ffb967d5d1bc8a8e809498de5bf8d329,1,1,3,3
C0,ud23,HESIODIC_TRADITION,c4c0c7eaeca0d61d2e53f4f0642bfa382e91dd28b470d2f4da2ba8539fe0e7f7,9,DIODORUS,d91dad02f8da03cf6702fa7edec531da5e56f526f466e2f04180f2a23a1cf315,1,1,1,1
C0,ud23,HESIODIC_TRADITION,c4c0c7eaeca0d61d2e53f4f0642bfa382e91dd28b470d2f4da2ba8539fe0e7f7,9,HERODOTUS,89f0804afded8e7a0f4e1b507030d5ef4ecaf17e422c8b2969bd6b23e62818e6,1,1,18,8
C0,ud23,HESIODIC_TRADITION,c4c0c7eaeca0d61d2e53f4f0642bfa382e91dd28b470d2f4da2ba8539fe0e7f7,9,HOMERIC_TRADITION,209ee9f27c82f31d31eb16124569039d7847ed327f3a0f2b5c4eae048347e621,1,1,19,8
C0,ud23,HESIODIC_TRADITION,c4c0c7eaeca0d61d2e53f4f0642bfa382e91dd28b470d2f4da2ba8539fe0e7f7,9,PLUTARCH,ef8134329970f595ef9ccf4198217affef5c01fa243d5bf4e59ee6daebb04e1d,0,0,0,0
C0,ud23,HESIODIC_TRADITION,c4c0c7eaeca0d61d2e53f4f0642bfa382e91dd28b470d2f4da2ba8539fe0e7f7,9,THUCYDIDES,1a32cf6857284fff7c7f006f8d0cd4ab15a047af7a4bcd5613d1fd50789dd4ee,1,1,7,7
C0,ud23,HESIODIC_TRADITION,c4c0c7eaeca0d61d2e53f4f0642bfa382e91dd28b470d2f4da2ba8539fe0e7f7,10,ATHENAEUS,4352f04fcfd7cbe580caddf69f309034ffb967d5d1bc8a8e809498de5bf8d329,1,0,12,0
C0,ud23,HESIODIC_TRADITION,c4c0c7eaeca0d61d2e53f4f0642bfa382e91dd28b470d2f4da2ba8539fe0e7f7,10,DIODORUS,d91dad02f8da03cf6702fa7edec531da5e56f526f466e2f04180f2a23a1cf315,1,1,7,7
C0,ud23,HESIODIC_TRADITION,c4c0c7eaeca0d61d2e53f4f0642bfa382e91dd28b470d2f4da2ba8539fe0e7f7,10,HERODOTUS,89f0804afded8e7a0f4e1b507030d5ef4ecaf17e422c8b2969bd6b23e62818e6,1,1,14,8
C0,ud23,HESIODIC_TRADITION,c4c0c7eaeca0d61d2e53f4f0642bfa382e91dd28b470d2f4da2ba8539fe0e7f7,10,HOMERIC_TRADITION,209ee9f27c82f31d31eb16124569039d7847ed327f3a0f2b5c4eae048347e621,1,1,5,5
C0,ud23,HESIODIC_TRADITION,c4c0c7eaeca0d61d2e53f4f0642bfa382e91dd28b470d2f4da2ba8539fe0e7f7,10,PLUTARCH,ef8134329970f595ef9ccf4198217affef5c01fa243d5bf4e59ee6daebb04e1d,0,0,0,0
C0,ud23,HESIODIC_TRADITION,c4c0c7eaeca0d61d2e53f4f0642bfa382e91dd28b470d2f4da2ba8539fe0e7f7,10,THUCYDIDES,1a32cf6857284fff7c7f006f8d0cd4ab15a047af7a4bcd5613d1fd50789dd4ee,1,1,16,8
C0,ud23,HESIODIC_TRADITION,c4c0c7eaeca0d61d2e53f4f0642bfa382e91dd28b470d2f4da2ba8539fe0e7f7,11,ATHENAEUS,4352f04fcfd7cbe580caddf69f309034ffb967d5d1bc8a8e809498de5bf8d329,1,1,6,6
C0,ud23,HESIODIC_TRADITION,c4c0c7eaeca0d61d2e53f4f0642bfa382e91dd28b470d2f4da2ba8539fe0e7f7,11,DIODORUS,d91dad02f8da03cf6702fa7edec531da5e56f526f466e2f04180f2a23a1cf315,1,1,7,7
C0,ud23,HESIODIC_TRADITION,c4c0c7eaeca0d61d2e53f4f0642bfa382e91dd28b470d2f4da2ba8539fe0e7f7,11,HERODOTUS,89f0804afded8e7a0f4e1b507030d5ef4ecaf17e422c8b2969bd6b23e62818e6,1,1,9,8
C0,ud23,HESIODIC_TRADITION,c4c0c7eaeca0d61d2e53f4f0642bfa382e91dd28b470d2f4da2ba8539fe0e7f7,11,HOMERIC_TRADITION,209ee9f27c82f31d31eb16124569039d7847ed327f3a0f2b5c4eae048347e621,1,1,7,7
C0,ud23,HESIODIC_TRADITION,c4c0c7eaeca0d61d2e53f4f0642bfa382e91dd28b470d2f4da2ba8539fe0e7f7,11,PLUTARCH,ef8134329970f595ef9ccf4198217affef5c01fa243d5bf4e59ee6daebb04e1d,0,0,0,0
C0,ud23,HESIODIC_TRADITION,c4c0c7eaeca0d61d2e53f4f0642bfa382e91dd28b470d2f4da2ba8539fe0e7f7,11,THUCYDIDES,1a32cf6857284fff7c7f006f8d0cd4ab15a047af7a4bcd5613d1fd50789dd4ee,1,1,8,8
C0,ud23,HESIODIC_TRADITION,c4c0c7eaeca0d61d2e53f4f0642bfa382e91dd28b470d2f4da2ba8539fe0e7f7,12,ATHENAEUS,4352f04fcfd7cbe580caddf69f309034ffb967d5d1bc8a8e809498de5bf8d329,1,1,1,1
C0,ud23,HESIODIC_TRADITION,c4c0c7eaeca0d61d2e53f4f0642bfa382e91dd28b470d2f4da2ba8539fe0e7f7,12,DIODORUS,d91dad02f8da03cf6702fa7edec531da5e56f526f466e2f04180f2a23a1cf315,1,1,1,1
C0,ud23,HESIODIC_TRADITION,c4c0c7eaeca0d61d2e53f4f0642bfa382e91dd28b470d2f4da2ba8539fe0e7f7,12,HERODOTUS,89f0804afded8e7a0f4e1b507030d5ef4ecaf17e422c8b2969bd6b23e62818e6,1,1,4,4
C0,ud23,HESIODIC_TRADITION,c4c0c7eaeca0d61d2e53f4f0642bfa382e91dd28b470d2f4da2ba8539fe0e7f7,12,HOMERIC_TRADITION,209ee9f27c82f31d31eb16124569039d7847ed327f3a0f2b5c4eae048347e621,1,1,4,4
C0,ud23,HESIODIC_TRADITION,c4c0c7eaeca0d61d2e53f4f0642bfa382e91dd28b470d2f4da2ba8539fe0e7f7,12,PLUTARCH,ef8134329970f595ef9ccf4198217affef5c01fa243d5bf4e59ee6daebb04e1d,0,0,0,0
C0,ud23,HESIODIC_TRADITION,c4c0c7eaeca0d61d2e53f4f0642bfa382e91dd28b470d2f4da2ba8539fe0e7f7,12,THUCYDIDES,1a32cf6857284fff7c7f006f8d0cd4ab15a047af7a4bcd5613d1fd50789dd4ee,1,1,18,8
C0,ud23,HESIODIC_TRADITION,c4c0c7eaeca0d61d2e53f4f0642bfa382e91dd28b470d2f4da2ba8539fe0e7f7,13,ATHENAEUS,4352f04fcfd7cbe580caddf69f309034ffb967d5d1bc8a8e809498de5bf8d329,1,1,8,8
C0,ud23,HESIODIC_TRADITION,c4c0c7eaeca0d61d2e53f4f0642bfa382e91dd28b470d2f4da2ba8539fe0e7f7,13,DIODORUS,d91dad02f8da03cf6702fa7edec531da5e56f526f466e2f04180f2a23a1cf315,1,1,15,8
C0,ud23,HESIODIC_TRADITION,c4c0c7eaeca0d61d2e53f4f0642bfa382e91dd28b470d2f4da2ba8539fe0e7f7,13,HERODOTUS,89f0804afded8e7a0f4e1b507030d5ef4ecaf17e422c8b2969bd6b23e62818e6,1,1,14,8
C0,ud23,HESIODIC_TRADITION,c4c0c7eaeca0d61d2e53f4f0642bfa382e91dd28b470d2f4da2ba8539fe0e7f7,13,HOMERIC_TRADITION,209ee9f27c82f31d31eb16124569039d7847ed327f3a0f2b5c4eae048347e621,0,0,0,0
C0,ud23,HESIODIC_TRADITION,c4c0c7eaeca0d61d2e53f4f0642bfa382e91dd28b470d2f4da2ba8539fe0e7f7,13,PLUTARCH,ef8134329970f595ef9ccf4198217affef5c01fa243d5bf4e59ee6daebb04e1d,0,0,0,0
C0,ud23,HESIODIC_TRADITION,c4c0c7eaeca0d61d2e53f4f0642bfa382e91dd28b470d2f4da2ba8539fe0e7f7,13,THUCYDIDES,1a32cf6857284fff7c7f006f8d0cd4ab15a047af7a4bcd5613d1fd50789dd4ee,1,0,23,0
C0,ud23,HESIODIC_TRADITION,c4c0c7eaeca0d61d2e53f4f0642bfa382e91dd28b470d2f4da2ba8539fe0e7f7,14,ATHENAEUS,4352f04fcfd7cbe580caddf69f309034ffb967d5d1bc8a8e809498de5bf8d329,1,1,8,8
C0,ud23,HESIODIC_TRADITION,c4c0c7eaeca0d61d2e53f4f0642bfa382e91dd28b470d2f4da2ba8539fe0e7f7,14,DIODORUS,d91dad02f8da03cf6702fa7edec531da5e56f526f466e2f04180f2a23a1cf315,1,1,23,8
C0,ud23,HESIODIC_TRADITION,c4c0c7eaeca0d61d2e53f4f0642bfa382e91dd28b470d2f4da2ba8539fe0e7f7,14,HERODOTUS,89f0804afded8e7a0f4e1b507030d5ef4ecaf17e422c8b2969bd6b23e62818e6,1,0,11,0
C0,ud23,HESIODIC_TRADITION,c4c0c7eaeca0d61d2e53f4f0642bfa382e91dd28b470d2f4da2ba8539fe0e7f7,14,HOMERIC_TRADITION,209ee9f27c82f31d31eb16124569039d7847ed327f3a0f2b5c4eae048347e621,1,1,10,8
C0,ud23,HESIODIC_TRADITION,c4c0c7eaeca0d61d2e53f4f0642bfa382e91dd28b470d2f4da2ba8539fe0e7f7,14,PLUTARCH,ef8134329970f595ef9ccf4198217affef5c01fa243d5bf4e59ee6daebb04e1d,0,0,0,0
C0,ud23,HESIODIC_TRADITION,c4c0c7eaeca0d61d2e53f4f0642bfa382e91dd28b470d2f4da2ba8539fe0e7f7,14,THUCYDIDES,1a32cf6857284fff7c7f006f8d0cd4ab15a047af7a4bcd5613d1fd50789dd4ee,1,0,16,0
C0,ud23,HESIODIC_TRADITION,c4c0c7eaeca0d61d2e53f4f0642bfa382e91dd28b470d2f4da2ba8539fe0e7f7,15,ATHENAEUS,4352f04fcfd7cbe580caddf69f309034ffb967d5d1bc8a8e809498de5bf8d329,1,0,14,0
C0,ud23,HESIODIC_TRADITION,c4c0c7eaeca0d61d2e53f4f0642bfa382e91dd28b470d2f4da2ba8539fe0e7f7,15,DIODORUS,d91dad02f8da03cf6702fa7edec531da5e56f526f466e2f04180f2a23a1cf315,1,1,28,8
C0,ud23,HESIODIC_TRADITION,c4c0c7eaeca0d61d2e53f4f0642bfa382e91dd28b470d2f4da2ba8539fe0e7f7,15,HERODOTUS,89f0804afded8e7a0f4e1b507030d5ef4ecaf17e422c8b2969bd6b23e62818e6,1,1,22,8
C0,ud23,HESIODIC_TRADITION,c4c0c7eaeca0d61d2e53f4f0642bfa382e91dd28b470d2f4da2ba8539fe0e7f7,15,HOMERIC_TRADITION,209ee9f27c82f31d31eb16124569039d7847ed327f3a0f2b5c4eae048347e621,0,0,0,0
C0,ud23,HESIODIC_TRADITION,c4c0c7eaeca0d61d2e53f4f0642bfa382e91dd28b470d2f4da2ba8539fe0e7f7,15,PLUTARCH,ef8134329970f595ef9ccf4198217affef5c01fa243d5bf4e59ee6daebb04e1d,0,0,0,0
C0,ud23,HESIODIC_TRADITION,c4c0c7eaeca0d61d2e53f4f0642bfa382e91dd28b470d2f4da2ba8539fe0e7f7,15,THUCYDIDES,1a32cf6857284fff7c7f006f8d0cd4ab15a047af7a4bcd5613d1fd50789dd4ee,0,0,0,0
C0,ud23,HESIODIC_TRADITION,c4c0c7eaeca0d61d2e53f4f0642bfa382e91dd28b470d2f4da2ba8539fe0e7f7,16,ATHENAEUS,4352f04fcfd7cbe580caddf69f309034ffb967d5d1bc8a8e809498de5bf8d329,0,0,0,0
C0,ud23,HESIODIC_TRADITION,c4c0c7eaeca0d61d2e53f4f0642bfa382e91dd28b470d2f4da2ba8539fe0e7f7,16,DIODORUS,d91dad02f8da03cf6702fa7edec531da5e56f526f466e2f04180f2a23a1cf315,1,1,7,7
C0,ud23,HESIODIC_TRADITION,c4c0c7eaeca0d61d2e53f4f0642bfa382e91dd28b470d2f4da2ba8539fe0e7f7,16,HERODOTUS,89f0804afded8e7a0f4e1b507030d5ef4ecaf17e422c8b2969bd6b23e62818e6,1,1,11,8
C0,ud23,HESIODIC_TRADITION,c4c0c7eaeca0d61d2e53f4f0642bfa382e91dd28b470d2f4da2ba8539fe0e7f7,16,HOMERIC_TRADITION,209ee9f27c82f31d31eb16124569039d7847ed327f3a0f2b5c4eae048347e621,1,1,1,1
C0,ud23,HESIODIC_TRADITION,c4c0c7eaeca0d61d2e53f4f0642bfa382e91dd28b470d2f4da2ba8539fe0e7f7,16,PLUTARCH,ef8134329970f595ef9ccf4198217affef5c01fa243d5bf4e59ee6daebb04e1d,0,0,0,0
C0,ud23,HESIODIC_TRADITION,c4c0c7eaeca0d61d2e53f4f0642bfa382e91dd28b470d2f4da2ba8539fe0e7f7,16,THUCYDIDES,1a32cf6857284fff7c7f006f8d0cd4ab15a047af7a4bcd5613d1fd50789dd4ee,1,1,6,6
C0,ud23,HESIODIC_TRADITION,c4c0c7eaeca0d61d2e53f4f0642bfa382e91dd28b470d2f4da2ba8539fe0e7f7,17,ATHENAEUS,4352f04fcfd7cbe580caddf69f309034ffb967d5d1bc8a8e809498de5bf8d329,1,1,7,7
C0,ud23,HESIODIC_TRADITION,c4c0c7eaeca0d61d2e53f4f0642bfa382e91dd28b470d2f4da2ba8539fe0e7f7,17,DIODORUS,d91dad02f8da03cf6702fa7edec531da5e56f526f466e2f04180f2a23a1cf315,1,1,24,8
C0,ud23,HESIODIC_TRADITION,c4c0c7eaeca0d61d2e53f4f0642bfa382e91dd28b470d2f4da2ba8539fe0e7f7,17,HERODOTUS,89f0804afded8e7a0f4e1b507030d5ef4ecaf17e422c8b2969bd6b23e62818e6,0,0,0,0
C0,ud23,HESIODIC_TRADITION,c4c0c7eaeca0d61d2e53f4f0642bfa382e91dd28b470d2f4da2ba8539fe0e7f7,17,HOMERIC_TRADITION,209ee9f27c82f31d31eb16124569039d7847ed327f3a0f2b5c4eae048347e621,1,1,2,2
C0,ud23,HESIODIC_TRADITION,c4c0c7eaeca0d61d2e53f4f0642bfa382e91dd28b470d2f4da2ba8539fe0e7f7,17,PLUTARCH,ef8134329970f595ef9ccf4198217affef5c01fa243d5bf4e59ee6daebb04e1d,0,0,0,0
C0,ud23,HESIODIC_TRADITION,c4c0c7eaeca0d61d2e53f4f0642bfa382e91dd28b470d2f4da2ba8539fe0e7f7,17,THUCYDIDES,1a32cf6857284fff7c7f006f8d0cd4ab15a047af7a4bcd5613d1fd50789dd4ee,1,1,25,8
C0,ud23,HESIODIC_TRADITION,c4c0c7eaeca0d61d2e53f4f0642bfa382e91dd28b470d2f4da2ba8539fe0e7f7,18,ATHENAEUS,4352f04fcfd7cbe580caddf69f309034ffb967d5d1bc8a8e809498de5bf8d329,1,1,18,8
C0,ud23,HESIODIC_TRADITION,c4c0c7eaeca0d61d2e53f4f0642bfa382e91dd28b470d2f4da2ba8539fe0e7f7,18,DIODORUS,d91dad02f8da03cf6702fa7edec531da5e56f526f466e2f04180f2a23a1cf315,1,1,23,8
C0,ud23,HESIODIC_TRADITION,c4c0c7eaeca0d61d2e53f4f0642bfa382e91dd28b470d2f4da2ba8539fe0e7f7,18,HERODOTUS,89f0804afded8e7a0f4e1b507030d5ef4ecaf17e422c8b2969bd6b23e62818e6,1,1,2,2
C0,ud23,HESIODIC_TRADITION,c4c0c7eaeca0d61d2e53f4f0642bfa382e91dd28b470d2f4da2ba8539fe0e7f7,18,HOMERIC_TRADITION,209ee9f27c82f31d31eb16124569039d7847ed327f3a0f2b5c4eae048347e621,0,0,0,0
C0,ud23,HESIODIC_TRADITION,c4c0c7eaeca0d61d2e53f4f0642bfa382e91dd28b470d2f4da2ba8539fe0e7f7,18,PLUTARCH,ef8134329970f595ef9ccf4198217affef5c01fa243d5bf4e59ee6daebb04e1d,0,0,0,0
C0,ud23,HESIODIC_TRADITION,c4c0c7eaeca0d61d2e53f4f0642bfa382e91dd28b470d2f4da2ba8539fe0e7f7,18,THUCYDIDES,1a32cf6857284fff7c7f006f8d0cd4ab15a047af7a4bcd5613d1fd50789dd4ee,1,1,8,8
C0,ud23,HESIODIC_TRADITION,c4c0c7eaeca0d61d2e53f4f0642bfa382e91dd28b470d2f4da2ba8539fe0e7f7,19,ATHENAEUS,4352f04fcfd7cbe580caddf69f309034ffb967d5d1bc8a8e809498de5bf8d329,1,0,7,0
C0,ud23,HESIODIC_TRADITION,c4c0c7eaeca0d61d2e53f4f0642bfa382e91dd28b470d2f4da2ba8539fe0e7f7,19,DIODORUS,d91dad02f8da03cf6702fa7edec531da5e56f526f466e2f04180f2a23a1cf315,0,0,0,0
C0,ud23,HESIODIC_TRADITION,c4c0c7eaeca0d61d2e53f4f0642bfa382e91dd28b470d2f4da2ba8539fe0e7f7,19,HERODOTUS,89f0804afded8e7a0f4e1b507030d5ef4ecaf17e422c8b2969bd6b23e62818e6,1,1,12,8
C0,ud23,HESIODIC_TRADITION,c4c0c7eaeca0d61d2e53f4f0642bfa382e91dd28b470d2f4da2ba8539fe0e7f7,19,HOMERIC_TRADITION,209ee9f27c82f31d31eb16124569039d7847ed327f3a0f2b5c4eae048347e621,1,0,4,0
C0,ud23,HESIODIC_TRADITION,c4c0c7eaeca0d61d2e53f4f0642bfa382e91dd28b470d2f4da2ba8539fe0e7f7,19,PLUTARCH,ef8134329970f595ef9ccf4198217affef5c01fa243d5bf4e59ee6daebb04e1d,0,0,0,0
C0,ud23,HESIODIC_TRADITION,c4c0c7eaeca0d61d2e53f4f0642bfa382e91dd28b470d2f4da2ba8539fe0e7f7,19,THUCYDIDES,1a32cf6857284fff7c7f006f8d0cd4ab15a047af7a4bcd5613d1fd50789dd4ee,1,1,6,6
C0,ud23,DIODORUS,d91dad02f8da03cf6702fa7edec531da5e56f526f466e2f04180f2a23a1cf315,0,ATHENAEUS,4352f04fcfd7cbe580caddf69f309034ffb967d5d1bc8a8e809498de5bf8d329,1,0,1,0
C0,ud23,DIODORUS,d91dad02f8da03cf6702fa7edec531da5e56f526f466e2f04180f2a23a1cf315,0,HERODOTUS,89f0804afded8e7a0f4e1b507030d5ef4ecaf17e422c8b2969bd6b23e62818e6,1,1,22,8
C0,ud23,DIODORUS,d91dad02f8da03cf6702fa7edec531da5e56f526f466e2f04180f2a23a1cf315,0,HESIODIC_TRADITION,c4c0c7eaeca0d61d2e53f4f0642bfa382e91dd28b470d2f4da2ba8539fe0e7f7,1,1,5,5
C0,ud23,DIODORUS,d91dad02f8da03cf6702fa7edec531da5e56f526f466e2f04180f2a23a1cf315,0,HOMERIC_TRADITION,209ee9f27c82f31d31eb16124569039d7847ed327f3a0f2b5c4eae048347e621,0,0,0,0
C0,ud23,DIODORUS,d91dad02f8da03cf6702fa7edec531da5e56f526f466e2f04180f2a23a1cf315,0,PLUTARCH,ef8134329970f595ef9ccf4198217affef5c01fa243d5bf4e59ee6daebb04e1d,0,0,0,0
C0,ud23,DIODORUS,d91dad02f8da03cf6702fa7edec531da5e56f526f466e2f04180f2a23a1cf315,0,THUCYDIDES,1a32cf6857284fff7c7f006f8d0cd4ab15a047af7a4bcd5613d1fd50789dd4ee,1,1,9,8
C0,ud23,DIODORUS,d91dad02f8da03cf6702fa7edec531da5e56f526f466e2f04180f2a23a1cf315,1,ATHENAEUS,4352f04fcfd7cbe580caddf69f309034ffb967d5d1bc8a8e809498de5bf8d329,1,1,11,8
C0,ud23,DIODORUS,d91dad02f8da03cf6702fa7edec531da5e56f526f466e2f04180f2a23a1cf315,1,HERODOTUS,89f0804afded8e7a0f4e1b507030d5ef4ecaf17e422c8b2969bd6b23e62818e6,1,1,13,8
C0,ud23,DIODORUS,d91dad02f8da03cf6702fa7edec531da5e56f526f466e2f04180f2a23a1cf315,1,HESIODIC_TRADITION,c4c0c7eaeca0d61d2e53f4f0642bfa382e91dd28b470d2f4da2ba8539fe0e7f7,1,1,2,2
C0,ud23,DIODORUS,d91dad02f8da03cf6702fa7edec531da5e56f526f466e2f04180f2a23a1cf315,1,HOMERIC_TRADITION,209ee9f27c82f31d31eb16124569039d7847ed327f3a0f2b5c4eae048347e621,1,0,4,0
C0,ud23,DIODORUS,d91dad02f8da03cf6702fa7edec531da5e56f526f466e2f04180f2a23a1cf315,1,PLUTARCH,ef8134329970f595ef9ccf4198217affef5c01fa243d5bf4e59ee6daebb04e1d,0,0,0,0
C0,ud23,DIODORUS,d91dad02f8da03cf6702fa7edec531da5e56f526f466e2f04180f2a23a1cf315,1,THUCYDIDES,1a32cf6857284fff7c7f006f8d0cd4ab15a047af7a4bcd5613d1fd50789dd4ee,1,1,50,8
C0,ud23,DIODORUS,d91dad02f8da03cf6702fa7edec531da5e56f526f466e2f04180f2a23a1cf315,2,ATHENAEUS,4352f04fcfd7cbe580caddf69f309034ffb967d5d1bc8a8e809498de5bf8d329,0,0,0,0
C0,ud23,DIODORUS,d91dad02f8da03cf6702fa7edec531da5e56f526f466e2f04180f2a23a1cf315,2,HERODOTUS,89f0804afded8e7a0f4e1b507030d5ef4ecaf17e422c8b2969bd6b23e62818e6,1,1,13,8
C0,ud23,DIODORUS,d91dad02f8da03cf6702fa7edec531da5e56f526f466e2f04180f2a23a1cf315,2,HESIODIC_TRADITION,c4c0c7eaeca0d61d2e53f4f0642bfa382e91dd28b470d2f4da2ba8539fe0e7f7,1,1,3,3
C0,ud23,DIODORUS,d91dad02f8da03cf6702fa7edec531da5e56f526f466e2f04180f2a23a1cf315,2,HOMERIC_TRADITION,209ee9f27c82f31d31eb16124569039d7847ed327f3a0f2b5c4eae048347e621,1,1,23,8
C0,ud23,DIODORUS,d91dad02f8da03cf6702fa7edec531da5e56f526f466e2f04180f2a23a1cf315,2,PLUTARCH,ef8134329970f595ef9ccf4198217affef5c01fa243d5bf4e59ee6daebb04e1d,0,0,0,0
C0,ud23,DIODORUS,d91dad02f8da03cf6702fa7edec531da5e56f526f466e2f04180f2a23a1cf315,2,THUCYDIDES,1a32cf6857284fff7c7f006f8d0cd4ab15a047af7a4bcd5613d1fd50789dd4ee,1,0,26,0
C0,ud23,DIODORUS,d91dad02f8da03cf6702fa7edec531da5e56f526f466e2f04180f2a23a1cf315,3,ATHENAEUS,4352f04fcfd7cbe580caddf69f309034ffb967d5d1bc8a8e809498de5bf8d329,1,1,25,8
C0,ud23,DIODORUS,d91dad02f8da03cf6702fa7edec531da5e56f526f466e2f04180f2a23a1cf315,3,HERODOTUS,89f0804afded8e7a0f4e1b507030d5ef4ecaf17e422c8b2969bd6b23e62818e6,1,1,3,3
C0,ud23,DIODORUS,d91dad02f8da03cf6702fa7edec531da5e56f526f466e2f04180f2a23a1cf315,3,HESIODIC_TRADITION,c4c0c7eaeca0d61d2e53f4f0642bfa382e91dd28b470d2f4da2ba8539fe0e7f7,1,1,2,2
C0,ud23,DIODORUS,d91dad02f8da03cf6702fa7edec531da5e56f526f466e2f04180f2a23a1cf315,3,HOMERIC_TRADITION,209ee9f27c82f31d31eb16124569039d7847ed327f3a0f2b5c4eae048347e621,0,0,0,0
C0,ud23,DIODORUS,d91dad02f8da03cf6702fa7edec531da5e56f526f466e2f04180f2a23a1cf315,3,PLUTARCH,ef8134329970f595ef9ccf4198217affef5c01fa243d5bf4e59ee6daebb04e1d,0,0,0,0
C0,ud23,DIODORUS,d91dad02f8da03cf6702fa7edec531da5e56f526f466e2f04180f2a23a1cf315,3,THUCYDIDES,1a32cf6857284fff7c7f006f8d0cd4ab15a047af7a4bcd5613d1fd50789dd4ee,1,1,13,8
C0,ud23,DIODORUS,d91dad02f8da03cf6702fa7edec531da5e56f526f466e2f04180f2a23a1cf315,4,ATHENAEUS,4352f04fcfd7cbe580caddf69f309034ffb967d5d1bc8a8e809498de5bf8d329,1,0,8,0
C0,ud23,DIODORUS,d91dad02f8da03cf6702fa7edec531da5e56f526f466e2f04180f2a23a1cf315,4,HERODOTUS,89f0804afded8e7a0f4e1b507030d5ef4ecaf17e422c8b2969bd6b23e62818e6,1,1,4,4
C0,ud23,DIODORUS,d91dad02f8da03cf6702fa7edec531da5e56f526f466e2f04180f2a23a1cf315,4,HESIODIC_TRADITION,c4c0c7eaeca0d61d2e53f4f0642bfa382e91dd28b470d2f4da2ba8539fe0e7f7,1,1,19,8
C0,ud23,DIODORUS,d91dad02f8da03cf6702fa7edec531da5e56f526f466e2f04180f2a23a1cf315,4,HOMERIC_TRADITION,209ee9f27c82f31d31eb16124569039d7847ed327f3a0f2b5c4eae048347e621,1,1,4,4
C0,ud23,DIODORUS,d91dad02f8da03cf6702fa7edec531da5e56f526f466e2f04180f2a23a1cf315,4,PLUTARCH,ef8134329970f595ef9ccf4198217affef5c01fa243d5bf4e59ee6daebb04e1d,0,0,0,0
C0,ud23,DIODORUS,d91dad02f8da03cf6702fa7edec531da5e56f526f466e2f04180f2a23a1cf315,4,THUCYDIDES,1a32cf6857284fff7c7f006f8d0cd4ab15a047af7a4bcd5613d1fd50789dd4ee,1,1,1,1
C0,ud23,DIODORUS,d91dad02f8da03cf6702fa7edec531da5e56f526f466e2f04180f2a23a1cf315,5,ATHENAEUS,4352f04fcfd7cbe580caddf69f309034ffb967d5d1bc8a8e809498de5bf8d329,1,1,26,8
C0,ud23,DIODORUS,d91dad02f8da03cf6702fa7edec531da5e56f526f466e2f04180f2a23a1cf315,5,HERODOTUS,89f0804afded8e7a0f4e1b507030d5ef4ecaf17e422c8b2969bd6b23e62818e6,1,0,11,0
C0,ud23,DIODORUS,d91dad02f8da03cf6702fa7edec531da5e56f526f466e2f04180f2a23a1cf315,5,HESIODIC_TRADITION,c4c0c7eaeca0d61d2e53f4f0642bfa382e91dd28b470d2f4da2ba8539fe0e7f7,1,0,2,0
C0,ud23,DIODORUS,d91dad02f8da03cf6702fa7edec531da5e56f526f466e2f04180f2a23a1cf315,5,HOMERIC_TRADITION,209ee9f27c82f31d31eb16124569039d7847ed327f3a0f2b5c4eae048347e621,1,0,27,0
C0,ud23,DIODORUS,d91dad02f8da03cf6702fa7edec531da5e56f526f466e2f04180f2a23a1cf315,5,PLUTARCH,ef8134329970f595ef9ccf4198217affef5c01fa243d5bf4e59ee6daebb04e1d,0,0,0,0
C0,ud23,DIODORUS,d91dad02f8da03cf6702fa7edec531da5e56f526f466e2f04180f2a23a1cf315,5,THUCYDIDES,1a32cf6857284fff7c7f006f8d0cd4ab15a047af7a4bcd5613d1fd50789dd4ee,1,1,54,8
C0,ud23,DIODORUS,d91dad02f8da03cf6702fa7edec531da5e56f526f466e2f04180f2a23a1cf315,6,ATHENAEUS,4352f04fcfd7cbe580caddf69f309034ffb967d5d1bc8a8e809498de5bf8d329,1,1,10,8
C0,ud23,DIODORUS,d91dad02f8da03cf6702fa7edec531da5e56f526f466e2f04180f2a23a1cf315,6,HERODOTUS,89f0804afded8e7a0f4e1b507030d5ef4ecaf17e422c8b2969bd6b23e62818e6,1,1,5,5
C0,ud23,DIODORUS,d91dad02f8da03cf6702fa7edec531da5e56f526f466e2f04180f2a23a1cf315,6,HESIODIC_TRADITION,c4c0c7eaeca0d61d2e53f4f0642bfa382e91dd28b470d2f4da2ba8539fe0e7f7,1,0,12,0
C0,ud23,DIODORUS,d91dad02f8da03cf6702fa7edec531da5e56f526f466e2f04180f2a23a1cf315,6,HOMERIC_TRADITION,209ee9f27c82f31d31eb16124569039d7847ed327f3a0f2b5c4eae048347e621,1,1,8,8
C0,ud23,DIODORUS,d91dad02f8da03cf6702fa7edec531da5e56f526f466e2f04180f2a23a1cf315,6,PLUTARCH,ef8134329970f595ef9ccf4198217affef5c01fa243d5bf4e59ee6daebb04e1d,0,0,0,0
C0,ud23,DIODORUS,d91dad02f8da03cf6702fa7edec531da5e56f526f466e2f04180f2a23a1cf315,6,THUCYDIDES,1a32cf6857284fff7c7f006f8d0cd4ab15a047af7a4bcd5613d1fd50789dd4ee,1,1,6,6
C0,ud23,DIODORUS,d91dad02f8da03cf6702fa7edec531da5e56f526f466e2f04180f2a23a1cf315,7,ATHENAEUS,4352f04fcfd7cbe580caddf69f309034ffb967d5d1bc8a8e809498de5bf8d329,1,1,6,6
C0,ud23,DIODORUS,d91dad02f8da03cf6702fa7edec531da5e56f526f466e2f04180f2a23a1cf315,7,HERODOTUS,89f0804afded8e7a0f4e1b507030d5ef4ecaf17e422c8b2969bd6b23e62818e6,1,1,7,7
C0,ud23,DIODORUS,d91dad02f8da03cf6702fa7edec531da5e56f526f466e2f04180f2a23a1cf315,7,HESIODIC_TRADITION,c4c0c7eaeca0d61d2e53f4f0642bfa382e91dd28b470d2f4da2ba8539fe0e7f7,1,1,10,8
C0,ud23,DIODORUS,d91dad02f8da03cf6702fa7edec531da5e56f526f466e2f04180f2a23a1cf315,7,HOMERIC_TRADITION,209ee9f27c82f31d31eb16124569039d7847ed327f3a0f2b5c4eae048347e621,1,1,2,2
C0,ud23,DIODORUS,d91dad02f8da03cf6702fa7edec531da5e56f526f466e2f04180f2a23a1cf315,7,PLUTARCH,ef8134329970f595ef9ccf4198217affef5c01fa243d5bf4e59ee6daebb04e1d,0,0,0,0
C0,ud23,DIODORUS,d91dad02f8da03cf6702fa7edec531da5e56f526f466e2f04180f2a23a1cf315,7,THUCYDIDES,1a32cf6857284fff7c7f006f8d0cd4ab15a047af7a4bcd5613d1fd50789dd4ee,1,1,5,5
C0,ud23,DIODORUS,d91dad02f8da03cf6702fa7edec531da5e56f526f466e2f04180f2a23a1cf315,8,ATHENAEUS,4352f04fcfd7cbe580caddf69f309034ffb967d5d1bc8a8e809498de5bf8d329,1,1,14,8
C0,ud23,DIODORUS,d91dad02f8da03cf6702fa7edec531da5e56f526f466e2f04180f2a23a1cf315,8,HERODOTUS,89f0804afded8e7a0f4e1b507030d5ef4ecaf17e422c8b2969bd6b23e62818e6,0,0,0,0
C0,ud23,DIODORUS,d91dad02f8da03cf6702fa7edec531da5e56f526f466e2f04180f2a23a1cf315,8,HESIODIC_TRADITION,c4c0c7eaeca0d61d2e53f4f0642bfa382e91dd28b470d2f4da2ba8539fe0e7f7,1,1,5,5
C0,ud23,DIODORUS,d91dad02f8da03cf6702fa7edec531da5e56f526f466e2f04180f2a23a1cf315,8,HOMERIC_TRADITION,209ee9f27c82f31d31eb16124569039d7847ed327f3a0f2b5c4eae048347e621,1,1,7,7
C0,ud23,DIODORUS,d91dad02f8da03cf6702fa7edec531da5e56f526f466e2f04180f2a23a1cf315,8,PLUTARCH,ef8134329970f595ef9ccf4198217affef5c01fa243d5bf4e59ee6daebb04e1d,0,0,0,0
C0,ud23,DIODORUS,d91dad02f8da03cf6702fa7edec531da5e56f526f466e2f04180f2a23a1cf315,8,THUCYDIDES,1a32cf6857284fff7c7f006f8d0cd4ab15a047af7a4bcd5613d1fd50789dd4ee,1,1,9,8
C0,ud23,DIODORUS,d91dad02f8da03cf6702fa7edec531da5e56f526f466e2f04180f2a23a1cf315,9,ATHENAEUS,4352f04fcfd7cbe580caddf69f309034ffb967d5d1bc8a8e809498de5bf8d329,1,1,22,8
C0,ud23,DIODORUS,d91dad02f8da03cf6702fa7edec531da5e56f526f466e2f04180f2a23a1cf315,9,HERODOTUS,89f0804afded8e7a0f4e1b507030d5ef4ecaf17e422c8b2969bd6b23e62818e6,1,1,7,7
C0,ud23,DIODORUS,d91dad02f8da03cf6702fa7edec531da5e56f526f466e2f04180f2a23a1cf315,9,HESIODIC_TRADITION,c4c0c7eaeca0d61d2e53f4f0642bfa382e91dd28b470d2f4da2ba8539fe0e7f7,1,1,4,4
C0,ud23,DIODORUS,d91dad02f8da03cf6702fa7edec531da5e56f526f466e2f04180f2a23a1cf315,9,HOMERIC_TRADITION,209ee9f27c82f31d31eb16124569039d7847ed327f3a0f2b5c4eae048347e621,1,1,12,8
C0,ud23,DIODORUS,d91dad02f8da03cf6702fa7edec531da5e56f526f466e2f04180f2a23a1cf315,9,PLUTARCH,ef8134329970f595ef9ccf4198217affef5c01fa243d5bf4e59ee6daebb04e1d,0,0,0,0
C0,ud23,DIODORUS,d91dad02f8da03cf6702fa7edec531da5e56f526f466e2f04180f2a23a1cf315,9,THUCYDIDES,1a32cf6857284fff7c7f006f8d0cd4ab15a047af7a4bcd5613d1fd50789dd4ee,1,1,39,8
C0,ud23,DIODORUS,d91dad02f8da03cf6702fa7edec531da5e56f526f466e2f04180f2a23a1cf315,10,ATHENAEUS,4352f04fcfd7cbe580caddf69f309034ffb967d5d1bc8a8e809498de5bf8d329,1,1,12,8
C0,ud23,DIODORUS,d91dad02f8da03cf6702fa7edec531da5e56f526f466e2f04180f2a23a1cf315,10,HERODOTUS,89f0804afded8e7a0f4e1b507030d5ef4ecaf17e422c8b2969bd6b23e62818e6,1,1,17,8
C0,ud23,DIODORUS,d91dad02f8da03cf6702fa7edec531da5e56f526f466e2f04180f2a23a1cf315,10,HESIODIC_TRADITION,c4c0c7eaeca0d61d2e53f4f0642bfa382e91dd28b470d2f4da2ba8539fe0e7f7,1,1,11,8
C0,ud23,DIODORUS,d91dad02f8da03cf6702fa7edec531da5e56f526f466e2f04180f2a23a1cf315,10,HOMERIC_TRADITION,209ee9f27c82f31d31eb16124569039d7847ed327f3a0f2b5c4eae048347e621,1,1,10,8
C0,ud23,DIODORUS,d91dad02f8da03cf6702fa7edec531da5e56f526f466e2f04180f2a23a1cf315,10,PLUTARCH,ef8134329970f595ef9ccf4198217affef5c01fa243d5bf4e59ee6daebb04e1d,0,0,0,0
C0,ud23,DIODORUS,d91dad02f8da03cf6702fa7edec531da5e56f526f466e2f04180f2a23a1cf315,10,THUCYDIDES,1a32cf6857284fff7c7f006f8d0cd4ab15a047af7a4bcd5613d1fd50789dd4ee,1,1,26,8
C0,ud23,DIODORUS,d91dad02f8da03cf6702fa7edec531da5e56f526f466e2f04180f2a23a1cf315,11,ATHENAEUS,4352f04fcfd7cbe580caddf69f309034ffb967d5d1bc8a8e809498de5bf8d329,0,0,0,0
C0,ud23,DIODORUS,d91dad02f8da03cf6702fa7edec531da5e56f526f466e2f04180f2a23a1cf315,11,HERODOTUS,89f0804afded8e7a0f4e1b507030d5ef4ecaf17e422c8b2969bd6b23e62818e6,1,1,20,8
C0,ud23,DIODORUS,d91dad02f8da03cf6702fa7edec531da5e56f526f466e2f04180f2a23a1cf315,11,HESIODIC_TRADITION,c4c0c7eaeca0d61d2e53f4f0642bfa382e91dd28b470d2f4da2ba8539fe0e7f7,1,1,1,1
C0,ud23,DIODORUS,d91dad02f8da03cf6702fa7edec531da5e56f526f466e2f04180f2a23a1cf315,11,HOMERIC_TRADITION,209ee9f27c82f31d31eb16124569039d7847ed327f3a0f2b5c4eae048347e621,0,0,0,0
C0,ud23,DIODORUS,d91dad02f8da03cf6702fa7edec531da5e56f526f466e2f04180f2a23a1cf315,11,PLUTARCH,ef8134329970f595ef9ccf4198217affef5c01fa243d5bf4e59ee6daebb04e1d,0,0,0,0
C0,ud23,DIODORUS,d91dad02f8da03cf6702fa7edec531da5e56f526f466e2f04180f2a23a1cf315,11,THUCYDIDES,1a32cf6857284fff7c7f006f8d0cd4ab15a047af7a4bcd5613d1fd50789dd4ee,1,1,18,8
C0,ud23,DIODORUS,d91dad02f8da03cf6702fa7edec531da5e56f526f466e2f04180f2a23a1cf315,12,ATHENAEUS,4352f04fcfd7cbe580caddf69f309034ffb967d5d1bc8a8e809498de5bf8d329,1,1,17,8
C0,ud23,DIODORUS,d91dad02f8da03cf6702fa7edec531da5e56f526f466e2f04180f2a23a1cf315,12,HERODOTUS,89f0804afded8e7a0f4e1b507030d5ef4ecaf17e422c8b2969bd6b23e62818e6,1,1,4,4
C0,ud23,DIODORUS,d91dad02f8da03cf6702fa7edec531da5e56f526f466e2f04180f2a23a1cf315,12,HESIODIC_TRADITION,c4c0c7eaeca0d61d2e53f4f0642bfa382e91dd28b470d2f4da2ba8539fe0e7f7,1,1,15,8
C0,ud23,DIODORUS,d91dad02f8da03cf6702fa7edec531da5e56f526f466e2f04180f2a23a1cf315,12,HOMERIC_TRADITION,209ee9f27c82f31d31eb16124569039d7847ed327f3a0f2b5c4eae048347e621,1,1,11,8
C0,ud23,DIODORUS,d91dad02f8da03cf6702fa7edec531da5e56f526f466e2f04180f2a23a1cf315,12,PLUTARCH,ef8134329970f595ef9ccf4198217affef5c01fa243d5bf4e59ee6daebb04e1d,0,0,0,0
C0,ud23,DIODORUS,d91dad02f8da03cf6702fa7edec531da5e56f526f466e2f04180f2a23a1cf315,12,THUCYDIDES,1a32cf6857284fff7c7f006f8d0cd4ab15a047af7a4bcd5613d1fd50789dd4ee,1,1,7,7
C0,ud23,DIODORUS,d91dad02f8da03cf6702fa7edec531da5e56f526f466e2f04180f2a23a1cf315,13,ATHENAEUS,4352f04fcfd7cbe580caddf69f309034ffb967d5d1bc8a8e809498de5bf8d329,1,1,6,6
C0,ud23,DIODORUS,d91dad02f8da03cf6702fa7edec531da5e56f526f466e2f04180f2a23a1cf315,13,HERODOTUS,89f0804afded8e7a0f4e1b507030d5ef4ecaf17e422c8b2969bd6b23e62818e6,1,1,11,8
C0,ud23,DIODORUS,d91dad02f8da03cf6702fa7edec531da5e56f526f466e2f04180f2a23a1cf315,13,HESIODIC_TRADITION,c4c0c7eaeca0d61d2e53f4f0642bfa382e91dd28b470d2f4da2ba8539fe0e7f7,1,1,1,1
C0,ud23,DIODORUS,d91dad02f8da03cf6702fa7edec531da5e56f526f466e2f04180f2a23a1cf315,13,HOMERIC_TRADITION,209ee9f27c82f31d31eb16124569039d7847ed327f3a0f2b5c4eae048347e621,1,1,16,8
C0,ud23,DIODORUS,d91dad02f8da03cf6702fa7edec531da5e56f526f466e2f04180f2a23a1cf315,13,PLUTARCH,ef8134329970f595ef9ccf4198217affef5c01fa243d5bf4e59ee6daebb04e1d,0,0,0,0
C0,ud23,DIODORUS,d91dad02f8da03cf6702fa7edec531da5e56f526f466e2f04180f2a23a1cf315,13,THUCYDIDES,1a32cf6857284fff7c7f006f8d0cd4ab15a047af7a4bcd5613d1fd50789dd4ee,1,1,6,6
C0,ud23,DIODORUS,d91dad02f8da03cf6702fa7edec531da5e56f526f466e2f04180f2a23a1cf315,14,ATHENAEUS,4352f04fcfd7cbe580caddf69f309034ffb967d5d1bc8a8e809498de5bf8d329,1,0,10,0
C0,ud23,DIODORUS,d91dad02f8da03cf6702fa7edec531da5e56f526f466e2f04180f2a23a1cf315,14,HERODOTUS,89f0804afded8e7a0f4e1b507030d5ef4ecaf17e422c8b2969bd6b23e62818e6,1,1,5,5
C0,ud23,DIODORUS,d91dad02f8da03cf6702fa7edec531da5e56f526f466e2f04180f2a23a1cf315,14,HESIODIC_TRADITION,c4c0c7eaeca0d61d2e53f4f0642bfa382e91dd28b470d2f4da2ba8539fe0e7f7,1,0,14,0
C0,ud23,DIODORUS,d91dad02f8da03cf6702fa7edec531da5e56f526f466e2f04180f2a23a1cf315,14,HOMERIC_TRADITION,209ee9f27c82f31d31eb16124569039d7847ed327f3a0f2b5c4eae048347e621,1,1,21,8
C0,ud23,DIODORUS,d91dad02f8da03cf6702fa7edec531da5e56f526f466e2f04180f2a23a1cf315,14,PLUTARCH,ef8134329970f595ef9ccf4198217affef5c01fa243d5bf4e59ee6daebb04e1d,0,0,0,0
C0,ud23,DIODORUS,d91dad02f8da03cf6702fa7edec531da5e56f526f466e2f04180f2a23a1cf315,14,THUCYDIDES,1a32cf6857284fff7c7f006f8d0cd4ab15a047af7a4bcd5613d1fd50789dd4ee,1,1,21,8
C0,ud23,DIODORUS,d91dad02f8da03cf6702fa7edec531da5e56f526f466e2f04180f2a23a1cf315,15,ATHENAEUS,4352f04fcfd7cbe580caddf69f309034ffb967d5d1bc8a8e809498de5bf8d329,1,1,18,8
C0,ud23,DIODORUS,d91dad02f8da03cf6702fa7edec531da5e56f526f466e2f04180f2a23a1cf315,15,HERODOTUS,89f0804afded8e7a0f4e1b507030d5ef4ecaf17e422c8b2969bd6b23e62818e6,1,1,6,6
C0,ud23,DIODORUS,d91dad02f8da03cf6702fa7edec531da5e56f526f466e2f04180f2a23a1cf315,15,HESIODIC_TRADITION,c4c0c7eaeca0d61d2e53f4f0642bfa382e91dd28b470d2f4da2ba8539fe0e7f7,1,1,7,7
C0,ud23,DIODORUS,d91dad02f8da03cf6702fa7edec531da5e56f526f466e2f04180f2a23a1cf315,15,HOMERIC_TRADITION,209ee9f27c82f31d31eb16124569039d7847ed327f3a0f2b5c4eae048347e621,1,0,8,0
C0,ud23,DIODORUS,d91dad02f8da03cf6702fa7edec531da5e56f526f466e2f04180f2a23a1cf315,15,PLUTARCH,ef8134329970f595ef9ccf4198217affef5c01fa243d5bf4e59ee6daebb04e1d,0,0,0,0
C0,ud23,DIODORUS,d91dad02f8da03cf6702fa7edec531da5e56f526f466e2f04180f2a23a1cf315,15,THUCYDIDES,1a32cf6857284fff7c7f006f8d0cd4ab15a047af7a4bcd5613d1fd50789dd4ee,1,1,8,8
C0,ud23,DIODORUS,d91dad02f8da03cf6702fa7edec531da5e56f526f466e2f04180f2a23a1cf315,16,ATHENAEUS,4352f04fcfd7cbe580caddf69f309034ffb967d5d1bc8a8e809498de5bf8d329,1,1,19,8
C0,ud23,DIODORUS,d91dad02f8da03cf6702fa7edec531da5e56f526f466e2f04180f2a23a1cf315,16,HERODOTUS,89f0804afded8e7a0f4e1b507030d5ef4ecaf17e422c8b2969bd6b23e62818e6,1,0,10,0
C0,ud23,DIODORUS,d91dad02f8da03cf6702fa7edec531da5e56f526f466e2f04180f2a23a1cf315,16,HESIODIC_TRADITION,c4c0c7eaeca0d61d2e53f4f0642bfa382e91dd28b470d2f4da2ba8539fe0e7f7,1,1,18,8
C0,ud23,DIODORUS,d91dad02f8da03cf6702fa7edec531da5e56f526f466e2f04180f2a23a1cf315,16,HOMERIC_TRADITION,209ee9f27c82f31d31eb16124569039d7847ed327f3a0f2b5c4eae048347e621,1,1,1,1
C0,ud23,DIODORUS,d91dad02f8da03cf6702fa7edec531da5e56f526f466e2f04180f2a23a1cf315,16,PLUTARCH,ef8134329970f595ef9ccf4198217affef5c01fa243d5bf4e59ee6daebb04e1d,0,0,0,0
C0,ud23,DIODORUS,d91dad02f8da03cf6702fa7edec531da5e56f526f466e2f04180f2a23a1cf315,16,THUCYDIDES,1a32cf6857284fff7c7f006f8d0cd4ab15a047af7a4bcd5613d1fd50789dd4ee,1,1,15,8
C0,ud23,DIODORUS,d91dad02f8da03cf6702fa7edec531da5e56f526f466e2f04180f2a23a1cf315,17,ATHENAEUS,4352f04fcfd7cbe580caddf69f309034ffb967d5d1bc8a8e809498de5bf8d329,0,0,0,0
C0,ud23,DIODORUS,d91dad02f8da03cf6702fa7edec531da5e56f526f466e2f04180f2a23a1cf315,17,HERODOTUS,89f0804afded8e7a0f4e1b507030d5ef4ecaf17e422c8b2969bd6b23e62818e6,1,1,10,8
C0,ud23,DIODORUS,d91dad02f8da03cf6702fa7edec531da5e56f526f466e2f04180f2a23a1cf315,17,HESIODIC_TRADITION,c4c0c7eaeca0d61d2e53f4f0642bfa382e91dd28b470d2f4da2ba8539fe0e7f7,1,0,8,0
C0,ud23,DIODORUS,d91dad02f8da03cf6702fa7edec531da5e56f526f466e2f04180f2a23a1cf315,17,HOMERIC_TRADITION,209ee9f27c82f31d31eb16124569039d7847ed327f3a0f2b5c4eae048347e621,1,1,6,6
C0,ud23,DIODORUS,d91dad02f8da03cf6702fa7edec531da5e56f526f466e2f04180f2a23a1cf315,17,PLUTARCH,ef8134329970f595ef9ccf4198217affef5c01fa243d5bf4e59ee6daebb04e1d,0,0,0,0
C0,ud23,DIODORUS,d91dad02f8da03cf6702fa7edec531da5e56f526f466e2f04180f2a23a1cf315,17,THUCYDIDES,1a32cf6857284fff7c7f006f8d0cd4ab15a047af7a4bcd5613d1fd50789dd4ee,1,1,2,2
C0,ud23,DIODORUS,d91dad02f8da03cf6702fa7edec531da5e56f526f466e2f04180f2a23a1cf315,18,ATHENAEUS,4352f04fcfd7cbe580caddf69f309034ffb967d5d1bc8a8e809498de5bf8d329,1,1,25,8
C0,ud23,DIODORUS,d91dad02f8da03cf6702fa7edec531da5e56f526f466e2f04180f2a23a1cf315,18,HERODOTUS,89f0804afded8e7a0f4e1b507030d5ef4ecaf17e422c8b2969bd6b23e62818e6,1,1,11,8
C0,ud23,DIODORUS,d91dad02f8da03cf6702fa7edec531da5e56f526f466e2f04180f2a23a1cf315,18,HESIODIC_TRADITION,c4c0c7eaeca0d61d2e53f4f0642bfa382e91dd28b470d2f4da2ba8539fe0e7f7,1,0,12,0
C0,ud23,DIODORUS,d91dad02f8da03cf6702fa7edec531da5e56f526f466e2f04180f2a23a1cf315,18,HOMERIC_TRADITION,209ee9f27c82f31d31eb16124569039d7847ed327f3a0f2b5c4eae048347e621,1,1,1,1
C0,ud23,DIODORUS,d91dad02f8da03cf6702fa7edec531da5e56f526f466e2f04180f2a23a1cf315,18,PLUTARCH,ef8134329970f595ef9ccf4198217affef5c01fa243d5bf4e59ee6daebb04e1d,0,0,0,0
C0,ud23,DIODORUS,d91dad02f8da03cf6702fa7edec531da5e56f526f466e2f04180f2a23a1cf315,18,THUCYDIDES,1a32cf6857284fff7c7f006f8d0cd4ab15a047af7a4bcd5613d1fd50789dd4ee,1,0,11,0
C0,ud23,DIODORUS,d91dad02f8da03cf6702fa7edec531da5e56f526f466e2f04180f2a23a1cf315,19,ATHENAEUS,4352f04fcfd7cbe580caddf69f309034ffb967d5d1bc8a8e809498de5bf8d329,1,1,12,8
C0,ud23,DIODORUS,d91dad02f8da03cf6702fa7edec531da5e56f526f466e2f04180f2a23a1cf315,19,HERODOTUS,89f0804afded8e7a0f4e1b507030d5ef4ecaf17e422c8b2969bd6b23e62818e6,1,1,18,8
C0,ud23,DIODORUS,d91dad02f8da03cf6702fa7edec531da5e56f526f466e2f04180f2a23a1cf315,19,HESIODIC_TRADITION,c4c0c7eaeca0d61d2e53f4f0642bfa382e91dd28b470d2f4da2ba8539fe0e7f7,1,1,11,8
C0,ud23,DIODORUS,d91dad02f8da03cf6702fa7edec531da5e56f526f466e2f04180f2a23a1cf315,19,HOMERIC_TRADITION,209ee9f27c82f31d31eb16124569039d7847ed327f3a0f2b5c4eae048347e621,1,0,2,0
C0,ud23,DIODORUS,d91dad02f8da03cf6702fa7edec531da5e56f526f466e2f04180f2a23a1cf315,19,PLUTARCH,ef8134329970f595ef9ccf4198217affef5c01fa243d5bf4e59ee6daebb04e1d,0,0,0,0
C0,ud23,DIODORUS,d91dad02f8da03cf6702fa7edec531da5e56f526f466e2f04180f2a23a1cf315,19,THUCYDIDES,1a32cf6857284fff7c7f006f8d0cd4ab15a047af7a4bcd5613d1fd50789dd4ee,1,1,5,5
C0,ud23,PLUTARCH,ef8134329970f595ef9ccf4198217affef5c01fa243d5bf4e59ee6daebb04e1d,0,ATHENAEUS,4352f04fcfd7cbe580caddf69f309034ffb967d5d1bc8a8e809498de5bf8d329,0,0,0,0
C0,ud23,PLUTARCH,ef8134329970f595ef9ccf4198217affef5c01fa243d5bf4e59ee6daebb04e1d,0,DIODORUS,d91dad02f8da03cf6702fa7edec531da5e56f526f466e2f04180f2a23a1cf315,1,1,6,6
C0,ud23,PLUTARCH,ef8134329970f595ef9ccf4198217affef5c01fa243d5bf4e59ee6daebb04e1d,0,HERODOTUS,89f0804afded8e7a0f4e1b507030d5ef4ecaf17e422c8b2969bd6b23e62818e6,1,1,2,2
C0,ud23,PLUTARCH,ef8134329970f595ef9ccf4198217affef5c01fa243d5bf4e59ee6daebb04e1d,0,HESIODIC_TRADITION,c4c0c7eaeca0d61d2e53f4f0642bfa382e91dd28b470d2f4da2ba8539fe0e7f7,1,1,2,2
C0,ud23,PLUTARCH,ef8134329970f595ef9ccf4198217affef5c01fa243d5bf4e59ee6daebb04e1d,0,HOMERIC_TRADITION,209ee9f27c82f31d31eb16124569039d7847ed327f3a0f2b5c4eae048347e621,1,1,16,8
C0,ud23,PLUTARCH,ef8134329970f595ef9ccf4198217affef5c01fa243d5bf4e59ee6daebb04e1d,0,THUCYDIDES,1a32cf6857284fff7c7f006f8d0cd4ab15a047af7a4bcd5613d1fd50789dd4ee,1,1,31,8
C0,ud23,PLUTARCH,ef8134329970f595ef9ccf4198217affef5c01fa243d5bf4e59ee6daebb04e1d,1,ATHENAEUS,4352f04fcfd7cbe580caddf69f309034ffb967d5d1bc8a8e809498de5bf8d329,1,1,15,8
C0,ud23,PLUTARCH,ef8134329970f595ef9ccf4198217affef5c01fa243d5bf4e59ee6daebb04e1d,1,DIODORUS,d91dad02f8da03cf6702fa7edec531da5e56f526f466e2f04180f2a23a1cf315,1,1,15,8
C0,ud23,PLUTARCH,ef8134329970f595ef9ccf4198217affef5c01fa243d5bf4e59ee6daebb04e1d,1,HERODOTUS,89f0804afded8e7a0f4e1b507030d5ef4ecaf17e422c8b2969bd6b23e62818e6,1,1,15,8
C0,ud23,PLUTARCH,ef8134329970f595ef9ccf4198217affef5c01fa243d5bf4e59ee6daebb04e1d,1,HESIODIC_TRADITION,c4c0c7eaeca0d61d2e53f4f0642bfa382e91dd28b470d2f4da2ba8539fe0e7f7,1,1,1,1
C0,ud23,PLUTARCH,ef8134329970f595ef9ccf4198217affef5c01fa243d5bf4e59ee6daebb04e1d,1,HOMERIC_TRADITION,209ee9f27c82f31d31eb16124569039d7847ed327f3a0f2b5c4eae048347e621,1,1,8,8
C0,ud23,PLUTARCH,ef8134329970f595ef9ccf4198217affef5c01fa243d5bf4e59ee6daebb04e1d,1,THUCYDIDES,1a32cf6857284fff7c7f006f8d0cd4ab15a047af7a4bcd5613d1fd50789dd4ee,1,1,7,7
C0,ud23,PLUTARCH,ef8134329970f595ef9ccf4198217affef5c01fa243d5bf4e59ee6daebb04e1d,2,ATHENAEUS,4352f04fcfd7cbe580caddf69f309034ffb967d5d1bc8a8e809498de5bf8d329,1,1,1,1
C0,ud23,PLUTARCH,ef8134329970f595ef9ccf4198217affef5c01fa243d5bf4e59ee6daebb04e1d,2,DIODORUS,d91dad02f8da03cf6702fa7edec531da5e56f526f466e2f04180f2a23a1cf315,1,1,23,8
C0,ud23,PLUTARCH,ef8134329970f595ef9ccf4198217affef5c01fa243d5bf4e59ee6daebb04e1d,2,HERODOTUS,89f0804afded8e7a0f4e1b507030d5ef4ecaf17e422c8b2969bd6b23e62818e6,1,1,16,8
C0,ud23,PLUTARCH,ef8134329970f595ef9ccf4198217affef5c01fa243d5bf4e59ee6daebb04e1d,2,HESIODIC_TRADITION,c4c0c7eaeca0d61d2e53f4f0642bfa382e91dd28b470d2f4da2ba8539fe0e7f7,1,1,23,8
C0,ud23,PLUTARCH,ef8134329970f595ef9ccf4198217affef5c01fa243d5bf4e59ee6daebb04e1d,2,HOMERIC_TRADITION,209ee9f27c82f31d31eb16124569039d7847ed327f3a0f2b5c4eae048347e621,1,1,4,4
C0,ud23,PLUTARCH,ef8134329970f595ef9ccf4198217affef5c01fa243d5bf4e59ee6daebb04e1d,2,THUCYDIDES,1a32cf6857284fff7c7f006f8d0cd4ab15a047af7a4bcd5613d1fd50789dd4ee,1,1,12,8
C0,ud23,PLUTARCH,ef8134329970f595ef9ccf4198217affef5c01fa243d5bf4e59ee6daebb04e1d,3,ATHENAEUS,4352f04fcfd7cbe580caddf69f309034ffb967d5d1bc8a8e809498de5bf8d329,1,1,5,5
C0,ud23,PLUTARCH,ef8134329970f595ef9ccf4198217affef5c01fa243d5bf4e59ee6daebb04e1d,3,DIODORUS,d91dad02f8da03cf6702fa7edec531da5e56f526f466e2f04180f2a23a1cf315,1,1,13,8
C0,ud23,PLUTARCH,ef8134329970f595ef9ccf4198217affef5c01fa243d5bf4e59ee6daebb04e1d,3,HERODOTUS,89f0804afded8e7a0f4e1b507030d5ef4ecaf17e422c8b2969bd6b23e62818e6,1,1,3,3
C0,ud23,PLUTARCH,ef8134329970f595ef9ccf4198217affef5c01fa243d5bf4e59ee6daebb04e1d,3,HESIODIC_TRADITION,c4c0c7eaeca0d61d2e53f4f0642bfa382e91dd28b470d2f4da2ba8539fe0e7f7,1,1,9,8
C0,ud23,PLUTARCH,ef8134329970f595ef9ccf4198217affef5c01fa243d5bf4e59ee6daebb04e1d,3,HOMERIC_TRADITION,209ee9f27c82f31d31eb16124569039d7847ed327f3a0f2b5c4eae048347e621,1,1,5,5
C0,ud23,PLUTARCH,ef8134329970f595ef9ccf4198217affef5c01fa243d5bf4e59ee6daebb04e1d,3,THUCYDIDES,1a32cf6857284fff7c7f006f8d0cd4ab15a047af7a4bcd5613d1fd50789dd4ee,1,1,16,8
C0,ud23,PLUTARCH,ef8134329970f595ef9ccf4198217affef5c01fa243d5bf4e59ee6daebb04e1d,4,ATHENAEUS,4352f04fcfd7cbe580caddf69f309034ffb967d5d1bc8a8e809498de5bf8d329,1,1,11,8
C0,ud23,PLUTARCH,ef8134329970f595ef9ccf4198217affef5c01fa243d5bf4e59ee6daebb04e1d,4,DIODORUS,d91dad02f8da03cf6702fa7edec531da5e56f526f466e2f04180f2a23a1cf315,1,1,1,1
C0,ud23,PLUTARCH,ef8134329970f595ef9ccf4198217affef5c01fa243d5bf4e59ee6daebb04e1d,4,HERODOTUS,89f0804afded8e7a0f4e1b507030d5ef4ecaf17e422c8b2969bd6b23e62818e6,1,1,9,8
C0,ud23,PLUTARCH,ef8134329970f595ef9ccf4198217affef5c01fa243d5bf4e59ee6daebb04e1d,4,HESIODIC_TRADITION,c4c0c7eaeca0d61d2e53f4f0642bfa382e91dd28b470d2f4da2ba8539fe0e7f7,1,1,2,2
C0,ud23,PLUTARCH,ef8134329970f595ef9ccf4198217affef5c01fa243d5bf4e59ee6daebb04e1d,4,HOMERIC_TRADITION,209ee9f27c82f31d31eb16124569039d7847ed327f3a0f2b5c4eae048347e621,0,0,0,0
C0,ud23,PLUTARCH,ef8134329970f595ef9ccf4198217affef5c01fa243d5bf4e59ee6daebb04e1d,4,THUCYDIDES,1a32cf6857284fff7c7f006f8d0cd4ab15a047af7a4bcd5613d1fd50789dd4ee,1,1,5,5
C0,ud23,PLUTARCH,ef8134329970f595ef9ccf4198217affef5c01fa243d5bf4e59ee6daebb04e1d,5,ATHENAEUS,4352f04fcfd7cbe580caddf69f309034ffb967d5d1bc8a8e809498de5bf8d329,1,0,4,0
C0,ud23,PLUTARCH,ef8134329970f595ef9ccf4198217affef5c01fa243d5bf4e59ee6daebb04e1d,5,DIODORUS,d91dad02f8da03cf6702fa7edec531da5e56f526f466e2f04180f2a23a1cf315,1,0,23,0
C0,ud23,PLUTARCH,ef8134329970f595ef9ccf4198217affef5c01fa243d5bf4e59ee6daebb04e1d,5,HERODOTUS,89f0804afded8e7a0f4e1b507030d5ef4ecaf17e422c8b2969bd6b23e62818e6,1,1,23,8
C0,ud23,PLUTARCH,ef8134329970f595ef9ccf4198217affef5c01fa243d5bf4e59ee6daebb04e1d,5,HESIODIC_TRADITION,c4c0c7eaeca0d61d2e53f4f0642bfa382e91dd28b470d2f4da2ba8539fe0e7f7,1,1,14,8
C0,ud23,PLUTARCH,ef8134329970f595ef9ccf4198217affef5c01fa243d5bf4e59ee6daebb04e1d,5,HOMERIC_TRADITION,209ee9f27c82f31d31eb16124569039d7847ed327f3a0f2b5c4eae048347e621,1,1,30,8
C0,ud23,PLUTARCH,ef8134329970f595ef9ccf4198217affef5c01fa243d5bf4e59ee6daebb04e1d,5,THUCYDIDES,1a32cf6857284fff7c7f006f8d0cd4ab15a047af7a4bcd5613d1fd50789dd4ee,1,0,6,0
C0,ud23,PLUTARCH,ef8134329970f595ef9ccf4198217affef5c01fa243d5bf4e59ee6daebb04e1d,6,ATHENAEUS,4352f04fcfd7cbe580caddf69f309034ffb967d5d1bc8a8e809498de5bf8d329,1,0,10,0
C0,ud23,PLUTARCH,ef8134329970f595ef9ccf4198217affef5c01fa243d5bf4e59ee6daebb04e1d,6,DIODORUS,d91dad02f8da03cf6702fa7edec531da5e56f526f466e2f04180f2a23a1cf315,1,1,24,8
C0,ud23,PLUTARCH,ef8134329970f595ef9ccf4198217affef5c01fa243d5bf4e59ee6daebb04e1d,6,HERODOTUS,89f0804afded8e7a0f4e1b507030d5ef4ecaf17e422c8b2969bd6b23e62818e6,1,1,3,3
C0,ud23,PLUTARCH,ef8134329970f595ef9ccf4198217affef5c01fa243d5bf4e59ee6daebb04e1d,6,HESIODIC_TRADITION,c4c0c7eaeca0d61d2e53f4f0642bfa382e91dd28b470d2f4da2ba8539fe0e7f7,1,0,28,0
C0,ud23,PLUTARCH,ef8134329970f595ef9ccf4198217affef5c01fa243d5bf4e59ee6daebb04e1d,6,HOMERIC_TRADITION,209ee9f27c82f31d31eb16124569039d7847ed327f3a0f2b5c4eae048347e621,1,1,5,5
C0,ud23,PLUTARCH,ef8134329970f595ef9ccf4198217affef5c01fa243d5bf4e59ee6daebb04e1d,6,THUCYDIDES,1a32cf6857284fff7c7f006f8d0cd4ab15a047af7a4bcd5613d1fd50789dd4ee,1,1,4,4
C0,ud23,PLUTARCH,ef8134329970f595ef9ccf4198217affef5c01fa243d5bf4e59ee6daebb04e1d,7,ATHENAEUS,4352f04fcfd7cbe580caddf69f309034ffb967d5d1bc8a8e809498de5bf8d329,1,0,3,0
C0,ud23,PLUTARCH,ef8134329970f595ef9ccf4198217affef5c01fa243d5bf4e59ee6daebb04e1d,7,DIODORUS,d91dad02f8da03cf6702fa7edec531da5e56f526f466e2f04180f2a23a1cf315,1,1,1,1
C0,ud23,PLUTARCH,ef8134329970f595ef9ccf4198217affef5c01fa243d5bf4e59ee6daebb04e1d,7,HERODOTUS,89f0804afded8e7a0f4e1b507030d5ef4ecaf17e422c8b2969bd6b23e62818e6,1,0,3,0
C0,ud23,PLUTARCH,ef8134329970f595ef9ccf4198217affef5c01fa243d5bf4e59ee6daebb04e1d,7,HESIODIC_TRADITION,c4c0c7eaeca0d61d2e53f4f0642bfa382e91dd28b470d2f4da2ba8539fe0e7f7,1,1,8,8
C0,ud23,PLUTARCH,ef8134329970f595ef9ccf4198217affef5c01fa243d5bf4e59ee6daebb04e1d,7,HOMERIC_TRADITION,209ee9f27c82f31d31eb16124569039d7847ed327f3a0f2b5c4eae048347e621,1,1,14,8
C0,ud23,PLUTARCH,ef8134329970f595ef9ccf4198217affef5c01fa243d5bf4e59ee6daebb04e1d,7,THUCYDIDES,1a32cf6857284fff7c7f006f8d0cd4ab15a047af7a4bcd5613d1fd50789dd4ee,1,0,30,0
C0,ud23,PLUTARCH,ef8134329970f595ef9ccf4198217affef5c01fa243d5bf4e59ee6daebb04e1d,8,ATHENAEUS,4352f04fcfd7cbe580caddf69f309034ffb967d5d1bc8a8e809498de5bf8d329,1,1,12,8
C0,ud23,PLUTARCH,ef8134329970f595ef9ccf4198217affef5c01fa243d5bf4e59ee6daebb04e1d,8,DIODORUS,d91dad02f8da03cf6702fa7edec531da5e56f526f466e2f04180f2a23a1cf315,1,1,4,4
C0,ud23,PLUTARCH,ef8134329970f595ef9ccf4198217affef5c01fa243d5bf4e59ee6daebb04e1d,8,HERODOTUS,89f0804afded8e7a0f4e1b507030d5ef4ecaf17e422c8b2969bd6b23e62818e6,1,1,25,8
C0,ud23,PLUTARCH,ef8134329970f595ef9ccf4198217affef5c01fa243d5bf4e59ee6daebb04e1d,8,HESIODIC_TRADITION,c4c0c7eaeca0d61d2e53f4f0642bfa382e91dd28b470d2f4da2ba8539fe0e7f7,1,1,3,3
C0,ud23,PLUTARCH,ef8134329970f595ef9ccf4198217affef5c01fa243d5bf4e59ee6daebb04e1d,8,HOMERIC_TRADITION,209ee9f27c82f31d31eb16124569039d7847ed327f3a0f2b5c4eae048347e621,1,1,2,2
C0,ud23,PLUTARCH,ef8134329970f595ef9ccf4198217affef5c01fa243d5bf4e59ee6daebb04e1d,8,THUCYDIDES,1a32cf6857284fff7c7f006f8d0cd4ab15a047af7a4bcd5613d1fd50789dd4ee,1,0,25,0
C0,ud23,PLUTARCH,ef8134329970f595ef9ccf4198217affef5c01fa243d5bf4e59ee6daebb04e1d,9,ATHENAEUS,4352f04fcfd7cbe580caddf69f309034ffb967d5d1bc8a8e809498de5bf8d329,1,1,18,8
C0,ud23,PLUTARCH,ef8134329970f595ef9ccf4198217affef5c01fa243d5bf4e59ee6daebb04e1d,9,DIODORUS,d91dad02f8da03cf6702fa7edec531da5e56f526f466e2f04180f2a23a1cf315,1,1,22,8
C0,ud23,PLUTARCH,ef8134329970f595ef9ccf4198217affef5c01fa243d5bf4e59ee6daebb04e1d,9,HERODOTUS,89f0804afded8e7a0f4e1b507030d5ef4ecaf17e422c8b2969bd6b23e62818e6,1,0,36,0
C0,ud23,PLUTARCH,ef8134329970f595ef9ccf4198217affef5c01fa243d5bf4e59ee6daebb04e1d,9,HESIODIC_TRADITION,c4c0c7eaeca0d61d2e53f4f0642bfa382e91dd28b470d2f4da2ba8539fe0e7f7,0,0,0,0
C0,ud23,PLUTARCH,ef8134329970f595ef9ccf4198217affef5c01fa243d5bf4e59ee6daebb04e1d,9,HOMERIC_TRADITION,209ee9f27c82f31d31eb16124569039d7847ed327f3a0f2b5c4eae048347e621,1,1,9,8
C0,ud23,PLUTARCH,ef8134329970f595ef9ccf4198217affef5c01fa243d5bf4e59ee6daebb04e1d,9,THUCYDIDES,1a32cf6857284fff7c7f006f8d0cd4ab15a047af7a4bcd5613d1fd50789dd4ee,1,1,13,8
C0,ud23,PLUTARCH,ef8134329970f595ef9ccf4198217affef5c01fa243d5bf4e59ee6daebb04e1d,10,ATHENAEUS,4352f04fcfd7cbe580caddf69f309034ffb967d5d1bc8a8e809498de5bf8d329,1,0,18,0
C0,ud23,PLUTARCH,ef8134329970f595ef9ccf4198217affef5c01fa243d5bf4e59ee6daebb04e1d,10,DIODORUS,d91dad02f8da03cf6702fa7edec531da5e56f526f466e2f04180f2a23a1cf315,1,1,5,5
C0,ud23,PLUTARCH,ef8134329970f595ef9ccf4198217affef5c01fa243d5bf4e59ee6daebb04e1d,10,HERODOTUS,89f0804afded8e7a0f4e1b507030d5ef4ecaf17e422c8b2969bd6b23e62818e6,0,0,0,0
C0,ud23,PLUTARCH,ef8134329970f595ef9ccf4198217affef5c01fa243d5bf4e59ee6daebb04e1d,10,HESIODIC_TRADITION,c4c0c7eaeca0d61d2e53f4f0642bfa382e91dd28b470d2f4da2ba8539fe0e7f7,1,0,16,0
C0,ud23,PLUTARCH,ef8134329970f595ef9ccf4198217affef5c01fa243d5bf4e59ee6daebb04e1d,10,HOMERIC_TRADITION,209ee9f27c82f31d31eb16124569039d7847ed327f3a0f2b5c4eae048347e621,1,0,7,0
C0,ud23,PLUTARCH,ef8134329970f595ef9ccf4198217affef5c01fa243d5bf4e59ee6daebb04e1d,10,THUCYDIDES,1a32cf6857284fff7c7f006f8d0cd4ab15a047af7a4bcd5613d1fd50789dd4ee,1,1,10,8
C0,ud23,PLUTARCH,ef8134329970f595ef9ccf4198217affef5c01fa243d5bf4e59ee6daebb04e1d,11,ATHENAEUS,4352f04fcfd7cbe580caddf69f309034ffb967d5d1bc8a8e809498de5bf8d329,1,1,4,4
C0,ud23,PLUTARCH,ef8134329970f595ef9ccf4198217affef5c01fa243d5bf4e59ee6daebb04e1d,11,DIODORUS,d91dad02f8da03cf6702fa7edec531da5e56f526f466e2f04180f2a23a1cf315,1,1,18,8
C0,ud23,PLUTARCH,ef8134329970f595ef9ccf4198217affef5c01fa243d5bf4e59ee6daebb04e1d,11,HERODOTUS,89f0804afded8e7a0f4e1b507030d5ef4ecaf17e422c8b2969bd6b23e62818e6,1,1,24,8
C0,ud23,PLUTARCH,ef8134329970f595ef9ccf4198217affef5c01fa243d5bf4e59ee6daebb04e1d,11,HESIODIC_TRADITION,c4c0c7eaeca0d61d2e53f4f0642bfa382e91dd28b470d2f4da2ba8539fe0e7f7,1,1,6,6
C0,ud23,PLUTARCH,ef8134329970f595ef9ccf4198217affef5c01fa243d5bf4e59ee6daebb04e1d,11,HOMERIC_TRADITION,209ee9f27c82f31d31eb16124569039d7847ed327f3a0f2b5c4eae048347e621,1,1,20,8
C0,ud23,PLUTARCH,ef8134329970f595ef9ccf4198217affef5c01fa243d5bf4e59ee6daebb04e1d,11,THUCYDIDES,1a32cf6857284fff7c7f006f8d0cd4ab15a047af7a4bcd5613d1fd50789dd4ee,1,1,7,7
C0,ud23,PLUTARCH,ef8134329970f595ef9ccf4198217affef5c01fa243d5bf4e59ee6daebb04e1d,12,ATHENAEUS,4352f04fcfd7cbe580caddf69f309034ffb967d5d1bc8a8e809498de5bf8d329,1,1,4,4
C0,ud23,PLUTARCH,ef8134329970f595ef9ccf4198217affef5c01fa243d5bf4e59ee6daebb04e1d,12,DIODORUS,d91dad02f8da03cf6702fa7edec531da5e56f526f466e2f04180f2a23a1cf315,1,1,3,3
C0,ud23,PLUTARCH,ef8134329970f595ef9ccf4198217affef5c01fa243d5bf4e59ee6daebb04e1d,12,HERODOTUS,89f0804afded8e7a0f4e1b507030d5ef4ecaf17e422c8b2969bd6b23e62818e6,1,0,25,0
C0,ud23,PLUTARCH,ef8134329970f595ef9ccf4198217affef5c01fa243d5bf4e59ee6daebb04e1d,12,HESIODIC_TRADITION,c4c0c7eaeca0d61d2e53f4f0642bfa382e91dd28b470d2f4da2ba8539fe0e7f7,1,1,6,6
C0,ud23,PLUTARCH,ef8134329970f595ef9ccf4198217affef5c01fa243d5bf4e59ee6daebb04e1d,12,HOMERIC_TRADITION,209ee9f27c82f31d31eb16124569039d7847ed327f3a0f2b5c4eae048347e621,1,1,4,4
C0,ud23,PLUTARCH,ef8134329970f595ef9ccf4198217affef5c01fa243d5bf4e59ee6daebb04e1d,12,THUCYDIDES,1a32cf6857284fff7c7f006f8d0cd4ab15a047af7a4bcd5613d1fd50789dd4ee,1,0,4,0
C0,ud23,PLUTARCH,ef8134329970f595ef9ccf4198217affef5c01fa243d5bf4e59ee6daebb04e1d,13,ATHENAEUS,4352f04fcfd7cbe580caddf69f309034ffb967d5d1bc8a8e809498de5bf8d329,1,1,9,8
C0,ud23,PLUTARCH,ef8134329970f595ef9ccf4198217affef5c01fa243d5bf4e59ee6daebb04e1d,13,DIODORUS,d91dad02f8da03cf6702fa7edec531da5e56f526f466e2f04180f2a23a1cf315,1,1,12,8
C0,ud23,PLUTARCH,ef8134329970f595ef9ccf4198217affef5c01fa243d5bf4e59ee6daebb04e1d,13,HERODOTUS,89f0804afded8e7a0f4e1b507030d5ef4ecaf17e422c8b2969bd6b23e62818e6,1,1,10,8
C0,ud23,PLUTARCH,ef8134329970f595ef9ccf4198217affef5c01fa243d5bf4e59ee6daebb04e1d,13,HESIODIC_TRADITION,c4c0c7eaeca0d61d2e53f4f0642bfa382e91dd28b470d2f4da2ba8539fe0e7f7,1,1,15,8
C0,ud23,PLUTARCH,ef8134329970f595ef9ccf4198217affef5c01fa243d5bf4e59ee6daebb04e1d,13,HOMERIC_TRADITION,209ee9f27c82f31d31eb16124569039d7847ed327f3a0f2b5c4eae048347e621,1,0,3,0
C0,ud23,PLUTARCH,ef8134329970f595ef9ccf4198217affef5c01fa243d5bf4e59ee6daebb04e1d,13,THUCYDIDES,1a32cf6857284fff7c7f006f8d0cd4ab15a047af7a4bcd5613d1fd50789dd4ee,1,1,13,8
C0,ud23,PLUTARCH,ef8134329970f595ef9ccf4198217affef5c01fa243d5bf4e59ee6daebb04e1d,14,ATHENAEUS,4352f04fcfd7cbe580caddf69f309034ffb967d5d1bc8a8e809498de5bf8d329,1,0,2,0
C0,ud23,PLUTARCH,ef8134329970f595ef9ccf4198217affef5c01fa243d5bf4e59ee6daebb04e1d,14,DIODORUS,d91dad02f8da03cf6702fa7edec531da5e56f526f466e2f04180f2a23a1cf315,1,1,1,1
C0,ud23,PLUTARCH,ef8134329970f595ef9ccf4198217affef5c01fa243d5bf4e59ee6daebb04e1d,14,HERODOTUS,89f0804afded8e7a0f4e1b507030d5ef4ecaf17e422c8b2969bd6b23e62818e6,1,1,7,7
C0,ud23,PLUTARCH,ef8134329970f595ef9ccf4198217affef5c01fa243d5bf4e59ee6daebb04e1d,14,HESIODIC_TRADITION,c4c0c7eaeca0d61d2e53f4f0642bfa382e91dd28b470d2f4da2ba8539fe0e7f7,1,1,4,4
C0,ud23,PLUTARCH,ef8134329970f595ef9ccf4198217affef5c01fa243d5bf4e59ee6daebb04e1d,14,HOMERIC_TRADITION,209ee9f27c82f31d31eb16124569039d7847ed327f3a0f2b5c4eae048347e621,1,1,17,8
C0,ud23,PLUTARCH,ef8134329970f595ef9ccf4198217affef5c01fa243d5bf4e59ee6daebb04e1d,14,THUCYDIDES,1a32cf6857284fff7c7f006f8d0cd4ab15a047af7a4bcd5613d1fd50789dd4ee,1,1,7,7
C0,ud23,PLUTARCH,ef8134329970f595ef9ccf4198217affef5c01fa243d5bf4e59ee6daebb04e1d,15,ATHENAEUS,4352f04fcfd7cbe580caddf69f309034ffb967d5d1bc8a8e809498de5bf8d329,1,1,13,8
C0,ud23,PLUTARCH,ef8134329970f595ef9ccf4198217affef5c01fa243d5bf4e59ee6daebb04e1d,15,DIODORUS,d91dad02f8da03cf6702fa7edec531da5e56f526f466e2f04180f2a23a1cf315,0,0,0,0
C0,ud23,PLUTARCH,ef8134329970f595ef9ccf4198217affef5c01fa243d5bf4e59ee6daebb04e1d,15,HERODOTUS,89f0804afded8e7a0f4e1b507030d5ef4ecaf17e422c8b2969bd6b23e62818e6,1,1,14,8
C0,ud23,PLUTARCH,ef8134329970f595ef9ccf4198217affef5c01fa243d5bf4e59ee6daebb04e1d,15,HESIODIC_TRADITION,c4c0c7eaeca0d61d2e53f4f0642bfa382e91dd28b470d2f4da2ba8539fe0e7f7,1,1,3,3
C0,ud23,PLUTARCH,ef8134329970f595ef9ccf4198217affef5c01fa243d5bf4e59ee6daebb04e1d,15,HOMERIC_TRADITION,209ee9f27c82f31d31eb16124569039d7847ed327f3a0f2b5c4eae048347e621,0,0,0,0
C0,ud23,PLUTARCH,ef8134329970f595ef9ccf4198217affef5c01fa243d5bf4e59ee6daebb04e1d,15,THUCYDIDES,1a32cf6857284fff7c7f006f8d0cd4ab15a047af7a4bcd5613d1fd50789dd4ee,1,0,5,0
C0,ud23,PLUTARCH,ef8134329970f595ef9ccf4198217affef5c01fa243d5bf4e59ee6daebb04e1d,16,ATHENAEUS,4352f04fcfd7cbe580caddf69f309034ffb967d5d1bc8a8e809498de5bf8d329,1,1,12,8
C0,ud23,PLUTARCH,ef8134329970f595ef9ccf4198217affef5c01fa243d5bf4e59ee6daebb04e1d,16,DIODORUS,d91dad02f8da03cf6702fa7edec531da5e56f526f466e2f04180f2a23a1cf315,1,1,12,8
C0,ud23,PLUTARCH,ef8134329970f595ef9ccf4198217affef5c01fa243d5bf4e59ee6daebb04e1d,16,HERODOTUS,89f0804afded8e7a0f4e1b507030d5ef4ecaf17e422c8b2969bd6b23e62818e6,1,1,20,8
C0,ud23,PLUTARCH,ef8134329970f595ef9ccf4198217affef5c01fa243d5bf4e59ee6daebb04e1d,16,HESIODIC_TRADITION,c4c0c7eaeca0d61d2e53f4f0642bfa382e91dd28b470d2f4da2ba8539fe0e7f7,1,1,90,8
C0,ud23,PLUTARCH,ef8134329970f595ef9ccf4198217affef5c01fa243d5bf4e59ee6daebb04e1d,16,HOMERIC_TRADITION,209ee9f27c82f31d31eb16124569039d7847ed327f3a0f2b5c4eae048347e621,1,1,12,8
C0,ud23,PLUTARCH,ef8134329970f595ef9ccf4198217affef5c01fa243d5bf4e59ee6daebb04e1d,16,THUCYDIDES,1a32cf6857284fff7c7f006f8d0cd4ab15a047af7a4bcd5613d1fd50789dd4ee,1,1,7,7
C0,ud23,PLUTARCH,ef8134329970f595ef9ccf4198217affef5c01fa243d5bf4e59ee6daebb04e1d,17,ATHENAEUS,4352f04fcfd7cbe580caddf69f309034ffb967d5d1bc8a8e809498de5bf8d329,1,1,6,6
C0,ud23,PLUTARCH,ef8134329970f595ef9ccf4198217affef5c01fa243d5bf4e59ee6daebb04e1d,17,DIODORUS,d91dad02f8da03cf6702fa7edec531da5e56f526f466e2f04180f2a23a1cf315,1,1,28,8
C0,ud23,PLUTARCH,ef8134329970f595ef9ccf4198217affef5c01fa243d5bf4e59ee6daebb04e1d,17,HERODOTUS,89f0804afded8e7a0f4e1b507030d5ef4ecaf17e422c8b2969bd6b23e62818e6,1,1,9,8
C0,ud23,PLUTARCH,ef8134329970f595ef9ccf4198217affef5c01fa243d5bf4e59ee6daebb04e1d,17,HESIODIC_TRADITION,c4c0c7eaeca0d61d2e53f4f0642bfa382e91dd28b470d2f4da2ba8539fe0e7f7,0,0,0,0
C0,ud23,PLUTARCH,ef8134329970f595ef9ccf4198217affef5c01fa243d5bf4e59ee6daebb04e1d,17,HOMERIC_TRADITION,209ee9f27c82f31d31eb16124569039d7847ed327f3a0f2b5c4eae048347e621,1,1,1,1
C0,ud23,PLUTARCH,ef8134329970f595ef9ccf4198217affef5c01fa243d5bf4e59ee6daebb04e1d,17,THUCYDIDES,1a32cf6857284fff7c7f006f8d0cd4ab15a047af7a4bcd5613d1fd50789dd4ee,1,1,3,3
C0,ud23,PLUTARCH,ef8134329970f595ef9ccf4198217affef5c01fa243d5bf4e59ee6daebb04e1d,18,ATHENAEUS,4352f04fcfd7cbe580caddf69f309034ffb967d5d1bc8a8e809498de5bf8d329,1,1,10,8
C0,ud23,PLUTARCH,ef8134329970f595ef9ccf4198217affef5c01fa243d5bf4e59ee6daebb04e1d,18,DIODORUS,d91dad02f8da03cf6702fa7edec531da5e56f526f466e2f04180f2a23a1cf315,1,1,11,8
C0,ud23,PLUTARCH,ef8134329970f595ef9ccf4198217affef5c01fa243d5bf4e59ee6daebb04e1d,18,HERODOTUS,89f0804afded8e7a0f4e1b507030d5ef4ecaf17e422c8b2969bd6b23e62818e6,1,1,18,8
C0,ud23,PLUTARCH,ef8134329970f595ef9ccf4198217affef5c01fa243d5bf4e59ee6daebb04e1d,18,HESIODIC_TRADITION,c4c0c7eaeca0d61d2e53f4f0642bfa382e91dd28b470d2f4da2ba8539fe0e7f7,1,1,12,8
C0,ud23,PLUTARCH,ef8134329970f595ef9ccf4198217affef5c01fa243d5bf4e59ee6daebb04e1d,18,HOMERIC_TRADITION,209ee9f27c82f31d31eb16124569039d7847ed327f3a0f2b5c4eae048347e621,1,1,24,8
C0,ud23,PLUTARCH,ef8134329970f595ef9ccf4198217affef5c01fa243d5bf4e59ee6daebb04e1d,18,THUCYDIDES,1a32cf6857284fff7c7f006f8d0cd4ab15a047af7a4bcd5613d1fd50789dd4ee,1,0,7,0
C0,ud23,PLUTARCH,ef8134329970f595ef9ccf4198217affef5c01fa243d5bf4e59ee6daebb04e1d,19,ATHENAEUS,4352f04fcfd7cbe580caddf69f309034ffb967d5d1bc8a8e809498de5bf8d329,1,1,14,8
C0,ud23,PLUTARCH,ef8134329970f595ef9ccf4198217affef5c01fa243d5bf4e59ee6daebb04e1d,19,DIODORUS,d91dad02f8da03cf6702fa7edec531da5e56f526f466e2f04180f2a23a1cf315,1,1,20,8
C0,ud23,PLUTARCH,ef8134329970f595ef9ccf4198217affef5c01fa243d5bf4e59ee6daebb04e1d,19,HERODOTUS,89f0804afded8e7a0f4e1b507030d5ef4ecaf17e422c8b2969bd6b23e62818e6,1,1,16,8
C0,ud23,PLUTARCH,ef8134329970f595ef9ccf4198217affef5c01fa243d5bf4e59ee6daebb04e1d,19,HESIODIC_TRADITION,c4c0c7eaeca0d61d2e53f4f0642bfa382e91dd28b470d2f4da2ba8539fe0e7f7,1,0,11,0
C0,ud23,PLUTARCH,ef8134329970f595ef9ccf4198217affef5c01fa243d5bf4e59ee6daebb04e1d,19,HOMERIC_TRADITION,209ee9f27c82f31d31eb16124569039d7847ed327f3a0f2b5c4eae048347e621,1,1,7,7
C0,ud23,PLUTARCH,ef8134329970f595ef9ccf4198217affef5c01fa243d5bf4e59ee6daebb04e1d,19,THUCYDIDES,1a32cf6857284fff7c7f006f8d0cd4ab15a047af7a4bcd5613d1fd50789dd4ee,1,1,1,1
D12,ud23,THUCYDIDES,1a32cf6857284fff7c7f006f8d0cd4ab15a047af7a4bcd5613d1fd50789dd4ee,0,ATHENAEUS,4352f04fcfd7cbe580caddf69f309034ffb967d5d1bc8a8e809498de5bf8d329,1,0,4,0
D12,ud23,THUCYDIDES,1a32cf6857284fff7c7f006f8d0cd4ab15a047af7a4bcd5613d1fd50789dd4ee,0,DIODORUS,d91dad02f8da03cf6702fa7edec531da5e56f526f466e2f04180f2a23a1cf315,1,1,7,7
D12,ud23,THUCYDIDES,1a32cf6857284fff7c7f006f8d0cd4ab15a047af7a4bcd5613d1fd50789dd4ee,0,HERODOTUS,89f0804afded8e7a0f4e1b507030d5ef4ecaf17e422c8b2969bd6b23e62818e6,1,1,30,12
D12,ud23,THUCYDIDES,1a32cf6857284fff7c7f006f8d0cd4ab15a047af7a4bcd5613d1fd50789dd4ee,0,HESIODIC_TRADITION,c4c0c7eaeca0d61d2e53f4f0642bfa382e91dd28b470d2f4da2ba8539fe0e7f7,1,1,2,2
D12,ud23,THUCYDIDES,1a32cf6857284fff7c7f006f8d0cd4ab15a047af7a4bcd5613d1fd50789dd4ee,0,HOMERIC_TRADITION,209ee9f27c82f31d31eb16124569039d7847ed327f3a0f2b5c4eae048347e621,1,1,3,3
D12,ud23,THUCYDIDES,1a32cf6857284fff7c7f006f8d0cd4ab15a047af7a4bcd5613d1fd50789dd4ee,0,PLUTARCH,ef8134329970f595ef9ccf4198217affef5c01fa243d5bf4e59ee6daebb04e1d,0,0,0,0
D12,ud23,THUCYDIDES,1a32cf6857284fff7c7f006f8d0cd4ab15a047af7a4bcd5613d1fd50789dd4ee,1,ATHENAEUS,4352f04fcfd7cbe580caddf69f309034ffb967d5d1bc8a8e809498de5bf8d329,1,1,6,6
D12,ud23,THUCYDIDES,1a32cf6857284fff7c7f006f8d0cd4ab15a047af7a4bcd5613d1fd50789dd4ee,1,DIODORUS,d91dad02f8da03cf6702fa7edec531da5e56f526f466e2f04180f2a23a1cf315,0,0,0,0
D12,ud23,THUCYDIDES,1a32cf6857284fff7c7f006f8d0cd4ab15a047af7a4bcd5613d1fd50789dd4ee,1,HERODOTUS,89f0804afded8e7a0f4e1b507030d5ef4ecaf17e422c8b2969bd6b23e62818e6,1,1,10,10
D12,ud23,THUCYDIDES,1a32cf6857284fff7c7f006f8d0cd4ab15a047af7a4bcd5613d1fd50789dd4ee,1,HESIODIC_TRADITION,c4c0c7eaeca0d61d2e53f4f0642bfa382e91dd28b470d2f4da2ba8539fe0e7f7,0,0,0,0
D12,ud23,THUCYDIDES,1a32cf6857284fff7c7f006f8d0cd4ab15a047af7a4bcd5613d1fd50789dd4ee,1,HOMERIC_TRADITION,209ee9f27c82f31d31eb16124569039d7847ed327f3a0f2b5c4eae048347e621,1,0,13,0
D12,ud23,THUCYDIDES,1a32cf6857284fff7c7f006f8d0cd4ab15a047af7a4bcd5613d1fd50789dd4ee,1,PLUTARCH,ef8134329970f595ef9ccf4198217affef5c01fa243d5bf4e59ee6daebb04e1d,0,0,0,0
D12,ud23,THUCYDIDES,1a32cf6857284fff7c7f006f8d0cd4ab15a047af7a4bcd5613d1fd50789dd4ee,2,ATHENAEUS,4352f04fcfd7cbe580caddf69f309034ffb967d5d1bc8a8e809498de5bf8d329,1,1,5,5
D12,ud23,THUCYDIDES,1a32cf6857284fff7c7f006f8d0cd4ab15a047af7a4bcd5613d1fd50789dd4ee,2,DIODORUS,d91dad02f8da03cf6702fa7edec531da5e56f526f466e2f04180f2a23a1cf315,1,1,14,12
D12,ud23,THUCYDIDES,1a32cf6857284fff7c7f006f8d0cd4ab15a047af7a4bcd5613d1fd50789dd4ee,2,HERODOTUS,89f0804afded8e7a0f4e1b507030d5ef4ecaf17e422c8b2969bd6b23e62818e6,1,0,5,0
D12,ud23,THUCYDIDES,1a32cf6857284fff7c7f006f8d0cd4ab15a047af7a4bcd5613d1fd50789dd4ee,2,HESIODIC_TRADITION,c4c0c7eaeca0d61d2e53f4f0642bfa382e91dd28b470d2f4da2ba8539fe0e7f7,1,0,5,0
D12,ud23,THUCYDIDES,1a32cf6857284fff7c7f006f8d0cd4ab15a047af7a4bcd5613d1fd50789dd4ee,2,HOMERIC_TRADITION,209ee9f27c82f31d31eb16124569039d7847ed327f3a0f2b5c4eae048347e621,1,1,8,8
D12,ud23,THUCYDIDES,1a32cf6857284fff7c7f006f8d0cd4ab15a047af7a4bcd5613d1fd50789dd4ee,2,PLUTARCH,ef8134329970f595ef9ccf4198217affef5c01fa243d5bf4e59ee6daebb04e1d,0,0,0,0
D12,ud23,THUCYDIDES,1a32cf6857284fff7c7f006f8d0cd4ab15a047af7a4bcd5613d1fd50789dd4ee,3,ATHENAEUS,4352f04fcfd7cbe580caddf69f309034ffb967d5d1bc8a8e809498de5bf8d329,1,1,12,12
D12,ud23,THUCYDIDES,1a32cf6857284fff7c7f006f8d0cd4ab15a047af7a4bcd5613d1fd50789dd4ee,3,DIODORUS,d91dad02f8da03cf6702fa7edec531da5e56f526f466e2f04180f2a23a1cf315,0,0,0,0
D12,ud23,THUCYDIDES,1a32cf6857284fff7c7f006f8d0cd4ab15a047af7a4bcd5613d1fd50789dd4ee,3,HERODOTUS,89f0804afded8e7a0f4e1b507030d5ef4ecaf17e422c8b2969bd6b23e62818e6,1,0,6,0
D12,ud23,THUCYDIDES,1a32cf6857284fff7c7f006f8d0cd4ab15a047af7a4bcd5613d1fd50789dd4ee,3,HESIODIC_TRADITION,c4c0c7eaeca0d61d2e53f4f0642bfa382e91dd28b470d2f4da2ba8539fe0e7f7,1,1,10,10
D12,ud23,THUCYDIDES,1a32cf6857284fff7c7f006f8d0cd4ab15a047af7a4bcd5613d1fd50789dd4ee,3,HOMERIC_TRADITION,209ee9f27c82f31d31eb16124569039d7847ed327f3a0f2b5c4eae048347e621,1,1,4,4
D12,ud23,THUCYDIDES,1a32cf6857284fff7c7f006f8d0cd4ab15a047af7a4bcd5613d1fd50789dd4ee,3,PLUTARCH,ef8134329970f595ef9ccf4198217affef5c01fa243d5bf4e59ee6daebb04e1d,0,0,0,0
D12,ud23,THUCYDIDES,1a32cf6857284fff7c7f006f8d0cd4ab15a047af7a4bcd5613d1fd50789dd4ee,4,ATHENAEUS,4352f04fcfd7cbe580caddf69f309034ffb967d5d1bc8a8e809498de5bf8d329,1,1,5,5
D12,ud23,THUCYDIDES,1a32cf6857284fff7c7f006f8d0cd4ab15a047af7a4bcd5613d1fd50789dd4ee,4,DIODORUS,d91dad02f8da03cf6702fa7edec531da5e56f526f466e2f04180f2a23a1cf315,1,1,10,10
D12,ud23,THUCYDIDES,1a32cf6857284fff7c7f006f8d0cd4ab15a047af7a4bcd5613d1fd50789dd4ee,4,HERODOTUS,89f0804afded8e7a0f4e1b507030d5ef4ecaf17e422c8b2969bd6b23e62818e6,1,1,27,12
D12,ud23,THUCYDIDES,1a32cf6857284fff7c7f006f8d0cd4ab15a047af7a4bcd5613d1fd50789dd4ee,4,HESIODIC_TRADITION,c4c0c7eaeca0d61d2e53f4f0642bfa382e91dd28b470d2f4da2ba8539fe0e7f7,1,1,1,1
D12,ud23,THUCYDIDES,1a32cf6857284fff7c7f006f8d0cd4ab15a047af7a4bcd5613d1fd50789dd4ee,4,HOMERIC_TRADITION,209ee9f27c82f31d31eb16124569039d7847ed327f3a0f2b5c4eae048347e621,1,1,13,12
D12,ud23,THUCYDIDES,1a32cf6857284fff7c7f006f8d0cd4ab15a047af7a4bcd5613d1fd50789dd4ee,4,PLUTARCH,ef8134329970f595ef9ccf4198217affef5c01fa243d5bf4e59ee6daebb04e1d,0,0,0,0
D12,ud23,THUCYDIDES,1a32cf6857284fff7c7f006f8d0cd4ab15a047af7a4bcd5613d1fd50789dd4ee,5,ATHENAEUS,4352f04fcfd7cbe580caddf69f309034ffb967d5d1bc8a8e809498de5bf8d329,1,1,40,12
D12,ud23,THUCYDIDES,1a32cf6857284fff7c7f006f8d0cd4ab15a047af7a4bcd5613d1fd50789dd4ee,5,DIODORUS,d91dad02f8da03cf6702fa7edec531da5e56f526f466e2f04180f2a23a1cf315,1,1,1,1
D12,ud23,THUCYDIDES,1a32cf6857284fff7c7f006f8d0cd4ab15a047af7a4bcd5613d1fd50789dd4ee,5,HERODOTUS,89f0804afded8e7a0f4e1b507030d5ef4ecaf17e422c8b2969bd6b23e62818e6,1,1,2,2
D12,ud23,THUCYDIDES,1a32cf6857284fff7c7f006f8d0cd4ab15a047af7a4bcd5613d1fd50789dd4ee,5,HESIODIC_TRADITION,c4c0c7eaeca0d61d2e53f4f0642bfa382e91dd28b470d2f4da2ba8539fe0e7f7,1,1,4,4
D12,ud23,THUCYDIDES,1a32cf6857284fff7c7f006f8d0cd4ab15a047af7a4bcd5613d1fd50789dd4ee,5,HOMERIC_TRADITION,209ee9f27c82f31d31eb16124569039d7847ed327f3a0f2b5c4eae048347e621,1,0,20,0
D12,ud23,THUCYDIDES,1a32cf6857284fff7c7f006f8d0cd4ab15a047af7a4bcd5613d1fd50789dd4ee,5,PLUTARCH,ef8134329970f595ef9ccf4198217affef5c01fa243d5bf4e59ee6daebb04e1d,0,0,0,0
D12,ud23,THUCYDIDES,1a32cf6857284fff7c7f006f8d0cd4ab15a047af7a4bcd5613d1fd50789dd4ee,6,ATHENAEUS,4352f04fcfd7cbe580caddf69f309034ffb967d5d1bc8a8e809498de5bf8d329,1,1,9,9
D12,ud23,THUCYDIDES,1a32cf6857284fff7c7f006f8d0cd4ab15a047af7a4bcd5613d1fd50789dd4ee,6,DIODORUS,d91dad02f8da03cf6702fa7edec531da5e56f526f466e2f04180f2a23a1cf315,0,0,0,0
D12,ud23,THUCYDIDES,1a32cf6857284fff7c7f006f8d0cd4ab15a047af7a4bcd5613d1fd50789dd4ee,6,HERODOTUS,89f0804afded8e7a0f4e1b507030d5ef4ecaf17e422c8b2969bd6b23e62818e6,1,1,4,4
D12,ud23,THUCYDIDES,1a32cf6857284fff7c7f006f8d0cd4ab15a047af7a4bcd5613d1fd50789dd4ee,6,HESIODIC_TRADITION,c4c0c7eaeca0d61d2e53f4f0642bfa382e91dd28b470d2f4da2ba8539fe0e7f7,1,1,13,12
D12,ud23,THUCYDIDES,1a32cf6857284fff7c7f006f8d0cd4ab15a047af7a4bcd5613d1fd50789dd4ee,6,HOMERIC_TRADITION,209ee9f27c82f31d31eb16124569039d7847ed327f3a0f2b5c4eae048347e621,1,1,4,4
D12,ud23,THUCYDIDES,1a32cf6857284fff7c7f006f8d0cd4ab15a047af7a4bcd5613d1fd50789dd4ee,6,PLUTARCH,ef8134329970f595ef9ccf4198217affef5c01fa243d5bf4e59ee6daebb04e1d,0,0,0,0
D12,ud23,THUCYDIDES,1a32cf6857284fff7c7f006f8d0cd4ab15a047af7a4bcd5613d1fd50789dd4ee,7,ATHENAEUS,4352f04fcfd7cbe580caddf69f309034ffb967d5d1bc8a8e809498de5bf8d329,1,0,15,0
D12,ud23,THUCYDIDES,1a32cf6857284fff7c7f006f8d0cd4ab15a047af7a4bcd5613d1fd50789dd4ee,7,DIODORUS,d91dad02f8da03cf6702fa7edec531da5e56f526f466e2f04180f2a23a1cf315,1,1,7,7
D12,ud23,THUCYDIDES,1a32cf6857284fff7c7f006f8d0cd4ab15a047af7a4bcd5613d1fd50789dd4ee,7,HERODOTUS,89f0804afded8e7a0f4e1b507030d5ef4ecaf17e422c8b2969bd6b23e62818e6,1,1,6,6
D12,ud23,THUCYDIDES,1a32cf6857284fff7c7f006f8d0cd4ab15a047af7a4bcd5613d1fd50789dd4ee,7,HESIODIC_TRADITION,c4c0c7eaeca0d61d2e53f4f0642bfa382e91dd28b470d2f4da2ba8539fe0e7f7,1,1,3,3
D12,ud23,THUCYDIDES,1a32cf6857284fff7c7f006f8d0cd4ab15a047af7a4bcd5613d1fd50789dd4ee,7,HOMERIC_TRADITION,209ee9f27c82f31d31eb16124569039d7847ed327f3a0f2b5c4eae048347e621,1,0,7,0
D12,ud23,THUCYDIDES,1a32cf6857284fff7c7f006f8d0cd4ab15a047af7a4bcd5613d1fd50789dd4ee,7,PLUTARCH,ef8134329970f595ef9ccf4198217affef5c01fa243d5bf4e59ee6daebb04e1d,0,0,0,0
D12,ud23,THUCYDIDES,1a32cf6857284fff7c7f006f8d0cd4ab15a047af7a4bcd5613d1fd50789dd4ee,8,ATHENAEUS,4352f04fcfd7cbe580caddf69f309034ffb967d5d1bc8a8e809498de5bf8d329,1,1,22,12
D12,ud23,THUCYDIDES,1a32cf6857284fff7c7f006f8d0cd4ab15a047af7a4bcd5613d1fd50789dd4ee,8,DIODORUS,d91dad02f8da03cf6702fa7edec531da5e56f526f466e2f04180f2a23a1cf315,1,1,4,4
D12,ud23,THUCYDIDES,1a32cf6857284fff7c7f006f8d0cd4ab15a047af7a4bcd5613d1fd50789dd4ee,8,HERODOTUS,89f0804afded8e7a0f4e1b507030d5ef4ecaf17e422c8b2969bd6b23e62818e6,1,0,11,0
D12,ud23,THUCYDIDES,1a32cf6857284fff7c7f006f8d0cd4ab15a047af7a4bcd5613d1fd50789dd4ee,8,HESIODIC_TRADITION,c4c0c7eaeca0d61d2e53f4f0642bfa382e91dd28b470d2f4da2ba8539fe0e7f7,1,0,9,0
D12,ud23,THUCYDIDES,1a32cf6857284fff7c7f006f8d0cd4ab15a047af7a4bcd5613d1fd50789dd4ee,8,HOMERIC_TRADITION,209ee9f27c82f31d31eb16124569039d7847ed327f3a0f2b5c4eae048347e621,1,0,2,0
D12,ud23,THUCYDIDES,1a32cf6857284fff7c7f006f8d0cd4ab15a047af7a4bcd5613d1fd50789dd4ee,8,PLUTARCH,ef8134329970f595ef9ccf4198217affef5c01fa243d5bf4e59ee6daebb04e1d,0,0,0,0
D12,ud23,THUCYDIDES,1a32cf6857284fff7c7f006f8d0cd4ab15a047af7a4bcd5613d1fd50789dd4ee,9,ATHENAEUS,4352f04fcfd7cbe580caddf69f309034ffb967d5d1bc8a8e809498de5bf8d329,1,1,17,12
D12,ud23,THUCYDIDES,1a32cf6857284fff7c7f006f8d0cd4ab15a047af7a4bcd5613d1fd50789dd4ee,9,DIODORUS,d91dad02f8da03cf6702fa7edec531da5e56f526f466e2f04180f2a23a1cf315,1,1,16,12
D12,ud23,THUCYDIDES,1a32cf6857284fff7c7f006f8d0cd4ab15a047af7a4bcd5613d1fd50789dd4ee,9,HERODOTUS,89f0804afded8e7a0f4e1b507030d5ef4ecaf17e422c8b2969bd6b23e62818e6,1,1,15,12
D12,ud23,THUCYDIDES,1a32cf6857284fff7c7f006f8d0cd4ab15a047af7a4bcd5613d1fd50789dd4ee,9,HESIODIC_TRADITION,c4c0c7eaeca0d61d2e53f4f0642bfa382e91dd28b470d2f4da2ba8539fe0e7f7,1,1,3,3
D12,ud23,THUCYDIDES,1a32cf6857284fff7c7f006f8d0cd4ab15a047af7a4bcd5613d1fd50789dd4ee,9,HOMERIC_TRADITION,209ee9f27c82f31d31eb16124569039d7847ed327f3a0f2b5c4eae048347e621,1,1,11,11
D12,ud23,THUCYDIDES,1a32cf6857284fff7c7f006f8d0cd4ab15a047af7a4bcd5613d1fd50789dd4ee,9,PLUTARCH,ef8134329970f595ef9ccf4198217affef5c01fa243d5bf4e59ee6daebb04e1d,0,0,0,0
D12,ud23,HOMERIC_TRADITION,209ee9f27c82f31d31eb16124569039d7847ed327f3a0f2b5c4eae048347e621,0,ATHENAEUS,4352f04fcfd7cbe580caddf69f309034ffb967d5d1bc8a8e809498de5bf8d329,1,0,13,0
D12,ud23,HOMERIC_TRADITION,209ee9f27c82f31d31eb16124569039d7847ed327f3a0f2b5c4eae048347e621,0,DIODORUS,d91dad02f8da03cf6702fa7edec531da5e56f526f466e2f04180f2a23a1cf315,1,1,12,12
D12,ud23,HOMERIC_TRADITION,209ee9f27c82f31d31eb16124569039d7847ed327f3a0f2b5c4eae048347e621,0,HERODOTUS,89f0804afded8e7a0f4e1b507030d5ef4ecaf17e422c8b2969bd6b23e62818e6,1,1,19,12
D12,ud23,HOMERIC_TRADITION,209ee9f27c82f31d31eb16124569039d7847ed327f3a0f2b5c4eae048347e621,0,HESIODIC_TRADITION,c4c0c7eaeca0d61d2e53f4f0642bfa382e91dd28b470d2f4da2ba8539fe0e7f7,1,1,4,4
D12,ud23,HOMERIC_TRADITION,209ee9f27c82f31d31eb16124569039d7847ed327f3a0f2b5c4eae048347e621,0,PLUTARCH,ef8134329970f595ef9ccf4198217affef5c01fa243d5bf4e59ee6daebb04e1d,0,0,0,0
D12,ud23,HOMERIC_TRADITION,209ee9f27c82f31d31eb16124569039d7847ed327f3a0f2b5c4eae048347e621,0,THUCYDIDES,1a32cf6857284fff7c7f006f8d0cd4ab15a047af7a4bcd5613d1fd50789dd4ee,1,1,11,11
D12,ud23,HOMERIC_TRADITION,209ee9f27c82f31d31eb16124569039d7847ed327f3a0f2b5c4eae048347e621,1,ATHENAEUS,4352f04fcfd7cbe580caddf69f309034ffb967d5d1bc8a8e809498de5bf8d329,1,1,2,2
D12,ud23,HOMERIC_TRADITION,209ee9f27c82f31d31eb16124569039d7847ed327f3a0f2b5c4eae048347e621,1,DIODORUS,d91dad02f8da03cf6702fa7edec531da5e56f526f466e2f04180f2a23a1cf315,1,1,4,4
D12,ud23,HOMERIC_TRADITION,209ee9f27c82f31d31eb16124569039d7847ed327f3a0f2b5c4eae048347e621,1,HERODOTUS,89f0804afded8e7a0f4e1b507030d5ef4ecaf17e422c8b2969bd6b23e62818e6,1,1,11,11
D12,ud23,HOMERIC_TRADITION,209ee9f27c82f31d31eb16124569039d7847ed327f3a0f2b5c4eae048347e621,1,HESIODIC_TRADITION,c4c0c7eaeca0d61d2e53f4f0642bfa382e91dd28b470d2f4da2ba8539fe0e7f7,1,1,7,7
D12,ud23,HOMERIC_TRADITION,209ee9f27c82f31d31eb16124569039d7847ed327f3a0f2b5c4eae048347e621,1,PLUTARCH,ef8134329970f595ef9ccf4198217affef5c01fa243d5bf4e59ee6daebb04e1d,0,0,0,0
D12,ud23,HOMERIC_TRADITION,209ee9f27c82f31d31eb16124569039d7847ed327f3a0f2b5c4eae048347e621,1,THUCYDIDES,1a32cf6857284fff7c7f006f8d0cd4ab15a047af7a4bcd5613d1fd50789dd4ee,0,0,0,0
D12,ud23,HOMERIC_TRADITION,209ee9f27c82f31d31eb16124569039d7847ed327f3a0f2b5c4eae048347e621,2,ATHENAEUS,4352f04fcfd7cbe580caddf69f309034ffb967d5d1bc8a8e809498de5bf8d329,1,0,13,0
D12,ud23,HOMERIC_TRADITION,209ee9f27c82f31d31eb16124569039d7847ed327f3a0f2b5c4eae048347e621,2,DIODORUS,d91dad02f8da03cf6702fa7edec531da5e56f526f466e2f04180f2a23a1cf315,1,1,21,12
D12,ud23,HOMERIC_TRADITION,209ee9f27c82f31d31eb16124569039d7847ed327f3a0f2b5c4eae048347e621,2,HERODOTUS,89f0804afded8e7a0f4e1b507030d5ef4ecaf17e422c8b2969bd6b23e62818e6,1,1,1,1
D12,ud23,HOMERIC_TRADITION,209ee9f27c82f31d31eb16124569039d7847ed327f3a0f2b5c4eae048347e621,2,HESIODIC_TRADITION,c4c0c7eaeca0d61d2e53f4f0642bfa382e91dd28b470d2f4da2ba8539fe0e7f7,1,0,4,0
D12,ud23,HOMERIC_TRADITION,209ee9f27c82f31d31eb16124569039d7847ed327f3a0f2b5c4eae048347e621,2,PLUTARCH,ef8134329970f595ef9ccf4198217affef5c01fa243d5bf4e59ee6daebb04e1d,0,0,0,0
D12,ud23,HOMERIC_TRADITION,209ee9f27c82f31d31eb16124569039d7847ed327f3a0f2b5c4eae048347e621,2,THUCYDIDES,1a32cf6857284fff7c7f006f8d0cd4ab15a047af7a4bcd5613d1fd50789dd4ee,1,1,8,8
D12,ud23,HOMERIC_TRADITION,209ee9f27c82f31d31eb16124569039d7847ed327f3a0f2b5c4eae048347e621,3,ATHENAEUS,4352f04fcfd7cbe580caddf69f309034ffb967d5d1bc8a8e809498de5bf8d329,1,1,8,8
D12,ud23,HOMERIC_TRADITION,209ee9f27c82f31d31eb16124569039d7847ed327f3a0f2b5c4eae048347e621,3,DIODORUS,d91dad02f8da03cf6702fa7edec531da5e56f526f466e2f04180f2a23a1cf315,1,1,3,3
D12,ud23,HOMERIC_TRADITION,209ee9f27c82f31d31eb16124569039d7847ed327f3a0f2b5c4eae048347e621,3,HERODOTUS,89f0804afded8e7a0f4e1b507030d5ef4ecaf17e422c8b2969bd6b23e62818e6,1,1,4,4
D12,ud23,HOMERIC_TRADITION,209ee9f27c82f31d31eb16124569039d7847ed327f3a0f2b5c4eae048347e621,3,HESIODIC_TRADITION,c4c0c7eaeca0d61d2e53f4f0642bfa382e91dd28b470d2f4da2ba8539fe0e7f7,1,1,2,2
D12,ud23,HOMERIC_TRADITION,209ee9f27c82f31d31eb16124569039d7847ed327f3a0f2b5c4eae048347e621,3,PLUTARCH,ef8134329970f595ef9ccf4198217affef5c01fa243d5bf4e59ee6daebb04e1d,0,0,0,0
D12,ud23,HOMERIC_TRADITION,209ee9f27c82f31d31eb16124569039d7847ed327f3a0f2b5c4eae048347e621,3,THUCYDIDES,1a32cf6857284fff7c7f006f8d0cd4ab15a047af7a4bcd5613d1fd50789dd4ee,1,1,15,12
D12,ud23,HOMERIC_TRADITION,209ee9f27c82f31d31eb16124569039d7847ed327f3a0f2b5c4eae048347e621,4,ATHENAEUS,4352f04fcfd7cbe580caddf69f309034ffb967d5d1bc8a8e809498de5bf8d329,1,1,7,7
D12,ud23,HOMERIC_TRADITION,209ee9f27c82f31d31eb16124569039d7847ed327f3a0f2b5c4eae048347e621,4,DIODORUS,d91dad02f8da03cf6702fa7edec531da5e56f526f466e2f04180f2a23a1cf315,1,1,30,12
D12,ud23,HOMERIC_TRADITION,209ee9f27c82f31d31eb16124569039d7847ed327f3a0f2b5c4eae048347e621,4,HERODOTUS,89f0804afded8e7a0f4e1b507030d5ef4ecaf17e422c8b2969bd6b23e62818e6,0,0,0,0
D12,ud23,HOMERIC_TRADITION,209ee9f27c82f31d31eb16124569039d7847ed327f3a0f2b5c4eae048347e621,4,HESIODIC_TRADITION,c4c0c7eaeca0d61d2e53f4f0642bfa382e91dd28b470d2f4da2ba8539fe0e7f7,1,1,7,7
D12,ud23,HOMERIC_TRADITION,209ee9f27c82f31d31eb16124569039d7847ed327f3a0f2b5c4eae048347e621,4,PLUTARCH,ef8134329970f595ef9ccf4198217affef5c01fa243d5bf4e59ee6daebb04e1d,0,0,0,0
D12,ud23,HOMERIC_TRADITION,209ee9f27c82f31d31eb16124569039d7847ed327f3a0f2b5c4eae048347e621,4,THUCYDIDES,1a32cf6857284fff7c7f006f8d0cd4ab15a047af7a4bcd5613d1fd50789dd4ee,1,1,9,9
D12,ud23,HOMERIC_TRADITION,209ee9f27c82f31d31eb16124569039d7847ed327f3a0f2b5c4eae048347e621,5,ATHENAEUS,4352f04fcfd7cbe580caddf69f309034ffb967d5d1bc8a8e809498de5bf8d329,1,1,8,8
D12,ud23,HOMERIC_TRADITION,209ee9f27c82f31d31eb16124569039d7847ed327f3a0f2b5c4eae048347e621,5,DIODORUS,d91dad02f8da03cf6702fa7edec531da5e56f526f466e2f04180f2a23a1cf315,1,1,6,6
D12,ud23,HOMERIC_TRADITION,209ee9f27c82f31d31eb16124569039d7847ed327f3a0f2b5c4eae048347e621,5,HERODOTUS,89f0804afded8e7a0f4e1b507030d5ef4ecaf17e422c8b2969bd6b23e62818e6,1,1,6,6
D12,ud23,HOMERIC_TRADITION,209ee9f27c82f31d31eb16124569039d7847ed327f3a0f2b5c4eae048347e621,5,HESIODIC_TRADITION,c4c0c7eaeca0d61d2e53f4f0642bfa382e91dd28b470d2f4da2ba8539fe0e7f7,1,0,3,0
D12,ud23,HOMERIC_TRADITION,209ee9f27c82f31d31eb16124569039d7847ed327f3a0f2b5c4eae048347e621,5,PLUTARCH,ef8134329970f595ef9ccf4198217affef5c01fa243d5bf4e59ee6daebb04e1d,0,0,0,0
D12,ud23,HOMERIC_TRADITION,209ee9f27c82f31d31eb16124569039d7847ed327f3a0f2b5c4eae048347e621,5,THUCYDIDES,1a32cf6857284fff7c7f006f8d0cd4ab15a047af7a4bcd5613d1fd50789dd4ee,1,0,12,0
D12,ud23,HOMERIC_TRADITION,209ee9f27c82f31d31eb16124569039d7847ed327f3a0f2b5c4eae048347e621,6,ATHENAEUS,4352f04fcfd7cbe580caddf69f309034ffb967d5d1bc8a8e809498de5bf8d329,1,1,5,5
D12,ud23,HOMERIC_TRADITION,209ee9f27c82f31d31eb16124569039d7847ed327f3a0f2b5c4eae048347e621,6,DIODORUS,d91dad02f8da03cf6702fa7edec531da5e56f526f466e2f04180f2a23a1cf315,1,1,14,12
D12,ud23,HOMERIC_TRADITION,209ee9f27c82f31d31eb16124569039d7847ed327f3a0f2b5c4eae048347e621,6,HERODOTUS,89f0804afded8e7a0f4e1b507030d5ef4ecaf17e422c8b2969bd6b23e62818e6,1,1,1,1
D12,ud23,HOMERIC_TRADITION,209ee9f27c82f31d31eb16124569039d7847ed327f3a0f2b5c4eae048347e621,6,HESIODIC_TRADITION,c4c0c7eaeca0d61d2e53f4f0642bfa382e91dd28b470d2f4da2ba8539fe0e7f7,1,1,12,12
D12,ud23,HOMERIC_TRADITION,209ee9f27c82f31d31eb16124569039d7847ed327f3a0f2b5c4eae048347e621,6,PLUTARCH,ef8134329970f595ef9ccf4198217affef5c01fa243d5bf4e59ee6daebb04e1d,0,0,0,0
D12,ud23,HOMERIC_TRADITION,209ee9f27c82f31d31eb16124569039d7847ed327f3a0f2b5c4eae048347e621,6,THUCYDIDES,1a32cf6857284fff7c7f006f8d0cd4ab15a047af7a4bcd5613d1fd50789dd4ee,1,1,13,12
D12,ud23,HOMERIC_TRADITION,209ee9f27c82f31d31eb16124569039d7847ed327f3a0f2b5c4eae048347e621,7,ATHENAEUS,4352f04fcfd7cbe580caddf69f309034ffb967d5d1bc8a8e809498de5bf8d329,1,1,6,6
D12,ud23,HOMERIC_TRADITION,209ee9f27c82f31d31eb16124569039d7847ed327f3a0f2b5c4eae048347e621,7,DIODORUS,d91dad02f8da03cf6702fa7edec531da5e56f526f466e2f04180f2a23a1cf315,0,0,0,0
D12,ud23,HOMERIC_TRADITION,209ee9f27c82f31d31eb16124569039d7847ed327f3a0f2b5c4eae048347e621,7,HERODOTUS,89f0804afded8e7a0f4e1b507030d5ef4ecaf17e422c8b2969bd6b23e62818e6,1,0,17,0
D12,ud23,HOMERIC_TRADITION,209ee9f27c82f31d31eb16124569039d7847ed327f3a0f2b5c4eae048347e621,7,HESIODIC_TRADITION,c4c0c7eaeca0d61d2e53f4f0642bfa382e91dd28b470d2f4da2ba8539fe0e7f7,1,1,1,1
D12,ud23,HOMERIC_TRADITION,209ee9f27c82f31d31eb16124569039d7847ed327f3a0f2b5c4eae048347e621,7,PLUTARCH,ef8134329970f595ef9ccf4198217affef5c01fa243d5bf4e59ee6daebb04e1d,0,0,0,0
D12,ud23,HOMERIC_TRADITION,209ee9f27c82f31d31eb16124569039d7847ed327f3a0f2b5c4eae048347e621,7,THUCYDIDES,1a32cf6857284fff7c7f006f8d0cd4ab15a047af7a4bcd5613d1fd50789dd4ee,1,1,5,5
D12,ud23,HOMERIC_TRADITION,209ee9f27c82f31d31eb16124569039d7847ed327f3a0f2b5c4eae048347e621,8,ATHENAEUS,4352f04fcfd7cbe580caddf69f309034ffb967d5d1bc8a8e809498de5bf8d329,1,1,20,12
D12,ud23,HOMERIC_TRADITION,209ee9f27c82f31d31eb16124569039d7847ed327f3a0f2b5c4eae048347e621,8,DIODORUS,d91dad02f8da03cf6702fa7edec531da5e56f526f466e2f04180f2a23a1cf315,1,0,30,0
D12,ud23,HOMERIC_TRADITION,209ee9f27c82f31d31eb16124569039d7847ed327f3a0f2b5c4eae048347e621,8,HERODOTUS,89f0804afded8e7a0f4e1b507030d5ef4ecaf17e422c8b2969bd6b23e62818e6,1,1,3,3
D12,ud23,HOMERIC_TRADITION,209ee9f27c82f31d31eb16124569039d7847ed327f3a0f2b5c4eae048347e621,8,HESIODIC_TRADITION,c4c0c7eaeca0d61d2e53f4f0642bfa382e91dd28b470d2f4da2ba8539fe0e7f7,1,1,18,12
D12,ud23,HOMERIC_TRADITION,209ee9f27c82f31d31eb16124569039d7847ed327f3a0f2b5c4eae048347e621,8,PLUTARCH,ef8134329970f595ef9ccf4198217affef5c01fa243d5bf4e59ee6daebb04e1d,0,0,0,0
D12,ud23,HOMERIC_TRADITION,209ee9f27c82f31d31eb16124569039d7847ed327f3a0f2b5c4eae048347e621,8,THUCYDIDES,1a32cf6857284fff7c7f006f8d0cd4ab15a047af7a4bcd5613d1fd50789dd4ee,1,1,14,12
D12,ud23,HOMERIC_TRADITION,209ee9f27c82f31d31eb16124569039d7847ed327f3a0f2b5c4eae048347e621,9,ATHENAEUS,4352f04fcfd7cbe580caddf69f309034ffb967d5d1bc8a8e809498de5bf8d329,1,1,19,12
D12,ud23,HOMERIC_TRADITION,209ee9f27c82f31d31eb16124569039d7847ed327f3a0f2b5c4eae048347e621,9,DIODORUS,d91dad02f8da03cf6702fa7edec531da5e56f526f466e2f04180f2a23a1cf315,1,0,5,0
D12,ud23,HOMERIC_TRADITION,209ee9f27c82f31d31eb16124569039d7847ed327f3a0f2b5c4eae048347e621,9,HERODOTUS,89f0804afded8e7a0f4e1b507030d5ef4ecaf17e422c8b2969bd6b23e62818e6,1,1,3,3
D12,ud23,HOMERIC_TRADITION,209ee9f27c82f31d31eb16124569039d7847ed327f3a0f2b5c4eae048347e621,9,HESIODIC_TRADITION,c4c0c7eaeca0d61d2e53f4f0642bfa382e91dd28b470d2f4da2ba8539fe0e7f7,1,0,14,0
D12,ud23,HOMERIC_TRADITION,209ee9f27c82f31d31eb16124569039d7847ed327f3a0f2b5c4eae048347e621,9,PLUTARCH,ef8134329970f595ef9ccf4198217affef5c01fa243d5bf4e59ee6daebb04e1d,0,0,0,0
D12,ud23,HOMERIC_TRADITION,209ee9f27c82f31d31eb16124569039d7847ed327f3a0f2b5c4eae048347e621,9,THUCYDIDES,1a32cf6857284fff7c7f006f8d0cd4ab15a047af7a4bcd5613d1fd50789dd4ee,1,1,2,2
D12,ud23,ATHENAEUS,4352f04fcfd7cbe580caddf69f309034ffb967d5d1bc8a8e809498de5bf8d329,0,DIODORUS,d91dad02f8da03cf6702fa7edec531da5e56f526f466e2f04180f2a23a1cf315,1,1,8,8
D12,ud23,ATHENAEUS,4352f04fcfd7cbe580caddf69f309034ffb967d5d1bc8a8e809498de5bf8d329,0,HERODOTUS,89f0804afded8e7a0f4e1b507030d5ef4ecaf17e422c8b2969bd6b23e62818e6,1,0,3,0
D12,ud23,ATHENAEUS,4352f04fcfd7cbe580caddf69f309034ffb967d5d1bc8a8e809498de5bf8d329,0,HESIODIC_TRADITION,c4c0c7eaeca0d61d2e53f4f0642bfa382e91dd28b470d2f4da2ba8539fe0e7f7,1,1,13,12
D12,ud23,ATHENAEUS,4352f04fcfd7cbe580caddf69f309034ffb967d5d1bc8a8e809498de5bf8d329,0,HOMERIC_TRADITION,209ee9f27c82f31d31eb16124569039d7847ed327f3a0f2b5c4eae048347e621,1,1,3,3
D12,ud23,ATHENAEUS,4352f04fcfd7cbe580caddf69f309034ffb967d5d1bc8a8e809498de5bf8d329,0,PLUTARCH,ef8134329970f595ef9ccf4198217affef5c01fa243d5bf4e59ee6daebb04e1d,0,0,0,0
D12,ud23,ATHENAEUS,4352f04fcfd7cbe580caddf69f309034ffb967d5d1bc8a8e809498de5bf8d329,0,THUCYDIDES,1a32cf6857284fff7c7f006f8d0cd4ab15a047af7a4bcd5613d1fd50789dd4ee,1,1,16,12
D12,ud23,ATHENAEUS,4352f04fcfd7cbe580caddf69f309034ffb967d5d1bc8a8e809498de5bf8d329,1,DIODORUS,d91dad02f8da03cf6702fa7edec531da5e56f526f466e2f04180f2a23a1cf315,1,1,12,12
D12,ud23,ATHENAEUS,4352f04fcfd7cbe580caddf69f309034ffb967d5d1bc8a8e809498de5bf8d329,1,HERODOTUS,89f0804afded8e7a0f4e1b507030d5ef4ecaf17e422c8b2969bd6b23e62818e6,1,1,15,12
D12,ud23,ATHENAEUS,4352f04fcfd7cbe580caddf69f309034ffb967d5d1bc8a8e809498de5bf8d329,1,HESIODIC_TRADITION,c4c0c7eaeca0d61d2e53f4f0642bfa382e91dd28b470d2f4da2ba8539fe0e7f7,1,1,6,6
D12,ud23,ATHENAEUS,4352f04fcfd7cbe580caddf69f309034ffb967d5d1bc8a8e809498de5bf8d329,1,HOMERIC_TRADITION,209ee9f27c82f31d31eb16124569039d7847ed327f3a0f2b5c4eae048347e621,1,0,11,0
D12,ud23,ATHENAEUS,4352f04fcfd7cbe580caddf69f309034ffb967d5d1bc8a8e809498de5bf8d329,1,PLUTARCH,ef8134329970f595ef9ccf4198217affef5c01fa243d5bf4e59ee6daebb04e1d,0,0,0,0
D12,ud23,ATHENAEUS,4352f04fcfd7cbe580caddf69f309034ffb967d5d1bc8a8e809498de5bf8d329,1,THUCYDIDES,1a32cf6857284fff7c7f006f8d0cd4ab15a047af7a4bcd5613d1fd50789dd4ee,1,1,2,2
D12,ud23,ATHENAEUS,4352f04fcfd7cbe580caddf69f309034ffb967d5d1bc8a8e809498de5bf8d329,2,DIODORUS,d91dad02f8da03cf6702fa7edec531da5e56f526f466e2f04180f2a23a1cf315,1,1,2,2
D12,ud23,ATHENAEUS,4352f04fcfd7cbe580caddf69f309034ffb967d5d1bc8a8e809498de5bf8d329,2,HERODOTUS,89f0804afded8e7a0f4e1b507030d5ef4ecaf17e422c8b2969bd6b23e62818e6,1,1,11,11
D12,ud23,ATHENAEUS,4352f04fcfd7cbe580caddf69f309034ffb967d5d1bc8a8e809498de5bf8d329,2,HESIODIC_TRADITION,c4c0c7eaeca0d61d2e53f4f0642bfa382e91dd28b470d2f4da2ba8539fe0e7f7,1,1,3,3
D12,ud23,ATHENAEUS,4352f04fcfd7cbe580caddf69f309034ffb967d5d1bc8a8e809498de5bf8d329,2,HOMERIC_TRADITION,209ee9f27c82f31d31eb16124569039d7847ed327f3a0f2b5c4eae048347e621,1,1,3,3
D12,ud23,ATHENAEUS,4352f04fcfd7cbe580caddf69f309034ffb967d5d1bc8a8e809498de5bf8d329,2,PLUTARCH,ef8134329970f595ef9ccf4198217affef5c01fa243d5bf4e59ee6daebb04e1d,0,0,0,0
D12,ud23,ATHENAEUS,4352f04fcfd7cbe580caddf69f309034ffb967d5d1bc8a8e809498de5bf8d329,2,THUCYDIDES,1a32cf6857284fff7c7f006f8d0cd4ab15a047af7a4bcd5613d1fd50789dd4ee,1,1,2,2
D12,ud23,ATHENAEUS,4352f04fcfd7cbe580caddf69f309034ffb967d5d1bc8a8e809498de5bf8d329,3,DIODORUS,d91dad02f8da03cf6702fa7edec531da5e56f526f466e2f04180f2a23a1cf315,1,1,21,12
D12,ud23,ATHENAEUS,4352f04fcfd7cbe580caddf69f309034ffb967d5d1bc8a8e809498de5bf8d329,3,HERODOTUS,89f0804afded8e7a0f4e1b507030d5ef4ecaf17e422c8b2969bd6b23e62818e6,1,1,6,6
D12,ud23,ATHENAEUS,4352f04fcfd7cbe580caddf69f309034ffb967d5d1bc8a8e809498de5bf8d329,3,HESIODIC_TRADITION,c4c0c7eaeca0d61d2e53f4f0642bfa382e91dd28b470d2f4da2ba8539fe0e7f7,1,1,8,8
D12,ud23,ATHENAEUS,4352f04fcfd7cbe580caddf69f309034ffb967d5d1bc8a8e809498de5bf8d329,3,HOMERIC_TRADITION,209ee9f27c82f31d31eb16124569039d7847ed327f3a0f2b5c4eae048347e621,1,1,4,4
D12,ud23,ATHENAEUS,4352f04fcfd7cbe580caddf69f309034ffb967d5d1bc8a8e809498de5bf8d329,3,PLUTARCH,ef8134329970f595ef9ccf4198217affef5c01fa243d5bf4e59ee6daebb04e1d,0,0,0,0
D12,ud23,ATHENAEUS,4352f04fcfd7cbe580caddf69f309034ffb967d5d1bc8a8e809498de5bf8d329,3,THUCYDIDES,1a32cf6857284fff7c7f006f8d0cd4ab15a047af7a4bcd5613d1fd50789dd4ee,1,1,9,9
D12,ud23,ATHENAEUS,4352f04fcfd7cbe580caddf69f309034ffb967d5d1bc8a8e809498de5bf8d329,4,DIODORUS,d91dad02f8da03cf6702fa7edec531da5e56f526f466e2f04180f2a23a1cf315,1,1,14,12
D12,ud23,ATHENAEUS,4352f04fcfd7cbe580caddf69f309034ffb967d5d1bc8a8e809498de5bf8d329,4,HERODOTUS,89f0804afded8e7a0f4e1b507030d5ef4ecaf17e422c8b2969bd6b23e62818e6,1,1,1,1
D12,ud23,ATHENAEUS,4352f04fcfd7cbe580caddf69f309034ffb967d5d1bc8a8e809498de5bf8d329,4,HESIODIC_TRADITION,c4c0c7eaeca0d61d2e53f4f0642bfa382e91dd28b470d2f4da2ba8539fe0e7f7,1,1,5,5
D12,ud23,ATHENAEUS,4352f04fcfd7cbe580caddf69f309034ffb967d5d1bc8a8e809498de5bf8d329,4,HOMERIC_TRADITION,209ee9f27c82f31d31eb16124569039d7847ed327f3a0f2b5c4eae048347e621,1,1,12,12
D12,ud23,ATHENAEUS,4352f04fcfd7cbe580caddf69f309034ffb967d5d1bc8a8e809498de5bf8d329,4,PLUTARCH,ef8134329970f595ef9ccf4198217affef5c01fa243d5bf4e59ee6daebb04e1d,0,0,0,0
D12,ud23,ATHENAEUS,4352f04fcfd7cbe580caddf69f309034ffb967d5d1bc8a8e809498de5bf8d329,4,THUCYDIDES,1a32cf6857284fff7c7f006f8d0cd4ab15a047af7a4bcd5613d1fd50789dd4ee,1,1,4,4
D12,ud23,ATHENAEUS,4352f04fcfd7cbe580caddf69f309034ffb967d5d1bc8a8e809498de5bf8d329,5,DIODORUS,d91dad02f8da03cf6702fa7edec531da5e56f526f466e2f04180f2a23a1cf315,0,0,0,0
D12,ud23,ATHENAEUS,4352f04fcfd7cbe580caddf69f309034ffb967d5d1bc8a8e809498de5bf8d329,5,HERODOTUS,89f0804afded8e7a0f4e1b507030d5ef4ecaf17e422c8b2969bd6b23e62818e6,1,1,26,12
D12,ud23,ATHENAEUS,4352f04fcfd7cbe580caddf69f309034ffb967d5d1bc8a8e809498de5bf8d329,5,HESIODIC_TRADITION,c4c0c7eaeca0d61d2e53f4f0642bfa382e91dd28b470d2f4da2ba8539fe0e7f7,1,1,2,2
D12,ud23,ATHENAEUS,4352f04fcfd7cbe580caddf69f309034ffb967d5d1bc8a8e809498de5bf8d329,5,HOMERIC_TRADITION,209ee9f27c82f31d31eb16124569039d7847ed327f3a0f2b5c4eae048347e621,1,1,4,4
D12,ud23,ATHENAEUS,4352f04fcfd7cbe580caddf69f309034ffb967d5d1bc8a8e809498de5bf8d329,5,PLUTARCH,ef8134329970f595ef9ccf4198217affef5c01fa243d5bf4e59ee6daebb04e1d,0,0,0,0
D12,ud23,ATHENAEUS,4352f04fcfd7cbe580caddf69f309034ffb967d5d1bc8a8e809498de5bf8d329,5,THUCYDIDES,1a32cf6857284fff7c7f006f8d0cd4ab15a047af7a4bcd5613d1fd50789dd4ee,1,1,9,9
D12,ud23,ATHENAEUS,4352f04fcfd7cbe580caddf69f309034ffb967d5d1bc8a8e809498de5bf8d329,6,DIODORUS,d91dad02f8da03cf6702fa7edec531da5e56f526f466e2f04180f2a23a1cf315,1,1,6,6
D12,ud23,ATHENAEUS,4352f04fcfd7cbe580caddf69f309034ffb967d5d1bc8a8e809498de5bf8d329,6,HERODOTUS,89f0804afded8e7a0f4e1b507030d5ef4ecaf17e422c8b2969bd6b23e62818e6,1,0,4,0
D12,ud23,ATHENAEUS,4352f04fcfd7cbe580caddf69f309034ffb967d5d1bc8a8e809498de5bf8d329,6,HESIODIC_TRADITION,c4c0c7eaeca0d61d2e53f4f0642bfa382e91dd28b470d2f4da2ba8539fe0e7f7,1,1,2,2
D12,ud23,ATHENAEUS,4352f04fcfd7cbe580caddf69f309034ffb967d5d1bc8a8e809498de5bf8d329,6,HOMERIC_TRADITION,209ee9f27c82f31d31eb16124569039d7847ed327f3a0f2b5c4eae048347e621,0,0,0,0
D12,ud23,ATHENAEUS,4352f04fcfd7cbe580caddf69f309034ffb967d5d1bc8a8e809498de5bf8d329,6,PLUTARCH,ef8134329970f595ef9ccf4198217affef5c01fa243d5bf4e59ee6daebb04e1d,0,0,0,0
D12,ud23,ATHENAEUS,4352f04fcfd7cbe580caddf69f309034ffb967d5d1bc8a8e809498de5bf8d329,6,THUCYDIDES,1a32cf6857284fff7c7f006f8d0cd4ab15a047af7a4bcd5613d1fd50789dd4ee,1,1,16,12
D12,ud23,ATHENAEUS,4352f04fcfd7cbe580caddf69f309034ffb967d5d1bc8a8e809498de5bf8d329,7,DIODORUS,d91dad02f8da03cf6702fa7edec531da5e56f526f466e2f04180f2a23a1cf315,0,0,0,0
D12,ud23,ATHENAEUS,4352f04fcfd7cbe580caddf69f309034ffb967d5d1bc8a8e809498de5bf8d329,7,HERODOTUS,89f0804afded8e7a0f4e1b507030d5ef4ecaf17e422c8b2969bd6b23e62818e6,1,1,14,12
D12,ud23,ATHENAEUS,4352f04fcfd7cbe580caddf69f309034ffb967d5d1bc8a8e809498de5bf8d329,7,HESIODIC_TRADITION,c4c0c7eaeca0d61d2e53f4f0642bfa382e91dd28b470d2f4da2ba8539fe0e7f7,1,1,6,6
D12,ud23,ATHENAEUS,4352f04fcfd7cbe580caddf69f309034ffb967d5d1bc8a8e809498de5bf8d329,7,HOMERIC_TRADITION,209ee9f27c82f31d31eb16124569039d7847ed327f3a0f2b5c4eae048347e621,1,1,13,12
D12,ud23,ATHENAEUS,4352f04fcfd7cbe580caddf69f309034ffb967d5d1bc8a8e809498de5bf8d329,7,PLUTARCH,ef8134329970f595ef9ccf4198217affef5c01fa243d5bf4e59ee6daebb04e1d,0,0,0,0
D12,ud23,ATHENAEUS,4352f04fcfd7cbe580caddf69f309034ffb967d5d1bc8a8e809498de5bf8d329,7,THUCYDIDES,1a32cf6857284fff7c7f006f8d0cd4ab15a047af7a4bcd5613d1fd50789dd4ee,1,0,1,0
D12,ud23,ATHENAEUS,4352f04fcfd7cbe580caddf69f309034ffb967d5d1bc8a8e809498de5bf8d329,8,DIODORUS,d91dad02f8da03cf6702fa7edec531da5e56f526f466e2f04180f2a23a1cf315,1,1,2,2
D12,ud23,ATHENAEUS,4352f04fcfd7cbe580caddf69f309034ffb967d5d1bc8a8e809498de5bf8d329,8,HERODOTUS,89f0804afded8e7a0f4e1b507030d5ef4ecaf17e422c8b2969bd6b23e62818e6,1,1,15,12
D12,ud23,ATHENAEUS,4352f04fcfd7cbe580caddf69f309034ffb967d5d1bc8a8e809498de5bf8d329,8,HESIODIC_TRADITION,c4c0c7eaeca0d61d2e53f4f0642bfa382e91dd28b470d2f4da2ba8539fe0e7f7,1,1,11,11
D12,ud23,ATHENAEUS,4352f04fcfd7cbe580caddf69f309034ffb967d5d1bc8a8e809498de5bf8d329,8,HOMERIC_TRADITION,209ee9f27c82f31d31eb16124569039d7847ed327f3a0f2b5c4eae048347e621,1,1,12,12
D12,ud23,ATHENAEUS,4352f04fcfd7cbe580caddf69f309034ffb967d5d1bc8a8e809498de5bf8d329,8,PLUTARCH,ef8134329970f595ef9ccf4198217affef5c01fa243d5bf4e59ee6daebb04e1d,0,0,0,0
D12,ud23,ATHENAEUS,4352f04fcfd7cbe580caddf69f309034ffb967d5d1bc8a8e809498de5bf8d329,8,THUCYDIDES,1a32cf6857284fff7c7f006f8d0cd4ab15a047af7a4bcd5613d1fd50789dd4ee,1,1,7,7
D12,ud23,ATHENAEUS,4352f04fcfd7cbe580caddf69f309034ffb967d5d1bc8a8e809498de5bf8d329,9,DIODORUS,d91dad02f8da03cf6702fa7edec531da5e56f526f466e2f04180f2a23a1cf315,1,1,2,2
D12,ud23,ATHENAEUS,4352f04fcfd7cbe580caddf69f309034ffb967d5d1bc8a8e809498de5bf8d329,9,HERODOTUS,89f0804afded8e7a0f4e1b507030d5ef4ecaf17e422c8b2969bd6b23e62818e6,1,1,6,6
D12,ud23,ATHENAEUS,4352f04fcfd7cbe580caddf69f309034ffb967d5d1bc8a8e809498de5bf8d329,9,HESIODIC_TRADITION,c4c0c7eaeca0d61d2e53f4f0642bfa382e91dd28b470d2f4da2ba8539fe0e7f7,1,1,20,12
D12,ud23,ATHENAEUS,4352f04fcfd7cbe580caddf69f309034ffb967d5d1bc8a8e809498de5bf8d329,9,HOMERIC_TRADITION,209ee9f27c82f31d31eb16124569039d7847ed327f3a0f2b5c4eae048347e621,1,1,8,8
D12,ud23,ATHENAEUS,4352f04fcfd7cbe580caddf69f309034ffb967d5d1bc8a8e809498de5bf8d329,9,PLUTARCH,ef8134329970f595ef9ccf4198217affef5c01fa243d5bf4e59ee6daebb04e1d,0,0,0,0
D12,ud23,ATHENAEUS,4352f04fcfd7cbe580caddf69f309034ffb967d5d1bc8a8e809498de5bf8d329,9,THUCYDIDES,1a32cf6857284fff7c7f006f8d0cd4ab15a047af7a4bcd5613d1fd50789dd4ee,1,1,2,2
D12,ud23,HERODOTUS,89f0804afded8e7a0f4e1b507030d5ef4ecaf17e422c8b2969bd6b23e62818e6,0,ATHENAEUS,4352f04fcfd7cbe580caddf69f309034ffb967d5d1bc8a8e809498de5bf8d329,1,1,7,7
D12,ud23,HERODOTUS,89f0804afded8e7a0f4e1b507030d5ef4ecaf17e422c8b2969bd6b23e62818e6,0,DIODORUS,d91dad02f8da03cf6702fa7edec531da5e56f526f466e2f04180f2a23a1cf315,1,1,3,3
D12,ud23,HERODOTUS,89f0804afded8e7a0f4e1b507030d5ef4ecaf17e422c8b2969bd6b23e62818e6,0,HESIODIC_TRADITION,c4c0c7eaeca0d61d2e53f4f0642bfa382e91dd28b470d2f4da2ba8539fe0e7f7,1,1,1,1
D12,ud23,HERODOTUS,89f0804afded8e7a0f4e1b507030d5ef4ecaf17e422c8b2969bd6b23e62818e6,0,HOMERIC_TRADITION,209ee9f27c82f31d31eb16124569039d7847ed327f3a0f2b5c4eae048347e621,1,0,11,0
D12,ud23,HERODOTUS,89f0804afded8e7a0f4e1b507030d5ef4ecaf17e422c8b2969bd6b23e62818e6,0,PLUTARCH,ef8134329970f595ef9ccf4198217affef5c01fa243d5bf4e59ee6daebb04e1d,0,0,0,0
D12,ud23,HERODOTUS,89f0804afded8e7a0f4e1b507030d5ef4ecaf17e422c8b2969bd6b23e62818e6,0,THUCYDIDES,1a32cf6857284fff7c7f006f8d0cd4ab15a047af7a4bcd5613d1fd50789dd4ee,1,1,35,12
D12,ud23,HERODOTUS,89f0804afded8e7a0f4e1b507030d5ef4ecaf17e422c8b2969bd6b23e62818e6,1,ATHENAEUS,4352f04fcfd7cbe580caddf69f309034ffb967d5d1bc8a8e809498de5bf8d329,1,1,44,12
D12,ud23,HERODOTUS,89f0804afded8e7a0f4e1b507030d5ef4ecaf17e422c8b2969bd6b23e62818e6,1,DIODORUS,d91dad02f8da03cf6702fa7edec531da5e56f526f466e2f04180f2a23a1cf315,1,1,2,2
D12,ud23,HERODOTUS,89f0804afded8e7a0f4e1b507030d5ef4ecaf17e422c8b2969bd6b23e62818e6,1,HESIODIC_TRADITION,c4c0c7eaeca0d61d2e53f4f0642bfa382e91dd28b470d2f4da2ba8539fe0e7f7,1,0,7,0
D12,ud23,HERODOTUS,89f0804afded8e7a0f4e1b507030d5ef4ecaf17e422c8b2969bd6b23e62818e6,1,HOMERIC_TRADITION,209ee9f27c82f31d31eb16124569039d7847ed327f3a0f2b5c4eae048347e621,1,0,4,0
D12,ud23,HERODOTUS,89f0804afded8e7a0f4e1b507030d5ef4ecaf17e422c8b2969bd6b23e62818e6,1,PLUTARCH,ef8134329970f595ef9ccf4198217affef5c01fa243d5bf4e59ee6daebb04e1d,0,0,0,0
D12,ud23,HERODOTUS,89f0804afded8e7a0f4e1b507030d5ef4ecaf17e422c8b2969bd6b23e62818e6,1,THUCYDIDES,1a32cf6857284fff7c7f006f8d0cd4ab15a047af7a4bcd5613d1fd50789dd4ee,1,1,4,4
D12,ud23,HERODOTUS,89f0804afded8e7a0f4e1b507030d5ef4ecaf17e422c8b2969bd6b23e62818e6,2,ATHENAEUS,4352f04fcfd7cbe580caddf69f309034ffb967d5d1bc8a8e809498de5bf8d329,1,1,16,12
D12,ud23,HERODOTUS,89f0804afded8e7a0f4e1b507030d5ef4ecaf17e422c8b2969bd6b23e62818e6,2,DIODORUS,d91dad02f8da03cf6702fa7edec531da5e56f526f466e2f04180f2a23a1cf315,1,1,9,9
D12,ud23,HERODOTUS,89f0804afded8e7a0f4e1b507030d5ef4ecaf17e422c8b2969bd6b23e62818e6,2,HESIODIC_TRADITION,c4c0c7eaeca0d61d2e53f4f0642bfa382e91dd28b470d2f4da2ba8539fe0e7f7,1,1,4,4
D12,ud23,HERODOTUS,89f0804afded8e7a0f4e1b507030d5ef4ecaf17e422c8b2969bd6b23e62818e6,2,HOMERIC_TRADITION,209ee9f27c82f31d31eb16124569039d7847ed327f3a0f2b5c4eae048347e621,1,0,2,0
D12,ud23,HERODOTUS,89f0804afded8e7a0f4e1b507030d5ef4ecaf17e422c8b2969bd6b23e62818e6,2,PLUTARCH,ef8134329970f595ef9ccf4198217affef5c01fa243d5bf4e59ee6daebb04e1d,0,0,0,0
D12,ud23,HERODOTUS,89f0804afded8e7a0f4e1b507030d5ef4ecaf17e422c8b2969bd6b23e62818e6,2,THUCYDIDES,1a32cf6857284fff7c7f006f8d0cd4ab15a047af7a4bcd5613d1fd50789dd4ee,1,1,1,1
D12,ud23,HERODOTUS,89f0804afded8e7a0f4e1b507030d5ef4ecaf17e422c8b2969bd6b23e62818e6,3,ATHENAEUS,4352f04fcfd7cbe580caddf69f309034ffb967d5d1bc8a8e809498de5bf8d329,0,0,0,0
D12,ud23,HERODOTUS,89f0804afded8e7a0f4e1b507030d5ef4ecaf17e422c8b2969bd6b23e62818e6,3,DIODORUS,d91dad02f8da03cf6702fa7edec531da5e56f526f466e2f04180f2a23a1cf315,1,1,13,12
D12,ud23,HERODOTUS,89f0804afded8e7a0f4e1b507030d5ef4ecaf17e422c8b2969bd6b23e62818e6,3,HESIODIC_TRADITION,c4c0c7eaeca0d61d2e53f4f0642bfa382e91dd28b470d2f4da2ba8539fe0e7f7,1,1,14,12
D12,ud23,HERODOTUS,89f0804afded8e7a0f4e1b507030d5ef4ecaf17e422c8b2969bd6b23e62818e6,3,HOMERIC_TRADITION,209ee9f27c82f31d31eb16124569039d7847ed327f3a0f2b5c4eae048347e621,1,1,3,3
D12,ud23,HERODOTUS,89f0804afded8e7a0f4e1b507030d5ef4ecaf17e422c8b2969bd6b23e62818e6,3,PLUTARCH,ef8134329970f595ef9ccf4198217affef5c01fa243d5bf4e59ee6daebb04e1d,0,0,0,0
D12,ud23,HERODOTUS,89f0804afded8e7a0f4e1b507030d5ef4ecaf17e422c8b2969bd6b23e62818e6,3,THUCYDIDES,1a32cf6857284fff7c7f006f8d0cd4ab15a047af7a4bcd5613d1fd50789dd4ee,1,1,17,12
D12,ud23,HERODOTUS,89f0804afded8e7a0f4e1b507030d5ef4ecaf17e422c8b2969bd6b23e62818e6,4,ATHENAEUS,4352f04fcfd7cbe580caddf69f309034ffb967d5d1bc8a8e809498de5bf8d329,0,0,0,0
D12,ud23,HERODOTUS,89f0804afded8e7a0f4e1b507030d5ef4ecaf17e422c8b2969bd6b23e62818e6,4,DIODORUS,d91dad02f8da03cf6702fa7edec531da5e56f526f466e2f04180f2a23a1cf315,1,1,24,12
D12,ud23,HERODOTUS,89f0804afded8e7a0f4e1b507030d5ef4ecaf17e422c8b2969bd6b23e62818e6,4,HESIODIC_TRADITION,c4c0c7eaeca0d61d2e53f4f0642bfa382e91dd28b470d2f4da2ba8539fe0e7f7,1,1,8,8
D12,ud23,HERODOTUS,89f0804afded8e7a0f4e1b507030d5ef4ecaf17e422c8b2969bd6b23e62818e6,4,HOMERIC_TRADITION,209ee9f27c82f31d31eb16124569039d7847ed327f3a0f2b5c4eae048347e621,1,1,10,10
D12,ud23,HERODOTUS,89f0804afded8e7a0f4e1b507030d5ef4ecaf17e422c8b2969bd6b23e62818e6,4,PLUTARCH,ef8134329970f595ef9ccf4198217affef5c01fa243d5bf4e59ee6daebb04e1d,0,0,0,0
D12,ud23,HERODOTUS,89f0804afded8e7a0f4e1b507030d5ef4ecaf17e422c8b2969bd6b23e62818e6,4,THUCYDIDES,1a32cf6857284fff7c7f006f8d0cd4ab15a047af7a4bcd5613d1fd50789dd4ee,1,1,7,7
D12,ud23,HERODOTUS,89f0804afded8e7a0f4e1b507030d5ef4ecaf17e422c8b2969bd6b23e62818e6,5,ATHENAEUS,4352f04fcfd7cbe580caddf69f309034ffb967d5d1bc8a8e809498de5bf8d329,1,1,4,4
D12,ud23,HERODOTUS,89f0804afded8e7a0f4e1b507030d5ef4ecaf17e422c8b2969bd6b23e62818e6,5,DIODORUS,d91dad02f8da03cf6702fa7edec531da5e56f526f466e2f04180f2a23a1cf315,1,1,6,6
D12,ud23,HERODOTUS,89f0804afded8e7a0f4e1b507030d5ef4ecaf17e422c8b2969bd6b23e62818e6,5,HESIODIC_TRADITION,c4c0c7eaeca0d61d2e53f4f0642bfa382e91dd28b470d2f4da2ba8539fe0e7f7,1,1,1,1
D12,ud23,HERODOTUS,89f0804afded8e7a0f4e1b507030d5ef4ecaf17e422c8b2969bd6b23e62818e6,5,HOMERIC_TRADITION,209ee9f27c82f31d31eb16124569039d7847ed327f3a0f2b5c4eae048347e621,1,1,13,12
D12,ud23,HERODOTUS,89f0804afded8e7a0f4e1b507030d5ef4ecaf17e422c8b2969bd6b23e62818e6,5,PLUTARCH,ef8134329970f595ef9ccf4198217affef5c01fa243d5bf4e59ee6daebb04e1d,0,0,0,0
D12,ud23,HERODOTUS,89f0804afded8e7a0f4e1b507030d5ef4ecaf17e422c8b2969bd6b23e62818e6,5,THUCYDIDES,1a32cf6857284fff7c7f006f8d0cd4ab15a047af7a4bcd5613d1fd50789dd4ee,1,1,8,8
D12,ud23,HERODOTUS,89f0804afded8e7a0f4e1b507030d5ef4ecaf17e422c8b2969bd6b23e62818e6,6,ATHENAEUS,4352f04fcfd7cbe580caddf69f309034ffb967d5d1bc8a8e809498de5bf8d329,1,1,10,10
D12,ud23,HERODOTUS,89f0804afded8e7a0f4e1b507030d5ef4ecaf17e422c8b2969bd6b23e62818e6,6,DIODORUS,d91dad02f8da03cf6702fa7edec531da5e56f526f466e2f04180f2a23a1cf315,1,1,27,12
D12,ud23,HERODOTUS,89f0804afded8e7a0f4e1b507030d5ef4ecaf17e422c8b2969bd6b23e62818e6,6,HESIODIC_TRADITION,c4c0c7eaeca0d61d2e53f4f0642bfa382e91dd28b470d2f4da2ba8539fe0e7f7,1,1,5,5
D12,ud23,HERODOTUS,89f0804afded8e7a0f4e1b507030d5ef4ecaf17e422c8b2969bd6b23e62818e6,6,HOMERIC_TRADITION,209ee9f27c82f31d31eb16124569039d7847ed327f3a0f2b5c4eae048347e621,0,0,0,0
D12,ud23,HERODOTUS,89f0804afded8e7a0f4e1b507030d5ef4ecaf17e422c8b2969bd6b23e62818e6,6,PLUTARCH,ef8134329970f595ef9ccf4198217affef5c01fa243d5bf4e59ee6daebb04e1d,0,0,0,0
D12,ud23,HERODOTUS,89f0804afded8e7a0f4e1b507030d5ef4ecaf17e422c8b2969bd6b23e62818e6,6,THUCYDIDES,1a32cf6857284fff7c7f006f8d0cd4ab15a047af7a4bcd5613d1fd50789dd4ee,1,1,8,8
D12,ud23,HERODOTUS,89f0804afded8e7a0f4e1b507030d5ef4ecaf17e422c8b2969bd6b23e62818e6,7,ATHENAEUS,4352f04fcfd7cbe580caddf69f309034ffb967d5d1bc8a8e809498de5bf8d329,1,1,2,2
D12,ud23,HERODOTUS,89f0804afded8e7a0f4e1b507030d5ef4ecaf17e422c8b2969bd6b23e62818e6,7,DIODORUS,d91dad02f8da03cf6702fa7edec531da5e56f526f466e2f04180f2a23a1cf315,1,1,3,3
D12,ud23,HERODOTUS,89f0804afded8e7a0f4e1b507030d5ef4ecaf17e422c8b2969bd6b23e62818e6,7,HESIODIC_TRADITION,c4c0c7eaeca0d61d2e53f4f0642bfa382e91dd28b470d2f4da2ba8539fe0e7f7,1,1,2,2
D12,ud23,HERODOTUS,89f0804afded8e7a0f4e1b507030d5ef4ecaf17e422c8b2969bd6b23e62818e6,7,HOMERIC_TRADITION,209ee9f27c82f31d31eb16124569039d7847ed327f3a0f2b5c4eae048347e621,1,0,4,0
D12,ud23,HERODOTUS,89f0804afded8e7a0f4e1b507030d5ef4ecaf17e422c8b2969bd6b23e62818e6,7,PLUTARCH,ef8134329970f595ef9ccf4198217affef5c01fa243d5bf4e59ee6daebb04e1d,0,0,0,0
D12,ud23,HERODOTUS,89f0804afded8e7a0f4e1b507030d5ef4ecaf17e422c8b2969bd6b23e62818e6,7,THUCYDIDES,1a32cf6857284fff7c7f006f8d0cd4ab15a047af7a4bcd5613d1fd50789dd4ee,1,1,4,4
D12,ud23,HERODOTUS,89f0804afded8e7a0f4e1b507030d5ef4ecaf17e422c8b2969bd6b23e62818e6,8,ATHENAEUS,4352f04fcfd7cbe580caddf69f309034ffb967d5d1bc8a8e809498de5bf8d329,1,0,13,0
D12,ud23,HERODOTUS,89f0804afded8e7a0f4e1b507030d5ef4ecaf17e422c8b2969bd6b23e62818e6,8,DIODORUS,d91dad02f8da03cf6702fa7edec531da5e56f526f466e2f04180f2a23a1cf315,1,1,14,12
D12,ud23,HERODOTUS,89f0804afded8e7a0f4e1b507030d5ef4ecaf17e422c8b2969bd6b23e62818e6,8,HESIODIC_TRADITION,c4c0c7eaeca0d61d2e53f4f0642bfa382e91dd28b470d2f4da2ba8539fe0e7f7,1,1,13,12
D12,ud23,HERODOTUS,89f0804afded8e7a0f4e1b507030d5ef4ecaf17e422c8b2969bd6b23e62818e6,8,HOMERIC_TRADITION,209ee9f27c82f31d31eb16124569039d7847ed327f3a0f2b5c4eae048347e621,1,1,6,6
D12,ud23,HERODOTUS,89f0804afded8e7a0f4e1b507030d5ef4ecaf17e422c8b2969bd6b23e62818e6,8,PLUTARCH,ef8134329970f595ef9ccf4198217affef5c01fa243d5bf4e59ee6daebb04e1d,0,0,0,0
D12,ud23,HERODOTUS,89f0804afded8e7a0f4e1b507030d5ef4ecaf17e422c8b2969bd6b23e62818e6,8,THUCYDIDES,1a32cf6857284fff7c7f006f8d0cd4ab15a047af7a4bcd5613d1fd50789dd4ee,1,1,9,9
D12,ud23,HERODOTUS,89f0804afded8e7a0f4e1b507030d5ef4ecaf17e422c8b2969bd6b23e62818e6,9,ATHENAEUS,4352f04fcfd7cbe580caddf69f309034ffb967d5d1bc8a8e809498de5bf8d329,1,0,20,0
D12,ud23,HERODOTUS,89f0804afded8e7a0f4e1b507030d5ef4ecaf17e422c8b2969bd6b23e62818e6,9,DIODORUS,d91dad02f8da03cf6702fa7edec531da5e56f526f466e2f04180f2a23a1cf315,1,1,27,12
D12,ud23,HERODOTUS,89f0804afded8e7a0f4e1b507030d5ef4ecaf17e422c8b2969bd6b23e62818e6,9,HESIODIC_TRADITION,c4c0c7eaeca0d61d2e53f4f0642bfa382e91dd28b470d2f4da2ba8539fe0e7f7,1,1,6,6
D12,ud23,HERODOTUS,89f0804afded8e7a0f4e1b507030d5ef4ecaf17e422c8b2969bd6b23e62818e6,9,HOMERIC_TRADITION,209ee9f27c82f31d31eb16124569039d7847ed327f3a0f2b5c4eae048347e621,0,0,0,0
D12,ud23,HERODOTUS,89f0804afded8e7a0f4e1b507030d5ef4ecaf17e422c8b2969bd6b23e62818e6,9,PLUTARCH,ef8134329970f595ef9ccf4198217affef5c01fa243d5bf4e59ee6daebb04e1d,0,0,0,0
D12,ud23,HERODOTUS,89f0804afded8e7a0f4e1b507030d5ef4ecaf17e422c8b2969bd6b23e62818e6,9,THUCYDIDES,1a32cf6857284fff7c7f006f8d0cd4ab15a047af7a4bcd5613d1fd50789dd4ee,1,1,27,12
D12,ud23,HESIODIC_TRADITION,c4c0c7eaeca0d61d2e53f4f0642bfa382e91dd28b470d2f4da2ba8539fe0e7f7,0,ATHENAEUS,4352f04fcfd7cbe580caddf69f309034ffb967d5d1bc8a8e809498de5bf8d329,1,1,3,3
D12,ud23,HESIODIC_TRADITION,c4c0c7eaeca0d61d2e53f4f0642bfa382e91dd28b470d2f4da2ba8539fe0e7f7,0,DIODORUS,d91dad02f8da03cf6702fa7edec531da5e56f526f466e2f04180f2a23a1cf315,1,1,5,5
D12,ud23,HESIODIC_TRADITION,c4c0c7eaeca0d61d2e53f4f0642bfa382e91dd28b470d2f4da2ba8539fe0e7f7,0,HERODOTUS,89f0804afded8e7a0f4e1b507030d5ef4ecaf17e422c8b2969bd6b23e62818e6,1,1,11,11
D12,ud23,HESIODIC_TRADITION,c4c0c7eaeca0d61d2e53f4f0642bfa382e91dd28b470d2f4da2ba8539fe0e7f7,0,HOMERIC_TRADITION,209ee9f27c82f31d31eb16124569039d7847ed327f3a0f2b5c4eae048347e621,1,0,4,0
D12,ud23,HESIODIC_TRADITION,c4c0c7eaeca0d61d2e53f4f0642bfa382e91dd28b470d2f4da2ba8539fe0e7f7,0,PLUTARCH,ef8134329970f595ef9ccf4198217affef5c01fa243d5bf4e59ee6daebb04e1d,0,0,0,0
D12,ud23,HESIODIC_TRADITION,c4c0c7eaeca0d61d2e53f4f0642bfa382e91dd28b470d2f4da2ba8539fe0e7f7,0,THUCYDIDES,1a32cf6857284fff7c7f006f8d0cd4ab15a047af7a4bcd5613d1fd50789dd4ee,1,1,12,12
D12,ud23,HESIODIC_TRADITION,c4c0c7eaeca0d61d2e53f4f0642bfa382e91dd28b470d2f4da2ba8539fe0e7f7,1,ATHENAEUS,4352f04fcfd7cbe580caddf69f309034ffb967d5d1bc8a8e809498de5bf8d329,1,0,22,0
D12,ud23,HESIODIC_TRADITION,c4c0c7eaeca0d61d2e53f4f0642bfa382e91dd28b470d2f4da2ba8539fe0e7f7,1,DIODORUS,d91dad02f8da03cf6702fa7edec531da5e56f526f466e2f04180f2a23a1cf315,1,1,21,12
D12,ud23,HESIODIC_TRADITION,c4c0c7eaeca0d61d2e53f4f0642bfa382e91dd28b470d2f4da2ba8539fe0e7f7,1,HERODOTUS,89f0804afded8e7a0f4e1b507030d5ef4ecaf17e422c8b2969bd6b23e62818e6,1,1,7,7
D12,ud23,HESIODIC_TRADITION,c4c0c7eaeca0d61d2e53f4f0642bfa382e91dd28b470d2f4da2ba8539fe0e7f7,1,HOMERIC_TRADITION,209ee9f27c82f31d31eb16124569039d7847ed327f3a0f2b5c4eae048347e621,1,1,6,6
D12,ud23,HESIODIC_TRADITION,c4c0c7eaeca0d61d2e53f4f0642bfa382e91dd28b470d2f4da2ba8539fe0e7f7,1,PLUTARCH,ef8134329970f595ef9ccf4198217affef5c01fa243d5bf4e59ee6daebb04e1d,0,0,0,0
D12,ud23,HESIODIC_TRADITION,c4c0c7eaeca0d61d2e53f4f0642bfa382e91dd28b470d2f4da2ba8539fe0e7f7,1,THUCYDIDES,1a32cf6857284fff7c7f006f8d0cd4ab15a047af7a4bcd5613d1fd50789dd4ee,1,1,26,12
D12,ud23,HESIODIC_TRADITION,c4c0c7eaeca0d61d2e53f4f0642bfa382e91dd28b470d2f4da2ba8539fe0e7f7,2,ATHENAEUS,4352f04fcfd7cbe580caddf69f309034ffb967d5d1bc8a8e809498de5bf8d329,1,1,2,2
D12,ud23,HESIODIC_TRADITION,c4c0c7eaeca0d61d2e53f4f0642bfa382e91dd28b470d2f4da2ba8539fe0e7f7,2,DIODORUS,d91dad02f8da03cf6702fa7edec531da5e56f526f466e2f04180f2a23a1cf315,1,1,22,12
D12,ud23,HESIODIC_TRADITION,c4c0c7eaeca0d61d2e53f4f0642bfa382e91dd28b470d2f4da2ba8539fe0e7f7,2,HERODOTUS,89f0804afded8e7a0f4e1b507030d5ef4ecaf17e422c8b2969bd6b23e62818e6,1,1,1,1
D12,ud23,HESIODIC_TRADITION,c4c0c7eaeca0d61d2e53f4f0642bfa382e91dd28b470d2f4da2ba8539fe0e7f7,2,HOMERIC_TRADITION,209ee9f27c82f31d31eb16124569039d7847ed327f3a0f2b5c4eae048347e621,1,1,8,8
D12,ud23,HESIODIC_TRADITION,c4c0c7eaeca0d61d2e53f4f0642bfa382e91dd28b470d2f4da2ba8539fe0e7f7,2,PLUTARCH,ef8134329970f595ef9ccf4198217affef5c01fa243d5bf4e59ee6daebb04e1d,0,0,0,0
D12,ud23,HESIODIC_TRADITION,c4c0c7eaeca0d61d2e53f4f0642bfa382e91dd28b470d2f4da2ba8539fe0e7f7,2,THUCYDIDES,1a32cf6857284fff7c7f006f8d0cd4ab15a047af7a4bcd5613d1fd50789dd4ee,1,0,38,0
D12,ud23,HESIODIC_TRADITION,c4c0c7eaeca0d61d2e53f4f0642bfa382e91dd28b470d2f4da2ba8539fe0e7f7,3,ATHENAEUS,4352f04fcfd7cbe580caddf69f309034ffb967d5d1bc8a8e809498de5bf8d329,1,1,3,3
D12,ud23,HESIODIC_TRADITION,c4c0c7eaeca0d61d2e53f4f0642bfa382e91dd28b470d2f4da2ba8539fe0e7f7,3,DIODORUS,d91dad02f8da03cf6702fa7edec531da5e56f526f466e2f04180f2a23a1cf315,1,1,27,12
D12,ud23,HESIODIC_TRADITION,c4c0c7eaeca0d61d2e53f4f0642bfa382e91dd28b470d2f4da2ba8539fe0e7f7,3,HERODOTUS,89f0804afded8e7a0f4e1b507030d5ef4ecaf17e422c8b2969bd6b23e62818e6,1,0,19,0
D12,ud23,HESIODIC_TRADITION,c4c0c7eaeca0d61d2e53f4f0642bfa382e91dd28b470d2f4da2ba8539fe0e7f7,3,HOMERIC_TRADITION,209ee9f27c82f31d31eb16124569039d7847ed327f3a0f2b5c4eae048347e621,0,0,0,0
D12,ud23,HESIODIC_TRADITION,c4c0c7eaeca0d61d2e53f4f0642bfa382e91dd28b470d2f4da2ba8539fe0e7f7,3,PLUTARCH,ef8134329970f595ef9ccf4198217affef5c01fa243d5bf4e59ee6daebb04e1d,0,0,0,0
D12,ud23,HESIODIC_TRADITION,c4c0c7eaeca0d61d2e53f4f0642bfa382e91dd28b470d2f4da2ba8539fe0e7f7,3,THUCYDIDES,1a32cf6857284fff7c7f006f8d0cd4ab15a047af7a4bcd5613d1fd50789dd4ee,1,1,24,12
D12,ud23,HESIODIC_TRADITION,c4c0c7eaeca0d61d2e53f4f0642bfa382e91dd28b470d2f4da2ba8539fe0e7f7,4,ATHENAEUS,4352f04fcfd7cbe580caddf69f309034ffb967d5d1bc8a8e809498de5bf8d329,1,1,12,12
D12,ud23,HESIODIC_TRADITION,c4c0c7eaeca0d61d2e53f4f0642bfa382e91dd28b470d2f4da2ba8539fe0e7f7,4,DIODORUS,d91dad02f8da03cf6702fa7edec531da5e56f526f466e2f04180f2a23a1cf315,1,1,5,5
D12,ud23,HESIODIC_TRADITION,c4c0c7eaeca0d61d2e53f4f0642bfa382e91dd28b470d2f4da2ba8539fe0e7f7,4,HERODOTUS,89f0804afded8e7a0f4e1b507030d5ef4ecaf17e422c8b2969bd6b23e62818e6,1,0,14,0
D12,ud23,HESIODIC_TRADITION,c4c0c7eaeca0d61d2e53f4f0642bfa382e91dd28b470d2f4da2ba8539fe0e7f7,4,HOMERIC_TRADITION,209ee9f27c82f31d31eb16124569039d7847ed327f3a0f2b5c4eae048347e621,1,1,5,5
D12,ud23,HESIODIC_TRADITION,c4c0c7eaeca0d61d2e53f4f0642bfa382e91dd28b470d2f4da2ba8539fe0e7f7,4,PLUTARCH,ef8134329970f595ef9ccf4198217affef5c01fa243d5bf4e59ee6daebb04e1d,0,0,0,0
D12,ud23,HESIODIC_TRADITION,c4c0c7eaeca0d61d2e53f4f0642bfa382e91dd28b470d2f4da2ba8539fe0e7f7,4,THUCYDIDES,1a32cf6857284fff7c7f006f8d0cd4ab15a047af7a4bcd5613d1fd50789dd4ee,1,0,4,0
D12,ud23,HESIODIC_TRADITION,c4c0c7eaeca0d61d2e53f4f0642bfa382e91dd28b470d2f4da2ba8539fe0e7f7,5,ATHENAEUS,4352f04fcfd7cbe580caddf69f309034ffb967d5d1bc8a8e809498de5bf8d329,1,1,32,12
D12,ud23,HESIODIC_TRADITION,c4c0c7eaeca0d61d2e53f4f0642bfa382e91dd28b470d2f4da2ba8539fe0e7f7,5,DIODORUS,d91dad02f8da03cf6702fa7edec531da5e56f526f466e2f04180f2a23a1cf315,1,1,21,12
D12,ud23,HESIODIC_TRADITION,c4c0c7eaeca0d61d2e53f4f0642bfa382e91dd28b470d2f4da2ba8539fe0e7f7,5,HERODOTUS,89f0804afded8e7a0f4e1b507030d5ef4ecaf17e422c8b2969bd6b23e62818e6,1,1,6,6
D12,ud23,HESIODIC_TRADITION,c4c0c7eaeca0d61d2e53f4f0642bfa382e91dd28b470d2f4da2ba8539fe0e7f7,5,HOMERIC_TRADITION,209ee9f27c82f31d31eb16124569039d7847ed327f3a0f2b5c4eae048347e621,0,0,0,0
D12,ud23,HESIODIC_TRADITION,c4c0c7eaeca0d61d2e53f4f0642bfa382e91dd28b470d2f4da2ba8539fe0e7f7,5,PLUTARCH,ef8134329970f595ef9ccf4198217affef5c01fa243d5bf4e59ee6daebb04e1d,0,0,0,0
D12,ud23,HESIODIC_TRADITION,c4c0c7eaeca0d61d2e53f4f0642bfa382e91dd28b470d2f4da2ba8539fe0e7f7,5,THUCYDIDES,1a32cf6857284fff7c7f006f8d0cd4ab15a047af7a4bcd5613d1fd50789dd4ee,1,1,9,9
D12,ud23,HESIODIC_TRADITION,c4c0c7eaeca0d61d2e53f4f0642bfa382e91dd28b470d2f4da2ba8539fe0e7f7,6,ATHENAEUS,4352f04fcfd7cbe580caddf69f309034ffb967d5d1bc8a8e809498de5bf8d329,1,1,5,5
D12,ud23,HESIODIC_TRADITION,c4c0c7eaeca0d61d2e53f4f0642bfa382e91dd28b470d2f4da2ba8539fe0e7f7,6,DIODORUS,d91dad02f8da03cf6702fa7edec531da5e56f526f466e2f04180f2a23a1cf315,1,1,22,12
D12,ud23,HESIODIC_TRADITION,c4c0c7eaeca0d61d2e53f4f0642bfa382e91dd28b470d2f4da2ba8539fe0e7f7,6,HERODOTUS,89f0804afded8e7a0f4e1b507030d5ef4ecaf17e422c8b2969bd6b23e62818e6,1,1,21,12
D12,ud23,HESIODIC_TRADITION,c4c0c7eaeca0d61d2e53f4f0642bfa382e91dd28b470d2f4da2ba8539fe0e7f7,6,HOMERIC_TRADITION,209ee9f27c82f31d31eb16124569039d7847ed327f3a0f2b5c4eae048347e621,1,1,2,2
D12,ud23,HESIODIC_TRADITION,c4c0c7eaeca0d61d2e53f4f0642bfa382e91dd28b470d2f4da2ba8539fe0e7f7,6,PLUTARCH,ef8134329970f595ef9ccf4198217affef5c01fa243d5bf4e59ee6daebb04e1d,0,0,0,0
D12,ud23,HESIODIC_TRADITION,c4c0c7eaeca0d61d2e53f4f0642bfa382e91dd28b470d2f4da2ba8539fe0e7f7,6,THUCYDIDES,1a32cf6857284fff7c7f006f8d0cd4ab15a047af7a4bcd5613d1fd50789dd4ee,1,0,6,0
D12,ud23,HESIODIC_TRADITION,c4c0c7eaeca0d61d2e53f4f0642bfa382e91dd28b470d2f4da2ba8539fe0e7f7,7,ATHENAEUS,4352f04fcfd7cbe580caddf69f309034ffb967d5d1bc8a8e809498de5bf8d329,1,1,15,12
D12,ud23,HESIODIC_TRADITION,c4c0c7eaeca0d61d2e53f4f0642bfa382e91dd28b470d2f4da2ba8539fe0e7f7,7,DIODORUS,d91dad02f8da03cf6702fa7edec531da5e56f526f466e2f04180f2a23a1cf315,1,1,6,6
D12,ud23,HESIODIC_TRADITION,c4c0c7eaeca0d61d2e53f4f0642bfa382e91dd28b470d2f4da2ba8539fe0e7f7,7,HERODOTUS,89f0804afded8e7a0f4e1b507030d5ef4ecaf17e422c8b2969bd6b23e62818e6,0,0,0,0
D12,ud23,HESIODIC_TRADITION,c4c0c7eaeca0d61d2e53f4f0642bfa382e91dd28b470d2f4da2ba8539fe0e7f7,7,HOMERIC_TRADITION,209ee9f27c82f31d31eb16124569039d7847ed327f3a0f2b5c4eae048347e621,1,1,2,2
D12,ud23,HESIODIC_TRADITION,c4c0c7eaeca0d61d2e53f4f0642bfa382e91dd28b470d2f4da2ba8539fe0e7f7,7,PLUTARCH,ef8134329970f595ef9ccf4198217affef5c01fa243d5bf4e59ee6daebb04e1d,0,0,0,0
D12,ud23,HESIODIC_TRADITION,c4c0c7eaeca0d61d2e53f4f0642bfa382e91dd28b470d2f4da2ba8539fe0e7f7,7,THUCYDIDES,1a32cf6857284fff7c7f006f8d0cd4ab15a047af7a4bcd5613d1fd50789dd4ee,1,1,18,12
D12,ud23,HESIODIC_TRADITION,c4c0c7eaeca0d61d2e53f4f0642bfa382e91dd28b470d2f4da2ba8539fe0e7f7,8,ATHENAEUS,4352f04fcfd7cbe580caddf69f309034ffb967d5d1bc8a8e809498de5bf8d329,1,1,6,6
D12,ud23,HESIODIC_TRADITION,c4c0c7eaeca0d61d2e53f4f0642bfa382e91dd28b470d2f4da2ba8539fe0e7f7,8,DIODORUS,d91dad02f8da03cf6702fa7edec531da5e56f526f466e2f04180f2a23a1cf315,1,1,1,1
D12,ud23,HESIODIC_TRADITION,c4c0c7eaeca0d61d2e53f4f0642bfa382e91dd28b470d2f4da2ba8539fe0e7f7,8,HERODOTUS,89f0804afded8e7a0f4e1b507030d5ef4ecaf17e422c8b2969bd6b23e62818e6,1,1,2,2
D12,ud23,HESIODIC_TRADITION,c4c0c7eaeca0d61d2e53f4f0642bfa382e91dd28b470d2f4da2ba8539fe0e7f7,8,HOMERIC_TRADITION,209ee9f27c82f31d31eb16124569039d7847ed327f3a0f2b5c4eae048347e621,1,1,2,2
D12,ud23,HESIODIC_TRADITION,c4c0c7eaeca0d61d2e53f4f0642bfa382e91dd28b470d2f4da2ba8539fe0e7f7,8,PLUTARCH,ef8134329970f595ef9ccf4198217affef5c01fa243d5bf4e59ee6daebb04e1d,0,0,0,0
D12,ud23,HESIODIC_TRADITION,c4c0c7eaeca0d61d2e53f4f0642bfa382e91dd28b470d2f4da2ba8539fe0e7f7,8,THUCYDIDES,1a32cf6857284fff7c7f006f8d0cd4ab15a047af7a4bcd5613d1fd50789dd4ee,1,1,18,12
D12,ud23,HESIODIC_TRADITION,c4c0c7eaeca0d61d2e53f4f0642bfa382e91dd28b470d2f4da2ba8539fe0e7f7,9,ATHENAEUS,4352f04fcfd7cbe580caddf69f309034ffb967d5d1bc8a8e809498de5bf8d329,1,1,3,3
D12,ud23,HESIODIC_TRADITION,c4c0c7eaeca0d61d2e53f4f0642bfa382e91dd28b470d2f4da2ba8539fe0e7f7,9,DIODORUS,d91dad02f8da03cf6702fa7edec531da5e56f526f466e2f04180f2a23a1cf315,1,1,1,1
D12,ud23,HESIODIC_TRADITION,c4c0c7eaeca0d61d2e53f4f0642bfa382e91dd28b470d2f4da2ba8539fe0e7f7,9,HERODOTUS,89f0804afded8e7a0f4e1b507030d5ef4ecaf17e422c8b2969bd6b23e62818e6,1,1,18,12
D12,ud23,HESIODIC_TRADITION,c4c0c7eaeca0d61d2e53f4f0642bfa382e91dd28b470d2f4da2ba8539fe0e7f7,9,HOMERIC_TRADITION,209ee9f27c82f31d31eb16124569039d7847ed327f3a0f2b5c4eae048347e621,1,1,19,12
D12,ud23,HESIODIC_TRADITION,c4c0c7eaeca0d61d2e53f4f0642bfa382e91dd28b470d2f4da2ba8539fe0e7f7,9,PLUTARCH,ef8134329970f595ef9ccf4198217affef5c01fa243d5bf4e59ee6daebb04e1d,0,0,0,0
D12,ud23,HESIODIC_TRADITION,c4c0c7eaeca0d61d2e53f4f0642bfa382e91dd28b470d2f4da2ba8539fe0e7f7,9,THUCYDIDES,1a32cf6857284fff7c7f006f8d0cd4ab15a047af7a4bcd5613d1fd50789dd4ee,1,1,7,7
D12,ud23,DIODORUS,d91dad02f8da03cf6702fa7edec531da5e56f526f466e2f04180f2a23a1cf315,0,ATHENAEUS,4352f04fcfd7cbe580caddf69f309034ffb967d5d1bc8a8e809498de5bf8d329,1,0,1,0
D12,ud23,DIODORUS,d91dad02f8da03cf6702fa7edec531da5e56f526f466e2f04180f2a23a1cf315,0,HERODOTUS,89f0804afded8e7a0f4e1b507030d5ef4ecaf17e422c8b2969bd6b23e62818e6,1,1,22,12
D12,ud23,DIODORUS,d91dad02f8da03cf6702fa7edec531da5e56f526f466e2f04180f2a23a1cf315,0,HESIODIC_TRADITION,c4c0c7eaeca0d61d2e53f4f0642bfa382e91dd28b470d2f4da2ba8539fe0e7f7,1,1,5,5
D12,ud23,DIODORUS,d91dad02f8da03cf6702fa7edec531da5e56f526f466e2f04180f2a23a1cf315,0,HOMERIC_TRADITION,209ee9f27c82f31d31eb16124569039d7847ed327f3a0f2b5c4eae048347e621,0,0,0,0
D12,ud23,DIODORUS,d91dad02f8da03cf6702fa7edec531da5e56f526f466e2f04180f2a23a1cf315,0,PLUTARCH,ef8134329970f595ef9ccf4198217affef5c01fa243d5bf4e59ee6daebb04e1d,0,0,0,0
D12,ud23,DIODORUS,d91dad02f8da03cf6702fa7edec531da5e56f526f466e2f04180f2a23a1cf315,0,THUCYDIDES,1a32cf6857284fff7c7f006f8d0cd4ab15a047af7a4bcd5613d1fd50789dd4ee,1,1,9,9
D12,ud23,DIODORUS,d91dad02f8da03cf6702fa7edec531da5e56f526f466e2f04180f2a23a1cf315,1,ATHENAEUS,4352f04fcfd7cbe580caddf69f309034ffb967d5d1bc8a8e809498de5bf8d329,1,1,11,11
D12,ud23,DIODORUS,d91dad02f8da03cf6702fa7edec531da5e56f526f466e2f04180f2a23a1cf315,1,HERODOTUS,89f0804afded8e7a0f4e1b507030d5ef4ecaf17e422c8b2969bd6b23e62818e6,1,1,13,12
D12,ud23,DIODORUS,d91dad02f8da03cf6702fa7edec531da5e56f526f466e2f04180f2a23a1cf315,1,HESIODIC_TRADITION,c4c0c7eaeca0d61d2e53f4f0642bfa382e91dd28b470d2f4da2ba8539fe0e7f7,1,1,2,2
D12,ud23,DIODORUS,d91dad02f8da03cf6702fa7edec531da5e56f526f466e2f04180f2a23a1cf315,1,HOMERIC_TRADITION,209ee9f27c82f31d31eb16124569039d7847ed327f3a0f2b5c4eae048347e621,1,0,4,0
D12,ud23,DIODORUS,d91dad02f8da03cf6702fa7edec531da5e56f526f466e2f04180f2a23a1cf315,1,PLUTARCH,ef8134329970f595ef9ccf4198217affef5c01fa243d5bf4e59ee6daebb04e1d,0,0,0,0
D12,ud23,DIODORUS,d91dad02f8da03cf6702fa7edec531da5e56f526f466e2f04180f2a23a1cf315,1,THUCYDIDES,1a32cf6857284fff7c7f006f8d0cd4ab15a047af7a4bcd5613d1fd50789dd4ee,1,1,50,12
D12,ud23,DIODORUS,d91dad02f8da03cf6702fa7edec531da5e56f526f466e2f04180f2a23a1cf315,2,ATHENAEUS,4352f04fcfd7cbe580caddf69f309034ffb967d5d1bc8a8e809498de5bf8d329,0,0,0,0
D12,ud23,DIODORUS,d91dad02f8da03cf6702fa7edec531da5e56f526f466e2f04180f2a23a1cf315,2,HERODOTUS,89f0804afded8e7a0f4e1b507030d5ef4ecaf17e422c8b2969bd6b23e62818e6,1,1,13,12
D12,ud23,DIODORUS,d91dad02f8da03cf6702fa7edec531da5e56f526f466e2f04180f2a23a1cf315,2,HESIODIC_TRADITION,c4c0c7eaeca0d61d2e53f4f0642bfa382e91dd28b470d2f4da2ba8539fe0e7f7,1,1,3,3
D12,ud23,DIODORUS,d91dad02f8da03cf6702fa7edec531da5e56f526f466e2f04180f2a23a1cf315,2,HOMERIC_TRADITION,209ee9f27c82f31d31eb16124569039d7847ed327f3a0f2b5c4eae048347e621,1,1,23,12
D12,ud23,DIODORUS,d91dad02f8da03cf6702fa7edec531da5e56f526f466e2f04180f2a23a1cf315,2,PLUTARCH,ef8134329970f595ef9ccf4198217affef5c01fa243d5bf4e59ee6daebb04e1d,0,0,0,0
D12,ud23,DIODORUS,d91dad02f8da03cf6702fa7edec531da5e56f526f466e2f04180f2a23a1cf315,2,THUCYDIDES,1a32cf6857284fff7c7f006f8d0cd4ab15a047af7a4bcd5613d1fd50789dd4ee,1,0,26,0
D12,ud23,DIODORUS,d91dad02f8da03cf6702fa7edec531da5e56f526f466e2f04180f2a23a1cf315,3,ATHENAEUS,4352f04fcfd7cbe580caddf69f309034ffb967d5d1bc8a8e809498de5bf8d329,1,1,25,12
D12,ud23,DIODORUS,d91dad02f8da03cf6702fa7edec531da5e56f526f466e2f04180f2a23a1cf315,3,HERODOTUS,89f0804afded8e7a0f4e1b507030d5ef4ecaf17e422c8b2969bd6b23e62818e6,1,1,3,3
D12,ud23,DIODORUS,d91dad02f8da03cf6702fa7edec531da5e56f526f466e2f04180f2a23a1cf315,3,HESIODIC_TRADITION,c4c0c7eaeca0d61d2e53f4f0642bfa382e91dd28b470d2f4da2ba8539fe0e7f7,1,1,2,2
D12,ud23,DIODORUS,d91dad02f8da03cf6702fa7edec531da5e56f526f466e2f04180f2a23a1cf315,3,HOMERIC_TRADITION,209ee9f27c82f31d31eb16124569039d7847ed327f3a0f2b5c4eae048347e621,0,0,0,0
D12,ud23,DIODORUS,d91dad02f8da03cf6702fa7edec531da5e56f526f466e2f04180f2a23a1cf315,3,PLUTARCH,ef8134329970f595ef9ccf4198217affef5c01fa243d5bf4e59ee6daebb04e1d,0,0,0,0
D12,ud23,DIODORUS,d91dad02f8da03cf6702fa7edec531da5e56f526f466e2f04180f2a23a1cf315,3,THUCYDIDES,1a32cf6857284fff7c7f006f8d0cd4ab15a047af7a4bcd5613d1fd50789dd4ee,1,1,13,12
D12,ud23,DIODORUS,d91dad02f8da03cf6702fa7edec531da5e56f526f466e2f04180f2a23a1cf315,4,ATHENAEUS,4352f04fcfd7cbe580caddf69f309034ffb967d5d1bc8a8e809498de5bf8d329,1,0,8,0
D12,ud23,DIODORUS,d91dad02f8da03cf6702fa7edec531da5e56f526f466e2f04180f2a23a1cf315,4,HERODOTUS,89f0804afded8e7a0f4e1b507030d5ef4ecaf17e422c8b2969bd6b23e62818e6,1,1,4,4
D12,ud23,DIODORUS,d91dad02f8da03cf6702fa7edec531da5e56f526f466e2f04180f2a23a1cf315,4,HESIODIC_TRADITION,c4c0c7eaeca0d61d2e53f4f0642bfa382e91dd28b470d2f4da2ba8539fe0e7f7,1,1,19,12
D12,ud23,DIODORUS,d91dad02f8da03cf6702fa7edec531da5e56f526f466e2f04180f2a23a1cf315,4,HOMERIC_TRADITION,209ee9f27c82f31d31eb16124569039d7847ed327f3a0f2b5c4eae048347e621,1,1,4,4
D12,ud23,DIODORUS,d91dad02f8da03cf6702fa7edec531da5e56f526f466e2f04180f2a23a1cf315,4,PLUTARCH,ef8134329970f595ef9ccf4198217affef5c01fa243d5bf4e59ee6daebb04e1d,0,0,0,0
D12,ud23,DIODORUS,d91dad02f8da03cf6702fa7edec531da5e56f526f466e2f04180f2a23a1cf315,4,THUCYDIDES,1a32cf6857284fff7c7f006f8d0cd4ab15a047af7a4bcd5613d1fd50789dd4ee,1,1,1,1
D12,ud23,DIODORUS,d91dad02f8da03cf6702fa7edec531da5e56f526f466e2f04180f2a23a1cf315,5,ATHENAEUS,4352f04fcfd7cbe580caddf69f309034ffb967d5d1bc8a8e809498de5bf8d329,1,1,26,12
D12,ud23,DIODORUS,d91dad02f8da03cf6702fa7edec531da5e56f526f466e2f04180f2a23a1cf315,5,HERODOTUS,89f0804afded8e7a0f4e1b507030d5ef4ecaf17e422c8b2969bd6b23e62818e6,1,0,11,0
D12,ud23,DIODORUS,d91dad02f8da03cf6702fa7edec531da5e56f526f466e2f04180f2a23a1cf315,5,HESIODIC_TRADITION,c4c0c7eaeca0d61d2e53f4f0642bfa382e91dd28b470d2f4da2ba8539fe0e7f7,1,0,2,0
D12,ud23,DIODORUS,d91dad02f8da03cf6702fa7edec531da5e56f526f466e2f04180f2a23a1cf315,5,HOMERIC_TRADITION,209ee9f27c82f31d31eb16124569039d7847ed327f3a0f2b5c4eae048347e621,1,0,27,0
D12,ud23,DIODORUS,d91dad02f8da03cf6702fa7edec531da5e56f526f466e2f04180f2a23a1cf315,5,PLUTARCH,ef8134329970f595ef9ccf4198217affef5c01fa243d5bf4e59ee6daebb04e1d,0,0,0,0
D12,ud23,DIODORUS,d91dad02f8da03cf6702fa7edec531da5e56f526f466e2f04180f2a23a1cf315,5,THUCYDIDES,1a32cf6857284fff7c7f006f8d0cd4ab15a047af7a4bcd5613d1fd50789dd4ee,1,1,54,12
D12,ud23,DIODORUS,d91dad02f8da03cf6702fa7edec531da5e56f526f466e2f04180f2a23a1cf315,6,ATHENAEUS,4352f04fcfd7cbe580caddf69f309034ffb967d5d1bc8a8e809498de5bf8d329,1,1,10,10
D12,ud23,DIODORUS,d91dad02f8da03cf6702fa7edec531da5e56f526f466e2f04180f2a23a1cf315,6,HERODOTUS,89f0804afded8e7a0f4e1b507030d5ef4ecaf17e422c8b2969bd6b23e62818e6,1,1,5,5
D12,ud23,DIODORUS,d91dad02f8da03cf6702fa7edec531da5e56f526f466e2f04180f2a23a1cf315,6,HESIODIC_TRADITION,c4c0c7eaeca0d61d2e53f4f0642bfa382e91dd28b470d2f4da2ba8539fe0e7f7,1,0,12,0
D12,ud23,DIODORUS,d91dad02f8da03cf6702fa7edec531da5e56f526f466e2f04180f2a23a1cf315,6,HOMERIC_TRADITION,209ee9f27c82f31d31eb16124569039d7847ed327f3a0f2b5c4eae048347e621,1,1,8,8
D12,ud23,DIODORUS,d91dad02f8da03cf6702fa7edec531da5e56f526f466e2f04180f2a23a1cf315,6,PLUTARCH,ef8134329970f595ef9ccf4198217affef5c01fa243d5bf4e59ee6daebb04e1d,0,0,0,0
D12,ud23,DIODORUS,d91dad02f8da03cf6702fa7edec531da5e56f526f466e2f04180f2a23a1cf315,6,THUCYDIDES,1a32cf6857284fff7c7f006f8d0cd4ab15a047af7a4bcd5613d1fd50789dd4ee,1,1,6,6
D12,ud23,DIODORUS,d91dad02f8da03cf6702fa7edec531da5e56f526f466e2f04180f2a23a1cf315,7,ATHENAEUS,4352f04fcfd7cbe580caddf69f309034ffb967d5d1bc8a8e809498de5bf8d329,1,1,6,6
D12,ud23,DIODORUS,d91dad02f8da03cf6702fa7edec531da5e56f526f466e2f04180f2a23a1cf315,7,HERODOTUS,89f0804afded8e7a0f4e1b507030d5ef4ecaf17e422c8b2969bd6b23e62818e6,1,1,7,7
D12,ud23,DIODORUS,d91dad02f8da03cf6702fa7edec531da5e56f526f466e2f04180f2a23a1cf315,7,HESIODIC_TRADITION,c4c0c7eaeca0d61d2e53f4f0642bfa382e91dd28b470d2f4da2ba8539fe0e7f7,1,1,10,10
D12,ud23,DIODORUS,d91dad02f8da03cf6702fa7edec531da5e56f526f466e2f04180f2a23a1cf315,7,HOMERIC_TRADITION,209ee9f27c82f31d31eb16124569039d7847ed327f3a0f2b5c4eae048347e621,1,1,2,2
D12,ud23,DIODORUS,d91dad02f8da03cf6702fa7edec531da5e56f526f466e2f04180f2a23a1cf315,7,PLUTARCH,ef8134329970f595ef9ccf4198217affef5c01fa243d5bf4e59ee6daebb04e1d,0,0,0,0
D12,ud23,DIODORUS,d91dad02f8da03cf6702fa7edec531da5e56f526f466e2f04180f2a23a1cf315,7,THUCYDIDES,1a32cf6857284fff7c7f006f8d0cd4ab15a047af7a4bcd5613d1fd50789dd4ee,1,1,5,5
D12,ud23,DIODORUS,d91dad02f8da03cf6702fa7edec531da5e56f526f466e2f04180f2a23a1cf315,8,ATHENAEUS,4352f04fcfd7cbe580caddf69f309034ffb967d5d1bc8a8e809498de5bf8d329,1,1,14,12
D12,ud23,DIODORUS,d91dad02f8da03cf6702fa7edec531da5e56f526f466e2f04180f2a23a1cf315,8,HERODOTUS,89f0804afded8e7a0f4e1b507030d5ef4ecaf17e422c8b2969bd6b23e62818e6,0,0,0,0
D12,ud23,DIODORUS,d91dad02f8da03cf6702fa7edec531da5e56f526f466e2f04180f2a23a1cf315,8,HESIODIC_TRADITION,c4c0c7eaeca0d61d2e53f4f0642bfa382e91dd28b470d2f4da2ba8539fe0e7f7,1,1,5,5
D12,ud23,DIODORUS,d91dad02f8da03cf6702fa7edec531da5e56f526f466e2f04180f2a23a1cf315,8,HOMERIC_TRADITION,209ee9f27c82f31d31eb16124569039d7847ed327f3a0f2b5c4eae048347e621,1,1,7,7
D12,ud23,DIODORUS,d91dad02f8da03cf6702fa7edec531da5e56f526f466e2f04180f2a23a1cf315,8,PLUTARCH,ef8134329970f595ef9ccf4198217affef5c01fa243d5bf4e59ee6daebb04e1d,0,0,0,0
D12,ud23,DIODORUS,d91dad02f8da03cf6702fa7edec531da5e56f526f466e2f04180f2a23a1cf315,8,THUCYDIDES,1a32cf6857284fff7c7f006f8d0cd4ab15a047af7a4bcd5613d1fd50789dd4ee,1,1,9,9
D12,ud23,DIODORUS,d91dad02f8da03cf6702fa7edec531da5e56f526f466e2f04180f2a23a1cf315,9,ATHENAEUS,4352f04fcfd7cbe580caddf69f309034ffb967d5d1bc8a8e809498de5bf8d329,1,1,22,12
D12,ud23,DIODORUS,d91dad02f8da03cf6702fa7edec531da5e56f526f466e2f04180f2a23a1cf315,9,HERODOTUS,89f0804afded8e7a0f4e1b507030d5ef4ecaf17e422c8b2969bd6b23e62818e6,1,1,7,7
D12,ud23,DIODORUS,d91dad02f8da03cf6702fa7edec531da5e56f526f466e2f04180f2a23a1cf315,9,HESIODIC_TRADITION,c4c0c7eaeca0d61d2e53f4f0642bfa382e91dd28b470d2f4da2ba8539fe0e7f7,1,1,4,4
D12,ud23,DIODORUS,d91dad02f8da03cf6702fa7edec531da5e56f526f466e2f04180f2a23a1cf315,9,HOMERIC_TRADITION,209ee9f27c82f31d31eb16124569039d7847ed327f3a0f2b5c4eae048347e621,1,1,12,12
D12,ud23,DIODORUS,d91dad02f8da03cf6702fa7edec531da5e56f526f466e2f04180f2a23a1cf315,9,PLUTARCH,ef8134329970f595ef9ccf4198217affef5c01fa243d5bf4e59ee6daebb04e1d,0,0,0,0
D12,ud23,DIODORUS,d91dad02f8da03cf6702fa7edec531da5e56f526f466e2f04180f2a23a1cf315,9,THUCYDIDES,1a32cf6857284fff7c7f006f8d0cd4ab15a047af7a4bcd5613d1fd50789dd4ee,1,1,39,12
D12,ud23,PLUTARCH,ef8134329970f595ef9ccf4198217affef5c01fa243d5bf4e59ee6daebb04e1d,0,ATHENAEUS,4352f04fcfd7cbe580caddf69f309034ffb967d5d1bc8a8e809498de5bf8d329,0,0,0,0
D12,ud23,PLUTARCH,ef8134329970f595ef9ccf4198217affef5c01fa243d5bf4e59ee6daebb04e1d,0,DIODORUS,d91dad02f8da03cf6702fa7edec531da5e56f526f466e2f04180f2a23a1cf315,1,1,6,6
D12,ud23,PLUTARCH,ef8134329970f595ef9ccf4198217affef5c01fa243d5bf4e59ee6daebb04e1d,0,HERODOTUS,89f0804afded8e7a0f4e1b507030d5ef4ecaf17e422c8b2969bd6b23e62818e6,1,1,2,2
D12,ud23,PLUTARCH,ef8134329970f595ef9ccf4198217affef5c01fa243d5bf4e59ee6daebb04e1d,0,HESIODIC_TRADITION,c4c0c7eaeca0d61d2e53f4f0642bfa382e91dd28b470d2f4da2ba8539fe0e7f7,1,1,2,2
D12,ud23,PLUTARCH,ef8134329970f595ef9ccf4198217affef5c01fa243d5bf4e59ee6daebb04e1d,0,HOMERIC_TRADITION,209ee9f27c82f31d31eb16124569039d7847ed327f3a0f2b5c4eae048347e621,1,1,16,12
D12,ud23,PLUTARCH,ef8134329970f595ef9ccf4198217affef5c01fa243d5bf4e59ee6daebb04e1d,0,THUCYDIDES,1a32cf6857284fff7c7f006f8d0cd4ab15a047af7a4bcd5613d1fd50789dd4ee,1,1,31,12
D12,ud23,PLUTARCH,ef8134329970f595ef9ccf4198217affef5c01fa243d5bf4e59ee6daebb04e1d,1,ATHENAEUS,4352f04fcfd7cbe580caddf69f309034ffb967d5d1bc8a8e809498de5bf8d329,1,1,15,12
D12,ud23,PLUTARCH,ef8134329970f595ef9ccf4198217affef5c01fa243d5bf4e59ee6daebb04e1d,1,DIODORUS,d91dad02f8da03cf6702fa7edec531da5e56f526f466e2f04180f2a23a1cf315,1,1,15,12
D12,ud23,PLUTARCH,ef8134329970f595ef9ccf4198217affef5c01fa243d5bf4e59ee6daebb04e1d,1,HERODOTUS,89f0804afded8e7a0f4e1b507030d5ef4ecaf17e422c8b2969bd6b23e62818e6,1,1,15,12
D12,ud23,PLUTARCH,ef8134329970f595ef9ccf4198217affef5c01fa243d5bf4e59ee6daebb04e1d,1,HESIODIC_TRADITION,c4c0c7eaeca0d61d2e53f4f0642bfa382e91dd28b470d2f4da2ba8539fe0e7f7,1,1,1,1
D12,ud23,PLUTARCH,ef8134329970f595ef9ccf4198217affef5c01fa243d5bf4e59ee6daebb04e1d,1,HOMERIC_TRADITION,209ee9f27c82f31d31eb16124569039d7847ed327f3a0f2b5c4eae048347e621,1,1,8,8
D12,ud23,PLUTARCH,ef8134329970f595ef9ccf4198217affef5c01fa243d5bf4e59ee6daebb04e1d,1,THUCYDIDES,1a32cf6857284fff7c7f006f8d0cd4ab15a047af7a4bcd5613d1fd50789dd4ee,1,1,7,7
D12,ud23,PLUTARCH,ef8134329970f595ef9ccf4198217affef5c01fa243d5bf4e59ee6daebb04e1d,2,ATHENAEUS,4352f04fcfd7cbe580caddf69f309034ffb967d5d1bc8a8e809498de5bf8d329,1,1,1,1
D12,ud23,PLUTARCH,ef8134329970f595ef9ccf4198217affef5c01fa243d5bf4e59ee6daebb04e1d,2,DIODORUS,d91dad02f8da03cf6702fa7edec531da5e56f526f466e2f04180f2a23a1cf315,1,1,23,12
D12,ud23,PLUTARCH,ef8134329970f595ef9ccf4198217affef5c01fa243d5bf4e59ee6daebb04e1d,2,HERODOTUS,89f0804afded8e7a0f4e1b507030d5ef4ecaf17e422c8b2969bd6b23e62818e6,1,1,16,12
D12,ud23,PLUTARCH,ef8134329970f595ef9ccf4198217affef5c01fa243d5bf4e59ee6daebb04e1d,2,HESIODIC_TRADITION,c4c0c7eaeca0d61d2e53f4f0642bfa382e91dd28b470d2f4da2ba8539fe0e7f7,1,1,23,12
D12,ud23,PLUTARCH,ef8134329970f595ef9ccf4198217affef5c01fa243d5bf4e59ee6daebb04e1d,2,HOMERIC_TRADITION,209ee9f27c82f31d31eb16124569039d7847ed327f3a0f2b5c4eae048347e621,1,1,4,4
D12,ud23,PLUTARCH,ef8134329970f595ef9ccf4198217affef5c01fa243d5bf4e59ee6daebb04e1d,2,THUCYDIDES,1a32cf6857284fff7c7f006f8d0cd4ab15a047af7a4bcd5613d1fd50789dd4ee,1,1,12,12
D12,ud23,PLUTARCH,ef8134329970f595ef9ccf4198217affef5c01fa243d5bf4e59ee6daebb04e1d,3,ATHENAEUS,4352f04fcfd7cbe580caddf69f309034ffb967d5d1bc8a8e809498de5bf8d329,1,1,5,5
D12,ud23,PLUTARCH,ef8134329970f595ef9ccf4198217affef5c01fa243d5bf4e59ee6daebb04e1d,3,DIODORUS,d91dad02f8da03cf6702fa7edec531da5e56f526f466e2f04180f2a23a1cf315,1,1,13,12
D12,ud23,PLUTARCH,ef8134329970f595ef9ccf4198217affef5c01fa243d5bf4e59ee6daebb04e1d,3,HERODOTUS,89f0804afded8e7a0f4e1b507030d5ef4ecaf17e422c8b2969bd6b23e62818e6,1,1,3,3
D12,ud23,PLUTARCH,ef8134329970f595ef9ccf4198217affef5c01fa243d5bf4e59ee6daebb04e1d,3,HESIODIC_TRADITION,c4c0c7eaeca0d61d2e53f4f0642bfa382e91dd28b470d2f4da2ba8539fe0e7f7,1,1,9,9
D12,ud23,PLUTARCH,ef8134329970f595ef9ccf4198217affef5c01fa243d5bf4e59ee6daebb04e1d,3,HOMERIC_TRADITION,209ee9f27c82f31d31eb16124569039d7847ed327f3a0f2b5c4eae048347e621,1,1,5,5
D12,ud23,PLUTARCH,ef8134329970f595ef9ccf4198217affef5c01fa243d5bf4e59ee6daebb04e1d,3,THUCYDIDES,1a32cf6857284fff7c7f006f8d0cd4ab15a047af7a4bcd5613d1fd50789dd4ee,1,1,16,12
D12,ud23,PLUTARCH,ef8134329970f595ef9ccf4198217affef5c01fa243d5bf4e59ee6daebb04e1d,4,ATHENAEUS,4352f04fcfd7cbe580caddf69f309034ffb967d5d1bc8a8e809498de5bf8d329,1,1,11,11
D12,ud23,PLUTARCH,ef8134329970f595ef9ccf4198217affef5c01fa243d5bf4e59ee6daebb04e1d,4,DIODORUS,d91dad02f8da03cf6702fa7edec531da5e56f526f466e2f04180f2a23a1cf315,1,1,1,1
D12,ud23,PLUTARCH,ef8134329970f595ef9ccf4198217affef5c01fa243d5bf4e59ee6daebb04e1d,4,HERODOTUS,89f0804afded8e7a0f4e1b507030d5ef4ecaf17e422c8b2969bd6b23e62818e6,1,1,9,9
D12,ud23,PLUTARCH,ef8134329970f595ef9ccf4198217affef5c01fa243d5bf4e59ee6daebb04e1d,4,HESIODIC_TRADITION,c4c0c7eaeca0d61d2e53f4f0642bfa382e91dd28b470d2f4da2ba8539fe0e7f7,1,1,2,2
D12,ud23,PLUTARCH,ef8134329970f595ef9ccf4198217affef5c01fa243d5bf4e59ee6daebb04e1d,4,HOMERIC_TRADITION,209ee9f27c82f31d31eb16124569039d7847ed327f3a0f2b5c4eae048347e621,0,0,0,0
D12,ud23,PLUTARCH,ef8134329970f595ef9ccf4198217affef5c01fa243d5bf4e59ee6daebb04e1d,4,THUCYDIDES,1a32cf6857284fff7c7f006f8d0cd4ab15a047af7a4bcd5613d1fd50789dd4ee,1,1,5,5
D12,ud23,PLUTARCH,ef8134329970f595ef9ccf4198217affef5c01fa243d5bf4e59ee6daebb04e1d,5,ATHENAEUS,4352f04fcfd7cbe580caddf69f309034ffb967d5d1bc8a8e809498de5bf8d329,1,0,4,0
D12,ud23,PLUTARCH,ef8134329970f595ef9ccf4198217affef5c01fa243d5bf4e59ee6daebb04e1d,5,DIODORUS,d91dad02f8da03cf6702fa7edec531da5e56f526f466e2f04180f2a23a1cf315,1,0,23,0
D12,ud23,PLUTARCH,ef8134329970f595ef9ccf4198217affef5c01fa243d5bf4e59ee6daebb04e1d,5,HERODOTUS,89f0804afded8e7a0f4e1b507030d5ef4ecaf17e422c8b2969bd6b23e62818e6,1,1,23,12
D12,ud23,PLUTARCH,ef8134329970f595ef9ccf4198217affef5c01fa243d5bf4e59ee6daebb04e1d,5,HESIODIC_TRADITION,c4c0c7eaeca0d61d2e53f4f0642bfa382e91dd28b470d2f4da2ba8539fe0e7f7,1,1,14,12
D12,ud23,PLUTARCH,ef8134329970f595ef9ccf4198217affef5c01fa243d5bf4e59ee6daebb04e1d,5,HOMERIC_TRADITION,209ee9f27c82f31d31eb16124569039d7847ed327f3a0f2b5c4eae048347e621,1,1,30,12
D12,ud23,PLUTARCH,ef8134329970f595ef9ccf4198217affef5c01fa243d5bf4e59ee6daebb04e1d,5,THUCYDIDES,1a32cf6857284fff7c7f006f8d0cd4ab15a047af7a4bcd5613d1fd50789dd4ee,1,0,6,0
D12,ud23,PLUTARCH,ef8134329970f595ef9ccf4198217affef5c01fa243d5bf4e59ee6daebb04e1d,6,ATHENAEUS,4352f04fcfd7cbe580caddf69f309034ffb967d5d1bc8a8e809498de5bf8d329,1,0,10,0
D12,ud23,PLUTARCH,ef8134329970f595ef9ccf4198217affef5c01fa243d5bf4e59ee6daebb04e1d,6,DIODORUS,d91dad02f8da03cf6702fa7edec531da5e56f526f466e2f04180f2a23a1cf315,1,1,24,12
D12,ud23,PLUTARCH,ef8134329970f595ef9ccf4198217affef5c01fa243d5bf4e59ee6daebb04e1d,6,HERODOTUS,89f0804afded8e7a0f4e1b507030d5ef4ecaf17e422c8b2969bd6b23e62818e6,1,1,3,3
D12,ud23,PLUTARCH,ef8134329970f595ef9ccf4198217affef5c01fa243d5bf4e59ee6daebb04e1d,6,HESIODIC_TRADITION,c4c0c7eaeca0d61d2e53f4f0642bfa382e91dd28b470d2f4da2ba8539fe0e7f7,1,0,28,0
D12,ud23,PLUTARCH,ef8134329970f595ef9ccf4198217affef5c01fa243d5bf4e59ee6daebb04e1d,6,HOMERIC_TRADITION,209ee9f27c82f31d31eb16124569039d7847ed327f3a0f2b5c4eae048347e621,1,1,5,5
D12,ud23,PLUTARCH,ef8134329970f595ef9ccf4198217affef5c01fa243d5bf4e59ee6daebb04e1d,6,THUCYDIDES,1a32cf6857284fff7c7f006f8d0cd4ab15a047af7a4bcd5613d1fd50789dd4ee,1,1,4,4
D12,ud23,PLUTARCH,ef8134329970f595ef9ccf4198217affef5c01fa243d5bf4e59ee6daebb04e1d,7,ATHENAEUS,4352f04fcfd7cbe580caddf69f309034ffb967d5d1bc8a8e809498de5bf8d329,1,0,3,0
D12,ud23,PLUTARCH,ef8134329970f595ef9ccf4198217affef5c01fa243d5bf4e59ee6daebb04e1d,7,DIODORUS,d91dad02f8da03cf6702fa7edec531da5e56f526f466e2f04180f2a23a1cf315,1,1,1,1
D12,ud23,PLUTARCH,ef8134329970f595ef9ccf4198217affef5c01fa243d5bf4e59ee6daebb04e1d,7,HERODOTUS,89f0804afded8e7a0f4e1b507030d5ef4ecaf17e422c8b2969bd6b23e62818e6,1,0,3,0
D12,ud23,PLUTARCH,ef8134329970f595ef9ccf4198217affef5c01fa243d5bf4e59ee6daebb04e1d,7,HESIODIC_TRADITION,c4c0c7eaeca0d61d2e53f4f0642bfa382e91dd28b470d2f4da2ba8539fe0e7f7,1,1,8,8
D12,ud23,PLUTARCH,ef8134329970f595ef9ccf4198217affef5c01fa243d5bf4e59ee6daebb04e1d,7,HOMERIC_TRADITION,209ee9f27c82f31d31eb16124569039d7847ed327f3a0f2b5c4eae048347e621,1,1,14,12
D12,ud23,PLUTARCH,ef8134329970f595ef9ccf4198217affef5c01fa243d5bf4e59ee6daebb04e1d,7,THUCYDIDES,1a32cf6857284fff7c7f006f8d0cd4ab15a047af7a4bcd5613d1fd50789dd4ee,1,0,30,0
D12,ud23,PLUTARCH,ef8134329970f595ef9ccf4198217affef5c01fa243d5bf4e59ee6daebb04e1d,8,ATHENAEUS,4352f04fcfd7cbe580caddf69f309034ffb967d5d1bc8a8e809498de5bf8d329,1,1,12,12
D12,ud23,PLUTARCH,ef8134329970f595ef9ccf4198217affef5c01fa243d5bf4e59ee6daebb04e1d,8,DIODORUS,d91dad02f8da03cf6702fa7edec531da5e56f526f466e2f04180f2a23a1cf315,1,1,4,4
D12,ud23,PLUTARCH,ef8134329970f595ef9ccf4198217affef5c01fa243d5bf4e59ee6daebb04e1d,8,HERODOTUS,89f0804afded8e7a0f4e1b507030d5ef4ecaf17e422c8b2969bd6b23e62818e6,1,1,25,12
D12,ud23,PLUTARCH,ef8134329970f595ef9ccf4198217affef5c01fa243d5bf4e59ee6daebb04e1d,8,HESIODIC_TRADITION,c4c0c7eaeca0d61d2e53f4f0642bfa382e91dd28b470d2f4da2ba8539fe0e7f7,1,1,3,3
D12,ud23,PLUTARCH,ef8134329970f595ef9ccf4198217affef5c01fa243d5bf4e59ee6daebb04e1d,8,HOMERIC_TRADITION,209ee9f27c82f31d31eb16124569039d7847ed327f3a0f2b5c4eae048347e621,1,1,2,2
D12,ud23,PLUTARCH,ef8134329970f595ef9ccf4198217affef5c01fa243d5bf4e59ee6daebb04e1d,8,THUCYDIDES,1a32cf6857284fff7c7f006f8d0cd4ab15a047af7a4bcd5613d1fd50789dd4ee,1,0,25,0
D12,ud23,PLUTARCH,ef8134329970f595ef9ccf4198217affef5c01fa243d5bf4e59ee6daebb04e1d,9,ATHENAEUS,4352f04fcfd7cbe580caddf69f309034ffb967d5d1bc8a8e809498de5bf8d329,1,1,18,12
D12,ud23,PLUTARCH,ef8134329970f595ef9ccf4198217affef5c01fa243d5bf4e59ee6daebb04e1d,9,DIODORUS,d91dad02f8da03cf6702fa7edec531da5e56f526f466e2f04180f2a23a1cf315,1,1,22,12
D12,ud23,PLUTARCH,ef8134329970f595ef9ccf4198217affef5c01fa243d5bf4e59ee6daebb04e1d,9,HERODOTUS,89f0804afded8e7a0f4e1b507030d5ef4ecaf17e422c8b2969bd6b23e62818e6,1,0,36,0
D12,ud23,PLUTARCH,ef8134329970f595ef9ccf4198217affef5c01fa243d5bf4e59ee6daebb04e1d,9,HESIODIC_TRADITION,c4c0c7eaeca0d61d2e53f4f0642bfa382e91dd28b470d2f4da2ba8539fe0e7f7,0,0,0,0
D12,ud23,PLUTARCH,ef8134329970f595ef9ccf4198217affef5c01fa243d5bf4e59ee6daebb04e1d,9,HOMERIC_TRADITION,209ee9f27c82f31d31eb16124569039d7847ed327f3a0f2b5c4eae048347e621,1,1,9,9
D12,ud23,PLUTARCH,ef8134329970f595ef9ccf4198217affef5c01fa243d5bf4e59ee6daebb04e1d,9,THUCYDIDES,1a32cf6857284fff7c7f006f8d0cd4ab15a047af7a4bcd5613d1fd50789dd4ee,1,1,13,12
a_total1,ud23,THUCYDIDES,1a32cf6857284fff7c7f006f8d0cd4ab15a047af7a4bcd5613d1fd50789dd4ee,0,ATHENAEUS,4352f04fcfd7cbe580caddf69f309034ffb967d5d1bc8a8e809498de5bf8d329,1,0,4,0
a_total1,ud23,THUCYDIDES,1a32cf6857284fff7c7f006f8d0cd4ab15a047af7a4bcd5613d1fd50789dd4ee,0,DIODORUS,d91dad02f8da03cf6702fa7edec531da5e56f526f466e2f04180f2a23a1cf315,1,1,7,7
a_total1,ud23,THUCYDIDES,1a32cf6857284fff7c7f006f8d0cd4ab15a047af7a4bcd5613d1fd50789dd4ee,0,HERODOTUS,89f0804afded8e7a0f4e1b507030d5ef4ecaf17e422c8b2969bd6b23e62818e6,1,1,30,8
a_total1,ud23,THUCYDIDES,1a32cf6857284fff7c7f006f8d0cd4ab15a047af7a4bcd5613d1fd50789dd4ee,0,HESIODIC_TRADITION,c4c0c7eaeca0d61d2e53f4f0642bfa382e91dd28b470d2f4da2ba8539fe0e7f7,1,1,2,2
a_total1,ud23,THUCYDIDES,1a32cf6857284fff7c7f006f8d0cd4ab15a047af7a4bcd5613d1fd50789dd4ee,0,HOMERIC_TRADITION,209ee9f27c82f31d31eb16124569039d7847ed327f3a0f2b5c4eae048347e621,1,1,3,3
a_total1,ud23,THUCYDIDES,1a32cf6857284fff7c7f006f8d0cd4ab15a047af7a4bcd5613d1fd50789dd4ee,0,PLUTARCH,ef8134329970f595ef9ccf4198217affef5c01fa243d5bf4e59ee6daebb04e1d,0,0,0,0
a_total1,ud23,THUCYDIDES,1a32cf6857284fff7c7f006f8d0cd4ab15a047af7a4bcd5613d1fd50789dd4ee,1,ATHENAEUS,4352f04fcfd7cbe580caddf69f309034ffb967d5d1bc8a8e809498de5bf8d329,1,1,6,6
a_total1,ud23,THUCYDIDES,1a32cf6857284fff7c7f006f8d0cd4ab15a047af7a4bcd5613d1fd50789dd4ee,1,DIODORUS,d91dad02f8da03cf6702fa7edec531da5e56f526f466e2f04180f2a23a1cf315,0,0,0,0
a_total1,ud23,THUCYDIDES,1a32cf6857284fff7c7f006f8d0cd4ab15a047af7a4bcd5613d1fd50789dd4ee,1,HERODOTUS,89f0804afded8e7a0f4e1b507030d5ef4ecaf17e422c8b2969bd6b23e62818e6,1,1,10,8
a_total1,ud23,THUCYDIDES,1a32cf6857284fff7c7f006f8d0cd4ab15a047af7a4bcd5613d1fd50789dd4ee,1,HESIODIC_TRADITION,c4c0c7eaeca0d61d2e53f4f0642bfa382e91dd28b470d2f4da2ba8539fe0e7f7,0,0,0,0
a_total1,ud23,THUCYDIDES,1a32cf6857284fff7c7f006f8d0cd4ab15a047af7a4bcd5613d1fd50789dd4ee,1,HOMERIC_TRADITION,209ee9f27c82f31d31eb16124569039d7847ed327f3a0f2b5c4eae048347e621,1,0,13,0
a_total1,ud23,THUCYDIDES,1a32cf6857284fff7c7f006f8d0cd4ab15a047af7a4bcd5613d1fd50789dd4ee,1,PLUTARCH,ef8134329970f595ef9ccf4198217affef5c01fa243d5bf4e59ee6daebb04e1d,0,0,0,0
a_total1,ud23,THUCYDIDES,1a32cf6857284fff7c7f006f8d0cd4ab15a047af7a4bcd5613d1fd50789dd4ee,2,ATHENAEUS,4352f04fcfd7cbe580caddf69f309034ffb967d5d1bc8a8e809498de5bf8d329,1,1,5,5
a_total1,ud23,THUCYDIDES,1a32cf6857284fff7c7f006f8d0cd4ab15a047af7a4bcd5613d1fd50789dd4ee,2,DIODORUS,d91dad02f8da03cf6702fa7edec531da5e56f526f466e2f04180f2a23a1cf315,1,1,14,8
a_total1,ud23,THUCYDIDES,1a32cf6857284fff7c7f006f8d0cd4ab15a047af7a4bcd5613d1fd50789dd4ee,2,HERODOTUS,89f0804afded8e7a0f4e1b507030d5ef4ecaf17e422c8b2969bd6b23e62818e6,1,0,5,0
a_total1,ud23,THUCYDIDES,1a32cf6857284fff7c7f006f8d0cd4ab15a047af7a4bcd5613d1fd50789dd4ee,2,HESIODIC_TRADITION,c4c0c7eaeca0d61d2e53f4f0642bfa382e91dd28b470d2f4da2ba8539fe0e7f7,1,0,5,0
a_total1,ud23,THUCYDIDES,1a32cf6857284fff7c7f006f8d0cd4ab15a047af7a4bcd5613d1fd50789dd4ee,2,HOMERIC_TRADITION,209ee9f27c82f31d31eb16124569039d7847ed327f3a0f2b5c4eae048347e621,1,1,8,8
a_total1,ud23,THUCYDIDES,1a32cf6857284fff7c7f006f8d0cd4ab15a047af7a4bcd5613d1fd50789dd4ee,2,PLUTARCH,ef8134329970f595ef9ccf4198217affef5c01fa243d5bf4e59ee6daebb04e1d,0,0,0,0
a_total1,ud23,THUCYDIDES,1a32cf6857284fff7c7f006f8d0cd4ab15a047af7a4bcd5613d1fd50789dd4ee,3,ATHENAEUS,4352f04fcfd7cbe580caddf69f309034ffb967d5d1bc8a8e809498de5bf8d329,1,1,12,8
a_total1,ud23,THUCYDIDES,1a32cf6857284fff7c7f006f8d0cd4ab15a047af7a4bcd5613d1fd50789dd4ee,3,DIODORUS,d91dad02f8da03cf6702fa7edec531da5e56f526f466e2f04180f2a23a1cf315,0,0,0,0
a_total1,ud23,THUCYDIDES,1a32cf6857284fff7c7f006f8d0cd4ab15a047af7a4bcd5613d1fd50789dd4ee,3,HERODOTUS,89f0804afded8e7a0f4e1b507030d5ef4ecaf17e422c8b2969bd6b23e62818e6,1,0,6,0
a_total1,ud23,THUCYDIDES,1a32cf6857284fff7c7f006f8d0cd4ab15a047af7a4bcd5613d1fd50789dd4ee,3,HESIODIC_TRADITION,c4c0c7eaeca0d61d2e53f4f0642bfa382e91dd28b470d2f4da2ba8539fe0e7f7,1,1,10,8
a_total1,ud23,THUCYDIDES,1a32cf6857284fff7c7f006f8d0cd4ab15a047af7a4bcd5613d1fd50789dd4ee,3,HOMERIC_TRADITION,209ee9f27c82f31d31eb16124569039d7847ed327f3a0f2b5c4eae048347e621,1,1,4,4
a_total1,ud23,THUCYDIDES,1a32cf6857284fff7c7f006f8d0cd4ab15a047af7a4bcd5613d1fd50789dd4ee,3,PLUTARCH,ef8134329970f595ef9ccf4198217affef5c01fa243d5bf4e59ee6daebb04e1d,0,0,0,0
a_total1,ud23,THUCYDIDES,1a32cf6857284fff7c7f006f8d0cd4ab15a047af7a4bcd5613d1fd50789dd4ee,4,ATHENAEUS,4352f04fcfd7cbe580caddf69f309034ffb967d5d1bc8a8e809498de5bf8d329,1,1,5,5
a_total1,ud23,THUCYDIDES,1a32cf6857284fff7c7f006f8d0cd4ab15a047af7a4bcd5613d1fd50789dd4ee,4,DIODORUS,d91dad02f8da03cf6702fa7edec531da5e56f526f466e2f04180f2a23a1cf315,1,1,10,8
a_total1,ud23,THUCYDIDES,1a32cf6857284fff7c7f006f8d0cd4ab15a047af7a4bcd5613d1fd50789dd4ee,4,HERODOTUS,89f0804afded8e7a0f4e1b507030d5ef4ecaf17e422c8b2969bd6b23e62818e6,1,1,27,8
a_total1,ud23,THUCYDIDES,1a32cf6857284fff7c7f006f8d0cd4ab15a047af7a4bcd5613d1fd50789dd4ee,4,HESIODIC_TRADITION,c4c0c7eaeca0d61d2e53f4f0642bfa382e91dd28b470d2f4da2ba8539fe0e7f7,1,1,1,1
a_total1,ud23,THUCYDIDES,1a32cf6857284fff7c7f006f8d0cd4ab15a047af7a4bcd5613d1fd50789dd4ee,4,HOMERIC_TRADITION,209ee9f27c82f31d31eb16124569039d7847ed327f3a0f2b5c4eae048347e621,1,1,13,8
a_total1,ud23,THUCYDIDES,1a32cf6857284fff7c7f006f8d0cd4ab15a047af7a4bcd5613d1fd50789dd4ee,4,PLUTARCH,ef8134329970f595ef9ccf4198217affef5c01fa243d5bf4e59ee6daebb04e1d,0,0,0,0
a_total1,ud23,THUCYDIDES,1a32cf6857284fff7c7f006f8d0cd4ab15a047af7a4bcd5613d1fd50789dd4ee,5,ATHENAEUS,4352f04fcfd7cbe580caddf69f309034ffb967d5d1bc8a8e809498de5bf8d329,1,1,40,8
a_total1,ud23,THUCYDIDES,1a32cf6857284fff7c7f006f8d0cd4ab15a047af7a4bcd5613d1fd50789dd4ee,5,DIODORUS,d91dad02f8da03cf6702fa7edec531da5e56f526f466e2f04180f2a23a1cf315,1,1,1,1
a_total1,ud23,THUCYDIDES,1a32cf6857284fff7c7f006f8d0cd4ab15a047af7a4bcd5613d1fd50789dd4ee,5,HERODOTUS,89f0804afded8e7a0f4e1b507030d5ef4ecaf17e422c8b2969bd6b23e62818e6,1,1,2,2
a_total1,ud23,THUCYDIDES,1a32cf6857284fff7c7f006f8d0cd4ab15a047af7a4bcd5613d1fd50789dd4ee,5,HESIODIC_TRADITION,c4c0c7eaeca0d61d2e53f4f0642bfa382e91dd28b470d2f4da2ba8539fe0e7f7,1,1,4,4
a_total1,ud23,THUCYDIDES,1a32cf6857284fff7c7f006f8d0cd4ab15a047af7a4bcd5613d1fd50789dd4ee,5,HOMERIC_TRADITION,209ee9f27c82f31d31eb16124569039d7847ed327f3a0f2b5c4eae048347e621,1,0,20,0
a_total1,ud23,THUCYDIDES,1a32cf6857284fff7c7f006f8d0cd4ab15a047af7a4bcd5613d1fd50789dd4ee,5,PLUTARCH,ef8134329970f595ef9ccf4198217affef5c01fa243d5bf4e59ee6daebb04e1d,0,0,0,0
a_total1,ud23,THUCYDIDES,1a32cf6857284fff7c7f006f8d0cd4ab15a047af7a4bcd5613d1fd50789dd4ee,6,ATHENAEUS,4352f04fcfd7cbe580caddf69f309034ffb967d5d1bc8a8e809498de5bf8d329,1,1,9,8
a_total1,ud23,THUCYDIDES,1a32cf6857284fff7c7f006f8d0cd4ab15a047af7a4bcd5613d1fd50789dd4ee,6,DIODORUS,d91dad02f8da03cf6702fa7edec531da5e56f526f466e2f04180f2a23a1cf315,0,0,0,0
a_total1,ud23,THUCYDIDES,1a32cf6857284fff7c7f006f8d0cd4ab15a047af7a4bcd5613d1fd50789dd4ee,6,HERODOTUS,89f0804afded8e7a0f4e1b507030d5ef4ecaf17e422c8b2969bd6b23e62818e6,1,1,4,4
a_total1,ud23,THUCYDIDES,1a32cf6857284fff7c7f006f8d0cd4ab15a047af7a4bcd5613d1fd50789dd4ee,6,HESIODIC_TRADITION,c4c0c7eaeca0d61d2e53f4f0642bfa382e91dd28b470d2f4da2ba8539fe0e7f7,1,1,13,8
a_total1,ud23,THUCYDIDES,1a32cf6857284fff7c7f006f8d0cd4ab15a047af7a4bcd5613d1fd50789dd4ee,6,HOMERIC_TRADITION,209ee9f27c82f31d31eb16124569039d7847ed327f3a0f2b5c4eae048347e621,1,1,4,4
a_total1,ud23,THUCYDIDES,1a32cf6857284fff7c7f006f8d0cd4ab15a047af7a4bcd5613d1fd50789dd4ee,6,PLUTARCH,ef8134329970f595ef9ccf4198217affef5c01fa243d5bf4e59ee6daebb04e1d,0,0,0,0
a_total1,ud23,THUCYDIDES,1a32cf6857284fff7c7f006f8d0cd4ab15a047af7a4bcd5613d1fd50789dd4ee,7,ATHENAEUS,4352f04fcfd7cbe580caddf69f309034ffb967d5d1bc8a8e809498de5bf8d329,1,0,15,0
a_total1,ud23,THUCYDIDES,1a32cf6857284fff7c7f006f8d0cd4ab15a047af7a4bcd5613d1fd50789dd4ee,7,DIODORUS,d91dad02f8da03cf6702fa7edec531da5e56f526f466e2f04180f2a23a1cf315,1,1,7,7
a_total1,ud23,THUCYDIDES,1a32cf6857284fff7c7f006f8d0cd4ab15a047af7a4bcd5613d1fd50789dd4ee,7,HERODOTUS,89f0804afded8e7a0f4e1b507030d5ef4ecaf17e422c8b2969bd6b23e62818e6,1,1,6,6
a_total1,ud23,THUCYDIDES,1a32cf6857284fff7c7f006f8d0cd4ab15a047af7a4bcd5613d1fd50789dd4ee,7,HESIODIC_TRADITION,c4c0c7eaeca0d61d2e53f4f0642bfa382e91dd28b470d2f4da2ba8539fe0e7f7,1,1,3,3
a_total1,ud23,THUCYDIDES,1a32cf6857284fff7c7f006f8d0cd4ab15a047af7a4bcd5613d1fd50789dd4ee,7,HOMERIC_TRADITION,209ee9f27c82f31d31eb16124569039d7847ed327f3a0f2b5c4eae048347e621,1,0,7,0
a_total1,ud23,THUCYDIDES,1a32cf6857284fff7c7f006f8d0cd4ab15a047af7a4bcd5613d1fd50789dd4ee,7,PLUTARCH,ef8134329970f595ef9ccf4198217affef5c01fa243d5bf4e59ee6daebb04e1d,0,0,0,0
a_total1,ud23,THUCYDIDES,1a32cf6857284fff7c7f006f8d0cd4ab15a047af7a4bcd5613d1fd50789dd4ee,8,ATHENAEUS,4352f04fcfd7cbe580caddf69f309034ffb967d5d1bc8a8e809498de5bf8d329,1,1,22,8
a_total1,ud23,THUCYDIDES,1a32cf6857284fff7c7f006f8d0cd4ab15a047af7a4bcd5613d1fd50789dd4ee,8,DIODORUS,d91dad02f8da03cf6702fa7edec531da5e56f526f466e2f04180f2a23a1cf315,1,1,4,4
a_total1,ud23,THUCYDIDES,1a32cf6857284fff7c7f006f8d0cd4ab15a047af7a4bcd5613d1fd50789dd4ee,8,HERODOTUS,89f0804afded8e7a0f4e1b507030d5ef4ecaf17e422c8b2969bd6b23e62818e6,1,0,11,0
a_total1,ud23,THUCYDIDES,1a32cf6857284fff7c7f006f8d0cd4ab15a047af7a4bcd5613d1fd50789dd4ee,8,HESIODIC_TRADITION,c4c0c7eaeca0d61d2e53f4f0642bfa382e91dd28b470d2f4da2ba8539fe0e7f7,1,0,9,0
a_total1,ud23,THUCYDIDES,1a32cf6857284fff7c7f006f8d0cd4ab15a047af7a4bcd5613d1fd50789dd4ee,8,HOMERIC_TRADITION,209ee9f27c82f31d31eb16124569039d7847ed327f3a0f2b5c4eae048347e621,1,0,2,0
a_total1,ud23,THUCYDIDES,1a32cf6857284fff7c7f006f8d0cd4ab15a047af7a4bcd5613d1fd50789dd4ee,8,PLUTARCH,ef8134329970f595ef9ccf4198217affef5c01fa243d5bf4e59ee6daebb04e1d,0,0,0,0
a_total1,ud23,THUCYDIDES,1a32cf6857284fff7c7f006f8d0cd4ab15a047af7a4bcd5613d1fd50789dd4ee,9,ATHENAEUS,4352f04fcfd7cbe580caddf69f309034ffb967d5d1bc8a8e809498de5bf8d329,1,1,17,8
a_total1,ud23,THUCYDIDES,1a32cf6857284fff7c7f006f8d0cd4ab15a047af7a4bcd5613d1fd50789dd4ee,9,DIODORUS,d91dad02f8da03cf6702fa7edec531da5e56f526f466e2f04180f2a23a1cf315,1,1,16,8
a_total1,ud23,THUCYDIDES,1a32cf6857284fff7c7f006f8d0cd4ab15a047af7a4bcd5613d1fd50789dd4ee,9,HERODOTUS,89f0804afded8e7a0f4e1b507030d5ef4ecaf17e422c8b2969bd6b23e62818e6,1,1,15,8
a_total1,ud23,THUCYDIDES,1a32cf6857284fff7c7f006f8d0cd4ab15a047af7a4bcd5613d1fd50789dd4ee,9,HESIODIC_TRADITION,c4c0c7eaeca0d61d2e53f4f0642bfa382e91dd28b470d2f4da2ba8539fe0e7f7,1,1,3,3
a_total1,ud23,THUCYDIDES,1a32cf6857284fff7c7f006f8d0cd4ab15a047af7a4bcd5613d1fd50789dd4ee,9,HOMERIC_TRADITION,209ee9f27c82f31d31eb16124569039d7847ed327f3a0f2b5c4eae048347e621,1,1,11,8
a_total1,ud23,THUCYDIDES,1a32cf6857284fff7c7f006f8d0cd4ab15a047af7a4bcd5613d1fd50789dd4ee,9,PLUTARCH,ef8134329970f595ef9ccf4198217affef5c01fa243d5bf4e59ee6daebb04e1d,0,0,0,0
a_total1,ud23,HOMERIC_TRADITION,209ee9f27c82f31d31eb16124569039d7847ed327f3a0f2b5c4eae048347e621,0,ATHENAEUS,4352f04fcfd7cbe580caddf69f309034ffb967d5d1bc8a8e809498de5bf8d329,1,0,13,0
a_total1,ud23,HOMERIC_TRADITION,209ee9f27c82f31d31eb16124569039d7847ed327f3a0f2b5c4eae048347e621,0,DIODORUS,d91dad02f8da03cf6702fa7edec531da5e56f526f466e2f04180f2a23a1cf315,1,1,12,8
a_total1,ud23,HOMERIC_TRADITION,209ee9f27c82f31d31eb16124569039d7847ed327f3a0f2b5c4eae048347e621,0,HERODOTUS,89f0804afded8e7a0f4e1b507030d5ef4ecaf17e422c8b2969bd6b23e62818e6,1,1,19,8
a_total1,ud23,HOMERIC_TRADITION,209ee9f27c82f31d31eb16124569039d7847ed327f3a0f2b5c4eae048347e621,0,HESIODIC_TRADITION,c4c0c7eaeca0d61d2e53f4f0642bfa382e91dd28b470d2f4da2ba8539fe0e7f7,1,1,4,4
a_total1,ud23,HOMERIC_TRADITION,209ee9f27c82f31d31eb16124569039d7847ed327f3a0f2b5c4eae048347e621,0,PLUTARCH,ef8134329970f595ef9ccf4198217affef5c01fa243d5bf4e59ee6daebb04e1d,0,0,0,0
a_total1,ud23,HOMERIC_TRADITION,209ee9f27c82f31d31eb16124569039d7847ed327f3a0f2b5c4eae048347e621,0,THUCYDIDES,1a32cf6857284fff7c7f006f8d0cd4ab15a047af7a4bcd5613d1fd50789dd4ee,1,1,11,8
a_total1,ud23,HOMERIC_TRADITION,209ee9f27c82f31d31eb16124569039d7847ed327f3a0f2b5c4eae048347e621,1,ATHENAEUS,4352f04fcfd7cbe580caddf69f309034ffb967d5d1bc8a8e809498de5bf8d329,1,1,2,2
a_total1,ud23,HOMERIC_TRADITION,209ee9f27c82f31d31eb16124569039d7847ed327f3a0f2b5c4eae048347e621,1,DIODORUS,d91dad02f8da03cf6702fa7edec531da5e56f526f466e2f04180f2a23a1cf315,1,1,4,4
a_total1,ud23,HOMERIC_TRADITION,209ee9f27c82f31d31eb16124569039d7847ed327f3a0f2b5c4eae048347e621,1,HERODOTUS,89f0804afded8e7a0f4e1b507030d5ef4ecaf17e422c8b2969bd6b23e62818e6,1,1,11,8
a_total1,ud23,HOMERIC_TRADITION,209ee9f27c82f31d31eb16124569039d7847ed327f3a0f2b5c4eae048347e621,1,HESIODIC_TRADITION,c4c0c7eaeca0d61d2e53f4f0642bfa382e91dd28b470d2f4da2ba8539fe0e7f7,1,1,7,7
a_total1,ud23,HOMERIC_TRADITION,209ee9f27c82f31d31eb16124569039d7847ed327f3a0f2b5c4eae048347e621,1,PLUTARCH,ef8134329970f595ef9ccf4198217affef5c01fa243d5bf4e59ee6daebb04e1d,0,0,0,0
a_total1,ud23,HOMERIC_TRADITION,209ee9f27c82f31d31eb16124569039d7847ed327f3a0f2b5c4eae048347e621,1,THUCYDIDES,1a32cf6857284fff7c7f006f8d0cd4ab15a047af7a4bcd5613d1fd50789dd4ee,0,0,0,0
a_total1,ud23,HOMERIC_TRADITION,209ee9f27c82f31d31eb16124569039d7847ed327f3a0f2b5c4eae048347e621,2,ATHENAEUS,4352f04fcfd7cbe580caddf69f309034ffb967d5d1bc8a8e809498de5bf8d329,1,0,13,0
a_total1,ud23,HOMERIC_TRADITION,209ee9f27c82f31d31eb16124569039d7847ed327f3a0f2b5c4eae048347e621,2,DIODORUS,d91dad02f8da03cf6702fa7edec531da5e56f526f466e2f04180f2a23a1cf315,1,1,21,8
a_total1,ud23,HOMERIC_TRADITION,209ee9f27c82f31d31eb16124569039d7847ed327f3a0f2b5c4eae048347e621,2,HERODOTUS,89f0804afded8e7a0f4e1b507030d5ef4ecaf17e422c8b2969bd6b23e62818e6,1,1,1,1
a_total1,ud23,HOMERIC_TRADITION,209ee9f27c82f31d31eb16124569039d7847ed327f3a0f2b5c4eae048347e621,2,HESIODIC_TRADITION,c4c0c7eaeca0d61d2e53f4f0642bfa382e91dd28b470d2f4da2ba8539fe0e7f7,1,0,4,0
a_total1,ud23,HOMERIC_TRADITION,209ee9f27c82f31d31eb16124569039d7847ed327f3a0f2b5c4eae048347e621,2,PLUTARCH,ef8134329970f595ef9ccf4198217affef5c01fa243d5bf4e59ee6daebb04e1d,0,0,0,0
a_total1,ud23,HOMERIC_TRADITION,209ee9f27c82f31d31eb16124569039d7847ed327f3a0f2b5c4eae048347e621,2,THUCYDIDES,1a32cf6857284fff7c7f006f8d0cd4ab15a047af7a4bcd5613d1fd50789dd4ee,1,1,8,8
a_total1,ud23,HOMERIC_TRADITION,209ee9f27c82f31d31eb16124569039d7847ed327f3a0f2b5c4eae048347e621,3,ATHENAEUS,4352f04fcfd7cbe580caddf69f309034ffb967d5d1bc8a8e809498de5bf8d329,1,1,8,8
a_total1,ud23,HOMERIC_TRADITION,209ee9f27c82f31d31eb16124569039d7847ed327f3a0f2b5c4eae048347e621,3,DIODORUS,d91dad02f8da03cf6702fa7edec531da5e56f526f466e2f04180f2a23a1cf315,1,1,3,3
a_total1,ud23,HOMERIC_TRADITION,209ee9f27c82f31d31eb16124569039d7847ed327f3a0f2b5c4eae048347e621,3,HERODOTUS,89f0804afded8e7a0f4e1b507030d5ef4ecaf17e422c8b2969bd6b23e62818e6,1,1,4,4
a_total1,ud23,HOMERIC_TRADITION,209ee9f27c82f31d31eb16124569039d7847ed327f3a0f2b5c4eae048347e621,3,HESIODIC_TRADITION,c4c0c7eaeca0d61d2e53f4f0642bfa382e91dd28b470d2f4da2ba8539fe0e7f7,1,1,2,2
a_total1,ud23,HOMERIC_TRADITION,209ee9f27c82f31d31eb16124569039d7847ed327f3a0f2b5c4eae048347e621,3,PLUTARCH,ef8134329970f595ef9ccf4198217affef5c01fa243d5bf4e59ee6daebb04e1d,0,0,0,0
a_total1,ud23,HOMERIC_TRADITION,209ee9f27c82f31d31eb16124569039d7847ed327f3a0f2b5c4eae048347e621,3,THUCYDIDES,1a32cf6857284fff7c7f006f8d0cd4ab15a047af7a4bcd5613d1fd50789dd4ee,1,1,15,8
a_total1,ud23,HOMERIC_TRADITION,209ee9f27c82f31d31eb16124569039d7847ed327f3a0f2b5c4eae048347e621,4,ATHENAEUS,4352f04fcfd7cbe580caddf69f309034ffb967d5d1bc8a8e809498de5bf8d329,1,1,7,7
a_total1,ud23,HOMERIC_TRADITION,209ee9f27c82f31d31eb16124569039d7847ed327f3a0f2b5c4eae048347e621,4,DIODORUS,d91dad02f8da03cf6702fa7edec531da5e56f526f466e2f04180f2a23a1cf315,1,1,30,8
a_total1,ud23,HOMERIC_TRADITION,209ee9f27c82f31d31eb16124569039d7847ed327f3a0f2b5c4eae048347e621,4,HERODOTUS,89f0804afded8e7a0f4e1b507030d5ef4ecaf17e422c8b2969bd6b23e62818e6,0,0,0,0
a_total1,ud23,HOMERIC_TRADITION,209ee9f27c82f31d31eb16124569039d7847ed327f3a0f2b5c4eae048347e621,4,HESIODIC_TRADITION,c4c0c7eaeca0d61d2e53f4f0642bfa382e91dd28b470d2f4da2ba8539fe0e7f7,1,1,7,7
a_total1,ud23,HOMERIC_TRADITION,209ee9f27c82f31d31eb16124569039d7847ed327f3a0f2b5c4eae048347e621,4,PLUTARCH,ef8134329970f595ef9ccf4198217affef5c01fa243d5bf4e59ee6daebb04e1d,0,0,0,0
a_total1,ud23,HOMERIC_TRADITION,209ee9f27c82f31d31eb16124569039d7847ed327f3a0f2b5c4eae048347e621,4,THUCYDIDES,1a32cf6857284fff7c7f006f8d0cd4ab15a047af7a4bcd5613d1fd50789dd4ee,1,1,9,8
a_total1,ud23,HOMERIC_TRADITION,209ee9f27c82f31d31eb16124569039d7847ed327f3a0f2b5c4eae048347e621,5,ATHENAEUS,4352f04fcfd7cbe580caddf69f309034ffb967d5d1bc8a8e809498de5bf8d329,1,1,8,8
a_total1,ud23,HOMERIC_TRADITION,209ee9f27c82f31d31eb16124569039d7847ed327f3a0f2b5c4eae048347e621,5,DIODORUS,d91dad02f8da03cf6702fa7edec531da5e56f526f466e2f04180f2a23a1cf315,1,1,6,6
a_total1,ud23,HOMERIC_TRADITION,209ee9f27c82f31d31eb16124569039d7847ed327f3a0f2b5c4eae048347e621,5,HERODOTUS,89f0804afded8e7a0f4e1b507030d5ef4ecaf17e422c8b2969bd6b23e62818e6,1,1,6,6
a_total1,ud23,HOMERIC_TRADITION,209ee9f27c82f31d31eb16124569039d7847ed327f3a0f2b5c4eae048347e621,5,HESIODIC_TRADITION,c4c0c7eaeca0d61d2e53f4f0642bfa382e91dd28b470d2f4da2ba8539fe0e7f7,1,0,3,0
a_total1,ud23,HOMERIC_TRADITION,209ee9f27c82f31d31eb16124569039d7847ed327f3a0f2b5c4eae048347e621,5,PLUTARCH,ef8134329970f595ef9ccf4198217affef5c01fa243d5bf4e59ee6daebb04e1d,0,0,0,0
a_total1,ud23,HOMERIC_TRADITION,209ee9f27c82f31d31eb16124569039d7847ed327f3a0f2b5c4eae048347e621,5,THUCYDIDES,1a32cf6857284fff7c7f006f8d0cd4ab15a047af7a4bcd5613d1fd50789dd4ee,1,0,12,0
a_total1,ud23,HOMERIC_TRADITION,209ee9f27c82f31d31eb16124569039d7847ed327f3a0f2b5c4eae048347e621,6,ATHENAEUS,4352f04fcfd7cbe580caddf69f309034ffb967d5d1bc8a8e809498de5bf8d329,1,1,5,5
a_total1,ud23,HOMERIC_TRADITION,209ee9f27c82f31d31eb16124569039d7847ed327f3a0f2b5c4eae048347e621,6,DIODORUS,d91dad02f8da03cf6702fa7edec531da5e56f526f466e2f04180f2a23a1cf315,1,1,14,8
a_total1,ud23,HOMERIC_TRADITION,209ee9f27c82f31d31eb16124569039d7847ed327f3a0f2b5c4eae048347e621,6,HERODOTUS,89f0804afded8e7a0f4e1b507030d5ef4ecaf17e422c8b2969bd6b23e62818e6,1,1,1,1
a_total1,ud23,HOMERIC_TRADITION,209ee9f27c82f31d31eb16124569039d7847ed327f3a0f2b5c4eae048347e621,6,HESIODIC_TRADITION,c4c0c7eaeca0d61d2e53f4f0642bfa382e91dd28b470d2f4da2ba8539fe0e7f7,1,1,12,8
a_total1,ud23,HOMERIC_TRADITION,209ee9f27c82f31d31eb16124569039d7847ed327f3a0f2b5c4eae048347e621,6,PLUTARCH,ef8134329970f595ef9ccf4198217affef5c01fa243d5bf4e59ee6daebb04e1d,0,0,0,0
a_total1,ud23,HOMERIC_TRADITION,209ee9f27c82f31d31eb16124569039d7847ed327f3a0f2b5c4eae048347e621,6,THUCYDIDES,1a32cf6857284fff7c7f006f8d0cd4ab15a047af7a4bcd5613d1fd50789dd4ee,1,1,13,8
a_total1,ud23,HOMERIC_TRADITION,209ee9f27c82f31d31eb16124569039d7847ed327f3a0f2b5c4eae048347e621,7,ATHENAEUS,4352f04fcfd7cbe580caddf69f309034ffb967d5d1bc8a8e809498de5bf8d329,1,1,6,6
a_total1,ud23,HOMERIC_TRADITION,209ee9f27c82f31d31eb16124569039d7847ed327f3a0f2b5c4eae048347e621,7,DIODORUS,d91dad02f8da03cf6702fa7edec531da5e56f526f466e2f04180f2a23a1cf315,0,0,0,0
a_total1,ud23,HOMERIC_TRADITION,209ee9f27c82f31d31eb16124569039d7847ed327f3a0f2b5c4eae048347e621,7,HERODOTUS,89f0804afded8e7a0f4e1b507030d5ef4ecaf17e422c8b2969bd6b23e62818e6,1,0,17,0
a_total1,ud23,HOMERIC_TRADITION,209ee9f27c82f31d31eb16124569039d7847ed327f3a0f2b5c4eae048347e621,7,HESIODIC_TRADITION,c4c0c7eaeca0d61d2e53f4f0642bfa382e91dd28b470d2f4da2ba8539fe0e7f7,1,1,1,1
a_total1,ud23,HOMERIC_TRADITION,209ee9f27c82f31d31eb16124569039d7847ed327f3a0f2b5c4eae048347e621,7,PLUTARCH,ef8134329970f595ef9ccf4198217affef5c01fa243d5bf4e59ee6daebb04e1d,0,0,0,0
a_total1,ud23,HOMERIC_TRADITION,209ee9f27c82f31d31eb16124569039d7847ed327f3a0f2b5c4eae048347e621,7,THUCYDIDES,1a32cf6857284fff7c7f006f8d0cd4ab15a047af7a4bcd5613d1fd50789dd4ee,1,1,5,5
a_total1,ud23,HOMERIC_TRADITION,209ee9f27c82f31d31eb16124569039d7847ed327f3a0f2b5c4eae048347e621,8,ATHENAEUS,4352f04fcfd7cbe580caddf69f309034ffb967d5d1bc8a8e809498de5bf8d329,1,1,20,8
a_total1,ud23,HOMERIC_TRADITION,209ee9f27c82f31d31eb16124569039d7847ed327f3a0f2b5c4eae048347e621,8,DIODORUS,d91dad02f8da03cf6702fa7edec531da5e56f526f466e2f04180f2a23a1cf315,1,0,30,0
a_total1,ud23,HOMERIC_TRADITION,209ee9f27c82f31d31eb16124569039d7847ed327f3a0f2b5c4eae048347e621,8,HERODOTUS,89f0804afded8e7a0f4e1b507030d5ef4ecaf17e422c8b2969bd6b23e62818e6,1,1,3,3
a_total1,ud23,HOMERIC_TRADITION,209ee9f27c82f31d31eb16124569039d7847ed327f3a0f2b5c4eae048347e621,8,HESIODIC_TRADITION,c4c0c7eaeca0d61d2e53f4f0642bfa382e91dd28b470d2f4da2ba8539fe0e7f7,1,1,18,8
a_total1,ud23,HOMERIC_TRADITION,209ee9f27c82f31d31eb16124569039d7847ed327f3a0f2b5c4eae048347e621,8,PLUTARCH,ef8134329970f595ef9ccf4198217affef5c01fa243d5bf4e59ee6daebb04e1d,0,0,0,0
a_total1,ud23,HOMERIC_TRADITION,209ee9f27c82f31d31eb16124569039d7847ed327f3a0f2b5c4eae048347e621,8,THUCYDIDES,1a32cf6857284fff7c7f006f8d0cd4ab15a047af7a4bcd5613d1fd50789dd4ee,1,1,14,8
a_total1,ud23,HOMERIC_TRADITION,209ee9f27c82f31d31eb16124569039d7847ed327f3a0f2b5c4eae048347e621,9,ATHENAEUS,4352f04fcfd7cbe580caddf69f309034ffb967d5d1bc8a8e809498de5bf8d329,1,1,19,8
a_total1,ud23,HOMERIC_TRADITION,209ee9f27c82f31d31eb16124569039d7847ed327f3a0f2b5c4eae048347e621,9,DIODORUS,d91dad02f8da03cf6702fa7edec531da5e56f526f466e2f04180f2a23a1cf315,1,0,5,0
a_total1,ud23,HOMERIC_TRADITION,209ee9f27c82f31d31eb16124569039d7847ed327f3a0f2b5c4eae048347e621,9,HERODOTUS,89f0804afded8e7a0f4e1b507030d5ef4ecaf17e422c8b2969bd6b23e62818e6,1,1,3,3
a_total1,ud23,HOMERIC_TRADITION,209ee9f27c82f31d31eb16124569039d7847ed327f3a0f2b5c4eae048347e621,9,HESIODIC_TRADITION,c4c0c7eaeca0d61d2e53f4f0642bfa382e91dd28b470d2f4da2ba8539fe0e7f7,1,0,14,0
a_total1,ud23,HOMERIC_TRADITION,209ee9f27c82f31d31eb16124569039d7847ed327f3a0f2b5c4eae048347e621,9,PLUTARCH,ef8134329970f595ef9ccf4198217affef5c01fa243d5bf4e59ee6daebb04e1d,0,0,0,0
a_total1,ud23,HOMERIC_TRADITION,209ee9f27c82f31d31eb16124569039d7847ed327f3a0f2b5c4eae048347e621,9,THUCYDIDES,1a32cf6857284fff7c7f006f8d0cd4ab15a047af7a4bcd5613d1fd50789dd4ee,1,1,2,2
a_total1,ud23,ATHENAEUS,4352f04fcfd7cbe580caddf69f309034ffb967d5d1bc8a8e809498de5bf8d329,0,DIODORUS,d91dad02f8da03cf6702fa7edec531da5e56f526f466e2f04180f2a23a1cf315,1,1,8,8
a_total1,ud23,ATHENAEUS,4352f04fcfd7cbe580caddf69f309034ffb967d5d1bc8a8e809498de5bf8d329,0,HERODOTUS,89f0804afded8e7a0f4e1b507030d5ef4ecaf17e422c8b2969bd6b23e62818e6,1,0,3,0
a_total1,ud23,ATHENAEUS,4352f04fcfd7cbe580caddf69f309034ffb967d5d1bc8a8e809498de5bf8d329,0,HESIODIC_TRADITION,c4c0c7eaeca0d61d2e53f4f0642bfa382e91dd28b470d2f4da2ba8539fe0e7f7,1,1,13,8
a_total1,ud23,ATHENAEUS,4352f04fcfd7cbe580caddf69f309034ffb967d5d1bc8a8e809498de5bf8d329,0,HOMERIC_TRADITION,209ee9f27c82f31d31eb16124569039d7847ed327f3a0f2b5c4eae048347e621,1,1,3,3
a_total1,ud23,ATHENAEUS,4352f04fcfd7cbe580caddf69f309034ffb967d5d1bc8a8e809498de5bf8d329,0,PLUTARCH,ef8134329970f595ef9ccf4198217affef5c01fa243d5bf4e59ee6daebb04e1d,0,0,0,0
a_total1,ud23,ATHENAEUS,4352f04fcfd7cbe580caddf69f309034ffb967d5d1bc8a8e809498de5bf8d329,0,THUCYDIDES,1a32cf6857284fff7c7f006f8d0cd4ab15a047af7a4bcd5613d1fd50789dd4ee,1,1,16,8
a_total1,ud23,ATHENAEUS,4352f04fcfd7cbe580caddf69f309034ffb967d5d1bc8a8e809498de5bf8d329,1,DIODORUS,d91dad02f8da03cf6702fa7edec531da5e56f526f466e2f04180f2a23a1cf315,1,1,12,8
a_total1,ud23,ATHENAEUS,4352f04fcfd7cbe580caddf69f309034ffb967d5d1bc8a8e809498de5bf8d329,1,HERODOTUS,89f0804afded8e7a0f4e1b507030d5ef4ecaf17e422c8b2969bd6b23e62818e6,1,1,15,8
a_total1,ud23,ATHENAEUS,4352f04fcfd7cbe580caddf69f309034ffb967d5d1bc8a8e809498de5bf8d329,1,HESIODIC_TRADITION,c4c0c7eaeca0d61d2e53f4f0642bfa382e91dd28b470d2f4da2ba8539fe0e7f7,1,1,6,6
a_total1,ud23,ATHENAEUS,4352f04fcfd7cbe580caddf69f309034ffb967d5d1bc8a8e809498de5bf8d329,1,HOMERIC_TRADITION,209ee9f27c82f31d31eb16124569039d7847ed327f3a0f2b5c4eae048347e621,1,0,11,0
a_total1,ud23,ATHENAEUS,4352f04fcfd7cbe580caddf69f309034ffb967d5d1bc8a8e809498de5bf8d329,1,PLUTARCH,ef8134329970f595ef9ccf4198217affef5c01fa243d5bf4e59ee6daebb04e1d,0,0,0,0
a_total1,ud23,ATHENAEUS,4352f04fcfd7cbe580caddf69f309034ffb967d5d1bc8a8e809498de5bf8d329,1,THUCYDIDES,1a32cf6857284fff7c7f006f8d0cd4ab15a047af7a4bcd5613d1fd50789dd4ee,1,1,2,2
a_total1,ud23,ATHENAEUS,4352f04fcfd7cbe580caddf69f309034ffb967d5d1bc8a8e809498de5bf8d329,2,DIODORUS,d91dad02f8da03cf6702fa7edec531da5e56f526f466e2f04180f2a23a1cf315,1,1,2,2
a_total1,ud23,ATHENAEUS,4352f04fcfd7cbe580caddf69f309034ffb967d5d1bc8a8e809498de5bf8d329,2,HERODOTUS,89f0804afded8e7a0f4e1b507030d5ef4ecaf17e422c8b2969bd6b23e62818e6,1,1,11,8
a_total1,ud23,ATHENAEUS,4352f04fcfd7cbe580caddf69f309034ffb967d5d1bc8a8e809498de5bf8d329,2,HESIODIC_TRADITION,c4c0c7eaeca0d61d2e53f4f0642bfa382e91dd28b470d2f4da2ba8539fe0e7f7,1,1,3,3
a_total1,ud23,ATHENAEUS,4352f04fcfd7cbe580caddf69f309034ffb967d5d1bc8a8e809498de5bf8d329,2,HOMERIC_TRADITION,209ee9f27c82f31d31eb16124569039d7847ed327f3a0f2b5c4eae048347e621,1,1,3,3
a_total1,ud23,ATHENAEUS,4352f04fcfd7cbe580caddf69f309034ffb967d5d1bc8a8e809498de5bf8d329,2,PLUTARCH,ef8134329970f595ef9ccf4198217affef5c01fa243d5bf4e59ee6daebb04e1d,0,0,0,0
a_total1,ud23,ATHENAEUS,4352f04fcfd7cbe580caddf69f309034ffb967d5d1bc8a8e809498de5bf8d329,2,THUCYDIDES,1a32cf6857284fff7c7f006f8d0cd4ab15a047af7a4bcd5613d1fd50789dd4ee,1,1,2,2
a_total1,ud23,ATHENAEUS,4352f04fcfd7cbe580caddf69f309034ffb967d5d1bc8a8e809498de5bf8d329,3,DIODORUS,d91dad02f8da03cf6702fa7edec531da5e56f526f466e2f04180f2a23a1cf315,1,1,21,8
a_total1,ud23,ATHENAEUS,4352f04fcfd7cbe580caddf69f309034ffb967d5d1bc8a8e809498de5bf8d329,3,HERODOTUS,89f0804afded8e7a0f4e1b507030d5ef4ecaf17e422c8b2969bd6b23e62818e6,1,1,6,6
a_total1,ud23,ATHENAEUS,4352f04fcfd7cbe580caddf69f309034ffb967d5d1bc8a8e809498de5bf8d329,3,HESIODIC_TRADITION,c4c0c7eaeca0d61d2e53f4f0642bfa382e91dd28b470d2f4da2ba8539fe0e7f7,1,1,8,8
a_total1,ud23,ATHENAEUS,4352f04fcfd7cbe580caddf69f309034ffb967d5d1bc8a8e809498de5bf8d329,3,HOMERIC_TRADITION,209ee9f27c82f31d31eb16124569039d7847ed327f3a0f2b5c4eae048347e621,1,1,4,4
a_total1,ud23,ATHENAEUS,4352f04fcfd7cbe580caddf69f309034ffb967d5d1bc8a8e809498de5bf8d329,3,PLUTARCH,ef8134329970f595ef9ccf4198217affef5c01fa243d5bf4e59ee6daebb04e1d,0,0,0,0
a_total1,ud23,ATHENAEUS,4352f04fcfd7cbe580caddf69f309034ffb967d5d1bc8a8e809498de5bf8d329,3,THUCYDIDES,1a32cf6857284fff7c7f006f8d0cd4ab15a047af7a4bcd5613d1fd50789dd4ee,1,1,9,8
a_total1,ud23,ATHENAEUS,4352f04fcfd7cbe580caddf69f309034ffb967d5d1bc8a8e809498de5bf8d329,4,DIODORUS,d91dad02f8da03cf6702fa7edec531da5e56f526f466e2f04180f2a23a1cf315,1,1,14,8
a_total1,ud23,ATHENAEUS,4352f04fcfd7cbe580caddf69f309034ffb967d5d1bc8a8e809498de5bf8d329,4,HERODOTUS,89f0804afded8e7a0f4e1b507030d5ef4ecaf17e422c8b2969bd6b23e62818e6,1,1,1,1
a_total1,ud23,ATHENAEUS,4352f04fcfd7cbe580caddf69f309034ffb967d5d1bc8a8e809498de5bf8d329,4,HESIODIC_TRADITION,c4c0c7eaeca0d61d2e53f4f0642bfa382e91dd28b470d2f4da2ba8539fe0e7f7,1,1,5,5
a_total1,ud23,ATHENAEUS,4352f04fcfd7cbe580caddf69f309034ffb967d5d1bc8a8e809498de5bf8d329,4,HOMERIC_TRADITION,209ee9f27c82f31d31eb16124569039d7847ed327f3a0f2b5c4eae048347e621,1,1,12,8
a_total1,ud23,ATHENAEUS,4352f04fcfd7cbe580caddf69f309034ffb967d5d1bc8a8e809498de5bf8d329,4,PLUTARCH,ef8134329970f595ef9ccf4198217affef5c01fa243d5bf4e59ee6daebb04e1d,0,0,0,0
a_total1,ud23,ATHENAEUS,4352f04fcfd7cbe580caddf69f309034ffb967d5d1bc8a8e809498de5bf8d329,4,THUCYDIDES,1a32cf6857284fff7c7f006f8d0cd4ab15a047af7a4bcd5613d1fd50789dd4ee,1,1,4,4
a_total1,ud23,ATHENAEUS,4352f04fcfd7cbe580caddf69f309034ffb967d5d1bc8a8e809498de5bf8d329,5,DIODORUS,d91dad02f8da03cf6702fa7edec531da5e56f526f466e2f04180f2a23a1cf315,0,0,0,0
a_total1,ud23,ATHENAEUS,4352f04fcfd7cbe580caddf69f309034ffb967d5d1bc8a8e809498de5bf8d329,5,HERODOTUS,89f0804afded8e7a0f4e1b507030d5ef4ecaf17e422c8b2969bd6b23e62818e6,1,1,26,8
a_total1,ud23,ATHENAEUS,4352f04fcfd7cbe580caddf69f309034ffb967d5d1bc8a8e809498de5bf8d329,5,HESIODIC_TRADITION,c4c0c7eaeca0d61d2e53f4f0642bfa382e91dd28b470d2f4da2ba8539fe0e7f7,1,1,2,2
a_total1,ud23,ATHENAEUS,4352f04fcfd7cbe580caddf69f309034ffb967d5d1bc8a8e809498de5bf8d329,5,HOMERIC_TRADITION,209ee9f27c82f31d31eb16124569039d7847ed327f3a0f2b5c4eae048347e621,1,1,4,4
a_total1,ud23,ATHENAEUS,4352f04fcfd7cbe580caddf69f309034ffb967d5d1bc8a8e809498de5bf8d329,5,PLUTARCH,ef8134329970f595ef9ccf4198217affef5c01fa243d5bf4e59ee6daebb04e1d,0,0,0,0
a_total1,ud23,ATHENAEUS,4352f04fcfd7cbe580caddf69f309034ffb967d5d1bc8a8e809498de5bf8d329,5,THUCYDIDES,1a32cf6857284fff7c7f006f8d0cd4ab15a047af7a4bcd5613d1fd50789dd4ee,1,1,9,8
a_total1,ud23,ATHENAEUS,4352f04fcfd7cbe580caddf69f309034ffb967d5d1bc8a8e809498de5bf8d329,6,DIODORUS,d91dad02f8da03cf6702fa7edec531da5e56f526f466e2f04180f2a23a1cf315,1,1,6,6
a_total1,ud23,ATHENAEUS,4352f04fcfd7cbe580caddf69f309034ffb967d5d1bc8a8e809498de5bf8d329,6,HERODOTUS,89f0804afded8e7a0f4e1b507030d5ef4ecaf17e422c8b2969bd6b23e62818e6,1,0,4,0
a_total1,ud23,ATHENAEUS,4352f04fcfd7cbe580caddf69f309034ffb967d5d1bc8a8e809498de5bf8d329,6,HESIODIC_TRADITION,c4c0c7eaeca0d61d2e53f4f0642bfa382e91dd28b470d2f4da2ba8539fe0e7f7,1,1,2,2
a_total1,ud23,ATHENAEUS,4352f04fcfd7cbe580caddf69f309034ffb967d5d1bc8a8e809498de5bf8d329,6,HOMERIC_TRADITION,209ee9f27c82f31d31eb16124569039d7847ed327f3a0f2b5c4eae048347e621,0,0,0,0
a_total1,ud23,ATHENAEUS,4352f04fcfd7cbe580caddf69f309034ffb967d5d1bc8a8e809498de5bf8d329,6,PLUTARCH,ef8134329970f595ef9ccf4198217affef5c01fa243d5bf4e59ee6daebb04e1d,0,0,0,0
a_total1,ud23,ATHENAEUS,4352f04fcfd7cbe580caddf69f309034ffb967d5d1bc8a8e809498de5bf8d329,6,THUCYDIDES,1a32cf6857284fff7c7f006f8d0cd4ab15a047af7a4bcd5613d1fd50789dd4ee,1,1,16,8
a_total1,ud23,ATHENAEUS,4352f04fcfd7cbe580caddf69f309034ffb967d5d1bc8a8e809498de5bf8d329,7,DIODORUS,d91dad02f8da03cf6702fa7edec531da5e56f526f466e2f04180f2a23a1cf315,0,0,0,0
a_total1,ud23,ATHENAEUS,4352f04fcfd7cbe580caddf69f309034ffb967d5d1bc8a8e809498de5bf8d329,7,HERODOTUS,89f0804afded8e7a0f4e1b507030d5ef4ecaf17e422c8b2969bd6b23e62818e6,1,1,14,8
a_total1,ud23,ATHENAEUS,4352f04fcfd7cbe580caddf69f309034ffb967d5d1bc8a8e809498de5bf8d329,7,HESIODIC_TRADITION,c4c0c7eaeca0d61d2e53f4f0642bfa382e91dd28b470d2f4da2ba8539fe0e7f7,1,1,6,6
a_total1,ud23,ATHENAEUS,4352f04fcfd7cbe580caddf69f309034ffb967d5d1bc8a8e809498de5bf8d329,7,HOMERIC_TRADITION,209ee9f27c82f31d31eb16124569039d7847ed327f3a0f2b5c4eae048347e621,1,1,13,8
a_total1,ud23,ATHENAEUS,4352f04fcfd7cbe580caddf69f309034ffb967d5d1bc8a8e809498de5bf8d329,7,PLUTARCH,ef8134329970f595ef9ccf4198217affef5c01fa243d5bf4e59ee6daebb04e1d,0,0,0,0
a_total1,ud23,ATHENAEUS,4352f04fcfd7cbe580caddf69f309034ffb967d5d1bc8a8e809498de5bf8d329,7,THUCYDIDES,1a32cf6857284fff7c7f006f8d0cd4ab15a047af7a4bcd5613d1fd50789dd4ee,1,0,1,0
a_total1,ud23,ATHENAEUS,4352f04fcfd7cbe580caddf69f309034ffb967d5d1bc8a8e809498de5bf8d329,8,DIODORUS,d91dad02f8da03cf6702fa7edec531da5e56f526f466e2f04180f2a23a1cf315,1,1,2,2
a_total1,ud23,ATHENAEUS,4352f04fcfd7cbe580caddf69f309034ffb967d5d1bc8a8e809498de5bf8d329,8,HERODOTUS,89f0804afded8e7a0f4e1b507030d5ef4ecaf17e422c8b2969bd6b23e62818e6,1,1,15,8
a_total1,ud23,ATHENAEUS,4352f04fcfd7cbe580caddf69f309034ffb967d5d1bc8a8e809498de5bf8d329,8,HESIODIC_TRADITION,c4c0c7eaeca0d61d2e53f4f0642bfa382e91dd28b470d2f4da2ba8539fe0e7f7,1,1,11,8
a_total1,ud23,ATHENAEUS,4352f04fcfd7cbe580caddf69f309034ffb967d5d1bc8a8e809498de5bf8d329,8,HOMERIC_TRADITION,209ee9f27c82f31d31eb16124569039d7847ed327f3a0f2b5c4eae048347e621,1,1,12,8
a_total1,ud23,ATHENAEUS,4352f04fcfd7cbe580caddf69f309034ffb967d5d1bc8a8e809498de5bf8d329,8,PLUTARCH,ef8134329970f595ef9ccf4198217affef5c01fa243d5bf4e59ee6daebb04e1d,0,0,0,0
a_total1,ud23,ATHENAEUS,4352f04fcfd7cbe580caddf69f309034ffb967d5d1bc8a8e809498de5bf8d329,8,THUCYDIDES,1a32cf6857284fff7c7f006f8d0cd4ab15a047af7a4bcd5613d1fd50789dd4ee,1,1,7,7
a_total1,ud23,ATHENAEUS,4352f04fcfd7cbe580caddf69f309034ffb967d5d1bc8a8e809498de5bf8d329,9,DIODORUS,d91dad02f8da03cf6702fa7edec531da5e56f526f466e2f04180f2a23a1cf315,1,1,2,2
a_total1,ud23,ATHENAEUS,4352f04fcfd7cbe580caddf69f309034ffb967d5d1bc8a8e809498de5bf8d329,9,HERODOTUS,89f0804afded8e7a0f4e1b507030d5ef4ecaf17e422c8b2969bd6b23e62818e6,1,1,6,6
a_total1,ud23,ATHENAEUS,4352f04fcfd7cbe580caddf69f309034ffb967d5d1bc8a8e809498de5bf8d329,9,HESIODIC_TRADITION,c4c0c7eaeca0d61d2e53f4f0642bfa382e91dd28b470d2f4da2ba8539fe0e7f7,1,1,20,8
a_total1,ud23,ATHENAEUS,4352f04fcfd7cbe580caddf69f309034ffb967d5d1bc8a8e809498de5bf8d329,9,HOMERIC_TRADITION,209ee9f27c82f31d31eb16124569039d7847ed327f3a0f2b5c4eae048347e621,1,1,8,8
a_total1,ud23,ATHENAEUS,4352f04fcfd7cbe580caddf69f309034ffb967d5d1bc8a8e809498de5bf8d329,9,PLUTARCH,ef8134329970f595ef9ccf4198217affef5c01fa243d5bf4e59ee6daebb04e1d,0,0,0,0
a_total1,ud23,ATHENAEUS,4352f04fcfd7cbe580caddf69f309034ffb967d5d1bc8a8e809498de5bf8d329,9,THUCYDIDES,1a32cf6857284fff7c7f006f8d0cd4ab15a047af7a4bcd5613d1fd50789dd4ee,1,1,2,2
a_total1,ud23,HERODOTUS,89f0804afded8e7a0f4e1b507030d5ef4ecaf17e422c8b2969bd6b23e62818e6,0,ATHENAEUS,4352f04fcfd7cbe580caddf69f309034ffb967d5d1bc8a8e809498de5bf8d329,1,1,7,7
a_total1,ud23,HERODOTUS,89f0804afded8e7a0f4e1b507030d5ef4ecaf17e422c8b2969bd6b23e62818e6,0,DIODORUS,d91dad02f8da03cf6702fa7edec531da5e56f526f466e2f04180f2a23a1cf315,1,1,3,3
a_total1,ud23,HERODOTUS,89f0804afded8e7a0f4e1b507030d5ef4ecaf17e422c8b2969bd6b23e62818e6,0,HESIODIC_TRADITION,c4c0c7eaeca0d61d2e53f4f0642bfa382e91dd28b470d2f4da2ba8539fe0e7f7,1,1,1,1
a_total1,ud23,HERODOTUS,89f0804afded8e7a0f4e1b507030d5ef4ecaf17e422c8b2969bd6b23e62818e6,0,HOMERIC_TRADITION,209ee9f27c82f31d31eb16124569039d7847ed327f3a0f2b5c4eae048347e621,1,0,11,0
a_total1,ud23,HERODOTUS,89f0804afded8e7a0f4e1b507030d5ef4ecaf17e422c8b2969bd6b23e62818e6,0,PLUTARCH,ef8134329970f595ef9ccf4198217affef5c01fa243d5bf4e59ee6daebb04e1d,0,0,0,0
a_total1,ud23,HERODOTUS,89f0804afded8e7a0f4e1b507030d5ef4ecaf17e422c8b2969bd6b23e62818e6,0,THUCYDIDES,1a32cf6857284fff7c7f006f8d0cd4ab15a047af7a4bcd5613d1fd50789dd4ee,1,1,35,8
a_total1,ud23,HERODOTUS,89f0804afded8e7a0f4e1b507030d5ef4ecaf17e422c8b2969bd6b23e62818e6,1,ATHENAEUS,4352f04fcfd7cbe580caddf69f309034ffb967d5d1bc8a8e809498de5bf8d329,1,1,44,8
a_total1,ud23,HERODOTUS,89f0804afded8e7a0f4e1b507030d5ef4ecaf17e422c8b2969bd6b23e62818e6,1,DIODORUS,d91dad02f8da03cf6702fa7edec531da5e56f526f466e2f04180f2a23a1cf315,1,1,2,2
a_total1,ud23,HERODOTUS,89f0804afded8e7a0f4e1b507030d5ef4ecaf17e422c8b2969bd6b23e62818e6,1,HESIODIC_TRADITION,c4c0c7eaeca0d61d2e53f4f0642bfa382e91dd28b470d2f4da2ba8539fe0e7f7,1,0,7,0
a_total1,ud23,HERODOTUS,89f0804afded8e7a0f4e1b507030d5ef4ecaf17e422c8b2969bd6b23e62818e6,1,HOMERIC_TRADITION,209ee9f27c82f31d31eb16124569039d7847ed327f3a0f2b5c4eae048347e621,1,0,4,0
a_total1,ud23,HERODOTUS,89f0804afded8e7a0f4e1b507030d5ef4ecaf17e422c8b2969bd6b23e62818e6,1,PLUTARCH,ef8134329970f595ef9ccf4198217affef5c01fa243d5bf4e59ee6daebb04e1d,0,0,0,0
a_total1,ud23,HERODOTUS,89f0804afded8e7a0f4e1b507030d5ef4ecaf17e422c8b2969bd6b23e62818e6,1,THUCYDIDES,1a32cf6857284fff7c7f006f8d0cd4ab15a047af7a4bcd5613d1fd50789dd4ee,1,1,4,4
a_total1,ud23,HERODOTUS,89f0804afded8e7a0f4e1b507030d5ef4ecaf17e422c8b2969bd6b23e62818e6,2,ATHENAEUS,4352f04fcfd7cbe580caddf69f309034ffb967d5d1bc8a8e809498de5bf8d329,1,1,16,8
a_total1,ud23,HERODOTUS,89f0804afded8e7a0f4e1b507030d5ef4ecaf17e422c8b2969bd6b23e62818e6,2,DIODORUS,d91dad02f8da03cf6702fa7edec531da5e56f526f466e2f04180f2a23a1cf315,1,1,9,8
a_total1,ud23,HERODOTUS,89f0804afded8e7a0f4e1b507030d5ef4ecaf17e422c8b2969bd6b23e62818e6,2,HESIODIC_TRADITION,c4c0c7eaeca0d61d2e53f4f0642bfa382e91dd28b470d2f4da2ba8539fe0e7f7,1,1,4,4
a_total1,ud23,HERODOTUS,89f0804afded8e7a0f4e1b507030d5ef4ecaf17e422c8b2969bd6b23e62818e6,2,HOMERIC_TRADITION,209ee9f27c82f31d31eb16124569039d7847ed327f3a0f2b5c4eae048347e621,1,0,2,0
a_total1,ud23,HERODOTUS,89f0804afded8e7a0f4e1b507030d5ef4ecaf17e422c8b2969bd6b23e62818e6,2,PLUTARCH,ef8134329970f595ef9ccf4198217affef5c01fa243d5bf4e59ee6daebb04e1d,0,0,0,0
a_total1,ud23,HERODOTUS,89f0804afded8e7a0f4e1b507030d5ef4ecaf17e422c8b2969bd6b23e62818e6,2,THUCYDIDES,1a32cf6857284fff7c7f006f8d0cd4ab15a047af7a4bcd5613d1fd50789dd4ee,1,1,1,1
a_total1,ud23,HERODOTUS,89f0804afded8e7a0f4e1b507030d5ef4ecaf17e422c8b2969bd6b23e62818e6,3,ATHENAEUS,4352f04fcfd7cbe580caddf69f309034ffb967d5d1bc8a8e809498de5bf8d329,0,0,0,0
a_total1,ud23,HERODOTUS,89f0804afded8e7a0f4e1b507030d5ef4ecaf17e422c8b2969bd6b23e62818e6,3,DIODORUS,d91dad02f8da03cf6702fa7edec531da5e56f526f466e2f04180f2a23a1cf315,1,1,13,8
a_total1,ud23,HERODOTUS,89f0804afded8e7a0f4e1b507030d5ef4ecaf17e422c8b2969bd6b23e62818e6,3,HESIODIC_TRADITION,c4c0c7eaeca0d61d2e53f4f0642bfa382e91dd28b470d2f4da2ba8539fe0e7f7,1,1,14,8
a_total1,ud23,HERODOTUS,89f0804afded8e7a0f4e1b507030d5ef4ecaf17e422c8b2969bd6b23e62818e6,3,HOMERIC_TRADITION,209ee9f27c82f31d31eb16124569039d7847ed327f3a0f2b5c4eae048347e621,1,1,3,3
a_total1,ud23,HERODOTUS,89f0804afded8e7a0f4e1b507030d5ef4ecaf17e422c8b2969bd6b23e62818e6,3,PLUTARCH,ef8134329970f595ef9ccf4198217affef5c01fa243d5bf4e59ee6daebb04e1d,0,0,0,0
a_total1,ud23,HERODOTUS,89f0804afded8e7a0f4e1b507030d5ef4ecaf17e422c8b2969bd6b23e62818e6,3,THUCYDIDES,1a32cf6857284fff7c7f006f8d0cd4ab15a047af7a4bcd5613d1fd50789dd4ee,1,1,17,8
a_total1,ud23,HERODOTUS,89f0804afded8e7a0f4e1b507030d5ef4ecaf17e422c8b2969bd6b23e62818e6,4,ATHENAEUS,4352f04fcfd7cbe580caddf69f309034ffb967d5d1bc8a8e809498de5bf8d329,0,0,0,0
a_total1,ud23,HERODOTUS,89f0804afded8e7a0f4e1b507030d5ef4ecaf17e422c8b2969bd6b23e62818e6,4,DIODORUS,d91dad02f8da03cf6702fa7edec531da5e56f526f466e2f04180f2a23a1cf315,1,1,24,8
a_total1,ud23,HERODOTUS,89f0804afded8e7a0f4e1b507030d5ef4ecaf17e422c8b2969bd6b23e62818e6,4,HESIODIC_TRADITION,c4c0c7eaeca0d61d2e53f4f0642bfa382e91dd28b470d2f4da2ba8539fe0e7f7,1,1,8,8
a_total1,ud23,HERODOTUS,89f0804afded8e7a0f4e1b507030d5ef4ecaf17e422c8b2969bd6b23e62818e6,4,HOMERIC_TRADITION,209ee9f27c82f31d31eb16124569039d7847ed327f3a0f2b5c4eae048347e621,1,1,10,8
a_total1,ud23,HERODOTUS,89f0804afded8e7a0f4e1b507030d5ef4ecaf17e422c8b2969bd6b23e62818e6,4,PLUTARCH,ef8134329970f595ef9ccf4198217affef5c01fa243d5bf4e59ee6daebb04e1d,0,0,0,0
a_total1,ud23,HERODOTUS,89f0804afded8e7a0f4e1b507030d5ef4ecaf17e422c8b2969bd6b23e62818e6,4,THUCYDIDES,1a32cf6857284fff7c7f006f8d0cd4ab15a047af7a4bcd5613d1fd50789dd4ee,1,1,7,7
a_total1,ud23,HERODOTUS,89f0804afded8e7a0f4e1b507030d5ef4ecaf17e422c8b2969bd6b23e62818e6,5,ATHENAEUS,4352f04fcfd7cbe580caddf69f309034ffb967d5d1bc8a8e809498de5bf8d329,1,1,4,4
a_total1,ud23,HERODOTUS,89f0804afded8e7a0f4e1b507030d5ef4ecaf17e422c8b2969bd6b23e62818e6,5,DIODORUS,d91dad02f8da03cf6702fa7edec531da5e56f526f466e2f04180f2a23a1cf315,1,1,6,6
a_total1,ud23,HERODOTUS,89f0804afded8e7a0f4e1b507030d5ef4ecaf17e422c8b2969bd6b23e62818e6,5,HESIODIC_TRADITION,c4c0c7eaeca0d61d2e53f4f0642bfa382e91dd28b470d2f4da2ba8539fe0e7f7,1,1,1,1
a_total1,ud23,HERODOTUS,89f0804afded8e7a0f4e1b507030d5ef4ecaf17e422c8b2969bd6b23e62818e6,5,HOMERIC_TRADITION,209ee9f27c82f31d31eb16124569039d7847ed327f3a0f2b5c4eae048347e621,1,1,13,8
a_total1,ud23,HERODOTUS,89f0804afded8e7a0f4e1b507030d5ef4ecaf17e422c8b2969bd6b23e62818e6,5,PLUTARCH,ef8134329970f595ef9ccf4198217affef5c01fa243d5bf4e59ee6daebb04e1d,0,0,0,0
a_total1,ud23,HERODOTUS,89f0804afded8e7a0f4e1b507030d5ef4ecaf17e422c8b2969bd6b23e62818e6,5,THUCYDIDES,1a32cf6857284fff7c7f006f8d0cd4ab15a047af7a4bcd5613d1fd50789dd4ee,1,1,8,8
a_total1,ud23,HERODOTUS,89f0804afded8e7a0f4e1b507030d5ef4ecaf17e422c8b2969bd6b23e62818e6,6,ATHENAEUS,4352f04fcfd7cbe580caddf69f309034ffb967d5d1bc8a8e809498de5bf8d329,1,1,10,8
a_total1,ud23,HERODOTUS,89f0804afded8e7a0f4e1b507030d5ef4ecaf17e422c8b2969bd6b23e62818e6,6,DIODORUS,d91dad02f8da03cf6702fa7edec531da5e56f526f466e2f04180f2a23a1cf315,1,1,27,8
a_total1,ud23,HERODOTUS,89f0804afded8e7a0f4e1b507030d5ef4ecaf17e422c8b2969bd6b23e62818e6,6,HESIODIC_TRADITION,c4c0c7eaeca0d61d2e53f4f0642bfa382e91dd28b470d2f4da2ba8539fe0e7f7,1,1,5,5
a_total1,ud23,HERODOTUS,89f0804afded8e7a0f4e1b507030d5ef4ecaf17e422c8b2969bd6b23e62818e6,6,HOMERIC_TRADITION,209ee9f27c82f31d31eb16124569039d7847ed327f3a0f2b5c4eae048347e621,0,0,0,0
a_total1,ud23,HERODOTUS,89f0804afded8e7a0f4e1b507030d5ef4ecaf17e422c8b2969bd6b23e62818e6,6,PLUTARCH,ef8134329970f595ef9ccf4198217affef5c01fa243d5bf4e59ee6daebb04e1d,0,0,0,0
a_total1,ud23,HERODOTUS,89f0804afded8e7a0f4e1b507030d5ef4ecaf17e422c8b2969bd6b23e62818e6,6,THUCYDIDES,1a32cf6857284fff7c7f006f8d0cd4ab15a047af7a4bcd5613d1fd50789dd4ee,1,1,8,8
a_total1,ud23,HERODOTUS,89f0804afded8e7a0f4e1b507030d5ef4ecaf17e422c8b2969bd6b23e62818e6,7,ATHENAEUS,4352f04fcfd7cbe580caddf69f309034ffb967d5d1bc8a8e809498de5bf8d329,1,1,2,2
a_total1,ud23,HERODOTUS,89f0804afded8e7a0f4e1b507030d5ef4ecaf17e422c8b2969bd6b23e62818e6,7,DIODORUS,d91dad02f8da03cf6702fa7edec531da5e56f526f466e2f04180f2a23a1cf315,1,1,3,3
a_total1,ud23,HERODOTUS,89f0804afded8e7a0f4e1b507030d5ef4ecaf17e422c8b2969bd6b23e62818e6,7,HESIODIC_TRADITION,c4c0c7eaeca0d61d2e53f4f0642bfa382e91dd28b470d2f4da2ba8539fe0e7f7,1,1,2,2
a_total1,ud23,HERODOTUS,89f0804afded8e7a0f4e1b507030d5ef4ecaf17e422c8b2969bd6b23e62818e6,7,HOMERIC_TRADITION,209ee9f27c82f31d31eb16124569039d7847ed327f3a0f2b5c4eae048347e621,1,0,4,0
a_total1,ud23,HERODOTUS,89f0804afded8e7a0f4e1b507030d5ef4ecaf17e422c8b2969bd6b23e62818e6,7,PLUTARCH,ef8134329970f595ef9ccf4198217affef5c01fa243d5bf4e59ee6daebb04e1d,0,0,0,0
a_total1,ud23,HERODOTUS,89f0804afded8e7a0f4e1b507030d5ef4ecaf17e422c8b2969bd6b23e62818e6,7,THUCYDIDES,1a32cf6857284fff7c7f006f8d0cd4ab15a047af7a4bcd5613d1fd50789dd4ee,1,1,4,4
a_total1,ud23,HERODOTUS,89f0804afded8e7a0f4e1b507030d5ef4ecaf17e422c8b2969bd6b23e62818e6,8,ATHENAEUS,4352f04fcfd7cbe580caddf69f309034ffb967d5d1bc8a8e809498de5bf8d329,1,0,13,0
a_total1,ud23,HERODOTUS,89f0804afded8e7a0f4e1b507030d5ef4ecaf17e422c8b2969bd6b23e62818e6,8,DIODORUS,d91dad02f8da03cf6702fa7edec531da5e56f526f466e2f04180f2a23a1cf315,1,1,14,8
a_total1,ud23,HERODOTUS,89f0804afded8e7a0f4e1b507030d5ef4ecaf17e422c8b2969bd6b23e62818e6,8,HESIODIC_TRADITION,c4c0c7eaeca0d61d2e53f4f0642bfa382e91dd28b470d2f4da2ba8539fe0e7f7,1,1,13,8
a_total1,ud23,HERODOTUS,89f0804afded8e7a0f4e1b507030d5ef4ecaf17e422c8b2969bd6b23e62818e6,8,HOMERIC_TRADITION,209ee9f27c82f31d31eb16124569039d7847ed327f3a0f2b5c4eae048347e621,1,1,6,6
a_total1,ud23,HERODOTUS,89f0804afded8e7a0f4e1b507030d5ef4ecaf17e422c8b2969bd6b23e62818e6,8,PLUTARCH,ef8134329970f595ef9ccf4198217affef5c01fa243d5bf4e59ee6daebb04e1d,0,0,0,0
a_total1,ud23,HERODOTUS,89f0804afded8e7a0f4e1b507030d5ef4ecaf17e422c8b2969bd6b23e62818e6,8,THUCYDIDES,1a32cf6857284fff7c7f006f8d0cd4ab15a047af7a4bcd5613d1fd50789dd4ee,1,1,9,8
a_total1,ud23,HERODOTUS,89f0804afded8e7a0f4e1b507030d5ef4ecaf17e422c8b2969bd6b23e62818e6,9,ATHENAEUS,4352f04fcfd7cbe580caddf69f309034ffb967d5d1bc8a8e809498de5bf8d329,1,0,20,0
a_total1,ud23,HERODOTUS,89f0804afded8e7a0f4e1b507030d5ef4ecaf17e422c8b2969bd6b23e62818e6,9,DIODORUS,d91dad02f8da03cf6702fa7edec531da5e56f526f466e2f04180f2a23a1cf315,1,1,27,8
a_total1,ud23,HERODOTUS,89f0804afded8e7a0f4e1b507030d5ef4ecaf17e422c8b2969bd6b23e62818e6,9,HESIODIC_TRADITION,c4c0c7eaeca0d61d2e53f4f0642bfa382e91dd28b470d2f4da2ba8539fe0e7f7,1,1,6,6
a_total1,ud23,HERODOTUS,89f0804afded8e7a0f4e1b507030d5ef4ecaf17e422c8b2969bd6b23e62818e6,9,HOMERIC_TRADITION,209ee9f27c82f31d31eb16124569039d7847ed327f3a0f2b5c4eae048347e621,0,0,0,0
a_total1,ud23,HERODOTUS,89f0804afded8e7a0f4e1b507030d5ef4ecaf17e422c8b2969bd6b23e62818e6,9,PLUTARCH,ef8134329970f595ef9ccf4198217affef5c01fa243d5bf4e59ee6daebb04e1d,0,0,0,0
a_total1,ud23,HERODOTUS,89f0804afded8e7a0f4e1b507030d5ef4ecaf17e422c8b2969bd6b23e62818e6,9,THUCYDIDES,1a32cf6857284fff7c7f006f8d0cd4ab15a047af7a4bcd5613d1fd50789dd4ee,1,1,27,8
a_total1,ud23,HESIODIC_TRADITION,c4c0c7eaeca0d61d2e53f4f0642bfa382e91dd28b470d2f4da2ba8539fe0e7f7,0,ATHENAEUS,4352f04fcfd7cbe580caddf69f309034ffb967d5d1bc8a8e809498de5bf8d329,1,1,3,3
a_total1,ud23,HESIODIC_TRADITION,c4c0c7eaeca0d61d2e53f4f0642bfa382e91dd28b470d2f4da2ba8539fe0e7f7,0,DIODORUS,d91dad02f8da03cf6702fa7edec531da5e56f526f466e2f04180f2a23a1cf315,1,1,5,5
a_total1,ud23,HESIODIC_TRADITION,c4c0c7eaeca0d61d2e53f4f0642bfa382e91dd28b470d2f4da2ba8539fe0e7f7,0,HERODOTUS,89f0804afded8e7a0f4e1b507030d5ef4ecaf17e422c8b2969bd6b23e62818e6,1,1,11,8
a_total1,ud23,HESIODIC_TRADITION,c4c0c7eaeca0d61d2e53f4f0642bfa382e91dd28b470d2f4da2ba8539fe0e7f7,0,HOMERIC_TRADITION,209ee9f27c82f31d31eb16124569039d7847ed327f3a0f2b5c4eae048347e621,1,0,4,0
a_total1,ud23,HESIODIC_TRADITION,c4c0c7eaeca0d61d2e53f4f0642bfa382e91dd28b470d2f4da2ba8539fe0e7f7,0,PLUTARCH,ef8134329970f595ef9ccf4198217affef5c01fa243d5bf4e59ee6daebb04e1d,0,0,0,0
a_total1,ud23,HESIODIC_TRADITION,c4c0c7eaeca0d61d2e53f4f0642bfa382e91dd28b470d2f4da2ba8539fe0e7f7,0,THUCYDIDES,1a32cf6857284fff7c7f006f8d0cd4ab15a047af7a4bcd5613d1fd50789dd4ee,1,1,12,8
a_total1,ud23,HESIODIC_TRADITION,c4c0c7eaeca0d61d2e53f4f0642bfa382e91dd28b470d2f4da2ba8539fe0e7f7,1,ATHENAEUS,4352f04fcfd7cbe580caddf69f309034ffb967d5d1bc8a8e809498de5bf8d329,1,0,22,0
a_total1,ud23,HESIODIC_TRADITION,c4c0c7eaeca0d61d2e53f4f0642bfa382e91dd28b470d2f4da2ba8539fe0e7f7,1,DIODORUS,d91dad02f8da03cf6702fa7edec531da5e56f526f466e2f04180f2a23a1cf315,1,1,21,8
a_total1,ud23,HESIODIC_TRADITION,c4c0c7eaeca0d61d2e53f4f0642bfa382e91dd28b470d2f4da2ba8539fe0e7f7,1,HERODOTUS,89f0804afded8e7a0f4e1b507030d5ef4ecaf17e422c8b2969bd6b23e62818e6,1,1,7,7
a_total1,ud23,HESIODIC_TRADITION,c4c0c7eaeca0d61d2e53f4f0642bfa382e91dd28b470d2f4da2ba8539fe0e7f7,1,HOMERIC_TRADITION,209ee9f27c82f31d31eb16124569039d7847ed327f3a0f2b5c4eae048347e621,1,1,6,6
a_total1,ud23,HESIODIC_TRADITION,c4c0c7eaeca0d61d2e53f4f0642bfa382e91dd28b470d2f4da2ba8539fe0e7f7,1,PLUTARCH,ef8134329970f595ef9ccf4198217affef5c01fa243d5bf4e59ee6daebb04e1d,0,0,0,0
a_total1,ud23,HESIODIC_TRADITION,c4c0c7eaeca0d61d2e53f4f0642bfa382e91dd28b470d2f4da2ba8539fe0e7f7,1,THUCYDIDES,1a32cf6857284fff7c7f006f8d0cd4ab15a047af7a4bcd5613d1fd50789dd4ee,1,1,26,8
a_total1,ud23,HESIODIC_TRADITION,c4c0c7eaeca0d61d2e53f4f0642bfa382e91dd28b470d2f4da2ba8539fe0e7f7,2,ATHENAEUS,4352f04fcfd7cbe580caddf69f309034ffb967d5d1bc8a8e809498de5bf8d329,1,1,2,2
a_total1,ud23,HESIODIC_TRADITION,c4c0c7eaeca0d61d2e53f4f0642bfa382e91dd28b470d2f4da2ba8539fe0e7f7,2,DIODORUS,d91dad02f8da03cf6702fa7edec531da5e56f526f466e2f04180f2a23a1cf315,1,1,22,8
a_total1,ud23,HESIODIC_TRADITION,c4c0c7eaeca0d61d2e53f4f0642bfa382e91dd28b470d2f4da2ba8539fe0e7f7,2,HERODOTUS,89f0804afded8e7a0f4e1b507030d5ef4ecaf17e422c8b2969bd6b23e62818e6,1,1,1,1
a_total1,ud23,HESIODIC_TRADITION,c4c0c7eaeca0d61d2e53f4f0642bfa382e91dd28b470d2f4da2ba8539fe0e7f7,2,HOMERIC_TRADITION,209ee9f27c82f31d31eb16124569039d7847ed327f3a0f2b5c4eae048347e621,1,1,8,8
a_total1,ud23,HESIODIC_TRADITION,c4c0c7eaeca0d61d2e53f4f0642bfa382e91dd28b470d2f4da2ba8539fe0e7f7,2,PLUTARCH,ef8134329970f595ef9ccf4198217affef5c01fa243d5bf4e59ee6daebb04e1d,0,0,0,0
a_total1,ud23,HESIODIC_TRADITION,c4c0c7eaeca0d61d2e53f4f0642bfa382e91dd28b470d2f4da2ba8539fe0e7f7,2,THUCYDIDES,1a32cf6857284fff7c7f006f8d0cd4ab15a047af7a4bcd5613d1fd50789dd4ee,1,0,38,0
a_total1,ud23,HESIODIC_TRADITION,c4c0c7eaeca0d61d2e53f4f0642bfa382e91dd28b470d2f4da2ba8539fe0e7f7,3,ATHENAEUS,4352f04fcfd7cbe580caddf69f309034ffb967d5d1bc8a8e809498de5bf8d329,1,1,3,3
a_total1,ud23,HESIODIC_TRADITION,c4c0c7eaeca0d61d2e53f4f0642bfa382e91dd28b470d2f4da2ba8539fe0e7f7,3,DIODORUS,d91dad02f8da03cf6702fa7edec531da5e56f526f466e2f04180f2a23a1cf315,1,1,27,8
a_total1,ud23,HESIODIC_TRADITION,c4c0c7eaeca0d61d2e53f4f0642bfa382e91dd28b470d2f4da2ba8539fe0e7f7,3,HERODOTUS,89f0804afded8e7a0f4e1b507030d5ef4ecaf17e422c8b2969bd6b23e62818e6,1,0,19,0
a_total1,ud23,HESIODIC_TRADITION,c4c0c7eaeca0d61d2e53f4f0642bfa382e91dd28b470d2f4da2ba8539fe0e7f7,3,HOMERIC_TRADITION,209ee9f27c82f31d31eb16124569039d7847ed327f3a0f2b5c4eae048347e621,0,0,0,0
a_total1,ud23,HESIODIC_TRADITION,c4c0c7eaeca0d61d2e53f4f0642bfa382e91dd28b470d2f4da2ba8539fe0e7f7,3,PLUTARCH,ef8134329970f595ef9ccf4198217affef5c01fa243d5bf4e59ee6daebb04e1d,0,0,0,0
a_total1,ud23,HESIODIC_TRADITION,c4c0c7eaeca0d61d2e53f4f0642bfa382e91dd28b470d2f4da2ba8539fe0e7f7,3,THUCYDIDES,1a32cf6857284fff7c7f006f8d0cd4ab15a047af7a4bcd5613d1fd50789dd4ee,1,1,24,8
a_total1,ud23,HESIODIC_TRADITION,c4c0c7eaeca0d61d2e53f4f0642bfa382e91dd28b470d2f4da2ba8539fe0e7f7,4,ATHENAEUS,4352f04fcfd7cbe580caddf69f309034ffb967d5d1bc8a8e809498de5bf8d329,1,1,12,8
a_total1,ud23,HESIODIC_TRADITION,c4c0c7eaeca0d61d2e53f4f0642bfa382e91dd28b470d2f4da2ba8539fe0e7f7,4,DIODORUS,d91dad02f8da03cf6702fa7edec531da5e56f526f466e2f04180f2a23a1cf315,1,1,5,5
a_total1,ud23,HESIODIC_TRADITION,c4c0c7eaeca0d61d2e53f4f0642bfa382e91dd28b470d2f4da2ba8539fe0e7f7,4,HERODOTUS,89f0804afded8e7a0f4e1b507030d5ef4ecaf17e422c8b2969bd6b23e62818e6,1,0,14,0
a_total1,ud23,HESIODIC_TRADITION,c4c0c7eaeca0d61d2e53f4f0642bfa382e91dd28b470d2f4da2ba8539fe0e7f7,4,HOMERIC_TRADITION,209ee9f27c82f31d31eb16124569039d7847ed327f3a0f2b5c4eae048347e621,1,1,5,5
a_total1,ud23,HESIODIC_TRADITION,c4c0c7eaeca0d61d2e53f4f0642bfa382e91dd28b470d2f4da2ba8539fe0e7f7,4,PLUTARCH,ef8134329970f595ef9ccf4198217affef5c01fa243d5bf4e59ee6daebb04e1d,0,0,0,0
a_total1,ud23,HESIODIC_TRADITION,c4c0c7eaeca0d61d2e53f4f0642bfa382e91dd28b470d2f4da2ba8539fe0e7f7,4,THUCYDIDES,1a32cf6857284fff7c7f006f8d0cd4ab15a047af7a4bcd5613d1fd50789dd4ee,1,0,4,0
a_total1,ud23,HESIODIC_TRADITION,c4c0c7eaeca0d61d2e53f4f0642bfa382e91dd28b470d2f4da2ba8539fe0e7f7,5,ATHENAEUS,4352f04fcfd7cbe580caddf69f309034ffb967d5d1bc8a8e809498de5bf8d329,1,1,32,8
a_total1,ud23,HESIODIC_TRADITION,c4c0c7eaeca0d61d2e53f4f0642bfa382e91dd28b470d2f4da2ba8539fe0e7f7,5,DIODORUS,d91dad02f8da03cf6702fa7edec531da5e56f526f466e2f04180f2a23a1cf315,1,1,21,8
a_total1,ud23,HESIODIC_TRADITION,c4c0c7eaeca0d61d2e53f4f0642bfa382e91dd28b470d2f4da2ba8539fe0e7f7,5,HERODOTUS,89f0804afded8e7a0f4e1b507030d5ef4ecaf17e422c8b2969bd6b23e62818e6,1,1,6,6
a_total1,ud23,HESIODIC_TRADITION,c4c0c7eaeca0d61d2e53f4f0642bfa382e91dd28b470d2f4da2ba8539fe0e7f7,5,HOMERIC_TRADITION,209ee9f27c82f31d31eb16124569039d7847ed327f3a0f2b5c4eae048347e621,0,0,0,0
a_total1,ud23,HESIODIC_TRADITION,c4c0c7eaeca0d61d2e53f4f0642bfa382e91dd28b470d2f4da2ba8539fe0e7f7,5,PLUTARCH,ef8134329970f595ef9ccf4198217affef5c01fa243d5bf4e59ee6daebb04e1d,0,0,0,0
a_total1,ud23,HESIODIC_TRADITION,c4c0c7eaeca0d61d2e53f4f0642bfa382e91dd28b470d2f4da2ba8539fe0e7f7,5,THUCYDIDES,1a32cf6857284fff7c7f006f8d0cd4ab15a047af7a4bcd5613d1fd50789dd4ee,1,1,9,8
a_total1,ud23,HESIODIC_TRADITION,c4c0c7eaeca0d61d2e53f4f0642bfa382e91dd28b470d2f4da2ba8539fe0e7f7,6,ATHENAEUS,4352f04fcfd7cbe580caddf69f309034ffb967d5d1bc8a8e809498de5bf8d329,1,1,5,5
a_total1,ud23,HESIODIC_TRADITION,c4c0c7eaeca0d61d2e53f4f0642bfa382e91dd28b470d2f4da2ba8539fe0e7f7,6,DIODORUS,d91dad02f8da03cf6702fa7edec531da5e56f526f466e2f04180f2a23a1cf315,1,1,22,8
a_total1,ud23,HESIODIC_TRADITION,c4c0c7eaeca0d61d2e53f4f0642bfa382e91dd28b470d2f4da2ba8539fe0e7f7,6,HERODOTUS,89f0804afded8e7a0f4e1b507030d5ef4ecaf17e422c8b2969bd6b23e62818e6,1,1,21,8
a_total1,ud23,HESIODIC_TRADITION,c4c0c7eaeca0d61d2e53f4f0642bfa382e91dd28b470d2f4da2ba8539fe0e7f7,6,HOMERIC_TRADITION,209ee9f27c82f31d31eb16124569039d7847ed327f3a0f2b5c4eae048347e621,1,1,2,2
a_total1,ud23,HESIODIC_TRADITION,c4c0c7eaeca0d61d2e53f4f0642bfa382e91dd28b470d2f4da2ba8539fe0e7f7,6,PLUTARCH,ef8134329970f595ef9ccf4198217affef5c01fa243d5bf4e59ee6daebb04e1d,0,0,0,0
a_total1,ud23,HESIODIC_TRADITION,c4c0c7eaeca0d61d2e53f4f0642bfa382e91dd28b470d2f4da2ba8539fe0e7f7,6,THUCYDIDES,1a32cf6857284fff7c7f006f8d0cd4ab15a047af7a4bcd5613d1fd50789dd4ee,1,0,6,0
a_total1,ud23,HESIODIC_TRADITION,c4c0c7eaeca0d61d2e53f4f0642bfa382e91dd28b470d2f4da2ba8539fe0e7f7,7,ATHENAEUS,4352f04fcfd7cbe580caddf69f309034ffb967d5d1bc8a8e809498de5bf8d329,1,1,15,8
a_total1,ud23,HESIODIC_TRADITION,c4c0c7eaeca0d61d2e53f4f0642bfa382e91dd28b470d2f4da2ba8539fe0e7f7,7,DIODORUS,d91dad02f8da03cf6702fa7edec531da5e56f526f466e2f04180f2a23a1cf315,1,1,6,6
a_total1,ud23,HESIODIC_TRADITION,c4c0c7eaeca0d61d2e53f4f0642bfa382e91dd28b470d2f4da2ba8539fe0e7f7,7,HERODOTUS,89f0804afded8e7a0f4e1b507030d5ef4ecaf17e422c8b2969bd6b23e62818e6,0,0,0,0
a_total1,ud23,HESIODIC_TRADITION,c4c0c7eaeca0d61d2e53f4f0642bfa382e91dd28b470d2f4da2ba8539fe0e7f7,7,HOMERIC_TRADITION,209ee9f27c82f31d31eb16124569039d7847ed327f3a0f2b5c4eae048347e621,1,1,2,2
a_total1,ud23,HESIODIC_TRADITION,c4c0c7eaeca0d61d2e53f4f0642bfa382e91dd28b470d2f4da2ba8539fe0e7f7,7,PLUTARCH,ef8134329970f595ef9ccf4198217affef5c01fa243d5bf4e59ee6daebb04e1d,0,0,0,0
a_total1,ud23,HESIODIC_TRADITION,c4c0c7eaeca0d61d2e53f4f0642bfa382e91dd28b470d2f4da2ba8539fe0e7f7,7,THUCYDIDES,1a32cf6857284fff7c7f006f8d0cd4ab15a047af7a4bcd5613d1fd50789dd4ee,1,1,18,8
a_total1,ud23,HESIODIC_TRADITION,c4c0c7eaeca0d61d2e53f4f0642bfa382e91dd28b470d2f4da2ba8539fe0e7f7,8,ATHENAEUS,4352f04fcfd7cbe580caddf69f309034ffb967d5d1bc8a8e809498de5bf8d329,1,1,6,6
a_total1,ud23,HESIODIC_TRADITION,c4c0c7eaeca0d61d2e53f4f0642bfa382e91dd28b470d2f4da2ba8539fe0e7f7,8,DIODORUS,d91dad02f8da03cf6702fa7edec531da5e56f526f466e2f04180f2a23a1cf315,1,1,1,1
a_total1,ud23,HESIODIC_TRADITION,c4c0c7eaeca0d61d2e53f4f0642bfa382e91dd28b470d2f4da2ba8539fe0e7f7,8,HERODOTUS,89f0804afded8e7a0f4e1b507030d5ef4ecaf17e422c8b2969bd6b23e62818e6,1,1,2,2
a_total1,ud23,HESIODIC_TRADITION,c4c0c7eaeca0d61d2e53f4f0642bfa382e91dd28b470d2f4da2ba8539fe0e7f7,8,HOMERIC_TRADITION,209ee9f27c82f31d31eb16124569039d7847ed327f3a0f2b5c4eae048347e621,1,1,2,2
a_total1,ud23,HESIODIC_TRADITION,c4c0c7eaeca0d61d2e53f4f0642bfa382e91dd28b470d2f4da2ba8539fe0e7f7,8,PLUTARCH,ef8134329970f595ef9ccf4198217affef5c01fa243d5bf4e59ee6daebb04e1d,0,0,0,0
a_total1,ud23,HESIODIC_TRADITION,c4c0c7eaeca0d61d2e53f4f0642bfa382e91dd28b470d2f4da2ba8539fe0e7f7,8,THUCYDIDES,1a32cf6857284fff7c7f006f8d0cd4ab15a047af7a4bcd5613d1fd50789dd4ee,1,1,18,8
a_total1,ud23,HESIODIC_TRADITION,c4c0c7eaeca0d61d2e53f4f0642bfa382e91dd28b470d2f4da2ba8539fe0e7f7,9,ATHENAEUS,4352f04fcfd7cbe580caddf69f309034ffb967d5d1bc8a8e809498de5bf8d329,1,1,3,3
a_total1,ud23,HESIODIC_TRADITION,c4c0c7eaeca0d61d2e53f4f0642bfa382e91dd28b470d2f4da2ba8539fe0e7f7,9,DIODORUS,d91dad02f8da03cf6702fa7edec531da5e56f526f466e2f04180f2a23a1cf315,1,1,1,1
a_total1,ud23,HESIODIC_TRADITION,c4c0c7eaeca0d61d2e53f4f0642bfa382e91dd28b470d2f4da2ba8539fe0e7f7,9,HERODOTUS,89f0804afded8e7a0f4e1b507030d5ef4ecaf17e422c8b2969bd6b23e62818e6,1,1,18,8
a_total1,ud23,HESIODIC_TRADITION,c4c0c7eaeca0d61d2e53f4f0642bfa382e91dd28b470d2f4da2ba8539fe0e7f7,9,HOMERIC_TRADITION,209ee9f27c82f31d31eb16124569039d7847ed327f3a0f2b5c4eae048347e621,1,1,19,8
a_total1,ud23,HESIODIC_TRADITION,c4c0c7eaeca0d61d2e53f4f0642bfa382e91dd28b470d2f4da2ba8539fe0e7f7,9,PLUTARCH,ef8134329970f595ef9ccf4198217affef5c01fa243d5bf4e59ee6daebb04e1d,0,0,0,0
a_total1,ud23,HESIODIC_TRADITION,c4c0c7eaeca0d61d2e53f4f0642bfa382e91dd28b470d2f4da2ba8539fe0e7f7,9,THUCYDIDES,1a32cf6857284fff7c7f006f8d0cd4ab15a047af7a4bcd5613d1fd50789dd4ee,1,1,7,7
a_total1,ud23,DIODORUS,d91dad02f8da03cf6702fa7edec531da5e56f526f466e2f04180f2a23a1cf315,0,ATHENAEUS,4352f04fcfd7cbe580caddf69f309034ffb967d5d1bc8a8e809498de5bf8d329,1,0,1,0
a_total1,ud23,DIODORUS,d91dad02f8da03cf6702fa7edec531da5e56f526f466e2f04180f2a23a1cf315,0,HERODOTUS,89f0804afded8e7a0f4e1b507030d5ef4ecaf17e422c8b2969bd6b23e62818e6,1,1,22,8
a_total1,ud23,DIODORUS,d91dad02f8da03cf6702fa7edec531da5e56f526f466e2f04180f2a23a1cf315,0,HESIODIC_TRADITION,c4c0c7eaeca0d61d2e53f4f0642bfa382e91dd28b470d2f4da2ba8539fe0e7f7,1,1,5,5
a_total1,ud23,DIODORUS,d91dad02f8da03cf6702fa7edec531da5e56f526f466e2f04180f2a23a1cf315,0,HOMERIC_TRADITION,209ee9f27c82f31d31eb16124569039d7847ed327f3a0f2b5c4eae048347e621,0,0,0,0
a_total1,ud23,DIODORUS,d91dad02f8da03cf6702fa7edec531da5e56f526f466e2f04180f2a23a1cf315,0,PLUTARCH,ef8134329970f595ef9ccf4198217affef5c01fa243d5bf4e59ee6daebb04e1d,0,0,0,0
a_total1,ud23,DIODORUS,d91dad02f8da03cf6702fa7edec531da5e56f526f466e2f04180f2a23a1cf315,0,THUCYDIDES,1a32cf6857284fff7c7f006f8d0cd4ab15a047af7a4bcd5613d1fd50789dd4ee,1,1,9,8
a_total1,ud23,DIODORUS,d91dad02f8da03cf6702fa7edec531da5e56f526f466e2f04180f2a23a1cf315,1,ATHENAEUS,4352f04fcfd7cbe580caddf69f309034ffb967d5d1bc8a8e809498de5bf8d329,1,1,11,8
a_total1,ud23,DIODORUS,d91dad02f8da03cf6702fa7edec531da5e56f526f466e2f04180f2a23a1cf315,1,HERODOTUS,89f0804afded8e7a0f4e1b507030d5ef4ecaf17e422c8b2969bd6b23e62818e6,1,1,13,8
a_total1,ud23,DIODORUS,d91dad02f8da03cf6702fa7edec531da5e56f526f466e2f04180f2a23a1cf315,1,HESIODIC_TRADITION,c4c0c7eaeca0d61d2e53f4f0642bfa382e91dd28b470d2f4da2ba8539fe0e7f7,1,1,2,2
a_total1,ud23,DIODORUS,d91dad02f8da03cf6702fa7edec531da5e56f526f466e2f04180f2a23a1cf315,1,HOMERIC_TRADITION,209ee9f27c82f31d31eb16124569039d7847ed327f3a0f2b5c4eae048347e621,1,0,4,0
a_total1,ud23,DIODORUS,d91dad02f8da03cf6702fa7edec531da5e56f526f466e2f04180f2a23a1cf315,1,PLUTARCH,ef8134329970f595ef9ccf4198217affef5c01fa243d5bf4e59ee6daebb04e1d,0,0,0,0
a_total1,ud23,DIODORUS,d91dad02f8da03cf6702fa7edec531da5e56f526f466e2f04180f2a23a1cf315,1,THUCYDIDES,1a32cf6857284fff7c7f006f8d0cd4ab15a047af7a4bcd5613d1fd50789dd4ee,1,1,50,8
a_total1,ud23,DIODORUS,d91dad02f8da03cf6702fa7edec531da5e56f526f466e2f04180f2a23a1cf315,2,ATHENAEUS,4352f04fcfd7cbe580caddf69f309034ffb967d5d1bc8a8e809498de5bf8d329,0,0,0,0
a_total1,ud23,DIODORUS,d91dad02f8da03cf6702fa7edec531da5e56f526f466e2f04180f2a23a1cf315,2,HERODOTUS,89f0804afded8e7a0f4e1b507030d5ef4ecaf17e422c8b2969bd6b23e62818e6,1,1,13,8
a_total1,ud23,DIODORUS,d91dad02f8da03cf6702fa7edec531da5e56f526f466e2f04180f2a23a1cf315,2,HESIODIC_TRADITION,c4c0c7eaeca0d61d2e53f4f0642bfa382e91dd28b470d2f4da2ba8539fe0e7f7,1,1,3,3
a_total1,ud23,DIODORUS,d91dad02f8da03cf6702fa7edec531da5e56f526f466e2f04180f2a23a1cf315,2,HOMERIC_TRADITION,209ee9f27c82f31d31eb16124569039d7847ed327f3a0f2b5c4eae048347e621,1,1,23,8
a_total1,ud23,DIODORUS,d91dad02f8da03cf6702fa7edec531da5e56f526f466e2f04180f2a23a1cf315,2,PLUTARCH,ef8134329970f595ef9ccf4198217affef5c01fa243d5bf4e59ee6daebb04e1d,0,0,0,0
a_total1,ud23,DIODORUS,d91dad02f8da03cf6702fa7edec531da5e56f526f466e2f04180f2a23a1cf315,2,THUCYDIDES,1a32cf6857284fff7c7f006f8d0cd4ab15a047af7a4bcd5613d1fd50789dd4ee,1,0,26,0
a_total1,ud23,DIODORUS,d91dad02f8da03cf6702fa7edec531da5e56f526f466e2f04180f2a23a1cf315,3,ATHENAEUS,4352f04fcfd7cbe580caddf69f309034ffb967d5d1bc8a8e809498de5bf8d329,1,1,25,8
a_total1,ud23,DIODORUS,d91dad02f8da03cf6702fa7edec531da5e56f526f466e2f04180f2a23a1cf315,3,HERODOTUS,89f0804afded8e7a0f4e1b507030d5ef4ecaf17e422c8b2969bd6b23e62818e6,1,1,3,3
a_total1,ud23,DIODORUS,d91dad02f8da03cf6702fa7edec531da5e56f526f466e2f04180f2a23a1cf315,3,HESIODIC_TRADITION,c4c0c7eaeca0d61d2e53f4f0642bfa382e91dd28b470d2f4da2ba8539fe0e7f7,1,1,2,2
a_total1,ud23,DIODORUS,d91dad02f8da03cf6702fa7edec531da5e56f526f466e2f04180f2a23a1cf315,3,HOMERIC_TRADITION,209ee9f27c82f31d31eb16124569039d7847ed327f3a0f2b5c4eae048347e621,0,0,0,0
a_total1,ud23,DIODORUS,d91dad02f8da03cf6702fa7edec531da5e56f526f466e2f04180f2a23a1cf315,3,PLUTARCH,ef8134329970f595ef9ccf4198217affef5c01fa243d5bf4e59ee6daebb04e1d,0,0,0,0
a_total1,ud23,DIODORUS,d91dad02f8da03cf6702fa7edec531da5e56f526f466e2f04180f2a23a1cf315,3,THUCYDIDES,1a32cf6857284fff7c7f006f8d0cd4ab15a047af7a4bcd5613d1fd50789dd4ee,1,1,13,8
a_total1,ud23,DIODORUS,d91dad02f8da03cf6702fa7edec531da5e56f526f466e2f04180f2a23a1cf315,4,ATHENAEUS,4352f04fcfd7cbe580caddf69f309034ffb967d5d1bc8a8e809498de5bf8d329,1,0,8,0
a_total1,ud23,DIODORUS,d91dad02f8da03cf6702fa7edec531da5e56f526f466e2f04180f2a23a1cf315,4,HERODOTUS,89f0804afded8e7a0f4e1b507030d5ef4ecaf17e422c8b2969bd6b23e62818e6,1,1,4,4
a_total1,ud23,DIODORUS,d91dad02f8da03cf6702fa7edec531da5e56f526f466e2f04180f2a23a1cf315,4,HESIODIC_TRADITION,c4c0c7eaeca0d61d2e53f4f0642bfa382e91dd28b470d2f4da2ba8539fe0e7f7,1,1,19,8
a_total1,ud23,DIODORUS,d91dad02f8da03cf6702fa7edec531da5e56f526f466e2f04180f2a23a1cf315,4,HOMERIC_TRADITION,209ee9f27c82f31d31eb16124569039d7847ed327f3a0f2b5c4eae048347e621,1,1,4,4
a_total1,ud23,DIODORUS,d91dad02f8da03cf6702fa7edec531da5e56f526f466e2f04180f2a23a1cf315,4,PLUTARCH,ef8134329970f595ef9ccf4198217affef5c01fa243d5bf4e59ee6daebb04e1d,0,0,0,0
a_total1,ud23,DIODORUS,d91dad02f8da03cf6702fa7edec531da5e56f526f466e2f04180f2a23a1cf315,4,THUCYDIDES,1a32cf6857284fff7c7f006f8d0cd4ab15a047af7a4bcd5613d1fd50789dd4ee,1,1,1,1
a_total1,ud23,DIODORUS,d91dad02f8da03cf6702fa7edec531da5e56f526f466e2f04180f2a23a1cf315,5,ATHENAEUS,4352f04fcfd7cbe580caddf69f309034ffb967d5d1bc8a8e809498de5bf8d329,1,1,26,8
a_total1,ud23,DIODORUS,d91dad02f8da03cf6702fa7edec531da5e56f526f466e2f04180f2a23a1cf315,5,HERODOTUS,89f0804afded8e7a0f4e1b507030d5ef4ecaf17e422c8b2969bd6b23e62818e6,1,0,11,0
a_total1,ud23,DIODORUS,d91dad02f8da03cf6702fa7edec531da5e56f526f466e2f04180f2a23a1cf315,5,HESIODIC_TRADITION,c4c0c7eaeca0d61d2e53f4f0642bfa382e91dd28b470d2f4da2ba8539fe0e7f7,1,0,2,0
a_total1,ud23,DIODORUS,d91dad02f8da03cf6702fa7edec531da5e56f526f466e2f04180f2a23a1cf315,5,HOMERIC_TRADITION,209ee9f27c82f31d31eb16124569039d7847ed327f3a0f2b5c4eae048347e621,1,0,27,0
a_total1,ud23,DIODORUS,d91dad02f8da03cf6702fa7edec531da5e56f526f466e2f04180f2a23a1cf315,5,PLUTARCH,ef8134329970f595ef9ccf4198217affef5c01fa243d5bf4e59ee6daebb04e1d,0,0,0,0
a_total1,ud23,DIODORUS,d91dad02f8da03cf6702fa7edec531da5e56f526f466e2f04180f2a23a1cf315,5,THUCYDIDES,1a32cf6857284fff7c7f006f8d0cd4ab15a047af7a4bcd5613d1fd50789dd4ee,1,1,54,8
a_total1,ud23,DIODORUS,d91dad02f8da03cf6702fa7edec531da5e56f526f466e2f04180f2a23a1cf315,6,ATHENAEUS,4352f04fcfd7cbe580caddf69f309034ffb967d5d1bc8a8e809498de5bf8d329,1,1,10,8
a_total1,ud23,DIODORUS,d91dad02f8da03cf6702fa7edec531da5e56f526f466e2f04180f2a23a1cf315,6,HERODOTUS,89f0804afded8e7a0f4e1b507030d5ef4ecaf17e422c8b2969bd6b23e62818e6,1,1,5,5
a_total1,ud23,DIODORUS,d91dad02f8da03cf6702fa7edec531da5e56f526f466e2f04180f2a23a1cf315,6,HESIODIC_TRADITION,c4c0c7eaeca0d61d2e53f4f0642bfa382e91dd28b470d2f4da2ba8539fe0e7f7,1,0,12,0
a_total1,ud23,DIODORUS,d91dad02f8da03cf6702fa7edec531da5e56f526f466e2f04180f2a23a1cf315,6,HOMERIC_TRADITION,209ee9f27c82f31d31eb16124569039d7847ed327f3a0f2b5c4eae048347e621,1,1,8,8
a_total1,ud23,DIODORUS,d91dad02f8da03cf6702fa7edec531da5e56f526f466e2f04180f2a23a1cf315,6,PLUTARCH,ef8134329970f595ef9ccf4198217affef5c01fa243d5bf4e59ee6daebb04e1d,0,0,0,0
a_total1,ud23,DIODORUS,d91dad02f8da03cf6702fa7edec531da5e56f526f466e2f04180f2a23a1cf315,6,THUCYDIDES,1a32cf6857284fff7c7f006f8d0cd4ab15a047af7a4bcd5613d1fd50789dd4ee,1,1,6,6
a_total1,ud23,DIODORUS,d91dad02f8da03cf6702fa7edec531da5e56f526f466e2f04180f2a23a1cf315,7,ATHENAEUS,4352f04fcfd7cbe580caddf69f309034ffb967d5d1bc8a8e809498de5bf8d329,1,1,6,6
a_total1,ud23,DIODORUS,d91dad02f8da03cf6702fa7edec531da5e56f526f466e2f04180f2a23a1cf315,7,HERODOTUS,89f0804afded8e7a0f4e1b507030d5ef4ecaf17e422c8b2969bd6b23e62818e6,1,1,7,7
a_total1,ud23,DIODORUS,d91dad02f8da03cf6702fa7edec531da5e56f526f466e2f04180f2a23a1cf315,7,HESIODIC_TRADITION,c4c0c7eaeca0d61d2e53f4f0642bfa382e91dd28b470d2f4da2ba8539fe0e7f7,1,1,10,8
a_total1,ud23,DIODORUS,d91dad02f8da03cf6702fa7edec531da5e56f526f466e2f04180f2a23a1cf315,7,HOMERIC_TRADITION,209ee9f27c82f31d31eb16124569039d7847ed327f3a0f2b5c4eae048347e621,1,1,2,2
a_total1,ud23,DIODORUS,d91dad02f8da03cf6702fa7edec531da5e56f526f466e2f04180f2a23a1cf315,7,PLUTARCH,ef8134329970f595ef9ccf4198217affef5c01fa243d5bf4e59ee6daebb04e1d,0,0,0,0
a_total1,ud23,DIODORUS,d91dad02f8da03cf6702fa7edec531da5e56f526f466e2f04180f2a23a1cf315,7,THUCYDIDES,1a32cf6857284fff7c7f006f8d0cd4ab15a047af7a4bcd5613d1fd50789dd4ee,1,1,5,5
a_total1,ud23,DIODORUS,d91dad02f8da03cf6702fa7edec531da5e56f526f466e2f04180f2a23a1cf315,8,ATHENAEUS,4352f04fcfd7cbe580caddf69f309034ffb967d5d1bc8a8e809498de5bf8d329,1,1,14,8
a_total1,ud23,DIODORUS,d91dad02f8da03cf6702fa7edec531da5e56f526f466e2f04180f2a23a1cf315,8,HERODOTUS,89f0804afded8e7a0f4e1b507030d5ef4ecaf17e422c8b2969bd6b23e62818e6,0,0,0,0
a_total1,ud23,DIODORUS,d91dad02f8da03cf6702fa7edec531da5e56f526f466e2f04180f2a23a1cf315,8,HESIODIC_TRADITION,c4c0c7eaeca0d61d2e53f4f0642bfa382e91dd28b470d2f4da2ba8539fe0e7f7,1,1,5,5
a_total1,ud23,DIODORUS,d91dad02f8da03cf6702fa7edec531da5e56f526f466e2f04180f2a23a1cf315,8,HOMERIC_TRADITION,209ee9f27c82f31d31eb16124569039d7847ed327f3a0f2b5c4eae048347e621,1,1,7,7
a_total1,ud23,DIODORUS,d91dad02f8da03cf6702fa7edec531da5e56f526f466e2f04180f2a23a1cf315,8,PLUTARCH,ef8134329970f595ef9ccf4198217affef5c01fa243d5bf4e59ee6daebb04e1d,0,0,0,0
a_total1,ud23,DIODORUS,d91dad02f8da03cf6702fa7edec531da5e56f526f466e2f04180f2a23a1cf315,8,THUCYDIDES,1a32cf6857284fff7c7f006f8d0cd4ab15a047af7a4bcd5613d1fd50789dd4ee,1,1,9,8
a_total1,ud23,DIODORUS,d91dad02f8da03cf6702fa7edec531da5e56f526f466e2f04180f2a23a1cf315,9,ATHENAEUS,4352f04fcfd7cbe580caddf69f309034ffb967d5d1bc8a8e809498de5bf8d329,1,1,22,8
a_total1,ud23,DIODORUS,d91dad02f8da03cf6702fa7edec531da5e56f526f466e2f04180f2a23a1cf315,9,HERODOTUS,89f0804afded8e7a0f4e1b507030d5ef4ecaf17e422c8b2969bd6b23e62818e6,1,1,7,7
a_total1,ud23,DIODORUS,d91dad02f8da03cf6702fa7edec531da5e56f526f466e2f04180f2a23a1cf315,9,HESIODIC_TRADITION,c4c0c7eaeca0d61d2e53f4f0642bfa382e91dd28b470d2f4da2ba8539fe0e7f7,1,1,4,4
a_total1,ud23,DIODORUS,d91dad02f8da03cf6702fa7edec531da5e56f526f466e2f04180f2a23a1cf315,9,HOMERIC_TRADITION,209ee9f27c82f31d31eb16124569039d7847ed327f3a0f2b5c4eae048347e621,1,1,12,8
a_total1,ud23,DIODORUS,d91dad02f8da03cf6702fa7edec531da5e56f526f466e2f04180f2a23a1cf315,9,PLUTARCH,ef8134329970f595ef9ccf4198217affef5c01fa243d5bf4e59ee6daebb04e1d,0,0,0,0
a_total1,ud23,DIODORUS,d91dad02f8da03cf6702fa7edec531da5e56f526f466e2f04180f2a23a1cf315,9,THUCYDIDES,1a32cf6857284fff7c7f006f8d0cd4ab15a047af7a4bcd5613d1fd50789dd4ee,1,1,39,8
a_total1,ud23,PLUTARCH,ef8134329970f595ef9ccf4198217affef5c01fa243d5bf4e59ee6daebb04e1d,0,ATHENAEUS,4352f04fcfd7cbe580caddf69f309034ffb967d5d1bc8a8e809498de5bf8d329,0,0,0,0
a_total1,ud23,PLUTARCH,ef8134329970f595ef9ccf4198217affef5c01fa243d5bf4e59ee6daebb04e1d,0,DIODORUS,d91dad02f8da03cf6702fa7edec531da5e56f526f466e2f04180f2a23a1cf315,1,1,6,6
a_total1,ud23,PLUTARCH,ef8134329970f595ef9ccf4198217affef5c01fa243d5bf4e59ee6daebb04e1d,0,HERODOTUS,89f0804afded8e7a0f4e1b507030d5ef4ecaf17e422c8b2969bd6b23e62818e6,1,1,2,2
a_total1,ud23,PLUTARCH,ef8134329970f595ef9ccf4198217affef5c01fa243d5bf4e59ee6daebb04e1d,0,HESIODIC_TRADITION,c4c0c7eaeca0d61d2e53f4f0642bfa382e91dd28b470d2f4da2ba8539fe0e7f7,1,1,2,2
a_total1,ud23,PLUTARCH,ef8134329970f595ef9ccf4198217affef5c01fa243d5bf4e59ee6daebb04e1d,0,HOMERIC_TRADITION,209ee9f27c82f31d31eb16124569039d7847ed327f3a0f2b5c4eae048347e621,1,1,16,8
a_total1,ud23,PLUTARCH,ef8134329970f595ef9ccf4198217affef5c01fa243d5bf4e59ee6daebb04e1d,0,THUCYDIDES,1a32cf6857284fff7c7f006f8d0cd4ab15a047af7a4bcd5613d1fd50789dd4ee,1,1,31,8
a_total1,ud23,PLUTARCH,ef8134329970f595ef9ccf4198217affef5c01fa243d5bf4e59ee6daebb04e1d,1,ATHENAEUS,4352f04fcfd7cbe580caddf69f309034ffb967d5d1bc8a8e809498de5bf8d329,1,1,15,8
a_total1,ud23,PLUTARCH,ef8134329970f595ef9ccf4198217affef5c01fa243d5bf4e59ee6daebb04e1d,1,DIODORUS,d91dad02f8da03cf6702fa7edec531da5e56f526f466e2f04180f2a23a1cf315,1,1,15,8
a_total1,ud23,PLUTARCH,ef8134329970f595ef9ccf4198217affef5c01fa243d5bf4e59ee6daebb04e1d,1,HERODOTUS,89f0804afded8e7a0f4e1b507030d5ef4ecaf17e422c8b2969bd6b23e62818e6,1,1,15,8
a_total1,ud23,PLUTARCH,ef8134329970f595ef9ccf4198217affef5c01fa243d5bf4e59ee6daebb04e1d,1,HESIODIC_TRADITION,c4c0c7eaeca0d61d2e53f4f0642bfa382e91dd28b470d2f4da2ba8539fe0e7f7,1,1,1,1
a_total1,ud23,PLUTARCH,ef8134329970f595ef9ccf4198217affef5c01fa243d5bf4e59ee6daebb04e1d,1,HOMERIC_TRADITION,209ee9f27c82f31d31eb16124569039d7847ed327f3a0f2b5c4eae048347e621,1,1,8,8
a_total1,ud23,PLUTARCH,ef8134329970f595ef9ccf4198217affef5c01fa243d5bf4e59ee6daebb04e1d,1,THUCYDIDES,1a32cf6857284fff7c7f006f8d0cd4ab15a047af7a4bcd5613d1fd50789dd4ee,1,1,7,7
a_total1,ud23,PLUTARCH,ef8134329970f595ef9ccf4198217affef5c01fa243d5bf4e59ee6daebb04e1d,2,ATHENAEUS,4352f04fcfd7cbe580caddf69f309034ffb967d5d1bc8a8e809498de5bf8d329,1,1,1,1
a_total1,ud23,PLUTARCH,ef8134329970f595ef9ccf4198217affef5c01fa243d5bf4e59ee6daebb04e1d,2,DIODORUS,d91dad02f8da03cf6702fa7edec531da5e56f526f466e2f04180f2a23a1cf315,1,1,23,8
a_total1,ud23,PLUTARCH,ef8134329970f595ef9ccf4198217affef5c01fa243d5bf4e59ee6daebb04e1d,2,HERODOTUS,89f0804afded8e7a0f4e1b507030d5ef4ecaf17e422c8b2969bd6b23e62818e6,1,1,16,8
a_total1,ud23,PLUTARCH,ef8134329970f595ef9ccf4198217affef5c01fa243d5bf4e59ee6daebb04e1d,2,HESIODIC_TRADITION,c4c0c7eaeca0d61d2e53f4f0642bfa382e91dd28b470d2f4da2ba8539fe0e7f7,1,1,23,8
a_total1,ud23,PLUTARCH,ef8134329970f595ef9ccf4198217affef5c01fa243d5bf4e59ee6daebb04e1d,2,HOMERIC_TRADITION,209ee9f27c82f31d31eb16124569039d7847ed327f3a0f2b5c4eae048347e621,1,1,4,4
a_total1,ud23,PLUTARCH,ef8134329970f595ef9ccf4198217affef5c01fa243d5bf4e59ee6daebb04e1d,2,THUCYDIDES,1a32cf6857284fff7c7f006f8d0cd4ab15a047af7a4bcd5613d1fd50789dd4ee,1,1,12,8
a_total1,ud23,PLUTARCH,ef8134329970f595ef9ccf4198217affef5c01fa243d5bf4e59ee6daebb04e1d,3,ATHENAEUS,4352f04fcfd7cbe580caddf69f309034ffb967d5d1bc8a8e809498de5bf8d329,1,1,5,5
a_total1,ud23,PLUTARCH,ef8134329970f595ef9ccf4198217affef5c01fa243d5bf4e59ee6daebb04e1d,3,DIODORUS,d91dad02f8da03cf6702fa7edec531da5e56f526f466e2f04180f2a23a1cf315,1,1,13,8
a_total1,ud23,PLUTARCH,ef8134329970f595ef9ccf4198217affef5c01fa243d5bf4e59ee6daebb04e1d,3,HERODOTUS,89f0804afded8e7a0f4e1b507030d5ef4ecaf17e422c8b2969bd6b23e62818e6,1,1,3,3
a_total1,ud23,PLUTARCH,ef8134329970f595ef9ccf4198217affef5c01fa243d5bf4e59ee6daebb04e1d,3,HESIODIC_TRADITION,c4c0c7eaeca0d61d2e53f4f0642bfa382e91dd28b470d2f4da2ba8539fe0e7f7,1,1,9,8
a_total1,ud23,PLUTARCH,ef8134329970f595ef9ccf4198217affef5c01fa243d5bf4e59ee6daebb04e1d,3,HOMERIC_TRADITION,209ee9f27c82f31d31eb16124569039d7847ed327f3a0f2b5c4eae048347e621,1,1,5,5
a_total1,ud23,PLUTARCH,ef8134329970f595ef9ccf4198217affef5c01fa243d5bf4e59ee6daebb04e1d,3,THUCYDIDES,1a32cf6857284fff7c7f006f8d0cd4ab15a047af7a4bcd5613d1fd50789dd4ee,1,1,16,8
a_total1,ud23,PLUTARCH,ef8134329970f595ef9ccf4198217affef5c01fa243d5bf4e59ee6daebb04e1d,4,ATHENAEUS,4352f04fcfd7cbe580caddf69f309034ffb967d5d1bc8a8e809498de5bf8d329,1,1,11,8
a_total1,ud23,PLUTARCH,ef8134329970f595ef9ccf4198217affef5c01fa243d5bf4e59ee6daebb04e1d,4,DIODORUS,d91dad02f8da03cf6702fa7edec531da5e56f526f466e2f04180f2a23a1cf315,1,1,1,1
a_total1,ud23,PLUTARCH,ef8134329970f595ef9ccf4198217affef5c01fa243d5bf4e59ee6daebb04e1d,4,HERODOTUS,89f0804afded8e7a0f4e1b507030d5ef4ecaf17e422c8b2969bd6b23e62818e6,1,1,9,8
a_total1,ud23,PLUTARCH,ef8134329970f595ef9ccf4198217affef5c01fa243d5bf4e59ee6daebb04e1d,4,HESIODIC_TRADITION,c4c0c7eaeca0d61d2e53f4f0642bfa382e91dd28b470d2f4da2ba8539fe0e7f7,1,1,2,2
a_total1,ud23,PLUTARCH,ef8134329970f595ef9ccf4198217affef5c01fa243d5bf4e59ee6daebb04e1d,4,HOMERIC_TRADITION,209ee9f27c82f31d31eb16124569039d7847ed327f3a0f2b5c4eae048347e621,0,0,0,0
a_total1,ud23,PLUTARCH,ef8134329970f595ef9ccf4198217affef5c01fa243d5bf4e59ee6daebb04e1d,4,THUCYDIDES,1a32cf6857284fff7c7f006f8d0cd4ab15a047af7a4bcd5613d1fd50789dd4ee,1,1,5,5
a_total1,ud23,PLUTARCH,ef8134329970f595ef9ccf4198217affef5c01fa243d5bf4e59ee6daebb04e1d,5,ATHENAEUS,4352f04fcfd7cbe580caddf69f309034ffb967d5d1bc8a8e809498de5bf8d329,1,0,4,0
a_total1,ud23,PLUTARCH,ef8134329970f595ef9ccf4198217affef5c01fa243d5bf4e59ee6daebb04e1d,5,DIODORUS,d91dad02f8da03cf6702fa7edec531da5e56f526f466e2f04180f2a23a1cf315,1,0,23,0
a_total1,ud23,PLUTARCH,ef8134329970f595ef9ccf4198217affef5c01fa243d5bf4e59ee6daebb04e1d,5,HERODOTUS,89f0804afded8e7a0f4e1b507030d5ef4ecaf17e422c8b2969bd6b23e62818e6,1,1,23,8
a_total1,ud23,PLUTARCH,ef8134329970f595ef9ccf4198217affef5c01fa243d5bf4e59ee6daebb04e1d,5,HESIODIC_TRADITION,c4c0c7eaeca0d61d2e53f4f0642bfa382e91dd28b470d2f4da2ba8539fe0e7f7,1,1,14,8
a_total1,ud23,PLUTARCH,ef8134329970f595ef9ccf4198217affef5c01fa243d5bf4e59ee6daebb04e1d,5,HOMERIC_TRADITION,209ee9f27c82f31d31eb16124569039d7847ed327f3a0f2b5c4eae048347e621,1,1,30,8
a_total1,ud23,PLUTARCH,ef8134329970f595ef9ccf4198217affef5c01fa243d5bf4e59ee6daebb04e1d,5,THUCYDIDES,1a32cf6857284fff7c7f006f8d0cd4ab15a047af7a4bcd5613d1fd50789dd4ee,1,0,6,0
a_total1,ud23,PLUTARCH,ef8134329970f595ef9ccf4198217affef5c01fa243d5bf4e59ee6daebb04e1d,6,ATHENAEUS,4352f04fcfd7cbe580caddf69f309034ffb967d5d1bc8a8e809498de5bf8d329,1,0,10,0
a_total1,ud23,PLUTARCH,ef8134329970f595ef9ccf4198217affef5c01fa243d5bf4e59ee6daebb04e1d,6,DIODORUS,d91dad02f8da03cf6702fa7edec531da5e56f526f466e2f04180f2a23a1cf315,1,1,24,8
a_total1,ud23,PLUTARCH,ef8134329970f595ef9ccf4198217affef5c01fa243d5bf4e59ee6daebb04e1d,6,HERODOTUS,89f0804afded8e7a0f4e1b507030d5ef4ecaf17e422c8b2969bd6b23e62818e6,1,1,3,3
a_total1,ud23,PLUTARCH,ef8134329970f595ef9ccf4198217affef5c01fa243d5bf4e59ee6daebb04e1d,6,HESIODIC_TRADITION,c4c0c7eaeca0d61d2e53f4f0642bfa382e91dd28b470d2f4da2ba8539fe0e7f7,1,0,28,0
a_total1,ud23,PLUTARCH,ef8134329970f595ef9ccf4198217affef5c01fa243d5bf4e59ee6daebb04e1d,6,HOMERIC_TRADITION,209ee9f27c82f31d31eb16124569039d7847ed327f3a0f2b5c4eae048347e621,1,1,5,5
a_total1,ud23,PLUTARCH,ef8134329970f595ef9ccf4198217affef5c01fa243d5bf4e59ee6daebb04e1d,6,THUCYDIDES,1a32cf6857284fff7c7f006f8d0cd4ab15a047af7a4bcd5613d1fd50789dd4ee,1,1,4,4
a_total1,ud23,PLUTARCH,ef8134329970f595ef9ccf4198217affef5c01fa243d5bf4e59ee6daebb04e1d,7,ATHENAEUS,4352f04fcfd7cbe580caddf69f309034ffb967d5d1bc8a8e809498de5bf8d329,1,0,3,0
a_total1,ud23,PLUTARCH,ef8134329970f595ef9ccf4198217affef5c01fa243d5bf4e59ee6daebb04e1d,7,DIODORUS,d91dad02f8da03cf6702fa7edec531da5e56f526f466e2f04180f2a23a1cf315,1,1,1,1
a_total1,ud23,PLUTARCH,ef8134329970f595ef9ccf4198217affef5c01fa243d5bf4e59ee6daebb04e1d,7,HERODOTUS,89f0804afded8e7a0f4e1b507030d5ef4ecaf17e422c8b2969bd6b23e62818e6,1,0,3,0
a_total1,ud23,PLUTARCH,ef8134329970f595ef9ccf4198217affef5c01fa243d5bf4e59ee6daebb04e1d,7,HESIODIC_TRADITION,c4c0c7eaeca0d61d2e53f4f0642bfa382e91dd28b470d2f4da2ba8539fe0e7f7,1,1,8,8
a_total1,ud23,PLUTARCH,ef8134329970f595ef9ccf4198217affef5c01fa243d5bf4e59ee6daebb04e1d,7,HOMERIC_TRADITION,209ee9f27c82f31d31eb16124569039d7847ed327f3a0f2b5c4eae048347e621,1,1,14,8
a_total1,ud23,PLUTARCH,ef8134329970f595ef9ccf4198217affef5c01fa243d5bf4e59ee6daebb04e1d,7,THUCYDIDES,1a32cf6857284fff7c7f006f8d0cd4ab15a047af7a4bcd5613d1fd50789dd4ee,1,0,30,0
a_total1,ud23,PLUTARCH,ef8134329970f595ef9ccf4198217affef5c01fa243d5bf4e59ee6daebb04e1d,8,ATHENAEUS,4352f04fcfd7cbe580caddf69f309034ffb967d5d1bc8a8e809498de5bf8d329,1,1,12,8
a_total1,ud23,PLUTARCH,ef8134329970f595ef9ccf4198217affef5c01fa243d5bf4e59ee6daebb04e1d,8,DIODORUS,d91dad02f8da03cf6702fa7edec531da5e56f526f466e2f04180f2a23a1cf315,1,1,4,4
a_total1,ud23,PLUTARCH,ef8134329970f595ef9ccf4198217affef5c01fa243d5bf4e59ee6daebb04e1d,8,HERODOTUS,89f0804afded8e7a0f4e1b507030d5ef4ecaf17e422c8b2969bd6b23e62818e6,1,1,25,8
a_total1,ud23,PLUTARCH,ef8134329970f595ef9ccf4198217affef5c01fa243d5bf4e59ee6daebb04e1d,8,HESIODIC_TRADITION,c4c0c7eaeca0d61d2e53f4f0642bfa382e91dd28b470d2f4da2ba8539fe0e7f7,1,1,3,3
a_total1,ud23,PLUTARCH,ef8134329970f595ef9ccf4198217affef5c01fa243d5bf4e59ee6daebb04e1d,8,HOMERIC_TRADITION,209ee9f27c82f31d31eb16124569039d7847ed327f3a0f2b5c4eae048347e621,1,1,2,2
a_total1,ud23,PLUTARCH,ef8134329970f595ef9ccf4198217affef5c01fa243d5bf4e59ee6daebb04e1d,8,THUCYDIDES,1a32cf6857284fff7c7f006f8d0cd4ab15a047af7a4bcd5613d1fd50789dd4ee,1,0,25,0
a_total1,ud23,PLUTARCH,ef8134329970f595ef9ccf4198217affef5c01fa243d5bf4e59ee6daebb04e1d,9,ATHENAEUS,4352f04fcfd7cbe580caddf69f309034ffb967d5d1bc8a8e809498de5bf8d329,1,1,18,8
a_total1,ud23,PLUTARCH,ef8134329970f595ef9ccf4198217affef5c01fa243d5bf4e59ee6daebb04e1d,9,DIODORUS,d91dad02f8da03cf6702fa7edec531da5e56f526f466e2f04180f2a23a1cf315,1,1,22,8
a_total1,ud23,PLUTARCH,ef8134329970f595ef9ccf4198217affef5c01fa243d5bf4e59ee6daebb04e1d,9,HERODOTUS,89f0804afded8e7a0f4e1b507030d5ef4ecaf17e422c8b2969bd6b23e62818e6,1,0,36,0
a_total1,ud23,PLUTARCH,ef8134329970f595ef9ccf4198217affef5c01fa243d5bf4e59ee6daebb04e1d,9,HESIODIC_TRADITION,c4c0c7eaeca0d61d2e53f4f0642bfa382e91dd28b470d2f4da2ba8539fe0e7f7,0,0,0,0
a_total1,ud23,PLUTARCH,ef8134329970f595ef9ccf4198217affef5c01fa243d5bf4e59ee6daebb04e1d,9,HOMERIC_TRADITION,209ee9f27c82f31d31eb16124569039d7847ed327f3a0f2b5c4eae048347e621,1,1,9,8
a_total1,ud23,PLUTARCH,ef8134329970f595ef9ccf4198217affef5c01fa243d5bf4e59ee6daebb04e1d,9,THUCYDIDES,1a32cf6857284fff7c7f006f8d0cd4ab15a047af7a4bcd5613d1fd50789dd4ee,1,1,13,8
oth,ud23_oth,THUCYDIDES,1a32cf6857284fff7c7f006f8d0cd4ab15a047af7a4bcd5613d1fd50789dd4ee,0,ATHENAEUS,4352f04fcfd7cbe580caddf69f309034ffb967d5d1bc8a8e809498de5bf8d329,1,1,14,8
oth,ud23_oth,THUCYDIDES,1a32cf6857284fff7c7f006f8d0cd4ab15a047af7a4bcd5613d1fd50789dd4ee,0,DIODORUS,d91dad02f8da03cf6702fa7edec531da5e56f526f466e2f04180f2a23a1cf315,1,1,7,7
oth,ud23_oth,THUCYDIDES,1a32cf6857284fff7c7f006f8d0cd4ab15a047af7a4bcd5613d1fd50789dd4ee,0,HERODOTUS,89f0804afded8e7a0f4e1b507030d5ef4ecaf17e422c8b2969bd6b23e62818e6,1,1,6,6
oth,ud23_oth,THUCYDIDES,1a32cf6857284fff7c7f006f8d0cd4ab15a047af7a4bcd5613d1fd50789dd4ee,0,HESIODIC_TRADITION,c4c0c7eaeca0d61d2e53f4f0642bfa382e91dd28b470d2f4da2ba8539fe0e7f7,1,1,7,7
oth,ud23_oth,THUCYDIDES,1a32cf6857284fff7c7f006f8d0cd4ab15a047af7a4bcd5613d1fd50789dd4ee,0,HOMERIC_TRADITION,209ee9f27c82f31d31eb16124569039d7847ed327f3a0f2b5c4eae048347e621,1,1,9,8
oth,ud23_oth,THUCYDIDES,1a32cf6857284fff7c7f006f8d0cd4ab15a047af7a4bcd5613d1fd50789dd4ee,0,PLUTARCH,ef8134329970f595ef9ccf4198217affef5c01fa243d5bf4e59ee6daebb04e1d,1,1,14,8
oth,ud23_oth,THUCYDIDES,1a32cf6857284fff7c7f006f8d0cd4ab15a047af7a4bcd5613d1fd50789dd4ee,1,ATHENAEUS,4352f04fcfd7cbe580caddf69f309034ffb967d5d1bc8a8e809498de5bf8d329,1,1,4,4
oth,ud23_oth,THUCYDIDES,1a32cf6857284fff7c7f006f8d0cd4ab15a047af7a4bcd5613d1fd50789dd4ee,1,DIODORUS,d91dad02f8da03cf6702fa7edec531da5e56f526f466e2f04180f2a23a1cf315,0,0,0,0
oth,ud23_oth,THUCYDIDES,1a32cf6857284fff7c7f006f8d0cd4ab15a047af7a4bcd5613d1fd50789dd4ee,1,HERODOTUS,89f0804afded8e7a0f4e1b507030d5ef4ecaf17e422c8b2969bd6b23e62818e6,1,1,7,7
oth,ud23_oth,THUCYDIDES,1a32cf6857284fff7c7f006f8d0cd4ab15a047af7a4bcd5613d1fd50789dd4ee,1,HESIODIC_TRADITION,c4c0c7eaeca0d61d2e53f4f0642bfa382e91dd28b470d2f4da2ba8539fe0e7f7,1,1,13,8
oth,ud23_oth,THUCYDIDES,1a32cf6857284fff7c7f006f8d0cd4ab15a047af7a4bcd5613d1fd50789dd4ee,1,HOMERIC_TRADITION,209ee9f27c82f31d31eb16124569039d7847ed327f3a0f2b5c4eae048347e621,1,1,15,8
oth,ud23_oth,THUCYDIDES,1a32cf6857284fff7c7f006f8d0cd4ab15a047af7a4bcd5613d1fd50789dd4ee,1,PLUTARCH,ef8134329970f595ef9ccf4198217affef5c01fa243d5bf4e59ee6daebb04e1d,1,1,10,8
oth,ud23_oth,THUCYDIDES,1a32cf6857284fff7c7f006f8d0cd4ab15a047af7a4bcd5613d1fd50789dd4ee,2,ATHENAEUS,4352f04fcfd7cbe580caddf69f309034ffb967d5d1bc8a8e809498de5bf8d329,1,0,16,0
oth,ud23_oth,THUCYDIDES,1a32cf6857284fff7c7f006f8d0cd4ab15a047af7a4bcd5613d1fd50789dd4ee,2,DIODORUS,d91dad02f8da03cf6702fa7edec531da5e56f526f466e2f04180f2a23a1cf315,1,1,14,8
oth,ud23_oth,THUCYDIDES,1a32cf6857284fff7c7f006f8d0cd4ab15a047af7a4bcd5613d1fd50789dd4ee,2,HERODOTUS,89f0804afded8e7a0f4e1b507030d5ef4ecaf17e422c8b2969bd6b23e62818e6,1,0,1,0
oth,ud23_oth,THUCYDIDES,1a32cf6857284fff7c7f006f8d0cd4ab15a047af7a4bcd5613d1fd50789dd4ee,2,HESIODIC_TRADITION,c4c0c7eaeca0d61d2e53f4f0642bfa382e91dd28b470d2f4da2ba8539fe0e7f7,1,1,2,2
oth,ud23_oth,THUCYDIDES,1a32cf6857284fff7c7f006f8d0cd4ab15a047af7a4bcd5613d1fd50789dd4ee,2,HOMERIC_TRADITION,209ee9f27c82f31d31eb16124569039d7847ed327f3a0f2b5c4eae048347e621,1,0,20,0
oth,ud23_oth,THUCYDIDES,1a32cf6857284fff7c7f006f8d0cd4ab15a047af7a4bcd5613d1fd50789dd4ee,2,PLUTARCH,ef8134329970f595ef9ccf4198217affef5c01fa243d5bf4e59ee6daebb04e1d,1,1,2,2
oth,ud23_oth,THUCYDIDES,1a32cf6857284fff7c7f006f8d0cd4ab15a047af7a4bcd5613d1fd50789dd4ee,3,ATHENAEUS,4352f04fcfd7cbe580caddf69f309034ffb967d5d1bc8a8e809498de5bf8d329,1,1,19,8
oth,ud23_oth,THUCYDIDES,1a32cf6857284fff7c7f006f8d0cd4ab15a047af7a4bcd5613d1fd50789dd4ee,3,DIODORUS,d91dad02f8da03cf6702fa7edec531da5e56f526f466e2f04180f2a23a1cf315,0,0,0,0
oth,ud23_oth,THUCYDIDES,1a32cf6857284fff7c7f006f8d0cd4ab15a047af7a4bcd5613d1fd50789dd4ee,3,HERODOTUS,89f0804afded8e7a0f4e1b507030d5ef4ecaf17e422c8b2969bd6b23e62818e6,1,0,14,0
oth,ud23_oth,THUCYDIDES,1a32cf6857284fff7c7f006f8d0cd4ab15a047af7a4bcd5613d1fd50789dd4ee,3,HESIODIC_TRADITION,c4c0c7eaeca0d61d2e53f4f0642bfa382e91dd28b470d2f4da2ba8539fe0e7f7,1,1,13,8
oth,ud23_oth,THUCYDIDES,1a32cf6857284fff7c7f006f8d0cd4ab15a047af7a4bcd5613d1fd50789dd4ee,3,HOMERIC_TRADITION,209ee9f27c82f31d31eb16124569039d7847ed327f3a0f2b5c4eae048347e621,1,1,10,8
oth,ud23_oth,THUCYDIDES,1a32cf6857284fff7c7f006f8d0cd4ab15a047af7a4bcd5613d1fd50789dd4ee,3,PLUTARCH,ef8134329970f595ef9ccf4198217affef5c01fa243d5bf4e59ee6daebb04e1d,1,1,14,8
oth,ud23_oth,THUCYDIDES,1a32cf6857284fff7c7f006f8d0cd4ab15a047af7a4bcd5613d1fd50789dd4ee,4,ATHENAEUS,4352f04fcfd7cbe580caddf69f309034ffb967d5d1bc8a8e809498de5bf8d329,1,1,11,8
oth,ud23_oth,THUCYDIDES,1a32cf6857284fff7c7f006f8d0cd4ab15a047af7a4bcd5613d1fd50789dd4ee,4,DIODORUS,d91dad02f8da03cf6702fa7edec531da5e56f526f466e2f04180f2a23a1cf315,1,1,10,8
oth,ud23_oth,THUCYDIDES,1a32cf6857284fff7c7f006f8d0cd4ab15a047af7a4bcd5613d1fd50789dd4ee,4,HERODOTUS,89f0804afded8e7a0f4e1b507030d5ef4ecaf17e422c8b2969bd6b23e62818e6,1,1,5,5
oth,ud23_oth,THUCYDIDES,1a32cf6857284fff7c7f006f8d0cd4ab15a047af7a4bcd5613d1fd50789dd4ee,4,HESIODIC_TRADITION,c4c0c7eaeca0d61d2e53f4f0642bfa382e91dd28b470d2f4da2ba8539fe0e7f7,1,1,4,4
oth,ud23_oth,THUCYDIDES,1a32cf6857284fff7c7f006f8d0cd4ab15a047af7a4bcd5613d1fd50789dd4ee,4,HOMERIC_TRADITION,209ee9f27c82f31d31eb16124569039d7847ed327f3a0f2b5c4eae048347e621,1,1,3,3
oth,ud23_oth,THUCYDIDES,1a32cf6857284fff7c7f006f8d0cd4ab15a047af7a4bcd5613d1fd50789dd4ee,4,PLUTARCH,ef8134329970f595ef9ccf4198217affef5c01fa243d5bf4e59ee6daebb04e1d,1,1,1,1
oth,ud23_oth,THUCYDIDES,1a32cf6857284fff7c7f006f8d0cd4ab15a047af7a4bcd5613d1fd50789dd4ee,5,ATHENAEUS,4352f04fcfd7cbe580caddf69f309034ffb967d5d1bc8a8e809498de5bf8d329,0,0,0,0
oth,ud23_oth,THUCYDIDES,1a32cf6857284fff7c7f006f8d0cd4ab15a047af7a4bcd5613d1fd50789dd4ee,5,DIODORUS,d91dad02f8da03cf6702fa7edec531da5e56f526f466e2f04180f2a23a1cf315,1,1,1,1
oth,ud23_oth,THUCYDIDES,1a32cf6857284fff7c7f006f8d0cd4ab15a047af7a4bcd5613d1fd50789dd4ee,5,HERODOTUS,89f0804afded8e7a0f4e1b507030d5ef4ecaf17e422c8b2969bd6b23e62818e6,1,1,10,8
oth,ud23_oth,THUCYDIDES,1a32cf6857284fff7c7f006f8d0cd4ab15a047af7a4bcd5613d1fd50789dd4ee,5,HESIODIC_TRADITION,c4c0c7eaeca0d61d2e53f4f0642bfa382e91dd28b470d2f4da2ba8539fe0e7f7,1,1,15,8
oth,ud23_oth,THUCYDIDES,1a32cf6857284fff7c7f006f8d0cd4ab15a047af7a4bcd5613d1fd50789dd4ee,5,HOMERIC_TRADITION,209ee9f27c82f31d31eb16124569039d7847ed327f3a0f2b5c4eae048347e621,1,1,5,5
oth,ud23_oth,THUCYDIDES,1a32cf6857284fff7c7f006f8d0cd4ab15a047af7a4bcd5613d1fd50789dd4ee,5,PLUTARCH,ef8134329970f595ef9ccf4198217affef5c01fa243d5bf4e59ee6daebb04e1d,1,1,23,8
oth,ud23_oth,THUCYDIDES,1a32cf6857284fff7c7f006f8d0cd4ab15a047af7a4bcd5613d1fd50789dd4ee,6,ATHENAEUS,4352f04fcfd7cbe580caddf69f309034ffb967d5d1bc8a8e809498de5bf8d329,1,1,6,6
oth,ud23_oth,THUCYDIDES,1a32cf6857284fff7c7f006f8d0cd4ab15a047af7a4bcd5613d1fd50789dd4ee,6,DIODORUS,d91dad02f8da03cf6702fa7edec531da5e56f526f466e2f04180f2a23a1cf315,0,0,0,0
oth,ud23_oth,THUCYDIDES,1a32cf6857284fff7c7f006f8d0cd4ab15a047af7a4bcd5613d1fd50789dd4ee,6,HERODOTUS,89f0804afded8e7a0f4e1b507030d5ef4ecaf17e422c8b2969bd6b23e62818e6,0,0,0,0
oth,ud23_oth,THUCYDIDES,1a32cf6857284fff7c7f006f8d0cd4ab15a047af7a4bcd5613d1fd50789dd4ee,6,HESIODIC_TRADITION,c4c0c7eaeca0d61d2e53f4f0642bfa382e91dd28b470d2f4da2ba8539fe0e7f7,1,0,4,0
oth,ud23_oth,THUCYDIDES,1a32cf6857284fff7c7f006f8d0cd4ab15a047af7a4bcd5613d1fd50789dd4ee,6,HOMERIC_TRADITION,209ee9f27c82f31d31eb16124569039d7847ed327f3a0f2b5c4eae048347e621,1,1,17,8
oth,ud23_oth,THUCYDIDES,1a32cf6857284fff7c7f006f8d0cd4ab15a047af7a4bcd5613d1fd50789dd4ee,6,PLUTARCH,ef8134329970f595ef9ccf4198217affef5c01fa243d5bf4e59ee6daebb04e1d,1,1,6,6
oth,ud23_oth,THUCYDIDES,1a32cf6857284fff7c7f006f8d0cd4ab15a047af7a4bcd5613d1fd50789dd4ee,7,ATHENAEUS,4352f04fcfd7cbe580caddf69f309034ffb967d5d1bc8a8e809498de5bf8d329,1,1,3,3
oth,ud23_oth,THUCYDIDES,1a32cf6857284fff7c7f006f8d0cd4ab15a047af7a4bcd5613d1fd50789dd4ee,7,DIODORUS,d91dad02f8da03cf6702fa7edec531da5e56f526f466e2f04180f2a23a1cf315,1,1,7,7
oth,ud23_oth,THUCYDIDES,1a32cf6857284fff7c7f006f8d0cd4ab15a047af7a4bcd5613d1fd50789dd4ee,7,HERODOTUS,89f0804afded8e7a0f4e1b507030d5ef4ecaf17e422c8b2969bd6b23e62818e6,1,1,9,8
oth,ud23_oth,THUCYDIDES,1a32cf6857284fff7c7f006f8d0cd4ab15a047af7a4bcd5613d1fd50789dd4ee,7,HESIODIC_TRADITION,c4c0c7eaeca0d61d2e53f4f0642bfa382e91dd28b470d2f4da2ba8539fe0e7f7,1,1,5,5
oth,ud23_oth,THUCYDIDES,1a32cf6857284fff7c7f006f8d0cd4ab15a047af7a4bcd5613d1fd50789dd4ee,7,HOMERIC_TRADITION,209ee9f27c82f31d31eb16124569039d7847ed327f3a0f2b5c4eae048347e621,1,1,6,6
oth,ud23_oth,THUCYDIDES,1a32cf6857284fff7c7f006f8d0cd4ab15a047af7a4bcd5613d1fd50789dd4ee,7,PLUTARCH,ef8134329970f595ef9ccf4198217affef5c01fa243d5bf4e59ee6daebb04e1d,1,1,18,8
oth,ud23_oth,THUCYDIDES,1a32cf6857284fff7c7f006f8d0cd4ab15a047af7a4bcd5613d1fd50789dd4ee,8,ATHENAEUS,4352f04fcfd7cbe580caddf69f309034ffb967d5d1bc8a8e809498de5bf8d329,1,1,9,8
oth,ud23_oth,THUCYDIDES,1a32cf6857284fff7c7f006f8d0cd4ab15a047af7a4bcd5613d1fd50789dd4ee,8,DIODORUS,d91dad02f8da03cf6702fa7edec531da5e56f526f466e2f04180f2a23a1cf315,1,1,4,4
oth,ud23_oth,THUCYDIDES,1a32cf6857284fff7c7f006f8d0cd4ab15a047af7a4bcd5613d1fd50789dd4ee,8,HERODOTUS,89f0804afded8e7a0f4e1b507030d5ef4ecaf17e422c8b2969bd6b23e62818e6,1,1,2,2
oth,ud23_oth,THUCYDIDES,1a32cf6857284fff7c7f006f8d0cd4ab15a047af7a4bcd5613d1fd50789dd4ee,8,HESIODIC_TRADITION,c4c0c7eaeca0d61d2e53f4f0642bfa382e91dd28b470d2f4da2ba8539fe0e7f7,1,1,4,4
oth,ud23_oth,THUCYDIDES,1a32cf6857284fff7c7f006f8d0cd4ab15a047af7a4bcd5613d1fd50789dd4ee,8,HOMERIC_TRADITION,209ee9f27c82f31d31eb16124569039d7847ed327f3a0f2b5c4eae048347e621,1,0,1,0
oth,ud23_oth,THUCYDIDES,1a32cf6857284fff7c7f006f8d0cd4ab15a047af7a4bcd5613d1fd50789dd4ee,8,PLUTARCH,ef8134329970f595ef9ccf4198217affef5c01fa243d5bf4e59ee6daebb04e1d,1,1,35,8
oth,ud23_oth,THUCYDIDES,1a32cf6857284fff7c7f006f8d0cd4ab15a047af7a4bcd5613d1fd50789dd4ee,9,ATHENAEUS,4352f04fcfd7cbe580caddf69f309034ffb967d5d1bc8a8e809498de5bf8d329,1,1,9,8
oth,ud23_oth,THUCYDIDES,1a32cf6857284fff7c7f006f8d0cd4ab15a047af7a4bcd5613d1fd50789dd4ee,9,DIODORUS,d91dad02f8da03cf6702fa7edec531da5e56f526f466e2f04180f2a23a1cf315,1,1,16,8
oth,ud23_oth,THUCYDIDES,1a32cf6857284fff7c7f006f8d0cd4ab15a047af7a4bcd5613d1fd50789dd4ee,9,HERODOTUS,89f0804afded8e7a0f4e1b507030d5ef4ecaf17e422c8b2969bd6b23e62818e6,0,0,0,0
oth,ud23_oth,THUCYDIDES,1a32cf6857284fff7c7f006f8d0cd4ab15a047af7a4bcd5613d1fd50789dd4ee,9,HESIODIC_TRADITION,c4c0c7eaeca0d61d2e53f4f0642bfa382e91dd28b470d2f4da2ba8539fe0e7f7,1,0,12,0
oth,ud23_oth,THUCYDIDES,1a32cf6857284fff7c7f006f8d0cd4ab15a047af7a4bcd5613d1fd50789dd4ee,9,HOMERIC_TRADITION,209ee9f27c82f31d31eb16124569039d7847ed327f3a0f2b5c4eae048347e621,1,1,6,6
oth,ud23_oth,THUCYDIDES,1a32cf6857284fff7c7f006f8d0cd4ab15a047af7a4bcd5613d1fd50789dd4ee,9,PLUTARCH,ef8134329970f595ef9ccf4198217affef5c01fa243d5bf4e59ee6daebb04e1d,1,1,44,8
oth,ud23_oth,HOMERIC_TRADITION,209ee9f27c82f31d31eb16124569039d7847ed327f3a0f2b5c4eae048347e621,0,ATHENAEUS,4352f04fcfd7cbe580caddf69f309034ffb967d5d1bc8a8e809498de5bf8d329,1,0,3,0
oth,ud23_oth,HOMERIC_TRADITION,209ee9f27c82f31d31eb16124569039d7847ed327f3a0f2b5c4eae048347e621,0,DIODORUS,d91dad02f8da03cf6702fa7edec531da5e56f526f466e2f04180f2a23a1cf315,1,1,12,8
oth,ud23_oth,HOMERIC_TRADITION,209ee9f27c82f31d31eb16124569039d7847ed327f3a0f2b5c4eae048347e621,0,HERODOTUS,89f0804afded8e7a0f4e1b507030d5ef4ecaf17e422c8b2969bd6b23e62818e6,1,0,50,0
oth,ud23_oth,HOMERIC_TRADITION,209ee9f27c82f31d31eb16124569039d7847ed327f3a0f2b5c4eae048347e621,0,HESIODIC_TRADITION,c4c0c7eaeca0d61d2e53f4f0642bfa382e91dd28b470d2f4da2ba8539fe0e7f7,1,0,7,0
oth,ud23_oth,HOMERIC_TRADITION,209ee9f27c82f31d31eb16124569039d7847ed327f3a0f2b5c4eae048347e621,0,PLUTARCH,ef8134329970f595ef9ccf4198217affef5c01fa243d5bf4e59ee6daebb04e1d,1,1,28,8
oth,ud23_oth,HOMERIC_TRADITION,209ee9f27c82f31d31eb16124569039d7847ed327f3a0f2b5c4eae048347e621,0,THUCYDIDES,1a32cf6857284fff7c7f006f8d0cd4ab15a047af7a4bcd5613d1fd50789dd4ee,1,1,4,4
oth,ud23_oth,HOMERIC_TRADITION,209ee9f27c82f31d31eb16124569039d7847ed327f3a0f2b5c4eae048347e621,1,ATHENAEUS,4352f04fcfd7cbe580caddf69f309034ffb967d5d1bc8a8e809498de5bf8d329,1,0,1,0
oth,ud23_oth,HOMERIC_TRADITION,209ee9f27c82f31d31eb16124569039d7847ed327f3a0f2b5c4eae048347e621,1,DIODORUS,d91dad02f8da03cf6702fa7edec531da5e56f526f466e2f04180f2a23a1cf315,1,1,4,4
oth,ud23_oth,HOMERIC_TRADITION,209ee9f27c82f31d31eb16124569039d7847ed327f3a0f2b5c4eae048347e621,1,HERODOTUS,89f0804afded8e7a0f4e1b507030d5ef4ecaf17e422c8b2969bd6b23e62818e6,1,1,6,6
oth,ud23_oth,HOMERIC_TRADITION,209ee9f27c82f31d31eb16124569039d7847ed327f3a0f2b5c4eae048347e621,1,HESIODIC_TRADITION,c4c0c7eaeca0d61d2e53f4f0642bfa382e91dd28b470d2f4da2ba8539fe0e7f7,1,1,9,8
oth,ud23_oth,HOMERIC_TRADITION,209ee9f27c82f31d31eb16124569039d7847ed327f3a0f2b5c4eae048347e621,1,PLUTARCH,ef8134329970f595ef9ccf4198217affef5c01fa243d5bf4e59ee6daebb04e1d,1,1,7,7
oth,ud23_oth,HOMERIC_TRADITION,209ee9f27c82f31d31eb16124569039d7847ed327f3a0f2b5c4eae048347e621,1,THUCYDIDES,1a32cf6857284fff7c7f006f8d0cd4ab15a047af7a4bcd5613d1fd50789dd4ee,1,1,13,8
oth,ud23_oth,HOMERIC_TRADITION,209ee9f27c82f31d31eb16124569039d7847ed327f3a0f2b5c4eae048347e621,2,ATHENAEUS,4352f04fcfd7cbe580caddf69f309034ffb967d5d1bc8a8e809498de5bf8d329,1,1,1,1
oth,ud23_oth,HOMERIC_TRADITION,209ee9f27c82f31d31eb16124569039d7847ed327f3a0f2b5c4eae048347e621,2,DIODORUS,d91dad02f8da03cf6702fa7edec531da5e56f526f466e2f04180f2a23a1cf315,1,1,21,8
oth,ud23_oth,HOMERIC_TRADITION,209ee9f27c82f31d31eb16124569039d7847ed327f3a0f2b5c4eae048347e621,2,HERODOTUS,89f0804afded8e7a0f4e1b507030d5ef4ecaf17e422c8b2969bd6b23e62818e6,1,1,5,5
oth,ud23_oth,HOMERIC_TRADITION,209ee9f27c82f31d31eb16124569039d7847ed327f3a0f2b5c4eae048347e621,2,HESIODIC_TRADITION,c4c0c7eaeca0d61d2e53f4f0642bfa382e91dd28b470d2f4da2ba8539fe0e7f7,1,1,17,8
oth,ud23_oth,HOMERIC_TRADITION,209ee9f27c82f31d31eb16124569039d7847ed327f3a0f2b5c4eae048347e621,2,PLUTARCH,ef8134329970f595ef9ccf4198217affef5c01fa243d5bf4e59ee6daebb04e1d,1,1,40,8
oth,ud23_oth,HOMERIC_TRADITION,209ee9f27c82f31d31eb16124569039d7847ed327f3a0f2b5c4eae048347e621,2,THUCYDIDES,1a32cf6857284fff7c7f006f8d0cd4ab15a047af7a4bcd5613d1fd50789dd4ee,1,1,1,1
oth,ud23_oth,HOMERIC_TRADITION,209ee9f27c82f31d31eb16124569039d7847ed327f3a0f2b5c4eae048347e621,3,ATHENAEUS,4352f04fcfd7cbe580caddf69f309034ffb967d5d1bc8a8e809498de5bf8d329,1,1,18,8
oth,ud23_oth,HOMERIC_TRADITION,209ee9f27c82f31d31eb16124569039d7847ed327f3a0f2b5c4eae048347e621,3,DIODORUS,d91dad02f8da03cf6702fa7edec531da5e56f526f466e2f04180f2a23a1cf315,1,1,3,3
oth,ud23_oth,HOMERIC_TRADITION,209ee9f27c82f31d31eb16124569039d7847ed327f3a0f2b5c4eae048347e621,3,HERODOTUS,89f0804afded8e7a0f4e1b507030d5ef4ecaf17e422c8b2969bd6b23e62818e6,1,1,18,8
oth,ud23_oth,HOMERIC_TRADITION,209ee9f27c82f31d31eb16124569039d7847ed327f3a0f2b5c4eae048347e621,3,HESIODIC_TRADITION,c4c0c7eaeca0d61d2e53f4f0642bfa382e91dd28b470d2f4da2ba8539fe0e7f7,1,1,13,8
oth,ud23_oth,HOMERIC_TRADITION,209ee9f27c82f31d31eb16124569039d7847ed327f3a0f2b5c4eae048347e621,3,PLUTARCH,ef8134329970f595ef9ccf4198217affef5c01fa243d5bf4e59ee6daebb04e1d,1,1,6,6
oth,ud23_oth,HOMERIC_TRADITION,209ee9f27c82f31d31eb16124569039d7847ed327f3a0f2b5c4eae048347e621,3,THUCYDIDES,1a32cf6857284fff7c7f006f8d0cd4ab15a047af7a4bcd5613d1fd50789dd4ee,1,1,8,8
oth,ud23_oth,HOMERIC_TRADITION,209ee9f27c82f31d31eb16124569039d7847ed327f3a0f2b5c4eae048347e621,4,ATHENAEUS,4352f04fcfd7cbe580caddf69f309034ffb967d5d1bc8a8e809498de5bf8d329,1,1,7,7
oth,ud23_oth,HOMERIC_TRADITION,209ee9f27c82f31d31eb16124569039d7847ed327f3a0f2b5c4eae048347e621,4,DIODORUS,d91dad02f8da03cf6702fa7edec531da5e56f526f466e2f04180f2a23a1cf315,1,1,30,8
oth,ud23_oth,HOMERIC_TRADITION,209ee9f27c82f31d31eb16124569039d7847ed327f3a0f2b5c4eae048347e621,4,HERODOTUS,89f0804afded8e7a0f4e1b507030d5ef4ecaf17e422c8b2969bd6b23e62818e6,0,0,0,0
oth,ud23_oth,HOMERIC_TRADITION,209ee9f27c82f31d31eb16124569039d7847ed327f3a0f2b5c4eae048347e621,4,HESIODIC_TRADITION,c4c0c7eaeca0d61d2e53f4f0642bfa382e91dd28b470d2f4da2ba8539fe0e7f7,0,0,0,0
oth,ud23_oth,HOMERIC_TRADITION,209ee9f27c82f31d31eb16124569039d7847ed327f3a0f2b5c4eae048347e621,4,PLUTARCH,ef8134329970f595ef9ccf4198217affef5c01fa243d5bf4e59ee6daebb04e1d,1,0,18,0
oth,ud23_oth,HOMERIC_TRADITION,209ee9f27c82f31d31eb16124569039d7847ed327f3a0f2b5c4eae048347e621,4,THUCYDIDES,1a32cf6857284fff7c7f006f8d0cd4ab15a047af7a4bcd5613d1fd50789dd4ee,1,1,2,2
oth,ud23_oth,HOMERIC_TRADITION,209ee9f27c82f31d31eb16124569039d7847ed327f3a0f2b5c4eae048347e621,5,ATHENAEUS,4352f04fcfd7cbe580caddf69f309034ffb967d5d1bc8a8e809498de5bf8d329,1,1,9,8
oth,ud23_oth,HOMERIC_TRADITION,209ee9f27c82f31d31eb16124569039d7847ed327f3a0f2b5c4eae048347e621,5,DIODORUS,d91dad02f8da03cf6702fa7edec531da5e56f526f466e2f04180f2a23a1cf315,1,1,6,6
oth,ud23_oth,HOMERIC_TRADITION,209ee9f27c82f31d31eb16124569039d7847ed327f3a0f2b5c4eae048347e621,5,HERODOTUS,89f0804afded8e7a0f4e1b507030d5ef4ecaf17e422c8b2969bd6b23e62818e6,0,0,0,0
oth,ud23_oth,HOMERIC_TRADITION,209ee9f27c82f31d31eb16124569039d7847ed327f3a0f2b5c4eae048347e621,5,HESIODIC_TRADITION,c4c0c7eaeca0d61d2e53f4f0642bfa382e91dd28b470d2f4da2ba8539fe0e7f7,1,1,15,8
oth,ud23_oth,HOMERIC_TRADITION,209ee9f27c82f31d31eb16124569039d7847ed327f3a0f2b5c4eae048347e621,5,PLUTARCH,ef8134329970f595ef9ccf4198217affef5c01fa243d5bf4e59ee6daebb04e1d,1,1,2,2
oth,ud23_oth,HOMERIC_TRADITION,209ee9f27c82f31d31eb16124569039d7847ed327f3a0f2b5c4eae048347e621,5,THUCYDIDES,1a32cf6857284fff7c7f006f8d0cd4ab15a047af7a4bcd5613d1fd50789dd4ee,1,1,5,5
oth,ud23_oth,HOMERIC_TRADITION,209ee9f27c82f31d31eb16124569039d7847ed327f3a0f2b5c4eae048347e621,6,ATHENAEUS,4352f04fcfd7cbe580caddf69f309034ffb967d5d1bc8a8e809498de5bf8d329,1,1,13,8
oth,ud23_oth,HOMERIC_TRADITION,209ee9f27c82f31d31eb16124569039d7847ed327f3a0f2b5c4eae048347e621,6,DIODORUS,d91dad02f8da03cf6702fa7edec531da5e56f526f466e2f04180f2a23a1cf315,1,1,14,8
oth,ud23_oth,HOMERIC_TRADITION,209ee9f27c82f31d31eb16124569039d7847ed327f3a0f2b5c4eae048347e621,6,HERODOTUS,89f0804afded8e7a0f4e1b507030d5ef4ecaf17e422c8b2969bd6b23e62818e6,1,0,25,0
oth,ud23_oth,HOMERIC_TRADITION,209ee9f27c82f31d31eb16124569039d7847ed327f3a0f2b5c4eae048347e621,6,HESIODIC_TRADITION,c4c0c7eaeca0d61d2e53f4f0642bfa382e91dd28b470d2f4da2ba8539fe0e7f7,0,0,0,0
oth,ud23_oth,HOMERIC_TRADITION,209ee9f27c82f31d31eb16124569039d7847ed327f3a0f2b5c4eae048347e621,6,PLUTARCH,ef8134329970f595ef9ccf4198217affef5c01fa243d5bf4e59ee6daebb04e1d,1,1,7,7
oth,ud23_oth,HOMERIC_TRADITION,209ee9f27c82f31d31eb16124569039d7847ed327f3a0f2b5c4eae048347e621,6,THUCYDIDES,1a32cf6857284fff7c7f006f8d0cd4ab15a047af7a4bcd5613d1fd50789dd4ee,1,1,7,7
oth,ud23_oth,HOMERIC_TRADITION,209ee9f27c82f31d31eb16124569039d7847ed327f3a0f2b5c4eae048347e621,7,ATHENAEUS,4352f04fcfd7cbe580caddf69f309034ffb967d5d1bc8a8e809498de5bf8d329,1,1,1,1
oth,ud23_oth,HOMERIC_TRADITION,209ee9f27c82f31d31eb16124569039d7847ed327f3a0f2b5c4eae048347e621,7,DIODORUS,d91dad02f8da03cf6702fa7edec531da5e56f526f466e2f04180f2a23a1cf315,0,0,0,0
oth,ud23_oth,HOMERIC_TRADITION,209ee9f27c82f31d31eb16124569039d7847ed327f3a0f2b5c4eae048347e621,7,HERODOTUS,89f0804afded8e7a0f4e1b507030d5ef4ecaf17e422c8b2969bd6b23e62818e6,1,1,10,8
oth,ud23_oth,HOMERIC_TRADITION,209ee9f27c82f31d31eb16124569039d7847ed327f3a0f2b5c4eae048347e621,7,HESIODIC_TRADITION,c4c0c7eaeca0d61d2e53f4f0642bfa382e91dd28b470d2f4da2ba8539fe0e7f7,1,0,7,0
oth,ud23_oth,HOMERIC_TRADITION,209ee9f27c82f31d31eb16124569039d7847ed327f3a0f2b5c4eae048347e621,7,PLUTARCH,ef8134329970f595ef9ccf4198217affef5c01fa243d5bf4e59ee6daebb04e1d,1,1,18,8
oth,ud23_oth,HOMERIC_TRADITION,209ee9f27c82f31d31eb16124569039d7847ed327f3a0f2b5c4eae048347e621,7,THUCYDIDES,1a32cf6857284fff7c7f006f8d0cd4ab15a047af7a4bcd5613d1fd50789dd4ee,1,1,21,8
oth,ud23_oth,HOMERIC_TRADITION,209ee9f27c82f31d31eb16124569039d7847ed327f3a0f2b5c4eae048347e621,8,ATHENAEUS,4352f04fcfd7cbe580caddf69f309034ffb967d5d1bc8a8e809498de5bf8d329,1,1,1,1
oth,ud23_oth,HOMERIC_TRADITION,209ee9f27c82f31d31eb16124569039d7847ed327f3a0f2b5c4eae048347e621,8,DIODORUS,d91dad02f8da03cf6702fa7edec531da5e56f526f466e2f04180f2a23a1cf315,1,0,30,0
oth,ud23_oth,HOMERIC_TRADITION,209ee9f27c82f31d31eb16124569039d7847ed327f3a0f2b5c4eae048347e621,8,HERODOTUS,89f0804afded8e7a0f4e1b507030d5ef4ecaf17e422c8b2969bd6b23e62818e6,1,1,1,1
oth,ud23_oth,HOMERIC_TRADITION,209ee9f27c82f31d31eb16124569039d7847ed327f3a0f2b5c4eae048347e621,8,HESIODIC_TRADITION,c4c0c7eaeca0d61d2e53f4f0642bfa382e91dd28b470d2f4da2ba8539fe0e7f7,1,1,2,2
oth,ud23_oth,HOMERIC_TRADITION,209ee9f27c82f31d31eb16124569039d7847ed327f3a0f2b5c4eae048347e621,8,PLUTARCH,ef8134329970f595ef9ccf4198217affef5c01fa243d5bf4e59ee6daebb04e1d,1,0,28,0
oth,ud23_oth,HOMERIC_TRADITION,209ee9f27c82f31d31eb16124569039d7847ed327f3a0f2b5c4eae048347e621,8,THUCYDIDES,1a32cf6857284fff7c7f006f8d0cd4ab15a047af7a4bcd5613d1fd50789dd4ee,1,1,7,7
oth,ud23_oth,HOMERIC_TRADITION,209ee9f27c82f31d31eb16124569039d7847ed327f3a0f2b5c4eae048347e621,9,ATHENAEUS,4352f04fcfd7cbe580caddf69f309034ffb967d5d1bc8a8e809498de5bf8d329,1,1,5,5
oth,ud23_oth,HOMERIC_TRADITION,209ee9f27c82f31d31eb16124569039d7847ed327f3a0f2b5c4eae048347e621,9,DIODORUS,d91dad02f8da03cf6702fa7edec531da5e56f526f466e2f04180f2a23a1cf315,1,0,5,0
oth,ud23_oth,HOMERIC_TRADITION,209ee9f27c82f31d31eb16124569039d7847ed327f3a0f2b5c4eae048347e621,9,HERODOTUS,89f0804afded8e7a0f4e1b507030d5ef4ecaf17e422c8b2969bd6b23e62818e6,1,1,5,5
oth,ud23_oth,HOMERIC_TRADITION,209ee9f27c82f31d31eb16124569039d7847ed327f3a0f2b5c4eae048347e621,9,HESIODIC_TRADITION,c4c0c7eaeca0d61d2e53f4f0642bfa382e91dd28b470d2f4da2ba8539fe0e7f7,1,1,12,8
oth,ud23_oth,HOMERIC_TRADITION,209ee9f27c82f31d31eb16124569039d7847ed327f3a0f2b5c4eae048347e621,9,PLUTARCH,ef8134329970f595ef9ccf4198217affef5c01fa243d5bf4e59ee6daebb04e1d,1,0,16,0
oth,ud23_oth,HOMERIC_TRADITION,209ee9f27c82f31d31eb16124569039d7847ed327f3a0f2b5c4eae048347e621,9,THUCYDIDES,1a32cf6857284fff7c7f006f8d0cd4ab15a047af7a4bcd5613d1fd50789dd4ee,1,0,9,0
oth,ud23_oth,ATHENAEUS,4352f04fcfd7cbe580caddf69f309034ffb967d5d1bc8a8e809498de5bf8d329,0,DIODORUS,d91dad02f8da03cf6702fa7edec531da5e56f526f466e2f04180f2a23a1cf315,1,1,8,8
oth,ud23_oth,ATHENAEUS,4352f04fcfd7cbe580caddf69f309034ffb967d5d1bc8a8e809498de5bf8d329,0,HERODOTUS,89f0804afded8e7a0f4e1b507030d5ef4ecaf17e422c8b2969bd6b23e62818e6,1,1,6,6
oth,ud23_oth,ATHENAEUS,4352f04fcfd7cbe580caddf69f309034ffb967d5d1bc8a8e809498de5bf8d329,0,HESIODIC_TRADITION,c4c0c7eaeca0d61d2e53f4f0642bfa382e91dd28b470d2f4da2ba8539fe0e7f7,1,1,8,8
oth,ud23_oth,ATHENAEUS,4352f04fcfd7cbe580caddf69f309034ffb967d5d1bc8a8e809498de5bf8d329,0,HOMERIC_TRADITION,209ee9f27c82f31d31eb16124569039d7847ed327f3a0f2b5c4eae048347e621,1,1,9,8
oth,ud23_oth,ATHENAEUS,4352f04fcfd7cbe580caddf69f309034ffb967d5d1bc8a8e809498de5bf8d329,0,PLUTARCH,ef8134329970f595ef9ccf4198217affef5c01fa243d5bf4e59ee6daebb04e1d,1,1,13,8
oth,ud23_oth,ATHENAEUS,4352f04fcfd7cbe580caddf69f309034ffb967d5d1bc8a8e809498de5bf8d329,0,THUCYDIDES,1a32cf6857284fff7c7f006f8d0cd4ab15a047af7a4bcd5613d1fd50789dd4ee,1,1,10,8
oth,ud23_oth,ATHENAEUS,4352f04fcfd7cbe580caddf69f309034ffb967d5d1bc8a8e809498de5bf8d329,1,DIODORUS,d91dad02f8da03cf6702fa7edec531da5e56f526f466e2f04180f2a23a1cf315,1,1,12,8
oth,ud23_oth,ATHENAEUS,4352f04fcfd7cbe580caddf69f309034ffb967d5d1bc8a8e809498de5bf8d329,1,HERODOTUS,89f0804afded8e7a0f4e1b507030d5ef4ecaf17e422c8b2969bd6b23e62818e6,1,1,12,8
oth,ud23_oth,ATHENAEUS,4352f04fcfd7cbe580caddf69f309034ffb967d5d1bc8a8e809498de5bf8d329,1,HESIODIC_TRADITION,c4c0c7eaeca0d61d2e53f4f0642bfa382e91dd28b470d2f4da2ba8539fe0e7f7,0,0,0,0
oth,ud23_oth,ATHENAEUS,4352f04fcfd7cbe580caddf69f309034ffb967d5d1bc8a8e809498de5bf8d329,1,HOMERIC_TRADITION,209ee9f27c82f31d31eb16124569039d7847ed327f3a0f2b5c4eae048347e621,1,1,14,8
oth,ud23_oth,ATHENAEUS,4352f04fcfd7cbe580caddf69f309034ffb967d5d1bc8a8e809498de5bf8d329,1,PLUTARCH,ef8134329970f595ef9ccf4198217affef5c01fa243d5bf4e59ee6daebb04e1d,1,0,32,0
oth,ud23_oth,ATHENAEUS,4352f04fcfd7cbe580caddf69f309034ffb967d5d1bc8a8e809498de5bf8d329,1,THUCYDIDES,1a32cf6857284fff7c7f006f8d0cd4ab15a047af7a4bcd5613d1fd50789dd4ee,1,1,6,6
oth,ud23_oth,ATHENAEUS,4352f04fcfd7cbe580caddf69f309034ffb967d5d1bc8a8e809498de5bf8d329,2,DIODORUS,d91dad02f8da03cf6702fa7edec531da5e56f526f466e2f04180f2a23a1cf315,1,1,2,2
oth,ud23_oth,ATHENAEUS,4352f04fcfd7cbe580caddf69f309034ffb967d5d1bc8a8e809498de5bf8d329,2,HERODOTUS,89f0804afded8e7a0f4e1b507030d5ef4ecaf17e422c8b2969bd6b23e62818e6,1,1,2,2
oth,ud23_oth,ATHENAEUS,4352f04fcfd7cbe580caddf69f309034ffb967d5d1bc8a8e809498de5bf8d329,2,HESIODIC_TRADITION,c4c0c7eaeca0d61d2e53f4f0642bfa382e91dd28b470d2f4da2ba8539fe0e7f7,1,1,10,8
oth,ud23_oth,ATHENAEUS,4352f04fcfd7cbe580caddf69f309034ffb967d5d1bc8a8e809498de5bf8d329,2,HOMERIC_TRADITION,209ee9f27c82f31d31eb16124569039d7847ed327f3a0f2b5c4eae048347e621,1,1,21,8
oth,ud23_oth,ATHENAEUS,4352f04fcfd7cbe580caddf69f309034ffb967d5d1bc8a8e809498de5bf8d329,2,PLUTARCH,ef8134329970f595ef9ccf4198217affef5c01fa243d5bf4e59ee6daebb04e1d,1,1,7,7
oth,ud23_oth,ATHENAEUS,4352f04fcfd7cbe580caddf69f309034ffb967d5d1bc8a8e809498de5bf8d329,2,THUCYDIDES,1a32cf6857284fff7c7f006f8d0cd4ab15a047af7a4bcd5613d1fd50789dd4ee,1,1,5,5
oth,ud23_oth,ATHENAEUS,4352f04fcfd7cbe580caddf69f309034ffb967d5d1bc8a8e809498de5bf8d329,3,DIODORUS,d91dad02f8da03cf6702fa7edec531da5e56f526f466e2f04180f2a23a1cf315,1,1,21,8
oth,ud23_oth,ATHENAEUS,4352f04fcfd7cbe580caddf69f309034ffb967d5d1bc8a8e809498de5bf8d329,3,HERODOTUS,89f0804afded8e7a0f4e1b507030d5ef4ecaf17e422c8b2969bd6b23e62818e6,1,1,6,6
oth,ud23_oth,ATHENAEUS,4352f04fcfd7cbe580caddf69f309034ffb967d5d1bc8a8e809498de5bf8d329,3,HESIODIC_TRADITION,c4c0c7eaeca0d61d2e53f4f0642bfa382e91dd28b470d2f4da2ba8539fe0e7f7,0,0,0,0
oth,ud23_oth,ATHENAEUS,4352f04fcfd7cbe580caddf69f309034ffb967d5d1bc8a8e809498de5bf8d329,3,HOMERIC_TRADITION,209ee9f27c82f31d31eb16124569039d7847ed327f3a0f2b5c4eae048347e621,1,0,1,0
oth,ud23_oth,ATHENAEUS,4352f04fcfd7cbe580caddf69f309034ffb967d5d1bc8a8e809498de5bf8d329,3,PLUTARCH,ef8134329970f595ef9ccf4198217affef5c01fa243d5bf4e59ee6daebb04e1d,1,1,11,8
oth,ud23_oth,ATHENAEUS,4352f04fcfd7cbe580caddf69f309034ffb967d5d1bc8a8e809498de5bf8d329,3,THUCYDIDES,1a32cf6857284fff7c7f006f8d0cd4ab15a047af7a4bcd5613d1fd50789dd4ee,1,1,2,2
oth,ud23_oth,ATHENAEUS,4352f04fcfd7cbe580caddf69f309034ffb967d5d1bc8a8e809498de5bf8d329,4,DIODORUS,d91dad02f8da03cf6702fa7edec531da5e56f526f466e2f04180f2a23a1cf315,1,1,14,8
oth,ud23_oth,ATHENAEUS,4352f04fcfd7cbe580caddf69f309034ffb967d5d1bc8a8e809498de5bf8d329,4,HERODOTUS,89f0804afded8e7a0f4e1b507030d5ef4ecaf17e422c8b2969bd6b23e62818e6,1,1,6,6
oth,ud23_oth,ATHENAEUS,4352f04fcfd7cbe580caddf69f309034ffb967d5d1bc8a8e809498de5bf8d329,4,HESIODIC_TRADITION,c4c0c7eaeca0d61d2e53f4f0642bfa382e91dd28b470d2f4da2ba8539fe0e7f7,1,0,18,0
oth,ud23_oth,ATHENAEUS,4352f04fcfd7cbe580caddf69f309034ffb967d5d1bc8a8e809498de5bf8d329,4,HOMERIC_TRADITION,209ee9f27c82f31d31eb16124569039d7847ed327f3a0f2b5c4eae048347e621,1,0,25,0
oth,ud23_oth,ATHENAEUS,4352f04fcfd7cbe580caddf69f309034ffb967d5d1bc8a8e809498de5bf8d329,4,PLUTARCH,ef8134329970f595ef9ccf4198217affef5c01fa243d5bf4e59ee6daebb04e1d,1,1,16,8
oth,ud23_oth,ATHENAEUS,4352f04fcfd7cbe580caddf69f309034ffb967d5d1bc8a8e809498de5bf8d329,4,THUCYDIDES,1a32cf6857284fff7c7f006f8d0cd4ab15a047af7a4bcd5613d1fd50789dd4ee,1,0,9,0
oth,ud23_oth,ATHENAEUS,4352f04fcfd7cbe580caddf69f309034ffb967d5d1bc8a8e809498de5bf8d329,5,DIODORUS,d91dad02f8da03cf6702fa7edec531da5e56f526f466e2f04180f2a23a1cf315,0,0,0,0
oth,ud23_oth,ATHENAEUS,4352f04fcfd7cbe580caddf69f309034ffb967d5d1bc8a8e809498de5bf8d329,5,HERODOTUS,89f0804afded8e7a0f4e1b507030d5ef4ecaf17e422c8b2969bd6b23e62818e6,0,0,0,0
oth,ud23_oth,ATHENAEUS,4352f04fcfd7cbe580caddf69f309034ffb967d5d1bc8a8e809498de5bf8d329,5,HESIODIC_TRADITION,c4c0c7eaeca0d61d2e53f4f0642bfa382e91dd28b470d2f4da2ba8539fe0e7f7,1,1,147,8
oth,ud23_oth,ATHENAEUS,4352f04fcfd7cbe580caddf69f309034ffb967d5d1bc8a8e809498de5bf8d329,5,HOMERIC_TRADITION,209ee9f27c82f31d31eb16124569039d7847ed327f3a0f2b5c4eae048347e621,0,0,0,0
oth,ud23_oth,ATHENAEUS,4352f04fcfd7cbe580caddf69f309034ffb967d5d1bc8a8e809498de5bf8d329,5,PLUTARCH,ef8134329970f595ef9ccf4198217affef5c01fa243d5bf4e59ee6daebb04e1d,1,1,8,8
oth,ud23_oth,ATHENAEUS,4352f04fcfd7cbe580caddf69f309034ffb967d5d1bc8a8e809498de5bf8d329,5,THUCYDIDES,1a32cf6857284fff7c7f006f8d0cd4ab15a047af7a4bcd5613d1fd50789dd4ee,1,1,2,2
oth,ud23_oth,ATHENAEUS,4352f04fcfd7cbe580caddf69f309034ffb967d5d1bc8a8e809498de5bf8d329,6,DIODORUS,d91dad02f8da03cf6702fa7edec531da5e56f526f466e2f04180f2a23a1cf315,1,1,6,6
oth,ud23_oth,ATHENAEUS,4352f04fcfd7cbe580caddf69f309034ffb967d5d1bc8a8e809498de5bf8d329,6,HERODOTUS,89f0804afded8e7a0f4e1b507030d5ef4ecaf17e422c8b2969bd6b23e62818e6,1,0,26,0
oth,ud23_oth,ATHENAEUS,4352f04fcfd7cbe580caddf69f309034ffb967d5d1bc8a8e809498de5bf8d329,6,HESIODIC_TRADITION,c4c0c7eaeca0d61d2e53f4f0642bfa382e91dd28b470d2f4da2ba8539fe0e7f7,1,1,2,2
oth,ud23_oth,ATHENAEUS,4352f04fcfd7cbe580caddf69f309034ffb967d5d1bc8a8e809498de5bf8d329,6,HOMERIC_TRADITION,209ee9f27c82f31d31eb16124569039d7847ed327f3a0f2b5c4eae048347e621,1,1,6,6
oth,ud23_oth,ATHENAEUS,4352f04fcfd7cbe580caddf69f309034ffb967d5d1bc8a8e809498de5bf8d329,6,PLUTARCH,ef8134329970f595ef9ccf4198217affef5c01fa243d5bf4e59ee6daebb04e1d,1,1,6,6
oth,ud23_oth,ATHENAEUS,4352f04fcfd7cbe580caddf69f309034ffb967d5d1bc8a8e809498de5bf8d329,6,THUCYDIDES,1a32cf6857284fff7c7f006f8d0cd4ab15a047af7a4bcd5613d1fd50789dd4ee,1,1,9,8
oth,ud23_oth,ATHENAEUS,4352f04fcfd7cbe580caddf69f309034ffb967d5d1bc8a8e809498de5bf8d329,7,DIODORUS,d91dad02f8da03cf6702fa7edec531da5e56f526f466e2f04180f2a23a1cf315,0,0,0,0
oth,ud23_oth,ATHENAEUS,4352f04fcfd7cbe580caddf69f309034ffb967d5d1bc8a8e809498de5bf8d329,7,HERODOTUS,89f0804afded8e7a0f4e1b507030d5ef4ecaf17e422c8b2969bd6b23e62818e6,1,1,14,8
oth,ud23_oth,ATHENAEUS,4352f04fcfd7cbe580caddf69f309034ffb967d5d1bc8a8e809498de5bf8d329,7,HESIODIC_TRADITION,c4c0c7eaeca0d61d2e53f4f0642bfa382e91dd28b470d2f4da2ba8539fe0e7f7,1,1,11,8
oth,ud23_oth,ATHENAEUS,4352f04fcfd7cbe580caddf69f309034ffb967d5d1bc8a8e809498de5bf8d329,7,HOMERIC_TRADITION,209ee9f27c82f31d31eb16124569039d7847ed327f3a0f2b5c4eae048347e621,1,0,11,0
oth,ud23_oth,ATHENAEUS,4352f04fcfd7cbe580caddf69f309034ffb967d5d1bc8a8e809498de5bf8d329,7,PLUTARCH,ef8134329970f595ef9ccf4198217affef5c01fa243d5bf4e59ee6daebb04e1d,1,1,11,8
oth,ud23_oth,ATHENAEUS,4352f04fcfd7cbe580caddf69f309034ffb967d5d1bc8a8e809498de5bf8d329,7,THUCYDIDES,1a32cf6857284fff7c7f006f8d0cd4ab15a047af7a4bcd5613d1fd50789dd4ee,1,1,18,8
oth,ud23_oth,ATHENAEUS,4352f04fcfd7cbe580caddf69f309034ffb967d5d1bc8a8e809498de5bf8d329,8,DIODORUS,d91dad02f8da03cf6702fa7edec531da5e56f526f466e2f04180f2a23a1cf315,1,1,2,2
oth,ud23_oth,ATHENAEUS,4352f04fcfd7cbe580caddf69f309034ffb967d5d1bc8a8e809498de5bf8d329,8,HERODOTUS,89f0804afded8e7a0f4e1b507030d5ef4ecaf17e422c8b2969bd6b23e62818e6,1,1,5,5
oth,ud23_oth,ATHENAEUS,4352f04fcfd7cbe580caddf69f309034ffb967d5d1bc8a8e809498de5bf8d329,8,HESIODIC_TRADITION,c4c0c7eaeca0d61d2e53f4f0642bfa382e91dd28b470d2f4da2ba8539fe0e7f7,0,0,0,0
oth,ud23_oth,ATHENAEUS,4352f04fcfd7cbe580caddf69f309034ffb967d5d1bc8a8e809498de5bf8d329,8,HOMERIC_TRADITION,209ee9f27c82f31d31eb16124569039d7847ed327f3a0f2b5c4eae048347e621,1,1,3,3
oth,ud23_oth,ATHENAEUS,4352f04fcfd7cbe580caddf69f309034ffb967d5d1bc8a8e809498de5bf8d329,8,PLUTARCH,ef8134329970f595ef9ccf4198217affef5c01fa243d5bf4e59ee6daebb04e1d,1,1,4,4
oth,ud23_oth,ATHENAEUS,4352f04fcfd7cbe580caddf69f309034ffb967d5d1bc8a8e809498de5bf8d329,8,THUCYDIDES,1a32cf6857284fff7c7f006f8d0cd4ab15a047af7a4bcd5613d1fd50789dd4ee,1,1,1,1
oth,ud23_oth,ATHENAEUS,4352f04fcfd7cbe580caddf69f309034ffb967d5d1bc8a8e809498de5bf8d329,9,DIODORUS,d91dad02f8da03cf6702fa7edec531da5e56f526f466e2f04180f2a23a1cf315,1,1,2,2
oth,ud23_oth,ATHENAEUS,4352f04fcfd7cbe580caddf69f309034ffb967d5d1bc8a8e809498de5bf8d329,9,HERODOTUS,89f0804afded8e7a0f4e1b507030d5ef4ecaf17e422c8b2969bd6b23e62818e6,1,1,6,6
oth,ud23_oth,ATHENAEUS,4352f04fcfd7cbe580caddf69f309034ffb967d5d1bc8a8e809498de5bf8d329,9,HESIODIC_TRADITION,c4c0c7eaeca0d61d2e53f4f0642bfa382e91dd28b470d2f4da2ba8539fe0e7f7,1,1,6,6
oth,ud23_oth,ATHENAEUS,4352f04fcfd7cbe580caddf69f309034ffb967d5d1bc8a8e809498de5bf8d329,9,HOMERIC_TRADITION,209ee9f27c82f31d31eb16124569039d7847ed327f3a0f2b5c4eae048347e621,0,0,0,0
oth,ud23_oth,ATHENAEUS,4352f04fcfd7cbe580caddf69f309034ffb967d5d1bc8a8e809498de5bf8d329,9,PLUTARCH,ef8134329970f595ef9ccf4198217affef5c01fa243d5bf4e59ee6daebb04e1d,1,1,26,8
oth,ud23_oth,ATHENAEUS,4352f04fcfd7cbe580caddf69f309034ffb967d5d1bc8a8e809498de5bf8d329,9,THUCYDIDES,1a32cf6857284fff7c7f006f8d0cd4ab15a047af7a4bcd5613d1fd50789dd4ee,1,1,5,5
oth,ud23_oth,HERODOTUS,89f0804afded8e7a0f4e1b507030d5ef4ecaf17e422c8b2969bd6b23e62818e6,0,ATHENAEUS,4352f04fcfd7cbe580caddf69f309034ffb967d5d1bc8a8e809498de5bf8d329,1,1,10,8
oth,ud23_oth,HERODOTUS,89f0804afded8e7a0f4e1b507030d5ef4ecaf17e422c8b2969bd6b23e62818e6,0,DIODORUS,d91dad02f8da03cf6702fa7edec531da5e56f526f466e2f04180f2a23a1cf315,1,1,3,3
oth,ud23_oth,HERODOTUS,89f0804afded8e7a0f4e1b507030d5ef4ecaf17e422c8b2969bd6b23e62818e6,0,HESIODIC_TRADITION,c4c0c7eaeca0d61d2e53f4f0642bfa382e91dd28b470d2f4da2ba8539fe0e7f7,1,1,8,8
oth,ud23_oth,HERODOTUS,89f0804afded8e7a0f4e1b507030d5ef4ecaf17e422c8b2969bd6b23e62818e6,0,HOMERIC_TRADITION,209ee9f27c82f31d31eb16124569039d7847ed327f3a0f2b5c4eae048347e621,1,1,6,6
oth,ud23_oth,HERODOTUS,89f0804afded8e7a0f4e1b507030d5ef4ecaf17e422c8b2969bd6b23e62818e6,0,PLUTARCH,ef8134329970f595ef9ccf4198217affef5c01fa243d5bf4e59ee6daebb04e1d,1,1,12,8
oth,ud23_oth,HERODOTUS,89f0804afded8e7a0f4e1b507030d5ef4ecaf17e422c8b2969bd6b23e62818e6,0,THUCYDIDES,1a32cf6857284fff7c7f006f8d0cd4ab15a047af7a4bcd5613d1fd50789dd4ee,1,1,29,8
oth,ud23_oth,HERODOTUS,89f0804afded8e7a0f4e1b507030d5ef4ecaf17e422c8b2969bd6b23e62818e6,1,ATHENAEUS,4352f04fcfd7cbe580caddf69f309034ffb967d5d1bc8a8e809498de5bf8d329,1,1,19,8
oth,ud23_oth,HERODOTUS,89f0804afded8e7a0f4e1b507030d5ef4ecaf17e422c8b2969bd6b23e62818e6,1,DIODORUS,d91dad02f8da03cf6702fa7edec531da5e56f526f466e2f04180f2a23a1cf315,1,1,2,2
oth,ud23_oth,HERODOTUS,89f0804afded8e7a0f4e1b507030d5ef4ecaf17e422c8b2969bd6b23e62818e6,1,HESIODIC_TRADITION,c4c0c7eaeca0d61d2e53f4f0642bfa382e91dd28b470d2f4da2ba8539fe0e7f7,1,1,5,5
oth,ud23_oth,HERODOTUS,89f0804afded8e7a0f4e1b507030d5ef4ecaf17e422c8b2969bd6b23e62818e6,1,HOMERIC_TRADITION,209ee9f27c82f31d31eb16124569039d7847ed327f3a0f2b5c4eae048347e621,1,1,3,3
oth,ud23_oth,HERODOTUS,89f0804afded8e7a0f4e1b507030d5ef4ecaf17e422c8b2969bd6b23e62818e6,1,PLUTARCH,ef8134329970f595ef9ccf4198217affef5c01fa243d5bf4e59ee6daebb04e1d,1,1,4,4
oth,ud23_oth,HERODOTUS,89f0804afded8e7a0f4e1b507030d5ef4ecaf17e422c8b2969bd6b23e62818e6,1,THUCYDIDES,1a32cf6857284fff7c7f006f8d0cd4ab15a047af7a4bcd5613d1fd50789dd4ee,1,1,8,8
oth,ud23_oth,HERODOTUS,89f0804afded8e7a0f4e1b507030d5ef4ecaf17e422c8b2969bd6b23e62818e6,2,ATHENAEUS,4352f04fcfd7cbe580caddf69f309034ffb967d5d1bc8a8e809498de5bf8d329,1,1,12,8
oth,ud23_oth,HERODOTUS,89f0804afded8e7a0f4e1b507030d5ef4ecaf17e422c8b2969bd6b23e62818e6,2,DIODORUS,d91dad02f8da03cf6702fa7edec531da5e56f526f466e2f04180f2a23a1cf315,1,1,9,8
oth,ud23_oth,HERODOTUS,89f0804afded8e7a0f4e1b507030d5ef4ecaf17e422c8b2969bd6b23e62818e6,2,HESIODIC_TRADITION,c4c0c7eaeca0d61d2e53f4f0642bfa382e91dd28b470d2f4da2ba8539fe0e7f7,1,1,15,8
oth,ud23_oth,HERODOTUS,89f0804afded8e7a0f4e1b507030d5ef4ecaf17e422c8b2969bd6b23e62818e6,2,HOMERIC_TRADITION,209ee9f27c82f31d31eb16124569039d7847ed327f3a0f2b5c4eae048347e621,0,0,0,0
oth,ud23_oth,HERODOTUS,89f0804afded8e7a0f4e1b507030d5ef4ecaf17e422c8b2969bd6b23e62818e6,2,PLUTARCH,ef8134329970f595ef9ccf4198217affef5c01fa243d5bf4e59ee6daebb04e1d,0,0,0,0
oth,ud23_oth,HERODOTUS,89f0804afded8e7a0f4e1b507030d5ef4ecaf17e422c8b2969bd6b23e62818e6,2,THUCYDIDES,1a32cf6857284fff7c7f006f8d0cd4ab15a047af7a4bcd5613d1fd50789dd4ee,1,1,12,8
oth,ud23_oth,HERODOTUS,89f0804afded8e7a0f4e1b507030d5ef4ecaf17e422c8b2969bd6b23e62818e6,3,ATHENAEUS,4352f04fcfd7cbe580caddf69f309034ffb967d5d1bc8a8e809498de5bf8d329,1,1,18,8
oth,ud23_oth,HERODOTUS,89f0804afded8e7a0f4e1b507030d5ef4ecaf17e422c8b2969bd6b23e62818e6,3,DIODORUS,d91dad02f8da03cf6702fa7edec531da5e56f526f466e2f04180f2a23a1cf315,1,1,13,8
oth,ud23_oth,HERODOTUS,89f0804afded8e7a0f4e1b507030d5ef4ecaf17e422c8b2969bd6b23e62818e6,3,HESIODIC_TRADITION,c4c0c7eaeca0d61d2e53f4f0642bfa382e91dd28b470d2f4da2ba8539fe0e7f7,1,0,3,0
oth,ud23_oth,HERODOTUS,89f0804afded8e7a0f4e1b507030d5ef4ecaf17e422c8b2969bd6b23e62818e6,3,HOMERIC_TRADITION,209ee9f27c82f31d31eb16124569039d7847ed327f3a0f2b5c4eae048347e621,1,0,7,0
oth,ud23_oth,HERODOTUS,89f0804afded8e7a0f4e1b507030d5ef4ecaf17e422c8b2969bd6b23e62818e6,3,PLUTARCH,ef8134329970f595ef9ccf4198217affef5c01fa243d5bf4e59ee6daebb04e1d,1,1,8,8
oth,ud23_oth,HERODOTUS,89f0804afded8e7a0f4e1b507030d5ef4ecaf17e422c8b2969bd6b23e62818e6,3,THUCYDIDES,1a32cf6857284fff7c7f006f8d0cd4ab15a047af7a4bcd5613d1fd50789dd4ee,1,1,10,8
oth,ud23_oth,HERODOTUS,89f0804afded8e7a0f4e1b507030d5ef4ecaf17e422c8b2969bd6b23e62818e6,4,ATHENAEUS,4352f04fcfd7cbe580caddf69f309034ffb967d5d1bc8a8e809498de5bf8d329,1,1,2,2
oth,ud23_oth,HERODOTUS,89f0804afded8e7a0f4e1b507030d5ef4ecaf17e422c8b2969bd6b23e62818e6,4,DIODORUS,d91dad02f8da03cf6702fa7edec531da5e56f526f466e2f04180f2a23a1cf315,1,1,24,8
oth,ud23_oth,HERODOTUS,89f0804afded8e7a0f4e1b507030d5ef4ecaf17e422c8b2969bd6b23e62818e6,4,HESIODIC_TRADITION,c4c0c7eaeca0d61d2e53f4f0642bfa382e91dd28b470d2f4da2ba8539fe0e7f7,1,0,10,0
oth,ud23_oth,HERODOTUS,89f0804afded8e7a0f4e1b507030d5ef4ecaf17e422c8b2969bd6b23e62818e6,4,HOMERIC_TRADITION,209ee9f27c82f31d31eb16124569039d7847ed327f3a0f2b5c4eae048347e621,1,1,12,8
oth,ud23_oth,HERODOTUS,89f0804afded8e7a0f4e1b507030d5ef4ecaf17e422c8b2969bd6b23e62818e6,4,PLUTARCH,ef8134329970f595ef9ccf4198217affef5c01fa243d5bf4e59ee6daebb04e1d,1,1,12,8
oth,ud23_oth,HERODOTUS,89f0804afded8e7a0f4e1b507030d5ef4ecaf17e422c8b2969bd6b23e62818e6,4,THUCYDIDES,1a32cf6857284fff7c7f006f8d0cd4ab15a047af7a4bcd5613d1fd50789dd4ee,1,1,1,1
oth,ud23_oth,HERODOTUS,89f0804afded8e7a0f4e1b507030d5ef4ecaf17e422c8b2969bd6b23e62818e6,5,ATHENAEUS,4352f04fcfd7cbe580caddf69f309034ffb967d5d1bc8a8e809498de5bf8d329,1,1,14,8
oth,ud23_oth,HERODOTUS,89f0804afded8e7a0f4e1b507030d5ef4ecaf17e422c8b2969bd6b23e62818e6,5,DIODORUS,d91dad02f8da03cf6702fa7edec531da5e56f526f466e2f04180f2a23a1cf315,1,1,6,6
oth,ud23_oth,HERODOTUS,89f0804afded8e7a0f4e1b507030d5ef4ecaf17e422c8b2969bd6b23e62818e6,5,HESIODIC_TRADITION,c4c0c7eaeca0d61d2e53f4f0642bfa382e91dd28b470d2f4da2ba8539fe0e7f7,1,1,11,8
oth,ud23_oth,HERODOTUS,89f0804afded8e7a0f4e1b507030d5ef4ecaf17e422c8b2969bd6b23e62818e6,5,HOMERIC_TRADITION,209ee9f27c82f31d31eb16124569039d7847ed327f3a0f2b5c4eae048347e621,1,1,5,5
oth,ud23_oth,HERODOTUS,89f0804afded8e7a0f4e1b507030d5ef4ecaf17e422c8b2969bd6b23e62818e6,5,PLUTARCH,ef8134329970f595ef9ccf4198217affef5c01fa243d5bf4e59ee6daebb04e1d,1,1,3,3
oth,ud23_oth,HERODOTUS,89f0804afded8e7a0f4e1b507030d5ef4ecaf17e422c8b2969bd6b23e62818e6,5,THUCYDIDES,1a32cf6857284fff7c7f006f8d0cd4ab15a047af7a4bcd5613d1fd50789dd4ee,1,1,1,1
oth,ud23_oth,HERODOTUS,89f0804afded8e7a0f4e1b507030d5ef4ecaf17e422c8b2969bd6b23e62818e6,6,ATHENAEUS,4352f04fcfd7cbe580caddf69f309034ffb967d5d1bc8a8e809498de5bf8d329,1,1,11,8
oth,ud23_oth,HERODOTUS,89f0804afded8e7a0f4e1b507030d5ef4ecaf17e422c8b2969bd6b23e62818e6,6,DIODORUS,d91dad02f8da03cf6702fa7edec531da5e56f526f466e2f04180f2a23a1cf315,1,1,27,8
oth,ud23_oth,HERODOTUS,89f0804afded8e7a0f4e1b507030d5ef4ecaf17e422c8b2969bd6b23e62818e6,6,HESIODIC_TRADITION,c4c0c7eaeca0d61d2e53f4f0642bfa382e91dd28b470d2f4da2ba8539fe0e7f7,1,1,8,8
oth,ud23_oth,HERODOTUS,89f0804afded8e7a0f4e1b507030d5ef4ecaf17e422c8b2969bd6b23e62818e6,6,HOMERIC_TRADITION,209ee9f27c82f31d31eb16124569039d7847ed327f3a0f2b5c4eae048347e621,1,0,17,0
oth,ud23_oth,HERODOTUS,89f0804afded8e7a0f4e1b507030d5ef4ecaf17e422c8b2969bd6b23e62818e6,6,PLUTARCH,ef8134329970f595ef9ccf4198217affef5c01fa243d5bf4e59ee6daebb04e1d,1,1,2,2
oth,ud23_oth,HERODOTUS,89f0804afded8e7a0f4e1b507030d5ef4ecaf17e422c8b2969bd6b23e62818e6,6,THUCYDIDES,1a32cf6857284fff7c7f006f8d0cd4ab15a047af7a4bcd5613d1fd50789dd4ee,1,1,1,1
oth,ud23_oth,HERODOTUS,89f0804afded8e7a0f4e1b507030d5ef4ecaf17e422c8b2969bd6b23e62818e6,7,ATHENAEUS,4352f04fcfd7cbe580caddf69f309034ffb967d5d1bc8a8e809498de5bf8d329,1,1,13,8
oth,ud23_oth,HERODOTUS,89f0804afded8e7a0f4e1b507030d5ef4ecaf17e422c8b2969bd6b23e62818e6,7,DIODORUS,d91dad02f8da03cf6702fa7edec531da5e56f526f466e2f04180f2a23a1cf315,1,1,3,3
oth,ud23_oth,HERODOTUS,89f0804afded8e7a0f4e1b507030d5ef4ecaf17e422c8b2969bd6b23e62818e6,7,HESIODIC_TRADITION,c4c0c7eaeca0d61d2e53f4f0642bfa382e91dd28b470d2f4da2ba8539fe0e7f7,1,0,1,0
oth,ud23_oth,HERODOTUS,89f0804afded8e7a0f4e1b507030d5ef4ecaf17e422c8b2969bd6b23e62818e6,7,HOMERIC_TRADITION,209ee9f27c82f31d31eb16124569039d7847ed327f3a0f2b5c4eae048347e621,1,1,5,5
oth,ud23_oth,HERODOTUS,89f0804afded8e7a0f4e1b507030d5ef4ecaf17e422c8b2969bd6b23e62818e6,7,PLUTARCH,ef8134329970f595ef9ccf4198217affef5c01fa243d5bf4e59ee6daebb04e1d,1,1,12,8
oth,ud23_oth,HERODOTUS,89f0804afded8e7a0f4e1b507030d5ef4ecaf17e422c8b2969bd6b23e62818e6,7,THUCYDIDES,1a32cf6857284fff7c7f006f8d0cd4ab15a047af7a4bcd5613d1fd50789dd4ee,1,0,4,0
oth,ud23_oth,HERODOTUS,89f0804afded8e7a0f4e1b507030d5ef4ecaf17e422c8b2969bd6b23e62818e6,8,ATHENAEUS,4352f04fcfd7cbe580caddf69f309034ffb967d5d1bc8a8e809498de5bf8d329,1,1,3,3
oth,ud23_oth,HERODOTUS,89f0804afded8e7a0f4e1b507030d5ef4ecaf17e422c8b2969bd6b23e62818e6,8,DIODORUS,d91dad02f8da03cf6702fa7edec531da5e56f526f466e2f04180f2a23a1cf315,1,1,14,8
oth,ud23_oth,HERODOTUS,89f0804afded8e7a0f4e1b507030d5ef4ecaf17e422c8b2969bd6b23e62818e6,8,HESIODIC_TRADITION,c4c0c7eaeca0d61d2e53f4f0642bfa382e91dd28b470d2f4da2ba8539fe0e7f7,1,1,3,3
oth,ud23_oth,HERODOTUS,89f0804afded8e7a0f4e1b507030d5ef4ecaf17e422c8b2969bd6b23e62818e6,8,HOMERIC_TRADITION,209ee9f27c82f31d31eb16124569039d7847ed327f3a0f2b5c4eae048347e621,1,1,6,6
oth,ud23_oth,HERODOTUS,89f0804afded8e7a0f4e1b507030d5ef4ecaf17e422c8b2969bd6b23e62818e6,8,PLUTARCH,ef8134329970f595ef9ccf4198217affef5c01fa243d5bf4e59ee6daebb04e1d,1,1,1,1
oth,ud23_oth,HERODOTUS,89f0804afded8e7a0f4e1b507030d5ef4ecaf17e422c8b2969bd6b23e62818e6,8,THUCYDIDES,1a32cf6857284fff7c7f006f8d0cd4ab15a047af7a4bcd5613d1fd50789dd4ee,1,1,2,2
oth,ud23_oth,HERODOTUS,89f0804afded8e7a0f4e1b507030d5ef4ecaf17e422c8b2969bd6b23e62818e6,9,ATHENAEUS,4352f04fcfd7cbe580caddf69f309034ffb967d5d1bc8a8e809498de5bf8d329,1,1,8,8
oth,ud23_oth,HERODOTUS,89f0804afded8e7a0f4e1b507030d5ef4ecaf17e422c8b2969bd6b23e62818e6,9,DIODORUS,d91dad02f8da03cf6702fa7edec531da5e56f526f466e2f04180f2a23a1cf315,1,1,27,8
oth,ud23_oth,HERODOTUS,89f0804afded8e7a0f4e1b507030d5ef4ecaf17e422c8b2969bd6b23e62818e6,9,HESIODIC_TRADITION,c4c0c7eaeca0d61d2e53f4f0642bfa382e91dd28b470d2f4da2ba8539fe0e7f7,1,1,6,6
oth,ud23_oth,HERODOTUS,89f0804afded8e7a0f4e1b507030d5ef4ecaf17e422c8b2969bd6b23e62818e6,9,HOMERIC_TRADITION,209ee9f27c82f31d31eb16124569039d7847ed327f3a0f2b5c4eae048347e621,1,1,8,8
oth,ud23_oth,HERODOTUS,89f0804afded8e7a0f4e1b507030d5ef4ecaf17e422c8b2969bd6b23e62818e6,9,PLUTARCH,ef8134329970f595ef9ccf4198217affef5c01fa243d5bf4e59ee6daebb04e1d,1,1,6,6
oth,ud23_oth,HERODOTUS,89f0804afded8e7a0f4e1b507030d5ef4ecaf17e422c8b2969bd6b23e62818e6,9,THUCYDIDES,1a32cf6857284fff7c7f006f8d0cd4ab15a047af7a4bcd5613d1fd50789dd4ee,1,1,20,8
oth,ud23_oth,HESIODIC_TRADITION,c4c0c7eaeca0d61d2e53f4f0642bfa382e91dd28b470d2f4da2ba8539fe0e7f7,0,ATHENAEUS,4352f04fcfd7cbe580caddf69f309034ffb967d5d1bc8a8e809498de5bf8d329,1,1,2,2
oth,ud23_oth,HESIODIC_TRADITION,c4c0c7eaeca0d61d2e53f4f0642bfa382e91dd28b470d2f4da2ba8539fe0e7f7,0,DIODORUS,d91dad02f8da03cf6702fa7edec531da5e56f526f466e2f04180f2a23a1cf315,1,1,5,5
oth,ud23_oth,HESIODIC_TRADITION,c4c0c7eaeca0d61d2e53f4f0642bfa382e91dd28b470d2f4da2ba8539fe0e7f7,0,HERODOTUS,89f0804afded8e7a0f4e1b507030d5ef4ecaf17e422c8b2969bd6b23e62818e6,1,1,5,5
oth,ud23_oth,HESIODIC_TRADITION,c4c0c7eaeca0d61d2e53f4f0642bfa382e91dd28b470d2f4da2ba8539fe0e7f7,0,HOMERIC_TRADITION,209ee9f27c82f31d31eb16124569039d7847ed327f3a0f2b5c4eae048347e621,0,0,0,0
oth,ud23_oth,HESIODIC_TRADITION,c4c0c7eaeca0d61d2e53f4f0642bfa382e91dd28b470d2f4da2ba8539fe0e7f7,0,PLUTARCH,ef8134329970f595ef9ccf4198217affef5c01fa243d5bf4e59ee6daebb04e1d,0,0,0,0
oth,ud23_oth,HESIODIC_TRADITION,c4c0c7eaeca0d61d2e53f4f0642bfa382e91dd28b470d2f4da2ba8539fe0e7f7,0,THUCYDIDES,1a32cf6857284fff7c7f006f8d0cd4ab15a047af7a4bcd5613d1fd50789dd4ee,1,1,5,5
oth,ud23_oth,HESIODIC_TRADITION,c4c0c7eaeca0d61d2e53f4f0642bfa382e91dd28b470d2f4da2ba8539fe0e7f7,1,ATHENAEUS,4352f04fcfd7cbe580caddf69f309034ffb967d5d1bc8a8e809498de5bf8d329,1,1,14,8
oth,ud23_oth,HESIODIC_TRADITION,c4c0c7eaeca0d61d2e53f4f0642bfa382e91dd28b470d2f4da2ba8539fe0e7f7,1,DIODORUS,d91dad02f8da03cf6702fa7edec531da5e56f526f466e2f04180f2a23a1cf315,1,1,21,8
oth,ud23_oth,HESIODIC_TRADITION,c4c0c7eaeca0d61d2e53f4f0642bfa382e91dd28b470d2f4da2ba8539fe0e7f7,1,HERODOTUS,89f0804afded8e7a0f4e1b507030d5ef4ecaf17e422c8b2969bd6b23e62818e6,1,1,14,8
oth,ud23_oth,HESIODIC_TRADITION,c4c0c7eaeca0d61d2e53f4f0642bfa382e91dd28b470d2f4da2ba8539fe0e7f7,1,HOMERIC_TRADITION,209ee9f27c82f31d31eb16124569039d7847ed327f3a0f2b5c4eae048347e621,1,1,2,2
oth,ud23_oth,HESIODIC_TRADITION,c4c0c7eaeca0d61d2e53f4f0642bfa382e91dd28b470d2f4da2ba8539fe0e7f7,1,PLUTARCH,ef8134329970f595ef9ccf4198217affef5c01fa243d5bf4e59ee6daebb04e1d,1,1,4,4
oth,ud23_oth,HESIODIC_TRADITION,c4c0c7eaeca0d61d2e53f4f0642bfa382e91dd28b470d2f4da2ba8539fe0e7f7,1,THUCYDIDES,1a32cf6857284fff7c7f006f8d0cd4ab15a047af7a4bcd5613d1fd50789dd4ee,1,1,20,8
oth,ud23_oth,HESIODIC_TRADITION,c4c0c7eaeca0d61d2e53f4f0642bfa382e91dd28b470d2f4da2ba8539fe0e7f7,2,ATHENAEUS,4352f04fcfd7cbe580caddf69f309034ffb967d5d1bc8a8e809498de5bf8d329,1,1,5,5
oth,ud23_oth,HESIODIC_TRADITION,c4c0c7eaeca0d61d2e53f4f0642bfa382e91dd28b470d2f4da2ba8539fe0e7f7,2,DIODORUS,d91dad02f8da03cf6702fa7edec531da5e56f526f466e2f04180f2a23a1cf315,1,1,22,8
oth,ud23_oth,HESIODIC_TRADITION,c4c0c7eaeca0d61d2e53f4f0642bfa382e91dd28b470d2f4da2ba8539fe0e7f7,2,HERODOTUS,89f0804afded8e7a0f4e1b507030d5ef4ecaf17e422c8b2969bd6b23e62818e6,1,1,12,8
oth,ud23_oth,HESIODIC_TRADITION,c4c0c7eaeca0d61d2e53f4f0642bfa382e91dd28b470d2f4da2ba8539fe0e7f7,2,HOMERIC_TRADITION,209ee9f27c82f31d31eb16124569039d7847ed327f3a0f2b5c4eae048347e621,1,1,13,8
oth,ud23_oth,HESIODIC_TRADITION,c4c0c7eaeca0d61d2e53f4f0642bfa382e91dd28b470d2f4da2ba8539fe0e7f7,2,PLUTARCH,ef8134329970f595ef9ccf4198217affef5c01fa243d5bf4e59ee6daebb04e1d,1,1,14,8
oth,ud23_oth,HESIODIC_TRADITION,c4c0c7eaeca0d61d2e53f4f0642bfa382e91dd28b470d2f4da2ba8539fe0e7f7,2,THUCYDIDES,1a32cf6857284fff7c7f006f8d0cd4ab15a047af7a4bcd5613d1fd50789dd4ee,1,0,32,0
oth,ud23_oth,HESIODIC_TRADITION,c4c0c7eaeca0d61d2e53f4f0642bfa382e91dd28b470d2f4da2ba8539fe0e7f7,3,ATHENAEUS,4352f04fcfd7cbe580caddf69f309034ffb967d5d1bc8a8e809498de5bf8d329,1,1,8,8
oth,ud23_oth,HESIODIC_TRADITION,c4c0c7eaeca0d61d2e53f4f0642bfa382e91dd28b470d2f4da2ba8539fe0e7f7,3,DIODORUS,d91dad02f8da03cf6702fa7edec531da5e56f526f466e2f04180f2a23a1cf315,1,1,27,8
oth,ud23_oth,HESIODIC_TRADITION,c4c0c7eaeca0d61d2e53f4f0642bfa382e91dd28b470d2f4da2ba8539fe0e7f7,3,HERODOTUS,89f0804afded8e7a0f4e1b507030d5ef4ecaf17e422c8b2969bd6b23e62818e6,1,1,11,8
oth,ud23_oth,HESIODIC_TRADITION,c4c0c7eaeca0d61d2e53f4f0642bfa382e91dd28b470d2f4da2ba8539fe0e7f7,3,HOMERIC_TRADITION,209ee9f27c82f31d31eb16124569039d7847ed327f3a0f2b5c4eae048347e621,1,1,16,8
oth,ud23_oth,HESIODIC_TRADITION,c4c0c7eaeca0d61d2e53f4f0642bfa382e91dd28b470d2f4da2ba8539fe0e7f7,3,PLUTARCH,ef8134329970f595ef9ccf4198217affef5c01fa243d5bf4e59ee6daebb04e1d,1,1,17,8
oth,ud23_oth,HESIODIC_TRADITION,c4c0c7eaeca0d61d2e53f4f0642bfa382e91dd28b470d2f4da2ba8539fe0e7f7,3,THUCYDIDES,1a32cf6857284fff7c7f006f8d0cd4ab15a047af7a4bcd5613d1fd50789dd4ee,1,1,17,8
oth,ud23_oth,HESIODIC_TRADITION,c4c0c7eaeca0d61d2e53f4f0642bfa382e91dd28b470d2f4da2ba8539fe0e7f7,4,ATHENAEUS,4352f04fcfd7cbe580caddf69f309034ffb967d5d1bc8a8e809498de5bf8d329,0,0,0,0
oth,ud23_oth,HESIODIC_TRADITION,c4c0c7eaeca0d61d2e53f4f0642bfa382e91dd28b470d2f4da2ba8539fe0e7f7,4,DIODORUS,d91dad02f8da03cf6702fa7edec531da5e56f526f466e2f04180f2a23a1cf315,1,1,5,5
oth,ud23_oth,HESIODIC_TRADITION,c4c0c7eaeca0d61d2e53f4f0642bfa382e91dd28b470d2f4da2ba8539fe0e7f7,4,HERODOTUS,89f0804afded8e7a0f4e1b507030d5ef4ecaf17e422c8b2969bd6b23e62818e6,1,1,17,8
oth,ud23_oth,HESIODIC_TRADITION,c4c0c7eaeca0d61d2e53f4f0642bfa382e91dd28b470d2f4da2ba8539fe0e7f7,4,HOMERIC_TRADITION,209ee9f27c82f31d31eb16124569039d7847ed327f3a0f2b5c4eae048347e621,1,1,11,8
oth,ud23_oth,HESIODIC_TRADITION,c4c0c7eaeca0d61d2e53f4f0642bfa382e91dd28b470d2f4da2ba8539fe0e7f7,4,PLUTARCH,ef8134329970f595ef9ccf4198217affef5c01fa243d5bf4e59ee6daebb04e1d,1,1,18,8
oth,ud23_oth,HESIODIC_TRADITION,c4c0c7eaeca0d61d2e53f4f0642bfa382e91dd28b470d2f4da2ba8539fe0e7f7,4,THUCYDIDES,1a32cf6857284fff7c7f006f8d0cd4ab15a047af7a4bcd5613d1fd50789dd4ee,1,1,8,8
oth,ud23_oth,HESIODIC_TRADITION,c4c0c7eaeca0d61d2e53f4f0642bfa382e91dd28b470d2f4da2ba8539fe0e7f7,5,ATHENAEUS,4352f04fcfd7cbe580caddf69f309034ffb967d5d1bc8a8e809498de5bf8d329,0,0,0,0
oth,ud23_oth,HESIODIC_TRADITION,c4c0c7eaeca0d61d2e53f4f0642bfa382e91dd28b470d2f4da2ba8539fe0e7f7,5,DIODORUS,d91dad02f8da03cf6702fa7edec531da5e56f526f466e2f04180f2a23a1cf315,1,1,21,8
oth,ud23_oth,HESIODIC_TRADITION,c4c0c7eaeca0d61d2e53f4f0642bfa382e91dd28b470d2f4da2ba8539fe0e7f7,5,HERODOTUS,89f0804afded8e7a0f4e1b507030d5ef4ecaf17e422c8b2969bd6b23e62818e6,1,1,1,1
oth,ud23_oth,HESIODIC_TRADITION,c4c0c7eaeca0d61d2e53f4f0642bfa382e91dd28b470d2f4da2ba8539fe0e7f7,5,HOMERIC_TRADITION,209ee9f27c82f31d31eb16124569039d7847ed327f3a0f2b5c4eae048347e621,1,1,3,3
oth,ud23_oth,HESIODIC_TRADITION,c4c0c7eaeca0d61d2e53f4f0642bfa382e91dd28b470d2f4da2ba8539fe0e7f7,5,PLUTARCH,ef8134329970f595ef9ccf4198217affef5c01fa243d5bf4e59ee6daebb04e1d,1,0,6,0
oth,ud23_oth,HESIODIC_TRADITION,c4c0c7eaeca0d61d2e53f4f0642bfa382e91dd28b470d2f4da2ba8539fe0e7f7,5,THUCYDIDES,1a32cf6857284fff7c7f006f8d0cd4ab15a047af7a4bcd5613d1fd50789dd4ee,1,1,3,3
oth,ud23_oth,HESIODIC_TRADITION,c4c0c7eaeca0d61d2e53f4f0642bfa382e91dd28b470d2f4da2ba8539fe0e7f7,6,ATHENAEUS,4352f04fcfd7cbe580caddf69f309034ffb967d5d1bc8a8e809498de5bf8d329,1,1,13,8
oth,ud23_oth,HESIODIC_TRADITION,c4c0c7eaeca0d61d2e53f4f0642bfa382e91dd28b470d2f4da2ba8539fe0e7f7,6,DIODORUS,d91dad02f8da03cf6702fa7edec531da5e56f526f466e2f04180f2a23a1cf315,1,1,22,8
oth,ud23_oth,HESIODIC_TRADITION,c4c0c7eaeca0d61d2e53f4f0642bfa382e91dd28b470d2f4da2ba8539fe0e7f7,6,HERODOTUS,89f0804afded8e7a0f4e1b507030d5ef4ecaf17e422c8b2969bd6b23e62818e6,1,0,18,0
oth,ud23_oth,HESIODIC_TRADITION,c4c0c7eaeca0d61d2e53f4f0642bfa382e91dd28b470d2f4da2ba8539fe0e7f7,6,HOMERIC_TRADITION,209ee9f27c82f31d31eb16124569039d7847ed327f3a0f2b5c4eae048347e621,1,1,20,8
oth,ud23_oth,HESIODIC_TRADITION,c4c0c7eaeca0d61d2e53f4f0642bfa382e91dd28b470d2f4da2ba8539fe0e7f7,6,PLUTARCH,ef8134329970f595ef9ccf4198217affef5c01fa243d5bf4e59ee6daebb04e1d,1,1,3,3
oth,ud23_oth,HESIODIC_TRADITION,c4c0c7eaeca0d61d2e53f4f0642bfa382e91dd28b470d2f4da2ba8539fe0e7f7,6,THUCYDIDES,1a32cf6857284fff7c7f006f8d0cd4ab15a047af7a4bcd5613d1fd50789dd4ee,0,0,0,0
oth,ud23_oth,HESIODIC_TRADITION,c4c0c7eaeca0d61d2e53f4f0642bfa382e91dd28b470d2f4da2ba8539fe0e7f7,7,ATHENAEUS,4352f04fcfd7cbe580caddf69f309034ffb967d5d1bc8a8e809498de5bf8d329,1,1,3,3
oth,ud23_oth,HESIODIC_TRADITION,c4c0c7eaeca0d61d2e53f4f0642bfa382e91dd28b470d2f4da2ba8539fe0e7f7,7,DIODORUS,d91dad02f8da03cf6702fa7edec531da5e56f526f466e2f04180f2a23a1cf315,1,1,6,6
oth,ud23_oth,HESIODIC_TRADITION,c4c0c7eaeca0d61d2e53f4f0642bfa382e91dd28b470d2f4da2ba8539fe0e7f7,7,HERODOTUS,89f0804afded8e7a0f4e1b507030d5ef4ecaf17e422c8b2969bd6b23e62818e6,1,1,9,8
oth,ud23_oth,HESIODIC_TRADITION,c4c0c7eaeca0d61d2e53f4f0642bfa382e91dd28b470d2f4da2ba8539fe0e7f7,7,HOMERIC_TRADITION,209ee9f27c82f31d31eb16124569039d7847ed327f3a0f2b5c4eae048347e621,1,0,4,0
oth,ud23_oth,HESIODIC_TRADITION,c4c0c7eaeca0d61d2e53f4f0642bfa382e91dd28b470d2f4da2ba8539fe0e7f7,7,PLUTARCH,ef8134329970f595ef9ccf4198217affef5c01fa243d5bf4e59ee6daebb04e1d,1,1,5,5
oth,ud23_oth,HESIODIC_TRADITION,c4c0c7eaeca0d61d2e53f4f0642bfa382e91dd28b470d2f4da2ba8539fe0e7f7,7,THUCYDIDES,1a32cf6857284fff7c7f006f8d0cd4ab15a047af7a4bcd5613d1fd50789dd4ee,1,1,11,8
oth,ud23_oth,HESIODIC_TRADITION,c4c0c7eaeca0d61d2e53f4f0642bfa382e91dd28b470d2f4da2ba8539fe0e7f7,8,ATHENAEUS,4352f04fcfd7cbe580caddf69f309034ffb967d5d1bc8a8e809498de5bf8d329,1,1,10,8
oth,ud23_oth,HESIODIC_TRADITION,c4c0c7eaeca0d61d2e53f4f0642bfa382e91dd28b470d2f4da2ba8539fe0e7f7,8,DIODORUS,d91dad02f8da03cf6702fa7edec531da5e56f526f466e2f04180f2a23a1cf315,1,1,1,1
oth,ud23_oth,HESIODIC_TRADITION,c4c0c7eaeca0d61d2e53f4f0642bfa382e91dd28b470d2f4da2ba8539fe0e7f7,8,HERODOTUS,89f0804afded8e7a0f4e1b507030d5ef4ecaf17e422c8b2969bd6b23e62818e6,1,1,8,8
oth,ud23_oth,HESIODIC_TRADITION,c4c0c7eaeca0d61d2e53f4f0642bfa382e91dd28b470d2f4da2ba8539fe0e7f7,8,HOMERIC_TRADITION,209ee9f27c82f31d31eb16124569039d7847ed327f3a0f2b5c4eae048347e621,1,1,22,8
oth,ud23_oth,HESIODIC_TRADITION,c4c0c7eaeca0d61d2e53f4f0642bfa382e91dd28b470d2f4da2ba8539fe0e7f7,8,PLUTARCH,ef8134329970f595ef9ccf4198217affef5c01fa243d5bf4e59ee6daebb04e1d,1,0,7,0
oth,ud23_oth,HESIODIC_TRADITION,c4c0c7eaeca0d61d2e53f4f0642bfa382e91dd28b470d2f4da2ba8539fe0e7f7,8,THUCYDIDES,1a32cf6857284fff7c7f006f8d0cd4ab15a047af7a4bcd5613d1fd50789dd4ee,1,1,12,8
oth,ud23_oth,HESIODIC_TRADITION,c4c0c7eaeca0d61d2e53f4f0642bfa382e91dd28b470d2f4da2ba8539fe0e7f7,9,ATHENAEUS,4352f04fcfd7cbe580caddf69f309034ffb967d5d1bc8a8e809498de5bf8d329,1,1,2,2
oth,ud23_oth,HESIODIC_TRADITION,c4c0c7eaeca0d61d2e53f4f0642bfa382e91dd28b470d2f4da2ba8539fe0e7f7,9,DIODORUS,d91dad02f8da03cf6702fa7edec531da5e56f526f466e2f04180f2a23a1cf315,1,1,1,1
oth,ud23_oth,HESIODIC_TRADITION,c4c0c7eaeca0d61d2e53f4f0642bfa382e91dd28b470d2f4da2ba8539fe0e7f7,9,HERODOTUS,89f0804afded8e7a0f4e1b507030d5ef4ecaf17e422c8b2969bd6b23e62818e6,1,1,18,8
oth,ud23_oth,HESIODIC_TRADITION,c4c0c7eaeca0d61d2e53f4f0642bfa382e91dd28b470d2f4da2ba8539fe0e7f7,9,HOMERIC_TRADITION,209ee9f27c82f31d31eb16124569039d7847ed327f3a0f2b5c4eae048347e621,1,1,14,8
oth,ud23_oth,HESIODIC_TRADITION,c4c0c7eaeca0d61d2e53f4f0642bfa382e91dd28b470d2f4da2ba8539fe0e7f7,9,PLUTARCH,ef8134329970f595ef9ccf4198217affef5c01fa243d5bf4e59ee6daebb04e1d,1,1,2,2
oth,ud23_oth,HESIODIC_TRADITION,c4c0c7eaeca0d61d2e53f4f0642bfa382e91dd28b470d2f4da2ba8539fe0e7f7,9,THUCYDIDES,1a32cf6857284fff7c7f006f8d0cd4ab15a047af7a4bcd5613d1fd50789dd4ee,1,1,1,1
oth,ud23_oth,DIODORUS,d91dad02f8da03cf6702fa7edec531da5e56f526f466e2f04180f2a23a1cf315,0,ATHENAEUS,4352f04fcfd7cbe580caddf69f309034ffb967d5d1bc8a8e809498de5bf8d329,1,0,30,0
oth,ud23_oth,DIODORUS,d91dad02f8da03cf6702fa7edec531da5e56f526f466e2f04180f2a23a1cf315,0,HERODOTUS,89f0804afded8e7a0f4e1b507030d5ef4ecaf17e422c8b2969bd6b23e62818e6,1,0,27,0
oth,ud23_oth,DIODORUS,d91dad02f8da03cf6702fa7edec531da5e56f526f466e2f04180f2a23a1cf315,0,HESIODIC_TRADITION,c4c0c7eaeca0d61d2e53f4f0642bfa382e91dd28b470d2f4da2ba8539fe0e7f7,1,1,1,1
oth,ud23_oth,DIODORUS,d91dad02f8da03cf6702fa7edec531da5e56f526f466e2f04180f2a23a1cf315,0,HOMERIC_TRADITION,209ee9f27c82f31d31eb16124569039d7847ed327f3a0f2b5c4eae048347e621,1,1,9,8
oth,ud23_oth,DIODORUS,d91dad02f8da03cf6702fa7edec531da5e56f526f466e2f04180f2a23a1cf315,0,PLUTARCH,ef8134329970f595ef9ccf4198217affef5c01fa243d5bf4e59ee6daebb04e1d,1,1,12,8
oth,ud23_oth,DIODORUS,d91dad02f8da03cf6702fa7edec531da5e56f526f466e2f04180f2a23a1cf315,0,THUCYDIDES,1a32cf6857284fff7c7f006f8d0cd4ab15a047af7a4bcd5613d1fd50789dd4ee,1,1,4,4
oth,ud23_oth,DIODORUS,d91dad02f8da03cf6702fa7edec531da5e56f526f466e2f04180f2a23a1cf315,1,ATHENAEUS,4352f04fcfd7cbe580caddf69f309034ffb967d5d1bc8a8e809498de5bf8d329,1,0,4,0
oth,ud23_oth,DIODORUS,d91dad02f8da03cf6702fa7edec531da5e56f526f466e2f04180f2a23a1cf315,1,HERODOTUS,89f0804afded8e7a0f4e1b507030d5ef4ecaf17e422c8b2969bd6b23e62818e6,1,1,2,2
oth,ud23_oth,DIODORUS,d91dad02f8da03cf6702fa7edec531da5e56f526f466e2f04180f2a23a1cf315,1,HESIODIC_TRADITION,c4c0c7eaeca0d61d2e53f4f0642bfa382e91dd28b470d2f4da2ba8539fe0e7f7,1,1,30,8
oth,ud23_oth,DIODORUS,d91dad02f8da03cf6702fa7edec531da5e56f526f466e2f04180f2a23a1cf315,1,HOMERIC_TRADITION,209ee9f27c82f31d31eb16124569039d7847ed327f3a0f2b5c4eae048347e621,1,1,1,1
oth,ud23_oth,DIODORUS,d91dad02f8da03cf6702fa7edec531da5e56f526f466e2f04180f2a23a1cf315,1,PLUTARCH,ef8134329970f595ef9ccf4198217affef5c01fa243d5bf4e59ee6daebb04e1d,1,0,25,0
oth,ud23_oth,DIODORUS,d91dad02f8da03cf6702fa7edec531da5e56f526f466e2f04180f2a23a1cf315,1,THUCYDIDES,1a32cf6857284fff7c7f006f8d0cd4ab15a047af7a4bcd5613d1fd50789dd4ee,1,1,44,8
oth,ud23_oth,DIODORUS,d91dad02f8da03cf6702fa7edec531da5e56f526f466e2f04180f2a23a1cf315,2,ATHENAEUS,4352f04fcfd7cbe580caddf69f309034ffb967d5d1bc8a8e809498de5bf8d329,1,0,8,0
oth,ud23_oth,DIODORUS,d91dad02f8da03cf6702fa7edec531da5e56f526f466e2f04180f2a23a1cf315,2,HERODOTUS,89f0804afded8e7a0f4e1b507030d5ef4ecaf17e422c8b2969bd6b23e62818e6,1,1,22,8
oth,ud23_oth,DIODORUS,d91dad02f8da03cf6702fa7edec531da5e56f526f466e2f04180f2a23a1cf315,2,HESIODIC_TRADITION,c4c0c7eaeca0d61d2e53f4f0642bfa382e91dd28b470d2f4da2ba8539fe0e7f7,1,0,5,0
oth,ud23_oth,DIODORUS,d91dad02f8da03cf6702fa7edec531da5e56f526f466e2f04180f2a23a1cf315,2,HOMERIC_TRADITION,209ee9f27c82f31d31eb16124569039d7847ed327f3a0f2b5c4eae048347e621,1,1,25,8
oth,ud23_oth,DIODORUS,d91dad02f8da03cf6702fa7edec531da5e56f526f466e2f04180f2a23a1cf315,2,PLUTARCH,ef8134329970f595ef9ccf4198217affef5c01fa243d5bf4e59ee6daebb04e1d,1,1,36,8
oth,ud23_oth,DIODORUS,d91dad02f8da03cf6702fa7edec531da5e56f526f466e2f04180f2a23a1cf315,2,THUCYDIDES,1a32cf6857284fff7c7f006f8d0cd4ab15a047af7a4bcd5613d1fd50789dd4ee,1,1,19,8
oth,ud23_oth,DIODORUS,d91dad02f8da03cf6702fa7edec531da5e56f526f466e2f04180f2a23a1cf315,3,ATHENAEUS,4352f04fcfd7cbe580caddf69f309034ffb967d5d1bc8a8e809498de5bf8d329,1,1,4,4
oth,ud23_oth,DIODORUS,d91dad02f8da03cf6702fa7edec531da5e56f526f466e2f04180f2a23a1cf315,3,HERODOTUS,89f0804afded8e7a0f4e1b507030d5ef4ecaf17e422c8b2969bd6b23e62818e6,1,1,1,1
oth,ud23_oth,DIODORUS,d91dad02f8da03cf6702fa7edec531da5e56f526f466e2f04180f2a23a1cf315,3,HESIODIC_TRADITION,c4c0c7eaeca0d61d2e53f4f0642bfa382e91dd28b470d2f4da2ba8539fe0e7f7,1,1,4,4
oth,ud23_oth,DIODORUS,d91dad02f8da03cf6702fa7edec531da5e56f526f466e2f04180f2a23a1cf315,3,HOMERIC_TRADITION,209ee9f27c82f31d31eb16124569039d7847ed327f3a0f2b5c4eae048347e621,1,0,22,0
oth,ud23_oth,DIODORUS,d91dad02f8da03cf6702fa7edec531da5e56f526f466e2f04180f2a23a1cf315,3,PLUTARCH,ef8134329970f595ef9ccf4198217affef5c01fa243d5bf4e59ee6daebb04e1d,1,1,15,8
oth,ud23_oth,DIODORUS,d91dad02f8da03cf6702fa7edec531da5e56f526f466e2f04180f2a23a1cf315,3,THUCYDIDES,1a32cf6857284fff7c7f006f8d0cd4ab15a047af7a4bcd5613d1fd50789dd4ee,1,1,7,7
oth,ud23_oth,DIODORUS,d91dad02f8da03cf6702fa7edec531da5e56f526f466e2f04180f2a23a1cf315,4,ATHENAEUS,4352f04fcfd7cbe580caddf69f309034ffb967d5d1bc8a8e809498de5bf8d329,1,1,11,8
oth,ud23_oth,DIODORUS,d91dad02f8da03cf6702fa7edec531da5e56f526f466e2f04180f2a23a1cf315,4,HERODOTUS,89f0804afded8e7a0f4e1b507030d5ef4ecaf17e422c8b2969bd6b23e62818e6,1,1,3,3
oth,ud23_oth,DIODORUS,d91dad02f8da03cf6702fa7edec531da5e56f526f466e2f04180f2a23a1cf315,4,HESIODIC_TRADITION,c4c0c7eaeca0d61d2e53f4f0642bfa382e91dd28b470d2f4da2ba8539fe0e7f7,1,1,7,7
oth,ud23_oth,DIODORUS,d91dad02f8da03cf6702fa7edec531da5e56f526f466e2f04180f2a23a1cf315,4,HOMERIC_TRADITION,209ee9f27c82f31d31eb16124569039d7847ed327f3a0f2b5c4eae048347e621,1,0,2,0
oth,ud23_oth,DIODORUS,d91dad02f8da03cf6702fa7edec531da5e56f526f466e2f04180f2a23a1cf315,4,PLUTARCH,ef8134329970f595ef9ccf4198217affef5c01fa243d5bf4e59ee6daebb04e1d,1,1,23,8
oth,ud23_oth,DIODORUS,d91dad02f8da03cf6702fa7edec531da5e56f526f466e2f04180f2a23a1cf315,4,THUCYDIDES,1a32cf6857284fff7c7f006f8d0cd4ab15a047af7a4bcd5613d1fd50789dd4ee,1,1,24,8
oth,ud23_oth,DIODORUS,d91dad02f8da03cf6702fa7edec531da5e56f526f466e2f04180f2a23a1cf315,5,ATHENAEUS,4352f04fcfd7cbe580caddf69f309034ffb967d5d1bc8a8e809498de5bf8d329,1,1,3,3
oth,ud23_oth,DIODORUS,d91dad02f8da03cf6702fa7edec531da5e56f526f466e2f04180f2a23a1cf315,5,HERODOTUS,89f0804afded8e7a0f4e1b507030d5ef4ecaf17e422c8b2969bd6b23e62818e6,1,1,11,8
oth,ud23_oth,DIODORUS,d91dad02f8da03cf6702fa7edec531da5e56f526f466e2f04180f2a23a1cf315,5,HESIODIC_TRADITION,c4c0c7eaeca0d61d2e53f4f0642bfa382e91dd28b470d2f4da2ba8539fe0e7f7,1,1,4,4
oth,ud23_oth,DIODORUS,d91dad02f8da03cf6702fa7edec531da5e56f526f466e2f04180f2a23a1cf315,5,HOMERIC_TRADITION,209ee9f27c82f31d31eb16124569039d7847ed327f3a0f2b5c4eae048347e621,1,0,6,0
oth,ud23_oth,DIODORUS,d91dad02f8da03cf6702fa7edec531da5e56f526f466e2f04180f2a23a1cf315,5,PLUTARCH,ef8134329970f595ef9ccf4198217affef5c01fa243d5bf4e59ee6daebb04e1d,1,1,21,8
oth,ud23_oth,DIODORUS,d91dad02f8da03cf6702fa7edec531da5e56f526f466e2f04180f2a23a1cf315,5,THUCYDIDES,1a32cf6857284fff7c7f006f8d0cd4ab15a047af7a4bcd5613d1fd50789dd4ee,1,1,47,8
oth,ud23_oth,DIODORUS,d91dad02f8da03cf6702fa7edec531da5e56f526f466e2f04180f2a23a1cf315,6,ATHENAEUS,4352f04fcfd7cbe580caddf69f309034ffb967d5d1bc8a8e809498de5bf8d329,1,0,12,0
oth,ud23_oth,DIODORUS,d91dad02f8da03cf6702fa7edec531da5e56f526f466e2f04180f2a23a1cf315,6,HERODOTUS,89f0804afded8e7a0f4e1b507030d5ef4ecaf17e422c8b2969bd6b23e62818e6,1,1,1,1
oth,ud23_oth,DIODORUS,d91dad02f8da03cf6702fa7edec531da5e56f526f466e2f04180f2a23a1cf315,6,HESIODIC_TRADITION,c4c0c7eaeca0d61d2e53f4f0642bfa382e91dd28b470d2f4da2ba8539fe0e7f7,1,0,10,0
oth,ud23_oth,DIODORUS,d91dad02f8da03cf6702fa7edec531da5e56f526f466e2f04180f2a23a1cf315,6,HOMERIC_TRADITION,209ee9f27c82f31d31eb16124569039d7847ed327f3a0f2b5c4eae048347e621,0,0,0,0
oth,ud23_oth,DIODORUS,d91dad02f8da03cf6702fa7edec531da5e56f526f466e2f04180f2a23a1cf315,6,PLUTARCH,ef8134329970f595ef9ccf4198217affef5c01fa243d5bf4e59ee6daebb04e1d,1,1,9,8
oth,ud23_oth,DIODORUS,d91dad02f8da03cf6702fa7edec531da5e56f526f466e2f04180f2a23a1cf315,6,THUCYDIDES,1a32cf6857284fff7c7f006f8d0cd4ab15a047af7a4bcd5613d1fd50789dd4ee,1,1,24,8
oth,ud23_oth,DIODORUS,d91dad02f8da03cf6702fa7edec531da5e56f526f466e2f04180f2a23a1cf315,7,ATHENAEUS,4352f04fcfd7cbe580caddf69f309034ffb967d5d1bc8a8e809498de5bf8d329,1,0,13,0
oth,ud23_oth,DIODORUS,d91dad02f8da03cf6702fa7edec531da5e56f526f466e2f04180f2a23a1cf315,7,HERODOTUS,89f0804afded8e7a0f4e1b507030d5ef4ecaf17e422c8b2969bd6b23e62818e6,1,1,8,8
oth,ud23_oth,DIODORUS,d91dad02f8da03cf6702fa7edec531da5e56f526f466e2f04180f2a23a1cf315,7,HESIODIC_TRADITION,c4c0c7eaeca0d61d2e53f4f0642bfa382e91dd28b470d2f4da2ba8539fe0e7f7,1,1,6,6
oth,ud23_oth,DIODORUS,d91dad02f8da03cf6702fa7edec531da5e56f526f466e2f04180f2a23a1cf315,7,HOMERIC_TRADITION,209ee9f27c82f31d31eb16124569039d7847ed327f3a0f2b5c4eae048347e621,1,1,2,2
oth,ud23_oth,DIODORUS,d91dad02f8da03cf6702fa7edec531da5e56f526f466e2f04180f2a23a1cf315,7,PLUTARCH,ef8134329970f595ef9ccf4198217affef5c01fa243d5bf4e59ee6daebb04e1d,1,0,6,0
oth,ud23_oth,DIODORUS,d91dad02f8da03cf6702fa7edec531da5e56f526f466e2f04180f2a23a1cf315,7,THUCYDIDES,1a32cf6857284fff7c7f006f8d0cd4ab15a047af7a4bcd5613d1fd50789dd4ee,1,1,29,8
oth,ud23_oth,DIODORUS,d91dad02f8da03cf6702fa7edec531da5e56f526f466e2f04180f2a23a1cf315,8,ATHENAEUS,4352f04fcfd7cbe580caddf69f309034ffb967d5d1bc8a8e809498de5bf8d329,0,0,0,0
oth,ud23_oth,DIODORUS,d91dad02f8da03cf6702fa7edec531da5e56f526f466e2f04180f2a23a1cf315,8,HERODOTUS,89f0804afded8e7a0f4e1b507030d5ef4ecaf17e422c8b2969bd6b23e62818e6,1,1,6,6
oth,ud23_oth,DIODORUS,d91dad02f8da03cf6702fa7edec531da5e56f526f466e2f04180f2a23a1cf315,8,HESIODIC_TRADITION,c4c0c7eaeca0d61d2e53f4f0642bfa382e91dd28b470d2f4da2ba8539fe0e7f7,1,1,11,8
oth,ud23_oth,DIODORUS,d91dad02f8da03cf6702fa7edec531da5e56f526f466e2f04180f2a23a1cf315,8,HOMERIC_TRADITION,209ee9f27c82f31d31eb16124569039d7847ed327f3a0f2b5c4eae048347e621,1,1,6,6
oth,ud23_oth,DIODORUS,d91dad02f8da03cf6702fa7edec531da5e56f526f466e2f04180f2a23a1cf315,8,PLUTARCH,ef8134329970f595ef9ccf4198217affef5c01fa243d5bf4e59ee6daebb04e1d,1,1,6,6
oth,ud23_oth,DIODORUS,d91dad02f8da03cf6702fa7edec531da5e56f526f466e2f04180f2a23a1cf315,8,THUCYDIDES,1a32cf6857284fff7c7f006f8d0cd4ab15a047af7a4bcd5613d1fd50789dd4ee,1,1,2,2
oth,ud23_oth,DIODORUS,d91dad02f8da03cf6702fa7edec531da5e56f526f466e2f04180f2a23a1cf315,9,ATHENAEUS,4352f04fcfd7cbe580caddf69f309034ffb967d5d1bc8a8e809498de5bf8d329,1,0,6,0
oth,ud23_oth,DIODORUS,d91dad02f8da03cf6702fa7edec531da5e56f526f466e2f04180f2a23a1cf315,9,HERODOTUS,89f0804afded8e7a0f4e1b507030d5ef4ecaf17e422c8b2969bd6b23e62818e6,1,0,25,0
oth,ud23_oth,DIODORUS,d91dad02f8da03cf6702fa7edec531da5e56f526f466e2f04180f2a23a1cf315,9,HESIODIC_TRADITION,c4c0c7eaeca0d61d2e53f4f0642bfa382e91dd28b470d2f4da2ba8539fe0e7f7,1,1,3,3
oth,ud23_oth,DIODORUS,d91dad02f8da03cf6702fa7edec531da5e56f526f466e2f04180f2a23a1cf315,9,HOMERIC_TRADITION,209ee9f27c82f31d31eb16124569039d7847ed327f3a0f2b5c4eae048347e621,1,0,12,0
oth,ud23_oth,DIODORUS,d91dad02f8da03cf6702fa7edec531da5e56f526f466e2f04180f2a23a1cf315,9,PLUTARCH,ef8134329970f595ef9ccf4198217affef5c01fa243d5bf4e59ee6daebb04e1d,1,1,36,8
oth,ud23_oth,DIODORUS,d91dad02f8da03cf6702fa7edec531da5e56f526f466e2f04180f2a23a1cf315,9,THUCYDIDES,1a32cf6857284fff7c7f006f8d0cd4ab15a047af7a4bcd5613d1fd50789dd4ee,1,1,32,8
oth,ud23_oth,PLUTARCH,ef8134329970f595ef9ccf4198217affef5c01fa243d5bf4e59ee6daebb04e1d,0,ATHENAEUS,4352f04fcfd7cbe580caddf69f309034ffb967d5d1bc8a8e809498de5bf8d329,1,0,8,0
oth,ud23_oth,PLUTARCH,ef8134329970f595ef9ccf4198217affef5c01fa243d5bf4e59ee6daebb04e1d,0,DIODORUS,d91dad02f8da03cf6702fa7edec531da5e56f526f466e2f04180f2a23a1cf315,1,1,6,6
oth,ud23_oth,PLUTARCH,ef8134329970f595ef9ccf4198217affef5c01fa243d5bf4e59ee6daebb04e1d,0,HERODOTUS,89f0804afded8e7a0f4e1b507030d5ef4ecaf17e422c8b2969bd6b23e62818e6,1,1,17,8
oth,ud23_oth,PLUTARCH,ef8134329970f595ef9ccf4198217affef5c01fa243d5bf4e59ee6daebb04e1d,0,HESIODIC_TRADITION,c4c0c7eaeca0d61d2e53f4f0642bfa382e91dd28b470d2f4da2ba8539fe0e7f7,1,1,18,8
oth,ud23_oth,PLUTARCH,ef8134329970f595ef9ccf4198217affef5c01fa243d5bf4e59ee6daebb04e1d,0,HOMERIC_TRADITION,209ee9f27c82f31d31eb16124569039d7847ed327f3a0f2b5c4eae048347e621,1,1,4,4
oth,ud23_oth,PLUTARCH,ef8134329970f595ef9ccf4198217affef5c01fa243d5bf4e59ee6daebb04e1d,0,THUCYDIDES,1a32cf6857284fff7c7f006f8d0cd4ab15a047af7a4bcd5613d1fd50789dd4ee,1,1,24,8
oth,ud23_oth,PLUTARCH,ef8134329970f595ef9ccf4198217affef5c01fa243d5bf4e59ee6daebb04e1d,1,ATHENAEUS,4352f04fcfd7cbe580caddf69f309034ffb967d5d1bc8a8e809498de5bf8d329,1,1,1,1
oth,ud23_oth,PLUTARCH,ef8134329970f595ef9ccf4198217affef5c01fa243d5bf4e59ee6daebb04e1d,1,DIODORUS,d91dad02f8da03cf6702fa7edec531da5e56f526f466e2f04180f2a23a1cf315,1,1,15,8
oth,ud23_oth,PLUTARCH,ef8134329970f595ef9ccf4198217affef5c01fa243d5bf4e59ee6daebb04e1d,1,HERODOTUS,89f0804afded8e7a0f4e1b507030d5ef4ecaf17e422c8b2969bd6b23e62818e6,1,1,24,8
oth,ud23_oth,PLUTARCH,ef8134329970f595ef9ccf4198217affef5c01fa243d5bf4e59ee6daebb04e1d,1,HESIODIC_TRADITION,c4c0c7eaeca0d61d2e53f4f0642bfa382e91dd28b470d2f4da2ba8539fe0e7f7,1,1,7,7
oth,ud23_oth,PLUTARCH,ef8134329970f595ef9ccf4198217affef5c01fa243d5bf4e59ee6daebb04e1d,1,HOMERIC_TRADITION,209ee9f27c82f31d31eb16124569039d7847ed327f3a0f2b5c4eae048347e621,1,1,19,8
oth,ud23_oth,PLUTARCH,ef8134329970f595ef9ccf4198217affef5c01fa243d5bf4e59ee6daebb04e1d,1,THUCYDIDES,1a32cf6857284fff7c7f006f8d0cd4ab15a047af7a4bcd5613d1fd50789dd4ee,1,1,1,1
oth,ud23_oth,PLUTARCH,ef8134329970f595ef9ccf4198217affef5c01fa243d5bf4e59ee6daebb04e1d,2,ATHENAEUS,4352f04fcfd7cbe580caddf69f309034ffb967d5d1bc8a8e809498de5bf8d329,1,1,3,3
oth,ud23_oth,PLUTARCH,ef8134329970f595ef9ccf4198217affef5c01fa243d5bf4e59ee6daebb04e1d,2,DIODORUS,d91dad02f8da03cf6702fa7edec531da5e56f526f466e2f04180f2a23a1cf315,1,1,23,8
oth,ud23_oth,PLUTARCH,ef8134329970f595ef9ccf4198217affef5c01fa243d5bf4e59ee6daebb04e1d,2,HERODOTUS,89f0804afded8e7a0f4e1b507030d5ef4ecaf17e422c8b2969bd6b23e62818e6,1,1,10,8
oth,ud23_oth,PLUTARCH,ef8134329970f595ef9ccf4198217affef5c01fa243d5bf4e59ee6daebb04e1d,2,HESIODIC_TRADITION,c4c0c7eaeca0d61d2e53f4f0642bfa382e91dd28b470d2f4da2ba8539fe0e7f7,1,0,15,0
oth,ud23_oth,PLUTARCH,ef8134329970f595ef9ccf4198217affef5c01fa243d5bf4e59ee6daebb04e1d,2,HOMERIC_TRADITION,209ee9f27c82f31d31eb16124569039d7847ed327f3a0f2b5c4eae048347e621,0,0,0,0
oth,ud23_oth,PLUTARCH,ef8134329970f595ef9ccf4198217affef5c01fa243d5bf4e59ee6daebb04e1d,2,THUCYDIDES,1a32cf6857284fff7c7f006f8d0cd4ab15a047af7a4bcd5613d1fd50789dd4ee,1,1,5,5
oth,ud23_oth,PLUTARCH,ef8134329970f595ef9ccf4198217affef5c01fa243d5bf4e59ee6daebb04e1d,3,ATHENAEUS,4352f04fcfd7cbe580caddf69f309034ffb967d5d1bc8a8e809498de5bf8d329,1,1,8,8
oth,ud23_oth,PLUTARCH,ef8134329970f595ef9ccf4198217affef5c01fa243d5bf4e59ee6daebb04e1d,3,DIODORUS,d91dad02f8da03cf6702fa7edec531da5e56f526f466e2f04180f2a23a1cf315,1,1,13,8
oth,ud23_oth,PLUTARCH,ef8134329970f595ef9ccf4198217affef5c01fa243d5bf4e59ee6daebb04e1d,3,HERODOTUS,89f0804afded8e7a0f4e1b507030d5ef4ecaf17e422c8b2969bd6b23e62818e6,1,1,13,8
oth,ud23_oth,PLUTARCH,ef8134329970f595ef9ccf4198217affef5c01fa243d5bf4e59ee6daebb04e1d,3,HESIODIC_TRADITION,c4c0c7eaeca0d61d2e53f4f0642bfa382e91dd28b470d2f4da2ba8539fe0e7f7,0,0,0,0
oth,ud23_oth,PLUTARCH,ef8134329970f595ef9ccf4198217affef5c01fa243d5bf4e59ee6daebb04e1d,3,HOMERIC_TRADITION,209ee9f27c82f31d31eb16124569039d7847ed327f3a0f2b5c4eae048347e621,1,1,13,8
oth,ud23_oth,PLUTARCH,ef8134329970f595ef9ccf4198217affef5c01fa243d5bf4e59ee6daebb04e1d,3,THUCYDIDES,1a32cf6857284fff7c7f006f8d0cd4ab15a047af7a4bcd5613d1fd50789dd4ee,1,1,9,8
oth,ud23_oth,PLUTARCH,ef8134329970f595ef9ccf4198217affef5c01fa243d5bf4e59ee6daebb04e1d,4,ATHENAEUS,4352f04fcfd7cbe580caddf69f309034ffb967d5d1bc8a8e809498de5bf8d329,1,0,35,0
oth,ud23_oth,PLUTARCH,ef8134329970f595ef9ccf4198217affef5c01fa243d5bf4e59ee6daebb04e1d,4,DIODORUS,d91dad02f8da03cf6702fa7edec531da5e56f526f466e2f04180f2a23a1cf315,1,1,1,1
oth,ud23_oth,PLUTARCH,ef8134329970f595ef9ccf4198217affef5c01fa243d5bf4e59ee6daebb04e1d,4,HERODOTUS,89f0804afded8e7a0f4e1b507030d5ef4ecaf17e422c8b2969bd6b23e62818e6,1,1,12,8
oth,ud23_oth,PLUTARCH,ef8134329970f595ef9ccf4198217affef5c01fa243d5bf4e59ee6daebb04e1d,4,HESIODIC_TRADITION,c4c0c7eaeca0d61d2e53f4f0642bfa382e91dd28b470d2f4da2ba8539fe0e7f7,1,1,2,2
oth,ud23_oth,PLUTARCH,ef8134329970f595ef9ccf4198217affef5c01fa243d5bf4e59ee6daebb04e1d,4,HOMERIC_TRADITION,209ee9f27c82f31d31eb16124569039d7847ed327f3a0f2b5c4eae048347e621,1,1,10,8
oth,ud23_oth,PLUTARCH,ef8134329970f595ef9ccf4198217affef5c01fa243d5bf4e59ee6daebb04e1d,4,THUCYDIDES,1a32cf6857284fff7c7f006f8d0cd4ab15a047af7a4bcd5613d1fd50789dd4ee,1,1,25,8
oth,ud23_oth,PLUTARCH,ef8134329970f595ef9ccf4198217affef5c01fa243d5bf4e59ee6daebb04e1d,5,ATHENAEUS,4352f04fcfd7cbe580caddf69f309034ffb967d5d1bc8a8e809498de5bf8d329,1,1,11,8
oth,ud23_oth,PLUTARCH,ef8134329970f595ef9ccf4198217affef5c01fa243d5bf4e59ee6daebb04e1d,5,DIODORUS,d91dad02f8da03cf6702fa7edec531da5e56f526f466e2f04180f2a23a1cf315,1,0,23,0
oth,ud23_oth,PLUTARCH,ef8134329970f595ef9ccf4198217affef5c01fa243d5bf4e59ee6daebb04e1d,5,HERODOTUS,89f0804afded8e7a0f4e1b507030d5ef4ecaf17e422c8b2969bd6b23e62818e6,1,1,1,1
oth,ud23_oth,PLUTARCH,ef8134329970f595ef9ccf4198217affef5c01fa243d5bf4e59ee6daebb04e1d,5,HESIODIC_TRADITION,c4c0c7eaeca0d61d2e53f4f0642bfa382e91dd28b470d2f4da2ba8539fe0e7f7,1,1,9,8
oth,ud23_oth,PLUTARCH,ef8134329970f595ef9ccf4198217affef5c01fa243d5bf4e59ee6daebb04e1d,5,HOMERIC_TRADITION,209ee9f27c82f31d31eb16124569039d7847ed327f3a0f2b5c4eae048347e621,1,1,8,8
oth,ud23_oth,PLUTARCH,ef8134329970f595ef9ccf4198217affef5c01fa243d5bf4e59ee6daebb04e1d,5,THUCYDIDES,1a32cf6857284fff7c7f006f8d0cd4ab15a047af7a4bcd5613d1fd50789dd4ee,1,0,16,0
oth,ud23_oth,PLUTARCH,ef8134329970f595ef9ccf4198217affef5c01fa243d5bf4e59ee6daebb04e1d,6,ATHENAEUS,4352f04fcfd7cbe580caddf69f309034ffb967d5d1bc8a8e809498de5bf8d329,1,1,1,1
oth,ud23_oth,PLUTARCH,ef8134329970f595ef9ccf4198217affef5c01fa243d5bf4e59ee6daebb04e1d,6,DIODORUS,d91dad02f8da03cf6702fa7edec531da5e56f526f466e2f04180f2a23a1cf315,1,1,24,8
oth,ud23_oth,PLUTARCH,ef8134329970f595ef9ccf4198217affef5c01fa243d5bf4e59ee6daebb04e1d,6,HERODOTUS,89f0804afded8e7a0f4e1b507030d5ef4ecaf17e422c8b2969bd6b23e62818e6,1,1,11,8
oth,ud23_oth,PLUTARCH,ef8134329970f595ef9ccf4198217affef5c01fa243d5bf4e59ee6daebb04e1d,6,HESIODIC_TRADITION,c4c0c7eaeca0d61d2e53f4f0642bfa382e91dd28b470d2f4da2ba8539fe0e7f7,1,1,4,4
oth,ud23_oth,PLUTARCH,ef8134329970f595ef9ccf4198217affef5c01fa243d5bf4e59ee6daebb04e1d,6,HOMERIC_TRADITION,209ee9f27c82f31d31eb16124569039d7847ed327f3a0f2b5c4eae048347e621,1,1,7,7
oth,ud23_oth,PLUTARCH,ef8134329970f595ef9ccf4198217affef5c01fa243d5bf4e59ee6daebb04e1d,6,THUCYDIDES,1a32cf6857284fff7c7f006f8d0cd4ab15a047af7a4bcd5613d1fd50789dd4ee,1,1,15,8
oth,ud23_oth,PLUTARCH,ef8134329970f595ef9ccf4198217affef5c01fa243d5bf4e59ee6daebb04e1d,7,ATHENAEUS,4352f04fcfd7cbe580caddf69f309034ffb967d5d1bc8a8e809498de5bf8d329,1,1,13,8
oth,ud23_oth,PLUTARCH,ef8134329970f595ef9ccf4198217affef5c01fa243d5bf4e59ee6daebb04e1d,7,DIODORUS,d91dad02f8da03cf6702fa7edec531da5e56f526f466e2f04180f2a23a1cf315,1,1,1,1
oth,ud23_oth,PLUTARCH,ef8134329970f595ef9ccf4198217affef5c01fa243d5bf4e59ee6daebb04e1d,7,HERODOTUS,89f0804afded8e7a0f4e1b507030d5ef4ecaf17e422c8b2969bd6b23e62818e6,1,1,24,8
oth,ud23_oth,PLUTARCH,ef8134329970f595ef9ccf4198217affef5c01fa243d5bf4e59ee6daebb04e1d,7,HESIODIC_TRADITION,c4c0c7eaeca0d61d2e53f4f0642bfa382e91dd28b470d2f4da2ba8539fe0e7f7,1,0,13,0
oth,ud23_oth,PLUTARCH,ef8134329970f595ef9ccf4198217affef5c01fa243d5bf4e59ee6daebb04e1d,7,HOMERIC_TRADITION,209ee9f27c82f31d31eb16124569039d7847ed327f3a0f2b5c4eae048347e621,1,1,4,4
oth,ud23_oth,PLUTARCH,ef8134329970f595ef9ccf4198217affef5c01fa243d5bf4e59ee6daebb04e1d,7,THUCYDIDES,1a32cf6857284fff7c7f006f8d0cd4ab15a047af7a4bcd5613d1fd50789dd4ee,1,1,24,8
oth,ud23_oth,PLUTARCH,ef8134329970f595ef9ccf4198217affef5c01fa243d5bf4e59ee6daebb04e1d,8,ATHENAEUS,4352f04fcfd7cbe580caddf69f309034ffb967d5d1bc8a8e809498de5bf8d329,1,1,10,8
oth,ud23_oth,PLUTARCH,ef8134329970f595ef9ccf4198217affef5c01fa243d5bf4e59ee6daebb04e1d,8,DIODORUS,d91dad02f8da03cf6702fa7edec531da5e56f526f466e2f04180f2a23a1cf315,1,1,4,4
oth,ud23_oth,PLUTARCH,ef8134329970f595ef9ccf4198217affef5c01fa243d5bf4e59ee6daebb04e1d,8,HERODOTUS,89f0804afded8e7a0f4e1b507030d5ef4ecaf17e422c8b2969bd6b23e62818e6,1,1,22,8
oth,ud23_oth,PLUTARCH,ef8134329970f595ef9ccf4198217affef5c01fa243d5bf4e59ee6daebb04e1d,8,HESIODIC_TRADITION,c4c0c7eaeca0d61d2e53f4f0642bfa382e91dd28b470d2f4da2ba8539fe0e7f7,1,1,7,7
oth,ud23_oth,PLUTARCH,ef8134329970f595ef9ccf4198217affef5c01fa243d5bf4e59ee6daebb04e1d,8,HOMERIC_TRADITION,209ee9f27c82f31d31eb16124569039d7847ed327f3a0f2b5c4eae048347e621,1,1,2,2
oth,ud23_oth,PLUTARCH,ef8134329970f595ef9ccf4198217affef5c01fa243d5bf4e59ee6daebb04e1d,8,THUCYDIDES,1a32cf6857284fff7c7f006f8d0cd4ab15a047af7a4bcd5613d1fd50789dd4ee,1,0,18,0
oth,ud23_oth,PLUTARCH,ef8134329970f595ef9ccf4198217affef5c01fa243d5bf4e59ee6daebb04e1d,9,ATHENAEUS,4352f04fcfd7cbe580caddf69f309034ffb967d5d1bc8a8e809498de5bf8d329,1,0,16,0
oth,ud23_oth,PLUTARCH,ef8134329970f595ef9ccf4198217affef5c01fa243d5bf4e59ee6daebb04e1d,9,DIODORUS,d91dad02f8da03cf6702fa7edec531da5e56f526f466e2f04180f2a23a1cf315,1,1,22,8
oth,ud23_oth,PLUTARCH,ef8134329970f595ef9ccf4198217affef5c01fa243d5bf4e59ee6daebb04e1d,9,HERODOTUS,89f0804afded8e7a0f4e1b507030d5ef4ecaf17e422c8b2969bd6b23e62818e6,1,1,6,6
oth,ud23_oth,PLUTARCH,ef8134329970f595ef9ccf4198217affef5c01fa243d5bf4e59ee6daebb04e1d,9,HESIODIC_TRADITION,c4c0c7eaeca0d61d2e53f4f0642bfa382e91dd28b470d2f4da2ba8539fe0e7f7,1,1,11,8
oth,ud23_oth,PLUTARCH,ef8134329970f595ef9ccf4198217affef5c01fa243d5bf4e59ee6daebb04e1d,9,HOMERIC_TRADITION,209ee9f27c82f31d31eb16124569039d7847ed327f3a0f2b5c4eae048347e621,1,1,7,7
oth,ud23_oth,PLUTARCH,ef8134329970f595ef9ccf4198217affef5c01fa243d5bf4e59ee6daebb04e1d,9,THUCYDIDES,1a32cf6857284fff7c7f006f8d0cd4ab15a047af7a4bcd5613d1fd50789dd4ee,1,1,7,7
q_half,ud23,THUCYDIDES,1a32cf6857284fff7c7f006f8d0cd4ab15a047af7a4bcd5613d1fd50789dd4ee,0,ATHENAEUS,4352f04fcfd7cbe580caddf69f309034ffb967d5d1bc8a8e809498de5bf8d329,1,1,23,8
q_half,ud23,THUCYDIDES,1a32cf6857284fff7c7f006f8d0cd4ab15a047af7a4bcd5613d1fd50789dd4ee,0,DIODORUS,d91dad02f8da03cf6702fa7edec531da5e56f526f466e2f04180f2a23a1cf315,1,1,11,8
q_half,ud23,THUCYDIDES,1a32cf6857284fff7c7f006f8d0cd4ab15a047af7a4bcd5613d1fd50789dd4ee,0,HERODOTUS,89f0804afded8e7a0f4e1b507030d5ef4ecaf17e422c8b2969bd6b23e62818e6,1,1,17,8
q_half,ud23,THUCYDIDES,1a32cf6857284fff7c7f006f8d0cd4ab15a047af7a4bcd5613d1fd50789dd4ee,0,HESIODIC_TRADITION,c4c0c7eaeca0d61d2e53f4f0642bfa382e91dd28b470d2f4da2ba8539fe0e7f7,1,1,21,8
q_half,ud23,THUCYDIDES,1a32cf6857284fff7c7f006f8d0cd4ab15a047af7a4bcd5613d1fd50789dd4ee,0,HOMERIC_TRADITION,209ee9f27c82f31d31eb16124569039d7847ed327f3a0f2b5c4eae048347e621,1,1,5,5
q_half,ud23,THUCYDIDES,1a32cf6857284fff7c7f006f8d0cd4ab15a047af7a4bcd5613d1fd50789dd4ee,0,PLUTARCH,ef8134329970f595ef9ccf4198217affef5c01fa243d5bf4e59ee6daebb04e1d,1,1,5,5
q_half,ud23,THUCYDIDES,1a32cf6857284fff7c7f006f8d0cd4ab15a047af7a4bcd5613d1fd50789dd4ee,1,ATHENAEUS,4352f04fcfd7cbe580caddf69f309034ffb967d5d1bc8a8e809498de5bf8d329,1,1,3,3
q_half,ud23,THUCYDIDES,1a32cf6857284fff7c7f006f8d0cd4ab15a047af7a4bcd5613d1fd50789dd4ee,1,DIODORUS,d91dad02f8da03cf6702fa7edec531da5e56f526f466e2f04180f2a23a1cf315,1,1,24,8
q_half,ud23,THUCYDIDES,1a32cf6857284fff7c7f006f8d0cd4ab15a047af7a4bcd5613d1fd50789dd4ee,1,HERODOTUS,89f0804afded8e7a0f4e1b507030d5ef4ecaf17e422c8b2969bd6b23e62818e6,1,1,8,8
q_half,ud23,THUCYDIDES,1a32cf6857284fff7c7f006f8d0cd4ab15a047af7a4bcd5613d1fd50789dd4ee,1,HESIODIC_TRADITION,c4c0c7eaeca0d61d2e53f4f0642bfa382e91dd28b470d2f4da2ba8539fe0e7f7,1,0,12,0
q_half,ud23,THUCYDIDES,1a32cf6857284fff7c7f006f8d0cd4ab15a047af7a4bcd5613d1fd50789dd4ee,1,HOMERIC_TRADITION,209ee9f27c82f31d31eb16124569039d7847ed327f3a0f2b5c4eae048347e621,1,1,10,8
q_half,ud23,THUCYDIDES,1a32cf6857284fff7c7f006f8d0cd4ab15a047af7a4bcd5613d1fd50789dd4ee,1,PLUTARCH,ef8134329970f595ef9ccf4198217affef5c01fa243d5bf4e59ee6daebb04e1d,1,1,18,8
q_half,ud23,THUCYDIDES,1a32cf6857284fff7c7f006f8d0cd4ab15a047af7a4bcd5613d1fd50789dd4ee,2,ATHENAEUS,4352f04fcfd7cbe580caddf69f309034ffb967d5d1bc8a8e809498de5bf8d329,1,1,16,8
q_half,ud23,THUCYDIDES,1a32cf6857284fff7c7f006f8d0cd4ab15a047af7a4bcd5613d1fd50789dd4ee,2,DIODORUS,d91dad02f8da03cf6702fa7edec531da5e56f526f466e2f04180f2a23a1cf315,1,1,12,8
q_half,ud23,THUCYDIDES,1a32cf6857284fff7c7f006f8d0cd4ab15a047af7a4bcd5613d1fd50789dd4ee,2,HERODOTUS,89f0804afded8e7a0f4e1b507030d5ef4ecaf17e422c8b2969bd6b23e62818e6,1,1,4,4
q_half,ud23,THUCYDIDES,1a32cf6857284fff7c7f006f8d0cd4ab15a047af7a4bcd5613d1fd50789dd4ee,2,HESIODIC_TRADITION,c4c0c7eaeca0d61d2e53f4f0642bfa382e91dd28b470d2f4da2ba8539fe0e7f7,1,1,2,2
q_half,ud23,THUCYDIDES,1a32cf6857284fff7c7f006f8d0cd4ab15a047af7a4bcd5613d1fd50789dd4ee,2,HOMERIC_TRADITION,209ee9f27c82f31d31eb16124569039d7847ed327f3a0f2b5c4eae048347e621,1,1,1,1
q_half,ud23,THUCYDIDES,1a32cf6857284fff7c7f006f8d0cd4ab15a047af7a4bcd5613d1fd50789dd4ee,2,PLUTARCH,ef8134329970f595ef9ccf4198217affef5c01fa243d5bf4e59ee6daebb04e1d,1,1,5,5
q_half,ud23,THUCYDIDES,1a32cf6857284fff7c7f006f8d0cd4ab15a047af7a4bcd5613d1fd50789dd4ee,3,ATHENAEUS,4352f04fcfd7cbe580caddf69f309034ffb967d5d1bc8a8e809498de5bf8d329,1,1,19,8
q_half,ud23,THUCYDIDES,1a32cf6857284fff7c7f006f8d0cd4ab15a047af7a4bcd5613d1fd50789dd4ee,3,DIODORUS,d91dad02f8da03cf6702fa7edec531da5e56f526f466e2f04180f2a23a1cf315,1,1,11,8
q_half,ud23,THUCYDIDES,1a32cf6857284fff7c7f006f8d0cd4ab15a047af7a4bcd5613d1fd50789dd4ee,3,HERODOTUS,89f0804afded8e7a0f4e1b507030d5ef4ecaf17e422c8b2969bd6b23e62818e6,1,1,8,8
q_half,ud23,THUCYDIDES,1a32cf6857284fff7c7f006f8d0cd4ab15a047af7a4bcd5613d1fd50789dd4ee,3,HESIODIC_TRADITION,c4c0c7eaeca0d61d2e53f4f0642bfa382e91dd28b470d2f4da2ba8539fe0e7f7,1,1,9,8
q_half,ud23,THUCYDIDES,1a32cf6857284fff7c7f006f8d0cd4ab15a047af7a4bcd5613d1fd50789dd4ee,3,HOMERIC_TRADITION,209ee9f27c82f31d31eb16124569039d7847ed327f3a0f2b5c4eae048347e621,1,1,10,8
q_half,ud23,THUCYDIDES,1a32cf6857284fff7c7f006f8d0cd4ab15a047af7a4bcd5613d1fd50789dd4ee,3,PLUTARCH,ef8134329970f595ef9ccf4198217affef5c01fa243d5bf4e59ee6daebb04e1d,1,1,14,8
q_half,ud23,THUCYDIDES,1a32cf6857284fff7c7f006f8d0cd4ab15a047af7a4bcd5613d1fd50789dd4ee,4,ATHENAEUS,4352f04fcfd7cbe580caddf69f309034ffb967d5d1bc8a8e809498de5bf8d329,1,0,19,0
q_half,ud23,THUCYDIDES,1a32cf6857284fff7c7f006f8d0cd4ab15a047af7a4bcd5613d1fd50789dd4ee,4,DIODORUS,d91dad02f8da03cf6702fa7edec531da5e56f526f466e2f04180f2a23a1cf315,1,1,6,6
q_half,ud23,THUCYDIDES,1a32cf6857284fff7c7f006f8d0cd4ab15a047af7a4bcd5613d1fd50789dd4ee,4,HERODOTUS,89f0804afded8e7a0f4e1b507030d5ef4ecaf17e422c8b2969bd6b23e62818e6,1,1,8,8
q_half,ud23,THUCYDIDES,1a32cf6857284fff7c7f006f8d0cd4ab15a047af7a4bcd5613d1fd50789dd4ee,4,HESIODIC_TRADITION,c4c0c7eaeca0d61d2e53f4f0642bfa382e91dd28b470d2f4da2ba8539fe0e7f7,1,1,3,3
q_half,ud23,THUCYDIDES,1a32cf6857284fff7c7f006f8d0cd4ab15a047af7a4bcd5613d1fd50789dd4ee,4,HOMERIC_TRADITION,209ee9f27c82f31d31eb16124569039d7847ed327f3a0f2b5c4eae048347e621,1,1,3,3
q_half,ud23,THUCYDIDES,1a32cf6857284fff7c7f006f8d0cd4ab15a047af7a4bcd5613d1fd50789dd4ee,4,PLUTARCH,ef8134329970f595ef9ccf4198217affef5c01fa243d5bf4e59ee6daebb04e1d,1,1,5,5
q_half,ud23,THUCYDIDES,1a32cf6857284fff7c7f006f8d0cd4ab15a047af7a4bcd5613d1fd50789dd4ee,5,ATHENAEUS,4352f04fcfd7cbe580caddf69f309034ffb967d5d1bc8a8e809498de5bf8d329,1,1,2,2
q_half,ud23,THUCYDIDES,1a32cf6857284fff7c7f006f8d0cd4ab15a047af7a4bcd5613d1fd50789dd4ee,5,DIODORUS,d91dad02f8da03cf6702fa7edec531da5e56f526f466e2f04180f2a23a1cf315,1,1,1,1
q_half,ud23,THUCYDIDES,1a32cf6857284fff7c7f006f8d0cd4ab15a047af7a4bcd5613d1fd50789dd4ee,5,HERODOTUS,89f0804afded8e7a0f4e1b507030d5ef4ecaf17e422c8b2969bd6b23e62818e6,1,1,13,8
q_half,ud23,THUCYDIDES,1a32cf6857284fff7c7f006f8d0cd4ab15a047af7a4bcd5613d1fd50789dd4ee,5,HESIODIC_TRADITION,c4c0c7eaeca0d61d2e53f4f0642bfa382e91dd28b470d2f4da2ba8539fe0e7f7,1,1,3,3
q_half,ud23,THUCYDIDES,1a32cf6857284fff7c7f006f8d0cd4ab15a047af7a4bcd5613d1fd50789dd4ee,5,HOMERIC_TRADITION,209ee9f27c82f31d31eb16124569039d7847ed327f3a0f2b5c4eae048347e621,1,1,6,6
q_half,ud23,THUCYDIDES,1a32cf6857284fff7c7f006f8d0cd4ab15a047af7a4bcd5613d1fd50789dd4ee,5,PLUTARCH,ef8134329970f595ef9ccf4198217affef5c01fa243d5bf4e59ee6daebb04e1d,1,1,6,6
q_half,ud23,THUCYDIDES,1a32cf6857284fff7c7f006f8d0cd4ab15a047af7a4bcd5613d1fd50789dd4ee,6,ATHENAEUS,4352f04fcfd7cbe580caddf69f309034ffb967d5d1bc8a8e809498de5bf8d329,0,0,0,0
q_half,ud23,THUCYDIDES,1a32cf6857284fff7c7f006f8d0cd4ab15a047af7a4bcd5613d1fd50789dd4ee,6,DIODORUS,d91dad02f8da03cf6702fa7edec531da5e56f526f466e2f04180f2a23a1cf315,1,1,4,4
q_half,ud23,THUCYDIDES,1a32cf6857284fff7c7f006f8d0cd4ab15a047af7a4bcd5613d1fd50789dd4ee,6,HERODOTUS,89f0804afded8e7a0f4e1b507030d5ef4ecaf17e422c8b2969bd6b23e62818e6,1,1,20,8
q_half,ud23,THUCYDIDES,1a32cf6857284fff7c7f006f8d0cd4ab15a047af7a4bcd5613d1fd50789dd4ee,6,HESIODIC_TRADITION,c4c0c7eaeca0d61d2e53f4f0642bfa382e91dd28b470d2f4da2ba8539fe0e7f7,1,1,11,8
q_half,ud23,THUCYDIDES,1a32cf6857284fff7c7f006f8d0cd4ab15a047af7a4bcd5613d1fd50789dd4ee,6,HOMERIC_TRADITION,209ee9f27c82f31d31eb16124569039d7847ed327f3a0f2b5c4eae048347e621,1,1,1,1
q_half,ud23,THUCYDIDES,1a32cf6857284fff7c7f006f8d0cd4ab15a047af7a4bcd5613d1fd50789dd4ee,6,PLUTARCH,ef8134329970f595ef9ccf4198217affef5c01fa243d5bf4e59ee6daebb04e1d,1,1,5,5
q_half,ud23,THUCYDIDES,1a32cf6857284fff7c7f006f8d0cd4ab15a047af7a4bcd5613d1fd50789dd4ee,7,ATHENAEUS,4352f04fcfd7cbe580caddf69f309034ffb967d5d1bc8a8e809498de5bf8d329,1,1,10,8
q_half,ud23,THUCYDIDES,1a32cf6857284fff7c7f006f8d0cd4ab15a047af7a4bcd5613d1fd50789dd4ee,7,DIODORUS,d91dad02f8da03cf6702fa7edec531da5e56f526f466e2f04180f2a23a1cf315,1,0,8,0
q_half,ud23,THUCYDIDES,1a32cf6857284fff7c7f006f8d0cd4ab15a047af7a4bcd5613d1fd50789dd4ee,7,HERODOTUS,89f0804afded8e7a0f4e1b507030d5ef4ecaf17e422c8b2969bd6b23e62818e6,0,0,0,0
q_half,ud23,THUCYDIDES,1a32cf6857284fff7c7f006f8d0cd4ab15a047af7a4bcd5613d1fd50789dd4ee,7,HESIODIC_TRADITION,c4c0c7eaeca0d61d2e53f4f0642bfa382e91dd28b470d2f4da2ba8539fe0e7f7,1,1,8,8
q_half,ud23,THUCYDIDES,1a32cf6857284fff7c7f006f8d0cd4ab15a047af7a4bcd5613d1fd50789dd4ee,7,HOMERIC_TRADITION,209ee9f27c82f31d31eb16124569039d7847ed327f3a0f2b5c4eae048347e621,1,1,6,6
q_half,ud23,THUCYDIDES,1a32cf6857284fff7c7f006f8d0cd4ab15a047af7a4bcd5613d1fd50789dd4ee,7,PLUTARCH,ef8134329970f595ef9ccf4198217affef5c01fa243d5bf4e59ee6daebb04e1d,1,1,8,8
q_half,ud23,THUCYDIDES,1a32cf6857284fff7c7f006f8d0cd4ab15a047af7a4bcd5613d1fd50789dd4ee,8,ATHENAEUS,4352f04fcfd7cbe580caddf69f309034ffb967d5d1bc8a8e809498de5bf8d329,1,1,19,8
q_half,ud23,THUCYDIDES,1a32cf6857284fff7c7f006f8d0cd4ab15a047af7a4bcd5613d1fd50789dd4ee,8,DIODORUS,d91dad02f8da03cf6702fa7edec531da5e56f526f466e2f04180f2a23a1cf315,1,1,10,8
q_half,ud23,THUCYDIDES,1a32cf6857284fff7c7f006f8d0cd4ab15a047af7a4bcd5613d1fd50789dd4ee,8,HERODOTUS,89f0804afded8e7a0f4e1b507030d5ef4ecaf17e422c8b2969bd6b23e62818e6,1,1,14,8
q_half,ud23,THUCYDIDES,1a32cf6857284fff7c7f006f8d0cd4ab15a047af7a4bcd5613d1fd50789dd4ee,8,HESIODIC_TRADITION,c4c0c7eaeca0d61d2e53f4f0642bfa382e91dd28b470d2f4da2ba8539fe0e7f7,1,1,1,1
q_half,ud23,THUCYDIDES,1a32cf6857284fff7c7f006f8d0cd4ab15a047af7a4bcd5613d1fd50789dd4ee,8,HOMERIC_TRADITION,209ee9f27c82f31d31eb16124569039d7847ed327f3a0f2b5c4eae048347e621,1,1,3,3
q_half,ud23,THUCYDIDES,1a32cf6857284fff7c7f006f8d0cd4ab15a047af7a4bcd5613d1fd50789dd4ee,8,PLUTARCH,ef8134329970f595ef9ccf4198217affef5c01fa243d5bf4e59ee6daebb04e1d,1,1,3,3
q_half,ud23,THUCYDIDES,1a32cf6857284fff7c7f006f8d0cd4ab15a047af7a4bcd5613d1fd50789dd4ee,9,ATHENAEUS,4352f04fcfd7cbe580caddf69f309034ffb967d5d1bc8a8e809498de5bf8d329,1,1,3,3
q_half,ud23,THUCYDIDES,1a32cf6857284fff7c7f006f8d0cd4ab15a047af7a4bcd5613d1fd50789dd4ee,9,DIODORUS,d91dad02f8da03cf6702fa7edec531da5e56f526f466e2f04180f2a23a1cf315,1,1,17,8
q_half,ud23,THUCYDIDES,1a32cf6857284fff7c7f006f8d0cd4ab15a047af7a4bcd5613d1fd50789dd4ee,9,HERODOTUS,89f0804afded8e7a0f4e1b507030d5ef4ecaf17e422c8b2969bd6b23e62818e6,1,1,8,8
q_half,ud23,THUCYDIDES,1a32cf6857284fff7c7f006f8d0cd4ab15a047af7a4bcd5613d1fd50789dd4ee,9,HESIODIC_TRADITION,c4c0c7eaeca0d61d2e53f4f0642bfa382e91dd28b470d2f4da2ba8539fe0e7f7,1,1,1,1
q_half,ud23,THUCYDIDES,1a32cf6857284fff7c7f006f8d0cd4ab15a047af7a4bcd5613d1fd50789dd4ee,9,HOMERIC_TRADITION,209ee9f27c82f31d31eb16124569039d7847ed327f3a0f2b5c4eae048347e621,1,1,16,8
q_half,ud23,THUCYDIDES,1a32cf6857284fff7c7f006f8d0cd4ab15a047af7a4bcd5613d1fd50789dd4ee,9,PLUTARCH,ef8134329970f595ef9ccf4198217affef5c01fa243d5bf4e59ee6daebb04e1d,1,0,3,0
q_half,ud23,HOMERIC_TRADITION,209ee9f27c82f31d31eb16124569039d7847ed327f3a0f2b5c4eae048347e621,0,ATHENAEUS,4352f04fcfd7cbe580caddf69f309034ffb967d5d1bc8a8e809498de5bf8d329,1,1,9,8
q_half,ud23,HOMERIC_TRADITION,209ee9f27c82f31d31eb16124569039d7847ed327f3a0f2b5c4eae048347e621,0,DIODORUS,d91dad02f8da03cf6702fa7edec531da5e56f526f466e2f04180f2a23a1cf315,1,1,17,8
q_half,ud23,HOMERIC_TRADITION,209ee9f27c82f31d31eb16124569039d7847ed327f3a0f2b5c4eae048347e621,0,HERODOTUS,89f0804afded8e7a0f4e1b507030d5ef4ecaf17e422c8b2969bd6b23e62818e6,1,1,21,8
q_half,ud23,HOMERIC_TRADITION,209ee9f27c82f31d31eb16124569039d7847ed327f3a0f2b5c4eae048347e621,0,HESIODIC_TRADITION,c4c0c7eaeca0d61d2e53f4f0642bfa382e91dd28b470d2f4da2ba8539fe0e7f7,1,1,5,5
q_half,ud23,HOMERIC_TRADITION,209ee9f27c82f31d31eb16124569039d7847ed327f3a0f2b5c4eae048347e621,0,PLUTARCH,ef8134329970f595ef9ccf4198217affef5c01fa243d5bf4e59ee6daebb04e1d,1,1,5,5
q_half,ud23,HOMERIC_TRADITION,209ee9f27c82f31d31eb16124569039d7847ed327f3a0f2b5c4eae048347e621,0,THUCYDIDES,1a32cf6857284fff7c7f006f8d0cd4ab15a047af7a4bcd5613d1fd50789dd4ee,1,1,23,8
q_half,ud23,HOMERIC_TRADITION,209ee9f27c82f31d31eb16124569039d7847ed327f3a0f2b5c4eae048347e621,1,ATHENAEUS,4352f04fcfd7cbe580caddf69f309034ffb967d5d1bc8a8e809498de5bf8d329,1,1,6,6
q_half,ud23,HOMERIC_TRADITION,209ee9f27c82f31d31eb16124569039d7847ed327f3a0f2b5c4eae048347e621,1,DIODORUS,d91dad02f8da03cf6702fa7edec531da5e56f526f466e2f04180f2a23a1cf315,1,1,5,5
q_half,ud23,HOMERIC_TRADITION,209ee9f27c82f31d31eb16124569039d7847ed327f3a0f2b5c4eae048347e621,1,HERODOTUS,89f0804afded8e7a0f4e1b507030d5ef4ecaf17e422c8b2969bd6b23e62818e6,1,1,5,5
q_half,ud23,HOMERIC_TRADITION,209ee9f27c82f31d31eb16124569039d7847ed327f3a0f2b5c4eae048347e621,1,HESIODIC_TRADITION,c4c0c7eaeca0d61d2e53f4f0642bfa382e91dd28b470d2f4da2ba8539fe0e7f7,0,0,0,0
q_half,ud23,HOMERIC_TRADITION,209ee9f27c82f31d31eb16124569039d7847ed327f3a0f2b5c4eae048347e621,1,PLUTARCH,ef8134329970f595ef9ccf4198217affef5c01fa243d5bf4e59ee6daebb04e1d,0,0,0,0
q_half,ud23,HOMERIC_TRADITION,209ee9f27c82f31d31eb16124569039d7847ed327f3a0f2b5c4eae048347e621,1,THUCYDIDES,1a32cf6857284fff7c7f006f8d0cd4ab15a047af7a4bcd5613d1fd50789dd4ee,0,0,0,0
q_half,ud23,HOMERIC_TRADITION,209ee9f27c82f31d31eb16124569039d7847ed327f3a0f2b5c4eae048347e621,2,ATHENAEUS,4352f04fcfd7cbe580caddf69f309034ffb967d5d1bc8a8e809498de5bf8d329,1,0,3,0
q_half,ud23,HOMERIC_TRADITION,209ee9f27c82f31d31eb16124569039d7847ed327f3a0f2b5c4eae048347e621,2,DIODORUS,d91dad02f8da03cf6702fa7edec531da5e56f526f466e2f04180f2a23a1cf315,1,0,38,0
q_half,ud23,HOMERIC_TRADITION,209ee9f27c82f31d31eb16124569039d7847ed327f3a0f2b5c4eae048347e621,2,HERODOTUS,89f0804afded8e7a0f4e1b507030d5ef4ecaf17e422c8b2969bd6b23e62818e6,1,1,9,8
q_half,ud23,HOMERIC_TRADITION,209ee9f27c82f31d31eb16124569039d7847ed327f3a0f2b5c4eae048347e621,2,HESIODIC_TRADITION,c4c0c7eaeca0d61d2e53f4f0642bfa382e91dd28b470d2f4da2ba8539fe0e7f7,1,0,9,0
q_half,ud23,HOMERIC_TRADITION,209ee9f27c82f31d31eb16124569039d7847ed327f3a0f2b5c4eae048347e621,2,PLUTARCH,ef8134329970f595ef9ccf4198217affef5c01fa243d5bf4e59ee6daebb04e1d,1,1,24,8
q_half,ud23,HOMERIC_TRADITION,209ee9f27c82f31d31eb16124569039d7847ed327f3a0f2b5c4eae048347e621,2,THUCYDIDES,1a32cf6857284fff7c7f006f8d0cd4ab15a047af7a4bcd5613d1fd50789dd4ee,1,1,6,6
q_half,ud23,HOMERIC_TRADITION,209ee9f27c82f31d31eb16124569039d7847ed327f3a0f2b5c4eae048347e621,3,ATHENAEUS,4352f04fcfd7cbe580caddf69f309034ffb967d5d1bc8a8e809498de5bf8d329,1,1,5,5
q_half,ud23,HOMERIC_TRADITION,209ee9f27c82f31d31eb16124569039d7847ed327f3a0f2b5c4eae048347e621,3,DIODORUS,d91dad02f8da03cf6702fa7edec531da5e56f526f466e2f04180f2a23a1cf315,1,1,11,8
q_half,ud23,HOMERIC_TRADITION,209ee9f27c82f31d31eb16124569039d7847ed327f3a0f2b5c4eae048347e621,3,HERODOTUS,89f0804afded8e7a0f4e1b507030d5ef4ecaf17e422c8b2969bd6b23e62818e6,1,1,13,8
q_half,ud23,HOMERIC_TRADITION,209ee9f27c82f31d31eb16124569039d7847ed327f3a0f2b5c4eae048347e621,3,HESIODIC_TRADITION,c4c0c7eaeca0d61d2e53f4f0642bfa382e91dd28b470d2f4da2ba8539fe0e7f7,1,1,29,8
q_half,ud23,HOMERIC_TRADITION,209ee9f27c82f31d31eb16124569039d7847ed327f3a0f2b5c4eae048347e621,3,PLUTARCH,ef8134329970f595ef9ccf4198217affef5c01fa243d5bf4e59ee6daebb04e1d,1,1,12,8
q_half,ud23,HOMERIC_TRADITION,209ee9f27c82f31d31eb16124569039d7847ed327f3a0f2b5c4eae048347e621,3,THUCYDIDES,1a32cf6857284fff7c7f006f8d0cd4ab15a047af7a4bcd5613d1fd50789dd4ee,1,1,11,8
q_half,ud23,HOMERIC_TRADITION,209ee9f27c82f31d31eb16124569039d7847ed327f3a0f2b5c4eae048347e621,4,ATHENAEUS,4352f04fcfd7cbe580caddf69f309034ffb967d5d1bc8a8e809498de5bf8d329,1,1,10,8
q_half,ud23,HOMERIC_TRADITION,209ee9f27c82f31d31eb16124569039d7847ed327f3a0f2b5c4eae048347e621,4,DIODORUS,d91dad02f8da03cf6702fa7edec531da5e56f526f466e2f04180f2a23a1cf315,1,1,13,8
q_half,ud23,HOMERIC_TRADITION,209ee9f27c82f31d31eb16124569039d7847ed327f3a0f2b5c4eae048347e621,4,HERODOTUS,89f0804afded8e7a0f4e1b507030d5ef4ecaf17e422c8b2969bd6b23e62818e6,1,1,12,8
q_half,ud23,HOMERIC_TRADITION,209ee9f27c82f31d31eb16124569039d7847ed327f3a0f2b5c4eae048347e621,4,HESIODIC_TRADITION,c4c0c7eaeca0d61d2e53f4f0642bfa382e91dd28b470d2f4da2ba8539fe0e7f7,1,0,12,0
q_half,ud23,HOMERIC_TRADITION,209ee9f27c82f31d31eb16124569039d7847ed327f3a0f2b5c4eae048347e621,4,PLUTARCH,ef8134329970f595ef9ccf4198217affef5c01fa243d5bf4e59ee6daebb04e1d,1,1,28,8
q_half,ud23,HOMERIC_TRADITION,209ee9f27c82f31d31eb16124569039d7847ed327f3a0f2b5c4eae048347e621,4,THUCYDIDES,1a32cf6857284fff7c7f006f8d0cd4ab15a047af7a4bcd5613d1fd50789dd4ee,1,1,16,8
q_half,ud23,HOMERIC_TRADITION,209ee9f27c82f31d31eb16124569039d7847ed327f3a0f2b5c4eae048347e621,5,ATHENAEUS,4352f04fcfd7cbe580caddf69f309034ffb967d5d1bc8a8e809498de5bf8d329,1,1,5,5
q_half,ud23,HOMERIC_TRADITION,209ee9f27c82f31d31eb16124569039d7847ed327f3a0f2b5c4eae048347e621,5,DIODORUS,d91dad02f8da03cf6702fa7edec531da5e56f526f466e2f04180f2a23a1cf315,1,1,15,8
q_half,ud23,HOMERIC_TRADITION,209ee9f27c82f31d31eb16124569039d7847ed327f3a0f2b5c4eae048347e621,5,HERODOTUS,89f0804afded8e7a0f4e1b507030d5ef4ecaf17e422c8b2969bd6b23e62818e6,1,0,13,0
q_half,ud23,HOMERIC_TRADITION,209ee9f27c82f31d31eb16124569039d7847ed327f3a0f2b5c4eae048347e621,5,HESIODIC_TRADITION,c4c0c7eaeca0d61d2e53f4f0642bfa382e91dd28b470d2f4da2ba8539fe0e7f7,1,1,1,1
q_half,ud23,HOMERIC_TRADITION,209ee9f27c82f31d31eb16124569039d7847ed327f3a0f2b5c4eae048347e621,5,PLUTARCH,ef8134329970f595ef9ccf4198217affef5c01fa243d5bf4e59ee6daebb04e1d,1,1,18,8
q_half,ud23,HOMERIC_TRADITION,209ee9f27c82f31d31eb16124569039d7847ed327f3a0f2b5c4eae048347e621,5,THUCYDIDES,1a32cf6857284fff7c7f006f8d0cd4ab15a047af7a4bcd5613d1fd50789dd4ee,1,1,4,4
q_half,ud23,HOMERIC_TRADITION,209ee9f27c82f31d31eb16124569039d7847ed327f3a0f2b5c4eae048347e621,6,ATHENAEUS,4352f04fcfd7cbe580caddf69f309034ffb967d5d1bc8a8e809498de5bf8d329,1,1,1,1
q_half,ud23,HOMERIC_TRADITION,209ee9f27c82f31d31eb16124569039d7847ed327f3a0f2b5c4eae048347e621,6,DIODORUS,d91dad02f8da03cf6702fa7edec531da5e56f526f466e2f04180f2a23a1cf315,1,1,23,8
q_half,ud23,HOMERIC_TRADITION,209ee9f27c82f31d31eb16124569039d7847ed327f3a0f2b5c4eae048347e621,6,HERODOTUS,89f0804afded8e7a0f4e1b507030d5ef4ecaf17e422c8b2969bd6b23e62818e6,1,1,4,4
q_half,ud23,HOMERIC_TRADITION,209ee9f27c82f31d31eb16124569039d7847ed327f3a0f2b5c4eae048347e621,6,HESIODIC_TRADITION,c4c0c7eaeca0d61d2e53f4f0642bfa382e91dd28b470d2f4da2ba8539fe0e7f7,1,1,5,5
q_half,ud23,HOMERIC_TRADITION,209ee9f27c82f31d31eb16124569039d7847ed327f3a0f2b5c4eae048347e621,6,PLUTARCH,ef8134329970f595ef9ccf4198217affef5c01fa243d5bf4e59ee6daebb04e1d,1,1,2,2
q_half,ud23,HOMERIC_TRADITION,209ee9f27c82f31d31eb16124569039d7847ed327f3a0f2b5c4eae048347e621,6,THUCYDIDES,1a32cf6857284fff7c7f006f8d0cd4ab15a047af7a4bcd5613d1fd50789dd4ee,1,1,18,8
q_half,ud23,HOMERIC_TRADITION,209ee9f27c82f31d31eb16124569039d7847ed327f3a0f2b5c4eae048347e621,7,ATHENAEUS,4352f04fcfd7cbe580caddf69f309034ffb967d5d1bc8a8e809498de5bf8d329,0,0,0,0
q_half,ud23,HOMERIC_TRADITION,209ee9f27c82f31d31eb16124569039d7847ed327f3a0f2b5c4eae048347e621,7,DIODORUS,d91dad02f8da03cf6702fa7edec531da5e56f526f466e2f04180f2a23a1cf315,1,1,8,8
q_half,ud23,HOMERIC_TRADITION,209ee9f27c82f31d31eb16124569039d7847ed327f3a0f2b5c4eae048347e621,7,HERODOTUS,89f0804afded8e7a0f4e1b507030d5ef4ecaf17e422c8b2969bd6b23e62818e6,1,1,5,5
q_half,ud23,HOMERIC_TRADITION,209ee9f27c82f31d31eb16124569039d7847ed327f3a0f2b5c4eae048347e621,7,HESIODIC_TRADITION,c4c0c7eaeca0d61d2e53f4f0642bfa382e91dd28b470d2f4da2ba8539fe0e7f7,1,1,2,2
q_half,ud23,HOMERIC_TRADITION,209ee9f27c82f31d31eb16124569039d7847ed327f3a0f2b5c4eae048347e621,7,PLUTARCH,ef8134329970f595ef9ccf4198217affef5c01fa243d5bf4e59ee6daebb04e1d,1,1,16,8
q_half,ud23,HOMERIC_TRADITION,209ee9f27c82f31d31eb16124569039d7847ed327f3a0f2b5c4eae048347e621,7,THUCYDIDES,1a32cf6857284fff7c7f006f8d0cd4ab15a047af7a4bcd5613d1fd50789dd4ee,1,1,67,8
q_half,ud23,HOMERIC_TRADITION,209ee9f27c82f31d31eb16124569039d7847ed327f3a0f2b5c4eae048347e621,8,ATHENAEUS,4352f04fcfd7cbe580caddf69f309034ffb967d5d1bc8a8e809498de5bf8d329,1,1,16,8
q_half,ud23,HOMERIC_TRADITION,209ee9f27c82f31d31eb16124569039d7847ed327f3a0f2b5c4eae048347e621,8,DIODORUS,d91dad02f8da03cf6702fa7edec531da5e56f526f466e2f04180f2a23a1cf315,1,1,36,8
q_half,ud23,HOMERIC_TRADITION,209ee9f27c82f31d31eb16124569039d7847ed327f3a0f2b5c4eae048347e621,8,HERODOTUS,89f0804afded8e7a0f4e1b507030d5ef4ecaf17e422c8b2969bd6b23e62818e6,1,1,13,8
q_half,ud23,HOMERIC_TRADITION,209ee9f27c82f31d31eb16124569039d7847ed327f3a0f2b5c4eae048347e621,8,HESIODIC_TRADITION,c4c0c7eaeca0d61d2e53f4f0642bfa382e91dd28b470d2f4da2ba8539fe0e7f7,1,1,1,1
q_half,ud23,HOMERIC_TRADITION,209ee9f27c82f31d31eb16124569039d7847ed327f3a0f2b5c4eae048347e621,8,PLUTARCH,ef8134329970f595ef9ccf4198217affef5c01fa243d5bf4e59ee6daebb04e1d,0,0,0,0
q_half,ud23,HOMERIC_TRADITION,209ee9f27c82f31d31eb16124569039d7847ed327f3a0f2b5c4eae048347e621,8,THUCYDIDES,1a32cf6857284fff7c7f006f8d0cd4ab15a047af7a4bcd5613d1fd50789dd4ee,0,0,0,0
q_half,ud23,HOMERIC_TRADITION,209ee9f27c82f31d31eb16124569039d7847ed327f3a0f2b5c4eae048347e621,9,ATHENAEUS,4352f04fcfd7cbe580caddf69f309034ffb967d5d1bc8a8e809498de5bf8d329,1,0,8,0
q_half,ud23,HOMERIC_TRADITION,209ee9f27c82f31d31eb16124569039d7847ed327f3a0f2b5c4eae048347e621,9,DIODORUS,d91dad02f8da03cf6702fa7edec531da5e56f526f466e2f04180f2a23a1cf315,1,1,32,8
q_half,ud23,HOMERIC_TRADITION,209ee9f27c82f31d31eb16124569039d7847ed327f3a0f2b5c4eae048347e621,9,HERODOTUS,89f0804afded8e7a0f4e1b507030d5ef4ecaf17e422c8b2969bd6b23e62818e6,1,0,12,0
q_half,ud23,HOMERIC_TRADITION,209ee9f27c82f31d31eb16124569039d7847ed327f3a0f2b5c4eae048347e621,9,HESIODIC_TRADITION,c4c0c7eaeca0d61d2e53f4f0642bfa382e91dd28b470d2f4da2ba8539fe0e7f7,1,1,4,4
q_half,ud23,HOMERIC_TRADITION,209ee9f27c82f31d31eb16124569039d7847ed327f3a0f2b5c4eae048347e621,9,PLUTARCH,ef8134329970f595ef9ccf4198217affef5c01fa243d5bf4e59ee6daebb04e1d,1,1,9,8
q_half,ud23,HOMERIC_TRADITION,209ee9f27c82f31d31eb16124569039d7847ed327f3a0f2b5c4eae048347e621,9,THUCYDIDES,1a32cf6857284fff7c7f006f8d0cd4ab15a047af7a4bcd5613d1fd50789dd4ee,1,1,9,8
q_half,ud23,ATHENAEUS,4352f04fcfd7cbe580caddf69f309034ffb967d5d1bc8a8e809498de5bf8d329,0,DIODORUS,d91dad02f8da03cf6702fa7edec531da5e56f526f466e2f04180f2a23a1cf315,1,1,9,8
q_half,ud23,ATHENAEUS,4352f04fcfd7cbe580caddf69f309034ffb967d5d1bc8a8e809498de5bf8d329,0,HERODOTUS,89f0804afded8e7a0f4e1b507030d5ef4ecaf17e422c8b2969bd6b23e62818e6,1,1,9,8
q_half,ud23,ATHENAEUS,4352f04fcfd7cbe580caddf69f309034ffb967d5d1bc8a8e809498de5bf8d329,0,HESIODIC_TRADITION,c4c0c7eaeca0d61d2e53f4f0642bfa382e91dd28b470d2f4da2ba8539fe0e7f7,1,1,4,4
q_half,ud23,ATHENAEUS,4352f04fcfd7cbe580caddf69f309034ffb967d5d1bc8a8e809498de5bf8d329,0,HOMERIC_TRADITION,209ee9f27c82f31d31eb16124569039d7847ed327f3a0f2b5c4eae048347e621,1,1,5,5
q_half,ud23,ATHENAEUS,4352f04fcfd7cbe580caddf69f309034ffb967d5d1bc8a8e809498de5bf8d329,0,PLUTARCH,ef8134329970f595ef9ccf4198217affef5c01fa243d5bf4e59ee6daebb04e1d,1,1,4,4
q_half,ud23,ATHENAEUS,4352f04fcfd7cbe580caddf69f309034ffb967d5d1bc8a8e809498de5bf8d329,0,THUCYDIDES,1a32cf6857284fff7c7f006f8d0cd4ab15a047af7a4bcd5613d1fd50789dd4ee,1,1,11,8
q_half,ud23,ATHENAEUS,4352f04fcfd7cbe580caddf69f309034ffb967d5d1bc8a8e809498de5bf8d329,1,DIODORUS,d91dad02f8da03cf6702fa7edec531da5e56f526f466e2f04180f2a23a1cf315,1,1,2,2
q_half,ud23,ATHENAEUS,4352f04fcfd7cbe580caddf69f309034ffb967d5d1bc8a8e809498de5bf8d329,1,HERODOTUS,89f0804afded8e7a0f4e1b507030d5ef4ecaf17e422c8b2969bd6b23e62818e6,1,0,22,0
q_half,ud23,ATHENAEUS,4352f04fcfd7cbe580caddf69f309034ffb967d5d1bc8a8e809498de5bf8d329,1,HESIODIC_TRADITION,c4c0c7eaeca0d61d2e53f4f0642bfa382e91dd28b470d2f4da2ba8539fe0e7f7,1,1,7,7
q_half,ud23,ATHENAEUS,4352f04fcfd7cbe580caddf69f309034ffb967d5d1bc8a8e809498de5bf8d329,1,HOMERIC_TRADITION,209ee9f27c82f31d31eb16124569039d7847ed327f3a0f2b5c4eae048347e621,1,1,4,4
q_half,ud23,ATHENAEUS,4352f04fcfd7cbe580caddf69f309034ffb967d5d1bc8a8e809498de5bf8d329,1,PLUTARCH,ef8134329970f595ef9ccf4198217affef5c01fa243d5bf4e59ee6daebb04e1d,1,1,14,8
q_half,ud23,ATHENAEUS,4352f04fcfd7cbe580caddf69f309034ffb967d5d1bc8a8e809498de5bf8d329,1,THUCYDIDES,1a32cf6857284fff7c7f006f8d0cd4ab15a047af7a4bcd5613d1fd50789dd4ee,1,1,5,5
q_half,ud23,ATHENAEUS,4352f04fcfd7cbe580caddf69f309034ffb967d5d1bc8a8e809498de5bf8d329,2,DIODORUS,d91dad02f8da03cf6702fa7edec531da5e56f526f466e2f04180f2a23a1cf315,1,1,4,4
q_half,ud23,ATHENAEUS,4352f04fcfd7cbe580caddf69f309034ffb967d5d1bc8a8e809498de5bf8d329,2,HERODOTUS,89f0804afded8e7a0f4e1b507030d5ef4ecaf17e422c8b2969bd6b23e62818e6,1,1,11,8
q_half,ud23,ATHENAEUS,4352f04fcfd7cbe580caddf69f309034ffb967d5d1bc8a8e809498de5bf8d329,2,HESIODIC_TRADITION,c4c0c7eaeca0d61d2e53f4f0642bfa382e91dd28b470d2f4da2ba8539fe0e7f7,1,1,4,4
q_half,ud23,ATHENAEUS,4352f04fcfd7cbe580caddf69f309034ffb967d5d1bc8a8e809498de5bf8d329,2,HOMERIC_TRADITION,209ee9f27c82f31d31eb16124569039d7847ed327f3a0f2b5c4eae048347e621,1,1,3,3
q_half,ud23,ATHENAEUS,4352f04fcfd7cbe580caddf69f309034ffb967d5d1bc8a8e809498de5bf8d329,2,PLUTARCH,ef8134329970f595ef9ccf4198217affef5c01fa243d5bf4e59ee6daebb04e1d,0,0,0,0
q_half,ud23,ATHENAEUS,4352f04fcfd7cbe580caddf69f309034ffb967d5d1bc8a8e809498de5bf8d329,2,THUCYDIDES,1a32cf6857284fff7c7f006f8d0cd4ab15a047af7a4bcd5613d1fd50789dd4ee,1,1,12,8
q_half,ud23,ATHENAEUS,4352f04fcfd7cbe580caddf69f309034ffb967d5d1bc8a8e809498de5bf8d329,3,DIODORUS,d91dad02f8da03cf6702fa7edec531da5e56f526f466e2f04180f2a23a1cf315,1,1,20,8
q_half,ud23,ATHENAEUS,4352f04fcfd7cbe580caddf69f309034ffb967d5d1bc8a8e809498de5bf8d329,3,HERODOTUS,89f0804afded8e7a0f4e1b507030d5ef4ecaf17e422c8b2969bd6b23e62818e6,1,0,14,0
q_half,ud23,ATHENAEUS,4352f04fcfd7cbe580caddf69f309034ffb967d5d1bc8a8e809498de5bf8d329,3,HESIODIC_TRADITION,c4c0c7eaeca0d61d2e53f4f0642bfa382e91dd28b470d2f4da2ba8539fe0e7f7,1,0,3,0
q_half,ud23,ATHENAEUS,4352f04fcfd7cbe580caddf69f309034ffb967d5d1bc8a8e809498de5bf8d329,3,HOMERIC_TRADITION,209ee9f27c82f31d31eb16124569039d7847ed327f3a0f2b5c4eae048347e621,0,0,0,0
q_half,ud23,ATHENAEUS,4352f04fcfd7cbe580caddf69f309034ffb967d5d1bc8a8e809498de5bf8d329,3,PLUTARCH,ef8134329970f595ef9ccf4198217affef5c01fa243d5bf4e59ee6daebb04e1d,1,1,1,1
q_half,ud23,ATHENAEUS,4352f04fcfd7cbe580caddf69f309034ffb967d5d1bc8a8e809498de5bf8d329,3,THUCYDIDES,1a32cf6857284fff7c7f006f8d0cd4ab15a047af7a4bcd5613d1fd50789dd4ee,1,1,7,7
q_half,ud23,ATHENAEUS,4352f04fcfd7cbe580caddf69f309034ffb967d5d1bc8a8e809498de5bf8d329,4,DIODORUS,d91dad02f8da03cf6702fa7edec531da5e56f526f466e2f04180f2a23a1cf315,1,1,12,8
q_half,ud23,ATHENAEUS,4352f04fcfd7cbe580caddf69f309034ffb967d5d1bc8a8e809498de5bf8d329,4,HERODOTUS,89f0804afded8e7a0f4e1b507030d5ef4ecaf17e422c8b2969bd6b23e62818e6,1,1,29,8
q_half,ud23,ATHENAEUS,4352f04fcfd7cbe580caddf69f309034ffb967d5d1bc8a8e809498de5bf8d329,4,HESIODIC_TRADITION,c4c0c7eaeca0d61d2e53f4f0642bfa382e91dd28b470d2f4da2ba8539fe0e7f7,1,1,5,5
q_half,ud23,ATHENAEUS,4352f04fcfd7cbe580caddf69f309034ffb967d5d1bc8a8e809498de5bf8d329,4,HOMERIC_TRADITION,209ee9f27c82f31d31eb16124569039d7847ed327f3a0f2b5c4eae048347e621,1,0,4,0
q_half,ud23,ATHENAEUS,4352f04fcfd7cbe580caddf69f309034ffb967d5d1bc8a8e809498de5bf8d329,4,PLUTARCH,ef8134329970f595ef9ccf4198217affef5c01fa243d5bf4e59ee6daebb04e1d,1,1,8,8
q_half,ud23,ATHENAEUS,4352f04fcfd7cbe580caddf69f309034ffb967d5d1bc8a8e809498de5bf8d329,4,THUCYDIDES,1a32cf6857284fff7c7f006f8d0cd4ab15a047af7a4bcd5613d1fd50789dd4ee,0,0,0,0
q_half,ud23,ATHENAEUS,4352f04fcfd7cbe580caddf69f309034ffb967d5d1bc8a8e809498de5bf8d329,5,DIODORUS,d91dad02f8da03cf6702fa7edec531da5e56f526f466e2f04180f2a23a1cf315,1,1,12,8
q_half,ud23,ATHENAEUS,4352f04fcfd7cbe580caddf69f309034ffb967d5d1bc8a8e809498de5bf8d329,5,HERODOTUS,89f0804afded8e7a0f4e1b507030d5ef4ecaf17e422c8b2969bd6b23e62818e6,1,1,5,5
q_half,ud23,ATHENAEUS,4352f04fcfd7cbe580caddf69f309034ffb967d5d1bc8a8e809498de5bf8d329,5,HESIODIC_TRADITION,c4c0c7eaeca0d61d2e53f4f0642bfa382e91dd28b470d2f4da2ba8539fe0e7f7,1,0,3,0
q_half,ud23,ATHENAEUS,4352f04fcfd7cbe580caddf69f309034ffb967d5d1bc8a8e809498de5bf8d329,5,HOMERIC_TRADITION,209ee9f27c82f31d31eb16124569039d7847ed327f3a0f2b5c4eae048347e621,1,1,6,6
q_half,ud23,ATHENAEUS,4352f04fcfd7cbe580caddf69f309034ffb967d5d1bc8a8e809498de5bf8d329,5,PLUTARCH,ef8134329970f595ef9ccf4198217affef5c01fa243d5bf4e59ee6daebb04e1d,1,1,2,2
q_half,ud23,ATHENAEUS,4352f04fcfd7cbe580caddf69f309034ffb967d5d1bc8a8e809498de5bf8d329,5,THUCYDIDES,1a32cf6857284fff7c7f006f8d0cd4ab15a047af7a4bcd5613d1fd50789dd4ee,1,0,9,0
q_half,ud23,ATHENAEUS,4352f04fcfd7cbe580caddf69f309034ffb967d5d1bc8a8e809498de5bf8d329,6,DIODORUS,d91dad02f8da03cf6702fa7edec531da5e56f526f466e2f04180f2a23a1cf315,1,1,16,8
q_half,ud23,ATHENAEUS,4352f04fcfd7cbe580caddf69f309034ffb967d5d1bc8a8e809498de5bf8d329,6,HERODOTUS,89f0804afded8e7a0f4e1b507030d5ef4ecaf17e422c8b2969bd6b23e62818e6,1,0,1,0
q_half,ud23,ATHENAEUS,4352f04fcfd7cbe580caddf69f309034ffb967d5d1bc8a8e809498de5bf8d329,6,HESIODIC_TRADITION,c4c0c7eaeca0d61d2e53f4f0642bfa382e91dd28b470d2f4da2ba8539fe0e7f7,1,1,1,1
q_half,ud23,ATHENAEUS,4352f04fcfd7cbe580caddf69f309034ffb967d5d1bc8a8e809498de5bf8d329,6,HOMERIC_TRADITION,209ee9f27c82f31d31eb16124569039d7847ed327f3a0f2b5c4eae048347e621,1,1,2,2
q_half,ud23,ATHENAEUS,4352f04fcfd7cbe580caddf69f309034ffb967d5d1bc8a8e809498de5bf8d329,6,PLUTARCH,ef8134329970f595ef9ccf4198217affef5c01fa243d5bf4e59ee6daebb04e1d,1,1,9,8
q_half,ud23,ATHENAEUS,4352f04fcfd7cbe580caddf69f309034ffb967d5d1bc8a8e809498de5bf8d329,6,THUCYDIDES,1a32cf6857284fff7c7f006f8d0cd4ab15a047af7a4bcd5613d1fd50789dd4ee,1,1,44,8
q_half,ud23,ATHENAEUS,4352f04fcfd7cbe580caddf69f309034ffb967d5d1bc8a8e809498de5bf8d329,7,DIODORUS,d91dad02f8da03cf6702fa7edec531da5e56f526f466e2f04180f2a23a1cf315,1,1,9,8
q_half,ud23,ATHENAEUS,4352f04fcfd7cbe580caddf69f309034ffb967d5d1bc8a8e809498de5bf8d329,7,HERODOTUS,89f0804afded8e7a0f4e1b507030d5ef4ecaf17e422c8b2969bd6b23e62818e6,1,1,2,2
q_half,ud23,ATHENAEUS,4352f04fcfd7cbe580caddf69f309034ffb967d5d1bc8a8e809498de5bf8d329,7,HESIODIC_TRADITION,c4c0c7eaeca0d61d2e53f4f0642bfa382e91dd28b470d2f4da2ba8539fe0e7f7,1,1,7,7
q_half,ud23,ATHENAEUS,4352f04fcfd7cbe580caddf69f309034ffb967d5d1bc8a8e809498de5bf8d329,7,HOMERIC_TRADITION,209ee9f27c82f31d31eb16124569039d7847ed327f3a0f2b5c4eae048347e621,1,1,8,8
q_half,ud23,ATHENAEUS,4352f04fcfd7cbe580caddf69f309034ffb967d5d1bc8a8e809498de5bf8d329,7,PLUTARCH,ef8134329970f595ef9ccf4198217affef5c01fa243d5bf4e59ee6daebb04e1d,0,0,0,0
q_half,ud23,ATHENAEUS,4352f04fcfd7cbe580caddf69f309034ffb967d5d1bc8a8e809498de5bf8d329,7,THUCYDIDES,1a32cf6857284fff7c7f006f8d0cd4ab15a047af7a4bcd5613d1fd50789dd4ee,1,1,13,8
q_half,ud23,ATHENAEUS,4352f04fcfd7cbe580caddf69f309034ffb967d5d1bc8a8e809498de5bf8d329,8,DIODORUS,d91dad02f8da03cf6702fa7edec531da5e56f526f466e2f04180f2a23a1cf315,1,1,23,8
q_half,ud23,ATHENAEUS,4352f04fcfd7cbe580caddf69f309034ffb967d5d1bc8a8e809498de5bf8d329,8,HERODOTUS,89f0804afded8e7a0f4e1b507030d5ef4ecaf17e422c8b2969bd6b23e62818e6,1,1,5,5
q_half,ud23,ATHENAEUS,4352f04fcfd7cbe580caddf69f309034ffb967d5d1bc8a8e809498de5bf8d329,8,HESIODIC_TRADITION,c4c0c7eaeca0d61d2e53f4f0642bfa382e91dd28b470d2f4da2ba8539fe0e7f7,1,1,20,8
q_half,ud23,ATHENAEUS,4352f04fcfd7cbe580caddf69f309034ffb967d5d1bc8a8e809498de5bf8d329,8,HOMERIC_TRADITION,209ee9f27c82f31d31eb16124569039d7847ed327f3a0f2b5c4eae048347e621,1,1,6,6
q_half,ud23,ATHENAEUS,4352f04fcfd7cbe580caddf69f309034ffb967d5d1bc8a8e809498de5bf8d329,8,PLUTARCH,ef8134329970f595ef9ccf4198217affef5c01fa243d5bf4e59ee6daebb04e1d,0,0,0,0
q_half,ud23,ATHENAEUS,4352f04fcfd7cbe580caddf69f309034ffb967d5d1bc8a8e809498de5bf8d329,8,THUCYDIDES,1a32cf6857284fff7c7f006f8d0cd4ab15a047af7a4bcd5613d1fd50789dd4ee,1,1,17,8
q_half,ud23,ATHENAEUS,4352f04fcfd7cbe580caddf69f309034ffb967d5d1bc8a8e809498de5bf8d329,9,DIODORUS,d91dad02f8da03cf6702fa7edec531da5e56f526f466e2f04180f2a23a1cf315,1,1,5,5
q_half,ud23,ATHENAEUS,4352f04fcfd7cbe580caddf69f309034ffb967d5d1bc8a8e809498de5bf8d329,9,HERODOTUS,89f0804afded8e7a0f4e1b507030d5ef4ecaf17e422c8b2969bd6b23e62818e6,1,1,5,5
q_half,ud23,ATHENAEUS,4352f04fcfd7cbe580caddf69f309034ffb967d5d1bc8a8e809498de5bf8d329,9,HESIODIC_TRADITION,c4c0c7eaeca0d61d2e53f4f0642bfa382e91dd28b470d2f4da2ba8539fe0e7f7,1,1,5,5
q_half,ud23,ATHENAEUS,4352f04fcfd7cbe580caddf69f309034ffb967d5d1bc8a8e809498de5bf8d329,9,HOMERIC_TRADITION,209ee9f27c82f31d31eb16124569039d7847ed327f3a0f2b5c4eae048347e621,1,1,1,1
q_half,ud23,ATHENAEUS,4352f04fcfd7cbe580caddf69f309034ffb967d5d1bc8a8e809498de5bf8d329,9,PLUTARCH,ef8134329970f595ef9ccf4198217affef5c01fa243d5bf4e59ee6daebb04e1d,1,0,10,0
q_half,ud23,ATHENAEUS,4352f04fcfd7cbe580caddf69f309034ffb967d5d1bc8a8e809498de5bf8d329,9,THUCYDIDES,1a32cf6857284fff7c7f006f8d0cd4ab15a047af7a4bcd5613d1fd50789dd4ee,1,1,18,8
q_half,ud23,HERODOTUS,89f0804afded8e7a0f4e1b507030d5ef4ecaf17e422c8b2969bd6b23e62818e6,0,ATHENAEUS,4352f04fcfd7cbe580caddf69f309034ffb967d5d1bc8a8e809498de5bf8d329,1,0,9,0
q_half,ud23,HERODOTUS,89f0804afded8e7a0f4e1b507030d5ef4ecaf17e422c8b2969bd6b23e62818e6,0,DIODORUS,d91dad02f8da03cf6702fa7edec531da5e56f526f466e2f04180f2a23a1cf315,1,1,2,2
q_half,ud23,HERODOTUS,89f0804afded8e7a0f4e1b507030d5ef4ecaf17e422c8b2969bd6b23e62818e6,0,HESIODIC_TRADITION,c4c0c7eaeca0d61d2e53f4f0642bfa382e91dd28b470d2f4da2ba8539fe0e7f7,1,1,4,4
q_half,ud23,HERODOTUS,89f0804afded8e7a0f4e1b507030d5ef4ecaf17e422c8b2969bd6b23e62818e6,0,HOMERIC_TRADITION,209ee9f27c82f31d31eb16124569039d7847ed327f3a0f2b5c4eae048347e621,1,1,2,2
q_half,ud23,HERODOTUS,89f0804afded8e7a0f4e1b507030d5ef4ecaf17e422c8b2969bd6b23e62818e6,0,PLUTARCH,ef8134329970f595ef9ccf4198217affef5c01fa243d5bf4e59ee6daebb04e1d,1,1,2,2
q_half,ud23,HERODOTUS,89f0804afded8e7a0f4e1b507030d5ef4ecaf17e422c8b2969bd6b23e62818e6,0,THUCYDIDES,1a32cf6857284fff7c7f006f8d0cd4ab15a047af7a4bcd5613d1fd50789dd4ee,1,1,1,1
q_half,ud23,HERODOTUS,89f0804afded8e7a0f4e1b507030d5ef4ecaf17e422c8b2969bd6b23e62818e6,1,ATHENAEUS,4352f04fcfd7cbe580caddf69f309034ffb967d5d1bc8a8e809498de5bf8d329,0,0,0,0
q_half,ud23,HERODOTUS,89f0804afded8e7a0f4e1b507030d5ef4ecaf17e422c8b2969bd6b23e62818e6,1,DIODORUS,d91dad02f8da03cf6702fa7edec531da5e56f526f466e2f04180f2a23a1cf315,1,1,9,8
q_half,ud23,HERODOTUS,89f0804afded8e7a0f4e1b507030d5ef4ecaf17e422c8b2969bd6b23e62818e6,1,HESIODIC_TRADITION,c4c0c7eaeca0d61d2e53f4f0642bfa382e91dd28b470d2f4da2ba8539fe0e7f7,1,1,46,8
q_half,ud23,HERODOTUS,89f0804afded8e7a0f4e1b507030d5ef4ecaf17e422c8b2969bd6b23e62818e6,1,HOMERIC_TRADITION,209ee9f27c82f31d31eb16124569039d7847ed327f3a0f2b5c4eae048347e621,1,1,6,6
q_half,ud23,HERODOTUS,89f0804afded8e7a0f4e1b507030d5ef4ecaf17e422c8b2969bd6b23e62818e6,1,PLUTARCH,ef8134329970f595ef9ccf4198217affef5c01fa243d5bf4e59ee6daebb04e1d,0,0,0,0
q_half,ud23,HERODOTUS,89f0804afded8e7a0f4e1b507030d5ef4ecaf17e422c8b2969bd6b23e62818e6,1,THUCYDIDES,1a32cf6857284fff7c7f006f8d0cd4ab15a047af7a4bcd5613d1fd50789dd4ee,1,1,6,6
q_half,ud23,HERODOTUS,89f0804afded8e7a0f4e1b507030d5ef4ecaf17e422c8b2969bd6b23e62818e6,2,ATHENAEUS,4352f04fcfd7cbe580caddf69f309034ffb967d5d1bc8a8e809498de5bf8d329,1,1,4,4
q_half,ud23,HERODOTUS,89f0804afded8e7a0f4e1b507030d5ef4ecaf17e422c8b2969bd6b23e62818e6,2,DIODORUS,d91dad02f8da03cf6702fa7edec531da5e56f526f466e2f04180f2a23a1cf315,1,1,22,8
q_half,ud23,HERODOTUS,89f0804afded8e7a0f4e1b507030d5ef4ecaf17e422c8b2969bd6b23e62818e6,2,HESIODIC_TRADITION,c4c0c7eaeca0d61d2e53f4f0642bfa382e91dd28b470d2f4da2ba8539fe0e7f7,1,1,1,1
q_half,ud23,HERODOTUS,89f0804afded8e7a0f4e1b507030d5ef4ecaf17e422c8b2969bd6b23e62818e6,2,HOMERIC_TRADITION,209ee9f27c82f31d31eb16124569039d7847ed327f3a0f2b5c4eae048347e621,1,1,7,7
q_half,ud23,HERODOTUS,89f0804afded8e7a0f4e1b507030d5ef4ecaf17e422c8b2969bd6b23e62818e6,2,PLUTARCH,ef8134329970f595ef9ccf4198217affef5c01fa243d5bf4e59ee6daebb04e1d,1,1,25,8
q_half,ud23,HERODOTUS,89f0804afded8e7a0f4e1b507030d5ef4ecaf17e422c8b2969bd6b23e62818e6,2,THUCYDIDES,1a32cf6857284fff7c7f006f8d0cd4ab15a047af7a4bcd5613d1fd50789dd4ee,1,1,3,3
q_half,ud23,HERODOTUS,89f0804afded8e7a0f4e1b507030d5ef4ecaf17e422c8b2969bd6b23e62818e6,3,ATHENAEUS,4352f04fcfd7cbe580caddf69f309034ffb967d5d1bc8a8e809498de5bf8d329,1,1,4,4
q_half,ud23,HERODOTUS,89f0804afded8e7a0f4e1b507030d5ef4ecaf17e422c8b2969bd6b23e62818e6,3,DIODORUS,d91dad02f8da03cf6702fa7edec531da5e56f526f466e2f04180f2a23a1cf315,1,0,18,0
q_half,ud23,HERODOTUS,89f0804afded8e7a0f4e1b507030d5ef4ecaf17e422c8b2969bd6b23e62818e6,3,HESIODIC_TRADITION,c4c0c7eaeca0d61d2e53f4f0642bfa382e91dd28b470d2f4da2ba8539fe0e7f7,1,1,19,8
q_half,ud23,HERODOTUS,89f0804afded8e7a0f4e1b507030d5ef4ecaf17e422c8b2969bd6b23e62818e6,3,HOMERIC_TRADITION,209ee9f27c82f31d31eb16124569039d7847ed327f3a0f2b5c4eae048347e621,1,1,5,5
q_half,ud23,HERODOTUS,89f0804afded8e7a0f4e1b507030d5ef4ecaf17e422c8b2969bd6b23e62818e6,3,PLUTARCH,ef8134329970f595ef9ccf4198217affef5c01fa243d5bf4e59ee6daebb04e1d,1,0,7,0
q_half,ud23,HERODOTUS,89f0804afded8e7a0f4e1b507030d5ef4ecaf17e422c8b2969bd6b23e62818e6,3,THUCYDIDES,1a32cf6857284fff7c7f006f8d0cd4ab15a047af7a4bcd5613d1fd50789dd4ee,1,1,4,4
q_half,ud23,HERODOTUS,89f0804afded8e7a0f4e1b507030d5ef4ecaf17e422c8b2969bd6b23e62818e6,4,ATHENAEUS,4352f04fcfd7cbe580caddf69f309034ffb967d5d1bc8a8e809498de5bf8d329,1,1,4,4
q_half,ud23,HERODOTUS,89f0804afded8e7a0f4e1b507030d5ef4ecaf17e422c8b2969bd6b23e62818e6,4,DIODORUS,d91dad02f8da03cf6702fa7edec531da5e56f526f466e2f04180f2a23a1cf315,0,0,0,0
q_half,ud23,HERODOTUS,89f0804afded8e7a0f4e1b507030d5ef4ecaf17e422c8b2969bd6b23e62818e6,4,HESIODIC_TRADITION,c4c0c7eaeca0d61d2e53f4f0642bfa382e91dd28b470d2f4da2ba8539fe0e7f7,1,1,4,4
q_half,ud23,HERODOTUS,89f0804afded8e7a0f4e1b507030d5ef4ecaf17e422c8b2969bd6b23e62818e6,4,HOMERIC_TRADITION,209ee9f27c82f31d31eb16124569039d7847ed327f3a0f2b5c4eae048347e621,1,1,14,8
q_half,ud23,HERODOTUS,89f0804afded8e7a0f4e1b507030d5ef4ecaf17e422c8b2969bd6b23e62818e6,4,PLUTARCH,ef8134329970f595ef9ccf4198217affef5c01fa243d5bf4e59ee6daebb04e1d,1,1,2,2
q_half,ud23,HERODOTUS,89f0804afded8e7a0f4e1b507030d5ef4ecaf17e422c8b2969bd6b23e62818e6,4,THUCYDIDES,1a32cf6857284fff7c7f006f8d0cd4ab15a047af7a4bcd5613d1fd50789dd4ee,1,1,5,5
q_half,ud23,HERODOTUS,89f0804afded8e7a0f4e1b507030d5ef4ecaf17e422c8b2969bd6b23e62818e6,5,ATHENAEUS,4352f04fcfd7cbe580caddf69f309034ffb967d5d1bc8a8e809498de5bf8d329,1,0,13,0
q_half,ud23,HERODOTUS,89f0804afded8e7a0f4e1b507030d5ef4ecaf17e422c8b2969bd6b23e62818e6,5,DIODORUS,d91dad02f8da03cf6702fa7edec531da5e56f526f466e2f04180f2a23a1cf315,1,0,7,0
q_half,ud23,HERODOTUS,89f0804afded8e7a0f4e1b507030d5ef4ecaf17e422c8b2969bd6b23e62818e6,5,HESIODIC_TRADITION,c4c0c7eaeca0d61d2e53f4f0642bfa382e91dd28b470d2f4da2ba8539fe0e7f7,1,1,11,8
q_half,ud23,HERODOTUS,89f0804afded8e7a0f4e1b507030d5ef4ecaf17e422c8b2969bd6b23e62818e6,5,HOMERIC_TRADITION,209ee9f27c82f31d31eb16124569039d7847ed327f3a0f2b5c4eae048347e621,1,1,31,8
q_half,ud23,HERODOTUS,89f0804afded8e7a0f4e1b507030d5ef4ecaf17e422c8b2969bd6b23e62818e6,5,PLUTARCH,ef8134329970f595ef9ccf4198217affef5c01fa243d5bf4e59ee6daebb04e1d,1,1,14,8
q_half,ud23,HERODOTUS,89f0804afded8e7a0f4e1b507030d5ef4ecaf17e422c8b2969bd6b23e62818e6,5,THUCYDIDES,1a32cf6857284fff7c7f006f8d0cd4ab15a047af7a4bcd5613d1fd50789dd4ee,1,1,19,8
q_half,ud23,HERODOTUS,89f0804afded8e7a0f4e1b507030d5ef4ecaf17e422c8b2969bd6b23e62818e6,6,ATHENAEUS,4352f04fcfd7cbe580caddf69f309034ffb967d5d1bc8a8e809498de5bf8d329,1,1,7,7
q_half,ud23,HERODOTUS,89f0804afded8e7a0f4e1b507030d5ef4ecaf17e422c8b2969bd6b23e62818e6,6,DIODORUS,d91dad02f8da03cf6702fa7edec531da5e56f526f466e2f04180f2a23a1cf315,1,1,6,6
q_half,ud23,HERODOTUS,89f0804afded8e7a0f4e1b507030d5ef4ecaf17e422c8b2969bd6b23e62818e6,6,HESIODIC_TRADITION,c4c0c7eaeca0d61d2e53f4f0642bfa382e91dd28b470d2f4da2ba8539fe0e7f7,1,1,26,8
q_half,ud23,HERODOTUS,89f0804afded8e7a0f4e1b507030d5ef4ecaf17e422c8b2969bd6b23e62818e6,6,HOMERIC_TRADITION,209ee9f27c82f31d31eb16124569039d7847ed327f3a0f2b5c4eae048347e621,1,1,1,1
q_half,ud23,HERODOTUS,89f0804afded8e7a0f4e1b507030d5ef4ecaf17e422c8b2969bd6b23e62818e6,6,PLUTARCH,ef8134329970f595ef9ccf4198217affef5c01fa243d5bf4e59ee6daebb04e1d,1,1,1,1
q_half,ud23,HERODOTUS,89f0804afded8e7a0f4e1b507030d5ef4ecaf17e422c8b2969bd6b23e62818e6,6,THUCYDIDES,1a32cf6857284fff7c7f006f8d0cd4ab15a047af7a4bcd5613d1fd50789dd4ee,1,1,26,8
q_half,ud23,HERODOTUS,89f0804afded8e7a0f4e1b507030d5ef4ecaf17e422c8b2969bd6b23e62818e6,7,ATHENAEUS,4352f04fcfd7cbe580caddf69f309034ffb967d5d1bc8a8e809498de5bf8d329,1,1,5,5
q_half,ud23,HERODOTUS,89f0804afded8e7a0f4e1b507030d5ef4ecaf17e422c8b2969bd6b23e62818e6,7,DIODORUS,d91dad02f8da03cf6702fa7edec531da5e56f526f466e2f04180f2a23a1cf315,1,0,23,0
q_half,ud23,HERODOTUS,89f0804afded8e7a0f4e1b507030d5ef4ecaf17e422c8b2969bd6b23e62818e6,7,HESIODIC_TRADITION,c4c0c7eaeca0d61d2e53f4f0642bfa382e91dd28b470d2f4da2ba8539fe0e7f7,1,1,8,8
q_half,ud23,HERODOTUS,89f0804afded8e7a0f4e1b507030d5ef4ecaf17e422c8b2969bd6b23e62818e6,7,HOMERIC_TRADITION,209ee9f27c82f31d31eb16124569039d7847ed327f3a0f2b5c4eae048347e621,1,0,11,0
q_half,ud23,HERODOTUS,89f0804afded8e7a0f4e1b507030d5ef4ecaf17e422c8b2969bd6b23e62818e6,7,PLUTARCH,ef8134329970f595ef9ccf4198217affef5c01fa243d5bf4e59ee6daebb04e1d,1,1,17,8
q_half,ud23,HERODOTUS,89f0804afded8e7a0f4e1b507030d5ef4ecaf17e422c8b2969bd6b23e62818e6,7,THUCYDIDES,1a32cf6857284fff7c7f006f8d0cd4ab15a047af7a4bcd5613d1fd50789dd4ee,1,1,5,5
q_half,ud23,HERODOTUS,89f0804afded8e7a0f4e1b507030d5ef4ecaf17e422c8b2969bd6b23e62818e6,8,ATHENAEUS,4352f04fcfd7cbe580caddf69f309034ffb967d5d1bc8a8e809498de5bf8d329,1,1,12,8
q_half,ud23,HERODOTUS,89f0804afded8e7a0f4e1b507030d5ef4ecaf17e422c8b2969bd6b23e62818e6,8,DIODORUS,d91dad02f8da03cf6702fa7edec531da5e56f526f466e2f04180f2a23a1cf315,1,1,1,1
q_half,ud23,HERODOTUS,89f0804afded8e7a0f4e1b507030d5ef4ecaf17e422c8b2969bd6b23e62818e6,8,HESIODIC_TRADITION,c4c0c7eaeca0d61d2e53f4f0642bfa382e91dd28b470d2f4da2ba8539fe0e7f7,1,1,16,8
q_half,ud23,HERODOTUS,89f0804afded8e7a0f4e1b507030d5ef4ecaf17e422c8b2969bd6b23e62818e6,8,HOMERIC_TRADITION,209ee9f27c82f31d31eb16124569039d7847ed327f3a0f2b5c4eae048347e621,1,1,1,1
q_half,ud23,HERODOTUS,89f0804afded8e7a0f4e1b507030d5ef4ecaf17e422c8b2969bd6b23e62818e6,8,PLUTARCH,ef8134329970f595ef9ccf4198217affef5c01fa243d5bf4e59ee6daebb04e1d,1,1,7,7
q_half,ud23,HERODOTUS,89f0804afded8e7a0f4e1b507030d5ef4ecaf17e422c8b2969bd6b23e62818e6,8,THUCYDIDES,1a32cf6857284fff7c7f006f8d0cd4ab15a047af7a4bcd5613d1fd50789dd4ee,1,1,8,8
q_half,ud23,HERODOTUS,89f0804afded8e7a0f4e1b507030d5ef4ecaf17e422c8b2969bd6b23e62818e6,9,ATHENAEUS,4352f04fcfd7cbe580caddf69f309034ffb967d5d1bc8a8e809498de5bf8d329,1,1,11,8
q_half,ud23,HERODOTUS,89f0804afded8e7a0f4e1b507030d5ef4ecaf17e422c8b2969bd6b23e62818e6,9,DIODORUS,d91dad02f8da03cf6702fa7edec531da5e56f526f466e2f04180f2a23a1cf315,1,1,11,8
q_half,ud23,HERODOTUS,89f0804afded8e7a0f4e1b507030d5ef4ecaf17e422c8b2969bd6b23e62818e6,9,HESIODIC_TRADITION,c4c0c7eaeca0d61d2e53f4f0642bfa382e91dd28b470d2f4da2ba8539fe0e7f7,1,1,23,8
q_half,ud23,HERODOTUS,89f0804afded8e7a0f4e1b507030d5ef4ecaf17e422c8b2969bd6b23e62818e6,9,HOMERIC_TRADITION,209ee9f27c82f31d31eb16124569039d7847ed327f3a0f2b5c4eae048347e621,1,1,10,8
q_half,ud23,HERODOTUS,89f0804afded8e7a0f4e1b507030d5ef4ecaf17e422c8b2969bd6b23e62818e6,9,PLUTARCH,ef8134329970f595ef9ccf4198217affef5c01fa243d5bf4e59ee6daebb04e1d,1,1,21,8
q_half,ud23,HERODOTUS,89f0804afded8e7a0f4e1b507030d5ef4ecaf17e422c8b2969bd6b23e62818e6,9,THUCYDIDES,1a32cf6857284fff7c7f006f8d0cd4ab15a047af7a4bcd5613d1fd50789dd4ee,0,0,0,0
q_half,ud23,HESIODIC_TRADITION,c4c0c7eaeca0d61d2e53f4f0642bfa382e91dd28b470d2f4da2ba8539fe0e7f7,0,ATHENAEUS,4352f04fcfd7cbe580caddf69f309034ffb967d5d1bc8a8e809498de5bf8d329,1,1,8,8
q_half,ud23,HESIODIC_TRADITION,c4c0c7eaeca0d61d2e53f4f0642bfa382e91dd28b470d2f4da2ba8539fe0e7f7,0,DIODORUS,d91dad02f8da03cf6702fa7edec531da5e56f526f466e2f04180f2a23a1cf315,1,1,10,8
q_half,ud23,HESIODIC_TRADITION,c4c0c7eaeca0d61d2e53f4f0642bfa382e91dd28b470d2f4da2ba8539fe0e7f7,0,HERODOTUS,89f0804afded8e7a0f4e1b507030d5ef4ecaf17e422c8b2969bd6b23e62818e6,1,1,3,3
q_half,ud23,HESIODIC_TRADITION,c4c0c7eaeca0d61d2e53f4f0642bfa382e91dd28b470d2f4da2ba8539fe0e7f7,0,HOMERIC_TRADITION,209ee9f27c82f31d31eb16124569039d7847ed327f3a0f2b5c4eae048347e621,0,0,0,0
q_half,ud23,HESIODIC_TRADITION,c4c0c7eaeca0d61d2e53f4f0642bfa382e91dd28b470d2f4da2ba8539fe0e7f7,0,PLUTARCH,ef8134329970f595ef9ccf4198217affef5c01fa243d5bf4e59ee6daebb04e1d,1,1,18,8
q_half,ud23,HESIODIC_TRADITION,c4c0c7eaeca0d61d2e53f4f0642bfa382e91dd28b470d2f4da2ba8539fe0e7f7,0,THUCYDIDES,1a32cf6857284fff7c7f006f8d0cd4ab15a047af7a4bcd5613d1fd50789dd4ee,1,1,21,8
q_half,ud23,HESIODIC_TRADITION,c4c0c7eaeca0d61d2e53f4f0642bfa382e91dd28b470d2f4da2ba8539fe0e7f7,1,ATHENAEUS,4352f04fcfd7cbe580caddf69f309034ffb967d5d1bc8a8e809498de5bf8d329,1,1,15,8
q_half,ud23,HESIODIC_TRADITION,c4c0c7eaeca0d61d2e53f4f0642bfa382e91dd28b470d2f4da2ba8539fe0e7f7,1,DIODORUS,d91dad02f8da03cf6702fa7edec531da5e56f526f466e2f04180f2a23a1cf315,1,1,6,6
q_half,ud23,HESIODIC_TRADITION,c4c0c7eaeca0d61d2e53f4f0642bfa382e91dd28b470d2f4da2ba8539fe0e7f7,1,HERODOTUS,89f0804afded8e7a0f4e1b507030d5ef4ecaf17e422c8b2969bd6b23e62818e6,1,1,1,1
q_half,ud23,HESIODIC_TRADITION,c4c0c7eaeca0d61d2e53f4f0642bfa382e91dd28b470d2f4da2ba8539fe0e7f7,1,HOMERIC_TRADITION,209ee9f27c82f31d31eb16124569039d7847ed327f3a0f2b5c4eae048347e621,1,1,1,1
q_half,ud23,HESIODIC_TRADITION,c4c0c7eaeca0d61d2e53f4f0642bfa382e91dd28b470d2f4da2ba8539fe0e7f7,1,PLUTARCH,ef8134329970f595ef9ccf4198217affef5c01fa243d5bf4e59ee6daebb04e1d,1,1,5,5
q_half,ud23,HESIODIC_TRADITION,c4c0c7eaeca0d61d2e53f4f0642bfa382e91dd28b470d2f4da2ba8539fe0e7f7,1,THUCYDIDES,1a32cf6857284fff7c7f006f8d0cd4ab15a047af7a4bcd5613d1fd50789dd4ee,1,1,3,3
q_half,ud23,HESIODIC_TRADITION,c4c0c7eaeca0d61d2e53f4f0642bfa382e91dd28b470d2f4da2ba8539fe0e7f7,2,ATHENAEUS,4352f04fcfd7cbe580caddf69f309034ffb967d5d1bc8a8e809498de5bf8d329,1,1,7,7
q_half,ud23,HESIODIC_TRADITION,c4c0c7eaeca0d61d2e53f4f0642bfa382e91dd28b470d2f4da2ba8539fe0e7f7,2,DIODORUS,d91dad02f8da03cf6702fa7edec531da5e56f526f466e2f04180f2a23a1cf315,1,1,9,8
q_half,ud23,HESIODIC_TRADITION,c4c0c7eaeca0d61d2e53f4f0642bfa382e91dd28b470d2f4da2ba8539fe0e7f7,2,HERODOTUS,89f0804afded8e7a0f4e1b507030d5ef4ecaf17e422c8b2969bd6b23e62818e6,1,1,3,3
q_half,ud23,HESIODIC_TRADITION,c4c0c7eaeca0d61d2e53f4f0642bfa382e91dd28b470d2f4da2ba8539fe0e7f7,2,HOMERIC_TRADITION,209ee9f27c82f31d31eb16124569039d7847ed327f3a0f2b5c4eae048347e621,0,0,0,0
q_half,ud23,HESIODIC_TRADITION,c4c0c7eaeca0d61d2e53f4f0642bfa382e91dd28b470d2f4da2ba8539fe0e7f7,2,PLUTARCH,ef8134329970f595ef9ccf4198217affef5c01fa243d5bf4e59ee6daebb04e1d,1,1,3,3
q_half,ud23,HESIODIC_TRADITION,c4c0c7eaeca0d61d2e53f4f0642bfa382e91dd28b470d2f4da2ba8539fe0e7f7,2,THUCYDIDES,1a32cf6857284fff7c7f006f8d0cd4ab15a047af7a4bcd5613d1fd50789dd4ee,1,1,6,6
q_half,ud23,HESIODIC_TRADITION,c4c0c7eaeca0d61d2e53f4f0642bfa382e91dd28b470d2f4da2ba8539fe0e7f7,3,ATHENAEUS,4352f04fcfd7cbe580caddf69f309034ffb967d5d1bc8a8e809498de5bf8d329,1,1,6,6
q_half,ud23,HESIODIC_TRADITION,c4c0c7eaeca0d61d2e53f4f0642bfa382e91dd28b470d2f4da2ba8539fe0e7f7,3,DIODORUS,d91dad02f8da03cf6702fa7edec531da5e56f526f466e2f04180f2a23a1cf315,1,1,15,8
q_half,ud23,HESIODIC_TRADITION,c4c0c7eaeca0d61d2e53f4f0642bfa382e91dd28b470d2f4da2ba8539fe0e7f7,3,HERODOTUS,89f0804afded8e7a0f4e1b507030d5ef4ecaf17e422c8b2969bd6b23e62818e6,1,1,6,6
q_half,ud23,HESIODIC_TRADITION,c4c0c7eaeca0d61d2e53f4f0642bfa382e91dd28b470d2f4da2ba8539fe0e7f7,3,HOMERIC_TRADITION,209ee9f27c82f31d31eb16124569039d7847ed327f3a0f2b5c4eae048347e621,1,1,12,8
q_half,ud23,HESIODIC_TRADITION,c4c0c7eaeca0d61d2e53f4f0642bfa382e91dd28b470d2f4da2ba8539fe0e7f7,3,PLUTARCH,ef8134329970f595ef9ccf4198217affef5c01fa243d5bf4e59ee6daebb04e1d,1,0,23,0
q_half,ud23,HESIODIC_TRADITION,c4c0c7eaeca0d61d2e53f4f0642bfa382e91dd28b470d2f4da2ba8539fe0e7f7,3,THUCYDIDES,1a32cf6857284fff7c7f006f8d0cd4ab15a047af7a4bcd5613d1fd50789dd4ee,1,1,2,2
q_half,ud23,HESIODIC_TRADITION,c4c0c7eaeca0d61d2e53f4f0642bfa382e91dd28b470d2f4da2ba8539fe0e7f7,4,ATHENAEUS,4352f04fcfd7cbe580caddf69f309034ffb967d5d1bc8a8e809498de5bf8d329,1,1,7,7
q_half,ud23,HESIODIC_TRADITION,c4c0c7eaeca0d61d2e53f4f0642bfa382e91dd28b470d2f4da2ba8539fe0e7f7,4,DIODORUS,d91dad02f8da03cf6702fa7edec531da5e56f526f466e2f04180f2a23a1cf315,1,1,13,8
q_half,ud23,HESIODIC_TRADITION,c4c0c7eaeca0d61d2e53f4f0642bfa382e91dd28b470d2f4da2ba8539fe0e7f7,4,HERODOTUS,89f0804afded8e7a0f4e1b507030d5ef4ecaf17e422c8b2969bd6b23e62818e6,1,1,15,8
q_half,ud23,HESIODIC_TRADITION,c4c0c7eaeca0d61d2e53f4f0642bfa382e91dd28b470d2f4da2ba8539fe0e7f7,4,HOMERIC_TRADITION,209ee9f27c82f31d31eb16124569039d7847ed327f3a0f2b5c4eae048347e621,1,0,6,0
q_half,ud23,HESIODIC_TRADITION,c4c0c7eaeca0d61d2e53f4f0642bfa382e91dd28b470d2f4da2ba8539fe0e7f7,4,PLUTARCH,ef8134329970f595ef9ccf4198217affef5c01fa243d5bf4e59ee6daebb04e1d,1,1,8,8
q_half,ud23,HESIODIC_TRADITION,c4c0c7eaeca0d61d2e53f4f0642bfa382e91dd28b470d2f4da2ba8539fe0e7f7,4,THUCYDIDES,1a32cf6857284fff7c7f006f8d0cd4ab15a047af7a4bcd5613d1fd50789dd4ee,1,1,1,1
q_half,ud23,HESIODIC_TRADITION,c4c0c7eaeca0d61d2e53f4f0642bfa382e91dd28b470d2f4da2ba8539fe0e7f7,5,ATHENAEUS,4352f04fcfd7cbe580caddf69f309034ffb967d5d1bc8a8e809498de5bf8d329,1,1,5,5
q_half,ud23,HESIODIC_TRADITION,c4c0c7eaeca0d61d2e53f4f0642bfa382e91dd28b470d2f4da2ba8539fe0e7f7,5,DIODORUS,d91dad02f8da03cf6702fa7edec531da5e56f526f466e2f04180f2a23a1cf315,1,1,4,4
q_half,ud23,HESIODIC_TRADITION,c4c0c7eaeca0d61d2e53f4f0642bfa382e91dd28b470d2f4da2ba8539fe0e7f7,5,HERODOTUS,89f0804afded8e7a0f4e1b507030d5ef4ecaf17e422c8b2969bd6b23e62818e6,1,1,3,3
q_half,ud23,HESIODIC_TRADITION,c4c0c7eaeca0d61d2e53f4f0642bfa382e91dd28b470d2f4da2ba8539fe0e7f7,5,HOMERIC_TRADITION,209ee9f27c82f31d31eb16124569039d7847ed327f3a0f2b5c4eae048347e621,1,0,5,0
q_half,ud23,HESIODIC_TRADITION,c4c0c7eaeca0d61d2e53f4f0642bfa382e91dd28b470d2f4da2ba8539fe0e7f7,5,PLUTARCH,ef8134329970f595ef9ccf4198217affef5c01fa243d5bf4e59ee6daebb04e1d,1,1,8,8
q_half,ud23,HESIODIC_TRADITION,c4c0c7eaeca0d61d2e53f4f0642bfa382e91dd28b470d2f4da2ba8539fe0e7f7,5,THUCYDIDES,1a32cf6857284fff7c7f006f8d0cd4ab15a047af7a4bcd5613d1fd50789dd4ee,1,1,2,2
q_half,ud23,HESIODIC_TRADITION,c4c0c7eaeca0d61d2e53f4f0642bfa382e91dd28b470d2f4da2ba8539fe0e7f7,6,ATHENAEUS,4352f04fcfd7cbe580caddf69f309034ffb967d5d1bc8a8e809498de5bf8d329,1,1,12,8
q_half,ud23,HESIODIC_TRADITION,c4c0c7eaeca0d61d2e53f4f0642bfa382e91dd28b470d2f4da2ba8539fe0e7f7,6,DIODORUS,d91dad02f8da03cf6702fa7edec531da5e56f526f466e2f04180f2a23a1cf315,1,0,1,0
q_half,ud23,HESIODIC_TRADITION,c4c0c7eaeca0d61d2e53f4f0642bfa382e91dd28b470d2f4da2ba8539fe0e7f7,6,HERODOTUS,89f0804afded8e7a0f4e1b507030d5ef4ecaf17e422c8b2969bd6b23e62818e6,1,0,23,0
q_half,ud23,HESIODIC_TRADITION,c4c0c7eaeca0d61d2e53f4f0642bfa382e91dd28b470d2f4da2ba8539fe0e7f7,6,HOMERIC_TRADITION,209ee9f27c82f31d31eb16124569039d7847ed327f3a0f2b5c4eae048347e621,1,1,8,8
q_half,ud23,HESIODIC_TRADITION,c4c0c7eaeca0d61d2e53f4f0642bfa382e91dd28b470d2f4da2ba8539fe0e7f7,6,PLUTARCH,ef8134329970f595ef9ccf4198217affef5c01fa243d5bf4e59ee6daebb04e1d,1,1,13,8
q_half,ud23,HESIODIC_TRADITION,c4c0c7eaeca0d61d2e53f4f0642bfa382e91dd28b470d2f4da2ba8539fe0e7f7,6,THUCYDIDES,1a32cf6857284fff7c7f006f8d0cd4ab15a047af7a4bcd5613d1fd50789dd4ee,1,1,10,8
q_half,ud23,HESIODIC_TRADITION,c4c0c7eaeca0d61d2e53f4f0642bfa382e91dd28b470d2f4da2ba8539fe0e7f7,7,ATHENAEUS,4352f04fcfd7cbe580caddf69f309034ffb967d5d1bc8a8e809498de5bf8d329,1,1,4,4
q_half,ud23,HESIODIC_TRADITION,c4c0c7eaeca0d61d2e53f4f0642bfa382e91dd28b470d2f4da2ba8539fe0e7f7,7,DIODORUS,d91dad02f8da03cf6702fa7edec531da5e56f526f466e2f04180f2a23a1cf315,1,1,48,8
q_half,ud23,HESIODIC_TRADITION,c4c0c7eaeca0d61d2e53f4f0642bfa382e91dd28b470d2f4da2ba8539fe0e7f7,7,HERODOTUS,89f0804afded8e7a0f4e1b507030d5ef4ecaf17e422c8b2969bd6b23e62818e6,1,1,15,8
q_half,ud23,HESIODIC_TRADITION,c4c0c7eaeca0d61d2e53f4f0642bfa382e91dd28b470d2f4da2ba8539fe0e7f7,7,HOMERIC_TRADITION,209ee9f27c82f31d31eb16124569039d7847ed327f3a0f2b5c4eae048347e621,1,0,16,0
q_half,ud23,HESIODIC_TRADITION,c4c0c7eaeca0d61d2e53f4f0642bfa382e91dd28b470d2f4da2ba8539fe0e7f7,7,PLUTARCH,ef8134329970f595ef9ccf4198217affef5c01fa243d5bf4e59ee6daebb04e1d,1,1,1,1
q_half,ud23,HESIODIC_TRADITION,c4c0c7eaeca0d61d2e53f4f0642bfa382e91dd28b470d2f4da2ba8539fe0e7f7,7,THUCYDIDES,1a32cf6857284fff7c7f006f8d0cd4ab15a047af7a4bcd5613d1fd50789dd4ee,1,1,20,8
q_half,ud23,HESIODIC_TRADITION,c4c0c7eaeca0d61d2e53f4f0642bfa382e91dd28b470d2f4da2ba8539fe0e7f7,8,ATHENAEUS,4352f04fcfd7cbe580caddf69f309034ffb967d5d1bc8a8e809498de5bf8d329,1,1,3,3
q_half,ud23,HESIODIC_TRADITION,c4c0c7eaeca0d61d2e53f4f0642bfa382e91dd28b470d2f4da2ba8539fe0e7f7,8,DIODORUS,d91dad02f8da03cf6702fa7edec531da5e56f526f466e2f04180f2a23a1cf315,1,1,8,8
q_half,ud23,HESIODIC_TRADITION,c4c0c7eaeca0d61d2e53f4f0642bfa382e91dd28b470d2f4da2ba8539fe0e7f7,8,HERODOTUS,89f0804afded8e7a0f4e1b507030d5ef4ecaf17e422c8b2969bd6b23e62818e6,1,1,3,3
q_half,ud23,HESIODIC_TRADITION,c4c0c7eaeca0d61d2e53f4f0642bfa382e91dd28b470d2f4da2ba8539fe0e7f7,8,HOMERIC_TRADITION,209ee9f27c82f31d31eb16124569039d7847ed327f3a0f2b5c4eae048347e621,1,1,4,4
q_half,ud23,HESIODIC_TRADITION,c4c0c7eaeca0d61d2e53f4f0642bfa382e91dd28b470d2f4da2ba8539fe0e7f7,8,PLUTARCH,ef8134329970f595ef9ccf4198217affef5c01fa243d5bf4e59ee6daebb04e1d,1,1,42,8
q_half,ud23,HESIODIC_TRADITION,c4c0c7eaeca0d61d2e53f4f0642bfa382e91dd28b470d2f4da2ba8539fe0e7f7,8,THUCYDIDES,1a32cf6857284fff7c7f006f8d0cd4ab15a047af7a4bcd5613d1fd50789dd4ee,1,0,5,0
q_half,ud23,HESIODIC_TRADITION,c4c0c7eaeca0d61d2e53f4f0642bfa382e91dd28b470d2f4da2ba8539fe0e7f7,9,ATHENAEUS,4352f04fcfd7cbe580caddf69f309034ffb967d5d1bc8a8e809498de5bf8d329,1,1,3,3
q_half,ud23,HESIODIC_TRADITION,c4c0c7eaeca0d61d2e53f4f0642bfa382e91dd28b470d2f4da2ba8539fe0e7f7,9,DIODORUS,d91dad02f8da03cf6702fa7edec531da5e56f526f466e2f04180f2a23a1cf315,1,0,8,0
q_half,ud23,HESIODIC_TRADITION,c4c0c7eaeca0d61d2e53f4f0642bfa382e91dd28b470d2f4da2ba8539fe0e7f7,9,HERODOTUS,89f0804afded8e7a0f4e1b507030d5ef4ecaf17e422c8b2969bd6b23e62818e6,1,1,2,2
q_half,ud23,HESIODIC_TRADITION,c4c0c7eaeca0d61d2e53f4f0642bfa382e91dd28b470d2f4da2ba8539fe0e7f7,9,HOMERIC_TRADITION,209ee9f27c82f31d31eb16124569039d7847ed327f3a0f2b5c4eae048347e621,1,1,6,6
q_half,ud23,HESIODIC_TRADITION,c4c0c7eaeca0d61d2e53f4f0642bfa382e91dd28b470d2f4da2ba8539fe0e7f7,9,PLUTARCH,ef8134329970f595ef9ccf4198217affef5c01fa243d5bf4e59ee6daebb04e1d,1,0,16,0
q_half,ud23,HESIODIC_TRADITION,c4c0c7eaeca0d61d2e53f4f0642bfa382e91dd28b470d2f4da2ba8539fe0e7f7,9,THUCYDIDES,1a32cf6857284fff7c7f006f8d0cd4ab15a047af7a4bcd5613d1fd50789dd4ee,1,1,7,7
q_half,ud23,DIODORUS,d91dad02f8da03cf6702fa7edec531da5e56f526f466e2f04180f2a23a1cf315,0,ATHENAEUS,4352f04fcfd7cbe580caddf69f309034ffb967d5d1bc8a8e809498de5bf8d329,1,0,23,0
q_half,ud23,DIODORUS,d91dad02f8da03cf6702fa7edec531da5e56f526f466e2f04180f2a23a1cf315,0,HERODOTUS,89f0804afded8e7a0f4e1b507030d5ef4ecaf17e422c8b2969bd6b23e62818e6,1,1,11,8
q_half,ud23,DIODORUS,d91dad02f8da03cf6702fa7edec531da5e56f526f466e2f04180f2a23a1cf315,0,HESIODIC_TRADITION,c4c0c7eaeca0d61d2e53f4f0642bfa382e91dd28b470d2f4da2ba8539fe0e7f7,1,1,9,8
q_half,ud23,DIODORUS,d91dad02f8da03cf6702fa7edec531da5e56f526f466e2f04180f2a23a1cf315,0,HOMERIC_TRADITION,209ee9f27c82f31d31eb16124569039d7847ed327f3a0f2b5c4eae048347e621,1,0,13,0
q_half,ud23,DIODORUS,d91dad02f8da03cf6702fa7edec531da5e56f526f466e2f04180f2a23a1cf315,0,PLUTARCH,ef8134329970f595ef9ccf4198217affef5c01fa243d5bf4e59ee6daebb04e1d,0,0,0,0
q_half,ud23,DIODORUS,d91dad02f8da03cf6702fa7edec531da5e56f526f466e2f04180f2a23a1cf315,0,THUCYDIDES,1a32cf6857284fff7c7f006f8d0cd4ab15a047af7a4bcd5613d1fd50789dd4ee,1,1,3,3
q_half,ud23,DIODORUS,d91dad02f8da03cf6702fa7edec531da5e56f526f466e2f04180f2a23a1cf315,1,ATHENAEUS,4352f04fcfd7cbe580caddf69f309034ffb967d5d1bc8a8e809498de5bf8d329,1,1,18,8
q_half,ud23,DIODORUS,d91dad02f8da03cf6702fa7edec531da5e56f526f466e2f04180f2a23a1cf315,1,HERODOTUS,89f0804afded8e7a0f4e1b507030d5ef4ecaf17e422c8b2969bd6b23e62818e6,1,1,4,4
q_half,ud23,DIODORUS,d91dad02f8da03cf6702fa7edec531da5e56f526f466e2f04180f2a23a1cf315,1,HESIODIC_TRADITION,c4c0c7eaeca0d61d2e53f4f0642bfa382e91dd28b470d2f4da2ba8539fe0e7f7,1,1,8,8
q_half,ud23,DIODORUS,d91dad02f8da03cf6702fa7edec531da5e56f526f466e2f04180f2a23a1cf315,1,HOMERIC_TRADITION,209ee9f27c82f31d31eb16124569039d7847ed327f3a0f2b5c4eae048347e621,1,1,4,4
q_half,ud23,DIODORUS,d91dad02f8da03cf6702fa7edec531da5e56f526f466e2f04180f2a23a1cf315,1,PLUTARCH,ef8134329970f595ef9ccf4198217affef5c01fa243d5bf4e59ee6daebb04e1d,1,1,7,7
q_half,ud23,DIODORUS,d91dad02f8da03cf6702fa7edec531da5e56f526f466e2f04180f2a23a1cf315,1,THUCYDIDES,1a32cf6857284fff7c7f006f8d0cd4ab15a047af7a4bcd5613d1fd50789dd4ee,1,1,8,8
q_half,ud23,DIODORUS,d91dad02f8da03cf6702fa7edec531da5e56f526f466e2f04180f2a23a1cf315,2,ATHENAEUS,4352f04fcfd7cbe580caddf69f309034ffb967d5d1bc8a8e809498de5bf8d329,1,1,5,5
q_half,ud23,DIODORUS,d91dad02f8da03cf6702fa7edec531da5e56f526f466e2f04180f2a23a1cf315,2,HERODOTUS,89f0804afded8e7a0f4e1b507030d5ef4ecaf17e422c8b2969bd6b23e62818e6,1,0,21,0
q_half,ud23,DIODORUS,d91dad02f8da03cf6702fa7edec531da5e56f526f466e2f04180f2a23a1cf315,2,HESIODIC_TRADITION,c4c0c7eaeca0d61d2e53f4f0642bfa382e91dd28b470d2f4da2ba8539fe0e7f7,1,1,10,8
q_half,ud23,DIODORUS,d91dad02f8da03cf6702fa7edec531da5e56f526f466e2f04180f2a23a1cf315,2,HOMERIC_TRADITION,209ee9f27c82f31d31eb16124569039d7847ed327f3a0f2b5c4eae048347e621,1,1,5,5
q_half,ud23,DIODORUS,d91dad02f8da03cf6702fa7edec531da5e56f526f466e2f04180f2a23a1cf315,2,PLUTARCH,ef8134329970f595ef9ccf4198217affef5c01fa243d5bf4e59ee6daebb04e1d,1,1,11,8
q_half,ud23,DIODORUS,d91dad02f8da03cf6702fa7edec531da5e56f526f466e2f04180f2a23a1cf315,2,THUCYDIDES,1a32cf6857284fff7c7f006f8d0cd4ab15a047af7a4bcd5613d1fd50789dd4ee,1,1,8,8
q_half,ud23,DIODORUS,d91dad02f8da03cf6702fa7edec531da5e56f526f466e2f04180f2a23a1cf315,3,ATHENAEUS,4352f04fcfd7cbe580caddf69f309034ffb967d5d1bc8a8e809498de5bf8d329,1,1,11,8
q_half,ud23,DIODORUS,d91dad02f8da03cf6702fa7edec531da5e56f526f466e2f04180f2a23a1cf315,3,HERODOTUS,89f0804afded8e7a0f4e1b507030d5ef4ecaf17e422c8b2969bd6b23e62818e6,1,1,3,3
q_half,ud23,DIODORUS,d91dad02f8da03cf6702fa7edec531da5e56f526f466e2f04180f2a23a1cf315,3,HESIODIC_TRADITION,c4c0c7eaeca0d61d2e53f4f0642bfa382e91dd28b470d2f4da2ba8539fe0e7f7,1,1,2,2
q_half,ud23,DIODORUS,d91dad02f8da03cf6702fa7edec531da5e56f526f466e2f04180f2a23a1cf315,3,HOMERIC_TRADITION,209ee9f27c82f31d31eb16124569039d7847ed327f3a0f2b5c4eae048347e621,1,1,14,8
q_half,ud23,DIODORUS,d91dad02f8da03cf6702fa7edec531da5e56f526f466e2f04180f2a23a1cf315,3,PLUTARCH,ef8134329970f595ef9ccf4198217affef5c01fa243d5bf4e59ee6daebb04e1d,1,1,3,3
q_half,ud23,DIODORUS,d91dad02f8da03cf6702fa7edec531da5e56f526f466e2f04180f2a23a1cf315,3,THUCYDIDES,1a32cf6857284fff7c7f006f8d0cd4ab15a047af7a4bcd5613d1fd50789dd4ee,1,1,15,8
q_half,ud23,DIODORUS,d91dad02f8da03cf6702fa7edec531da5e56f526f466e2f04180f2a23a1cf315,4,ATHENAEUS,4352f04fcfd7cbe580caddf69f309034ffb967d5d1bc8a8e809498de5bf8d329,1,1,1,1
q_half,ud23,DIODORUS,d91dad02f8da03cf6702fa7edec531da5e56f526f466e2f04180f2a23a1cf315,4,HERODOTUS,89f0804afded8e7a0f4e1b507030d5ef4ecaf17e422c8b2969bd6b23e62818e6,1,1,32,8
q_half,ud23,DIODORUS,d91dad02f8da03cf6702fa7edec531da5e56f526f466e2f04180f2a23a1cf315,4,HESIODIC_TRADITION,c4c0c7eaeca0d61d2e53f4f0642bfa382e91dd28b470d2f4da2ba8539fe0e7f7,1,0,6,0
q_half,ud23,DIODORUS,d91dad02f8da03cf6702fa7edec531da5e56f526f466e2f04180f2a23a1cf315,4,HOMERIC_TRADITION,209ee9f27c82f31d31eb16124569039d7847ed327f3a0f2b5c4eae048347e621,0,0,0,0
q_half,ud23,DIODORUS,d91dad02f8da03cf6702fa7edec531da5e56f526f466e2f04180f2a23a1cf315,4,PLUTARCH,ef8134329970f595ef9ccf4198217affef5c01fa243d5bf4e59ee6daebb04e1d,1,1,11,8
q_half,ud23,DIODORUS,d91dad02f8da03cf6702fa7edec531da5e56f526f466e2f04180f2a23a1cf315,4,THUCYDIDES,1a32cf6857284fff7c7f006f8d0cd4ab15a047af7a4bcd5613d1fd50789dd4ee,1,1,12,8
q_half,ud23,DIODORUS,d91dad02f8da03cf6702fa7edec531da5e56f526f466e2f04180f2a23a1cf315,5,ATHENAEUS,4352f04fcfd7cbe580caddf69f309034ffb967d5d1bc8a8e809498de5bf8d329,1,1,17,8
q_half,ud23,DIODORUS,d91dad02f8da03cf6702fa7edec531da5e56f526f466e2f04180f2a23a1cf315,5,HERODOTUS,89f0804afded8e7a0f4e1b507030d5ef4ecaf17e422c8b2969bd6b23e62818e6,1,1,15,8
q_half,ud23,DIODORUS,d91dad02f8da03cf6702fa7edec531da5e56f526f466e2f04180f2a23a1cf315,5,HESIODIC_TRADITION,c4c0c7eaeca0d61d2e53f4f0642bfa382e91dd28b470d2f4da2ba8539fe0e7f7,1,1,6,6
q_half,ud23,DIODORUS,d91dad02f8da03cf6702fa7edec531da5e56f526f466e2f04180f2a23a1cf315,5,HOMERIC_TRADITION,209ee9f27c82f31d31eb16124569039d7847ed327f3a0f2b5c4eae048347e621,1,1,10,8
q_half,ud23,DIODORUS,d91dad02f8da03cf6702fa7edec531da5e56f526f466e2f04180f2a23a1cf315,5,PLUTARCH,ef8134329970f595ef9ccf4198217affef5c01fa243d5bf4e59ee6daebb04e1d,1,1,20,8
q_half,ud23,DIODORUS,d91dad02f8da03cf6702fa7edec531da5e56f526f466e2f04180f2a23a1cf315,5,THUCYDIDES,1a32cf6857284fff7c7f006f8d0cd4ab15a047af7a4bcd5613d1fd50789dd4ee,1,1,8,8
q_half,ud23,DIODORUS,d91dad02f8da03cf6702fa7edec531da5e56f526f466e2f04180f2a23a1cf315,6,ATHENAEUS,4352f04fcfd7cbe580caddf69f309034ffb967d5d1bc8a8e809498de5bf8d329,1,1,10,8
q_half,ud23,DIODORUS,d91dad02f8da03cf6702fa7edec531da5e56f526f466e2f04180f2a23a1cf315,6,HERODOTUS,89f0804afded8e7a0f4e1b507030d5ef4ecaf17e422c8b2969bd6b23e62818e6,1,1,9,8
q_half,ud23,DIODORUS,d91dad02f8da03cf6702fa7edec531da5e56f526f466e2f04180f2a23a1cf315,6,HESIODIC_TRADITION,c4c0c7eaeca0d61d2e53f4f0642bfa382e91dd28b470d2f4da2ba8539fe0e7f7,1,1,9,8
q_half,ud23,DIODORUS,d91dad02f8da03cf6702fa7edec531da5e56f526f466e2f04180f2a23a1cf315,6,HOMERIC_TRADITION,209ee9f27c82f31d31eb16124569039d7847ed327f3a0f2b5c4eae048347e621,1,1,6,6
q_half,ud23,DIODORUS,d91dad02f8da03cf6702fa7edec531da5e56f526f466e2f04180f2a23a1cf315,6,PLUTARCH,ef8134329970f595ef9ccf4198217affef5c01fa243d5bf4e59ee6daebb04e1d,1,1,22,8
q_half,ud23,DIODORUS,d91dad02f8da03cf6702fa7edec531da5e56f526f466e2f04180f2a23a1cf315,6,THUCYDIDES,1a32cf6857284fff7c7f006f8d0cd4ab15a047af7a4bcd5613d1fd50789dd4ee,0,0,0,0
q_half,ud23,DIODORUS,d91dad02f8da03cf6702fa7edec531da5e56f526f466e2f04180f2a23a1cf315,7,ATHENAEUS,4352f04fcfd7cbe580caddf69f309034ffb967d5d1bc8a8e809498de5bf8d329,1,1,16,8
q_half,ud23,DIODORUS,d91dad02f8da03cf6702fa7edec531da5e56f526f466e2f04180f2a23a1cf315,7,HERODOTUS,89f0804afded8e7a0f4e1b507030d5ef4ecaf17e422c8b2969bd6b23e62818e6,1,1,7,7
q_half,ud23,DIODORUS,d91dad02f8da03cf6702fa7edec531da5e56f526f466e2f04180f2a23a1cf315,7,HESIODIC_TRADITION,c4c0c7eaeca0d61d2e53f4f0642bfa382e91dd28b470d2f4da2ba8539fe0e7f7,1,0,17,0
q_half,ud23,DIODORUS,d91dad02f8da03cf6702fa7edec531da5e56f526f466e2f04180f2a23a1cf315,7,HOMERIC_TRADITION,209ee9f27c82f31d31eb16124569039d7847ed327f3a0f2b5c4eae048347e621,1,1,5,5
q_half,ud23,DIODORUS,d91dad02f8da03cf6702fa7edec531da5e56f526f466e2f04180f2a23a1cf315,7,PLUTARCH,ef8134329970f595ef9ccf4198217affef5c01fa243d5bf4e59ee6daebb04e1d,0,0,0,0
q_half,ud23,DIODORUS,d91dad02f8da03cf6702fa7edec531da5e56f526f466e2f04180f2a23a1cf315,7,THUCYDIDES,1a32cf6857284fff7c7f006f8d0cd4ab15a047af7a4bcd5613d1fd50789dd4ee,1,1,1,1
q_half,ud23,DIODORUS,d91dad02f8da03cf6702fa7edec531da5e56f526f466e2f04180f2a23a1cf315,8,ATHENAEUS,4352f04fcfd7cbe580caddf69f309034ffb967d5d1bc8a8e809498de5bf8d329,1,1,6,6
q_half,ud23,DIODORUS,d91dad02f8da03cf6702fa7edec531da5e56f526f466e2f04180f2a23a1cf315,8,HERODOTUS,89f0804afded8e7a0f4e1b507030d5ef4ecaf17e422c8b2969bd6b23e62818e6,1,0,25,0
q_half,ud23,DIODORUS,d91dad02f8da03cf6702fa7edec531da5e56f526f466e2f04180f2a23a1cf315,8,HESIODIC_TRADITION,c4c0c7eaeca0d61d2e53f4f0642bfa382e91dd28b470d2f4da2ba8539fe0e7f7,0,0,0,0
q_half,ud23,DIODORUS,d91dad02f8da03cf6702fa7edec531da5e56f526f466e2f04180f2a23a1cf315,8,HOMERIC_TRADITION,209ee9f27c82f31d31eb16124569039d7847ed327f3a0f2b5c4eae048347e621,1,1,24,8
q_half,ud23,DIODORUS,d91dad02f8da03cf6702fa7edec531da5e56f526f466e2f04180f2a23a1cf315,8,PLUTARCH,ef8134329970f595ef9ccf4198217affef5c01fa243d5bf4e59ee6daebb04e1d,1,1,3,3
q_half,ud23,DIODORUS,d91dad02f8da03cf6702fa7edec531da5e56f526f466e2f04180f2a23a1cf315,8,THUCYDIDES,1a32cf6857284fff7c7f006f8d0cd4ab15a047af7a4bcd5613d1fd50789dd4ee,1,1,1,1
q_half,ud23,DIODORUS,d91dad02f8da03cf6702fa7edec531da5e56f526f466e2f04180f2a23a1cf315,9,ATHENAEUS,4352f04fcfd7cbe580caddf69f309034ffb967d5d1bc8a8e809498de5bf8d329,1,1,6,6
q_half,ud23,DIODORUS,d91dad02f8da03cf6702fa7edec531da5e56f526f466e2f04180f2a23a1cf315,9,HERODOTUS,89f0804afded8e7a0f4e1b507030d5ef4ecaf17e422c8b2969bd6b23e62818e6,1,1,5,5
q_half,ud23,DIODORUS,d91dad02f8da03cf6702fa7edec531da5e56f526f466e2f04180f2a23a1cf315,9,HESIODIC_TRADITION,c4c0c7eaeca0d61d2e53f4f0642bfa382e91dd28b470d2f4da2ba8539fe0e7f7,1,1,2,2
q_half,ud23,DIODORUS,d91dad02f8da03cf6702fa7edec531da5e56f526f466e2f04180f2a23a1cf315,9,HOMERIC_TRADITION,209ee9f27c82f31d31eb16124569039d7847ed327f3a0f2b5c4eae048347e621,1,1,11,8
q_half,ud23,DIODORUS,d91dad02f8da03cf6702fa7edec531da5e56f526f466e2f04180f2a23a1cf315,9,PLUTARCH,ef8134329970f595ef9ccf4198217affef5c01fa243d5bf4e59ee6daebb04e1d,1,1,17,8
q_half,ud23,DIODORUS,d91dad02f8da03cf6702fa7edec531da5e56f526f466e2f04180f2a23a1cf315,9,THUCYDIDES,1a32cf6857284fff7c7f006f8d0cd4ab15a047af7a4bcd5613d1fd50789dd4ee,1,1,12,8
q_half,ud23,PLUTARCH,ef8134329970f595ef9ccf4198217affef5c01fa243d5bf4e59ee6daebb04e1d,0,ATHENAEUS,4352f04fcfd7cbe580caddf69f309034ffb967d5d1bc8a8e809498de5bf8d329,1,1,9,8
q_half,ud23,PLUTARCH,ef8134329970f595ef9ccf4198217affef5c01fa243d5bf4e59ee6daebb04e1d,0,DIODORUS,d91dad02f8da03cf6702fa7edec531da5e56f526f466e2f04180f2a23a1cf315,1,1,9,8
q_half,ud23,PLUTARCH,ef8134329970f595ef9ccf4198217affef5c01fa243d5bf4e59ee6daebb04e1d,0,HERODOTUS,89f0804afded8e7a0f4e1b507030d5ef4ecaf17e422c8b2969bd6b23e62818e6,1,1,3,3
q_half,ud23,PLUTARCH,ef8134329970f595ef9ccf4198217affef5c01fa243d5bf4e59ee6daebb04e1d,0,HESIODIC_TRADITION,c4c0c7eaeca0d61d2e53f4f0642bfa382e91dd28b470d2f4da2ba8539fe0e7f7,1,1,5,5
q_half,ud23,PLUTARCH,ef8134329970f595ef9ccf4198217affef5c01fa243d5bf4e59ee6daebb04e1d,0,HOMERIC_TRADITION,209ee9f27c82f31d31eb16124569039d7847ed327f3a0f2b5c4eae048347e621,1,1,1,1
q_half,ud23,PLUTARCH,ef8134329970f595ef9ccf4198217affef5c01fa243d5bf4e59ee6daebb04e1d,0,THUCYDIDES,1a32cf6857284fff7c7f006f8d0cd4ab15a047af7a4bcd5613d1fd50789dd4ee,1,1,2,2
q_half,ud23,PLUTARCH,ef8134329970f595ef9ccf4198217affef5c01fa243d5bf4e59ee6daebb04e1d,1,ATHENAEUS,4352f04fcfd7cbe580caddf69f309034ffb967d5d1bc8a8e809498de5bf8d329,1,1,10,8
q_half,ud23,PLUTARCH,ef8134329970f595ef9ccf4198217affef5c01fa243d5bf4e59ee6daebb04e1d,1,DIODORUS,d91dad02f8da03cf6702fa7edec531da5e56f526f466e2f04180f2a23a1cf315,1,1,17,8
q_half,ud23,PLUTARCH,ef8134329970f595ef9ccf4198217affef5c01fa243d5bf4e59ee6daebb04e1d,1,HERODOTUS,89f0804afded8e7a0f4e1b507030d5ef4ecaf17e422c8b2969bd6b23e62818e6,1,1,4,4
q_half,ud23,PLUTARCH,ef8134329970f595ef9ccf4198217affef5c01fa243d5bf4e59ee6daebb04e1d,1,HESIODIC_TRADITION,c4c0c7eaeca0d61d2e53f4f0642bfa382e91dd28b470d2f4da2ba8539fe0e7f7,1,0,5,0
q_half,ud23,PLUTARCH,ef8134329970f595ef9ccf4198217affef5c01fa243d5bf4e59ee6daebb04e1d,1,HOMERIC_TRADITION,209ee9f27c82f31d31eb16124569039d7847ed327f3a0f2b5c4eae048347e621,1,0,7,0
q_half,ud23,PLUTARCH,ef8134329970f595ef9ccf4198217affef5c01fa243d5bf4e59ee6daebb04e1d,1,THUCYDIDES,1a32cf6857284fff7c7f006f8d0cd4ab15a047af7a4bcd5613d1fd50789dd4ee,1,1,3,3
q_half,ud23,PLUTARCH,ef8134329970f595ef9ccf4198217affef5c01fa243d5bf4e59ee6daebb04e1d,2,ATHENAEUS,4352f04fcfd7cbe580caddf69f309034ffb967d5d1bc8a8e809498de5bf8d329,1,1,6,6
q_half,ud23,PLUTARCH,ef8134329970f595ef9ccf4198217affef5c01fa243d5bf4e59ee6daebb04e1d,2,DIODORUS,d91dad02f8da03cf6702fa7edec531da5e56f526f466e2f04180f2a23a1cf315,1,0,10,0
q_half,ud23,PLUTARCH,ef8134329970f595ef9ccf4198217affef5c01fa243d5bf4e59ee6daebb04e1d,2,HERODOTUS,89f0804afded8e7a0f4e1b507030d5ef4ecaf17e422c8b2969bd6b23e62818e6,1,1,12,8
q_half,ud23,PLUTARCH,ef8134329970f595ef9ccf4198217affef5c01fa243d5bf4e59ee6daebb04e1d,2,HESIODIC_TRADITION,c4c0c7eaeca0d61d2e53f4f0642bfa382e91dd28b470d2f4da2ba8539fe0e7f7,1,1,1,1
q_half,ud23,PLUTARCH,ef8134329970f595ef9ccf4198217affef5c01fa243d5bf4e59ee6daebb04e1d,2,HOMERIC_TRADITION,209ee9f27c82f31d31eb16124569039d7847ed327f3a0f2b5c4eae048347e621,1,1,6,6
q_half,ud23,PLUTARCH,ef8134329970f595ef9ccf4198217affef5c01fa243d5bf4e59ee6daebb04e1d,2,THUCYDIDES,1a32cf6857284fff7c7f006f8d0cd4ab15a047af7a4bcd5613d1fd50789dd4ee,1,0,4,0
q_half,ud23,PLUTARCH,ef8134329970f595ef9ccf4198217affef5c01fa243d5bf4e59ee6daebb04e1d,3,ATHENAEUS,4352f04fcfd7cbe580caddf69f309034ffb967d5d1bc8a8e809498de5bf8d329,1,1,1,1
q_half,ud23,PLUTARCH,ef8134329970f595ef9ccf4198217affef5c01fa243d5bf4e59ee6daebb04e1d,3,DIODORUS,d91dad02f8da03cf6702fa7edec531da5e56f526f466e2f04180f2a23a1cf315,1,1,9,8
q_half,ud23,PLUTARCH,ef8134329970f595ef9ccf4198217affef5c01fa243d5bf4e59ee6daebb04e1d,3,HERODOTUS,89f0804afded8e7a0f4e1b507030d5ef4ecaf17e422c8b2969bd6b23e62818e6,1,0,7,0
q_half,ud23,PLUTARCH,ef8134329970f595ef9ccf4198217affef5c01fa243d5bf4e59ee6daebb04e1d,3,HESIODIC_TRADITION,c4c0c7eaeca0d61d2e53f4f0642bfa382e91dd28b470d2f4da2ba8539fe0e7f7,1,1,23,8
q_half,ud23,PLUTARCH,ef8134329970f595ef9ccf4198217affef5c01fa243d5bf4e59ee6daebb04e1d,3,HOMERIC_TRADITION,209ee9f27c82f31d31eb16124569039d7847ed327f3a0f2b5c4eae048347e621,1,1,11,8
q_half,ud23,PLUTARCH,ef8134329970f595ef9ccf4198217affef5c01fa243d5bf4e59ee6daebb04e1d,3,THUCYDIDES,1a32cf6857284fff7c7f006f8d0cd4ab15a047af7a4bcd5613d1fd50789dd4ee,1,1,4,4
q_half,ud23,PLUTARCH,ef8134329970f595ef9ccf4198217affef5c01fa243d5bf4e59ee6daebb04e1d,4,ATHENAEUS,4352f04fcfd7cbe580caddf69f309034ffb967d5d1bc8a8e809498de5bf8d329,1,1,7,7
q_half,ud23,PLUTARCH,ef8134329970f595ef9ccf4198217affef5c01fa243d5bf4e59ee6daebb04e1d,4,DIODORUS,d91dad02f8da03cf6702fa7edec531da5e56f526f466e2f04180f2a23a1cf315,1,1,12,8
q_half,ud23,PLUTARCH,ef8134329970f595ef9ccf4198217affef5c01fa243d5bf4e59ee6daebb04e1d,4,HERODOTUS,89f0804afded8e7a0f4e1b507030d5ef4ecaf17e422c8b2969bd6b23e62818e6,1,1,1,1
q_half,ud23,PLUTARCH,ef8134329970f595ef9ccf4198217affef5c01fa243d5bf4e59ee6daebb04e1d,4,HESIODIC_TRADITION,c4c0c7eaeca0d61d2e53f4f0642bfa382e91dd28b470d2f4da2ba8539fe0e7f7,1,1,3,3
q_half,ud23,PLUTARCH,ef8134329970f595ef9ccf4198217affef5c01fa243d5bf4e59ee6daebb04e1d,4,HOMERIC_TRADITION,209ee9f27c82f31d31eb16124569039d7847ed327f3a0f2b5c4eae048347e621,1,1,11,8
q_half,ud23,PLUTARCH,ef8134329970f595ef9ccf4198217affef5c01fa243d5bf4e59ee6daebb04e1d,4,THUCYDIDES,1a32cf6857284fff7c7f006f8d0cd4ab15a047af7a4bcd5613d1fd50789dd4ee,1,0,16,0
q_half,ud23,PLUTARCH,ef8134329970f595ef9ccf4198217affef5c01fa243d5bf4e59ee6daebb04e1d,5,ATHENAEUS,4352f04fcfd7cbe580caddf69f309034ffb967d5d1bc8a8e809498de5bf8d329,0,0,0,0
q_half,ud23,PLUTARCH,ef8134329970f595ef9ccf4198217affef5c01fa243d5bf4e59ee6daebb04e1d,5,DIODORUS,d91dad02f8da03cf6702fa7edec531da5e56f526f466e2f04180f2a23a1cf315,1,0,11,0
q_half,ud23,PLUTARCH,ef8134329970f595ef9ccf4198217affef5c01fa243d5bf4e59ee6daebb04e1d,5,HERODOTUS,89f0804afded8e7a0f4e1b507030d5ef4ecaf17e422c8b2969bd6b23e62818e6,1,1,11,8
q_half,ud23,PLUTARCH,ef8134329970f595ef9ccf4198217affef5c01fa243d5bf4e59ee6daebb04e1d,5,HESIODIC_TRADITION,c4c0c7eaeca0d61d2e53f4f0642bfa382e91dd28b470d2f4da2ba8539fe0e7f7,1,0,4,0
q_half,ud23,PLUTARCH,ef8134329970f595ef9ccf4198217affef5c01fa243d5bf4e59ee6daebb04e1d,5,HOMERIC_TRADITION,209ee9f27c82f31d31eb16124569039d7847ed327f3a0f2b5c4eae048347e621,1,1,7,7
q_half,ud23,PLUTARCH,ef8134329970f595ef9ccf4198217affef5c01fa243d5bf4e59ee6daebb04e1d,5,THUCYDIDES,1a32cf6857284fff7c7f006f8d0cd4ab15a047af7a4bcd5613d1fd50789dd4ee,0,0,0,0
q_half,ud23,PLUTARCH,ef8134329970f595ef9ccf4198217affef5c01fa243d5bf4e59ee6daebb04e1d,6,ATHENAEUS,4352f04fcfd7cbe580caddf69f309034ffb967d5d1bc8a8e809498de5bf8d329,1,1,15,8
q_half,ud23,PLUTARCH,ef8134329970f595ef9ccf4198217affef5c01fa243d5bf4e59ee6daebb04e1d,6,DIODORUS,d91dad02f8da03cf6702fa7edec531da5e56f526f466e2f04180f2a23a1cf315,1,1,26,8
q_half,ud23,PLUTARCH,ef8134329970f595ef9ccf4198217affef5c01fa243d5bf4e59ee6daebb04e1d,6,HERODOTUS,89f0804afded8e7a0f4e1b507030d5ef4ecaf17e422c8b2969bd6b23e62818e6,1,1,6,6
q_half,ud23,PLUTARCH,ef8134329970f595ef9ccf4198217affef5c01fa243d5bf4e59ee6daebb04e1d,6,HESIODIC_TRADITION,c4c0c7eaeca0d61d2e53f4f0642bfa382e91dd28b470d2f4da2ba8539fe0e7f7,1,1,24,8
q_half,ud23,PLUTARCH,ef8134329970f595ef9ccf4198217affef5c01fa243d5bf4e59ee6daebb04e1d,6,HOMERIC_TRADITION,209ee9f27c82f31d31eb16124569039d7847ed327f3a0f2b5c4eae048347e621,1,1,1,1
q_half,ud23,PLUTARCH,ef8134329970f595ef9ccf4198217affef5c01fa243d5bf4e59ee6daebb04e1d,6,THUCYDIDES,1a32cf6857284fff7c7f006f8d0cd4ab15a047af7a4bcd5613d1fd50789dd4ee,1,1,23,8
q_half,ud23,PLUTARCH,ef8134329970f595ef9ccf4198217affef5c01fa243d5bf4e59ee6daebb04e1d,7,ATHENAEUS,4352f04fcfd7cbe580caddf69f309034ffb967d5d1bc8a8e809498de5bf8d329,1,0,5,0
q_half,ud23,PLUTARCH,ef8134329970f595ef9ccf4198217affef5c01fa243d5bf4e59ee6daebb04e1d,7,DIODORUS,d91dad02f8da03cf6702fa7edec531da5e56f526f466e2f04180f2a23a1cf315,1,0,6,0
q_half,ud23,PLUTARCH,ef8134329970f595ef9ccf4198217affef5c01fa243d5bf4e59ee6daebb04e1d,7,HERODOTUS,89f0804afded8e7a0f4e1b507030d5ef4ecaf17e422c8b2969bd6b23e62818e6,1,1,18,8
q_half,ud23,PLUTARCH,ef8134329970f595ef9ccf4198217affef5c01fa243d5bf4e59ee6daebb04e1d,7,HESIODIC_TRADITION,c4c0c7eaeca0d61d2e53f4f0642bfa382e91dd28b470d2f4da2ba8539fe0e7f7,1,1,4,4
q_half,ud23,PLUTARCH,ef8134329970f595ef9ccf4198217affef5c01fa243d5bf4e59ee6daebb04e1d,7,HOMERIC_TRADITION,209ee9f27c82f31d31eb16124569039d7847ed327f3a0f2b5c4eae048347e621,1,1,1,1
q_half,ud23,PLUTARCH,ef8134329970f595ef9ccf4198217affef5c01fa243d5bf4e59ee6daebb04e1d,7,THUCYDIDES,1a32cf6857284fff7c7f006f8d0cd4ab15a047af7a4bcd5613d1fd50789dd4ee,1,1,10,8
q_half,ud23,PLUTARCH,ef8134329970f595ef9ccf4198217affef5c01fa243d5bf4e59ee6daebb04e1d,8,ATHENAEUS,4352f04fcfd7cbe580caddf69f309034ffb967d5d1bc8a8e809498de5bf8d329,1,1,6,6
q_half,ud23,PLUTARCH,ef8134329970f595ef9ccf4198217affef5c01fa243d5bf4e59ee6daebb04e1d,8,DIODORUS,d91dad02f8da03cf6702fa7edec531da5e56f526f466e2f04180f2a23a1cf315,1,1,10,8
q_half,ud23,PLUTARCH,ef8134329970f595ef9ccf4198217affef5c01fa243d5bf4e59ee6daebb04e1d,8,HERODOTUS,89f0804afded8e7a0f4e1b507030d5ef4ecaf17e422c8b2969bd6b23e62818e6,1,1,1,1
q_half,ud23,PLUTARCH,ef8134329970f595ef9ccf4198217affef5c01fa243d5bf4e59ee6daebb04e1d,8,HESIODIC_TRADITION,c4c0c7eaeca0d61d2e53f4f0642bfa382e91dd28b470d2f4da2ba8539fe0e7f7,1,1,17,8
q_half,ud23,PLUTARCH,ef8134329970f595ef9ccf4198217affef5c01fa243d5bf4e59ee6daebb04e1d,8,HOMERIC_TRADITION,209ee9f27c82f31d31eb16124569039d7847ed327f3a0f2b5c4eae048347e621,1,1,10,8
q_half,ud23,PLUTARCH,ef8134329970f595ef9ccf4198217affef5c01fa243d5bf4e59ee6daebb04e1d,8,THUCYDIDES,1a32cf6857284fff7c7f006f8d0cd4ab15a047af7a4bcd5613d1fd50789dd4ee,1,1,21,8
q_half,ud23,PLUTARCH,ef8134329970f595ef9ccf4198217affef5c01fa243d5bf4e59ee6daebb04e1d,9,ATHENAEUS,4352f04fcfd7cbe580caddf69f309034ffb967d5d1bc8a8e809498de5bf8d329,1,0,5,0
q_half,ud23,PLUTARCH,ef8134329970f595ef9ccf4198217affef5c01fa243d5bf4e59ee6daebb04e1d,9,DIODORUS,d91dad02f8da03cf6702fa7edec531da5e56f526f466e2f04180f2a23a1cf315,1,1,28,8
q_half,ud23,PLUTARCH,ef8134329970f595ef9ccf4198217affef5c01fa243d5bf4e59ee6daebb04e1d,9,HERODOTUS,89f0804afded8e7a0f4e1b507030d5ef4ecaf17e422c8b2969bd6b23e62818e6,1,0,10,0
q_half,ud23,PLUTARCH,ef8134329970f595ef9ccf4198217affef5c01fa243d5bf4e59ee6daebb04e1d,9,HESIODIC_TRADITION,c4c0c7eaeca0d61d2e53f4f0642bfa382e91dd28b470d2f4da2ba8539fe0e7f7,1,1,2,2
q_half,ud23,PLUTARCH,ef8134329970f595ef9ccf4198217affef5c01fa243d5bf4e59ee6daebb04e1d,9,HOMERIC_TRADITION,209ee9f27c82f31d31eb16124569039d7847ed327f3a0f2b5c4eae048347e621,1,0,5,0
q_half,ud23,PLUTARCH,ef8134329970f595ef9ccf4198217affef5c01fa243d5bf4e59ee6daebb04e1d,9,THUCYDIDES,1a32cf6857284fff7c7f006f8d0cd4ab15a047af7a4bcd5613d1fd50789dd4ee,1,1,7,7
upos,upos_only,THUCYDIDES,1a32cf6857284fff7c7f006f8d0cd4ab15a047af7a4bcd5613d1fd50789dd4ee,0,ATHENAEUS,4352f04fcfd7cbe580caddf69f309034ffb967d5d1bc8a8e809498de5bf8d329,1,0,4,0
upos,upos_only,THUCYDIDES,1a32cf6857284fff7c7f006f8d0cd4ab15a047af7a4bcd5613d1fd50789dd4ee,0,DIODORUS,d91dad02f8da03cf6702fa7edec531da5e56f526f466e2f04180f2a23a1cf315,1,1,7,7
upos,upos_only,THUCYDIDES,1a32cf6857284fff7c7f006f8d0cd4ab15a047af7a4bcd5613d1fd50789dd4ee,0,HERODOTUS,89f0804afded8e7a0f4e1b507030d5ef4ecaf17e422c8b2969bd6b23e62818e6,1,1,30,8
upos,upos_only,THUCYDIDES,1a32cf6857284fff7c7f006f8d0cd4ab15a047af7a4bcd5613d1fd50789dd4ee,0,HESIODIC_TRADITION,c4c0c7eaeca0d61d2e53f4f0642bfa382e91dd28b470d2f4da2ba8539fe0e7f7,1,1,2,2
upos,upos_only,THUCYDIDES,1a32cf6857284fff7c7f006f8d0cd4ab15a047af7a4bcd5613d1fd50789dd4ee,0,HOMERIC_TRADITION,209ee9f27c82f31d31eb16124569039d7847ed327f3a0f2b5c4eae048347e621,1,1,3,3
upos,upos_only,THUCYDIDES,1a32cf6857284fff7c7f006f8d0cd4ab15a047af7a4bcd5613d1fd50789dd4ee,0,PLUTARCH,ef8134329970f595ef9ccf4198217affef5c01fa243d5bf4e59ee6daebb04e1d,0,0,0,0
upos,upos_only,THUCYDIDES,1a32cf6857284fff7c7f006f8d0cd4ab15a047af7a4bcd5613d1fd50789dd4ee,1,ATHENAEUS,4352f04fcfd7cbe580caddf69f309034ffb967d5d1bc8a8e809498de5bf8d329,1,1,6,6
upos,upos_only,THUCYDIDES,1a32cf6857284fff7c7f006f8d0cd4ab15a047af7a4bcd5613d1fd50789dd4ee,1,DIODORUS,d91dad02f8da03cf6702fa7edec531da5e56f526f466e2f04180f2a23a1cf315,0,0,0,0
upos,upos_only,THUCYDIDES,1a32cf6857284fff7c7f006f8d0cd4ab15a047af7a4bcd5613d1fd50789dd4ee,1,HERODOTUS,89f0804afded8e7a0f4e1b507030d5ef4ecaf17e422c8b2969bd6b23e62818e6,1,1,10,8
upos,upos_only,THUCYDIDES,1a32cf6857284fff7c7f006f8d0cd4ab15a047af7a4bcd5613d1fd50789dd4ee,1,HESIODIC_TRADITION,c4c0c7eaeca0d61d2e53f4f0642bfa382e91dd28b470d2f4da2ba8539fe0e7f7,0,0,0,0
upos,upos_only,THUCYDIDES,1a32cf6857284fff7c7f006f8d0cd4ab15a047af7a4bcd5613d1fd50789dd4ee,1,HOMERIC_TRADITION,209ee9f27c82f31d31eb16124569039d7847ed327f3a0f2b5c4eae048347e621,1,0,13,0
upos,upos_only,THUCYDIDES,1a32cf6857284fff7c7f006f8d0cd4ab15a047af7a4bcd5613d1fd50789dd4ee,1,PLUTARCH,ef8134329970f595ef9ccf4198217affef5c01fa243d5bf4e59ee6daebb04e1d,0,0,0,0
upos,upos_only,THUCYDIDES,1a32cf6857284fff7c7f006f8d0cd4ab15a047af7a4bcd5613d1fd50789dd4ee,2,ATHENAEUS,4352f04fcfd7cbe580caddf69f309034ffb967d5d1bc8a8e809498de5bf8d329,1,1,5,5
upos,upos_only,THUCYDIDES,1a32cf6857284fff7c7f006f8d0cd4ab15a047af7a4bcd5613d1fd50789dd4ee,2,DIODORUS,d91dad02f8da03cf6702fa7edec531da5e56f526f466e2f04180f2a23a1cf315,1,1,14,8
upos,upos_only,THUCYDIDES,1a32cf6857284fff7c7f006f8d0cd4ab15a047af7a4bcd5613d1fd50789dd4ee,2,HERODOTUS,89f0804afded8e7a0f4e1b507030d5ef4ecaf17e422c8b2969bd6b23e62818e6,1,0,5,0
upos,upos_only,THUCYDIDES,1a32cf6857284fff7c7f006f8d0cd4ab15a047af7a4bcd5613d1fd50789dd4ee,2,HESIODIC_TRADITION,c4c0c7eaeca0d61d2e53f4f0642bfa382e91dd28b470d2f4da2ba8539fe0e7f7,1,0,5,0
upos,upos_only,THUCYDIDES,1a32cf6857284fff7c7f006f8d0cd4ab15a047af7a4bcd5613d1fd50789dd4ee,2,HOMERIC_TRADITION,209ee9f27c82f31d31eb16124569039d7847ed327f3a0f2b5c4eae048347e621,1,1,8,8
upos,upos_only,THUCYDIDES,1a32cf6857284fff7c7f006f8d0cd4ab15a047af7a4bcd5613d1fd50789dd4ee,2,PLUTARCH,ef8134329970f595ef9ccf4198217affef5c01fa243d5bf4e59ee6daebb04e1d,0,0,0,0
upos,upos_only,THUCYDIDES,1a32cf6857284fff7c7f006f8d0cd4ab15a047af7a4bcd5613d1fd50789dd4ee,3,ATHENAEUS,4352f04fcfd7cbe580caddf69f309034ffb967d5d1bc8a8e809498de5bf8d329,1,1,12,8
upos,upos_only,THUCYDIDES,1a32cf6857284fff7c7f006f8d0cd4ab15a047af7a4bcd5613d1fd50789dd4ee,3,DIODORUS,d91dad02f8da03cf6702fa7edec531da5e56f526f466e2f04180f2a23a1cf315,0,0,0,0
upos,upos_only,THUCYDIDES,1a32cf6857284fff7c7f006f8d0cd4ab15a047af7a4bcd5613d1fd50789dd4ee,3,HERODOTUS,89f0804afded8e7a0f4e1b507030d5ef4ecaf17e422c8b2969bd6b23e62818e6,1,0,6,0
upos,upos_only,THUCYDIDES,1a32cf6857284fff7c7f006f8d0cd4ab15a047af7a4bcd5613d1fd50789dd4ee,3,HESIODIC_TRADITION,c4c0c7eaeca0d61d2e53f4f0642bfa382e91dd28b470d2f4da2ba8539fe0e7f7,1,1,10,8
upos,upos_only,THUCYDIDES,1a32cf6857284fff7c7f006f8d0cd4ab15a047af7a4bcd5613d1fd50789dd4ee,3,HOMERIC_TRADITION,209ee9f27c82f31d31eb16124569039d7847ed327f3a0f2b5c4eae048347e621,1,1,4,4
upos,upos_only,THUCYDIDES,1a32cf6857284fff7c7f006f8d0cd4ab15a047af7a4bcd5613d1fd50789dd4ee,3,PLUTARCH,ef8134329970f595ef9ccf4198217affef5c01fa243d5bf4e59ee6daebb04e1d,0,0,0,0
upos,upos_only,THUCYDIDES,1a32cf6857284fff7c7f006f8d0cd4ab15a047af7a4bcd5613d1fd50789dd4ee,4,ATHENAEUS,4352f04fcfd7cbe580caddf69f309034ffb967d5d1bc8a8e809498de5bf8d329,1,1,5,5
upos,upos_only,THUCYDIDES,1a32cf6857284fff7c7f006f8d0cd4ab15a047af7a4bcd5613d1fd50789dd4ee,4,DIODORUS,d91dad02f8da03cf6702fa7edec531da5e56f526f466e2f04180f2a23a1cf315,1,1,10,8
upos,upos_only,THUCYDIDES,1a32cf6857284fff7c7f006f8d0cd4ab15a047af7a4bcd5613d1fd50789dd4ee,4,HERODOTUS,89f0804afded8e7a0f4e1b507030d5ef4ecaf17e422c8b2969bd6b23e62818e6,1,1,27,8
upos,upos_only,THUCYDIDES,1a32cf6857284fff7c7f006f8d0cd4ab15a047af7a4bcd5613d1fd50789dd4ee,4,HESIODIC_TRADITION,c4c0c7eaeca0d61d2e53f4f0642bfa382e91dd28b470d2f4da2ba8539fe0e7f7,1,1,1,1
upos,upos_only,THUCYDIDES,1a32cf6857284fff7c7f006f8d0cd4ab15a047af7a4bcd5613d1fd50789dd4ee,4,HOMERIC_TRADITION,209ee9f27c82f31d31eb16124569039d7847ed327f3a0f2b5c4eae048347e621,1,1,13,8
upos,upos_only,THUCYDIDES,1a32cf6857284fff7c7f006f8d0cd4ab15a047af7a4bcd5613d1fd50789dd4ee,4,PLUTARCH,ef8134329970f595ef9ccf4198217affef5c01fa243d5bf4e59ee6daebb04e1d,0,0,0,0
upos,upos_only,THUCYDIDES,1a32cf6857284fff7c7f006f8d0cd4ab15a047af7a4bcd5613d1fd50789dd4ee,5,ATHENAEUS,4352f04fcfd7cbe580caddf69f309034ffb967d5d1bc8a8e809498de5bf8d329,1,1,40,8
upos,upos_only,THUCYDIDES,1a32cf6857284fff7c7f006f8d0cd4ab15a047af7a4bcd5613d1fd50789dd4ee,5,DIODORUS,d91dad02f8da03cf6702fa7edec531da5e56f526f466e2f04180f2a23a1cf315,1,1,1,1
upos,upos_only,THUCYDIDES,1a32cf6857284fff7c7f006f8d0cd4ab15a047af7a4bcd5613d1fd50789dd4ee,5,HERODOTUS,89f0804afded8e7a0f4e1b507030d5ef4ecaf17e422c8b2969bd6b23e62818e6,1,1,2,2
upos,upos_only,THUCYDIDES,1a32cf6857284fff7c7f006f8d0cd4ab15a047af7a4bcd5613d1fd50789dd4ee,5,HESIODIC_TRADITION,c4c0c7eaeca0d61d2e53f4f0642bfa382e91dd28b470d2f4da2ba8539fe0e7f7,1,1,4,4
upos,upos_only,THUCYDIDES,1a32cf6857284fff7c7f006f8d0cd4ab15a047af7a4bcd5613d1fd50789dd4ee,5,HOMERIC_TRADITION,209ee9f27c82f31d31eb16124569039d7847ed327f3a0f2b5c4eae048347e621,1,0,20,0
upos,upos_only,THUCYDIDES,1a32cf6857284fff7c7f006f8d0cd4ab15a047af7a4bcd5613d1fd50789dd4ee,5,PLUTARCH,ef8134329970f595ef9ccf4198217affef5c01fa243d5bf4e59ee6daebb04e1d,0,0,0,0
upos,upos_only,THUCYDIDES,1a32cf6857284fff7c7f006f8d0cd4ab15a047af7a4bcd5613d1fd50789dd4ee,6,ATHENAEUS,4352f04fcfd7cbe580caddf69f309034ffb967d5d1bc8a8e809498de5bf8d329,1,1,9,8
upos,upos_only,THUCYDIDES,1a32cf6857284fff7c7f006f8d0cd4ab15a047af7a4bcd5613d1fd50789dd4ee,6,DIODORUS,d91dad02f8da03cf6702fa7edec531da5e56f526f466e2f04180f2a23a1cf315,0,0,0,0
upos,upos_only,THUCYDIDES,1a32cf6857284fff7c7f006f8d0cd4ab15a047af7a4bcd5613d1fd50789dd4ee,6,HERODOTUS,89f0804afded8e7a0f4e1b507030d5ef4ecaf17e422c8b2969bd6b23e62818e6,1,1,4,4
upos,upos_only,THUCYDIDES,1a32cf6857284fff7c7f006f8d0cd4ab15a047af7a4bcd5613d1fd50789dd4ee,6,HESIODIC_TRADITION,c4c0c7eaeca0d61d2e53f4f0642bfa382e91dd28b470d2f4da2ba8539fe0e7f7,1,1,13,8
upos,upos_only,THUCYDIDES,1a32cf6857284fff7c7f006f8d0cd4ab15a047af7a4bcd5613d1fd50789dd4ee,6,HOMERIC_TRADITION,209ee9f27c82f31d31eb16124569039d7847ed327f3a0f2b5c4eae048347e621,1,1,4,4
upos,upos_only,THUCYDIDES,1a32cf6857284fff7c7f006f8d0cd4ab15a047af7a4bcd5613d1fd50789dd4ee,6,PLUTARCH,ef8134329970f595ef9ccf4198217affef5c01fa243d5bf4e59ee6daebb04e1d,0,0,0,0
upos,upos_only,THUCYDIDES,1a32cf6857284fff7c7f006f8d0cd4ab15a047af7a4bcd5613d1fd50789dd4ee,7,ATHENAEUS,4352f04fcfd7cbe580caddf69f309034ffb967d5d1bc8a8e809498de5bf8d329,1,0,15,0
upos,upos_only,THUCYDIDES,1a32cf6857284fff7c7f006f8d0cd4ab15a047af7a4bcd5613d1fd50789dd4ee,7,DIODORUS,d91dad02f8da03cf6702fa7edec531da5e56f526f466e2f04180f2a23a1cf315,1,1,7,7
upos,upos_only,THUCYDIDES,1a32cf6857284fff7c7f006f8d0cd4ab15a047af7a4bcd5613d1fd50789dd4ee,7,HERODOTUS,89f0804afded8e7a0f4e1b507030d5ef4ecaf17e422c8b2969bd6b23e62818e6,1,1,6,6
upos,upos_only,THUCYDIDES,1a32cf6857284fff7c7f006f8d0cd4ab15a047af7a4bcd5613d1fd50789dd4ee,7,HESIODIC_TRADITION,c4c0c7eaeca0d61d2e53f4f0642bfa382e91dd28b470d2f4da2ba8539fe0e7f7,1,1,3,3
upos,upos_only,THUCYDIDES,1a32cf6857284fff7c7f006f8d0cd4ab15a047af7a4bcd5613d1fd50789dd4ee,7,HOMERIC_TRADITION,209ee9f27c82f31d31eb16124569039d7847ed327f3a0f2b5c4eae048347e621,1,0,7,0
upos,upos_only,THUCYDIDES,1a32cf6857284fff7c7f006f8d0cd4ab15a047af7a4bcd5613d1fd50789dd4ee,7,PLUTARCH,ef8134329970f595ef9ccf4198217affef5c01fa243d5bf4e59ee6daebb04e1d,0,0,0,0
upos,upos_only,THUCYDIDES,1a32cf6857284fff7c7f006f8d0cd4ab15a047af7a4bcd5613d1fd50789dd4ee,8,ATHENAEUS,4352f04fcfd7cbe580caddf69f309034ffb967d5d1bc8a8e809498de5bf8d329,1,1,22,8
upos,upos_only,THUCYDIDES,1a32cf6857284fff7c7f006f8d0cd4ab15a047af7a4bcd5613d1fd50789dd4ee,8,DIODORUS,d91dad02f8da03cf6702fa7edec531da5e56f526f466e2f04180f2a23a1cf315,1,1,4,4
upos,upos_only,THUCYDIDES,1a32cf6857284fff7c7f006f8d0cd4ab15a047af7a4bcd5613d1fd50789dd4ee,8,HERODOTUS,89f0804afded8e7a0f4e1b507030d5ef4ecaf17e422c8b2969bd6b23e62818e6,1,0,11,0
upos,upos_only,THUCYDIDES,1a32cf6857284fff7c7f006f8d0cd4ab15a047af7a4bcd5613d1fd50789dd4ee,8,HESIODIC_TRADITION,c4c0c7eaeca0d61d2e53f4f0642bfa382e91dd28b470d2f4da2ba8539fe0e7f7,1,0,9,0
upos,upos_only,THUCYDIDES,1a32cf6857284fff7c7f006f8d0cd4ab15a047af7a4bcd5613d1fd50789dd4ee,8,HOMERIC_TRADITION,209ee9f27c82f31d31eb16124569039d7847ed327f3a0f2b5c4eae048347e621,1,0,2,0
upos,upos_only,THUCYDIDES,1a32cf6857284fff7c7f006f8d0cd4ab15a047af7a4bcd5613d1fd50789dd4ee,8,PLUTARCH,ef8134329970f595ef9ccf4198217affef5c01fa243d5bf4e59ee6daebb04e1d,0,0,0,0
upos,upos_only,THUCYDIDES,1a32cf6857284fff7c7f006f8d0cd4ab15a047af7a4bcd5613d1fd50789dd4ee,9,ATHENAEUS,4352f04fcfd7cbe580caddf69f309034ffb967d5d1bc8a8e809498de5bf8d329,1,1,17,8
upos,upos_only,THUCYDIDES,1a32cf6857284fff7c7f006f8d0cd4ab15a047af7a4bcd5613d1fd50789dd4ee,9,DIODORUS,d91dad02f8da03cf6702fa7edec531da5e56f526f466e2f04180f2a23a1cf315,1,1,16,8
upos,upos_only,THUCYDIDES,1a32cf6857284fff7c7f006f8d0cd4ab15a047af7a4bcd5613d1fd50789dd4ee,9,HERODOTUS,89f0804afded8e7a0f4e1b507030d5ef4ecaf17e422c8b2969bd6b23e62818e6,1,1,15,8
upos,upos_only,THUCYDIDES,1a32cf6857284fff7c7f006f8d0cd4ab15a047af7a4bcd5613d1fd50789dd4ee,9,HESIODIC_TRADITION,c4c0c7eaeca0d61d2e53f4f0642bfa382e91dd28b470d2f4da2ba8539fe0e7f7,1,1,3,3
upos,upos_only,THUCYDIDES,1a32cf6857284fff7c7f006f8d0cd4ab15a047af7a4bcd5613d1fd50789dd4ee,9,HOMERIC_TRADITION,209ee9f27c82f31d31eb16124569039d7847ed327f3a0f2b5c4eae048347e621,1,1,11,8
upos,upos_only,THUCYDIDES,1a32cf6857284fff7c7f006f8d0cd4ab15a047af7a4bcd5613d1fd50789dd4ee,9,PLUTARCH,ef8134329970f595ef9ccf4198217affef5c01fa243d5bf4e59ee6daebb04e1d,0,0,0,0
upos,upos_only,HOMERIC_TRADITION,209ee9f27c82f31d31eb16124569039d7847ed327f3a0f2b5c4eae048347e621,0,ATHENAEUS,4352f04fcfd7cbe580caddf69f309034ffb967d5d1bc8a8e809498de5bf8d329,1,0,13,0
upos,upos_only,HOMERIC_TRADITION,209ee9f27c82f31d31eb16124569039d7847ed327f3a0f2b5c4eae048347e621,0,DIODORUS,d91dad02f8da03cf6702fa7edec531da5e56f526f466e2f04180f2a23a1cf315,1,1,12,8
upos,upos_only,HOMERIC_TRADITION,209ee9f27c82f31d31eb16124569039d7847ed327f3a0f2b5c4eae048347e621,0,HERODOTUS,89f0804afded8e7a0f4e1b507030d5ef4ecaf17e422c8b2969bd6b23e62818e6,1,1,19,8
upos,upos_only,HOMERIC_TRADITION,209ee9f27c82f31d31eb16124569039d7847ed327f3a0f2b5c4eae048347e621,0,HESIODIC_TRADITION,c4c0c7eaeca0d61d2e53f4f0642bfa382e91dd28b470d2f4da2ba8539fe0e7f7,1,1,4,4
upos,upos_only,HOMERIC_TRADITION,209ee9f27c82f31d31eb16124569039d7847ed327f3a0f2b5c4eae048347e621,0,PLUTARCH,ef8134329970f595ef9ccf4198217affef5c01fa243d5bf4e59ee6daebb04e1d,0,0,0,0
upos,upos_only,HOMERIC_TRADITION,209ee9f27c82f31d31eb16124569039d7847ed327f3a0f2b5c4eae048347e621,0,THUCYDIDES,1a32cf6857284fff7c7f006f8d0cd4ab15a047af7a4bcd5613d1fd50789dd4ee,1,1,11,8
upos,upos_only,HOMERIC_TRADITION,209ee9f27c82f31d31eb16124569039d7847ed327f3a0f2b5c4eae048347e621,1,ATHENAEUS,4352f04fcfd7cbe580caddf69f309034ffb967d5d1bc8a8e809498de5bf8d329,1,1,2,2
upos,upos_only,HOMERIC_TRADITION,209ee9f27c82f31d31eb16124569039d7847ed327f3a0f2b5c4eae048347e621,1,DIODORUS,d91dad02f8da03cf6702fa7edec531da5e56f526f466e2f04180f2a23a1cf315,1,1,4,4
upos,upos_only,HOMERIC_TRADITION,209ee9f27c82f31d31eb16124569039d7847ed327f3a0f2b5c4eae048347e621,1,HERODOTUS,89f0804afded8e7a0f4e1b507030d5ef4ecaf17e422c8b2969bd6b23e62818e6,1,1,11,8
upos,upos_only,HOMERIC_TRADITION,209ee9f27c82f31d31eb16124569039d7847ed327f3a0f2b5c4eae048347e621,1,HESIODIC_TRADITION,c4c0c7eaeca0d61d2e53f4f0642bfa382e91dd28b470d2f4da2ba8539fe0e7f7,1,1,7,7
upos,upos_only,HOMERIC_TRADITION,209ee9f27c82f31d31eb16124569039d7847ed327f3a0f2b5c4eae048347e621,1,PLUTARCH,ef8134329970f595ef9ccf4198217affef5c01fa243d5bf4e59ee6daebb04e1d,0,0,0,0
upos,upos_only,HOMERIC_TRADITION,209ee9f27c82f31d31eb16124569039d7847ed327f3a0f2b5c4eae048347e621,1,THUCYDIDES,1a32cf6857284fff7c7f006f8d0cd4ab15a047af7a4bcd5613d1fd50789dd4ee,0,0,0,0
upos,upos_only,HOMERIC_TRADITION,209ee9f27c82f31d31eb16124569039d7847ed327f3a0f2b5c4eae048347e621,2,ATHENAEUS,4352f04fcfd7cbe580caddf69f309034ffb967d5d1bc8a8e809498de5bf8d329,1,0,13,0
upos,upos_only,HOMERIC_TRADITION,209ee9f27c82f31d31eb16124569039d7847ed327f3a0f2b5c4eae048347e621,2,DIODORUS,d91dad02f8da03cf6702fa7edec531da5e56f526f466e2f04180f2a23a1cf315,1,1,21,8
upos,upos_only,HOMERIC_TRADITION,209ee9f27c82f31d31eb16124569039d7847ed327f3a0f2b5c4eae048347e621,2,HERODOTUS,89f0804afded8e7a0f4e1b507030d5ef4ecaf17e422c8b2969bd6b23e62818e6,1,1,1,1
upos,upos_only,HOMERIC_TRADITION,209ee9f27c82f31d31eb16124569039d7847ed327f3a0f2b5c4eae048347e621,2,HESIODIC_TRADITION,c4c0c7eaeca0d61d2e53f4f0642bfa382e91dd28b470d2f4da2ba8539fe0e7f7,1,0,4,0
upos,upos_only,HOMERIC_TRADITION,209ee9f27c82f31d31eb16124569039d7847ed327f3a0f2b5c4eae048347e621,2,PLUTARCH,ef8134329970f595ef9ccf4198217affef5c01fa243d5bf4e59ee6daebb04e1d,0,0,0,0
upos,upos_only,HOMERIC_TRADITION,209ee9f27c82f31d31eb16124569039d7847ed327f3a0f2b5c4eae048347e621,2,THUCYDIDES,1a32cf6857284fff7c7f006f8d0cd4ab15a047af7a4bcd5613d1fd50789dd4ee,1,1,8,8
upos,upos_only,HOMERIC_TRADITION,209ee9f27c82f31d31eb16124569039d7847ed327f3a0f2b5c4eae048347e621,3,ATHENAEUS,4352f04fcfd7cbe580caddf69f309034ffb967d5d1bc8a8e809498de5bf8d329,1,1,8,8
upos,upos_only,HOMERIC_TRADITION,209ee9f27c82f31d31eb16124569039d7847ed327f3a0f2b5c4eae048347e621,3,DIODORUS,d91dad02f8da03cf6702fa7edec531da5e56f526f466e2f04180f2a23a1cf315,1,1,3,3
upos,upos_only,HOMERIC_TRADITION,209ee9f27c82f31d31eb16124569039d7847ed327f3a0f2b5c4eae048347e621,3,HERODOTUS,89f0804afded8e7a0f4e1b507030d5ef4ecaf17e422c8b2969bd6b23e62818e6,1,1,4,4
upos,upos_only,HOMERIC_TRADITION,209ee9f27c82f31d31eb16124569039d7847ed327f3a0f2b5c4eae048347e621,3,HESIODIC_TRADITION,c4c0c7eaeca0d61d2e53f4f0642bfa382e91dd28b470d2f4da2ba8539fe0e7f7,1,1,2,2
upos,upos_only,HOMERIC_TRADITION,209ee9f27c82f31d31eb16124569039d7847ed327f3a0f2b5c4eae048347e621,3,PLUTARCH,ef8134329970f595ef9ccf4198217affef5c01fa243d5bf4e59ee6daebb04e1d,0,0,0,0
upos,upos_only,HOMERIC_TRADITION,209ee9f27c82f31d31eb16124569039d7847ed327f3a0f2b5c4eae048347e621,3,THUCYDIDES,1a32cf6857284fff7c7f006f8d0cd4ab15a047af7a4bcd5613d1fd50789dd4ee,1,1,15,8
upos,upos_only,HOMERIC_TRADITION,209ee9f27c82f31d31eb16124569039d7847ed327f3a0f2b5c4eae048347e621,4,ATHENAEUS,4352f04fcfd7cbe580caddf69f309034ffb967d5d1bc8a8e809498de5bf8d329,1,1,7,7
upos,upos_only,HOMERIC_TRADITION,209ee9f27c82f31d31eb16124569039d7847ed327f3a0f2b5c4eae048347e621,4,DIODORUS,d91dad02f8da03cf6702fa7edec531da5e56f526f466e2f04180f2a23a1cf315,1,1,30,8
upos,upos_only,HOMERIC_TRADITION,209ee9f27c82f31d31eb16124569039d7847ed327f3a0f2b5c4eae048347e621,4,HERODOTUS,89f0804afded8e7a0f4e1b507030d5ef4ecaf17e422c8b2969bd6b23e62818e6,0,0,0,0
upos,upos_only,HOMERIC_TRADITION,209ee9f27c82f31d31eb16124569039d7847ed327f3a0f2b5c4eae048347e621,4,HESIODIC_TRADITION,c4c0c7eaeca0d61d2e53f4f0642bfa382e91dd28b470d2f4da2ba8539fe0e7f7,1,1,7,7
upos,upos_only,HOMERIC_TRADITION,209ee9f27c82f31d31eb16124569039d7847ed327f3a0f2b5c4eae048347e621,4,PLUTARCH,ef8134329970f595ef9ccf4198217affef5c01fa243d5bf4e59ee6daebb04e1d,0,0,0,0
upos,upos_only,HOMERIC_TRADITION,209ee9f27c82f31d31eb16124569039d7847ed327f3a0f2b5c4eae048347e621,4,THUCYDIDES,1a32cf6857284fff7c7f006f8d0cd4ab15a047af7a4bcd5613d1fd50789dd4ee,1,1,9,8
upos,upos_only,HOMERIC_TRADITION,209ee9f27c82f31d31eb16124569039d7847ed327f3a0f2b5c4eae048347e621,5,ATHENAEUS,4352f04fcfd7cbe580caddf69f309034ffb967d5d1bc8a8e809498de5bf8d329,1,1,8,8
upos,upos_only,HOMERIC_TRADITION,209ee9f27c82f31d31eb16124569039d7847ed327f3a0f2b5c4eae048347e621,5,DIODORUS,d91dad02f8da03cf6702fa7edec531da5e56f526f466e2f04180f2a23a1cf315,1,1,6,6
upos,upos_only,HOMERIC_TRADITION,209ee9f27c82f31d31eb16124569039d7847ed327f3a0f2b5c4eae048347e621,5,HERODOTUS,89f0804afded8e7a0f4e1b507030d5ef4ecaf17e422c8b2969bd6b23e62818e6,1,1,6,6
upos,upos_only,HOMERIC_TRADITION,209ee9f27c82f31d31eb16124569039d7847ed327f3a0f2b5c4eae048347e621,5,HESIODIC_TRADITION,c4c0c7eaeca0d61d2e53f4f0642bfa382e91dd28b470d2f4da2ba8539fe0e7f7,1,0,3,0
upos,upos_only,HOMERIC_TRADITION,209ee9f27c82f31d31eb16124569039d7847ed327f3a0f2b5c4eae048347e621,5,PLUTARCH,ef8134329970f595ef9ccf4198217affef5c01fa243d5bf4e59ee6daebb04e1d,0,0,0,0
upos,upos_only,HOMERIC_TRADITION,209ee9f27c82f31d31eb16124569039d7847ed327f3a0f2b5c4eae048347e621,5,THUCYDIDES,1a32cf6857284fff7c7f006f8d0cd4ab15a047af7a4bcd5613d1fd50789dd4ee,1,0,12,0
upos,upos_only,HOMERIC_TRADITION,209ee9f27c82f31d31eb16124569039d7847ed327f3a0f2b5c4eae048347e621,6,ATHENAEUS,4352f04fcfd7cbe580caddf69f309034ffb967d5d1bc8a8e809498de5bf8d329,1,1,5,5
upos,upos_only,HOMERIC_TRADITION,209ee9f27c82f31d31eb16124569039d7847ed327f3a0f2b5c4eae048347e621,6,DIODORUS,d91dad02f8da03cf6702fa7edec531da5e56f526f466e2f04180f2a23a1cf315,1,1,14,8
upos,upos_only,HOMERIC_TRADITION,209ee9f27c82f31d31eb16124569039d7847ed327f3a0f2b5c4eae048347e621,6,HERODOTUS,89f0804afded8e7a0f4e1b507030d5ef4ecaf17e422c8b2969bd6b23e62818e6,1,1,1,1
upos,upos_only,HOMERIC_TRADITION,209ee9f27c82f31d31eb16124569039d7847ed327f3a0f2b5c4eae048347e621,6,HESIODIC_TRADITION,c4c0c7eaeca0d61d2e53f4f0642bfa382e91dd28b470d2f4da2ba8539fe0e7f7,1,1,12,8
upos,upos_only,HOMERIC_TRADITION,209ee9f27c82f31d31eb16124569039d7847ed327f3a0f2b5c4eae048347e621,6,PLUTARCH,ef8134329970f595ef9ccf4198217affef5c01fa243d5bf4e59ee6daebb04e1d,0,0,0,0
upos,upos_only,HOMERIC_TRADITION,209ee9f27c82f31d31eb16124569039d7847ed327f3a0f2b5c4eae048347e621,6,THUCYDIDES,1a32cf6857284fff7c7f006f8d0cd4ab15a047af7a4bcd5613d1fd50789dd4ee,1,1,13,8
upos,upos_only,HOMERIC_TRADITION,209ee9f27c82f31d31eb16124569039d7847ed327f3a0f2b5c4eae048347e621,7,ATHENAEUS,4352f04fcfd7cbe580caddf69f309034ffb967d5d1bc8a8e809498de5bf8d329,1,1,6,6
upos,upos_only,HOMERIC_TRADITION,209ee9f27c82f31d31eb16124569039d7847ed327f3a0f2b5c4eae048347e621,7,DIODORUS,d91dad02f8da03cf6702fa7edec531da5e56f526f466e2f04180f2a23a1cf315,0,0,0,0
upos,upos_only,HOMERIC_TRADITION,209ee9f27c82f31d31eb16124569039d7847ed327f3a0f2b5c4eae048347e621,7,HERODOTUS,89f0804afded8e7a0f4e1b507030d5ef4ecaf17e422c8b2969bd6b23e62818e6,1,0,17,0
upos,upos_only,HOMERIC_TRADITION,209ee9f27c82f31d31eb16124569039d7847ed327f3a0f2b5c4eae048347e621,7,HESIODIC_TRADITION,c4c0c7eaeca0d61d2e53f4f0642bfa382e91dd28b470d2f4da2ba8539fe0e7f7,1,1,1,1
upos,upos_only,HOMERIC_TRADITION,209ee9f27c82f31d31eb16124569039d7847ed327f3a0f2b5c4eae048347e621,7,PLUTARCH,ef8134329970f595ef9ccf4198217affef5c01fa243d5bf4e59ee6daebb04e1d,0,0,0,0
upos,upos_only,HOMERIC_TRADITION,209ee9f27c82f31d31eb16124569039d7847ed327f3a0f2b5c4eae048347e621,7,THUCYDIDES,1a32cf6857284fff7c7f006f8d0cd4ab15a047af7a4bcd5613d1fd50789dd4ee,1,1,5,5
upos,upos_only,HOMERIC_TRADITION,209ee9f27c82f31d31eb16124569039d7847ed327f3a0f2b5c4eae048347e621,8,ATHENAEUS,4352f04fcfd7cbe580caddf69f309034ffb967d5d1bc8a8e809498de5bf8d329,1,1,20,8
upos,upos_only,HOMERIC_TRADITION,209ee9f27c82f31d31eb16124569039d7847ed327f3a0f2b5c4eae048347e621,8,DIODORUS,d91dad02f8da03cf6702fa7edec531da5e56f526f466e2f04180f2a23a1cf315,1,0,30,0
upos,upos_only,HOMERIC_TRADITION,209ee9f27c82f31d31eb16124569039d7847ed327f3a0f2b5c4eae048347e621,8,HERODOTUS,89f0804afded8e7a0f4e1b507030d5ef4ecaf17e422c8b2969bd6b23e62818e6,1,1,3,3
upos,upos_only,HOMERIC_TRADITION,209ee9f27c82f31d31eb16124569039d7847ed327f3a0f2b5c4eae048347e621,8,HESIODIC_TRADITION,c4c0c7eaeca0d61d2e53f4f0642bfa382e91dd28b470d2f4da2ba8539fe0e7f7,1,1,18,8
upos,upos_only,HOMERIC_TRADITION,209ee9f27c82f31d31eb16124569039d7847ed327f3a0f2b5c4eae048347e621,8,PLUTARCH,ef8134329970f595ef9ccf4198217affef5c01fa243d5bf4e59ee6daebb04e1d,0,0,0,0
upos,upos_only,HOMERIC_TRADITION,209ee9f27c82f31d31eb16124569039d7847ed327f3a0f2b5c4eae048347e621,8,THUCYDIDES,1a32cf6857284fff7c7f006f8d0cd4ab15a047af7a4bcd5613d1fd50789dd4ee,1,1,14,8
upos,upos_only,HOMERIC_TRADITION,209ee9f27c82f31d31eb16124569039d7847ed327f3a0f2b5c4eae048347e621,9,ATHENAEUS,4352f04fcfd7cbe580caddf69f309034ffb967d5d1bc8a8e809498de5bf8d329,1,1,19,8
upos,upos_only,HOMERIC_TRADITION,209ee9f27c82f31d31eb16124569039d7847ed327f3a0f2b5c4eae048347e621,9,DIODORUS,d91dad02f8da03cf6702fa7edec531da5e56f526f466e2f04180f2a23a1cf315,1,0,5,0
upos,upos_only,HOMERIC_TRADITION,209ee9f27c82f31d31eb16124569039d7847ed327f3a0f2b5c4eae048347e621,9,HERODOTUS,89f0804afded8e7a0f4e1b507030d5ef4ecaf17e422c8b2969bd6b23e62818e6,1,1,3,3
upos,upos_only,HOMERIC_TRADITION,209ee9f27c82f31d31eb16124569039d7847ed327f3a0f2b5c4eae048347e621,9,HESIODIC_TRADITION,c4c0c7eaeca0d61d2e53f4f0642bfa382e91dd28b470d2f4da2ba8539fe0e7f7,1,0,14,0
upos,upos_only,HOMERIC_TRADITION,209ee9f27c82f31d31eb16124569039d7847ed327f3a0f2b5c4eae048347e621,9,PLUTARCH,ef8134329970f595ef9ccf4198217affef5c01fa243d5bf4e59ee6daebb04e1d,0,0,0,0
upos,upos_only,HOMERIC_TRADITION,209ee9f27c82f31d31eb16124569039d7847ed327f3a0f2b5c4eae048347e621,9,THUCYDIDES,1a32cf6857284fff7c7f006f8d0cd4ab15a047af7a4bcd5613d1fd50789dd4ee,1,1,2,2
upos,upos_only,ATHENAEUS,4352f04fcfd7cbe580caddf69f309034ffb967d5d1bc8a8e809498de5bf8d329,0,DIODORUS,d91dad02f8da03cf6702fa7edec531da5e56f526f466e2f04180f2a23a1cf315,1,1,8,8
upos,upos_only,ATHENAEUS,4352f04fcfd7cbe580caddf69f309034ffb967d5d1bc8a8e809498de5bf8d329,0,HERODOTUS,89f0804afded8e7a0f4e1b507030d5ef4ecaf17e422c8b2969bd6b23e62818e6,1,0,3,0
upos,upos_only,ATHENAEUS,4352f04fcfd7cbe580caddf69f309034ffb967d5d1bc8a8e809498de5bf8d329,0,HESIODIC_TRADITION,c4c0c7eaeca0d61d2e53f4f0642bfa382e91dd28b470d2f4da2ba8539fe0e7f7,1,1,13,8
upos,upos_only,ATHENAEUS,4352f04fcfd7cbe580caddf69f309034ffb967d5d1bc8a8e809498de5bf8d329,0,HOMERIC_TRADITION,209ee9f27c82f31d31eb16124569039d7847ed327f3a0f2b5c4eae048347e621,1,1,3,3
upos,upos_only,ATHENAEUS,4352f04fcfd7cbe580caddf69f309034ffb967d5d1bc8a8e809498de5bf8d329,0,PLUTARCH,ef8134329970f595ef9ccf4198217affef5c01fa243d5bf4e59ee6daebb04e1d,0,0,0,0
upos,upos_only,ATHENAEUS,4352f04fcfd7cbe580caddf69f309034ffb967d5d1bc8a8e809498de5bf8d329,0,THUCYDIDES,1a32cf6857284fff7c7f006f8d0cd4ab15a047af7a4bcd5613d1fd50789dd4ee,1,1,16,8
upos,upos_only,ATHENAEUS,4352f04fcfd7cbe580caddf69f309034ffb967d5d1bc8a8e809498de5bf8d329,1,DIODORUS,d91dad02f8da03cf6702fa7edec531da5e56f526f466e2f04180f2a23a1cf315,1,1,12,8
upos,upos_only,ATHENAEUS,4352f04fcfd7cbe580caddf69f309034ffb967d5d1bc8a8e809498de5bf8d329,1,HERODOTUS,89f0804afded8e7a0f4e1b507030d5ef4ecaf17e422c8b2969bd6b23e62818e6,1,1,15,8
upos,upos_only,ATHENAEUS,4352f04fcfd7cbe580caddf69f309034ffb967d5d1bc8a8e809498de5bf8d329,1,HESIODIC_TRADITION,c4c0c7eaeca0d61d2e53f4f0642bfa382e91dd28b470d2f4da2ba8539fe0e7f7,1,1,6,6
upos,upos_only,ATHENAEUS,4352f04fcfd7cbe580caddf69f309034ffb967d5d1bc8a8e809498de5bf8d329,1,HOMERIC_TRADITION,209ee9f27c82f31d31eb16124569039d7847ed327f3a0f2b5c4eae048347e621,1,0,11,0
upos,upos_only,ATHENAEUS,4352f04fcfd7cbe580caddf69f309034ffb967d5d1bc8a8e809498de5bf8d329,1,PLUTARCH,ef8134329970f595ef9ccf4198217affef5c01fa243d5bf4e59ee6daebb04e1d,0,0,0,0
upos,upos_only,ATHENAEUS,4352f04fcfd7cbe580caddf69f309034ffb967d5d1bc8a8e809498de5bf8d329,1,THUCYDIDES,1a32cf6857284fff7c7f006f8d0cd4ab15a047af7a4bcd5613d1fd50789dd4ee,1,1,2,2
upos,upos_only,ATHENAEUS,4352f04fcfd7cbe580caddf69f309034ffb967d5d1bc8a8e809498de5bf8d329,2,DIODORUS,d91dad02f8da03cf6702fa7edec531da5e56f526f466e2f04180f2a23a1cf315,1,1,2,2
upos,upos_only,ATHENAEUS,4352f04fcfd7cbe580caddf69f309034ffb967d5d1bc8a8e809498de5bf8d329,2,HERODOTUS,89f0804afded8e7a0f4e1b507030d5ef4ecaf17e422c8b2969bd6b23e62818e6,1,1,11,8
upos,upos_only,ATHENAEUS,4352f04fcfd7cbe580caddf69f309034ffb967d5d1bc8a8e809498de5bf8d329,2,HESIODIC_TRADITION,c4c0c7eaeca0d61d2e53f4f0642bfa382e91dd28b470d2f4da2ba8539fe0e7f7,1,1,3,3
upos,upos_only,ATHENAEUS,4352f04fcfd7cbe580caddf69f309034ffb967d5d1bc8a8e809498de5bf8d329,2,HOMERIC_TRADITION,209ee9f27c82f31d31eb16124569039d7847ed327f3a0f2b5c4eae048347e621,1,1,3,3
upos,upos_only,ATHENAEUS,4352f04fcfd7cbe580caddf69f309034ffb967d5d1bc8a8e809498de5bf8d329,2,PLUTARCH,ef8134329970f595ef9ccf4198217affef5c01fa243d5bf4e59ee6daebb04e1d,0,0,0,0
upos,upos_only,ATHENAEUS,4352f04fcfd7cbe580caddf69f309034ffb967d5d1bc8a8e809498de5bf8d329,2,THUCYDIDES,1a32cf6857284fff7c7f006f8d0cd4ab15a047af7a4bcd5613d1fd50789dd4ee,1,1,2,2
upos,upos_only,ATHENAEUS,4352f04fcfd7cbe580caddf69f309034ffb967d5d1bc8a8e809498de5bf8d329,3,DIODORUS,d91dad02f8da03cf6702fa7edec531da5e56f526f466e2f04180f2a23a1cf315,1,1,21,8
upos,upos_only,ATHENAEUS,4352f04fcfd7cbe580caddf69f309034ffb967d5d1bc8a8e809498de5bf8d329,3,HERODOTUS,89f0804afded8e7a0f4e1b507030d5ef4ecaf17e422c8b2969bd6b23e62818e6,1,1,6,6
upos,upos_only,ATHENAEUS,4352f04fcfd7cbe580caddf69f309034ffb967d5d1bc8a8e809498de5bf8d329,3,HESIODIC_TRADITION,c4c0c7eaeca0d61d2e53f4f0642bfa382e91dd28b470d2f4da2ba8539fe0e7f7,1,1,8,8
upos,upos_only,ATHENAEUS,4352f04fcfd7cbe580caddf69f309034ffb967d5d1bc8a8e809498de5bf8d329,3,HOMERIC_TRADITION,209ee9f27c82f31d31eb16124569039d7847ed327f3a0f2b5c4eae048347e621,1,1,4,4
upos,upos_only,ATHENAEUS,4352f04fcfd7cbe580caddf69f309034ffb967d5d1bc8a8e809498de5bf8d329,3,PLUTARCH,ef8134329970f595ef9ccf4198217affef5c01fa243d5bf4e59ee6daebb04e1d,0,0,0,0
upos,upos_only,ATHENAEUS,4352f04fcfd7cbe580caddf69f309034ffb967d5d1bc8a8e809498de5bf8d329,3,THUCYDIDES,1a32cf6857284fff7c7f006f8d0cd4ab15a047af7a4bcd5613d1fd50789dd4ee,1,1,9,8
upos,upos_only,ATHENAEUS,4352f04fcfd7cbe580caddf69f309034ffb967d5d1bc8a8e809498de5bf8d329,4,DIODORUS,d91dad02f8da03cf6702fa7edec531da5e56f526f466e2f04180f2a23a1cf315,1,1,14,8
upos,upos_only,ATHENAEUS,4352f04fcfd7cbe580caddf69f309034ffb967d5d1bc8a8e809498de5bf8d329,4,HERODOTUS,89f0804afded8e7a0f4e1b507030d5ef4ecaf17e422c8b2969bd6b23e62818e6,1,1,1,1
upos,upos_only,ATHENAEUS,4352f04fcfd7cbe580caddf69f309034ffb967d5d1bc8a8e809498de5bf8d329,4,HESIODIC_TRADITION,c4c0c7eaeca0d61d2e53f4f0642bfa382e91dd28b470d2f4da2ba8539fe0e7f7,1,1,5,5
upos,upos_only,ATHENAEUS,4352f04fcfd7cbe580caddf69f309034ffb967d5d1bc8a8e809498de5bf8d329,4,HOMERIC_TRADITION,209ee9f27c82f31d31eb16124569039d7847ed327f3a0f2b5c4eae048347e621,1,1,12,8
upos,upos_only,ATHENAEUS,4352f04fcfd7cbe580caddf69f309034ffb967d5d1bc8a8e809498de5bf8d329,4,PLUTARCH,ef8134329970f595ef9ccf4198217affef5c01fa243d5bf4e59ee6daebb04e1d,0,0,0,0
upos,upos_only,ATHENAEUS,4352f04fcfd7cbe580caddf69f309034ffb967d5d1bc8a8e809498de5bf8d329,4,THUCYDIDES,1a32cf6857284fff7c7f006f8d0cd4ab15a047af7a4bcd5613d1fd50789dd4ee,1,1,4,4
upos,upos_only,ATHENAEUS,4352f04fcfd7cbe580caddf69f309034ffb967d5d1bc8a8e809498de5bf8d329,5,DIODORUS,d91dad02f8da03cf6702fa7edec531da5e56f526f466e2f04180f2a23a1cf315,0,0,0,0
upos,upos_only,ATHENAEUS,4352f04fcfd7cbe580caddf69f309034ffb967d5d1bc8a8e809498de5bf8d329,5,HERODOTUS,89f0804afded8e7a0f4e1b507030d5ef4ecaf17e422c8b2969bd6b23e62818e6,1,1,26,8
upos,upos_only,ATHENAEUS,4352f04fcfd7cbe580caddf69f309034ffb967d5d1bc8a8e809498de5bf8d329,5,HESIODIC_TRADITION,c4c0c7eaeca0d61d2e53f4f0642bfa382e91dd28b470d2f4da2ba8539fe0e7f7,1,1,2,2
upos,upos_only,ATHENAEUS,4352f04fcfd7cbe580caddf69f309034ffb967d5d1bc8a8e809498de5bf8d329,5,HOMERIC_TRADITION,209ee9f27c82f31d31eb16124569039d7847ed327f3a0f2b5c4eae048347e621,1,1,4,4
upos,upos_only,ATHENAEUS,4352f04fcfd7cbe580caddf69f309034ffb967d5d1bc8a8e809498de5bf8d329,5,PLUTARCH,ef8134329970f595ef9ccf4198217affef5c01fa243d5bf4e59ee6daebb04e1d,0,0,0,0
upos,upos_only,ATHENAEUS,4352f04fcfd7cbe580caddf69f309034ffb967d5d1bc8a8e809498de5bf8d329,5,THUCYDIDES,1a32cf6857284fff7c7f006f8d0cd4ab15a047af7a4bcd5613d1fd50789dd4ee,1,1,9,8
upos,upos_only,ATHENAEUS,4352f04fcfd7cbe580caddf69f309034ffb967d5d1bc8a8e809498de5bf8d329,6,DIODORUS,d91dad02f8da03cf6702fa7edec531da5e56f526f466e2f04180f2a23a1cf315,1,1,6,6
upos,upos_only,ATHENAEUS,4352f04fcfd7cbe580caddf69f309034ffb967d5d1bc8a8e809498de5bf8d329,6,HERODOTUS,89f0804afded8e7a0f4e1b507030d5ef4ecaf17e422c8b2969bd6b23e62818e6,1,0,4,0
upos,upos_only,ATHENAEUS,4352f04fcfd7cbe580caddf69f309034ffb967d5d1bc8a8e809498de5bf8d329,6,HESIODIC_TRADITION,c4c0c7eaeca0d61d2e53f4f0642bfa382e91dd28b470d2f4da2ba8539fe0e7f7,1,1,2,2
upos,upos_only,ATHENAEUS,4352f04fcfd7cbe580caddf69f309034ffb967d5d1bc8a8e809498de5bf8d329,6,HOMERIC_TRADITION,209ee9f27c82f31d31eb16124569039d7847ed327f3a0f2b5c4eae048347e621,0,0,0,0
upos,upos_only,ATHENAEUS,4352f04fcfd7cbe580caddf69f309034ffb967d5d1bc8a8e809498de5bf8d329,6,PLUTARCH,ef8134329970f595ef9ccf4198217affef5c01fa243d5bf4e59ee6daebb04e1d,0,0,0,0
upos,upos_only,ATHENAEUS,4352f04fcfd7cbe580caddf69f309034ffb967d5d1bc8a8e809498de5bf8d329,6,THUCYDIDES,1a32cf6857284fff7c7f006f8d0cd4ab15a047af7a4bcd5613d1fd50789dd4ee,1,1,16,8
upos,upos_only,ATHENAEUS,4352f04fcfd7cbe580caddf69f309034ffb967d5d1bc8a8e809498de5bf8d329,7,DIODORUS,d91dad02f8da03cf6702fa7edec531da5e56f526f466e2f04180f2a23a1cf315,0,0,0,0
upos,upos_only,ATHENAEUS,4352f04fcfd7cbe580caddf69f309034ffb967d5d1bc8a8e809498de5bf8d329,7,HERODOTUS,89f0804afded8e7a0f4e1b507030d5ef4ecaf17e422c8b2969bd6b23e62818e6,1,1,14,8
upos,upos_only,ATHENAEUS,4352f04fcfd7cbe580caddf69f309034ffb967d5d1bc8a8e809498de5bf8d329,7,HESIODIC_TRADITION,c4c0c7eaeca0d61d2e53f4f0642bfa382e91dd28b470d2f4da2ba8539fe0e7f7,1,1,6,6
upos,upos_only,ATHENAEUS,4352f04fcfd7cbe580caddf69f309034ffb967d5d1bc8a8e809498de5bf8d329,7,HOMERIC_TRADITION,209ee9f27c82f31d31eb16124569039d7847ed327f3a0f2b5c4eae048347e621,1,1,13,8
upos,upos_only,ATHENAEUS,4352f04fcfd7cbe580caddf69f309034ffb967d5d1bc8a8e809498de5bf8d329,7,PLUTARCH,ef8134329970f595ef9ccf4198217affef5c01fa243d5bf4e59ee6daebb04e1d,0,0,0,0
upos,upos_only,ATHENAEUS,4352f04fcfd7cbe580caddf69f309034ffb967d5d1bc8a8e809498de5bf8d329,7,THUCYDIDES,1a32cf6857284fff7c7f006f8d0cd4ab15a047af7a4bcd5613d1fd50789dd4ee,1,0,1,0
upos,upos_only,ATHENAEUS,4352f04fcfd7cbe580caddf69f309034ffb967d5d1bc8a8e809498de5bf8d329,8,DIODORUS,d91dad02f8da03cf6702fa7edec531da5e56f526f466e2f04180f2a23a1cf315,1,1,2,2
upos,upos_only,ATHENAEUS,4352f04fcfd7cbe580caddf69f309034ffb967d5d1bc8a8e809498de5bf8d329,8,HERODOTUS,89f0804afded8e7a0f4e1b507030d5ef4ecaf17e422c8b2969bd6b23e62818e6,1,1,15,8
upos,upos_only,ATHENAEUS,4352f04fcfd7cbe580caddf69f309034ffb967d5d1bc8a8e809498de5bf8d329,8,HESIODIC_TRADITION,c4c0c7eaeca0d61d2e53f4f0642bfa382e91dd28b470d2f4da2ba8539fe0e7f7,1,1,11,8
upos,upos_only,ATHENAEUS,4352f04fcfd7cbe580caddf69f309034ffb967d5d1bc8a8e809498de5bf8d329,8,HOMERIC_TRADITION,209ee9f27c82f31d31eb16124569039d7847ed327f3a0f2b5c4eae048347e621,1,1,12,8
upos,upos_only,ATHENAEUS,4352f04fcfd7cbe580caddf69f309034ffb967d5d1bc8a8e809498de5bf8d329,8,PLUTARCH,ef8134329970f595ef9ccf4198217affef5c01fa243d5bf4e59ee6daebb04e1d,0,0,0,0
upos,upos_only,ATHENAEUS,4352f04fcfd7cbe580caddf69f309034ffb967d5d1bc8a8e809498de5bf8d329,8,THUCYDIDES,1a32cf6857284fff7c7f006f8d0cd4ab15a047af7a4bcd5613d1fd50789dd4ee,1,1,7,7
upos,upos_only,ATHENAEUS,4352f04fcfd7cbe580caddf69f309034ffb967d5d1bc8a8e809498de5bf8d329,9,DIODORUS,d91dad02f8da03cf6702fa7edec531da5e56f526f466e2f04180f2a23a1cf315,1,1,2,2
upos,upos_only,ATHENAEUS,4352f04fcfd7cbe580caddf69f309034ffb967d5d1bc8a8e809498de5bf8d329,9,HERODOTUS,89f0804afded8e7a0f4e1b507030d5ef4ecaf17e422c8b2969bd6b23e62818e6,1,1,6,6
upos,upos_only,ATHENAEUS,4352f04fcfd7cbe580caddf69f309034ffb967d5d1bc8a8e809498de5bf8d329,9,HESIODIC_TRADITION,c4c0c7eaeca0d61d2e53f4f0642bfa382e91dd28b470d2f4da2ba8539fe0e7f7,1,1,20,8
upos,upos_only,ATHENAEUS,4352f04fcfd7cbe580caddf69f309034ffb967d5d1bc8a8e809498de5bf8d329,9,HOMERIC_TRADITION,209ee9f27c82f31d31eb16124569039d7847ed327f3a0f2b5c4eae048347e621,1,1,8,8
upos,upos_only,ATHENAEUS,4352f04fcfd7cbe580caddf69f309034ffb967d5d1bc8a8e809498de5bf8d329,9,PLUTARCH,ef8134329970f595ef9ccf4198217affef5c01fa243d5bf4e59ee6daebb04e1d,0,0,0,0
upos,upos_only,ATHENAEUS,4352f04fcfd7cbe580caddf69f309034ffb967d5d1bc8a8e809498de5bf8d329,9,THUCYDIDES,1a32cf6857284fff7c7f006f8d0cd4ab15a047af7a4bcd5613d1fd50789dd4ee,1,1,2,2
upos,upos_only,HERODOTUS,89f0804afded8e7a0f4e1b507030d5ef4ecaf17e422c8b2969bd6b23e62818e6,0,ATHENAEUS,4352f04fcfd7cbe580caddf69f309034ffb967d5d1bc8a8e809498de5bf8d329,1,1,7,7
upos,upos_only,HERODOTUS,89f0804afded8e7a0f4e1b507030d5ef4ecaf17e422c8b2969bd6b23e62818e6,0,DIODORUS,d91dad02f8da03cf6702fa7edec531da5e56f526f466e2f04180f2a23a1cf315,1,1,3,3
upos,upos_only,HERODOTUS,89f0804afded8e7a0f4e1b507030d5ef4ecaf17e422c8b2969bd6b23e62818e6,0,HESIODIC_TRADITION,c4c0c7eaeca0d61d2e53f4f0642bfa382e91dd28b470d2f4da2ba8539fe0e7f7,1,1,1,1
upos,upos_only,HERODOTUS,89f0804afded8e7a0f4e1b507030d5ef4ecaf17e422c8b2969bd6b23e62818e6,0,HOMERIC_TRADITION,209ee9f27c82f31d31eb16124569039d7847ed327f3a0f2b5c4eae048347e621,1,0,11,0
upos,upos_only,HERODOTUS,89f0804afded8e7a0f4e1b507030d5ef4ecaf17e422c8b2969bd6b23e62818e6,0,PLUTARCH,ef8134329970f595ef9ccf4198217affef5c01fa243d5bf4e59ee6daebb04e1d,0,0,0,0
upos,upos_only,HERODOTUS,89f0804afded8e7a0f4e1b507030d5ef4ecaf17e422c8b2969bd6b23e62818e6,0,THUCYDIDES,1a32cf6857284fff7c7f006f8d0cd4ab15a047af7a4bcd5613d1fd50789dd4ee,1,1,35,8
upos,upos_only,HERODOTUS,89f0804afded8e7a0f4e1b507030d5ef4ecaf17e422c8b2969bd6b23e62818e6,1,ATHENAEUS,4352f04fcfd7cbe580caddf69f309034ffb967d5d1bc8a8e809498de5bf8d329,1,1,44,8
upos,upos_only,HERODOTUS,89f0804afded8e7a0f4e1b507030d5ef4ecaf17e422c8b2969bd6b23e62818e6,1,DIODORUS,d91dad02f8da03cf6702fa7edec531da5e56f526f466e2f04180f2a23a1cf315,1,1,2,2
upos,upos_only,HERODOTUS,89f0804afded8e7a0f4e1b507030d5ef4ecaf17e422c8b2969bd6b23e62818e6,1,HESIODIC_TRADITION,c4c0c7eaeca0d61d2e53f4f0642bfa382e91dd28b470d2f4da2ba8539fe0e7f7,1,0,7,0
upos,upos_only,HERODOTUS,89f0804afded8e7a0f4e1b507030d5ef4ecaf17e422c8b2969bd6b23e62818e6,1,HOMERIC_TRADITION,209ee9f27c82f31d31eb16124569039d7847ed327f3a0f2b5c4eae048347e621,1,0,4,0
upos,upos_only,HERODOTUS,89f0804afded8e7a0f4e1b507030d5ef4ecaf17e422c8b2969bd6b23e62818e6,1,PLUTARCH,ef8134329970f595ef9ccf4198217affef5c01fa243d5bf4e59ee6daebb04e1d,0,0,0,0
upos,upos_only,HERODOTUS,89f0804afded8e7a0f4e1b507030d5ef4ecaf17e422c8b2969bd6b23e62818e6,1,THUCYDIDES,1a32cf6857284fff7c7f006f8d0cd4ab15a047af7a4bcd5613d1fd50789dd4ee,1,1,4,4
upos,upos_only,HERODOTUS,89f0804afded8e7a0f4e1b507030d5ef4ecaf17e422c8b2969bd6b23e62818e6,2,ATHENAEUS,4352f04fcfd7cbe580caddf69f309034ffb967d5d1bc8a8e809498de5bf8d329,1,1,16,8
upos,upos_only,HERODOTUS,89f0804afded8e7a0f4e1b507030d5ef4ecaf17e422c8b2969bd6b23e62818e6,2,DIODORUS,d91dad02f8da03cf6702fa7edec531da5e56f526f466e2f04180f2a23a1cf315,1,1,9,8
upos,upos_only,HERODOTUS,89f0804afded8e7a0f4e1b507030d5ef4ecaf17e422c8b2969bd6b23e62818e6,2,HESIODIC_TRADITION,c4c0c7eaeca0d61d2e53f4f0642bfa382e91dd28b470d2f4da2ba8539fe0e7f7,1,1,4,4
upos,upos_only,HERODOTUS,89f0804afded8e7a0f4e1b507030d5ef4ecaf17e422c8b2969bd6b23e62818e6,2,HOMERIC_TRADITION,209ee9f27c82f31d31eb16124569039d7847ed327f3a0f2b5c4eae048347e621,1,0,2,0
upos,upos_only,HERODOTUS,89f0804afded8e7a0f4e1b507030d5ef4ecaf17e422c8b2969bd6b23e62818e6,2,PLUTARCH,ef8134329970f595ef9ccf4198217affef5c01fa243d5bf4e59ee6daebb04e1d,0,0,0,0
upos,upos_only,HERODOTUS,89f0804afded8e7a0f4e1b507030d5ef4ecaf17e422c8b2969bd6b23e62818e6,2,THUCYDIDES,1a32cf6857284fff7c7f006f8d0cd4ab15a047af7a4bcd5613d1fd50789dd4ee,1,1,1,1
upos,upos_only,HERODOTUS,89f0804afded8e7a0f4e1b507030d5ef4ecaf17e422c8b2969bd6b23e62818e6,3,ATHENAEUS,4352f04fcfd7cbe580caddf69f309034ffb967d5d1bc8a8e809498de5bf8d329,0,0,0,0
upos,upos_only,HERODOTUS,89f0804afded8e7a0f4e1b507030d5ef4ecaf17e422c8b2969bd6b23e62818e6,3,DIODORUS,d91dad02f8da03cf6702fa7edec531da5e56f526f466e2f04180f2a23a1cf315,1,1,13,8
upos,upos_only,HERODOTUS,89f0804afded8e7a0f4e1b507030d5ef4ecaf17e422c8b2969bd6b23e62818e6,3,HESIODIC_TRADITION,c4c0c7eaeca0d61d2e53f4f0642bfa382e91dd28b470d2f4da2ba8539fe0e7f7,1,1,14,8
upos,upos_only,HERODOTUS,89f0804afded8e7a0f4e1b507030d5ef4ecaf17e422c8b2969bd6b23e62818e6,3,HOMERIC_TRADITION,209ee9f27c82f31d31eb16124569039d7847ed327f3a0f2b5c4eae048347e621,1,1,3,3
upos,upos_only,HERODOTUS,89f0804afded8e7a0f4e1b507030d5ef4ecaf17e422c8b2969bd6b23e62818e6,3,PLUTARCH,ef8134329970f595ef9ccf4198217affef5c01fa243d5bf4e59ee6daebb04e1d,0,0,0,0
upos,upos_only,HERODOTUS,89f0804afded8e7a0f4e1b507030d5ef4ecaf17e422c8b2969bd6b23e62818e6,3,THUCYDIDES,1a32cf6857284fff7c7f006f8d0cd4ab15a047af7a4bcd5613d1fd50789dd4ee,1,1,17,8
upos,upos_only,HERODOTUS,89f0804afded8e7a0f4e1b507030d5ef4ecaf17e422c8b2969bd6b23e62818e6,4,ATHENAEUS,4352f04fcfd7cbe580caddf69f309034ffb967d5d1bc8a8e809498de5bf8d329,0,0,0,0
upos,upos_only,HERODOTUS,89f0804afded8e7a0f4e1b507030d5ef4ecaf17e422c8b2969bd6b23e62818e6,4,DIODORUS,d91dad02f8da03cf6702fa7edec531da5e56f526f466e2f04180f2a23a1cf315,1,1,24,8
upos,upos_only,HERODOTUS,89f0804afded8e7a0f4e1b507030d5ef4ecaf17e422c8b2969bd6b23e62818e6,4,HESIODIC_TRADITION,c4c0c7eaeca0d61d2e53f4f0642bfa382e91dd28b470d2f4da2ba8539fe0e7f7,1,1,8,8
upos,upos_only,HERODOTUS,89f0804afded8e7a0f4e1b507030d5ef4ecaf17e422c8b2969bd6b23e62818e6,4,HOMERIC_TRADITION,209ee9f27c82f31d31eb16124569039d7847ed327f3a0f2b5c4eae048347e621,1,1,10,8
upos,upos_only,HERODOTUS,89f0804afded8e7a0f4e1b507030d5ef4ecaf17e422c8b2969bd6b23e62818e6,4,PLUTARCH,ef8134329970f595ef9ccf4198217affef5c01fa243d5bf4e59ee6daebb04e1d,0,0,0,0
upos,upos_only,HERODOTUS,89f0804afded8e7a0f4e1b507030d5ef4ecaf17e422c8b2969bd6b23e62818e6,4,THUCYDIDES,1a32cf6857284fff7c7f006f8d0cd4ab15a047af7a4bcd5613d1fd50789dd4ee,1,1,7,7
upos,upos_only,HERODOTUS,89f0804afded8e7a0f4e1b507030d5ef4ecaf17e422c8b2969bd6b23e62818e6,5,ATHENAEUS,4352f04fcfd7cbe580caddf69f309034ffb967d5d1bc8a8e809498de5bf8d329,1,1,4,4
upos,upos_only,HERODOTUS,89f0804afded8e7a0f4e1b507030d5ef4ecaf17e422c8b2969bd6b23e62818e6,5,DIODORUS,d91dad02f8da03cf6702fa7edec531da5e56f526f466e2f04180f2a23a1cf315,1,1,6,6
upos,upos_only,HERODOTUS,89f0804afded8e7a0f4e1b507030d5ef4ecaf17e422c8b2969bd6b23e62818e6,5,HESIODIC_TRADITION,c4c0c7eaeca0d61d2e53f4f0642bfa382e91dd28b470d2f4da2ba8539fe0e7f7,1,1,1,1
upos,upos_only,HERODOTUS,89f0804afded8e7a0f4e1b507030d5ef4ecaf17e422c8b2969bd6b23e62818e6,5,HOMERIC_TRADITION,209ee9f27c82f31d31eb16124569039d7847ed327f3a0f2b5c4eae048347e621,1,1,13,8
upos,upos_only,HERODOTUS,89f0804afded8e7a0f4e1b507030d5ef4ecaf17e422c8b2969bd6b23e62818e6,5,PLUTARCH,ef8134329970f595ef9ccf4198217affef5c01fa243d5bf4e59ee6daebb04e1d,0,0,0,0
upos,upos_only,HERODOTUS,89f0804afded8e7a0f4e1b507030d5ef4ecaf17e422c8b2969bd6b23e62818e6,5,THUCYDIDES,1a32cf6857284fff7c7f006f8d0cd4ab15a047af7a4bcd5613d1fd50789dd4ee,1,1,8,8
upos,upos_only,HERODOTUS,89f0804afded8e7a0f4e1b507030d5ef4ecaf17e422c8b2969bd6b23e62818e6,6,ATHENAEUS,4352f04fcfd7cbe580caddf69f309034ffb967d5d1bc8a8e809498de5bf8d329,1,1,10,8
upos,upos_only,HERODOTUS,89f0804afded8e7a0f4e1b507030d5ef4ecaf17e422c8b2969bd6b23e62818e6,6,DIODORUS,d91dad02f8da03cf6702fa7edec531da5e56f526f466e2f04180f2a23a1cf315,1,1,27,8
upos,upos_only,HERODOTUS,89f0804afded8e7a0f4e1b507030d5ef4ecaf17e422c8b2969bd6b23e62818e6,6,HESIODIC_TRADITION,c4c0c7eaeca0d61d2e53f4f0642bfa382e91dd28b470d2f4da2ba8539fe0e7f7,1,1,5,5
upos,upos_only,HERODOTUS,89f0804afded8e7a0f4e1b507030d5ef4ecaf17e422c8b2969bd6b23e62818e6,6,HOMERIC_TRADITION,209ee9f27c82f31d31eb16124569039d7847ed327f3a0f2b5c4eae048347e621,0,0,0,0
upos,upos_only,HERODOTUS,89f0804afded8e7a0f4e1b507030d5ef4ecaf17e422c8b2969bd6b23e62818e6,6,PLUTARCH,ef8134329970f595ef9ccf4198217affef5c01fa243d5bf4e59ee6daebb04e1d,0,0,0,0
upos,upos_only,HERODOTUS,89f0804afded8e7a0f4e1b507030d5ef4ecaf17e422c8b2969bd6b23e62818e6,6,THUCYDIDES,1a32cf6857284fff7c7f006f8d0cd4ab15a047af7a4bcd5613d1fd50789dd4ee,1,1,8,8
upos,upos_only,HERODOTUS,89f0804afded8e7a0f4e1b507030d5ef4ecaf17e422c8b2969bd6b23e62818e6,7,ATHENAEUS,4352f04fcfd7cbe580caddf69f309034ffb967d5d1bc8a8e809498de5bf8d329,1,1,2,2
upos,upos_only,HERODOTUS,89f0804afded8e7a0f4e1b507030d5ef4ecaf17e422c8b2969bd6b23e62818e6,7,DIODORUS,d91dad02f8da03cf6702fa7edec531da5e56f526f466e2f04180f2a23a1cf315,1,1,3,3
upos,upos_only,HERODOTUS,89f0804afded8e7a0f4e1b507030d5ef4ecaf17e422c8b2969bd6b23e62818e6,7,HESIODIC_TRADITION,c4c0c7eaeca0d61d2e53f4f0642bfa382e91dd28b470d2f4da2ba8539fe0e7f7,1,1,2,2
upos,upos_only,HERODOTUS,89f0804afded8e7a0f4e1b507030d5ef4ecaf17e422c8b2969bd6b23e62818e6,7,HOMERIC_TRADITION,209ee9f27c82f31d31eb16124569039d7847ed327f3a0f2b5c4eae048347e621,1,0,4,0
upos,upos_only,HERODOTUS,89f0804afded8e7a0f4e1b507030d5ef4ecaf17e422c8b2969bd6b23e62818e6,7,PLUTARCH,ef8134329970f595ef9ccf4198217affef5c01fa243d5bf4e59ee6daebb04e1d,0,0,0,0
upos,upos_only,HERODOTUS,89f0804afded8e7a0f4e1b507030d5ef4ecaf17e422c8b2969bd6b23e62818e6,7,THUCYDIDES,1a32cf6857284fff7c7f006f8d0cd4ab15a047af7a4bcd5613d1fd50789dd4ee,1,1,4,4
upos,upos_only,HERODOTUS,89f0804afded8e7a0f4e1b507030d5ef4ecaf17e422c8b2969bd6b23e62818e6,8,ATHENAEUS,4352f04fcfd7cbe580caddf69f309034ffb967d5d1bc8a8e809498de5bf8d329,1,0,13,0
upos,upos_only,HERODOTUS,89f0804afded8e7a0f4e1b507030d5ef4ecaf17e422c8b2969bd6b23e62818e6,8,DIODORUS,d91dad02f8da03cf6702fa7edec531da5e56f526f466e2f04180f2a23a1cf315,1,1,14,8
upos,upos_only,HERODOTUS,89f0804afded8e7a0f4e1b507030d5ef4ecaf17e422c8b2969bd6b23e62818e6,8,HESIODIC_TRADITION,c4c0c7eaeca0d61d2e53f4f0642bfa382e91dd28b470d2f4da2ba8539fe0e7f7,1,1,13,8
upos,upos_only,HERODOTUS,89f0804afded8e7a0f4e1b507030d5ef4ecaf17e422c8b2969bd6b23e62818e6,8,HOMERIC_TRADITION,209ee9f27c82f31d31eb16124569039d7847ed327f3a0f2b5c4eae048347e621,1,1,6,6
upos,upos_only,HERODOTUS,89f0804afded8e7a0f4e1b507030d5ef4ecaf17e422c8b2969bd6b23e62818e6,8,PLUTARCH,ef8134329970f595ef9ccf4198217affef5c01fa243d5bf4e59ee6daebb04e1d,0,0,0,0
upos,upos_only,HERODOTUS,89f0804afded8e7a0f4e1b507030d5ef4ecaf17e422c8b2969bd6b23e62818e6,8,THUCYDIDES,1a32cf6857284fff7c7f006f8d0cd4ab15a047af7a4bcd5613d1fd50789dd4ee,1,1,9,8
upos,upos_only,HERODOTUS,89f0804afded8e7a0f4e1b507030d5ef4ecaf17e422c8b2969bd6b23e62818e6,9,ATHENAEUS,4352f04fcfd7cbe580caddf69f309034ffb967d5d1bc8a8e809498de5bf8d329,1,0,20,0
upos,upos_only,HERODOTUS,89f0804afded8e7a0f4e1b507030d5ef4ecaf17e422c8b2969bd6b23e62818e6,9,DIODORUS,d91dad02f8da03cf6702fa7edec531da5e56f526f466e2f04180f2a23a1cf315,1,1,27,8
upos,upos_only,HERODOTUS,89f0804afded8e7a0f4e1b507030d5ef4ecaf17e422c8b2969bd6b23e62818e6,9,HESIODIC_TRADITION,c4c0c7eaeca0d61d2e53f4f0642bfa382e91dd28b470d2f4da2ba8539fe0e7f7,1,1,6,6
upos,upos_only,HERODOTUS,89f0804afded8e7a0f4e1b507030d5ef4ecaf17e422c8b2969bd6b23e62818e6,9,HOMERIC_TRADITION,209ee9f27c82f31d31eb16124569039d7847ed327f3a0f2b5c4eae048347e621,0,0,0,0
upos,upos_only,HERODOTUS,89f0804afded8e7a0f4e1b507030d5ef4ecaf17e422c8b2969bd6b23e62818e6,9,PLUTARCH,ef8134329970f595ef9ccf4198217affef5c01fa243d5bf4e59ee6daebb04e1d,0,0,0,0
upos,upos_only,HERODOTUS,89f0804afded8e7a0f4e1b507030d5ef4ecaf17e422c8b2969bd6b23e62818e6,9,THUCYDIDES,1a32cf6857284fff7c7f006f8d0cd4ab15a047af7a4bcd5613d1fd50789dd4ee,1,1,27,8
upos,upos_only,HESIODIC_TRADITION,c4c0c7eaeca0d61d2e53f4f0642bfa382e91dd28b470d2f4da2ba8539fe0e7f7,0,ATHENAEUS,4352f04fcfd7cbe580caddf69f309034ffb967d5d1bc8a8e809498de5bf8d329,1,1,3,3
upos,upos_only,HESIODIC_TRADITION,c4c0c7eaeca0d61d2e53f4f0642bfa382e91dd28b470d2f4da2ba8539fe0e7f7,0,DIODORUS,d91dad02f8da03cf6702fa7edec531da5e56f526f466e2f04180f2a23a1cf315,1,1,5,5
upos,upos_only,HESIODIC_TRADITION,c4c0c7eaeca0d61d2e53f4f0642bfa382e91dd28b470d2f4da2ba8539fe0e7f7,0,HERODOTUS,89f0804afded8e7a0f4e1b507030d5ef4ecaf17e422c8b2969bd6b23e62818e6,1,1,11,8
upos,upos_only,HESIODIC_TRADITION,c4c0c7eaeca0d61d2e53f4f0642bfa382e91dd28b470d2f4da2ba8539fe0e7f7,0,HOMERIC_TRADITION,209ee9f27c82f31d31eb16124569039d7847ed327f3a0f2b5c4eae048347e621,1,0,4,0
upos,upos_only,HESIODIC_TRADITION,c4c0c7eaeca0d61d2e53f4f0642bfa382e91dd28b470d2f4da2ba8539fe0e7f7,0,PLUTARCH,ef8134329970f595ef9ccf4198217affef5c01fa243d5bf4e59ee6daebb04e1d,0,0,0,0
upos,upos_only,HESIODIC_TRADITION,c4c0c7eaeca0d61d2e53f4f0642bfa382e91dd28b470d2f4da2ba8539fe0e7f7,0,THUCYDIDES,1a32cf6857284fff7c7f006f8d0cd4ab15a047af7a4bcd5613d1fd50789dd4ee,1,1,12,8
upos,upos_only,HESIODIC_TRADITION,c4c0c7eaeca0d61d2e53f4f0642bfa382e91dd28b470d2f4da2ba8539fe0e7f7,1,ATHENAEUS,4352f04fcfd7cbe580caddf69f309034ffb967d5d1bc8a8e809498de5bf8d329,1,0,22,0
upos,upos_only,HESIODIC_TRADITION,c4c0c7eaeca0d61d2e53f4f0642bfa382e91dd28b470d2f4da2ba8539fe0e7f7,1,DIODORUS,d91dad02f8da03cf6702fa7edec531da5e56f526f466e2f04180f2a23a1cf315,1,1,21,8
upos,upos_only,HESIODIC_TRADITION,c4c0c7eaeca0d61d2e53f4f0642bfa382e91dd28b470d2f4da2ba8539fe0e7f7,1,HERODOTUS,89f0804afded8e7a0f4e1b507030d5ef4ecaf17e422c8b2969bd6b23e62818e6,1,1,7,7
upos,upos_only,HESIODIC_TRADITION,c4c0c7eaeca0d61d2e53f4f0642bfa382e91dd28b470d2f4da2ba8539fe0e7f7,1,HOMERIC_TRADITION,209ee9f27c82f31d31eb16124569039d7847ed327f3a0f2b5c4eae048347e621,1,1,6,6
upos,upos_only,HESIODIC_TRADITION,c4c0c7eaeca0d61d2e53f4f0642bfa382e91dd28b470d2f4da2ba8539fe0e7f7,1,PLUTARCH,ef8134329970f595ef9ccf4198217affef5c01fa243d5bf4e59ee6daebb04e1d,0,0,0,0
upos,upos_only,HESIODIC_TRADITION,c4c0c7eaeca0d61d2e53f4f0642bfa382e91dd28b470d2f4da2ba8539fe0e7f7,1,THUCYDIDES,1a32cf6857284fff7c7f006f8d0cd4ab15a047af7a4bcd5613d1fd50789dd4ee,1,1,26,8
upos,upos_only,HESIODIC_TRADITION,c4c0c7eaeca0d61d2e53f4f0642bfa382e91dd28b470d2f4da2ba8539fe0e7f7,2,ATHENAEUS,4352f04fcfd7cbe580caddf69f309034ffb967d5d1bc8a8e809498de5bf8d329,1,1,2,2
upos,upos_only,HESIODIC_TRADITION,c4c0c7eaeca0d61d2e53f4f0642bfa382e91dd28b470d2f4da2ba8539fe0e7f7,2,DIODORUS,d91dad02f8da03cf6702fa7edec531da5e56f526f466e2f04180f2a23a1cf315,1,1,22,8
upos,upos_only,HESIODIC_TRADITION,c4c0c7eaeca0d61d2e53f4f0642bfa382e91dd28b470d2f4da2ba8539fe0e7f7,2,HERODOTUS,89f0804afded8e7a0f4e1b507030d5ef4ecaf17e422c8b2969bd6b23e62818e6,1,1,1,1
upos,upos_only,HESIODIC_TRADITION,c4c0c7eaeca0d61d2e53f4f0642bfa382e91dd28b470d2f4da2ba8539fe0e7f7,2,HOMERIC_TRADITION,209ee9f27c82f31d31eb16124569039d7847ed327f3a0f2b5c4eae048347e621,1,1,8,8
upos,upos_only,HESIODIC_TRADITION,c4c0c7eaeca0d61d2e53f4f0642bfa382e91dd28b470d2f4da2ba8539fe0e7f7,2,PLUTARCH,ef8134329970f595ef9ccf4198217affef5c01fa243d5bf4e59ee6daebb04e1d,0,0,0,0
upos,upos_only,HESIODIC_TRADITION,c4c0c7eaeca0d61d2e53f4f0642bfa382e91dd28b470d2f4da2ba8539fe0e7f7,2,THUCYDIDES,1a32cf6857284fff7c7f006f8d0cd4ab15a047af7a4bcd5613d1fd50789dd4ee,1,0,38,0
upos,upos_only,HESIODIC_TRADITION,c4c0c7eaeca0d61d2e53f4f0642bfa382e91dd28b470d2f4da2ba8539fe0e7f7,3,ATHENAEUS,4352f04fcfd7cbe580caddf69f309034ffb967d5d1bc8a8e809498de5bf8d329,1,1,3,3
upos,upos_only,HESIODIC_TRADITION,c4c0c7eaeca0d61d2e53f4f0642bfa382e91dd28b470d2f4da2ba8539fe0e7f7,3,DIODORUS,d91dad02f8da03cf6702fa7edec531da5e56f526f466e2f04180f2a23a1cf315,1,1,27,8
upos,upos_only,HESIODIC_TRADITION,c4c0c7eaeca0d61d2e53f4f0642bfa382e91dd28b470d2f4da2ba8539fe0e7f7,3,HERODOTUS,89f0804afded8e7a0f4e1b507030d5ef4ecaf17e422c8b2969bd6b23e62818e6,1,0,19,0
upos,upos_only,HESIODIC_TRADITION,c4c0c7eaeca0d61d2e53f4f0642bfa382e91dd28b470d2f4da2ba8539fe0e7f7,3,HOMERIC_TRADITION,209ee9f27c82f31d31eb16124569039d7847ed327f3a0f2b5c4eae048347e621,0,0,0,0
upos,upos_only,HESIODIC_TRADITION,c4c0c7eaeca0d61d2e53f4f0642bfa382e91dd28b470d2f4da2ba8539fe0e7f7,3,PLUTARCH,ef8134329970f595ef9ccf4198217affef5c01fa243d5bf4e59ee6daebb04e1d,0,0,0,0
upos,upos_only,HESIODIC_TRADITION,c4c0c7eaeca0d61d2e53f4f0642bfa382e91dd28b470d2f4da2ba8539fe0e7f7,3,THUCYDIDES,1a32cf6857284fff7c7f006f8d0cd4ab15a047af7a4bcd5613d1fd50789dd4ee,1,1,24,8
upos,upos_only,HESIODIC_TRADITION,c4c0c7eaeca0d61d2e53f4f0642bfa382e91dd28b470d2f4da2ba8539fe0e7f7,4,ATHENAEUS,4352f04fcfd7cbe580caddf69f309034ffb967d5d1bc8a8e809498de5bf8d329,1,1,12,8
upos,upos_only,HESIODIC_TRADITION,c4c0c7eaeca0d61d2e53f4f0642bfa382e91dd28b470d2f4da2ba8539fe0e7f7,4,DIODORUS,d91dad02f8da03cf6702fa7edec531da5e56f526f466e2f04180f2a23a1cf315,1,1,5,5
upos,upos_only,HESIODIC_TRADITION,c4c0c7eaeca0d61d2e53f4f0642bfa382e91dd28b470d2f4da2ba8539fe0e7f7,4,HERODOTUS,89f0804afded8e7a0f4e1b507030d5ef4ecaf17e422c8b2969bd6b23e62818e6,1,0,14,0
upos,upos_only,HESIODIC_TRADITION,c4c0c7eaeca0d61d2e53f4f0642bfa382e91dd28b470d2f4da2ba8539fe0e7f7,4,HOMERIC_TRADITION,209ee9f27c82f31d31eb16124569039d7847ed327f3a0f2b5c4eae048347e621,1,1,5,5
upos,upos_only,HESIODIC_TRADITION,c4c0c7eaeca0d61d2e53f4f0642bfa382e91dd28b470d2f4da2ba8539fe0e7f7,4,PLUTARCH,ef8134329970f595ef9ccf4198217affef5c01fa243d5bf4e59ee6daebb04e1d,0,0,0,0
upos,upos_only,HESIODIC_TRADITION,c4c0c7eaeca0d61d2e53f4f0642bfa382e91dd28b470d2f4da2ba8539fe0e7f7,4,THUCYDIDES,1a32cf6857284fff7c7f006f8d0cd4ab15a047af7a4bcd5613d1fd50789dd4ee,1,0,4,0
upos,upos_only,HESIODIC_TRADITION,c4c0c7eaeca0d61d2e53f4f0642bfa382e91dd28b470d2f4da2ba8539fe0e7f7,5,ATHENAEUS,4352f04fcfd7cbe580caddf69f309034ffb967d5d1bc8a8e809498de5bf8d329,1,1,32,8
upos,upos_only,HESIODIC_TRADITION,c4c0c7eaeca0d61d2e53f4f0642bfa382e91dd28b470d2f4da2ba8539fe0e7f7,5,DIODORUS,d91dad02f8da03cf6702fa7edec531da5e56f526f466e2f04180f2a23a1cf315,1,1,21,8
upos,upos_only,HESIODIC_TRADITION,c4c0c7eaeca0d61d2e53f4f0642bfa382e91dd28b470d2f4da2ba8539fe0e7f7,5,HERODOTUS,89f0804afded8e7a0f4e1b507030d5ef4ecaf17e422c8b2969bd6b23e62818e6,1,1,6,6
upos,upos_only,HESIODIC_TRADITION,c4c0c7eaeca0d61d2e53f4f0642bfa382e91dd28b470d2f4da2ba8539fe0e7f7,5,HOMERIC_TRADITION,209ee9f27c82f31d31eb16124569039d7847ed327f3a0f2b5c4eae048347e621,0,0,0,0
upos,upos_only,HESIODIC_TRADITION,c4c0c7eaeca0d61d2e53f4f0642bfa382e91dd28b470d2f4da2ba8539fe0e7f7,5,PLUTARCH,ef8134329970f595ef9ccf4198217affef5c01fa243d5bf4e59ee6daebb04e1d,0,0,0,0
upos,upos_only,HESIODIC_TRADITION,c4c0c7eaeca0d61d2e53f4f0642bfa382e91dd28b470d2f4da2ba8539fe0e7f7,5,THUCYDIDES,1a32cf6857284fff7c7f006f8d0cd4ab15a047af7a4bcd5613d1fd50789dd4ee,1,1,9,8
upos,upos_only,HESIODIC_TRADITION,c4c0c7eaeca0d61d2e53f4f0642bfa382e91dd28b470d2f4da2ba8539fe0e7f7,6,ATHENAEUS,4352f04fcfd7cbe580caddf69f309034ffb967d5d1bc8a8e809498de5bf8d329,1,1,5,5
upos,upos_only,HESIODIC_TRADITION,c4c0c7eaeca0d61d2e53f4f0642bfa382e91dd28b470d2f4da2ba8539fe0e7f7,6,DIODORUS,d91dad02f8da03cf6702fa7edec531da5e56f526f466e2f04180f2a23a1cf315,1,1,22,8
upos,upos_only,HESIODIC_TRADITION,c4c0c7eaeca0d61d2e53f4f0642bfa382e91dd28b470d2f4da2ba8539fe0e7f7,6,HERODOTUS,89f0804afded8e7a0f4e1b507030d5ef4ecaf17e422c8b2969bd6b23e62818e6,1,1,21,8
upos,upos_only,HESIODIC_TRADITION,c4c0c7eaeca0d61d2e53f4f0642bfa382e91dd28b470d2f4da2ba8539fe0e7f7,6,HOMERIC_TRADITION,209ee9f27c82f31d31eb16124569039d7847ed327f3a0f2b5c4eae048347e621,1,1,2,2
upos,upos_only,HESIODIC_TRADITION,c4c0c7eaeca0d61d2e53f4f0642bfa382e91dd28b470d2f4da2ba8539fe0e7f7,6,PLUTARCH,ef8134329970f595ef9ccf4198217affef5c01fa243d5bf4e59ee6daebb04e1d,0,0,0,0
upos,upos_only,HESIODIC_TRADITION,c4c0c7eaeca0d61d2e53f4f0642bfa382e91dd28b470d2f4da2ba8539fe0e7f7,6,THUCYDIDES,1a32cf6857284fff7c7f006f8d0cd4ab15a047af7a4bcd5613d1fd50789dd4ee,1,0,6,0
upos,upos_only,HESIODIC_TRADITION,c4c0c7eaeca0d61d2e53f4f0642bfa382e91dd28b470d2f4da2ba8539fe0e7f7,7,ATHENAEUS,4352f04fcfd7cbe580caddf69f309034ffb967d5d1bc8a8e809498de5bf8d329,1,1,15,8
upos,upos_only,HESIODIC_TRADITION,c4c0c7eaeca0d61d2e53f4f0642bfa382e91dd28b470d2f4da2ba8539fe0e7f7,7,DIODORUS,d91dad02f8da03cf6702fa7edec531da5e56f526f466e2f04180f2a23a1cf315,1,1,6,6
upos,upos_only,HESIODIC_TRADITION,c4c0c7eaeca0d61d2e53f4f0642bfa382e91dd28b470d2f4da2ba8539fe0e7f7,7,HERODOTUS,89f0804afded8e7a0f4e1b507030d5ef4ecaf17e422c8b2969bd6b23e62818e6,0,0,0,0
upos,upos_only,HESIODIC_TRADITION,c4c0c7eaeca0d61d2e53f4f0642bfa382e91dd28b470d2f4da2ba8539fe0e7f7,7,HOMERIC_TRADITION,209ee9f27c82f31d31eb16124569039d7847ed327f3a0f2b5c4eae048347e621,1,1,2,2
upos,upos_only,HESIODIC_TRADITION,c4c0c7eaeca0d61d2e53f4f0642bfa382e91dd28b470d2f4da2ba8539fe0e7f7,7,PLUTARCH,ef8134329970f595ef9ccf4198217affef5c01fa243d5bf4e59ee6daebb04e1d,0,0,0,0
upos,upos_only,HESIODIC_TRADITION,c4c0c7eaeca0d61d2e53f4f0642bfa382e91dd28b470d2f4da2ba8539fe0e7f7,7,THUCYDIDES,1a32cf6857284fff7c7f006f8d0cd4ab15a047af7a4bcd5613d1fd50789dd4ee,1,1,18,8
upos,upos_only,HESIODIC_TRADITION,c4c0c7eaeca0d61d2e53f4f0642bfa382e91dd28b470d2f4da2ba8539fe0e7f7,8,ATHENAEUS,4352f04fcfd7cbe580caddf69f309034ffb967d5d1bc8a8e809498de5bf8d329,1,1,6,6
upos,upos_only,HESIODIC_TRADITION,c4c0c7eaeca0d61d2e53f4f0642bfa382e91dd28b470d2f4da2ba8539fe0e7f7,8,DIODORUS,d91dad02f8da03cf6702fa7edec531da5e56f526f466e2f04180f2a23a1cf315,1,1,1,1
upos,upos_only,HESIODIC_TRADITION,c4c0c7eaeca0d61d2e53f4f0642bfa382e91dd28b470d2f4da2ba8539fe0e7f7,8,HERODOTUS,89f0804afded8e7a0f4e1b507030d5ef4ecaf17e422c8b2969bd6b23e62818e6,1,1,2,2
upos,upos_only,HESIODIC_TRADITION,c4c0c7eaeca0d61d2e53f4f0642bfa382e91dd28b470d2f4da2ba8539fe0e7f7,8,HOMERIC_TRADITION,209ee9f27c82f31d31eb16124569039d7847ed327f3a0f2b5c4eae048347e621,1,1,2,2
upos,upos_only,HESIODIC_TRADITION,c4c0c7eaeca0d61d2e53f4f0642bfa382e91dd28b470d2f4da2ba8539fe0e7f7,8,PLUTARCH,ef8134329970f595ef9ccf4198217affef5c01fa243d5bf4e59ee6daebb04e1d,0,0,0,0
upos,upos_only,HESIODIC_TRADITION,c4c0c7eaeca0d61d2e53f4f0642bfa382e91dd28b470d2f4da2ba8539fe0e7f7,8,THUCYDIDES,1a32cf6857284fff7c7f006f8d0cd4ab15a047af7a4bcd5613d1fd50789dd4ee,1,1,18,8
upos,upos_only,HESIODIC_TRADITION,c4c0c7eaeca0d61d2e53f4f0642bfa382e91dd28b470d2f4da2ba8539fe0e7f7,9,ATHENAEUS,4352f04fcfd7cbe580caddf69f309034ffb967d5d1bc8a8e809498de5bf8d329,1,1,3,3
upos,upos_only,HESIODIC_TRADITION,c4c0c7eaeca0d61d2e53f4f0642bfa382e91dd28b470d2f4da2ba8539fe0e7f7,9,DIODORUS,d91dad02f8da03cf6702fa7edec531da5e56f526f466e2f04180f2a23a1cf315,1,1,1,1
upos,upos_only,HESIODIC_TRADITION,c4c0c7eaeca0d61d2e53f4f0642bfa382e91dd28b470d2f4da2ba8539fe0e7f7,9,HERODOTUS,89f0804afded8e7a0f4e1b507030d5ef4ecaf17e422c8b2969bd6b23e62818e6,1,1,18,8
upos,upos_only,HESIODIC_TRADITION,c4c0c7eaeca0d61d2e53f4f0642bfa382e91dd28b470d2f4da2ba8539fe0e7f7,9,HOMERIC_TRADITION,209ee9f27c82f31d31eb16124569039d7847ed327f3a0f2b5c4eae048347e621,1,1,19,8
upos,upos_only,HESIODIC_TRADITION,c4c0c7eaeca0d61d2e53f4f0642bfa382e91dd28b470d2f4da2ba8539fe0e7f7,9,PLUTARCH,ef8134329970f595ef9ccf4198217affef5c01fa243d5bf4e59ee6daebb04e1d,0,0,0,0
upos,upos_only,HESIODIC_TRADITION,c4c0c7eaeca0d61d2e53f4f0642bfa382e91dd28b470d2f4da2ba8539fe0e7f7,9,THUCYDIDES,1a32cf6857284fff7c7f006f8d0cd4ab15a047af7a4bcd5613d1fd50789dd4ee,1,1,7,7
upos,upos_only,DIODORUS,d91dad02f8da03cf6702fa7edec531da5e56f526f466e2f04180f2a23a1cf315,0,ATHENAEUS,4352f04fcfd7cbe580caddf69f309034ffb967d5d1bc8a8e809498de5bf8d329,1,0,1,0
upos,upos_only,DIODORUS,d91dad02f8da03cf6702fa7edec531da5e56f526f466e2f04180f2a23a1cf315,0,HERODOTUS,89f0804afded8e7a0f4e1b507030d5ef4ecaf17e422c8b2969bd6b23e62818e6,1,1,22,8
upos,upos_only,DIODORUS,d91dad02f8da03cf6702fa7edec531da5e56f526f466e2f04180f2a23a1cf315,0,HESIODIC_TRADITION,c4c0c7eaeca0d61d2e53f4f0642bfa382e91dd28b470d2f4da2ba8539fe0e7f7,1,1,5,5
upos,upos_only,DIODORUS,d91dad02f8da03cf6702fa7edec531da5e56f526f466e2f04180f2a23a1cf315,0,HOMERIC_TRADITION,209ee9f27c82f31d31eb16124569039d7847ed327f3a0f2b5c4eae048347e621,0,0,0,0
upos,upos_only,DIODORUS,d91dad02f8da03cf6702fa7edec531da5e56f526f466e2f04180f2a23a1cf315,0,PLUTARCH,ef8134329970f595ef9ccf4198217affef5c01fa243d5bf4e59ee6daebb04e1d,0,0,0,0
upos,upos_only,DIODORUS,d91dad02f8da03cf6702fa7edec531da5e56f526f466e2f04180f2a23a1cf315,0,THUCYDIDES,1a32cf6857284fff7c7f006f8d0cd4ab15a047af7a4bcd5613d1fd50789dd4ee,1,1,9,8
upos,upos_only,DIODORUS,d91dad02f8da03cf6702fa7edec531da5e56f526f466e2f04180f2a23a1cf315,1,ATHENAEUS,4352f04fcfd7cbe580caddf69f309034ffb967d5d1bc8a8e809498de5bf8d329,1,1,11,8
upos,upos_only,DIODORUS,d91dad02f8da03cf6702fa7edec531da5e56f526f466e2f04180f2a23a1cf315,1,HERODOTUS,89f0804afded8e7a0f4e1b507030d5ef4ecaf17e422c8b2969bd6b23e62818e6,1,1,13,8
upos,upos_only,DIODORUS,d91dad02f8da03cf6702fa7edec531da5e56f526f466e2f04180f2a23a1cf315,1,HESIODIC_TRADITION,c4c0c7eaeca0d61d2e53f4f0642bfa382e91dd28b470d2f4da2ba8539fe0e7f7,1,1,2,2
upos,upos_only,DIODORUS,d91dad02f8da03cf6702fa7edec531da5e56f526f466e2f04180f2a23a1cf315,1,HOMERIC_TRADITION,209ee9f27c82f31d31eb16124569039d7847ed327f3a0f2b5c4eae048347e621,1,0,4,0
upos,upos_only,DIODORUS,d91dad02f8da03cf6702fa7edec531da5e56f526f466e2f04180f2a23a1cf315,1,PLUTARCH,ef8134329970f595ef9ccf4198217affef5c01fa243d5bf4e59ee6daebb04e1d,0,0,0,0
upos,upos_only,DIODORUS,d91dad02f8da03cf6702fa7edec531da5e56f526f466e2f04180f2a23a1cf315,1,THUCYDIDES,1a32cf6857284fff7c7f006f8d0cd4ab15a047af7a4bcd5613d1fd50789dd4ee,1,1,50,8
upos,upos_only,DIODORUS,d91dad02f8da03cf6702fa7edec531da5e56f526f466e2f04180f2a23a1cf315,2,ATHENAEUS,4352f04fcfd7cbe580caddf69f309034ffb967d5d1bc8a8e809498de5bf8d329,0,0,0,0
upos,upos_only,DIODORUS,d91dad02f8da03cf6702fa7edec531da5e56f526f466e2f04180f2a23a1cf315,2,HERODOTUS,89f0804afded8e7a0f4e1b507030d5ef4ecaf17e422c8b2969bd6b23e62818e6,1,1,13,8
upos,upos_only,DIODORUS,d91dad02f8da03cf6702fa7edec531da5e56f526f466e2f04180f2a23a1cf315,2,HESIODIC_TRADITION,c4c0c7eaeca0d61d2e53f4f0642bfa382e91dd28b470d2f4da2ba8539fe0e7f7,1,1,3,3
upos,upos_only,DIODORUS,d91dad02f8da03cf6702fa7edec531da5e56f526f466e2f04180f2a23a1cf315,2,HOMERIC_TRADITION,209ee9f27c82f31d31eb16124569039d7847ed327f3a0f2b5c4eae048347e621,1,1,23,8
upos,upos_only,DIODORUS,d91dad02f8da03cf6702fa7edec531da5e56f526f466e2f04180f2a23a1cf315,2,PLUTARCH,ef8134329970f595ef9ccf4198217affef5c01fa243d5bf4e59ee6daebb04e1d,0,0,0,0
upos,upos_only,DIODORUS,d91dad02f8da03cf6702fa7edec531da5e56f526f466e2f04180f2a23a1cf315,2,THUCYDIDES,1a32cf6857284fff7c7f006f8d0cd4ab15a047af7a4bcd5613d1fd50789dd4ee,1,0,26,0
upos,upos_only,DIODORUS,d91dad02f8da03cf6702fa7edec531da5e56f526f466e2f04180f2a23a1cf315,3,ATHENAEUS,4352f04fcfd7cbe580caddf69f309034ffb967d5d1bc8a8e809498de5bf8d329,1,1,25,8
upos,upos_only,DIODORUS,d91dad02f8da03cf6702fa7edec531da5e56f526f466e2f04180f2a23a1cf315,3,HERODOTUS,89f0804afded8e7a0f4e1b507030d5ef4ecaf17e422c8b2969bd6b23e62818e6,1,1,3,3
upos,upos_only,DIODORUS,d91dad02f8da03cf6702fa7edec531da5e56f526f466e2f04180f2a23a1cf315,3,HESIODIC_TRADITION,c4c0c7eaeca0d61d2e53f4f0642bfa382e91dd28b470d2f4da2ba8539fe0e7f7,1,1,2,2
upos,upos_only,DIODORUS,d91dad02f8da03cf6702fa7edec531da5e56f526f466e2f04180f2a23a1cf315,3,HOMERIC_TRADITION,209ee9f27c82f31d31eb16124569039d7847ed327f3a0f2b5c4eae048347e621,0,0,0,0
upos,upos_only,DIODORUS,d91dad02f8da03cf6702fa7edec531da5e56f526f466e2f04180f2a23a1cf315,3,PLUTARCH,ef8134329970f595ef9ccf4198217affef5c01fa243d5bf4e59ee6daebb04e1d,0,0,0,0
upos,upos_only,DIODORUS,d91dad02f8da03cf6702fa7edec531da5e56f526f466e2f04180f2a23a1cf315,3,THUCYDIDES,1a32cf6857284fff7c7f006f8d0cd4ab15a047af7a4bcd5613d1fd50789dd4ee,1,1,13,8
upos,upos_only,DIODORUS,d91dad02f8da03cf6702fa7edec531da5e56f526f466e2f04180f2a23a1cf315,4,ATHENAEUS,4352f04fcfd7cbe580caddf69f309034ffb967d5d1bc8a8e809498de5bf8d329,1,0,8,0
upos,upos_only,DIODORUS,d91dad02f8da03cf6702fa7edec531da5e56f526f466e2f04180f2a23a1cf315,4,HERODOTUS,89f0804afded8e7a0f4e1b507030d5ef4ecaf17e422c8b2969bd6b23e62818e6,1,1,4,4
upos,upos_only,DIODORUS,d91dad02f8da03cf6702fa7edec531da5e56f526f466e2f04180f2a23a1cf315,4,HESIODIC_TRADITION,c4c0c7eaeca0d61d2e53f4f0642bfa382e91dd28b470d2f4da2ba8539fe0e7f7,1,1,19,8
upos,upos_only,DIODORUS,d91dad02f8da03cf6702fa7edec531da5e56f526f466e2f04180f2a23a1cf315,4,HOMERIC_TRADITION,209ee9f27c82f31d31eb16124569039d7847ed327f3a0f2b5c4eae048347e621,1,1,4,4
upos,upos_only,DIODORUS,d91dad02f8da03cf6702fa7edec531da5e56f526f466e2f04180f2a23a1cf315,4,PLUTARCH,ef8134329970f595ef9ccf4198217affef5c01fa243d5bf4e59ee6daebb04e1d,0,0,0,0
upos,upos_only,DIODORUS,d91dad02f8da03cf6702fa7edec531da5e56f526f466e2f04180f2a23a1cf315,4,THUCYDIDES,1a32cf6857284fff7c7f006f8d0cd4ab15a047af7a4bcd5613d1fd50789dd4ee,1,1,1,1
upos,upos_only,DIODORUS,d91dad02f8da03cf6702fa7edec531da5e56f526f466e2f04180f2a23a1cf315,5,ATHENAEUS,4352f04fcfd7cbe580caddf69f309034ffb967d5d1bc8a8e809498de5bf8d329,1,1,26,8
upos,upos_only,DIODORUS,d91dad02f8da03cf6702fa7edec531da5e56f526f466e2f04180f2a23a1cf315,5,HERODOTUS,89f0804afded8e7a0f4e1b507030d5ef4ecaf17e422c8b2969bd6b23e62818e6,1,0,11,0
upos,upos_only,DIODORUS,d91dad02f8da03cf6702fa7edec531da5e56f526f466e2f04180f2a23a1cf315,5,HESIODIC_TRADITION,c4c0c7eaeca0d61d2e53f4f0642bfa382e91dd28b470d2f4da2ba8539fe0e7f7,1,0,2,0
upos,upos_only,DIODORUS,d91dad02f8da03cf6702fa7edec531da5e56f526f466e2f04180f2a23a1cf315,5,HOMERIC_TRADITION,209ee9f27c82f31d31eb16124569039d7847ed327f3a0f2b5c4eae048347e621,1,0,27,0
upos,upos_only,DIODORUS,d91dad02f8da03cf6702fa7edec531da5e56f526f466e2f04180f2a23a1cf315,5,PLUTARCH,ef8134329970f595ef9ccf4198217affef5c01fa243d5bf4e59ee6daebb04e1d,0,0,0,0
upos,upos_only,DIODORUS,d91dad02f8da03cf6702fa7edec531da5e56f526f466e2f04180f2a23a1cf315,5,THUCYDIDES,1a32cf6857284fff7c7f006f8d0cd4ab15a047af7a4bcd5613d1fd50789dd4ee,1,1,54,8
upos,upos_only,DIODORUS,d91dad02f8da03cf6702fa7edec531da5e56f526f466e2f04180f2a23a1cf315,6,ATHENAEUS,4352f04fcfd7cbe580caddf69f309034ffb967d5d1bc8a8e809498de5bf8d329,1,1,10,8
upos,upos_only,DIODORUS,d91dad02f8da03cf6702fa7edec531da5e56f526f466e2f04180f2a23a1cf315,6,HERODOTUS,89f0804afded8e7a0f4e1b507030d5ef4ecaf17e422c8b2969bd6b23e62818e6,1,1,5,5
upos,upos_only,DIODORUS,d91dad02f8da03cf6702fa7edec531da5e56f526f466e2f04180f2a23a1cf315,6,HESIODIC_TRADITION,c4c0c7eaeca0d61d2e53f4f0642bfa382e91dd28b470d2f4da2ba8539fe0e7f7,1,0,12,0
upos,upos_only,DIODORUS,d91dad02f8da03cf6702fa7edec531da5e56f526f466e2f04180f2a23a1cf315,6,HOMERIC_TRADITION,209ee9f27c82f31d31eb16124569039d7847ed327f3a0f2b5c4eae048347e621,1,1,8,8
upos,upos_only,DIODORUS,d91dad02f8da03cf6702fa7edec531da5e56f526f466e2f04180f2a23a1cf315,6,PLUTARCH,ef8134329970f595ef9ccf4198217affef5c01fa243d5bf4e59ee6daebb04e1d,0,0,0,0
upos,upos_only,DIODORUS,d91dad02f8da03cf6702fa7edec531da5e56f526f466e2f04180f2a23a1cf315,6,THUCYDIDES,1a32cf6857284fff7c7f006f8d0cd4ab15a047af7a4bcd5613d1fd50789dd4ee,1,1,6,6
upos,upos_only,DIODORUS,d91dad02f8da03cf6702fa7edec531da5e56f526f466e2f04180f2a23a1cf315,7,ATHENAEUS,4352f04fcfd7cbe580caddf69f309034ffb967d5d1bc8a8e809498de5bf8d329,1,1,6,6
upos,upos_only,DIODORUS,d91dad02f8da03cf6702fa7edec531da5e56f526f466e2f04180f2a23a1cf315,7,HERODOTUS,89f0804afded8e7a0f4e1b507030d5ef4ecaf17e422c8b2969bd6b23e62818e6,1,1,7,7
upos,upos_only,DIODORUS,d91dad02f8da03cf6702fa7edec531da5e56f526f466e2f04180f2a23a1cf315,7,HESIODIC_TRADITION,c4c0c7eaeca0d61d2e53f4f0642bfa382e91dd28b470d2f4da2ba8539fe0e7f7,1,1,10,8
upos,upos_only,DIODORUS,d91dad02f8da03cf6702fa7edec531da5e56f526f466e2f04180f2a23a1cf315,7,HOMERIC_TRADITION,209ee9f27c82f31d31eb16124569039d7847ed327f3a0f2b5c4eae048347e621,1,1,2,2
upos,upos_only,DIODORUS,d91dad02f8da03cf6702fa7edec531da5e56f526f466e2f04180f2a23a1cf315,7,PLUTARCH,ef8134329970f595ef9ccf4198217affef5c01fa243d5bf4e59ee6daebb04e1d,0,0,0,0
upos,upos_only,DIODORUS,d91dad02f8da03cf6702fa7edec531da5e56f526f466e2f04180f2a23a1cf315,7,THUCYDIDES,1a32cf6857284fff7c7f006f8d0cd4ab15a047af7a4bcd5613d1fd50789dd4ee,1,1,5,5
upos,upos_only,DIODORUS,d91dad02f8da03cf6702fa7edec531da5e56f526f466e2f04180f2a23a1cf315,8,ATHENAEUS,4352f04fcfd7cbe580caddf69f309034ffb967d5d1bc8a8e809498de5bf8d329,1,1,14,8
upos,upos_only,DIODORUS,d91dad02f8da03cf6702fa7edec531da5e56f526f466e2f04180f2a23a1cf315,8,HERODOTUS,89f0804afded8e7a0f4e1b507030d5ef4ecaf17e422c8b2969bd6b23e62818e6,0,0,0,0
upos,upos_only,DIODORUS,d91dad02f8da03cf6702fa7edec531da5e56f526f466e2f04180f2a23a1cf315,8,HESIODIC_TRADITION,c4c0c7eaeca0d61d2e53f4f0642bfa382e91dd28b470d2f4da2ba8539fe0e7f7,1,1,5,5
upos,upos_only,DIODORUS,d91dad02f8da03cf6702fa7edec531da5e56f526f466e2f04180f2a23a1cf315,8,HOMERIC_TRADITION,209ee9f27c82f31d31eb16124569039d7847ed327f3a0f2b5c4eae048347e621,1,1,7,7
upos,upos_only,DIODORUS,d91dad02f8da03cf6702fa7edec531da5e56f526f466e2f04180f2a23a1cf315,8,PLUTARCH,ef8134329970f595ef9ccf4198217affef5c01fa243d5bf4e59ee6daebb04e1d,0,0,0,0
upos,upos_only,DIODORUS,d91dad02f8da03cf6702fa7edec531da5e56f526f466e2f04180f2a23a1cf315,8,THUCYDIDES,1a32cf6857284fff7c7f006f8d0cd4ab15a047af7a4bcd5613d1fd50789dd4ee,1,1,9,8
upos,upos_only,DIODORUS,d91dad02f8da03cf6702fa7edec531da5e56f526f466e2f04180f2a23a1cf315,9,ATHENAEUS,4352f04fcfd7cbe580caddf69f309034ffb967d5d1bc8a8e809498de5bf8d329,1,1,22,8
upos,upos_only,DIODORUS,d91dad02f8da03cf6702fa7edec531da5e56f526f466e2f04180f2a23a1cf315,9,HERODOTUS,89f0804afded8e7a0f4e1b507030d5ef4ecaf17e422c8b2969bd6b23e62818e6,1,1,7,7
upos,upos_only,DIODORUS,d91dad02f8da03cf6702fa7edec531da5e56f526f466e2f04180f2a23a1cf315,9,HESIODIC_TRADITION,c4c0c7eaeca0d61d2e53f4f0642bfa382e91dd28b470d2f4da2ba8539fe0e7f7,1,1,4,4
upos,upos_only,DIODORUS,d91dad02f8da03cf6702fa7edec531da5e56f526f466e2f04180f2a23a1cf315,9,HOMERIC_TRADITION,209ee9f27c82f31d31eb16124569039d7847ed327f3a0f2b5c4eae048347e621,1,1,12,8
upos,upos_only,DIODORUS,d91dad02f8da03cf6702fa7edec531da5e56f526f466e2f04180f2a23a1cf315,9,PLUTARCH,ef8134329970f595ef9ccf4198217affef5c01fa243d5bf4e59ee6daebb04e1d,0,0,0,0
upos,upos_only,DIODORUS,d91dad02f8da03cf6702fa7edec531da5e56f526f466e2f04180f2a23a1cf315,9,THUCYDIDES,1a32cf6857284fff7c7f006f8d0cd4ab15a047af7a4bcd5613d1fd50789dd4ee,1,1,39,8
upos,upos_only,PLUTARCH,ef8134329970f595ef9ccf4198217affef5c01fa243d5bf4e59ee6daebb04e1d,0,ATHENAEUS,4352f04fcfd7cbe580caddf69f309034ffb967d5d1bc8a8e809498de5bf8d329,0,0,0,0
upos,upos_only,PLUTARCH,ef8134329970f595ef9ccf4198217affef5c01fa243d5bf4e59ee6daebb04e1d,0,DIODORUS,d91dad02f8da03cf6702fa7edec531da5e56f526f466e2f04180f2a23a1cf315,1,1,6,6
upos,upos_only,PLUTARCH,ef8134329970f595ef9ccf4198217affef5c01fa243d5bf4e59ee6daebb04e1d,0,HERODOTUS,89f0804afded8e7a0f4e1b507030d5ef4ecaf17e422c8b2969bd6b23e62818e6,1,1,2,2
upos,upos_only,PLUTARCH,ef8134329970f595ef9ccf4198217affef5c01fa243d5bf4e59ee6daebb04e1d,0,HESIODIC_TRADITION,c4c0c7eaeca0d61d2e53f4f0642bfa382e91dd28b470d2f4da2ba8539fe0e7f7,1,1,2,2
upos,upos_only,PLUTARCH,ef8134329970f595ef9ccf4198217affef5c01fa243d5bf4e59ee6daebb04e1d,0,HOMERIC_TRADITION,209ee9f27c82f31d31eb16124569039d7847ed327f3a0f2b5c4eae048347e621,1,1,16,8
upos,upos_only,PLUTARCH,ef8134329970f595ef9ccf4198217affef5c01fa243d5bf4e59ee6daebb04e1d,0,THUCYDIDES,1a32cf6857284fff7c7f006f8d0cd4ab15a047af7a4bcd5613d1fd50789dd4ee,1,1,31,8
upos,upos_only,PLUTARCH,ef8134329970f595ef9ccf4198217affef5c01fa243d5bf4e59ee6daebb04e1d,1,ATHENAEUS,4352f04fcfd7cbe580caddf69f309034ffb967d5d1bc8a8e809498de5bf8d329,1,1,15,8
upos,upos_only,PLUTARCH,ef8134329970f595ef9ccf4198217affef5c01fa243d5bf4e59ee6daebb04e1d,1,DIODORUS,d91dad02f8da03cf6702fa7edec531da5e56f526f466e2f04180f2a23a1cf315,1,1,15,8
upos,upos_only,PLUTARCH,ef8134329970f595ef9ccf4198217affef5c01fa243d5bf4e59ee6daebb04e1d,1,HERODOTUS,89f0804afded8e7a0f4e1b507030d5ef4ecaf17e422c8b2969bd6b23e62818e6,1,1,15,8
upos,upos_only,PLUTARCH,ef8134329970f595ef9ccf4198217affef5c01fa243d5bf4e59ee6daebb04e1d,1,HESIODIC_TRADITION,c4c0c7eaeca0d61d2e53f4f0642bfa382e91dd28b470d2f4da2ba8539fe0e7f7,1,1,1,1
upos,upos_only,PLUTARCH,ef8134329970f595ef9ccf4198217affef5c01fa243d5bf4e59ee6daebb04e1d,1,HOMERIC_TRADITION,209ee9f27c82f31d31eb16124569039d7847ed327f3a0f2b5c4eae048347e621,1,1,8,8
upos,upos_only,PLUTARCH,ef8134329970f595ef9ccf4198217affef5c01fa243d5bf4e59ee6daebb04e1d,1,THUCYDIDES,1a32cf6857284fff7c7f006f8d0cd4ab15a047af7a4bcd5613d1fd50789dd4ee,1,1,7,7
upos,upos_only,PLUTARCH,ef8134329970f595ef9ccf4198217affef5c01fa243d5bf4e59ee6daebb04e1d,2,ATHENAEUS,4352f04fcfd7cbe580caddf69f309034ffb967d5d1bc8a8e809498de5bf8d329,1,1,1,1
upos,upos_only,PLUTARCH,ef8134329970f595ef9ccf4198217affef5c01fa243d5bf4e59ee6daebb04e1d,2,DIODORUS,d91dad02f8da03cf6702fa7edec531da5e56f526f466e2f04180f2a23a1cf315,1,1,23,8
upos,upos_only,PLUTARCH,ef8134329970f595ef9ccf4198217affef5c01fa243d5bf4e59ee6daebb04e1d,2,HERODOTUS,89f0804afded8e7a0f4e1b507030d5ef4ecaf17e422c8b2969bd6b23e62818e6,1,1,16,8
upos,upos_only,PLUTARCH,ef8134329970f595ef9ccf4198217affef5c01fa243d5bf4e59ee6daebb04e1d,2,HESIODIC_TRADITION,c4c0c7eaeca0d61d2e53f4f0642bfa382e91dd28b470d2f4da2ba8539fe0e7f7,1,1,23,8
upos,upos_only,PLUTARCH,ef8134329970f595ef9ccf4198217affef5c01fa243d5bf4e59ee6daebb04e1d,2,HOMERIC_TRADITION,209ee9f27c82f31d31eb16124569039d7847ed327f3a0f2b5c4eae048347e621,1,1,4,4
upos,upos_only,PLUTARCH,ef8134329970f595ef9ccf4198217affef5c01fa243d5bf4e59ee6daebb04e1d,2,THUCYDIDES,1a32cf6857284fff7c7f006f8d0cd4ab15a047af7a4bcd5613d1fd50789dd4ee,1,1,12,8
upos,upos_only,PLUTARCH,ef8134329970f595ef9ccf4198217affef5c01fa243d5bf4e59ee6daebb04e1d,3,ATHENAEUS,4352f04fcfd7cbe580caddf69f309034ffb967d5d1bc8a8e809498de5bf8d329,1,1,5,5
upos,upos_only,PLUTARCH,ef8134329970f595ef9ccf4198217affef5c01fa243d5bf4e59ee6daebb04e1d,3,DIODORUS,d91dad02f8da03cf6702fa7edec531da5e56f526f466e2f04180f2a23a1cf315,1,1,13,8
upos,upos_only,PLUTARCH,ef8134329970f595ef9ccf4198217affef5c01fa243d5bf4e59ee6daebb04e1d,3,HERODOTUS,89f0804afded8e7a0f4e1b507030d5ef4ecaf17e422c8b2969bd6b23e62818e6,1,1,3,3
upos,upos_only,PLUTARCH,ef8134329970f595ef9ccf4198217affef5c01fa243d5bf4e59ee6daebb04e1d,3,HESIODIC_TRADITION,c4c0c7eaeca0d61d2e53f4f0642bfa382e91dd28b470d2f4da2ba8539fe0e7f7,1,1,9,8
upos,upos_only,PLUTARCH,ef8134329970f595ef9ccf4198217affef5c01fa243d5bf4e59ee6daebb04e1d,3,HOMERIC_TRADITION,209ee9f27c82f31d31eb16124569039d7847ed327f3a0f2b5c4eae048347e621,1,1,5,5
upos,upos_only,PLUTARCH,ef8134329970f595ef9ccf4198217affef5c01fa243d5bf4e59ee6daebb04e1d,3,THUCYDIDES,1a32cf6857284fff7c7f006f8d0cd4ab15a047af7a4bcd5613d1fd50789dd4ee,1,1,16,8
upos,upos_only,PLUTARCH,ef8134329970f595ef9ccf4198217affef5c01fa243d5bf4e59ee6daebb04e1d,4,ATHENAEUS,4352f04fcfd7cbe580caddf69f309034ffb967d5d1bc8a8e809498de5bf8d329,1,1,11,8
upos,upos_only,PLUTARCH,ef8134329970f595ef9ccf4198217affef5c01fa243d5bf4e59ee6daebb04e1d,4,DIODORUS,d91dad02f8da03cf6702fa7edec531da5e56f526f466e2f04180f2a23a1cf315,1,1,1,1
upos,upos_only,PLUTARCH,ef8134329970f595ef9ccf4198217affef5c01fa243d5bf4e59ee6daebb04e1d,4,HERODOTUS,89f0804afded8e7a0f4e1b507030d5ef4ecaf17e422c8b2969bd6b23e62818e6,1,1,9,8
upos,upos_only,PLUTARCH,ef8134329970f595ef9ccf4198217affef5c01fa243d5bf4e59ee6daebb04e1d,4,HESIODIC_TRADITION,c4c0c7eaeca0d61d2e53f4f0642bfa382e91dd28b470d2f4da2ba8539fe0e7f7,1,1,2,2
upos,upos_only,PLUTARCH,ef8134329970f595ef9ccf4198217affef5c01fa243d5bf4e59ee6daebb04e1d,4,HOMERIC_TRADITION,209ee9f27c82f31d31eb16124569039d7847ed327f3a0f2b5c4eae048347e621,0,0,0,0
upos,upos_only,PLUTARCH,ef8134329970f595ef9ccf4198217affef5c01fa243d5bf4e59ee6daebb04e1d,4,THUCYDIDES,1a32cf6857284fff7c7f006f8d0cd4ab15a047af7a4bcd5613d1fd50789dd4ee,1,1,5,5
upos,upos_only,PLUTARCH,ef8134329970f595ef9ccf4198217affef5c01fa243d5bf4e59ee6daebb04e1d,5,ATHENAEUS,4352f04fcfd7cbe580caddf69f309034ffb967d5d1bc8a8e809498de5bf8d329,1,0,4,0
upos,upos_only,PLUTARCH,ef8134329970f595ef9ccf4198217affef5c01fa243d5bf4e59ee6daebb04e1d,5,DIODORUS,d91dad02f8da03cf6702fa7edec531da5e56f526f466e2f04180f2a23a1cf315,1,0,23,0
upos,upos_only,PLUTARCH,ef8134329970f595ef9ccf4198217affef5c01fa243d5bf4e59ee6daebb04e1d,5,HERODOTUS,89f0804afded8e7a0f4e1b507030d5ef4ecaf17e422c8b2969bd6b23e62818e6,1,1,23,8
upos,upos_only,PLUTARCH,ef8134329970f595ef9ccf4198217affef5c01fa243d5bf4e59ee6daebb04e1d,5,HESIODIC_TRADITION,c4c0c7eaeca0d61d2e53f4f0642bfa382e91dd28b470d2f4da2ba8539fe0e7f7,1,1,14,8
upos,upos_only,PLUTARCH,ef8134329970f595ef9ccf4198217affef5c01fa243d5bf4e59ee6daebb04e1d,5,HOMERIC_TRADITION,209ee9f27c82f31d31eb16124569039d7847ed327f3a0f2b5c4eae048347e621,1,1,30,8
upos,upos_only,PLUTARCH,ef8134329970f595ef9ccf4198217affef5c01fa243d5bf4e59ee6daebb04e1d,5,THUCYDIDES,1a32cf6857284fff7c7f006f8d0cd4ab15a047af7a4bcd5613d1fd50789dd4ee,1,0,6,0
upos,upos_only,PLUTARCH,ef8134329970f595ef9ccf4198217affef5c01fa243d5bf4e59ee6daebb04e1d,6,ATHENAEUS,4352f04fcfd7cbe580caddf69f309034ffb967d5d1bc8a8e809498de5bf8d329,1,0,10,0
upos,upos_only,PLUTARCH,ef8134329970f595ef9ccf4198217affef5c01fa243d5bf4e59ee6daebb04e1d,6,DIODORUS,d91dad02f8da03cf6702fa7edec531da5e56f526f466e2f04180f2a23a1cf315,1,1,24,8
upos,upos_only,PLUTARCH,ef8134329970f595ef9ccf4198217affef5c01fa243d5bf4e59ee6daebb04e1d,6,HERODOTUS,89f0804afded8e7a0f4e1b507030d5ef4ecaf17e422c8b2969bd6b23e62818e6,1,1,3,3
upos,upos_only,PLUTARCH,ef8134329970f595ef9ccf4198217affef5c01fa243d5bf4e59ee6daebb04e1d,6,HESIODIC_TRADITION,c4c0c7eaeca0d61d2e53f4f0642bfa382e91dd28b470d2f4da2ba8539fe0e7f7,1,0,28,0
upos,upos_only,PLUTARCH,ef8134329970f595ef9ccf4198217affef5c01fa243d5bf4e59ee6daebb04e1d,6,HOMERIC_TRADITION,209ee9f27c82f31d31eb16124569039d7847ed327f3a0f2b5c4eae048347e621,1,1,5,5
upos,upos_only,PLUTARCH,ef8134329970f595ef9ccf4198217affef5c01fa243d5bf4e59ee6daebb04e1d,6,THUCYDIDES,1a32cf6857284fff7c7f006f8d0cd4ab15a047af7a4bcd5613d1fd50789dd4ee,1,1,4,4
upos,upos_only,PLUTARCH,ef8134329970f595ef9ccf4198217affef5c01fa243d5bf4e59ee6daebb04e1d,7,ATHENAEUS,4352f04fcfd7cbe580caddf69f309034ffb967d5d1bc8a8e809498de5bf8d329,1,0,3,0
upos,upos_only,PLUTARCH,ef8134329970f595ef9ccf4198217affef5c01fa243d5bf4e59ee6daebb04e1d,7,DIODORUS,d91dad02f8da03cf6702fa7edec531da5e56f526f466e2f04180f2a23a1cf315,1,1,1,1
upos,upos_only,PLUTARCH,ef8134329970f595ef9ccf4198217affef5c01fa243d5bf4e59ee6daebb04e1d,7,HERODOTUS,89f0804afded8e7a0f4e1b507030d5ef4ecaf17e422c8b2969bd6b23e62818e6,1,0,3,0
upos,upos_only,PLUTARCH,ef8134329970f595ef9ccf4198217affef5c01fa243d5bf4e59ee6daebb04e1d,7,HESIODIC_TRADITION,c4c0c7eaeca0d61d2e53f4f0642bfa382e91dd28b470d2f4da2ba8539fe0e7f7,1,1,8,8
upos,upos_only,PLUTARCH,ef8134329970f595ef9ccf4198217affef5c01fa243d5bf4e59ee6daebb04e1d,7,HOMERIC_TRADITION,209ee9f27c82f31d31eb16124569039d7847ed327f3a0f2b5c4eae048347e621,1,1,14,8
upos,upos_only,PLUTARCH,ef8134329970f595ef9ccf4198217affef5c01fa243d5bf4e59ee6daebb04e1d,7,THUCYDIDES,1a32cf6857284fff7c7f006f8d0cd4ab15a047af7a4bcd5613d1fd50789dd4ee,1,0,30,0
upos,upos_only,PLUTARCH,ef8134329970f595ef9ccf4198217affef5c01fa243d5bf4e59ee6daebb04e1d,8,ATHENAEUS,4352f04fcfd7cbe580caddf69f309034ffb967d5d1bc8a8e809498de5bf8d329,1,1,12,8
upos,upos_only,PLUTARCH,ef8134329970f595ef9ccf4198217affef5c01fa243d5bf4e59ee6daebb04e1d,8,DIODORUS,d91dad02f8da03cf6702fa7edec531da5e56f526f466e2f04180f2a23a1cf315,1,1,4,4
upos,upos_only,PLUTARCH,ef8134329970f595ef9ccf4198217affef5c01fa243d5bf4e59ee6daebb04e1d,8,HERODOTUS,89f0804afded8e7a0f4e1b507030d5ef4ecaf17e422c8b2969bd6b23e62818e6,1,1,25,8
upos,upos_only,PLUTARCH,ef8134329970f595ef9ccf4198217affef5c01fa243d5bf4e59ee6daebb04e1d,8,HESIODIC_TRADITION,c4c0c7eaeca0d61d2e53f4f0642bfa382e91dd28b470d2f4da2ba8539fe0e7f7,1,1,3,3
upos,upos_only,PLUTARCH,ef8134329970f595ef9ccf4198217affef5c01fa243d5bf4e59ee6daebb04e1d,8,HOMERIC_TRADITION,209ee9f27c82f31d31eb16124569039d7847ed327f3a0f2b5c4eae048347e621,1,1,2,2
upos,upos_only,PLUTARCH,ef8134329970f595ef9ccf4198217affef5c01fa243d5bf4e59ee6daebb04e1d,8,THUCYDIDES,1a32cf6857284fff7c7f006f8d0cd4ab15a047af7a4bcd5613d1fd50789dd4ee,1,0,25,0
upos,upos_only,PLUTARCH,ef8134329970f595ef9ccf4198217affef5c01fa243d5bf4e59ee6daebb04e1d,9,ATHENAEUS,4352f04fcfd7cbe580caddf69f309034ffb967d5d1bc8a8e809498de5bf8d329,1,1,18,8
upos,upos_only,PLUTARCH,ef8134329970f595ef9ccf4198217affef5c01fa243d5bf4e59ee6daebb04e1d,9,DIODORUS,d91dad02f8da03cf6702fa7edec531da5e56f526f466e2f04180f2a23a1cf315,1,1,22,8
upos,upos_only,PLUTARCH,ef8134329970f595ef9ccf4198217affef5c01fa243d5bf4e59ee6daebb04e1d,9,HERODOTUS,89f0804afded8e7a0f4e1b507030d5ef4ecaf17e422c8b2969bd6b23e62818e6,1,0,36,0
upos,upos_only,PLUTARCH,ef8134329970f595ef9ccf4198217affef5c01fa243d5bf4e59ee6daebb04e1d,9,HESIODIC_TRADITION,c4c0c7eaeca0d61d2e53f4f0642bfa382e91dd28b470d2f4da2ba8539fe0e7f7,0,0,0,0
upos,upos_only,PLUTARCH,ef8134329970f595ef9ccf4198217affef5c01fa243d5bf4e59ee6daebb04e1d,9,HOMERIC_TRADITION,209ee9f27c82f31d31eb16124569039d7847ed327f3a0f2b5c4eae048347e621,1,1,9,8
upos,upos_only,PLUTARCH,ef8134329970f595ef9ccf4198217affef5c01fa243d5bf4e59ee6daebb04e1d,9,THUCYDIDES,1a32cf6857284fff7c7f006f8d0cd4ab15a047af7a4bcd5613d1fd50789dd4ee,1,1,13,8
