variant,scope,a,b,symbol_id,symbol,contribution
ud23,block_pair,ATHENAEUS,DIODORUS,0,ADJ:advcl,0.00010752690843537146
ud23,block_pair,ATHENAEUS,DIODORUS,1,ADJ:advmod,3.3535081683858093e-06
ud23,block_pair,ATHENAEUS,DIODORUS,2,ADJ:amod,2.154794841825977e-06
ud23,block_pair,ATHENAEUS,DIODORUS,3,ADJ:appos,3.879414748114248e-06
ud23,block_pair,ATHENAEUS,DIODORUS,4,ADJ:conj,0.00019375133648047687
ud23,block_pair,ATHENAEUS,DIODORUS,5,ADJ:iobj,3.918110477334941e-06
ud23,block_pair,ATHENAEUS,DIODORUS,6,ADJ:nmod,3.6511301252469723e-06
ud23,block_pair,ATHENAEUS,DIODORUS,7,ADJ:nsubj,2.7317894922000826e-05
ud23,block_pair,ATHENAEUS,DIODORUS,8,ADJ:obj,7.047859846906067e-09
ud23,block_pair,ATHENAEUS,DIODORUS,9,ADJ:obl,6.869450189621047e-05
ud23,block_pair,ATHENAEUS,DIODORUS,10,ADJ:parataxis,3.879414748114248e-06
ud23,block_pair,ATHENAEUS,DIODORUS,11,ADJ:root,0.0005643400195512455
ud23,block_pair,ATHENAEUS,DIODORUS,12,ADJ:xcomp,8.318380409514325e-07
ud23,block_pair,ATHENAEUS,DIODORUS,13,ADP:advcl,8.222457295567168e-07
ud23,block_pair,ATHENAEUS,DIODORUS,14,ADP:case,0.00022925838620487925
ud23,block_pair,ATHENAEUS,DIODORUS,15,ADP:cc,8.222457295567168e-07
ud23,block_pair,ATHENAEUS,DIODORUS,16,ADP:conj,8.222457295567168e-07
ud23,block_pair,ATHENAEUS,DIODORUS,17,ADP:mark,3.1682079191579305e-05
ud23,block_pair,ATHENAEUS,DIODORUS,18,ADP:nmod,3.879414748114248e-06
ud23,block_pair,ATHENAEUS,DIODORUS,19,ADP:nsubj,8.222457295567168e-07
ud23,block_pair,ATHENAEUS,DIODORUS,20,ADP:obj,3.879414748114248e-06
ud23,block_pair,ATHENAEUS,DIODORUS,21,ADP:root,8.222457295567168e-07
ud23,block_pair,ATHENAEUS,DIODORUS,22,ADV_PART:acl,8.222457295567168e-07
ud23,block_pair,ATHENAEUS,DIODORUS,23,ADV_PART:advcl,2.9817804298068182e-05
ud23,block_pair,ATHENAEUS,DIODORUS,24,ADV_PART:advmod,0.0010085059945509744
ud23,block_pair,ATHENAEUS,DIODORUS,25,ADV_PART:case,1.530294869242018e-05
ud23,block_pair,ATHENAEUS,DIODORUS,26,ADV_PART:cc,9.63668322047986e-07
ud23,block_pair,ATHENAEUS,DIODORUS,27,ADV_PART:conj,1.1291831908888325e-05
ud23,block_pair,ATHENAEUS,DIODORUS,28,ADV_PART:mark,8.222457295567168e-07
ud23,block_pair,ATHENAEUS,DIODORUS,29,ADV_PART:nmod,0.00015998139284976163
ud23,block_pair,ATHENAEUS,DIODORUS,30,ADV_PART:nsubj,8.222457295567168e-07
ud23,block_pair,ATHENAEUS,DIODORUS,31,ADV_PART:obj,0.00011812204385274106
ud23,block_pair,ATHENAEUS,DIODORUS,32,ADV_PART:obl,1.530294869242018e-05
ud23,block_pair,ATHENAEUS,DIODORUS,33,ADV_PART:root,2.9817804298068182e-05
ud23,block_pair,ATHENAEUS,DIODORUS,34,ADV_PART:xcomp,4.1072149879387265e-06
ud23,block_pair,ATHENAEUS,DIODORUS,35,AUX:aux,8.222457295567168e-07
ud23,block_pair,ATHENAEUS,DIODORUS,36,AUX:conj,3.879414748114248e-06
ud23,block_pair,ATHENAEUS,DIODORUS,37,AUX:cop,0.0015622528058570262
ud23,block_pair,ATHENAEUS,DIODORUS,38,CCONJ:advmod,1.1638244244342747e-05
ud23,block_pair,ATHENAEUS,DIODORUS,39,CCONJ:case,4.436663370972442e-05
ud23,block_pair,ATHENAEUS,DIODORUS,40,CCONJ:cc,0.0004901507960997143
ud23,block_pair,ATHENAEUS,DIODORUS,41,CCONJ:conj,3.879414748114248e-06
ud23,block_pair,ATHENAEUS,DIODORUS,42,CCONJ:mark,5.645915954444173e-05
ud23,block_pair,ATHENAEUS,DIODORUS,43,CCONJ:nmod,1.905408123918781e-05
ud23,block_pair,ATHENAEUS,DIODORUS,44,CCONJ:obj,3.879414748114248e-06
ud23,block_pair,ATHENAEUS,DIODORUS,45,CCONJ:obl,3.879414748114248e-06
ud23,block_pair,ATHENAEUS,DIODORUS,46,DET:advmod,2.4667371886701507e-06
ud23,block_pair,ATHENAEUS,DIODORUS,47,DET:det,0.003603176244316754
ud23,block_pair,ATHENAEUS,DIODORUS,48,DET:root,3.879414748114248e-06
ud23,block_pair,ATHENAEUS,DIODORUS,49,DET:xcomp,2.9817804298068182e-05
ud23,block_pair,ATHENAEUS,DIODORUS,50,NOUN:acl,4.995299741898283e-06
ud23,block_pair,ATHENAEUS,DIODORUS,51,NOUN:advcl,2.631629263916813e-05
ud23,block_pair,ATHENAEUS,DIODORUS,52,NOUN:appos,0.00021630346683499941
ud23,block_pair,ATHENAEUS,DIODORUS,53,NOUN:case,2.4667371886701507e-06
ud23,block_pair,ATHENAEUS,DIODORUS,54,NOUN:conj,2.082449536512139e-05
ud23,block_pair,ATHENAEUS,DIODORUS,55,NOUN:iobj,2.8272181746060587e-06
ud23,block_pair,ATHENAEUS,DIODORUS,56,NOUN:nmod,4.568996184987407e-06
ud23,block_pair,ATHENAEUS,DIODORUS,57,NOUN:nsubj,0.00036317776999228056
ud23,block_pair,ATHENAEUS,DIODORUS,58,NOUN:obj,0.00012007409179561057
ud23,block_pair,ATHENAEUS,DIODORUS,59,NOUN:obl,0.0006038238016855347
ud23,block_pair,ATHENAEUS,DIODORUS,60,NOUN:root,0.0005976043030292751
ud23,block_pair,ATHENAEUS,DIODORUS,61,NOUN:xcomp,0.00021866164781999793
ud23,block_pair,ATHENAEUS,DIODORUS,62,NUM:advcl,8.222457295567168e-07
ud23,block_pair,ATHENAEUS,DIODORUS,63,NUM:conj,1.530294869242018e-05
ud23,block_pair,ATHENAEUS,DIODORUS,64,NUM:nsubj,8.222457295567168e-07
ud23,block_pair,ATHENAEUS,DIODORUS,65,NUM:nummod,0.00023536462829972698
ud23,block_pair,ATHENAEUS,DIODORUS,66,NUM:obj,8.222457295567168e-07
ud23,block_pair,ATHENAEUS,DIODORUS,67,NUM:obl,8.222457295567168e-07
ud23,block_pair,ATHENAEUS,DIODORUS,68,NUM:root,8.222457295567168e-07
ud23,block_pair,ATHENAEUS,DIODORUS,69,NUM:xcomp,8.222457295567168e-07
ud23,block_pair,ATHENAEUS,DIODORUS,70,PRON:acl,2.152925891448965e-05
ud23,block_pair,ATHENAEUS,DIODORUS,71,PRON:advcl,2.9817804298068182e-05
ud23,block_pair,ATHENAEUS,DIODORUS,72,PRON:appos,8.222457295567168e-07
ud23,block_pair,ATHENAEUS,DIODORUS,73,PRON:conj,2.631629263916813e-05
ud23,block_pair,ATHENAEUS,DIODORUS,74,PRON:iobj,7.878175321162837e-05
ud23,block_pair,ATHENAEUS,DIODORUS,75,PRON:nmod,0.000642615437010823
ud23,block_pair,ATHENAEUS,DIODORUS,76,PRON:nsubj,0.000402958110584698
ud23,block_pair,ATHENAEUS,DIODORUS,77,PRON:obj,0.0017259134080969663
ud23,block_pair,ATHENAEUS,DIODORUS,78,PRON:obl,1.685191679679597e-06
ud23,block_pair,ATHENAEUS,DIODORUS,79,PRON:parataxis,8.222457295567168e-07
ud23,block_pair,ATHENAEUS,DIODORUS,80,PRON:root,3.345783690764904e-07
ud23,block_pair,ATHENAEUS,DIODORUS,81,PRON:xcomp,0.00010058663685142758
ud23,block_pair,ATHENAEUS,DIODORUS,82,SCONJ:case,1.7245094282208588e-07
ud23,block_pair,ATHENAEUS,DIODORUS,83,SCONJ:cc,8.222457295567168e-07
ud23,block_pair,ATHENAEUS,DIODORUS,84,SCONJ:mark,0.0019045235764222428
ud23,block_pair,ATHENAEUS,DIODORUS,85,SCONJ:nmod,8.222457295567168e-07
ud23,block_pair,ATHENAEUS,DIODORUS,86,SCONJ:xcomp,3.879414748114248e-06
ud23,block_pair,ATHENAEUS,DIODORUS,87,VERB:acl,0.000422975172531051
ud23,block_pair,ATHENAEUS,DIODORUS,88,VERB:advcl,4.539647057326445e-05
ud23,block_pair,ATHENAEUS,DIODORUS,89,VERB:appos,6.695138472785612e-07
ud23,block_pair,ATHENAEUS,DIODORUS,90,VERB:case,8.222457295567168e-07
ud23,block_pair,ATHENAEUS,DIODORUS,91,VERB:ccomp,0.0009024612230708424
ud23,block_pair,ATHENAEUS,DIODORUS,92,VERB:conj,0.0009579542720318818
ud23,block_pair,ATHENAEUS,DIODORUS,93,VERB:csubj,2.61027188948008e-05
ud23,block_pair,ATHENAEUS,DIODORUS,94,VERB:nmod,4.736221606632554e-05
ud23,block_pair,ATHENAEUS,DIODORUS,95,VERB:nsubj,8.376439514427413e-05
ud23,block_pair,ATHENAEUS,DIODORUS,96,VERB:obl,5.380521148805879e-07
ud23,block_pair,ATHENAEUS,DIODORUS,97,VERB:parataxis,7.42567708899471e-05
ud23,block_pair,ATHENAEUS,DIODORUS,98,VERB:root,0.0010305114756549673
ud23,block_pair,ATHENAEUS,DIODORUS,99,VERB:xcomp,0.0009549412604790441
ud23,block_pair,ATHENAEUS,HERODOTUS,0,ADJ:advcl,3.6422292126621326e-06
ud23,block_pair,ATHENAEUS,HERODOTUS,1,ADJ:advmod,6.458096165536348e-05
ud23,block_pair,ATHENAEUS,HERODOTUS,2,ADJ:amod,9.170404395286296e-06
ud23,block_pair,ATHENAEUS,HERODOTUS,3,ADJ:appos,4.516332866787762e-05
ud23,block_pair,ATHENAEUS,HERODOTUS,4,ADJ:conj,1.5413463731639199e-06
ud23,block_pair,ATHENAEUS,HERODOTUS,5,ADJ:iobj,1.7404224546323997e-07
ud23,block_pair,ATHENAEUS,HERODOTUS,6,ADJ:nmod,2.6674915552407186e-06
ud23,block_pair,ATHENAEUS,HERODOTUS,7,ADJ:nsubj,9.043938017146711e-05
ud23,block_pair,ATHENAEUS,HERODOTUS,8,ADJ:obj,2.0990891318853116e-05
ud23,block_pair,ATHENAEUS,HERODOTUS,9,ADJ:obl,0.00024994867460272356
ud23,block_pair,ATHENAEUS,HERODOTUS,10,ADJ:parataxis,5.0962771093121576e-06
ud23,block_pair,ATHENAEUS,HERODOTUS,11,ADJ:root,4.5437882969998744e-06
ud23,block_pair,ATHENAEUS,HERODOTUS,12,ADJ:xcomp,4.4188904249856434e-05
ud23,block_pair,ATHENAEUS,HERODOTUS,13,ADP:advcl,3.7749769475172277e-07
ud23,block_pair,ATHENAEUS,HERODOTUS,14,ADP:case,0.0009139487702589265
ud23,block_pair,ATHENAEUS,HERODOTUS,15,ADP:cc,3.7749769475172277e-07
ud23,block_pair,ATHENAEUS,HERODOTUS,16,ADP:conj,3.7749769475172277e-07
ud23,block_pair,ATHENAEUS,HERODOTUS,17,ADP:mark,4.955339738255124e-05
ud23,block_pair,ATHENAEUS,HERODOTUS,18,ADP:nmod,5.0962771093121576e-06
ud23,block_pair,ATHENAEUS,HERODOTUS,19,ADP:nsubj,3.7749769475172277e-07
ud23,block_pair,ATHENAEUS,HERODOTUS,20,ADP:obj,5.0962771093121576e-06
ud23,block_pair,ATHENAEUS,HERODOTUS,21,ADP:root,3.7749769475172277e-07
ud23,block_pair,ATHENAEUS,HERODOTUS,22,ADV_PART:acl,3.7749769475172277e-07
ud23,block_pair,ATHENAEUS,HERODOTUS,23,ADV_PART:advcl,6.404534004966672e-06
ud23,block_pair,ATHENAEUS,HERODOTUS,24,ADV_PART:advmod,0.00010088897367749056
ud23,block_pair,ATHENAEUS,HERODOTUS,25,ADV_PART:case,1.7549919297306194e-05
ud23,block_pair,ATHENAEUS,HERODOTUS,26,ADV_PART:cc,1.52888313279365e-05
ud23,block_pair,ATHENAEUS,HERODOTUS,27,ADV_PART:conj,3.892690629780095e-05
ud23,block_pair,ATHENAEUS,HERODOTUS,28,ADV_PART:mark,3.7749769475172277e-07
ud23,block_pair,ATHENAEUS,HERODOTUS,29,ADV_PART:nmod,8.74420115830445e-05
ud23,block_pair,ATHENAEUS,HERODOTUS,30,ADV_PART:nsubj,3.66104897694521e-05
ud23,block_pair,ATHENAEUS,HERODOTUS,31,ADV_PART:obj,1.751271786558904e-05
ud23,block_pair,ATHENAEUS,HERODOTUS,32,ADV_PART:obl,1.7549919297306194e-05
ud23,block_pair,ATHENAEUS,HERODOTUS,33,ADV_PART:root,5.102654438618733e-05
ud23,block_pair,ATHENAEUS,HERODOTUS,34,ADV_PART:xcomp,6.805568946602271e-05
ud23,block_pair,ATHENAEUS,HERODOTUS,35,AUX:aux,3.7749769475172277e-07
ud23,block_pair,ATHENAEUS,HERODOTUS,36,AUX:conj,5.0962771093121576e-06
ud23,block_pair,ATHENAEUS,HERODOTUS,37,AUX:cop,0.00034520304666054856
ud23,block_pair,ATHENAEUS,HERODOTUS,38,CCONJ:advmod,2.6785539378773425e-06
ud23,block_pair,ATHENAEUS,HERODOTUS,39,CCONJ:case,3.7749769475172277e-07
ud23,block_pair,ATHENAEUS,HERODOTUS,40,CCONJ:cc,0.00021959534076454717
ud23,block_pair,ATHENAEUS,HERODOTUS,41,CCONJ:conj,5.0962771093121576e-06
ud23,block_pair,ATHENAEUS,HERODOTUS,42,CCONJ:mark,0.000376377811638747
ud23,block_pair,ATHENAEUS,HERODOTUS,43,CCONJ:nmod,3.7749769475172277e-07
ud23,block_pair,ATHENAEUS,HERODOTUS,44,CCONJ:obj,5.0962771093121576e-06
ud23,block_pair,ATHENAEUS,HERODOTUS,45,CCONJ:obl,5.0962771093121576e-06
ud23,block_pair,ATHENAEUS,HERODOTUS,46,DET:advmod,8.720778442505335e-05
ud23,block_pair,ATHENAEUS,HERODOTUS,47,DET:det,6.10191006971926e-05
ud23,block_pair,ATHENAEUS,HERODOTUS,48,DET:root,5.0962771093121576e-06
ud23,block_pair,ATHENAEUS,HERODOTUS,49,DET:xcomp,3.281331944740467e-05
ud23,block_pair,ATHENAEUS,HERODOTUS,50,NOUN:acl,0.0001653255795009122
ud23,block_pair,ATHENAEUS,HERODOTUS,51,NOUN:advcl,1.2085280095324735e-07
ud23,block_pair,ATHENAEUS,HERODOTUS,52,NOUN:appos,0.00011743107974059448
ud23,block_pair,ATHENAEUS,HERODOTUS,53,NOUN:case,5.0962771093121576e-06
ud23,block_pair,ATHENAEUS,HERODOTUS,54,NOUN:conj,0.00011667999299761964
ud23,block_pair,ATHENAEUS,HERODOTUS,55,NOUN:iobj,1.2252963913609525e-05
ud23,block_pair,ATHENAEUS,HERODOTUS,56,NOUN:nmod,0.0010551275537727632
ud23,block_pair,ATHENAEUS,HERODOTUS,57,NOUN:nsubj,0.00012075420530027704
ud23,block_pair,ATHENAEUS,HERODOTUS,58,NOUN:obj,6.232243951440151e-05
ud23,block_pair,ATHENAEUS,HERODOTUS,59,NOUN:obl,7.114296274207265e-05
ud23,block_pair,ATHENAEUS,HERODOTUS,60,NOUN:root,1.0107128834862216e-05
ud23,block_pair,ATHENAEUS,HERODOTUS,61,NOUN:xcomp,2.057643297419129e-05
ud23,block_pair,ATHENAEUS,HERODOTUS,62,NUM:advcl,3.7749769475172277e-07
ud23,block_pair,ATHENAEUS,HERODOTUS,63,NUM:conj,3.880525607636159e-05
ud23,block_pair,ATHENAEUS,HERODOTUS,64,NUM:nsubj,3.7749769475172277e-07
ud23,block_pair,ATHENAEUS,HERODOTUS,65,NUM:nummod,0.00037880327674648905
ud23,block_pair,ATHENAEUS,HERODOTUS,66,NUM:obj,3.7749769475172277e-07
ud23,block_pair,ATHENAEUS,HERODOTUS,67,NUM:obl,3.7749769475172277e-07
ud23,block_pair,ATHENAEUS,HERODOTUS,68,NUM:root,3.7749769475172277e-07
ud23,block_pair,ATHENAEUS,HERODOTUS,69,NUM:xcomp,3.7749769475172277e-07
ud23,block_pair,ATHENAEUS,HERODOTUS,70,PRON:acl,3.233034119681697e-05
ud23,block_pair,ATHENAEUS,HERODOTUS,71,PRON:advcl,1.0448122347169687e-05
ud23,block_pair,ATHENAEUS,HERODOTUS,72,PRON:appos,3.66104897694521e-05
ud23,block_pair,ATHENAEUS,HERODOTUS,73,PRON:conj,7.421959117799947e-05
ud23,block_pair,ATHENAEUS,HERODOTUS,74,PRON:iobj,0.0003149804521037985
ud23,block_pair,ATHENAEUS,HERODOTUS,75,PRON:nmod,1.33811553284719e-05
ud23,block_pair,ATHENAEUS,HERODOTUS,76,PRON:nsubj,0.0003505811221508209
ud23,block_pair,ATHENAEUS,HERODOTUS,77,PRON:obj,0.0009237302859498898
ud23,block_pair,ATHENAEUS,HERODOTUS,78,PRON:obl,0.00016409258038169584
ud23,block_pair,ATHENAEUS,HERODOTUS,79,PRON:parataxis,3.7749769475172277e-07
ud23,block_pair,ATHENAEUS,HERODOTUS,80,PRON:root,7.927451589786047e-06
ud23,block_pair,ATHENAEUS,HERODOTUS,81,PRON:xcomp,3.833642239163394e-05
ud23,block_pair,ATHENAEUS,HERODOTUS,82,SCONJ:case,1.0448122347169687e-05
ud23,block_pair,ATHENAEUS,HERODOTUS,83,SCONJ:cc,3.7749769475172277e-07
ud23,block_pair,ATHENAEUS,HERODOTUS,84,SCONJ:mark,3.3065480449216526e-05
ud23,block_pair,ATHENAEUS,HERODOTUS,85,SCONJ:nmod,3.7749769475172277e-07
ud23,block_pair,ATHENAEUS,HERODOTUS,86,SCONJ:xcomp,5.0962771093121576e-06
ud23,block_pair,ATHENAEUS,HERODOTUS,87,VERB:acl,5.818740744960261e-05
ud23,block_pair,ATHENAEUS,HERODOTUS,88,VERB:advcl,0.0004070701348833491
ud23,block_pair,ATHENAEUS,HERODOTUS,89,VERB:appos,0.00018748201670344935
ud23,block_pair,ATHENAEUS,HERODOTUS,90,VERB:case,3.7749769475172277e-07
ud23,block_pair,ATHENAEUS,HERODOTUS,91,VERB:ccomp,3.664123542549655e-06
ud23,block_pair,ATHENAEUS,HERODOTUS,92,VERB:conj,0.00038073494114375557
ud23,block_pair,ATHENAEUS,HERODOTUS,93,VERB:csubj,4.114724872793761e-05
ud23,block_pair,ATHENAEUS,HERODOTUS,94,VERB:nmod,0.00010962066535401976
ud23,block_pair,ATHENAEUS,HERODOTUS,95,VERB:nsubj,1.1035765535013045e-05
ud23,block_pair,ATHENAEUS,HERODOTUS,96,VERB:obl,9.025435050237483e-05
ud23,block_pair,ATHENAEUS,HERODOTUS,97,VERB:parataxis,4.7920514183400205e-05
ud23,block_pair,ATHENAEUS,HERODOTUS,98,VERB:root,0.00015233655946068252
ud23,block_pair,ATHENAEUS,HERODOTUS,99,VERB:xcomp,8.814832678895638e-05
ud23,block_pair,ATHENAEUS,HESIODIC_TRADITION,0,ADJ:advcl,6.4686657195647e-05
ud23,block_pair,ATHENAEUS,HESIODIC_TRADITION,1,ADJ:advmod,0.0005605358175377743
ud23,block_pair,ATHENAEUS,HESIODIC_TRADITION,2,ADJ:amod,5.9495935965355145e-05
ud23,block_pair,ATHENAEUS,HESIODIC_TRADITION,3,ADJ:appos,0.00013003754451638554
ud23,block_pair,ATHENAEUS,HESIODIC_TRADITION,4,ADJ:conj,1.959815044588574e-05
ud23,block_pair,ATHENAEUS,HESIODIC_TRADITION,5,ADJ:iobj,1.8763533051847613e-05
ud23,block_pair,ATHENAEUS,HESIODIC_TRADITION,6,ADJ:nmod,0.007819679403606151
ud23,block_pair,ATHENAEUS,HESIODIC_TRADITION,7,ADJ:nsubj,3.3588609063117246e-05
ud23,block_pair,ATHENAEUS,HESIODIC_TRADITION,8,ADJ:obj,2.2812236010433294e-05
ud23,block_pair,ATHENAEUS,HESIODIC_TRADITION,9,ADJ:obl,5.458007541443114e-05
ud23,block_pair,ATHENAEUS,HESIODIC_TRADITION,10,ADJ:parataxis,3.778522946836684e-07
ud23,block_pair,ATHENAEUS,HESIODIC_TRADITION,11,ADJ:root,0.00016459148248177985
ud23,block_pair,ATHENAEUS,HESIODIC_TRADITION,12,ADJ:xcomp,0.0001248851457182744
ud23,block_pair,ATHENAEUS,HESIODIC_TRADITION,13,ADP:advcl,5.079075773096131e-06
ud23,block_pair,ATHENAEUS,HESIODIC_TRADITION,14,ADP:case,0.001256162288637121
ud23,block_pair,ATHENAEUS,HESIODIC_TRADITION,15,ADP:cc,5.079075773096131e-06
ud23,block_pair,ATHENAEUS,HESIODIC_TRADITION,16,ADP:conj,5.079075773096131e-06
ud23,block_pair,ATHENAEUS,HESIODIC_TRADITION,17,ADP:mark,1.1335568840510044e-06
ud23,block_pair,ATHENAEUS,HESIODIC_TRADITION,18,ADP:nmod,3.778522946836684e-07
ud23,block_pair,ATHENAEUS,HESIODIC_TRADITION,19,ADP:nsubj,5.079075773096131e-06
ud23,block_pair,ATHENAEUS,HESIODIC_TRADITION,20,ADP:obj,3.778522946836684e-07
ud23,block_pair,ATHENAEUS,HESIODIC_TRADITION,21,ADP:root,5.079075773096131e-06
ud23,block_pair,ATHENAEUS,HESIODIC_TRADITION,22,ADV_PART:acl,4.334584817212852e-05
ud23,block_pair,ATHENAEUS,HESIODIC_TRADITION,23,ADV_PART:advcl,1.7422602597159766e-05
ud23,block_pair,ATHENAEUS,HESIODIC_TRADITION,24,ADV_PART:advmod,0.00011959486032952354
ud23,block_pair,ATHENAEUS,HESIODIC_TRADITION,25,ADV_PART:case,0.00017354867462704697
ud23,block_pair,ATHENAEUS,HESIODIC_TRADITION,26,ADV_PART:cc,0.030624971878775626
ud23,block_pair,ATHENAEUS,HESIODIC_TRADITION,27,ADV_PART:conj,9.502857280506332e-05
ud23,block_pair,ATHENAEUS,HESIODIC_TRADITION,28,ADV_PART:mark,0.0001378830072211198
ud23,block_pair,ATHENAEUS,HESIODIC_TRADITION,29,ADV_PART:nmod,9.254328553902119e-05
ud23,block_pair,ATHENAEUS,HESIODIC_TRADITION,30,ADV_PART:nsubj,5.079075773096131e-06
ud23,block_pair,ATHENAEUS,HESIODIC_TRADITION,31,ADV_PART:obj,0.0005646799653928829
ud23,block_pair,ATHENAEUS,HESIODIC_TRADITION,32,ADV_PART:obl,5.645541671992349e-05
ud23,block_pair,ATHENAEUS,HESIODIC_TRADITION,33,ADV_PART:root,1.7422602597159766e-05
ud23,block_pair,ATHENAEUS,HESIODIC_TRADITION,34,ADV_PART:xcomp,1.7422602597159766e-05
ud23,block_pair,ATHENAEUS,HESIODIC_TRADITION,35,AUX:aux,5.079075773096131e-06
ud23,block_pair,ATHENAEUS,HESIODIC_TRADITION,36,AUX:conj,3.778522946836684e-07
ud23,block_pair,ATHENAEUS,HESIODIC_TRADITION,37,AUX:cop,0.0014155679153473595
ud23,block_pair,ATHENAEUS,HESIODIC_TRADITION,38,CCONJ:advmod,0.0038930034264606454
ud23,block_pair,ATHENAEUS,HESIODIC_TRADITION,39,CCONJ:case,5.079075773096131e-06
ud23,block_pair,ATHENAEUS,HESIODIC_TRADITION,40,CCONJ:cc,0.0008073812442618462
ud23,block_pair,ATHENAEUS,HESIODIC_TRADITION,41,CCONJ:conj,3.778522946836684e-07
ud23,block_pair,ATHENAEUS,HESIODIC_TRADITION,42,CCONJ:mark,7.912566796954248e-06
ud23,block_pair,ATHENAEUS,HESIODIC_TRADITION,43,CCONJ:nmod,5.079075773096131e-06
ud23,block_pair,ATHENAEUS,HESIODIC_TRADITION,44,CCONJ:obj,3.778522946836684e-07
ud23,block_pair,ATHENAEUS,HESIODIC_TRADITION,45,CCONJ:obl,3.778522946836684e-07
ud23,block_pair,ATHENAEUS,HESIODIC_TRADITION,46,DET:advmod,3.778522946836684e-07
ud23,block_pair,ATHENAEUS,HESIODIC_TRADITION,47,DET:det,0.052449527561471594
ud23,block_pair,ATHENAEUS,HESIODIC_TRADITION,48,DET:root,3.778522946836684e-07
ud23,block_pair,ATHENAEUS,HESIODIC_TRADITION,49,DET:xcomp,1.7422602597159766e-05
ud23,block_pair,ATHENAEUS,HESIODIC_TRADITION,50,NOUN:acl,6.08157348174599e-06
ud23,block_pair,ATHENAEUS,HESIODIC_TRADITION,51,NOUN:advcl,0.00010584620524525219
ud23,block_pair,ATHENAEUS,HESIODIC_TRADITION,52,NOUN:appos,0.002390118395865292
ud23,block_pair,ATHENAEUS,HESIODIC_TRADITION,53,NOUN:case,3.778522946836684e-07
ud23,block_pair,ATHENAEUS,HESIODIC_TRADITION,54,NOUN:conj,0.004596144477512602
ud23,block_pair,ATHENAEUS,HESIODIC_TRADITION,55,NOUN:iobj,0.00013983152766305082
ud23,block_pair,ATHENAEUS,HESIODIC_TRADITION,56,NOUN:nmod,9.961011526200218e-05
ud23,block_pair,ATHENAEUS,HESIODIC_TRADITION,57,NOUN:nsubj,0.00015696080203311943
ud23,block_pair,ATHENAEUS,HESIODIC_TRADITION,58,NOUN:obj,0.0015475602444179146
ud23,block_pair,ATHENAEUS,HESIODIC_TRADITION,59,NOUN:obl,3.092395339319054e-05
ud23,block_pair,ATHENAEUS,HESIODIC_TRADITION,60,NOUN:root,0.0001633890415843646
ud23,block_pair,ATHENAEUS,HESIODIC_TRADITION,61,NOUN:xcomp,0.0007880275386783207
ud23,block_pair,ATHENAEUS,HESIODIC_TRADITION,62,NUM:advcl,5.079075773096131e-06
ud23,block_pair,ATHENAEUS,HESIODIC_TRADITION,63,NUM:conj,6.707971199041011e-06
ud23,block_pair,ATHENAEUS,HESIODIC_TRADITION,64,NUM:nsubj,5.079075773096131e-06
ud23,block_pair,ATHENAEUS,HESIODIC_TRADITION,65,NUM:nummod,0.00030048479625678247
ud23,block_pair,ATHENAEUS,HESIODIC_TRADITION,66,NUM:obj,5.079075773096131e-06
ud23,block_pair,ATHENAEUS,HESIODIC_TRADITION,67,NUM:obl,5.079075773096131e-06
ud23,block_pair,ATHENAEUS,HESIODIC_TRADITION,68,NUM:root,5.079075773096131e-06
ud23,block_pair,ATHENAEUS,HESIODIC_TRADITION,69,NUM:xcomp,5.079075773096131e-06
ud23,block_pair,ATHENAEUS,HESIODIC_TRADITION,70,PRON:acl,4.518631736195293e-05
ud23,block_pair,ATHENAEUS,HESIODIC_TRADITION,71,PRON:advcl,1.7422602597159766e-05
ud23,block_pair,ATHENAEUS,HESIODIC_TRADITION,72,PRON:appos,4.334584817212852e-05
ud23,block_pair,ATHENAEUS,HESIODIC_TRADITION,73,PRON:conj,5.309229369020491e-05
ud23,block_pair,ATHENAEUS,HESIODIC_TRADITION,74,PRON:iobj,1.0093081863769805e-05
ud23,block_pair,ATHENAEUS,HESIODIC_TRADITION,75,PRON:nmod,0.0003747934499417308
ud23,block_pair,ATHENAEUS,HESIODIC_TRADITION,76,PRON:nsubj,0.0004532440202455264
ud23,block_pair,ATHENAEUS,HESIODIC_TRADITION,77,PRON:obj,0.00012433944761271187
ud23,block_pair,ATHENAEUS,HESIODIC_TRADITION,78,PRON:obl,0.000908416481148179
ud23,block_pair,ATHENAEUS,HESIODIC_TRADITION,79,PRON:parataxis,5.079075773096131e-06
ud23,block_pair,ATHENAEUS,HESIODIC_TRADITION,80,PRON:root,0.0001298999445818881
ud23,block_pair,ATHENAEUS,HESIODIC_TRADITION,81,PRON:xcomp,0.00040033530288596293
ud23,block_pair,ATHENAEUS,HESIODIC_TRADITION,82,SCONJ:case,1.7422602597159766e-05
ud23,block_pair,ATHENAEUS,HESIODIC_TRADITION,83,SCONJ:cc,5.079075773096131e-06
ud23,block_pair,ATHENAEUS,HESIODIC_TRADITION,84,SCONJ:mark,0.0015307511531033949
ud23,block_pair,ATHENAEUS,HESIODIC_TRADITION,85,SCONJ:nmod,5.079075773096131e-06
ud23,block_pair,ATHENAEUS,HESIODIC_TRADITION,86,SCONJ:xcomp,3.778522946836684e-07
ud23,block_pair,ATHENAEUS,HESIODIC_TRADITION,87,VERB:acl,0.0002444848087623274
ud23,block_pair,ATHENAEUS,HESIODIC_TRADITION,88,VERB:advcl,3.531724990424377e-05
ud23,block_pair,ATHENAEUS,HESIODIC_TRADITION,89,VERB:appos,1.3727815938346767e-06
ud23,block_pair,ATHENAEUS,HESIODIC_TRADITION,90,VERB:case,5.079075773096131e-06
ud23,block_pair,ATHENAEUS,HESIODIC_TRADITION,91,VERB:ccomp,0.004202399762643475
ud23,block_pair,ATHENAEUS,HESIODIC_TRADITION,92,VERB:conj,7.044089324802032e-05
ud23,block_pair,ATHENAEUS,HESIODIC_TRADITION,93,VERB:csubj,0.00015928621615225237
ud23,block_pair,ATHENAEUS,HESIODIC_TRADITION,94,VERB:nmod,0.0003632626293248978
ud23,block_pair,ATHENAEUS,HESIODIC_TRADITION,95,VERB:nsubj,0.00032064163670507
ud23,block_pair,ATHENAEUS,HESIODIC_TRADITION,96,VERB:obl,0.00035347320426460575
ud23,block_pair,ATHENAEUS,HESIODIC_TRADITION,97,VERB:parataxis,2.1234987809915998e-06
ud23,block_pair,ATHENAEUS,HESIODIC_TRADITION,98,VERB:root,0.0003845277304973631
ud23,block_pair,ATHENAEUS,HESIODIC_TRADITION,99,VERB:xcomp,0.0005429461608751046
ud23,block_pair,ATHENAEUS,HOMERIC_TRADITION,0,ADJ:advcl,7.218282246753872e-05
ud23,block_pair,ATHENAEUS,HOMERIC_TRADITION,1,ADJ:advmod,0.0002339296398933947
ud23,block_pair,ATHENAEUS,HOMERIC_TRADITION,2,ADJ:amod,3.994400436913286e-05
ud23,block_pair,ATHENAEUS,HOMERIC_TRADITION,3,ADJ:appos,1.6517096426286296e-06
ud23,block_pair,ATHENAEUS,HOMERIC_TRADITION,4,ADJ:conj,0.00032302312310981377
ud23,block_pair,ATHENAEUS,HOMERIC_TRADITION,5,ADJ:iobj,2.706693801269401e-05
ud23,block_pair,ATHENAEUS,HOMERIC_TRADITION,6,ADJ:nmod,0.003210368648351211
ud23,block_pair,ATHENAEUS,HOMERIC_TRADITION,7,ADJ:nsubj,7.130503134240618e-05
ud23,block_pair,ATHENAEUS,HOMERIC_TRADITION,8,ADJ:obj,1.5034502977379966e-06
ud23,block_pair,ATHENAEUS,HOMERIC_TRADITION,9,ADJ:obl,9.270212397343997e-05
ud23,block_pair,ATHENAEUS,HOMERIC_TRADITION,10,ADJ:parataxis,1.9275026457183982e-05
ud23,block_pair,ATHENAEUS,HOMERIC_TRADITION,11,ADJ:root,0.00016703857637954625
ud23,block_pair,ATHENAEUS,HOMERIC_TRADITION,12,ADJ:xcomp,0.00040548093735990557
ud23,block_pair,ATHENAEUS,HOMERIC_TRADITION,13,ADP:advcl,2.794780802424426e-06
ud23,block_pair,ATHENAEUS,HOMERIC_TRADITION,14,ADP:case,0.0012310010443077743
ud23,block_pair,ATHENAEUS,HOMERIC_TRADITION,15,ADP:cc,2.794780802424426e-06
ud23,block_pair,ATHENAEUS,HOMERIC_TRADITION,16,ADP:conj,2.794780802424426e-06
ud23,block_pair,ATHENAEUS,HOMERIC_TRADITION,17,ADP:mark,4.3784054940606046e-05
ud23,block_pair,ATHENAEUS,HOMERIC_TRADITION,18,ADP:nmod,1.9275026457183982e-05
ud23,block_pair,ATHENAEUS,HOMERIC_TRADITION,19,ADP:nsubj,2.794780802424426e-06
ud23,block_pair,ATHENAEUS,HOMERIC_TRADITION,20,ADP:obj,3.204143210140495e-06
ud23,block_pair,ATHENAEUS,HOMERIC_TRADITION,21,ADP:root,2.794780802424426e-06
ud23,block_pair,ATHENAEUS,HOMERIC_TRADITION,22,ADV_PART:acl,1.9625300946109777e-09
ud23,block_pair,ATHENAEUS,HOMERIC_TRADITION,23,ADV_PART:advcl,2.8010102053280033e-05
ud23,block_pair,ATHENAEUS,HOMERIC_TRADITION,24,ADV_PART:advmod,0.0016970568695973652
ud23,block_pair,ATHENAEUS,HOMERIC_TRADITION,25,ADV_PART:case,3.8603843003384156e-05
ud23,block_pair,ATHENAEUS,HOMERIC_TRADITION,26,ADV_PART:cc,0.026350846225067552
ud23,block_pair,ATHENAEUS,HOMERIC_TRADITION,27,ADV_PART:conj,2.370418515294956e-06
ud23,block_pair,ATHENAEUS,HOMERIC_TRADITION,28,ADV_PART:mark,0.00010472621220253598
ud23,block_pair,ATHENAEUS,HOMERIC_TRADITION,29,ADV_PART:nmod,0.00022236682724660647
ud23,block_pair,ATHENAEUS,HOMERIC_TRADITION,30,ADV_PART:nsubj,2.794780802424426e-06
ud23,block_pair,ATHENAEUS,HOMERIC_TRADITION,31,ADV_PART:obj,0.0011951933824828874
ud23,block_pair,ATHENAEUS,HOMERIC_TRADITION,32,ADV_PART:obl,4.914433729289701e-07
ud23,block_pair,ATHENAEUS,HOMERIC_TRADITION,33,ADV_PART:root,5.341374606538733e-06
ud23,block_pair,ATHENAEUS,HOMERIC_TRADITION,34,ADV_PART:xcomp,1.3342090329291947e-05
ud23,block_pair,ATHENAEUS,HOMERIC_TRADITION,35,AUX:aux,2.794780802424426e-06
ud23,block_pair,ATHENAEUS,HOMERIC_TRADITION,36,AUX:conj,1.9275026457183982e-05
ud23,block_pair,ATHENAEUS,HOMERIC_TRADITION,37,AUX:cop,0.001086525371764803
ud23,block_pair,ATHENAEUS,HOMERIC_TRADITION,38,CCONJ:advmod,0.001991556304515733
ud23,block_pair,ATHENAEUS,HOMERIC_TRADITION,39,CCONJ:case,2.794780802424426e-06
ud23,block_pair,ATHENAEUS,HOMERIC_TRADITION,40,CCONJ:cc,0.0009045666235813691
ud23,block_pair,ATHENAEUS,HOMERIC_TRADITION,41,CCONJ:conj,1.9275026457183982e-05
ud23,block_pair,ATHENAEUS,HOMERIC_TRADITION,42,CCONJ:mark,0.0003546995385816697
ud23,block_pair,ATHENAEUS,HOMERIC_TRADITION,43,CCONJ:nmod,2.794780802424426e-06
ud23,block_pair,ATHENAEUS,HOMERIC_TRADITION,44,CCONJ:obj,1.9275026457183982e-05
ud23,block_pair,ATHENAEUS,HOMERIC_TRADITION,45,CCONJ:obl,1.9275026457183982e-05
ud23,block_pair,ATHENAEUS,HOMERIC_TRADITION,46,DET:advmod,8.38434240727328e-06
ud23,block_pair,ATHENAEUS,HOMERIC_TRADITION,47,DET:det,0.053240088877140976
ud23,block_pair,ATHENAEUS,HOMERIC_TRADITION,48,DET:root,1.9275026457183982e-05
ud23,block_pair,ATHENAEUS,HOMERIC_TRADITION,49,DET:xcomp,5.8263919615087755e-05
ud23,block_pair,ATHENAEUS,HOMERIC_TRADITION,50,NOUN:acl,1.714433692302409e-05
ud23,block_pair,ATHENAEUS,HOMERIC_TRADITION,51,NOUN:advcl,3.340771527590913e-05
ud23,block_pair,ATHENAEUS,HOMERIC_TRADITION,52,NOUN:appos,0.00015837435599754706
ud23,block_pair,ATHENAEUS,HOMERIC_TRADITION,53,NOUN:case,8.38434240727328e-06
ud23,block_pair,ATHENAEUS,HOMERIC_TRADITION,54,NOUN:conj,5.817450640111682e-06
ud23,block_pair,ATHENAEUS,HOMERIC_TRADITION,55,NOUN:iobj,0.00018667061167042362
ud23,block_pair,ATHENAEUS,HOMERIC_TRADITION,56,NOUN:nmod,0.0007182323567594866
ud23,block_pair,ATHENAEUS,HOMERIC_TRADITION,57,NOUN:nsubj,2.8633059449699417e-05
ud23,block_pair,ATHENAEUS,HOMERIC_TRADITION,58,NOUN:obj,0.001107182407167665
ud23,block_pair,ATHENAEUS,HOMERIC_TRADITION,59,NOUN:obl,3.5647166036012284e-07
ud23,block_pair,ATHENAEUS,HOMERIC_TRADITION,60,NOUN:root,0.0003974602367870252
ud23,block_pair,ATHENAEUS,HOMERIC_TRADITION,61,NOUN:xcomp,0.0010948882335366842
ud23,block_pair,ATHENAEUS,HOMERIC_TRADITION,62,NUM:advcl,1.9625300946109777e-09
ud23,block_pair,ATHENAEUS,HOMERIC_TRADITION,63,NUM:conj,8.091561439842745e-06
ud23,block_pair,ATHENAEUS,HOMERIC_TRADITION,64,NUM:nsubj,1.183542379127201e-06
ud23,block_pair,ATHENAEUS,HOMERIC_TRADITION,65,NUM:nummod,0.00010279242957390435
ud23,block_pair,ATHENAEUS,HOMERIC_TRADITION,66,NUM:obj,1.183542379127201e-06
ud23,block_pair,ATHENAEUS,HOMERIC_TRADITION,67,NUM:obl,1.9625300946109777e-09
ud23,block_pair,ATHENAEUS,HOMERIC_TRADITION,68,NUM:root,1.9625300946109777e-09
ud23,block_pair,ATHENAEUS,HOMERIC_TRADITION,69,NUM:xcomp,1.9625300946109777e-09
ud23,block_pair,ATHENAEUS,HOMERIC_TRADITION,70,PRON:acl,6.064099026648071e-05
ud23,block_pair,ATHENAEUS,HOMERIC_TRADITION,71,PRON:advcl,3.986192223817896e-05
ud23,block_pair,ATHENAEUS,HOMERIC_TRADITION,72,PRON:appos,1.6743950172037417e-05
ud23,block_pair,ATHENAEUS,HOMERIC_TRADITION,73,PRON:conj,3.340771527590913e-05
ud23,block_pair,ATHENAEUS,HOMERIC_TRADITION,74,PRON:iobj,8.138790161612923e-05
ud23,block_pair,ATHENAEUS,HOMERIC_TRADITION,75,PRON:nmod,0.00018980867856532738
ud23,block_pair,ATHENAEUS,HOMERIC_TRADITION,76,PRON:nsubj,0.0014771507561324834
ud23,block_pair,ATHENAEUS,HOMERIC_TRADITION,77,PRON:obj,0.0003297646826823995
ud23,block_pair,ATHENAEUS,HOMERIC_TRADITION,78,PRON:obl,3.683888760740704e-05
ud23,block_pair,ATHENAEUS,HOMERIC_TRADITION,79,PRON:parataxis,2.794780802424426e-06
ud23,block_pair,ATHENAEUS,HOMERIC_TRADITION,80,PRON:root,7.467712545389925e-05
ud23,block_pair,ATHENAEUS,HOMERIC_TRADITION,81,PRON:xcomp,0.0004078474373056143
ud23,block_pair,ATHENAEUS,HOMERIC_TRADITION,82,SCONJ:case,5.8263919615087755e-05
ud23,block_pair,ATHENAEUS,HOMERIC_TRADITION,83,SCONJ:cc,7.354171803758405e-05
ud23,block_pair,ATHENAEUS,HOMERIC_TRADITION,84,SCONJ:mark,0.0006937374470413469
ud23,block_pair,ATHENAEUS,HOMERIC_TRADITION,85,SCONJ:nmod,2.794780802424426e-06
ud23,block_pair,ATHENAEUS,HOMERIC_TRADITION,86,SCONJ:xcomp,1.9275026457183982e-05
ud23,block_pair,ATHENAEUS,HOMERIC_TRADITION,87,VERB:acl,0.00013728319535518806
ud23,block_pair,ATHENAEUS,HOMERIC_TRADITION,88,VERB:advcl,9.030519540887349e-06
ud23,block_pair,ATHENAEUS,HOMERIC_TRADITION,89,VERB:appos,1.4743301187869103e-06
ud23,block_pair,ATHENAEUS,HOMERIC_TRADITION,90,VERB:case,2.794780802424426e-06
ud23,block_pair,ATHENAEUS,HOMERIC_TRADITION,91,VERB:ccomp,0.0018851943636921322
ud23,block_pair,ATHENAEUS,HOMERIC_TRADITION,92,VERB:conj,0.0027592060322375878
ud23,block_pair,ATHENAEUS,HOMERIC_TRADITION,93,VERB:csubj,0.00027031703102496846
ud23,block_pair,ATHENAEUS,HOMERIC_TRADITION,94,VERB:nmod,0.0012963116677041533
ud23,block_pair,ATHENAEUS,HOMERIC_TRADITION,95,VERB:nsubj,0.0005406363514406311
ud23,block_pair,ATHENAEUS,HOMERIC_TRADITION,96,VERB:obl,0.0006618964892985783
ud23,block_pair,ATHENAEUS,HOMERIC_TRADITION,97,VERB:parataxis,1.2173270303934184e-05
ud23,block_pair,ATHENAEUS,HOMERIC_TRADITION,98,VERB:root,0.0009779233754812272
ud23,block_pair,ATHENAEUS,HOMERIC_TRADITION,99,VERB:xcomp,5.5411956696304644e-05
ud23,block_pair,ATHENAEUS,PLUTARCH,0,ADJ:advcl,2.662619469666714e-07
ud23,block_pair,ATHENAEUS,PLUTARCH,1,ADJ:advmod,7.910752796520825e-05
ud23,block_pair,ATHENAEUS,PLUTARCH,2,ADJ:amod,1.038080617963869e-06
ud23,block_pair,ATHENAEUS,PLUTARCH,3,ADJ:appos,2.28342367260771e-07
ud23,block_pair,ATHENAEUS,PLUTARCH,4,ADJ:conj,0.0002497348590567582
ud23,block_pair,ATHENAEUS,PLUTARCH,5,ADJ:iobj,0.00015037831466529922
ud23,block_pair,ATHENAEUS,PLUTARCH,6,ADJ:nmod,0.0008574882422036538
ud23,block_pair,ATHENAEUS,PLUTARCH,7,ADJ:nsubj,0.00017727856110478439
ud23,block_pair,ATHENAEUS,PLUTARCH,8,ADJ:obj,9.827075927791725e-05
ud23,block_pair,ATHENAEUS,PLUTARCH,9,ADJ:obl,0.00011628866947620037
ud23,block_pair,ATHENAEUS,PLUTARCH,10,ADJ:parataxis,1.7102427225205777e-05
ud23,block_pair,ATHENAEUS,PLUTARCH,11,ADJ:root,2.0346437475535342e-05
ud23,block_pair,ATHENAEUS,PLUTARCH,12,ADJ:xcomp,1.1171781580124546e-05
ud23,block_pair,ATHENAEUS,PLUTARCH,13,ADP:advcl,5.700809075068592e-06
ud23,block_pair,ATHENAEUS,PLUTARCH,14,ADP:case,0.0005883310145214857
ud23,block_pair,ATHENAEUS,PLUTARCH,15,ADP:cc,5.700809075068592e-06
ud23,block_pair,ATHENAEUS,PLUTARCH,16,ADP:conj,5.700809075068592e-06
ud23,block_pair,ATHENAEUS,PLUTARCH,17,ADP:mark,5.623050749486655e-06
ud23,block_pair,ATHENAEUS,PLUTARCH,18,ADP:nmod,2.28342367260771e-07
ud23,block_pair,ATHENAEUS,PLUTARCH,19,ADP:nsubj,5.700809075068592e-06
ud23,block_pair,ATHENAEUS,PLUTARCH,20,ADP:obj,2.28342367260771e-07
ud23,block_pair,ATHENAEUS,PLUTARCH,21,ADP:root,5.700809075068592e-06
ud23,block_pair,ATHENAEUS,PLUTARCH,22,ADV_PART:acl,5.700809075068592e-06
ud23,block_pair,ATHENAEUS,PLUTARCH,23,ADV_PART:advcl,3.2417008484462114e-07
ud23,block_pair,ATHENAEUS,PLUTARCH,24,ADV_PART:advmod,2.1632631472271987e-05
ud23,block_pair,ATHENAEUS,PLUTARCH,25,ADV_PART:case,6.027714337197072e-06
ud23,block_pair,ATHENAEUS,PLUTARCH,26,ADV_PART:cc,6.850271017822707e-07
ud23,block_pair,ATHENAEUS,PLUTARCH,27,ADV_PART:conj,0.0005103495369048633
ud23,block_pair,ATHENAEUS,PLUTARCH,28,ADV_PART:mark,5.700809075068592e-06
ud23,block_pair,ATHENAEUS,PLUTARCH,29,ADV_PART:nmod,6.941246216127673e-05
ud23,block_pair,ATHENAEUS,PLUTARCH,30,ADV_PART:nsubj,4.62890649777065e-05
ud23,block_pair,ATHENAEUS,PLUTARCH,31,ADV_PART:obj,9.21171787718898e-05
ud23,block_pair,ATHENAEUS,PLUTARCH,32,ADV_PART:obl,6.027714337197072e-06
ud23,block_pair,ATHENAEUS,PLUTARCH,33,ADV_PART:root,1.633723521456567e-05
ud23,block_pair,ATHENAEUS,PLUTARCH,34,ADV_PART:xcomp,1.633723521456567e-05
ud23,block_pair,ATHENAEUS,PLUTARCH,35,AUX:aux,5.700809075068592e-06
ud23,block_pair,ATHENAEUS,PLUTARCH,36,AUX:conj,2.28342367260771e-07
ud23,block_pair,ATHENAEUS,PLUTARCH,37,AUX:cop,6.036884703902441e-05
ud23,block_pair,ATHENAEUS,PLUTARCH,38,CCONJ:advmod,5.623050749486655e-06
ud23,block_pair,ATHENAEUS,PLUTARCH,39,CCONJ:case,4.62890649777065e-05
ud23,block_pair,ATHENAEUS,PLUTARCH,40,CCONJ:cc,0.0018656597452297117
ud23,block_pair,ATHENAEUS,PLUTARCH,41,CCONJ:conj,2.28342367260771e-07
ud23,block_pair,ATHENAEUS,PLUTARCH,42,CCONJ:mark,1.764219267277192e-06
ud23,block_pair,ATHENAEUS,PLUTARCH,43,CCONJ:nmod,5.700809075068592e-06
ud23,block_pair,ATHENAEUS,PLUTARCH,44,CCONJ:obj,2.28342367260771e-07
ud23,block_pair,ATHENAEUS,PLUTARCH,45,CCONJ:obl,2.28342367260771e-07
ud23,block_pair,ATHENAEUS,PLUTARCH,46,DET:advmod,1.7102427225205777e-05
ud23,block_pair,ATHENAEUS,PLUTARCH,47,DET:det,0.0001879479011394243
ud23,block_pair,ATHENAEUS,PLUTARCH,48,DET:root,2.28342367260771e-07
ud23,block_pair,ATHENAEUS,PLUTARCH,49,DET:xcomp,1.633723521456567e-05
ud23,block_pair,ATHENAEUS,PLUTARCH,50,NOUN:acl,2.202360696903668e-05
ud23,block_pair,ATHENAEUS,PLUTARCH,51,NOUN:advcl,8.431155334553598e-05
ud23,block_pair,ATHENAEUS,PLUTARCH,52,NOUN:appos,0.00015664804098534338
ud23,block_pair,ATHENAEUS,PLUTARCH,53,NOUN:case,2.28342367260771e-07
ud23,block_pair,ATHENAEUS,PLUTARCH,54,NOUN:conj,0.0001157651514877775
ud23,block_pair,ATHENAEUS,PLUTARCH,55,NOUN:iobj,8.882319214332921e-05
ud23,block_pair,ATHENAEUS,PLUTARCH,56,NOUN:nmod,0.0012406377613614142
ud23,block_pair,ATHENAEUS,PLUTARCH,57,NOUN:nsubj,0.0004360598023301831
ud23,block_pair,ATHENAEUS,PLUTARCH,58,NOUN:obj,3.819580679059699e-06
ud23,block_pair,ATHENAEUS,PLUTARCH,59,NOUN:obl,0.00013683450482725786
ud23,block_pair,ATHENAEUS,PLUTARCH,60,NOUN:root,0.000181372151003371
ud23,block_pair,ATHENAEUS,PLUTARCH,61,NOUN:xcomp,1.1558378560042471e-05
ud23,block_pair,ATHENAEUS,PLUTARCH,62,NUM:advcl,4.62890649777065e-05
ud23,block_pair,ATHENAEUS,PLUTARCH,63,NUM:conj,2.8504045375343e-05
ud23,block_pair,ATHENAEUS,PLUTARCH,64,NUM:nsubj,4.62890649777065e-05
ud23,block_pair,ATHENAEUS,PLUTARCH,65,NUM:nummod,0.0002274899689486578
ud23,block_pair,ATHENAEUS,PLUTARCH,66,NUM:obj,5.700809075068592e-06
ud23,block_pair,ATHENAEUS,PLUTARCH,67,NUM:obl,4.62890649777065e-05
ud23,block_pair,ATHENAEUS,PLUTARCH,68,NUM:root,5.700809075068592e-06
ud23,block_pair,ATHENAEUS,PLUTARCH,69,NUM:xcomp,5.700809075068592e-06
ud23,block_pair,ATHENAEUS,PLUTARCH,70,PRON:acl,4.302076063979714e-06
ud23,block_pair,ATHENAEUS,PLUTARCH,71,PRON:advcl,3.2417008484462114e-07
ud23,block_pair,ATHENAEUS,PLUTARCH,72,PRON:appos,5.700809075068592e-06
ud23,block_pair,ATHENAEUS,PLUTARCH,73,PRON:conj,1.1318854440144806e-05
ud23,block_pair,ATHENAEUS,PLUTARCH,74,PRON:iobj,1.1950745463807646e-05
ud23,block_pair,ATHENAEUS,PLUTARCH,75,PRON:nmod,0.00020756285064436344
ud23,block_pair,ATHENAEUS,PLUTARCH,76,PRON:nsubj,9.257173382021657e-05
ud23,block_pair,ATHENAEUS,PLUTARCH,77,PRON:obj,0.00014929041334620693
ud23,block_pair,ATHENAEUS,PLUTARCH,78,PRON:obl,3.043823693831002e-08
ud23,block_pair,ATHENAEUS,PLUTARCH,79,PRON:parataxis,5.700809075068592e-06
ud23,block_pair,ATHENAEUS,PLUTARCH,80,PRON:root,4.9011705643696994e-05
ud23,block_pair,ATHENAEUS,PLUTARCH,81,PRON:xcomp,6.0010108765243194e-05
ud23,block_pair,ATHENAEUS,PLUTARCH,82,SCONJ:case,1.4116313806417468e-05
ud23,block_pair,ATHENAEUS,PLUTARCH,83,SCONJ:cc,5.700809075068592e-06
ud23,block_pair,ATHENAEUS,PLUTARCH,84,SCONJ:mark,9.093504324527812e-05
ud23,block_pair,ATHENAEUS,PLUTARCH,85,SCONJ:nmod,5.700809075068592e-06
ud23,block_pair,ATHENAEUS,PLUTARCH,86,SCONJ:xcomp,2.28342367260771e-07
ud23,block_pair,ATHENAEUS,PLUTARCH,87,VERB:acl,1.69706687600469e-05
ud23,block_pair,ATHENAEUS,PLUTARCH,88,VERB:advcl,0.0002402018413387567
ud23,block_pair,ATHENAEUS,PLUTARCH,89,VERB:appos,2.352305630111572e-06
ud23,block_pair,ATHENAEUS,PLUTARCH,90,VERB:case,5.700809075068592e-06
ud23,block_pair,ATHENAEUS,PLUTARCH,91,VERB:ccomp,1.1890107367201253e-05
ud23,block_pair,ATHENAEUS,PLUTARCH,92,VERB:conj,0.0009970254867081498
ud23,block_pair,ATHENAEUS,PLUTARCH,93,VERB:csubj,0.00039863031119441873
ud23,block_pair,ATHENAEUS,PLUTARCH,94,VERB:nmod,7.882774368285549e-06
ud23,block_pair,ATHENAEUS,PLUTARCH,95,VERB:nsubj,0.00024289638923169173
ud23,block_pair,ATHENAEUS,PLUTARCH,96,VERB:obl,5.529700100990407e-05
ud23,block_pair,ATHENAEUS,PLUTARCH,97,VERB:parataxis,0.00010949053394745682
ud23,block_pair,ATHENAEUS,PLUTARCH,98,VERB:root,0.0005418052089547331
ud23,block_pair,ATHENAEUS,PLUTARCH,99,VERB:xcomp,0.0008518313614517101
ud23,block_pair,ATHENAEUS,THUCYDIDES,0,ADJ:advcl,2.4874770229584464e-05
ud23,block_pair,ATHENAEUS,THUCYDIDES,1,ADJ:advmod,0.001048480110389694
ud23,block_pair,ATHENAEUS,THUCYDIDES,2,ADJ:amod,4.043931325163597e-07
ud23,block_pair,ATHENAEUS,THUCYDIDES,3,ADJ:appos,0.0001286945478047989
ud23,block_pair,ATHENAEUS,THUCYDIDES,4,ADJ:conj,4.935885972603033e-05
ud23,block_pair,ATHENAEUS,THUCYDIDES,5,ADJ:iobj,5.278039395035711e-05
ud23,block_pair,ATHENAEUS,THUCYDIDES,6,ADJ:nmod,0.0008279687601030136
ud23,block_pair,ATHENAEUS,THUCYDIDES,7,ADJ:nsubj,0.00020852044551491632
ud23,block_pair,ATHENAEUS,THUCYDIDES,8,ADJ:obj,4.0914217658028504e-05
ud23,block_pair,ATHENAEUS,THUCYDIDES,9,ADJ:obl,0.00017825936613844622
ud23,block_pair,ATHENAEUS,THUCYDIDES,10,ADJ:parataxis,4.0434418715539494e-07
ud23,block_pair,ATHENAEUS,THUCYDIDES,11,ADJ:root,4.7080141071468814e-05
ud23,block_pair,ATHENAEUS,THUCYDIDES,12,ADJ:xcomp,5.913964552206781e-05
ud23,block_pair,ATHENAEUS,THUCYDIDES,13,ADP:advcl,4.985914103652107e-06
ud23,block_pair,ATHENAEUS,THUCYDIDES,14,ADP:case,3.1820580676740744e-05
ud23,block_pair,ATHENAEUS,THUCYDIDES,15,ADP:cc,4.985914103652107e-06
ud23,block_pair,ATHENAEUS,THUCYDIDES,16,ADP:conj,4.985914103652107e-06
ud23,block_pair,ATHENAEUS,THUCYDIDES,17,ADP:mark,3.076269970050838e-05
ud23,block_pair,ATHENAEUS,THUCYDIDES,18,ADP:nmod,8.639236041479941e-05
ud23,block_pair,ATHENAEUS,THUCYDIDES,19,ADP:nsubj,4.985914103652107e-06
ud23,block_pair,ATHENAEUS,THUCYDIDES,20,ADP:obj,1.4957742310956314e-05
ud23,block_pair,ATHENAEUS,THUCYDIDES,21,ADP:root,4.985914103652107e-06
ud23,block_pair,ATHENAEUS,THUCYDIDES,22,ADV_PART:acl,4.985914103652107e-06
ud23,block_pair,ATHENAEUS,THUCYDIDES,23,ADV_PART:advcl,1.7593464650119022e-05
ud23,block_pair,ATHENAEUS,THUCYDIDES,24,ADV_PART:advmod,0.0005358509410688028
ud23,block_pair,ATHENAEUS,THUCYDIDES,25,ADV_PART:case,6.816423238696904e-06
ud23,block_pair,ATHENAEUS,THUCYDIDES,26,ADV_PART:cc,4.075583494732919e-06
ud23,block_pair,ATHENAEUS,THUCYDIDES,27,ADV_PART:conj,6.481688334747738e-05
ud23,block_pair,ATHENAEUS,THUCYDIDES,28,ADV_PART:mark,4.985914103652107e-06
ud23,block_pair,ATHENAEUS,THUCYDIDES,29,ADV_PART:nmod,0.00016910803196376156
ud23,block_pair,ATHENAEUS,THUCYDIDES,30,ADV_PART:nsubj,4.289818260159962e-05
ud23,block_pair,ATHENAEUS,THUCYDIDES,31,ADV_PART:obj,5.790922204244051e-06
ud23,block_pair,ATHENAEUS,THUCYDIDES,32,ADV_PART:obl,3.6417532013429683e-06
ud23,block_pair,ATHENAEUS,THUCYDIDES,33,ADV_PART:root,8.728851056064352e-08
ud23,block_pair,ATHENAEUS,THUCYDIDES,34,ADV_PART:xcomp,8.728851056064352e-08
ud23,block_pair,ATHENAEUS,THUCYDIDES,35,AUX:aux,4.985914103652107e-06
ud23,block_pair,ATHENAEUS,THUCYDIDES,36,AUX:conj,4.0434418715539494e-07
ud23,block_pair,ATHENAEUS,THUCYDIDES,37,AUX:cop,1.0116144542546236e-05
ud23,block_pair,ATHENAEUS,THUCYDIDES,38,CCONJ:advmod,1.2130325614661848e-06
ud23,block_pair,ATHENAEUS,THUCYDIDES,39,CCONJ:case,4.985914103652107e-06
ud23,block_pair,ATHENAEUS,THUCYDIDES,40,CCONJ:cc,0.0010290743035133564
ud23,block_pair,ATHENAEUS,THUCYDIDES,41,CCONJ:conj,4.0434418715539494e-07
ud23,block_pair,ATHENAEUS,THUCYDIDES,42,CCONJ:mark,0.0002973385135806384
ud23,block_pair,ATHENAEUS,THUCYDIDES,43,CCONJ:nmod,4.985914103652107e-06
ud23,block_pair,ATHENAEUS,THUCYDIDES,44,CCONJ:obj,4.0434418715539494e-07
ud23,block_pair,ATHENAEUS,THUCYDIDES,45,CCONJ:obl,4.0434418715539494e-07
ud23,block_pair,ATHENAEUS,THUCYDIDES,46,DET:advmod,1.4957742310956314e-05
ud23,block_pair,ATHENAEUS,THUCYDIDES,47,DET:det,1.8047190785053756e-05
ud23,block_pair,ATHENAEUS,THUCYDIDES,48,DET:root,4.0434418715539494e-07
ud23,block_pair,ATHENAEUS,THUCYDIDES,49,DET:xcomp,1.7593464650119022e-05
ud23,block_pair,ATHENAEUS,THUCYDIDES,50,NOUN:acl,8.859667939515144e-05
ud23,block_pair,ATHENAEUS,THUCYDIDES,51,NOUN:advcl,1.2050157972068953e-06
ud23,block_pair,ATHENAEUS,THUCYDIDES,52,NOUN:appos,0.00012733208422529673
ud23,block_pair,ATHENAEUS,THUCYDIDES,53,NOUN:case,4.0434418715539494e-07
ud23,block_pair,ATHENAEUS,THUCYDIDES,54,NOUN:conj,2.280825774099134e-05
ud23,block_pair,ATHENAEUS,THUCYDIDES,55,NOUN:iobj,2.9195701636196552e-05
ud23,block_pair,ATHENAEUS,THUCYDIDES,56,NOUN:nmod,0.0006389412089519118
ud23,block_pair,ATHENAEUS,THUCYDIDES,57,NOUN:nsubj,0.0011958948500287257
ud23,block_pair,ATHENAEUS,THUCYDIDES,58,NOUN:obj,0.0003476711390927485
ud23,block_pair,ATHENAEUS,THUCYDIDES,59,NOUN:obl,9.541161255902791e-05
ud23,block_pair,ATHENAEUS,THUCYDIDES,60,NOUN:root,6.647638699776315e-05
ud23,block_pair,ATHENAEUS,THUCYDIDES,61,NOUN:xcomp,0.0001906580911440422
ud23,block_pair,ATHENAEUS,THUCYDIDES,62,NUM:advcl,4.985914103652107e-06
ud23,block_pair,ATHENAEUS,THUCYDIDES,63,NUM:conj,6.816423238696904e-06
ud23,block_pair,ATHENAEUS,THUCYDIDES,64,NUM:nsubj,4.985914103652107e-06
ud23,block_pair,ATHENAEUS,THUCYDIDES,65,NUM:nummod,0.00020477285092937038
ud23,block_pair,ATHENAEUS,THUCYDIDES,66,NUM:obj,4.985914103652107e-06
ud23,block_pair,ATHENAEUS,THUCYDIDES,67,NUM:obl,4.985914103652107e-06
ud23,block_pair,ATHENAEUS,THUCYDIDES,68,NUM:root,4.985914103652107e-06
ud23,block_pair,ATHENAEUS,THUCYDIDES,69,NUM:xcomp,4.985914103652107e-06
ud23,block_pair,ATHENAEUS,THUCYDIDES,70,PRON:acl,4.5449885953073516e-05
ud23,block_pair,ATHENAEUS,THUCYDIDES,71,PRON:advcl,8.728851056064352e-08
ud23,block_pair,ATHENAEUS,THUCYDIDES,72,PRON:appos,4.289818260159962e-05
ud23,block_pair,ATHENAEUS,THUCYDIDES,73,PRON:conj,3.308109337417782e-05
ud23,block_pair,ATHENAEUS,THUCYDIDES,74,PRON:iobj,3.691364532940186e-06
ud23,block_pair,ATHENAEUS,THUCYDIDES,75,PRON:nmod,3.0711810826112792e-06
ud23,block_pair,ATHENAEUS,THUCYDIDES,76,PRON:nsubj,3.156993401468987e-05
ud23,block_pair,ATHENAEUS,THUCYDIDES,77,PRON:obj,8.666430061411625e-05
ud23,block_pair,ATHENAEUS,THUCYDIDES,78,PRON:obl,0.00039779045860045
ud23,block_pair,ATHENAEUS,THUCYDIDES,79,PRON:parataxis,4.985914103652107e-06
ud23,block_pair,ATHENAEUS,THUCYDIDES,80,PRON:root,1.7715899184768028e-05
ud23,block_pair,ATHENAEUS,THUCYDIDES,81,PRON:xcomp,1.3044505797368445e-05
ud23,block_pair,ATHENAEUS,THUCYDIDES,82,SCONJ:case,1.7593464650119022e-05
ud23,block_pair,ATHENAEUS,THUCYDIDES,83,SCONJ:cc,4.985914103652107e-06
ud23,block_pair,ATHENAEUS,THUCYDIDES,84,SCONJ:mark,8.566132522360489e-06
ud23,block_pair,ATHENAEUS,THUCYDIDES,85,SCONJ:nmod,4.985914103652107e-06
ud23,block_pair,ATHENAEUS,THUCYDIDES,86,SCONJ:xcomp,4.0434418715539494e-07
ud23,block_pair,ATHENAEUS,THUCYDIDES,87,VERB:acl,0.0002082279558901399
ud23,block_pair,ATHENAEUS,THUCYDIDES,88,VERB:advcl,2.6486267472252073e-05
ud23,block_pair,ATHENAEUS,THUCYDIDES,89,VERB:appos,1.0925259604028929e-05
ud23,block_pair,ATHENAEUS,THUCYDIDES,90,VERB:case,4.985914103652107e-06
ud23,block_pair,ATHENAEUS,THUCYDIDES,91,VERB:ccomp,0.0005435448407831471
ud23,block_pair,ATHENAEUS,THUCYDIDES,92,VERB:conj,0.0008390015264188892
ud23,block_pair,ATHENAEUS,THUCYDIDES,93,VERB:csubj,0.00038871638642354355
ud23,block_pair,ATHENAEUS,THUCYDIDES,94,VERB:nmod,0.00013048630697794856
ud23,block_pair,ATHENAEUS,THUCYDIDES,95,VERB:nsubj,1.1637852229793934e-06
ud23,block_pair,ATHENAEUS,THUCYDIDES,96,VERB:obl,1.0856625897083747e-06
ud23,block_pair,ATHENAEUS,THUCYDIDES,97,VERB:parataxis,4.101663037168279e-05
ud23,block_pair,ATHENAEUS,THUCYDIDES,98,VERB:root,0.00041661480076538113
ud23,block_pair,ATHENAEUS,THUCYDIDES,99,VERB:xcomp,0.0002317225868134511
ud23,block_pair,DIODORUS,HERODOTUS,0,ADJ:advcl,0.00014997464846772324
ud23,block_pair,DIODORUS,HERODOTUS,1,ADJ:advmod,3.852901075199216e-05
ud23,block_pair,DIODORUS,HERODOTUS,2,ADJ:amod,2.4352133450843285e-06
ud23,block_pair,DIODORUS,HERODOTUS,3,ADJ:appos,7.22216654635118e-05
ud23,block_pair,DIODORUS,HERODOTUS,4,ADJ:conj,0.00016094241326053687
ud23,block_pair,DIODORUS,HERODOTUS,5,ADJ:iobj,2.4422758319079376e-06
ud23,block_pair,DIODORUS,HERODOTUS,6,ADJ:nmod,7.703427423883522e-08
ud23,block_pair,DIODORUS,HERODOTUS,7,ADJ:nsubj,1.8410789884144103e-05
ud23,block_pair,DIODORUS,HERODOTUS,8,ADJ:obj,2.022900458041577e-05
ud23,block_pair,DIODORUS,HERODOTUS,9,ADJ:obl,5.7232698294825985e-05
ud23,block_pair,DIODORUS,HERODOTUS,10,ADJ:parataxis,8.60826245365693e-08
ud23,block_pair,DIODORUS,HERODOTUS,11,ADJ:root,0.0004714997610916616
ud23,block_pair,DIODORUS,HERODOTUS,12,ADJ:xcomp,5.713009721508599e-05
ud23,block_pair,DIODORUS,HERODOTUS,13,ADP:advcl,8.60826245365693e-08
ud23,block_pair,DIODORUS,HERODOTUS,14,ADP:case,0.00205424498620891
ud23,block_pair,DIODORUS,HERODOTUS,15,ADP:cc,8.60826245365693e-08
ud23,block_pair,DIODORUS,HERODOTUS,16,ADP:conj,8.60826245365693e-08
ud23,block_pair,DIODORUS,HERODOTUS,17,ADP:mark,0.00014921700084640416
ud23,block_pair,DIODORUS,HERODOTUS,18,ADP:nmod,8.60826245365693e-08
ud23,block_pair,DIODORUS,HERODOTUS,19,ADP:nsubj,8.60826245365693e-08
ud23,block_pair,DIODORUS,HERODOTUS,20,ADP:obj,8.60826245365693e-08
ud23,block_pair,DIODORUS,HERODOTUS,21,ADP:root,8.60826245365693e-08
ud23,block_pair,DIODORUS,HERODOTUS,22,ADV_PART:acl,8.60826245365693e-08
ud23,block_pair,DIODORUS,HERODOTUS,23,ADV_PART:advcl,9.092792953985089e-06
ud23,block_pair,DIODORUS,HERODOTUS,24,ADV_PART:advmod,0.0017458274656611955
ud23,block_pair,DIODORUS,HERODOTUS,25,ADV_PART:case,8.60826245365693e-08
ud23,block_pair,DIODORUS,HERODOTUS,26,ADV_PART:cc,8.654916886692688e-06
ud23,block_pair,DIODORUS,HERODOTUS,27,ADV_PART:conj,8.654916886692688e-06
ud23,block_pair,DIODORUS,HERODOTUS,28,ADV_PART:mark,8.60826245365693e-08
ud23,block_pair,DIODORUS,HERODOTUS,29,ADV_PART:nmod,1.1506028550726231e-05
ud23,block_pair,DIODORUS,HERODOTUS,30,ADV_PART:nsubj,2.736691894363702e-05
ud23,block_pair,DIODORUS,HERODOTUS,31,ADV_PART:obj,4.893624926858214e-05
ud23,block_pair,DIODORUS,HERODOTUS,32,ADV_PART:obl,8.60826245365693e-08
ud23,block_pair,DIODORUS,HERODOTUS,33,ADV_PART:root,0.00014719854325560768
ud23,block_pair,DIODORUS,HERODOTUS,34,ADV_PART:xcomp,0.00010290123772930156
ud23,block_pair,DIODORUS,HERODOTUS,35,AUX:aux,8.60826245365693e-08
ud23,block_pair,DIODORUS,HERODOTUS,36,AUX:conj,8.60826245365693e-08
ud23,block_pair,DIODORUS,HERODOTUS,37,AUX:cop,0.003313584183890258
ud23,block_pair,DIODORUS,HERODOTUS,38,CCONJ:advmod,3.1931078445745654e-06
ud23,block_pair,DIODORUS,HERODOTUS,39,CCONJ:case,3.7451472871396294e-05
ud23,block_pair,DIODORUS,HERODOTUS,40,CCONJ:cc,5.374376479006242e-05
ud23,block_pair,DIODORUS,HERODOTUS,41,CCONJ:conj,8.60826245365693e-08
ud23,block_pair,DIODORUS,HERODOTUS,42,CCONJ:mark,0.0007045602088883272
ud23,block_pair,DIODORUS,HERODOTUS,43,CCONJ:nmod,1.4364088844858604e-05
ud23,block_pair,DIODORUS,HERODOTUS,44,CCONJ:obj,8.60826245365693e-08
ud23,block_pair,DIODORUS,HERODOTUS,45,CCONJ:obl,8.60826245365693e-08
ud23,block_pair,DIODORUS,HERODOTUS,46,DET:advmod,6.233181504010868e-05
ud23,block_pair,DIODORUS,HERODOTUS,47,DET:det,0.004596891603047614
ud23,block_pair,DIODORUS,HERODOTUS,48,DET:root,8.60826245365693e-08
ud23,block_pair,DIODORUS,HERODOTUS,49,DET:xcomp,8.60826245365693e-08
ud23,block_pair,DIODORUS,HERODOTUS,50,NOUN:acl,0.0001142535583627278
ud23,block_pair,DIODORUS,HERODOTUS,51,NOUN:advcl,2.2897405844567176e-05
ud23,block_pair,DIODORUS,HERODOTUS,52,NOUN:appos,1.5965539222872842e-05
ud23,block_pair,DIODORUS,HERODOTUS,53,NOUN:case,1.4364088844858604e-05
ud23,block_pair,DIODORUS,HERODOTUS,54,NOUN:conj,3.896739440231495e-05
ud23,block_pair,DIODORUS,HERODOTUS,55,NOUN:iobj,3.311043716003605e-06
ud23,block_pair,DIODORUS,HERODOTUS,56,NOUN:nmod,0.0009213313708848654
ud23,block_pair,DIODORUS,HERODOTUS,57,NOUN:nsubj,6.519446576279636e-05
ud23,block_pair,DIODORUS,HERODOTUS,58,NOUN:obj,0.00035521342310716655
ud23,block_pair,DIODORUS,HERODOTUS,59,NOUN:obl,0.0010881461101265805
ud23,block_pair,DIODORUS,HERODOTUS,60,NOUN:root,0.00046010657977153796
ud23,block_pair,DIODORUS,HERODOTUS,61,NOUN:xcomp,0.00010554737621865573
ud23,block_pair,DIODORUS,HERODOTUS,62,NUM:advcl,8.60826245365693e-08
ud23,block_pair,DIODORUS,HERODOTUS,63,NUM:conj,9.656342558013872e-05
ud23,block_pair,DIODORUS,HERODOTUS,64,NUM:nsubj,8.60826245365693e-08
ud23,block_pair,DIODORUS,HERODOTUS,65,NUM:nummod,0.0010591434335696802
ud23,block_pair,DIODORUS,HERODOTUS,66,NUM:obj,8.60826245365693e-08
ud23,block_pair,DIODORUS,HERODOTUS,67,NUM:obl,8.60826245365693e-08
ud23,block_pair,DIODORUS,HERODOTUS,68,NUM:root,8.60826245365693e-08
ud23,block_pair,DIODORUS,HERODOTUS,69,NUM:xcomp,8.60826245365693e-08
ud23,block_pair,DIODORUS,HERODOTUS,70,PRON:acl,0.00010290123772930156
ud23,block_pair,DIODORUS,HERODOTUS,71,PRON:advcl,7.22216654635118e-05
ud23,block_pair,DIODORUS,HERODOTUS,72,PRON:appos,2.736691894363702e-05
ud23,block_pair,DIODORUS,HERODOTUS,73,PRON:conj,0.00018488587061889043
ud23,block_pair,DIODORUS,HERODOTUS,74,PRON:iobj,0.0006975054470269373
ud23,block_pair,DIODORUS,HERODOTUS,75,PRON:nmod,0.0004724906790609801
ud23,block_pair,DIODORUS,HERODOTUS,76,PRON:nsubj,0.0014910778287774572
ud23,block_pair,DIODORUS,HERODOTUS,77,PRON:obj,0.005052077195602116
ud23,block_pair,DIODORUS,HERODOTUS,78,PRON:obl,0.00013257673414445348
ud23,block_pair,DIODORUS,HERODOTUS,79,PRON:parataxis,8.60826245365693e-08
ud23,block_pair,DIODORUS,HERODOTUS,80,PRON:root,1.1506028550726231e-05
ud23,block_pair,DIODORUS,HERODOTUS,81,PRON:xcomp,0.0002573992232284235
ud23,block_pair,DIODORUS,HERODOTUS,82,SCONJ:case,7.955543116809235e-06
ud23,block_pair,DIODORUS,HERODOTUS,83,SCONJ:cc,8.60826245365693e-08
ud23,block_pair,DIODORUS,HERODOTUS,84,SCONJ:mark,0.001445502732520156
ud23,block_pair,DIODORUS,HERODOTUS,85,SCONJ:nmod,8.60826245365693e-08
ud23,block_pair,DIODORUS,HERODOTUS,86,SCONJ:xcomp,8.60826245365693e-08
ud23,block_pair,DIODORUS,HERODOTUS,87,VERB:acl,0.0007873445027503749
ud23,block_pair,DIODORUS,HERODOTUS,88,VERB:advcl,0.0001807416131299421
ud23,block_pair,DIODORUS,HERODOTUS,89,VERB:appos,0.0001668726091175735
ud23,block_pair,DIODORUS,HERODOTUS,90,VERB:case,8.60826245365693e-08
ud23,block_pair,DIODORUS,HERODOTUS,91,VERB:ccomp,0.0007925362866859124
ud23,block_pair,DIODORUS,HERODOTUS,92,VERB:conj,0.00013195431447400618
ud23,block_pair,DIODORUS,HERODOTUS,93,VERB:csubj,1.7113125620196601e-06
ud23,block_pair,DIODORUS,HERODOTUS,94,VERB:nmod,0.00030044949446535163
ud23,block_pair,DIODORUS,HERODOTUS,95,VERB:nsubj,3.418697345750044e-05
ud23,block_pair,DIODORUS,HERODOTUS,96,VERB:obl,0.00010453231810738354
ud23,block_pair,DIODORUS,HERODOTUS,97,VERB:parataxis,3.1931078445745654e-06
ud23,block_pair,DIODORUS,HERODOTUS,98,VERB:root,0.0003913878217554601
ud23,block_pair,DIODORUS,HERODOTUS,99,VERB:xcomp,0.00046568047399916197
ud23,block_pair,DIODORUS,HESIODIC_TRADITION,0,ADJ:advcl,5.564843002727462e-06
ud23,block_pair,DIODORUS,HESIODIC_TRADITION,1,ADJ:advmod,0.00047804296241568786
ud23,block_pair,DIODORUS,HESIODIC_TRADITION,2,ADJ:amod,8.42532412928008e-05
ud23,block_pair,DIODORUS,HESIODIC_TRADITION,3,ADJ:appos,0.00016969084494319826
ud23,block_pair,DIODORUS,HESIODIC_TRADITION,4,ADJ:conj,0.0003351165156466136
ud23,block_pair,DIODORUS,HESIODIC_TRADITION,5,ADJ:iobj,3.959214121956772e-05
ud23,block_pair,DIODORUS,HESIODIC_TRADITION,6,ADJ:nmod,0.008153928235252302
ud23,block_pair,DIODORUS,HESIODIC_TRADITION,7,ADJ:nsubj,3.2438283706362416e-07
ud23,block_pair,DIODORUS,HESIODIC_TRADITION,8,ADJ:obj,2.2017713050120295e-05
ud23,block_pair,DIODORUS,HESIODIC_TRADITION,9,ADJ:obl,8.146550191853922e-07
ud23,block_pair,DIODORUS,HESIODIC_TRADITION,10,ADJ:parataxis,1.851459871421392e-06
ud23,block_pair,DIODORUS,HESIODIC_TRADITION,11,ADJ:root,0.0001269877130270903
ud23,block_pair,DIODORUS,HESIODIC_TRADITION,12,ADJ:xcomp,0.00010537549992757351
ud23,block_pair,DIODORUS,HESIODIC_TRADITION,13,ADP:advcl,1.851459871421392e-06
ud23,block_pair,DIODORUS,HESIODIC_TRADITION,14,ADP:case,0.0025521251718020506
ud23,block_pair,DIODORUS,HESIODIC_TRADITION,15,ADP:cc,1.851459871421392e-06
ud23,block_pair,DIODORUS,HESIODIC_TRADITION,16,ADP:conj,1.851459871421392e-06
ud23,block_pair,DIODORUS,HESIODIC_TRADITION,17,ADP:mark,4.443093147900555e-05
ud23,block_pair,DIODORUS,HESIODIC_TRADITION,18,ADP:nmod,1.851459871421392e-06
ud23,block_pair,DIODORUS,HESIODIC_TRADITION,19,ADP:nsubj,1.851459871421392e-06
ud23,block_pair,DIODORUS,HESIODIC_TRADITION,20,ADP:obj,1.851459871421392e-06
ud23,block_pair,DIODORUS,HESIODIC_TRADITION,21,ADP:root,1.851459871421392e-06
ud23,block_pair,DIODORUS,HESIODIC_TRADITION,22,ADV_PART:acl,3.336019162216649e-05
ud23,block_pair,DIODORUS,HESIODIC_TRADITION,23,ADV_PART:advcl,1.851459871421392e-06
ud23,block_pair,DIODORUS,HESIODIC_TRADITION,24,ADV_PART:advmod,0.001820958688762515
ud23,block_pair,DIODORUS,HESIODIC_TRADITION,25,ADV_PART:case,0.00026842581594307713
ud23,block_pair,DIODORUS,HESIODIC_TRADITION,26,ADV_PART:cc,0.03074025827418813
ud23,block_pair,DIODORUS,HESIODIC_TRADITION,27,ADV_PART:conj,0.00016680095811083255
ud23,block_pair,DIODORUS,HESIODIC_TRADITION,28,ADV_PART:mark,0.00012181327368077073
ud23,block_pair,DIODORUS,HESIODIC_TRADITION,29,ADV_PART:nmod,9.726551543567282e-06
ud23,block_pair,DIODORUS,HESIODIC_TRADITION,30,ADV_PART:nsubj,1.851459871421392e-06
ud23,block_pair,DIODORUS,HESIODIC_TRADITION,31,ADV_PART:obj,0.0010443191331720037
ud23,block_pair,DIODORUS,HESIODIC_TRADITION,32,ADV_PART:obl,0.00012181327368077073
ud23,block_pair,DIODORUS,HESIODIC_TRADITION,33,ADV_PART:root,1.851459871421392e-06
ud23,block_pair,DIODORUS,HESIODIC_TRADITION,34,ADV_PART:xcomp,4.753072184110804e-06
ud23,block_pair,DIODORUS,HESIODIC_TRADITION,35,AUX:aux,1.851459871421392e-06
ud23,block_pair,DIODORUS,HESIODIC_TRADITION,36,AUX:conj,1.851459871421392e-06
ud23,block_pair,DIODORUS,HESIODIC_TRADITION,37,AUX:cop,3.836874616142458e-06
ud23,block_pair,DIODORUS,HESIODIC_TRADITION,38,CCONJ:advmod,0.00413283331335762
ud23,block_pair,DIODORUS,HESIODIC_TRADITION,39,CCONJ:case,2.0955036264046645e-05
ud23,block_pair,DIODORUS,HESIODIC_TRADITION,40,CCONJ:cc,0.0025391944736627243
ud23,block_pair,DIODORUS,HESIODIC_TRADITION,41,CCONJ:conj,1.851459871421392e-06
ud23,block_pair,DIODORUS,HESIODIC_TRADITION,42,CCONJ:mark,0.00010603291278285997
ud23,block_pair,DIODORUS,HESIODIC_TRADITION,43,CCONJ:nmod,4.753072184110804e-06
ud23,block_pair,DIODORUS,HESIODIC_TRADITION,44,CCONJ:obj,1.851459871421392e-06
ud23,block_pair,DIODORUS,HESIODIC_TRADITION,45,CCONJ:obl,1.851459871421392e-06
ud23,block_pair,DIODORUS,HESIODIC_TRADITION,46,DET:advmod,4.753072184110804e-06
ud23,block_pair,DIODORUS,HESIODIC_TRADITION,47,DET:det,0.07929285088422855
ud23,block_pair,DIODORUS,HESIODIC_TRADITION,48,DET:root,1.851459871421392e-06
ud23,block_pair,DIODORUS,HESIODIC_TRADITION,49,DET:xcomp,1.851459871421392e-06
ud23,block_pair,DIODORUS,HESIODIC_TRADITION,50,NOUN:acl,2.2014992620926802e-05
ud23,block_pair,DIODORUS,HESIODIC_TRADITION,51,NOUN:advcl,2.8005094849650168e-05
ud23,block_pair,DIODORUS,HESIODIC_TRADITION,52,NOUN:appos,0.0037268218269881667
ud23,block_pair,DIODORUS,HESIODIC_TRADITION,53,NOUN:case,4.753072184110804e-06
ud23,block_pair,DIODORUS,HESIODIC_TRADITION,54,NOUN:conj,0.005210360900793089
ud23,block_pair,DIODORUS,HESIODIC_TRADITION,55,NOUN:iobj,0.00010310901262186015
ud23,block_pair,DIODORUS,HESIODIC_TRADITION,56,NOUN:nmod,6.152157010255298e-05
ud23,block_pair,DIODORUS,HESIODIC_TRADITION,57,NOUN:nsubj,4.269712584673794e-05
ud23,block_pair,DIODORUS,HESIODIC_TRADITION,58,NOUN:obj,0.0008073888467806309
ud23,block_pair,DIODORUS,HESIODIC_TRADITION,59,NOUN:obl,0.00036173414918458727
ud23,block_pair,DIODORUS,HESIODIC_TRADITION,60,NOUN:root,0.00014835427536236768
ud23,block_pair,DIODORUS,HESIODIC_TRADITION,61,NOUN:xcomp,0.00018291889390632213
ud23,block_pair,DIODORUS,HESIODIC_TRADITION,62,NUM:advcl,1.851459871421392e-06
ud23,block_pair,DIODORUS,HESIODIC_TRADITION,63,NUM:conj,1.851459871421392e-06
ud23,block_pair,DIODORUS,HESIODIC_TRADITION,64,NUM:nsubj,1.851459871421392e-06
ud23,block_pair,DIODORUS,HESIODIC_TRADITION,65,NUM:nummod,0.0009394432949414852
ud23,block_pair,DIODORUS,HESIODIC_TRADITION,66,NUM:obj,1.851459871421392e-06
ud23,block_pair,DIODORUS,HESIODIC_TRADITION,67,NUM:obl,1.851459871421392e-06
ud23,block_pair,DIODORUS,HESIODIC_TRADITION,68,NUM:root,1.851459871421392e-06
ud23,block_pair,DIODORUS,HESIODIC_TRADITION,69,NUM:xcomp,1.851459871421392e-06
ud23,block_pair,DIODORUS,HESIODIC_TRADITION,70,PRON:acl,4.753072184110804e-06
ud23,block_pair,DIODORUS,HESIODIC_TRADITION,71,PRON:advcl,1.851459871421392e-06
ud23,block_pair,DIODORUS,HESIODIC_TRADITION,72,PRON:appos,3.336019162216649e-05
ud23,block_pair,DIODORUS,HESIODIC_TRADITION,73,PRON:conj,4.8021928706007455e-06
ud23,block_pair,DIODORUS,HESIODIC_TRADITION,74,PRON:iobj,0.00014475195911999923
ud23,block_pair,DIODORUS,HESIODIC_TRADITION,75,PRON:nmod,3.681210207991445e-05
ud23,block_pair,DIODORUS,HESIODIC_TRADITION,76,PRON:nsubj,0.001692940142222407
ud23,block_pair,DIODORUS,HESIODIC_TRADITION,77,PRON:obj,0.0009345674020230354
ud23,block_pair,DIODORUS,HESIODIC_TRADITION,78,PRON:obl,0.0009869874125701353
ud23,block_pair,DIODORUS,HESIODIC_TRADITION,79,PRON:parataxis,1.851459871421392e-06
ud23,block_pair,DIODORUS,HESIODIC_TRADITION,80,PRON:root,0.00011800931870911604
ud23,block_pair,DIODORUS,HESIODIC_TRADITION,81,PRON:xcomp,0.00011800931870911604
ud23,block_pair,DIODORUS,HESIODIC_TRADITION,82,SCONJ:case,2.0955036264046645e-05
ud23,block_pair,DIODORUS,HESIODIC_TRADITION,83,SCONJ:cc,1.851459871421392e-06
ud23,block_pair,DIODORUS,HESIODIC_TRADITION,84,SCONJ:mark,2.1663116417143123e-05
ud23,block_pair,DIODORUS,HESIODIC_TRADITION,85,SCONJ:nmod,1.851459871421392e-06
ud23,block_pair,DIODORUS,HESIODIC_TRADITION,86,SCONJ:xcomp,1.851459871421392e-06
ud23,block_pair,DIODORUS,HESIODIC_TRADITION,87,VERB:acl,0.0012872297423995728
ud23,block_pair,DIODORUS,HESIODIC_TRADITION,88,VERB:advcl,0.00016075150932055035
ud23,block_pair,DIODORUS,HESIODIC_TRADITION,89,VERB:appos,1.2502313409723592e-07
ud23,block_pair,DIODORUS,HESIODIC_TRADITION,90,VERB:case,1.851459871421392e-06
ud23,block_pair,DIODORUS,HESIODIC_TRADITION,91,VERB:ccomp,0.0013456008800333658
ud23,block_pair,DIODORUS,HESIODIC_TRADITION,92,VERB:conj,0.0005108309110292857
ud23,block_pair,DIODORUS,HESIODIC_TRADITION,93,VERB:csubj,0.0003110165203530385
ud23,block_pair,DIODORUS,HESIODIC_TRADITION,94,VERB:nmod,0.0006701831779596234
ud23,block_pair,DIODORUS,HESIODIC_TRADITION,95,VERB:nsubj,0.0006994377177639934
ud23,block_pair,DIODORUS,HESIODIC_TRADITION,96,VERB:obl,0.0003798547822729374
ud23,block_pair,DIODORUS,HESIODIC_TRADITION,97,VERB:parataxis,0.00010008057486649953
ud23,block_pair,DIODORUS,HESIODIC_TRADITION,98,VERB:root,0.0026646082099058346
ud23,block_pair,DIODORUS,HESIODIC_TRADITION,99,VERB:xcomp,0.0028838359009926615
ud23,block_pair,DIODORUS,HOMERIC_TRADITION,0,ADJ:advcl,3.6147637682167925e-06
ud23,block_pair,DIODORUS,HOMERIC_TRADITION,1,ADJ:advmod,0.00018149511170850318
ud23,block_pair,DIODORUS,HOMERIC_TRADITION,2,ADJ:amod,2.3555029388115287e-05
ud23,block_pair,DIODORUS,HOMERIC_TRADITION,3,ADJ:appos,1.0443015022448403e-05
ud23,block_pair,DIODORUS,HOMERIC_TRADITION,4,ADJ:conj,1.6821548437848745e-05
ud23,block_pair,DIODORUS,HOMERIC_TRADITION,5,ADJ:iobj,5.122293568708244e-05
ud23,block_pair,DIODORUS,HOMERIC_TRADITION,6,ADJ:nmod,0.00342835434841845
ud23,block_pair,DIODORUS,HOMERIC_TRADITION,7,ADJ:nsubj,1.0385284042961477e-05
ud23,block_pair,DIODORUS,HOMERIC_TRADITION,8,ADJ:obj,1.304629183233698e-06
ud23,block_pair,DIODORUS,HOMERIC_TRADITION,9,ADJ:obl,1.8073219416225628e-06
ud23,block_pair,DIODORUS,HOMERIC_TRADITION,10,ADJ:parataxis,6.470469510645972e-06
ud23,block_pair,DIODORUS,HOMERIC_TRADITION,11,ADJ:root,0.00012486127959454905
ud23,block_pair,DIODORUS,HOMERIC_TRADITION,12,ADJ:xcomp,0.0003698349223226105
ud23,block_pair,DIODORUS,HOMERIC_TRADITION,13,ADP:advcl,6.470469510645972e-06
ud23,block_pair,DIODORUS,HOMERIC_TRADITION,14,ADP:case,0.0025163246543211722
ud23,block_pair,DIODORUS,HOMERIC_TRADITION,15,ADP:cc,6.470469510645972e-06
ud23,block_pair,DIODORUS,HOMERIC_TRADITION,16,ADP:conj,6.470469510645972e-06
ud23,block_pair,DIODORUS,HOMERIC_TRADITION,17,ADP:mark,0.00014024229160522966
ud23,block_pair,DIODORUS,HOMERIC_TRADITION,18,ADP:nmod,6.470469510645972e-06
ud23,block_pair,DIODORUS,HOMERIC_TRADITION,19,ADP:nsubj,6.470469510645972e-06
ud23,block_pair,DIODORUS,HOMERIC_TRADITION,20,ADP:obj,3.31909344955598e-08
ud23,block_pair,DIODORUS,HOMERIC_TRADITION,21,ADP:root,6.470469510645972e-06
ud23,block_pair,DIODORUS,HOMERIC_TRADITION,22,ADV_PART:acl,9.040437322529507e-07
ud23,block_pair,DIODORUS,HOMERIC_TRADITION,23,ADV_PART:advcl,3.31909344955598e-08
ud23,block_pair,DIODORUS,HOMERIC_TRADITION,24,ADV_PART:advmod,0.005304303412833916
ud23,block_pair,DIODORUS,HOMERIC_TRADITION,25,ADV_PART:case,9.626385010318298e-05
ud23,block_pair,DIODORUS,HOMERIC_TRADITION,26,ADV_PART:cc,0.02646287516489582
ud23,block_pair,DIODORUS,HOMERIC_TRADITION,27,ADV_PART:conj,2.3843633457686555e-05
ud23,block_pair,DIODORUS,HOMERIC_TRADITION,28,ADV_PART:mark,9.025300680522871e-05
ud23,block_pair,DIODORUS,HOMERIC_TRADITION,29,ADV_PART:nmod,5.711332330558858e-06
ud23,block_pair,DIODORUS,HOMERIC_TRADITION,30,ADV_PART:nsubj,6.470469510645972e-06
ud23,block_pair,DIODORUS,HOMERIC_TRADITION,31,ADV_PART:obj,0.0017888113361294805
ud23,block_pair,DIODORUS,HOMERIC_TRADITION,32,ADV_PART:obl,1.0443015022448403e-05
ud23,block_pair,DIODORUS,HOMERIC_TRADITION,33,ADV_PART:root,1.0443015022448403e-05
ud23,block_pair,DIODORUS,HOMERIC_TRADITION,34,ADV_PART:xcomp,2.712131196758854e-06
ud23,block_pair,DIODORUS,HOMERIC_TRADITION,35,AUX:aux,6.470469510645972e-06
ud23,block_pair,DIODORUS,HOMERIC_TRADITION,36,AUX:conj,6.470469510645972e-06
ud23,block_pair,DIODORUS,HOMERIC_TRADITION,37,AUX:cop,4.528295645684629e-05
ud23,block_pair,DIODORUS,HOMERIC_TRADITION,38,CCONJ:advmod,0.002191661523868751
ud23,block_pair,DIODORUS,HOMERIC_TRADITION,39,CCONJ:case,6.400446234712313e-05
ud23,block_pair,DIODORUS,HOMERIC_TRADITION,40,CCONJ:cc,0.002707698740568253
ud23,block_pair,DIODORUS,HOMERIC_TRADITION,41,CCONJ:conj,6.470469510645972e-06
ud23,block_pair,DIODORUS,HOMERIC_TRADITION,42,CCONJ:mark,0.0006755277750312678
ud23,block_pair,DIODORUS,HOMERIC_TRADITION,43,CCONJ:nmod,3.387867468301055e-05
ud23,block_pair,DIODORUS,HOMERIC_TRADITION,44,CCONJ:obj,6.470469510645972e-06
ud23,block_pair,DIODORUS,HOMERIC_TRADITION,45,CCONJ:obl,6.470469510645972e-06
ud23,block_pair,DIODORUS,HOMERIC_TRADITION,46,DET:advmod,1.941140853193792e-05
ud23,block_pair,DIODORUS,HOMERIC_TRADITION,47,DET:det,0.08018728572035883
ud23,block_pair,DIODORUS,HOMERIC_TRADITION,48,DET:root,6.470469510645972e-06
ud23,block_pair,DIODORUS,HOMERIC_TRADITION,49,DET:xcomp,6.470469510645972e-06
ud23,block_pair,DIODORUS,HOMERIC_TRADITION,50,NOUN:acl,4.036944113780179e-05
ud23,block_pair,DIODORUS,HOMERIC_TRADITION,51,NOUN:advcl,4.3276346818904965e-07
ud23,block_pair,DIODORUS,HOMERIC_TRADITION,52,NOUN:appos,4.869321669969548e-06
ud23,block_pair,DIODORUS,HOMERIC_TRADITION,53,NOUN:case,1.941140853193792e-05
ud23,block_pair,DIODORUS,HOMERIC_TRADITION,54,NOUN:conj,4.8642653130863195e-05
ud23,block_pair,DIODORUS,HOMERIC_TRADITION,55,NOUN:iobj,0.00014389165094939285
ud23,block_pair,DIODORUS,HOMERIC_TRADITION,56,NOUN:nmod,0.0006084976590461739
ud23,block_pair,DIODORUS,HOMERIC_TRADITION,57,NOUN:nsubj,0.00018799222415614904
ud23,block_pair,DIODORUS,HOMERIC_TRADITION,58,NOUN:obj,0.000499037580777956
ud23,block_pair,DIODORUS,HOMERIC_TRADITION,59,NOUN:obl,0.0006334687297719511
ud23,block_pair,DIODORUS,HOMERIC_TRADITION,60,NOUN:root,2.3959726533263258e-05
ud23,block_pair,DIODORUS,HOMERIC_TRADITION,61,NOUN:xcomp,0.00035037210653351514
ud23,block_pair,DIODORUS,HOMERIC_TRADITION,62,NUM:advcl,9.040437322529507e-07
ud23,block_pair,DIODORUS,HOMERIC_TRADITION,63,NUM:conj,1.2160556355443663e-06
ud23,block_pair,DIODORUS,HOMERIC_TRADITION,64,NUM:nsubj,3.31909344955598e-08
ud23,block_pair,DIODORUS,HOMERIC_TRADITION,65,NUM:nummod,0.0005897750286690269
ud23,block_pair,DIODORUS,HOMERIC_TRADITION,66,NUM:obj,3.31909344955598e-08
ud23,block_pair,DIODORUS,HOMERIC_TRADITION,67,NUM:obl,9.040437322529507e-07
ud23,block_pair,DIODORUS,HOMERIC_TRADITION,68,NUM:root,9.040437322529507e-07
ud23,block_pair,DIODORUS,HOMERIC_TRADITION,69,NUM:xcomp,9.040437322529507e-07
ud23,block_pair,DIODORUS,HOMERIC_TRADITION,70,PRON:acl,1.112329138384798e-05
ud23,block_pair,DIODORUS,HOMERIC_TRADITION,71,PRON:advcl,9.040437322529507e-07
ud23,block_pair,DIODORUS,HOMERIC_TRADITION,72,PRON:appos,1.0443015022448403e-05
ud23,block_pair,DIODORUS,HOMERIC_TRADITION,73,PRON:conj,4.3276346818904965e-07
ud23,block_pair,DIODORUS,HOMERIC_TRADITION,74,PRON:iobj,0.0003173526140251784
ud23,block_pair,DIODORUS,HOMERIC_TRADITION,75,PRON:nmod,0.000136252982708642
ud23,block_pair,DIODORUS,HOMERIC_TRADITION,76,PRON:nsubj,0.0033655447968454636
ud23,block_pair,DIODORUS,HOMERIC_TRADITION,77,PRON:obj,0.0035096000417904867
ud23,block_pair,DIODORUS,HOMERIC_TRADITION,78,PRON:obl,5.426965292242502e-05
ud23,block_pair,DIODORUS,HOMERIC_TRADITION,79,PRON:parataxis,6.470469510645972e-06
ud23,block_pair,DIODORUS,HOMERIC_TRADITION,80,PRON:root,6.537274515690776e-05
ud23,block_pair,DIODORUS,HOMERIC_TRADITION,81,PRON:xcomp,0.00012285063766208262
ud23,block_pair,DIODORUS,HOMERIC_TRADITION,82,SCONJ:case,6.400446234712313e-05
ud23,block_pair,DIODORUS,HOMERIC_TRADITION,83,SCONJ:cc,6.0987074517910814e-05
ud23,block_pair,DIODORUS,HOMERIC_TRADITION,84,SCONJ:mark,0.00031050529129145535
ud23,block_pair,DIODORUS,HOMERIC_TRADITION,85,SCONJ:nmod,6.470469510645972e-06
ud23,block_pair,DIODORUS,HOMERIC_TRADITION,86,SCONJ:xcomp,6.470469510645972e-06
ud23,block_pair,DIODORUS,HOMERIC_TRADITION,87,VERB:acl,0.0010276384592418524
ud23,block_pair,DIODORUS,HOMERIC_TRADITION,88,VERB:advcl,1.3934237944894859e-05
ud23,block_pair,DIODORUS,HOMERIC_TRADITION,89,VERB:appos,4.12641937134618e-06
ud23,block_pair,DIODORUS,HOMERIC_TRADITION,90,VERB:case,6.470469510645972e-06
ud23,block_pair,DIODORUS,HOMERIC_TRADITION,91,VERB:ccomp,0.00018960344340304257
ud23,block_pair,DIODORUS,HOMERIC_TRADITION,92,VERB:conj,0.00047474820866366457
ud23,block_pair,DIODORUS,HOMERIC_TRADITION,93,VERB:csubj,0.0004576092160983548
ud23,block_pair,DIODORUS,HOMERIC_TRADITION,94,VERB:nmod,0.0018230627107618325
ud23,block_pair,DIODORUS,HOMERIC_TRADITION,95,VERB:nsubj,0.0009823581771258895
ud23,block_pair,DIODORUS,HOMERIC_TRADITION,96,VERB:obl,0.0006949718418664388
ud23,block_pair,DIODORUS,HOMERIC_TRADITION,97,VERB:parataxis,2.746865310068584e-05
ud23,block_pair,DIODORUS,HOMERIC_TRADITION,98,VERB:root,0.003994489650308906
ud23,block_pair,DIODORUS,HOMERIC_TRADITION,99,VERB:xcomp,0.0005530079813255281
ud23,block_pair,DIODORUS,PLUTARCH,0,ADJ:advcl,0.00011832443125819311
ud23,block_pair,DIODORUS,PLUTARCH,1,ADJ:advmod,4.9924652848089626e-05
ud23,block_pair,DIODORUS,PLUTARCH,2,ADJ:amod,2.0166909312310409e-07
ud23,block_pair,DIODORUS,PLUTARCH,3,ADJ:appos,2.239867300291834e-06
ud23,block_pair,DIODORUS,PLUTARCH,4,ADJ:conj,0.0008713538657189872
ud23,block_pair,DIODORUS,PLUTARCH,5,ADJ:iobj,0.00020025242520078945
ud23,block_pair,DIODORUS,PLUTARCH,6,ADJ:nmod,0.0007495684218384209
ud23,block_pair,DIODORUS,PLUTARCH,7,ADJ:nsubj,6.572143127197042e-05
ud23,block_pair,DIODORUS,PLUTARCH,8,ADJ:obj,9.661658402910665e-05
ud23,block_pair,DIODORUS,PLUTARCH,9,ADJ:obl,6.273974072690643e-06
ud23,block_pair,DIODORUS,PLUTARCH,10,ADJ:parataxis,3.600436269279204e-05
ud23,block_pair,DIODORUS,PLUTARCH,11,ADJ:root,0.0007866741200533667
ud23,block_pair,DIODORUS,PLUTARCH,12,ADJ:xcomp,5.907474395308826e-06
ud23,block_pair,DIODORUS,PLUTARCH,13,ADP:advcl,2.239867300291834e-06
ud23,block_pair,DIODORUS,PLUTARCH,14,ADP:case,0.0015494602956579624
ud23,block_pair,DIODORUS,PLUTARCH,15,ADP:cc,2.239867300291834e-06
ud23,block_pair,DIODORUS,PLUTARCH,16,ADP:conj,2.239867300291834e-06
ud23,block_pair,DIODORUS,PLUTARCH,17,ADP:mark,1.0779787366046609e-05
ud23,block_pair,DIODORUS,PLUTARCH,18,ADP:nmod,2.239867300291834e-06
ud23,block_pair,DIODORUS,PLUTARCH,19,ADP:nsubj,2.239867300291834e-06
ud23,block_pair,DIODORUS,PLUTARCH,20,ADP:obj,2.239867300291834e-06
ud23,block_pair,DIODORUS,PLUTARCH,21,ADP:root,2.239867300291834e-06
ud23,block_pair,DIODORUS,PLUTARCH,22,ADV_PART:acl,2.239867300291834e-06
ud23,block_pair,DIODORUS,PLUTARCH,23,ADV_PART:advcl,3.600436269279204e-05
ud23,block_pair,DIODORUS,PLUTARCH,24,ADV_PART:advmod,0.0013250057134374538
ud23,block_pair,DIODORUS,PLUTARCH,25,ADV_PART:case,2.239867300291834e-06
ud23,block_pair,DIODORUS,PLUTARCH,26,ADV_PART:cc,2.3754991465188996e-08
ud23,block_pair,DIODORUS,PLUTARCH,27,ADV_PART:conj,0.0006459119302665287
ud23,block_pair,DIODORUS,PLUTARCH,28,ADV_PART:mark,2.239867300291834e-06
ud23,block_pair,DIODORUS,PLUTARCH,29,ADV_PART:nmod,0.00042678454497080875
ud23,block_pair,DIODORUS,PLUTARCH,30,ADV_PART:nsubj,3.600436269279204e-05
ud23,block_pair,DIODORUS,PLUTARCH,31,ADV_PART:obj,2.239867300291834e-06
ud23,block_pair,DIODORUS,PLUTARCH,32,ADV_PART:obl,2.239867300291834e-06
ud23,block_pair,DIODORUS,PLUTARCH,33,ADV_PART:root,2.239867300291834e-06
ud23,block_pair,DIODORUS,PLUTARCH,34,ADV_PART:xcomp,4.1809784715041945e-06
ud23,block_pair,DIODORUS,PLUTARCH,35,AUX:aux,2.239867300291834e-06
ud23,block_pair,DIODORUS,PLUTARCH,36,AUX:conj,2.239867300291834e-06
ud23,block_pair,DIODORUS,PLUTARCH,37,AUX:cop,0.0010181097645801176
ud23,block_pair,DIODORUS,PLUTARCH,38,CCONJ:advmod,3.2938292345921365e-05
ud23,block_pair,DIODORUS,PLUTARCH,39,CCONJ:case,2.3754991465188996e-08
ud23,block_pair,DIODORUS,PLUTARCH,40,CCONJ:cc,0.00044657421966953466
ud23,block_pair,DIODORUS,PLUTARCH,41,CCONJ:conj,2.239867300291834e-06
ud23,block_pair,DIODORUS,PLUTARCH,42,CCONJ:mark,3.8377427135488385e-05
ud23,block_pair,DIODORUS,PLUTARCH,43,CCONJ:nmod,4.1809784715041945e-06
ud23,block_pair,DIODORUS,PLUTARCH,44,CCONJ:obj,2.239867300291834e-06
ud23,block_pair,DIODORUS,PLUTARCH,45,CCONJ:obl,2.239867300291834e-06
ud23,block_pair,DIODORUS,PLUTARCH,46,DET:advmod,6.719601900875473e-06
ud23,block_pair,DIODORUS,PLUTARCH,47,DET:det,0.0021492697521713674
ud23,block_pair,DIODORUS,PLUTARCH,48,DET:root,2.239867300291834e-06
ud23,block_pair,DIODORUS,PLUTARCH,49,DET:xcomp,2.239867300291834e-06
ud23,block_pair,DIODORUS,PLUTARCH,50,NOUN:acl,4.761653726084528e-05
ud23,block_pair,DIODORUS,PLUTARCH,51,NOUN:advcl,0.00020025242520078945
ud23,block_pair,DIODORUS,PLUTARCH,52,NOUN:appos,5.186965455134737e-06
ud23,block_pair,DIODORUS,PLUTARCH,53,NOUN:case,4.1809784715041945e-06
ud23,block_pair,DIODORUS,PLUTARCH,54,NOUN:conj,0.00023453331475177942
ud23,block_pair,DIODORUS,PLUTARCH,55,NOUN:iobj,6.006063158252588e-05
ud23,block_pair,DIODORUS,PLUTARCH,56,NOUN:nmod,0.0010952790724921965
ud23,block_pair,DIODORUS,PLUTARCH,57,NOUN:nsubj,3.339583393238276e-06
ud23,block_pair,DIODORUS,PLUTARCH,58,NOUN:obj,8.107293281102738e-05
ud23,block_pair,DIODORUS,PLUTARCH,59,NOUN:obl,0.0013132689619197394
ud23,block_pair,DIODORUS,PLUTARCH,60,NOUN:root,0.00013226331600050417
ud23,block_pair,DIODORUS,PLUTARCH,61,NOUN:xcomp,0.000329769392604977
ud23,block_pair,DIODORUS,PLUTARCH,62,NUM:advcl,3.600436269279204e-05
ud23,block_pair,DIODORUS,PLUTARCH,63,NUM:conj,8.077180419933721e-05
ud23,block_pair,DIODORUS,PLUTARCH,64,NUM:nsubj,3.600436269279204e-05
ud23,block_pair,DIODORUS,PLUTARCH,65,NUM:nummod,0.0008209733705862456
ud23,block_pair,DIODORUS,PLUTARCH,66,NUM:obj,2.239867300291834e-06
ud23,block_pair,DIODORUS,PLUTARCH,67,NUM:obl,3.600436269279204e-05
ud23,block_pair,DIODORUS,PLUTARCH,68,NUM:root,2.239867300291834e-06
ud23,block_pair,DIODORUS,PLUTARCH,69,NUM:xcomp,2.239867300291834e-06
ud23,block_pair,DIODORUS,PLUTARCH,70,PRON:acl,6.719601900875473e-06
ud23,block_pair,DIODORUS,PLUTARCH,71,PRON:advcl,3.600436269279204e-05
ud23,block_pair,DIODORUS,PLUTARCH,72,PRON:appos,2.239867300291834e-06
ud23,block_pair,DIODORUS,PLUTARCH,73,PRON:conj,7.143294909759865e-05
ud23,block_pair,DIODORUS,PLUTARCH,74,PRON:iobj,0.0001515108425680276
ud23,block_pair,DIODORUS,PLUTARCH,75,PRON:nmod,0.00012193294286095896
ud23,block_pair,DIODORUS,PLUTARCH,76,PRON:nsubj,0.00010990859781778695
ud23,block_pair,DIODORUS,PLUTARCH,77,PRON:obj,0.0008711146466055951
ud23,block_pair,DIODORUS,PLUTARCH,78,PRON:obl,1.2626732837908776e-06
ud23,block_pair,DIODORUS,PLUTARCH,79,PRON:parataxis,2.239867300291834e-06
ud23,block_pair,DIODORUS,PLUTARCH,80,PRON:root,4.1419237985182726e-05
ud23,block_pair,DIODORUS,PLUTARCH,81,PRON:xcomp,0.0003077589874852816
ud23,block_pair,DIODORUS,PLUTARCH,82,SCONJ:case,1.1199336501459156e-05
ud23,block_pair,DIODORUS,PLUTARCH,83,SCONJ:cc,2.239867300291834e-06
ud23,block_pair,DIODORUS,PLUTARCH,84,SCONJ:mark,0.0011767287320375683
ud23,block_pair,DIODORUS,PLUTARCH,85,SCONJ:nmod,2.239867300291834e-06
ud23,block_pair,DIODORUS,PLUTARCH,86,SCONJ:xcomp,2.239867300291834e-06
ud23,block_pair,DIODORUS,PLUTARCH,87,VERB:acl,0.0002721031158744446
ud23,block_pair,DIODORUS,PLUTARCH,88,VERB:advcl,7.680192274924663e-05
ud23,block_pair,DIODORUS,PLUTARCH,89,VERB:appos,5.125411472559353e-07
ud23,block_pair,DIODORUS,PLUTARCH,90,VERB:case,2.239867300291834e-06
ud23,block_pair,DIODORUS,PLUTARCH,91,VERB:ccomp,0.0007094913132609764
ud23,block_pair,DIODORUS,PLUTARCH,92,VERB:conj,3.9556363778217075e-07
ud23,block_pair,DIODORUS,PLUTARCH,93,VERB:csubj,0.0002230145527901793
ud23,block_pair,DIODORUS,PLUTARCH,94,VERB:nmod,1.6609356399891373e-05
ud23,block_pair,DIODORUS,PLUTARCH,95,VERB:nsubj,4.2287487109578974e-05
ud23,block_pair,DIODORUS,PLUTARCH,96,VERB:obl,4.4973176014005255e-05
ud23,block_pair,DIODORUS,PLUTARCH,97,VERB:parataxis,4.1809784715041945e-06
ud23,block_pair,DIODORUS,PLUTARCH,98,VERB:root,7.825577110616173e-05
ud23,block_pair,DIODORUS,PLUTARCH,99,VERB:xcomp,2.9950806474719576e-06
ud23,block_pair,DIODORUS,THUCYDIDES,0,ADJ:advcl,0.0002328946270919549
ud23,block_pair,DIODORUS,THUCYDIDES,1,ADJ:advmod,0.0009353856473999817
ud23,block_pair,DIODORUS,THUCYDIDES,2,ADJ:amod,6.922599278119735e-07
ud23,block_pair,DIODORUS,THUCYDIDES,3,ADJ:appos,0.00016820429247823752
ud23,block_pair,DIODORUS,THUCYDIDES,4,ADJ:conj,0.00043573849441757
ud23,block_pair,DIODORUS,THUCYDIDES,5,ADJ:iobj,2.8386520118249416e-05
ud23,block_pair,DIODORUS,THUCYDIDES,6,ADJ:nmod,0.0007219734462063547
ud23,block_pair,DIODORUS,THUCYDIDES,7,ADJ:nsubj,8.531627799425467e-05
ud23,block_pair,DIODORUS,THUCYDIDES,8,ADJ:obj,3.9848171884066864e-05
ud23,block_pair,DIODORUS,THUCYDIDES,9,ADJ:obl,0.0004650306906120885
ud23,block_pair,DIODORUS,THUCYDIDES,10,ADJ:parataxis,1.7945822264846988e-06
ud23,block_pair,DIODORUS,THUCYDIDES,11,ADJ:root,0.0002938839121394501
ud23,block_pair,DIODORUS,THUCYDIDES,12,ADJ:xcomp,4.595708494778926e-05
ud23,block_pair,DIODORUS,THUCYDIDES,13,ADP:advcl,1.7945822264846988e-06
ud23,block_pair,DIODORUS,THUCYDIDES,14,ADP:case,0.0004317392073691414
ud23,block_pair,DIODORUS,THUCYDIDES,15,ADP:cc,1.7945822264846988e-06
ud23,block_pair,DIODORUS,THUCYDIDES,16,ADP:conj,1.7945822264846988e-06
ud23,block_pair,DIODORUS,THUCYDIDES,17,ADP:mark,0.00011840374790994502
ud23,block_pair,DIODORUS,THUCYDIDES,18,ADP:nmod,0.00012069025691837997
ud23,block_pair,DIODORUS,THUCYDIDES,19,ADP:nsubj,1.7945822264846988e-06
ud23,block_pair,DIODORUS,THUCYDIDES,20,ADP:obj,3.295925227652354e-05
ud23,block_pair,DIODORUS,THUCYDIDES,21,ADP:root,1.7945822264846988e-06
ud23,block_pair,DIODORUS,THUCYDIDES,22,ADV_PART:acl,1.7945822264846988e-06
ud23,block_pair,DIODORUS,THUCYDIDES,23,ADV_PART:advcl,1.7945822264846988e-06
ud23,block_pair,DIODORUS,THUCYDIDES,24,ADV_PART:advmod,0.0030087261589752876
ud23,block_pair,DIODORUS,THUCYDIDES,25,ADV_PART:case,1.7945822264846988e-06
ud23,block_pair,DIODORUS,THUCYDIDES,26,ADV_PART:cc,8.972911132423498e-06
ud23,block_pair,DIODORUS,THUCYDIDES,27,ADV_PART:conj,0.00012681292749329128
ud23,block_pair,DIODORUS,THUCYDIDES,28,ADV_PART:mark,1.7945822264846988e-06
ud23,block_pair,DIODORUS,THUCYDIDES,29,ADV_PART:nmod,0.0006303633069405611
ud23,block_pair,DIODORUS,THUCYDIDES,30,ADV_PART:nsubj,3.295925227652354e-05
ud23,block_pair,DIODORUS,THUCYDIDES,31,ADV_PART:obj,7.501370368387863e-05
ud23,block_pair,DIODORUS,THUCYDIDES,32,ADV_PART:obl,3.295925227652354e-05
ud23,block_pair,DIODORUS,THUCYDIDES,33,ADV_PART:root,3.295925227652354e-05
ud23,block_pair,DIODORUS,THUCYDIDES,34,ADV_PART:xcomp,5.383746679454099e-06
ud23,block_pair,DIODORUS,THUCYDIDES,35,AUX:aux,1.7945822264846988e-06
ud23,block_pair,DIODORUS,THUCYDIDES,36,AUX:conj,1.7945822264846988e-06
ud23,block_pair,DIODORUS,THUCYDIDES,37,AUX:cop,0.0013259384797599666
ud23,block_pair,DIODORUS,THUCYDIDES,38,CCONJ:advmod,5.383746679454099e-06
ud23,block_pair,DIODORUS,THUCYDIDES,39,CCONJ:case,2.1141229574991473e-05
ud23,block_pair,DIODORUS,THUCYDIDES,40,CCONJ:cc,9.93708674638515e-05
ud23,block_pair,DIODORUS,THUCYDIDES,41,CCONJ:conj,1.7945822264846988e-06
ud23,block_pair,DIODORUS,THUCYDIDES,42,CCONJ:mark,0.000597343728242566
ud23,block_pair,DIODORUS,THUCYDIDES,43,CCONJ:nmod,4.844840984938665e-06
ud23,block_pair,DIODORUS,THUCYDIDES,44,CCONJ:obj,1.7945822264846988e-06
ud23,block_pair,DIODORUS,THUCYDIDES,45,CCONJ:obl,1.7945822264846988e-06
ud23,block_pair,DIODORUS,THUCYDIDES,46,DET:advmod,5.383746679454099e-06
ud23,block_pair,DIODORUS,THUCYDIDES,47,DET:det,0.004128762071145278
ud23,block_pair,DIODORUS,THUCYDIDES,48,DET:root,1.7945822264846988e-06
ud23,block_pair,DIODORUS,THUCYDIDES,49,DET:xcomp,1.7945822264846988e-06
ud23,block_pair,DIODORUS,THUCYDIDES,50,NOUN:acl,5.2038599997314275e-05
ud23,block_pair,DIODORUS,THUCYDIDES,51,NOUN:advcl,3.864689870193822e-05
ud23,block_pair,DIODORUS,THUCYDIDES,52,NOUN:appos,1.2530318622919976e-05
ud23,block_pair,DIODORUS,THUCYDIDES,53,NOUN:case,4.844840984938665e-06
ud23,block_pair,DIODORUS,THUCYDIDES,54,NOUN:conj,8.717665164539206e-05
ud23,block_pair,DIODORUS,THUCYDIDES,55,NOUN:iobj,5.013157154757606e-05
ud23,block_pair,DIODORUS,THUCYDIDES,56,NOUN:nmod,0.000535669073090622
ud23,block_pair,DIODORUS,THUCYDIDES,57,NOUN:nsubj,0.00024222157993573521
ud23,block_pair,DIODORUS,THUCYDIDES,58,NOUN:obj,0.0008752046648606432
ud23,block_pair,DIODORUS,THUCYDIDES,59,NOUN:obl,0.0011775903870268594
ud23,block_pair,DIODORUS,THUCYDIDES,60,NOUN:root,0.0002788775790849987
ud23,block_pair,DIODORUS,THUCYDIDES,61,NOUN:xcomp,9.734078071458666e-07
ud23,block_pair,DIODORUS,THUCYDIDES,62,NUM:advcl,1.7945822264846988e-06
ud23,block_pair,DIODORUS,THUCYDIDES,63,NUM:conj,1.7945822264846988e-06
ud23,block_pair,DIODORUS,THUCYDIDES,64,NUM:nsubj,1.7945822264846988e-06
ud23,block_pair,DIODORUS,THUCYDIDES,65,NUM:nummod,1.7945822264846988e-06
ud23,block_pair,DIODORUS,THUCYDIDES,66,NUM:obj,1.7945822264846988e-06
ud23,block_pair,DIODORUS,THUCYDIDES,67,NUM:obl,1.7945822264846988e-06
ud23,block_pair,DIODORUS,THUCYDIDES,68,NUM:root,1.7945822264846988e-06
ud23,block_pair,DIODORUS,THUCYDIDES,69,NUM:xcomp,1.7945822264846988e-06
ud23,block_pair,DIODORUS,THUCYDIDES,70,PRON:acl,4.844840984938665e-06
ud23,block_pair,DIODORUS,THUCYDIDES,71,PRON:advcl,3.295925227652354e-05
ud23,block_pair,DIODORUS,THUCYDIDES,72,PRON:appos,3.295925227652354e-05
ud23,block_pair,DIODORUS,THUCYDIDES,73,PRON:conj,0.00011654872740213376
ud23,block_pair,DIODORUS,THUCYDIDES,74,PRON:iobj,4.848049880361484e-05
ud23,block_pair,DIODORUS,THUCYDIDES,75,PRON:nmod,0.0007331506399826295
ud23,block_pair,DIODORUS,THUCYDIDES,76,PRON:nsubj,0.0006580496328750605
ud23,block_pair,DIODORUS,THUCYDIDES,77,PRON:obj,0.0025643489059944857
ud23,block_pair,DIODORUS,THUCYDIDES,78,PRON:obl,0.0003479157909118359
ud23,block_pair,DIODORUS,THUCYDIDES,79,PRON:parataxis,1.7945822264846988e-06
ud23,block_pair,DIODORUS,THUCYDIDES,80,PRON:root,1.3210760839280308e-05
ud23,block_pair,DIODORUS,THUCYDIDES,81,PRON:xcomp,4.189176536558693e-05
ud23,block_pair,DIODORUS,THUCYDIDES,82,SCONJ:case,2.1141229574991473e-05
ud23,block_pair,DIODORUS,THUCYDIDES,83,SCONJ:cc,1.7945822264846988e-06
ud23,block_pair,DIODORUS,THUCYDIDES,84,SCONJ:mark,0.001663267558650457
ud23,block_pair,DIODORUS,THUCYDIDES,85,SCONJ:nmod,1.7945822264846988e-06
ud23,block_pair,DIODORUS,THUCYDIDES,86,SCONJ:xcomp,1.7945822264846988e-06
ud23,block_pair,DIODORUS,THUCYDIDES,87,VERB:acl,0.0012043132085363486
ud23,block_pair,DIODORUS,THUCYDIDES,88,VERB:advcl,2.5325262265445125e-06
ud23,block_pair,DIODORUS,THUCYDIDES,89,VERB:appos,6.2007528333723645e-06
ud23,block_pair,DIODORUS,THUCYDIDES,90,VERB:case,1.7945822264846988e-06
ud23,block_pair,DIODORUS,THUCYDIDES,91,VERB:ccomp,4.6443154521421336e-05
ud23,block_pair,DIODORUS,THUCYDIDES,92,VERB:conj,3.989241744271389e-06
ud23,block_pair,DIODORUS,THUCYDIDES,93,VERB:csubj,0.00021555681544604467
ud23,block_pair,DIODORUS,THUCYDIDES,94,VERB:nmod,0.00033429041457845175
ud23,block_pair,DIODORUS,THUCYDIDES,95,VERB:nsubj,6.530747867233708e-05
ud23,block_pair,DIODORUS,THUCYDIDES,96,VERB:obl,3.1517511947353464e-06
ud23,block_pair,DIODORUS,THUCYDIDES,97,VERB:parataxis,5.383746679454099e-06
ud23,block_pair,DIODORUS,THUCYDIDES,98,VERB:root,0.00013724122874550016
ud23,block_pair,DIODORUS,THUCYDIDES,99,VERB:xcomp,0.0002482314471450031
ud23,block_pair,HERODOTUS,HESIODIC_TRADITION,0,ADJ:advcl,9.865102105990626e-05
ud23,block_pair,HERODOTUS,HESIODIC_TRADITION,1,ADJ:advmod,0.0002464477986539174
ud23,block_pair,HERODOTUS,HESIODIC_TRADITION,2,ADJ:amod,0.00011526034575075838
ud23,block_pair,HERODOTUS,HESIODIC_TRADITION,3,ADJ:appos,2.453391184742255e-05
ud23,block_pair,HERODOTUS,HESIODIC_TRADITION,4,ADJ:conj,3.212076234301696e-05
ud23,block_pair,HERODOTUS,HESIODIC_TRADITION,5,ADJ:iobj,2.2524765919386497e-05
ud23,block_pair,HERODOTUS,HESIODIC_TRADITION,6,ADJ:nmod,0.008104967549550264
ud23,block_pair,HERODOTUS,HESIODIC_TRADITION,7,ADJ:nsubj,1.3849804631135479e-05
ud23,block_pair,HERODOTUS,HESIODIC_TRADITION,8,ADJ:obj,3.791585023020131e-08
ud23,block_pair,HERODOTUS,HESIODIC_TRADITION,9,ADJ:obl,7.165633238914601e-05
ud23,block_pair,HERODOTUS,HESIODIC_TRADITION,10,ADJ:parataxis,2.7259902052691775e-06
ud23,block_pair,HERODOTUS,HESIODIC_TRADITION,11,ADJ:root,0.00011487362173001072
ud23,block_pair,HERODOTUS,HESIODIC_TRADITION,12,ADJ:xcomp,0.00031663739320975104
ud23,block_pair,HERODOTUS,HESIODIC_TRADITION,13,ADP:advcl,2.7259902052691775e-06
ud23,block_pair,HERODOTUS,HESIODIC_TRADITION,14,ADP:case,2.731352972321576e-05
ud23,block_pair,HERODOTUS,HESIODIC_TRADITION,15,ADP:cc,2.7259902052691775e-06
ud23,block_pair,HERODOTUS,HESIODIC_TRADITION,16,ADP:conj,2.7259902052691775e-06
ud23,block_pair,HERODOTUS,HESIODIC_TRADITION,17,ADP:mark,3.650028284193882e-05
ud23,block_pair,HERODOTUS,HESIODIC_TRADITION,18,ADP:nmod,2.7259902052691775e-06
ud23,block_pair,HERODOTUS,HESIODIC_TRADITION,19,ADP:nsubj,2.7259902052691775e-06
ud23,block_pair,HERODOTUS,HESIODIC_TRADITION,20,ADP:obj,2.7259902052691775e-06
ud23,block_pair,HERODOTUS,HESIODIC_TRADITION,21,ADP:root,2.7259902052691775e-06
ud23,block_pair,HERODOTUS,HESIODIC_TRADITION,22,ADV_PART:acl,3.650028284193882e-05
ud23,block_pair,HERODOTUS,HESIODIC_TRADITION,23,ADV_PART:advcl,2.809236566290533e-06
ud23,block_pair,HERODOTUS,HESIODIC_TRADITION,24,ADV_PART:advmod,7.951564845233594e-07
ud23,block_pair,HERODOTUS,HESIODIC_TRADITION,25,ADV_PART:case,0.0002752518811071501
ud23,block_pair,HERODOTUS,HESIODIC_TRADITION,26,ADV_PART:cc,0.031047537266521548
ud23,block_pair,HERODOTUS,HESIODIC_TRADITION,27,ADV_PART:conj,0.00024042581383040037
ud23,block_pair,HERODOTUS,HESIODIC_TRADITION,28,ADV_PART:mark,0.00012702786897682923
ud23,block_pair,HERODOTUS,HESIODIC_TRADITION,29,ADV_PART:nmod,7.521183670731305e-08
ud23,block_pair,HERODOTUS,HESIODIC_TRADITION,30,ADV_PART:nsubj,1.5517974684851286e-05
ud23,block_pair,HERODOTUS,HESIODIC_TRADITION,31,ADV_PART:obj,0.0007467244368915568
ud23,block_pair,HERODOTUS,HESIODIC_TRADITION,32,ADV_PART:obl,0.00012702786897682923
ud23,block_pair,HERODOTUS,HESIODIC_TRADITION,33,ADV_PART:root,0.00012127060516364989
ud23,block_pair,HERODOTUS,HESIODIC_TRADITION,34,ADV_PART:xcomp,0.00014551158499690343
ud23,block_pair,HERODOTUS,HESIODIC_TRADITION,35,AUX:aux,2.7259902052691775e-06
ud23,block_pair,HERODOTUS,HESIODIC_TRADITION,36,AUX:conj,2.7259902052691775e-06
ud23,block_pair,HERODOTUS,HESIODIC_TRADITION,37,AUX:cop,0.0031037118234957346
ud23,block_pair,HERODOTUS,HESIODIC_TRADITION,38,CCONJ:advmod,0.004012007853717515
ud23,block_pair,HERODOTUS,HESIODIC_TRADITION,39,CCONJ:case,2.7259902052691775e-06
ud23,block_pair,HERODOTUS,HESIODIC_TRADITION,40,CCONJ:cc,0.00186075736966529
ud23,block_pair,HERODOTUS,HESIODIC_TRADITION,41,CCONJ:conj,2.7259902052691775e-06
ud23,block_pair,HERODOTUS,HESIODIC_TRADITION,42,CCONJ:mark,0.00027757685056954316
ud23,block_pair,HERODOTUS,HESIODIC_TRADITION,43,CCONJ:nmod,2.7259902052691775e-06
ud23,block_pair,HERODOTUS,HESIODIC_TRADITION,44,CCONJ:obj,2.7259902052691775e-06
ud23,block_pair,HERODOTUS,HESIODIC_TRADITION,45,CCONJ:obl,2.7259902052691775e-06
ud23,block_pair,HERODOTUS,HESIODIC_TRADITION,46,DET:advmod,9.764585487825826e-05
ud23,block_pair,HERODOTUS,HESIODIC_TRADITION,47,DET:det,0.049346179347233156
ud23,block_pair,HERODOTUS,HESIODIC_TRADITION,48,DET:root,2.7259902052691775e-06
ud23,block_pair,HERODOTUS,HESIODIC_TRADITION,49,DET:xcomp,2.7259902052691775e-06
ud23,block_pair,HERODOTUS,HESIODIC_TRADITION,50,NOUN:acl,0.00023121713552602422
ud23,block_pair,HERODOTUS,HESIODIC_TRADITION,51,NOUN:advcl,9.90930580825818e-05
ud23,block_pair,HERODOTUS,HESIODIC_TRADITION,52,NOUN:appos,0.003367614935685693
ud23,block_pair,HERODOTUS,HESIODIC_TRADITION,53,NOUN:case,2.7259902052691775e-06
ud23,block_pair,HERODOTUS,HESIODIC_TRADITION,54,NOUN:conj,0.0061047100894712995
ud23,block_pair,HERODOTUS,HESIODIC_TRADITION,55,NOUN:iobj,6.959559233660846e-05
ud23,block_pair,HERODOTUS,HESIODIC_TRADITION,56,NOUN:nmod,0.0005076749732845329
ud23,block_pair,HERODOTUS,HESIODIC_TRADITION,57,NOUN:nsubj,2.372530818499992e-06
ud23,block_pair,HERODOTUS,HESIODIC_TRADITION,58,NOUN:obj,0.0022270035327533032
ud23,block_pair,HERODOTUS,HESIODIC_TRADITION,59,NOUN:obl,0.00019581728310663106
ud23,block_pair,HERODOTUS,HESIODIC_TRADITION,60,NOUN:root,9.2894344326273e-05
ud23,block_pair,HERODOTUS,HESIODIC_TRADITION,61,NOUN:xcomp,0.0005592887468896048
ud23,block_pair,HERODOTUS,HESIODIC_TRADITION,62,NUM:advcl,2.7259902052691775e-06
ud23,block_pair,HERODOTUS,HESIODIC_TRADITION,63,NUM:conj,7.482986803572292e-05
ud23,block_pair,HERODOTUS,HESIODIC_TRADITION,64,NUM:nsubj,2.7259902052691775e-06
ud23,block_pair,HERODOTUS,HESIODIC_TRADITION,65,NUM:nummod,4.879449757758385e-06
ud23,block_pair,HERODOTUS,HESIODIC_TRADITION,66,NUM:obj,2.7259902052691775e-06
ud23,block_pair,HERODOTUS,HESIODIC_TRADITION,67,NUM:obl,2.7259902052691775e-06
ud23,block_pair,HERODOTUS,HESIODIC_TRADITION,68,NUM:root,2.7259902052691775e-06
ud23,block_pair,HERODOTUS,HESIODIC_TRADITION,69,NUM:xcomp,2.7259902052691775e-06
ud23,block_pair,HERODOTUS,HESIODIC_TRADITION,70,PRON:acl,0.00014551158499690343
ud23,block_pair,HERODOTUS,HESIODIC_TRADITION,71,PRON:advcl,5.3122688546401404e-05
ud23,block_pair,HERODOTUS,HESIODIC_TRADITION,72,PRON:appos,3.283129790298262e-07
ud23,block_pair,HERODOTUS,HESIODIC_TRADITION,73,PRON:conj,0.00024476671947060494
ud23,block_pair,HERODOTUS,HESIODIC_TRADITION,74,PRON:iobj,0.00021336443218454711
ud23,block_pair,HERODOTUS,HESIODIC_TRADITION,75,PRON:nmod,0.00024728176181332924
ud23,block_pair,HERODOTUS,HESIODIC_TRADITION,76,PRON:nsubj,6.634437223190695e-06
ud23,block_pair,HERODOTUS,HESIODIC_TRADITION,77,PRON:obj,0.00171639002436329
ud23,block_pair,HERODOTUS,HESIODIC_TRADITION,78,PRON:obl,0.0018219251823190716
ud23,block_pair,HERODOTUS,HESIODIC_TRADITION,79,PRON:parataxis,2.7259902052691775e-06
ud23,block_pair,HERODOTUS,HESIODIC_TRADITION,80,PRON:root,0.00019535609026312872
ud23,block_pair,HERODOTUS,HESIODIC_TRADITION,81,PRON:xcomp,0.0006490461465861751
ud23,block_pair,HERODOTUS,HESIODIC_TRADITION,82,SCONJ:case,5.3122688546401404e-05
ud23,block_pair,HERODOTUS,HESIODIC_TRADITION,83,SCONJ:cc,2.7259902052691775e-06
ud23,block_pair,HERODOTUS,HESIODIC_TRADITION,84,SCONJ:mark,0.001120478206456878
ud23,block_pair,HERODOTUS,HESIODIC_TRADITION,85,SCONJ:nmod,2.7259902052691775e-06
ud23,block_pair,HERODOTUS,HESIODIC_TRADITION,86,SCONJ:xcomp,2.7259902052691775e-06
ud23,block_pair,HERODOTUS,HESIODIC_TRADITION,87,VERB:acl,6.446125884573394e-05
ud23,block_pair,HERODOTUS,HESIODIC_TRADITION,88,VERB:advcl,0.000681657525523011
ud23,block_pair,HERODOTUS,HESIODIC_TRADITION,89,VERB:appos,0.00015828339940521
ud23,block_pair,HERODOTUS,HESIODIC_TRADITION,90,VERB:case,2.7259902052691775e-06
ud23,block_pair,HERODOTUS,HESIODIC_TRADITION,91,VERB:ccomp,0.003977851747340375
ud23,block_pair,HERODOTUS,HESIODIC_TRADITION,92,VERB:conj,0.00012396443379977958
ud23,block_pair,HERODOTUS,HESIODIC_TRADITION,93,VERB:csubj,0.00035764253495681835
ud23,block_pair,HERODOTUS,HESIODIC_TRADITION,94,VERB:nmod,7.431420241627116e-05
ud23,block_pair,HERODOTUS,HESIODIC_TRADITION,95,VERB:nsubj,0.00044204360524417974
ud23,block_pair,HERODOTUS,HESIODIC_TRADITION,96,VERB:obl,9.369336643100766e-05
ud23,block_pair,HERODOTUS,HESIODIC_TRADITION,97,VERB:parataxis,6.948398053702863e-05
ud23,block_pair,HERODOTUS,HESIODIC_TRADITION,98,VERB:root,0.0010196169429233445
ud23,block_pair,HERODOTUS,HESIODIC_TRADITION,99,VERB:xcomp,0.0010615566886839315
ud23,block_pair,HERODOTUS,HOMERIC_TRADITION,0,ADJ:advcl,0.00010781498575987902
ud23,block_pair,HERODOTUS,HOMERIC_TRADITION,1,ADJ:advmod,5.296398360262356e-05
ud23,block_pair,HERODOTUS,HOMERIC_TRADITION,2,ADJ:amod,1.0847075344991232e-05
ud23,block_pair,HERODOTUS,HOMERIC_TRADITION,3,ADJ:appos,3.0243506614068345e-05
ud23,block_pair,HERODOTUS,HOMERIC_TRADITION,4,ADJ:conj,0.0002804369491025123
ud23,block_pair,HERODOTUS,HOMERIC_TRADITION,5,ADJ:iobj,3.153777102170387e-05
ud23,block_pair,HERODOTUS,HOMERIC_TRADITION,6,ADJ:nmod,0.003396257357112185
ud23,block_pair,HERODOTUS,HOMERIC_TRADITION,7,ADJ:nsubj,1.141972788813622e-06
ud23,block_pair,HERODOTUS,HOMERIC_TRADITION,8,ADJ:obj,1.1261537357740755e-05
ud23,block_pair,HERODOTUS,HOMERIC_TRADITION,9,ADJ:obl,3.8738539403322e-05
ud23,block_pair,HERODOTUS,HOMERIC_TRADITION,10,ADJ:parataxis,5.125525861648093e-06
ud23,block_pair,HERODOTUS,HOMERIC_TRADITION,11,ADJ:root,0.0001169272578175116
ud23,block_pair,HERODOTUS,HOMERIC_TRADITION,12,ADJ:xcomp,0.0007135919012257481
ud23,block_pair,HERODOTUS,HOMERIC_TRADITION,13,ADP:advcl,5.125525861648093e-06
ud23,block_pair,HERODOTUS,HOMERIC_TRADITION,14,ADP:case,2.369996780717356e-05
ud23,block_pair,HERODOTUS,HOMERIC_TRADITION,15,ADP:cc,5.125525861648093e-06
ud23,block_pair,HERODOTUS,HOMERIC_TRADITION,16,ADP:conj,5.125525861648093e-06
ud23,block_pair,HERODOTUS,HOMERIC_TRADITION,17,ADP:mark,2.26048199657243e-07
ud23,block_pair,HERODOTUS,HOMERIC_TRADITION,18,ADP:nmod,5.125525861648093e-06
ud23,block_pair,HERODOTUS,HOMERIC_TRADITION,19,ADP:nsubj,5.125525861648093e-06
ud23,block_pair,HERODOTUS,HOMERIC_TRADITION,20,ADP:obj,2.26048199657243e-07
ud23,block_pair,HERODOTUS,HOMERIC_TRADITION,21,ADP:root,5.125525861648093e-06
ud23,block_pair,HERODOTUS,HOMERIC_TRADITION,22,ADV_PART:acl,4.3372488467863753e-07
ud23,block_pair,HERODOTUS,HOMERIC_TRADITION,23,ADV_PART:advcl,8.058437233838812e-06
ud23,block_pair,HERODOTUS,HOMERIC_TRADITION,24,ADV_PART:advmod,0.0009713266282731312
ud23,block_pair,HERODOTUS,HOMERIC_TRADITION,25,ADV_PART:case,0.00010104635038262264
ud23,block_pair,HERODOTUS,HOMERIC_TRADITION,26,ADV_PART:cc,0.026762047563053365
ud23,block_pair,HERODOTUS,HOMERIC_TRADITION,27,ADV_PART:conj,5.9624166721714976e-05
ud23,block_pair,HERODOTUS,HOMERIC_TRADITION,28,ADV_PART:mark,9.492129587626679e-05
ud23,block_pair,HERODOTUS,HOMERIC_TRADITION,29,ADV_PART:nmod,3.321900475865321e-05
ud23,block_pair,HERODOTUS,HOMERIC_TRADITION,30,ADV_PART:nsubj,5.505084717384745e-05
ud23,block_pair,HERODOTUS,HOMERIC_TRADITION,31,ADV_PART:obj,0.0014320059969419737
ud23,block_pair,HERODOTUS,HOMERIC_TRADITION,32,ADV_PART:obl,1.2340570454897238e-05
ud23,block_pair,HERODOTUS,HOMERIC_TRADITION,33,ADV_PART:root,8.694936522315277e-05
ud23,block_pair,HERODOTUS,HOMERIC_TRADITION,34,ADV_PART:xcomp,0.00013471008264574432
ud23,block_pair,HERODOTUS,HOMERIC_TRADITION,35,AUX:aux,5.125525861648093e-06
ud23,block_pair,HERODOTUS,HOMERIC_TRADITION,36,AUX:conj,5.125525861648093e-06
ud23,block_pair,HERODOTUS,HOMERIC_TRADITION,37,AUX:cop,0.0026170498866957704
ud23,block_pair,HERODOTUS,HOMERIC_TRADITION,38,CCONJ:advmod,0.002089968513766088
ud23,block_pair,HERODOTUS,HOMERIC_TRADITION,39,CCONJ:case,5.125525861648093e-06
ud23,block_pair,HERODOTUS,HOMERIC_TRADITION,40,CCONJ:cc,0.0020059414773997194
ud23,block_pair,HERODOTUS,HOMERIC_TRADITION,41,CCONJ:conj,5.125525861648093e-06
ud23,block_pair,HERODOTUS,HOMERIC_TRADITION,42,CCONJ:mark,3.365570644123547e-07
ud23,block_pair,HERODOTUS,HOMERIC_TRADITION,43,CCONJ:nmod,5.125525861648093e-06
ud23,block_pair,HERODOTUS,HOMERIC_TRADITION,44,CCONJ:obj,5.125525861648093e-06
ud23,block_pair,HERODOTUS,HOMERIC_TRADITION,45,CCONJ:obl,5.125525861648093e-06
ud23,block_pair,HERODOTUS,HOMERIC_TRADITION,46,DET:advmod,0.00013845719569150015
ud23,block_pair,HERODOTUS,HOMERIC_TRADITION,47,DET:det,0.05012186946073483
ud23,block_pair,HERODOTUS,HOMERIC_TRADITION,48,DET:root,5.125525861648093e-06
ud23,block_pair,HERODOTUS,HOMERIC_TRADITION,49,DET:xcomp,5.125525861648093e-06
ud23,block_pair,HERODOTUS,HOMERIC_TRADITION,50,NOUN:acl,0.0002812020357760757
ud23,block_pair,HERODOTUS,HOMERIC_TRADITION,51,NOUN:advcl,2.9550009068376583e-05
ud23,block_pair,HERODOTUS,HOMERIC_TRADITION,52,NOUN:appos,3.2168965294981935e-06
ud23,block_pair,HERODOTUS,HOMERIC_TRADITION,53,NOUN:case,4.3372488467863753e-07
ud23,block_pair,HERODOTUS,HOMERIC_TRADITION,54,NOUN:conj,0.00017449364508299566
ud23,block_pair,HERODOTUS,HOMERIC_TRADITION,55,NOUN:iobj,0.00010377043837102345
ud23,block_pair,HERODOTUS,HOMERIC_TRADITION,56,NOUN:nmod,3.253784726728456e-05
ud23,block_pair,HERODOTUS,HOMERIC_TRADITION,57,NOUN:nsubj,3.1797640827036476e-05
ud23,block_pair,HERODOTUS,HOMERIC_TRADITION,58,NOUN:obj,0.0016922478760946916
ud23,block_pair,HERODOTUS,HOMERIC_TRADITION,59,NOUN:obl,6.142961114116068e-05
ud23,block_pair,HERODOTUS,HOMERIC_TRADITION,60,NOUN:root,0.00028444264298151106
ud23,block_pair,HERODOTUS,HOMERIC_TRADITION,61,NOUN:xcomp,0.0008251213106854804
ud23,block_pair,HERODOTUS,HOMERIC_TRADITION,62,NUM:advcl,4.3372488467863753e-07
ud23,block_pair,HERODOTUS,HOMERIC_TRADITION,63,NUM:conj,7.886298155882295e-05
ud23,block_pair,HERODOTUS,HOMERIC_TRADITION,64,NUM:nsubj,2.26048199657243e-07
ud23,block_pair,HERODOTUS,HOMERIC_TRADITION,65,NUM:nummod,9.144115233578054e-05
ud23,block_pair,HERODOTUS,HOMERIC_TRADITION,66,NUM:obj,2.26048199657243e-07
ud23,block_pair,HERODOTUS,HOMERIC_TRADITION,67,NUM:obl,4.3372488467863753e-07
ud23,block_pair,HERODOTUS,HOMERIC_TRADITION,68,NUM:root,4.3372488467863753e-07
ud23,block_pair,HERODOTUS,HOMERIC_TRADITION,69,NUM:xcomp,4.3372488467863753e-07
ud23,block_pair,HERODOTUS,HOMERIC_TRADITION,70,PRON:acl,0.00016948396971417008
ud23,block_pair,HERODOTUS,HOMERIC_TRADITION,71,PRON:advcl,8.623483273924348e-05
ud23,block_pair,HERODOTUS,HOMERIC_TRADITION,72,PRON:appos,4.2925446396952944e-06
ud23,block_pair,HERODOTUS,HOMERIC_TRADITION,73,PRON:conj,0.00020214513973252317
ud23,block_pair,HERODOTUS,HOMERIC_TRADITION,74,PRON:iobj,7.715528437433281e-05
ud23,block_pair,HERODOTUS,HOMERIC_TRADITION,75,PRON:nmod,0.00010260519970673669
ud23,block_pair,HERODOTUS,HOMERIC_TRADITION,76,PRON:nsubj,0.0003934592313421261
ud23,block_pair,HERODOTUS,HOMERIC_TRADITION,77,PRON:obj,0.0001508232443584714
ud23,block_pair,HERODOTUS,HOMERIC_TRADITION,78,PRON:obl,0.00035567587491458844
ud23,block_pair,HERODOTUS,HOMERIC_TRADITION,79,PRON:parataxis,5.125525861648093e-06
ud23,block_pair,HERODOTUS,HOMERIC_TRADITION,80,PRON:root,0.00012830374737306488
ud23,block_pair,HERODOTUS,HOMERIC_TRADITION,81,PRON:xcomp,0.0006577892715766709
ud23,block_pair,HERODOTUS,HOMERIC_TRADITION,82,SCONJ:case,0.0001097579107181963
ud23,block_pair,HERODOTUS,HOMERIC_TRADITION,83,SCONJ:cc,6.500048454413533e-05
ud23,block_pair,HERODOTUS,HOMERIC_TRADITION,84,SCONJ:mark,0.00042545065705584285
ud23,block_pair,HERODOTUS,HOMERIC_TRADITION,85,SCONJ:nmod,5.125525861648093e-06
ud23,block_pair,HERODOTUS,HOMERIC_TRADITION,86,SCONJ:xcomp,5.125525861648093e-06
ud23,block_pair,HERODOTUS,HOMERIC_TRADITION,87,VERB:acl,1.6785234662199512e-05
ud23,block_pair,HERODOTUS,HOMERIC_TRADITION,88,VERB:advcl,0.00029495321066348506
ud23,block_pair,HERODOTUS,HOMERIC_TRADITION,89,VERB:appos,0.00021984132118831637
ud23,block_pair,HERODOTUS,HOMERIC_TRADITION,90,VERB:case,5.125525861648093e-06
ud23,block_pair,HERODOTUS,HOMERIC_TRADITION,91,VERB:ccomp,0.001727559247418584
ud23,block_pair,HERODOTUS,HOMERIC_TRADITION,92,VERB:conj,0.0011042500195495636
ud23,block_pair,HERODOTUS,HOMERIC_TRADITION,93,VERB:csubj,0.00051302684335058
ud23,block_pair,HERODOTUS,HOMERIC_TRADITION,94,VERB:nmod,0.0006623077404595812
ud23,block_pair,HERODOTUS,HOMERIC_TRADITION,95,VERB:nsubj,0.0006863649380209208
ud23,block_pair,HERODOTUS,HOMERIC_TRADITION,96,VERB:obl,0.0003021644492947825
ud23,block_pair,HERODOTUS,HOMERIC_TRADITION,97,VERB:parataxis,1.2173758626780393e-05
ud23,block_pair,HERODOTUS,HOMERIC_TRADITION,98,VERB:root,0.0018984672956570744
ud23,block_pair,HERODOTUS,HOMERIC_TRADITION,99,VERB:xcomp,3.7888233571913303e-06
ud23,block_pair,HERODOTUS,PLUTARCH,0,ADJ:advcl,1.939336708744575e-06
ud23,block_pair,HERODOTUS,PLUTARCH,1,ADJ:advmod,7.385734659768727e-07
ud23,block_pair,HERODOTUS,PLUTARCH,2,ADJ:amod,4.038322151888164e-06
ud23,block_pair,HERODOTUS,PLUTARCH,3,ADJ:appos,5.130874937863751e-05
ud23,block_pair,HERODOTUS,PLUTARCH,4,ADJ:conj,0.00029020000705980284
ud23,block_pair,HERODOTUS,PLUTARCH,5,ADJ:iobj,0.00016036742751574954
ud23,block_pair,HERODOTUS,PLUTARCH,6,ADJ:nmod,0.0007647962676952868
ud23,block_pair,HERODOTUS,PLUTARCH,7,ADJ:nsubj,1.4593383178536454e-05
ud23,block_pair,HERODOTUS,PLUTARCH,8,ADJ:obj,2.8475709951251787e-05
ud23,block_pair,HERODOTUS,PLUTARCH,9,ADJ:obl,2.5657428535218435e-05
ud23,block_pair,HERODOTUS,PLUTARCH,10,ADJ:parataxis,3.924586425765439e-05
ud23,block_pair,HERODOTUS,PLUTARCH,11,ADJ:root,4.407498628080698e-05
ud23,block_pair,HERODOTUS,PLUTARCH,12,ADJ:xcomp,9.96959079068207e-05
ud23,block_pair,HERODOTUS,PLUTARCH,13,ADP:advcl,3.1915159086013895e-06
ud23,block_pair,HERODOTUS,PLUTARCH,14,ADP:case,3.585310466704757e-05
ud23,block_pair,HERODOTUS,PLUTARCH,15,ADP:cc,3.1915159086013895e-06
ud23,block_pair,HERODOTUS,PLUTARCH,16,ADP:conj,3.1915159086013895e-06
ud23,block_pair,HERODOTUS,PLUTARCH,17,ADP:mark,8.524774119105812e-05
ud23,block_pair,HERODOTUS,PLUTARCH,18,ADP:nmod,3.1915159086013895e-06
ud23,block_pair,HERODOTUS,PLUTARCH,19,ADP:nsubj,3.1915159086013895e-06
ud23,block_pair,HERODOTUS,PLUTARCH,20,ADP:obj,3.1915159086013895e-06
ud23,block_pair,HERODOTUS,PLUTARCH,21,ADP:root,3.1915159086013895e-06
ud23,block_pair,HERODOTUS,PLUTARCH,22,ADV_PART:acl,3.1915159086013895e-06
ud23,block_pair,HERODOTUS,PLUTARCH,23,ADV_PART:advcl,9.574547725804196e-06
ud23,block_pair,HERODOTUS,PLUTARCH,24,ADV_PART:advmod,2.9090704105320985e-05
ud23,block_pair,HERODOTUS,PLUTARCH,25,ADV_PART:case,3.1915159086013895e-06
ud23,block_pair,HERODOTUS,PLUTARCH,26,ADV_PART:cc,9.574547725804196e-06
ud23,block_pair,HERODOTUS,PLUTARCH,27,ADV_PART:conj,0.0007643145858091067
ud23,block_pair,HERODOTUS,PLUTARCH,28,ADV_PART:mark,3.1915159086013895e-06
ud23,block_pair,HERODOTUS,PLUTARCH,29,ADV_PART:nmod,0.00030607042002153706
ud23,block_pair,HERODOTUS,PLUTARCH,30,ADV_PART:nsubj,6.562549430007264e-07
ud23,block_pair,HERODOTUS,PLUTARCH,31,ADV_PART:obj,3.156608089221947e-05
ud23,block_pair,HERODOTUS,PLUTARCH,32,ADV_PART:obl,3.1915159086013895e-06
ud23,block_pair,HERODOTUS,PLUTARCH,33,ADV_PART:root,0.00011870161693751313
ud23,block_pair,HERODOTUS,PLUTARCH,34,ADV_PART:xcomp,0.00014275002629890584
ud23,block_pair,HERODOTUS,PLUTARCH,35,AUX:aux,3.1915159086013895e-06
ud23,block_pair,HERODOTUS,PLUTARCH,36,AUX:conj,3.1915159086013895e-06
ud23,block_pair,HERODOTUS,PLUTARCH,37,AUX:cop,0.0006921816968223208
ud23,block_pair,HERODOTUS,PLUTARCH,38,CCONJ:advmod,1.5957579543006992e-05
ud23,block_pair,HERODOTUS,PLUTARCH,39,CCONJ:case,3.924586425765439e-05
ud23,block_pair,HERODOTUS,PLUTARCH,40,CCONJ:cc,0.0008092380752631233
ud23,block_pair,HERODOTUS,PLUTARCH,41,CCONJ:conj,3.1915159086013895e-06
ud23,block_pair,HERODOTUS,PLUTARCH,42,CCONJ:mark,0.0004277762313467829
ud23,block_pair,HERODOTUS,PLUTARCH,43,CCONJ:nmod,3.1915159086013895e-06
ud23,block_pair,HERODOTUS,PLUTARCH,44,CCONJ:obj,3.1915159086013895e-06
ud23,block_pair,HERODOTUS,PLUTARCH,45,CCONJ:obl,3.1915159086013895e-06
ud23,block_pair,HERODOTUS,PLUTARCH,46,DET:advmod,2.9140608099617416e-05
ud23,block_pair,HERODOTUS,PLUTARCH,47,DET:det,0.00046301898810684975
ud23,block_pair,HERODOTUS,PLUTARCH,48,DET:root,3.1915159086013895e-06
ud23,block_pair,HERODOTUS,PLUTARCH,49,DET:xcomp,3.1915159086013895e-06
ud23,block_pair,HERODOTUS,PLUTARCH,50,NOUN:acl,0.00029855310928142984
ud23,block_pair,HERODOTUS,PLUTARCH,51,NOUN:advcl,9.069366596756699e-05
ud23,block_pair,HERODOTUS,PLUTARCH,52,NOUN:appos,2.967640808276553e-06
ud23,block_pair,HERODOTUS,PLUTARCH,53,NOUN:case,3.1915159086013895e-06
ud23,block_pair,HERODOTUS,PLUTARCH,54,NOUN:conj,0.0004636469182171792
ud23,block_pair,HERODOTUS,PLUTARCH,55,NOUN:iobj,3.521959338148925e-05
ud23,block_pair,HERODOTUS,PLUTARCH,56,NOUN:nmod,7.584220482194175e-06
ud23,block_pair,HERODOTUS,PLUTARCH,57,NOUN:nsubj,9.803398702987643e-05
ud23,block_pair,HERODOTUS,PLUTARCH,58,NOUN:obj,9.698966226155117e-05
ud23,block_pair,HERODOTUS,PLUTARCH,59,NOUN:obl,1.0654254314965486e-05
ud23,block_pair,HERODOTUS,PLUTARCH,60,NOUN:root,0.00010667226271485333
ud23,block_pair,HERODOTUS,PLUTARCH,61,NOUN:xcomp,6.292557806299442e-05
ud23,block_pair,HERODOTUS,PLUTARCH,62,NUM:advcl,3.924586425765439e-05
ud23,block_pair,HERODOTUS,PLUTARCH,63,NUM:conj,8.348043939462419e-07
ud23,block_pair,HERODOTUS,PLUTARCH,64,NUM:nsubj,3.924586425765439e-05
ud23,block_pair,HERODOTUS,PLUTARCH,65,NUM:nummod,2.0529544368139954e-05
ud23,block_pair,HERODOTUS,PLUTARCH,66,NUM:obj,3.1915159086013895e-06
ud23,block_pair,HERODOTUS,PLUTARCH,67,NUM:obl,3.924586425765439e-05
ud23,block_pair,HERODOTUS,PLUTARCH,68,NUM:root,3.1915159086013895e-06
ud23,block_pair,HERODOTUS,PLUTARCH,69,NUM:xcomp,3.1915159086013895e-06
ud23,block_pair,HERODOTUS,PLUTARCH,70,PRON:acl,5.936799791065404e-05
ud23,block_pair,HERODOTUS,PLUTARCH,71,PRON:advcl,7.115350666209258e-06
ud23,block_pair,HERODOTUS,PLUTARCH,72,PRON:appos,1.4491243886483753e-05
ud23,block_pair,HERODOTUS,PLUTARCH,73,PRON:conj,2.7884917555719033e-05
ud23,block_pair,HERODOTUS,PLUTARCH,74,PRON:iobj,0.0002053284968515064
ud23,block_pair,HERODOTUS,PLUTARCH,75,PRON:nmod,0.00011578974087989469
ud23,block_pair,HERODOTUS,PLUTARCH,76,PRON:nsubj,0.0008000446133784901
ud23,block_pair,HERODOTUS,PLUTARCH,77,PRON:obj,0.0018047349293745796
ud23,block_pair,HERODOTUS,PLUTARCH,78,PRON:obl,0.0001596625864484177
ud23,block_pair,HERODOTUS,PLUTARCH,79,PRON:parataxis,3.1915159086013895e-06
ud23,block_pair,HERODOTUS,PLUTARCH,80,PRON:root,9.469824267665844e-05
ud23,block_pair,HERODOTUS,PLUTARCH,81,PRON:xcomp,2.445975234859483e-06
ud23,block_pair,HERODOTUS,PLUTARCH,82,SCONJ:case,2.8060425548267515e-07
ud23,block_pair,HERODOTUS,PLUTARCH,83,SCONJ:cc,3.1915159086013895e-06
ud23,block_pair,HERODOTUS,PLUTARCH,84,SCONJ:mark,1.4348874735598698e-05
ud23,block_pair,HERODOTUS,PLUTARCH,85,SCONJ:nmod,3.1915159086013895e-06
ud23,block_pair,HERODOTUS,PLUTARCH,86,SCONJ:xcomp,3.1915159086013895e-06
ud23,block_pair,HERODOTUS,PLUTARCH,87,VERB:acl,0.0001377801923852592
ud23,block_pair,HERODOTUS,PLUTARCH,88,VERB:advcl,2.1921035117878273e-05
ud23,block_pair,HERODOTUS,PLUTARCH,89,VERB:appos,0.0001496851545964307
ud23,block_pair,HERODOTUS,PLUTARCH,90,VERB:case,3.1915159086013895e-06
ud23,block_pair,HERODOTUS,PLUTARCH,91,VERB:ccomp,2.3535997221536614e-06
ud23,block_pair,HERODOTUS,PLUTARCH,92,VERB:conj,0.00014678646802014682
ud23,block_pair,HERODOTUS,PLUTARCH,93,VERB:csubj,0.00018599256005987018
ud23,block_pair,HERODOTUS,PLUTARCH,94,VERB:nmod,0.00017613670103454695
ud23,block_pair,HERODOTUS,PLUTARCH,95,VERB:nsubj,0.00015169017996431917
ud23,block_pair,HERODOTUS,PLUTARCH,96,VERB:obl,0.0002821633785032092
ud23,block_pair,HERODOTUS,PLUTARCH,97,VERB:parataxis,1.4491243886483753e-05
ud23,block_pair,HERODOTUS,PLUTARCH,98,VERB:root,0.00011976576583942657
ud23,block_pair,HERODOTUS,PLUTARCH,99,VERB:xcomp,0.00039424540095077875
ud23,block_pair,HERODOTUS,THUCYDIDES,0,ADJ:advcl,9.497651691934528e-06
ud23,block_pair,HERODOTUS,THUCYDIDES,1,ADJ:advmod,0.0005983475387488278
ud23,block_pair,HERODOTUS,THUCYDIDES,2,ADJ:amod,5.72387149383135e-06
ud23,block_pair,HERODOTUS,THUCYDIDES,3,ADJ:appos,2.3914163085746447e-05
ud23,block_pair,HERODOTUS,THUCYDIDES,4,ADJ:conj,6.830871862091928e-05
ud23,block_pair,HERODOTUS,THUCYDIDES,5,ADJ:iobj,4.703943017373632e-05
ud23,block_pair,HERODOTUS,THUCYDIDES,6,ADJ:nmod,0.0007369215525875206
ud23,block_pair,HERODOTUS,THUCYDIDES,7,ADJ:nsubj,2.4520194723425307e-05
ud23,block_pair,HERODOTUS,THUCYDIDES,8,ADJ:obj,3.297493225591912e-06
ud23,block_pair,HERODOTUS,THUCYDIDES,9,ADJ:obl,0.0008383072699615697
ud23,block_pair,HERODOTUS,THUCYDIDES,10,ADJ:parataxis,2.657129231749603e-06
ud23,block_pair,HERODOTUS,THUCYDIDES,11,ADJ:root,2.2413106205563838e-05
ud23,block_pair,HERODOTUS,THUCYDIDES,12,ADJ:xcomp,0.00020510511943561225
ud23,block_pair,HERODOTUS,THUCYDIDES,13,ADP:advcl,2.657129231749603e-06
ud23,block_pair,HERODOTUS,THUCYDIDES,14,ADP:case,0.0006052177351880241
ud23,block_pair,HERODOTUS,THUCYDIDES,15,ADP:cc,2.657129231749603e-06
ud23,block_pair,HERODOTUS,THUCYDIDES,16,ADP:conj,2.657129231749603e-06
ud23,block_pair,HERODOTUS,THUCYDIDES,17,ADP:mark,2.657129231749603e-06
ud23,block_pair,HERODOTUS,THUCYDIDES,18,ADP:nmod,0.00012588740936079324
ud23,block_pair,HERODOTUS,THUCYDIDES,19,ADP:nsubj,2.657129231749603e-06
ud23,block_pair,HERODOTUS,THUCYDIDES,20,ADP:obj,3.60835046115458e-05
ud23,block_pair,HERODOTUS,THUCYDIDES,21,ADP:root,2.657129231749603e-06
ud23,block_pair,HERODOTUS,THUCYDIDES,22,ADV_PART:acl,2.657129231749603e-06
ud23,block_pair,HERODOTUS,THUCYDIDES,23,ADV_PART:advcl,2.8802248593847533e-06
ud23,block_pair,HERODOTUS,THUCYDIDES,24,ADV_PART:advmod,0.00017181476084156093
ud23,block_pair,HERODOTUS,THUCYDIDES,25,ADV_PART:case,2.657129231749603e-06
ud23,block_pair,HERODOTUS,THUCYDIDES,26,ADV_PART:cc,3.461097258503477e-05
ud23,block_pair,HERODOTUS,THUCYDIDES,27,ADV_PART:conj,0.0001933208079635264
ud23,block_pair,HERODOTUS,THUCYDIDES,28,ADV_PART:mark,2.657129231749603e-06
ud23,block_pair,HERODOTUS,THUCYDIDES,29,ADV_PART:nmod,0.0004850446698892855
ud23,block_pair,HERODOTUS,THUCYDIDES,30,ADV_PART:nsubj,2.875788320167906e-07
ud23,block_pair,HERODOTUS,THUCYDIDES,31,ADV_PART:obj,3.203196711155377e-06
ud23,block_pair,HERODOTUS,THUCYDIDES,32,ADV_PART:obl,3.60835046115458e-05
ud23,block_pair,HERODOTUS,THUCYDIDES,33,ADV_PART:root,4.703943017373632e-05
ud23,block_pair,HERODOTUS,THUCYDIDES,34,ADV_PART:xcomp,6.348337768614504e-05
ud23,block_pair,HERODOTUS,THUCYDIDES,35,AUX:aux,2.657129231749603e-06
ud23,block_pair,HERODOTUS,THUCYDIDES,36,AUX:conj,2.657129231749603e-06
ud23,block_pair,HERODOTUS,THUCYDIDES,37,AUX:cop,0.0004729341285037007
ud23,block_pair,HERODOTUS,THUCYDIDES,38,CCONJ:advmod,2.875788320167906e-07
ud23,block_pair,HERODOTUS,THUCYDIDES,39,CCONJ:case,2.657129231749603e-06
ud23,block_pair,HERODOTUS,THUCYDIDES,40,CCONJ:cc,0.00029910538294540415
ud23,block_pair,HERODOTUS,THUCYDIDES,41,CCONJ:conj,2.657129231749603e-06
ud23,block_pair,HERODOTUS,THUCYDIDES,42,CCONJ:mark,4.8568679815850396e-06
ud23,block_pair,HERODOTUS,THUCYDIDES,43,CCONJ:nmod,2.657129231749603e-06
ud23,block_pair,HERODOTUS,THUCYDIDES,44,CCONJ:obj,2.657129231749603e-06
ud23,block_pair,HERODOTUS,THUCYDIDES,45,CCONJ:obl,2.657129231749603e-06
ud23,block_pair,HERODOTUS,THUCYDIDES,46,DET:advmod,3.210067861410573e-05
ud23,block_pair,HERODOTUS,THUCYDIDES,47,DET:det,1.2698063626567346e-05
ud23,block_pair,HERODOTUS,THUCYDIDES,48,DET:root,2.657129231749603e-06
ud23,block_pair,HERODOTUS,THUCYDIDES,49,DET:xcomp,2.657129231749603e-06
ud23,block_pair,HERODOTUS,THUCYDIDES,50,NOUN:acl,1.2396756823613106e-05
ud23,block_pair,HERODOTUS,THUCYDIDES,51,NOUN:advcl,2.0886659656040583e-06
ud23,block_pair,HERODOTUS,THUCYDIDES,52,NOUN:appos,2.094434478576774e-07
ud23,block_pair,HERODOTUS,THUCYDIDES,53,NOUN:case,2.657129231749603e-06
ud23,block_pair,HERODOTUS,THUCYDIDES,54,NOUN:conj,0.00024236366660649873
ud23,block_pair,HERODOTUS,THUCYDIDES,55,NOUN:iobj,7.9078628010981e-05
ud23,block_pair,HERODOTUS,THUCYDIDES,56,NOUN:nmod,5.2284290033148854e-05
ud23,block_pair,HERODOTUS,THUCYDIDES,57,NOUN:nsubj,0.0005581886975738084
ud23,block_pair,HERODOTUS,THUCYDIDES,58,NOUN:obj,0.00011571432514389732
ud23,block_pair,HERODOTUS,THUCYDIDES,59,NOUN:obl,1.7785586420426412e-06
ud23,block_pair,HERODOTUS,THUCYDIDES,60,NOUN:root,2.484822994794632e-05
ud23,block_pair,HERODOTUS,THUCYDIDES,61,NOUN:xcomp,8.631546775272241e-05
ud23,block_pair,HERODOTUS,THUCYDIDES,62,NUM:advcl,2.657129231749603e-06
ud23,block_pair,HERODOTUS,THUCYDIDES,63,NUM:conj,7.515726267911987e-05
ud23,block_pair,HERODOTUS,THUCYDIDES,64,NUM:nsubj,2.657129231749603e-06
ud23,block_pair,HERODOTUS,THUCYDIDES,65,NUM:nummod,0.0010097264038899962
ud23,block_pair,HERODOTUS,THUCYDIDES,66,NUM:obj,2.657129231749603e-06
ud23,block_pair,HERODOTUS,THUCYDIDES,67,NUM:obl,2.657129231749603e-06
ud23,block_pair,HERODOTUS,THUCYDIDES,68,NUM:root,2.657129231749603e-06
ud23,block_pair,HERODOTUS,THUCYDIDES,69,NUM:xcomp,2.657129231749603e-06
ud23,block_pair,HERODOTUS,THUCYDIDES,70,PRON:acl,0.00014593983150637307
ud23,block_pair,HERODOTUS,THUCYDIDES,71,PRON:advcl,8.640674578154246e-06
ud23,block_pair,HERODOTUS,THUCYDIDES,72,PRON:appos,2.875788320167906e-07
ud23,block_pair,HERODOTUS,THUCYDIDES,73,PRON:conj,8.350515339801675e-06
ud23,block_pair,HERODOTUS,THUCYDIDES,74,PRON:iobj,0.0003856334994158505
ud23,block_pair,HERODOTUS,THUCYDIDES,75,PRON:nmod,2.9266864205129564e-05
ud23,block_pair,HERODOTUS,THUCYDIDES,76,PRON:nsubj,0.00017213233817437367
ud23,block_pair,HERODOTUS,THUCYDIDES,77,PRON:obj,0.00044636617492617697
ud23,block_pair,HERODOTUS,THUCYDIDES,78,PRON:obl,5.120515917682105e-05
ud23,block_pair,HERODOTUS,THUCYDIDES,79,PRON:parataxis,2.657129231749603e-06
ud23,block_pair,HERODOTUS,THUCYDIDES,80,PRON:root,4.887961937130792e-05
ud23,block_pair,HERODOTUS,THUCYDIDES,81,PRON:xcomp,9.544920748208249e-05
ud23,block_pair,HERODOTUS,THUCYDIDES,82,SCONJ:case,5.340555723227093e-05
ud23,block_pair,HERODOTUS,THUCYDIDES,83,SCONJ:cc,2.657129231749603e-06
ud23,block_pair,HERODOTUS,THUCYDIDES,84,SCONJ:mark,7.974754805156476e-06
ud23,block_pair,HERODOTUS,THUCYDIDES,85,SCONJ:nmod,2.657129231749603e-06
ud23,block_pair,HERODOTUS,THUCYDIDES,86,SCONJ:xcomp,2.657129231749603e-06
ud23,block_pair,HERODOTUS,THUCYDIDES,87,VERB:acl,4.6492577619089035e-05
ud23,block_pair,HERODOTUS,THUCYDIDES,88,VERB:advcl,0.0002260337156764873
ud23,block_pair,HERODOTUS,THUCYDIDES,89,VERB:appos,0.00011067065399784343
ud23,block_pair,HERODOTUS,THUCYDIDES,90,VERB:case,2.657129231749603e-06
ud23,block_pair,HERODOTUS,THUCYDIDES,91,VERB:ccomp,0.00045856169843900207
ud23,block_pair,HERODOTUS,THUCYDIDES,92,VERB:conj,9.008212308641043e-05
ud23,block_pair,HERODOTUS,THUCYDIDES,93,VERB:csubj,0.00017917685784452422
ud23,block_pair,HERODOTUS,THUCYDIDES,94,VERB:nmod,9.120587567963923e-07
ud23,block_pair,HERODOTUS,THUCYDIDES,95,VERB:nsubj,5.036009840778919e-06
ud23,block_pair,HERODOTUS,THUCYDIDES,96,VERB:obl,7.174248925723931e-05
ud23,block_pair,HERODOTUS,THUCYDIDES,97,VERB:parataxis,2.875788320167906e-07
ud23,block_pair,HERODOTUS,THUCYDIDES,98,VERB:root,6.520196827072811e-05
ud23,block_pair,HERODOTUS,THUCYDIDES,99,VERB:xcomp,3.414627053221662e-05
ud23,block_pair,HESIODIC_TRADITION,HOMERIC_TRADITION,0,ADJ:advcl,2.0991041824955177e-07
ud23,block_pair,HESIODIC_TRADITION,HOMERIC_TRADITION,1,ADJ:advmod,7.11986497096026e-05
ud23,block_pair,HESIODIC_TRADITION,HOMERIC_TRADITION,2,ADJ:amod,0.00019649082216373023
ud23,block_pair,HESIODIC_TRADITION,HOMERIC_TRADITION,3,ADJ:appos,0.0001053581867384897
ud23,block_pair,HESIODIC_TRADITION,HOMERIC_TRADITION,4,ADJ:conj,0.0004987879003759446
ud23,block_pair,HESIODIC_TRADITION,HOMERIC_TRADITION,5,ADJ:iobj,7.679836284285195e-07
ud23,block_pair,HESIODIC_TRADITION,HOMERIC_TRADITION,6,ADJ:nmod,0.0010323159168096879
ud23,block_pair,HESIODIC_TRADITION,HOMERIC_TRADITION,7,ADJ:nsubj,7.039664177603674e-06
ud23,block_pair,HESIODIC_TRADITION,HOMERIC_TRADITION,8,ADJ:obj,1.2606014631233529e-05
ud23,block_pair,HESIODIC_TRADITION,HOMERIC_TRADITION,9,ADJ:obl,5.048231027107529e-06
ud23,block_pair,HESIODIC_TRADITION,HOMERIC_TRADITION,10,ADJ:parataxis,1.4616726735626796e-05
ud23,block_pair,HESIODIC_TRADITION,HOMERIC_TRADITION,11,ADJ:root,9.280327786073213e-09
ud23,block_pair,HESIODIC_TRADITION,HOMERIC_TRADITION,12,ADJ:xcomp,8.09307243444979e-05
ud23,block_pair,HESIODIC_TRADITION,HOMERIC_TRADITION,13,ADP:advcl,1.4616726735626796e-05
ud23,block_pair,HESIODIC_TRADITION,HOMERIC_TRADITION,14,ADP:case,1.2816517384956947e-07
ud23,block_pair,HESIODIC_TRADITION,HOMERIC_TRADITION,15,ADP:cc,1.4616726735626796e-05
ud23,block_pair,HESIODIC_TRADITION,HOMERIC_TRADITION,16,ADP:conj,1.4616726735626796e-05
ud23,block_pair,HESIODIC_TRADITION,HOMERIC_TRADITION,17,ADP:mark,3.145976359655119e-05
ud23,block_pair,HESIODIC_TRADITION,HOMERIC_TRADITION,18,ADP:nmod,1.4616726735626796e-05
ud23,block_pair,HESIODIC_TRADITION,HOMERIC_TRADITION,19,ADP:nsubj,1.4616726735626796e-05
ud23,block_pair,HESIODIC_TRADITION,HOMERIC_TRADITION,20,ADP:obj,1.391846089712755e-06
ud23,block_pair,HESIODIC_TRADITION,HOMERIC_TRADITION,21,ADP:root,1.4616726735626796e-05
ud23,block_pair,HESIODIC_TRADITION,HOMERIC_TRADITION,22,ADV_PART:acl,4.3850180206880405e-05
ud23,block_pair,HESIODIC_TRADITION,HOMERIC_TRADITION,23,ADV_PART:advcl,1.391846089712755e-06
ud23,block_pair,HESIODIC_TRADITION,HOMERIC_TRADITION,24,ADV_PART:advmod,0.000916597581528969
ud23,block_pair,HESIODIC_TRADITION,HOMERIC_TRADITION,25,ADV_PART:case,5.277104225149465e-05
ud23,block_pair,HESIODIC_TRADITION,HOMERIC_TRADITION,26,ADV_PART:cc,0.00022700572885713845
ud23,block_pair,HESIODIC_TRADITION,HOMERIC_TRADITION,27,ADV_PART:conj,6.815957951777419e-05
ud23,block_pair,HESIODIC_TRADITION,HOMERIC_TRADITION,28,ADV_PART:mark,2.8296624448584077e-06
ud23,block_pair,HESIODIC_TRADITION,HOMERIC_TRADITION,29,ADV_PART:nmod,3.0166208420399343e-05
ud23,block_pair,HESIODIC_TRADITION,HOMERIC_TRADITION,30,ADV_PART:nsubj,1.4616726735626796e-05
ud23,block_pair,HESIODIC_TRADITION,HOMERIC_TRADITION,31,ADV_PART:obj,0.00013624004890492458
ud23,block_pair,HESIODIC_TRADITION,HOMERIC_TRADITION,32,ADV_PART:obl,6.678102358569982e-05
ud23,block_pair,HESIODIC_TRADITION,HOMERIC_TRADITION,33,ADV_PART:root,3.5953239306391383e-06
ud23,block_pair,HESIODIC_TRADITION,HOMERIC_TRADITION,34,ADV_PART:xcomp,2.8948601462694565e-07
ud23,block_pair,HESIODIC_TRADITION,HOMERIC_TRADITION,35,AUX:aux,1.4616726735626796e-05
ud23,block_pair,HESIODIC_TRADITION,HOMERIC_TRADITION,36,AUX:conj,1.4616726735626796e-05
ud23,block_pair,HESIODIC_TRADITION,HOMERIC_TRADITION,37,AUX:cop,2.277348935443384e-05
ud23,block_pair,HESIODIC_TRADITION,HOMERIC_TRADITION,38,CCONJ:advmod,0.000412585515262963
ud23,block_pair,HESIODIC_TRADITION,HOMERIC_TRADITION,39,CCONJ:case,1.4616726735626796e-05
ud23,block_pair,HESIODIC_TRADITION,HOMERIC_TRADITION,40,CCONJ:cc,2.7919540759994727e-06
ud23,block_pair,HESIODIC_TRADITION,HOMERIC_TRADITION,41,CCONJ:conj,1.4616726735626796e-05
ud23,block_pair,HESIODIC_TRADITION,HOMERIC_TRADITION,42,CCONJ:mark,0.00025888115832063544
ud23,block_pair,HESIODIC_TRADITION,HOMERIC_TRADITION,43,CCONJ:nmod,1.4616726735626796e-05
ud23,block_pair,HESIODIC_TRADITION,HOMERIC_TRADITION,44,CCONJ:obj,1.4616726735626796e-05
ud23,block_pair,HESIODIC_TRADITION,HOMERIC_TRADITION,45,CCONJ:obl,1.4616726735626796e-05
ud23,block_pair,HESIODIC_TRADITION,HOMERIC_TRADITION,46,DET:advmod,5.274774308092503e-06
ud23,block_pair,HESIODIC_TRADITION,HOMERIC_TRADITION,47,DET:det,6.39442596766951e-06
ud23,block_pair,HESIODIC_TRADITION,HOMERIC_TRADITION,48,DET:root,1.4616726735626796e-05
ud23,block_pair,HESIODIC_TRADITION,HOMERIC_TRADITION,49,DET:xcomp,1.4616726735626796e-05
ud23,block_pair,HESIODIC_TRADITION,HOMERIC_TRADITION,50,NOUN:acl,2.8296624448584077e-06
ud23,block_pair,HESIODIC_TRADITION,HOMERIC_TRADITION,51,NOUN:advcl,2.156888496489256e-05
ud23,block_pair,HESIODIC_TRADITION,HOMERIC_TRADITION,52,NOUN:appos,0.003529729163904738
ud23,block_pair,HESIODIC_TRADITION,HOMERIC_TRADITION,53,NOUN:case,5.274774308092503e-06
ud23,block_pair,HESIODIC_TRADITION,HOMERIC_TRADITION,54,NOUN:conj,0.004285546793796628
ud23,block_pair,HESIODIC_TRADITION,HOMERIC_TRADITION,55,NOUN:iobj,3.4268203501276626e-06
ud23,block_pair,HESIODIC_TRADITION,HOMERIC_TRADITION,56,NOUN:nmod,0.00028348869128503196
ud23,block_pair,HESIODIC_TRADITION,HOMERIC_TRADITION,57,NOUN:nsubj,5.1538398107664083e-05
ud23,block_pair,HESIODIC_TRADITION,HOMERIC_TRADITION,58,NOUN:obj,3.702671496310099e-05
ud23,block_pair,HESIODIC_TRADITION,HOMERIC_TRADITION,59,NOUN:obl,3.79199802571905e-05
ud23,block_pair,HESIODIC_TRADITION,HOMERIC_TRADITION,60,NOUN:root,5.455579057626897e-05
ud23,block_pair,HESIODIC_TRADITION,HOMERIC_TRADITION,61,NOUN:xcomp,2.7933053935403295e-05
ud23,block_pair,HESIODIC_TRADITION,HOMERIC_TRADITION,62,NUM:advcl,5.274774308092503e-06
ud23,block_pair,HESIODIC_TRADITION,HOMERIC_TRADITION,63,NUM:conj,6.730974702809997e-08
ud23,block_pair,HESIODIC_TRADITION,HOMERIC_TRADITION,64,NUM:nsubj,1.391846089712755e-06
ud23,block_pair,HESIODIC_TRADITION,HOMERIC_TRADITION,65,NUM:nummod,5.428199749879715e-05
ud23,block_pair,HESIODIC_TRADITION,HOMERIC_TRADITION,66,NUM:obj,1.391846089712755e-06
ud23,block_pair,HESIODIC_TRADITION,HOMERIC_TRADITION,67,NUM:obl,5.274774308092503e-06
ud23,block_pair,HESIODIC_TRADITION,HOMERIC_TRADITION,68,NUM:root,5.274774308092503e-06
ud23,block_pair,HESIODIC_TRADITION,HOMERIC_TRADITION,69,NUM:xcomp,5.274774308092503e-06
ud23,block_pair,HESIODIC_TRADITION,HOMERIC_TRADITION,70,PRON:acl,1.391846089712755e-06
ud23,block_pair,HESIODIC_TRADITION,HOMERIC_TRADITION,71,PRON:advcl,5.274774308092503e-06
ud23,block_pair,HESIODIC_TRADITION,HOMERIC_TRADITION,72,PRON:appos,6.973165830132032e-06
ud23,block_pair,HESIODIC_TRADITION,HOMERIC_TRADITION,73,PRON:conj,2.3554510628773502e-06
ud23,block_pair,HESIODIC_TRADITION,HOMERIC_TRADITION,74,PRON:iobj,3.425599252330244e-05
ud23,block_pair,HESIODIC_TRADITION,HOMERIC_TRADITION,75,PRON:nmod,3.155397559433657e-05
ud23,block_pair,HESIODIC_TRADITION,HOMERIC_TRADITION,76,PRON:nsubj,0.00029814975340361786
ud23,block_pair,HESIODIC_TRADITION,HOMERIC_TRADITION,77,PRON:obj,0.0008560583651375593
ud23,block_pair,HESIODIC_TRADITION,HOMERIC_TRADITION,78,PRON:obl,0.0005833915206622875
ud23,block_pair,HESIODIC_TRADITION,HOMERIC_TRADITION,79,PRON:parataxis,1.4616726735626796e-05
ud23,block_pair,HESIODIC_TRADITION,HOMERIC_TRADITION,80,PRON:root,9.285069803064465e-06
ud23,block_pair,HESIODIC_TRADITION,HOMERIC_TRADITION,81,PRON:xcomp,6.730974702809997e-08
ud23,block_pair,HESIODIC_TRADITION,HOMERIC_TRADITION,82,SCONJ:case,1.4616726735626796e-05
ud23,block_pair,HESIODIC_TRADITION,HOMERIC_TRADITION,83,SCONJ:cc,4.3323046248327174e-05
ud23,block_pair,HESIODIC_TRADITION,HOMERIC_TRADITION,84,SCONJ:mark,0.00016874220325454063
ud23,block_pair,HESIODIC_TRADITION,HOMERIC_TRADITION,85,SCONJ:nmod,1.4616726735626796e-05
ud23,block_pair,HESIODIC_TRADITION,HOMERIC_TRADITION,86,SCONJ:xcomp,1.4616726735626796e-05
ud23,block_pair,HESIODIC_TRADITION,HOMERIC_TRADITION,87,VERB:acl,1.547908750831455e-05
ud23,block_pair,HESIODIC_TRADITION,HOMERIC_TRADITION,88,VERB:advcl,8.00552348942476e-05
ud23,block_pair,HESIODIC_TRADITION,HOMERIC_TRADITION,89,VERB:appos,5.683737797384351e-06
ud23,block_pair,HESIODIC_TRADITION,HOMERIC_TRADITION,90,VERB:case,1.4616726735626796e-05
ud23,block_pair,HESIODIC_TRADITION,HOMERIC_TRADITION,91,VERB:ccomp,0.0005491825786834877
ud23,block_pair,HESIODIC_TRADITION,HOMERIC_TRADITION,92,VERB:conj,0.0019593788666002346
ud23,block_pair,HESIODIC_TRADITION,HOMERIC_TRADITION,93,VERB:csubj,1.5387230949010777e-05
ud23,block_pair,HESIODIC_TRADITION,HOMERIC_TRADITION,94,VERB:nmod,0.000296152754118303
ud23,block_pair,HESIODIC_TRADITION,HOMERIC_TRADITION,95,VERB:nsubj,4.015836462130977e-05
ud23,block_pair,HESIODIC_TRADITION,HOMERIC_TRADITION,96,VERB:obl,7.308363367813402e-05
ud23,block_pair,HESIODIC_TRADITION,HOMERIC_TRADITION,97,VERB:parataxis,2.4352110025773065e-05
ud23,block_pair,HESIODIC_TRADITION,HOMERIC_TRADITION,98,VERB:root,0.00013639912619808816
ud23,block_pair,HESIODIC_TRADITION,HOMERIC_TRADITION,99,VERB:xcomp,0.0009402218021778274
ud23,block_pair,HESIODIC_TRADITION,PLUTARCH,0,ADJ:advcl,7.317538477965877e-05
ud23,block_pair,HESIODIC_TRADITION,PLUTARCH,1,ADJ:advmod,0.0002203131535829738
ud23,block_pair,HESIODIC_TRADITION,PLUTARCH,2,ADJ:amod,7.622500917507603e-05
ud23,block_pair,HESIODIC_TRADITION,PLUTARCH,3,ADJ:appos,0.00013951651668011927
ud23,block_pair,HESIODIC_TRADITION,PLUTARCH,4,ADJ:conj,0.000129889752816173
ud23,block_pair,HESIODIC_TRADITION,PLUTARCH,5,ADJ:iobj,6.440996431321728e-05
ud23,block_pair,HESIODIC_TRADITION,PLUTARCH,6,ADJ:nmod,0.0136507473140026
ud23,block_pair,HESIODIC_TRADITION,PLUTARCH,7,ADJ:nsubj,5.682789138941033e-05
ud23,block_pair,HESIODIC_TRADITION,PLUTARCH,8,ADJ:obj,2.6436493452627408e-05
ud23,block_pair,HESIODIC_TRADITION,PLUTARCH,9,ADJ:obl,1.1607799466580325e-05
ud23,block_pair,HESIODIC_TRADITION,PLUTARCH,10,ADJ:parataxis,2.234548923322161e-05
ud23,block_pair,HESIODIC_TRADITION,PLUTARCH,11,ADJ:root,0.00029852568531951696
ud23,block_pair,HESIODIC_TRADITION,PLUTARCH,12,ADJ:xcomp,6.144296116094455e-05
ud23,block_pair,HESIODIC_TRADITION,PLUTARCH,13,ADP:advcl,1.8759485983645096e-08
ud23,block_pair,HESIODIC_TRADITION,PLUTARCH,14,ADP:case,0.00012572989850875415
ud23,block_pair,HESIODIC_TRADITION,PLUTARCH,15,ADP:cc,1.8759485983645096e-08
ud23,block_pair,HESIODIC_TRADITION,PLUTARCH,16,ADP:conj,1.8759485983645096e-08
ud23,block_pair,HESIODIC_TRADITION,PLUTARCH,17,ADP:mark,1.1756775328923995e-05
ud23,block_pair,HESIODIC_TRADITION,PLUTARCH,18,ADP:nmod,1.8759485983645096e-08
ud23,block_pair,HESIODIC_TRADITION,PLUTARCH,19,ADP:nsubj,1.8759485983645096e-08
ud23,block_pair,HESIODIC_TRADITION,PLUTARCH,20,ADP:obj,1.8759485983645096e-08
ud23,block_pair,HESIODIC_TRADITION,PLUTARCH,21,ADP:root,1.8759485983645096e-08
ud23,block_pair,HESIODIC_TRADITION,PLUTARCH,22,ADV_PART:acl,1.9057886966384563e-05
ud23,block_pair,HESIODIC_TRADITION,PLUTARCH,23,ADV_PART:advcl,2.234548923322161e-05
ud23,block_pair,HESIODIC_TRADITION,PLUTARCH,24,ADV_PART:advmod,3.9504468002576464e-05
ud23,block_pair,HESIODIC_TRADITION,PLUTARCH,25,ADV_PART:case,0.00023250620065937876
ud23,block_pair,HESIODIC_TRADITION,PLUTARCH,26,ADV_PART:cc,0.030722571779322076
ud23,block_pair,HESIODIC_TRADITION,PLUTARCH,27,ADV_PART:conj,0.00017967748522230683
ud23,block_pair,HESIODIC_TRADITION,PLUTARCH,28,ADV_PART:mark,9.546771328218981e-05
ud23,block_pair,HESIODIC_TRADITION,PLUTARCH,29,ADV_PART:nmod,0.0003152192837324999
ud23,block_pair,HESIODIC_TRADITION,PLUTARCH,30,ADV_PART:nsubj,2.234548923322161e-05
ud23,block_pair,HESIODIC_TRADITION,PLUTARCH,31,ADV_PART:obj,0.0009889924095377897
ud23,block_pair,HESIODIC_TRADITION,PLUTARCH,32,ADV_PART:obl,9.546771328218981e-05
ud23,block_pair,HESIODIC_TRADITION,PLUTARCH,33,ADV_PART:root,1.8759485983645096e-08
ud23,block_pair,HESIODIC_TRADITION,PLUTARCH,34,ADV_PART:xcomp,1.8759485983645096e-08
ud23,block_pair,HESIODIC_TRADITION,PLUTARCH,35,AUX:aux,1.8759485983645096e-08
ud23,block_pair,HESIODIC_TRADITION,PLUTARCH,36,AUX:conj,1.8759485983645096e-08
ud23,block_pair,HESIODIC_TRADITION,PLUTARCH,37,AUX:cop,0.0008993200394711927
ud23,block_pair,HESIODIC_TRADITION,PLUTARCH,38,CCONJ:advmod,0.003709369555674539
ud23,block_pair,HESIODIC_TRADITION,PLUTARCH,39,CCONJ:case,2.234548923322161e-05
ud23,block_pair,HESIODIC_TRADITION,PLUTARCH,40,CCONJ:cc,0.0050689698672636285
ud23,block_pair,HESIODIC_TRADITION,PLUTARCH,41,CCONJ:conj,1.8759485983645096e-08
ud23,block_pair,HESIODIC_TRADITION,PLUTARCH,42,CCONJ:mark,1.713393099730769e-05
ud23,block_pair,HESIODIC_TRADITION,PLUTARCH,43,CCONJ:nmod,1.8759485983645096e-08
ud23,block_pair,HESIODIC_TRADITION,PLUTARCH,44,CCONJ:obj,1.8759485983645096e-08
ud23,block_pair,HESIODIC_TRADITION,PLUTARCH,45,CCONJ:obl,1.8759485983645096e-08
ud23,block_pair,HESIODIC_TRADITION,PLUTARCH,46,DET:advmod,2.234548923322161e-05
ud23,block_pair,HESIODIC_TRADITION,PLUTARCH,47,DET:det,0.05811151749669105
ud23,block_pair,HESIODIC_TRADITION,PLUTARCH,48,DET:root,1.8759485983645096e-08
ud23,block_pair,HESIODIC_TRADITION,PLUTARCH,49,DET:xcomp,1.8759485983645096e-08
ud23,block_pair,HESIODIC_TRADITION,PLUTARCH,50,NOUN:acl,5.011658909408396e-06
ud23,block_pair,HESIODIC_TRADITION,PLUTARCH,51,NOUN:advcl,0.0003598496465095204
ud23,block_pair,HESIODIC_TRADITION,PLUTARCH,52,NOUN:appos,0.003523344355063181
ud23,block_pair,HESIODIC_TRADITION,PLUTARCH,53,NOUN:case,1.8759485983645096e-08
ud23,block_pair,HESIODIC_TRADITION,PLUTARCH,54,NOUN:conj,0.003287812815166394
ud23,block_pair,HESIODIC_TRADITION,PLUTARCH,55,NOUN:iobj,5.823672641830108e-06
ud23,block_pair,HESIODIC_TRADITION,PLUTARCH,56,NOUN:nmod,0.000638994338258223
ud23,block_pair,HESIODIC_TRADITION,PLUTARCH,57,NOUN:nsubj,6.991264625702911e-05
ud23,block_pair,HESIODIC_TRADITION,PLUTARCH,58,NOUN:obj,0.00139821583544566
ud23,block_pair,HESIODIC_TRADITION,PLUTARCH,59,NOUN:obl,0.00029773334349827334
ud23,block_pair,HESIODIC_TRADITION,PLUTARCH,60,NOUN:root,4.873374019361332e-07
ud23,block_pair,HESIODIC_TRADITION,PLUTARCH,61,NOUN:xcomp,0.0009839954347396211
ud23,block_pair,HESIODIC_TRADITION,PLUTARCH,62,NUM:advcl,2.234548923322161e-05
ud23,block_pair,HESIODIC_TRADITION,PLUTARCH,63,NUM:conj,6.068318781762015e-05
ud23,block_pair,HESIODIC_TRADITION,PLUTARCH,64,NUM:nsubj,2.234548923322161e-05
ud23,block_pair,HESIODIC_TRADITION,PLUTARCH,65,NUM:nummod,5.400688290892064e-06
ud23,block_pair,HESIODIC_TRADITION,PLUTARCH,66,NUM:obj,1.8759485983645096e-08
ud23,block_pair,HESIODIC_TRADITION,PLUTARCH,67,NUM:obl,2.234548923322161e-05
ud23,block_pair,HESIODIC_TRADITION,PLUTARCH,68,NUM:root,1.8759485983645096e-08
ud23,block_pair,HESIODIC_TRADITION,PLUTARCH,69,NUM:xcomp,1.8759485983645096e-08
ud23,block_pair,HESIODIC_TRADITION,PLUTARCH,70,PRON:acl,2.234548923322161e-05
ud23,block_pair,HESIODIC_TRADITION,PLUTARCH,71,PRON:advcl,2.234548923322161e-05
ud23,block_pair,HESIODIC_TRADITION,PLUTARCH,72,PRON:appos,1.9057886966384563e-05
ud23,block_pair,HESIODIC_TRADITION,PLUTARCH,73,PRON:conj,0.00011172744616610818
ud23,block_pair,HESIODIC_TRADITION,PLUTARCH,74,PRON:iobj,7.850544227233911e-08
ud23,block_pair,HESIODIC_TRADITION,PLUTARCH,75,PRON:nmod,2.4850599474865562e-05
ud23,block_pair,HESIODIC_TRADITION,PLUTARCH,76,PRON:nsubj,0.0009509588537104517
ud23,block_pair,HESIODIC_TRADITION,PLUTARCH,77,PRON:obj,1.14320131781867e-06
ud23,block_pair,HESIODIC_TRADITION,PLUTARCH,78,PRON:obl,0.00091879118923185
ud23,block_pair,HESIODIC_TRADITION,PLUTARCH,79,PRON:parataxis,1.8759485983645096e-08
ud23,block_pair,HESIODIC_TRADITION,PLUTARCH,80,PRON:root,2.234548923322161e-05
ud23,block_pair,HESIODIC_TRADITION,PLUTARCH,81,PRON:xcomp,0.0007206170680702687
ud23,block_pair,HESIODIC_TRADITION,PLUTARCH,82,SCONJ:case,6.068318781762015e-05
ud23,block_pair,HESIODIC_TRADITION,PLUTARCH,83,SCONJ:cc,1.8759485983645096e-08
ud23,block_pair,HESIODIC_TRADITION,PLUTARCH,84,SCONJ:mark,0.0008843853045506439
ud23,block_pair,HESIODIC_TRADITION,PLUTARCH,85,SCONJ:nmod,1.8759485983645096e-08
ud23,block_pair,HESIODIC_TRADITION,PLUTARCH,86,SCONJ:xcomp,1.8759485983645096e-08
ud23,block_pair,HESIODIC_TRADITION,PLUTARCH,87,VERB:acl,0.00038906990078778824
ud23,block_pair,HESIODIC_TRADITION,PLUTARCH,88,VERB:advcl,0.00045944701141273185
ud23,block_pair,HESIODIC_TRADITION,PLUTARCH,89,VERB:appos,1.3131640188551663e-07
ud23,block_pair,HESIODIC_TRADITION,PLUTARCH,90,VERB:case,1.8759485983645096e-08
ud23,block_pair,HESIODIC_TRADITION,PLUTARCH,91,VERB:ccomp,0.0038020430729691426
ud23,block_pair,HESIODIC_TRADITION,PLUTARCH,92,VERB:conj,0.0005395589060755092
ud23,block_pair,HESIODIC_TRADITION,PLUTARCH,93,VERB:csubj,0.001028208410547182
ud23,block_pair,HESIODIC_TRADITION,PLUTARCH,94,VERB:nmod,0.0004773369551296356
ud23,block_pair,HESIODIC_TRADITION,PLUTARCH,95,VERB:nsubj,0.0010491281469688942
ud23,block_pair,HESIODIC_TRADITION,PLUTARCH,96,VERB:obl,0.0006621012724648983
ud23,block_pair,HESIODIC_TRADITION,PLUTARCH,97,VERB:parataxis,0.00013951651668011927
ud23,block_pair,HESIODIC_TRADITION,PLUTARCH,98,VERB:root,0.0018346422728267534
ud23,block_pair,HESIODIC_TRADITION,PLUTARCH,99,VERB:xcomp,0.002706330747094923
ud23,block_pair,HESIODIC_TRADITION,THUCYDIDES,0,ADJ:advcl,0.0001682138370296592
ud23,block_pair,HESIODIC_TRADITION,THUCYDIDES,1,ADJ:advmod,7.76942491367657e-05
ud23,block_pair,HESIODIC_TRADITION,THUCYDIDES,2,ADJ:amod,6.96952830307239e-05
ud23,block_pair,HESIODIC_TRADITION,THUCYDIDES,3,ADJ:appos,4.0483561837590915e-09
ud23,block_pair,HESIODIC_TRADITION,THUCYDIDES,4,ADJ:conj,6.7647974792703965e-06
ud23,block_pair,HESIODIC_TRADITION,THUCYDIDES,5,ADJ:iobj,0.00013099016375879457
ud23,block_pair,HESIODIC_TRADITION,THUCYDIDES,6,ADJ:nmod,0.013536876461773505
ud23,block_pair,HESIODIC_TRADITION,THUCYDIDES,7,ADJ:nsubj,7.514387111991867e-05
ud23,block_pair,HESIODIC_TRADITION,THUCYDIDES,8,ADJ:obj,2.628260770736726e-06
ud23,block_pair,HESIODIC_TRADITION,THUCYDIDES,9,ADJ:obl,0.00042748377759013745
ud23,block_pair,HESIODIC_TRADITION,THUCYDIDES,10,ADJ:parataxis,4.4981735375526886e-10
ud23,block_pair,HESIODIC_TRADITION,THUCYDIDES,11,ADJ:root,3.608615611165123e-05
ud23,block_pair,HESIODIC_TRADITION,THUCYDIDES,12,ADJ:xcomp,1.2184840297192225e-05
ud23,block_pair,HESIODIC_TRADITION,THUCYDIDES,13,ADP:advcl,4.4981735375526886e-10
ud23,block_pair,HESIODIC_TRADITION,THUCYDIDES,14,ADP:case,0.0008890323224015912
ud23,block_pair,HESIODIC_TRADITION,THUCYDIDES,15,ADP:cc,4.4981735375526886e-10
ud23,block_pair,HESIODIC_TRADITION,THUCYDIDES,16,ADP:conj,4.4981735375526886e-10
ud23,block_pair,HESIODIC_TRADITION,THUCYDIDES,17,ADP:mark,2.04062388318221e-05
ud23,block_pair,HESIODIC_TRADITION,THUCYDIDES,18,ADP:nmod,9.679112973394722e-05
ud23,block_pair,HESIODIC_TRADITION,THUCYDIDES,19,ADP:nsubj,4.4981735375526886e-10
ud23,block_pair,HESIODIC_TRADITION,THUCYDIDES,20,ADP:obj,1.9903542808998036e-05
ud23,block_pair,HESIODIC_TRADITION,THUCYDIDES,21,ADP:root,4.4981735375526886e-10
ud23,block_pair,HESIODIC_TRADITION,THUCYDIDES,22,ADV_PART:acl,2.04062388318221e-05
ud23,block_pair,HESIODIC_TRADITION,THUCYDIDES,23,ADV_PART:advcl,4.4981735375526886e-10
ud23,block_pair,HESIODIC_TRADITION,THUCYDIDES,24,ADV_PART:advmod,0.0001492371890969759
ud23,block_pair,HESIODIC_TRADITION,THUCYDIDES,25,ADV_PART:case,0.00023633467162448508
ud23,block_pair,HESIODIC_TRADITION,THUCYDIDES,26,ADV_PART:cc,0.030369245163485124
ud23,block_pair,HESIODIC_TRADITION,THUCYDIDES,27,ADV_PART:conj,3.0228907643869876e-06
ud23,block_pair,HESIODIC_TRADITION,THUCYDIDES,28,ADV_PART:mark,9.81873293886883e-05
ud23,block_pair,HESIODIC_TRADITION,THUCYDIDES,29,ADV_PART:nmod,0.0004962804126928755
ud23,block_pair,HESIODIC_TRADITION,THUCYDIDES,30,ADV_PART:nsubj,1.9903542808998036e-05
ud23,block_pair,HESIODIC_TRADITION,THUCYDIDES,31,ADV_PART:obj,0.0006680788534026893
ud23,block_pair,HESIODIC_TRADITION,THUCYDIDES,32,ADV_PART:obl,3.2206944367594334e-05
ud23,block_pair,HESIODIC_TRADITION,THUCYDIDES,33,ADV_PART:root,1.9903542808998036e-05
ud23,block_pair,HESIODIC_TRADITION,THUCYDIDES,34,ADV_PART:xcomp,1.9903542808998036e-05
ud23,block_pair,HESIODIC_TRADITION,THUCYDIDES,35,AUX:aux,4.4981735375526886e-10
ud23,block_pair,HESIODIC_TRADITION,THUCYDIDES,36,AUX:conj,4.4981735375526886e-10
ud23,block_pair,HESIODIC_TRADITION,THUCYDIDES,37,AUX:cop,0.001190566578613789
ud23,block_pair,HESIODIC_TRADITION,THUCYDIDES,38,CCONJ:advmod,0.003973846108218493
ud23,block_pair,HESIODIC_TRADITION,THUCYDIDES,39,CCONJ:case,4.4981735375526886e-10
ud23,block_pair,HESIODIC_TRADITION,THUCYDIDES,40,CCONJ:cc,0.0036267809224120977
ud23,block_pair,HESIODIC_TRADITION,THUCYDIDES,41,CCONJ:conj,4.4981735375526886e-10
ud23,block_pair,HESIODIC_TRADITION,THUCYDIDES,42,CCONJ:mark,0.0002099411179703536
ud23,block_pair,HESIODIC_TRADITION,THUCYDIDES,43,CCONJ:nmod,4.4981735375526886e-10
ud23,block_pair,HESIODIC_TRADITION,THUCYDIDES,44,CCONJ:obj,4.4981735375526886e-10
ud23,block_pair,HESIODIC_TRADITION,THUCYDIDES,45,CCONJ:obl,4.4981735375526886e-10
ud23,block_pair,HESIODIC_TRADITION,THUCYDIDES,46,DET:advmod,1.9903542808998036e-05
ud23,block_pair,HESIODIC_TRADITION,THUCYDIDES,47,DET:det,0.05075077082413556
ud23,block_pair,HESIODIC_TRADITION,THUCYDIDES,48,DET:root,4.4981735375526886e-10
ud23,block_pair,HESIODIC_TRADITION,THUCYDIDES,49,DET:xcomp,4.4981735375526886e-10
ud23,block_pair,HESIODIC_TRADITION,THUCYDIDES,50,NOUN:acl,0.00013932479966298624
ud23,block_pair,HESIODIC_TRADITION,THUCYDIDES,51,NOUN:advcl,0.00012855398071673504
ud23,block_pair,HESIODIC_TRADITION,THUCYDIDES,52,NOUN:appos,0.0034090794635938584
ud23,block_pair,HESIODIC_TRADITION,THUCYDIDES,53,NOUN:case,4.4981735375526886e-10
ud23,block_pair,HESIODIC_TRADITION,THUCYDIDES,54,NOUN:conj,0.0039907387622847715
ud23,block_pair,HESIODIC_TRADITION,THUCYDIDES,55,NOUN:iobj,0.0002946218450159797
ud23,block_pair,HESIODIC_TRADITION,THUCYDIDES,56,NOUN:nmod,0.00023445554305536213
ud23,block_pair,HESIODIC_TRADITION,THUCYDIDES,57,NOUN:nsubj,0.0004879160714744632
ud23,block_pair,HESIODIC_TRADITION,THUCYDIDES,58,NOUN:obj,0.0033475576742677034
ud23,block_pair,HESIODIC_TRADITION,THUCYDIDES,59,NOUN:obl,0.00023489115133081126
ud23,block_pair,HESIODIC_TRADITION,THUCYDIDES,60,NOUN:root,2.1872165172378145e-05
ud23,block_pair,HESIODIC_TRADITION,THUCYDIDES,61,NOUN:xcomp,0.00021029092790933554
ud23,block_pair,HESIODIC_TRADITION,THUCYDIDES,62,NUM:advcl,4.4981735375526886e-10
ud23,block_pair,HESIODIC_TRADITION,THUCYDIDES,63,NUM:conj,4.4981735375526886e-10
ud23,block_pair,HESIODIC_TRADITION,THUCYDIDES,64,NUM:nsubj,4.4981735375526886e-10
ud23,block_pair,HESIODIC_TRADITION,THUCYDIDES,65,NUM:nummod,0.0008916372124727586
ud23,block_pair,HESIODIC_TRADITION,THUCYDIDES,66,NUM:obj,4.4981735375526886e-10
ud23,block_pair,HESIODIC_TRADITION,THUCYDIDES,67,NUM:obl,4.4981735375526886e-10
ud23,block_pair,HESIODIC_TRADITION,THUCYDIDES,68,NUM:root,4.4981735375526886e-10
ud23,block_pair,HESIODIC_TRADITION,THUCYDIDES,69,NUM:xcomp,4.4981735375526886e-10
ud23,block_pair,HESIODIC_TRADITION,THUCYDIDES,70,PRON:acl,4.4981735375526886e-10
ud23,block_pair,HESIODIC_TRADITION,THUCYDIDES,71,PRON:advcl,1.9903542808998036e-05
ud23,block_pair,HESIODIC_TRADITION,THUCYDIDES,72,PRON:appos,1.3494520612529952e-09
ud23,block_pair,HESIODIC_TRADITION,THUCYDIDES,73,PRON:conj,0.000165974534809727
ud23,block_pair,HESIODIC_TRADITION,THUCYDIDES,74,PRON:iobj,2.5973930553605326e-05
ud23,block_pair,HESIODIC_TRADITION,THUCYDIDES,75,PRON:nmod,0.00044510743867216145
ud23,block_pair,HESIODIC_TRADITION,THUCYDIDES,76,PRON:nsubj,0.00024619644580083175
ud23,block_pair,HESIODIC_TRADITION,THUCYDIDES,77,PRON:obj,0.00041781963715664455
ud23,block_pair,HESIODIC_TRADITION,THUCYDIDES,78,PRON:obl,0.0024630834129176766
ud23,block_pair,HESIODIC_TRADITION,THUCYDIDES,79,PRON:parataxis,4.4981735375526886e-10
ud23,block_pair,HESIODIC_TRADITION,THUCYDIDES,80,PRON:root,5.5582795896181416e-05
ud23,block_pair,HESIODIC_TRADITION,THUCYDIDES,81,PRON:xcomp,0.00028157770052767307
ud23,block_pair,HESIODIC_TRADITION,THUCYDIDES,82,SCONJ:case,4.4981735375526886e-10
ud23,block_pair,HESIODIC_TRADITION,THUCYDIDES,83,SCONJ:cc,4.4981735375526886e-10
ud23,block_pair,HESIODIC_TRADITION,THUCYDIDES,84,SCONJ:mark,0.0013141726145158468
ud23,block_pair,HESIODIC_TRADITION,THUCYDIDES,85,SCONJ:nmod,4.4981735375526886e-10
ud23,block_pair,HESIODIC_TRADITION,THUCYDIDES,86,SCONJ:xcomp,4.4981735375526886e-10
ud23,block_pair,HESIODIC_TRADITION,THUCYDIDES,87,VERB:acl,1.467749873218456e-06
ud23,block_pair,HESIODIC_TRADITION,THUCYDIDES,88,VERB:advcl,0.00012294693417347043
ud23,block_pair,HESIODIC_TRADITION,THUCYDIDES,89,VERB:appos,4.5682826644762245e-06
ud23,block_pair,HESIODIC_TRADITION,THUCYDIDES,90,VERB:case,4.4981735375526886e-10
ud23,block_pair,HESIODIC_TRADITION,THUCYDIDES,91,VERB:ccomp,0.0018600438759201951
ud23,block_pair,HESIODIC_TRADITION,THUCYDIDES,92,VERB:conj,0.0004247825197806268
ud23,block_pair,HESIODIC_TRADITION,THUCYDIDES,93,VERB:csubj,0.0010127787969976378
ud23,block_pair,HESIODIC_TRADITION,THUCYDIDES,94,VERB:nmod,5.877991998252778e-05
ud23,block_pair,HESIODIC_TRADITION,THUCYDIDES,95,VERB:nsubj,0.0003580501217477703
ud23,block_pair,HESIODIC_TRADITION,THUCYDIDES,96,VERB:obl,0.00031753415480871724
ud23,block_pair,HESIODIC_TRADITION,THUCYDIDES,97,VERB:parataxis,6.121871649546624e-05
ud23,block_pair,HESIODIC_TRADITION,THUCYDIDES,98,VERB:root,0.0015981786543370338
ud23,block_pair,HESIODIC_TRADITION,THUCYDIDES,99,VERB:xcomp,0.0014688649445398342
ud23,block_pair,HOMERIC_TRADITION,PLUTARCH,0,ADJ:advcl,8.112513776209414e-05
ud23,block_pair,HOMERIC_TRADITION,PLUTARCH,1,ADJ:advmod,4.1203925416858234e-05
ud23,block_pair,HOMERIC_TRADITION,PLUTARCH,2,ADJ:amod,2.811259132208077e-05
ud23,block_pair,HOMERIC_TRADITION,PLUTARCH,3,ADJ:appos,3.0988906551113948e-06
ud23,block_pair,HOMERIC_TRADITION,PLUTARCH,4,ADJ:conj,0.0011199164392647475
ud23,block_pair,HOMERIC_TRADITION,PLUTARCH,5,ADJ:iobj,5.1250694805205746e-05
ud23,block_pair,HOMERIC_TRADITION,PLUTARCH,6,ADJ:nmod,0.0073076434370561195
ud23,block_pair,HOMERIC_TRADITION,PLUTARCH,7,ADJ:nsubj,2.3894244285527894e-05
ud23,block_pair,HOMERIC_TRADITION,PLUTARCH,8,ADJ:obj,7.550058936491824e-05
ud23,block_pair,HOMERIC_TRADITION,PLUTARCH,9,ADJ:obl,1.3470075938344485e-06
ud23,block_pair,HOMERIC_TRADITION,PLUTARCH,10,ADJ:parataxis,6.619935864910836e-05
ud23,block_pair,HOMERIC_TRADITION,PLUTARCH,11,ADJ:root,0.00030178740440672976
ud23,block_pair,HOMERIC_TRADITION,PLUTARCH,12,ADJ:xcomp,0.0002827386777121421
ud23,block_pair,HOMERIC_TRADITION,PLUTARCH,13,ADP:advcl,1.5602267611404727e-05
ud23,block_pair,HOMERIC_TRADITION,PLUTARCH,14,ADP:case,0.00011783243254221473
ud23,block_pair,HOMERIC_TRADITION,PLUTARCH,15,ADP:cc,1.5602267611404727e-05
ud23,block_pair,HOMERIC_TRADITION,PLUTARCH,16,ADP:conj,1.5602267611404727e-05
ud23,block_pair,HOMERIC_TRADITION,PLUTARCH,17,ADP:mark,7.801133805702367e-05
ud23,block_pair,HOMERIC_TRADITION,PLUTARCH,18,ADP:nmod,1.5602267611404727e-05
ud23,block_pair,HOMERIC_TRADITION,PLUTARCH,19,ADP:nsubj,1.5602267611404727e-05
ud23,block_pair,HOMERIC_TRADITION,PLUTARCH,20,ADP:obj,1.7317523335213571e-06
ud23,block_pair,HOMERIC_TRADITION,PLUTARCH,21,ADP:root,1.5602267611404727e-05
ud23,block_pair,HOMERIC_TRADITION,PLUTARCH,22,ADV_PART:acl,5.907408366559409e-06
ud23,block_pair,HOMERIC_TRADITION,PLUTARCH,23,ADV_PART:advcl,3.403884634552493e-05
ud23,block_pair,HOMERIC_TRADITION,PLUTARCH,24,ADV_PART:advmod,0.0013360896054666373
ud23,block_pair,HOMERIC_TRADITION,PLUTARCH,25,ADV_PART:case,7.245885184317005e-05
ud23,block_pair,HOMERIC_TRADITION,PLUTARCH,26,ADV_PART:cc,0.026445681402621744
ud23,block_pair,HOMERIC_TRADITION,PLUTARCH,27,ADV_PART:conj,0.00045066326338892104
ud23,block_pair,HOMERIC_TRADITION,PLUTARCH,28,ADV_PART:mark,6.711716147572171e-05
ud23,block_pair,HOMERIC_TRADITION,PLUTARCH,29,ADV_PART:nmod,0.0005200604789334904
ud23,block_pair,HOMERIC_TRADITION,PLUTARCH,30,ADV_PART:nsubj,6.619935864910836e-05
ud23,block_pair,HOMERIC_TRADITION,PLUTARCH,31,ADV_PART:obj,0.001725120106390573
ud23,block_pair,HOMERIC_TRADITION,PLUTARCH,32,ADV_PART:obl,3.0988906551113948e-06
ud23,block_pair,HOMERIC_TRADITION,PLUTARCH,33,ADV_PART:root,3.0988906551113948e-06
ud23,block_pair,HOMERIC_TRADITION,PLUTARCH,34,ADV_PART:xcomp,1.6093159013130201e-07
ud23,block_pair,HOMERIC_TRADITION,PLUTARCH,35,AUX:aux,1.5602267611404727e-05
ud23,block_pair,HOMERIC_TRADITION,PLUTARCH,36,AUX:conj,1.5602267611404727e-05
ud23,block_pair,HOMERIC_TRADITION,PLUTARCH,37,AUX:cop,0.0006395245979249303
ud23,block_pair,HOMERIC_TRADITION,PLUTARCH,38,CCONJ:advmod,0.0018428594833779792
ud23,block_pair,HOMERIC_TRADITION,PLUTARCH,39,CCONJ:case,6.619935864910836e-05
ud23,block_pair,HOMERIC_TRADITION,PLUTARCH,40,CCONJ:cc,0.005302955653534246
ud23,block_pair,HOMERIC_TRADITION,PLUTARCH,41,CCONJ:conj,1.5602267611404727e-05
ud23,block_pair,HOMERIC_TRADITION,PLUTARCH,42,CCONJ:mark,0.0004047282603473826
ud23,block_pair,HOMERIC_TRADITION,PLUTARCH,43,CCONJ:nmod,1.5602267611404727e-05
ud23,block_pair,HOMERIC_TRADITION,PLUTARCH,44,CCONJ:obj,1.5602267611404727e-05
ud23,block_pair,HOMERIC_TRADITION,PLUTARCH,45,CCONJ:obl,1.5602267611404727e-05
ud23,block_pair,HOMERIC_TRADITION,PLUTARCH,46,DET:advmod,4.680680283421419e-05
ud23,block_pair,HOMERIC_TRADITION,PLUTARCH,47,DET:det,0.05892735110542388
ud23,block_pair,HOMERIC_TRADITION,PLUTARCH,48,DET:root,1.5602267611404727e-05
ud23,block_pair,HOMERIC_TRADITION,PLUTARCH,49,DET:xcomp,1.5602267611404727e-05
ud23,block_pair,HOMERIC_TRADITION,PLUTARCH,50,NOUN:acl,3.109820320575594e-07
ud23,block_pair,HOMERIC_TRADITION,PLUTARCH,51,NOUN:advcl,0.00021813226728972134
ud23,block_pair,HOMERIC_TRADITION,PLUTARCH,52,NOUN:appos,5.03323294415312e-09
ud23,block_pair,HOMERIC_TRADITION,PLUTARCH,53,NOUN:case,5.907408366559409e-06
ud23,block_pair,HOMERIC_TRADITION,PLUTARCH,54,NOUN:conj,6.97188462151371e-05
ud23,block_pair,HOMERIC_TRADITION,PLUTARCH,55,NOUN:iobj,1.8178545024610907e-05
ud23,block_pair,HOMERIC_TRADITION,PLUTARCH,56,NOUN:nmod,7.152901532061617e-05
ud23,block_pair,HOMERIC_TRADITION,PLUTARCH,57,NOUN:nsubj,0.0002413996744278146
ud23,block_pair,HOMERIC_TRADITION,PLUTARCH,58,NOUN:obj,0.0009813056561292378
ud23,block_pair,HOMERIC_TRADITION,PLUTARCH,59,NOUN:obl,0.00012322843120067886
ud23,block_pair,HOMERIC_TRADITION,PLUTARCH,60,NOUN:root,4.480885570342077e-05
ud23,block_pair,HOMERIC_TRADITION,PLUTARCH,61,NOUN:xcomp,0.0013206513791121834
ud23,block_pair,HOMERIC_TRADITION,PLUTARCH,62,NUM:advcl,4.680680283421419e-05
ud23,block_pair,HOMERIC_TRADITION,PLUTARCH,63,NUM:conj,6.438046619841729e-05
ud23,block_pair,HOMERIC_TRADITION,PLUTARCH,64,NUM:nsubj,3.403884634552493e-05
ud23,block_pair,HOMERIC_TRADITION,PLUTARCH,65,NUM:nummod,2.5524888293537598e-05
ud23,block_pair,HOMERIC_TRADITION,PLUTARCH,66,NUM:obj,1.7317523335213571e-06
ud23,block_pair,HOMERIC_TRADITION,PLUTARCH,67,NUM:obl,4.680680283421419e-05
ud23,block_pair,HOMERIC_TRADITION,PLUTARCH,68,NUM:root,5.907408366559409e-06
ud23,block_pair,HOMERIC_TRADITION,PLUTARCH,69,NUM:xcomp,5.907408366559409e-06
ud23,block_pair,HOMERIC_TRADITION,PLUTARCH,70,PRON:acl,3.403884634552493e-05
ud23,block_pair,HOMERIC_TRADITION,PLUTARCH,71,PRON:advcl,4.680680283421419e-05
ud23,block_pair,HOMERIC_TRADITION,PLUTARCH,72,PRON:appos,3.0988906551113948e-06
ud23,block_pair,HOMERIC_TRADITION,PLUTARCH,73,PRON:conj,8.266001360559595e-05
ud23,block_pair,HOMERIC_TRADITION,PLUTARCH,74,PRON:iobj,3.1059510671652536e-05
ud23,block_pair,HOMERIC_TRADITION,PLUTARCH,75,PRON:nmod,4.0034429487454813e-07
ud23,block_pair,HOMERIC_TRADITION,PLUTARCH,76,PRON:nsubj,0.0022916660942725597
ud23,block_pair,HOMERIC_TRADITION,PLUTARCH,77,PRON:obj,0.0009192305214139446
ud23,block_pair,HOMERIC_TRADITION,PLUTARCH,78,PRON:obl,3.898593150638858e-05
ud23,block_pair,HOMERIC_TRADITION,PLUTARCH,79,PRON:parataxis,1.5602267611404727e-05
ud23,block_pair,HOMERIC_TRADITION,PLUTARCH,80,PRON:root,2.955480445176554e-06
ud23,block_pair,HOMERIC_TRADITION,PLUTARCH,81,PRON:xcomp,0.0007296372792293977
ud23,block_pair,HOMERIC_TRADITION,PLUTARCH,82,SCONJ:case,0.00011961694073867918
ud23,block_pair,HOMERIC_TRADITION,PLUTARCH,83,SCONJ:cc,4.166629586570416e-05
ud23,block_pair,HOMERIC_TRADITION,PLUTARCH,84,SCONJ:mark,0.0002841069510570928
ud23,block_pair,HOMERIC_TRADITION,PLUTARCH,85,SCONJ:nmod,1.5602267611404727e-05
ud23,block_pair,HOMERIC_TRADITION,PLUTARCH,86,SCONJ:xcomp,1.5602267611404727e-05
ud23,block_pair,HOMERIC_TRADITION,PLUTARCH,87,VERB:acl,0.00025018315539057884
ud23,block_pair,HOMERIC_TRADITION,PLUTARCH,88,VERB:advcl,0.00015613104736675884
ud23,block_pair,HOMERIC_TRADITION,PLUTARCH,89,VERB:appos,7.536371567957179e-06
ud23,block_pair,HOMERIC_TRADITION,PLUTARCH,90,VERB:case,1.5602267611404727e-05
ud23,block_pair,HOMERIC_TRADITION,PLUTARCH,91,VERB:ccomp,0.001605995880222805
ud23,block_pair,HOMERIC_TRADITION,PLUTARCH,92,VERB:conj,0.00044780011912087976
ud23,block_pair,HOMERIC_TRADITION,PLUTARCH,93,VERB:csubj,0.0012681704875596414
ud23,block_pair,HOMERIC_TRADITION,PLUTARCH,94,VERB:nmod,0.0015007546562682602
ud23,block_pair,HOMERIC_TRADITION,PLUTARCH,95,VERB:nsubj,0.0013697844793928303
ud23,block_pair,HOMERIC_TRADITION,PLUTARCH,96,VERB:obl,0.001033394384436944
ud23,block_pair,HOMERIC_TRADITION,PLUTARCH,97,VERB:parataxis,5.15626751340093e-05
ud23,block_pair,HOMERIC_TRADITION,PLUTARCH,98,VERB:root,0.002964172785588415
ud23,block_pair,HOMERIC_TRADITION,PLUTARCH,99,VERB:xcomp,0.00047495603316104976
ud23,block_pair,HOMERIC_TRADITION,THUCYDIDES,0,ADJ:advcl,0.0001800098277362466
ud23,block_pair,HOMERIC_TRADITION,THUCYDIDES,1,ADJ:advmod,0.00029699971789359965
ud23,block_pair,HOMERIC_TRADITION,THUCYDIDES,2,ADJ:amod,3.231678526096195e-05
ud23,block_pair,HOMERIC_TRADITION,THUCYDIDES,3,ADJ:appos,0.00010412832727400536
ud23,block_pair,HOMERIC_TRADITION,THUCYDIDES,4,ADJ:conj,0.0006192531643415731
ud23,block_pair,HOMERIC_TRADITION,THUCYDIDES,5,ADJ:iobj,0.00015077364992746093
ud23,block_pair,HOMERIC_TRADITION,THUCYDIDES,6,ADJ:nmod,0.007222894717959985
ud23,block_pair,HOMERIC_TRADITION,THUCYDIDES,7,ADJ:nsubj,3.623430419971783e-05
ud23,block_pair,HOMERIC_TRADITION,THUCYDIDES,8,ADJ:obj,2.674027984169282e-05
ud23,block_pair,HOMERIC_TRADITION,THUCYDIDES,9,ADJ:obl,0.0005237601089722087
ud23,block_pair,HOMERIC_TRADITION,THUCYDIDES,10,ADJ:parataxis,1.4466806188158325e-05
ud23,block_pair,HOMERIC_TRADITION,THUCYDIDES,11,ADJ:root,3.724881131148507e-05
ud23,block_pair,HOMERIC_TRADITION,THUCYDIDES,12,ADJ:xcomp,0.00015576220100710358
ud23,block_pair,HOMERIC_TRADITION,THUCYDIDES,13,ADP:advcl,1.4466806188158325e-05
ud23,block_pair,HOMERIC_TRADITION,THUCYDIDES,14,ADP:case,0.000867864493343324
ud23,block_pair,HOMERIC_TRADITION,THUCYDIDES,15,ADP:cc,1.4466806188158325e-05
ud23,block_pair,HOMERIC_TRADITION,THUCYDIDES,16,ADP:conj,1.4466806188158325e-05
ud23,block_pair,HOMERIC_TRADITION,THUCYDIDES,17,ADP:mark,1.3425006069104437e-06
ud23,block_pair,HOMERIC_TRADITION,THUCYDIDES,18,ADP:nmod,0.00016451678672354346
ud23,block_pair,HOMERIC_TRADITION,THUCYDIDES,19,ADP:nsubj,1.4466806188158325e-05
ud23,block_pair,HOMERIC_TRADITION,THUCYDIDES,20,ADP:obj,3.1068986661688706e-05
ud23,block_pair,HOMERIC_TRADITION,THUCYDIDES,21,ADP:root,1.4466806188158325e-05
ud23,block_pair,HOMERIC_TRADITION,THUCYDIDES,22,ADV_PART:acl,5.179915388123614e-06
ud23,block_pair,HOMERIC_TRADITION,THUCYDIDES,23,ADV_PART:advcl,1.3425006069104437e-06
ud23,block_pair,HOMERIC_TRADITION,THUCYDIDES,24,ADV_PART:advmod,0.00032640051071264244
ud23,block_pair,HOMERIC_TRADITION,THUCYDIDES,25,ADV_PART:case,7.488649550021237e-05
ud23,block_pair,HOMERIC_TRADITION,THUCYDIDES,26,ADV_PART:cc,0.02610270411078339
ud23,block_pair,HOMERIC_TRADITION,THUCYDIDES,27,ADV_PART:conj,4.2828802379235256e-05
ud23,block_pair,HOMERIC_TRADITION,THUCYDIDES,28,ADV_PART:mark,6.94681039806602e-05
ud23,block_pair,HOMERIC_TRADITION,THUCYDIDES,29,ADV_PART:nmod,0.0007391406437263198
ud23,block_pair,HOMERIC_TRADITION,THUCYDIDES,30,ADV_PART:nsubj,6.232189601720814e-05
ud23,block_pair,HOMERIC_TRADITION,THUCYDIDES,31,ADV_PART:obj,0.0013316566713168505
ud23,block_pair,HOMERIC_TRADITION,THUCYDIDES,32,ADV_PART:obl,6.78218640980838e-06
ud23,block_pair,HOMERIC_TRADITION,THUCYDIDES,33,ADV_PART:root,6.78218640980838e-06
ud23,block_pair,HOMERIC_TRADITION,THUCYDIDES,34,ADV_PART:xcomp,1.5539746164370828e-05
ud23,block_pair,HOMERIC_TRADITION,THUCYDIDES,35,AUX:aux,1.4466806188158325e-05
ud23,block_pair,HOMERIC_TRADITION,THUCYDIDES,36,AUX:conj,1.4466806188158325e-05
ud23,block_pair,HOMERIC_TRADITION,THUCYDIDES,37,AUX:cop,0.000889634581028712
ud23,block_pair,HOMERIC_TRADITION,THUCYDIDES,38,CCONJ:advmod,0.0020582277285097284
ud23,block_pair,HOMERIC_TRADITION,THUCYDIDES,39,CCONJ:case,1.4466806188158325e-05
ud23,block_pair,HOMERIC_TRADITION,THUCYDIDES,40,CCONJ:cc,0.003826501156994437
ud23,block_pair,HOMERIC_TRADITION,THUCYDIDES,41,CCONJ:conj,1.4466806188158325e-05
ud23,block_pair,HOMERIC_TRADITION,THUCYDIDES,42,CCONJ:mark,2.636716228368707e-06
ud23,block_pair,HOMERIC_TRADITION,THUCYDIDES,43,CCONJ:nmod,1.4466806188158325e-05
ud23,block_pair,HOMERIC_TRADITION,THUCYDIDES,44,CCONJ:obj,1.4466806188158325e-05
ud23,block_pair,HOMERIC_TRADITION,THUCYDIDES,45,CCONJ:obl,1.4466806188158325e-05
ud23,block_pair,HOMERIC_TRADITION,THUCYDIDES,46,DET:advmod,4.3400418564474975e-05
ud23,block_pair,HOMERIC_TRADITION,THUCYDIDES,47,DET:det,0.05153328871890339
ud23,block_pair,HOMERIC_TRADITION,THUCYDIDES,48,DET:root,1.4466806188158325e-05
ud23,block_pair,HOMERIC_TRADITION,THUCYDIDES,49,DET:xcomp,1.4466806188158325e-05
ud23,block_pair,HOMERIC_TRADITION,THUCYDIDES,50,NOUN:acl,0.00017963133728759084
ud23,block_pair,HOMERIC_TRADITION,THUCYDIDES,51,NOUN:advcl,4.7110206753056923e-05
ud23,block_pair,HOMERIC_TRADITION,THUCYDIDES,52,NOUN:appos,1.7854384086739853e-06
ud23,block_pair,HOMERIC_TRADITION,THUCYDIDES,53,NOUN:case,5.179915388123614e-06
ud23,block_pair,HOMERIC_TRADITION,THUCYDIDES,54,NOUN:conj,5.5892521441223844e-06
ud23,block_pair,HOMERIC_TRADITION,THUCYDIDES,55,NOUN:iobj,0.0003604956251958083
ud23,block_pair,HOMERIC_TRADITION,THUCYDIDES,56,NOUN:nmod,2.3313986029342986e-06
ud23,block_pair,HOMERIC_TRADITION,THUCYDIDES,57,NOUN:nsubj,0.0008555795607620128
ud23,block_pair,HOMERIC_TRADITION,THUCYDIDES,58,NOUN:obj,0.002685536592464984
ud23,block_pair,HOMERIC_TRADITION,THUCYDIDES,59,NOUN:obl,8.410740164379454e-05
ud23,block_pair,HOMERIC_TRADITION,THUCYDIDES,60,NOUN:root,0.00014403244502662324
ud23,block_pair,HOMERIC_TRADITION,THUCYDIDES,61,NOUN:xcomp,0.00038749232864714793
ud23,block_pair,HOMERIC_TRADITION,THUCYDIDES,62,NUM:advcl,5.179915388123614e-06
ud23,block_pair,HOMERIC_TRADITION,THUCYDIDES,63,NUM:conj,5.6756721732350884e-08
ud23,block_pair,HOMERIC_TRADITION,THUCYDIDES,64,NUM:nsubj,1.3425006069104437e-06
ud23,block_pair,HOMERIC_TRADITION,THUCYDIDES,65,NUM:nummod,0.0005480704481546758
ud23,block_pair,HOMERIC_TRADITION,THUCYDIDES,66,NUM:obj,1.3425006069104437e-06
ud23,block_pair,HOMERIC_TRADITION,THUCYDIDES,67,NUM:obl,5.179915388123614e-06
ud23,block_pair,HOMERIC_TRADITION,THUCYDIDES,68,NUM:root,5.179915388123614e-06
ud23,block_pair,HOMERIC_TRADITION,THUCYDIDES,69,NUM:xcomp,5.179915388123614e-06
ud23,block_pair,HOMERIC_TRADITION,THUCYDIDES,70,PRON:acl,1.3425006069104437e-06
ud23,block_pair,HOMERIC_TRADITION,THUCYDIDES,71,PRON:advcl,4.3400418564474975e-05
ud23,block_pair,HOMERIC_TRADITION,THUCYDIDES,72,PRON:appos,6.78218640980838e-06
ud23,block_pair,HOMERIC_TRADITION,THUCYDIDES,73,PRON:conj,0.00013058277484833227
ud23,block_pair,HOMERIC_TRADITION,THUCYDIDES,74,PRON:iobj,0.00011952571772241594
ud23,block_pair,HOMERIC_TRADITION,THUCYDIDES,75,PRON:nmod,0.00024094286027032076
ud23,block_pair,HOMERIC_TRADITION,THUCYDIDES,76,PRON:nsubj,0.0010812582869018073
ud23,block_pair,HOMERIC_TRADITION,THUCYDIDES,77,PRON:obj,7.853106553196111e-05
ud23,block_pair,HOMERIC_TRADITION,THUCYDIDES,78,PRON:obl,0.0006746185177648255
ud23,block_pair,HOMERIC_TRADITION,THUCYDIDES,79,PRON:parataxis,1.4466806188158325e-05
ud23,block_pair,HOMERIC_TRADITION,THUCYDIDES,80,PRON:root,2.0614929937436995e-05
ud23,block_pair,HOMERIC_TRADITION,THUCYDIDES,81,PRON:xcomp,0.0002882504836023383
ud23,block_pair,HOMERIC_TRADITION,THUCYDIDES,82,SCONJ:case,1.4466806188158325e-05
ud23,block_pair,HOMERIC_TRADITION,THUCYDIDES,83,SCONJ:cc,4.3581770580916196e-05
ud23,block_pair,HOMERIC_TRADITION,THUCYDIDES,84,SCONJ:mark,0.000549131900585836
ud23,block_pair,HOMERIC_TRADITION,THUCYDIDES,85,SCONJ:nmod,1.4466806188158325e-05
ud23,block_pair,HOMERIC_TRADITION,THUCYDIDES,86,SCONJ:xcomp,1.4466806188158325e-05
ud23,block_pair,HOMERIC_TRADITION,THUCYDIDES,87,VERB:acl,7.415173388520348e-06
ud23,block_pair,HOMERIC_TRADITION,THUCYDIDES,88,VERB:advcl,4.586062840526727e-06
ud23,block_pair,HOMERIC_TRADITION,THUCYDIDES,89,VERB:appos,2.0346559229425163e-05
ud23,block_pair,HOMERIC_TRADITION,THUCYDIDES,90,VERB:case,1.4466806188158325e-05
ud23,block_pair,HOMERIC_TRADITION,THUCYDIDES,91,VERB:ccomp,0.00042155905852351867
ud23,block_pair,HOMERIC_TRADITION,THUCYDIDES,92,VERB:conj,0.0005655159462184529
ud23,block_pair,HOMERIC_TRADITION,THUCYDIDES,93,VERB:csubj,0.0012512853784193542
ud23,block_pair,HOMERIC_TRADITION,THUCYDIDES,94,VERB:nmod,0.000614758815116089
ud23,block_pair,HOMERIC_TRADITION,THUCYDIDES,95,VERB:nsubj,0.0005861546019072591
ud23,block_pair,HOMERIC_TRADITION,THUCYDIDES,96,VERB:obl,0.0006162362260704829
ud23,block_pair,HOMERIC_TRADITION,THUCYDIDES,97,VERB:parataxis,8.749789260400824e-06
ud23,block_pair,HOMERIC_TRADITION,THUCYDIDES,98,VERB:root,0.002662250716227348
ud23,block_pair,HOMERIC_TRADITION,THUCYDIDES,99,VERB:xcomp,6.066822905214991e-05
ud23,block_pair,PLUTARCH,THUCYDIDES,0,ADJ:advcl,2.0004096864066037e-05
ud23,block_pair,PLUTARCH,THUCYDIDES,1,ADJ:advmod,0.0005574446445588449
ud23,block_pair,PLUTARCH,THUCYDIDES,2,ADJ:amod,1.4665013605092634e-07
ud23,block_pair,PLUTARCH,THUCYDIDES,3,ADJ:appos,0.0001381352504428544
ud23,block_pair,PLUTARCH,THUCYDIDES,4,ADJ:conj,7.748222496527539e-05
ud23,block_pair,PLUTARCH,THUCYDIDES,5,ADJ:iobj,0.00036104063176186653
ud23,block_pair,PLUTARCH,THUCYDIDES,6,ADJ:nmod,2.6047443581625007e-07
ud23,block_pair,PLUTARCH,THUCYDIDES,7,ADJ:nsubj,1.281990847799036e-06
ud23,block_pair,PLUTARCH,THUCYDIDES,8,ADJ:obj,1.2397367947431512e-05
ud23,block_pair,PLUTARCH,THUCYDIDES,9,ADJ:obl,0.0005771307871354982
ud23,block_pair,PLUTARCH,THUCYDIDES,10,ADJ:parataxis,2.2537297404741982e-05
ud23,block_pair,PLUTARCH,THUCYDIDES,11,ADJ:root,0.00012887053740736498
ud23,block_pair,PLUTARCH,THUCYDIDES,12,ADJ:xcomp,1.8923208103079482e-05
ud23,block_pair,PLUTARCH,THUCYDIDES,13,ADP:advcl,2.501860402933753e-08
ud23,block_pair,PLUTARCH,THUCYDIDES,14,ADP:case,0.00034673659900034785
ud23,block_pair,PLUTARCH,THUCYDIDES,15,ADP:cc,2.501860402933753e-08
ud23,block_pair,PLUTARCH,THUCYDIDES,16,ADP:conj,2.501860402933753e-08
ud23,block_pair,PLUTARCH,THUCYDIDES,17,ADP:mark,6.098275364517519e-05
ud23,block_pair,PLUTARCH,THUCYDIDES,18,ADP:nmod,9.444751301627855e-05
ud23,block_pair,PLUTARCH,THUCYDIDES,19,ADP:nsubj,2.501860402933753e-08
ud23,block_pair,PLUTARCH,THUCYDIDES,20,ADP:obj,1.8747109283434195e-05
ud23,block_pair,PLUTARCH,THUCYDIDES,21,ADP:root,2.501860402933753e-08
ud23,block_pair,PLUTARCH,THUCYDIDES,22,ADV_PART:acl,2.501860402933753e-08
ud23,block_pair,PLUTARCH,THUCYDIDES,23,ADV_PART:advcl,2.2537297404741982e-05
ud23,block_pair,PLUTARCH,THUCYDIDES,24,ADV_PART:advmod,0.00034224320711372797
ud23,block_pair,PLUTARCH,THUCYDIDES,25,ADV_PART:case,2.501860402933753e-08
ud23,block_pair,PLUTARCH,THUCYDIDES,26,ADV_PART:cc,8.079863125157042e-06
ud23,block_pair,PLUTARCH,THUCYDIDES,27,ADV_PART:conj,0.00022763323162957862
ud23,block_pair,PLUTARCH,THUCYDIDES,28,ADV_PART:mark,2.501860402933753e-08
ud23,block_pair,PLUTARCH,THUCYDIDES,29,ADV_PART:nmod,2.2260561258140624e-05
ud23,block_pair,PLUTARCH,THUCYDIDES,30,ADV_PART:nsubj,7.505581208801237e-08
ud23,block_pair,PLUTARCH,THUCYDIDES,31,ADV_PART:obj,5.373241331373672e-05
ud23,block_pair,PLUTARCH,THUCYDIDES,32,ADV_PART:obl,1.8747109283434195e-05
ud23,block_pair,PLUTARCH,THUCYDIDES,33,ADV_PART:root,1.8747109283434195e-05
ud23,block_pair,PLUTARCH,THUCYDIDES,34,ADV_PART:xcomp,1.8747109283434195e-05
ud23,block_pair,PLUTARCH,THUCYDIDES,35,AUX:aux,2.501860402933753e-08
ud23,block_pair,PLUTARCH,THUCYDIDES,36,AUX:conj,2.501860402933753e-08
ud23,block_pair,PLUTARCH,THUCYDIDES,37,AUX:cop,2.107292883035412e-05
ud23,block_pair,PLUTARCH,THUCYDIDES,38,CCONJ:advmod,1.200737927561819e-05
ud23,block_pair,PLUTARCH,THUCYDIDES,39,CCONJ:case,2.2537297404741982e-05
ud23,block_pair,PLUTARCH,THUCYDIDES,40,CCONJ:cc,0.00012481246524598342
ud23,block_pair,PLUTARCH,THUCYDIDES,41,CCONJ:conj,2.501860402933753e-08
ud23,block_pair,PLUTARCH,THUCYDIDES,42,CCONJ:mark,0.000343495558675968
ud23,block_pair,PLUTARCH,THUCYDIDES,43,CCONJ:nmod,2.501860402933753e-08
ud23,block_pair,PLUTARCH,THUCYDIDES,44,CCONJ:obj,2.501860402933753e-08
ud23,block_pair,PLUTARCH,THUCYDIDES,45,CCONJ:obl,2.501860402933753e-08
ud23,block_pair,PLUTARCH,THUCYDIDES,46,DET:advmod,7.505581208801237e-08
ud23,block_pair,PLUTARCH,THUCYDIDES,47,DET:det,0.000322427060892104
ud23,block_pair,PLUTARCH,THUCYDIDES,48,DET:root,2.501860402933753e-08
ud23,block_pair,PLUTARCH,THUCYDIDES,49,DET:xcomp,2.501860402933753e-08
ud23,block_pair,PLUTARCH,THUCYDIDES,50,NOUN:acl,0.00019391432965343584
ud23,block_pair,PLUTARCH,THUCYDIDES,51,NOUN:advcl,6.562729383085975e-05
ud23,block_pair,PLUTARCH,THUCYDIDES,52,NOUN:appos,1.6009593326328216e-06
ud23,block_pair,PLUTARCH,THUCYDIDES,53,NOUN:case,2.501860402933753e-08
ud23,block_pair,PLUTARCH,THUCYDIDES,54,NOUN:conj,3.584224488443067e-05
ud23,block_pair,PLUTARCH,THUCYDIDES,55,NOUN:iobj,0.00021852267364699915
ud23,block_pair,PLUTARCH,THUCYDIDES,56,NOUN:nmod,9.96753443201256e-05
ud23,block_pair,PLUTARCH,THUCYDIDES,57,NOUN:nsubj,0.0001887223180527804
ud23,block_pair,PLUTARCH,THUCYDIDES,58,NOUN:obj,0.0004242678941405987
ud23,block_pair,PLUTARCH,THUCYDIDES,59,NOUN:obl,3.726786732073542e-06
ud23,block_pair,PLUTARCH,THUCYDIDES,60,NOUN:root,2.8864897268727525e-05
ud23,block_pair,PLUTARCH,THUCYDIDES,61,NOUN:xcomp,0.00029527843095716617
ud23,block_pair,PLUTARCH,THUCYDIDES,62,NUM:advcl,2.2537297404741982e-05
ud23,block_pair,PLUTARCH,THUCYDIDES,63,NUM:conj,6.098275364517519e-05
ud23,block_pair,PLUTARCH,THUCYDIDES,64,NUM:nsubj,2.2537297404741982e-05
ud23,block_pair,PLUTARCH,THUCYDIDES,65,NUM:nummod,0.0007749600202460755
ud23,block_pair,PLUTARCH,THUCYDIDES,66,NUM:obj,2.501860402933753e-08
ud23,block_pair,PLUTARCH,THUCYDIDES,67,NUM:obl,2.2537297404741982e-05
ud23,block_pair,PLUTARCH,THUCYDIDES,68,NUM:root,2.501860402933753e-08
ud23,block_pair,PLUTARCH,THUCYDIDES,69,NUM:xcomp,2.501860402933753e-08
ud23,block_pair,PLUTARCH,THUCYDIDES,70,PRON:acl,2.2537297404741982e-05
ud23,block_pair,PLUTARCH,THUCYDIDES,71,PRON:advcl,7.505581208801237e-08
ud23,block_pair,PLUTARCH,THUCYDIDES,72,PRON:appos,1.8747109283434195e-05
ud23,block_pair,PLUTARCH,THUCYDIDES,73,PRON:conj,5.745975402514455e-06
ud23,block_pair,PLUTARCH,THUCYDIDES,74,PRON:iobj,2.8903848498825093e-05
ud23,block_pair,PLUTARCH,THUCYDIDES,75,PRON:nmod,0.00026087384913846593
ud23,block_pair,PLUTARCH,THUCYDIDES,76,PRON:nsubj,0.00023193791883490767
ud23,block_pair,PLUTARCH,THUCYDIDES,77,PRON:obj,0.00046247403320997475
ud23,block_pair,PLUTARCH,THUCYDIDES,78,PRON:obl,0.00039089542520928493
ud23,block_pair,PLUTARCH,THUCYDIDES,79,PRON:parataxis,2.501860402933753e-08
ud23,block_pair,PLUTARCH,THUCYDIDES,80,PRON:root,8.079863125157042e-06
ud23,block_pair,PLUTARCH,THUCYDIDES,81,PRON:xcomp,0.0001279505905085984
ud23,block_pair,PLUTARCH,THUCYDIDES,82,SCONJ:case,6.098275364517519e-05
ud23,block_pair,PLUTARCH,THUCYDIDES,83,SCONJ:cc,2.501860402933753e-08
ud23,block_pair,PLUTARCH,THUCYDIDES,84,SCONJ:mark,4.3707525914629805e-05
ud23,block_pair,PLUTARCH,THUCYDIDES,85,SCONJ:nmod,2.501860402933753e-08
ud23,block_pair,PLUTARCH,THUCYDIDES,86,SCONJ:xcomp,2.501860402933753e-08
ud23,block_pair,PLUTARCH,THUCYDIDES,87,VERB:acl,0.00034309173715103554
ud23,block_pair,PLUTARCH,THUCYDIDES,88,VERB:advcl,0.00010721794425654118
ud23,block_pair,PLUTARCH,THUCYDIDES,89,VERB:appos,3.152589499360699e-06
ud23,block_pair,PLUTARCH,THUCYDIDES,90,VERB:case,2.501860402933753e-08
ud23,block_pair,PLUTARCH,THUCYDIDES,91,VERB:ccomp,0.000395606845160362
ud23,block_pair,PLUTARCH,THUCYDIDES,92,VERB:conj,6.897073695894234e-06
ud23,block_pair,PLUTARCH,THUCYDIDES,93,VERB:csubj,6.45234940185177e-08
ud23,block_pair,PLUTARCH,THUCYDIDES,94,VERB:nmod,0.00020231260179474106
ud23,block_pair,PLUTARCH,THUCYDIDES,95,VERB:nsubj,0.0002110481639124333
ud23,block_pair,PLUTARCH,THUCYDIDES,96,VERB:obl,7.176806158992619e-05
ud23,block_pair,PLUTARCH,THUCYDIDES,97,VERB:parataxis,1.8747109283434195e-05
ud23,block_pair,PLUTARCH,THUCYDIDES,98,VERB:root,8.235769016925543e-06
ud23,block_pair,PLUTARCH,THUCYDIDES,99,VERB:xcomp,0.00019678580912734812
ud23,group_centroid,HEX,PROSE_ALL,0,ADJ:advcl,6.521400157362794e-05
ud23,group_centroid,HEX,PROSE_ALL,1,ADJ:advmod,7.241661705320265e-05
ud23,group_centroid,HEX,PROSE_ALL,2,ADJ:amod,5.086289309180601e-06
ud23,group_centroid,HEX,PROSE_ALL,3,ADJ:appos,9.20896085486314e-06
ud23,group_centroid,HEX,PROSE_ALL,4,ADJ:conj,6.352318095637153e-05
ud23,group_centroid,HEX,PROSE_ALL,5,ADJ:iobj,9.926596589064472e-06
ud23,group_centroid,HEX,PROSE_ALL,6,ADJ:nmod,0.007166371584788474
ud23,group_centroid,HEX,PROSE_ALL,7,ADJ:nsubj,2.557176266863555e-06
ud23,group_centroid,HEX,PROSE_ALL,8,ADJ:obj,1.6019627497569378e-06
ud23,group_centroid,HEX,PROSE_ALL,9,ADJ:obl,2.5966886808773972e-05
ud23,group_centroid,HEX,PROSE_ALL,10,ADJ:parataxis,5.693744327173987e-06
ud23,group_centroid,HEX,PROSE_ALL,11,ADJ:root,6.95309948259775e-05
ud23,group_centroid,HEX,PROSE_ALL,12,ADJ:xcomp,0.0002123735052517316
ud23,group_centroid,HEX,PROSE_ALL,13,ADP:advcl,3.482892590597152e-07
ud23,group_centroid,HEX,PROSE_ALL,14,ADP:case,0.0007226750784247744
ud23,group_centroid,HEX,PROSE_ALL,15,ADP:cc,3.482892590597152e-07
ud23,group_centroid,HEX,PROSE_ALL,16,ADP:conj,3.482892590597152e-07
ud23,group_centroid,HEX,PROSE_ALL,17,ADP:mark,1.2043049491196494e-05
ud23,group_centroid,HEX,PROSE_ALL,18,ADP:nmod,1.7644555609675973e-05
ud23,group_centroid,HEX,PROSE_ALL,19,ADP:nsubj,3.482892590597152e-07
ud23,group_centroid,HEX,PROSE_ALL,20,ADP:obj,1.856310756064094e-06
ud23,group_centroid,HEX,PROSE_ALL,21,ADP:root,3.482892590597152e-07
ud23,group_centroid,HEX,PROSE_ALL,22,ADV_PART:acl,7.901989521503139e-06
ud23,group_centroid,HEX,PROSE_ALL,23,ADV_PART:advcl,7.5268868769414e-06
ud23,group_centroid,HEX,PROSE_ALL,24,ADV_PART:advmod,0.000608379222832833
ud23,group_centroid,HEX,PROSE_ALL,25,ADV_PART:case,0.00015005674702588045
ud23,group_centroid,HEX,PROSE_ALL,26,ADV_PART:cc,0.028555407484374247
ud23,group_centroid,HEX,PROSE_ALL,27,ADV_PART:conj,1.1493367417871396e-06
ud23,group_centroid,HEX,PROSE_ALL,28,ADV_PART:mark,9.895938632350284e-05
ud23,group_centroid,HEX,PROSE_ALL,29,ADV_PART:nmod,0.0001819972565715542
ud23,group_centroid,HEX,PROSE_ALL,30,ADV_PART:nsubj,1.5792447810478644e-05
ud23,group_centroid,HEX,PROSE_ALL,31,ADV_PART:obj,0.0011113710920125175
ud23,group_centroid,HEX,PROSE_ALL,32,ADV_PART:obl,2.97214810479542e-05
ud23,group_centroid,HEX,PROSE_ALL,33,ADV_PART:root,1.3661371098606444e-05
ud23,group_centroid,HEX,PROSE_ALL,34,ADV_PART:xcomp,2.6739358194564635e-05
ud23,group_centroid,HEX,PROSE_ALL,35,AUX:aux,3.482892590597152e-07
ud23,group_centroid,HEX,PROSE_ALL,36,AUX:conj,1.3206640100892243e-06
ud23,group_centroid,HEX,PROSE_ALL,37,AUX:cop,0.0009419261764633661
ud23,group_centroid,HEX,PROSE_ALL,38,CCONJ:advmod,0.0029771300864099032
ud23,group_centroid,HEX,PROSE_ALL,39,CCONJ:case,1.0293840725190736e-05
ud23,group_centroid,HEX,PROSE_ALL,40,CCONJ:cc,0.0027174257706304135
ud23,group_centroid,HEX,PROSE_ALL,41,CCONJ:conj,1.3206640100892243e-06
ud23,group_centroid,HEX,PROSE_ALL,42,CCONJ:mark,2.035540739242435e-05
ud23,group_centroid,HEX,PROSE_ALL,43,CCONJ:nmod,2.0036903216221676e-06
ud23,group_centroid,HEX,PROSE_ALL,44,CCONJ:obj,1.3206640100892243e-06
ud23,group_centroid,HEX,PROSE_ALL,45,CCONJ:obl,1.3206640100892243e-06
ud23,group_centroid,HEX,PROSE_ALL,46,DET:advmod,3.421070128113505e-05
ud23,group_centroid,HEX,PROSE_ALL,47,DET:det,0.0583526561787842
ud23,group_centroid,HEX,PROSE_ALL,48,DET:root,1.3206640100892243e-06
ud23,group_centroid,HEX,PROSE_ALL,49,DET:xcomp,4.5114162668177155e-06
ud23,group_centroid,HEX,PROSE_ALL,50,NOUN:acl,6.57823843716203e-05
ud23,group_centroid,HEX,PROSE_ALL,51,NOUN:advcl,8.605134213377875e-05
ud23,group_centroid,HEX,PROSE_ALL,52,NOUN:appos,0.0012863178913796749
ud23,group_centroid,HEX,PROSE_ALL,53,NOUN:case,1.940851039524485e-06
ud23,group_centroid,HEX,PROSE_ALL,54,NOUN:conj,0.0015091763228907698
ud23,group_centroid,HEX,PROSE_ALL,55,NOUN:iobj,0.00011386996574046053
ud23,group_centroid,HEX,PROSE_ALL,56,NOUN:nmod,3.6891193057146925e-08
ud23,group_centroid,HEX,PROSE_ALL,57,NOUN:nsubj,6.160911375814983e-05
ud23,group_centroid,HEX,PROSE_ALL,58,NOUN:obj,0.0015045759463113758
ud23,group_centroid,HEX,PROSE_ALL,59,NOUN:obl,9.697306409580677e-06
ud23,group_centroid,HEX,PROSE_ALL,60,NOUN:root,5.538726774074719e-05
ud23,group_centroid,HEX,PROSE_ALL,61,NOUN:xcomp,0.0006320812997417096
ud23,group_centroid,HEX,PROSE_ALL,62,NUM:advcl,2.0482708451538707e-06
ud23,group_centroid,HEX,PROSE_ALL,63,NUM:conj,2.0556088504663245e-05
ud23,group_centroid,HEX,PROSE_ALL,64,NUM:nsubj,9.336387760197756e-07
ud23,group_centroid,HEX,PROSE_ALL,65,NUM:nummod,7.622132536188282e-05
ud23,group_centroid,HEX,PROSE_ALL,66,NUM:obj,1.5273488719669954e-07
ud23,group_centroid,HEX,PROSE_ALL,67,NUM:obl,2.0482708451538707e-06
ud23,group_centroid,HEX,PROSE_ALL,68,NUM:root,5.8602953980007565e-09
ud23,group_centroid,HEX,PROSE_ALL,69,NUM:xcomp,5.8602953980007565e-09
ud23,group_centroid,HEX,PROSE_ALL,70,PRON:acl,4.198872765920164e-05
ud23,group_centroid,HEX,PROSE_ALL,71,PRON:advcl,2.758149605250023e-05
ud23,group_centroid,HEX,PROSE_ALL,72,PRON:appos,3.257639581740967e-06
ud23,group_centroid,HEX,PROSE_ALL,73,PRON:conj,8.949109571867273e-05
ud23,group_centroid,HEX,PROSE_ALL,74,PRON:iobj,1.0827610676296894e-05
ud23,group_centroid,HEX,PROSE_ALL,75,PRON:nmod,7.858039555064939e-05
ud23,group_centroid,HEX,PROSE_ALL,76,PRON:nsubj,0.0009213208394078512
ud23,group_centroid,HEX,PROSE_ALL,77,PRON:obj,2.278899824516051e-05
ud23,group_centroid,HEX,PROSE_ALL,78,PRON:obl,0.0005920943690990823
ud23,group_centroid,HEX,PROSE_ALL,79,PRON:parataxis,3.482892590597152e-07
ud23,group_centroid,HEX,PROSE_ALL,80,PRON:root,7.302337786117622e-05
ud23,group_centroid,HEX,PROSE_ALL,81,PRON:xcomp,0.0004334841613982655
ud23,group_centroid,HEX,PROSE_ALL,82,SCONJ:case,4.311274859642037e-05
ud23,group_centroid,HEX,PROSE_ALL,83,SCONJ:cc,2.3051833869279324e-05
ud23,group_centroid,HEX,PROSE_ALL,84,SCONJ:mark,0.00045959777787500894
ud23,group_centroid,HEX,PROSE_ALL,85,SCONJ:nmod,3.482892590597152e-07
ud23,group_centroid,HEX,PROSE_ALL,86,SCONJ:xcomp,1.3206640100892243e-06
ud23,group_centroid,HEX,PROSE_ALL,87,VERB:acl,0.00017425870257224067
ud23,group_centroid,HEX,PROSE_ALL,88,VERB:advcl,0.00012237330035597864
ud23,group_centroid,HEX,PROSE_ALL,89,VERB:appos,2.0692190036802834e-05
ud23,group_centroid,HEX,PROSE_ALL,90,VERB:case,3.482892590597152e-07
ud23,group_centroid,HEX,PROSE_ALL,91,VERB:ccomp,0.0018182447877520768
ud23,group_centroid,HEX,PROSE_ALL,92,VERB:conj,9.061146072286675e-05
ud23,group_centroid,HEX,PROSE_ALL,93,VERB:csubj,0.0006289629483771044
ud23,group_centroid,HEX,PROSE_ALL,94,VERB:nmod,0.0006203151132315357
ud23,group_centroid,HEX,PROSE_ALL,95,VERB:nsubj,0.0006797070112214747
ud23,group_centroid,HEX,PROSE_ALL,96,VERB:obl,0.000472657120344114
ud23,group_centroid,HEX,PROSE_ALL,97,VERB:parataxis,2.6471999101392084e-05
ud23,group_centroid,HEX,PROSE_ALL,98,VERB:root,0.0018316810844922274
ud23,group_centroid,HEX,PROSE_ALL,99,VERB:xcomp,0.0005834988552354593
ud23_oth,block_pair,ATHENAEUS,DIODORUS,0,ADJ:advcl,0.0001060823980872963
ud23_oth,block_pair,ATHENAEUS,DIODORUS,1,ADJ:advmod,3.8960064911705615e-06
ud23_oth,block_pair,ATHENAEUS,DIODORUS,2,ADJ:amod,1.7340495101405423e-06
ud23_oth,block_pair,ATHENAEUS,DIODORUS,3,ADJ:appos,3.823739381860325e-06
ud23_oth,block_pair,ATHENAEUS,DIODORUS,4,ADJ:conj,0.0001901603928644842
ud23_oth,block_pair,ATHENAEUS,DIODORUS,5,ADJ:iobj,3.7703665479122276e-06
ud23_oth,block_pair,ATHENAEUS,DIODORUS,6,ADJ:nmod,2.3168448614353516e-06
ud23_oth,block_pair,ATHENAEUS,DIODORUS,7,ADJ:nsubj,2.85157916916543e-05
ud23_oth,block_pair,ATHENAEUS,DIODORUS,8,ADJ:obj,5.809640823487548e-08
ud23_oth,block_pair,ATHENAEUS,DIODORUS,9,ADJ:obl,6.659468581750408e-05
ud23_oth,block_pair,ATHENAEUS,DIODORUS,10,ADJ:oth,0.00017500251518925029
ud23_oth,block_pair,ATHENAEUS,DIODORUS,11,ADJ:parataxis,3.823739381860325e-06
ud23_oth,block_pair,ATHENAEUS,DIODORUS,12,ADJ:root,0.0005597737169452134
ud23_oth,block_pair,ATHENAEUS,DIODORUS,13,ADJ:xcomp,1.1392137411194255e-06
ud23_oth,block_pair,ATHENAEUS,DIODORUS,14,ADP:advcl,8.369623244384585e-07
ud23_oth,block_pair,ATHENAEUS,DIODORUS,15,ADP:case,0.00024422623288273973
ud23_oth,block_pair,ATHENAEUS,DIODORUS,16,ADP:cc,8.369623244384585e-07
ud23_oth,block_pair,ATHENAEUS,DIODORUS,17,ADP:conj,8.369623244384585e-07
ud23_oth,block_pair,ATHENAEUS,DIODORUS,18,ADP:mark,3.194857541773531e-05
ud23_oth,block_pair,ATHENAEUS,DIODORUS,19,ADP:nmod,3.823739381860325e-06
ud23_oth,block_pair,ATHENAEUS,DIODORUS,20,ADP:nsubj,8.369623244384585e-07
ud23_oth,block_pair,ATHENAEUS,DIODORUS,21,ADP:obj,3.823739381860325e-06
ud23_oth,block_pair,ATHENAEUS,DIODORUS,22,ADP:root,8.369623244384585e-07
ud23_oth,block_pair,ATHENAEUS,DIODORUS,23,ADV_PART:acl,8.369623244384585e-07
ud23_oth,block_pair,ATHENAEUS,DIODORUS,24,ADV_PART:advcl,2.9588139836150887e-05
ud23_oth,block_pair,ATHENAEUS,DIODORUS,25,ADV_PART:advmod,0.0009679611581957428
ud23_oth,block_pair,ATHENAEUS,DIODORUS,26,ADV_PART:case,1.51621130037338e-05
ud23_oth,block_pair,ATHENAEUS,DIODORUS,27,ADV_PART:cc,9.158646089018795e-07
ud23_oth,block_pair,ATHENAEUS,DIODORUS,28,ADV_PART:conj,1.1093784953958438e-05
ud23_oth,block_pair,ATHENAEUS,DIODORUS,29,ADV_PART:mark,8.369623244384585e-07
ud23_oth,block_pair,ATHENAEUS,DIODORUS,30,ADV_PART:nmod,0.0001584120748475747
ud23_oth,block_pair,ATHENAEUS,DIODORUS,31,ADV_PART:nsubj,8.369623244384585e-07
ud23_oth,block_pair,ATHENAEUS,DIODORUS,32,ADV_PART:obj,0.0001174352696518375
ud23_oth,block_pair,ATHENAEUS,DIODORUS,33,ADV_PART:obl,1.51621130037338e-05
ud23_oth,block_pair,ATHENAEUS,DIODORUS,34,ADV_PART:oth,8.369623244384585e-07
ud23_oth,block_pair,ATHENAEUS,DIODORUS,35,ADV_PART:root,2.9588139836150887e-05
ud23_oth,block_pair,ATHENAEUS,DIODORUS,36,ADV_PART:xcomp,4.019551288594527e-06
ud23_oth,block_pair,ATHENAEUS,DIODORUS,37,AUX:aux,8.369623244384585e-07
ud23_oth,block_pair,ATHENAEUS,DIODORUS,38,AUX:conj,3.823739381860325e-06
ud23_oth,block_pair,ATHENAEUS,DIODORUS,39,AUX:cop,0.0015451548023479476
ud23_oth,block_pair,ATHENAEUS,DIODORUS,40,CCONJ:advmod,1.1471218145580971e-05
ud23_oth,block_pair,ATHENAEUS,DIODORUS,41,CCONJ:case,4.4453518880751967e-05
ud23_oth,block_pair,ATHENAEUS,DIODORUS,42,CCONJ:cc,0.0005046437244119783
ud23_oth,block_pair,ATHENAEUS,DIODORUS,43,CCONJ:conj,3.823739381860325e-06
ud23_oth,block_pair,ATHENAEUS,DIODORUS,44,CCONJ:mark,5.546892476979246e-05
ud23_oth,block_pair,ATHENAEUS,DIODORUS,45,CCONJ:nmod,1.9116924017757628e-05
ud23_oth,block_pair,ATHENAEUS,DIODORUS,46,CCONJ:obj,3.823739381860325e-06
ud23_oth,block_pair,ATHENAEUS,DIODORUS,47,CCONJ:obl,3.823739381860325e-06
ud23_oth,block_pair,ATHENAEUS,DIODORUS,48,DET:advmod,2.5108869733153953e-06
ud23_oth,block_pair,ATHENAEUS,DIODORUS,49,DET:det,0.0036794278153205982
ud23_oth,block_pair,ATHENAEUS,DIODORUS,50,DET:root,3.823739381860325e-06
ud23_oth,block_pair,ATHENAEUS,DIODORUS,51,DET:xcomp,2.9588139836150887e-05
ud23_oth,block_pair,ATHENAEUS,DIODORUS,52,NOUN:acl,5.171507880136135e-06
ud23_oth,block_pair,ATHENAEUS,DIODORUS,53,NOUN:advcl,2.5864764893254835e-05
ud23_oth,block_pair,ATHENAEUS,DIODORUS,54,NOUN:appos,0.00021427841007762326
ud23_oth,block_pair,ATHENAEUS,DIODORUS,55,NOUN:case,2.5108869733153953e-06
ud23_oth,block_pair,ATHENAEUS,DIODORUS,56,NOUN:conj,1.8892772133812896e-05
ud23_oth,block_pair,ATHENAEUS,DIODORUS,57,NOUN:iobj,3.143375093320113e-06
ud23_oth,block_pair,ATHENAEUS,DIODORUS,58,NOUN:nmod,3.0338574549925302e-06
ud23_oth,block_pair,ATHENAEUS,DIODORUS,59,NOUN:nsubj,0.000347530520705287
ud23_oth,block_pair,ATHENAEUS,DIODORUS,60,NOUN:obj,0.00012920542668852118
ud23_oth,block_pair,ATHENAEUS,DIODORUS,61,NOUN:obl,0.0006242121176180228
ud23_oth,block_pair,ATHENAEUS,DIODORUS,62,NOUN:oth,0.0015903911884513847
ud23_oth,block_pair,ATHENAEUS,DIODORUS,63,NOUN:root,0.0005934441602556922
ud23_oth,block_pair,ATHENAEUS,DIODORUS,64,NOUN:xcomp,0.0002144811210284328
ud23_oth,block_pair,ATHENAEUS,DIODORUS,65,NUM:advcl,8.369623244384585e-07
ud23_oth,block_pair,ATHENAEUS,DIODORUS,66,NUM:conj,1.51621130037338e-05
ud23_oth,block_pair,ATHENAEUS,DIODORUS,67,NUM:nsubj,8.369623244384585e-07
ud23_oth,block_pair,ATHENAEUS,DIODORUS,68,NUM:nummod,0.0002341229309542862
ud23_oth,block_pair,ATHENAEUS,DIODORUS,69,NUM:obj,8.369623244384585e-07
ud23_oth,block_pair,ATHENAEUS,DIODORUS,70,NUM:obl,8.369623244384585e-07
ud23_oth,block_pair,ATHENAEUS,DIODORUS,71,NUM:root,8.369623244384585e-07
ud23_oth,block_pair,ATHENAEUS,DIODORUS,72,NUM:xcomp,8.369623244384585e-07
ud23_oth,block_pair,ATHENAEUS,DIODORUS,73,PRON:acl,2.1279146337401883e-05
ud23_oth,block_pair,ATHENAEUS,DIODORUS,74,PRON:advcl,2.9588139836150887e-05
ud23_oth,block_pair,ATHENAEUS,DIODORUS,75,PRON:appos,8.369623244384585e-07
ud23_oth,block_pair,ATHENAEUS,DIODORUS,76,PRON:conj,2.5864764893254835e-05
ud23_oth,block_pair,ATHENAEUS,DIODORUS,77,PRON:iobj,7.708326473618304e-05
ud23_oth,block_pair,ATHENAEUS,DIODORUS,78,PRON:nmod,0.0006337765676426702
ud23_oth,block_pair,ATHENAEUS,DIODORUS,79,PRON:nsubj,0.0003946615886322674
ud23_oth,block_pair,ATHENAEUS,DIODORUS,80,PRON:obj,0.0017058491681168687
ud23_oth,block_pair,ATHENAEUS,DIODORUS,81,PRON:obl,2.2268283025033027e-06
ud23_oth,block_pair,ATHENAEUS,DIODORUS,82,PRON:oth,6.272749373514078e-05
ud23_oth,block_pair,ATHENAEUS,DIODORUS,83,PRON:parataxis,8.369623244384585e-07
ud23_oth,block_pair,ATHENAEUS,DIODORUS,84,PRON:root,2.924735801072433e-07
ud23_oth,block_pair,ATHENAEUS,DIODORUS,85,PRON:xcomp,9.944642391328484e-05
ud23_oth,block_pair,ATHENAEUS,DIODORUS,86,SCONJ:case,1.9090670136480587e-07
ud23_oth,block_pair,ATHENAEUS,DIODORUS,87,SCONJ:cc,8.369623244384585e-07
ud23_oth,block_pair,ATHENAEUS,DIODORUS,88,SCONJ:mark,0.0018844116495128232
ud23_oth,block_pair,ATHENAEUS,DIODORUS,89,SCONJ:nmod,8.369623244384585e-07
ud23_oth,block_pair,ATHENAEUS,DIODORUS,90,SCONJ:xcomp,3.823739381860325e-06
ud23_oth,block_pair,ATHENAEUS,DIODORUS,91,VERB:acl,0.0004171948015152747
ud23_oth,block_pair,ATHENAEUS,DIODORUS,92,VERB:advcl,5.088653635909124e-05
ud23_oth,block_pair,ATHENAEUS,DIODORUS,93,VERB:appos,7.223607810343141e-07
ud23_oth,block_pair,ATHENAEUS,DIODORUS,94,VERB:case,8.369623244384585e-07
ud23_oth,block_pair,ATHENAEUS,DIODORUS,95,VERB:ccomp,0.0008900364328025454
ud23_oth,block_pair,ATHENAEUS,DIODORUS,96,VERB:conj,0.0009727223022447853
ud23_oth,block_pair,ATHENAEUS,DIODORUS,97,VERB:csubj,2.6978881984092922e-05
ud23_oth,block_pair,ATHENAEUS,DIODORUS,98,VERB:nmod,5.0048641715136994e-05
ud23_oth,block_pair,ATHENAEUS,DIODORUS,99,VERB:nsubj,8.497328421489176e-05
ud23_oth,block_pair,ATHENAEUS,DIODORUS,100,VERB:obl,6.440856743985068e-07
ud23_oth,block_pair,ATHENAEUS,DIODORUS,101,VERB:oth,2.9588139836150887e-05
ud23_oth,block_pair,ATHENAEUS,DIODORUS,102,VERB:parataxis,7.365728727448746e-05
ud23_oth,block_pair,ATHENAEUS,DIODORUS,103,VERB:root,0.00100192634919582
ud23_oth,block_pair,ATHENAEUS,DIODORUS,104,VERB:xcomp,0.0009669064948815615
ud23_oth,block_pair,ATHENAEUS,HERODOTUS,0,ADJ:advcl,3.7231881406450223e-06
ud23_oth,block_pair,ATHENAEUS,HERODOTUS,1,ADJ:advmod,6.517528783488017e-05
ud23_oth,block_pair,ATHENAEUS,HERODOTUS,2,ADJ:amod,8.835358291994739e-06
ud23_oth,block_pair,ATHENAEUS,HERODOTUS,3,ADJ:appos,4.5092894827126874e-05
ud23_oth,block_pair,ATHENAEUS,HERODOTUS,4,ADJ:conj,1.4294970841916417e-06
ud23_oth,block_pair,ATHENAEUS,HERODOTUS,5,ADJ:iobj,1.630331773649843e-07
ud23_oth,block_pair,ATHENAEUS,HERODOTUS,6,ADJ:nmod,2.2454343268544868e-06
ud23_oth,block_pair,ATHENAEUS,HERODOTUS,7,ADJ:nsubj,9.091320389597007e-05
ud23_oth,block_pair,ATHENAEUS,HERODOTUS,8,ADJ:obj,2.142242077626111e-05
ud23_oth,block_pair,ATHENAEUS,HERODOTUS,9,ADJ:obl,0.0002478691015852897
ud23_oth,block_pair,ATHENAEUS,HERODOTUS,10,ADJ:oth,0.00011419391036552322
ud23_oth,block_pair,ATHENAEUS,HERODOTUS,11,ADJ:parataxis,5.060063096970773e-06
ud23_oth,block_pair,ATHENAEUS,HERODOTUS,12,ADJ:root,4.388529962023226e-06
ud23_oth,block_pair,ATHENAEUS,HERODOTUS,13,ADJ:xcomp,4.336132429648811e-05
ud23_oth,block_pair,ATHENAEUS,HERODOTUS,14,ADP:advcl,3.7982920560146423e-07
ud23_oth,block_pair,ATHENAEUS,HERODOTUS,15,ADP:case,0.0009013074411217516
ud23_oth,block_pair,ATHENAEUS,HERODOTUS,16,ADP:cc,3.7982920560146423e-07
ud23_oth,block_pair,ATHENAEUS,HERODOTUS,17,ADP:conj,3.7982920560146423e-07
ud23_oth,block_pair,ATHENAEUS,HERODOTUS,18,ADP:mark,4.929975606066402e-05
ud23_oth,block_pair,ATHENAEUS,HERODOTUS,19,ADP:nmod,5.060063096970773e-06
ud23_oth,block_pair,ATHENAEUS,HERODOTUS,20,ADP:nsubj,3.7982920560146423e-07
ud23_oth,block_pair,ATHENAEUS,HERODOTUS,21,ADP:obj,5.060063096970773e-06
ud23_oth,block_pair,ATHENAEUS,HERODOTUS,22,ADP:root,3.7982920560146423e-07
ud23_oth,block_pair,ATHENAEUS,HERODOTUS,23,ADV_PART:acl,3.7982920560146423e-07
ud23_oth,block_pair,ATHENAEUS,HERODOTUS,24,ADV_PART:advcl,6.348959767036121e-06
ud23_oth,block_pair,ATHENAEUS,HERODOTUS,25,ADV_PART:advmod,0.00010504044588333138
ud23_oth,block_pair,ATHENAEUS,HERODOTUS,26,ADV_PART:case,1.7448802169676654e-05
ud23_oth,block_pair,ATHENAEUS,HERODOTUS,27,ADV_PART:cc,1.5180189290912321e-05
ud23_oth,block_pair,ATHENAEUS,HERODOTUS,28,ADV_PART:conj,3.869259142013848e-05
ud23_oth,block_pair,ATHENAEUS,HERODOTUS,29,ADV_PART:mark,3.7982920560146423e-07
ud23_oth,block_pair,ATHENAEUS,HERODOTUS,30,ADV_PART:nmod,8.67937586378536e-05
ud23_oth,block_pair,ATHENAEUS,HERODOTUS,31,ADV_PART:nsubj,3.653386463558276e-05
ud23_oth,block_pair,ATHENAEUS,HERODOTUS,32,ADV_PART:obj,1.7366684985077302e-05
ud23_oth,block_pair,ATHENAEUS,HERODOTUS,33,ADV_PART:obl,1.7448802169676654e-05
ud23_oth,block_pair,ATHENAEUS,HERODOTUS,34,ADV_PART:oth,3.7982920560146423e-07
ud23_oth,block_pair,ATHENAEUS,HERODOTUS,35,ADV_PART:root,5.097994186682923e-05
ud23_oth,block_pair,ATHENAEUS,HERODOTUS,36,ADV_PART:xcomp,6.797418466106705e-05
ud23_oth,block_pair,ATHENAEUS,HERODOTUS,37,AUX:aux,3.7982920560146423e-07
ud23_oth,block_pair,ATHENAEUS,HERODOTUS,38,AUX:conj,5.060063096970773e-06
ud23_oth,block_pair,ATHENAEUS,HERODOTUS,39,AUX:cop,0.00034696179027223027
ud23_oth,block_pair,ATHENAEUS,HERODOTUS,40,CCONJ:advmod,2.643522601587847e-06
ud23_oth,block_pair,ATHENAEUS,HERODOTUS,41,CCONJ:case,3.7982920560146423e-07
ud23_oth,block_pair,ATHENAEUS,HERODOTUS,42,CCONJ:cc,0.00022226969172223525
ud23_oth,block_pair,ATHENAEUS,HERODOTUS,43,CCONJ:conj,5.060063096970773e-06
ud23_oth,block_pair,ATHENAEUS,HERODOTUS,44,CCONJ:mark,0.000376131138156663
ud23_oth,block_pair,ATHENAEUS,HERODOTUS,45,CCONJ:nmod,3.7982920560146423e-07
ud23_oth,block_pair,ATHENAEUS,HERODOTUS,46,CCONJ:obj,5.060063096970773e-06
ud23_oth,block_pair,ATHENAEUS,HERODOTUS,47,CCONJ:obl,5.060063096970773e-06
ud23_oth,block_pair,ATHENAEUS,HERODOTUS,48,DET:advmod,8.703542628183878e-05
ud23_oth,block_pair,ATHENAEUS,HERODOTUS,49,DET:det,5.749044239845326e-05
ud23_oth,block_pair,ATHENAEUS,HERODOTUS,50,DET:root,5.060063096970773e-06
ud23_oth,block_pair,ATHENAEUS,HERODOTUS,51,DET:xcomp,3.263825590426798e-05
ud23_oth,block_pair,ATHENAEUS,HERODOTUS,52,NOUN:acl,0.00016517704817054854
ud23_oth,block_pair,ATHENAEUS,HERODOTUS,53,NOUN:advcl,1.1028165320729678e-07
ud23_oth,block_pair,ATHENAEUS,HERODOTUS,54,NOUN:appos,0.00011658247256836712
ud23_oth,block_pair,ATHENAEUS,HERODOTUS,55,NOUN:case,5.060063096970773e-06
ud23_oth,block_pair,ATHENAEUS,HERODOTUS,56,NOUN:conj,0.00011475766299305938
ud23_oth,block_pair,ATHENAEUS,HERODOTUS,57,NOUN:iobj,1.2436612467194637e-05
ud23_oth,block_pair,ATHENAEUS,HERODOTUS,58,NOUN:nmod,0.0010433749238587687
ud23_oth,block_pair,ATHENAEUS,HERODOTUS,59,NOUN:nsubj,0.00011732881536072543
ud23_oth,block_pair,ATHENAEUS,HERODOTUS,60,NOUN:obj,5.995835684405749e-05
ud23_oth,block_pair,ATHENAEUS,HERODOTUS,61,NOUN:obl,6.857960066826148e-05
ud23_oth,block_pair,ATHENAEUS,HERODOTUS,62,NOUN:oth,3.272821915285671e-05
ud23_oth,block_pair,ATHENAEUS,HERODOTUS,63,NOUN:root,9.886946753194769e-06
ud23_oth,block_pair,ATHENAEUS,HERODOTUS,64,NOUN:xcomp,2.0081585415652233e-05
ud23_oth,block_pair,ATHENAEUS,HERODOTUS,65,NUM:advcl,3.7982920560146423e-07
ud23_oth,block_pair,ATHENAEUS,HERODOTUS,66,NUM:conj,3.876727986883903e-05
ud23_oth,block_pair,ATHENAEUS,HERODOTUS,67,NUM:nsubj,3.7982920560146423e-07
ud23_oth,block_pair,ATHENAEUS,HERODOTUS,68,NUM:nummod,0.0003782538490308185
ud23_oth,block_pair,ATHENAEUS,HERODOTUS,69,NUM:obj,3.7982920560146423e-07
ud23_oth,block_pair,ATHENAEUS,HERODOTUS,70,NUM:obl,3.7982920560146423e-07
ud23_oth,block_pair,ATHENAEUS,HERODOTUS,71,NUM:root,3.7982920560146423e-07
ud23_oth,block_pair,ATHENAEUS,HERODOTUS,72,NUM:xcomp,3.7982920560146423e-07
ud23_oth,block_pair,ATHENAEUS,HERODOTUS,73,PRON:acl,3.233995166904868e-05
ud23_oth,block_pair,ATHENAEUS,HERODOTUS,74,PRON:advcl,1.046510968066579e-05
ud23_oth,block_pair,ATHENAEUS,HERODOTUS,75,PRON:appos,3.653386463558276e-05
ud23_oth,block_pair,ATHENAEUS,HERODOTUS,76,PRON:conj,7.425920652375122e-05
ud23_oth,block_pair,ATHENAEUS,HERODOTUS,77,PRON:iobj,0.0003152098773033545
ud23_oth,block_pair,ATHENAEUS,HERODOTUS,78,PRON:nmod,1.2909601083323599e-05
ud23_oth,block_pair,ATHENAEUS,HERODOTUS,79,PRON:nsubj,0.00035219962339358207
ud23_oth,block_pair,ATHENAEUS,HERODOTUS,80,PRON:obj,0.0009260604059345007
ud23_oth,block_pair,ATHENAEUS,HERODOTUS,81,PRON:obl,0.00016531024046223574
ud23_oth,block_pair,ATHENAEUS,HERODOTUS,82,PRON:oth,6.687217403304277e-05
ud23_oth,block_pair,ATHENAEUS,HERODOTUS,83,PRON:parataxis,3.7982920560146423e-07
ud23_oth,block_pair,ATHENAEUS,HERODOTUS,84,PRON:root,7.976413317630792e-06
ud23_oth,block_pair,ATHENAEUS,HERODOTUS,85,PRON:xcomp,3.8466095072943e-05
ud23_oth,block_pair,ATHENAEUS,HERODOTUS,86,SCONJ:case,1.046510968066579e-05
ud23_oth,block_pair,ATHENAEUS,HERODOTUS,87,SCONJ:cc,3.7982920560146423e-07
ud23_oth,block_pair,ATHENAEUS,HERODOTUS,88,SCONJ:mark,3.206342962130287e-05
ud23_oth,block_pair,ATHENAEUS,HERODOTUS,89,SCONJ:nmod,3.7982920560146423e-07
ud23_oth,block_pair,ATHENAEUS,HERODOTUS,90,SCONJ:xcomp,5.060063096970773e-06
ud23_oth,block_pair,ATHENAEUS,HERODOTUS,91,VERB:acl,5.87533863820888e-05
ud23_oth,block_pair,ATHENAEUS,HERODOTUS,92,VERB:advcl,0.00041134281282474315
ud23_oth,block_pair,ATHENAEUS,HERODOTUS,93,VERB:appos,0.0001872167357085715
ud23_oth,block_pair,ATHENAEUS,HERODOTUS,94,VERB:case,3.7982920560146423e-07
ud23_oth,block_pair,ATHENAEUS,HERODOTUS,95,VERB:ccomp,3.3876513458288215e-06
ud23_oth,block_pair,ATHENAEUS,HERODOTUS,96,VERB:conj,0.00038284023390975155
ud23_oth,block_pair,ATHENAEUS,HERODOTUS,97,VERB:csubj,4.1401383410559804e-05
ud23_oth,block_pair,ATHENAEUS,HERODOTUS,98,VERB:nmod,0.00010793273916794694
ud23_oth,block_pair,ATHENAEUS,HERODOTUS,99,VERB:nsubj,1.1155815718440248e-05
ud23_oth,block_pair,ATHENAEUS,HERODOTUS,100,VERB:obl,8.955178719553591e-05
ud23_oth,block_pair,ATHENAEUS,HERODOTUS,101,VERB:oth,6.348959767036121e-06
ud23_oth,block_pair,ATHENAEUS,HERODOTUS,102,VERB:parataxis,4.7617704671946474e-05
ud23_oth,block_pair,ATHENAEUS,HERODOTUS,103,VERB:root,0.00014816372064041603
ud23_oth,block_pair,ATHENAEUS,HERODOTUS,104,VERB:xcomp,8.915848337337311e-05
ud23_oth,block_pair,ATHENAEUS,HESIODIC_TRADITION,0,ADJ:advcl,6.414825556451883e-05
ud23_oth,block_pair,ATHENAEUS,HESIODIC_TRADITION,1,ADJ:advmod,0.0005608741250293842
ud23_oth,block_pair,ATHENAEUS,HESIODIC_TRADITION,2,ADJ:amod,6.002854208730826e-05
ud23_oth,block_pair,ATHENAEUS,HESIODIC_TRADITION,3,ADJ:appos,0.00012972719788075112
ud23_oth,block_pair,ATHENAEUS,HESIODIC_TRADITION,4,ADJ:conj,1.989033515220639e-05
ud23_oth,block_pair,ATHENAEUS,HESIODIC_TRADITION,5,ADJ:iobj,1.8805518005098363e-05
ud23_oth,block_pair,ATHENAEUS,HESIODIC_TRADITION,6,ADJ:nmod,0.007816470645072425
ud23_oth,block_pair,ATHENAEUS,HESIODIC_TRADITION,7,ADJ:nsubj,3.38910010829686e-05
ud23_oth,block_pair,ATHENAEUS,HESIODIC_TRADITION,8,ADJ:obj,2.3203960164709203e-05
ud23_oth,block_pair,ATHENAEUS,HESIODIC_TRADITION,9,ADJ:obl,5.3841094228906906e-05
ud23_oth,block_pair,ATHENAEUS,HESIODIC_TRADITION,10,ADJ:oth,6.623932165254455e-05
ud23_oth,block_pair,ATHENAEUS,HESIODIC_TRADITION,11,ADJ:parataxis,3.713844824229013e-07
ud23_oth,block_pair,ATHENAEUS,HESIODIC_TRADITION,12,ADJ:root,0.00016332461532135687
ud23_oth,block_pair,ATHENAEUS,HESIODIC_TRADITION,13,ADJ:xcomp,0.00012556684271148818
ud23_oth,block_pair,ATHENAEUS,HESIODIC_TRADITION,14,ADP:advcl,5.074602641697237e-06
ud23_oth,block_pair,ATHENAEUS,HESIODIC_TRADITION,15,ADP:case,0.0012418111930932512
ud23_oth,block_pair,ATHENAEUS,HESIODIC_TRADITION,16,ADP:cc,5.074602641697237e-06
ud23_oth,block_pair,ATHENAEUS,HESIODIC_TRADITION,17,ADP:conj,5.074602641697237e-06
ud23_oth,block_pair,ATHENAEUS,HESIODIC_TRADITION,18,ADP:mark,1.1141534472686904e-06
ud23_oth,block_pair,ATHENAEUS,HESIODIC_TRADITION,19,ADP:nmod,3.713844824229013e-07
ud23_oth,block_pair,ATHENAEUS,HESIODIC_TRADITION,20,ADP:nsubj,5.074602641697237e-06
ud23_oth,block_pair,ATHENAEUS,HESIODIC_TRADITION,21,ADP:obj,3.713844824229013e-07
ud23_oth,block_pair,ATHENAEUS,HESIODIC_TRADITION,22,ADP:root,5.074602641697237e-06
ud23_oth,block_pair,ATHENAEUS,HESIODIC_TRADITION,23,ADV_PART:acl,4.3242399293583715e-05
ud23_oth,block_pair,ATHENAEUS,HESIODIC_TRADITION,24,ADV_PART:advcl,1.7315648400647064e-05
ud23_oth,block_pair,ATHENAEUS,HESIODIC_TRADITION,25,ADV_PART:advmod,0.000123572958270971
ud23_oth,block_pair,ATHENAEUS,HESIODIC_TRADITION,26,ADV_PART:case,0.00017315053022195324
ud23_oth,block_pair,ATHENAEUS,HESIODIC_TRADITION,27,ADV_PART:cc,0.030532634465933534
ud23_oth,block_pair,ATHENAEUS,HESIODIC_TRADITION,28,ADV_PART:conj,9.490889738864581e-05
ud23_oth,block_pair,ATHENAEUS,HESIODIC_TRADITION,29,ADV_PART:mark,0.00013750709910036928
ud23_oth,block_pair,ATHENAEUS,HESIODIC_TRADITION,30,ADV_PART:nmod,9.189693418522777e-05
ud23_oth,block_pair,ATHENAEUS,HESIODIC_TRADITION,31,ADV_PART:nsubj,5.074602641697237e-06
ud23_oth,block_pair,ATHENAEUS,HESIODIC_TRADITION,32,ADV_PART:obj,0.0005633955639470123
ud23_oth,block_pair,ATHENAEUS,HESIODIC_TRADITION,33,ADV_PART:obl,5.6363306515246495e-05
ud23_oth,block_pair,ATHENAEUS,HESIODIC_TRADITION,34,ADV_PART:oth,5.074602641697237e-06
ud23_oth,block_pair,ATHENAEUS,HESIODIC_TRADITION,35,ADV_PART:root,1.7315648400647064e-05
ud23_oth,block_pair,ATHENAEUS,HESIODIC_TRADITION,36,ADV_PART:xcomp,1.7315648400647064e-05
ud23_oth,block_pair,ATHENAEUS,HESIODIC_TRADITION,37,AUX:aux,5.074602641697237e-06
ud23_oth,block_pair,ATHENAEUS,HESIODIC_TRADITION,38,AUX:conj,3.713844824229013e-07
ud23_oth,block_pair,ATHENAEUS,HESIODIC_TRADITION,39,AUX:cop,0.001406331539778447
ud23_oth,block_pair,ATHENAEUS,HESIODIC_TRADITION,40,CCONJ:advmod,0.0038817129618607636
ud23_oth,block_pair,ATHENAEUS,HESIODIC_TRADITION,41,CCONJ:case,5.074602641697237e-06
ud23_oth,block_pair,ATHENAEUS,HESIODIC_TRADITION,42,CCONJ:cc,0.0007992653107558329
ud23_oth,block_pair,ATHENAEUS,HESIODIC_TRADITION,43,CCONJ:conj,3.713844824229013e-07
ud23_oth,block_pair,ATHENAEUS,HESIODIC_TRADITION,44,CCONJ:mark,8.002566679021669e-06
ud23_oth,block_pair,ATHENAEUS,HESIODIC_TRADITION,45,CCONJ:nmod,5.074602641697237e-06
ud23_oth,block_pair,ATHENAEUS,HESIODIC_TRADITION,46,CCONJ:obj,3.713844824229013e-07
ud23_oth,block_pair,ATHENAEUS,HESIODIC_TRADITION,47,CCONJ:obl,3.713844824229013e-07
ud23_oth,block_pair,ATHENAEUS,HESIODIC_TRADITION,48,DET:advmod,3.713844824229013e-07
ud23_oth,block_pair,ATHENAEUS,HESIODIC_TRADITION,49,DET:det,0.05221102767994323
ud23_oth,block_pair,ATHENAEUS,HESIODIC_TRADITION,50,DET:root,3.713844824229013e-07
ud23_oth,block_pair,ATHENAEUS,HESIODIC_TRADITION,51,DET:xcomp,1.7315648400647064e-05
ud23_oth,block_pair,ATHENAEUS,HESIODIC_TRADITION,52,NOUN:acl,6.003997926936876e-06
ud23_oth,block_pair,ATHENAEUS,HESIODIC_TRADITION,53,NOUN:advcl,0.00010525755163172974
ud23_oth,block_pair,ATHENAEUS,HESIODIC_TRADITION,54,NOUN:appos,0.0023846974692053307
ud23_oth,block_pair,ATHENAEUS,HESIODIC_TRADITION,55,NOUN:case,3.713844824229013e-07
ud23_oth,block_pair,ATHENAEUS,HESIODIC_TRADITION,56,NOUN:conj,0.004590817794057596
ud23_oth,block_pair,ATHENAEUS,HESIODIC_TRADITION,57,NOUN:iobj,0.0001400648770383924
ud23_oth,block_pair,ATHENAEUS,HESIODIC_TRADITION,58,NOUN:nmod,9.690673779746452e-05
ud23_oth,block_pair,ATHENAEUS,HESIODIC_TRADITION,59,NOUN:nsubj,0.00015332694267851691
ud23_oth,block_pair,ATHENAEUS,HESIODIC_TRADITION,60,NOUN:obj,0.0015526917700414014
ud23_oth,block_pair,ATHENAEUS,HESIODIC_TRADITION,61,NOUN:obl,3.225499261219058e-05
ud23_oth,block_pair,ATHENAEUS,HESIODIC_TRADITION,62,NOUN:oth,0.00016531117448861243
ud23_oth,block_pair,ATHENAEUS,HESIODIC_TRADITION,63,NOUN:root,0.00016220811182268957
ud23_oth,block_pair,ATHENAEUS,HESIODIC_TRADITION,64,NOUN:xcomp,0.0007832630623756808
ud23_oth,block_pair,ATHENAEUS,HESIODIC_TRADITION,65,NUM:advcl,5.074602641697237e-06
ud23_oth,block_pair,ATHENAEUS,HESIODIC_TRADITION,66,NUM:conj,6.658902897834392e-06
ud23_oth,block_pair,ATHENAEUS,HESIODIC_TRADITION,67,NUM:nsubj,5.074602641697237e-06
ud23_oth,block_pair,ATHENAEUS,HESIODIC_TRADITION,68,NUM:nummod,0.0003000147941912339
ud23_oth,block_pair,ATHENAEUS,HESIODIC_TRADITION,69,NUM:obj,5.074602641697237e-06
ud23_oth,block_pair,ATHENAEUS,HESIODIC_TRADITION,70,NUM:obl,5.074602641697237e-06
ud23_oth,block_pair,ATHENAEUS,HESIODIC_TRADITION,71,NUM:root,5.074602641697237e-06
ud23_oth,block_pair,ATHENAEUS,HESIODIC_TRADITION,72,NUM:xcomp,5.074602641697237e-06
ud23_oth,block_pair,ATHENAEUS,HESIODIC_TRADITION,73,PRON:acl,4.494223260138299e-05
ud23_oth,block_pair,ATHENAEUS,HESIODIC_TRADITION,74,PRON:advcl,1.7315648400647064e-05
ud23_oth,block_pair,ATHENAEUS,HESIODIC_TRADITION,75,PRON:appos,4.3242399293583715e-05
ud23_oth,block_pair,ATHENAEUS,HESIODIC_TRADITION,76,PRON:conj,5.273760548386997e-05
ud23_oth,block_pair,ATHENAEUS,HESIODIC_TRADITION,77,PRON:iobj,1.0249682873411073e-05
ud23_oth,block_pair,ATHENAEUS,HESIODIC_TRADITION,78,PRON:nmod,0.0003715946084753008
ud23_oth,block_pair,ATHENAEUS,HESIODIC_TRADITION,79,PRON:nsubj,0.00045455478709909665
ud23_oth,block_pair,ATHENAEUS,HESIODIC_TRADITION,80,PRON:obj,0.00012230591405658288
ud23_oth,block_pair,ATHENAEUS,HESIODIC_TRADITION,81,PRON:obl,0.0009021303100366512
ud23_oth,block_pair,ATHENAEUS,HESIODIC_TRADITION,82,PRON:oth,4.494223260138299e-05
ud23_oth,block_pair,ATHENAEUS,HESIODIC_TRADITION,83,PRON:parataxis,5.074602641697237e-06
ud23_oth,block_pair,ATHENAEUS,HESIODIC_TRADITION,84,PRON:root,0.00012926293981949756
ud23_oth,block_pair,ATHENAEUS,HESIODIC_TRADITION,85,PRON:xcomp,0.000398492424462434
ud23_oth,block_pair,ATHENAEUS,HESIODIC_TRADITION,86,SCONJ:case,1.7315648400647064e-05
ud23_oth,block_pair,ATHENAEUS,HESIODIC_TRADITION,87,SCONJ:cc,5.074602641697237e-06
ud23_oth,block_pair,ATHENAEUS,HESIODIC_TRADITION,88,SCONJ:mark,0.0015206196786736602
ud23_oth,block_pair,ATHENAEUS,HESIODIC_TRADITION,89,SCONJ:nmod,5.074602641697237e-06
ud23_oth,block_pair,ATHENAEUS,HESIODIC_TRADITION,90,SCONJ:xcomp,3.713844824229013e-07
ud23_oth,block_pair,ATHENAEUS,HESIODIC_TRADITION,91,VERB:acl,0.0002450865776462358
ud23_oth,block_pair,ATHENAEUS,HESIODIC_TRADITION,92,VERB:advcl,3.3783185203745906e-05
ud23_oth,block_pair,ATHENAEUS,HESIODIC_TRADITION,93,VERB:appos,1.3914484233969331e-06
ud23_oth,block_pair,ATHENAEUS,HESIODIC_TRADITION,94,VERB:case,5.074602641697237e-06
ud23_oth,block_pair,ATHENAEUS,HESIODIC_TRADITION,95,VERB:ccomp,0.004182050114157763
ud23_oth,block_pair,ATHENAEUS,HESIODIC_TRADITION,96,VERB:conj,7.147393467606274e-05
ud23_oth,block_pair,ATHENAEUS,HESIODIC_TRADITION,97,VERB:csubj,0.00015815034608438567
ud23_oth,block_pair,ATHENAEUS,HESIODIC_TRADITION,98,VERB:nmod,0.00035992077495875115
ud23_oth,block_pair,ATHENAEUS,HESIODIC_TRADITION,99,VERB:nsubj,0.0003189721606312183
ud23_oth,block_pair,ATHENAEUS,HESIODIC_TRADITION,100,VERB:obl,0.00035164994143817226
ud23_oth,block_pair,ATHENAEUS,HESIODIC_TRADITION,101,VERB:oth,1.7315648400647064e-05
ud23_oth,block_pair,ATHENAEUS,HESIODIC_TRADITION,102,VERB:parataxis,2.148995817659951e-06
ud23_oth,block_pair,ATHENAEUS,HESIODIC_TRADITION,103,VERB:root,0.0003887350394571956
ud23_oth,block_pair,ATHENAEUS,HESIODIC_TRADITION,104,VERB:xcomp,0.0005385035753776091
ud23_oth,block_pair,ATHENAEUS,HOMERIC_TRADITION,0,ADJ:advcl,7.232237228527248e-05
ud23_oth,block_pair,ATHENAEUS,HOMERIC_TRADITION,1,ADJ:advmod,0.00023020434384091962
ud23_oth,block_pair,ATHENAEUS,HOMERIC_TRADITION,2,ADJ:amod,4.06683017541296e-05
ud23_oth,block_pair,ATHENAEUS,HOMERIC_TRADITION,3,ADJ:appos,1.6225040781418466e-06
ud23_oth,block_pair,ATHENAEUS,HOMERIC_TRADITION,4,ADJ:conj,0.00032329557220203513
ud23_oth,block_pair,ATHENAEUS,HOMERIC_TRADITION,5,ADJ:iobj,2.6694434992455724e-05
ud23_oth,block_pair,ATHENAEUS,HOMERIC_TRADITION,6,ADJ:nmod,0.003167392570217366
ud23_oth,block_pair,ATHENAEUS,HOMERIC_TRADITION,7,ADJ:nsubj,6.986676749669041e-05
ud23_oth,block_pair,ATHENAEUS,HOMERIC_TRADITION,8,ADJ:obj,1.30310336206943e-06
ud23_oth,block_pair,ATHENAEUS,HOMERIC_TRADITION,9,ADJ:obl,9.335913121562354e-05
ud23_oth,block_pair,ATHENAEUS,HOMERIC_TRADITION,10,ADJ:oth,8.766713870536876e-05
ud23_oth,block_pair,ATHENAEUS,HOMERIC_TRADITION,11,ADJ:parataxis,1.9209432890554517e-05
ud23_oth,block_pair,ATHENAEUS,HOMERIC_TRADITION,12,ADJ:root,0.00016725614763644751
ud23_oth,block_pair,ATHENAEUS,HOMERIC_TRADITION,13,ADJ:xcomp,0.0003996954122369011
ud23_oth,block_pair,ATHENAEUS,HOMERIC_TRADITION,14,ADP:advcl,2.79039233539742e-06
ud23_oth,block_pair,ATHENAEUS,HOMERIC_TRADITION,15,ADP:case,0.001240599156968174
ud23_oth,block_pair,ATHENAEUS,HOMERIC_TRADITION,16,ADP:cc,2.79039233539742e-06
ud23_oth,block_pair,ATHENAEUS,HOMERIC_TRADITION,17,ADP:conj,2.79039233539742e-06
ud23_oth,block_pair,ATHENAEUS,HOMERIC_TRADITION,18,ADP:mark,4.365892911567754e-05
ud23_oth,block_pair,ATHENAEUS,HOMERIC_TRADITION,19,ADP:nmod,1.9209432890554517e-05
ud23_oth,block_pair,ATHENAEUS,HOMERIC_TRADITION,20,ADP:nsubj,2.79039233539742e-06
ud23_oth,block_pair,ATHENAEUS,HOMERIC_TRADITION,21,ADP:obj,3.209298906642694e-06
ud23_oth,block_pair,ATHENAEUS,HOMERIC_TRADITION,22,ADP:root,2.79039233539742e-06
ud23_oth,block_pair,ATHENAEUS,HOMERIC_TRADITION,23,ADV_PART:acl,2.339451424406123e-09
ud23_oth,block_pair,ATHENAEUS,HOMERIC_TRADITION,24,ADV_PART:advcl,2.7941809031738506e-05
ud23_oth,block_pair,ATHENAEUS,HOMERIC_TRADITION,25,ADV_PART:advmod,0.001659157760157376
ud23_oth,block_pair,ATHENAEUS,HOMERIC_TRADITION,26,ADV_PART:case,3.82431447302265e-05
ud23_oth,block_pair,ATHENAEUS,HOMERIC_TRADITION,27,ADV_PART:cc,0.026179525762134646
ud23_oth,block_pair,ATHENAEUS,HOMERIC_TRADITION,28,ADV_PART:conj,2.3088370842285177e-06
ud23_oth,block_pair,ATHENAEUS,HOMERIC_TRADITION,29,ADV_PART:mark,0.00010398445054468159
ud23_oth,block_pair,ATHENAEUS,HOMERIC_TRADITION,30,ADV_PART:nmod,0.00022185479777237844
ud23_oth,block_pair,ATHENAEUS,HOMERIC_TRADITION,31,ADV_PART:nsubj,2.79039233539742e-06
ud23_oth,block_pair,ATHENAEUS,HOMERIC_TRADITION,32,ADV_PART:obj,0.001186509648008823
ud23_oth,block_pair,ATHENAEUS,HOMERIC_TRADITION,33,ADV_PART:obl,5.015108627297223e-07
ud23_oth,block_pair,ATHENAEUS,HOMERIC_TRADITION,34,ADV_PART:oth,2.79039233539742e-06
ud23_oth,block_pair,ATHENAEUS,HOMERIC_TRADITION,35,ADV_PART:root,5.358027074524136e-06
ud23_oth,block_pair,ATHENAEUS,HOMERIC_TRADITION,36,ADV_PART:xcomp,1.3335746230835144e-05
ud23_oth,block_pair,ATHENAEUS,HOMERIC_TRADITION,37,AUX:aux,2.79039233539742e-06
ud23_oth,block_pair,ATHENAEUS,HOMERIC_TRADITION,38,AUX:conj,1.9209432890554517e-05
ud23_oth,block_pair,ATHENAEUS,HOMERIC_TRADITION,39,AUX:cop,0.0010867992791688233
ud23_oth,block_pair,ATHENAEUS,HOMERIC_TRADITION,40,CCONJ:advmod,0.001977947578855765
ud23_oth,block_pair,ATHENAEUS,HOMERIC_TRADITION,41,CCONJ:case,2.79039233539742e-06
ud23_oth,block_pair,ATHENAEUS,HOMERIC_TRADITION,42,CCONJ:cc,0.0009087939136790072
ud23_oth,block_pair,ATHENAEUS,HOMERIC_TRADITION,43,CCONJ:conj,1.9209432890554517e-05
ud23_oth,block_pair,ATHENAEUS,HOMERIC_TRADITION,44,CCONJ:mark,0.0003511782806742092
ud23_oth,block_pair,ATHENAEUS,HOMERIC_TRADITION,45,CCONJ:nmod,2.79039233539742e-06
ud23_oth,block_pair,ATHENAEUS,HOMERIC_TRADITION,46,CCONJ:obj,1.9209432890554517e-05
ud23_oth,block_pair,ATHENAEUS,HOMERIC_TRADITION,47,CCONJ:obl,1.9209432890554517e-05
ud23_oth,block_pair,ATHENAEUS,HOMERIC_TRADITION,48,DET:advmod,8.371177006192262e-06
ud23_oth,block_pair,ATHENAEUS,HOMERIC_TRADITION,49,DET:det,0.05302950490206842
ud23_oth,block_pair,ATHENAEUS,HOMERIC_TRADITION,50,DET:root,1.9209432890554517e-05
ud23_oth,block_pair,ATHENAEUS,HOMERIC_TRADITION,51,DET:xcomp,5.803856127383127e-05
ud23_oth,block_pair,ATHENAEUS,HOMERIC_TRADITION,52,NOUN:acl,1.7199750639541785e-05
ud23_oth,block_pair,ATHENAEUS,HOMERIC_TRADITION,53,NOUN:advcl,3.3451229527289606e-05
ud23_oth,block_pair,ATHENAEUS,HOMERIC_TRADITION,54,NOUN:appos,0.0001582369102151426
ud23_oth,block_pair,ATHENAEUS,HOMERIC_TRADITION,55,NOUN:case,8.371177006192262e-06
ud23_oth,block_pair,ATHENAEUS,HOMERIC_TRADITION,56,NOUN:conj,5.2578494616003385e-06
ud23_oth,block_pair,ATHENAEUS,HOMERIC_TRADITION,57,NOUN:iobj,0.0001841999342165224
ud23_oth,block_pair,ATHENAEUS,HOMERIC_TRADITION,58,NOUN:nmod,0.0007244656705716187
ud23_oth,block_pair,ATHENAEUS,HOMERIC_TRADITION,59,NOUN:nsubj,3.076112816448513e-05
ud23_oth,block_pair,ATHENAEUS,HOMERIC_TRADITION,60,NOUN:obj,0.001086166475645049
ud23_oth,block_pair,ATHENAEUS,HOMERIC_TRADITION,61,NOUN:obl,6.525187091580302e-07
ud23_oth,block_pair,ATHENAEUS,HOMERIC_TRADITION,62,NOUN:oth,0.00012729378979261618
ud23_oth,block_pair,ATHENAEUS,HOMERIC_TRADITION,63,NOUN:root,0.00039664183466134095
ud23_oth,block_pair,ATHENAEUS,HOMERIC_TRADITION,64,NOUN:xcomp,0.0010924399192747205
ud23_oth,block_pair,ATHENAEUS,HOMERIC_TRADITION,65,NUM:advcl,2.339451424406123e-09
ud23_oth,block_pair,ATHENAEUS,HOMERIC_TRADITION,66,NUM:conj,8.092013961788292e-06
ud23_oth,block_pair,ATHENAEUS,HOMERIC_TRADITION,67,NUM:nsubj,1.1668717981223473e-06
ud23_oth,block_pair,ATHENAEUS,HOMERIC_TRADITION,68,NUM:nummod,0.00010168168445277278
ud23_oth,block_pair,ATHENAEUS,HOMERIC_TRADITION,69,NUM:obj,1.1668717981223473e-06
ud23_oth,block_pair,ATHENAEUS,HOMERIC_TRADITION,70,NUM:obl,2.339451424406123e-09
ud23_oth,block_pair,ATHENAEUS,HOMERIC_TRADITION,71,NUM:root,2.339451424406123e-09
ud23_oth,block_pair,ATHENAEUS,HOMERIC_TRADITION,72,NUM:xcomp,2.339451424406123e-09
ud23_oth,block_pair,ATHENAEUS,HOMERIC_TRADITION,73,PRON:acl,6.045241088262823e-05
ud23_oth,block_pair,ATHENAEUS,HOMERIC_TRADITION,74,PRON:advcl,3.973543137037886e-05
ud23_oth,block_pair,ATHENAEUS,HOMERIC_TRADITION,75,PRON:appos,1.6604170576351945e-05
ud23_oth,block_pair,ATHENAEUS,HOMERIC_TRADITION,76,PRON:conj,3.3451229527289606e-05
ud23_oth,block_pair,ATHENAEUS,HOMERIC_TRADITION,77,PRON:iobj,7.998307998247794e-05
ud23_oth,block_pair,ATHENAEUS,HOMERIC_TRADITION,78,PRON:nmod,0.00019105617967801075
ud23_oth,block_pair,ATHENAEUS,HOMERIC_TRADITION,79,PRON:nsubj,0.0014596035640651438
ud23_oth,block_pair,ATHENAEUS,HOMERIC_TRADITION,80,PRON:obj,0.00032313750111456806
ud23_oth,block_pair,ATHENAEUS,HOMERIC_TRADITION,81,PRON:obl,3.7817384030006574e-05
ud23_oth,block_pair,ATHENAEUS,HOMERIC_TRADITION,82,PRON:oth,3.861394641152759e-05
ud23_oth,block_pair,ATHENAEUS,HOMERIC_TRADITION,83,PRON:parataxis,2.79039233539742e-06
ud23_oth,block_pair,ATHENAEUS,HOMERIC_TRADITION,84,PRON:root,7.451525099518858e-05
ud23_oth,block_pair,ATHENAEUS,HOMERIC_TRADITION,85,PRON:xcomp,0.0004062699289168188
ud23_oth,block_pair,ATHENAEUS,HOMERIC_TRADITION,86,SCONJ:case,5.803856127383127e-05
ud23_oth,block_pair,ATHENAEUS,HOMERIC_TRADITION,87,SCONJ:cc,7.30090638945752e-05
ud23_oth,block_pair,ATHENAEUS,HOMERIC_TRADITION,88,SCONJ:mark,0.0006955172585578727
ud23_oth,block_pair,ATHENAEUS,HOMERIC_TRADITION,89,SCONJ:nmod,2.79039233539742e-06
ud23_oth,block_pair,ATHENAEUS,HOMERIC_TRADITION,90,SCONJ:xcomp,1.9209432890554517e-05
ud23_oth,block_pair,ATHENAEUS,HOMERIC_TRADITION,91,VERB:acl,0.0001347142316455881
ud23_oth,block_pair,ATHENAEUS,HOMERIC_TRADITION,92,VERB:advcl,7.794379374674999e-06
ud23_oth,block_pair,ATHENAEUS,HOMERIC_TRADITION,93,VERB:appos,1.5045325881891685e-06
ud23_oth,block_pair,ATHENAEUS,HOMERIC_TRADITION,94,VERB:case,2.79039233539742e-06
ud23_oth,block_pair,ATHENAEUS,HOMERIC_TRADITION,95,VERB:ccomp,0.0018820005480519545
ud23_oth,block_pair,ATHENAEUS,HOMERIC_TRADITION,96,VERB:conj,0.0027286713674524975
ud23_oth,block_pair,ATHENAEUS,HOMERIC_TRADITION,97,VERB:csubj,0.0002699794118221126
ud23_oth,block_pair,ATHENAEUS,HOMERIC_TRADITION,98,VERB:nmod,0.0012949102322023119
ud23_oth,block_pair,ATHENAEUS,HOMERIC_TRADITION,99,VERB:nsubj,0.0005385744629733297
ud23_oth,block_pair,ATHENAEUS,HOMERIC_TRADITION,100,VERB:obl,0.0006592071027696112
ud23_oth,block_pair,ATHENAEUS,HOMERIC_TRADITION,101,VERB:oth,1.3422118536879163e-06
ud23_oth,block_pair,ATHENAEUS,HOMERIC_TRADITION,102,VERB:parataxis,1.2222037340480221e-05
ud23_oth,block_pair,ATHENAEUS,HOMERIC_TRADITION,103,VERB:root,0.0009573943602083487
ud23_oth,block_pair,ATHENAEUS,HOMERIC_TRADITION,104,VERB:xcomp,5.3560076379855696e-05
ud23_oth,block_pair,ATHENAEUS,PLUTARCH,0,ADJ:advcl,3.2127749314873495e-07
ud23_oth,block_pair,ATHENAEUS,PLUTARCH,1,ADJ:advmod,8.086523824131552e-05
ud23_oth,block_pair,ATHENAEUS,PLUTARCH,2,ADJ:amod,8.244692562758496e-07
ud23_oth,block_pair,ATHENAEUS,PLUTARCH,3,ADJ:appos,2.182606021408854e-07
ud23_oth,block_pair,ATHENAEUS,PLUTARCH,4,ADJ:conj,0.00025238539997645185
ud23_oth,block_pair,ATHENAEUS,PLUTARCH,5,ADJ:iobj,0.00015083256611901218
ud23_oth,block_pair,ATHENAEUS,PLUTARCH,6,ADJ:nmod,0.0008399229371027911
ud23_oth,block_pair,ATHENAEUS,PLUTARCH,7,ADJ:nsubj,0.00017925636715063632
ud23_oth,block_pair,ATHENAEUS,PLUTARCH,8,ADJ:obj,0.0001004249630365728
ud23_oth,block_pair,ATHENAEUS,PLUTARCH,9,ADJ:obl,0.00011415362059860362
ud23_oth,block_pair,ATHENAEUS,PLUTARCH,10,ADJ:oth,6.0634076743845575e-05
ud23_oth,block_pair,ATHENAEUS,PLUTARCH,11,ADJ:parataxis,1.716354261343098e-05
ud23_oth,block_pair,ATHENAEUS,PLUTARCH,12,ADJ:root,2.0974576721291376e-05
ud23_oth,block_pair,ATHENAEUS,PLUTARCH,13,ADJ:xcomp,1.1927733474046483e-05
ud23_oth,block_pair,ATHENAEUS,PLUTARCH,14,ADP:advcl,5.7211808711436595e-06
ud23_oth,block_pair,ATHENAEUS,PLUTARCH,15,ADP:case,0.0005704579113425482
ud23_oth,block_pair,ATHENAEUS,PLUTARCH,16,ADP:cc,5.7211808711436595e-06
ud23_oth,block_pair,ATHENAEUS,PLUTARCH,17,ADP:conj,5.7211808711436595e-06
ud23_oth,block_pair,ATHENAEUS,PLUTARCH,18,ADP:mark,5.700870892933344e-06
ud23_oth,block_pair,ATHENAEUS,PLUTARCH,19,ADP:nmod,2.182606021408854e-07
ud23_oth,block_pair,ATHENAEUS,PLUTARCH,20,ADP:nsubj,5.7211808711436595e-06
ud23_oth,block_pair,ATHENAEUS,PLUTARCH,21,ADP:obj,2.182606021408854e-07
ud23_oth,block_pair,ATHENAEUS,PLUTARCH,22,ADP:root,5.7211808711436595e-06
ud23_oth,block_pair,ATHENAEUS,PLUTARCH,23,ADV_PART:acl,5.7211808711436595e-06
ud23_oth,block_pair,ATHENAEUS,PLUTARCH,24,ADV_PART:advcl,3.420189613665458e-07
ud23_oth,block_pair,ATHENAEUS,PLUTARCH,25,ADV_PART:advmod,2.618985168942995e-05
ud23_oth,block_pair,ATHENAEUS,PLUTARCH,26,ADV_PART:case,5.955228555931745e-06
ud23_oth,block_pair,ATHENAEUS,PLUTARCH,27,ADV_PART:cc,6.547818064226139e-07
ud23_oth,block_pair,ATHENAEUS,PLUTARCH,28,ADV_PART:conj,0.0005105429848920985
ud23_oth,block_pair,ATHENAEUS,PLUTARCH,29,ADV_PART:mark,5.7211808711436595e-06
ud23_oth,block_pair,ATHENAEUS,PLUTARCH,30,ADV_PART:nmod,7.008481991884483e-05
ud23_oth,block_pair,ATHENAEUS,PLUTARCH,31,ADV_PART:nsubj,4.62994001273993e-05
ud23_oth,block_pair,ATHENAEUS,PLUTARCH,32,ADV_PART:obj,9.155717068005535e-05
ud23_oth,block_pair,ATHENAEUS,PLUTARCH,33,ADV_PART:obl,5.955228555931745e-06
ud23_oth,block_pair,ATHENAEUS,PLUTARCH,34,ADV_PART:oth,5.7211808711436595e-06
ud23_oth,block_pair,ATHENAEUS,PLUTARCH,35,ADV_PART:root,1.6191661807804425e-05
ud23_oth,block_pair,ATHENAEUS,PLUTARCH,36,ADV_PART:xcomp,1.6191661807804425e-05
ud23_oth,block_pair,ATHENAEUS,PLUTARCH,37,AUX:aux,5.7211808711436595e-06
ud23_oth,block_pair,ATHENAEUS,PLUTARCH,38,AUX:conj,2.182606021408854e-07
ud23_oth,block_pair,ATHENAEUS,PLUTARCH,39,AUX:cop,5.783985208272042e-05
ud23_oth,block_pair,ATHENAEUS,PLUTARCH,40,CCONJ:advmod,5.700870892933344e-06
ud23_oth,block_pair,ATHENAEUS,PLUTARCH,41,CCONJ:case,4.62994001273993e-05
ud23_oth,block_pair,ATHENAEUS,PLUTARCH,42,CCONJ:cc,0.0018837916515787364
ud23_oth,block_pair,ATHENAEUS,PLUTARCH,43,CCONJ:conj,2.182606021408854e-07
ud23_oth,block_pair,ATHENAEUS,PLUTARCH,44,CCONJ:mark,1.6361940054812721e-06
ud23_oth,block_pair,ATHENAEUS,PLUTARCH,45,CCONJ:nmod,5.7211808711436595e-06
ud23_oth,block_pair,ATHENAEUS,PLUTARCH,46,CCONJ:obj,2.182606021408854e-07
ud23_oth,block_pair,ATHENAEUS,PLUTARCH,47,CCONJ:obl,2.182606021408854e-07
ud23_oth,block_pair,ATHENAEUS,PLUTARCH,48,DET:advmod,1.716354261343098e-05
ud23_oth,block_pair,ATHENAEUS,PLUTARCH,49,DET:det,0.00020071070461333274
ud23_oth,block_pair,ATHENAEUS,PLUTARCH,50,DET:root,2.182606021408854e-07
ud23_oth,block_pair,ATHENAEUS,PLUTARCH,51,DET:xcomp,1.6191661807804425e-05
ud23_oth,block_pair,ATHENAEUS,PLUTARCH,52,NOUN:acl,2.1729287528486705e-05
ud23_oth,block_pair,ATHENAEUS,PLUTARCH,53,NOUN:advcl,8.478520410309885e-05
ud23_oth,block_pair,ATHENAEUS,PLUTARCH,54,NOUN:appos,0.0001551982541106339
ud23_oth,block_pair,ATHENAEUS,PLUTARCH,55,NOUN:case,2.182606021408854e-07
ud23_oth,block_pair,ATHENAEUS,PLUTARCH,56,NOUN:conj,0.00011903525779515
ud23_oth,block_pair,ATHENAEUS,PLUTARCH,57,NOUN:iobj,8.996772934473867e-05
ud23_oth,block_pair,ATHENAEUS,PLUTARCH,58,NOUN:nmod,0.0012188961198968916
ud23_oth,block_pair,ATHENAEUS,PLUTARCH,59,NOUN:nsubj,0.0004229956648696804
ud23_oth,block_pair,ATHENAEUS,PLUTARCH,60,NOUN:obj,5.07355111650673e-06
ud23_oth,block_pair,ATHENAEUS,PLUTARCH,61,NOUN:obl,0.00012968474305216117
ud23_oth,block_pair,ATHENAEUS,PLUTARCH,62,NOUN:oth,0.0006035357890745242
ud23_oth,block_pair,ATHENAEUS,PLUTARCH,63,NOUN:root,0.00017942715308031553
ud23_oth,block_pair,ATHENAEUS,PLUTARCH,64,NOUN:xcomp,1.2257311925890744e-05
ud23_oth,block_pair,ATHENAEUS,PLUTARCH,65,NUM:advcl,4.62994001273993e-05
ud23_oth,block_pair,ATHENAEUS,PLUTARCH,66,NUM:conj,2.860590435571829e-05
ud23_oth,block_pair,ATHENAEUS,PLUTARCH,67,NUM:nsubj,4.62994001273993e-05
ud23_oth,block_pair,ATHENAEUS,PLUTARCH,68,NUM:nummod,0.00022813066914313635
ud23_oth,block_pair,ATHENAEUS,PLUTARCH,69,NUM:obj,5.7211808711436595e-06
ud23_oth,block_pair,ATHENAEUS,PLUTARCH,70,NUM:obl,4.62994001273993e-05
ud23_oth,block_pair,ATHENAEUS,PLUTARCH,71,NUM:root,5.7211808711436595e-06
ud23_oth,block_pair,ATHENAEUS,PLUTARCH,72,NUM:xcomp,5.7211808711436595e-06
ud23_oth,block_pair,ATHENAEUS,PLUTARCH,73,PRON:acl,4.214923264857498e-06
ud23_oth,block_pair,ATHENAEUS,PLUTARCH,74,PRON:advcl,3.420189613665458e-07
ud23_oth,block_pair,ATHENAEUS,PLUTARCH,75,PRON:appos,5.7211808711436595e-06
ud23_oth,block_pair,ATHENAEUS,PLUTARCH,76,PRON:conj,1.1521467659709068e-05
ud23_oth,block_pair,ATHENAEUS,PLUTARCH,77,PRON:iobj,1.2424034017891912e-05
ud23_oth,block_pair,ATHENAEUS,PLUTARCH,78,PRON:nmod,0.0002036426177542325
ud23_oth,block_pair,ATHENAEUS,PLUTARCH,79,PRON:nsubj,8.956942043948733e-05
ud23_oth,block_pair,ATHENAEUS,PLUTARCH,80,PRON:obj,0.00014479262133519112
ud23_oth,block_pair,ATHENAEUS,PLUTARCH,81,PRON:obl,9.993513108069445e-08
ud23_oth,block_pair,ATHENAEUS,PLUTARCH,82,PRON:oth,4.31926034445168e-05
ud23_oth,block_pair,ATHENAEUS,PLUTARCH,83,PRON:parataxis,5.7211808711436595e-06
ud23_oth,block_pair,ATHENAEUS,PLUTARCH,84,PRON:root,4.857498542341328e-05
ud23_oth,block_pair,ATHENAEUS,PLUTARCH,85,PRON:xcomp,6.0578072678508247e-05
ud23_oth,block_pair,ATHENAEUS,PLUTARCH,86,SCONJ:case,1.4215798642995973e-05
ud23_oth,block_pair,ATHENAEUS,PLUTARCH,87,SCONJ:cc,5.7211808711436595e-06
ud23_oth,block_pair,ATHENAEUS,PLUTARCH,88,SCONJ:mark,8.760523639737047e-05
ud23_oth,block_pair,ATHENAEUS,PLUTARCH,89,SCONJ:nmod,5.7211808711436595e-06
ud23_oth,block_pair,ATHENAEUS,PLUTARCH,90,SCONJ:xcomp,2.182606021408854e-07
ud23_oth,block_pair,ATHENAEUS,PLUTARCH,91,VERB:acl,1.6110528337230797e-05
ud23_oth,block_pair,ATHENAEUS,PLUTARCH,92,VERB:advcl,0.00024893297493743275
ud23_oth,block_pair,ATHENAEUS,PLUTARCH,93,VERB:appos,2.420796941930068e-06
ud23_oth,block_pair,ATHENAEUS,PLUTARCH,94,VERB:case,5.7211808711436595e-06
ud23_oth,block_pair,ATHENAEUS,PLUTARCH,95,VERB:ccomp,1.0851941710653666e-05
ud23_oth,block_pair,ATHENAEUS,PLUTARCH,96,VERB:conj,0.0010068365738392488
ud23_oth,block_pair,ATHENAEUS,PLUTARCH,97,VERB:csubj,0.00040056130965580275
ud23_oth,block_pair,ATHENAEUS,PLUTARCH,98,VERB:nmod,8.683734910938418e-06
ud23_oth,block_pair,ATHENAEUS,PLUTARCH,99,VERB:nsubj,0.00024407977970938323
ud23_oth,block_pair,ATHENAEUS,PLUTARCH,100,VERB:obl,5.5973961475113895e-05
ud23_oth,block_pair,ATHENAEUS,PLUTARCH,101,VERB:oth,3.420189613665458e-07
ud23_oth,block_pair,ATHENAEUS,PLUTARCH,102,VERB:parataxis,0.00010884364694223453
ud23_oth,block_pair,ATHENAEUS,PLUTARCH,103,VERB:root,0.0005260547441190977
ud23_oth,block_pair,ATHENAEUS,PLUTARCH,104,VERB:xcomp,0.0008590912998445604
ud23_oth,block_pair,ATHENAEUS,THUCYDIDES,0,ADJ:advcl,2.540752600965499e-05
ud23_oth,block_pair,ATHENAEUS,THUCYDIDES,1,ADJ:advmod,0.0010546379388939172
ud23_oth,block_pair,ATHENAEUS,THUCYDIDES,2,ADJ:amod,2.656185142866068e-07
ud23_oth,block_pair,ATHENAEUS,THUCYDIDES,3,ADJ:appos,0.0001287862779890474
ud23_oth,block_pair,ATHENAEUS,THUCYDIDES,4,ADJ:conj,5.0764382179215484e-05
ud23_oth,block_pair,ATHENAEUS,THUCYDIDES,5,ADJ:iobj,5.230496011375901e-05
ud23_oth,block_pair,ATHENAEUS,THUCYDIDES,6,ADJ:nmod,0.0008094907830073148
ud23_oth,block_pair,ATHENAEUS,THUCYDIDES,7,ADJ:nsubj,0.00021091700665012145
ud23_oth,block_pair,ATHENAEUS,THUCYDIDES,8,ADJ:obj,4.2486489410543775e-05
ud23_oth,block_pair,ATHENAEUS,THUCYDIDES,9,ADJ:obl,0.000180780692232769
ud23_oth,block_pair,ATHENAEUS,THUCYDIDES,10,ADJ:oth,0.00014771830422306706
ud23_oth,block_pair,ATHENAEUS,THUCYDIDES,11,ADJ:parataxis,3.897045273498626e-07
ud23_oth,block_pair,ATHENAEUS,THUCYDIDES,12,ADJ:root,4.596340596858817e-05
ud23_oth,block_pair,ATHENAEUS,THUCYDIDES,13,ADJ:xcomp,6.0994577171469234e-05
ud23_oth,block_pair,ATHENAEUS,THUCYDIDES,14,ADP:advcl,5.00924214851836e-06
ud23_oth,block_pair,ATHENAEUS,THUCYDIDES,15,ADP:case,2.755847546340455e-05
ud23_oth,block_pair,ATHENAEUS,THUCYDIDES,16,ADP:cc,5.00924214851836e-06
ud23_oth,block_pair,ATHENAEUS,THUCYDIDES,17,ADP:conj,5.00924214851836e-06
ud23_oth,block_pair,ATHENAEUS,THUCYDIDES,18,ADP:mark,3.052306407222474e-05
ud23_oth,block_pair,ATHENAEUS,THUCYDIDES,19,ADP:nmod,8.649318898007815e-05
ud23_oth,block_pair,ATHENAEUS,THUCYDIDES,20,ADP:nsubj,5.00924214851836e-06
ud23_oth,block_pair,ATHENAEUS,THUCYDIDES,21,ADP:obj,1.5027726445555102e-05
ud23_oth,block_pair,ATHENAEUS,THUCYDIDES,22,ADP:root,5.00924214851836e-06
ud23_oth,block_pair,ATHENAEUS,THUCYDIDES,23,ADV_PART:acl,5.00924214851836e-06
ud23_oth,block_pair,ATHENAEUS,THUCYDIDES,24,ADV_PART:advcl,1.7434986704586342e-05
ud23_oth,block_pair,ATHENAEUS,THUCYDIDES,25,ADV_PART:advmod,0.0005592551532652545
ud23_oth,block_pair,ATHENAEUS,THUCYDIDES,26,ADV_PART:case,6.734566523279687e-06
ud23_oth,block_pair,ATHENAEUS,THUCYDIDES,27,ADV_PART:cc,4.150636495100582e-06
ud23_oth,block_pair,ATHENAEUS,THUCYDIDES,28,ADV_PART:conj,6.512014793073865e-05
ud23_oth,block_pair,ATHENAEUS,THUCYDIDES,29,ADV_PART:mark,5.00924214851836e-06
ud23_oth,block_pair,ATHENAEUS,THUCYDIDES,30,ADV_PART:nmod,0.00017022044559790613
ud23_oth,block_pair,ATHENAEUS,THUCYDIDES,31,ADV_PART:nsubj,4.292875932968245e-05
ud23_oth,block_pair,ATHENAEUS,THUCYDIDES,32,ADV_PART:obj,5.656679856202335e-06
ud23_oth,block_pair,ATHENAEUS,THUCYDIDES,33,ADV_PART:obl,3.693695453743364e-06
ud23_oth,block_pair,ATHENAEUS,THUCYDIDES,34,ADV_PART:oth,5.00924214851836e-06
ud23_oth,block_pair,ATHENAEUS,THUCYDIDES,35,ADV_PART:root,9.770007655058898e-08
ud23_oth,block_pair,ATHENAEUS,THUCYDIDES,36,ADV_PART:xcomp,9.770007655058898e-08
ud23_oth,block_pair,ATHENAEUS,THUCYDIDES,37,AUX:aux,5.00924214851836e-06
ud23_oth,block_pair,ATHENAEUS,THUCYDIDES,38,AUX:conj,3.897045273498626e-07
ud23_oth,block_pair,ATHENAEUS,THUCYDIDES,39,AUX:cop,9.0294272544114e-06
ud23_oth,block_pair,ATHENAEUS,THUCYDIDES,40,CCONJ:advmod,1.1691135820495869e-06
ud23_oth,block_pair,ATHENAEUS,THUCYDIDES,41,CCONJ:case,5.00924214851836e-06
ud23_oth,block_pair,ATHENAEUS,THUCYDIDES,42,CCONJ:cc,0.001044747380945666
ud23_oth,block_pair,ATHENAEUS,THUCYDIDES,43,CCONJ:conj,3.897045273498626e-07
ud23_oth,block_pair,ATHENAEUS,THUCYDIDES,44,CCONJ:mark,0.0002988077953382087
ud23_oth,block_pair,ATHENAEUS,THUCYDIDES,45,CCONJ:nmod,5.00924214851836e-06
ud23_oth,block_pair,ATHENAEUS,THUCYDIDES,46,CCONJ:obj,3.897045273498626e-07
ud23_oth,block_pair,ATHENAEUS,THUCYDIDES,47,CCONJ:obl,3.897045273498626e-07
ud23_oth,block_pair,ATHENAEUS,THUCYDIDES,48,DET:advmod,1.5027726445555102e-05
ud23_oth,block_pair,ATHENAEUS,THUCYDIDES,49,DET:det,1.3964455682528593e-05
ud23_oth,block_pair,ATHENAEUS,THUCYDIDES,50,DET:root,3.897045273498626e-07
ud23_oth,block_pair,ATHENAEUS,THUCYDIDES,51,DET:xcomp,1.7434986704586342e-05
ud23_oth,block_pair,ATHENAEUS,THUCYDIDES,52,NOUN:acl,8.908395889447579e-05
ud23_oth,block_pair,ATHENAEUS,THUCYDIDES,53,NOUN:advcl,1.2821647988741547e-06
ud23_oth,block_pair,ATHENAEUS,THUCYDIDES,54,NOUN:appos,0.00012597023588645082
ud23_oth,block_pair,ATHENAEUS,THUCYDIDES,55,NOUN:case,3.897045273498626e-07
ud23_oth,block_pair,ATHENAEUS,THUCYDIDES,56,NOUN:conj,2.4460138301624513e-05
ud23_oth,block_pair,ATHENAEUS,THUCYDIDES,57,NOUN:iobj,2.8384627240531817e-05
ud23_oth,block_pair,ATHENAEUS,THUCYDIDES,58,NOUN:nmod,0.0006225176120878027
ud23_oth,block_pair,ATHENAEUS,THUCYDIDES,59,NOUN:nsubj,0.0011721024384929671
ud23_oth,block_pair,ATHENAEUS,THUCYDIDES,60,NOUN:obj,0.00033526984225728997
ud23_oth,block_pair,ATHENAEUS,THUCYDIDES,61,NOUN:obl,8.898666101414326e-05
ud23_oth,block_pair,ATHENAEUS,THUCYDIDES,62,NOUN:oth,0.0006316565694969919
ud23_oth,block_pair,ATHENAEUS,THUCYDIDES,63,NOUN:root,6.526904396127832e-05
ud23_oth,block_pair,ATHENAEUS,THUCYDIDES,64,NOUN:xcomp,0.00018738000663791983
ud23_oth,block_pair,ATHENAEUS,THUCYDIDES,65,NUM:advcl,5.00924214851836e-06
ud23_oth,block_pair,ATHENAEUS,THUCYDIDES,66,NUM:conj,6.734566523279687e-06
ud23_oth,block_pair,ATHENAEUS,THUCYDIDES,67,NUM:nsubj,5.00924214851836e-06
ud23_oth,block_pair,ATHENAEUS,THUCYDIDES,68,NUM:nummod,0.0002036540385353437
ud23_oth,block_pair,ATHENAEUS,THUCYDIDES,69,NUM:obj,5.00924214851836e-06
ud23_oth,block_pair,ATHENAEUS,THUCYDIDES,70,NUM:obl,5.00924214851836e-06
ud23_oth,block_pair,ATHENAEUS,THUCYDIDES,71,NUM:root,5.00924214851836e-06
ud23_oth,block_pair,ATHENAEUS,THUCYDIDES,72,NUM:xcomp,5.00924214851836e-06
ud23_oth,block_pair,ATHENAEUS,THUCYDIDES,73,PRON:acl,4.5126458276591264e-05
ud23_oth,block_pair,ATHENAEUS,THUCYDIDES,74,PRON:advcl,9.770007655058898e-08
ud23_oth,block_pair,ATHENAEUS,THUCYDIDES,75,PRON:appos,4.292875932968245e-05
ud23_oth,block_pair,ATHENAEUS,THUCYDIDES,76,PRON:conj,3.345003168776698e-05
ud23_oth,block_pair,ATHENAEUS,THUCYDIDES,77,PRON:iobj,3.4000220852440895e-06
ud23_oth,block_pair,ATHENAEUS,THUCYDIDES,78,PRON:nmod,3.5765068033853447e-06
ud23_oth,block_pair,ATHENAEUS,THUCYDIDES,79,PRON:nsubj,3.341833944500575e-05
ud23_oth,block_pair,ATHENAEUS,THUCYDIDES,80,PRON:obj,9.022216933667884e-05
ud23_oth,block_pair,ATHENAEUS,THUCYDIDES,81,PRON:obl,0.000403547262967459
ud23_oth,block_pair,ATHENAEUS,THUCYDIDES,82,PRON:oth,4.5126458276591264e-05
ud23_oth,block_pair,ATHENAEUS,THUCYDIDES,83,PRON:parataxis,5.00924214851836e-06
ud23_oth,block_pair,ATHENAEUS,THUCYDIDES,84,PRON:root,1.744912564245708e-05
ud23_oth,block_pair,ATHENAEUS,THUCYDIDES,85,PRON:xcomp,1.2704191224887967e-05
ud23_oth,block_pair,ATHENAEUS,THUCYDIDES,86,SCONJ:case,1.7434986704586342e-05
ud23_oth,block_pair,ATHENAEUS,THUCYDIDES,87,SCONJ:cc,5.00924214851836e-06
ud23_oth,block_pair,ATHENAEUS,THUCYDIDES,88,SCONJ:mark,7.505518785697442e-06
ud23_oth,block_pair,ATHENAEUS,THUCYDIDES,89,SCONJ:nmod,5.00924214851836e-06
ud23_oth,block_pair,ATHENAEUS,THUCYDIDES,90,SCONJ:xcomp,3.897045273498626e-07
ud23_oth,block_pair,ATHENAEUS,THUCYDIDES,91,VERB:acl,0.00021125993322268152
ud23_oth,block_pair,ATHENAEUS,THUCYDIDES,92,VERB:advcl,2.9806069891826544e-05
ud23_oth,block_pair,ATHENAEUS,THUCYDIDES,93,VERB:appos,1.1081086361229987e-05
ud23_oth,block_pair,ATHENAEUS,THUCYDIDES,94,VERB:case,5.00924214851836e-06
ud23_oth,block_pair,ATHENAEUS,THUCYDIDES,95,VERB:ccomp,0.0005353677540264172
ud23_oth,block_pair,ATHENAEUS,THUCYDIDES,96,VERB:conj,0.0008492742325604576
ud23_oth,block_pair,ATHENAEUS,THUCYDIDES,97,VERB:csubj,0.0003909578184238705
ud23_oth,block_pair,ATHENAEUS,THUCYDIDES,98,VERB:nmod,0.00012687278373066456
ud23_oth,block_pair,ATHENAEUS,THUCYDIDES,99,VERB:nsubj,1.2807011502393779e-06
ud23_oth,block_pair,ATHENAEUS,THUCYDIDES,100,VERB:obl,9.730141408102123e-07
ud23_oth,block_pair,ATHENAEUS,THUCYDIDES,101,VERB:oth,1.7434986704586342e-05
ud23_oth,block_pair,ATHENAEUS,THUCYDIDES,102,VERB:parataxis,4.061976283382131e-05
ud23_oth,block_pair,ATHENAEUS,THUCYDIDES,103,VERB:root,0.00040181175860814176
ud23_oth,block_pair,ATHENAEUS,THUCYDIDES,104,VERB:xcomp,0.00023628822967206465
ud23_oth,block_pair,DIODORUS,HERODOTUS,0,ADJ:advcl,0.00014877961115716045
ud23_oth,block_pair,DIODORUS,HERODOTUS,1,ADJ:advmod,3.723005154378727e-05
ud23_oth,block_pair,DIODORUS,HERODOTUS,2,ADJ:amod,2.741542688128071e-06
ud23_oth,block_pair,DIODORUS,HERODOTUS,3,ADJ:appos,7.191554473531265e-05
ud23_oth,block_pair,DIODORUS,HERODOTUS,4,ADJ:conj,0.00015881527418932313
ud23_oth,block_pair,DIODORUS,HERODOTUS,5,ADJ:iobj,2.3669074878521413e-06
ud23_oth,block_pair,DIODORUS,HERODOTUS,6,ADJ:nmod,5.58915969407802e-10
ud23_oth,block_pair,DIODORUS,HERODOTUS,7,ADJ:nsubj,1.765962631882146e-05
ud23_oth,block_pair,DIODORUS,HERODOTUS,8,ADJ:obj,1.9250219928917424e-05
ud23_oth,block_pair,DIODORUS,HERODOTUS,9,ADJ:obl,5.816483099023597e-05
ud23_oth,block_pair,DIODORUS,HERODOTUS,10,ADJ:oth,9.0277023198337e-06
ud23_oth,block_pair,DIODORUS,HERODOTUS,11,ADJ:parataxis,8.977193712274982e-08
ud23_oth,block_pair,DIODORUS,HERODOTUS,12,ADJ:root,0.00046883451670661077
ud23_oth,block_pair,DIODORUS,HERODOTUS,13,ADJ:xcomp,5.8537818761627614e-05
ud23_oth,block_pair,DIODORUS,HERODOTUS,14,ADP:advcl,8.977193712274982e-08
ud23_oth,block_pair,DIODORUS,HERODOTUS,15,ADP:case,0.0020792490666045587
ud23_oth,block_pair,DIODORUS,HERODOTUS,16,ADP:cc,8.977193712274982e-08
ud23_oth,block_pair,DIODORUS,HERODOTUS,17,ADP:conj,8.977193712274982e-08
ud23_oth,block_pair,DIODORUS,HERODOTUS,18,ADP:mark,0.0001493101298924738
ud23_oth,block_pair,DIODORUS,HERODOTUS,19,ADP:nmod,8.977193712274982e-08
ud23_oth,block_pair,DIODORUS,HERODOTUS,20,ADP:nsubj,8.977193712274982e-08
ud23_oth,block_pair,DIODORUS,HERODOTUS,21,ADP:obj,8.977193712274982e-08
ud23_oth,block_pair,DIODORUS,HERODOTUS,22,ADP:root,8.977193712274982e-08
ud23_oth,block_pair,DIODORUS,HERODOTUS,23,ADV_PART:acl,8.977193712274982e-08
ud23_oth,block_pair,DIODORUS,HERODOTUS,24,ADV_PART:advcl,9.0277023198337e-06
ud23_oth,block_pair,DIODORUS,HERODOTUS,25,ADV_PART:advmod,0.0017092367758736147
ud23_oth,block_pair,DIODORUS,HERODOTUS,26,ADV_PART:case,8.977193712274982e-08
ud23_oth,block_pair,DIODORUS,HERODOTUS,27,ADV_PART:cc,8.71641774178274e-06
ud23_oth,block_pair,DIODORUS,HERODOTUS,28,ADV_PART:conj,8.71641774178274e-06
ud23_oth,block_pair,DIODORUS,HERODOTUS,29,ADV_PART:mark,8.977193712274982e-08
ud23_oth,block_pair,DIODORUS,HERODOTUS,30,ADV_PART:nmod,1.1311436222704769e-05
ud23_oth,block_pair,DIODORUS,HERODOTUS,31,ADV_PART:nsubj,2.7223347586537183e-05
ud23_oth,block_pair,DIODORUS,HERODOTUS,32,ADV_PART:obj,4.871188244064076e-05
ud23_oth,block_pair,DIODORUS,HERODOTUS,33,ADV_PART:obl,8.977193712274982e-08
ud23_oth,block_pair,DIODORUS,HERODOTUS,34,ADV_PART:oth,8.977193712274982e-08
ud23_oth,block_pair,DIODORUS,HERODOTUS,35,ADV_PART:root,0.0001466448439369696
ud23_oth,block_pair,DIODORUS,HERODOTUS,36,ADV_PART:xcomp,0.00010239019791470283
ud23_oth,block_pair,DIODORUS,HERODOTUS,37,AUX:aux,8.977193712274982e-08
ud23_oth,block_pair,DIODORUS,HERODOTUS,38,AUX:conj,8.977193712274982e-08
ud23_oth,block_pair,DIODORUS,HERODOTUS,39,AUX:cop,0.00329427181169085
ud23_oth,block_pair,DIODORUS,HERODOTUS,40,CCONJ:advmod,3.1430657762628495e-06
ud23_oth,block_pair,DIODORUS,HERODOTUS,41,CCONJ:case,3.7513951999595514e-05
ud23_oth,block_pair,DIODORUS,HERODOTUS,42,CCONJ:cc,5.725287866249979e-05
ud23_oth,block_pair,DIODORUS,HERODOTUS,43,CCONJ:conj,8.977193712274982e-08
ud23_oth,block_pair,DIODORUS,HERODOTUS,44,CCONJ:mark,0.0007008908683722145
ud23_oth,block_pair,DIODORUS,HERODOTUS,45,CCONJ:nmod,1.440667544230029e-05
ud23_oth,block_pair,DIODORUS,HERODOTUS,46,CCONJ:obj,8.977193712274982e-08
ud23_oth,block_pair,DIODORUS,HERODOTUS,47,CCONJ:obl,8.977193712274982e-08
ud23_oth,block_pair,DIODORUS,HERODOTUS,48,DET:advmod,6.198073195880417e-05
ud23_oth,block_pair,DIODORUS,HERODOTUS,49,DET:det,0.004651702710717284
ud23_oth,block_pair,DIODORUS,HERODOTUS,50,DET:root,8.977193712274982e-08
ud23_oth,block_pair,DIODORUS,HERODOTUS,51,DET:xcomp,8.977193712274982e-08
ud23_oth,block_pair,DIODORUS,HERODOTUS,52,NOUN:acl,0.0001133182551945035
ud23_oth,block_pair,DIODORUS,HERODOTUS,53,NOUN:advcl,2.2622557821313176e-05
ud23_oth,block_pair,DIODORUS,HERODOTUS,54,NOUN:appos,1.5715328881314253e-05
ud23_oth,block_pair,DIODORUS,HERODOTUS,55,NOUN:case,1.440667544230029e-05
ud23_oth,block_pair,DIODORUS,HERODOTUS,56,NOUN:conj,4.057318431983708e-05
ud23_oth,block_pair,DIODORUS,HERODOTUS,57,NOUN:iobj,3.077413699347577e-06
ud23_oth,block_pair,DIODORUS,HERODOTUS,58,NOUN:nmod,0.0009342958508320783
ud23_oth,block_pair,DIODORUS,HERODOTUS,59,NOUN:nsubj,6.108759930603279e-05
ud23_oth,block_pair,DIODORUS,HERODOTUS,60,NOUN:obj,0.00036499250487471166
ud23_oth,block_pair,DIODORUS,HERODOTUS,61,NOUN:obl,0.0011052267109507427
ud23_oth,block_pair,DIODORUS,HERODOTUS,62,NOUN:oth,0.0012250055671949988
ud23_oth,block_pair,DIODORUS,HERODOTUS,63,NOUN:root,0.00045783831131069783
ud23_oth,block_pair,DIODORUS,HERODOTUS,64,NOUN:xcomp,0.00010375149362625989
ud23_oth,block_pair,DIODORUS,HERODOTUS,65,NUM:advcl,8.977193712274982e-08
ud23_oth,block_pair,DIODORUS,HERODOTUS,66,NUM:conj,9.617504749239754e-05
ud23_oth,block_pair,DIODORUS,HERODOTUS,67,NUM:nsubj,8.977193712274982e-08
ud23_oth,block_pair,DIODORUS,HERODOTUS,68,NUM:nummod,0.0010558382638414074
ud23_oth,block_pair,DIODORUS,HERODOTUS,69,NUM:obj,8.977193712274982e-08
ud23_oth,block_pair,DIODORUS,HERODOTUS,70,NUM:obl,8.977193712274982e-08
ud23_oth,block_pair,DIODORUS,HERODOTUS,71,NUM:root,8.977193712274982e-08
ud23_oth,block_pair,DIODORUS,HERODOTUS,72,NUM:xcomp,8.977193712274982e-08
ud23_oth,block_pair,DIODORUS,HERODOTUS,73,PRON:acl,0.00010239019791470283
ud23_oth,block_pair,DIODORUS,HERODOTUS,74,PRON:advcl,7.191554473531265e-05
ud23_oth,block_pair,DIODORUS,HERODOTUS,75,PRON:appos,2.7223347586537183e-05
ud23_oth,block_pair,DIODORUS,HERODOTUS,76,PRON:conj,0.0001837825813728304
ud23_oth,block_pair,DIODORUS,HERODOTUS,77,PRON:iobj,0.0006928979142570946
ud23_oth,block_pair,DIODORUS,HERODOTUS,78,PRON:nmod,0.0004676723614424202
ud23_oth,block_pair,DIODORUS,HERODOTUS,79,PRON:nsubj,0.0014785315755626713
ud23_oth,block_pair,DIODORUS,HERODOTUS,80,PRON:obj,0.00502368869114821
ud23_oth,block_pair,DIODORUS,HERODOTUS,81,PRON:obl,0.00012922876898103976
ud23_oth,block_pair,DIODORUS,HERODOTUS,82,PRON:oth,8.977193712274982e-08
ud23_oth,block_pair,DIODORUS,HERODOTUS,83,PRON:parataxis,8.977193712274982e-08
ud23_oth,block_pair,DIODORUS,HERODOTUS,84,PRON:root,1.1311436222704769e-05
ud23_oth,block_pair,DIODORUS,HERODOTUS,85,PRON:xcomp,0.0002559306117639228
ud23_oth,block_pair,DIODORUS,HERODOTUS,86,SCONJ:case,7.849500336181563e-06
ud23_oth,block_pair,DIODORUS,HERODOTUS,87,SCONJ:cc,8.977193712274982e-08
ud23_oth,block_pair,DIODORUS,HERODOTUS,88,SCONJ:mark,0.0014344219973922907
ud23_oth,block_pair,DIODORUS,HERODOTUS,89,SCONJ:nmod,8.977193712274982e-08
ud23_oth,block_pair,DIODORUS,HERODOTUS,90,SCONJ:xcomp,8.977193712274982e-08
ud23_oth,block_pair,DIODORUS,HERODOTUS,91,VERB:acl,0.0007815408339107732
ud23_oth,block_pair,DIODORUS,HERODOTUS,92,VERB:advcl,0.00017303004106332572
ud23_oth,block_pair,DIODORUS,HERODOTUS,93,VERB:appos,0.00016584764369526533
ud23_oth,block_pair,DIODORUS,HERODOTUS,94,VERB:case,8.977193712274982e-08
ud23_oth,block_pair,DIODORUS,HERODOTUS,95,VERB:ccomp,0.0007849496701444394
ud23_oth,block_pair,DIODORUS,HERODOTUS,96,VERB:conj,0.0001362435512979258
ud23_oth,block_pair,DIODORUS,HERODOTUS,97,VERB:csubj,1.5446410445144385e-06
ud23_oth,block_pair,DIODORUS,HERODOTUS,98,VERB:nmod,0.00030431080125792754
ud23_oth,block_pair,DIODORUS,HERODOTUS,99,VERB:nsubj,3.475265016865628e-05
ud23_oth,block_pair,DIODORUS,HERODOTUS,100,VERB:obl,0.00010516834642449363
ud23_oth,block_pair,DIODORUS,HERODOTUS,101,VERB:oth,9.0277023198337e-06
ud23_oth,block_pair,DIODORUS,HERODOTUS,102,VERB:parataxis,3.1430657762628495e-06
ud23_oth,block_pair,DIODORUS,HERODOTUS,103,VERB:root,0.00038042296260271374
ud23_oth,block_pair,DIODORUS,HERODOTUS,104,VERB:xcomp,0.0004717742875115687
ud23_oth,block_pair,DIODORUS,HESIODIC_TRADITION,0,ADJ:advcl,5.391128531851059e-06
ud23_oth,block_pair,DIODORUS,HESIODIC_TRADITION,1,ADJ:advmod,0.0004722032390946649
ud23_oth,block_pair,DIODORUS,HESIODIC_TRADITION,2,ADJ:amod,8.213012114988876e-05
ud23_oth,block_pair,DIODORUS,HESIODIC_TRADITION,3,ADJ:appos,0.00016903415233594096
ud23_oth,block_pair,DIODORUS,HESIODIC_TRADITION,4,ADJ:conj,0.0003315914657251503
ud23_oth,block_pair,DIODORUS,HESIODIC_TRADITION,5,ADJ:iobj,3.91848302029426e-05
ud23_oth,block_pair,DIODORUS,HESIODIC_TRADITION,6,ADJ:nmod,0.008082120885222505
ud23_oth,block_pair,DIODORUS,HESIODIC_TRADITION,7,ADJ:nsubj,2.324483132207045e-07
ud23_oth,block_pair,DIODORUS,HESIODIC_TRADITION,8,ADJ:obj,2.0940953787383382e-05
ud23_oth,block_pair,DIODORUS,HESIODIC_TRADITION,9,ADJ:obl,6.804263614710923e-07
ud23_oth,block_pair,DIODORUS,HESIODIC_TRADITION,10,ADJ:oth,0.0004189279334760129
ud23_oth,block_pair,DIODORUS,HESIODIC_TRADITION,11,ADJ:parataxis,1.827012835822827e-06
ud23_oth,block_pair,DIODORUS,HESIODIC_TRADITION,12,ADJ:root,0.00012586320385895748
ud23_oth,block_pair,DIODORUS,HESIODIC_TRADITION,13,ADJ:xcomp,0.00010283520392231958
ud23_oth,block_pair,DIODORUS,HESIODIC_TRADITION,14,ADP:advcl,1.827012835822827e-06
ud23_oth,block_pair,DIODORUS,HESIODIC_TRADITION,15,ADP:case,0.0025806137708954766
ud23_oth,block_pair,DIODORUS,HESIODIC_TRADITION,16,ADP:cc,1.827012835822827e-06
ud23_oth,block_pair,DIODORUS,HESIODIC_TRADITION,17,ADP:conj,1.827012835822827e-06
ud23_oth,block_pair,DIODORUS,HESIODIC_TRADITION,18,ADP:mark,4.462412973221461e-05
ud23_oth,block_pair,DIODORUS,HESIODIC_TRADITION,19,ADP:nmod,1.827012835822827e-06
ud23_oth,block_pair,DIODORUS,HESIODIC_TRADITION,20,ADP:nsubj,1.827012835822827e-06
ud23_oth,block_pair,DIODORUS,HESIODIC_TRADITION,21,ADP:obj,1.827012835822827e-06
ud23_oth,block_pair,DIODORUS,HESIODIC_TRADITION,22,ADP:root,1.827012835822827e-06
ud23_oth,block_pair,DIODORUS,HESIODIC_TRADITION,23,ADV_PART:acl,3.318502179518495e-05
ud23_oth,block_pair,DIODORUS,HESIODIC_TRADITION,24,ADV_PART:advcl,1.827012835822827e-06
ud23_oth,block_pair,DIODORUS,HESIODIC_TRADITION,25,ADV_PART:advmod,0.001781551401213043
ud23_oth,block_pair,DIODORUS,HESIODIC_TRADITION,26,ADV_PART:case,0.00026744489046735446
ud23_oth,block_pair,DIODORUS,HESIODIC_TRADITION,27,ADV_PART:cc,0.03064487748254289
ud23_oth,block_pair,DIODORUS,HESIODIC_TRADITION,28,ADV_PART:conj,0.00016592510897592475
ud23_oth,block_pair,DIODORUS,HESIODIC_TRADITION,29,ADV_PART:mark,0.00012131818763967336
ud23_oth,block_pair,DIODORUS,HESIODIC_TRADITION,30,ADV_PART:nmod,9.540995485258774e-06
ud23_oth,block_pair,DIODORUS,HESIODIC_TRADITION,31,ADV_PART:nsubj,1.827012835822827e-06
ud23_oth,block_pair,DIODORUS,HESIODIC_TRADITION,32,ADV_PART:obj,0.0010408968216229354
ud23_oth,block_pair,DIODORUS,HESIODIC_TRADITION,33,ADV_PART:obl,0.00012131818763967336
ud23_oth,block_pair,DIODORUS,HESIODIC_TRADITION,34,ADV_PART:oth,1.827012835822827e-06
ud23_oth,block_pair,DIODORUS,HESIODIC_TRADITION,35,ADV_PART:root,1.827012835822827e-06
ud23_oth,block_pair,DIODORUS,HESIODIC_TRADITION,36,ADV_PART:xcomp,4.790976421864197e-06
ud23_oth,block_pair,DIODORUS,HESIODIC_TRADITION,37,AUX:aux,1.827012835822827e-06
ud23_oth,block_pair,DIODORUS,HESIODIC_TRADITION,38,AUX:conj,1.827012835822827e-06
ud23_oth,block_pair,DIODORUS,HESIODIC_TRADITION,39,AUX:cop,3.465861233463541e-06
ud23_oth,block_pair,DIODORUS,HESIODIC_TRADITION,40,CCONJ:advmod,0.004119470138944819
ud23_oth,block_pair,DIODORUS,HESIODIC_TRADITION,41,CCONJ:case,2.103021844622913e-05
ud23_oth,block_pair,DIODORUS,HESIODIC_TRADITION,42,CCONJ:cc,0.002557288113436402
ud23_oth,block_pair,DIODORUS,HESIODIC_TRADITION,43,CCONJ:conj,1.827012835822827e-06
ud23_oth,block_pair,DIODORUS,HESIODIC_TRADITION,44,CCONJ:mark,0.00010500413308605559
ud23_oth,block_pair,DIODORUS,HESIODIC_TRADITION,45,CCONJ:nmod,4.790976421864197e-06
ud23_oth,block_pair,DIODORUS,HESIODIC_TRADITION,46,CCONJ:obj,1.827012835822827e-06
ud23_oth,block_pair,DIODORUS,HESIODIC_TRADITION,47,CCONJ:obl,1.827012835822827e-06
ud23_oth,block_pair,DIODORUS,HESIODIC_TRADITION,48,DET:advmod,4.790976421864197e-06
ud23_oth,block_pair,DIODORUS,HESIODIC_TRADITION,49,DET:det,0.07931102702078309
ud23_oth,block_pair,DIODORUS,HESIODIC_TRADITION,50,DET:root,1.827012835822827e-06
ud23_oth,block_pair,DIODORUS,HESIODIC_TRADITION,51,DET:xcomp,1.827012835822827e-06
ud23_oth,block_pair,DIODORUS,HESIODIC_TRADITION,52,NOUN:acl,2.2232601978835256e-05
ud23_oth,block_pair,DIODORUS,HESIODIC_TRADITION,53,NOUN:advcl,2.816142766972085e-05
ud23_oth,block_pair,DIODORUS,HESIODIC_TRADITION,54,NOUN:appos,0.0037130816931014426
ud23_oth,block_pair,DIODORUS,HESIODIC_TRADITION,55,NOUN:case,4.790976421864197e-06
ud23_oth,block_pair,DIODORUS,HESIODIC_TRADITION,56,NOUN:conj,0.0051746858330935985
ud23_oth,block_pair,DIODORUS,HESIODIC_TRADITION,57,NOUN:iobj,0.00010146790827628328
ud23_oth,block_pair,DIODORUS,HESIODIC_TRADITION,58,NOUN:nmod,6.565580133357238e-05
ud23_oth,block_pair,DIODORUS,HESIODIC_TRADITION,59,NOUN:nsubj,3.924693814536472e-05
ud23_oth,block_pair,DIODORUS,HESIODIC_TRADITION,60,NOUN:obj,0.0007880205087371344
ud23_oth,block_pair,DIODORUS,HESIODIC_TRADITION,61,NOUN:obl,0.0003729813913066196
ud23_oth,block_pair,DIODORUS,HESIODIC_TRADITION,62,NOUN:oth,0.0008320419639845778
ud23_oth,block_pair,DIODORUS,HESIODIC_TRADITION,63,NOUN:root,0.00014731357328110246
ud23_oth,block_pair,DIODORUS,HESIODIC_TRADITION,64,NOUN:xcomp,0.00018442664976368363
ud23_oth,block_pair,DIODORUS,HESIODIC_TRADITION,65,NUM:advcl,1.827012835822827e-06
ud23_oth,block_pair,DIODORUS,HESIODIC_TRADITION,66,NUM:conj,1.827012835822827e-06
ud23_oth,block_pair,DIODORUS,HESIODIC_TRADITION,67,NUM:nsubj,1.827012835822827e-06
ud23_oth,block_pair,DIODORUS,HESIODIC_TRADITION,68,NUM:nummod,0.0009363468278774349
ud23_oth,block_pair,DIODORUS,HESIODIC_TRADITION,69,NUM:obj,1.827012835822827e-06
ud23_oth,block_pair,DIODORUS,HESIODIC_TRADITION,70,NUM:obl,1.827012835822827e-06
ud23_oth,block_pair,DIODORUS,HESIODIC_TRADITION,71,NUM:root,1.827012835822827e-06
ud23_oth,block_pair,DIODORUS,HESIODIC_TRADITION,72,NUM:xcomp,1.827012835822827e-06
ud23_oth,block_pair,DIODORUS,HESIODIC_TRADITION,73,PRON:acl,4.790976421864197e-06
ud23_oth,block_pair,DIODORUS,HESIODIC_TRADITION,74,PRON:advcl,1.827012835822827e-06
ud23_oth,block_pair,DIODORUS,HESIODIC_TRADITION,75,PRON:appos,3.318502179518495e-05
ud23_oth,block_pair,DIODORUS,HESIODIC_TRADITION,76,PRON:conj,4.889403270134293e-06
ud23_oth,block_pair,DIODORUS,HESIODIC_TRADITION,77,PRON:iobj,0.0001430363328674113
ud23_oth,block_pair,DIODORUS,HESIODIC_TRADITION,78,PRON:nmod,3.5680571150542724e-05
ud23_oth,block_pair,DIODORUS,HESIODIC_TRADITION,79,PRON:nsubj,0.0016785949238835355
ud23_oth,block_pair,DIODORUS,HESIODIC_TRADITION,80,PRON:obj,0.0009252067448659133
ud23_oth,block_pair,DIODORUS,HESIODIC_TRADITION,81,PRON:obl,0.0009924204381803023
ud23_oth,block_pair,DIODORUS,HESIODIC_TRADITION,82,PRON:oth,1.827012835822827e-06
ud23_oth,block_pair,DIODORUS,HESIODIC_TRADITION,83,PRON:parataxis,1.827012835822827e-06
ud23_oth,block_pair,DIODORUS,HESIODIC_TRADITION,84,PRON:root,0.00011815672431528177
ud23_oth,block_pair,DIODORUS,HESIODIC_TRADITION,85,PRON:xcomp,0.00011815672431528177
ud23_oth,block_pair,DIODORUS,HESIODIC_TRADITION,86,SCONJ:case,2.103021844622913e-05
ud23_oth,block_pair,DIODORUS,HESIODIC_TRADITION,87,SCONJ:cc,1.827012835822827e-06
ud23_oth,block_pair,DIODORUS,HESIODIC_TRADITION,88,SCONJ:mark,2.0694472683471495e-05
ud23_oth,block_pair,DIODORUS,HESIODIC_TRADITION,89,SCONJ:nmod,1.827012835822827e-06
ud23_oth,block_pair,DIODORUS,HESIODIC_TRADITION,90,SCONJ:xcomp,1.827012835822827e-06
ud23_oth,block_pair,DIODORUS,HESIODIC_TRADITION,91,VERB:acl,0.001278647832987309
ud23_oth,block_pair,DIODORUS,HESIODIC_TRADITION,92,VERB:advcl,0.0001675462595138932
ud23_oth,block_pair,DIODORUS,HESIODIC_TRADITION,93,VERB:appos,1.0879553321211263e-07
ud23_oth,block_pair,DIODORUS,HESIODIC_TRADITION,94,VERB:case,1.827012835822827e-06
ud23_oth,block_pair,DIODORUS,HESIODIC_TRADITION,95,VERB:ccomp,0.0013485188757712185
ud23_oth,block_pair,DIODORUS,HESIODIC_TRADITION,96,VERB:conj,0.000518883622671675
ud23_oth,block_pair,DIODORUS,HESIODIC_TRADITION,97,VERB:csubj,0.00031236890812550203
ud23_oth,block_pair,DIODORUS,HESIODIC_TRADITION,98,VERB:nmod,0.0006755276754828517
ud23_oth,block_pair,DIODORUS,HESIODIC_TRADITION,99,VERB:nsubj,0.0007002146524931077
ud23_oth,block_pair,DIODORUS,HESIODIC_TRADITION,100,VERB:obl,0.00038048876225105005
ud23_oth,block_pair,DIODORUS,HESIODIC_TRADITION,101,VERB:oth,1.827012835822827e-06
ud23_oth,block_pair,DIODORUS,HESIODIC_TRADITION,102,VERB:parataxis,9.955506538555486e-05
ud23_oth,block_pair,DIODORUS,HESIODIC_TRADITION,103,VERB:root,0.0026295979943249045
ud23_oth,block_pair,DIODORUS,HESIODIC_TRADITION,104,VERB:xcomp,0.0028939861390429424
ud23_oth,block_pair,DIODORUS,HOMERIC_TRADITION,0,ADJ:advcl,3.319487779001909e-06
ud23_oth,block_pair,DIODORUS,HOMERIC_TRADITION,1,ADJ:advmod,0.00017444105018515346
ud23_oth,block_pair,DIODORUS,HOMERIC_TRADITION,2,ADJ:amod,2.561801517166252e-05
ud23_oth,block_pair,DIODORUS,HOMERIC_TRADITION,3,ADJ:appos,1.0281132904433571e-05
ud23_oth,block_pair,DIODORUS,HOMERIC_TRADITION,4,ADJ:conj,1.7977080101497125e-05
ud23_oth,block_pair,DIODORUS,HOMERIC_TRADITION,5,ADJ:iobj,5.018605045128502e-05
ud23_oth,block_pair,DIODORUS,HOMERIC_TRADITION,6,ADJ:nmod,0.00333933798520618
ud23_oth,block_pair,DIODORUS,HOMERIC_TRADITION,7,ADJ:nsubj,9.1410584732963e-06
ud23_oth,block_pair,DIODORUS,HOMERIC_TRADITION,8,ADJ:obj,8.109163597841694e-07
ud23_oth,block_pair,DIODORUS,HOMERIC_TRADITION,9,ADJ:obl,2.269758923327097e-06
ud23_oth,block_pair,DIODORUS,HOMERIC_TRADITION,10,ADJ:oth,0.0004645636495803422
ud23_oth,block_pair,DIODORUS,HOMERIC_TRADITION,11,ADJ:parataxis,6.502544659036637e-06
ud23_oth,block_pair,DIODORUS,HOMERIC_TRADITION,12,ADJ:root,0.00012246479097561045
ud23_oth,block_pair,DIODORUS,HOMERIC_TRADITION,13,ADJ:xcomp,0.0003584436551280609
ud23_oth,block_pair,DIODORUS,HOMERIC_TRADITION,14,ADP:advcl,6.502544659036637e-06
ud23_oth,block_pair,DIODORUS,HOMERIC_TRADITION,15,ADP:case,0.002578872392893887
ud23_oth,block_pair,DIODORUS,HOMERIC_TRADITION,16,ADP:cc,6.502544659036637e-06
ud23_oth,block_pair,DIODORUS,HOMERIC_TRADITION,17,ADP:conj,6.502544659036637e-06
ud23_oth,block_pair,DIODORUS,HOMERIC_TRADITION,18,ADP:mark,0.00014051890077902555
ud23_oth,block_pair,DIODORUS,HOMERIC_TRADITION,19,ADP:nmod,6.502544659036637e-06
ud23_oth,block_pair,DIODORUS,HOMERIC_TRADITION,20,ADP:nsubj,6.502544659036637e-06
ud23_oth,block_pair,DIODORUS,HOMERIC_TRADITION,21,ADP:obj,2.7665523505582896e-08
ud23_oth,block_pair,DIODORUS,HOMERIC_TRADITION,22,ADP:root,6.502544659036637e-06
ud23_oth,block_pair,DIODORUS,HOMERIC_TRADITION,23,ADV_PART:acl,9.272276788541908e-07
ud23_oth,block_pair,DIODORUS,HOMERIC_TRADITION,24,ADV_PART:advcl,2.7665523505582896e-08
ud23_oth,block_pair,DIODORUS,HOMERIC_TRADITION,25,ADV_PART:advmod,0.0051449468787496365
ud23_oth,block_pair,DIODORUS,HOMERIC_TRADITION,26,ADV_PART:case,9.539584246473298e-05
ud23_oth,block_pair,DIODORUS,HOMERIC_TRADITION,27,ADV_PART:cc,0.026288523028625436
ud23_oth,block_pair,DIODORUS,HOMERIC_TRADITION,28,ADV_PART:conj,2.336497939278574e-05
ud23_oth,block_pair,DIODORUS,HOMERIC_TRADITION,29,ADV_PART:mark,8.942982411014791e-05
ud23_oth,block_pair,DIODORUS,HOMERIC_TRADITION,30,ADV_PART:nmod,5.939128822685157e-06
ud23_oth,block_pair,DIODORUS,HOMERIC_TRADITION,31,ADV_PART:nsubj,6.502544659036637e-06
ud23_oth,block_pair,DIODORUS,HOMERIC_TRADITION,32,ADV_PART:obj,0.0017766787544351364
ud23_oth,block_pair,DIODORUS,HOMERIC_TRADITION,33,ADV_PART:obl,1.0281132904433571e-05
ud23_oth,block_pair,DIODORUS,HOMERIC_TRADITION,34,ADV_PART:oth,6.502544659036637e-06
ud23_oth,block_pair,DIODORUS,HOMERIC_TRADITION,35,ADV_PART:root,1.0281132904433571e-05
ud23_oth,block_pair,DIODORUS,HOMERIC_TRADITION,36,ADV_PART:xcomp,2.781683036562578e-06
ud23_oth,block_pair,DIODORUS,HOMERIC_TRADITION,37,AUX:aux,6.502544659036637e-06
ud23_oth,block_pair,DIODORUS,HOMERIC_TRADITION,38,AUX:conj,6.502544659036637e-06
ud23_oth,block_pair,DIODORUS,HOMERIC_TRADITION,39,AUX:cop,4.2280796552046824e-05
ud23_oth,block_pair,DIODORUS,HOMERIC_TRADITION,40,CCONJ:advmod,0.0021760913474838895
ud23_oth,block_pair,DIODORUS,HOMERIC_TRADITION,41,CCONJ:case,6.40735572797506e-05
ud23_oth,block_pair,DIODORUS,HOMERIC_TRADITION,42,CCONJ:cc,0.002748448035615263
ud23_oth,block_pair,DIODORUS,HOMERIC_TRADITION,43,CCONJ:conj,6.502544659036637e-06
ud23_oth,block_pair,DIODORUS,HOMERIC_TRADITION,44,CCONJ:mark,0.0006675208181008478
ud23_oth,block_pair,DIODORUS,HOMERIC_TRADITION,45,CCONJ:nmod,3.393727756787676e-05
ud23_oth,block_pair,DIODORUS,HOMERIC_TRADITION,46,CCONJ:obj,6.502544659036637e-06
ud23_oth,block_pair,DIODORUS,HOMERIC_TRADITION,47,CCONJ:obl,6.502544659036637e-06
ud23_oth,block_pair,DIODORUS,HOMERIC_TRADITION,48,DET:advmod,1.9507633977109896e-05
ud23_oth,block_pair,DIODORUS,HOMERIC_TRADITION,49,DET:det,0.08023829202906677
ud23_oth,block_pair,DIODORUS,HOMERIC_TRADITION,50,DET:root,6.502544659036637e-06
ud23_oth,block_pair,DIODORUS,HOMERIC_TRADITION,51,DET:xcomp,6.502544659036637e-06
ud23_oth,block_pair,DIODORUS,HOMERIC_TRADITION,52,NOUN:acl,4.0944766546982295e-05
ud23_oth,block_pair,DIODORUS,HOMERIC_TRADITION,53,NOUN:advcl,4.989337215670575e-07
ud23_oth,block_pair,DIODORUS,HOMERIC_TRADITION,54,NOUN:appos,4.58168746957686e-06
ud23_oth,block_pair,DIODORUS,HOMERIC_TRADITION,55,NOUN:case,1.9507633977109896e-05
ud23_oth,block_pair,DIODORUS,HOMERIC_TRADITION,56,NOUN:conj,4.407374040832292e-05
ud23_oth,block_pair,DIODORUS,HOMERIC_TRADITION,57,NOUN:iobj,0.0001395646473058799
ud23_oth,block_pair,DIODORUS,HOMERIC_TRADITION,58,NOUN:nmod,0.0006339637579321948
ud23_oth,block_pair,DIODORUS,HOMERIC_TRADITION,59,NOUN:nsubj,0.00017162456077733385
ud23_oth,block_pair,DIODORUS,HOMERIC_TRADITION,60,NOUN:obj,0.00046711155413877055
ud23_oth,block_pair,DIODORUS,HOMERIC_TRADITION,61,NOUN:obl,0.0006651501030613335
ud23_oth,block_pair,DIODORUS,HOMERIC_TRADITION,62,NOUN:oth,0.002446891842185875
ud23_oth,block_pair,DIODORUS,HOMERIC_TRADITION,63,NOUN:root,2.3275400204656453e-05
ud23_oth,block_pair,DIODORUS,HOMERIC_TRADITION,64,NOUN:xcomp,0.00035428472717087555
ud23_oth,block_pair,DIODORUS,HOMERIC_TRADITION,65,NUM:advcl,9.272276788541908e-07
ud23_oth,block_pair,DIODORUS,HOMERIC_TRADITION,66,NUM:conj,1.1750658847704767e-06
ud23_oth,block_pair,DIODORUS,HOMERIC_TRADITION,67,NUM:nsubj,2.7665523505582896e-08
ud23_oth,block_pair,DIODORUS,HOMERIC_TRADITION,68,NUM:nummod,0.00058552020633344
ud23_oth,block_pair,DIODORUS,HOMERIC_TRADITION,69,NUM:obj,2.7665523505582896e-08
ud23_oth,block_pair,DIODORUS,HOMERIC_TRADITION,70,NUM:obl,9.272276788541908e-07
ud23_oth,block_pair,DIODORUS,HOMERIC_TRADITION,71,NUM:root,9.272276788541908e-07
ud23_oth,block_pair,DIODORUS,HOMERIC_TRADITION,72,NUM:xcomp,9.272276788541908e-07
ud23_oth,block_pair,DIODORUS,HOMERIC_TRADITION,73,PRON:acl,1.1223513182598681e-05
ud23_oth,block_pair,DIODORUS,HOMERIC_TRADITION,74,PRON:advcl,9.272276788541908e-07
ud23_oth,block_pair,DIODORUS,HOMERIC_TRADITION,75,PRON:appos,1.0281132904433571e-05
ud23_oth,block_pair,DIODORUS,HOMERIC_TRADITION,76,PRON:conj,4.989337215670575e-07
ud23_oth,block_pair,DIODORUS,HOMERIC_TRADITION,77,PRON:iobj,0.00031124225217341484
ud23_oth,block_pair,DIODORUS,HOMERIC_TRADITION,78,PRON:nmod,0.0001311192230093799
ud23_oth,block_pair,DIODORUS,HOMERIC_TRADITION,79,PRON:nsubj,0.003316164826569154
ud23_oth,block_pair,DIODORUS,HOMERIC_TRADITION,80,PRON:obj,0.0034603618215053892
ud23_oth,block_pair,DIODORUS,HOMERIC_TRADITION,81,PRON:obl,5.8381785444890696e-05
ud23_oth,block_pair,DIODORUS,HOMERIC_TRADITION,82,PRON:oth,3.5069170120471617e-06
ud23_oth,block_pair,DIODORUS,HOMERIC_TRADITION,83,PRON:parataxis,6.502544659036637e-06
ud23_oth,block_pair,DIODORUS,HOMERIC_TRADITION,84,PRON:root,6.580871246406578e-05
ud23_oth,block_pair,DIODORUS,HOMERIC_TRADITION,85,PRON:xcomp,0.00012318156175750622
ud23_oth,block_pair,DIODORUS,HOMERIC_TRADITION,86,SCONJ:case,6.40735572797506e-05
ud23_oth,block_pair,DIODORUS,HOMERIC_TRADITION,87,SCONJ:cc,6.038736769426369e-05
ud23_oth,block_pair,DIODORUS,HOMERIC_TRADITION,88,SCONJ:mark,0.0003010734842748663
ud23_oth,block_pair,DIODORUS,HOMERIC_TRADITION,89,SCONJ:nmod,6.502544659036637e-06
ud23_oth,block_pair,DIODORUS,HOMERIC_TRADITION,90,SCONJ:xcomp,6.502544659036637e-06
ud23_oth,block_pair,DIODORUS,HOMERIC_TRADITION,91,VERB:acl,0.0010118805117444334
ud23_oth,block_pair,DIODORUS,HOMERIC_TRADITION,92,VERB:advcl,1.885232862132544e-05
ud23_oth,block_pair,DIODORUS,HOMERIC_TRADITION,93,VERB:appos,4.306992546490065e-06
ud23_oth,block_pair,DIODORUS,HOMERIC_TRADITION,94,VERB:case,6.502544659036637e-06
ud23_oth,block_pair,DIODORUS,HOMERIC_TRADITION,95,VERB:ccomp,0.00019442527794093147
ud23_oth,block_pair,DIODORUS,HOMERIC_TRADITION,96,VERB:conj,0.0004518019700108038
ud23_oth,block_pair,DIODORUS,HOMERIC_TRADITION,97,VERB:csubj,0.0004606609872484605
ud23_oth,block_pair,DIODORUS,HOMERIC_TRADITION,98,VERB:nmod,0.0018373074020610405
ud23_oth,block_pair,DIODORUS,HOMERIC_TRADITION,99,VERB:nsubj,0.000983168426544423
ud23_oth,block_pair,DIODORUS,HOMERIC_TRADITION,100,VERB:obl,0.0006953600540678324
ud23_oth,block_pair,DIODORUS,HOMERIC_TRADITION,101,VERB:oth,1.8756934204556498e-05
ud23_oth,block_pair,DIODORUS,HOMERIC_TRADITION,102,VERB:parataxis,2.7024968786594557e-05
ud23_oth,block_pair,DIODORUS,HOMERIC_TRADITION,103,VERB:root,0.003897404101518351
ud23_oth,block_pair,DIODORUS,HOMERIC_TRADITION,104,VERB:xcomp,0.0005681031160818415
ud23_oth,block_pair,DIODORUS,PLUTARCH,0,ADJ:advcl,0.00011789418203037689
ud23_oth,block_pair,DIODORUS,PLUTARCH,1,ADJ:advmod,4.930383844793239e-05
ud23_oth,block_pair,DIODORUS,PLUTARCH,2,ADJ:amod,1.6715187946938955e-07
ud23_oth,block_pair,DIODORUS,PLUTARCH,3,ADJ:appos,2.2289252390438133e-06
ud23_oth,block_pair,DIODORUS,PLUTARCH,4,ADJ:conj,0.0008686860005324979
ud23_oth,block_pair,DIODORUS,PLUTARCH,5,ADJ:iobj,0.00019975393974299628
ud23_oth,block_pair,DIODORUS,PLUTARCH,6,ADJ:nmod,0.0007542806921008866
ud23_oth,block_pair,DIODORUS,PLUTARCH,7,ADJ:nsubj,6.509320462616438e-05
ud23_oth,block_pair,DIODORUS,PLUTARCH,8,ADJ:obj,9.566147883146724e-05
ud23_oth,block_pair,DIODORUS,PLUTARCH,9,ADJ:obl,6.415526132959803e-06
ud23_oth,block_pair,DIODORUS,PLUTARCH,10,ADJ:oth,3.5928429881052215e-05
ud23_oth,block_pair,DIODORUS,PLUTARCH,11,ADJ:parataxis,3.5928429881052215e-05
ud23_oth,block_pair,DIODORUS,PLUTARCH,12,ADJ:root,0.000784995853819413
ud23_oth,block_pair,DIODORUS,PLUTARCH,13,ADJ:xcomp,5.695408476807018e-06
ud23_oth,block_pair,DIODORUS,PLUTARCH,14,ADP:advcl,2.2289252390438133e-06
ud23_oth,block_pair,DIODORUS,PLUTARCH,15,ADP:case,0.0015584851557871853
ud23_oth,block_pair,DIODORUS,PLUTARCH,16,ADP:cc,2.2289252390438133e-06
ud23_oth,block_pair,DIODORUS,PLUTARCH,17,ADP:conj,2.2289252390438133e-06
ud23_oth,block_pair,DIODORUS,PLUTARCH,18,ADP:mark,1.0830159021261223e-05
ud23_oth,block_pair,DIODORUS,PLUTARCH,19,ADP:nmod,2.2289252390438133e-06
ud23_oth,block_pair,DIODORUS,PLUTARCH,20,ADP:nsubj,2.2289252390438133e-06
ud23_oth,block_pair,DIODORUS,PLUTARCH,21,ADP:obj,2.2289252390438133e-06
ud23_oth,block_pair,DIODORUS,PLUTARCH,22,ADP:root,2.2289252390438133e-06
ud23_oth,block_pair,DIODORUS,PLUTARCH,23,ADV_PART:acl,2.2289252390438133e-06
ud23_oth,block_pair,DIODORUS,PLUTARCH,24,ADV_PART:advcl,3.5928429881052215e-05
ud23_oth,block_pair,DIODORUS,PLUTARCH,25,ADV_PART:advmod,0.0013120097158140429
ud23_oth,block_pair,DIODORUS,PLUTARCH,26,ADV_PART:case,2.2289252390438133e-06
ud23_oth,block_pair,DIODORUS,PLUTARCH,27,ADV_PART:cc,2.1885063925921868e-08
ud23_oth,block_pair,DIODORUS,PLUTARCH,28,ADV_PART:conj,0.0006448342727069494
ud23_oth,block_pair,DIODORUS,PLUTARCH,29,ADV_PART:mark,2.2289252390438133e-06
ud23_oth,block_pair,DIODORUS,PLUTARCH,30,ADV_PART:nmod,0.0004258655528875302
ud23_oth,block_pair,DIODORUS,PLUTARCH,31,ADV_PART:nsubj,3.5928429881052215e-05
ud23_oth,block_pair,DIODORUS,PLUTARCH,32,ADV_PART:obj,2.2289252390438133e-06
ud23_oth,block_pair,DIODORUS,PLUTARCH,33,ADV_PART:obl,2.2289252390438133e-06
ud23_oth,block_pair,DIODORUS,PLUTARCH,34,ADV_PART:oth,2.2289252390438133e-06
ud23_oth,block_pair,DIODORUS,PLUTARCH,35,ADV_PART:root,2.2289252390438133e-06
ud23_oth,block_pair,DIODORUS,PLUTARCH,36,ADV_PART:xcomp,4.194740623555264e-06
ud23_oth,block_pair,DIODORUS,PLUTARCH,37,AUX:aux,2.2289252390438133e-06
ud23_oth,block_pair,DIODORUS,PLUTARCH,38,AUX:conj,2.2289252390438133e-06
ud23_oth,block_pair,DIODORUS,PLUTARCH,39,AUX:cop,0.0010145158981194192
ud23_oth,block_pair,DIODORUS,PLUTARCH,40,CCONJ:advmod,3.2843902295902095e-05
ud23_oth,block_pair,DIODORUS,PLUTARCH,41,CCONJ:case,2.1885063925921868e-08
ud23_oth,block_pair,DIODORUS,PLUTARCH,42,CCONJ:cc,0.00044175654241048823
ud23_oth,block_pair,DIODORUS,PLUTARCH,43,CCONJ:conj,2.2289252390438133e-06
ud23_oth,block_pair,DIODORUS,PLUTARCH,44,CCONJ:mark,3.8160778047013644e-05
ud23_oth,block_pair,DIODORUS,PLUTARCH,45,CCONJ:nmod,4.194740623555264e-06
ud23_oth,block_pair,DIODORUS,PLUTARCH,46,CCONJ:obj,2.2289252390438133e-06
ud23_oth,block_pair,DIODORUS,PLUTARCH,47,CCONJ:obl,2.2289252390438133e-06
ud23_oth,block_pair,DIODORUS,PLUTARCH,48,DET:advmod,6.686775717131436e-06
ud23_oth,block_pair,DIODORUS,PLUTARCH,49,DET:det,0.002165634059476073
ud23_oth,block_pair,DIODORUS,PLUTARCH,50,DET:root,2.2289252390438133e-06
ud23_oth,block_pair,DIODORUS,PLUTARCH,51,DET:xcomp,2.2289252390438133e-06
ud23_oth,block_pair,DIODORUS,PLUTARCH,52,NOUN:acl,4.771650601145995e-05
ud23_oth,block_pair,DIODORUS,PLUTARCH,53,NOUN:advcl,0.00019975393974299628
ud23_oth,block_pair,DIODORUS,PLUTARCH,54,NOUN:appos,5.132460877936202e-06
ud23_oth,block_pair,DIODORUS,PLUTARCH,55,NOUN:case,4.194740623555264e-06
ud23_oth,block_pair,DIODORUS,PLUTARCH,56,NOUN:conj,0.000232528515193282
ud23_oth,block_pair,DIODORUS,PLUTARCH,57,NOUN:iobj,5.9587254021933856e-05
ud23_oth,block_pair,DIODORUS,PLUTARCH,58,NOUN:nmod,0.0011008376884407952
ud23_oth,block_pair,DIODORUS,PLUTARCH,59,NOUN:nsubj,3.7147438716090978e-06
ud23_oth,block_pair,DIODORUS,PLUTARCH,60,NOUN:obj,8.308543740985323e-05
ud23_oth,block_pair,DIODORUS,PLUTARCH,61,NOUN:obl,0.0013206632644670833
ud23_oth,block_pair,DIODORUS,PLUTARCH,62,NOUN:oth,0.00033510178219544744
ud23_oth,block_pair,DIODORUS,PLUTARCH,63,NOUN:root,0.00013187567210013487
ud23_oth,block_pair,DIODORUS,PLUTARCH,64,NOUN:xcomp,0.00032827128049861575
ud23_oth,block_pair,DIODORUS,PLUTARCH,65,NUM:advcl,3.5928429881052215e-05
ud23_oth,block_pair,DIODORUS,PLUTARCH,66,NUM:conj,8.062659921558157e-05
ud23_oth,block_pair,DIODORUS,PLUTARCH,67,NUM:nsubj,3.5928429881052215e-05
ud23_oth,block_pair,DIODORUS,PLUTARCH,68,NUM:nummod,0.0008198291690015028
ud23_oth,block_pair,DIODORUS,PLUTARCH,69,NUM:obj,2.2289252390438133e-06
ud23_oth,block_pair,DIODORUS,PLUTARCH,70,NUM:obl,3.5928429881052215e-05
ud23_oth,block_pair,DIODORUS,PLUTARCH,71,NUM:root,2.2289252390438133e-06
ud23_oth,block_pair,DIODORUS,PLUTARCH,72,NUM:xcomp,2.2289252390438133e-06
ud23_oth,block_pair,DIODORUS,PLUTARCH,73,PRON:acl,6.686775717131436e-06
ud23_oth,block_pair,DIODORUS,PLUTARCH,74,PRON:advcl,3.5928429881052215e-05
ud23_oth,block_pair,DIODORUS,PLUTARCH,75,PRON:appos,2.2289252390438133e-06
ud23_oth,block_pair,DIODORUS,PLUTARCH,76,PRON:conj,7.11923330745623e-05
ud23_oth,block_pair,DIODORUS,PLUTARCH,77,PRON:iobj,0.00015080734722657625
ud23_oth,block_pair,DIODORUS,PLUTARCH,78,PRON:nmod,0.00012105112388050346
ud23_oth,block_pair,DIODORUS,PLUTARCH,79,PRON:nsubj,0.00010883490505497089
ud23_oth,block_pair,DIODORUS,PLUTARCH,80,PRON:obj,0.000867538839349574
ud23_oth,block_pair,DIODORUS,PLUTARCH,81,PRON:obl,1.3833024942047439e-06
ud23_oth,block_pair,DIODORUS,PLUTARCH,82,PRON:oth,2.2289252390438133e-06
ud23_oth,block_pair,DIODORUS,PLUTARCH,83,PRON:parataxis,2.2289252390438133e-06
ud23_oth,block_pair,DIODORUS,PLUTARCH,84,PRON:root,4.148967377099915e-05
ud23_oth,block_pair,DIODORUS,PLUTARCH,85,PRON:xcomp,0.00030704266836506354
ud23_oth,block_pair,DIODORUS,PLUTARCH,86,SCONJ:case,1.1144626195219071e-05
ud23_oth,block_pair,DIODORUS,PLUTARCH,87,SCONJ:cc,2.2289252390438133e-06
ud23_oth,block_pair,DIODORUS,PLUTARCH,88,SCONJ:mark,0.0011726560720813455
ud23_oth,block_pair,DIODORUS,PLUTARCH,89,SCONJ:nmod,2.2289252390438133e-06
ud23_oth,block_pair,DIODORUS,PLUTARCH,90,SCONJ:xcomp,2.2289252390438133e-06
ud23_oth,block_pair,DIODORUS,PLUTARCH,91,VERB:acl,0.0002708891737315033
ud23_oth,block_pair,DIODORUS,PLUTARCH,92,VERB:advcl,7.477467917070871e-05
ud23_oth,block_pair,DIODORUS,PLUTARCH,93,VERB:appos,4.990381715794784e-07
ud23_oth,block_pair,DIODORUS,PLUTARCH,94,VERB:case,2.2289252390438133e-06
ud23_oth,block_pair,DIODORUS,PLUTARCH,95,VERB:ccomp,0.0007065236994638006
ud23_oth,block_pair,DIODORUS,PLUTARCH,96,VERB:conj,2.9786434997702317e-07
ud23_oth,block_pair,DIODORUS,PLUTARCH,97,VERB:csubj,0.00022196100993297633
ud23_oth,block_pair,DIODORUS,PLUTARCH,98,VERB:nmod,1.704743891336449e-05
ud23_oth,block_pair,DIODORUS,PLUTARCH,99,VERB:nsubj,4.1931972605515917e-05
ud23_oth,block_pair,DIODORUS,PLUTARCH,100,VERB:obl,4.4661206218199755e-05
ud23_oth,block_pair,DIODORUS,PLUTARCH,101,VERB:oth,3.5928429881052215e-05
ud23_oth,block_pair,DIODORUS,PLUTARCH,102,VERB:parataxis,4.194740623555264e-06
ud23_oth,block_pair,DIODORUS,PLUTARCH,103,VERB:root,7.63504894745286e-05
ud23_oth,block_pair,DIODORUS,PLUTARCH,104,VERB:xcomp,3.2410560180857236e-06
ud23_oth,block_pair,DIODORUS,THUCYDIDES,0,ADJ:advcl,0.00023236950051534863
ud23_oth,block_pair,DIODORUS,THUCYDIDES,1,ADJ:advmod,0.0009326489396812958
ud23_oth,block_pair,DIODORUS,THUCYDIDES,2,ADJ:amod,6.423451750567214e-07
ud23_oth,block_pair,DIODORUS,THUCYDIDES,3,ADJ:appos,0.0001679933523801036
ud23_oth,block_pair,DIODORUS,THUCYDIDES,4,ADJ:conj,0.0004344605367089219
ud23_oth,block_pair,DIODORUS,THUCYDIDES,5,ADJ:iobj,2.8429245471559178e-05
ud23_oth,block_pair,DIODORUS,THUCYDIDES,6,ADJ:nmod,0.0007254461878856856
ud23_oth,block_pair,DIODORUS,THUCYDIDES,7,ADJ:nsubj,8.47625826354407e-05
ud23_oth,block_pair,DIODORUS,THUCYDIDES,8,ADJ:obj,3.94049789002356e-05
ud23_oth,block_pair,DIODORUS,THUCYDIDES,9,ADJ:obl,0.000463610377153845
ud23_oth,block_pair,DIODORUS,THUCYDIDES,10,ADJ:oth,1.7873135182187174e-06
ud23_oth,block_pair,DIODORUS,THUCYDIDES,11,ADJ:parataxis,1.7873135182187174e-06
ud23_oth,block_pair,DIODORUS,THUCYDIDES,12,ADJ:root,0.0002932638811388248
ud23_oth,block_pair,DIODORUS,THUCYDIDES,13,ADJ:xcomp,4.547791292829333e-05
ud23_oth,block_pair,DIODORUS,THUCYDIDES,14,ADP:advcl,1.7873135182187174e-06
ud23_oth,block_pair,DIODORUS,THUCYDIDES,15,ADP:case,0.0004357058151724831
ud23_oth,block_pair,DIODORUS,THUCYDIDES,16,ADP:cc,1.7873135182187174e-06
ud23_oth,block_pair,DIODORUS,THUCYDIDES,17,ADP:conj,1.7873135182187174e-06
ud23_oth,block_pair,DIODORUS,THUCYDIDES,18,ADP:mark,0.00011843323969581247
ud23_oth,block_pair,DIODORUS,THUCYDIDES,19,ADP:nmod,0.00012053195954718086
ud23_oth,block_pair,DIODORUS,THUCYDIDES,20,ADP:nsubj,1.7873135182187174e-06
ud23_oth,block_pair,DIODORUS,THUCYDIDES,21,ADP:obj,3.290442855256743e-05
ud23_oth,block_pair,DIODORUS,THUCYDIDES,22,ADP:root,1.7873135182187174e-06
ud23_oth,block_pair,DIODORUS,THUCYDIDES,23,ADV_PART:acl,1.7873135182187174e-06
ud23_oth,block_pair,DIODORUS,THUCYDIDES,24,ADV_PART:advcl,1.7873135182187174e-06
ud23_oth,block_pair,DIODORUS,THUCYDIDES,25,ADV_PART:advmod,0.0029928628457870313
ud23_oth,block_pair,DIODORUS,THUCYDIDES,26,ADV_PART:case,1.7873135182187174e-06
ud23_oth,block_pair,DIODORUS,THUCYDIDES,27,ADV_PART:cc,8.936567591093589e-06
ud23_oth,block_pair,DIODORUS,THUCYDIDES,28,ADV_PART:conj,0.00012658887075164257
ud23_oth,block_pair,DIODORUS,THUCYDIDES,29,ADV_PART:mark,1.7873135182187174e-06
ud23_oth,block_pair,DIODORUS,THUCYDIDES,30,ADV_PART:nmod,0.0006293966462048235
ud23_oth,block_pair,DIODORUS,THUCYDIDES,31,ADV_PART:nsubj,3.290442855256743e-05
ud23_oth,block_pair,DIODORUS,THUCYDIDES,32,ADV_PART:obj,7.490761893679713e-05
ud23_oth,block_pair,DIODORUS,THUCYDIDES,33,ADV_PART:obl,3.290442855256743e-05
ud23_oth,block_pair,DIODORUS,THUCYDIDES,34,ADV_PART:oth,1.7873135182187174e-06
ud23_oth,block_pair,DIODORUS,THUCYDIDES,35,ADV_PART:root,3.290442855256743e-05
ud23_oth,block_pair,DIODORUS,THUCYDIDES,36,ADV_PART:xcomp,5.361940554656178e-06
ud23_oth,block_pair,DIODORUS,THUCYDIDES,37,AUX:aux,1.7873135182187174e-06
ud23_oth,block_pair,DIODORUS,THUCYDIDES,38,AUX:conj,1.7873135182187174e-06
ud23_oth,block_pair,DIODORUS,THUCYDIDES,39,AUX:cop,0.001322642152692816
ud23_oth,block_pair,DIODORUS,THUCYDIDES,40,CCONJ:advmod,5.361940554656178e-06
ud23_oth,block_pair,DIODORUS,THUCYDIDES,41,CCONJ:case,2.116086479256001e-05
ud23_oth,block_pair,DIODORUS,THUCYDIDES,42,CCONJ:cc,9.776033364863532e-05
ud23_oth,block_pair,DIODORUS,THUCYDIDES,43,CCONJ:conj,1.7873135182187174e-06
ud23_oth,block_pair,DIODORUS,THUCYDIDES,44,CCONJ:mark,0.0005962731020894387
ud23_oth,block_pair,DIODORUS,THUCYDIDES,45,CCONJ:nmod,4.855462904058457e-06
ud23_oth,block_pair,DIODORUS,THUCYDIDES,46,CCONJ:obj,1.7873135182187174e-06
ud23_oth,block_pair,DIODORUS,THUCYDIDES,47,CCONJ:obl,1.7873135182187174e-06
ud23_oth,block_pair,DIODORUS,THUCYDIDES,48,DET:advmod,5.361940554656178e-06
ud23_oth,block_pair,DIODORUS,THUCYDIDES,49,DET:det,0.004144532984849798
ud23_oth,block_pair,DIODORUS,THUCYDIDES,50,DET:root,1.7873135182187174e-06
ud23_oth,block_pair,DIODORUS,THUCYDIDES,51,DET:xcomp,1.7873135182187174e-06
ud23_oth,block_pair,DIODORUS,THUCYDIDES,52,NOUN:acl,5.185842981115691e-05
ud23_oth,block_pair,DIODORUS,THUCYDIDES,53,NOUN:advcl,3.852442672982663e-05
ud23_oth,block_pair,DIODORUS,THUCYDIDES,54,NOUN:appos,1.2461617600043428e-05
ud23_oth,block_pair,DIODORUS,THUCYDIDES,55,NOUN:case,4.855462904058457e-06
ud23_oth,block_pair,DIODORUS,THUCYDIDES,56,NOUN:conj,8.630406832877617e-05
ud23_oth,block_pair,DIODORUS,THUCYDIDES,57,NOUN:iobj,5.0354836677133947e-05
ud23_oth,block_pair,DIODORUS,THUCYDIDES,58,NOUN:nmod,0.0005388133332829346
ud23_oth,block_pair,DIODORUS,THUCYDIDES,59,NOUN:nsubj,0.0002443532218713981
ud23_oth,block_pair,DIODORUS,THUCYDIDES,60,NOUN:obj,0.0008795291685575772
ud23_oth,block_pair,DIODORUS,THUCYDIDES,61,NOUN:obl,0.0011828911054763656
ud23_oth,block_pair,DIODORUS,THUCYDIDES,62,NOUN:oth,0.0003157571629627478
ud23_oth,block_pair,DIODORUS,THUCYDIDES,63,NOUN:root,0.00027836436284681083
ud23_oth,block_pair,DIODORUS,THUCYDIDES,64,NOUN:xcomp,9.28347614341224e-07
ud23_oth,block_pair,DIODORUS,THUCYDIDES,65,NUM:advcl,1.7873135182187174e-06
ud23_oth,block_pair,DIODORUS,THUCYDIDES,66,NUM:conj,1.7873135182187174e-06
ud23_oth,block_pair,DIODORUS,THUCYDIDES,67,NUM:nsubj,1.7873135182187174e-06
ud23_oth,block_pair,DIODORUS,THUCYDIDES,68,NUM:nummod,1.7873135182187174e-06
ud23_oth,block_pair,DIODORUS,THUCYDIDES,69,NUM:obj,1.7873135182187174e-06
ud23_oth,block_pair,DIODORUS,THUCYDIDES,70,NUM:obl,1.7873135182187174e-06
ud23_oth,block_pair,DIODORUS,THUCYDIDES,71,NUM:root,1.7873135182187174e-06
ud23_oth,block_pair,DIODORUS,THUCYDIDES,72,NUM:xcomp,1.7873135182187174e-06
ud23_oth,block_pair,DIODORUS,THUCYDIDES,73,PRON:acl,4.855462904058457e-06
ud23_oth,block_pair,DIODORUS,THUCYDIDES,74,PRON:advcl,3.290442855256743e-05
ud23_oth,block_pair,DIODORUS,THUCYDIDES,75,PRON:appos,3.290442855256743e-05
ud23_oth,block_pair,DIODORUS,THUCYDIDES,76,PRON:conj,0.00011628938048046067
ud23_oth,block_pair,DIODORUS,THUCYDIDES,77,PRON:iobj,4.8212885774062176e-05
ud23_oth,block_pair,DIODORUS,THUCYDIDES,78,PRON:nmod,0.0007310885069667856
ud23_oth,block_pair,DIODORUS,THUCYDIDES,79,PRON:nsubj,0.0006556756505541965
ud23_oth,block_pair,DIODORUS,THUCYDIDES,80,PRON:obj,0.002558649677842803
ud23_oth,block_pair,DIODORUS,THUCYDIDES,81,PRON:obl,0.00034607645506556256
ud23_oth,block_pair,DIODORUS,THUCYDIDES,82,PRON:oth,1.7873135182187174e-06
ud23_oth,block_pair,DIODORUS,THUCYDIDES,83,PRON:parataxis,1.7873135182187174e-06
ud23_oth,block_pair,DIODORUS,THUCYDIDES,84,PRON:root,1.3250979937616543e-05
ud23_oth,block_pair,DIODORUS,THUCYDIDES,85,PRON:xcomp,4.175491609801671e-05
ud23_oth,block_pair,DIODORUS,THUCYDIDES,86,SCONJ:case,2.116086479256001e-05
ud23_oth,block_pair,DIODORUS,THUCYDIDES,87,SCONJ:cc,1.7873135182187174e-06
ud23_oth,block_pair,DIODORUS,THUCYDIDES,88,SCONJ:mark,0.0016593087951579928
ud23_oth,block_pair,DIODORUS,THUCYDIDES,89,SCONJ:nmod,1.7873135182187174e-06
ud23_oth,block_pair,DIODORUS,THUCYDIDES,90,SCONJ:xcomp,1.7873135182187174e-06
ud23_oth,block_pair,DIODORUS,THUCYDIDES,91,VERB:acl,0.0012017667565180161
ud23_oth,block_pair,DIODORUS,THUCYDIDES,92,VERB:advcl,2.802952052723107e-06
ud23_oth,block_pair,DIODORUS,THUCYDIDES,93,VERB:appos,6.160694968351993e-06
ud23_oth,block_pair,DIODORUS,THUCYDIDES,94,VERB:case,1.7873135182187174e-06
ud23_oth,block_pair,DIODORUS,THUCYDIDES,95,VERB:ccomp,4.599471531997301e-05
ud23_oth,block_pair,DIODORUS,THUCYDIDES,96,VERB:conj,4.2384173878334385e-06
ud23_oth,block_pair,DIODORUS,THUCYDIDES,97,VERB:csubj,0.00021476991611325347
ud23_oth,block_pair,DIODORUS,THUCYDIDES,98,VERB:nmod,0.0003354921846881458
ud23_oth,block_pair,DIODORUS,THUCYDIDES,99,VERB:nsubj,6.552396677215555e-05
ud23_oth,block_pair,DIODORUS,THUCYDIDES,100,VERB:obl,3.1998152806617553e-06
ud23_oth,block_pair,DIODORUS,THUCYDIDES,101,VERB:oth,1.7873135182187174e-06
ud23_oth,block_pair,DIODORUS,THUCYDIDES,102,VERB:parataxis,5.361940554656178e-06
ud23_oth,block_pair,DIODORUS,THUCYDIDES,103,VERB:root,0.0001352950773372591
ud23_oth,block_pair,DIODORUS,THUCYDIDES,104,VERB:xcomp,0.0002496617896771056
ud23_oth,block_pair,HERODOTUS,HESIODIC_TRADITION,0,ADJ:advcl,9.840052411942956e-05
ud23_oth,block_pair,HERODOTUS,HESIODIC_TRADITION,1,ADJ:advmod,0.00024552648641301667
ud23_oth,block_pair,HERODOTUS,HESIODIC_TRADITION,2,ADJ:amod,0.00011480313624153565
ud23_oth,block_pair,HERODOTUS,HESIODIC_TRADITION,3,ADJ:appos,2.4449674924605932e-05
ud23_oth,block_pair,HERODOTUS,HESIODIC_TRADITION,4,ADJ:conj,3.1973715246756164e-05
ud23_oth,block_pair,HERODOTUS,HESIODIC_TRADITION,5,ADJ:iobj,2.2444321500784847e-05
ud23_oth,block_pair,HERODOTUS,HESIODIC_TRADITION,6,ADJ:nmod,0.00807796280379124
ud23_oth,block_pair,HERODOTUS,HESIODIC_TRADITION,7,ADJ:nsubj,1.384178756827834e-05
ud23_oth,block_pair,HERODOTUS,HESIODIC_TRADITION,8,ADJ:obj,3.5606943388796184e-08
ud23_oth,block_pair,HERODOTUS,HESIODIC_TRADITION,9,ADJ:obl,7.138360027720989e-05
ud23_oth,block_pair,HERODOTUS,HESIODIC_TRADITION,10,ADJ:oth,0.00033247451849435897
ud23_oth,block_pair,HERODOTUS,HESIODIC_TRADITION,11,ADJ:parataxis,2.716630547178438e-06
ud23_oth,block_pair,HERODOTUS,HESIODIC_TRADITION,12,ADJ:root,0.00011459266692772583
ud23_oth,block_pair,HERODOTUS,HESIODIC_TRADITION,13,ADJ:xcomp,0.000315501763431806
ud23_oth,block_pair,HERODOTUS,HESIODIC_TRADITION,14,ADP:advcl,2.716630547178438e-06
ud23_oth,block_pair,HERODOTUS,HESIODIC_TRADITION,15,ADP:case,2.7383001245839984e-05
ud23_oth,block_pair,HERODOTUS,HESIODIC_TRADITION,16,ADP:cc,2.716630547178438e-06
ud23_oth,block_pair,HERODOTUS,HESIODIC_TRADITION,17,ADP:conj,2.716630547178438e-06
ud23_oth,block_pair,HERODOTUS,HESIODIC_TRADITION,18,ADP:mark,3.638561967872843e-05
ud23_oth,block_pair,HERODOTUS,HESIODIC_TRADITION,19,ADP:nmod,2.716630547178438e-06
ud23_oth,block_pair,HERODOTUS,HESIODIC_TRADITION,20,ADP:nsubj,2.716630547178438e-06
ud23_oth,block_pair,HERODOTUS,HESIODIC_TRADITION,21,ADP:obj,2.716630547178438e-06
ud23_oth,block_pair,HERODOTUS,HESIODIC_TRADITION,22,ADP:root,2.716630547178438e-06
ud23_oth,block_pair,HERODOTUS,HESIODIC_TRADITION,23,ADV_PART:acl,3.638561967872843e-05
ud23_oth,block_pair,HERODOTUS,HESIODIC_TRADITION,24,ADV_PART:advcl,2.8025594420137475e-06
ud23_oth,block_pair,HERODOTUS,HESIODIC_TRADITION,25,ADV_PART:advmod,7.526207111383811e-07
ud23_oth,block_pair,HERODOTUS,HESIODIC_TRADITION,26,ADV_PART:case,0.00027440630920936616
ud23_oth,block_pair,HERODOTUS,HESIODIC_TRADITION,27,ADV_PART:cc,0.030952954067858775
ud23_oth,block_pair,HERODOTUS,HESIODIC_TRADITION,28,ADV_PART:conj,0.00023967920955505004
ud23_oth,block_pair,HERODOTUS,HESIODIC_TRADITION,29,ADV_PART:mark,0.00012663533251968014
ud23_oth,block_pair,HERODOTUS,HESIODIC_TRADITION,30,ADV_PART:nmod,7.580245063110516e-08
ud23_oth,block_pair,HERODOTUS,HESIODIC_TRADITION,31,ADV_PART:nsubj,1.5476316862134362e-05
ud23_oth,block_pair,HERODOTUS,HESIODIC_TRADITION,32,ADV_PART:obj,0.000744412969161698
ud23_oth,block_pair,HERODOTUS,HESIODIC_TRADITION,33,ADV_PART:obl,0.00012663533251968014
ud23_oth,block_pair,HERODOTUS,HESIODIC_TRADITION,34,ADV_PART:oth,2.716630547178438e-06
ud23_oth,block_pair,HERODOTUS,HESIODIC_TRADITION,35,ADV_PART:root,0.00012092700658079082
ud23_oth,block_pair,HERODOTUS,HESIODIC_TRADITION,36,ADV_PART:xcomp,0.0001450982560220579
ud23_oth,block_pair,HERODOTUS,HESIODIC_TRADITION,37,AUX:aux,2.716630547178438e-06
ud23_oth,block_pair,HERODOTUS,HESIODIC_TRADITION,38,AUX:conj,2.716630547178438e-06
ud23_oth,block_pair,HERODOTUS,HESIODIC_TRADITION,39,AUX:cop,0.00309521159786369
ud23_oth,block_pair,HERODOTUS,HESIODIC_TRADITION,40,CCONJ:advmod,0.003999741279872751
ud23_oth,block_pair,HERODOTUS,HESIODIC_TRADITION,41,CCONJ:case,2.716630547178438e-06
ud23_oth,block_pair,HERODOTUS,HESIODIC_TRADITION,42,CCONJ:cc,0.0018561427815688347
ud23_oth,block_pair,HERODOTUS,HESIODIC_TRADITION,43,CCONJ:conj,2.716630547178438e-06
ud23_oth,block_pair,HERODOTUS,HESIODIC_TRADITION,44,CCONJ:mark,0.0002768518339584345
ud23_oth,block_pair,HERODOTUS,HESIODIC_TRADITION,45,CCONJ:nmod,2.716630547178438e-06
ud23_oth,block_pair,HERODOTUS,HESIODIC_TRADITION,46,CCONJ:obj,2.716630547178438e-06
ud23_oth,block_pair,HERODOTUS,HESIODIC_TRADITION,47,CCONJ:obl,2.716630547178438e-06
ud23_oth,block_pair,HERODOTUS,HESIODIC_TRADITION,48,DET:advmod,9.737012021352692e-05
ud23_oth,block_pair,HERODOTUS,HESIODIC_TRADITION,49,DET:det,0.04920430719672648
ud23_oth,block_pair,HERODOTUS,HESIODIC_TRADITION,50,DET:root,2.716630547178438e-06
ud23_oth,block_pair,HERODOTUS,HESIODIC_TRADITION,51,DET:xcomp,2.716630547178438e-06
ud23_oth,block_pair,HERODOTUS,HESIODIC_TRADITION,52,NOUN:acl,0.00023057964022380517
ud23_oth,block_pair,HERODOTUS,HESIODIC_TRADITION,53,NOUN:advcl,9.881984581020213e-05
ud23_oth,block_pair,HERODOTUS,HESIODIC_TRADITION,54,NOUN:appos,0.003357214106819567
ud23_oth,block_pair,HERODOTUS,HESIODIC_TRADITION,55,NOUN:case,2.716630547178438e-06
ud23_oth,block_pair,HERODOTUS,HESIODIC_TRADITION,56,NOUN:conj,0.006085137409547615
ud23_oth,block_pair,HERODOTUS,HESIODIC_TRADITION,57,NOUN:iobj,6.932725093752802e-05
ud23_oth,block_pair,HERODOTUS,HESIODIC_TRADITION,58,NOUN:nmod,0.0005056235358739656
ud23_oth,block_pair,HERODOTUS,HESIODIC_TRADITION,59,NOUN:nsubj,2.406829919747932e-06
ud23_oth,block_pair,HERODOTUS,HESIODIC_TRADITION,60,NOUN:obj,0.0022189567587496233
ud23_oth,block_pair,HERODOTUS,HESIODIC_TRADITION,61,NOUN:obl,0.00019484065761719719
ud23_oth,block_pair,HERODOTUS,HESIODIC_TRADITION,62,NOUN:oth,5.142815428626113e-05
ud23_oth,block_pair,HERODOTUS,HESIODIC_TRADITION,63,NOUN:root,9.26653267510208e-05
ud23_oth,block_pair,HERODOTUS,HESIODIC_TRADITION,64,NOUN:xcomp,0.0005577958987804919
ud23_oth,block_pair,HERODOTUS,HESIODIC_TRADITION,65,NUM:advcl,2.716630547178438e-06
ud23_oth,block_pair,HERODOTUS,HESIODIC_TRADITION,66,NUM:conj,7.461954941409199e-05
ud23_oth,block_pair,HERODOTUS,HESIODIC_TRADITION,67,NUM:nsubj,2.716630547178438e-06
ud23_oth,block_pair,HERODOTUS,HESIODIC_TRADITION,68,NUM:nummod,4.877527350164622e-06
ud23_oth,block_pair,HERODOTUS,HESIODIC_TRADITION,69,NUM:obj,2.716630547178438e-06
ud23_oth,block_pair,HERODOTUS,HESIODIC_TRADITION,70,NUM:obl,2.716630547178438e-06
ud23_oth,block_pair,HERODOTUS,HESIODIC_TRADITION,71,NUM:root,2.716630547178438e-06
ud23_oth,block_pair,HERODOTUS,HESIODIC_TRADITION,72,NUM:xcomp,2.716630547178438e-06
ud23_oth,block_pair,HERODOTUS,HESIODIC_TRADITION,73,PRON:acl,0.0001450982560220579
ud23_oth,block_pair,HERODOTUS,HESIODIC_TRADITION,74,PRON:advcl,5.297443313928024e-05
ud23_oth,block_pair,HERODOTUS,HESIODIC_TRADITION,75,PRON:appos,3.264808873566949e-07
ud23_oth,block_pair,HERODOTUS,HESIODIC_TRADITION,76,PRON:conj,0.0002440849059723151
ud23_oth,block_pair,HERODOTUS,HESIODIC_TRADITION,77,PRON:iobj,0.00021284715051138835
ud23_oth,block_pair,HERODOTUS,HESIODIC_TRADITION,78,PRON:nmod,0.00024670885901054347
ud23_oth,block_pair,HERODOTUS,HESIODIC_TRADITION,79,PRON:nsubj,6.57078658378911e-06
ud23_oth,block_pair,HERODOTUS,HESIODIC_TRADITION,80,PRON:obj,0.0017120265458633798
ud23_oth,block_pair,HERODOTUS,HESIODIC_TRADITION,81,PRON:obl,0.0018170076776340637
ud23_oth,block_pair,HERODOTUS,HESIODIC_TRADITION,82,PRON:oth,2.716630547178438e-06
ud23_oth,block_pair,HERODOTUS,HESIODIC_TRADITION,83,PRON:parataxis,2.716630547178438e-06
ud23_oth,block_pair,HERODOTUS,HESIODIC_TRADITION,84,PRON:root,0.00019479917068601044
ud23_oth,block_pair,HERODOTUS,HESIODIC_TRADITION,85,PRON:xcomp,0.0006471776206092153
ud23_oth,block_pair,HERODOTUS,HESIODIC_TRADITION,86,SCONJ:case,5.297443313928024e-05
ud23_oth,block_pair,HERODOTUS,HESIODIC_TRADITION,87,SCONJ:cc,2.716630547178438e-06
ud23_oth,block_pair,HERODOTUS,HESIODIC_TRADITION,88,SCONJ:mark,0.001117567189514431
ud23_oth,block_pair,HERODOTUS,HESIODIC_TRADITION,89,SCONJ:nmod,2.716630547178438e-06
ud23_oth,block_pair,HERODOTUS,HESIODIC_TRADITION,90,SCONJ:xcomp,2.716630547178438e-06
ud23_oth,block_pair,HERODOTUS,HESIODIC_TRADITION,91,VERB:acl,6.417853966466779e-05
ud23_oth,block_pair,HERODOTUS,HESIODIC_TRADITION,92,VERB:advcl,0.0006803660308242823
ud23_oth,block_pair,HERODOTUS,HESIODIC_TRADITION,93,VERB:appos,0.00015785223062144598
ud23_oth,block_pair,HERODOTUS,HESIODIC_TRADITION,94,VERB:case,2.716630547178438e-06
ud23_oth,block_pair,HERODOTUS,HESIODIC_TRADITION,95,VERB:ccomp,0.0039665507164713745
ud23_oth,block_pair,HERODOTUS,HESIODIC_TRADITION,96,VERB:conj,0.00012380281572847425
ud23_oth,block_pair,HERODOTUS,HESIODIC_TRADITION,97,VERB:csubj,0.0003566787084531306
ud23_oth,block_pair,HERODOTUS,HESIODIC_TRADITION,98,VERB:nmod,7.418921260220993e-05
ud23_oth,block_pair,HERODOTUS,HESIODIC_TRADITION,99,VERB:nsubj,0.0004407974392739485
ud23_oth,block_pair,HERODOTUS,HESIODIC_TRADITION,100,VERB:obl,9.34399067550463e-05
ud23_oth,block_pair,HERODOTUS,HESIODIC_TRADITION,101,VERB:oth,2.8025594420137475e-06
ud23_oth,block_pair,HERODOTUS,HESIODIC_TRADITION,102,VERB:parataxis,6.926091266992191e-05
ud23_oth,block_pair,HERODOTUS,HESIODIC_TRADITION,103,VERB:root,0.0010155918633924952
ud23_oth,block_pair,HERODOTUS,HESIODIC_TRADITION,104,VERB:xcomp,0.0010588028472085136
ud23_oth,block_pair,HERODOTUS,HOMERIC_TRADITION,0,ADJ:advcl,0.00010841590944492074
ud23_oth,block_pair,HERODOTUS,HOMERIC_TRADITION,1,ADJ:advmod,5.066697779982114e-05
ud23_oth,block_pair,HERODOTUS,HOMERIC_TRADITION,2,ADJ:amod,1.1603663803898842e-05
ud23_oth,block_pair,HERODOTUS,HOMERIC_TRADITION,3,ADJ:appos,3.0308304377053877e-05
ud23_oth,block_pair,HERODOTUS,HOMERIC_TRADITION,4,ADJ:conj,0.0002822160195212654
ud23_oth,block_pair,HERODOTUS,HOMERIC_TRADITION,5,ADJ:iobj,3.0987966154910504e-05
ud23_oth,block_pair,HERODOTUS,HOMERIC_TRADITION,6,ADJ:nmod,0.0033366334260713
ud23_oth,block_pair,HERODOTUS,HOMERIC_TRADITION,7,ADJ:nsubj,1.3909796301715097e-06
ud23_oth,block_pair,HERODOTUS,HOMERIC_TRADITION,8,ADJ:obj,1.2161161846637337e-05
ud23_oth,block_pair,HERODOTUS,HOMERIC_TRADITION,9,ADJ:obl,3.749781291919544e-05
ud23_oth,block_pair,HERODOTUS,HOMERIC_TRADITION,10,ADJ:oth,0.00037482138600642594
ud23_oth,block_pair,HERODOTUS,HOMERIC_TRADITION,11,ADJ:parataxis,5.1274945604876955e-06
ud23_oth,block_pair,HERODOTUS,HOMERIC_TRADITION,12,ADJ:root,0.00011790205591296905
ud23_oth,block_pair,HERODOTUS,HOMERIC_TRADITION,13,ADJ:xcomp,0.000702663332826952
ud23_oth,block_pair,HERODOTUS,HOMERIC_TRADITION,14,ADP:advcl,5.1274945604876955e-06
ud23_oth,block_pair,HERODOTUS,HOMERIC_TRADITION,15,ADP:case,2.7202658227046045e-05
ud23_oth,block_pair,HERODOTUS,HOMERIC_TRADITION,16,ADP:cc,5.1274945604876955e-06
ud23_oth,block_pair,HERODOTUS,HOMERIC_TRADITION,17,ADP:conj,5.1274945604876955e-06
ud23_oth,block_pair,HERODOTUS,HOMERIC_TRADITION,18,ADP:mark,2.1699174442669953e-07
ud23_oth,block_pair,HERODOTUS,HOMERIC_TRADITION,19,ADP:nmod,5.1274945604876955e-06
ud23_oth,block_pair,HERODOTUS,HOMERIC_TRADITION,20,ADP:nsubj,5.1274945604876955e-06
ud23_oth,block_pair,HERODOTUS,HOMERIC_TRADITION,21,ADP:obj,2.1699174442669953e-07
ud23_oth,block_pair,HERODOTUS,HOMERIC_TRADITION,22,ADP:root,5.1274945604876955e-06
ud23_oth,block_pair,HERODOTUS,HOMERIC_TRADITION,23,ADV_PART:acl,4.4159399003415676e-07
ud23_oth,block_pair,HERODOTUS,HOMERIC_TRADITION,24,ADV_PART:advcl,8.084401364100678e-06
ud23_oth,block_pair,HERODOTUS,HOMERIC_TRADITION,25,ADV_PART:advmod,0.0009301784753485993
ud23_oth,block_pair,HERODOTUS,HOMERIC_TRADITION,26,ADV_PART:case,0.00010026333832748521
ud23_oth,block_pair,HERODOTUS,HOMERIC_TRADITION,27,ADV_PART:cc,0.02658828001047383
ud23_oth,block_pair,HERODOTUS,HOMERIC_TRADITION,28,ADV_PART:conj,5.903840708098943e-05
ud23_oth,block_pair,HERODOTUS,HOMERIC_TRADITION,29,ADV_PART:mark,9.41808260477091e-05
ud23_oth,block_pair,HERODOTUS,HOMERIC_TRADITION,30,ADV_PART:nmod,3.342764300314615e-05
ud23_oth,block_pair,HERODOTUS,HOMERIC_TRADITION,31,ADV_PART:nsubj,5.4933784434937224e-05
ud23_oth,block_pair,HERODOTUS,HOMERIC_TRADITION,32,ADV_PART:obj,0.0014215915859453205
ud23_oth,block_pair,HERODOTUS,HOMERIC_TRADITION,33,ADV_PART:obl,1.2206991960402888e-05
ud23_oth,block_pair,HERODOTUS,HOMERIC_TRADITION,34,ADV_PART:oth,5.1274945604876955e-06
ud23_oth,block_pair,HERODOTUS,HOMERIC_TRADITION,35,ADV_PART:root,8.694323957866487e-05
ud23_oth,block_pair,HERODOTUS,HOMERIC_TRADITION,36,ADV_PART:xcomp,0.00013455794103511267
ud23_oth,block_pair,HERODOTUS,HOMERIC_TRADITION,37,AUX:aux,5.1274945604876955e-06
ud23_oth,block_pair,HERODOTUS,HOMERIC_TRADITION,38,AUX:conj,5.1274945604876955e-06
ud23_oth,block_pair,HERODOTUS,HOMERIC_TRADITION,39,AUX:cop,0.0026220050412034623
ud23_oth,block_pair,HERODOTUS,HOMERIC_TRADITION,40,CCONJ:advmod,0.0020754378525136958
ud23_oth,block_pair,HERODOTUS,HOMERIC_TRADITION,41,CCONJ:case,5.1274945604876955e-06
ud23_oth,block_pair,HERODOTUS,HOMERIC_TRADITION,42,CCONJ:cc,0.0020201555481224927
ud23_oth,block_pair,HERODOTUS,HOMERIC_TRADITION,43,CCONJ:conj,5.1274945604876955e-06
ud23_oth,block_pair,HERODOTUS,HOMERIC_TRADITION,44,CCONJ:mark,4.4824138725908504e-07
ud23_oth,block_pair,HERODOTUS,HOMERIC_TRADITION,45,CCONJ:nmod,5.1274945604876955e-06
ud23_oth,block_pair,HERODOTUS,HOMERIC_TRADITION,46,CCONJ:obj,5.1274945604876955e-06
ud23_oth,block_pair,HERODOTUS,HOMERIC_TRADITION,47,CCONJ:obl,5.1274945604876955e-06
ud23_oth,block_pair,HERODOTUS,HOMERIC_TRADITION,48,DET:advmod,0.00013817614952264638
ud23_oth,block_pair,HERODOTUS,HOMERIC_TRADITION,49,DET:det,0.05000781436188279
ud23_oth,block_pair,HERODOTUS,HOMERIC_TRADITION,50,DET:root,5.1274945604876955e-06
ud23_oth,block_pair,HERODOTUS,HOMERIC_TRADITION,51,DET:xcomp,5.1274945604876955e-06
ud23_oth,block_pair,HERODOTUS,HOMERIC_TRADITION,52,NOUN:acl,0.00028119239325839177
ud23_oth,block_pair,HERODOTUS,HOMERIC_TRADITION,53,NOUN:advcl,2.9758903387274216e-05
ud23_oth,block_pair,HERODOTUS,HOMERIC_TRADITION,54,NOUN:appos,3.342432089962466e-06
ud23_oth,block_pair,HERODOTUS,HOMERIC_TRADITION,55,NOUN:case,4.4159399003415676e-07
ud23_oth,block_pair,HERODOTUS,HOMERIC_TRADITION,56,NOUN:conj,0.0001690415378680203
ud23_oth,block_pair,HERODOTUS,HOMERIC_TRADITION,57,NOUN:iobj,0.00010140042095608577
ud23_oth,block_pair,HERODOTUS,HOMERIC_TRADITION,58,NOUN:nmod,2.922149814663978e-05
ud23_oth,block_pair,HERODOTUS,HOMERIC_TRADITION,59,NOUN:nsubj,2.7948499453904745e-05
ud23_oth,block_pair,HERODOTUS,HOMERIC_TRADITION,60,NOUN:obj,0.0016540136884110176
ud23_oth,block_pair,HERODOTUS,HOMERIC_TRADITION,61,NOUN:obl,5.585554745915749e-05
ud23_oth,block_pair,HERODOTUS,HOMERIC_TRADITION,62,NOUN:oth,0.00028736746663774067
ud23_oth,block_pair,HERODOTUS,HOMERIC_TRADITION,63,NOUN:root,0.00028489894346969024
ud23_oth,block_pair,HERODOTUS,HOMERIC_TRADITION,64,NOUN:xcomp,0.0008260634192783296
ud23_oth,block_pair,HERODOTUS,HOMERIC_TRADITION,65,NUM:advcl,4.4159399003415676e-07
ud23_oth,block_pair,HERODOTUS,HOMERIC_TRADITION,66,NUM:conj,7.879957312551496e-05
ud23_oth,block_pair,HERODOTUS,HOMERIC_TRADITION,67,NUM:nsubj,2.1699174442669953e-07
ud23_oth,block_pair,HERODOTUS,HOMERIC_TRADITION,68,NUM:nummod,9.2235040988312e-05
ud23_oth,block_pair,HERODOTUS,HOMERIC_TRADITION,69,NUM:obj,2.1699174442669953e-07
ud23_oth,block_pair,HERODOTUS,HOMERIC_TRADITION,70,NUM:obl,4.4159399003415676e-07
ud23_oth,block_pair,HERODOTUS,HOMERIC_TRADITION,71,NUM:root,4.4159399003415676e-07
ud23_oth,block_pair,HERODOTUS,HOMERIC_TRADITION,72,NUM:xcomp,4.4159399003415676e-07
ud23_oth,block_pair,HERODOTUS,HOMERIC_TRADITION,73,PRON:acl,0.00016917290436877056
ud23_oth,block_pair,HERODOTUS,HOMERIC_TRADITION,74,PRON:advcl,8.608677838419814e-05
ud23_oth,block_pair,HERODOTUS,HOMERIC_TRADITION,75,PRON:appos,4.339534279531526e-06
ud23_oth,block_pair,HERODOTUS,HOMERIC_TRADITION,76,PRON:conj,0.00020229027074774805
ud23_oth,block_pair,HERODOTUS,HOMERIC_TRADITION,77,PRON:iobj,7.86556514500564e-05
ud23_oth,block_pair,HERODOTUS,HOMERIC_TRADITION,78,PRON:nmod,0.00010485067799698622
ud23_oth,block_pair,HERODOTUS,HOMERIC_TRADITION,79,PRON:nsubj,0.00038267444290950286
ud23_oth,block_pair,HERODOTUS,HOMERIC_TRADITION,80,PRON:obj,0.0001563342133275357
ud23_oth,block_pair,HERODOTUS,HOMERIC_TRADITION,81,PRON:obl,0.0003604805043055826
ud23_oth,block_pair,HERODOTUS,HOMERIC_TRADITION,82,PRON:oth,4.6962104511104285e-06
ud23_oth,block_pair,HERODOTUS,HOMERIC_TRADITION,83,PRON:parataxis,5.1274945604876955e-06
ud23_oth,block_pair,HERODOTUS,HOMERIC_TRADITION,84,PRON:root,0.000128270667909442
ud23_oth,block_pair,HERODOTUS,HOMERIC_TRADITION,85,PRON:xcomp,0.0006562339181829214
ud23_oth,block_pair,HERODOTUS,HOMERIC_TRADITION,86,SCONJ:case,0.00010949227088333502
ud23_oth,block_pair,HERODOTUS,HOMERIC_TRADITION,87,SCONJ:cc,6.447044768018731e-05
ud23_oth,block_pair,HERODOTUS,HOMERIC_TRADITION,88,SCONJ:mark,0.00043047439445543633
ud23_oth,block_pair,HERODOTUS,HOMERIC_TRADITION,89,SCONJ:nmod,5.1274945604876955e-06
ud23_oth,block_pair,HERODOTUS,HOMERIC_TRADITION,90,SCONJ:xcomp,5.1274945604876955e-06
ud23_oth,block_pair,HERODOTUS,HOMERIC_TRADITION,91,VERB:acl,1.559877064361855e-05
ud23_oth,block_pair,HERODOTUS,HOMERIC_TRADITION,92,VERB:advcl,0.00030600170809625847
ud23_oth,block_pair,HERODOTUS,HOMERIC_TRADITION,93,VERB:appos,0.00021988853306862977
ud23_oth,block_pair,HERODOTUS,HOMERIC_TRADITION,94,VERB:case,5.1274945604876955e-06
ud23_oth,block_pair,HERODOTUS,HOMERIC_TRADITION,95,VERB:ccomp,0.0017304529573391935
ud23_oth,block_pair,HERODOTUS,HOMERIC_TRADITION,96,VERB:conj,0.0010812981214391318
ud23_oth,block_pair,HERODOTUS,HOMERIC_TRADITION,97,VERB:csubj,0.0005133927628829032
ud23_oth,block_pair,HERODOTUS,HOMERIC_TRADITION,98,VERB:nmod,0.0006654576068703877
ud23_oth,block_pair,HERODOTUS,HOMERIC_TRADITION,99,VERB:nsubj,0.0006848623035889272
ud23_oth,block_pair,HERODOTUS,HOMERIC_TRADITION,100,VERB:obl,0.0003015076447150998
ud23_oth,block_pair,HERODOTUS,HOMERIC_TRADITION,101,VERB:oth,1.8688888979142593e-06
ud23_oth,block_pair,HERODOTUS,HOMERIC_TRADITION,102,VERB:parataxis,1.1971147909637593e-05
ud23_oth,block_pair,HERODOTUS,HOMERIC_TRADITION,103,VERB:root,0.001855242858116661
ud23_oth,block_pair,HERODOTUS,HOMERIC_TRADITION,104,VERB:xcomp,4.518689144530463e-06
ud23_oth,block_pair,HERODOTUS,PLUTARCH,0,ADJ:advcl,1.8574961302060701e-06
ud23_oth,block_pair,HERODOTUS,PLUTARCH,1,ADJ:advmod,8.480670811516984e-07
ud23_oth,block_pair,HERODOTUS,PLUTARCH,2,ADJ:amod,4.262439623618563e-06
ud23_oth,block_pair,HERODOTUS,PLUTARCH,3,ADJ:appos,5.10923044180553e-05
ud23_oth,block_pair,HERODOTUS,PLUTARCH,4,ADJ:conj,0.0002914960408708764
ud23_oth,block_pair,HERODOTUS,PLUTARCH,5,ADJ:iobj,0.0001605081470884377
ud23_oth,block_pair,HERODOTUS,PLUTARCH,6,ADJ:nmod,0.0007555758709438766
ud23_oth,block_pair,HERODOTUS,PLUTARCH,7,ADJ:nsubj,1.4974483575368885e-05
ud23_oth,block_pair,HERODOTUS,PLUTARCH,8,ADJ:obj,2.913453846950688e-05
ud23_oth,block_pair,HERODOTUS,PLUTARCH,9,ADJ:obl,2.599683790768215e-05
ud23_oth,block_pair,HERODOTUS,PLUTARCH,10,ADJ:oth,9.60120246592819e-06
ud23_oth,block_pair,HERODOTUS,PLUTARCH,11,ADJ:parataxis,3.9236685644245225e-05
ud23_oth,block_pair,HERODOTUS,PLUTARCH,12,ADJ:root,4.45055051996302e-05
ud23_oth,block_pair,HERODOTUS,PLUTARCH,13,ADJ:xcomp,0.00010066740701271078
ud23_oth,block_pair,HERODOTUS,PLUTARCH,14,ADP:advcl,3.2004008219760634e-06
ud23_oth,block_pair,HERODOTUS,PLUTARCH,15,ADP:case,3.7813916992613826e-05
ud23_oth,block_pair,HERODOTUS,PLUTARCH,16,ADP:cc,3.2004008219760634e-06
ud23_oth,block_pair,HERODOTUS,PLUTARCH,17,ADP:conj,3.2004008219760634e-06
ud23_oth,block_pair,HERODOTUS,PLUTARCH,18,ADP:mark,8.519456139564433e-05
ud23_oth,block_pair,HERODOTUS,PLUTARCH,19,ADP:nmod,3.2004008219760634e-06
ud23_oth,block_pair,HERODOTUS,PLUTARCH,20,ADP:nsubj,3.2004008219760634e-06
ud23_oth,block_pair,HERODOTUS,PLUTARCH,21,ADP:obj,3.2004008219760634e-06
ud23_oth,block_pair,HERODOTUS,PLUTARCH,22,ADP:root,3.2004008219760634e-06
ud23_oth,block_pair,HERODOTUS,PLUTARCH,23,ADV_PART:acl,3.2004008219760634e-06
ud23_oth,block_pair,HERODOTUS,PLUTARCH,24,ADV_PART:advcl,9.60120246592819e-06
ud23_oth,block_pair,HERODOTUS,PLUTARCH,25,ADV_PART:advmod,2.633397065530344e-05
ud23_oth,block_pair,HERODOTUS,PLUTARCH,26,ADV_PART:case,3.2004008219760634e-06
ud23_oth,block_pair,HERODOTUS,PLUTARCH,27,ADV_PART:cc,9.60120246592819e-06
ud23_oth,block_pair,HERODOTUS,PLUTARCH,28,ADV_PART:conj,0.0007635811354938071
ud23_oth,block_pair,HERODOTUS,PLUTARCH,29,ADV_PART:mark,3.2004008219760634e-06
ud23_oth,block_pair,HERODOTUS,PLUTARCH,30,ADV_PART:nmod,0.00030623724967666677
ud23_oth,block_pair,HERODOTUS,PLUTARCH,31,ADV_PART:nsubj,6.688247353609418e-07
ud23_oth,block_pair,HERODOTUS,PLUTARCH,32,ADV_PART:obj,3.142010033151211e-05
ud23_oth,block_pair,HERODOTUS,PLUTARCH,33,ADV_PART:obl,3.2004008219760634e-06
ud23_oth,block_pair,HERODOTUS,PLUTARCH,34,ADV_PART:oth,3.2004008219760634e-06
ud23_oth,block_pair,HERODOTUS,PLUTARCH,35,ADV_PART:root,0.00011826106778992255
ud23_oth,block_pair,HERODOTUS,PLUTARCH,36,ADV_PART:xcomp,0.00014223240620129081
ud23_oth,block_pair,HERODOTUS,PLUTARCH,37,AUX:aux,3.2004008219760634e-06
ud23_oth,block_pair,HERODOTUS,PLUTARCH,38,AUX:conj,3.2004008219760634e-06
ud23_oth,block_pair,HERODOTUS,PLUTARCH,39,AUX:cop,0.0006860699390994667
ud23_oth,block_pair,HERODOTUS,PLUTARCH,40,CCONJ:advmod,1.6002004109880324e-05
ud23_oth,block_pair,HERODOTUS,PLUTARCH,41,CCONJ:case,3.9236685644245225e-05
ud23_oth,block_pair,HERODOTUS,PLUTARCH,42,CCONJ:cc,0.0008161213269691041
ud23_oth,block_pair,HERODOTUS,PLUTARCH,43,CCONJ:conj,3.2004008219760634e-06
ud23_oth,block_pair,HERODOTUS,PLUTARCH,44,CCONJ:mark,0.00042555536647590874
ud23_oth,block_pair,HERODOTUS,PLUTARCH,45,CCONJ:nmod,3.2004008219760634e-06
ud23_oth,block_pair,HERODOTUS,PLUTARCH,46,CCONJ:obj,3.2004008219760634e-06
ud23_oth,block_pair,HERODOTUS,PLUTARCH,47,CCONJ:obl,3.2004008219760634e-06
ud23_oth,block_pair,HERODOTUS,PLUTARCH,48,DET:advmod,2.8962233059290493e-05
ud23_oth,block_pair,HERODOTUS,PLUTARCH,49,DET:det,0.0004729072326335659
ud23_oth,block_pair,HERODOTUS,PLUTARCH,50,DET:root,3.2004008219760634e-06
ud23_oth,block_pair,HERODOTUS,PLUTARCH,51,DET:xcomp,3.2004008219760634e-06
ud23_oth,block_pair,HERODOTUS,PLUTARCH,52,NOUN:acl,0.0002973259501825268
ud23_oth,block_pair,HERODOTUS,PLUTARCH,53,NOUN:advcl,9.08928521096589e-05
ud23_oth,block_pair,HERODOTUS,PLUTARCH,54,NOUN:appos,2.900706068340618e-06
ud23_oth,block_pair,HERODOTUS,PLUTARCH,55,NOUN:case,3.2004008219760634e-06
ud23_oth,block_pair,HERODOTUS,PLUTARCH,56,NOUN:conj,0.00046628753152220615
ud23_oth,block_pair,HERODOTUS,PLUTARCH,57,NOUN:iobj,3.5631794234121936e-05
ud23_oth,block_pair,HERODOTUS,PLUTARCH,58,NOUN:nmod,6.888285080789683e-06
ud23_oth,block_pair,HERODOTUS,PLUTARCH,59,NOUN:nsubj,9.491960072868571e-05
ud23_oth,block_pair,HERODOTUS,PLUTARCH,60,NOUN:obj,9.990321576966638e-05
ud23_oth,block_pair,HERODOTUS,PLUTARCH,61,NOUN:obl,9.65737687892384e-06
ud23_oth,block_pair,HERODOTUS,PLUTARCH,62,NOUN:oth,0.0003632105928898887
ud23_oth,block_pair,HERODOTUS,PLUTARCH,63,NOUN:root,0.00010588337971869039
ud23_oth,block_pair,HERODOTUS,PLUTARCH,64,NOUN:xcomp,6.366257810424365e-05
ud23_oth,block_pair,HERODOTUS,PLUTARCH,65,NUM:advcl,3.9236685644245225e-05
ud23_oth,block_pair,HERODOTUS,PLUTARCH,66,NUM:conj,8.115487385440715e-07
ud23_oth,block_pair,HERODOTUS,PLUTARCH,67,NUM:nsubj,3.9236685644245225e-05
ud23_oth,block_pair,HERODOTUS,PLUTARCH,68,NUM:nummod,2.020408172655994e-05
ud23_oth,block_pair,HERODOTUS,PLUTARCH,69,NUM:obj,3.2004008219760634e-06
ud23_oth,block_pair,HERODOTUS,PLUTARCH,70,NUM:obl,3.9236685644245225e-05
ud23_oth,block_pair,HERODOTUS,PLUTARCH,71,NUM:root,3.2004008219760634e-06
ud23_oth,block_pair,HERODOTUS,PLUTARCH,72,NUM:xcomp,3.2004008219760634e-06
ud23_oth,block_pair,HERODOTUS,PLUTARCH,73,PRON:acl,5.9064192160953764e-05
ud23_oth,block_pair,HERODOTUS,PLUTARCH,74,PRON:advcl,7.047642271232186e-06
ud23_oth,block_pair,HERODOTUS,PLUTARCH,75,PRON:appos,1.4411333334360888e-05
ud23_oth,block_pair,HERODOTUS,PLUTARCH,76,PRON:conj,2.7595461071361615e-05
ud23_oth,block_pair,HERODOTUS,PLUTARCH,77,PRON:iobj,0.000203595106557563
ud23_oth,block_pair,HERODOTUS,PLUTARCH,78,PRON:nmod,0.00011424490088519327
ud23_oth,block_pair,HERODOTUS,PLUTARCH,79,PRON:nsubj,0.0007936522961349531
ud23_oth,block_pair,HERODOTUS,PLUTARCH,80,PRON:obj,0.0017924116237908
ud23_oth,block_pair,HERODOTUS,PLUTARCH,81,PRON:obl,0.00015729790163944088
ud23_oth,block_pair,HERODOTUS,PLUTARCH,82,PRON:oth,3.2004008219760634e-06
ud23_oth,block_pair,HERODOTUS,PLUTARCH,83,PRON:parataxis,3.2004008219760634e-06
ud23_oth,block_pair,HERODOTUS,PLUTARCH,84,PRON:root,9.426030099453631e-05
ud23_oth,block_pair,HERODOTUS,PLUTARCH,85,PRON:xcomp,2.5290727845814377e-06
ud23_oth,block_pair,HERODOTUS,PLUTARCH,86,SCONJ:case,2.9208061674003333e-07
ud23_oth,block_pair,HERODOTUS,PLUTARCH,87,SCONJ:cc,3.2004008219760634e-06
ud23_oth,block_pair,HERODOTUS,PLUTARCH,88,SCONJ:mark,1.3685941960477977e-05
ud23_oth,block_pair,HERODOTUS,PLUTARCH,89,SCONJ:nmod,3.2004008219760634e-06
ud23_oth,block_pair,HERODOTUS,PLUTARCH,90,SCONJ:xcomp,3.2004008219760634e-06
ud23_oth,block_pair,HERODOTUS,PLUTARCH,91,VERB:acl,0.0001361763975735663
ud23_oth,block_pair,HERODOTUS,PLUTARCH,92,VERB:advcl,2.0325517758996666e-05
ud23_oth,block_pair,HERODOTUS,PLUTARCH,93,VERB:appos,0.00014893259554345115
ud23_oth,block_pair,HERODOTUS,PLUTARCH,94,VERB:case,3.2004008219760634e-06
ud23_oth,block_pair,HERODOTUS,PLUTARCH,95,VERB:ccomp,2.113492888633999e-06
ud23_oth,block_pair,HERODOTUS,PLUTARCH,96,VERB:conj,0.00014927072404213632
ud23_oth,block_pair,HERODOTUS,PLUTARCH,97,VERB:csubj,0.0001867957316071218
ud23_oth,block_pair,HERODOTUS,PLUTARCH,98,VERB:nmod,0.00017767896842323192
ud23_oth,block_pair,HERODOTUS,PLUTARCH,99,VERB:nsubj,0.0001521967024531677
ud23_oth,block_pair,HERODOTUS,PLUTARCH,100,VERB:obl,0.000282418440014738
ud23_oth,block_pair,HERODOTUS,PLUTARCH,101,VERB:oth,9.60120246592819e-06
ud23_oth,block_pair,HERODOTUS,PLUTARCH,102,VERB:parataxis,1.4411333334360888e-05
ud23_oth,block_pair,HERODOTUS,PLUTARCH,103,VERB:root,0.00011605234720671884
ud23_oth,block_pair,HERODOTUS,PLUTARCH,104,VERB:xcomp,0.00039708655233461256
ud23_oth,block_pair,HERODOTUS,THUCYDIDES,0,ADJ:advcl,9.696735871002855e-06
ud23_oth,block_pair,HERODOTUS,THUCYDIDES,1,ADJ:advmod,0.0006012628155817941
ud23_oth,block_pair,HERODOTUS,THUCYDIDES,2,ADJ:amod,6.037555108139492e-06
ud23_oth,block_pair,HERODOTUS,THUCYDIDES,3,ADJ:appos,2.4015170935621878e-05
ud23_oth,block_pair,HERODOTUS,THUCYDIDES,4,ADJ:conj,6.919533172893998e-05
ud23_oth,block_pair,HERODOTUS,THUCYDIDES,5,ADJ:iobj,4.676858607495922e-05
ud23_oth,block_pair,HERODOTUS,THUCYDIDES,6,ADJ:nmod,0.0007267165361457221
ud23_oth,block_pair,HERODOTUS,THUCYDIDES,7,ADJ:nsubj,2.5101554084079646e-05
ud23_oth,block_pair,HERODOTUS,THUCYDIDES,8,ADJ:obj,3.5753852709059363e-06
ud23_oth,block_pair,HERODOTUS,THUCYDIDES,9,ADJ:obl,0.0008398634064033183
ud23_oth,block_pair,HERODOTUS,THUCYDIDES,10,ADJ:oth,2.852171183969146e-06
ud23_oth,block_pair,HERODOTUS,THUCYDIDES,11,ADJ:parataxis,2.6683523261802103e-06
ud23_oth,block_pair,HERODOTUS,THUCYDIDES,12,ADJ:root,2.198636820974773e-05
ud23_oth,block_pair,HERODOTUS,THUCYDIDES,13,ADJ:xcomp,0.0002067388349684874
ud23_oth,block_pair,HERODOTUS,THUCYDIDES,14,ADP:advcl,2.6683523261802103e-06
ud23_oth,block_pair,HERODOTUS,THUCYDIDES,15,ADP:case,0.0006141487749019951
ud23_oth,block_pair,HERODOTUS,THUCYDIDES,16,ADP:cc,2.6683523261802103e-06
ud23_oth,block_pair,HERODOTUS,THUCYDIDES,17,ADP:conj,2.6683523261802103e-06
ud23_oth,block_pair,HERODOTUS,THUCYDIDES,18,ADP:mark,2.6683523261802103e-06
ud23_oth,block_pair,HERODOTUS,THUCYDIDES,19,ADP:nmod,0.00012583661502402798
ud23_oth,block_pair,HERODOTUS,THUCYDIDES,20,ADP:nsubj,2.6683523261802103e-06
ud23_oth,block_pair,HERODOTUS,THUCYDIDES,21,ADP:obj,3.60936860509038e-05
ud23_oth,block_pair,HERODOTUS,THUCYDIDES,22,ADP:root,2.6683523261802103e-06
ud23_oth,block_pair,HERODOTUS,THUCYDIDES,23,ADV_PART:acl,2.6683523261802103e-06
ud23_oth,block_pair,HERODOTUS,THUCYDIDES,24,ADV_PART:advcl,2.852171183969146e-06
ud23_oth,block_pair,HERODOTUS,THUCYDIDES,25,ADV_PART:advmod,0.00017965692567086054
ud23_oth,block_pair,HERODOTUS,THUCYDIDES,26,ADV_PART:case,2.6683523261802103e-06
ud23_oth,block_pair,HERODOTUS,THUCYDIDES,27,ADV_PART:cc,3.466015107637479e-05
ud23_oth,block_pair,HERODOTUS,THUCYDIDES,28,ADV_PART:conj,0.00019330313262292688
ud23_oth,block_pair,HERODOTUS,THUCYDIDES,29,ADV_PART:mark,2.6683523261802103e-06
ud23_oth,block_pair,HERODOTUS,THUCYDIDES,30,ADV_PART:nmod,0.0004853616552111539
ud23_oth,block_pair,HERODOTUS,THUCYDIDES,31,ADV_PART:nsubj,2.9772667188110866e-07
ud23_oth,block_pair,HERODOTUS,THUCYDIDES,32,ADV_PART:obj,3.2408545215879224e-06
ud23_oth,block_pair,HERODOTUS,THUCYDIDES,33,ADV_PART:obl,3.60936860509038e-05
ud23_oth,block_pair,HERODOTUS,THUCYDIDES,34,ADV_PART:oth,2.6683523261802103e-06
ud23_oth,block_pair,HERODOTUS,THUCYDIDES,35,ADV_PART:root,4.676858607495922e-05
ud23_oth,block_pair,HERODOTUS,THUCYDIDES,36,ADV_PART:xcomp,6.314457263621337e-05
ud23_oth,block_pair,HERODOTUS,THUCYDIDES,37,AUX:aux,2.6683523261802103e-06
ud23_oth,block_pair,HERODOTUS,THUCYDIDES,38,AUX:conj,2.6683523261802103e-06
ud23_oth,block_pair,HERODOTUS,THUCYDIDES,39,AUX:cop,0.0004673969622035301
ud23_oth,block_pair,HERODOTUS,THUCYDIDES,40,CCONJ:advmod,2.9772667188110866e-07
ud23_oth,block_pair,HERODOTUS,THUCYDIDES,41,CCONJ:case,2.6683523261802103e-06
ud23_oth,block_pair,HERODOTUS,THUCYDIDES,42,CCONJ:cc,0.0003044653567383258
ud23_oth,block_pair,HERODOTUS,THUCYDIDES,43,CCONJ:conj,2.6683523261802103e-06
ud23_oth,block_pair,HERODOTUS,THUCYDIDES,44,CCONJ:mark,4.640038505547461e-06
ud23_oth,block_pair,HERODOTUS,THUCYDIDES,45,CCONJ:nmod,2.6683523261802103e-06
ud23_oth,block_pair,HERODOTUS,THUCYDIDES,46,CCONJ:obj,2.6683523261802103e-06
ud23_oth,block_pair,HERODOTUS,THUCYDIDES,47,CCONJ:obl,2.6683523261802103e-06
ud23_oth,block_pair,HERODOTUS,THUCYDIDES,48,DET:advmod,3.189550184999488e-05
ud23_oth,block_pair,HERODOTUS,THUCYDIDES,49,DET:det,1.4787784533271944e-05
ud23_oth,block_pair,HERODOTUS,THUCYDIDES,50,DET:root,2.6683523261802103e-06
ud23_oth,block_pair,HERODOTUS,THUCYDIDES,51,DET:xcomp,2.6683523261802103e-06
ud23_oth,block_pair,HERODOTUS,THUCYDIDES,52,NOUN:acl,1.217278832095286e-05
ud23_oth,block_pair,HERODOTUS,THUCYDIDES,53,NOUN:advcl,2.1440707559237896e-06
ud23_oth,block_pair,HERODOTUS,THUCYDIDES,54,NOUN:appos,1.8995067825094272e-07
ud23_oth,block_pair,HERODOTUS,THUCYDIDES,55,NOUN:case,2.6683523261802103e-06
ud23_oth,block_pair,HERODOTUS,THUCYDIDES,56,NOUN:conj,0.0002448681925393476
ud23_oth,block_pair,HERODOTUS,THUCYDIDES,57,NOUN:iobj,7.820347259643697e-05
ud23_oth,block_pair,HERODOTUS,THUCYDIDES,58,NOUN:nmod,5.44122291779906e-05
ud23_oth,block_pair,HERODOTUS,THUCYDIDES,59,NOUN:nsubj,0.0005492600941306562
ud23_oth,block_pair,HERODOTUS,THUCYDIDES,60,NOUN:obj,0.00011177540078608915
ud23_oth,block_pair,HERODOTUS,THUCYDIDES,61,NOUN:obl,1.3277870486574981e-06
ud23_oth,block_pair,HERODOTUS,THUCYDIDES,62,NOUN:oth,0.00038562774798606137
ud23_oth,block_pair,HERODOTUS,THUCYDIDES,63,NOUN:root,2.4452762950830987e-05
ud23_oth,block_pair,HERODOTUS,THUCYDIDES,64,NOUN:xcomp,8.511551450294792e-05
ud23_oth,block_pair,HERODOTUS,THUCYDIDES,65,NUM:advcl,2.6683523261802103e-06
ud23_oth,block_pair,HERODOTUS,THUCYDIDES,66,NUM:conj,7.484867811706101e-05
ud23_oth,block_pair,HERODOTUS,THUCYDIDES,67,NUM:nsubj,2.6683523261802103e-06
ud23_oth,block_pair,HERODOTUS,THUCYDIDES,68,NUM:nummod,0.0010065702940292298
ud23_oth,block_pair,HERODOTUS,THUCYDIDES,69,NUM:obj,2.6683523261802103e-06
ud23_oth,block_pair,HERODOTUS,THUCYDIDES,70,NUM:obl,2.6683523261802103e-06
ud23_oth,block_pair,HERODOTUS,THUCYDIDES,71,NUM:root,2.6683523261802103e-06
ud23_oth,block_pair,HERODOTUS,THUCYDIDES,72,NUM:xcomp,2.6683523261802103e-06
ud23_oth,block_pair,HERODOTUS,THUCYDIDES,73,PRON:acl,0.00014539800149120493
ud23_oth,block_pair,HERODOTUS,THUCYDIDES,74,PRON:advcl,8.556513551907431e-06
ud23_oth,block_pair,HERODOTUS,THUCYDIDES,75,PRON:appos,2.9772667188110866e-07
ud23_oth,block_pair,HERODOTUS,THUCYDIDES,76,PRON:conj,8.17954647329464e-06
ud23_oth,block_pair,HERODOTUS,THUCYDIDES,77,PRON:iobj,0.000382903323570752
ud23_oth,block_pair,HERODOTUS,THUCYDIDES,78,PRON:nmod,3.0068684768707623e-05
ud23_oth,block_pair,HERODOTUS,THUCYDIDES,79,PRON:nsubj,0.00016903409156394824
ud23_oth,block_pair,HERODOTUS,THUCYDIDES,80,PRON:obj,0.00044004582711577736
ud23_oth,block_pair,HERODOTUS,THUCYDIDES,81,PRON:obl,5.2601817828096145e-05
ud23_oth,block_pair,HERODOTUS,THUCYDIDES,82,PRON:oth,2.6683523261802103e-06
ud23_oth,block_pair,HERODOTUS,THUCYDIDES,83,PRON:parataxis,2.6683523261802103e-06
ud23_oth,block_pair,HERODOTUS,THUCYDIDES,84,PRON:root,4.855898800498877e-05
ud23_oth,block_pair,HERODOTUS,THUCYDIDES,85,PRON:xcomp,9.473643026389924e-05
ud23_oth,block_pair,HERODOTUS,THUCYDIDES,86,SCONJ:case,5.317238565581565e-05
ud23_oth,block_pair,HERODOTUS,THUCYDIDES,87,SCONJ:cc,2.6683523261802103e-06
ud23_oth,block_pair,HERODOTUS,THUCYDIDES,88,SCONJ:mark,8.54576200587739e-06
ud23_oth,block_pair,HERODOTUS,THUCYDIDES,89,SCONJ:nmod,2.6683523261802103e-06
ud23_oth,block_pair,HERODOTUS,THUCYDIDES,90,SCONJ:xcomp,2.6683523261802103e-06
ud23_oth,block_pair,HERODOTUS,THUCYDIDES,91,VERB:acl,4.742563263104209e-05
ud23_oth,block_pair,HERODOTUS,THUCYDIDES,92,VERB:advcl,0.00021984830684994294
ud23_oth,block_pair,HERODOTUS,THUCYDIDES,93,VERB:appos,0.00010999034070031659
ud23_oth,block_pair,HERODOTUS,THUCYDIDES,94,VERB:case,2.6683523261802103e-06
ud23_oth,block_pair,HERODOTUS,THUCYDIDES,95,VERB:ccomp,0.0004541578195104289
ud23_oth,block_pair,HERODOTUS,THUCYDIDES,96,VERB:conj,9.244850824851941e-05
ud23_oth,block_pair,HERODOTUS,THUCYDIDES,97,VERB:csubj,0.00018019398729331236
ud23_oth,block_pair,HERODOTUS,THUCYDIDES,98,VERB:nmod,7.681930216218828e-07
ud23_oth,block_pair,HERODOTUS,THUCYDIDES,99,VERB:nsubj,4.880874057672452e-06
ud23_oth,block_pair,HERODOTUS,THUCYDIDES,100,VERB:obl,7.204551280686565e-05
ud23_oth,block_pair,HERODOTUS,THUCYDIDES,101,VERB:oth,2.852171183969146e-06
ud23_oth,block_pair,HERODOTUS,THUCYDIDES,102,VERB:parataxis,2.9772667188110866e-07
ud23_oth,block_pair,HERODOTUS,THUCYDIDES,103,VERB:root,6.20750309370205e-05
ud23_oth,block_pair,HERODOTUS,THUCYDIDES,104,VERB:xcomp,3.5276625524764574e-05
ud23_oth,block_pair,HESIODIC_TRADITION,HOMERIC_TRADITION,0,ADJ:advcl,2.5036957313935875e-07
ud23_oth,block_pair,HESIODIC_TRADITION,HOMERIC_TRADITION,1,ADJ:advmod,7.341134943484456e-05
ud23_oth,block_pair,HESIODIC_TRADITION,HOMERIC_TRADITION,2,ADJ:amod,0.00019905302742839878
ud23_oth,block_pair,HESIODIC_TRADITION,HOMERIC_TRADITION,3,ADJ:appos,0.00010529411509059592
ud23_oth,block_pair,HESIODIC_TRADITION,HOMERIC_TRADITION,4,ADJ:conj,0.000500555041639105
ud23_oth,block_pair,HESIODIC_TRADITION,HOMERIC_TRADITION,5,ADJ:iobj,6.977569532239347e-07
ud23_oth,block_pair,HESIODIC_TRADITION,HOMERIC_TRADITION,6,ADJ:nmod,0.001055943733447192
ud23_oth,block_pair,HESIODIC_TRADITION,HOMERIC_TRADITION,7,ADJ:nsubj,6.4587804121916145e-06
ud23_oth,block_pair,HESIODIC_TRADITION,HOMERIC_TRADITION,8,ADJ:obj,1.3512499834989291e-05
ud23_oth,block_pair,HESIODIC_TRADITION,HOMERIC_TRADITION,9,ADJ:obl,5.435058318414569e-06
ud23_oth,block_pair,HESIODIC_TRADITION,HOMERIC_TRADITION,10,ADJ:oth,1.5463626517179158e-06
ud23_oth,block_pair,HESIODIC_TRADITION,HOMERIC_TRADITION,11,ADJ:parataxis,1.4597445473613993e-05
ud23_oth,block_pair,HESIODIC_TRADITION,HOMERIC_TRADITION,12,ADJ:root,2.4031887398752883e-08
ud23_oth,block_pair,HESIODIC_TRADITION,HOMERIC_TRADITION,13,ADJ:xcomp,7.780736751607361e-05
ud23_oth,block_pair,HESIODIC_TRADITION,HOMERIC_TRADITION,14,ADP:advcl,1.4597445473613993e-05
ud23_oth,block_pair,HESIODIC_TRADITION,HOMERIC_TRADITION,15,ADP:case,2.9796475382549024e-10
ud23_oth,block_pair,HESIODIC_TRADITION,HOMERIC_TRADITION,16,ADP:cc,1.4597445473613993e-05
ud23_oth,block_pair,HESIODIC_TRADITION,HOMERIC_TRADITION,17,ADP:conj,1.4597445473613993e-05
ud23_oth,block_pair,HESIODIC_TRADITION,HOMERIC_TRADITION,18,ADP:mark,3.1452460982364365e-05
ud23_oth,block_pair,HESIODIC_TRADITION,HOMERIC_TRADITION,19,ADP:nmod,1.4597445473613993e-05
ud23_oth,block_pair,HESIODIC_TRADITION,HOMERIC_TRADITION,20,ADP:nsubj,1.4597445473613993e-05
ud23_oth,block_pair,HESIODIC_TRADITION,HOMERIC_TRADITION,21,ADP:obj,1.4077794381027905e-06
ud23_oth,block_pair,HESIODIC_TRADITION,HOMERIC_TRADITION,22,ADP:root,1.4597445473613993e-05
ud23_oth,block_pair,HESIODIC_TRADITION,HOMERIC_TRADITION,23,ADV_PART:acl,4.3792336420841966e-05
ud23_oth,block_pair,HESIODIC_TRADITION,HOMERIC_TRADITION,24,ADV_PART:advcl,1.4077794381027905e-06
ud23_oth,block_pair,HESIODIC_TRADITION,HOMERIC_TRADITION,25,ADV_PART:advmod,0.000878066860003468
ud23_oth,block_pair,HESIODIC_TRADITION,HOMERIC_TRADITION,26,ADV_PART:case,5.297649935132346e-05
ud23_oth,block_pair,HESIODIC_TRADITION,HOMERIC_TRADITION,27,ADV_PART:cc,0.0002365770149104409
ud23_oth,block_pair,HESIODIC_TRADITION,HOMERIC_TRADITION,28,ADV_PART:conj,6.838471527435044e-05
ud23_oth,block_pair,HESIODIC_TRADITION,HOMERIC_TRADITION,29,ADV_PART:mark,2.9060903105434426e-06
ud23_oth,block_pair,HESIODIC_TRADITION,HOMERIC_TRADITION,30,ADV_PART:nmod,3.0353672200773152e-05
ud23_oth,block_pair,HESIODIC_TRADITION,HOMERIC_TRADITION,31,ADV_PART:nsubj,1.4597445473613993e-05
ud23_oth,block_pair,HESIODIC_TRADITION,HOMERIC_TRADITION,32,ADV_PART:obj,0.0001337634463565334
ud23_oth,block_pair,HESIODIC_TRADITION,HOMERIC_TRADITION,33,ADV_PART:obl,6.678803795003713e-05
ud23_oth,block_pair,HESIODIC_TRADITION,HOMERIC_TRADITION,34,ADV_PART:oth,1.4597445473613993e-05
ud23_oth,block_pair,HESIODIC_TRADITION,HOMERIC_TRADITION,35,ADV_PART:root,3.532584920260811e-06
ud23_oth,block_pair,HESIODIC_TRADITION,HOMERIC_TRADITION,36,ADV_PART:xcomp,2.763761881712828e-07
ud23_oth,block_pair,HESIODIC_TRADITION,HOMERIC_TRADITION,37,AUX:aux,1.4597445473613993e-05
ud23_oth,block_pair,HESIODIC_TRADITION,HOMERIC_TRADITION,38,AUX:conj,1.4597445473613993e-05
ud23_oth,block_pair,HESIODIC_TRADITION,HOMERIC_TRADITION,39,AUX:cop,2.1550036102227445e-05
ud23_oth,block_pair,HESIODIC_TRADITION,HOMERIC_TRADITION,40,CCONJ:advmod,0.0004154366466486961
ud23_oth,block_pair,HESIODIC_TRADITION,HOMERIC_TRADITION,41,CCONJ:case,1.4597445473613993e-05
ud23_oth,block_pair,HESIODIC_TRADITION,HOMERIC_TRADITION,42,CCONJ:cc,3.55512626065894e-06
ud23_oth,block_pair,HESIODIC_TRADITION,HOMERIC_TRADITION,43,CCONJ:conj,1.4597445473613993e-05
ud23_oth,block_pair,HESIODIC_TRADITION,HOMERIC_TRADITION,44,CCONJ:mark,0.00025536127599440513
ud23_oth,block_pair,HESIODIC_TRADITION,HOMERIC_TRADITION,45,CCONJ:nmod,1.4597445473613993e-05
ud23_oth,block_pair,HESIODIC_TRADITION,HOMERIC_TRADITION,46,CCONJ:obj,1.4597445473613993e-05
ud23_oth,block_pair,HESIODIC_TRADITION,HOMERIC_TRADITION,47,CCONJ:obl,1.4597445473613993e-05
ud23_oth,block_pair,HESIODIC_TRADITION,HOMERIC_TRADITION,48,DET:advmod,5.288327752951387e-06
ud23_oth,block_pair,HESIODIC_TRADITION,HOMERIC_TRADITION,49,DET:det,6.884407203325879e-06
ud23_oth,block_pair,HESIODIC_TRADITION,HOMERIC_TRADITION,50,DET:root,1.4597445473613993e-05
ud23_oth,block_pair,HESIODIC_TRADITION,HOMERIC_TRADITION,51,DET:xcomp,1.4597445473613993e-05
ud23_oth,block_pair,HESIODIC_TRADITION,HOMERIC_TRADITION,52,NOUN:acl,2.9060903105434426e-06
ud23_oth,block_pair,HESIODIC_TRADITION,HOMERIC_TRADITION,53,NOUN:advcl,2.1263243801547394e-05
ud23_oth,block_pair,HESIODIC_TRADITION,HOMERIC_TRADITION,54,NOUN:appos,0.003522197953224203
ud23_oth,block_pair,HESIODIC_TRADITION,HOMERIC_TRADITION,55,NOUN:case,5.288327752951387e-06
ud23_oth,block_pair,HESIODIC_TRADITION,HOMERIC_TRADITION,56,NOUN:conj,0.004295505523628962
ud23_oth,block_pair,HESIODIC_TRADITION,HOMERIC_TRADITION,57,NOUN:iobj,3.061923639527007e-06
ud23_oth,block_pair,HESIODIC_TRADITION,HOMERIC_TRADITION,58,NOUN:nmod,0.000292058116308887
ud23_oth,block_pair,HESIODIC_TRADITION,HOMERIC_TRADITION,59,NOUN:nsubj,4.6755976142089355e-05
ud23_oth,block_pair,HESIODIC_TRADITION,HOMERIC_TRADITION,60,NOUN:obj,4.184334594222686e-05
ud23_oth,block_pair,HESIODIC_TRADITION,HOMERIC_TRADITION,61,NOUN:obl,4.20817085758625e-05
ud23_oth,block_pair,HESIODIC_TRADITION,HOMERIC_TRADITION,62,NOUN:oth,0.0005741351646564659
ud23_oth,block_pair,HESIODIC_TRADITION,HOMERIC_TRADITION,63,NOUN:root,5.4948141890832095e-05
ud23_oth,block_pair,HESIODIC_TRADITION,HOMERIC_TRADITION,64,NOUN:xcomp,2.8470738008863443e-05
ud23_oth,block_pair,HESIODIC_TRADITION,HOMERIC_TRADITION,65,NUM:advcl,5.288327752951387e-06
ud23_oth,block_pair,HESIODIC_TRADITION,HOMERIC_TRADITION,66,NUM:conj,7.246744424553156e-08
ud23_oth,block_pair,HESIODIC_TRADITION,HOMERIC_TRADITION,67,NUM:nsubj,1.4077794381027905e-06
ud23_oth,block_pair,HESIODIC_TRADITION,HOMERIC_TRADITION,68,NUM:nummod,5.490339808600841e-05
ud23_oth,block_pair,HESIODIC_TRADITION,HOMERIC_TRADITION,69,NUM:obj,1.4077794381027905e-06
ud23_oth,block_pair,HESIODIC_TRADITION,HOMERIC_TRADITION,70,NUM:obl,5.288327752951387e-06
ud23_oth,block_pair,HESIODIC_TRADITION,HOMERIC_TRADITION,71,NUM:root,5.288327752951387e-06
ud23_oth,block_pair,HESIODIC_TRADITION,HOMERIC_TRADITION,72,NUM:xcomp,5.288327752951387e-06
ud23_oth,block_pair,HESIODIC_TRADITION,HOMERIC_TRADITION,73,PRON:acl,1.4077794381027905e-06
ud23_oth,block_pair,HESIODIC_TRADITION,HOMERIC_TRADITION,74,PRON:advcl,5.288327752951387e-06
ud23_oth,block_pair,HESIODIC_TRADITION,HOMERIC_TRADITION,75,PRON:appos,7.024306499422487e-06
ud23_oth,block_pair,HESIODIC_TRADITION,HOMERIC_TRADITION,76,PRON:conj,2.2684343072327107e-06
ud23_oth,block_pair,HESIODIC_TRADITION,HOMERIC_TRADITION,77,PRON:iobj,3.3062459044779717e-05
ud23_oth,block_pair,HESIODIC_TRADITION,HOMERIC_TRADITION,78,PRON:nmod,3.0125004510671446e-05
ud23_oth,block_pair,HESIODIC_TRADITION,HOMERIC_TRADITION,79,PRON:nsubj,0.0002891855116791686
ud23_oth,block_pair,HESIODIC_TRADITION,HOMERIC_TRADITION,80,PRON:obj,0.0008401124611800751
ud23_oth,block_pair,HESIODIC_TRADITION,HOMERIC_TRADITION,81,PRON:obl,0.0005745379500209185
ud23_oth,block_pair,HESIODIC_TRADITION,HOMERIC_TRADITION,82,PRON:oth,2.763761881712828e-07
ud23_oth,block_pair,HESIODIC_TRADITION,HOMERIC_TRADITION,83,PRON:parataxis,1.4597445473613993e-05
ud23_oth,block_pair,HESIODIC_TRADITION,HOMERIC_TRADITION,84,PRON:root,9.162369624979436e-06
ud23_oth,block_pair,HESIODIC_TRADITION,HOMERIC_TRADITION,85,PRON:xcomp,7.246744424553156e-08
ud23_oth,block_pair,HESIODIC_TRADITION,HOMERIC_TRADITION,86,SCONJ:case,1.4597445473613993e-05
ud23_oth,block_pair,HESIODIC_TRADITION,HOMERIC_TRADITION,87,SCONJ:cc,4.2915172996067787e-05
ud23_oth,block_pair,HESIODIC_TRADITION,HOMERIC_TRADITION,88,SCONJ:mark,0.0001644692112284633
ud23_oth,block_pair,HESIODIC_TRADITION,HOMERIC_TRADITION,89,SCONJ:nmod,1.4597445473613993e-05
ud23_oth,block_pair,HESIODIC_TRADITION,HOMERIC_TRADITION,90,SCONJ:xcomp,1.4597445473613993e-05
ud23_oth,block_pair,HESIODIC_TRADITION,HOMERIC_TRADITION,91,VERB:acl,1.6517447697121093e-05
ud23_oth,block_pair,HESIODIC_TRADITION,HOMERIC_TRADITION,92,VERB:advcl,7.402339289905584e-05
ud23_oth,block_pair,HESIODIC_TRADITION,HOMERIC_TRADITION,93,VERB:appos,5.7807403003870005e-06
ud23_oth,block_pair,HESIODIC_TRADITION,HOMERIC_TRADITION,94,VERB:case,1.4597445473613993e-05
ud23_oth,block_pair,HESIODIC_TRADITION,HOMERIC_TRADITION,95,VERB:ccomp,0.0005431808125973002
ud23_oth,block_pair,HESIODIC_TRADITION,HOMERIC_TRADITION,96,VERB:conj,0.0019282556700849062
ud23_oth,block_pair,HESIODIC_TRADITION,HOMERIC_TRADITION,97,VERB:csubj,1.566913125723299e-05
ud23_oth,block_pair,HESIODIC_TRADITION,HOMERIC_TRADITION,98,VERB:nmod,0.0002985416191623243
ud23_oth,block_pair,HESIODIC_TRADITION,HOMERIC_TRADITION,99,VERB:nsubj,4.018867276096708e-05
ud23_oth,block_pair,HESIODIC_TRADITION,HOMERIC_TRADITION,100,VERB:obl,7.298722736806997e-05
ud23_oth,block_pair,HESIODIC_TRADITION,HOMERIC_TRADITION,101,VERB:oth,9.162369624979436e-06
ud23_oth,block_pair,HESIODIC_TRADITION,HOMERIC_TRADITION,102,VERB:parataxis,2.450557608693572e-05
ud23_oth,block_pair,HESIODIC_TRADITION,HOMERIC_TRADITION,103,VERB:root,0.00012636930541026162
ud23_oth,block_pair,HESIODIC_TRADITION,HOMERIC_TRADITION,104,VERB:xcomp,0.0009268351016572004
ud23_oth,block_pair,HESIODIC_TRADITION,PLUTARCH,0,ADJ:advcl,7.346336249076536e-05
ud23_oth,block_pair,HESIODIC_TRADITION,PLUTARCH,1,ADJ:advmod,0.00021763090235507425
ud23_oth,block_pair,HESIODIC_TRADITION,PLUTARCH,2,ADJ:amod,7.48995108636448e-05
ud23_oth,block_pair,HESIODIC_TRADITION,PLUTARCH,3,ADJ:appos,0.00013898026559974253
ud23_oth,block_pair,HESIODIC_TRADITION,PLUTARCH,4,ADJ:conj,0.0001310590134767336
ud23_oth,block_pair,HESIODIC_TRADITION,PLUTARCH,5,ADJ:iobj,6.464010076542465e-05
ud23_oth,block_pair,HESIODIC_TRADITION,PLUTARCH,6,ADJ:nmod,0.013578234800008571
ud23_oth,block_pair,HESIODIC_TRADITION,PLUTARCH,7,ADJ:nsubj,5.7560135371314864e-05
ud23_oth,block_pair,HESIODIC_TRADITION,PLUTARCH,8,ADJ:obj,2.7134126776774843e-05
ud23_oth,block_pair,HESIODIC_TRADITION,PLUTARCH,9,ADJ:obl,1.1272462111920991e-05
ud23_oth,block_pair,HESIODIC_TRADITION,PLUTARCH,10,ADJ:oth,0.00024307159412175549
ud23_oth,block_pair,HESIODIC_TRADITION,PLUTARCH,11,ADJ:parataxis,2.236616938347442e-05
ud23_oth,block_pair,HESIODIC_TRADITION,PLUTARCH,12,ADJ:root,0.0002991713975045387
ud23_oth,block_pair,HESIODIC_TRADITION,PLUTARCH,13,ADJ:xcomp,6.0185716045946095e-05
ud23_oth,block_pair,HESIODIC_TRADITION,PLUTARCH,14,ADP:advcl,2.0263796981632733e-08
ud23_oth,block_pair,HESIODIC_TRADITION,PLUTARCH,15,ADP:case,0.00012952907796040048
ud23_oth,block_pair,HESIODIC_TRADITION,PLUTARCH,16,ADP:cc,2.0263796981632733e-08
ud23_oth,block_pair,HESIODIC_TRADITION,PLUTARCH,17,ADP:conj,2.0263796981632733e-08
ud23_oth,block_pair,HESIODIC_TRADITION,PLUTARCH,18,ADP:mark,1.1806055013120973e-05
ud23_oth,block_pair,HESIODIC_TRADITION,PLUTARCH,19,ADP:nmod,2.0263796981632733e-08
ud23_oth,block_pair,HESIODIC_TRADITION,PLUTARCH,20,ADP:nsubj,2.0263796981632733e-08
ud23_oth,block_pair,HESIODIC_TRADITION,PLUTARCH,21,ADP:obj,2.0263796981632733e-08
ud23_oth,block_pair,HESIODIC_TRADITION,PLUTARCH,22,ADP:root,2.0263796981632733e-08
ud23_oth,block_pair,HESIODIC_TRADITION,PLUTARCH,23,ADV_PART:acl,1.8952990278241266e-05
ud23_oth,block_pair,HESIODIC_TRADITION,PLUTARCH,24,ADV_PART:advcl,2.236616938347442e-05
ud23_oth,block_pair,HESIODIC_TRADITION,PLUTARCH,25,ADV_PART:advmod,3.599001170116007e-05
ud23_oth,block_pair,HESIODIC_TRADITION,PLUTARCH,26,ADV_PART:case,0.0002316630192372791
ud23_oth,block_pair,HESIODIC_TRADITION,PLUTARCH,27,ADV_PART:cc,0.0306279150419914
ud23_oth,block_pair,HESIODIC_TRADITION,PLUTARCH,28,ADV_PART:conj,0.0001799994148193531
ud23_oth,block_pair,HESIODIC_TRADITION,PLUTARCH,29,ADV_PART:mark,9.50813449651437e-05
ud23_oth,block_pair,HESIODIC_TRADITION,PLUTARCH,30,ADV_PART:nmod,0.00031542328228612645
ud23_oth,block_pair,HESIODIC_TRADITION,PLUTARCH,31,ADV_PART:nsubj,2.236616938347442e-05
ud23_oth,block_pair,HESIODIC_TRADITION,PLUTARCH,32,ADV_PART:obj,0.0009857647791497721
ud23_oth,block_pair,HESIODIC_TRADITION,PLUTARCH,33,ADV_PART:obl,9.50813449651437e-05
ud23_oth,block_pair,HESIODIC_TRADITION,PLUTARCH,34,ADV_PART:oth,2.0263796981632733e-08
ud23_oth,block_pair,HESIODIC_TRADITION,PLUTARCH,35,ADV_PART:root,2.0263796981632733e-08
ud23_oth,block_pair,HESIODIC_TRADITION,PLUTARCH,36,ADV_PART:xcomp,2.0263796981632733e-08
ud23_oth,block_pair,HESIODIC_TRADITION,PLUTARCH,37,AUX:aux,2.0263796981632733e-08
ud23_oth,block_pair,HESIODIC_TRADITION,PLUTARCH,38,AUX:conj,2.0263796981632733e-08
ud23_oth,block_pair,HESIODIC_TRADITION,PLUTARCH,39,AUX:cop,0.0009016498051813474
ud23_oth,block_pair,HESIODIC_TRADITION,PLUTARCH,40,CCONJ:advmod,0.003697080721046349
ud23_oth,block_pair,HESIODIC_TRADITION,PLUTARCH,41,CCONJ:case,2.236616938347442e-05
ud23_oth,block_pair,HESIODIC_TRADITION,PLUTARCH,42,CCONJ:cc,0.005078202414583326
ud23_oth,block_pair,HESIODIC_TRADITION,PLUTARCH,43,CCONJ:conj,2.0263796981632733e-08
ud23_oth,block_pair,HESIODIC_TRADITION,PLUTARCH,44,CCONJ:mark,1.6861156986347926e-05
ud23_oth,block_pair,HESIODIC_TRADITION,PLUTARCH,45,CCONJ:nmod,2.0263796981632733e-08
ud23_oth,block_pair,HESIODIC_TRADITION,PLUTARCH,46,CCONJ:obj,2.0263796981632733e-08
ud23_oth,block_pair,HESIODIC_TRADITION,PLUTARCH,47,CCONJ:obl,2.0263796981632733e-08
ud23_oth,block_pair,HESIODIC_TRADITION,PLUTARCH,48,DET:advmod,2.236616938347442e-05
ud23_oth,block_pair,HESIODIC_TRADITION,PLUTARCH,49,DET:det,0.058054114865155125
ud23_oth,block_pair,HESIODIC_TRADITION,PLUTARCH,50,DET:root,2.0263796981632733e-08
ud23_oth,block_pair,HESIODIC_TRADITION,PLUTARCH,51,DET:xcomp,2.0263796981632733e-08
ud23_oth,block_pair,HESIODIC_TRADITION,PLUTARCH,52,NOUN:acl,4.940784163636514e-06
ud23_oth,block_pair,HESIODIC_TRADITION,PLUTARCH,53,NOUN:advcl,0.0003596941674221169
ud23_oth,block_pair,HESIODIC_TRADITION,PLUTARCH,54,NOUN:appos,0.0035109489897038803
ud23_oth,block_pair,HESIODIC_TRADITION,PLUTARCH,55,NOUN:case,2.0263796981632733e-08
ud23_oth,block_pair,HESIODIC_TRADITION,PLUTARCH,56,NOUN:conj,0.0032664899394245182
ud23_oth,block_pair,HESIODIC_TRADITION,PLUTARCH,57,NOUN:iobj,5.581036133974962e-06
ud23_oth,block_pair,HESIODIC_TRADITION,PLUTARCH,58,NOUN:nmod,0.0006301988279383678
ud23_oth,block_pair,HESIODIC_TRADITION,PLUTARCH,59,NOUN:nsubj,6.710443208066152e-05
ud23_oth,block_pair,HESIODIC_TRADITION,PLUTARCH,60,NOUN:obj,0.0013809418402696344
ud23_oth,block_pair,HESIODIC_TRADITION,PLUTARCH,61,NOUN:obl,0.0002911702344158785
ud23_oth,block_pair,HESIODIC_TRADITION,PLUTARCH,62,NOUN:oth,0.00014525389705024287
ud23_oth,block_pair,HESIODIC_TRADITION,PLUTARCH,63,NOUN:root,4.5077203913173214e-07
ud23_oth,block_pair,HESIODIC_TRADITION,PLUTARCH,64,NOUN:xcomp,0.0009848240237950087
ud23_oth,block_pair,HESIODIC_TRADITION,PLUTARCH,65,NUM:advcl,2.236616938347442e-05
ud23_oth,block_pair,HESIODIC_TRADITION,PLUTARCH,66,NUM:conj,6.068239849811884e-05
ud23_oth,block_pair,HESIODIC_TRADITION,PLUTARCH,67,NUM:nsubj,2.236616938347442e-05
ud23_oth,block_pair,HESIODIC_TRADITION,PLUTARCH,68,NUM:nummod,5.236197038569341e-06
ud23_oth,block_pair,HESIODIC_TRADITION,PLUTARCH,69,NUM:obj,2.0263796981632733e-08
ud23_oth,block_pair,HESIODIC_TRADITION,PLUTARCH,70,NUM:obl,2.236616938347442e-05
ud23_oth,block_pair,HESIODIC_TRADITION,PLUTARCH,71,NUM:root,2.0263796981632733e-08
ud23_oth,block_pair,HESIODIC_TRADITION,PLUTARCH,72,NUM:xcomp,2.0263796981632733e-08
ud23_oth,block_pair,HESIODIC_TRADITION,PLUTARCH,73,PRON:acl,2.236616938347442e-05
ud23_oth,block_pair,HESIODIC_TRADITION,PLUTARCH,74,PRON:advcl,2.236616938347442e-05
ud23_oth,block_pair,HESIODIC_TRADITION,PLUTARCH,75,PRON:appos,1.8952990278241266e-05
ud23_oth,block_pair,HESIODIC_TRADITION,PLUTARCH,76,PRON:conj,0.00011183084691737219
ud23_oth,block_pair,HESIODIC_TRADITION,PLUTARCH,77,PRON:iobj,1.046245469364734e-07
ud23_oth,block_pair,HESIODIC_TRADITION,PLUTARCH,78,PRON:nmod,2.5390946307941105e-05
ud23_oth,block_pair,HESIODIC_TRADITION,PLUTARCH,79,PRON:nsubj,0.0009432422678111105
ud23_oth,block_pair,HESIODIC_TRADITION,PLUTARCH,80,PRON:obj,9.508949040704128e-07
ud23_oth,block_pair,HESIODIC_TRADITION,PLUTARCH,81,PRON:obl,0.0009209070923999977
ud23_oth,block_pair,HESIODIC_TRADITION,PLUTARCH,82,PRON:oth,2.0263796981632733e-08
ud23_oth,block_pair,HESIODIC_TRADITION,PLUTARCH,83,PRON:parataxis,2.0263796981632733e-08
ud23_oth,block_pair,HESIODIC_TRADITION,PLUTARCH,84,PRON:root,2.236616938347442e-05
ud23_oth,block_pair,HESIODIC_TRADITION,PLUTARCH,85,PRON:xcomp,0.0007198821074336509
ud23_oth,block_pair,HESIODIC_TRADITION,PLUTARCH,86,SCONJ:case,6.068239849811884e-05
ud23_oth,block_pair,HESIODIC_TRADITION,PLUTARCH,87,SCONJ:cc,2.0263796981632733e-08
ud23_oth,block_pair,HESIODIC_TRADITION,PLUTARCH,88,SCONJ:mark,0.0008869994030545961
ud23_oth,block_pair,HESIODIC_TRADITION,PLUTARCH,89,SCONJ:nmod,2.0263796981632733e-08
ud23_oth,block_pair,HESIODIC_TRADITION,PLUTARCH,90,SCONJ:xcomp,2.0263796981632733e-08
ud23_oth,block_pair,HESIODIC_TRADITION,PLUTARCH,91,VERB:acl,0.00038569523133152547
ud23_oth,block_pair,HESIODIC_TRADITION,PLUTARCH,92,VERB:advcl,0.00046584064181669996
ud23_oth,block_pair,HESIODIC_TRADITION,PLUTARCH,93,VERB:appos,1.418465788714591e-07
ud23_oth,block_pair,HESIODIC_TRADITION,PLUTARCH,94,VERB:case,2.0263796981632733e-08
ud23_oth,block_pair,HESIODIC_TRADITION,PLUTARCH,95,VERB:ccomp,0.003800099577663022
ud23_oth,block_pair,HESIODIC_TRADITION,PLUTARCH,96,VERB:conj,0.0005439595316102607
ud23_oth,block_pair,HESIODIC_TRADITION,PLUTARCH,97,VERB:csubj,0.0010283642664139815
ud23_oth,block_pair,HESIODIC_TRADITION,PLUTARCH,98,VERB:nmod,0.0004795401894800034
ud23_oth,block_pair,HESIODIC_TRADITION,PLUTARCH,99,VERB:nsubj,0.0010484135998443404
ud23_oth,block_pair,HESIODIC_TRADITION,PLUTARCH,100,VERB:obl,0.0006617823842181604
ud23_oth,block_pair,HESIODIC_TRADITION,PLUTARCH,101,VERB:oth,2.236616938347442e-05
ud23_oth,block_pair,HESIODIC_TRADITION,PLUTARCH,102,VERB:parataxis,0.00013898026559974253
ud23_oth,block_pair,HESIODIC_TRADITION,PLUTARCH,103,VERB:root,0.0018147182898954686
ud23_oth,block_pair,HESIODIC_TRADITION,PLUTARCH,104,VERB:xcomp,0.0027091434631131743
ud23_oth,block_pair,HESIODIC_TRADITION,THUCYDIDES,0,ADJ:advcl,0.00016870559717524307
ud23_oth,block_pair,HESIODIC_TRADITION,THUCYDIDES,1,ADJ:advmod,7.928116436239116e-05
ud23_oth,block_pair,HESIODIC_TRADITION,THUCYDIDES,2,ADJ:amod,6.826817239546587e-05
ud23_oth,block_pair,HESIODIC_TRADITION,THUCYDIDES,3,ADJ:appos,1.9892980539876313e-09
ud23_oth,block_pair,HESIODIC_TRADITION,THUCYDIDES,4,ADJ:conj,7.115493004710463e-06
ud23_oth,block_pair,HESIODIC_TRADITION,THUCYDIDES,5,ADJ:iobj,0.00013036041414078822
ud23_oth,block_pair,HESIODIC_TRADITION,THUCYDIDES,6,ADJ:nmod,0.013459884013028382
ud23_oth,block_pair,HESIODIC_TRADITION,THUCYDIDES,7,ADJ:nsubj,7.613853443343057e-05
ud23_oth,block_pair,HESIODIC_TRADITION,THUCYDIDES,8,ADJ:obj,2.8974254290519547e-06
ud23_oth,block_pair,HESIODIC_TRADITION,THUCYDIDES,9,ADJ:obl,0.0004292882434351365
ud23_oth,block_pair,HESIODIC_TRADITION,THUCYDIDES,10,ADJ:oth,0.0003816027487441766
ud23_oth,block_pair,HESIODIC_TRADITION,THUCYDIDES,11,ADJ:parataxis,2.210331171097427e-10
ud23_oth,block_pair,HESIODIC_TRADITION,THUCYDIDES,12,ADJ:root,3.647279676824463e-05
ud23_oth,block_pair,HESIODIC_TRADITION,THUCYDIDES,13,ADJ:xcomp,1.1569777490381711e-05
ud23_oth,block_pair,HESIODIC_TRADITION,THUCYDIDES,14,ADP:advcl,2.210331171097427e-10
ud23_oth,block_pair,HESIODIC_TRADITION,THUCYDIDES,15,ADP:case,0.0009002372137928384
ud23_oth,block_pair,HESIODIC_TRADITION,THUCYDIDES,16,ADP:cc,2.210331171097427e-10
ud23_oth,block_pair,HESIODIC_TRADITION,THUCYDIDES,17,ADP:conj,2.210331171097427e-10
ud23_oth,block_pair,HESIODIC_TRADITION,THUCYDIDES,18,ADP:mark,2.028963051459274e-05
ud23_oth,block_pair,HESIODIC_TRADITION,THUCYDIDES,19,ADP:nmod,9.680198141043909e-05
ud23_oth,block_pair,HESIODIC_TRADITION,THUCYDIDES,20,ADP:nsubj,2.210331171097427e-10
ud23_oth,block_pair,HESIODIC_TRADITION,THUCYDIDES,21,ADP:obj,1.993760420002371e-05
ud23_oth,block_pair,HESIODIC_TRADITION,THUCYDIDES,22,ADP:root,2.210331171097427e-10
ud23_oth,block_pair,HESIODIC_TRADITION,THUCYDIDES,23,ADV_PART:acl,2.028963051459274e-05
ud23_oth,block_pair,HESIODIC_TRADITION,THUCYDIDES,24,ADV_PART:advcl,2.210331171097427e-10
ud23_oth,block_pair,HESIODIC_TRADITION,THUCYDIDES,25,ADV_PART:advmod,0.00015715763524334035
ud23_oth,block_pair,HESIODIC_TRADITION,THUCYDIDES,26,ADV_PART:case,0.00023546269943410317
ud23_oth,block_pair,HESIODIC_TRADITION,THUCYDIDES,27,ADV_PART:cc,0.03027491437661687
ud23_oth,block_pair,HESIODIC_TRADITION,THUCYDIDES,28,ADV_PART:conj,2.9352756798439413e-06
ud23_oth,block_pair,HESIODIC_TRADITION,THUCYDIDES,29,ADV_PART:mark,9.777970722372667e-05
ud23_oth,block_pair,HESIODIC_TRADITION,THUCYDIDES,30,ADV_PART:nmod,0.000496642913428508
ud23_oth,block_pair,HESIODIC_TRADITION,THUCYDIDES,31,ADV_PART:nsubj,1.993760420002371e-05
ud23_oth,block_pair,HESIODIC_TRADITION,THUCYDIDES,32,ADV_PART:obj,0.0006654301502220866
ud23_oth,block_pair,HESIODIC_TRADITION,THUCYDIDES,33,ADV_PART:obl,3.198823905259961e-05
ud23_oth,block_pair,HESIODIC_TRADITION,THUCYDIDES,34,ADV_PART:oth,2.210331171097427e-10
ud23_oth,block_pair,HESIODIC_TRADITION,THUCYDIDES,35,ADV_PART:root,1.993760420002371e-05
ud23_oth,block_pair,HESIODIC_TRADITION,THUCYDIDES,36,ADV_PART:xcomp,1.993760420002371e-05
ud23_oth,block_pair,HESIODIC_TRADITION,THUCYDIDES,37,AUX:aux,2.210331171097427e-10
ud23_oth,block_pair,HESIODIC_TRADITION,THUCYDIDES,38,AUX:conj,2.210331171097427e-10
ud23_oth,block_pair,HESIODIC_TRADITION,THUCYDIDES,39,AUX:cop,0.0011939793276858216
ud23_oth,block_pair,HESIODIC_TRADITION,THUCYDIDES,40,CCONJ:advmod,0.003960962032775274
ud23_oth,block_pair,HESIODIC_TRADITION,THUCYDIDES,41,CCONJ:case,2.210331171097427e-10
ud23_oth,block_pair,HESIODIC_TRADITION,THUCYDIDES,42,CCONJ:cc,0.003638636269916445
ud23_oth,block_pair,HESIODIC_TRADITION,THUCYDIDES,43,CCONJ:conj,2.210331171097427e-10
ud23_oth,block_pair,HESIODIC_TRADITION,THUCYDIDES,44,CCONJ:mark,0.0002107340806477172
ud23_oth,block_pair,HESIODIC_TRADITION,THUCYDIDES,45,CCONJ:nmod,2.210331171097427e-10
ud23_oth,block_pair,HESIODIC_TRADITION,THUCYDIDES,46,CCONJ:obj,2.210331171097427e-10
ud23_oth,block_pair,HESIODIC_TRADITION,THUCYDIDES,47,CCONJ:obl,2.210331171097427e-10
ud23_oth,block_pair,HESIODIC_TRADITION,THUCYDIDES,48,DET:advmod,1.993760420002371e-05
ud23_oth,block_pair,HESIODIC_TRADITION,THUCYDIDES,49,DET:det,0.050718696322661794
ud23_oth,block_pair,HESIODIC_TRADITION,THUCYDIDES,50,DET:root,2.210331171097427e-10
ud23_oth,block_pair,HESIODIC_TRADITION,THUCYDIDES,51,DET:xcomp,2.210331171097427e-10
ud23_oth,block_pair,HESIODIC_TRADITION,THUCYDIDES,52,NOUN:acl,0.00013956322940016593
ud23_oth,block_pair,HESIODIC_TRADITION,THUCYDIDES,53,NOUN:advcl,0.00012865441212101122
ud23_oth,block_pair,HESIODIC_TRADITION,THUCYDIDES,54,NOUN:appos,0.0033966433099869237
ud23_oth,block_pair,HESIODIC_TRADITION,THUCYDIDES,55,NOUN:case,2.210331171097427e-10
ud23_oth,block_pair,HESIODIC_TRADITION,THUCYDIDES,56,NOUN:conj,0.003965015802367189
ud23_oth,block_pair,HESIODIC_TRADITION,THUCYDIDES,57,NOUN:iobj,0.0002924006797684654
ud23_oth,block_pair,HESIODIC_TRADITION,THUCYDIDES,58,NOUN:nmod,0.00022863799966107035
ud23_oth,block_pair,HESIODIC_TRADITION,THUCYDIDES,59,NOUN:nsubj,0.00047908393220833737
ud23_oth,block_pair,HESIODIC_TRADITION,THUCYDIDES,60,NOUN:obj,0.0033166058967683248
ud23_oth,block_pair,HESIODIC_TRADITION,THUCYDIDES,61,NOUN:obl,0.00022831298726272257
ud23_oth,block_pair,HESIODIC_TRADITION,THUCYDIDES,62,NOUN:oth,0.0001599411952629978
ud23_oth,block_pair,HESIODIC_TRADITION,THUCYDIDES,63,NOUN:root,2.2134049651702822e-05
ud23_oth,block_pair,HESIODIC_TRADITION,THUCYDIDES,64,NOUN:xcomp,0.0002112397818574797
ud23_oth,block_pair,HESIODIC_TRADITION,THUCYDIDES,65,NUM:advcl,2.210331171097427e-10
ud23_oth,block_pair,HESIODIC_TRADITION,THUCYDIDES,66,NUM:conj,2.210331171097427e-10
ud23_oth,block_pair,HESIODIC_TRADITION,THUCYDIDES,67,NUM:nsubj,2.210331171097427e-10
ud23_oth,block_pair,HESIODIC_TRADITION,THUCYDIDES,68,NUM:nummod,0.0008886880200957825
ud23_oth,block_pair,HESIODIC_TRADITION,THUCYDIDES,69,NUM:obj,2.210331171097427e-10
ud23_oth,block_pair,HESIODIC_TRADITION,THUCYDIDES,70,NUM:obl,2.210331171097427e-10
ud23_oth,block_pair,HESIODIC_TRADITION,THUCYDIDES,71,NUM:root,2.210331171097427e-10
ud23_oth,block_pair,HESIODIC_TRADITION,THUCYDIDES,72,NUM:xcomp,2.210331171097427e-10
ud23_oth,block_pair,HESIODIC_TRADITION,THUCYDIDES,73,PRON:acl,2.210331171097427e-10
ud23_oth,block_pair,HESIODIC_TRADITION,THUCYDIDES,74,PRON:advcl,1.993760420002371e-05
ud23_oth,block_pair,HESIODIC_TRADITION,THUCYDIDES,75,PRON:appos,6.630993513291751e-10
ud23_oth,block_pair,HESIODIC_TRADITION,THUCYDIDES,76,PRON:conj,0.0001661493087491114
ud23_oth,block_pair,HESIODIC_TRADITION,THUCYDIDES,77,PRON:iobj,2.543899463720441e-05
ud23_oth,block_pair,HESIODIC_TRADITION,THUCYDIDES,78,PRON:nmod,0.00044741977251359943
ud23_oth,block_pair,HESIODIC_TRADITION,THUCYDIDES,79,PRON:nsubj,0.00024210585831447966
ud23_oth,block_pair,HESIODIC_TRADITION,THUCYDIDES,80,PRON:obj,0.00042180392005198436
ud23_oth,block_pair,HESIODIC_TRADITION,THUCYDIDES,81,PRON:obl,0.002466669533940715
ud23_oth,block_pair,HESIODIC_TRADITION,THUCYDIDES,82,PRON:oth,2.210331171097427e-10
ud23_oth,block_pair,HESIODIC_TRADITION,THUCYDIDES,83,PRON:parataxis,2.210331171097427e-10
ud23_oth,block_pair,HESIODIC_TRADITION,THUCYDIDES,84,PRON:root,5.561266631284703e-05
ud23_oth,block_pair,HESIODIC_TRADITION,THUCYDIDES,85,PRON:xcomp,0.0002814563880308318
ud23_oth,block_pair,HESIODIC_TRADITION,THUCYDIDES,86,SCONJ:case,2.210331171097427e-10
ud23_oth,block_pair,HESIODIC_TRADITION,THUCYDIDES,87,SCONJ:cc,2.210331171097427e-10
ud23_oth,block_pair,HESIODIC_TRADITION,THUCYDIDES,88,SCONJ:mark,0.0013180986857344187
ud23_oth,block_pair,HESIODIC_TRADITION,THUCYDIDES,89,SCONJ:nmod,2.210331171097427e-10
ud23_oth,block_pair,HESIODIC_TRADITION,THUCYDIDES,90,SCONJ:xcomp,2.210331171097427e-10
ud23_oth,block_pair,HESIODIC_TRADITION,THUCYDIDES,91,VERB:acl,1.2672508609574138e-06
ud23_oth,block_pair,HESIODIC_TRADITION,THUCYDIDES,92,VERB:advcl,0.00012702614766287208
ud23_oth,block_pair,HESIODIC_TRADITION,THUCYDIDES,93,VERB:appos,4.635374478270786e-06
ud23_oth,block_pair,HESIODIC_TRADITION,THUCYDIDES,94,VERB:case,2.210331171097427e-10
ud23_oth,block_pair,HESIODIC_TRADITION,THUCYDIDES,95,VERB:ccomp,0.0018607109564660002
ud23_oth,block_pair,HESIODIC_TRADITION,THUCYDIDES,96,VERB:conj,0.0004295896338003106
ud23_oth,block_pair,HESIODIC_TRADITION,THUCYDIDES,97,VERB:csubj,0.001013453869179211
ud23_oth,block_pair,HESIODIC_TRADITION,THUCYDIDES,98,VERB:nmod,5.987686689399251e-05
ud23_oth,block_pair,HESIODIC_TRADITION,THUCYDIDES,99,VERB:nsubj,0.0003581677004596343
ud23_oth,block_pair,HESIODIC_TRADITION,THUCYDIDES,100,VERB:obl,0.000317668840651273
ud23_oth,block_pair,HESIODIC_TRADITION,THUCYDIDES,101,VERB:oth,2.210331171097427e-10
ud23_oth,block_pair,HESIODIC_TRADITION,THUCYDIDES,102,VERB:parataxis,6.086889154377816e-05
ud23_oth,block_pair,HESIODIC_TRADITION,THUCYDIDES,103,VERB:root,0.0015775997270373217
ud23_oth,block_pair,HESIODIC_TRADITION,THUCYDIDES,104,VERB:xcomp,0.0014728372614996594
ud23_oth,block_pair,HOMERIC_TRADITION,PLUTARCH,0,ADJ:advcl,8.218148220988532e-05
ud23_oth,block_pair,HOMERIC_TRADITION,PLUTARCH,1,ADJ:advmod,3.841491172958681e-05
ud23_oth,block_pair,HOMERIC_TRADITION,PLUTARCH,2,ADJ:amod,2.9920619136110664e-05
ud23_oth,block_pair,HOMERIC_TRADITION,PLUTARCH,3,ADJ:appos,3.0219988762785982e-06
ud23_oth,block_pair,HOMERIC_TRADITION,PLUTARCH,4,ADJ:conj,0.0011257830389355536
ud23_oth,block_pair,HOMERIC_TRADITION,PLUTARCH,5,ADJ:iobj,5.2041453782690743e-05
ud23_oth,block_pair,HOMERIC_TRADITION,PLUTARCH,6,ADJ:nmod,0.007193086302486586
ud23_oth,block_pair,HOMERIC_TRADITION,PLUTARCH,7,ADJ:nsubj,2.5486411018172967e-05
ud23_oth,block_pair,HOMERIC_TRADITION,PLUTARCH,8,ADJ:obj,7.88849051036977e-05
ud23_oth,block_pair,HOMERIC_TRADITION,PLUTARCH,9,ADJ:obl,1.0537042234041579e-06
ud23_oth,block_pair,HOMERIC_TRADITION,PLUTARCH,10,ADJ:oth,0.00028069831824680924
ud23_oth,block_pair,HOMERIC_TRADITION,PLUTARCH,11,ADJ:parataxis,6.618027959715354e-05
ud23_oth,block_pair,HOMERIC_TRADITION,PLUTARCH,12,ADJ:root,0.0003044334537583048
ud23_oth,block_pair,HOMERIC_TRADITION,PLUTARCH,13,ADJ:xcomp,0.00027422465865843985
ud23_oth,block_pair,HOMERIC_TRADITION,PLUTARCH,14,ADP:advcl,1.5621510196550533e-05
ud23_oth,block_pair,HOMERIC_TRADITION,PLUTARCH,15,ADP:case,0.0001291366175200405
ud23_oth,block_pair,HOMERIC_TRADITION,PLUTARCH,16,ADP:cc,1.5621510196550533e-05
ud23_oth,block_pair,HOMERIC_TRADITION,PLUTARCH,17,ADP:conj,1.5621510196550533e-05
ud23_oth,block_pair,HOMERIC_TRADITION,PLUTARCH,18,ADP:mark,7.810755098275271e-05
ud23_oth,block_pair,HOMERIC_TRADITION,PLUTARCH,19,ADP:nmod,1.5621510196550533e-05
ud23_oth,block_pair,HOMERIC_TRADITION,PLUTARCH,20,ADP:nsubj,1.5621510196550533e-05
ud23_oth,block_pair,HOMERIC_TRADITION,PLUTARCH,21,ADP:obj,1.763676709851362e-06
ud23_oth,block_pair,HOMERIC_TRADITION,PLUTARCH,22,ADP:root,1.5621510196550533e-05
ud23_oth,block_pair,HOMERIC_TRADITION,PLUTARCH,23,ADV_PART:acl,5.947266799527162e-06
ud23_oth,block_pair,HOMERIC_TRADITION,PLUTARCH,24,ADV_PART:advcl,3.413413289478067e-05
ud23_oth,block_pair,HOMERIC_TRADITION,PLUTARCH,25,ADV_PART:advmod,0.0012690689300753014
ud23_oth,block_pair,HOMERIC_TRADITION,PLUTARCH,26,ADV_PART:case,7.174194386133432e-05
ud23_oth,block_pair,HOMERIC_TRADITION,PLUTARCH,27,ADV_PART:cc,0.026272044365131732
ud23_oth,block_pair,HOMERIC_TRADITION,PLUTARCH,28,ADV_PART:conj,0.0004516341378055269
ud23_oth,block_pair,HOMERIC_TRADITION,PLUTARCH,29,ADV_PART:mark,6.644269942269473e-05
ud23_oth,block_pair,HOMERIC_TRADITION,PLUTARCH,30,ADV_PART:nmod,0.0005209579767033086
ud23_oth,block_pair,HOMERIC_TRADITION,PLUTARCH,31,ADV_PART:nsubj,6.618027959715354e-05
ud23_oth,block_pair,HOMERIC_TRADITION,PLUTARCH,32,ADV_PART:obj,0.0017132630293509486
ud23_oth,block_pair,HOMERIC_TRADITION,PLUTARCH,33,ADV_PART:obl,3.0219988762785982e-06
ud23_oth,block_pair,HOMERIC_TRADITION,PLUTARCH,34,ADV_PART:oth,1.5621510196550533e-05
ud23_oth,block_pair,HOMERIC_TRADITION,PLUTARCH,35,ADV_PART:root,3.0219988762785982e-06
ud23_oth,block_pair,HOMERIC_TRADITION,PLUTARCH,36,ADV_PART:xcomp,1.4703443866365393e-07
ud23_oth,block_pair,HOMERIC_TRADITION,PLUTARCH,37,AUX:aux,1.5621510196550533e-05
ud23_oth,block_pair,HOMERIC_TRADITION,PLUTARCH,38,AUX:conj,1.5621510196550533e-05
ud23_oth,block_pair,HOMERIC_TRADITION,PLUTARCH,39,AUX:cop,0.0006480294838120378
ud23_oth,block_pair,HOMERIC_TRADITION,PLUTARCH,40,CCONJ:advmod,0.0018286494327928943
ud23_oth,block_pair,HOMERIC_TRADITION,PLUTARCH,41,CCONJ:case,6.618027959715354e-05
ud23_oth,block_pair,HOMERIC_TRADITION,PLUTARCH,42,CCONJ:cc,0.00534279855794112
ud23_oth,block_pair,HOMERIC_TRADITION,PLUTARCH,43,CCONJ:conj,1.5621510196550533e-05
ud23_oth,block_pair,HOMERIC_TRADITION,PLUTARCH,44,CCONJ:mark,0.000399079592643394
ud23_oth,block_pair,HOMERIC_TRADITION,PLUTARCH,45,CCONJ:nmod,1.5621510196550533e-05
ud23_oth,block_pair,HOMERIC_TRADITION,PLUTARCH,46,CCONJ:obj,1.5621510196550533e-05
ud23_oth,block_pair,HOMERIC_TRADITION,PLUTARCH,47,CCONJ:obl,1.5621510196550533e-05
ud23_oth,block_pair,HOMERIC_TRADITION,PLUTARCH,48,DET:advmod,4.686453058965162e-05
ud23_oth,block_pair,HOMERIC_TRADITION,PLUTARCH,49,DET:det,0.05889966645572566
ud23_oth,block_pair,HOMERIC_TRADITION,PLUTARCH,50,DET:root,1.5621510196550533e-05
ud23_oth,block_pair,HOMERIC_TRADITION,PLUTARCH,51,DET:xcomp,1.5621510196550533e-05
ud23_oth,block_pair,HOMERIC_TRADITION,PLUTARCH,52,NOUN:acl,2.69503516640103e-07
ud23_oth,block_pair,HOMERIC_TRADITION,PLUTARCH,53,NOUN:advcl,0.0002189553478197085
ud23_oth,block_pair,HOMERIC_TRADITION,PLUTARCH,54,NOUN:appos,1.567267806893949e-08
ud23_oth,block_pair,HOMERIC_TRADITION,PLUTARCH,55,NOUN:case,5.947266799527162e-06
ud23_oth,block_pair,HOMERIC_TRADITION,PLUTARCH,56,NOUN:conj,7.429793066134234e-05
ud23_oth,block_pair,HOMERIC_TRADITION,PLUTARCH,57,NOUN:iobj,1.690501932474233e-05
ud23_oth,block_pair,HOMERIC_TRADITION,PLUTARCH,58,NOUN:nmod,6.447573383176254e-05
ud23_oth,block_pair,HOMERIC_TRADITION,PLUTARCH,59,NOUN:nsubj,0.00022579627628258958
ud23_oth,block_pair,HOMERIC_TRADITION,PLUTARCH,60,NOUN:obj,0.0009431734452658921
ud23_oth,block_pair,HOMERIC_TRADITION,PLUTARCH,61,NOUN:obl,0.00011194603740147463
ud23_oth,block_pair,HOMERIC_TRADITION,PLUTARCH,62,NOUN:oth,0.0012435340819035448
ud23_oth,block_pair,HOMERIC_TRADITION,PLUTARCH,63,NOUN:root,4.552219770129822e-05
ud23_oth,block_pair,HOMERIC_TRADITION,PLUTARCH,64,NOUN:xcomp,0.0013249617852322385
ud23_oth,block_pair,HOMERIC_TRADITION,PLUTARCH,65,NUM:advcl,4.686453058965162e-05
ud23_oth,block_pair,HOMERIC_TRADITION,PLUTARCH,66,NUM:conj,6.451916254364667e-05
ud23_oth,block_pair,HOMERIC_TRADITION,PLUTARCH,67,NUM:nsubj,3.413413289478067e-05
ud23_oth,block_pair,HOMERIC_TRADITION,PLUTARCH,68,NUM:nummod,2.631698042766112e-05
ud23_oth,block_pair,HOMERIC_TRADITION,PLUTARCH,69,NUM:obj,1.763676709851362e-06
ud23_oth,block_pair,HOMERIC_TRADITION,PLUTARCH,70,NUM:obl,4.686453058965162e-05
ud23_oth,block_pair,HOMERIC_TRADITION,PLUTARCH,71,NUM:root,5.947266799527162e-06
ud23_oth,block_pair,HOMERIC_TRADITION,PLUTARCH,72,NUM:xcomp,5.947266799527162e-06
ud23_oth,block_pair,HOMERIC_TRADITION,PLUTARCH,73,PRON:acl,3.413413289478067e-05
ud23_oth,block_pair,HOMERIC_TRADITION,PLUTARCH,74,PRON:advcl,4.686453058965162e-05
ud23_oth,block_pair,HOMERIC_TRADITION,PLUTARCH,75,PRON:appos,3.0219988762785982e-06
ud23_oth,block_pair,HOMERIC_TRADITION,PLUTARCH,76,PRON:conj,8.325854382470674e-05
ud23_oth,block_pair,HOMERIC_TRADITION,PLUTARCH,77,PRON:iobj,2.9452529968957027e-05
ud23_oth,block_pair,HOMERIC_TRADITION,PLUTARCH,78,PRON:nmod,2.0251374551810757e-07
ud23_oth,block_pair,HOMERIC_TRADITION,PLUTARCH,79,PRON:nsubj,0.0022552809316477903
ud23_oth,block_pair,HOMERIC_TRADITION,PLUTARCH,80,PRON:obj,0.0008971155562626713
ud23_oth,block_pair,HOMERIC_TRADITION,PLUTARCH,81,PRON:obl,4.180295790026298e-05
ud23_oth,block_pair,HOMERIC_TRADITION,PLUTARCH,82,PRON:oth,1.4703443866365393e-07
ud23_oth,block_pair,HOMERIC_TRADITION,PLUTARCH,83,PRON:parataxis,1.5621510196550533e-05
ud23_oth,block_pair,HOMERIC_TRADITION,PLUTARCH,84,PRON:root,3.0343972872963854e-06
ud23_oth,block_pair,HOMERIC_TRADITION,PLUTARCH,85,PRON:xcomp,0.0007292303952826438
ud23_oth,block_pair,HOMERIC_TRADITION,PLUTARCH,86,SCONJ:case,0.00011954213121254132
ud23_oth,block_pair,HOMERIC_TRADITION,PLUTARCH,87,SCONJ:cc,4.120136132231297e-05
ud23_oth,block_pair,HOMERIC_TRADITION,PLUTARCH,88,SCONJ:mark,0.0002912278150982337
ud23_oth,block_pair,HOMERIC_TRADITION,PLUTARCH,89,SCONJ:nmod,1.5621510196550533e-05
ud23_oth,block_pair,HOMERIC_TRADITION,PLUTARCH,90,SCONJ:xcomp,1.5621510196550533e-05
ud23_oth,block_pair,HOMERIC_TRADITION,PLUTARCH,91,VERB:acl,0.00024342615157751956
ud23_oth,block_pair,HOMERIC_TRADITION,PLUTARCH,92,VERB:advcl,0.0001686782911536444
ud23_oth,block_pair,HOMERIC_TRADITION,PLUTARCH,93,VERB:appos,7.726593869386962e-06
ud23_oth,block_pair,HOMERIC_TRADITION,PLUTARCH,94,VERB:case,1.5621510196550533e-05
ud23_oth,block_pair,HOMERIC_TRADITION,PLUTARCH,95,VERB:ccomp,0.0016150717125424283
ud23_oth,block_pair,HOMERIC_TRADITION,PLUTARCH,96,VERB:conj,0.0004289504239177802
ud23_oth,block_pair,HOMERIC_TRADITION,PLUTARCH,97,VERB:csubj,0.0012705448334840866
ud23_oth,block_pair,HOMERIC_TRADITION,PLUTARCH,98,VERB:nmod,0.0015097306555127091
ud23_oth,block_pair,HOMERIC_TRADITION,PLUTARCH,99,VERB:nsubj,0.0013689021885892392
ud23_oth,block_pair,HOMERIC_TRADITION,PLUTARCH,100,VERB:obl,0.0010325241755246481
ud23_oth,block_pair,HOMERIC_TRADITION,PLUTARCH,101,VERB:oth,3.0343972872963854e-06
ud23_oth,block_pair,HOMERIC_TRADITION,PLUTARCH,102,VERB:parataxis,5.101455309721328e-05
ud23_oth,block_pair,HOMERIC_TRADITION,PLUTARCH,103,VERB:root,0.002891948509233147
ud23_oth,block_pair,HOMERIC_TRADITION,PLUTARCH,104,VERB:xcomp,0.000485901163670571
ud23_oth,block_pair,HOMERIC_TRADITION,THUCYDIDES,0,ADJ:advcl,0.0001816239883933472
ud23_oth,block_pair,HOMERIC_TRADITION,THUCYDIDES,1,ADJ:advmod,0.0003045921074180749
ud23_oth,block_pair,HOMERIC_TRADITION,THUCYDIDES,2,ADJ:amod,3.436629664539545e-05
ud23_oth,block_pair,HOMERIC_TRADITION,THUCYDIDES,3,ADJ:appos,0.0001044317003672202
ud23_oth,block_pair,HOMERIC_TRADITION,THUCYDIDES,4,ADJ:conj,0.0006244581411863305
ud23_oth,block_pair,HOMERIC_TRADITION,THUCYDIDES,5,ADJ:iobj,0.0001491464788301266
ud23_oth,block_pair,HOMERIC_TRADITION,THUCYDIDES,6,ADJ:nmod,0.007105452711028084
ud23_oth,block_pair,HOMERIC_TRADITION,THUCYDIDES,7,ADJ:nsubj,3.8297260884045286e-05
ud23_oth,block_pair,HOMERIC_TRADITION,THUCYDIDES,8,ADJ:obj,2.891700525244935e-05
ud23_oth,block_pair,HOMERIC_TRADITION,THUCYDIDES,9,ADJ:obl,0.000529556764355761
ud23_oth,block_pair,HOMERIC_TRADITION,THUCYDIDES,10,ADJ:oth,0.0004259597644103611
ud23_oth,block_pair,HOMERIC_TRADITION,THUCYDIDES,11,ADJ:parataxis,1.4492364763741492e-05
ud23_oth,block_pair,HOMERIC_TRADITION,THUCYDIDES,12,ADJ:root,3.836254867558756e-05
ud23_oth,block_pair,HOMERIC_TRADITION,THUCYDIDES,13,ADJ:xcomp,0.0001492384531290088
ud23_oth,block_pair,HOMERIC_TRADITION,THUCYDIDES,14,ADP:advcl,1.4492364763741492e-05
ud23_oth,block_pair,HOMERIC_TRADITION,THUCYDIDES,15,ADP:case,0.0008992043403700748
ud23_oth,block_pair,HOMERIC_TRADITION,THUCYDIDES,16,ADP:cc,1.4492364763741492e-05
ud23_oth,block_pair,HOMERIC_TRADITION,THUCYDIDES,17,ADP:conj,1.4492364763741492e-05
ud23_oth,block_pair,HOMERIC_TRADITION,THUCYDIDES,18,ADP:mark,1.3728998792434772e-06
ud23_oth,block_pair,HOMERIC_TRADITION,THUCYDIDES,19,ADP:nmod,0.0001644415176416288
ud23_oth,block_pair,HOMERIC_TRADITION,THUCYDIDES,20,ADP:nsubj,1.4492364763741492e-05
ud23_oth,block_pair,HOMERIC_TRADITION,THUCYDIDES,21,ADP:obj,3.117836868934576e-05
ud23_oth,block_pair,HOMERIC_TRADITION,THUCYDIDES,22,ADP:root,1.4492364763741492e-05
ud23_oth,block_pair,HOMERIC_TRADITION,THUCYDIDES,23,ADV_PART:acl,5.221669208707183e-06
ud23_oth,block_pair,HOMERIC_TRADITION,THUCYDIDES,24,ADV_PART:advcl,1.3728998792434772e-06
ud23_oth,block_pair,HOMERIC_TRADITION,THUCYDIDES,25,ADV_PART:advmod,0.0002925147022652024
ud23_oth,block_pair,HOMERIC_TRADITION,THUCYDIDES,26,ADV_PART:case,7.414459665240488e-05
ud23_oth,block_pair,HOMERIC_TRADITION,THUCYDIDES,27,ADV_PART:cc,0.025929628264287043
ud23_oth,block_pair,HOMERIC_TRADITION,THUCYDIDES,28,ADV_PART:conj,4.333941856900834e-05
ud23_oth,block_pair,HOMERIC_TRADITION,THUCYDIDES,29,ADV_PART:mark,6.876921919883285e-05
ud23_oth,block_pair,HOMERIC_TRADITION,THUCYDIDES,30,ADV_PART:nmod,0.0007402955273342945
ud23_oth,block_pair,HOMERIC_TRADITION,THUCYDIDES,31,ADV_PART:nsubj,6.232716884660064e-05
ud23_oth,block_pair,HOMERIC_TRADITION,THUCYDIDES,32,ADV_PART:obj,0.0013209503601721712
ud23_oth,block_pair,HOMERIC_TRADITION,THUCYDIDES,33,ADV_PART:obl,6.889678493692688e-06
ud23_oth,block_pair,HOMERIC_TRADITION,THUCYDIDES,34,ADV_PART:oth,1.4492364763741492e-05
ud23_oth,block_pair,HOMERIC_TRADITION,THUCYDIDES,35,ADV_PART:root,6.889678493692688e-06
ud23_oth,block_pair,HOMERIC_TRADITION,THUCYDIDES,36,ADV_PART:xcomp,1.5665007626121522e-05
ud23_oth,block_pair,HOMERIC_TRADITION,THUCYDIDES,37,AUX:aux,1.4492364763741492e-05
ud23_oth,block_pair,HOMERIC_TRADITION,THUCYDIDES,38,AUX:conj,1.4492364763741492e-05
ud23_oth,block_pair,HOMERIC_TRADITION,THUCYDIDES,39,AUX:cop,0.0009002712223744325
ud23_oth,block_pair,HOMERIC_TRADITION,THUCYDIDES,40,CCONJ:advmod,0.0020432232444506935
ud23_oth,block_pair,HOMERIC_TRADITION,THUCYDIDES,41,CCONJ:case,1.4492364763741492e-05
ud23_oth,block_pair,HOMERIC_TRADITION,THUCYDIDES,42,CCONJ:cc,0.003864709109433518
ud23_oth,block_pair,HOMERIC_TRADITION,THUCYDIDES,43,CCONJ:conj,1.4492364763741492e-05
ud23_oth,block_pair,HOMERIC_TRADITION,THUCYDIDES,44,CCONJ:mark,2.204251094280047e-06
ud23_oth,block_pair,HOMERIC_TRADITION,THUCYDIDES,45,CCONJ:nmod,1.4492364763741492e-05
ud23_oth,block_pair,HOMERIC_TRADITION,THUCYDIDES,46,CCONJ:obj,1.4492364763741492e-05
ud23_oth,block_pair,HOMERIC_TRADITION,THUCYDIDES,47,CCONJ:obl,1.4492364763741492e-05
ud23_oth,block_pair,HOMERIC_TRADITION,THUCYDIDES,48,DET:advmod,4.3477094291224463e-05
ud23_oth,block_pair,HOMERIC_TRADITION,THUCYDIDES,49,DET:det,0.05152983906364718
ud23_oth,block_pair,HOMERIC_TRADITION,THUCYDIDES,50,DET:root,1.4492364763741492e-05
ud23_oth,block_pair,HOMERIC_TRADITION,THUCYDIDES,51,DET:xcomp,1.4492364763741492e-05
ud23_oth,block_pair,HOMERIC_TRADITION,THUCYDIDES,52,NOUN:acl,0.0001804643098791977
ud23_oth,block_pair,HOMERIC_TRADITION,THUCYDIDES,53,NOUN:advcl,4.7630208209336494e-05
ud23_oth,block_pair,HOMERIC_TRADITION,THUCYDIDES,54,NOUN:appos,1.9395713409018824e-06
ud23_oth,block_pair,HOMERIC_TRADITION,THUCYDIDES,55,NOUN:case,5.221669208707183e-06
ud23_oth,block_pair,HOMERIC_TRADITION,THUCYDIDES,56,NOUN:conj,7.038683641912404e-06
ud23_oth,block_pair,HOMERIC_TRADITION,THUCYDIDES,57,NOUN:iobj,0.000354282264758553
ud23_oth,block_pair,HOMERIC_TRADITION,THUCYDIDES,58,NOUN:nmod,3.885427054945139e-06
ud23_oth,block_pair,HOMERIC_TRADITION,THUCYDIDES,59,NOUN:nsubj,0.0008242352423744907
ud23_oth,block_pair,HOMERIC_TRADITION,THUCYDIDES,60,NOUN:obj,0.0026186523335409544
ud23_oth,block_pair,HOMERIC_TRADITION,THUCYDIDES,61,NOUN:obl,7.440275330275123e-05
ud23_oth,block_pair,HOMERIC_TRADITION,THUCYDIDES,62,NOUN:oth,0.0012818028788638023
ud23_oth,block_pair,HOMERIC_TRADITION,THUCYDIDES,63,NOUN:root,0.00014531632807354922
ud23_oth,block_pair,HOMERIC_TRADITION,THUCYDIDES,64,NOUN:xcomp,0.00039070199867129803
ud23_oth,block_pair,HOMERIC_TRADITION,THUCYDIDES,65,NUM:advcl,5.221669208707183e-06
ud23_oth,block_pair,HOMERIC_TRADITION,THUCYDIDES,66,NUM:conj,6.4685784297304e-08
ud23_oth,block_pair,HOMERIC_TRADITION,THUCYDIDES,67,NUM:nsubj,1.3728998792434772e-06
ud23_oth,block_pair,HOMERIC_TRADITION,THUCYDIDES,68,NUM:nummod,0.0005439972173443117
ud23_oth,block_pair,HOMERIC_TRADITION,THUCYDIDES,69,NUM:obj,1.3728998792434772e-06
ud23_oth,block_pair,HOMERIC_TRADITION,THUCYDIDES,70,NUM:obl,5.221669208707183e-06
ud23_oth,block_pair,HOMERIC_TRADITION,THUCYDIDES,71,NUM:root,5.221669208707183e-06
ud23_oth,block_pair,HOMERIC_TRADITION,THUCYDIDES,72,NUM:xcomp,5.221669208707183e-06
ud23_oth,block_pair,HOMERIC_TRADITION,THUCYDIDES,73,PRON:acl,1.3728998792434772e-06
ud23_oth,block_pair,HOMERIC_TRADITION,THUCYDIDES,74,PRON:advcl,4.3477094291224463e-05
ud23_oth,block_pair,HOMERIC_TRADITION,THUCYDIDES,75,PRON:appos,6.889678493692688e-06
ud23_oth,block_pair,HOMERIC_TRADITION,THUCYDIDES,76,PRON:conj,0.00013137083210068405
ud23_oth,block_pair,HOMERIC_TRADITION,THUCYDIDES,77,PRON:iobj,0.00011616074816728087
ud23_oth,block_pair,HOMERIC_TRADITION,THUCYDIDES,78,PRON:nmod,0.00024666271688288804
ud23_oth,block_pair,HOMERIC_TRADITION,THUCYDIDES,79,PRON:nsubj,0.0010557552418869283
ud23_oth,block_pair,HOMERIC_TRADITION,THUCYDIDES,80,PRON:obj,7.206096556693271e-05
ud23_oth,block_pair,HOMERIC_TRADITION,THUCYDIDES,81,PRON:obl,0.0006862280438888787
ud23_oth,block_pair,HOMERIC_TRADITION,THUCYDIDES,82,PRON:oth,2.9221498779108576e-07
ud23_oth,block_pair,HOMERIC_TRADITION,THUCYDIDES,83,PRON:parataxis,1.4492364763741492e-05
ud23_oth,block_pair,HOMERIC_TRADITION,THUCYDIDES,84,PRON:root,2.0819089375986028e-05
ud23_oth,block_pair,HOMERIC_TRADITION,THUCYDIDES,85,PRON:xcomp,0.0002883751932175736
ud23_oth,block_pair,HOMERIC_TRADITION,THUCYDIDES,86,SCONJ:case,1.4492364763741492e-05
ud23_oth,block_pair,HOMERIC_TRADITION,THUCYDIDES,87,SCONJ:cc,4.309568720251744e-05
ud23_oth,block_pair,HOMERIC_TRADITION,THUCYDIDES,88,SCONJ:mark,0.0005594843342502918
ud23_oth,block_pair,HOMERIC_TRADITION,THUCYDIDES,89,SCONJ:nmod,1.4492364763741492e-05
ud23_oth,block_pair,HOMERIC_TRADITION,THUCYDIDES,90,SCONJ:xcomp,1.4492364763741492e-05
ud23_oth,block_pair,HOMERIC_TRADITION,THUCYDIDES,91,VERB:acl,8.635929360016327e-06
ud23_oth,block_pair,HOMERIC_TRADITION,THUCYDIDES,92,VERB:advcl,7.117094996718235e-06
ud23_oth,block_pair,HOMERIC_TRADITION,THUCYDIDES,93,VERB:appos,2.0669035481078133e-05
ud23_oth,block_pair,HOMERIC_TRADITION,THUCYDIDES,94,VERB:case,1.4492364763741492e-05
ud23_oth,block_pair,HOMERIC_TRADITION,THUCYDIDES,95,VERB:ccomp,0.0004273327130427233
ud23_oth,block_pair,HOMERIC_TRADITION,THUCYDIDES,96,VERB:conj,0.0005433091155115605
ud23_oth,block_pair,HOMERIC_TRADITION,THUCYDIDES,97,VERB:csubj,0.0012542169245765417
ud23_oth,block_pair,HOMERIC_TRADITION,THUCYDIDES,98,VERB:nmod,0.000621654308467493
ud23_oth,block_pair,HOMERIC_TRADITION,THUCYDIDES,99,VERB:nsubj,0.0005862755718231541
ud23_oth,block_pair,HOMERIC_TRADITION,THUCYDIDES,100,VERB:obl,0.0006160332950061713
ud23_oth,block_pair,HOMERIC_TRADITION,THUCYDIDES,101,VERB:oth,9.250610755704018e-06
ud23_oth,block_pair,HOMERIC_TRADITION,THUCYDIDES,102,VERB:parataxis,8.523281422427055e-06
ud23_oth,block_pair,HOMERIC_TRADITION,THUCYDIDES,103,VERB:root,0.002591250850372758
ud23_oth,block_pair,HOMERIC_TRADITION,THUCYDIDES,104,VERB:xcomp,6.502797406461656e-05
ud23_oth,block_pair,PLUTARCH,THUCYDIDES,0,ADJ:advcl,2.0025997789020202e-05
ud23_oth,block_pair,PLUTARCH,THUCYDIDES,1,ADJ:advmod,0.0005573814590380309
ud23_oth,block_pair,PLUTARCH,THUCYDIDES,2,ADJ:amod,1.5415471629476047e-07
ud23_oth,block_pair,PLUTARCH,THUCYDIDES,3,ADJ:appos,0.0001380131266998393
ud23_oth,block_pair,PLUTARCH,THUCYDIDES,4,ADJ:conj,7.721503903817997e-05
ud23_oth,block_pair,PLUTARCH,THUCYDIDES,5,ADJ:iobj,0.00036052855265606174
ud23_oth,block_pair,PLUTARCH,THUCYDIDES,6,ADJ:nmod,2.828409937856739e-07
ud23_oth,block_pair,PLUTARCH,THUCYDIDES,7,ADJ:nsubj,1.302040410757323e-06
ud23_oth,block_pair,PLUTARCH,THUCYDIDES,8,ADJ:obj,1.230207237324049e-05
ud23_oth,block_pair,PLUTARCH,THUCYDIDES,9,ADJ:obl,0.0005768747321133873
ud23_oth,block_pair,PLUTARCH,THUCYDIDES,10,ADJ:oth,2.2500592327741944e-05
ud23_oth,block_pair,PLUTARCH,THUCYDIDES,11,ADJ:parataxis,2.2500592327741944e-05
ud23_oth,block_pair,PLUTARCH,THUCYDIDES,12,ADJ:root,0.00012857886984336695
ud23_oth,block_pair,PLUTARCH,THUCYDIDES,13,ADJ:xcomp,1.899775815485832e-05
ud23_oth,block_pair,PLUTARCH,THUCYDIDES,14,ADP:advcl,2.471721084617079e-08
ud23_oth,block_pair,PLUTARCH,THUCYDIDES,15,ADP:case,0.0003474659449541938
ud23_oth,block_pair,PLUTARCH,THUCYDIDES,16,ADP:cc,2.471721084617079e-08
ud23_oth,block_pair,PLUTARCH,THUCYDIDES,17,ADP:conj,2.471721084617079e-08
ud23_oth,block_pair,PLUTARCH,THUCYDIDES,18,ADP:mark,6.08922927062448e-05
ud23_oth,block_pair,PLUTARCH,THUCYDIDES,19,ADP:nmod,9.436704822989431e-05
ud23_oth,block_pair,PLUTARCH,THUCYDIDES,20,ADP:nsubj,2.471721084617079e-08
ud23_oth,block_pair,PLUTARCH,THUCYDIDES,21,ADP:obj,1.8735466757222993e-05
ud23_oth,block_pair,PLUTARCH,THUCYDIDES,22,ADP:root,2.471721084617079e-08
ud23_oth,block_pair,PLUTARCH,THUCYDIDES,23,ADV_PART:acl,2.471721084617079e-08
ud23_oth,block_pair,PLUTARCH,THUCYDIDES,24,ADV_PART:advcl,2.2500592327741944e-05
ud23_oth,block_pair,PLUTARCH,THUCYDIDES,25,ADV_PART:advmod,0.0003434995354173898
ud23_oth,block_pair,PLUTARCH,THUCYDIDES,26,ADV_PART:case,2.471721084617079e-08
ud23_oth,block_pair,PLUTARCH,THUCYDIDES,27,ADV_PART:cc,8.080262858899012e-06
ud23_oth,block_pair,PLUTARCH,THUCYDIDES,28,ADV_PART:conj,0.00022725122632725206
ud23_oth,block_pair,PLUTARCH,THUCYDIDES,29,ADV_PART:mark,2.471721084617079e-08
ud23_oth,block_pair,PLUTARCH,THUCYDIDES,30,ADV_PART:nmod,2.228826223103631e-05
ud23_oth,block_pair,PLUTARCH,THUCYDIDES,31,ADV_PART:nsubj,7.41516325384986e-08
ud23_oth,block_pair,PLUTARCH,THUCYDIDES,32,ADV_PART:obj,5.368989659388123e-05
ud23_oth,block_pair,PLUTARCH,THUCYDIDES,33,ADV_PART:obl,1.8735466757222993e-05
ud23_oth,block_pair,PLUTARCH,THUCYDIDES,34,ADV_PART:oth,2.471721084617079e-08
ud23_oth,block_pair,PLUTARCH,THUCYDIDES,35,ADV_PART:root,1.8735466757222993e-05
ud23_oth,block_pair,PLUTARCH,THUCYDIDES,36,ADV_PART:xcomp,1.8735466757222993e-05
ud23_oth,block_pair,PLUTARCH,THUCYDIDES,37,AUX:aux,2.471721084617079e-08
ud23_oth,block_pair,PLUTARCH,THUCYDIDES,38,AUX:conj,2.471721084617079e-08
ud23_oth,block_pair,PLUTARCH,THUCYDIDES,39,AUX:cop,2.1174989817462854e-05
ud23_oth,block_pair,PLUTARCH,THUCYDIDES,40,CCONJ:advmod,1.1981809109667374e-05
ud23_oth,block_pair,PLUTARCH,THUCYDIDES,41,CCONJ:case,2.2500592327741944e-05
ud23_oth,block_pair,PLUTARCH,THUCYDIDES,42,CCONJ:cc,0.00012406922250083122
ud23_oth,block_pair,PLUTARCH,THUCYDIDES,43,CCONJ:conj,2.471721084617079e-08
ud23_oth,block_pair,PLUTARCH,THUCYDIDES,44,CCONJ:mark,0.0003432993234935934
ud23_oth,block_pair,PLUTARCH,THUCYDIDES,45,CCONJ:nmod,2.471721084617079e-08
ud23_oth,block_pair,PLUTARCH,THUCYDIDES,46,CCONJ:obj,2.471721084617079e-08
ud23_oth,block_pair,PLUTARCH,THUCYDIDES,47,CCONJ:obl,2.471721084617079e-08
ud23_oth,block_pair,PLUTARCH,THUCYDIDES,48,DET:advmod,7.41516325384986e-08
ud23_oth,block_pair,PLUTARCH,THUCYDIDES,49,DET:det,0.000320514385183367
ud23_oth,block_pair,PLUTARCH,THUCYDIDES,50,DET:root,2.471721084617079e-08
ud23_oth,block_pair,PLUTARCH,THUCYDIDES,51,DET:xcomp,2.471721084617079e-08
ud23_oth,block_pair,PLUTARCH,THUCYDIDES,52,NOUN:acl,0.00019376935925320487
ud23_oth,block_pair,PLUTARCH,THUCYDIDES,53,NOUN:advcl,6.549372799380122e-05
ud23_oth,block_pair,PLUTARCH,THUCYDIDES,54,NOUN:appos,1.6066942977848507e-06
ud23_oth,block_pair,PLUTARCH,THUCYDIDES,55,NOUN:case,2.471721084617079e-08
ud23_oth,block_pair,PLUTARCH,THUCYDIDES,56,NOUN:conj,3.5616828102186466e-05
ud23_oth,block_pair,PLUTARCH,THUCYDIDES,57,NOUN:iobj,0.00021808645208598186
ud23_oth,block_pair,PLUTARCH,THUCYDIDES,58,NOUN:nmod,0.00010000125711187103
ud23_oth,block_pair,PLUTARCH,THUCYDIDES,59,NOUN:nsubj,0.00018785813175124658
ud23_oth,block_pair,PLUTARCH,THUCYDIDES,60,NOUN:obj,0.0004227111389129932
ud23_oth,block_pair,PLUTARCH,THUCYDIDES,61,NOUN:obl,3.823433094274223e-06
ud23_oth,block_pair,PLUTARCH,THUCYDIDES,62,NOUN:oth,3.707581626925591e-07
ud23_oth,block_pair,PLUTARCH,THUCYDIDES,63,NOUN:root,2.8878698359214482e-05
ud23_oth,block_pair,PLUTARCH,THUCYDIDES,64,NOUN:xcomp,0.0002946441328013196
ud23_oth,block_pair,PLUTARCH,THUCYDIDES,65,NUM:advcl,2.2500592327741944e-05
ud23_oth,block_pair,PLUTARCH,THUCYDIDES,66,NUM:conj,6.08922927062448e-05
ud23_oth,block_pair,PLUTARCH,THUCYDIDES,67,NUM:nsubj,2.2500592327741944e-05
ud23_oth,block_pair,PLUTARCH,THUCYDIDES,68,NUM:nummod,0.0007739332803650227
ud23_oth,block_pair,PLUTARCH,THUCYDIDES,69,NUM:obj,2.471721084617079e-08
ud23_oth,block_pair,PLUTARCH,THUCYDIDES,70,NUM:obl,2.2500592327741944e-05
ud23_oth,block_pair,PLUTARCH,THUCYDIDES,71,NUM:root,2.471721084617079e-08
ud23_oth,block_pair,PLUTARCH,THUCYDIDES,72,NUM:xcomp,2.471721084617079e-08
ud23_oth,block_pair,PLUTARCH,THUCYDIDES,73,PRON:acl,2.2500592327741944e-05
ud23_oth,block_pair,PLUTARCH,THUCYDIDES,74,PRON:advcl,7.41516325384986e-08
ud23_oth,block_pair,PLUTARCH,THUCYDIDES,75,PRON:appos,1.8735466757222993e-05
ud23_oth,block_pair,PLUTARCH,THUCYDIDES,76,PRON:conj,5.756418216858616e-06
ud23_oth,block_pair,PLUTARCH,THUCYDIDES,77,PRON:iobj,2.8801305704886736e-05
ud23_oth,block_pair,PLUTARCH,THUCYDIDES,78,PRON:nmod,0.00026091969998277256
ud23_oth,block_pair,PLUTARCH,THUCYDIDES,79,PRON:nsubj,0.00023208059564077516
ud23_oth,block_pair,PLUTARCH,THUCYDIDES,80,PRON:obj,0.00046262632771787134
ud23_oth,block_pair,PLUTARCH,THUCYDIDES,81,PRON:obl,0.0003910081705027417
ud23_oth,block_pair,PLUTARCH,THUCYDIDES,82,PRON:oth,2.471721084617079e-08
ud23_oth,block_pair,PLUTARCH,THUCYDIDES,83,PRON:parataxis,2.471721084617079e-08
ud23_oth,block_pair,PLUTARCH,THUCYDIDES,84,PRON:root,8.080262858899012e-06
ud23_oth,block_pair,PLUTARCH,THUCYDIDES,85,PRON:xcomp,0.00012771287358647333
ud23_oth,block_pair,PLUTARCH,THUCYDIDES,86,SCONJ:case,6.08922927062448e-05
ud23_oth,block_pair,PLUTARCH,THUCYDIDES,87,SCONJ:cc,2.471721084617079e-08
ud23_oth,block_pair,PLUTARCH,THUCYDIDES,88,SCONJ:mark,4.385047177119796e-05
ud23_oth,block_pair,PLUTARCH,THUCYDIDES,89,SCONJ:nmod,2.471721084617079e-08
ud23_oth,block_pair,PLUTARCH,THUCYDIDES,90,SCONJ:xcomp,2.471721084617079e-08
ud23_oth,block_pair,PLUTARCH,THUCYDIDES,91,VERB:acl,0.0003430683262020686
ud23_oth,block_pair,PLUTARCH,THUCYDIDES,92,VERB:advcl,0.00010652240304530932
ud23_oth,block_pair,PLUTARCH,THUCYDIDES,93,VERB:appos,3.1576240594238716e-06
ud23_oth,block_pair,PLUTARCH,THUCYDIDES,94,VERB:case,2.471721084617079e-08
ud23_oth,block_pair,PLUTARCH,THUCYDIDES,95,VERB:ccomp,0.0003946814306096907
ud23_oth,block_pair,PLUTARCH,THUCYDIDES,96,VERB:conj,6.78339032353164e-06
ud23_oth,block_pair,PLUTARCH,THUCYDIDES,97,VERB:csubj,6.024111399561886e-08
ud23_oth,block_pair,PLUTARCH,THUCYDIDES,98,VERB:nmod,0.0002017343979386656
ud23_oth,block_pair,PLUTARCH,THUCYDIDES,99,VERB:nsubj,0.00021064573004043167
ud23_oth,block_pair,PLUTARCH,THUCYDIDES,100,VERB:obl,7.160123028811819e-05
ud23_oth,block_pair,PLUTARCH,THUCYDIDES,101,VERB:oth,2.2500592327741944e-05
ud23_oth,block_pair,PLUTARCH,THUCYDIDES,102,VERB:parataxis,1.8735466757222993e-05
ud23_oth,block_pair,PLUTARCH,THUCYDIDES,103,VERB:root,8.379787544949809e-06
ud23_oth,block_pair,PLUTARCH,THUCYDIDES,104,VERB:xcomp,0.0001961075381672812
ud23_oth,group_centroid,HEX,PROSE_ALL,0,ADJ:advcl,6.561411872475052e-05
ud23_oth,group_centroid,HEX,PROSE_ALL,1,ADJ:advmod,7.019090023123551e-05
ud23_oth,group_centroid,HEX,PROSE_ALL,2,ADJ:amod,4.672353672259067e-06
ud23_oth,group_centroid,HEX,PROSE_ALL,3,ADJ:appos,9.114582509182499e-06
ud23_oth,group_centroid,HEX,PROSE_ALL,4,ADJ:conj,6.43628839615023e-05
ud23_oth,group_centroid,HEX,PROSE_ALL,5,ADJ:iobj,9.69897541671703e-06
ud23_oth,group_centroid,HEX,PROSE_ALL,6,ADJ:nmod,0.007097778957184721
ud23_oth,group_centroid,HEX,PROSE_ALL,7,ADJ:nsubj,2.8602367905521147e-06
ud23_oth,group_centroid,HEX,PROSE_ALL,8,ADJ:obj,1.8869139090931804e-06
ud23_oth,group_centroid,HEX,PROSE_ALL,9,ADJ:obl,2.667224652893002e-05
ud23_oth,group_centroid,HEX,PROSE_ALL,10,ADJ:oth,0.00026268438481927015
ud23_oth,group_centroid,HEX,PROSE_ALL,11,ADJ:parataxis,5.70076273322757e-06
ud23_oth,group_centroid,HEX,PROSE_ALL,12,ADJ:root,7.008168979002425e-05
ud23_oth,group_centroid,HEX,PROSE_ALL,13,ADJ:xcomp,0.00020796323143286596
ud23_oth,group_centroid,HEX,PROSE_ALL,14,ADP:advcl,3.528145632724975e-07
ud23_oth,group_centroid,HEX,PROSE_ALL,15,ADP:case,0.0007368051596290549
ud23_oth,group_centroid,HEX,PROSE_ALL,16,ADP:cc,3.528145632724975e-07
ud23_oth,group_centroid,HEX,PROSE_ALL,17,ADP:conj,3.528145632724975e-07
ud23_oth,group_centroid,HEX,PROSE_ALL,18,ADP:mark,1.208968430284648e-05
ud23_oth,group_centroid,HEX,PROSE_ALL,19,ADP:nmod,1.7654992154093817e-05
ud23_oth,group_centroid,HEX,PROSE_ALL,20,ADP:nsubj,3.528145632724975e-07
ud23_oth,group_centroid,HEX,PROSE_ALL,21,ADP:obj,1.8732717761236893e-06
ud23_oth,group_centroid,HEX,PROSE_ALL,22,ADP:root,3.528145632724975e-07
ud23_oth,group_centroid,HEX,PROSE_ALL,23,ADV_PART:acl,7.848330494224081e-06
ud23_oth,group_centroid,HEX,PROSE_ALL,24,ADV_PART:advcl,7.539174226225173e-06
ud23_oth,group_centroid,HEX,PROSE_ALL,25,ADV_PART:advmod,0.0005832719043966129
ud23_oth,group_centroid,HEX,PROSE_ALL,26,ADV_PART:case,0.0001493323091790263
ud23_oth,group_centroid,HEX,PROSE_ALL,27,ADV_PART:cc,0.02842164884403838
ud23_oth,group_centroid,HEX,PROSE_ALL,28,ADV_PART:conj,1.2047573189307048e-06
ud23_oth,group_centroid,HEX,PROSE_ALL,29,ADV_PART:mark,9.837743678788869e-05
ud23_oth,group_centroid,HEX,PROSE_ALL,30,ADV_PART:nmod,0.0001822345038721452
ud23_oth,group_centroid,HEX,PROSE_ALL,31,ADV_PART:nsubj,1.5796221601102454e-05
ud23_oth,group_centroid,HEX,PROSE_ALL,32,ADV_PART:obj,0.0011049240658391791
ud23_oth,group_centroid,HEX,PROSE_ALL,33,ADV_PART:obl,2.9546491155639825e-05
ud23_oth,group_centroid,HEX,PROSE_ALL,34,ADV_PART:oth,3.528145632724975e-07
ud23_oth,group_centroid,HEX,PROSE_ALL,35,ADV_PART:root,1.3694343670586731e-05
ud23_oth,group_centroid,HEX,PROSE_ALL,36,ADV_PART:xcomp,2.6752712783280272e-05
ud23_oth,group_centroid,HEX,PROSE_ALL,37,AUX:aux,3.528145632724975e-07
ud23_oth,group_centroid,HEX,PROSE_ALL,38,AUX:conj,1.3250595874492564e-06
ud23_oth,group_centroid,HEX,PROSE_ALL,39,AUX:cop,0.0009451853182214842
ud23_oth,group_centroid,HEX,PROSE_ALL,40,CCONJ:advmod,0.0029636010842515096
ud23_oth,group_centroid,HEX,PROSE_ALL,41,CCONJ:case,1.0316601290898792e-05
ud23_oth,group_centroid,HEX,PROSE_ALL,42,CCONJ:cc,0.0027321996417502123
ud23_oth,group_centroid,HEX,PROSE_ALL,43,CCONJ:conj,1.3250595874492564e-06
ud23_oth,group_centroid,HEX,PROSE_ALL,44,CCONJ:mark,1.9673394808311233e-05
ud23_oth,group_centroid,HEX,PROSE_ALL,45,CCONJ:nmod,2.0156860541836626e-06
ud23_oth,group_centroid,HEX,PROSE_ALL,46,CCONJ:obj,1.3250595874492564e-06
ud23_oth,group_centroid,HEX,PROSE_ALL,47,CCONJ:obl,1.3250595874492564e-06
ud23_oth,group_centroid,HEX,PROSE_ALL,48,DET:advmod,3.4196088602271695e-05
ud23_oth,group_centroid,HEX,PROSE_ALL,49,DET:det,0.0582764293661426
ud23_oth,group_centroid,HEX,PROSE_ALL,50,DET:root,1.3250595874492564e-06
ud23_oth,group_centroid,HEX,PROSE_ALL,51,DET:xcomp,4.5065287355348815e-06
ud23_oth,group_centroid,HEX,PROSE_ALL,52,NOUN:acl,6.596942021552392e-05
ud23_oth,group_centroid,HEX,PROSE_ALL,53,NOUN:advcl,8.629066715358744e-05
ud23_oth,group_centroid,HEX,PROSE_ALL,54,NOUN:appos,0.001281614607648215
ud23_oth,group_centroid,HEX,PROSE_ALL,55,NOUN:case,1.954332581179835e-06
ud23_oth,group_centroid,HEX,PROSE_ALL,56,NOUN:conj,0.0014947759168463144
ud23_oth,group_centroid,HEX,PROSE_ALL,57,NOUN:iobj,0.0001119179589744321
ud23_oth,group_centroid,HEX,PROSE_ALL,58,NOUN:nmod,1.0241884764066304e-09
ud23_oth,group_centroid,HEX,PROSE_ALL,59,NOUN:nsubj,5.7483283884166925e-05
ud23_oth,group_centroid,HEX,PROSE_ALL,60,NOUN:obj,0.001476595651617116
ud23_oth,group_centroid,HEX,PROSE_ALL,61,NOUN:obl,7.979413753142288e-06
ud23_oth,group_centroid,HEX,PROSE_ALL,62,NOUN:oth,0.0002803200276452428
ud23_oth,group_centroid,HEX,PROSE_ALL,63,NOUN:root,5.557618631550989e-05
ud23_oth,group_centroid,HEX,PROSE_ALL,64,NOUN:xcomp,0.0006328743289039691
ud23_oth,group_centroid,HEX,PROSE_ALL,65,NUM:advcl,2.0638506684928114e-06
ud23_oth,group_centroid,HEX,PROSE_ALL,66,NUM:conj,2.057235383314551e-05
ud23_oth,group_centroid,HEX,PROSE_ALL,67,NUM:nsubj,9.481674307766685e-07
ud23_oth,group_centroid,HEX,PROSE_ALL,68,NUM:nummod,7.543824950596197e-05
ud23_oth,group_centroid,HEX,PROSE_ALL,69,NUM:obj,1.463826292498531e-07
ud23_oth,group_centroid,HEX,PROSE_ALL,70,NUM:obl,2.0638506684928114e-06
ud23_oth,group_centroid,HEX,PROSE_ALL,71,NUM:root,6.845508129479676e-09
ud23_oth,group_centroid,HEX,PROSE_ALL,72,NUM:xcomp,6.845508129479676e-09
ud23_oth,group_centroid,HEX,PROSE_ALL,73,PRON:acl,4.193900621262218e-05
ud23_oth,group_centroid,HEX,PROSE_ALL,74,PRON:advcl,2.7560324103974924e-05
ud23_oth,group_centroid,HEX,PROSE_ALL,75,PRON:appos,3.2096248992409e-06
ud23_oth,group_centroid,HEX,PROSE_ALL,76,PRON:conj,8.968799455187526e-05
ud23_oth,group_centroid,HEX,PROSE_ALL,77,PRON:iobj,1.0337329905043245e-05
ud23_oth,group_centroid,HEX,PROSE_ALL,78,PRON:nmod,8.004414649129428e-05
ud23_oth,group_centroid,HEX,PROSE_ALL,79,PRON:nsubj,0.0009083177180949321
ud23_oth,group_centroid,HEX,PROSE_ALL,80,PRON:obj,2.1085486912370238e-05
ud23_oth,group_centroid,HEX,PROSE_ALL,81,PRON:obl,0.0005971919689978528
ud23_oth,group_centroid,HEX,PROSE_ALL,82,PRON:oth,1.3980584870561872e-06
ud23_oth,group_centroid,HEX,PROSE_ALL,83,PRON:parataxis,3.528145632724975e-07
ud23_oth,group_centroid,HEX,PROSE_ALL,84,PRON:root,7.305855878948604e-05
ud23_oth,group_centroid,HEX,PROSE_ALL,85,PRON:xcomp,0.00043275845425233973
ud23_oth,group_centroid,HEX,PROSE_ALL,86,SCONJ:case,4.306344925801574e-05
ud23_oth,group_centroid,HEX,PROSE_ALL,87,SCONJ:cc,2.2818157955549916e-05
ud23_oth,group_centroid,HEX,PROSE_ALL,88,SCONJ:mark,0.0004633226492157243
ud23_oth,group_centroid,HEX,PROSE_ALL,89,SCONJ:nmod,3.528145632724975e-07
ud23_oth,group_centroid,HEX,PROSE_ALL,90,SCONJ:xcomp,1.3250595874492564e-06
ud23_oth,group_centroid,HEX,PROSE_ALL,91,VERB:acl,0.0001711386899987188
ud23_oth,group_centroid,HEX,PROSE_ALL,92,VERB:advcl,0.00012829398420992778
ud23_oth,group_centroid,HEX,PROSE_ALL,93,VERB:appos,2.0809140947333906e-05
ud23_oth,group_centroid,HEX,PROSE_ALL,94,VERB:case,3.528145632724975e-07
ud23_oth,group_centroid,HEX,PROSE_ALL,95,VERB:ccomp,0.001820240267367098
ud23_oth,group_centroid,HEX,PROSE_ALL,96,VERB:conj,8.551195599624454e-05
ud23_oth,group_centroid,HEX,PROSE_ALL,97,VERB:csubj,0.0006296670759452323
ud23_oth,group_centroid,HEX,PROSE_ALL,98,VERB:nmod,0.0006230880665822041
ud23_oth,group_centroid,HEX,PROSE_ALL,99,VERB:nsubj,0.0006790555521440513
ud23_oth,group_centroid,HEX,PROSE_ALL,100,VERB:obl,0.0004721325169335455
ud23_oth,group_centroid,HEX,PROSE_ALL,101,VERB:oth,2.792984533244782e-07
ud23_oth,group_centroid,HEX,PROSE_ALL,102,VERB:parataxis,2.6279389054778645e-05
ud23_oth,group_centroid,HEX,PROSE_ALL,103,VERB:root,0.001799935519923546
ud23_oth,group_centroid,HEX,PROSE_ALL,104,VERB:xcomp,0.0005903376680385965
upos_only,block_pair,ATHENAEUS,DIODORUS,0,ADJ,8.696726475945554e-05
upos_only,block_pair,ATHENAEUS,DIODORUS,1,ADP,0.00023861757423736512
upos_only,block_pair,ATHENAEUS,DIODORUS,2,ADV_PART,0.0011370318660305183
upos_only,block_pair,ATHENAEUS,DIODORUS,3,AUX,0.0015742338129921874
upos_only,block_pair,ATHENAEUS,DIODORUS,4,CCONJ,0.0004215503337142543
upos_only,block_pair,ATHENAEUS,DIODORUS,5,DET,0.003609283204131966
upos_only,block_pair,ATHENAEUS,DIODORUS,6,NOUN,5.32482702961625e-06
upos_only,block_pair,ATHENAEUS,DIODORUS,7,NUM,0.0002760021738421734
upos_only,block_pair,ATHENAEUS,DIODORUS,8,PRON,0.0020207310468590466
upos_only,block_pair,ATHENAEUS,DIODORUS,9,SCONJ,0.0018944194686920748
upos_only,block_pair,ATHENAEUS,DIODORUS,10,VERB,1.7351886504073577e-07
upos_only,block_pair,ATHENAEUS,HERODOTUS,0,ADJ,2.290071937375009e-06
upos_only,block_pair,ATHENAEUS,HERODOTUS,1,ADP,0.0009358381307402247
upos_only,block_pair,ATHENAEUS,HERODOTUS,2,ADV_PART,8.639929920346108e-05
upos_only,block_pair,ATHENAEUS,HERODOTUS,3,AUX,0.0003418795822158942
upos_only,block_pair,ATHENAEUS,HERODOTUS,4,CCONJ,0.0003517023106140182
upos_only,block_pair,ATHENAEUS,HERODOTUS,5,DET,5.713411536461665e-05
upos_only,block_pair,ATHENAEUS,HERODOTUS,6,NOUN,0.0009253585972575588
upos_only,block_pair,ATHENAEUS,HERODOTUS,7,NUM,0.00042134141568699897
upos_only,block_pair,ATHENAEUS,HERODOTUS,8,PRON,0.0014561797139194081
upos_only,block_pair,ATHENAEUS,HERODOTUS,9,SCONJ,3.0205471558530993e-05
upos_only,block_pair,ATHENAEUS,HERODOTUS,10,VERB,0.00015926624826111384
upos_only,block_pair,ATHENAEUS,HESIODIC_TRADITION,0,ADJ,0.00620091792085976
upos_only,block_pair,ATHENAEUS,HESIODIC_TRADITION,1,ADP,0.0012528079855698747
upos_only,block_pair,ATHENAEUS,HESIODIC_TRADITION,2,ADV_PART,0.005984660797636366
upos_only,block_pair,ATHENAEUS,HESIODIC_TRADITION,3,AUX,0.0014221572878189872
upos_only,block_pair,ATHENAEUS,HESIODIC_TRADITION,4,CCONJ,2.9644950371038705e-05
upos_only,block_pair,ATHENAEUS,HESIODIC_TRADITION,5,DET,0.052625193586513956
upos_only,block_pair,ATHENAEUS,HESIODIC_TRADITION,6,NOUN,0.001405409448682355
upos_only,block_pair,ATHENAEUS,HESIODIC_TRADITION,7,NUM,0.0002576110642770661
upos_only,block_pair,ATHENAEUS,HESIODIC_TRADITION,8,PRON,0.00027484654713345663
upos_only,block_pair,ATHENAEUS,HESIODIC_TRADITION,9,SCONJ,0.0015684788999861914
upos_only,block_pair,ATHENAEUS,HESIODIC_TRADITION,10,VERB,0.00010946166254202118
upos_only,block_pair,ATHENAEUS,HOMERIC_TRADITION,0,ADJ,0.0020597277908439397
upos_only,block_pair,ATHENAEUS,HOMERIC_TRADITION,1,ADP,0.0012633416960851447
upos_only,block_pair,ATHENAEUS,HOMERIC_TRADITION,2,ADV_PART,0.008943736768294078
upos_only,block_pair,ATHENAEUS,HOMERIC_TRADITION,3,AUX,0.0011012860025649174
upos_only,block_pair,ATHENAEUS,HOMERIC_TRADITION,4,CCONJ,0.00013899570466524612
upos_only,block_pair,ATHENAEUS,HOMERIC_TRADITION,5,DET,0.05342961817087548
upos_only,block_pair,ATHENAEUS,HOMERIC_TRADITION,6,NOUN,3.864373581255356e-06
upos_only,block_pair,ATHENAEUS,HOMERIC_TRADITION,7,NUM,0.00010895005371081465
upos_only,block_pair,ATHENAEUS,HOMERIC_TRADITION,8,PRON,0.0005318303212853339
upos_only,block_pair,ATHENAEUS,HOMERIC_TRADITION,9,SCONJ,0.0006779118994089638
upos_only,block_pair,ATHENAEUS,HOMERIC_TRADITION,10,VERB,0.0005860808135069989
upos_only,block_pair,ATHENAEUS,PLUTARCH,0,ADJ,3.533047608021505e-05
upos_only,block_pair,ATHENAEUS,PLUTARCH,1,ADP,0.0005745139447687203
upos_only,block_pair,ATHENAEUS,PLUTARCH,2,ADV_PART,4.890124417289551e-05
upos_only,block_pair,ATHENAEUS,PLUTARCH,3,AUX,6.045535673183673e-05
upos_only,block_pair,ATHENAEUS,PLUTARCH,4,CCONJ,0.0018100802316262767
upos_only,block_pair,ATHENAEUS,PLUTARCH,5,DET,0.00019852152039555055
upos_only,block_pair,ATHENAEUS,PLUTARCH,6,NOUN,0.0006837015699846793
upos_only,block_pair,ATHENAEUS,PLUTARCH,7,NUM,0.000353898943812185
upos_only,block_pair,ATHENAEUS,PLUTARCH,8,PRON,0.00023265897573040376
upos_only,block_pair,ATHENAEUS,PLUTARCH,9,SCONJ,8.383107470200286e-05
upos_only,block_pair,ATHENAEUS,PLUTARCH,10,VERB,0.0003826969856507911
upos_only,block_pair,ATHENAEUS,THUCYDIDES,0,ADJ,1.4363160000578417e-05
upos_only,block_pair,ATHENAEUS,THUCYDIDES,1,ADP,2.5493135396114806e-05
upos_only,block_pair,ATHENAEUS,THUCYDIDES,2,ADV_PART,0.0006251491101540701
upos_only,block_pair,ATHENAEUS,THUCYDIDES,3,AUX,1.0158583181568812e-05
upos_only,block_pair,ATHENAEUS,THUCYDIDES,4,CCONJ,0.0012210973082063719
upos_only,block_pair,ATHENAEUS,THUCYDIDES,5,DET,1.559611809328048e-05
upos_only,block_pair,ATHENAEUS,THUCYDIDES,6,NOUN,0.0018466832429312255
upos_only,block_pair,ATHENAEUS,THUCYDIDES,7,NUM,0.00024338905723428903
upos_only,block_pair,ATHENAEUS,THUCYDIDES,8,PRON,0.00030137391802716445
upos_only,block_pair,ATHENAEUS,THUCYDIDES,9,SCONJ,1.1080881005388172e-05
upos_only,block_pair,ATHENAEUS,THUCYDIDES,10,VERB,1.1633921368501936e-05
upos_only,block_pair,DIODORUS,HERODOTUS,0,ADJ,6.103556811432043e-05
upos_only,block_pair,DIODORUS,HERODOTUS,1,ADP,0.0021148572675972494
upos_only,block_pair,DIODORUS,HERODOTUS,2,ADV_PART,0.0018487315759703887
upos_only,block_pair,DIODORUS,HERODOTUS,3,AUX,0.003320889975076237
upos_only,block_pair,DIODORUS,HERODOTUS,4,CCONJ,3.171152805420336e-06
upos_only,block_pair,DIODORUS,HERODOTUS,5,DET,0.004569746864972
upos_only,block_pair,DIODORUS,HERODOTUS,6,NOUN,0.0010709621715760918
upos_only,block_pair,DIODORUS,HERODOTUS,7,NUM,0.0012035609057901883
upos_only,block_pair,DIODORUS,HERODOTUS,8,PRON,0.006838856863718332
upos_only,block_pair,DIODORUS,HERODOTUS,9,SCONJ,0.0014554643817189347
upos_only,block_pair,DIODORUS,HERODOTUS,10,VERB,0.00016995205700300574
upos_only,block_pair,DIODORUS,HESIODIC_TRADITION,0,ADJ,0.007739622823245088
upos_only,block_pair,DIODORUS,HESIODIC_TRADITION,1,ADP,0.0025782070253273087
upos_only,block_pair,DIODORUS,HESIODIC_TRADITION,2,ADV_PART,0.012264395983113765
upos_only,block_pair,DIODORUS,HESIODIC_TRADITION,3,AUX,4.0991796051375955e-06
upos_only,block_pair,DIODORUS,HESIODIC_TRADITION,4,CCONJ,0.0006740948627495967
upos_only,block_pair,DIODORUS,HESIODIC_TRADITION,5,DET,0.079535118779048
upos_only,block_pair,DIODORUS,HESIODIC_TRADITION,6,NOUN,0.0012378620777030482
upos_only,block_pair,DIODORUS,HESIODIC_TRADITION,7,NUM,0.00094409848950547
upos_only,block_pair,DIODORUS,HESIODIC_TRADITION,8,PRON,0.0008093465530734454
upos_only,block_pair,DIODORUS,HESIODIC_TRADITION,9,SCONJ,1.6326531312350933e-05
upos_only,block_pair,DIODORUS,HESIODIC_TRADITION,10,VERB,0.00010091968128094929
upos_only,block_pair,DIODORUS,HOMERIC_TRADITION,0,ADJ,0.0029890720625361748
upos_only,block_pair,DIODORUS,HOMERIC_TRADITION,1,ADP,0.0025932577125347446
upos_only,block_pair,DIODORUS,HOMERIC_TRADITION,2,ADV_PART,0.01634159020747533
upos_only,block_pair,DIODORUS,HOMERIC_TRADITION,3,AUX,4.431347819816068e-05
upos_only,block_pair,DIODORUS,HOMERIC_TRADITION,4,CCONJ,0.001042336911062678
upos_only,block_pair,DIODORUS,HOMERIC_TRADITION,5,DET,0.0804451704359979
upos_only,block_pair,DIODORUS,HOMERIC_TRADITION,6,NOUN,1.8261485229568867e-05
upos_only,block_pair,DIODORUS,HOMERIC_TRADITION,7,NUM,0.000664845379630579
upos_only,block_pair,DIODORUS,HOMERIC_TRADITION,8,PRON,0.0045965116485735275
upos_only,block_pair,DIODORUS,HOMERIC_TRADITION,9,SCONJ,0.0003168560644326568
upos_only,block_pair,DIODORUS,HOMERIC_TRADITION,10,VERB,0.0006064122115331146
upos_only,block_pair,DIODORUS,PLUTARCH,0,ADJ,1.1438090542820753e-05
upos_only,block_pair,DIODORUS,PLUTARCH,1,ADP,0.0015509882020534448
upos_only,block_pair,DIODORUS,PLUTARCH,2,ADV_PART,0.0016564783225736807
upos_only,block_pair,DIODORUS,PLUTARCH,3,AUX,0.0010274752693635214
upos_only,block_pair,DIODORUS,PLUTARCH,4,CCONJ,0.0004877724192437899
upos_only,block_pair,DIODORUS,PLUTARCH,5,DET,0.0021188939057743446
upos_only,block_pair,DIODORUS,PLUTARCH,6,NOUN,0.0008096289096402448
upos_only,block_pair,DIODORUS,PLUTARCH,7,NUM,0.0011002759064707975
upos_only,block_pair,DIODORUS,PLUTARCH,8,PRON,0.0008863256506184041
upos_only,block_pair,DIODORUS,PLUTARCH,9,SCONJ,0.0011942070506364374
upos_only,block_pair,DIODORUS,PLUTARCH,10,VERB,0.0003991624665500666
upos_only,block_pair,DIODORUS,THUCYDIDES,0,ADJ,0.0001719945150406351
upos_only,block_pair,DIODORUS,THUCYDIDES,1,ADP,0.00041995573735748633
upos_only,block_pair,DIODORUS,THUCYDIDES,2,ADV_PART,0.003440826281533048
upos_only,block_pair,DIODORUS,THUCYDIDES,3,AUX,0.0013365186156421701
upos_only,block_pair,DIODORUS,THUCYDIDES,4,CCONJ,0.00020887356193210593
upos_only,block_pair,DIODORUS,THUCYDIDES,5,DET,0.004097121759246092
upos_only,block_pair,DIODORUS,THUCYDIDES,6,NOUN,0.002050025323477575
upos_only,block_pair,DIODORUS,THUCYDIDES,7,NUM,1.8150429789553162e-06
upos_only,block_pair,DIODORUS,THUCYDIDES,8,PRON,0.0038639106835250334
upos_only,block_pair,DIODORUS,THUCYDIDES,9,SCONJ,0.001621888792845813
upos_only,block_pair,DIODORUS,THUCYDIDES,10,VERB,1.4649023956890984e-05
upos_only,block_pair,HERODOTUS,HESIODIC_TRADITION,0,ADJ,0.006439289638332617
upos_only,block_pair,HERODOTUS,HESIODIC_TRADITION,1,ADP,2.3211876261009152e-05
upos_only,block_pair,HERODOTUS,HESIODIC_TRADITION,2,ADV_PART,0.00464003736343821
upos_only,block_pair,HERODOTUS,HESIODIC_TRADITION,3,AUX,0.003103813100978622
upos_only,block_pair,HERODOTUS,HESIODIC_TRADITION,4,CCONJ,0.00058502265119412
upos_only,block_pair,HERODOTUS,HESIODIC_TRADITION,5,DET,0.049615651844108016
upos_only,block_pair,HERODOTUS,HESIODIC_TRADITION,6,NOUN,0.004604187768664513
upos_only,block_pair,HERODOTUS,HESIODIC_TRADITION,7,NUM,2.1427717397513787e-05
upos_only,block_pair,HERODOTUS,HESIODIC_TRADITION,8,PRON,0.0029861454005500124
upos_only,block_pair,HERODOTUS,HESIODIC_TRADITION,9,SCONJ,0.0011699652589406222
upos_only,block_pair,HERODOTUS,HESIODIC_TRADITION,10,VERB,0.0005326684820044347
upos_only,block_pair,HERODOTUS,HOMERIC_TRADITION,0,ADJ,0.002198897759413806
upos_only,block_pair,HERODOTUS,HOMERIC_TRADITION,1,ADP,2.466982314087789e-05
upos_only,block_pair,HERODOTUS,HOMERIC_TRADITION,2,ADV_PART,0.007285252471553021
upos_only,block_pair,HERODOTUS,HOMERIC_TRADITION,3,AUX,0.0026306627524292636
upos_only,block_pair,HERODOTUS,HOMERIC_TRADITION,4,CCONJ,0.0009309812539558659
upos_only,block_pair,HERODOTUS,HOMERIC_TRADITION,5,DET,0.050405463007998697
upos_only,block_pair,HERODOTUS,HOMERIC_TRADITION,6,NOUN,0.000809697279700327
upos_only,block_pair,HERODOTUS,HOMERIC_TRADITION,7,NUM,0.00010686062331542647
upos_only,block_pair,HERODOTUS,HOMERIC_TRADITION,8,PRON,0.00022892421888939763
upos_only,block_pair,HERODOTUS,HOMERIC_TRADITION,9,SCONJ,0.0004233655681073487
upos_only,block_pair,HERODOTUS,HOMERIC_TRADITION,10,VERB,0.00013437793088869315
upos_only,block_pair,HERODOTUS,PLUTARCH,0,ADJ,1.963126225619765e-05
upos_only,block_pair,HERODOTUS,PLUTARCH,1,ADP,4.402774018499303e-05
upos_only,block_pair,HERODOTUS,PLUTARCH,2,ADV_PART,5.300883265114444e-06
upos_only,block_pair,HERODOTUS,PLUTARCH,3,AUX,0.0006877876234039986
upos_only,block_pair,HERODOTUS,PLUTARCH,4,CCONJ,0.0005694453784333819
upos_only,block_pair,HERODOTUS,PLUTARCH,5,DET,0.0004685270513123691
upos_only,block_pair,HERODOTUS,PLUTARCH,6,NOUN,1.8272791537505195e-05
upos_only,block_pair,HERODOTUS,PLUTARCH,7,NUM,3.166638687170212e-06
upos_only,block_pair,HERODOTUS,PLUTARCH,8,PRON,0.0028441001622131774
upos_only,block_pair,HERODOTUS,PLUTARCH,9,SCONJ,1.3409923319098133e-05
upos_only,block_pair,HERODOTUS,PLUTARCH,10,VERB,4.822039475261414e-05
upos_only,block_pair,HERODOTUS,THUCYDIDES,0,ADJ,2.812309027563388e-05
upos_only,block_pair,HERODOTUS,THUCYDIDES,1,ADP,0.0006529185885336295
upos_only,block_pair,HERODOTUS,THUCYDIDES,2,ADV_PART,0.0002468733318847392
upos_only,block_pair,HERODOTUS,THUCYDIDES,3,AUX,0.0004693373836680576
upos_only,block_pair,HERODOTUS,THUCYDIDES,4,CCONJ,0.0002634689620853001
upos_only,block_pair,HERODOTUS,THUCYDIDES,5,DET,1.3029678526791733e-05
upos_only,block_pair,HERODOTUS,THUCYDIDES,6,NOUN,0.00015791709045229543
upos_only,block_pair,HERODOTUS,THUCYDIDES,7,NUM,0.0011520739796223854
upos_only,block_pair,HERODOTUS,THUCYDIDES,8,PRON,0.00043402554442506514
upos_only,block_pair,HERODOTUS,THUCYDIDES,9,SCONJ,4.698338253701065e-06
upos_only,block_pair,HERODOTUS,THUCYDIDES,10,VERB,8.481639823906947e-05
upos_only,block_pair,HESIODIC_TRADITION,HOMERIC_TRADITION,0,ADJ,0.0011235904386845356
upos_only,block_pair,HESIODIC_TRADITION,HOMERIC_TRADITION,1,ADP,2.2204886889911994e-08
upos_only,block_pair,HESIODIC_TRADITION,HOMERIC_TRADITION,2,ADV_PART,0.0003001918844708169
upos_only,block_pair,HESIODIC_TRADITION,HOMERIC_TRADITION,3,AUX,2.1472732146916255e-05
upos_only,block_pair,HESIODIC_TRADITION,HOMERIC_TRADITION,4,CCONJ,4.028473296096972e-05
upos_only,block_pair,HESIODIC_TRADITION,HOMERIC_TRADITION,5,DET,6.595938485181414e-06
upos_only,block_pair,HESIODIC_TRADITION,HOMERIC_TRADITION,6,NOUN,0.0015565106629171557
upos_only,block_pair,HESIODIC_TRADITION,HOMERIC_TRADITION,7,NUM,3.2848273664751106e-05
upos_only,block_pair,HESIODIC_TRADITION,HOMERIC_TRADITION,8,PRON,0.0015679459352186632
upos_only,block_pair,HESIODIC_TRADITION,HOMERIC_TRADITION,9,SCONJ,0.00018991983334629993
upos_only,block_pair,HESIODIC_TRADITION,HOMERIC_TRADITION,10,VERB,0.0012015546493717912
upos_only,block_pair,HESIODIC_TRADITION,PLUTARCH,0,ADJ,0.0071624381006990916
upos_only,block_pair,HESIODIC_TRADITION,PLUTARCH,1,ADP,0.00013115117571507566
upos_only,block_pair,HESIODIC_TRADITION,PLUTARCH,2,ADV_PART,0.004957362358775544
upos_only,block_pair,HESIODIC_TRADITION,PLUTARCH,3,AUX,0.0009042465307155592
upos_only,block_pair,HESIODIC_TRADITION,PLUTARCH,4,CCONJ,0.0022986248891956797
upos_only,block_pair,HESIODIC_TRADITION,PLUTARCH,5,DET,0.05845793948378632
upos_only,block_pair,HESIODIC_TRADITION,PLUTARCH,6,NOUN,0.004044069392470526
upos_only,block_pair,HESIODIC_TRADITION,PLUTARCH,7,NUM,8.12942236860304e-06
upos_only,block_pair,HESIODIC_TRADITION,PLUTARCH,8,PRON,1.7593519397757652e-06
upos_only,block_pair,HESIODIC_TRADITION,PLUTARCH,9,SCONJ,0.0009361095858481491
upos_only,block_pair,HESIODIC_TRADITION,PLUTARCH,10,VERB,0.0009011615870456319
upos_only,block_pair,HESIODIC_TRADITION,THUCYDIDES,0,ADJ,0.005623268843223974
upos_only,block_pair,HESIODIC_TRADITION,THUCYDIDES,1,ADP,0.0009217125983311735
upos_only,block_pair,HESIODIC_TRADITION,THUCYDIDES,2,ADV_PART,0.0027523495618462963
upos_only,block_pair,HESIODIC_TRADITION,THUCYDIDES,3,AUX,0.0011961577280747912
upos_only,block_pair,HESIODIC_TRADITION,THUCYDIDES,4,CCONJ,0.0016286307316239704
upos_only,block_pair,HESIODIC_TRADITION,THUCYDIDES,5,DET,0.05104241428442774
upos_only,block_pair,HESIODIC_TRADITION,THUCYDIDES,6,NOUN,0.0064591984711340825
upos_only,block_pair,HESIODIC_TRADITION,THUCYDIDES,7,NUM,0.0008959131699887746
upos_only,block_pair,HESIODIC_TRADITION,THUCYDIDES,8,PRON,0.001149929865684918
upos_only,block_pair,HESIODIC_TRADITION,THUCYDIDES,9,SCONJ,0.0013203416875598338
upos_only,block_pair,HESIODIC_TRADITION,THUCYDIDES,10,VERB,0.00019245387587051976
upos_only,block_pair,HOMERIC_TRADITION,PLUTARCH,0,ADJ,0.0026323006537508457
upos_only,block_pair,HOMERIC_TRADITION,PLUTARCH,1,ADP,0.00013458502871608073
upos_only,block_pair,HOMERIC_TRADITION,PLUTARCH,2,ADV_PART,0.0076805070102985845
upos_only,block_pair,HOMERIC_TRADITION,PLUTARCH,3,AUX,0.0006506370937121467
upos_only,block_pair,HOMERIC_TRADITION,PLUTARCH,4,CCONJ,0.002939794814070116
upos_only,block_pair,HOMERIC_TRADITION,PLUTARCH,5,DET,0.05928873807274237
upos_only,block_pair,HOMERIC_TRADITION,PLUTARCH,6,NOUN,0.0005848083379123657
upos_only,block_pair,HOMERIC_TRADITION,PLUTARCH,7,NUM,7.345223375055803e-05
upos_only,block_pair,HOMERIC_TRADITION,PLUTARCH,8,PRON,0.0014651162167386234
upos_only,block_pair,HOMERIC_TRADITION,PLUTARCH,9,SCONJ,0.00028662644956275346
upos_only,block_pair,HOMERIC_TRADITION,PLUTARCH,10,VERB,2.160740986546653e-05
upos_only,block_pair,HOMERIC_TRADITION,THUCYDIDES,0,ADJ,0.0017310239434513725
upos_only,block_pair,HOMERIC_TRADITION,THUCYDIDES,1,ADP,0.0009307589392792319
upos_only,block_pair,HOMERIC_TRADITION,THUCYDIDES,2,ADV_PART,0.004862782741006655
upos_only,block_pair,HOMERIC_TRADITION,THUCYDIDES,3,AUX,0.0009026287336275636
upos_only,block_pair,HOMERIC_TRADITION,THUCYDIDES,4,CCONJ,0.0021762396765972244
upos_only,block_pair,HOMERIC_TRADITION,THUCYDIDES,5,DET,0.051839245913986115
upos_only,block_pair,HOMERIC_TRADITION,THUCYDIDES,6,NOUN,0.0016818117493045855
upos_only,block_pair,HOMERIC_TRADITION,THUCYDIDES,7,NUM,0.0006213167904884929
upos_only,block_pair,HOMERIC_TRADITION,THUCYDIDES,8,PRON,3.257125904680778e-05
upos_only,block_pair,HOMERIC_TRADITION,THUCYDIDES,9,SCONJ,0.0005167016262911726
upos_only,block_pair,HOMERIC_TRADITION,THUCYDIDES,10,VERB,0.0004326312183221114
upos_only,block_pair,PLUTARCH,THUCYDIDES,0,ADJ,9.473966256453919e-05
upos_only,block_pair,PLUTARCH,THUCYDIDES,1,ADP,0.0003581771036621096
upos_only,block_pair,PLUTARCH,THUCYDIDES,2,ADV_PART,0.0003244971276929248
upos_only,block_pair,PLUTARCH,THUCYDIDES,3,AUX,2.106280776747511e-05
upos_only,block_pair,PLUTARCH,THUCYDIDES,4,CCONJ,5.8387789685386765e-05
upos_only,block_pair,PLUTARCH,THUCYDIDES,5,DET,0.00032535739074484715
upos_only,block_pair,PLUTARCH,THUCYDIDES,6,NOUN,0.00028359964886578385
upos_only,block_pair,PLUTARCH,THUCYDIDES,7,NUM,0.0010500156532366209
upos_only,block_pair,PLUTARCH,THUCYDIDES,8,PRON,0.0010620186786197824
upos_only,block_pair,PLUTARCH,THUCYDIDES,9,SCONJ,3.397741352824987e-05
upos_only,block_pair,PLUTARCH,THUCYDIDES,10,VERB,0.0002609116995500151
upos_only,group_centroid,HEX,PROSE_ALL,0,ADJ,0.004232003495513809
upos_only,group_centroid,HEX,PROSE_ALL,1,ADP,0.0007432144689367001
upos_only,group_centroid,HEX,PROSE_ALL,2,ADV_PART,0.007050708283510933
upos_only,group_centroid,HEX,PROSE_ALL,3,AUX,0.0009486542881137297
upos_only,group_centroid,HEX,PROSE_ALL,4,CCONJ,0.0010568763600160742
upos_only,group_centroid,HEX,PROSE_ALL,5,DET,0.0586251321307386
upos_only,group_centroid,HEX,PROSE_ALL,6,NOUN,0.0013883406166648633
upos_only,group_centroid,HEX,PROSE_ALL,7,NUM,5.047385938804078e-05
upos_only,group_centroid,HEX,PROSE_ALL,8,PRON,1.0188930517259116e-05
upos_only,group_centroid,HEX,PROSE_ALL,9,SCONJ,0.0004644312613870396
upos_only,group_centroid,HEX,PROSE_ALL,10,VERB,2.6009142959565262e-08
