cell,variant,held_block,held_block_key,seed,arm,depth,m,a_per_symbol,q,ledger_sha256,evaluation_changed_symbol_slot_count,evaluation_total_slot_count,training_changed_symbol_slot_count,training_total_slot_count,delta_root_nats_stop_minus_split,delta_root_reason,fingerprint,log_evidence,nodes,root_observed_symbol_count,root_stop,root_unseen_symbol_count,training_streams,training_tokens,node_count_by_structural_depth,support_histogram_1_2to4_5to9_10plus_by_depth,fit_seconds,evaluation_seconds,peak_rss
C0,ud23,THUCYDIDES,1a32cf6857284fff7c7f006f8d0cd4ab15a047af7a4bcd5613d1fd50789dd4ee,0,original,8,100,0.5,8884,45c29821b12f0d64a6848c81cfc04759559c9a2b283646ba28863ca313085051,8306,9346,46723,53304,-10474.248757436086,,77eced4fb6ab8c66dd694026f4dc6950630c16fd3050e8ab16ba70ee63a2a997,-159212.3559582883,167316,83,0.0,17,3572,53304,"[1,83,1819,11399,25591,33252,34020,31931,29220]","[{""1"":0,""10plus"":1,""2to4"":0,""5to9"":0},{""1"":9,""10plus"":55,""2to4"":8,""5to9"":11},{""1"":464,""10plus"":639,""2to4"":467,""5to9"":249},{""1"":6290,""10plus"":892,""2to4"":3194,""5to9"":1023},{""1"":19797,""10plus"":343,""2to4"":4651,""5to9"":800},{""1"":30137,""10plus"":55,""2to4"":2799,""5to9"":261},{""1"":32876,""10plus"":4,""2to4"":1090,""5to9"":50},{""1"":31556,""10plus"":2,""2to4"":363,""5to9"":10},{""1"":29070,""10plus"":2,""2to4"":146,""5to9"":2}]",0.5550078329997632,0.2875990768225165,1277710336
C0,ud23,THUCYDIDES,1a32cf6857284fff7c7f006f8d0cd4ab15a047af7a4bcd5613d1fd50789dd4ee,0,shuffled,8,100,0.5,8884,45c29821b12f0d64a6848c81cfc04759559c9a2b283646ba28863ca313085051,8306,9346,46723,53304,4413.447330939729,,6dd7351377748aea81137a255f2e13a0f390a2ee857fd8ec47b2661d5b6136d6,-169686.6047157244,188599,83,1.0,17,3572,53304,"[1,84,2101,15615,34782,38402,35687,32475,29452]","[{""1"":0,""10plus"":1,""2to4"":0,""5to9"":0},{""1"":12,""10plus"":55,""2to4"":6,""5to9"":11},{""1"":548,""10plus"":720,""2to4"":540,""5to9"":293},{""1"":8893,""10plus"":951,""2to4"":4439,""5to9"":1332},{""1"":29718,""10plus"":13,""2to4"":4797,""5to9"":254},{""1"":37716,""10plus"":0,""2to4"":685,""5to9"":1},{""1"":35642,""10plus"":0,""2to4"":45,""5to9"":0},{""1"":32473,""10plus"":0,""2to4"":2,""5to9"":0},{""1"":29452,""10plus"":0,""2to4"":0,""5to9"":0}]",0.9992787080009293,0.2873682998979348,1277710336
C0,ud23,THUCYDIDES,1a32cf6857284fff7c7f006f8d0cd4ab15a047af7a4bcd5613d1fd50789dd4ee,1,original,8,100,0.5,8884,741e5c6e3848b67e91f8dee927d8ed9a4efe1738650f9889ab117bcd317847be,8305,9346,46838,53304,-10462.802238201955,,03ebab7dd5597b5ec88130530f4a93f30eaf7bf0fc592c88c56e0063ae141ffb,-159118.30751358686,167203,78,0.0,22,3581,53304,"[1,79,1844,11418,25631,33267,33953,31876,29134]","[{""1"":0,""10plus"":1,""2to4"":0,""5to9"":0},{""1"":6,""10plus"":54,""2to4"":7,""5to9"":12},{""1"":503,""10plus"":630,""2to4"":454,""5to9"":257},{""1"":6331,""10plus"":894,""2to4"":3194,""5to9"":999},{""1"":19923,""10plus"":329,""2to4"":4575,""5to9"":804},{""1"":30158,""10plus"":61,""2to4"":2809,""5to9"":239},{""1"":32801,""10plus"":5,""2to4"":1094,""5to9"":53},{""1"":31494,""10plus"":2,""2to4"":368,""5to9"":12},{""1"":28966,""10plus"":2,""2to4"":161,""5to9"":5}]",0.5858419169999252,0.2643190578892245,1465311232
C0,ud23,THUCYDIDES,1a32cf6857284fff7c7f006f8d0cd4ab15a047af7a4bcd5613d1fd50789dd4ee,1,shuffled,8,100,0.5,8884,741e5c6e3848b67e91f8dee927d8ed9a4efe1738650f9889ab117bcd317847be,8305,9346,46838,53304,4477.01942205691,,77a485ba813b59bc5a7ee513858c98f00c1adae118b19e531ca3459e79a62fad,-169581.1097517888,188495,78,1.0,22,3581,53304,"[1,79,2093,15589,34781,38415,35660,32455,29422]","[{""1"":0,""10plus"":1,""2to4"":0,""5to9"":0},{""1"":6,""10plus"":56,""2to4"":7,""5to9"":10},{""1"":539,""10plus"":728,""2to4"":531,""5to9"":295},{""1"":8952,""10plus"":963,""2to4"":4365,""5to9"":1309},{""1"":29734,""10plus"":12,""2to4"":4774,""5to9"":261},{""1"":37775,""10plus"":0,""2to4"":638,""5to9"":2},{""1"":35620,""10plus"":0,""2to4"":39,""5to9"":1},{""1"":32450,""10plus"":0,""2to4"":5,""5to9"":0},{""1"":29421,""10plus"":0,""2to4"":1,""5to9"":0}]",0.9872839579984429,0.263264949870063,1465311232
C0,ud23,THUCYDIDES,1a32cf6857284fff7c7f006f8d0cd4ab15a047af7a4bcd5613d1fd50789dd4ee,2,original,8,100,0.5,8884,cb3239f22ee85d443faa0ca1b33cab0dd805b3de15c6de28f361d64d1739afd4,8349,9346,46847,53304,-10584.820986930572,,a43336386557d19e6654708eeccdd81dc20ea5f691b4a622550bce49c1cad32f,-159002.0072346813,167404,85,0.0,15,3579,53304,"[1,84,1821,11416,25658,33325,34025,31910,29164]","[{""1"":0,""10plus"":1,""2to4"":0,""5to9"":0},{""1"":12,""10plus"":56,""2to4"":8,""5to9"":8},{""1"":480,""10plus"":636,""2to4"":448,""5to9"":257},{""1"":6230,""10plus"":886,""2to4"":3261,""5to9"":1039},{""1"":19890,""10plus"":335,""2to4"":4626,""5to9"":807},{""1"":30246,""10plus"":65,""2to4"":2786,""5to9"":228},{""1"":32904,""10plus"":5,""2to4"":1071,""5to9"":45},{""1"":31543,""10plus"":2,""2to4"":358,""5to9"":7},{""1"":29035,""10plus"":2,""2to4"":125,""5to9"":2}]",0.5903378750008414,0.27160269993692054,1465311232
C0,ud23,THUCYDIDES,1a32cf6857284fff7c7f006f8d0cd4ab15a047af7a4bcd5613d1fd50789dd4ee,2,shuffled,8,100,0.5,8884,cb3239f22ee85d443faa0ca1b33cab0dd805b3de15c6de28f361d64d1739afd4,8349,9346,46847,53304,4304.918000407051,,8cb8fd4bf12d6f15198102f4610e01efd570ef0547c41a96b2ed52925de1de52,-169586.82822161188,188252,85,1.0,15,3579,53304,"[1,86,2086,15458,34734,38427,35656,32426,29378]","[{""1"":0,""10plus"":1,""2to4"":0,""5to9"":0},{""1"":14,""10plus"":57,""2to4"":7,""5to9"":8},{""1"":549,""10plus"":715,""2to4"":524,""5to9"":298},{""1"":8723,""10plus"":924,""2to4"":4465,""5to9"":1346},{""1"":29676,""10plus"":16,""2to4"":4771,""5to9"":271},{""1"":37786,""10plus"":0,""2to4"":639,""5to9"":2},{""1"":35616,""10plus"":0,""2to4"":40,""5to9"":0},{""1"":32424,""10plus"":0,""2to4"":2,""5to9"":0},{""1"":29378,""10plus"":0,""2to4"":0,""5to9"":0}]",1.0018684169990593,0.2717138451007486,1465311232
C0,ud23,THUCYDIDES,1a32cf6857284fff7c7f006f8d0cd4ab15a047af7a4bcd5613d1fd50789dd4ee,3,original,8,100,0.5,8884,66f64480f0ed356a61be53f3835489fe7124afca90570dc8bdae4a4b67a33b38,8357,9346,46947,53304,-10535.30026696669,,d29cb38404d0c5fad6528532557e8bb149c0cb14cd68a526b5acdd28ca32f4d2,-159041.91275462302,167309,85,0.0,15,3583,53304,"[1,85,1846,11371,25756,33335,33995,31833,29087]","[{""1"":0,""10plus"":1,""2to4"":0,""5to9"":0},{""1"":12,""10plus"":57,""2to4"":7,""5to9"":9},{""1"":512,""10plus"":626,""2to4"":447,""5to9"":261},{""1"":6205,""10plus"":893,""2to4"":3255,""5to9"":1018},{""1"":20052,""10plus"":325,""2to4"":4544,""5to9"":835},{""1"":30284,""10plus"":61,""2to4"":2741,""5to9"":249},{""1"":32910,""10plus"":5,""2to4"":1033,""5to9"":47},{""1"":31468,""10plus"":2,""2to4"":356,""5to9"":7},{""1"":28953,""10plus"":2,""2to4"":130,""5to9"":2}]",0.5714881249987229,0.272252866972849,1465311232
C0,ud23,THUCYDIDES,1a32cf6857284fff7c7f006f8d0cd4ab15a047af7a4bcd5613d1fd50789dd4ee,3,shuffled,8,100,0.5,8884,66f64480f0ed356a61be53f3835489fe7124afca90570dc8bdae4a4b67a33b38,8357,9346,46947,53304,4453.248866327631,,cac6620a234d9af4a26c926fd55fe66e6fc7a76b3f25cc9b298035384c181b4c,-169577.2130215897,188034,85,1.0,15,3583,53304,"[1,85,2091,15438,34735,38385,35593,32379,29327]","[{""1"":0,""10plus"":1,""2to4"":0,""5to9"":0},{""1"":12,""10plus"":57,""2to4"":7,""5to9"":9},{""1"":566,""10plus"":724,""2to4"":509,""5to9"":292},{""1"":8706,""10plus"":949,""2to4"":4439,""5to9"":1344},{""1"":29646,""10plus"":14,""2to4"":4795,""5to9"":280},{""1"":37731,""10plus"":0,""2to4"":652,""5to9"":2},{""1"":35530,""10plus"":0,""2to4"":63,""5to9"":0},{""1"":32371,""10plus"":0,""2to4"":8,""5to9"":0},{""1"":29326,""10plus"":0,""2to4"":1,""5to9"":0}]",0.9877207920035289,0.27101778393625864,1465311232
C0,ud23,THUCYDIDES,1a32cf6857284fff7c7f006f8d0cd4ab15a047af7a4bcd5613d1fd50789dd4ee,4,original,8,100,0.5,8884,c64af18b135f5e0cccba3d3f87727388ab863c5f9ff37252172e1422b3a7031a,8321,9346,46719,53304,-10424.175467546913,,ee35300596bcc4033b9b60df00a551e9bbb1eb220e7f0464b8234b1425c90796,-159173.88442483844,167218,83,0.0,17,3589,53304,"[1,83,1832,11447,25615,33345,33993,31851,29051]","[{""1"":0,""10plus"":1,""2to4"":0,""5to9"":0},{""1"":9,""10plus"":56,""2to4"":9,""5to9"":9},{""1"":486,""10plus"":631,""2to4"":450,""5to9"":265},{""1"":6332,""10plus"":902,""2to4"":3213,""5to9"":1000},{""1"":19782,""10plus"":357,""2to4"":4677,""5to9"":799},{""1"":30275,""10plus"":59,""2to4"":2760,""5to9"":251},{""1"":32896,""10plus"":3,""2to4"":1053,""5to9"":41},{""1"":31507,""10plus"":2,""2to4"":335,""5to9"":7},{""1"":28901,""10plus"":2,""2to4"":146,""5to9"":2}]",0.585502166999504,0.2699435370705032,1465311232
C0,ud23,THUCYDIDES,1a32cf6857284fff7c7f006f8d0cd4ab15a047af7a4bcd5613d1fd50789dd4ee,4,shuffled,8,100,0.5,8884,c64af18b135f5e0cccba3d3f87727388ab863c5f9ff37252172e1422b3a7031a,8321,9346,46719,53304,4386.19907480813,,bb4127a9aeada90734ac9eb0d1f90d6ee39d73827c5c931997d26aed3ae4476d,-169598.05989238535,187903,83,1.0,17,3589,53304,"[1,84,2083,15473,34642,38388,35584,32350,29298]","[{""1"":0,""10plus"":1,""2to4"":0,""5to9"":0},{""1"":11,""10plus"":56,""2to4"":8,""5to9"":9},{""1"":560,""10plus"":717,""2to4"":494,""5to9"":312},{""1"":8744,""10plus"":926,""2to4"":4452,""5to9"":1351},{""1"":29529,""10plus"":11,""2to4"":4821,""5to9"":281},{""1"":37760,""10plus"":0,""2to4"":628,""5to9"":0},{""1"":35549,""10plus"":0,""2to4"":35,""5to9"":0},{""1"":32346,""10plus"":0,""2to4"":4,""5to9"":0},{""1"":29297,""10plus"":0,""2to4"":1,""5to9"":0}]",0.9837505420000525,0.26994065602411865,1465311232
C0,ud23,THUCYDIDES,1a32cf6857284fff7c7f006f8d0cd4ab15a047af7a4bcd5613d1fd50789dd4ee,5,original,8,100,0.5,8884,ac07dc3dc973462176638056eb37747b8719516a1f816d1109a9e591d5c295c4,8259,9346,46867,53304,-10416.228334884334,,2c1bc16329765836d23dbe3171c23c0ead31f25c522ebe90f2f54665058ff3f5,-159385.61326203015,167581,86,0.0,14,3593,53304,"[1,86,1834,11497,25741,33392,34029,31888,29113]","[{""1"":0,""10plus"":1,""2to4"":0,""5to9"":0},{""1"":14,""10plus"":56,""2to4"":8,""5to9"":8},{""1"":487,""10plus"":638,""2to4"":449,""5to9"":260},{""1"":6386,""10plus"":878,""2to4"":3181,""5to9"":1052},{""1"":20042,""10plus"":339,""2to4"":4552,""5to9"":808},{""1"":30365,""10plus"":55,""2to4"":2734,""5to9"":238},{""1"":32958,""10plus"":4,""2to4"":1022,""5to9"":45},{""1"":31558,""10plus"":2,""2to4"":322,""5to9"":6},{""1"":28988,""10plus"":2,""2to4"":121,""5to9"":2}]",0.5946308339989628,0.2732785361040442,1465311232
C0,ud23,THUCYDIDES,1a32cf6857284fff7c7f006f8d0cd4ab15a047af7a4bcd5613d1fd50789dd4ee,5,shuffled,8,100,0.5,8884,ac07dc3dc973462176638056eb37747b8719516a1f816d1109a9e591d5c295c4,8259,9346,46867,53304,4365.79313809122,,c0b706519a17a46e02e979950ed5f6a025a15b6e16a20aae10a7ce83fa0d4681,-169801.84159691448,188271,86,1.0,14,3593,53304,"[1,86,2103,15669,34776,38326,35600,32376,29334]","[{""1"":0,""10plus"":1,""2to4"":0,""5to9"":0},{""1"":15,""10plus"":56,""2to4"":7,""5to9"":8},{""1"":541,""10plus"":719,""2to4"":525,""5to9"":318},{""1"":9021,""10plus"":924,""2to4"":4411,""5to9"":1313},{""1"":29890,""10plus"":10,""2to4"":4573,""5to9"":303},{""1"":37640,""10plus"":0,""2to4"":684,""5to9"":2},{""1"":35558,""10plus"":0,""2to4"":42,""5to9"":0},{""1"":32373,""10plus"":0,""2to4"":3,""5to9"":0},{""1"":29334,""10plus"":0,""2to4"":0,""5to9"":0}]",0.9938142500031972,0.2724318019390921,1465311232
C0,ud23,THUCYDIDES,1a32cf6857284fff7c7f006f8d0cd4ab15a047af7a4bcd5613d1fd50789dd4ee,6,original,8,100,0.5,8884,25931fb4a3b0372b5c1403eb16e0564b1ddeb57ba80599ad09fa69533ce05461,8319,9346,46936,53304,-10367.788551592035,,bf6448d9212a769c4b2ab6b07e66eebd187086bef16691e0c4c7fa97c06c7267,-159335.7812432534,166774,82,0.0,18,3602,53304,"[1,83,1845,11458,25621,33273,33891,31692,28910]","[{""1"":0,""10plus"":1,""2to4"":0,""5to9"":0},{""1"":8,""10plus"":56,""2to4"":9,""5to9"":10},{""1"":501,""10plus"":635,""2to4"":443,""5to9"":266},{""1"":6362,""10plus"":902,""2to4"":3162,""5to9"":1032},{""1"":19833,""10plus"":323,""2to4"":4628,""5to9"":837},{""1"":30214,""10plus"":67,""2to4"":2751,""5to9"":241},{""1"":32791,""10plus"":5,""2to4"":1048,""5to9"":47},{""1"":31302,""10plus"":2,""2to4"":383,""5to9"":5},{""1"":28724,""10plus"":2,""2to4"":182,""5to9"":2}]",0.5966818750021048,0.26941575189266587,1465311232
C0,ud23,THUCYDIDES,1a32cf6857284fff7c7f006f8d0cd4ab15a047af7a4bcd5613d1fd50789dd4ee,6,shuffled,8,100,0.5,8884,25931fb4a3b0372b5c1403eb16e0564b1ddeb57ba80599ad09fa69533ce05461,8319,9346,46936,53304,4327.423745092296,,3a8eb1564ac04e0ef77fa85d588746cd2627c58f690333d8074d2fdc655db80e,-169703.56979484545,187806,82,1.0,18,3602,53304,"[1,83,2094,15490,34790,38326,35531,32279,29212]","[{""1"":0,""10plus"":1,""2to4"":0,""5to9"":0},{""1"":8,""10plus"":56,""2to4"":10,""5to9"":9},{""1"":559,""10plus"":725,""2to4"":514,""5to9"":296},{""1"":8696,""10plus"":946,""2to4"":4509,""5to9"":1339},{""1"":29708,""10plus"":9,""2to4"":4808,""5to9"":265},{""1"":37680,""10plus"":0,""2to4"":646,""5to9"":0},{""1"":35489,""10plus"":0,""2to4"":42,""5to9"":0},{""1"":32275,""10plus"":0,""2to4"":4,""5to9"":0},{""1"":29212,""10plus"":0,""2to4"":0,""5to9"":0}]",0.8350633750014822,0.26899663894437253,1465311232
C0,ud23,THUCYDIDES,1a32cf6857284fff7c7f006f8d0cd4ab15a047af7a4bcd5613d1fd50789dd4ee,7,original,8,100,0.5,8884,81e9510b0da15c65580cc80a4abfb41e2546c0fb7ccfb35ec04b0542b92a304a,8339,9346,46920,53304,-10694.961563389137,,2069a5a61369c774343fb9819f72557184190609307b32d635557fa716f5f40e,-159075.8121684774,167298,84,0.0,16,3578,53304,"[1,84,1817,11400,25627,33348,34032,31886,29103]","[{""1"":0,""10plus"":1,""2to4"":0,""5to9"":0},{""1"":5,""10plus"":57,""2to4"":14,""5to9"":8},{""1"":472,""10plus"":630,""2to4"":445,""5to9"":270},{""1"":6249,""10plus"":896,""2to4"":3192,""5to9"":1063},{""1"":19815,""10plus"":337,""2to4"":4653,""5to9"":822},{""1"":30260,""10plus"":54,""2to4"":2784,""5to9"":250},{""1"":32931,""10plus"":3,""2to4"":1058,""5to9"":40},{""1"":31553,""10plus"":2,""2to4"":324,""5to9"":7},{""1"":28971,""10plus"":2,""2to4"":127,""5to9"":3}]",0.6143512909984565,0.27048161216953304,1465311232
C0,ud23,THUCYDIDES,1a32cf6857284fff7c7f006f8d0cd4ab15a047af7a4bcd5613d1fd50789dd4ee,7,shuffled,8,100,0.5,8884,81e9510b0da15c65580cc80a4abfb41e2546c0fb7ccfb35ec04b0542b92a304a,8339,9346,46920,53304,4424.709379238542,,f9f04ef8111470f442a60487a2de8956b2b0d824b34069dc51091cbcd856a9cd,-169770.77373186653,188477,84,1.0,16,3578,53304,"[1,83,2097,15724,34860,38375,35611,32390,29336]","[{""1"":0,""10plus"":1,""2to4"":0,""5to9"":0},{""1"":5,""10plus"":57,""2to4"":13,""5to9"":8},{""1"":539,""10plus"":726,""2to4"":534,""5to9"":298},{""1"":8969,""10plus"":911,""2to4"":4433,""5to9"":1411},{""1"":29845,""10plus"":14,""2to4"":4729,""5to9"":272},{""1"":37709,""10plus"":0,""2to4"":665,""5to9"":1},{""1"":35562,""10plus"":0,""2to4"":49,""5to9"":0},{""1"":32386,""10plus"":0,""2to4"":4,""5to9"":0},{""1"":29336,""10plus"":0,""2to4"":0,""5to9"":0}]",0.826674500000081,0.2717453150107758,1465311232
C0,ud23,THUCYDIDES,1a32cf6857284fff7c7f006f8d0cd4ab15a047af7a4bcd5613d1fd50789dd4ee,8,original,8,100,0.5,8884,4d3415f49f94bb897df6a34d3196d4cd296bfb2ee0445957e070736a9bb057e2,8268,9346,46728,53304,-10525.87155573431,,0d70580144e98bcec822e3bc56644d1af2cf0855ad7611a4218049a92c3222b4,-159107.34292404258,166515,83,0.0,17,3637,53304,"[1,83,1854,11435,25592,33218,33819,31647,28866]","[{""1"":0,""10plus"":1,""2to4"":0,""5to9"":0},{""1"":13,""10plus"":56,""2to4"":4,""5to9"":10},{""1"":494,""10plus"":629,""2to4"":482,""5to9"":249},{""1"":6305,""10plus"":891,""2to4"":3245,""5to9"":994},{""1"":19789,""10plus"":332,""2to4"":4682,""5to9"":789},{""1"":30117,""10plus"":54,""2to4"":2817,""5to9"":230},{""1"":32711,""10plus"":4,""2to4"":1061,""5to9"":43},{""1"":31285,""10plus"":2,""2to4"":351,""5to9"":9},{""1"":28712,""10plus"":2,""2to4"":150,""5to9"":2}]",0.6238541249986156,0.27047588409186574,1465311232
C0,ud23,THUCYDIDES,1a32cf6857284fff7c7f006f8d0cd4ab15a047af7a4bcd5613d1fd50789dd4ee,8,shuffled,8,100,0.5,8884,4d3415f49f94bb897df6a34d3196d4cd296bfb2ee0445957e070736a9bb057e2,8268,9346,46728,53304,4340.357319445058,,6a5828ad61d54f9220c5fcc03a4e8a8499fa8d099fcb6a9ea252df04e5b17a38,-169633.21447977689,187254,83,1.0,17,3637,53304,"[1,84,2099,15569,34617,38228,35407,32154,29095]","[{""1"":0,""10plus"":1,""2to4"":0,""5to9"":0},{""1"":14,""10plus"":55,""2to4"":4,""5to9"":11},{""1"":564,""10plus"":714,""2to4"":508,""5to9"":313},{""1"":8909,""10plus"":918,""2to4"":4381,""5to9"":1361},{""1"":29544,""10plus"":7,""2to4"":4788,""5to9"":278},{""1"":37606,""10plus"":0,""2to4"":621,""5to9"":1},{""1"":35376,""10plus"":0,""2to4"":31,""5to9"":0},{""1"":32152,""10plus"":0,""2to4"":2,""5to9"":0},{""1"":29095,""10plus"":0,""2to4"":0,""5to9"":0}]",0.827578041000379,0.269620120030595,1465311232
C0,ud23,THUCYDIDES,1a32cf6857284fff7c7f006f8d0cd4ab15a047af7a4bcd5613d1fd50789dd4ee,9,original,8,100,0.5,8884,e2a67c9bf9ccd078786ae1b6ee719fcb86af68340c5bd74f824163cea0597262,8285,9346,46847,53304,-10272.616202275094,,6ada94ff027c374c48c14ad92f8877474dc4b6dca7131dee3bbef26e376f934a,-159488.46122033425,166956,84,0.0,16,3604,53304,"[1,85,1838,11504,25691,33296,33877,31714,28950]","[{""1"":0,""10plus"":1,""2to4"":0,""5to9"":0},{""1"":11,""10plus"":56,""2to4"":10,""5to9"":8},{""1"":465,""10plus"":639,""2to4"":485,""5to9"":249},{""1"":6346,""10plus"":905,""2to4"":3265,""5to9"":988},{""1"":19938,""10plus"":355,""2to4"":4632,""5to9"":766},{""1"":30243,""10plus"":52,""2to4"":2749,""5to9"":252},{""1"":32741,""10plus"":4,""2to4"":1085,""5to9"":47},{""1"":31310,""10plus"":3,""2to4"":396,""5to9"":5},{""1"":28773,""10plus"":2,""2to4"":172,""5to9"":3}]",0.6056170830015617,0.27109982907859376,1465311232
C0,ud23,THUCYDIDES,1a32cf6857284fff7c7f006f8d0cd4ab15a047af7a4bcd5613d1fd50789dd4ee,9,shuffled,8,100,0.5,8884,e2a67c9bf9ccd078786ae1b6ee719fcb86af68340c5bd74f824163cea0597262,8285,9346,46847,53304,4463.107106038195,,3b662cdd76d23990ef0a4ba7fadb8be6e4ef0f54decaf0963792eef676994579,-169761.07742260935,188150,84,1.0,16,3604,53304,"[1,85,2063,15692,34910,38351,35534,32287,29227]","[{""1"":0,""10plus"":1,""2to4"":0,""5to9"":0},{""1"":11,""10plus"":56,""2to4"":10,""5to9"":8},{""1"":511,""10plus"":717,""2to4"":516,""5to9"":319},{""1"":8968,""10plus"":941,""2to4"":4468,""5to9"":1315},{""1"":29978,""10plus"":5,""2to4"":4667,""5to9"":260},{""1"":37736,""10plus"":0,""2to4"":614,""5to9"":1},{""1"":35493,""10plus"":0,""2to4"":41,""5to9"":0},{""1"":32282,""10plus"":0,""2to4"":5,""5to9"":0},{""1"":29226,""10plus"":0,""2to4"":1,""5to9"":0}]",0.8277100420018542,0.2707561612369318,1465311232
C0,ud23,THUCYDIDES,1a32cf6857284fff7c7f006f8d0cd4ab15a047af7a4bcd5613d1fd50789dd4ee,10,original,8,100,0.5,8884,d989cbfbc62f05607e2083b3e8c268775f19f6b3ba697ac18c7c49b20424ad24,8297,9346,47039,53304,-10506.733921045321,,79c9987bfb5248f552190463a761179fdda1bbc58f41e057275fb304da1d196b,-159455.64815568292,167649,86,0.0,14,3612,53304,"[1,86,1865,11528,25799,33404,34034,31863,29069]","[{""1"":0,""10plus"":1,""2to4"":0,""5to9"":0},{""1"":11,""10plus"":58,""2to4"":8,""5to9"":9},{""1"":510,""10plus"":627,""2to4"":462,""5to9"":266},{""1"":6366,""10plus"":889,""2to4"":3267,""5to9"":1006},{""1"":20113,""10plus"":339,""2to4"":4560,""5to9"":787},{""1"":30383,""10plus"":57,""2to4"":2728,""5to9"":236},{""1"":32959,""10plus"":2,""2to4"":1027,""5to9"":46},{""1"":31557,""10plus"":2,""2to4"":297,""5to9"":7},{""1"":28965,""10plus"":2,""2to4"":99,""5to9"":3}]",0.6248196250016917,0.27231799297078396,1465311232
C0,ud23,THUCYDIDES,1a32cf6857284fff7c7f006f8d0cd4ab15a047af7a4bcd5613d1fd50789dd4ee,10,shuffled,8,100,0.5,8884,d989cbfbc62f05607e2083b3e8c268775f19f6b3ba697ac18c7c49b20424ad24,8297,9346,47039,53304,4393.73342332794,,75de9d957ab00b5f9fe8080d47cc4135f71d78b8c728d5fdaf3d12af628e93af,-169962.38207672825,188042,86,1.0,14,3612,53304,"[1,86,2121,15619,34865,38311,35519,32289,29231]","[{""1"":0,""10plus"":1,""2to4"":0,""5to9"":0},{""1"":11,""10plus"":58,""2to4"":8,""5to9"":9},{""1"":558,""10plus"":714,""2to4"":541,""5to9"":308},{""1"":8847,""10plus"":916,""2to4"":4466,""5to9"":1390},{""1"":29848,""10plus"":8,""2to4"":4761,""5to9"":248},{""1"":37652,""10plus"":0,""2to4"":658,""5to9"":1},{""1"":35466,""10plus"":0,""2to4"":53,""5to9"":0},{""1"":32286,""10plus"":0,""2to4"":3,""5to9"":0},{""1"":29231,""10plus"":0,""2to4"":0,""5to9"":0}]",0.831139333997271,0.2721013846967253,1465311232
C0,ud23,THUCYDIDES,1a32cf6857284fff7c7f006f8d0cd4ab15a047af7a4bcd5613d1fd50789dd4ee,11,original,8,100,0.5,8884,14ad8f7578549640384237d96d1222f60577ff8223675a6c85c16ab4a78bdc1b,8312,9346,46688,53304,-10530.163423363701,,90a29bc465718d94ee1308a967db55ffa35c9202cd3550e7db9f63b83479674c,-159047.51819284217,166997,83,0.0,17,3591,53304,"[1,84,1804,11438,25631,33247,33916,31805,29071]","[{""1"":0,""10plus"":1,""2to4"":0,""5to9"":0},{""1"":13,""10plus"":56,""2to4"":6,""5to9"":9},{""1"":448,""10plus"":627,""2to4"":461,""5to9"":268},{""1"":6316,""10plus"":876,""2to4"":3208,""5to9"":1038},{""1"":19914,""10plus"":342,""2to4"":4562,""5to9"":813},{""1"":30212,""10plus"":58,""2to4"":2720,""5to9"":257},{""1"":32786,""10plus"":3,""2to4"":1069,""5to9"":58},{""1"":31409,""10plus"":2,""2to4"":382,""5to9"":12},{""1"":28908,""10plus"":2,""2to4"":157,""5to9"":4}]",0.6231890830022166,0.2698636649765831,1465311232
C0,ud23,THUCYDIDES,1a32cf6857284fff7c7f006f8d0cd4ab15a047af7a4bcd5613d1fd50789dd4ee,11,shuffled,8,100,0.5,8884,14ad8f7578549640384237d96d1222f60577ff8223675a6c85c16ab4a78bdc1b,8312,9346,46688,53304,4391.830649688462,,c4453781475a862e9fa935730579776cd544b227610a8a410d2b4b7eef6b1cf5,-169577.68161620587,188072,83,1.0,17,3591,53304,"[1,84,2092,15552,34724,38326,35585,32374,29334]","[{""1"":0,""10plus"":1,""2to4"":0,""5to9"":0},{""1"":13,""10plus"":56,""2to4"":7,""5to9"":8},{""1"":553,""10plus"":715,""2to4"":526,""5to9"":298},{""1"":8851,""10plus"":949,""2to4"":4415,""5to9"":1337},{""1"":29691,""10plus"":8,""2to4"":4741,""5to9"":284},{""1"":37638,""10plus"":0,""2to4"":688,""5to9"":0},{""1"":35532,""10plus"":0,""2to4"":53,""5to9"":0},{""1"":32372,""10plus"":0,""2to4"":2,""5to9"":0},{""1"":29334,""10plus"":0,""2to4"":0,""5to9"":0}]",0.8310974999985774,0.2708166749544034,1465311232
C0,ud23,THUCYDIDES,1a32cf6857284fff7c7f006f8d0cd4ab15a047af7a4bcd5613d1fd50789dd4ee,12,original,8,100,0.5,8884,06dee73bd89b1c6fd0bcb8be96eba2c64e66d8200e4c019a492d18d6cab68cb7,8357,9346,46861,53304,-10607.165183317848,,0527df204ead4066cf81b0a86c27fd42461b134efd8ac4f2eaa42d7b9af1f255,-159040.7798718815,167539,84,0.0,16,3567,53304,"[1,85,1838,11397,25691,33348,34031,31945,29203]","[{""1"":0,""10plus"":1,""2to4"":0,""5to9"":0},{""1"":10,""10plus"":57,""2to4"":10,""5to9"":8},{""1"":501,""10plus"":632,""2to4"":452,""5to9"":253},{""1"":6280,""10plus"":887,""2to4"":3189,""5to9"":1041},{""1"":19932,""10plus"":336,""2to4"":4613,""5to9"":810},{""1"":30210,""10plus"":57,""2to4"":2842,""5to9"":239},{""1"":32887,""10plus"":5,""2to4"":1097,""5to9"":42},{""1"":31584,""10plus"":3,""2to4"":351,""5to9"":7},{""1"":29054,""10plus"":2,""2to4"":143,""5to9"":4}]",0.6075492919990211,0.2702533329211292,1465311232
C0,ud23,THUCYDIDES,1a32cf6857284fff7c7f006f8d0cd4ab15a047af7a4bcd5613d1fd50789dd4ee,12,shuffled,8,100,0.5,8884,06dee73bd89b1c6fd0bcb8be96eba2c64e66d8200e4c019a492d18d6cab68cb7,8357,9346,46861,53304,4288.5798677869025,,aeb651c18756454f52e07909d3d64a432f34686e2595b85c4d30415bb550d9fa,-169647.94505519935,188587,84,1.0,16,3567,53304,"[1,84,2085,15496,34813,38450,35698,32494,29466]","[{""1"":0,""10plus"":1,""2to4"":0,""5to9"":0},{""1"":10,""10plus"":55,""2to4"":10,""5to9"":9},{""1"":535,""10plus"":723,""2to4"":554,""5to9"":273},{""1"":8742,""10plus"":940,""2to4"":4488,""5to9"":1326},{""1"":29727,""10plus"":13,""2to4"":4807,""5to9"":266},{""1"":37793,""10plus"":0,""2to4"":657,""5to9"":0},{""1"":35647,""10plus"":0,""2to4"":51,""5to9"":0},{""1"":32490,""10plus"":0,""2to4"":4,""5to9"":0},{""1"":29466,""10plus"":0,""2to4"":0,""5to9"":0}]",0.8270719169995573,0.46008658688151627,1465311232
C0,ud23,THUCYDIDES,1a32cf6857284fff7c7f006f8d0cd4ab15a047af7a4bcd5613d1fd50789dd4ee,13,original,8,100,0.5,8884,8a32decbff469a2565ffd99267fbea930620d893a2dc4f4332a3ce3eb2a04eef,8265,9346,46811,53304,-10492.68075615418,,47bfe6e90207c3d4d7cc3c55658bc504ecdc8a0097ea5217b54d78e0a80d95b5,-159322.78407655828,167544,83,0.0,17,3604,53304,"[1,83,1838,11485,25796,33437,34025,31832,29047]","[{""1"":0,""10plus"":1,""2to4"":0,""5to9"":0},{""1"":7,""10plus"":57,""2to4"":9,""5to9"":10},{""1"":496,""10plus"":641,""2to4"":455,""5to9"":246},{""1"":6341,""10plus"":886,""2to4"":3234,""5to9"":1024},{""1"":20031,""10plus"":328,""2to4"":4641,""5to9"":796},{""1"":30416,""10plus"":54,""2to4"":2741,""5to9"":226},{""1"":32976,""10plus"":5,""2to4"":1006,""5to9"":38},{""1"":31513,""10plus"":2,""2to4"":311,""5to9"":6},{""1"":28922,""10plus"":2,""2to4"":119,""5to9"":4}]",0.572322832998907,0.27051103297344525,1465311232
C0,ud23,THUCYDIDES,1a32cf6857284fff7c7f006f8d0cd4ab15a047af7a4bcd5613d1fd50789dd4ee,13,shuffled,8,100,0.5,8884,8a32decbff469a2565ffd99267fbea930620d893a2dc4f4332a3ce3eb2a04eef,8265,9346,46811,53304,4407.1528464352305,,38339f8af79f4292d756a3e53cd5982c68d52248d554a75bbb2776d578c7dabf,-169815.46483271246,188107,83,1.0,17,3604,53304,"[1,84,2079,15649,34888,38305,35538,32304,29259]","[{""1"":0,""10plus"":1,""2to4"":0,""5to9"":0},{""1"":8,""10plus"":57,""2to4"":11,""5to9"":8},{""1"":533,""10plus"":727,""2to4"":510,""5to9"":309},{""1"":8856,""10plus"":921,""2to4"":4531,""5to9"":1341},{""1"":29986,""10plus"":11,""2to4"":4622,""5to9"":269},{""1"":37634,""10plus"":0,""2to4"":671,""5to9"":0},{""1"":35498,""10plus"":0,""2to4"":40,""5to9"":0},{""1"":32302,""10plus"":0,""2to4"":2,""5to9"":0},{""1"":29259,""10plus"":0,""2to4"":0,""5to9"":0}]",1.00381783299963,0.2691780090935936,1465311232
C0,ud23,THUCYDIDES,1a32cf6857284fff7c7f006f8d0cd4ab15a047af7a4bcd5613d1fd50789dd4ee,14,original,8,100,0.5,8884,bba8ce95dfdf7d6b16d5e4b0b79ac22168654cfd5dcd43c2dd63b8c77b90351e,8353,9346,46917,53304,-10525.038930216891,,b071b3b1da327459a84b806ee76ee4e292ade0d892f01b22eb0e60706dd3ddc1,-158774.76472682343,165944,84,0.0,16,3631,53304,"[1,84,1815,11253,25449,33132,33784,31614,28812]","[{""1"":0,""10plus"":1,""2to4"":0,""5to9"":0},{""1"":10,""10plus"":55,""2to4"":10,""5to9"":9},{""1"":491,""10plus"":617,""2to4"":449,""5to9"":258},{""1"":6099,""10plus"":899,""2to4"":3257,""5to9"":998},{""1"":19666,""10plus"":343,""2to4"":4640,""5to9"":800},{""1"":30078,""10plus"":58,""2to4"":2758,""5to9"":238},{""1"":32684,""10plus"":3,""2to4"":1054,""5to9"":43},{""1"":31265,""10plus"":2,""2to4"":344,""5to9"":3},{""1"":28688,""10plus"":2,""2to4"":122,""5to9"":0}]",0.5625413750021835,0.269938465069572,1465311232
C0,ud23,THUCYDIDES,1a32cf6857284fff7c7f006f8d0cd4ab15a047af7a4bcd5613d1fd50789dd4ee,14,shuffled,8,100,0.5,8884,bba8ce95dfdf7d6b16d5e4b0b79ac22168654cfd5dcd43c2dd63b8c77b90351e,8353,9346,46917,53304,4396.96689246234,,bda8db7863dbdfdf78f9f348b9bcc459b1a588e0a911b0611f7bfbea6e6b76b2,-169299.80365704032,186826,84,1.0,16,3631,53304,"[1,84,2052,15458,34604,38137,35370,32104,29016]","[{""1"":0,""10plus"":1,""2to4"":0,""5to9"":0},{""1"":12,""10plus"":55,""2to4"":8,""5to9"":9},{""1"":529,""10plus"":700,""2to4"":506,""5to9"":317},{""1"":8748,""10plus"":952,""2to4"":4424,""5to9"":1334},{""1"":29563,""10plus"":9,""2to4"":4756,""5to9"":276},{""1"":37429,""10plus"":0,""2to4"":707,""5to9"":1},{""1"":35323,""10plus"":0,""2to4"":47,""5to9"":0},{""1"":32099,""10plus"":0,""2to4"":5,""5to9"":0},{""1"":29016,""10plus"":0,""2to4"":0,""5to9"":0}]",0.9774334160028957,0.26951735298644053,1465311232
C0,ud23,THUCYDIDES,1a32cf6857284fff7c7f006f8d0cd4ab15a047af7a4bcd5613d1fd50789dd4ee,15,original,8,100,0.5,8884,fd647ea52076a5b95b499e83cb63831d0aee9493ee030fb35cae81967fc07cbb,8318,9346,46969,53304,-10578.446147299343,,25065b88288862ab04e29fb069dc689d285da474215901116162082c556b53d7,-158842.01004252874,167170,83,0.0,17,3566,53304,"[1,83,1806,11397,25599,33166,34001,31926,29191]","[{""1"":0,""10plus"":1,""2to4"":0,""5to9"":0},{""1"":11,""10plus"":54,""2to4"":9,""5to9"":9},{""1"":467,""10plus"":640,""2to4"":452,""5to9"":247},{""1"":6268,""10plus"":883,""2to4"":3213,""5to9"":1033},{""1"":19873,""10plus"":346,""2to4"":4540,""5to9"":840},{""1"":29978,""10plus"":56,""2to4"":2874,""5to9"":258},{""1"":32838,""10plus"":4,""2to4"":1108,""5to9"":51},{""1"":31531,""10plus"":2,""2to4"":381,""5to9"":12},{""1"":29020,""10plus"":2,""2to4"":163,""5to9"":6}]",0.5871831250005926,0.268904122087406,1465311232
C0,ud23,THUCYDIDES,1a32cf6857284fff7c7f006f8d0cd4ab15a047af7a4bcd5613d1fd50789dd4ee,15,shuffled,8,100,0.5,8884,fd647ea52076a5b95b499e83cb63831d0aee9493ee030fb35cae81967fc07cbb,8318,9346,46969,53304,4318.092729716853,,09b39ab58d10bf90257bdce2f26a9d75cc6a179d50b3a0a499fbdf789404d23a,-169420.45618982808,188358,83,1.0,17,3566,53304,"[1,83,2071,15422,34668,38418,35714,32507,29474]","[{""1"":0,""10plus"":1,""2to4"":0,""5to9"":0},{""1"":11,""10plus"":55,""2to4"":8,""5to9"":9},{""1"":555,""10plus"":715,""2to4"":513,""5to9"":288},{""1"":8652,""10plus"":938,""2to4"":4495,""5to9"":1337},{""1"":29620,""10plus"":13,""2to4"":4740,""5to9"":295},{""1"":37729,""10plus"":0,""2to4"":688,""5to9"":1},{""1"":35672,""10plus"":0,""2to4"":42,""5to9"":0},{""1"":32505,""10plus"":0,""2to4"":2,""5to9"":0},{""1"":29474,""10plus"":0,""2to4"":0,""5to9"":0}]",0.9943769999990764,0.2677196219592588,1465311232
C0,ud23,THUCYDIDES,1a32cf6857284fff7c7f006f8d0cd4ab15a047af7a4bcd5613d1fd50789dd4ee,16,original,8,100,0.5,8884,1649b3f12eee3112a3620674d6866eca0000c60ac53ad180486296777164d595,8358,9346,46819,53304,-10571.532651386078,,9e83beff7c935f2c4257e8d8e02145ad244f121bac4f8f3089266229693c7a95,-158882.68435529555,166660,85,0.0,15,3606,53304,"[1,85,1842,11343,25520,33148,33898,31791,29032]","[{""1"":0,""10plus"":1,""2to4"":0,""5to9"":0},{""1"":10,""10plus"":55,""2to4"":10,""5to9"":10},{""1"":496,""10plus"":635,""2to4"":474,""5to9"":237},{""1"":6267,""10plus"":897,""2to4"":3159,""5to9"":1020},{""1"":19750,""10plus"":339,""2to4"":4628,""5to9"":803},{""1"":30053,""10plus"":66,""2to4"":2788,""5to9"":241},{""1"":32795,""10plus"":5,""2to4"":1041,""5to9"":57},{""1"":31453,""10plus"":2,""2to4"":321,""5to9"":15},{""1"":28896,""10plus"":2,""2to4"":127,""5to9"":7}]",0.5909016659970803,0.27065828514969326,1465311232
C0,ud23,THUCYDIDES,1a32cf6857284fff7c7f006f8d0cd4ab15a047af7a4bcd5613d1fd50789dd4ee,16,shuffled,8,100,0.5,8884,1649b3f12eee3112a3620674d6866eca0000c60ac53ad180486296777164d595,8358,9346,46819,53304,4252.375613769429,,6dc2752f3bf650189e4b272b331bd7dd3ce57e3769f7f9d0ea325c09b8288c7f,-169454.21700668163,187703,85,1.0,15,3606,53304,"[1,85,2031,15492,34631,38322,35547,32316,29278]","[{""1"":0,""10plus"":1,""2to4"":0,""5to9"":0},{""1"":10,""10plus"":55,""2to4"":10,""5to9"":10},{""1"":487,""10plus"":717,""2to4"":508,""5to9"":319},{""1"":8765,""10plus"":936,""2to4"":4413,""5to9"":1378},{""1"":29573,""10plus"":10,""2to4"":4763,""5to9"":285},{""1"":37671,""10plus"":0,""2to4"":651,""5to9"":0},{""1"":35502,""10plus"":0,""2to4"":45,""5to9"":0},{""1"":32311,""10plus"":0,""2to4"":5,""5to9"":0},{""1"":29277,""10plus"":0,""2to4"":1,""5to9"":0}]",0.822118333002436,0.2700452579847479,1465311232
C0,ud23,THUCYDIDES,1a32cf6857284fff7c7f006f8d0cd4ab15a047af7a4bcd5613d1fd50789dd4ee,17,original,8,100,0.5,8884,e54b5207dc8d9a707dfa40f33f2d143f65a3e5fcdeab8f06c7f840fbe2bea570,8342,9346,46813,53304,-10578.950630516192,,355f58a92e92d26a1003ca303a72e042180050756c9b82a1dadcbf596759ba11,-158976.323698088,167818,80,0.0,20,3561,53304,"[1,81,1845,11435,25712,33413,34105,31984,29242]","[{""1"":0,""10plus"":1,""2to4"":0,""5to9"":0},{""1"":7,""10plus"":57,""2to4"":8,""5to9"":9},{""1"":511,""10plus"":624,""2to4"":433,""5to9"":277},{""1"":6322,""10plus"":901,""2to4"":3194,""5to9"":1018},{""1"":19935,""10plus"":342,""2to4"":4632,""5to9"":803},{""1"":30371,""10plus"":57,""2to4"":2731,""5to9"":254},{""1"":33005,""10plus"":5,""2to4"":1048,""5to9"":47},{""1"":31617,""10plus"":2,""2to4"":361,""5to9"":4},{""1"":29101,""10plus"":2,""2to4"":139,""5to9"":0}]",0.6116240419978567,0.26701712593785487,1465311232
C0,ud23,THUCYDIDES,1a32cf6857284fff7c7f006f8d0cd4ab15a047af7a4bcd5613d1fd50789dd4ee,17,shuffled,8,100,0.5,8884,e54b5207dc8d9a707dfa40f33f2d143f65a3e5fcdeab8f06c7f840fbe2bea570,8342,9346,46813,53304,4315.776240668492,,397772b17210d333f30c7822322f269004cc29d18996f2b4f881fdc8b693eb14,-169555.2743286042,188884,80,1.0,20,3561,53304,"[1,81,2073,15532,34955,38519,35720,32522,29481]","[{""1"":0,""10plus"":1,""2to4"":0,""5to9"":0},{""1"":9,""10plus"":56,""2to4"":7,""5to9"":9},{""1"":537,""10plus"":720,""2to4"":512,""5to9"":304},{""1"":8821,""10plus"":943,""2to4"":4427,""5to9"":1341},{""1"":29931,""10plus"":11,""2to4"":4763,""5to9"":250},{""1"":37900,""10plus"":0,""2to4"":618,""5to9"":1},{""1"":35664,""10plus"":0,""2to4"":56,""5to9"":0},{""1"":32516,""10plus"":0,""2to4"":6,""5to9"":0},{""1"":29480,""10plus"":0,""2to4"":1,""5to9"":0}]",0.8337625410022156,0.2657616619944747,1465311232
C0,ud23,THUCYDIDES,1a32cf6857284fff7c7f006f8d0cd4ab15a047af7a4bcd5613d1fd50789dd4ee,18,original,8,100,0.5,8884,b1f6f9d30789f68f8174e6d4fffade00ccbbbe2689ea7d453a18bfc42554010d,8312,9346,46866,53304,-10348.800361860805,,c532e443ad4b6fcf9f011d9eb6c30feaafdc1ce459c12b97b5d670a499124625,-159222.35701202194,166743,84,0.0,16,3595,53304,"[1,84,1838,11436,25571,33210,33862,31748,28993]","[{""1"":0,""10plus"":1,""2to4"":0,""5to9"":0},{""1"":9,""10plus"":56,""2to4"":11,""5to9"":8},{""1"":487,""10plus"":637,""2to4"":464,""5to9"":250},{""1"":6298,""10plus"":893,""2to4"":3225,""5to9"":1020},{""1"":19778,""10plus"":333,""2to4"":4621,""5to9"":839},{""1"":30105,""10plus"":59,""2to4"":2798,""5to9"":248},{""1"":32701,""10plus"":5,""2to4"":1099,""5to9"":57},{""1"":31339,""10plus"":3,""2to4"":397,""5to9"":9},{""1"":28812,""10plus"":2,""2to4"":173,""5to9"":6}]",0.5692617079985212,0.2705900829496386,1465311232
C0,ud23,THUCYDIDES,1a32cf6857284fff7c7f006f8d0cd4ab15a047af7a4bcd5613d1fd50789dd4ee,18,shuffled,8,100,0.5,8884,b1f6f9d30789f68f8174e6d4fffade00ccbbbe2689ea7d453a18bfc42554010d,8312,9346,46866,53304,4311.633531932108,,f03b7bf5dd5f9bf91f555928902558fa7e677fdfc08f5357f6cd5593333d17af,-169571.15737388274,187931,84,1.0,16,3595,53304,"[1,84,2100,15463,34652,38401,35597,32344,29289]","[{""1"":0,""10plus"":1,""2to4"":0,""5to9"":0},{""1"":9,""10plus"":57,""2to4"":12,""5to9"":6},{""1"":563,""10plus"":710,""2to4"":516,""5to9"":311},{""1"":8762,""10plus"":954,""2to4"":4405,""5to9"":1342},{""1"":29534,""10plus"":11,""2to4"":4842,""5to9"":265},{""1"":37776,""10plus"":0,""2to4"":625,""5to9"":0},{""1"":35560,""10plus"":0,""2to4"":37,""5to9"":0},{""1"":32341,""10plus"":0,""2to4"":3,""5to9"":0},{""1"":29289,""10plus"":0,""2to4"":0,""5to9"":0}]",1.0004319170002418,0.269603088934673,1465311232
C0,ud23,THUCYDIDES,1a32cf6857284fff7c7f006f8d0cd4ab15a047af7a4bcd5613d1fd50789dd4ee,19,original,8,100,0.5,8884,81adf20513e48b8d2641e7246669c475278d561810097eca6aa12b83c589bbe2,8348,9346,46844,53304,-10572.651001158694,,a1bf515c73adfb2011d26475c10ba6fead7d5f7f563cd192298f8e40468f2615,-159120.92898274513,167705,81,0.0,19,3565,53304,"[1,81,1839,11464,25700,33376,34049,31975,29220]","[{""1"":0,""10plus"":1,""2to4"":0,""5to9"":0},{""1"":8,""10plus"":56,""2to4"":8,""5to9"":9},{""1"":480,""10plus"":634,""2to4"":469,""5to9"":256},{""1"":6287,""10plus"":867,""2to4"":3259,""5to9"":1051},{""1"":19958,""10plus"":349,""2to4"":4579,""5to9"":814},{""1"":30334,""10plus"":59,""2to4"":2731,""5to9"":252},{""1"":32917,""10plus"":5,""2to4"":1082,""5to9"":45},{""1"":31607,""10plus"":2,""2to4"":359,""5to9"":7},{""1"":29073,""10plus"":2,""2to4"":143,""5to9"":2}]",0.5668823330015584,0.26795568608213216,1465311232
C0,ud23,THUCYDIDES,1a32cf6857284fff7c7f006f8d0cd4ab15a047af7a4bcd5613d1fd50789dd4ee,19,shuffled,8,100,0.5,8884,81adf20513e48b8d2641e7246669c475278d561810097eca6aa12b83c589bbe2,8348,9346,46844,53304,4408.465143207344,,aebc9ffb06ebc0b6490b9c8c004052af11cd94f8b50515ca4c546f17832b859e,-169693.57998390382,188682,81,1.0,19,3565,53304,"[1,81,2069,15556,34774,38498,35727,32514,29462]","[{""1"":0,""10plus"":1,""2to4"":0,""5to9"":0},{""1"":9,""10plus"":55,""2to4"":7,""5to9"":10},{""1"":533,""10plus"":721,""2to4"":508,""5to9"":307},{""1"":8809,""10plus"":945,""2to4"":4469,""5to9"":1333},{""1"":29681,""10plus"":12,""2to4"":4820,""5to9"":261},{""1"":37865,""10plus"":0,""2to4"":633,""5to9"":0},{""1"":35689,""10plus"":0,""2to4"":38,""5to9"":0},{""1"":32512,""10plus"":0,""2to4"":2,""5to9"":0},{""1"":29462,""10plus"":0,""2to4"":0,""5to9"":0}]",0.9871664999991481,0.26751130706543336,1465311232
C0,ud23,HOMERIC_TRADITION,209ee9f27c82f31d31eb16124569039d7847ed327f3a0f2b5c4eae048347e621,0,original,8,100,0.5,8884,b1d09ad33871c6a0281a8f50a8d9c0c08c558af6564ae64edcf6d34184ffd5a2,61346,71088,47083,53304,-11315.194088801509,,8d196ddeb58fa2aecf7f2429479b405e77059c849f18147ec2ad6604af52b0be,-157878.74995183825,171304,82,0.0,18,3333,53304,"[1,82,1857,11321,25670,33779,34940,33123,30531]","[{""1"":0,""10plus"":1,""2to4"":0,""5to9"":0},{""1"":8,""10plus"":57,""2to4"":7,""5to9"":10},{""1"":510,""10plus"":621,""2to4"":453,""5to9"":273},{""1"":6176,""10plus"":886,""2to4"":3258,""5to9"":1001},{""1"":19832,""10plus"":350,""2to4"":4666,""5to9"":822},{""1"":30573,""10plus"":75,""2to4"":2865,""5to9"":266},{""1"":33746,""10plus"":9,""2to4"":1126,""5to9"":59},{""1"":32723,""10plus"":2,""2to4"":384,""5to9"":14},{""1"":30368,""10plus"":2,""2to4"":157,""5to9"":4}]",0.6296804169996904,1.7261429179816332,1277710336
C0,ud23,HOMERIC_TRADITION,209ee9f27c82f31d31eb16124569039d7847ed327f3a0f2b5c4eae048347e621,0,shuffled,8,100,0.5,8884,b1d09ad33871c6a0281a8f50a8d9c0c08c558af6564ae64edcf6d34184ffd5a2,61346,71088,47083,53304,4542.699079438928,,0d2718075562b5dc7ffb1ddc0ea4e7b6fb62ccb0a104600326c468e4810c4801,-169193.94404063976,193401,82,1.0,18,3333,53304,"[1,83,2095,15600,34994,39249,36800,33759,30820]","[{""1"":0,""10plus"":1,""2to4"":0,""5to9"":0},{""1"":10,""10plus"":57,""2to4"":6,""5to9"":10},{""1"":528,""10plus"":727,""2to4"":537,""5to9"":303},{""1"":8804,""10plus"":923,""2to4"":4561,""5to9"":1312},{""1"":29832,""10plus"":20,""2to4"":4825,""5to9"":317},{""1"":38501,""10plus"":0,""2to4"":747,""5to9"":1},{""1"":36750,""10plus"":0,""2to4"":50,""5to9"":0},{""1"":33758,""10plus"":0,""2to4"":1,""5to9"":0},{""1"":30820,""10plus"":0,""2to4"":0,""5to9"":0}]",0.8805361249997077,1.9732824079874263,1277710336
C0,ud23,HOMERIC_TRADITION,209ee9f27c82f31d31eb16124569039d7847ed327f3a0f2b5c4eae048347e621,1,original,8,100,0.5,8884,98712fe7b861cb92f4e40de09a0d8b04a5e9bf334cb2445c393bec94f405bd14,61627,71088,46969,53304,-11230.043274963304,,a2f07adaa9274c4b1da3ea1da5c0c21835b5115fc4bea992aa05064f4d795927,-158048.67208785197,172389,83,0.0,17,3307,53304,"[1,84,1855,11363,25819,33913,35173,33377,30804]","[{""1"":0,""10plus"":1,""2to4"":0,""5to9"":0},{""1"":12,""10plus"":54,""2to4"":7,""5to9"":11},{""1"":508,""10plus"":630,""2to4"":449,""5to9"":268},{""1"":6198,""10plus"":882,""2to4"":3266,""5to9"":1017},{""1"":20040,""10plus"":351,""2to4"":4622,""5to9"":806},{""1"":30703,""10plus"":75,""2to4"":2871,""5to9"":264},{""1"":33990,""10plus"":9,""2to4"":1123,""5to9"":51},{""1"":33000,""10plus"":2,""2to4"":367,""5to9"":8},{""1"":30665,""10plus"":2,""2to4"":135,""5to9"":2}]",0.6160095420000289,1.679068368033768,1463767040
C0,ud23,HOMERIC_TRADITION,209ee9f27c82f31d31eb16124569039d7847ed327f3a0f2b5c4eae048347e621,1,shuffled,8,100,0.5,8884,98712fe7b861cb92f4e40de09a0d8b04a5e9bf334cb2445c393bec94f405bd14,61627,71088,46969,53304,4605.890669908898,,1529af0a829c1be8bb1fee16797530295c8462161de2bf321ce7728932a740ca,-169278.71536281527,194450,83,1.0,17,3307,53304,"[1,83,2097,15759,35144,39414,36958,33947,31047]","[{""1"":0,""10plus"":1,""2to4"":0,""5to9"":0},{""1"":11,""10plus"":55,""2to4"":7,""5to9"":10},{""1"":513,""10plus"":739,""2to4"":546,""5to9"":299},{""1"":9028,""10plus"":916,""2to4"":4504,""5to9"":1311},{""1"":30009,""10plus"":16,""2to4"":4780,""5to9"":339},{""1"":38708,""10plus"":0,""2to4"":705,""5to9"":1},{""1"":36910,""10plus"":0,""2to4"":48,""5to9"":0},{""1"":33946,""10plus"":0,""2to4"":1,""5to9"":0},{""1"":31047,""10plus"":0,""2to4"":0,""5to9"":0}]",1.0283461669987446,1.6907998587648763,1463767040
C0,ud23,HOMERIC_TRADITION,209ee9f27c82f31d31eb16124569039d7847ed327f3a0f2b5c4eae048347e621,2,original,8,100,0.5,8884,9d934c6faf19666741a99ac003f5e2f69320b8427e4f0e8ebe07834484df4a5c,61510,71088,47041,53304,-11053.038817498775,,a9841b035177bea3a2522368ee055eb322c27b137dbb49395b2dfb9b9d62222f,-158053.76552789749,171280,84,0.0,16,3351,53304,"[1,83,1871,11342,25635,33749,34942,33132,30525]","[{""1"":0,""10plus"":1,""2to4"":0,""5to9"":0},{""1"":9,""10plus"":56,""2to4"":10,""5to9"":8},{""1"":519,""10plus"":624,""2to4"":460,""5to9"":268},{""1"":6276,""10plus"":880,""2to4"":3174,""5to9"":1012},{""1"":19857,""10plus"":353,""2to4"":4585,""5to9"":840},{""1"":30517,""10plus"":67,""2to4"":2886,""5to9"":279},{""1"":33725,""10plus"":6,""2to4"":1160,""5to9"":51},{""1"":32748,""10plus"":2,""2to4"":376,""5to9"":6},{""1"":30376,""10plus"":2,""2to4"":145,""5to9"":2}]",0.6028647500006628,1.6886469341534394,1463767040
C0,ud23,HOMERIC_TRADITION,209ee9f27c82f31d31eb16124569039d7847ed327f3a0f2b5c4eae048347e621,2,shuffled,8,100,0.5,8884,9d934c6faf19666741a99ac003f5e2f69320b8427e4f0e8ebe07834484df4a5c,61510,71088,47041,53304,4600.930718546384,,e6ef0e7a8513271fe0e5ea7d0e33eaeceba4a713b825f8342f47ea002285c498,-169106.80434539626,193256,84,1.0,16,3351,53304,"[1,83,2091,15665,34979,39217,36741,33700,30779]","[{""1"":0,""10plus"":1,""2to4"":0,""5to9"":0},{""1"":10,""10plus"":56,""2to4"":9,""5to9"":8},{""1"":544,""10plus"":714,""2to4"":510,""5to9"":323},{""1"":8876,""10plus"":906,""2to4"":4568,""5to9"":1315},{""1"":29887,""10plus"":16,""2to4"":4737,""5to9"":339},{""1"":38483,""10plus"":0,""2to4"":733,""5to9"":1},{""1"":36694,""10plus"":0,""2to4"":47,""5to9"":0},{""1"":33697,""10plus"":0,""2to4"":3,""5to9"":0},{""1"":30779,""10plus"":0,""2to4"":0,""5to9"":0}]",1.0181542500013165,1.698924529044234,1463767040
C0,ud23,HOMERIC_TRADITION,209ee9f27c82f31d31eb16124569039d7847ed327f3a0f2b5c4eae048347e621,3,original,8,100,0.5,8884,585f98529003658647da88dc75d98be93bd43449b5456e5512516004ee7c2bde,61582,71088,47086,53304,-11114.710641058016,,3f25a74af6ab6de8be1d226faf10465fe60747b17a7eb02a3b33bdda1953bc7c,-158024.62308258453,171648,82,0.0,18,3338,53304,"[1,82,1852,11347,25686,33836,34998,33205,30641]","[{""1"":0,""10plus"":1,""2to4"":0,""5to9"":0},{""1"":9,""10plus"":56,""2to4"":9,""5to9"":8},{""1"":506,""10plus"":622,""2to4"":449,""5to9"":275},{""1"":6223,""10plus"":890,""2to4"":3230,""5to9"":1004},{""1"":19910,""10plus"":343,""2to4"":4588,""5to9"":845},{""1"":30644,""10plus"":72,""2to4"":2847,""5to9"":273},{""1"":33788,""10plus"":6,""2to4"":1142,""5to9"":62},{""1"":32805,""10plus"":2,""2to4"":389,""5to9"":9},{""1"":30495,""10plus"":2,""2to4"":141,""5to9"":3}]",0.6280843330005155,1.678214280076645,1463767040
C0,ud23,HOMERIC_TRADITION,209ee9f27c82f31d31eb16124569039d7847ed327f3a0f2b5c4eae048347e621,3,shuffled,8,100,0.5,8884,585f98529003658647da88dc75d98be93bd43449b5456e5512516004ee7c2bde,61582,71088,47086,53304,4667.8371359403245,,f6c6e213f91370b17d273cd39b8e01dc6a55113cbd37d261c1d0fc0e86e6cad0,-169139.33372364254,193624,82,1.0,18,3338,53304,"[1,83,2100,15795,34980,39209,36794,33780,30882]","[{""1"":0,""10plus"":1,""2to4"":0,""5to9"":0},{""1"":10,""10plus"":55,""2to4"":10,""5to9"":8},{""1"":534,""10plus"":739,""2to4"":534,""5to9"":293},{""1"":9091,""10plus"":899,""2to4"":4472,""5to9"":1333},{""1"":29875,""10plus"":22,""2to4"":4734,""5to9"":349},{""1"":38437,""10plus"":0,""2to4"":772,""5to9"":0},{""1"":36738,""10plus"":0,""2to4"":56,""5to9"":0},{""1"":33777,""10plus"":0,""2to4"":3,""5to9"":0},{""1"":30882,""10plus"":0,""2to4"":0,""5to9"":0}]",1.023584167000081,1.6923137792527996,1463767040
C0,ud23,HOMERIC_TRADITION,209ee9f27c82f31d31eb16124569039d7847ed327f3a0f2b5c4eae048347e621,4,original,8,100,0.5,8884,3542ab5094b396cc403cd044f2308496cd2dd7db8a492250400f1dd60b2bec8a,61403,71088,47026,53304,-11204.608963976993,,a7073358a5cbecdf89bfb6ddd1897e99a6bc45cf48aa32ff53d4662c3675390b,-157734.55411584128,171845,82,0.0,18,3326,53304,"[1,82,1845,11356,25654,33788,35068,33325,30726]","[{""1"":0,""10plus"":1,""2to4"":0,""5to9"":0},{""1"":8,""10plus"":55,""2to4"":9,""5to9"":10},{""1"":490,""10plus"":610,""2to4"":447,""5to9"":298},{""1"":6274,""10plus"":886,""2to4"":3208,""5to9"":988},{""1"":19893,""10plus"":371,""2to4"":4586,""5to9"":804},{""1"":30573,""10plus"":70,""2to4"":2863,""5to9"":282},{""1"":33821,""10plus"":4,""2to4"":1185,""5to9"":58},{""1"":32961,""10plus"":2,""2to4"":356,""5to9"":6},{""1"":30608,""10plus"":2,""2to4"":115,""5to9"":1}]",0.6092420409986516,1.68735983499937,1463767040
C0,ud23,HOMERIC_TRADITION,209ee9f27c82f31d31eb16124569039d7847ed327f3a0f2b5c4eae048347e621,4,shuffled,8,100,0.5,8884,3542ab5094b396cc403cd044f2308496cd2dd7db8a492250400f1dd60b2bec8a,61403,71088,47026,53304,4612.313540710922,,dea8c07344eaf8903ac6351dede5c7adba84a6d2aa805542365b69e7f8ba49f8,-168939.16307981827,193685,82,1.0,18,3326,53304,"[1,83,2115,15681,34902,39281,36853,33842,30927]","[{""1"":0,""10plus"":1,""2to4"":0,""5to9"":0},{""1"":9,""10plus"":56,""2to4"":10,""5to9"":8},{""1"":571,""10plus"":726,""2to4"":517,""5to9"":301},{""1"":9006,""10plus"":938,""2to4"":4459,""5to9"":1278},{""1"":29780,""10plus"":21,""2to4"":4730,""5to9"":371},{""1"":38526,""10plus"":0,""2to4"":754,""5to9"":1},{""1"":36794,""10plus"":0,""2to4"":59,""5to9"":0},{""1"":33837,""10plus"":0,""2to4"":5,""5to9"":0},{""1"":30925,""10plus"":0,""2to4"":2,""5to9"":0}]",1.0142803749986342,1.7063265330853028,1463767040
C0,ud23,HOMERIC_TRADITION,209ee9f27c82f31d31eb16124569039d7847ed327f3a0f2b5c4eae048347e621,5,original,8,100,0.5,8884,cbd6ee0210f29c4f9e787521cdf5768591a5725f819c26a47056c52b3ea12e88,61301,71088,47076,53304,-11256.380805157969,,67b4807c18d2b7a6d3cf139ea51366e9c6fcab6f64a5736400e4d30110d873f3,-157739.77518712328,172242,83,0.0,17,3305,53304,"[1,83,1843,11330,25657,33924,35169,33403,30832]","[{""1"":0,""10plus"":1,""2to4"":0,""5to9"":0},{""1"":9,""10plus"":55,""2to4"":10,""5to9"":9},{""1"":497,""10plus"":626,""2to4"":443,""5to9"":277},{""1"":6257,""10plus"":883,""2to4"":3189,""5to9"":1001},{""1"":19822,""10plus"":344,""2to4"":4659,""5to9"":832},{""1"":30728,""10plus"":69,""2to4"":2848,""5to9"":279},{""1"":33972,""10plus"":6,""2to4"":1134,""5to9"":57},{""1"":33016,""10plus"":2,""2to4"":376,""5to9"":9},{""1"":30681,""10plus"":2,""2to4"":147,""5to9"":2}]",0.6328939159993752,1.877874820091165,1464311808
C0,ud23,HOMERIC_TRADITION,209ee9f27c82f31d31eb16124569039d7847ed327f3a0f2b5c4eae048347e621,5,shuffled,8,100,0.5,8884,cbd6ee0210f29c4f9e787521cdf5768591a5725f819c26a47056c52b3ea12e88,61301,71088,47076,53304,4657.478576743655,,7c410aa8f82342cdb6e9dc4900fb8adc8a6cf66d7166d1738d8b27e951c574a8,-168996.15599228124,194422,83,1.0,17,3305,53304,"[1,84,2079,15589,35230,39429,36970,33966,31074]","[{""1"":0,""10plus"":1,""2to4"":0,""5to9"":0},{""1"":11,""10plus"":55,""2to4"":9,""5to9"":9},{""1"":528,""10plus"":711,""2to4"":530,""5to9"":310},{""1"":8800,""10plus"":931,""2to4"":4525,""5to9"":1333},{""1"":30057,""10plus"":17,""2to4"":4853,""5to9"":303},{""1"":38711,""10plus"":0,""2to4"":718,""5to9"":0},{""1"":36924,""10plus"":0,""2to4"":46,""5to9"":0},{""1"":33963,""10plus"":0,""2to4"":3,""5to9"":0},{""1"":31074,""10plus"":0,""2to4"":0,""5to9"":0}]",0.8547434590000194,1.6866537448859162,1464311808
C0,ud23,HOMERIC_TRADITION,209ee9f27c82f31d31eb16124569039d7847ed327f3a0f2b5c4eae048347e621,6,original,8,100,0.5,8884,55fbef4f1d16efe6601a6e610e366e85f651b23b9eb2f16107e4a403f022767a,61584,71088,47079,53304,-11104.781272513268,,79e51a432f45ebb4729ae2427c39da9fb319e3bfb303e8931e396a26e7bc1957,-158205.05348049014,172202,80,0.0,20,3321,53304,"[1,81,1868,11380,25718,33918,35148,33329,30759]","[{""1"":0,""10plus"":1,""2to4"":0,""5to9"":0},{""1"":7,""10plus"":57,""2to4"":8,""5to9"":9},{""1"":521,""10plus"":625,""2to4"":444,""5to9"":278},{""1"":6268,""10plus"":898,""2to4"":3225,""5to9"":989},{""1"":19877,""10plus"":344,""2to4"":4681,""5to9"":816},{""1"":30701,""10plus"":68,""2to4"":2893,""5to9"":256},{""1"":33970,""10plus"":6,""2to4"":1115,""5to9"":57},{""1"":32936,""10plus"":2,""2to4"":381,""5to9"":10},{""1"":30609,""10plus"":2,""2to4"":146,""5to9"":2}]",0.6215723749992321,1.7050948810119735,1464311808
C0,ud23,HOMERIC_TRADITION,209ee9f27c82f31d31eb16124569039d7847ed327f3a0f2b5c4eae048347e621,6,shuffled,8,100,0.5,8884,55fbef4f1d16efe6601a6e610e366e85f651b23b9eb2f16107e4a403f022767a,61584,71088,47079,53304,4574.1949241561815,,5fbbdcbb81b6488abbbf226f501f951a6f5816eb92ac2747c4e69d053837f889,-169309.8347530034,194130,80,1.0,20,3321,53304,"[1,80,2087,15731,35084,39355,36903,33889,31000]","[{""1"":0,""10plus"":1,""2to4"":0,""5to9"":0},{""1"":6,""10plus"":56,""2to4"":9,""5to9"":9},{""1"":534,""10plus"":724,""2to4"":523,""5to9"":306},{""1"":8986,""10plus"":937,""2to4"":4528,""5to9"":1280},{""1"":30012,""10plus"":15,""2to4"":4698,""5to9"":359},{""1"":38647,""10plus"":0,""2to4"":708,""5to9"":0},{""1"":36860,""10plus"":0,""2to4"":43,""5to9"":0},{""1"":33885,""10plus"":0,""2to4"":4,""5to9"":0},{""1"":31000,""10plus"":0,""2to4"":0,""5to9"":0}]",0.8661699170006614,1.8999760531587526,1464311808
C0,ud23,HOMERIC_TRADITION,209ee9f27c82f31d31eb16124569039d7847ed327f3a0f2b5c4eae048347e621,7,original,8,100,0.5,8884,698f9af639c82865235238429934039913dfb3ae445b01b3737ce7d26391ca0e,61529,71088,47050,53304,-11145.803534094797,,35bab1c51b10093d7a4caf43b790a07cb6c6e8153e90d80c37b376333ae3ecdb,-157928.44615790725,172800,83,0.0,17,3298,53304,"[1,84,1852,11359,25788,34001,35303,33493,30919]","[{""1"":0,""10plus"":1,""2to4"":0,""5to9"":0},{""1"":11,""10plus"":56,""2to4"":8,""5to9"":9},{""1"":523,""10plus"":619,""2to4"":433,""5to9"":277},{""1"":6243,""10plus"":896,""2to4"":3222,""5to9"":998},{""1"":19981,""10plus"":344,""2to4"":4637,""5to9"":826},{""1"":30719,""10plus"":71,""2to4"":2948,""5to9"":263},{""1"":34133,""10plus"":4,""2to4"":1111,""5to9"":55},{""1"":33147,""10plus"":2,""2to4"":337,""5to9"":7},{""1"":30803,""10plus"":2,""2to4"":112,""5to9"":2}]",0.581970208999337,1.6857596900736098,1465008128
C0,ud23,HOMERIC_TRADITION,209ee9f27c82f31d31eb16124569039d7847ed327f3a0f2b5c4eae048347e621,7,shuffled,8,100,0.5,8884,698f9af639c82865235238429934039913dfb3ae445b01b3737ce7d26391ca0e,61529,71088,47050,53304,4731.640700511663,,d9f46b3a3df873c19a5f3c93b3b5134842bb77792fd0be90276f5d8cb13f0987,-169074.24969200205,194693,83,1.0,17,3298,53304,"[1,84,2100,15734,35189,39454,37000,34006,31125]","[{""1"":0,""10plus"":1,""2to4"":0,""5to9"":0},{""1"":12,""10plus"":55,""2to4"":7,""5to9"":10},{""1"":541,""10plus"":705,""2to4"":526,""5to9"":328},{""1"":8982,""10plus"":932,""2to4"":4522,""5to9"":1298},{""1"":30067,""10plus"":19,""2to4"":4792,""5to9"":311},{""1"":38751,""10plus"":0,""2to4"":703,""5to9"":0},{""1"":36952,""10plus"":0,""2to4"":48,""5to9"":0},{""1"":34005,""10plus"":0,""2to4"":1,""5to9"":0},{""1"":31125,""10plus"":0,""2to4"":0,""5to9"":0}]",1.023529416999736,1.7016699300147593,1465008128
C0,ud23,HOMERIC_TRADITION,209ee9f27c82f31d31eb16124569039d7847ed327f3a0f2b5c4eae048347e621,8,original,8,100,0.5,8884,045ceed0c4e4cbad12e0f8e9aaf4651f9319845b53458bcf71ed909db69c03a8,61552,71088,47224,53304,-11187.8081564811,,707b4c50d590677ae423ff5b30ab9e5cf6eaa5acc4dbd38f1887824c084ef54c,-157892.62009626545,171795,82,0.0,18,3327,53304,"[1,83,1855,11310,25610,33850,35077,33288,30721]","[{""1"":0,""10plus"":1,""2to4"":0,""5to9"":0},{""1"":10,""10plus"":56,""2to4"":9,""5to9"":8},{""1"":510,""10plus"":622,""2to4"":451,""5to9"":272},{""1"":6215,""10plus"":874,""2to4"":3221,""5to9"":1000},{""1"":19756,""10plus"":364,""2to4"":4677,""5to9"":813},{""1"":30661,""10plus"":70,""2to4"":2847,""5to9"":272},{""1"":33877,""10plus"":4,""2to4"":1134,""5to9"":62},{""1"":32892,""10plus"":2,""2to4"":387,""5to9"":7},{""1"":30571,""10plus"":2,""2to4"":146,""5to9"":2}]",0.6331252090003545,1.8772835639701952,1465008128
C0,ud23,HOMERIC_TRADITION,209ee9f27c82f31d31eb16124569039d7847ed327f3a0f2b5c4eae048347e621,8,shuffled,8,100,0.5,8884,045ceed0c4e4cbad12e0f8e9aaf4651f9319845b53458bcf71ed909db69c03a8,61552,71088,47224,53304,4584.350509743439,,33bbe284ae3895c4f754fe9d8fe21d74bc22560cdfaeb9e51ca846c19b85bf3a,-169080.42825274655,193840,82,1.0,18,3327,53304,"[1,82,2088,15593,35076,39335,36861,33848,30956]","[{""1"":0,""10plus"":1,""2to4"":0,""5to9"":0},{""1"":9,""10plus"":56,""2to4"":10,""5to9"":7},{""1"":538,""10plus"":718,""2to4"":532,""5to9"":300},{""1"":8883,""10plus"":917,""2to4"":4443,""5to9"":1350},{""1"":29852,""10plus"":16,""2to4"":4888,""5to9"":320},{""1"":38610,""10plus"":0,""2to4"":725,""5to9"":0},{""1"":36816,""10plus"":0,""2to4"":45,""5to9"":0},{""1"":33842,""10plus"":0,""2to4"":6,""5to9"":0},{""1"":30954,""10plus"":0,""2to4"":2,""5to9"":0}]",0.8490156250009022,1.6855885048535129,1465008128
C0,ud23,HOMERIC_TRADITION,209ee9f27c82f31d31eb16124569039d7847ed327f3a0f2b5c4eae048347e621,9,original,8,100,0.5,8884,cbc4eb685af229b4ebb41565ef2f5e3bb5e7ecd72349255175d009dad7d386a2,61514,71088,47062,53304,-11162.568327683111,,807f270162a6a2d37bd384a97408da6a0ea17c9b2b02f895ba80a650f6adc771,-157884.40218329534,171305,84,0.0,16,3335,53304,"[1,84,1852,11252,25599,33767,34975,33172,30603]","[{""1"":0,""10plus"":1,""2to4"":0,""5to9"":0},{""1"":9,""10plus"":56,""2to4"":11,""5to9"":8},{""1"":508,""10plus"":614,""2to4"":452,""5to9"":278},{""1"":6137,""10plus"":899,""2to4"":3215,""5to9"":1001},{""1"":19769,""10plus"":358,""2to4"":4638,""5to9"":834},{""1"":30512,""10plus"":75,""2to4"":2915,""5to9"":265},{""1"":33755,""10plus"":6,""2to4"":1158,""5to9"":56},{""1"":32755,""10plus"":2,""2to4"":408,""5to9"":7},{""1"":30448,""10plus"":2,""2to4"":152,""5to9"":1}]",0.6222434580013214,1.6931080888007273,1465008128
C0,ud23,HOMERIC_TRADITION,209ee9f27c82f31d31eb16124569039d7847ed327f3a0f2b5c4eae048347e621,9,shuffled,8,100,0.5,8884,cbc4eb685af229b4ebb41565ef2f5e3bb5e7ecd72349255175d009dad7d386a2,61514,71088,47062,53304,4650.710920125537,,b13591dc822d0895e6378b58a2ea6383451824057b43ca5fb6fff792a0e188e3,-169046.97051097846,193598,84,1.0,16,3335,53304,"[1,85,2133,15629,34997,39290,36819,33783,30861]","[{""1"":0,""10plus"":1,""2to4"":0,""5to9"":0},{""1"":11,""10plus"":55,""2to4"":9,""5to9"":10},{""1"":578,""10plus"":717,""2to4"":539,""5to9"":299},{""1"":8921,""10plus"":932,""2to4"":4455,""5to9"":1321},{""1"":29875,""10plus"":24,""2to4"":4768,""5to9"":330},{""1"":38558,""10plus"":0,""2to4"":732,""5to9"":0},{""1"":36774,""10plus"":0,""2to4"":45,""5to9"":0},{""1"":33782,""10plus"":0,""2to4"":1,""5to9"":0},{""1"":30861,""10plus"":0,""2to4"":0,""5to9"":0}]",0.8672398749986314,1.7176352428632526,1465008128
C0,ud23,HOMERIC_TRADITION,209ee9f27c82f31d31eb16124569039d7847ed327f3a0f2b5c4eae048347e621,10,original,8,100,0.5,8884,56b0445e4a08e2e258601e29c6beb8ccdedc9166a0c5d7fca0178b8a9271a770,61399,71088,46978,53304,-11228.89767627747,,5a12c06d80510217a78cceb220b4357eb04a36cbeffd7644cb2bb9826067bfdb,-158115.8841237143,172882,85,0.0,15,3291,53304,"[1,84,1852,11410,25901,34012,35244,33473,30905]","[{""1"":0,""10plus"":1,""2to4"":0,""5to9"":0},{""1"":10,""10plus"":56,""2to4"":7,""5to9"":11},{""1"":495,""10plus"":622,""2to4"":454,""5to9"":281},{""1"":6198,""10plus"":892,""2to4"":3329,""5to9"":991},{""1"":20132,""10plus"":334,""2to4"":4577,""5to9"":858},{""1"":30778,""10plus"":72,""2to4"":2905,""5to9"":257},{""1"":34047,""10plus"":4,""2to4"":1140,""5to9"":53},{""1"":33099,""10plus"":2,""2to4"":364,""5to9"":8},{""1"":30759,""10plus"":2,""2to4"":141,""5to9"":3}]",0.6319616670007235,1.700587484825519,1465311232
C0,ud23,HOMERIC_TRADITION,209ee9f27c82f31d31eb16124569039d7847ed327f3a0f2b5c4eae048347e621,10,shuffled,8,100,0.5,8884,56b0445e4a08e2e258601e29c6beb8ccdedc9166a0c5d7fca0178b8a9271a770,61399,71088,46978,53304,4624.819008317718,,8a7d9ba629a5d0d9862fe65e43f3f2d0c1581d3dd2aaa3728c9e0323d299274a,-169344.78179999176,194985,85,1.0,15,3291,53304,"[1,84,2104,15800,35260,39523,37025,34034,31154]","[{""1"":0,""10plus"":1,""2to4"":0,""5to9"":0},{""1"":10,""10plus"":55,""2to4"":8,""5to9"":11},{""1"":534,""10plus"":720,""2to4"":537,""5to9"":313},{""1"":8989,""10plus"":927,""2to4"":4568,""5to9"":1316},{""1"":30202,""10plus"":18,""2to4"":4726,""5to9"":314},{""1"":38860,""10plus"":0,""2to4"":662,""5to9"":1},{""1"":36980,""10plus"":0,""2to4"":45,""5to9"":0},{""1"":34032,""10plus"":0,""2to4"":2,""5to9"":0},{""1"":31154,""10plus"":0,""2to4"":0,""5to9"":0}]",1.0247947919997387,1.7080842240902712,1465311232
C0,ud23,HOMERIC_TRADITION,209ee9f27c82f31d31eb16124569039d7847ed327f3a0f2b5c4eae048347e621,11,original,8,100,0.5,8884,f8cb3cd05ea80ffc49993396cb4c069f34e466ee43a4d70a38b0d1979fe3b4d2,61445,71088,47079,53304,-11288.713800671918,,63c5d357df9d75e878344611141660770023777b02321a0e5dc1db11876f060f,-157672.605533254,171565,82,0.0,18,3326,53304,"[1,83,1865,11320,25594,33741,35001,33255,30705]","[{""1"":0,""10plus"":1,""2to4"":0,""5to9"":0},{""1"":10,""10plus"":57,""2to4"":9,""5to9"":7},{""1"":519,""10plus"":624,""2to4"":456,""5to9"":266},{""1"":6247,""10plus"":864,""2to4"":3205,""5to9"":1004},{""1"":19883,""10plus"":363,""2to4"":4511,""5to9"":837},{""1"":30544,""10plus"":77,""2to4"":2844,""5to9"":276},{""1"":33786,""10plus"":7,""2to4"":1155,""5to9"":53},{""1"":32872,""10plus"":2,""2to4"":372,""5to9"":9},{""1"":30568,""10plus"":2,""2to4"":134,""5to9"":1}]",0.6164542919996165,1.6737862609061267,1465311232
C0,ud23,HOMERIC_TRADITION,209ee9f27c82f31d31eb16124569039d7847ed327f3a0f2b5c4eae048347e621,11,shuffled,8,100,0.5,8884,f8cb3cd05ea80ffc49993396cb4c069f34e466ee43a4d70a38b0d1979fe3b4d2,61445,71088,47079,53304,4612.968869761593,,99932ff589974d2ee17e5841395603c99a223a9c2a78b59a9f8710024d87ea76,-168961.31933392593,193699,82,1.0,18,3326,53304,"[1,83,2110,15539,34990,39346,36857,33835,30938]","[{""1"":0,""10plus"":1,""2to4"":0,""5to9"":0},{""1"":11,""10plus"":57,""2to4"":8,""5to9"":7},{""1"":563,""10plus"":709,""2to4"":518,""5to9"":320},{""1"":8766,""10plus"":916,""2to4"":4536,""5to9"":1321},{""1"":29837,""10plus"":17,""2to4"":4813,""5to9"":323},{""1"":38641,""10plus"":0,""2to4"":705,""5to9"":0},{""1"":36811,""10plus"":0,""2to4"":46,""5to9"":0},{""1"":33832,""10plus"":0,""2to4"":3,""5to9"":0},{""1"":30938,""10plus"":0,""2to4"":0,""5to9"":0}]",0.8481755000011617,1.8814298340475943,1465311232
C0,ud23,HOMERIC_TRADITION,209ee9f27c82f31d31eb16124569039d7847ed327f3a0f2b5c4eae048347e621,12,original,8,100,0.5,8884,22c4cd89d1843e3e77b208b2ba231e023913611526a498b69d256809c3c0ceca,61413,71088,47030,53304,-11415.732661801769,,56459a27202b580054acb8e85b268983544779125eb43b93f12db66a283ea679,-157494.87736225175,171447,79,0.0,21,3322,53304,"[1,80,1849,11272,25565,33748,35011,33248,30673]","[{""1"":0,""10plus"":1,""2to4"":0,""5to9"":0},{""1"":9,""10plus"":55,""2to4"":5,""5to9"":11},{""1"":517,""10plus"":616,""2to4"":439,""5to9"":277},{""1"":6161,""10plus"":877,""2to4"":3238,""5to9"":996},{""1"":19768,""10plus"":357,""2to4"":4622,""5to9"":818},{""1"":30525,""10plus"":71,""2to4"":2866,""5to9"":286},{""1"":33792,""10plus"":6,""2to4"":1150,""5to9"":63},{""1"":32848,""10plus"":2,""2to4"":391,""5to9"":7},{""1"":30519,""10plus"":2,""2to4"":150,""5to9"":2}]",0.6132317500014324,1.662368614686784,1465311232
C0,ud23,HOMERIC_TRADITION,209ee9f27c82f31d31eb16124569039d7847ed327f3a0f2b5c4eae048347e621,12,shuffled,8,100,0.5,8884,22c4cd89d1843e3e77b208b2ba231e023913611526a498b69d256809c3c0ceca,61413,71088,47030,53304,4660.145955771586,,a34e02c65dd40f8dbd07023f8ebee618c7e46c4a5396e00b5aa0e4e90cb0c1a5,-168910.61002405352,193708,79,1.0,21,3322,53304,"[1,79,2098,15621,34986,39294,36856,33838,30935]","[{""1"":0,""10plus"":1,""2to4"":0,""5to9"":0},{""1"":7,""10plus"":55,""2to4"":6,""5to9"":11},{""1"":542,""10plus"":716,""2to4"":529,""5to9"":311},{""1"":8902,""10plus"":924,""2to4"":4451,""5to9"":1344},{""1"":29770,""10plus"":18,""2to4"":4871,""5to9"":327},{""1"":38542,""10plus"":0,""2to4"":751,""5to9"":1},{""1"":36795,""10plus"":0,""2to4"":61,""5to9"":0},{""1"":33831,""10plus"":0,""2to4"":7,""5to9"":0},{""1"":30935,""10plus"":0,""2to4"":0,""5to9"":0}]",0.8536547919993609,1.677958613165174,1465311232
C0,ud23,HOMERIC_TRADITION,209ee9f27c82f31d31eb16124569039d7847ed327f3a0f2b5c4eae048347e621,13,original,8,100,0.5,8884,98dfcc489b3a2bb136cf9ce1190c344d9d01540e8b247c45cb10ee926b820da0,61396,71088,46994,53304,-11201.65344238616,,030ed4b42c610a989346eb36722abbd4d5cac5abcaca8e26088fd935847fd29b,-157803.5706923479,171538,82,0.0,18,3348,53304,"[1,83,1848,11360,25662,33832,35019,33177,30556]","[{""1"":0,""10plus"":1,""2to4"":0,""5to9"":0},{""1"":10,""10plus"":56,""2to4"":9,""5to9"":8},{""1"":492,""10plus"":622,""2to4"":459,""5to9"":275},{""1"":6254,""10plus"":880,""2to4"":3220,""5to9"":1006},{""1"":19856,""10plus"":358,""2to4"":4656,""5to9"":792},{""1"":30629,""10plus"":74,""2to4"":2872,""5to9"":257},{""1"":33850,""10plus"":5,""2to4"":1108,""5to9"":56},{""1"":32821,""10plus"":2,""2to4"":347,""5to9"":7},{""1"":30432,""10plus"":2,""2to4"":120,""5to9"":2}]",0.6254175000012765,1.6784411651842674,1465311232
C0,ud23,HOMERIC_TRADITION,209ee9f27c82f31d31eb16124569039d7847ed327f3a0f2b5c4eae048347e621,13,shuffled,8,100,0.5,8884,98dfcc489b3a2bb136cf9ce1190c344d9d01540e8b247c45cb10ee926b820da0,61396,71088,46994,53304,4568.446292008302,,72bd4f6f10516362191fbb55aadfd03f2eea12e68eedbbce282a8c34e3a38894,-169005.22413473405,193222,82,1.0,18,3348,53304,"[1,83,2078,15670,34958,39224,36743,33696,30769]","[{""1"":0,""10plus"":1,""2to4"":0,""5to9"":0},{""1"":10,""10plus"":56,""2to4"":9,""5to9"":8},{""1"":530,""10plus"":734,""2to4"":516,""5to9"":298},{""1"":8851,""10plus"":916,""2to4"":4609,""5to9"":1294},{""1"":29813,""10plus"":27,""2to4"":4792,""5to9"":326},{""1"":38493,""10plus"":0,""2to4"":730,""5to9"":1},{""1"":36693,""10plus"":0,""2to4"":50,""5to9"":0},{""1"":33695,""10plus"":0,""2to4"":1,""5to9"":0},{""1"":30769,""10plus"":0,""2to4"":0,""5to9"":0}]",0.865793749999284,1.6832593701183214,1465311232
C0,ud23,HOMERIC_TRADITION,209ee9f27c82f31d31eb16124569039d7847ed327f3a0f2b5c4eae048347e621,14,original,8,100,0.5,8884,31967984c6137942eb831990cc81dba7f2f3b090c3c7d35aa7795d37ca58eeea,61569,71088,47096,53304,-11245.5719906796,,bd07a49f0e4ae35dcc534483facd58618fe5abbdb43e2483cb36e26274e9b294,-157902.21704842636,172408,81,0.0,19,3314,53304,"[1,80,1846,11383,25738,33947,35187,33384,30842]","[{""1"":0,""10plus"":1,""2to4"":0,""5to9"":0},{""1"":7,""10plus"":56,""2to4"":8,""5to9"":9},{""1"":484,""10plus"":620,""2to4"":462,""5to9"":280},{""1"":6271,""10plus"":892,""2to4"":3226,""5to9"":994},{""1"":19935,""10plus"":351,""2to4"":4613,""5to9"":839},{""1"":30712,""10plus"":67,""2to4"":2919,""5to9"":249},{""1"":33988,""10plus"":7,""2to4"":1140,""5to9"":52},{""1"":33002,""10plus"":2,""2to4"":371,""5to9"":9},{""1"":30714,""10plus"":2,""2to4"":123,""5to9"":3}]",0.6287039169983473,1.6586632285179803,1465311232
C0,ud23,HOMERIC_TRADITION,209ee9f27c82f31d31eb16124569039d7847ed327f3a0f2b5c4eae048347e621,14,shuffled,8,100,0.5,8884,31967984c6137942eb831990cc81dba7f2f3b090c3c7d35aa7795d37ca58eeea,61569,71088,47096,53304,4548.746728921513,,5a0b419a1e7231e3c6f99c48577fb9ed71a92886da4d3fb572bee2536f513c7b,-169147.78903910596,194196,81,1.0,19,3314,53304,"[1,80,2138,15662,35090,39322,36924,33924,31055]","[{""1"":0,""10plus"":1,""2to4"":0,""5to9"":0},{""1"":7,""10plus"":56,""2to4"":8,""5to9"":9},{""1"":599,""10plus"":725,""2to4"":524,""5to9"":290},{""1"":8873,""10plus"":917,""2to4"":4561,""5to9"":1311},{""1"":29961,""10plus"":18,""2to4"":4779,""5to9"":332},{""1"":38544,""10plus"":0,""2to4"":776,""5to9"":2},{""1"":36868,""10plus"":0,""2to4"":56,""5to9"":0},{""1"":33917,""10plus"":0,""2to4"":7,""5to9"":0},{""1"":31055,""10plus"":0,""2to4"":0,""5to9"":0}]",1.0211113749974174,1.679681432833604,1465311232
C0,ud23,HOMERIC_TRADITION,209ee9f27c82f31d31eb16124569039d7847ed327f3a0f2b5c4eae048347e621,15,original,8,100,0.5,8884,2f9f50e9f8c56127b38680b79b84ba04077ce75246382acbb8572022e3665088,61555,71088,47022,53304,-11143.84069716424,,a42234d31347132f5cd61af077324d96709d6f5b74e66ce048b79c8cca265f9f,-158056.025139702,171926,81,0.0,19,3331,53304,"[1,82,1854,11366,25739,33918,35083,33241,30642]","[{""1"":0,""10plus"":1,""2to4"":0,""5to9"":0},{""1"":9,""10plus"":56,""2to4"":8,""5to9"":9},{""1"":507,""10plus"":615,""2to4"":444,""5to9"":288},{""1"":6256,""10plus"":887,""2to4"":3239,""5to9"":984},{""1"":19960,""10plus"":353,""2to4"":4610,""5to9"":816},{""1"":30768,""10plus"":74,""2to4"":2798,""5to9"":278},{""1"":33937,""10plus"":6,""2to4"":1085,""5to9"":55},{""1"":32867,""10plus"":3,""2to4"":363,""5to9"":8},{""1"":30498,""10plus"":2,""2to4"":138,""5to9"":4}]",0.6076619589985057,1.6695712009568524,1465311232
C0,ud23,HOMERIC_TRADITION,209ee9f27c82f31d31eb16124569039d7847ed327f3a0f2b5c4eae048347e621,15,shuffled,8,100,0.5,8884,2f9f50e9f8c56127b38680b79b84ba04077ce75246382acbb8572022e3665088,61555,71088,47022,53304,4529.079528787755,,15339c0797e861640b99a1f569f560510601c3be5fe95d124376f30b2c3a75c8,-169199.86583686623,193806,81,1.0,19,3331,53304,"[1,82,2114,15607,35085,39359,36834,33813,30911]","[{""1"":0,""10plus"":1,""2to4"":0,""5to9"":0},{""1"":9,""10plus"":56,""2to4"":8,""5to9"":9},{""1"":566,""10plus"":722,""2to4"":531,""5to9"":295},{""1"":8822,""10plus"":912,""2to4"":4537,""5to9"":1336},{""1"":29960,""10plus"":20,""2to4"":4781,""5to9"":324},{""1"":38692,""10plus"":0,""2to4"":665,""5to9"":2},{""1"":36786,""10plus"":0,""2to4"":48,""5to9"":0},{""1"":33808,""10plus"":0,""2to4"":5,""5to9"":0},{""1"":30910,""10plus"":0,""2to4"":1,""5to9"":0}]",1.0147989590004727,1.687014211773203,1465311232
C0,ud23,HOMERIC_TRADITION,209ee9f27c82f31d31eb16124569039d7847ed327f3a0f2b5c4eae048347e621,16,original,8,100,0.5,8884,5baa1d6dd8fa7bf6a2d0463c4af3257b7a8f827b094b1282255c2f8d83ede740,61517,71088,47034,53304,-11227.720264412026,,70e0fcf4fbadade1320b715881b3a65c3540ec731219c4eed1ed0f4c74c3a41d,-157888.61314158398,171876,80,0.0,20,3307,53304,"[1,80,1834,11320,25638,33808,35088,33339,30768]","[{""1"":0,""10plus"":1,""2to4"":0,""5to9"":0},{""1"":7,""10plus"":56,""2to4"":9,""5to9"":8},{""1"":483,""10plus"":625,""2to4"":463,""5to9"":263},{""1"":6243,""10plus"":894,""2to4"":3169,""5to9"":1014},{""1"":19826,""10plus"":354,""2to4"":4616,""5to9"":842},{""1"":30516,""10plus"":71,""2to4"":2943,""5to9"":278},{""1"":33838,""10plus"":6,""2to4"":1189,""5to9"":55},{""1"":32934,""10plus"":2,""2to4"":394,""5to9"":9},{""1"":30605,""10plus"":2,""2to4"":158,""5to9"":3}]",0.6325509999987844,1.6616432593509671,1465311232
C0,ud23,HOMERIC_TRADITION,209ee9f27c82f31d31eb16124569039d7847ed327f3a0f2b5c4eae048347e621,16,shuffled,8,100,0.5,8884,5baa1d6dd8fa7bf6a2d0463c4af3257b7a8f827b094b1282255c2f8d83ede740,61517,71088,47034,53304,4635.406521687313,,1f157ebe9026b701655eb31b69af2a958be24ad0b903b96b87e144fc8722ae56,-169116.333405996,194302,80,1.0,20,3307,53304,"[1,80,2083,15636,35169,39433,36931,33933,31036]","[{""1"":0,""10plus"":1,""2to4"":0,""5to9"":0},{""1"":7,""10plus"":57,""2to4"":9,""5to9"":7},{""1"":513,""10plus"":724,""2to4"":553,""5to9"":293},{""1"":8858,""10plus"":921,""2to4"":4532,""5to9"":1325},{""1"":30061,""10plus"":17,""2to4"":4753,""5to9"":338},{""1"":38746,""10plus"":0,""2to4"":687,""5to9"":0},{""1"":36874,""10plus"":0,""2to4"":57,""5to9"":0},{""1"":33931,""10plus"":0,""2to4"":2,""5to9"":0},{""1"":31036,""10plus"":0,""2to4"":0,""5to9"":0}]",1.0224564579984872,1.6781834466819419,1465311232
C0,ud23,HOMERIC_TRADITION,209ee9f27c82f31d31eb16124569039d7847ed327f3a0f2b5c4eae048347e621,17,original,8,100,0.5,8884,2b552baeb66c0d2f47507776d0d724bdf50863b9fd252b4c4093ad0b27744cf6,61374,71088,47047,53304,-11193.827011975343,,77b75fe70529981e29b982af4b597d90b516ea8363a32a34f708ea8eeebc37f2,-158063.20730879417,171515,82,0.0,18,3357,53304,"[1,82,1866,11368,25662,33852,35017,33144,30523]","[{""1"":0,""10plus"":1,""2to4"":0,""5to9"":0},{""1"":8,""10plus"":56,""2to4"":8,""5to9"":10},{""1"":494,""10plus"":618,""2to4"":485,""5to9"":269},{""1"":6241,""10plus"":886,""2to4"":3264,""5to9"":977},{""1"":19877,""10plus"":358,""2to4"":4590,""5to9"":837},{""1"":30664,""10plus"":66,""2to4"":2862,""5to9"":260},{""1"":33862,""10plus"":6,""2to4"":1103,""5to9"":46},{""1"":32782,""10plus"":2,""2to4"":354,""5to9"":6},{""1"":30390,""10plus"":2,""2to4"":129,""5to9"":2}]",0.6082740420024493,1.674362396068318,1465311232
C0,ud23,HOMERIC_TRADITION,209ee9f27c82f31d31eb16124569039d7847ed327f3a0f2b5c4eae048347e621,17,shuffled,8,100,0.5,8884,2b552baeb66c0d2f47507776d0d724bdf50863b9fd252b4c4093ad0b27744cf6,61374,71088,47047,53304,4562.815015975444,,186b9c32b9877e33c84f17aa03511e3eb25c8ab1edde319c8eb0259fe92a58cf,-169257.0343207695,193383,82,1.0,18,3357,53304,"[1,81,2135,15761,35064,39215,36704,33672,30750]","[{""1"":0,""10plus"":1,""2to4"":0,""5to9"":0},{""1"":7,""10plus"":56,""2to4"":8,""5to9"":10},{""1"":580,""10plus"":713,""2to4"":519,""5to9"":323},{""1"":9060,""10plus"":933,""2to4"":4430,""5to9"":1338},{""1"":29943,""10plus"":19,""2to4"":4785,""5to9"":317},{""1"":38507,""10plus"":0,""2to4"":708,""5to9"":0},{""1"":36651,""10plus"":0,""2to4"":53,""5to9"":0},{""1"":33670,""10plus"":0,""2to4"":2,""5to9"":0},{""1"":30750,""10plus"":0,""2to4"":0,""5to9"":0}]",1.0150481660020887,1.6942878029185522,1465311232
C0,ud23,HOMERIC_TRADITION,209ee9f27c82f31d31eb16124569039d7847ed327f3a0f2b5c4eae048347e621,18,original,8,100,0.5,8884,e912a578e997b2b830507e91991634f86e20a5d8a9ddee84aca9abebc8d9e0b8,61426,71088,47152,53304,-11150.918624655402,,e1ce86b5b9b483374a47b879a6bb23ff0dff0352ecaa7c8b139be7f880af4a4c,-157980.80866893262,171044,83,0.0,17,3347,53304,"[1,84,1856,11307,25648,33682,34906,33081,30479]","[{""1"":0,""10plus"":1,""2to4"":0,""5to9"":0},{""1"":9,""10plus"":57,""2to4"":10,""5to9"":8},{""1"":520,""10plus"":624,""2to4"":431,""5to9"":281},{""1"":6226,""10plus"":885,""2to4"":3172,""5to9"":1024},{""1"":19867,""10plus"":349,""2to4"":4609,""5to9"":823},{""1"":30429,""10plus"":73,""2to4"":2912,""5to9"":268},{""1"":33712,""10plus"":8,""2to4"":1120,""5to9"":66},{""1"":32697,""10plus"":3,""2to4"":369,""5to9"":12},{""1"":30331,""10plus"":2,""2to4"":140,""5to9"":6}]",0.6338197500008391,1.6943190128076822,1465311232
C0,ud23,HOMERIC_TRADITION,209ee9f27c82f31d31eb16124569039d7847ed327f3a0f2b5c4eae048347e621,18,shuffled,8,100,0.5,8884,e912a578e997b2b830507e91991634f86e20a5d8a9ddee84aca9abebc8d9e0b8,61426,71088,47152,53304,4599.475393661734,,dacff72a10ca192910aa0fafa86fab1b04aa9470f63bdadefe2f8095c95d5262,-169131.72729358802,193187,83,1.0,17,3347,53304,"[1,84,2124,15727,34891,39216,36730,33674,30740]","[{""1"":0,""10plus"":1,""2to4"":0,""5to9"":0},{""1"":9,""10plus"":56,""2to4"":10,""5to9"":9},{""1"":561,""10plus"":712,""2to4"":527,""5to9"":324},{""1"":8992,""10plus"":928,""2to4"":4546,""5to9"":1261},{""1"":29743,""10plus"":18,""2to4"":4770,""5to9"":360},{""1"":38486,""10plus"":0,""2to4"":729,""5to9"":1},{""1"":36680,""10plus"":0,""2to4"":50,""5to9"":0},{""1"":33671,""10plus"":0,""2to4"":3,""5to9"":0},{""1"":30740,""10plus"":0,""2to4"":0,""5to9"":0}]",0.8559963750012685,1.9017059590005374,1465311232
C0,ud23,HOMERIC_TRADITION,209ee9f27c82f31d31eb16124569039d7847ed327f3a0f2b5c4eae048347e621,19,original,8,100,0.5,8884,b0c5b9ca8f1a8304eb60bf002119e56f2986ef6dc4ff0ef6f0d4037b9b9dd119,61423,71088,47201,53304,-11218.064770149504,,65a6899e842a724cd57fd6ff5e8d851a856143fdead8b26f55e1e6f24ccd8290,-157944.94018537598,172078,84,0.0,16,3320,53304,"[1,85,1844,11410,25751,33881,35087,33290,30729]","[{""1"":0,""10plus"":1,""2to4"":0,""5to9"":0},{""1"":11,""10plus"":56,""2to4"":11,""5to9"":7},{""1"":496,""10plus"":638,""2to4"":450,""5to9"":260},{""1"":6274,""10plus"":881,""2to4"":3266,""5to9"":989},{""1"":19987,""10plus"":351,""2to4"":4586,""5to9"":827},{""1"":30732,""10plus"":77,""2to4"":2791,""5to9"":281},{""1"":33902,""10plus"":6,""2to4"":1113,""5to9"":66},{""1"":32897,""10plus"":2,""2to4"":382,""5to9"":9},{""1"":30588,""10plus"":2,""2to4"":137,""5to9"":2}]",0.6261057090014219,1.6939987436890078,1465311232
C0,ud23,HOMERIC_TRADITION,209ee9f27c82f31d31eb16124569039d7847ed327f3a0f2b5c4eae048347e621,19,shuffled,8,100,0.5,8884,b0c5b9ca8f1a8304eb60bf002119e56f2986ef6dc4ff0ef6f0d4037b9b9dd119,61423,71088,47201,53304,4695.29314522288,,c62af8799a1c81d124f9f6a8606d657a4bc6f26ea359f0d55b2d01857ad4b98d,-169163.00495552548,194250,84,1.0,16,3320,53304,"[1,84,2082,15728,35226,39402,36893,33866,30968]","[{""1"":0,""10plus"":1,""2to4"":0,""5to9"":0},{""1"":11,""10plus"":55,""2to4"":10,""5to9"":8},{""1"":542,""10plus"":730,""2to4"":508,""5to9"":302},{""1"":8937,""10plus"":922,""2to4"":4552,""5to9"":1317},{""1"":30135,""10plus"":14,""2to4"":4750,""5to9"":327},{""1"":38729,""10plus"":0,""2to4"":671,""5to9"":2},{""1"":36852,""10plus"":0,""2to4"":41,""5to9"":0},{""1"":33865,""10plus"":0,""2to4"":1,""5to9"":0},{""1"":30968,""10plus"":0,""2to4"":0,""5to9"":0}]",0.8702454999984184,1.704589429878979,1465311232
C0,ud23,ATHENAEUS,4352f04fcfd7cbe580caddf69f309034ffb967d5d1bc8a8e809498de5bf8d329,0,original,8,100,0.5,8884,a327bf3cabcca1d9731a9278faf70378f8a2956e4826aee0c2e4e1b0d35e82d6,20391,23133,47148,53304,-10447.308387794561,,1619406d8c784dbf5c4d43e504d51d15df48e50b1f76f5a773ba903e24f6a584,-159326.79303649924,169942,81,0.0,19,3466,53304,"[1,82,1851,11464,25901,33761,34538,32503,29841]","[{""1"":0,""10plus"":1,""2to4"":0,""5to9"":0},{""1"":8,""10plus"":57,""2to4"":9,""5to9"":8},{""1"":498,""10plus"":632,""2to4"":463,""5to9"":258},{""1"":6320,""10plus"":909,""2to4"":3212,""5to9"":1023},{""1"":20025,""10plus"":329,""2to4"":4734,""5to9"":813},{""1"":30642,""10plus"":62,""2to4"":2822,""5to9"":235},{""1"":33419,""10plus"":5,""2to4"":1062,""5to9"":52},{""1"":32123,""10plus"":2,""2to4"":367,""5to9"":11},{""1"":29688,""10plus"":2,""2to4"":146,""5to9"":5}]",0.6115431250000256,0.6353279939812637,906403840
C0,ud23,ATHENAEUS,4352f04fcfd7cbe580caddf69f309034ffb967d5d1bc8a8e809498de5bf8d329,0,shuffled,8,100,0.5,8884,a327bf3cabcca1d9731a9278faf70378f8a2956e4826aee0c2e4e1b0d35e82d6,20391,23133,47148,53304,4394.965342772164,,dccf5d0bcf8816bef48d7c2d3ec1a65364840e6d83123962baafe9bd4c517551,-169774.1014242938,191016,81,1.0,19,3466,53304,"[1,82,2096,15621,35023,38853,36177,33063,30100]","[{""1"":0,""10plus"":1,""2to4"":0,""5to9"":0},{""1"":8,""10plus"":56,""2to4"":10,""5to9"":8},{""1"":564,""10plus"":724,""2to4"":502,""5to9"":306},{""1"":8832,""10plus"":959,""2to4"":4487,""5to9"":1343},{""1"":29922,""10plus"":19,""2to4"":4828,""5to9"":254},{""1"":38194,""10plus"":0,""2to4"":657,""5to9"":2},{""1"":36126,""10plus"":0,""2to4"":51,""5to9"":0},{""1"":33059,""10plus"":0,""2to4"":4,""5to9"":0},{""1"":30099,""10plus"":0,""2to4"":1,""5to9"":0}]",1.003646999999546,0.6374132121200091,906403840
C0,ud23,ATHENAEUS,4352f04fcfd7cbe580caddf69f309034ffb967d5d1bc8a8e809498de5bf8d329,1,original,8,100,0.5,8884,0dedd60a8f0c90cc8ac111a79fd00c2608bbd293700eae6773cae707025e6291,20270,23133,47141,53304,-10440.685438905755,,ff04910eedb0cfb81644f03f716ee162669a9294bdcc6b2316318d43b06b392b,-159529.78792218992,171005,81,0.0,19,3446,53304,"[1,82,1836,11530,26082,34041,34742,32686,30005]","[{""1"":0,""10plus"":1,""2to4"":0,""5to9"":0},{""1"":10,""10plus"":56,""2to4"":7,""5to9"":9},{""1"":464,""10plus"":642,""2to4"":480,""5to9"":250},{""1"":6326,""10plus"":900,""2to4"":3282,""5to9"":1022},{""1"":20227,""10plus"":335,""2to4"":4713,""5to9"":807},{""1"":31061,""10plus"":54,""2to4"":2695,""5to9"":231},{""1"":33698,""10plus"":7,""2to4"":988,""5to9"":49},{""1"":32369,""10plus"":2,""2to4"":304,""5to9"":11},{""1"":29889,""10plus"":2,""2to4"":111,""5to9"":3}]",0.6262464159990486,0.6340599509039748,955006976
C0,ud23,ATHENAEUS,4352f04fcfd7cbe580caddf69f309034ffb967d5d1bc8a8e809498de5bf8d329,1,shuffled,8,100,0.5,8884,0dedd60a8f0c90cc8ac111a79fd00c2608bbd293700eae6773cae707025e6291,20270,23133,47141,53304,4408.5676600591105,,9b15aec4a01922b1554489ba56c27398663be57a1a8bb6f87b052abf84509c05,-169970.47336109568,191756,81,1.0,19,3446,53304,"[1,81,2121,15768,35231,38913,36269,33163,30209]","[{""1"":0,""10plus"":1,""2to4"":0,""5to9"":0},{""1"":9,""10plus"":57,""2to4"":7,""5to9"":8},{""1"":554,""10plus"":727,""2to4"":545,""5to9"":295},{""1"":8935,""10plus"":930,""2to4"":4511,""5to9"":1392},{""1"":30201,""10plus"":13,""2to4"":4742,""5to9"":275},{""1"":38245,""10plus"":0,""2to4"":667,""5to9"":1},{""1"":36221,""10plus"":0,""2to4"":48,""5to9"":0},{""1"":33162,""10plus"":0,""2to4"":1,""5to9"":0},{""1"":30209,""10plus"":0,""2to4"":0,""5to9"":0}]",1.0341039169998112,0.6357769769510924,955006976
C0,ud23,ATHENAEUS,4352f04fcfd7cbe580caddf69f309034ffb967d5d1bc8a8e809498de5bf8d329,2,original,8,100,0.5,8884,7289b8b38ef7cb9bffb8c28377642bb6cfd53bcb302c70ace6f0cffe32a43d49,20324,23133,47015,53304,-10525.064780115645,,a533e27f86ec4f64f5bf2dfa09451d4b3ddd81974e91b96deebb7f844b97904a,-159626.6623244742,169609,80,0.0,20,3500,53304,"[1,81,1857,11547,25935,33748,34421,32363,29656]","[{""1"":0,""10plus"":1,""2to4"":0,""5to9"":0},{""1"":7,""10plus"":57,""2to4"":9,""5to9"":8},{""1"":496,""10plus"":640,""2to4"":458,""5to9"":263},{""1"":6354,""10plus"":907,""2to4"":3288,""5to9"":998},{""1"":20092,""10plus"":328,""2to4"":4682,""5to9"":833},{""1"":30713,""10plus"":54,""2to4"":2737,""5to9"":244},{""1"":33313,""10plus"":3,""2to4"":1055,""5to9"":50},{""1"":32017,""10plus"":2,""2to4"":336,""5to9"":8},{""1"":29516,""10plus"":2,""2to4"":136,""5to9"":2}]",0.5985175000005256,0.6170573629897262,1154035712
C0,ud23,ATHENAEUS,4352f04fcfd7cbe580caddf69f309034ffb967d5d1bc8a8e809498de5bf8d329,2,shuffled,8,100,0.5,8884,7289b8b38ef7cb9bffb8c28377642bb6cfd53bcb302c70ace6f0cffe32a43d49,20324,23133,47015,53304,4413.033979491709,,a26703720a0207417c065e97cd6ee0ab1f2ad2314c0fd2b1e84cd5a9d99e4e96,-170151.72710458984,190696,80,1.0,20,3500,53304,"[1,81,2119,15857,35104,38742,36026,32876,29890]","[{""1"":0,""10plus"":1,""2to4"":0,""5to9"":0},{""1"":8,""10plus"":56,""2to4"":8,""5to9"":9},{""1"":546,""10plus"":720,""2to4"":526,""5to9"":327},{""1"":9094,""10plus"":917,""2to4"":4476,""5to9"":1370},{""1"":30103,""10plus"":5,""2to4"":4726,""5to9"":270},{""1"":38107,""10plus"":0,""2to4"":635,""5to9"":0},{""1"":35985,""10plus"":0,""2to4"":41,""5to9"":0},{""1"":32872,""10plus"":0,""2to4"":4,""5to9"":0},{""1"":29889,""10plus"":0,""2to4"":1,""5to9"":0}]",0.8498770000005607,0.6173694480512495,1154035712
C0,ud23,ATHENAEUS,4352f04fcfd7cbe580caddf69f309034ffb967d5d1bc8a8e809498de5bf8d329,3,original,8,100,0.5,8884,0aa68ae5b66b85e6ff757ffe4265495bad65a698e2639c292c6b00ca71417534,20331,23133,47014,53304,-10566.484508759517,,3dbef0d529960e7f0842b638540304e6771786a5760aeae17937af48f924f347,-159568.9544051206,170644,82,0.0,18,3465,53304,"[1,83,1848,11630,26157,33908,34618,32548,29851]","[{""1"":0,""10plus"":1,""2to4"":0,""5to9"":0},{""1"":9,""10plus"":57,""2to4"":8,""5to9"":9},{""1"":477,""10plus"":637,""2to4"":467,""5to9"":267},{""1"":6413,""10plus"":889,""2to4"":3290,""5to9"":1038},{""1"":20345,""10plus"":322,""2to4"":4674,""5to9"":816},{""1"":30861,""10plus"":54,""2to4"":2758,""5to9"":235},{""1"":33550,""10plus"":6,""2to4"":1015,""5to9"":47},{""1"":32211,""10plus"":2,""2to4"":327,""5to9"":8},{""1"":29732,""10plus"":2,""2to4"":115,""5to9"":2}]",0.6078094159984175,0.6253063090716751,1199955968
C0,ud23,ATHENAEUS,4352f04fcfd7cbe580caddf69f309034ffb967d5d1bc8a8e809498de5bf8d329,3,shuffled,8,100,0.5,8884,0aa68ae5b66b85e6ff757ffe4265495bad65a698e2639c292c6b00ca71417534,20331,23133,47014,53304,4405.351876513538,,a75bffda46840932d592c2abfbda4a0f8a6271e13bd96268ecb51dc97bc0c635,-170135.43891388012,191404,82,1.0,18,3465,53304,"[1,82,2122,15776,35240,38886,36189,33044,30064]","[{""1"":0,""10plus"":1,""2to4"":0,""5to9"":0},{""1"":9,""10plus"":58,""2to4"":7,""5to9"":8},{""1"":571,""10plus"":732,""2to4"":520,""5to9"":299},{""1"":8958,""10plus"":926,""2to4"":4521,""5to9"":1371},{""1"":30278,""10plus"":14,""2to4"":4662,""5to9"":286},{""1"":38255,""10plus"":0,""2to4"":630,""5to9"":1},{""1"":36151,""10plus"":0,""2to4"":38,""5to9"":0},{""1"":33040,""10plus"":0,""2to4"":4,""5to9"":0},{""1"":30063,""10plus"":0,""2to4"":1,""5to9"":0}]",1.0164562499994645,0.6226743701263331,1199955968
C0,ud23,ATHENAEUS,4352f04fcfd7cbe580caddf69f309034ffb967d5d1bc8a8e809498de5bf8d329,4,original,8,100,0.5,8884,7d98d453a66987746fb3bd12c293ec547eebb9d747f9f1d800cf2bc6679f6064,20341,23133,46882,53304,-10552.211773061048,,fb02a73d2602d742f6dbb23ee4309a088a771b4c5269af29ffd9e23e5057831d,-159649.8374196476,170177,80,0.0,20,3478,53304,"[1,81,1840,11524,26112,33878,34562,32444,29735]","[{""1"":0,""10plus"":1,""2to4"":0,""5to9"":0},{""1"":11,""10plus"":57,""2to4"":5,""5to9"":8},{""1"":497,""10plus"":647,""2to4"":440,""5to9"":256},{""1"":6249,""10plus"":880,""2to4"":3357,""5to9"":1038},{""1"":20273,""10plus"":314,""2to4"":4698,""5to9"":827},{""1"":30865,""10plus"":56,""2to4"":2729,""5to9"":228},{""1"":33486,""10plus"":5,""2to4"":1022,""5to9"":49},{""1"":32096,""10plus"":2,""2to4"":337,""5to9"":9},{""1"":29604,""10plus"":2,""2to4"":126,""5to9"":3}]",0.5643915410000773,0.6160971399167465,1242677248
C0,ud23,ATHENAEUS,4352f04fcfd7cbe580caddf69f309034ffb967d5d1bc8a8e809498de5bf8d329,4,shuffled,8,100,0.5,8884,7d98d453a66987746fb3bd12c293ec547eebb9d747f9f1d800cf2bc6679f6064,20341,23133,46882,53304,4462.200378621928,,0c175c882d6ab146100d92c86fa3f6310b0bb503d30a52219752726decc7dce9,-170202.04919270866,191033,80,1.0,20,3478,53304,"[1,80,2116,15814,35182,38809,36115,32959,29957]","[{""1"":0,""10plus"":1,""2to4"":0,""5to9"":0},{""1"":9,""10plus"":56,""2to4"":6,""5to9"":9},{""1"":548,""10plus"":736,""2to4"":517,""5to9"":315},{""1"":9016,""10plus"":922,""2to4"":4503,""5to9"":1373},{""1"":30162,""10plus"":15,""2to4"":4742,""5to9"":263},{""1"":38176,""10plus"":0,""2to4"":632,""5to9"":1},{""1"":36071,""10plus"":0,""2to4"":44,""5to9"":0},{""1"":32957,""10plus"":0,""2to4"":2,""5to9"":0},{""1"":29957,""10plus"":0,""2to4"":0,""5to9"":0}]",0.9931410410008539,0.6160668898537551,1242677248
C0,ud23,ATHENAEUS,4352f04fcfd7cbe580caddf69f309034ffb967d5d1bc8a8e809498de5bf8d329,5,original,8,100,0.5,8884,1b46768c873892ba6622bcf217d45087fdf7f07b9595d3247853ea70d933fdc8,20328,23133,46934,53304,-10536.31922432594,,a16aa153fc72e4aa9e11941cb2f0b5d6bc37690dd32fee011c391cb0fc4147d0,-159337.26436224856,169618,81,0.0,19,3480,53304,"[1,82,1834,11486,25910,33713,34449,32415,29728]","[{""1"":0,""10plus"":1,""2to4"":0,""5to9"":0},{""1"":8,""10plus"":55,""2to4"":10,""5to9"":9},{""1"":475,""10plus"":635,""2to4"":462,""5to9"":262},{""1"":6341,""10plus"":906,""2to4"":3229,""5to9"":1010},{""1"":20101,""10plus"":338,""2to4"":4642,""5to9"":829},{""1"":30652,""10plus"":57,""2to4"":2753,""5to9"":251},{""1"":33306,""10plus"":6,""2to4"":1087,""5to9"":50},{""1"":32033,""10plus"":3,""2to4"":368,""5to9"":11},{""1"":29578,""10plus"":2,""2to4"":141,""5to9"":7}]",0.6184422500009532,0.6147103339499154,1262174208
C0,ud23,ATHENAEUS,4352f04fcfd7cbe580caddf69f309034ffb967d5d1bc8a8e809498de5bf8d329,5,shuffled,8,100,0.5,8884,1b46768c873892ba6622bcf217d45087fdf7f07b9595d3247853ea70d933fdc8,20328,23133,46934,53304,4454.5077574889,,d570bad6286de4569b763d471ec14346332c4592dc002f85cb84f07d3ab8faba,-169873.5835865745,191012,81,1.0,19,3480,53304,"[1,82,2095,15734,35247,38806,36106,32965,29976]","[{""1"":0,""10plus"":1,""2to4"":0,""5to9"":0},{""1"":8,""10plus"":55,""2to4"":11,""5to9"":8},{""1"":573,""10plus"":721,""2to4"":490,""5to9"":311},{""1"":8937,""10plus"":936,""2to4"":4506,""5to9"":1355},{""1"":30206,""10plus"":6,""2to4"":4778,""5to9"":257},{""1"":38168,""10plus"":0,""2to4"":638,""5to9"":0},{""1"":36064,""10plus"":0,""2to4"":42,""5to9"":0},{""1"":32962,""10plus"":0,""2to4"":3,""5to9"":0},{""1"":29976,""10plus"":0,""2to4"":0,""5to9"":0}]",1.0214249170003313,0.6162117407802725,1262174208
C0,ud23,ATHENAEUS,4352f04fcfd7cbe580caddf69f309034ffb967d5d1bc8a8e809498de5bf8d329,6,original,8,100,0.5,8884,b33b21c5061840d43a1c5433acb601b9a8d9a656c09ee482b7ace8a790d161b2,20282,23133,46981,53304,-10505.925021706236,,1fc4a66f2290c253ffb1f18b8132963079c30163efd4d32ed2e766abe5935750,-159563.58133290132,169937,81,0.0,19,3480,53304,"[1,82,1850,11538,26045,33774,34499,32422,29726]","[{""1"":0,""10plus"":1,""2to4"":0,""5to9"":0},{""1"":10,""10plus"":55,""2to4"":7,""5to9"":10},{""1"":491,""10plus"":629,""2to4"":449,""5to9"":281},{""1"":6339,""10plus"":895,""2to4"":3281,""5to9"":1023},{""1"":20242,""10plus"":343,""2to4"":4673,""5to9"":787},{""1"":30700,""10plus"":57,""2to4"":2782,""5to9"":235},{""1"":33387,""10plus"":4,""2to4"":1062,""5to9"":46},{""1"":32057,""10plus"":2,""2to4"":355,""5to9"":8},{""1"":29573,""10plus"":2,""2to4"":148,""5to9"":3}]",0.5685044580004615,0.6165838049400918,1279614976
C0,ud23,ATHENAEUS,4352f04fcfd7cbe580caddf69f309034ffb967d5d1bc8a8e809498de5bf8d329,6,shuffled,8,100,0.5,8884,b33b21c5061840d43a1c5433acb601b9a8d9a656c09ee482b7ace8a790d161b2,20282,23133,46981,53304,4485.407293894998,,e10ba3c514a429c3aa60289d501d1d7d60654cb345b8dc97812fb50932de43e0,-170069.50635460755,191194,81,1.0,19,3480,53304,"[1,81,2114,15815,35274,38859,36101,32963,29986]","[{""1"":0,""10plus"":1,""2to4"":0,""5to9"":0},{""1"":10,""10plus"":56,""2to4"":6,""5to9"":9},{""1"":528,""10plus"":724,""2to4"":553,""5to9"":309},{""1"":8963,""10plus"":910,""2to4"":4571,""5to9"":1371},{""1"":30306,""10plus"":18,""2to4"":4722,""5to9"":228},{""1"":38264,""10plus"":0,""2to4"":594,""5to9"":1},{""1"":36052,""10plus"":0,""2to4"":49,""5to9"":0},{""1"":32959,""10plus"":0,""2to4"":4,""5to9"":0},{""1"":29986,""10plus"":0,""2to4"":0,""5to9"":0}]",0.9886028329983674,0.6194410710777447,1279614976
C0,ud23,ATHENAEUS,4352f04fcfd7cbe580caddf69f309034ffb967d5d1bc8a8e809498de5bf8d329,7,original,8,100,0.5,8884,8996a5b048d791f177681d1e90b8dbbec5a3f9437eda89a4ffeeb4a18a8e5747,20201,23133,46927,53304,-10407.326045219786,,8ddb56be869ec820194802495775145b06461afd42930bdb7c92f7fe4f516a2d,-159723.2839720147,169922,79,0.0,21,3481,53304,"[1,80,1854,11601,26022,33799,34474,32401,29690]","[{""1"":0,""10plus"":1,""2to4"":0,""5to9"":0},{""1"":4,""10plus"":58,""2to4"":10,""5to9"":8},{""1"":490,""10plus"":632,""2to4"":446,""5to9"":286},{""1"":6407,""10plus"":896,""2to4"":3265,""5to9"":1033},{""1"":20160,""10plus"":314,""2to4"":4717,""5to9"":831},{""1"":30766,""10plus"":58,""2to4"":2748,""5to9"":227},{""1"":33362,""10plus"":6,""2to4"":1065,""5to9"":41},{""1"":32029,""10plus"":2,""2to4"":364,""5to9"":6},{""1"":29533,""10plus"":2,""2to4"":154,""5to9"":1}]",0.6204552910003258,0.614823742009321,1281486848
C0,ud23,ATHENAEUS,4352f04fcfd7cbe580caddf69f309034ffb967d5d1bc8a8e809498de5bf8d329,7,shuffled,8,100,0.5,8884,8996a5b048d791f177681d1e90b8dbbec5a3f9437eda89a4ffeeb4a18a8e5747,20201,23133,46927,53304,4467.806642061361,,2b96ec6e34fde5e47e8c0c3680a4d6b428d1fcc1d9c4f7d20a2f5c96a5f8f851,-170130.6100172345,190957,79,1.0,21,3481,53304,"[1,80,2157,15822,35151,38771,36097,32939,29939]","[{""1"":0,""10plus"":1,""2to4"":0,""5to9"":0},{""1"":5,""10plus"":58,""2to4"":9,""5to9"":8},{""1"":587,""10plus"":718,""2to4"":544,""5to9"":308},{""1"":9050,""10plus"":942,""2to4"":4495,""5to9"":1335},{""1"":30126,""10plus"":13,""2to4"":4760,""5to9"":252},{""1"":38110,""10plus"":0,""2to4"":661,""5to9"":0},{""1"":36058,""10plus"":0,""2to4"":39,""5to9"":0},{""1"":32939,""10plus"":0,""2to4"":0,""5to9"":0},{""1"":29939,""10plus"":0,""2to4"":0,""5to9"":0}]",0.8509256249999453,0.6203761141423456,1281486848
C0,ud23,ATHENAEUS,4352f04fcfd7cbe580caddf69f309034ffb967d5d1bc8a8e809498de5bf8d329,8,original,8,100,0.5,8884,7ab11e66a4fda100383b2cdd23a68fbe3a404d8f7d700e8af7e0325dafdfcd60,20251,23133,46778,53304,-10480.84850519264,,f33908a8aef5947134ea6878acf5e7ea39419ae58cd136b0914e77de185683e0,-159380.49597836292,168901,79,0.0,21,3537,53304,"[1,80,1835,11524,25979,33650,34283,32149,29400]","[{""1"":0,""10plus"":1,""2to4"":0,""5to9"":0},{""1"":7,""10plus"":55,""2to4"":8,""5to9"":10},{""1"":474,""10plus"":640,""2to4"":458,""5to9"":263},{""1"":6352,""10plus"":883,""2to4"":3270,""5to9"":1019},{""1"":20208,""10plus"":328,""2to4"":4655,""5to9"":788},{""1"":30595,""10plus"":60,""2to4"":2780,""5to9"":215},{""1"":33194,""10plus"":3,""2to4"":1047,""5to9"":39},{""1"":31806,""10plus"":2,""2to4"":335,""5to9"":6},{""1"":29265,""10plus"":2,""2to4"":132,""5to9"":1}]",0.6031292079987907,0.6155246260277636,1284829184
C0,ud23,ATHENAEUS,4352f04fcfd7cbe580caddf69f309034ffb967d5d1bc8a8e809498de5bf8d329,8,shuffled,8,100,0.5,8884,7ab11e66a4fda100383b2cdd23a68fbe3a404d8f7d700e8af7e0325dafdfcd60,20251,23133,46778,53304,4338.103820979624,,77451ba14b2fcd0d3bf008bcb1dc589726790c85daae38da38056dc501d52efe,-169861.34448355556,189392,79,1.0,21,3537,53304,"[1,80,2101,15780,34852,38525,35817,32630,29606]","[{""1"":0,""10plus"":1,""2to4"":0,""5to9"":0},{""1"":7,""10plus"":54,""2to4"":8,""5to9"":11},{""1"":549,""10plus"":718,""2to4"":497,""5to9"":337},{""1"":9063,""10plus"":907,""2to4"":4478,""5to9"":1332},{""1"":29815,""10plus"":11,""2to4"":4751,""5to9"":275},{""1"":37828,""10plus"":0,""2to4"":697,""5to9"":0},{""1"":35767,""10plus"":0,""2to4"":50,""5to9"":0},{""1"":32628,""10plus"":0,""2to4"":2,""5to9"":0},{""1"":29606,""10plus"":0,""2to4"":0,""5to9"":0}]",1.0083202090008854,0.61434511819607,1284829184
C0,ud23,ATHENAEUS,4352f04fcfd7cbe580caddf69f309034ffb967d5d1bc8a8e809498de5bf8d329,9,original,8,100,0.5,8884,fdfa082f0bfbe7df92ae8212aa25a867f163a586baf3c36873225959e4eaa91c,20265,23133,46959,53304,-10520.595419645193,,8ee80a0d07b9a7f2a1dc19cdc0f9f244879c73fb1282e1d4e9d3307e2efbb0f4,-159369.92207079454,170286,78,0.0,22,3463,53304,"[1,79,1832,11483,25970,33842,34610,32562,29907]","[{""1"":0,""10plus"":1,""2to4"":0,""5to9"":0},{""1"":5,""10plus"":55,""2to4"":9,""5to9"":10},{""1"":484,""10plus"":628,""2to4"":453,""5to9"":267},{""1"":6339,""10plus"":908,""2to4"":3203,""5to9"":1033},{""1"":20108,""10plus"":327,""2to4"":4715,""5to9"":820},{""1"":30750,""10plus"":56,""2to4"":2804,""5to9"":232},{""1"":33510,""10plus"":5,""2to4"":1055,""5to9"":40},{""1"":32198,""10plus"":2,""2to4"":357,""5to9"":5},{""1"":29774,""10plus"":2,""2to4"":130,""5to9"":1}]",0.5689057079998747,0.6134458299802645,1287532544
C0,ud23,ATHENAEUS,4352f04fcfd7cbe580caddf69f309034ffb967d5d1bc8a8e809498de5bf8d329,9,shuffled,8,100,0.5,8884,fdfa082f0bfbe7df92ae8212aa25a867f163a586baf3c36873225959e4eaa91c,20265,23133,46959,53304,4511.306202115462,,f183aa75076468789b828de82038988e1f3961204a86d5da6823c4343a9086aa,-169890.51749043973,191395,78,1.0,22,3463,53304,"[1,79,2076,15744,35169,38900,36220,33084,30122]","[{""1"":0,""10plus"":1,""2to4"":0,""5to9"":0},{""1"":6,""10plus"":57,""2to4"":8,""5to9"":8},{""1"":547,""10plus"":721,""2to4"":488,""5to9"":320},{""1"":8925,""10plus"":935,""2to4"":4548,""5to9"":1336},{""1"":30089,""10plus"":11,""2to4"":4825,""5to9"":244},{""1"":38266,""10plus"":0,""2to4"":634,""5to9"":0},{""1"":36189,""10plus"":0,""2to4"":31,""5to9"":0},{""1"":33083,""10plus"":0,""2to4"":1,""5to9"":0},{""1"":30122,""10plus"":0,""2to4"":0,""5to9"":0}]",1.0019359580001037,0.6150100178838329,1287532544
C0,ud23,ATHENAEUS,4352f04fcfd7cbe580caddf69f309034ffb967d5d1bc8a8e809498de5bf8d329,10,original,8,100,0.5,8884,7c2d51cf3429e5a5b299c3caf08abe2421dd3d4978050deae6e65908fa983a9a,20289,23133,46906,53304,-10416.484752536257,,9492fcc76ccc06241dd8a6d960494ae3694de8027f7b80849851ce0c6d9ba648,-159726.966065288,169356,80,0.0,20,3517,53304,"[1,81,1852,11574,26000,33720,34367,32245,29516]","[{""1"":0,""10plus"":1,""2to4"":0,""5to9"":0},{""1"":7,""10plus"":56,""2to4"":9,""5to9"":9},{""1"":487,""10plus"":641,""2to4"":462,""5to9"":262},{""1"":6403,""10plus"":875,""2to4"":3247,""5to9"":1049},{""1"":20216,""10plus"":313,""2to4"":4645,""5to9"":826},{""1"":30695,""10plus"":48,""2to4"":2749,""5to9"":228},{""1"":33282,""10plus"":5,""2to4"":1042,""5to9"":38},{""1"":31897,""10plus"":2,""2to4"":337,""5to9"":9},{""1"":29385,""10plus"":2,""2to4"":127,""5to9"":2}]",0.6197043749998556,0.6140692558838055,1290825728
C0,ud23,ATHENAEUS,4352f04fcfd7cbe580caddf69f309034ffb967d5d1bc8a8e809498de5bf8d329,10,shuffled,8,100,0.5,8884,7c2d51cf3429e5a5b299c3caf08abe2421dd3d4978050deae6e65908fa983a9a,20289,23133,46906,53304,4414.669707944675,,9a9a685c8c9fb2c880ac985d887d64c34dc72426f76828e2ba23c3d6d61495e9,-170143.45081782425,190109,80,1.0,20,3517,53304,"[1,81,2107,15807,35045,38637,35925,32758,29748]","[{""1"":0,""10plus"":1,""2to4"":0,""5to9"":0},{""1"":8,""10plus"":56,""2to4"":10,""5to9"":7},{""1"":544,""10plus"":722,""2to4"":534,""5to9"":307},{""1"":9023,""10plus"":912,""2to4"":4456,""5to9"":1416},{""1"":30049,""10plus"":15,""2to4"":4726,""5to9"":255},{""1"":37978,""10plus"":0,""2to4"":659,""5to9"":0},{""1"":35882,""10plus"":0,""2to4"":43,""5to9"":0},{""1"":32756,""10plus"":0,""2to4"":2,""5to9"":0},{""1"":29748,""10plus"":0,""2to4"":0,""5to9"":0}]",0.8429520419995242,0.6149882910376618,1290825728
C0,ud23,ATHENAEUS,4352f04fcfd7cbe580caddf69f309034ffb967d5d1bc8a8e809498de5bf8d329,11,original,8,100,0.5,8884,dc1bd2b6439c305be1050ab1727209d3db40972922b939afdc0b7c1cfd5fbad0,20310,23133,47002,53304,-10372.620867894642,,7fdf59eac1861c23506deb3fb53e42efae3d76091515912ef08ecb3d506d91f3,-159342.33688744163,169878,81,0.0,19,3478,53304,"[1,82,1838,11477,25934,33791,34537,32459,29759]","[{""1"":0,""10plus"":1,""2to4"":0,""5to9"":0},{""1"":8,""10plus"":55,""2to4"":12,""5to9"":7},{""1"":491,""10plus"":625,""2to4"":457,""5to9"":265},{""1"":6305,""10plus"":920,""2to4"":3225,""5to9"":1027},{""1"":20071,""10plus"":343,""2to4"":4724,""5to9"":796},{""1"":30746,""10plus"":64,""2to4"":2746,""5to9"":235},{""1"":33475,""10plus"":7,""2to4"":1010,""5to9"":45},{""1"":32127,""10plus"":3,""2to4"":321,""5to9"":8},{""1"":29635,""10plus"":2,""2to4"":120,""5to9"":2}]",0.6309377090001362,0.6147542561193404,1291128832
C0,ud23,ATHENAEUS,4352f04fcfd7cbe580caddf69f309034ffb967d5d1bc8a8e809498de5bf8d329,11,shuffled,8,100,0.5,8884,dc1bd2b6439c305be1050ab1727209d3db40972922b939afdc0b7c1cfd5fbad0,20310,23133,47002,53304,4440.022608643019,,43dfa46094409f5fae745a7e584f677243b6a02e25edbba7df11c6e12effd77f,-169714.95775533628,190828,81,1.0,19,3478,53304,"[1,82,2100,15697,35123,38796,36097,32957,29975]","[{""1"":0,""10plus"":1,""2to4"":0,""5to9"":0},{""1"":8,""10plus"":56,""2to4"":13,""5to9"":5},{""1"":558,""10plus"":717,""2to4"":506,""5to9"":319},{""1"":8867,""10plus"":940,""2to4"":4532,""5to9"":1358},{""1"":30110,""10plus"":13,""2to4"":4735,""5to9"":265},{""1"":38138,""10plus"":0,""2to4"":658,""5to9"":0},{""1"":36050,""10plus"":0,""2to4"":47,""5to9"":0},{""1"":32955,""10plus"":0,""2to4"":2,""5to9"":0},{""1"":29974,""10plus"":0,""2to4"":1,""5to9"":0}]",0.8426864579996618,0.6187565040472691,1291128832
C0,ud23,ATHENAEUS,4352f04fcfd7cbe580caddf69f309034ffb967d5d1bc8a8e809498de5bf8d329,12,original,8,100,0.5,8884,615497f9675d0b0852366de6195f5bf06430238eed5dbc1a4df4ffda49fe3c21,20312,23133,46899,53304,-10410.715123080503,,6b3fddd2bf6dd4b38c7e1566cc04034142023885531260c9b7eb2358b38a0f8c,-159582.78656733327,170557,79,0.0,21,3461,53304,"[1,80,1839,11538,26109,33941,34655,32549,29845]","[{""1"":0,""10plus"":1,""2to4"":0,""5to9"":0},{""1"":7,""10plus"":58,""2to4"":5,""5to9"":10},{""1"":474,""10plus"":632,""2to4"":460,""5to9"":273},{""1"":6335,""10plus"":911,""2to4"":3235,""5to9"":1057},{""1"":20246,""10plus"":321,""2to4"":4704,""5to9"":838},{""1"":30892,""10plus"":47,""2to4"":2771,""5to9"":231},{""1"":33581,""10plus"":4,""2to4"":1031,""5to9"":39},{""1"":32203,""10plus"":2,""2to4"":335,""5to9"":9},{""1"":29716,""10plus"":2,""2to4"":123,""5to9"":4}]",0.6006929589984793,0.6157559979183134,1292578816
C0,ud23,ATHENAEUS,4352f04fcfd7cbe580caddf69f309034ffb967d5d1bc8a8e809498de5bf8d329,12,shuffled,8,100,0.5,8884,615497f9675d0b0852366de6195f5bf06430238eed5dbc1a4df4ffda49fe3c21,20312,23133,46899,53304,4415.879149905435,,762927fb75458aec35567846443ed38f6f64cd62768f643887031c7afa73ed41,-169993.50169041377,191482,79,1.0,21,3461,53304,"[1,80,2111,15818,35291,38887,36187,33046,30061]","[{""1"":0,""10plus"":1,""2to4"":0,""5to9"":0},{""1"":8,""10plus"":57,""2to4"":6,""5to9"":9},{""1"":562,""10plus"":724,""2to4"":515,""5to9"":310},{""1"":9053,""10plus"":925,""2to4"":4440,""5to9"":1400},{""1"":30349,""10plus"":15,""2to4"":4663,""5to9"":264},{""1"":38262,""10plus"":0,""2to4"":625,""5to9"":0},{""1"":36138,""10plus"":0,""2to4"":49,""5to9"":0},{""1"":33042,""10plus"":0,""2to4"":4,""5to9"":0},{""1"":30061,""10plus"":0,""2to4"":0,""5to9"":0}]",1.0002517920001992,0.6194623010287614,1292578816
C0,ud23,ATHENAEUS,4352f04fcfd7cbe580caddf69f309034ffb967d5d1bc8a8e809498de5bf8d329,13,original,8,100,0.5,8884,ea37adbf7abdee2189d79df012f52e07e8dcfafea1dc6a40daa2561f02a6af0b,20187,23133,47033,53304,-10541.421364236186,,30f45e74f845f696391590b55a7384ffe7278eaffab02e4d84d1fc136f61f3a6,-159581.65742498077,170395,80,0.0,20,3462,53304,"[1,81,1862,11580,26128,33832,34554,32513,29844]","[{""1"":0,""10plus"":1,""2to4"":0,""5to9"":0},{""1"":6,""10plus"":56,""2to4"":9,""5to9"":10},{""1"":485,""10plus"":635,""2to4"":477,""5to9"":265},{""1"":6396,""10plus"":912,""2to4"":3263,""5to9"":1009},{""1"":20310,""10plus"":328,""2to4"":4690,""5to9"":800},{""1"":30769,""10plus"":60,""2to4"":2754,""5to9"":249},{""1"":33422,""10plus"":7,""2to4"":1077,""5to9"":48},{""1"":32145,""10plus"":2,""2to4"":357,""5to9"":9},{""1"":29696,""10plus"":2,""2to4"":144,""5to9"":2}]",0.6265438330010511,0.6146950340735202,1293643776
C0,ud23,ATHENAEUS,4352f04fcfd7cbe580caddf69f309034ffb967d5d1bc8a8e809498de5bf8d329,13,shuffled,8,100,0.5,8884,ea37adbf7abdee2189d79df012f52e07e8dcfafea1dc6a40daa2561f02a6af0b,20187,23133,47033,53304,4481.951221645722,,51cce94ffb0294b390e4a06a2dad3712e5e51655882490db9d6c013b3db45a4d,-170123.07878921696,191368,80,1.0,20,3462,53304,"[1,81,2108,15717,35267,38840,36201,33061,30092]","[{""1"":0,""10plus"":1,""2to4"":0,""5to9"":0},{""1"":6,""10plus"":57,""2to4"":9,""5to9"":9},{""1"":547,""10plus"":736,""2to4"":533,""5to9"":292},{""1"":8871,""10plus"":902,""2to4"":4494,""5to9"":1450},{""1"":30314,""10plus"":18,""2to4"":4676,""5to9"":259},{""1"":38148,""10plus"":0,""2to4"":692,""5to9"":0},{""1"":36159,""10plus"":0,""2to4"":42,""5to9"":0},{""1"":33061,""10plus"":0,""2to4"":0,""5to9"":0},{""1"":30092,""10plus"":0,""2to4"":0,""5to9"":0}]",0.8601074159996642,0.6167891680524917,1293643776
C0,ud23,ATHENAEUS,4352f04fcfd7cbe580caddf69f309034ffb967d5d1bc8a8e809498de5bf8d329,14,original,8,100,0.5,8884,a51b9afb46275e738e94e4ce1687fa8fb09bebf1d6066e84e90987178864c636,20338,23133,46963,53304,-10376.006064060784,,fa00a7ae6f4f420ecea7a3c2e93fbf85e71173a01779779cd5241e5796ee161a,-159727.2910341278,169544,80,0.0,20,3508,53304,"[1,80,1858,11599,26141,33769,34356,32232,29508]","[{""1"":0,""10plus"":1,""2to4"":0,""5to9"":0},{""1"":6,""10plus"":55,""2to4"":10,""5to9"":9},{""1"":502,""10plus"":638,""2to4"":443,""5to9"":275},{""1"":6363,""10plus"":893,""2to4"":3313,""5to9"":1030},{""1"":20377,""10plus"":316,""2to4"":4627,""5to9"":821},{""1"":30777,""10plus"":58,""2to4"":2710,""5to9"":224},{""1"":33250,""10plus"":5,""2to4"":1062,""5to9"":39},{""1"":31865,""10plus"":2,""2to4"":359,""5to9"":6},{""1"":29354,""10plus"":2,""2to4"":151,""5to9"":1}]",0.6383304999999382,0.6168358222148527,1293643776
C0,ud23,ATHENAEUS,4352f04fcfd7cbe580caddf69f309034ffb967d5d1bc8a8e809498de5bf8d329,14,shuffled,8,100,0.5,8884,a51b9afb46275e738e94e4ce1687fa8fb09bebf1d6066e84e90987178864c636,20338,23133,46963,53304,4400.222189820983,,09c3ecc2d4902a14a4c54665ab322abfc98bfbdebfc904d87078a1955442c77c,-170103.29709818857,190352,80,1.0,20,3508,53304,"[1,81,2082,15838,35183,38688,35952,32767,29760]","[{""1"":0,""10plus"":1,""2to4"":0,""5to9"":0},{""1"":8,""10plus"":55,""2to4"":10,""5to9"":8},{""1"":518,""10plus"":729,""2to4"":515,""5to9"":320},{""1"":8957,""10plus"":919,""2to4"":4581,""5to9"":1381},{""1"":30267,""10plus"":14,""2to4"":4627,""5to9"":275},{""1"":38049,""10plus"":0,""2to4"":639,""5to9"":0},{""1"":35909,""10plus"":0,""2to4"":43,""5to9"":0},{""1"":32764,""10plus"":0,""2to4"":3,""5to9"":0},{""1"":29760,""10plus"":0,""2to4"":0,""5to9"":0}]",0.8504496670011576,0.6139956938895921,1293643776
C0,ud23,ATHENAEUS,4352f04fcfd7cbe580caddf69f309034ffb967d5d1bc8a8e809498de5bf8d329,15,original,8,100,0.5,8884,7142287c24a6031bb40db071f123960314b6c9b87193b6af7ef506100e13f1d2,20372,23133,47103,53304,-10263.223634667433,,2909d5e30655760e1bd4c0a38df412fcdd6f4c01a63357cd49a9d3af37697f87,-159622.2879002614,170021,80,0.0,20,3468,53304,"[1,81,1823,11496,26007,33815,34529,32472,29797]","[{""1"":0,""10plus"":1,""2to4"":0,""5to9"":0},{""1"":7,""10plus"":55,""2to4"":8,""5to9"":11},{""1"":461,""10plus"":644,""2to4"":448,""5to9"":270},{""1"":6292,""10plus"":920,""2to4"":3293,""5to9"":991},{""1"":20155,""10plus"":336,""2to4"":4690,""5to9"":826},{""1"":30754,""10plus"":60,""2to4"":2782,""5to9"":219},{""1"":33424,""10plus"":5,""2to4"":1044,""5to9"":56},{""1"":32110,""10plus"":3,""2to4"":350,""5to9"":9},{""1"":29661,""10plus"":2,""2to4"":129,""5to9"":5}]",0.6009816669993597,0.615833063973696,1293643776
C0,ud23,ATHENAEUS,4352f04fcfd7cbe580caddf69f309034ffb967d5d1bc8a8e809498de5bf8d329,15,shuffled,8,100,0.5,8884,7142287c24a6031bb40db071f123960314b6c9b87193b6af7ef506100e13f1d2,20372,23133,47103,53304,4504.576603893802,,19c3cbfe48041b51b6a78ffde18d2d3acc60be588575bf92d510cddbd4af8bcb,-169885.51153492884,190992,80,1.0,20,3468,53304,"[1,81,2095,15652,35119,38845,36152,33014,30033]","[{""1"":0,""10plus"":1,""2to4"":0,""5to9"":0},{""1"":8,""10plus"":55,""2to4"":8,""5to9"":10},{""1"":549,""10plus"":708,""2to4"":503,""5to9"":335},{""1"":8798,""10plus"":951,""2to4"":4548,""5to9"":1355},{""1"":30053,""10plus"":13,""2to4"":4787,""5to9"":266},{""1"":38197,""10plus"":0,""2to4"":648,""5to9"":0},{""1"":36104,""10plus"":0,""2to4"":48,""5to9"":0},{""1"":33008,""10plus"":0,""2to4"":6,""5to9"":0},{""1"":30032,""10plus"":0,""2to4"":1,""5to9"":0}]",0.9908258329996897,0.6144694250015164,1293643776
C0,ud23,ATHENAEUS,4352f04fcfd7cbe580caddf69f309034ffb967d5d1bc8a8e809498de5bf8d329,16,original,8,100,0.5,8884,8c017f406f45f7313dd6c42d27d865b2200faeebe44b8cc158e5fdacd1cf0a99,20354,23133,46889,53304,-10494.213667526114,,776c8ea5dbe518db304d3e3da0de36930631f12ac64f6f2ec355eeafff812ba9,-159468.1924966561,170268,81,0.0,19,3494,53304,"[1,82,1824,11574,26088,33866,34572,32479,29782]","[{""1"":0,""10plus"":1,""2to4"":0,""5to9"":0},{""1"":10,""10plus"":56,""2to4"":9,""5to9"":7},{""1"":451,""10plus"":649,""2to4"":468,""5to9"":256},{""1"":6399,""10plus"":889,""2to4"":3243,""5to9"":1043},{""1"":20310,""10plus"":319,""2to4"":4638,""5to9"":821},{""1"":30831,""10plus"":60,""2to4"":2765,""5to9"":210},{""1"":33523,""10plus"":4,""2to4"":995,""5to9"":50},{""1"":32154,""10plus"":2,""2to4"":317,""5to9"":6},{""1"":29674,""10plus"":2,""2to4"":105,""5to9"":1}]",0.6269373329996597,0.6189385519937787,1297293312
C0,ud23,ATHENAEUS,4352f04fcfd7cbe580caddf69f309034ffb967d5d1bc8a8e809498de5bf8d329,16,shuffled,8,100,0.5,8884,8c017f406f45f7313dd6c42d27d865b2200faeebe44b8cc158e5fdacd1cf0a99,20354,23133,46889,53304,4441.660292117391,,b788bbf98d18e770105fc3be959c2cddb6112a052b8235dd1e8840b9c3d314d6,-169962.4061641822,190816,81,1.0,19,3494,53304,"[1,82,2078,15771,35212,38737,36056,32927,29952]","[{""1"":0,""10plus"":1,""2to4"":0,""5to9"":0},{""1"":10,""10plus"":57,""2to4"":10,""5to9"":5},{""1"":540,""10plus"":727,""2to4"":490,""5to9"":321},{""1"":8929,""10plus"":938,""2to4"":4525,""5to9"":1379},{""1"":30292,""10plus"":13,""2to4"":4628,""5to9"":279},{""1"":38081,""10plus"":0,""2to4"":655,""5to9"":1},{""1"":36010,""10plus"":0,""2to4"":46,""5to9"":0},{""1"":32926,""10plus"":0,""2to4"":1,""5to9"":0},{""1"":29952,""10plus"":0,""2to4"":0,""5to9"":0}]",0.8651060840002174,0.6205143697989115,1297293312
C0,ud23,ATHENAEUS,4352f04fcfd7cbe580caddf69f309034ffb967d5d1bc8a8e809498de5bf8d329,17,original,8,100,0.5,8884,c56fee78cd6c737a33800748d7b880bc5af6e736a8a0b6e73061b7a9f048df81,20271,23133,47087,53304,-10409.587548845273,,6dfc012f56885780f66a625c344e6b8ebcd37e02a59a3d629cf9d89a5877e5e8,-159556.01908039817,170559,81,0.0,19,3458,53304,"[1,82,1851,11556,26052,33864,34656,32592,29905]","[{""1"":0,""10plus"":1,""2to4"":0,""5to9"":0},{""1"":8,""10plus"":56,""2to4"":11,""5to9"":7},{""1"":481,""10plus"":639,""2to4"":473,""5to9"":258},{""1"":6387,""10plus"":886,""2to4"":3268,""5to9"":1015},{""1"":20244,""10plus"":332,""2to4"":4671,""5to9"":805},{""1"":30757,""10plus"":60,""2to4"":2825,""5to9"":222},{""1"":33596,""10plus"":4,""2to4"":1007,""5to9"":49},{""1"":32268,""10plus"":2,""2to4"":313,""5to9"":9},{""1"":29790,""10plus"":2,""2to4"":109,""5to9"":4}]",0.6092878340004972,0.617976150895629,1299152896
C0,ud23,ATHENAEUS,4352f04fcfd7cbe580caddf69f309034ffb967d5d1bc8a8e809498de5bf8d329,17,shuffled,8,100,0.5,8884,c56fee78cd6c737a33800748d7b880bc5af6e736a8a0b6e73061b7a9f048df81,20271,23133,47087,53304,4500.173238060437,,c4013198365ba7dc069daa5bdff827662837bbd3dedcdbf56ac56eea3809a98d,-169965.60662924344,191672,81,1.0,19,3458,53304,"[1,81,2098,15766,35374,38915,36226,33090,30121]","[{""1"":0,""10plus"":1,""2to4"":0,""5to9"":0},{""1"":7,""10plus"":55,""2to4"":11,""5to9"":8},{""1"":556,""10plus"":727,""2to4"":501,""5to9"":314},{""1"":8937,""10plus"":918,""2to4"":4501,""5to9"":1410},{""1"":30490,""10plus"":15,""2to4"":4624,""5to9"":245},{""1"":38301,""10plus"":0,""2to4"":613,""5to9"":1},{""1"":36195,""10plus"":0,""2to4"":31,""5to9"":0},{""1"":33086,""10plus"":0,""2to4"":4,""5to9"":0},{""1"":30121,""10plus"":0,""2to4"":0,""5to9"":0}]",1.0210018329999002,0.6187661387593835,1299152896
C0,ud23,ATHENAEUS,4352f04fcfd7cbe580caddf69f309034ffb967d5d1bc8a8e809498de5bf8d329,18,original,8,100,0.5,8884,e1295b06cde8d6abff45fdf39a4b8309906eb4fe5b88a09083f0881a33b50621,20264,23133,46774,53304,-10564.127794151544,,56bba6cbc9b16978158cd32a2a901681b6c6efd5db9482f6bfffe58a625a085c,-159331.96472682655,169432,79,0.0,21,3488,53304,"[1,80,1815,11477,25891,33697,34411,32365,29695]","[{""1"":0,""10plus"":1,""2to4"":0,""5to9"":0},{""1"":6,""10plus"":55,""2to4"":10,""5to9"":9},{""1"":462,""10plus"":638,""2to4"":448,""5to9"":267},{""1"":6307,""10plus"":903,""2to4"":3243,""5to9"":1024},{""1"":19986,""10plus"":331,""2to4"":4805,""5to9"":769},{""1"":30617,""10plus"":60,""2to4"":2780,""5to9"":240},{""1"":33279,""10plus"":4,""2to4"":1079,""5to9"":49},{""1"":31998,""10plus"":2,""2to4"":353,""5to9"":12},{""1"":29563,""10plus"":2,""2to4"":126,""5to9"":4}]",0.5690532089993212,0.6134650320927904,1300590592
C0,ud23,ATHENAEUS,4352f04fcfd7cbe580caddf69f309034ffb967d5d1bc8a8e809498de5bf8d329,18,shuffled,8,100,0.5,8884,e1295b06cde8d6abff45fdf39a4b8309906eb4fe5b88a09083f0881a33b50621,20264,23133,46774,53304,4457.736882118013,,a2df3d70cd06472c7a0e7e81e9b310efe6a920c0b3e8f00f5dcb0933aeca9150,-169896.0925209781,190641,79,1.0,21,3488,53304,"[1,80,2096,15705,35111,38739,36060,32914,29935]","[{""1"":0,""10plus"":1,""2to4"":0,""5to9"":0},{""1"":6,""10plus"":56,""2to4"":11,""5to9"":7},{""1"":563,""10plus"":722,""2to4"":485,""5to9"":326},{""1"":8892,""10plus"":915,""2to4"":4493,""5to9"":1405},{""1"":30136,""10plus"":11,""2to4"":4690,""5to9"":274},{""1"":38074,""10plus"":0,""2to4"":664,""5to9"":1},{""1"":36020,""10plus"":0,""2to4"":40,""5to9"":0},{""1"":32912,""10plus"":0,""2to4"":2,""5to9"":0},{""1"":29935,""10plus"":0,""2to4"":0,""5to9"":0}]",1.000259709000602,0.6159789710272889,1300590592
C0,ud23,ATHENAEUS,4352f04fcfd7cbe580caddf69f309034ffb967d5d1bc8a8e809498de5bf8d329,19,original,8,100,0.5,8884,5bcd905d17fb9ee29856f672ec758fba349b212037860ca34e729b9c7a171cb5,20232,23133,46893,53304,-10323.69871676591,,0392f54b6664f2e11c8bdbedee4a6a4034a6b5b8dbb58e96c305e1638727e45d,-159590.18063252003,169879,80,0.0,20,3492,53304,"[1,81,1854,11599,26024,33761,34473,32396,29690]","[{""1"":0,""10plus"":1,""2to4"":0,""5to9"":0},{""1"":7,""10plus"":56,""2to4"":9,""5to9"":9},{""1"":491,""10plus"":632,""2to4"":472,""5to9"":259},{""1"":6444,""10plus"":912,""2to4"":3247,""5to9"":996},{""1"":20163,""10plus"":321,""2to4"":4749,""5to9"":791},{""1"":30744,""10plus"":57,""2to4"":2727,""5to9"":233},{""1"":33404,""10plus"":4,""2to4"":1019,""5to9"":46},{""1"":32061,""10plus"":2,""2to4"":328,""5to9"":5},{""1"":29561,""10plus"":2,""2to4"":126,""5to9"":1}]",0.6220107909994113,0.6174686689882947,1301209088
C0,ud23,ATHENAEUS,4352f04fcfd7cbe580caddf69f309034ffb967d5d1bc8a8e809498de5bf8d329,19,shuffled,8,100,0.5,8884,5bcd905d17fb9ee29856f672ec758fba349b212037860ca34e729b9c7a171cb5,20232,23133,46893,53304,4556.663942090323,,f2bc0976d135a1755807a1d7abb75d6035a1457f4e24aee50b502873eae1361a,-169913.87934928594,190697,80,1.0,20,3492,53304,"[1,81,2097,15809,35128,38703,36054,32900,29924]","[{""1"":0,""10plus"":1,""2to4"":0,""5to9"":0},{""1"":7,""10plus"":55,""2to4"":9,""5to9"":10},{""1"":533,""10plus"":729,""2to4"":546,""5to9"":289},{""1"":9004,""10plus"":905,""2to4"":4520,""5to9"":1380},{""1"":30126,""10plus"":20,""2to4"":4716,""5to9"":266},{""1"":38009,""10plus"":0,""2to4"":694,""5to9"":0},{""1"":36009,""10plus"":0,""2to4"":45,""5to9"":0},{""1"":32896,""10plus"":0,""2to4"":4,""5to9"":0},{""1"":29924,""10plus"":0,""2to4"":0,""5to9"":0}]",0.8530281249986729,0.6195902499675867,1301209088
C0,ud23,HERODOTUS,89f0804afded8e7a0f4e1b507030d5ef4ecaf17e422c8b2969bd6b23e62818e6,0,original,8,100,0.5,8884,dfce29b92e9a814075a20c6570c6dab8df70934f9986517f9fc7ac21356e852a,15340,17301,46817,53304,-10867.122088581411,,01957967c40b9f98db2512e3b616b534808cad4674012c9d5e51e2ee8d9bd9ae,-158441.9991308042,166983,81,0.0,19,3572,53304,"[1,82,1820,11176,25440,33275,34001,31940,29248]","[{""1"":0,""10plus"":1,""2to4"":0,""5to9"":0},{""1"":6,""10plus"":55,""2to4"":16,""5to9"":5},{""1"":498,""10plus"":622,""2to4"":450,""5to9"":250},{""1"":6080,""10plus"":905,""2to4"":3156,""5to9"":1035},{""1"":19602,""10plus"":347,""2to4"":4668,""5to9"":823},{""1"":30198,""10plus"":62,""2to4"":2754,""5to9"":261},{""1"":32866,""10plus"":5,""2to4"":1066,""5to9"":64},{""1"":31544,""10plus"":3,""2to4"":381,""5to9"":12},{""1"":29078,""10plus"":2,""2to4"":164,""5to9"":4}]",0.6249307920006686,0.4908253549965593,1130033152
C0,ud23,HERODOTUS,89f0804afded8e7a0f4e1b507030d5ef4ecaf17e422c8b2969bd6b23e62818e6,0,shuffled,8,100,0.5,8884,dfce29b92e9a814075a20c6570c6dab8df70934f9986517f9fc7ac21356e852a,15340,17301,46817,53304,4432.017909815098,,af2135f50d126fe6295e050fcfb2c0dd44acff2a1b3f8e752b91fdaa60e8a16c,-169309.12121938562,188815,81,1.0,19,3572,53304,"[1,82,2051,15429,34916,38489,35740,32559,29548]","[{""1"":0,""10plus"":1,""2to4"":0,""5to9"":0},{""1"":8,""10plus"":54,""2to4"":14,""5to9"":6},{""1"":518,""10plus"":718,""2to4"":507,""5to9"":308},{""1"":8680,""10plus"":959,""2to4"":4426,""5to9"":1364},{""1"":29949,""10plus"":16,""2to4"":4681,""5to9"":270},{""1"":37848,""10plus"":0,""2to4"":640,""5to9"":1},{""1"":35703,""10plus"":0,""2to4"":37,""5to9"":0},{""1"":32556,""10plus"":0,""2to4"":3,""5to9"":0},{""1"":29548,""10plus"":0,""2to4"":0,""5to9"":0}]",0.8438729579993378,0.49213146612055425,1130033152
C0,ud23,HERODOTUS,89f0804afded8e7a0f4e1b507030d5ef4ecaf17e422c8b2969bd6b23e62818e6,1,original,8,100,0.5,8884,1e46bbb2a03f6e223b5c9104933357a011421080df2def874c5ee0c44092e958,15367,17301,46910,53304,-10620.58878127081,,b77a71b00681a05d9efcf5c87a672992e615cdf34579128f192607ebe80b8672,-158753.34590627596,167694,84,0.0,16,3542,53304,"[1,85,1819,11210,25570,33408,34153,32076,29372]","[{""1"":0,""10plus"":1,""2to4"":0,""5to9"":0},{""1"":9,""10plus"":56,""2to4"":15,""5to9"":5},{""1"":499,""10plus"":624,""2to4"":452,""5to9"":244},{""1"":6056,""10plus"":931,""2to4"":3216,""5to9"":1007},{""1"":19647,""10plus"":329,""2to4"":4762,""5to9"":832},{""1"":30295,""10plus"":58,""2to4"":2820,""5to9"":235},{""1"":33030,""10plus"":5,""2to4"":1068,""5to9"":50},{""1"":31687,""10plus"":2,""2to4"":380,""5to9"":7},{""1"":29213,""10plus"":2,""2to4"":156,""5to9"":1}]",0.563010875001055,0.4760271170944179,1376092160
C0,ud23,HERODOTUS,89f0804afded8e7a0f4e1b507030d5ef4ecaf17e422c8b2969bd6b23e62818e6,1,shuffled,8,100,0.5,8884,1e46bbb2a03f6e223b5c9104933357a011421080df2def874c5ee0c44092e958,15367,17301,46910,53304,4400.000326916721,,5a85ad8075279158ffdf9e6058dcf2c461a951ce6a6286da25d7258bb36e03e3,-169373.93468754677,188892,84,1.0,16,3542,53304,"[1,84,2026,15456,34710,38534,35812,32643,29626]","[{""1"":0,""10plus"":1,""2to4"":0,""5to9"":0},{""1"":9,""10plus"":56,""2to4"":15,""5to9"":4},{""1"":512,""10plus"":723,""2to4"":493,""5to9"":298},{""1"":8730,""10plus"":967,""2to4"":4449,""5to9"":1310},{""1"":29483,""10plus"":14,""2to4"":4949,""5to9"":264},{""1"":37877,""10plus"":1,""2to4"":655,""5to9"":1},{""1"":35763,""10plus"":0,""2to4"":48,""5to9"":1},{""1"":32638,""10plus"":0,""2to4"":5,""5to9"":0},{""1"":29624,""10plus"":0,""2to4"":2,""5to9"":0}]",0.9906922089994623,0.47694092520760023,1376092160
C0,ud23,HERODOTUS,89f0804afded8e7a0f4e1b507030d5ef4ecaf17e422c8b2969bd6b23e62818e6,2,original,8,100,0.5,8884,a559c9a8a61a2ceb8c336339a998c469655c350815dbe32c2c9f310c765c5571,15298,17301,46792,53304,-10654.060468431184,,99e3ba3b4f24a0df897ccacff253ef9f8bd93ff0aad85ee5dd691b1420996a3d,-158754.69800961413,168370,84,0.0,16,3521,53304,"[1,85,1826,11221,25655,33534,34311,32229,29508]","[{""1"":0,""10plus"":1,""2to4"":0,""5to9"":0},{""1"":11,""10plus"":57,""2to4"":12,""5to9"":5},{""1"":487,""10plus"":623,""2to4"":461,""5to9"":255},{""1"":6061,""10plus"":907,""2to4"":3203,""5to9"":1050},{""1"":19704,""10plus"":333,""2to4"":4806,""5to9"":812},{""1"":30418,""10plus"":55,""2to4"":2817,""5to9"":244},{""1"":33199,""10plus"":3,""2to4"":1062,""5to9"":47},{""1"":31865,""10plus"":2,""2to4"":358,""5to9"":4},{""1"":29367,""10plus"":2,""2to4"":138,""5to9"":1}]",0.5866761669985863,0.47920258803969773,1377153024
C0,ud23,HERODOTUS,89f0804afded8e7a0f4e1b507030d5ef4ecaf17e422c8b2969bd6b23e62818e6,2,shuffled,8,100,0.5,8884,a559c9a8a61a2ceb8c336339a998c469655c350815dbe32c2c9f310c765c5571,15298,17301,46792,53304,4467.254560172238,,42c60f5dd472af9132d2171bd485f4a7e6c133b8623633f6b4329129494d1f15,-169408.75847804532,189511,84,1.0,16,3521,53304,"[1,85,2076,15527,34796,38581,35931,32762,29752]","[{""1"":0,""10plus"":1,""2to4"":0,""5to9"":0},{""1"":13,""10plus"":58,""2to4"":10,""5to9"":4},{""1"":542,""10plus"":717,""2to4"":506,""5to9"":311},{""1"":8791,""10plus"":954,""2to4"":4445,""5to9"":1337},{""1"":29708,""10plus"":16,""2to4"":4797,""5to9"":275},{""1"":37879,""10plus"":0,""2to4"":701,""5to9"":1},{""1"":35885,""10plus"":0,""2to4"":46,""5to9"":0},{""1"":32761,""10plus"":0,""2to4"":1,""5to9"":0},{""1"":29752,""10plus"":0,""2to4"":0,""5to9"":0}]",0.999308459000531,0.4812812639738695,1377153024
C0,ud23,HERODOTUS,89f0804afded8e7a0f4e1b507030d5ef4ecaf17e422c8b2969bd6b23e62818e6,3,original,8,100,0.5,8884,d9dde592c9deb0f2bcc978a7eed6622c28e45afa8855ef2d2c25ca17f20ccb15,15313,17301,46823,53304,-10703.719844128093,,c04e40bd40c51dd2a69af310a1524247694f68e29d2f31dcf7e082ede59e8ed4,-158518.92990229244,167041,81,0.0,19,3573,53304,"[1,82,1804,11169,25487,33309,34035,31945,29209]","[{""1"":0,""10plus"":1,""2to4"":0,""5to9"":0},{""1"":8,""10plus"":56,""2to4"":11,""5to9"":7},{""1"":468,""10plus"":615,""2to4"":460,""5to9"":261},{""1"":6063,""10plus"":923,""2to4"":3176,""5to9"":1007},{""1"":19660,""10plus"":328,""2to4"":4626,""5to9"":873},{""1"":30162,""10plus"":59,""2to4"":2849,""5to9"":239},{""1"":32889,""10plus"":4,""2to4"":1093,""5to9"":49},{""1"":31573,""10plus"":2,""2to4"":362,""5to9"":8},{""1"":29067,""10plus"":2,""2to4"":138,""5to9"":2}]",0.5880121669997607,0.47369285993408994,1378660352
C0,ud23,HERODOTUS,89f0804afded8e7a0f4e1b507030d5ef4ecaf17e422c8b2969bd6b23e62818e6,3,shuffled,8,100,0.5,8884,d9dde592c9deb0f2bcc978a7eed6622c28e45afa8855ef2d2c25ca17f20ccb15,15313,17301,46823,53304,4472.462921508093,,4449013558bbb141c7fd07e0f653951a1c3f2d59b9358fe4a8936ca9e05aa426,-169222.64974642053,188407,81,1.0,19,3573,53304,"[1,81,2073,15439,34731,38456,35699,32483,29444]","[{""1"":0,""10plus"":1,""2to4"":0,""5to9"":0},{""1"":9,""10plus"":57,""2to4"":12,""5to9"":3},{""1"":540,""10plus"":716,""2to4"":533,""5to9"":284},{""1"":8672,""10plus"":948,""2to4"":4485,""5to9"":1334},{""1"":29669,""10plus"":15,""2to4"":4767,""5to9"":280},{""1"":37820,""10plus"":0,""2to4"":636,""5to9"":0},{""1"":35666,""10plus"":0,""2to4"":33,""5to9"":0},{""1"":32483,""10plus"":0,""2to4"":0,""5to9"":0},{""1"":29444,""10plus"":0,""2to4"":0,""5to9"":0}]",1.0026005419986177,0.4769475529628835,1378660352
C0,ud23,HERODOTUS,89f0804afded8e7a0f4e1b507030d5ef4ecaf17e422c8b2969bd6b23e62818e6,4,original,8,100,0.5,8884,2078d3190299b02bf9797be361d054c48deee8aa9e70415b2e2ef2fccd2da45a,15326,17301,46809,53304,-10726.061887123884,,bbe0d604fd4dba2fae4187aa5ff0365d1817aff2fb474f863e253bc314f5e8ee,-158768.5233270228,167568,83,0.0,17,3557,53304,"[1,82,1826,11295,25631,33386,34060,31988,29299]","[{""1"":0,""10plus"":1,""2to4"":0,""5to9"":0},{""1"":8,""10plus"":56,""2to4"":13,""5to9"":5},{""1"":489,""10plus"":628,""2to4"":450,""5to9"":259},{""1"":6183,""10plus"":895,""2to4"":3182,""5to9"":1035},{""1"":19858,""10plus"":334,""2to4"":4634,""5to9"":805},{""1"":30328,""10plus"":57,""2to4"":2732,""5to9"":269},{""1"":32937,""10plus"":6,""2to4"":1055,""5to9"":62},{""1"":31608,""10plus"":2,""2to4"":365,""5to9"":13},{""1"":29159,""10plus"":2,""2to4"":133,""5to9"":5}]",0.562387709000177,0.47828595185455924,1378660352
C0,ud23,HERODOTUS,89f0804afded8e7a0f4e1b507030d5ef4ecaf17e422c8b2969bd6b23e62818e6,4,shuffled,8,100,0.5,8884,2078d3190299b02bf9797be361d054c48deee8aa9e70415b2e2ef2fccd2da45a,15326,17301,46809,53304,4455.422682009346,,94256a6dd783677782821ca0d56330958466011b0f7091a71c24b316730844a0,-169494.58521414667,189146,83,1.0,17,3557,53304,"[1,83,2062,15616,34970,38556,35768,32558,29532]","[{""1"":0,""10plus"":1,""2to4"":0,""5to9"":0},{""1"":9,""10plus"":55,""2to4"":15,""5to9"":4},{""1"":538,""10plus"":729,""2to4"":499,""5to9"":296},{""1"":8854,""10plus"":949,""2to4"":4482,""5to9"":1331},{""1"":30009,""10plus"":9,""2to4"":4697,""5to9"":255},{""1"":37952,""10plus"":0,""2to4"":604,""5to9"":0},{""1"":35738,""10plus"":0,""2to4"":30,""5to9"":0},{""1"":32558,""10plus"":0,""2to4"":0,""5to9"":0},{""1"":29532,""10plus"":0,""2to4"":0,""5to9"":0}]",0.9851349169985042,0.4789353289761493,1378660352
C0,ud23,HERODOTUS,89f0804afded8e7a0f4e1b507030d5ef4ecaf17e422c8b2969bd6b23e62818e6,5,original,8,100,0.5,8884,ab0fa826d8fd0133d68dff12a7fcd32c8b6052ccc9361fe1591cd4a9902b05ff,15301,17301,46937,53304,-10824.609567083651,,0c0106c0cc3a6697fc53fdbcd61aea849d8fece299c82f001ac35abdd1d09b08,-158581.84862034334,168127,84,0.0,16,3532,53304,"[1,83,1835,11239,25541,33478,34257,32198,29495]","[{""1"":0,""10plus"":1,""2to4"":0,""5to9"":0},{""1"":4,""10plus"":57,""2to4"":19,""5to9"":3},{""1"":492,""10plus"":622,""2to4"":464,""5to9"":257},{""1"":6140,""10plus"":913,""2to4"":3190,""5to9"":996},{""1"":19642,""10plus"":328,""2to4"":4708,""5to9"":863},{""1"":30354,""10plus"":53,""2to4"":2820,""5to9"":251},{""1"":33131,""10plus"":4,""2to4"":1068,""5to9"":54},{""1"":31825,""10plus"":2,""2to4"":363,""5to9"":8},{""1"":29353,""10plus"":2,""2to4"":139,""5to9"":1}]",0.615349249999781,0.480640247978954,1378660352
C0,ud23,HERODOTUS,89f0804afded8e7a0f4e1b507030d5ef4ecaf17e422c8b2969bd6b23e62818e6,5,shuffled,8,100,0.5,8884,ab0fa826d8fd0133d68dff12a7fcd32c8b6052ccc9361fe1591cd4a9902b05ff,15301,17301,46937,53304,4377.102757464134,,10270f9d9967015f16b8889d24aeda64b54bc67748d9027c7e493facc9826c44,-169406.458187427,189340,84,1.0,16,3532,53304,"[1,85,2048,15426,34822,38603,35909,32729,29717]","[{""1"":0,""10plus"":1,""2to4"":0,""5to9"":0},{""1"":8,""10plus"":57,""2to4"":19,""5to9"":1},{""1"":528,""10plus"":722,""2to4"":498,""5to9"":300},{""1"":8679,""10plus"":955,""2to4"":4472,""5to9"":1320},{""1"":29699,""10plus"":10,""2to4"":4843,""5to9"":270},{""1"":37933,""10plus"":0,""2to4"":670,""5to9"":0},{""1"":35877,""10plus"":0,""2to4"":32,""5to9"":0},{""1"":32729,""10plus"":0,""2to4"":0,""5to9"":0},{""1"":29717,""10plus"":0,""2to4"":0,""5to9"":0}]",0.8424109170009615,0.4828589280259621,1378660352
C0,ud23,HERODOTUS,89f0804afded8e7a0f4e1b507030d5ef4ecaf17e422c8b2969bd6b23e62818e6,6,original,8,100,0.5,8884,d116408da49b71228e094f2c00b604e55ed53e1b6fc70ccc08ccb0981d749ff3,15347,17301,46913,53304,-10756.750466099737,,3f0601c52cb9be868a078cbba83dc1383b12bbd8892e42b3c6e37158ac12d37e,-158342.98208801326,166485,84,0.0,16,3577,53304,"[1,85,1796,11088,25349,33202,33941,31875,29148]","[{""1"":0,""10plus"":1,""2to4"":0,""5to9"":0},{""1"":12,""10plus"":54,""2to4"":11,""5to9"":8},{""1"":490,""10plus"":623,""2to4"":433,""5to9"":250},{""1"":6010,""10plus"":918,""2to4"":3143,""5to9"":1017},{""1"":19500,""10plus"":348,""2to4"":4685,""5to9"":816},{""1"":30089,""10plus"":57,""2to4"":2796,""5to9"":260},{""1"":32763,""10plus"":5,""2to4"":1118,""5to9"":55},{""1"":31475,""10plus"":3,""2to4"":391,""5to9"":6},{""1"":28971,""10plus"":2,""2to4"":173,""5to9"":2}]",0.6247667080006067,0.479181084810989,1378660352
C0,ud23,HERODOTUS,89f0804afded8e7a0f4e1b507030d5ef4ecaf17e422c8b2969bd6b23e62818e6,6,shuffled,8,100,0.5,8884,d116408da49b71228e094f2c00b604e55ed53e1b6fc70ccc08ccb0981d749ff3,15347,17301,46913,53304,4367.14999621149,,430fc13fbfb1d42bf683db86205f538671681137764baa2747dc1acd9d0dca04,-169099.732554113,188050,84,1.0,16,3577,53304,"[1,84,2048,15292,34602,38432,35679,32468,29444]","[{""1"":0,""10plus"":1,""2to4"":0,""5to9"":0},{""1"":12,""10plus"":55,""2to4"":10,""5to9"":7},{""1"":533,""10plus"":708,""2to4"":509,""5to9"":298},{""1"":8600,""10plus"":943,""2to4"":4407,""5to9"":1342},{""1"":29471,""10plus"":10,""2to4"":4829,""5to9"":292},{""1"":37779,""10plus"":0,""2to4"":653,""5to9"":0},{""1"":35641,""10plus"":0,""2to4"":38,""5to9"":0},{""1"":32465,""10plus"":0,""2to4"":3,""5to9"":0},{""1"":29443,""10plus"":0,""2to4"":1,""5to9"":0}]",0.8406188329990982,0.47986795102406177,1378660352
C0,ud23,HERODOTUS,89f0804afded8e7a0f4e1b507030d5ef4ecaf17e422c8b2969bd6b23e62818e6,7,original,8,100,0.5,8884,c472fb13ba8c2eac45a36eaad610e3c95b48c840c2fda259724dd5bae072784a,15248,17301,46845,53304,-10702.299725736724,,395f08e5b754ee9efbdcaeb1d4733b2d7245167ee82ba3ac4fdebab51cd4746b,-158709.40210518843,167435,81,0.0,19,3551,53304,"[1,82,1824,11271,25540,33261,34041,32036,29379]","[{""1"":0,""10plus"":1,""2to4"":0,""5to9"":0},{""1"":6,""10plus"":56,""2to4"":14,""5to9"":6},{""1"":484,""10plus"":626,""2to4"":454,""5to9"":260},{""1"":6162,""10plus"":914,""2to4"":3181,""5to9"":1014},{""1"":19722,""10plus"":350,""2to4"":4656,""5to9"":812},{""1"":30121,""10plus"":61,""2to4"":2812,""5to9"":267},{""1"":32847,""10plus"":6,""2to4"":1133,""5to9"":55},{""1"":31626,""10plus"":2,""2to4"":398,""5to9"":10},{""1"":29218,""10plus"":2,""2to4"":155,""5to9"":4}]",0.6253013339992322,0.47330233588400006,1378660352
C0,ud23,HERODOTUS,89f0804afded8e7a0f4e1b507030d5ef4ecaf17e422c8b2969bd6b23e62818e6,7,shuffled,8,100,0.5,8884,c472fb13ba8c2eac45a36eaad610e3c95b48c840c2fda259724dd5bae072784a,15248,17301,46845,53304,4313.847572178231,,880d2f4ef8b9a8c88be434adb5205b1109025dc5326a73b1047b6eeea1a0441c,-169411.70183092516,188938,81,1.0,19,3551,53304,"[1,82,2086,15425,34751,38502,35808,32639,29644]","[{""1"":0,""10plus"":1,""2to4"":0,""5to9"":0},{""1"":7,""10plus"":56,""2to4"":14,""5to9"":5},{""1"":573,""10plus"":716,""2to4"":497,""5to9"":300},{""1"":8723,""10plus"":956,""2to4"":4407,""5to9"":1339},{""1"":29647,""10plus"":10,""2to4"":4803,""5to9"":291},{""1"":37822,""10plus"":0,""2to4"":679,""5to9"":1},{""1"":35763,""10plus"":0,""2to4"":45,""5to9"":0},{""1"":32634,""10plus"":0,""2to4"":5,""5to9"":0},{""1"":29643,""10plus"":0,""2to4"":1,""5to9"":0}]",0.8379715829996712,0.47328214399385615,1378660352
C0,ud23,HERODOTUS,89f0804afded8e7a0f4e1b507030d5ef4ecaf17e422c8b2969bd6b23e62818e6,8,original,8,100,0.5,8884,ee995068c38ac1e246b99066a697ae06ae98e729c8a87e7b30220820de5a2c3b,15332,17301,46711,53304,-10761.539500985265,,8efa951a64afad5214ea158c7d76760cc24240fa64fc5859d7a0ae13c976a03f,-158582.58090258867,167155,82,0.0,18,3555,53304,"[1,82,1785,11187,25432,33316,34069,32004,29279]","[{""1"":0,""10plus"":1,""2to4"":0,""5to9"":0},{""1"":8,""10plus"":55,""2to4"":14,""5to9"":5},{""1"":448,""10plus"":618,""2to4"":449,""5to9"":270},{""1"":6080,""10plus"":909,""2to4"":3188,""5to9"":1010},{""1"":19537,""10plus"":333,""2to4"":4737,""5to9"":825},{""1"":30142,""10plus"":57,""2to4"":2868,""5to9"":249},{""1"":32915,""10plus"":5,""2to4"":1101,""5to9"":48},{""1"":31603,""10plus"":2,""2to4"":393,""5to9"":6},{""1"":29111,""10plus"":2,""2to4"":165,""5to9"":1}]",0.62481737500093,0.4771345731278416,1379184640
C0,ud23,HERODOTUS,89f0804afded8e7a0f4e1b507030d5ef4ecaf17e422c8b2969bd6b23e62818e6,8,shuffled,8,100,0.5,8884,ee995068c38ac1e246b99066a697ae06ae98e729c8a87e7b30220820de5a2c3b,15332,17301,46711,53304,4302.494780064095,,3a16a5bacd92959a43a4b5347c1f02c6131df7c32f1e56d515907e634b6b1b1d,-169344.12040357394,188624,82,1.0,18,3555,53304,"[1,83,2042,15394,34713,38519,35759,32572,29541]","[{""1"":0,""10plus"":1,""2to4"":0,""5to9"":0},{""1"":10,""10plus"":56,""2to4"":13,""5to9"":4},{""1"":504,""10plus"":709,""2to4"":527,""5to9"":302},{""1"":8669,""10plus"":953,""2to4"":4445,""5to9"":1327},{""1"":29569,""10plus"":8,""2to4"":4874,""5to9"":262},{""1"":37868,""10plus"":0,""2to4"":650,""5to9"":1},{""1"":35710,""10plus"":0,""2to4"":49,""5to9"":0},{""1"":32569,""10plus"":0,""2to4"":3,""5to9"":0},{""1"":29540,""10plus"":0,""2to4"":1,""5to9"":0}]",0.8390193329996691,0.4765080860343005,1379184640
C0,ud23,HERODOTUS,89f0804afded8e7a0f4e1b507030d5ef4ecaf17e422c8b2969bd6b23e62818e6,9,original,8,100,0.5,8884,281eed1e61ac917ae0f99659aa9090f35e0e74ddfcba13d4921ade5ca0d49b9d,15251,17301,46975,53304,-10753.319785513566,,6b3d9cda94f24eb15762fc97d4377e3db679e9bd17bbeeadd19e83fa004a250c,-158706.9402471167,167255,83,0.0,17,3566,53304,"[1,83,1820,11208,25505,33355,34067,31958,29258]","[{""1"":0,""10plus"":1,""2to4"":0,""5to9"":0},{""1"":7,""10plus"":56,""2to4"":14,""5to9"":6},{""1"":482,""10plus"":628,""2to4"":455,""5to9"":255},{""1"":6131,""10plus"":917,""2to4"":3164,""5to9"":996},{""1"":19609,""10plus"":341,""2to4"":4722,""5to9"":833},{""1"":30240,""10plus"":55,""2to4"":2821,""5to9"":239},{""1"":32939,""10plus"":5,""2to4"":1074,""5to9"":49},{""1"":31570,""10plus"":3,""2to4"":378,""5to9"":7},{""1"":29114,""10plus"":2,""2to4"":140,""5to9"":2}]",0.6243057909996423,0.4781280050519854,1379184640
C0,ud23,HERODOTUS,89f0804afded8e7a0f4e1b507030d5ef4ecaf17e422c8b2969bd6b23e62818e6,9,shuffled,8,100,0.5,8884,281eed1e61ac917ae0f99659aa9090f35e0e74ddfcba13d4921ade5ca0d49b9d,15251,17301,46975,53304,4447.41271999164,,fd1e8e57294460449cf8726ab76de75bd33b39246cbc9d7188057ddce0d769fc,-169460.26003263026,188625,83,1.0,17,3566,53304,"[1,82,2061,15526,34777,38428,35719,32528,29503]","[{""1"":0,""10plus"":1,""2to4"":0,""5to9"":0},{""1"":8,""10plus"":56,""2to4"":13,""5to9"":5},{""1"":532,""10plus"":704,""2to4"":506,""5to9"":319},{""1"":8854,""10plus"":975,""2to4"":4404,""5to9"":1293},{""1"":29703,""10plus"":10,""2to4"":4786,""5to9"":278},{""1"":37728,""10plus"":0,""2to4"":700,""5to9"":0},{""1"":35660,""10plus"":0,""2to4"":59,""5to9"":0},{""1"":32523,""10plus"":0,""2to4"":5,""5to9"":0},{""1"":29503,""10plus"":0,""2to4"":0,""5to9"":0}]",0.8352751669990539,0.48099814499437343,1379184640
C0,ud23,HERODOTUS,89f0804afded8e7a0f4e1b507030d5ef4ecaf17e422c8b2969bd6b23e62818e6,10,original,8,100,0.5,8884,71e160ae69e0b7d3832f71f33e34b6be096122e40db7a9e19e5dc689980a0748,15309,17301,46915,53304,-10624.497466187488,,ceb472fb1067823d796c166a8152dca495194fb2b40f5a23ff78d7e70a6409c9,-158559.16941071476,167618,85,0.0,15,3539,53304,"[1,85,1827,11103,25532,33453,34205,32065,29347]","[{""1"":0,""10plus"":1,""2to4"":0,""5to9"":0},{""1"":10,""10plus"":56,""2to4"":14,""5to9"":5},{""1"":500,""10plus"":626,""2to4"":458,""5to9"":243},{""1"":5959,""10plus"":935,""2to4"":3230,""5to9"":979},{""1"":19635,""10plus"":334,""2to4"":4730,""5to9"":833},{""1"":30319,""10plus"":58,""2to4"":2826,""5to9"":250},{""1"":33113,""10plus"":4,""2to4"":1032,""5to9"":56},{""1"":31675,""10plus"":2,""2to4"":376,""5to9"":12},{""1"":29179,""10plus"":2,""2to4"":160,""5to9"":6}]",0.5987062920012249,0.4797977800171793,1379184640
C0,ud23,HERODOTUS,89f0804afded8e7a0f4e1b507030d5ef4ecaf17e422c8b2969bd6b23e62818e6,10,shuffled,8,100,0.5,8884,71e160ae69e0b7d3832f71f33e34b6be096122e40db7a9e19e5dc689980a0748,15309,17301,46915,53304,4407.159958635311,,c7425f4540553fa5218548c5209c13fa109938894b2939f0a0202d640c718d26,-169183.66687690225,188807,85,1.0,15,3539,53304,"[1,86,2083,15332,34722,38488,35817,32650,29628]","[{""1"":0,""10plus"":1,""2to4"":0,""5to9"":0},{""1"":12,""10plus"":57,""2to4"":12,""5to9"":5},{""1"":566,""10plus"":713,""2to4"":518,""5to9"":286},{""1"":8628,""10plus"":948,""2to4"":4385,""5to9"":1371},{""1"":29629,""10plus"":18,""2to4"":4786,""5to9"":289},{""1"":37762,""10plus"":0,""2to4"":724,""5to9"":2},{""1"":35753,""10plus"":0,""2to4"":64,""5to9"":0},{""1"":32644,""10plus"":0,""2to4"":6,""5to9"":0},{""1"":29628,""10plus"":0,""2to4"":0,""5to9"":0}]",1.0000757500001782,0.48097843002506124,1379184640
C0,ud23,HERODOTUS,89f0804afded8e7a0f4e1b507030d5ef4ecaf17e422c8b2969bd6b23e62818e6,11,original,8,100,0.5,8884,6c49ec543d36d8fcbe72963f85904423b68c8d23b675bbb83207c91067c6577e,15326,17301,46974,53304,-10837.928003936948,,9a9996e69cd2a6f51218031074dfff9dd29925af7fa08baef5b036736f1e7f21,-158459.4471852253,166909,84,0.0,16,3563,53304,"[1,85,1826,11182,25365,33259,34009,31942,29240]","[{""1"":0,""10plus"":1,""2to4"":0,""5to9"":0},{""1"":9,""10plus"":57,""2to4"":16,""5to9"":3},{""1"":485,""10plus"":622,""2to4"":460,""5to9"":259},{""1"":6039,""10plus"":905,""2to4"":3232,""5to9"":1006},{""1"":19501,""10plus"":331,""2to4"":4675,""5to9"":858},{""1"":30129,""10plus"":52,""2to4"":2802,""5to9"":276},{""1"":32842,""10plus"":5,""2to4"":1103,""5to9"":59},{""1"":31532,""10plus"":2,""2to4"":397,""5to9"":11},{""1"":29076,""10plus"":2,""2to4"":160,""5to9"":2}]",0.559024041000157,0.48119032194699685,1380446208
C0,ud23,HERODOTUS,89f0804afded8e7a0f4e1b507030d5ef4ecaf17e422c8b2969bd6b23e62818e6,11,shuffled,8,100,0.5,8884,6c49ec543d36d8fcbe72963f85904423b68c8d23b675bbb83207c91067c6577e,15326,17301,46974,53304,4384.5912224614585,,b95bb945ce95842cf914df202aec0a235de79e621a8b7887663eb443bc3338ed,-169297.37518916224,188536,84,1.0,16,3563,53304,"[1,85,2062,15471,34683,38446,35743,32538,29507]","[{""1"":0,""10plus"":1,""2to4"":0,""5to9"":0},{""1"":10,""10plus"":55,""2to4"":14,""5to9"":6},{""1"":531,""10plus"":709,""2to4"":492,""5to9"":330},{""1"":8751,""10plus"":947,""2to4"":4465,""5to9"":1308},{""1"":29594,""10plus"":14,""2to4"":4795,""5to9"":280},{""1"":37762,""10plus"":0,""2to4"":684,""5to9"":0},{""1"":35706,""10plus"":0,""2to4"":37,""5to9"":0},{""1"":32537,""10plus"":0,""2to4"":1,""5to9"":0},{""1"":29507,""10plus"":0,""2to4"":0,""5to9"":0}]",0.9855303749991435,0.4834933499369072,1380446208
C0,ud23,HERODOTUS,89f0804afded8e7a0f4e1b507030d5ef4ecaf17e422c8b2969bd6b23e62818e6,12,original,8,100,0.5,8884,e9b6fe1c4bc67271283b55305645c062da4bfd596c73f3c18da2bd2f353a20b5,15346,17301,46803,53304,-10729.54570941988,,4fa83e76956dfda1fc8f1d6699c02c2f5ca02b7abb54496cae80fb6a5bd3ea67,-158958.29504806126,168836,85,0.0,15,3509,53304,"[1,85,1825,11308,25734,33562,34360,32326,29635]","[{""1"":0,""10plus"":1,""2to4"":0,""5to9"":0},{""1"":8,""10plus"":56,""2to4"":15,""5to9"":6},{""1"":479,""10plus"":628,""2to4"":472,""5to9"":246},{""1"":6080,""10plus"":926,""2to4"":3325,""5to9"":977},{""1"":19889,""10plus"":328,""2to4"":4670,""5to9"":847},{""1"":30409,""10plus"":57,""2to4"":2848,""5to9"":248},{""1"":33248,""10plus"":5,""2to4"":1057,""5to9"":50},{""1"":31963,""10plus"":2,""2to4"":350,""5to9"":11},{""1"":29491,""10plus"":2,""2to4"":140,""5to9"":2}]",0.6211863329990592,0.4818902750066627,1380446208
C0,ud23,HERODOTUS,89f0804afded8e7a0f4e1b507030d5ef4ecaf17e422c8b2969bd6b23e62818e6,12,shuffled,8,100,0.5,8884,e9b6fe1c4bc67271283b55305645c062da4bfd596c73f3c18da2bd2f353a20b5,15346,17301,46803,53304,4443.2015017050435,,5ac58eed8968938860322577d249ac2ed2008980f1e4a273086b4f1a66a09bbd,-169687.84075748114,190135,85,1.0,15,3509,53304,"[1,86,2080,15613,34926,38651,36008,32877,29893]","[{""1"":0,""10plus"":1,""2to4"":0,""5to9"":0},{""1"":10,""10plus"":56,""2to4"":15,""5to9"":5},{""1"":541,""10plus"":723,""2to4"":514,""5to9"":302},{""1"":8913,""10plus"":945,""2to4"":4399,""5to9"":1356},{""1"":29839,""10plus"":19,""2to4"":4803,""5to9"":265},{""1"":37957,""10plus"":0,""2to4"":694,""5to9"":0},{""1"":35946,""10plus"":0,""2to4"":62,""5to9"":0},{""1"":32871,""10plus"":0,""2to4"":6,""5to9"":0},{""1"":29893,""10plus"":0,""2to4"":0,""5to9"":0}]",0.8465027499987627,0.4848424550054915,1380446208
C0,ud23,HERODOTUS,89f0804afded8e7a0f4e1b507030d5ef4ecaf17e422c8b2969bd6b23e62818e6,13,original,8,100,0.5,8884,ffde93ff216ab1ab399b40a58ff3a0fb3e76a887d8ff944016a97d61da51d5d8,15283,17301,47038,53304,-10656.555593357945,,64cccc73b080c0268a32248f06ca0fc9b6ec10d37c9629106d065a695fea652d,-158721.297903127,167783,81,0.0,19,3539,53304,"[1,82,1828,11202,25595,33430,34201,32090,29354]","[{""1"":0,""10plus"":1,""2to4"":0,""5to9"":0},{""1"":6,""10plus"":56,""2to4"":14,""5to9"":6},{""1"":494,""10plus"":624,""2to4"":457,""5to9"":253},{""1"":6091,""10plus"":908,""2to4"":3189,""5to9"":1014},{""1"":19756,""10plus"":339,""2to4"":4676,""5to9"":824},{""1"":30292,""10plus"":59,""2to4"":2833,""5to9"":246},{""1"":33095,""10plus"":6,""2to4"":1044,""5to9"":56},{""1"":31723,""10plus"":2,""2to4"":353,""5to9"":12},{""1"":29209,""10plus"":2,""2to4"":138,""5to9"":5}]",0.6255193750002945,0.475739396053541,1382354944
C0,ud23,HERODOTUS,89f0804afded8e7a0f4e1b507030d5ef4ecaf17e422c8b2969bd6b23e62818e6,13,shuffled,8,100,0.5,8884,ffde93ff216ab1ab399b40a58ff3a0fb3e76a887d8ff944016a97d61da51d5d8,15283,17301,47038,53304,4432.568707906641,,8891063a8db257f3b89f596b063f1344c628cddb2432d0ccdb29f127e8eb7404,-169377.85349648495,189243,81,1.0,19,3539,53304,"[1,82,2061,15569,34843,38599,35831,32646,29611]","[{""1"":0,""10plus"":1,""2to4"":0,""5to9"":0},{""1"":6,""10plus"":57,""2to4"":14,""5to9"":5},{""1"":531,""10plus"":702,""2to4"":502,""5to9"":326},{""1"":8778,""10plus"":929,""2to4"":4538,""5to9"":1324},{""1"":29730,""10plus"":12,""2to4"":4824,""5to9"":277},{""1"":37972,""10plus"":0,""2to4"":627,""5to9"":0},{""1"":35782,""10plus"":0,""2to4"":49,""5to9"":0},{""1"":32641,""10plus"":0,""2to4"":5,""5to9"":0},{""1"":29610,""10plus"":0,""2to4"":1,""5to9"":0}]",0.8366022909995081,0.47593905209214427,1382354944
C0,ud23,HERODOTUS,89f0804afded8e7a0f4e1b507030d5ef4ecaf17e422c8b2969bd6b23e62818e6,14,original,8,100,0.5,8884,8cf80e825bce647205a4af2c0f7360d54d7bb59516c70c7ac3a949c90c0120cc,15308,17301,46941,53304,-10807.491643786256,,1d41b9ce6384cf0855d607caa611b80f2663beb9f0c721fb348898af5cf93545,-158882.0231884323,168012,86,0.0,14,3545,53304,"[1,86,1826,11280,25645,33465,34186,32102,29421]","[{""1"":0,""10plus"":1,""2to4"":0,""5to9"":0},{""1"":8,""10plus"":55,""2to4"":18,""5to9"":5},{""1"":481,""10plus"":632,""2to4"":458,""5to9"":255},{""1"":6112,""10plus"":927,""2to4"":3227,""5to9"":1014},{""1"":19781,""10plus"":325,""2to4"":4708,""5to9"":831},{""1"":30356,""10plus"":55,""2to4"":2806,""5to9"":248},{""1"":33054,""10plus"":6,""2to4"":1073,""5to9"":53},{""1"":31721,""10plus"":3,""2to4"":371,""5to9"":7},{""1"":29275,""10plus"":2,""2to4"":141,""5to9"":3}]",0.6051579169998149,0.48352225691996864,1382354944
C0,ud23,HERODOTUS,89f0804afded8e7a0f4e1b507030d5ef4ecaf17e422c8b2969bd6b23e62818e6,14,shuffled,8,100,0.5,8884,8cf80e825bce647205a4af2c0f7360d54d7bb59516c70c7ac3a949c90c0120cc,15308,17301,46941,53304,4438.1668663670425,,24405c30e5839abac72369bf5d4ce97f1a9e9214f3d0b033a1a36dcdfd956d04,-169689.51483221856,189330,86,1.0,14,3545,53304,"[1,86,2085,15576,34934,38516,35828,32649,29655]","[{""1"":0,""10plus"":1,""2to4"":0,""5to9"":0},{""1"":9,""10plus"":56,""2to4"":18,""5to9"":3},{""1"":534,""10plus"":722,""2to4"":536,""5to9"":293},{""1"":8741,""10plus"":937,""2to4"":4565,""5to9"":1333},{""1"":29978,""10plus"":16,""2to4"":4661,""5to9"":279},{""1"":37826,""10plus"":0,""2to4"":690,""5to9"":0},{""1"":35790,""10plus"":0,""2to4"":38,""5to9"":0},{""1"":32648,""10plus"":0,""2to4"":1,""5to9"":0},{""1"":29655,""10plus"":0,""2to4"":0,""5to9"":0}]",1.0103187499989872,0.4851516500857542,1382354944
C0,ud23,HERODOTUS,89f0804afded8e7a0f4e1b507030d5ef4ecaf17e422c8b2969bd6b23e62818e6,15,original,8,100,0.5,8884,8b1b3cc25eab1c31467b46852176d00c9ace2e2ed4b69668a3e501ea2654c51e,15293,17301,46909,53304,-10903.400389118673,,3f4d7688b11f3e41e36053abff76e0151e9265529e81d65e42bc550ef54963bf,-158385.43029380857,167559,82,0.0,18,3531,53304,"[1,83,1806,11154,25522,33341,34128,32099,29425]","[{""1"":0,""10plus"":1,""2to4"":0,""5to9"":0},{""1"":8,""10plus"":55,""2to4"":13,""5to9"":7},{""1"":476,""10plus"":625,""2to4"":458,""5to9"":247},{""1"":6033,""10plus"":926,""2to4"":3206,""5to9"":989},{""1"":19693,""10plus"":335,""2to4"":4661,""5to9"":833},{""1"":30180,""10plus"":63,""2to4"":2845,""5to9"":253},{""1"":32948,""10plus"":5,""2to4"":1124,""5to9"":51},{""1"":31674,""10plus"":2,""2to4"":417,""5to9"":6},{""1"":29242,""10plus"":2,""2to4"":179,""5to9"":2}]",0.5634020409997902,0.47385379191837274,1382354944
C0,ud23,HERODOTUS,89f0804afded8e7a0f4e1b507030d5ef4ecaf17e422c8b2969bd6b23e62818e6,15,shuffled,8,100,0.5,8884,8b1b3cc25eab1c31467b46852176d00c9ace2e2ed4b69668a3e501ea2654c51e,15293,17301,46909,53304,4480.812708556303,,be04b72315df3ae5fc5e18cb4fe34602cc4ddc928936bf19c914c8759b051f51,-169288.83068292725,189284,82,1.0,18,3531,53304,"[1,83,2046,15404,34790,38627,35896,32715,29722]","[{""1"":0,""10plus"":1,""2to4"":0,""5to9"":0},{""1"":10,""10plus"":54,""2to4"":11,""5to9"":8},{""1"":515,""10plus"":712,""2to4"":518,""5to9"":301},{""1"":8683,""10plus"":938,""2to4"":4412,""5to9"":1371},{""1"":29597,""10plus"":13,""2to4"":4915,""5to9"":265},{""1"":37984,""10plus"":0,""2to4"":643,""5to9"":0},{""1"":35859,""10plus"":0,""2to4"":37,""5to9"":0},{""1"":32713,""10plus"":0,""2to4"":2,""5to9"":0},{""1"":29722,""10plus"":0,""2to4"":0,""5to9"":0}]",0.9918817500001751,0.4777844589061715,1382354944
C0,ud23,HERODOTUS,89f0804afded8e7a0f4e1b507030d5ef4ecaf17e422c8b2969bd6b23e62818e6,16,original,8,100,0.5,8884,b3fcd647ce39e9089de570b6f0aea10e4871785ab2930fc1ec980f5bf20617ef,15271,17301,46924,53304,-10538.634708533704,,0bd32ee1dc9ef8908de6b6f84a79baca4e1d9c7faf639ade66c919da0ca54554,-158969.51694905045,168289,80,0.0,20,3541,53304,"[1,81,1824,11364,25697,33521,34245,32144,29412]","[{""1"":0,""10plus"":1,""2to4"":0,""5to9"":0},{""1"":4,""10plus"":57,""2to4"":15,""5to9"":5},{""1"":466,""10plus"":638,""2to4"":478,""5to9"":242},{""1"":6234,""10plus"":919,""2to4"":3203,""5to9"":1008},{""1"":19844,""10plus"":338,""2to4"":4714,""5to9"":801},{""1"":30440,""10plus"":55,""2to4"":2780,""5to9"":246},{""1"":33148,""10plus"":6,""2to4"":1048,""5to9"":43},{""1"":31782,""10plus"":3,""2to4"":352,""5to9"":7},{""1"":29266,""10plus"":2,""2to4"":142,""5to9"":2}]",0.5810922909986402,0.4714096370680636,1382354944
C0,ud23,HERODOTUS,89f0804afded8e7a0f4e1b507030d5ef4ecaf17e422c8b2969bd6b23e62818e6,16,shuffled,8,100,0.5,8884,b3fcd647ce39e9089de570b6f0aea10e4871785ab2930fc1ec980f5bf20617ef,15271,17301,46924,53304,4454.029337782704,,5197d9c983a4587694cd41e8f60775e46ec8f8e3ae3a1f05f9e956e0b87d4702,-169508.15165758415,189159,80,1.0,20,3541,53304,"[1,81,2061,15562,34784,38504,35851,32669,29646]","[{""1"":0,""10plus"":1,""2to4"":0,""5to9"":0},{""1"":4,""10plus"":57,""2to4"":16,""5to9"":4},{""1"":505,""10plus"":712,""2to4"":536,""5to9"":308},{""1"":8877,""10plus"":936,""2to4"":4358,""5to9"":1391},{""1"":29724,""10plus"":14,""2to4"":4757,""5to9"":289},{""1"":37790,""10plus"":0,""2to4"":714,""5to9"":0},{""1"":35811,""10plus"":0,""2to4"":40,""5to9"":0},{""1"":32666,""10plus"":0,""2to4"":3,""5to9"":0},{""1"":29646,""10plus"":0,""2to4"":0,""5to9"":0}]",0.9864733750000596,0.4722446840860357,1382354944
C0,ud23,HERODOTUS,89f0804afded8e7a0f4e1b507030d5ef4ecaf17e422c8b2969bd6b23e62818e6,17,original,8,100,0.5,8884,04fcb208a9b58b22da62e826b339147f77fa19e24d4b3268f0a120e7f6e90df0,15392,17301,46991,53304,-10423.412425363553,,576e98eec25b6448f4f3dff86de5078d331dc0fb397edd5135516a128de11e4b,-158942.49647693915,168218,83,0.0,17,3523,53304,"[1,82,1822,11254,25641,33469,34251,32189,29509]","[{""1"":0,""10plus"":1,""2to4"":0,""5to9"":0},{""1"":7,""10plus"":56,""2to4"":15,""5to9"":4},{""1"":486,""10plus"":627,""2to4"":459,""5to9"":250},{""1"":6095,""10plus"":905,""2to4"":3216,""5to9"":1038},{""1"":19755,""10plus"":321,""2to4"":4716,""5to9"":849},{""1"":30335,""10plus"":61,""2to4"":2846,""5to9"":227},{""1"":33125,""10plus"":5,""2to4"":1072,""5to9"":49},{""1"":31798,""10plus"":2,""2to4"":384,""5to9"":5},{""1"":29362,""10plus"":2,""2to4"":144,""5to9"":1}]",0.6199899160001223,0.4797602361486497,1385299968
C0,ud23,HERODOTUS,89f0804afded8e7a0f4e1b507030d5ef4ecaf17e422c8b2969bd6b23e62818e6,17,shuffled,8,100,0.5,8884,04fcb208a9b58b22da62e826b339147f77fa19e24d4b3268f0a120e7f6e90df0,15392,17301,46991,53304,4447.1058523920365,,dbd788b5d60c3bb176cfc28c267acd562054ecdf72f69055f12326bab60ab697,-169365.9089023027,189642,83,1.0,17,3523,53304,"[1,82,2055,15593,34855,38625,35926,32756,29749]","[{""1"":0,""10plus"":1,""2to4"":0,""5to9"":0},{""1"":10,""10plus"":56,""2to4"":11,""5to9"":5},{""1"":532,""10plus"":720,""2to4"":508,""5to9"":295},{""1"":8889,""10plus"":937,""2to4"":4420,""5to9"":1347},{""1"":29805,""10plus"":10,""2to4"":4737,""5to9"":303},{""1"":37944,""10plus"":0,""2to4"":681,""5to9"":0},{""1"":35888,""10plus"":0,""2to4"":38,""5to9"":0},{""1"":32755,""10plus"":0,""2to4"":1,""5to9"":0},{""1"":29749,""10plus"":0,""2to4"":0,""5to9"":0}]",0.852329916000599,0.4808043410303071,1385299968
C0,ud23,HERODOTUS,89f0804afded8e7a0f4e1b507030d5ef4ecaf17e422c8b2969bd6b23e62818e6,18,original,8,100,0.5,8884,9b80c9bc234db65be1c214d01dd81e7765a0d34c9f7c7aed1e297afe4d39b965,15253,17301,46910,53304,-10605.977384334954,,8f7a4caacb2258aaf68742156cbf412c989edd03d35a3362b33e328dcccf54c4,-158801.59689683976,168185,84,0.0,16,3543,53304,"[1,85,1821,11244,25708,33574,34251,32109,29392]","[{""1"":0,""10plus"":1,""2to4"":0,""5to9"":0},{""1"":9,""10plus"":55,""2to4"":15,""5to9"":6},{""1"":487,""10plus"":623,""2to4"":447,""5to9"":264},{""1"":6061,""10plus"":930,""2to4"":3256,""5to9"":997},{""1"":19832,""10plus"":335,""2to4"":4734,""5to9"":807},{""1"":30496,""10plus"":65,""2to4"":2780,""5to9"":233},{""1"":33166,""10plus"":7,""2to4"":1036,""5to9"":42},{""1"":31736,""10plus"":2,""2to4"":364,""5to9"":7},{""1"":29251,""10plus"":2,""2to4"":137,""5to9"":2}]",0.5997575829987909,0.481257023060607,1386905600
C0,ud23,HERODOTUS,89f0804afded8e7a0f4e1b507030d5ef4ecaf17e422c8b2969bd6b23e62818e6,18,shuffled,8,100,0.5,8884,9b80c9bc234db65be1c214d01dd81e7765a0d34c9f7c7aed1e297afe4d39b965,15253,17301,46910,53304,4390.789623418532,,e8eefb7ec7f25b7136d257657314e5fdf834c4f7ad6d872f8988070410c59b2c,-169407.57428117472,189086,84,1.0,16,3543,53304,"[1,84,2025,15481,34803,38565,35834,32656,29637]","[{""1"":0,""10plus"":1,""2to4"":0,""5to9"":0},{""1"":9,""10plus"":55,""2to4"":13,""5to9"":7},{""1"":470,""10plus"":710,""2to4"":536,""5to9"":309},{""1"":8730,""10plus"":938,""2to4"":4433,""5to9"":1380},{""1"":29695,""10plus"":7,""2to4"":4813,""5to9"":288},{""1"":37912,""10plus"":0,""2to4"":653,""5to9"":0},{""1"":35788,""10plus"":0,""2to4"":46,""5to9"":0},{""1"":32652,""10plus"":0,""2to4"":4,""5to9"":0},{""1"":29636,""10plus"":0,""2to4"":1,""5to9"":0}]",0.9891312499985361,0.48238011500689026,1386905600
C0,ud23,HERODOTUS,89f0804afded8e7a0f4e1b507030d5ef4ecaf17e422c8b2969bd6b23e62818e6,19,original,8,100,0.5,8884,2c59a0efe8961f73404a83c2aef45cd13fdf8cf177a190a74da023b1f83cf26c,15362,17301,46951,53304,-10836.92637622237,,1cfd2550ed1d85aed4615115335c79917c67b57a4b9f6857fc707cc24e234951,-158733.11637200107,167861,86,0.0,14,3548,53304,"[1,86,1831,11240,25568,33447,34206,32096,29386]","[{""1"":0,""10plus"":1,""2to4"":0,""5to9"":0},{""1"":9,""10plus"":55,""2to4"":16,""5to9"":6},{""1"":465,""10plus"":633,""2to4"":489,""5to9"":244},{""1"":6117,""10plus"":914,""2to4"":3190,""5to9"":1019},{""1"":19670,""10plus"":335,""2to4"":4723,""5to9"":840},{""1"":30300,""10plus"":57,""2to4"":2858,""5to9"":232},{""1"":33103,""10plus"":5,""2to4"":1057,""5to9"":41},{""1"":31731,""10plus"":2,""2to4"":351,""5to9"":12},{""1"":29252,""10plus"":2,""2to4"":127,""5to9"":5}]",0.6204320830001961,0.48343603203284147,1386958848
C0,ud23,HERODOTUS,89f0804afded8e7a0f4e1b507030d5ef4ecaf17e422c8b2969bd6b23e62818e6,19,shuffled,8,100,0.5,8884,2c59a0efe8961f73404a83c2aef45cd13fdf8cf177a190a74da023b1f83cf26c,15362,17301,46951,53304,4332.917835709144,,5b4dffd2d5079fe899e328984ba1689379f71ec817e5d82e8bbed8db9e91a0e3,-169570.04274822344,188943,86,1.0,14,3548,53304,"[1,86,2079,15493,34711,38501,35811,32636,29625]","[{""1"":0,""10plus"":1,""2to4"":0,""5to9"":0},{""1"":9,""10plus"":55,""2to4"":15,""5to9"":7},{""1"":546,""10plus"":711,""2to4"":500,""5to9"":322},{""1"":8802,""10plus"":936,""2to4"":4403,""5to9"":1352},{""1"":29640,""10plus"":12,""2to4"":4755,""5to9"":304},{""1"":37811,""10plus"":0,""2to4"":690,""5to9"":0},{""1"":35761,""10plus"":0,""2to4"":50,""5to9"":0},{""1"":32633,""10plus"":0,""2to4"":3,""5to9"":0},{""1"":29625,""10plus"":0,""2to4"":0,""5to9"":0}]",0.8436100830003852,0.48568923188395274,1386958848
C0,ud23,HESIODIC_TRADITION,c4c0c7eaeca0d61d2e53f4f0642bfa382e91dd28b470d2f4da2ba8539fe0e7f7,0,original,8,100,0.5,8884,122fb0d79dc3d8a1f3ecc96637b506459b7a5e2c89e5ce9e15007053344dcef3,8052,9282,47034,53304,-11302.257111155952,,76c0ef6ffc0fc869c8bd4c331196f34c7c906673c3c17b96ca1fc966e32557fe,-156745.92792759012,170130,80,0.0,20,3359,53304,"[1,80,1818,11133,25305,33491,34847,33042,30413]","[{""1"":0,""10plus"":1,""2to4"":0,""5to9"":0},{""1"":6,""10plus"":55,""2to4"":9,""5to9"":10},{""1"":503,""10plus"":620,""2to4"":443,""5to9"":252},{""1"":6101,""10plus"":890,""2to4"":3180,""5to9"":962},{""1"":19572,""10plus"":372,""2to4"":4513,""5to9"":848},{""1"":30149,""10plus"":68,""2to4"":2999,""5to9"":275},{""1"":33580,""10plus"":8,""2to4"":1215,""5to9"":44},{""1"":32622,""10plus"":0,""2to4"":416,""5to9"":4},{""1"":30261,""10plus"":0,""2to4"":152,""5to9"":0}]",0.636460084000646,0.23455764408390678,1156141056
C0,ud23,HESIODIC_TRADITION,c4c0c7eaeca0d61d2e53f4f0642bfa382e91dd28b470d2f4da2ba8539fe0e7f7,0,shuffled,8,100,0.5,8884,122fb0d79dc3d8a1f3ecc96637b506459b7a5e2c89e5ce9e15007053344dcef3,8052,9282,47034,53304,4729.027751662768,,b07eb0eb83faaf39aeb4f889c205a4855c4db3f058c93940895b1c406e8546bf,-168048.18503874607,192158,80,1.0,20,3359,53304,"[1,80,2037,15259,34749,39195,36655,33577,30605]","[{""1"":0,""10plus"":1,""2to4"":0,""5to9"":0},{""1"":8,""10plus"":56,""2to4"":7,""5to9"":9},{""1"":527,""10plus"":701,""2to4"":509,""5to9"":300},{""1"":8652,""10plus"":924,""2to4"":4313,""5to9"":1370},{""1"":29435,""10plus"":19,""2to4"":4994,""5to9"":301},{""1"":38494,""10plus"":0,""2to4"":701,""5to9"":0},{""1"":36607,""10plus"":0,""2to4"":48,""5to9"":0},{""1"":33574,""10plus"":0,""2to4"":3,""5to9"":0},{""1"":30605,""10plus"":0,""2to4"":0,""5to9"":0}]",0.8662247080010275,0.235392818969558,1156141056
C0,ud23,HESIODIC_TRADITION,c4c0c7eaeca0d61d2e53f4f0642bfa382e91dd28b470d2f4da2ba8539fe0e7f7,1,original,8,100,0.5,8884,54133ba6f02295ae08646a141efb65dff939cab1f38e534d8a6f44b9174ea89c,8022,9282,47039,53304,-11160.307538458175,,3e4cc32bf17129884ecda6a6a0790b0372083fedec04828bada25784f77c7db0,-157078.3895324822,170388,83,0.0,17,3391,53304,"[1,84,1817,11188,25396,33640,34894,33025,30343]","[{""1"":0,""10plus"":1,""2to4"":0,""5to9"":0},{""1"":11,""10plus"":56,""2to4"":10,""5to9"":7},{""1"":480,""10plus"":608,""2to4"":464,""5to9"":265},{""1"":6156,""10plus"":884,""2to4"":3180,""5to9"":968},{""1"":19640,""10plus"":375,""2to4"":4539,""5to9"":842},{""1"":30376,""10plus"":61,""2to4"":2916,""5to9"":287},{""1"":33731,""10plus"":2,""2to4"":1098,""5to9"":63},{""1"":32697,""10plus"":0,""2to4"":318,""5to9"":10},{""1"":30252,""10plus"":0,""2to4"":86,""5to9"":5}]",0.6117232080014219,0.2308197271067911,1387040768
C0,ud23,HESIODIC_TRADITION,c4c0c7eaeca0d61d2e53f4f0642bfa382e91dd28b470d2f4da2ba8539fe0e7f7,1,shuffled,8,100,0.5,8884,54133ba6f02295ae08646a141efb65dff939cab1f38e534d8a6f44b9174ea89c,8022,9282,47039,53304,4720.4397563687235,,295db45f6975699f55769aa24aa48922a5668de0091711669296af4ab0aac7f2,-168238.69707094037,191569,83,1.0,17,3391,53304,"[1,83,2047,15309,34701,39012,36520,33433,30463]","[{""1"":0,""10plus"":1,""2to4"":0,""5to9"":0},{""1"":10,""10plus"":56,""2to4"":9,""5to9"":8},{""1"":519,""10plus"":690,""2to4"":531,""5to9"":307},{""1"":8611,""10plus"":924,""2to4"":4403,""5to9"":1371},{""1"":29458,""10plus"":24,""2to4"":4892,""5to9"":327},{""1"":38274,""10plus"":0,""2to4"":738,""5to9"":0},{""1"":36471,""10plus"":0,""2to4"":49,""5to9"":0},{""1"":33431,""10plus"":0,""2to4"":2,""5to9"":0},{""1"":30463,""10plus"":0,""2to4"":0,""5to9"":0}]",1.0073638329995447,0.230485068017515,1387040768
C0,ud23,HESIODIC_TRADITION,c4c0c7eaeca0d61d2e53f4f0642bfa382e91dd28b470d2f4da2ba8539fe0e7f7,2,original,8,100,0.5,8884,a3781ee7a5a9e02423695828fa503b846ef7d7601c3b9e9213c98f2e2bed3a39,7950,9282,47050,53304,-10919.6500143632,,555aa48f3d4fec65b82b0e42a8dbdcf7a82f262c76b64ae98025ed714d827333,-157398.4701877574,170380,85,0.0,15,3397,53304,"[1,85,1811,11256,25540,33641,34804,32942,30300]","[{""1"":0,""10plus"":1,""2to4"":0,""5to9"":0},{""1"":9,""10plus"":56,""2to4"":13,""5to9"":7},{""1"":467,""10plus"":619,""2to4"":449,""5to9"":276},{""1"":6128,""10plus"":881,""2to4"":3255,""5to9"":992},{""1"":19768,""10plus"":380,""2to4"":4602,""5to9"":790},{""1"":30444,""10plus"":70,""2to4"":2855,""5to9"":272},{""1"":33612,""10plus"":5,""2to4"":1139,""5to9"":48},{""1"":32572,""10plus"":1,""2to4"":362,""5to9"":7},{""1"":30180,""10plus"":0,""2to4"":115,""5to9"":5}]",0.5955600829984178,0.2334979929491965,1387130880
C0,ud23,HESIODIC_TRADITION,c4c0c7eaeca0d61d2e53f4f0642bfa382e91dd28b470d2f4da2ba8539fe0e7f7,2,shuffled,8,100,0.5,8884,a3781ee7a5a9e02423695828fa503b846ef7d7601c3b9e9213c98f2e2bed3a39,7950,9282,47050,53304,4781.782595035766,,9e4c99cb19ece132be215e8d2edc39ebdfb113ec6507390bf3306fd36279ca13,-168318.1202021206,191561,85,1.0,15,3397,53304,"[1,85,2074,15254,34745,39038,36500,33409,30455]","[{""1"":0,""10plus"":1,""2to4"":0,""5to9"":0},{""1"":9,""10plus"":56,""2to4"":12,""5to9"":8},{""1"":560,""10plus"":712,""2to4"":520,""5to9"":282},{""1"":8491,""10plus"":930,""2to4"":4505,""5to9"":1328},{""1"":29484,""10plus"":23,""2to4"":4908,""5to9"":330},{""1"":38328,""10plus"":0,""2to4"":710,""5to9"":0},{""1"":36455,""10plus"":0,""2to4"":45,""5to9"":0},{""1"":33406,""10plus"":0,""2to4"":3,""5to9"":0},{""1"":30455,""10plus"":0,""2to4"":0,""5to9"":0}]",1.0098056250008085,0.2325244570401992,1387130880
C0,ud23,HESIODIC_TRADITION,c4c0c7eaeca0d61d2e53f4f0642bfa382e91dd28b470d2f4da2ba8539fe0e7f7,3,original,8,100,0.5,8884,cbd74e0d1639da87ca5236dbe5dec0c239ef76bdf5d357c5ad2702ae82afb8e3,8041,9282,46947,53304,-11091.718606528972,,24ff8d65cc81b7fa51c17df2685ab86bc62a53f8a482eaa25946c6bbdea9ad9e,-157184.7715333812,170513,80,0.0,20,3397,53304,"[1,81,1831,11236,25613,33693,34830,32947,30281]","[{""1"":0,""10plus"":1,""2to4"":0,""5to9"":0},{""1"":6,""10plus"":57,""2to4"":9,""5to9"":9},{""1"":492,""10plus"":606,""2to4"":469,""5to9"":264},{""1"":6175,""10plus"":873,""2to4"":3177,""5to9"":1011},{""1"":19912,""10plus"":365,""2to4"":4518,""5to9"":818},{""1"":30518,""10plus"":69,""2to4"":2836,""5to9"":270},{""1"":33637,""10plus"":4,""2to4"":1137,""5to9"":52},{""1"":32577,""10plus"":0,""2to4"":364,""5to9"":6},{""1"":30151,""10plus"":0,""2to4"":129,""5to9"":1}]",0.6033596659999603,0.22729881194209156,1387155456
C0,ud23,HESIODIC_TRADITION,c4c0c7eaeca0d61d2e53f4f0642bfa382e91dd28b470d2f4da2ba8539fe0e7f7,3,shuffled,8,100,0.5,8884,cbd74e0d1639da87ca5236dbe5dec0c239ef76bdf5d357c5ad2702ae82afb8e3,8041,9282,46947,53304,4799.681656742003,,c44b4e4b0328d7d5033e645bcc27e4f228b1de9a0e333c05871d078abe58d6cb,-168276.49013991017,191651,80,1.0,20,3397,53304,"[1,81,2064,15434,34725,38996,36500,33411,30439]","[{""1"":0,""10plus"":1,""2to4"":0,""5to9"":0},{""1"":7,""10plus"":57,""2to4"":9,""5to9"":8},{""1"":547,""10plus"":710,""2to4"":502,""5to9"":305},{""1"":8697,""10plus"":910,""2to4"":4499,""5to9"":1328},{""1"":29560,""10plus"":22,""2to4"":4807,""5to9"":336},{""1"":38239,""10plus"":0,""2to4"":755,""5to9"":2},{""1"":36452,""10plus"":0,""2to4"":48,""5to9"":0},{""1"":33410,""10plus"":0,""2to4"":1,""5to9"":0},{""1"":30439,""10plus"":0,""2to4"":0,""5to9"":0}]",1.0255203750002693,0.22789302906676312,1387155456
C0,ud23,HESIODIC_TRADITION,c4c0c7eaeca0d61d2e53f4f0642bfa382e91dd28b470d2f4da2ba8539fe0e7f7,4,original,8,100,0.5,8884,f50ca6efca85d5aeafb7dd17ac080b1eea597cfea006d94db0b1df39a0be7a59,8069,9282,46973,53304,-11377.576932045806,,76f0e2dfb5d94da85dd9b64917a0a8f61c3211e3660932e764d3dd2eeb4ddc34,-157091.3664670438,169968,81,0.0,19,3419,53304,"[1,82,1827,11251,25454,33586,34734,32849,30184]","[{""1"":0,""10plus"":1,""2to4"":0,""5to9"":0},{""1"":7,""10plus"":55,""2to4"":10,""5to9"":10},{""1"":493,""10plus"":616,""2to4"":457,""5to9"":261},{""1"":6226,""10plus"":881,""2to4"":3190,""5to9"":954},{""1"":19733,""10plus"":365,""2to4"":4560,""5to9"":796},{""1"":30386,""10plus"":67,""2to4"":2859,""5to9"":274},{""1"":33566,""10plus"":2,""2to4"":1106,""5to9"":60},{""1"":32484,""10plus"":0,""2to4"":359,""5to9"":6},{""1"":30063,""10plus"":0,""2to4"":120,""5to9"":1}]",0.574465624998993,0.23138582708452304,1387319296
C0,ud23,HESIODIC_TRADITION,c4c0c7eaeca0d61d2e53f4f0642bfa382e91dd28b470d2f4da2ba8539fe0e7f7,4,shuffled,8,100,0.5,8884,f50ca6efca85d5aeafb7dd17ac080b1eea597cfea006d94db0b1df39a0be7a59,8069,9282,46973,53304,4746.815737388068,,b457ea4965e454fd44827c0bdb750f33496432e7e8c907ef5619a32406f458b7,-168468.9433990896,191376,81,1.0,19,3419,53304,"[1,82,2072,15427,34848,38945,36388,33291,30322]","[{""1"":0,""10plus"":1,""2to4"":0,""5to9"":0},{""1"":8,""10plus"":55,""2to4"":10,""5to9"":9},{""1"":553,""10plus"":716,""2to4"":517,""5to9"":286},{""1"":8673,""10plus"":887,""2to4"":4483,""5to9"":1384},{""1"":29743,""10plus"":12,""2to4"":4744,""5to9"":349},{""1"":38215,""10plus"":0,""2to4"":730,""5to9"":0},{""1"":36335,""10plus"":0,""2to4"":53,""5to9"":0},{""1"":33288,""10plus"":0,""2to4"":3,""5to9"":0},{""1"":30322,""10plus"":0,""2to4"":0,""5to9"":0}]",1.0080996249998861,0.2310901970085979,1387319296
C0,ud23,HESIODIC_TRADITION,c4c0c7eaeca0d61d2e53f4f0642bfa382e91dd28b470d2f4da2ba8539fe0e7f7,5,original,8,100,0.5,8884,e5a58a893fcc90d0fa57a1792c19d9aade4730b513dfaf557bf8815d1ad066b4,8032,9282,47125,53304,-11227.458690993342,,4a499a5dc381c3cb3b4cb814dede1c43ba7ca4c46d0aa6de506a474888a3614c,-157538.45829859946,170101,82,0.0,18,3408,53304,"[1,82,1830,11264,25501,33590,34750,32875,30208]","[{""1"":0,""10plus"":1,""2to4"":0,""5to9"":0},{""1"":9,""10plus"":55,""2to4"":8,""5to9"":10},{""1"":461,""10plus"":616,""2to4"":482,""5to9"":271},{""1"":6126,""10plus"":879,""2to4"":3284,""5to9"":975},{""1"":19719,""10plus"":359,""2to4"":4595,""5to9"":828},{""1"":30354,""10plus"":72,""2to4"":2900,""5to9"":264},{""1"":33549,""10plus"":3,""2to4"":1148,""5to9"":50},{""1"":32486,""10plus"":0,""2to4"":383,""5to9"":6},{""1"":30073,""10plus"":0,""2to4"":133,""5to9"":2}]",0.6024026249997405,0.23070688293773856,1387319296
C0,ud23,HESIODIC_TRADITION,c4c0c7eaeca0d61d2e53f4f0642bfa382e91dd28b470d2f4da2ba8539fe0e7f7,5,shuffled,8,100,0.5,8884,e5a58a893fcc90d0fa57a1792c19d9aade4730b513dfaf557bf8815d1ad066b4,8032,9282,47125,53304,4704.781893500534,,d518ca18793e0d17040add1bf47848ec202d40024fe3071ee0c697cc56a9cc4c,-168765.9169895928,191662,82,1.0,18,3408,53304,"[1,83,2065,15499,34887,38973,36436,33347,30371]","[{""1"":0,""10plus"":1,""2to4"":0,""5to9"":0},{""1"":10,""10plus"":55,""2to4"":7,""5to9"":11},{""1"":520,""10plus"":704,""2to4"":527,""5to9"":314},{""1"":8788,""10plus"":938,""2to4"":4468,""5to9"":1305},{""1"":29792,""10plus"":19,""2to4"":4768,""5to9"":308},{""1"":38259,""10plus"":0,""2to4"":713,""5to9"":1},{""1"":36394,""10plus"":0,""2to4"":42,""5to9"":0},{""1"":33344,""10plus"":0,""2to4"":3,""5to9"":0},{""1"":30371,""10plus"":0,""2to4"":0,""5to9"":0}]",0.8464613750002172,0.22976081008346227,1387319296
C0,ud23,HESIODIC_TRADITION,c4c0c7eaeca0d61d2e53f4f0642bfa382e91dd28b470d2f4da2ba8539fe0e7f7,6,original,8,100,0.5,8884,975c82318c6878a6c63af5a48cd4f3ac359cd3c2c7b9ba99e34b2cc02b347c3f,8057,9282,47167,53304,-11559.589159772324,,f5252d25c71575daabf8a23e0e2aa593807de45b87e11f0c3e377d7fb2e9cdcd,-157098.30331020153,170213,86,0.0,14,3402,53304,"[1,86,1852,11304,25474,33556,34782,32920,30238]","[{""1"":0,""10plus"":1,""2to4"":0,""5to9"":0},{""1"":9,""10plus"":57,""2to4"":13,""5to9"":7},{""1"":510,""10plus"":621,""2to4"":468,""5to9"":253},{""1"":6245,""10plus"":864,""2to4"":3235,""5to9"":960},{""1"":19811,""10plus"":377,""2to4"":4482,""5to9"":804},{""1"":30379,""10plus"":69,""2to4"":2818,""5to9"":290},{""1"":33620,""10plus"":5,""2to4"":1113,""5to9"":44},{""1"":32581,""10plus"":0,""2to4"":332,""5to9"":7},{""1"":30135,""10plus"":0,""2to4"":101,""5to9"":2}]",0.6093730000011419,0.23473206902599486,1387319296
C0,ud23,HESIODIC_TRADITION,c4c0c7eaeca0d61d2e53f4f0642bfa382e91dd28b470d2f4da2ba8539fe0e7f7,6,shuffled,8,100,0.5,8884,975c82318c6878a6c63af5a48cd4f3ac359cd3c2c7b9ba99e34b2cc02b347c3f,8057,9282,47167,53304,4757.591241916787,,611f82abc207606adb906eca87d41bf8d2b5d167d7136649fec4a1bf44a783bb,-168657.89246997386,191716,86,1.0,14,3402,53304,"[1,85,2096,15554,34799,38994,36459,33353,30375]","[{""1"":0,""10plus"":1,""2to4"":0,""5to9"":0},{""1"":10,""10plus"":57,""2to4"":11,""5to9"":7},{""1"":556,""10plus"":713,""2to4"":530,""5to9"":297},{""1"":8873,""10plus"":891,""2to4"":4409,""5to9"":1381},{""1"":29671,""10plus"":17,""2to4"":4769,""5to9"":342},{""1"":38268,""10plus"":0,""2to4"":725,""5to9"":1},{""1"":36417,""10plus"":0,""2to4"":42,""5to9"":0},{""1"":33350,""10plus"":0,""2to4"":3,""5to9"":0},{""1"":30375,""10plus"":0,""2to4"":0,""5to9"":0}]",1.0156582920008077,0.23533688002862618,1387319296
C0,ud23,HESIODIC_TRADITION,c4c0c7eaeca0d61d2e53f4f0642bfa382e91dd28b470d2f4da2ba8539fe0e7f7,7,original,8,100,0.5,8884,ce8e1d1e1e4b05ae319d2bc9c7f3f951bd6d1999aff9ba23418d57abdd1bae64,8060,9282,47053,53304,-11172.301637254393,,9396c353848d7ae737736bed19a3682109af5aad472551e32f188108d92facc2,-157125.04088416474,170759,82,0.0,18,3354,53304,"[1,81,1815,11169,25493,33665,34939,33115,30481]","[{""1"":0,""10plus"":1,""2to4"":0,""5to9"":0},{""1"":9,""10plus"":55,""2to4"":10,""5to9"":7},{""1"":485,""10plus"":620,""2to4"":465,""5to9"":245},{""1"":6064,""10plus"":879,""2to4"":3244,""5to9"":982},{""1"":19741,""10plus"":383,""2to4"":4535,""5to9"":834},{""1"":30395,""10plus"":73,""2to4"":2895,""5to9"":302},{""1"":33716,""10plus"":4,""2to4"":1160,""5to9"":59},{""1"":32730,""10plus"":1,""2to4"":372,""5to9"":12},{""1"":30340,""10plus"":0,""2to4"":137,""5to9"":4}]",0.6118442499991943,0.22810665892211546,1387319296
C0,ud23,HESIODIC_TRADITION,c4c0c7eaeca0d61d2e53f4f0642bfa382e91dd28b470d2f4da2ba8539fe0e7f7,7,shuffled,8,100,0.5,8884,ce8e1d1e1e4b05ae319d2bc9c7f3f951bd6d1999aff9ba23418d57abdd1bae64,8060,9282,47053,53304,4812.81452478579,,e2ca7a29d1952333968a3adeb51725f4686cd8d29d42cac6826d1d70cbf89e81,-168297.34252141914,192572,82,1.0,18,3354,53304,"[1,80,2065,15487,34785,39168,36693,33623,30670]","[{""1"":0,""10plus"":1,""2to4"":0,""5to9"":0},{""1"":8,""10plus"":55,""2to4"":10,""5to9"":7},{""1"":517,""10plus"":710,""2to4"":527,""5to9"":311},{""1"":8780,""10plus"":912,""2to4"":4474,""5to9"":1321},{""1"":29516,""10plus"":21,""2to4"":4891,""5to9"":357},{""1"":38416,""10plus"":0,""2to4"":752,""5to9"":0},{""1"":36648,""10plus"":0,""2to4"":45,""5to9"":0},{""1"":33621,""10plus"":0,""2to4"":2,""5to9"":0},{""1"":30670,""10plus"":0,""2to4"":0,""5to9"":0}]",0.8605753339998046,0.2291409449026105,1387319296
C0,ud23,HESIODIC_TRADITION,c4c0c7eaeca0d61d2e53f4f0642bfa382e91dd28b470d2f4da2ba8539fe0e7f7,8,original,8,100,0.5,8884,9e6cbc66b3c106799c05631112c13c304fdf5340752a5ed8795f45f380cd9be9,8115,9282,47033,53304,-11258.596077957103,,49bcaf4520e18a7cca4e9c6fb99069a320c4863a9fc8b8d0597faab92bd64cc0,-157041.98953316332,169783,85,0.0,15,3418,53304,"[1,85,1820,11167,25404,33513,34716,32861,30216]","[{""1"":0,""10plus"":1,""2to4"":0,""5to9"":0},{""1"":11,""10plus"":55,""2to4"":10,""5to9"":9},{""1"":483,""10plus"":612,""2to4"":457,""5to9"":268},{""1"":6090,""10plus"":859,""2to4"":3196,""5to9"":1022},{""1"":19658,""10plus"":368,""2to4"":4573,""5to9"":805},{""1"":30304,""10plus"":73,""2to4"":2869,""5to9"":267},{""1"":33514,""10plus"":4,""2to4"":1155,""5to9"":43},{""1"":32473,""10plus"":1,""2to4"":382,""5to9"":5},{""1"":30081,""10plus"":0,""2to4"":133,""5to9"":2}]",0.6084485829996993,0.2328828120171238,1388232704
C0,ud23,HESIODIC_TRADITION,c4c0c7eaeca0d61d2e53f4f0642bfa382e91dd28b470d2f4da2ba8539fe0e7f7,8,shuffled,8,100,0.5,8884,9e6cbc66b3c106799c05631112c13c304fdf5340752a5ed8795f45f380cd9be9,8115,9282,47033,53304,4734.701135326701,,457856d2096b3b66a093e02e3492203b4882c0dd0dbfc7a8ad2cf376a54b0392,-168300.58561112042,191202,85,1.0,15,3418,53304,"[1,83,2073,15302,34674,38909,36424,33346,30390]","[{""1"":0,""10plus"":1,""2to4"":0,""5to9"":0},{""1"":10,""10plus"":56,""2to4"":9,""5to9"":8},{""1"":536,""10plus"":702,""2to4"":545,""5to9"":290},{""1"":8604,""10plus"":923,""2to4"":4414,""5to9"":1361},{""1"":29492,""10plus"":18,""2to4"":4826,""5to9"":338},{""1"":38144,""10plus"":0,""2to4"":764,""5to9"":1},{""1"":36376,""10plus"":0,""2to4"":48,""5to9"":0},{""1"":33344,""10plus"":0,""2to4"":2,""5to9"":0},{""1"":30390,""10plus"":0,""2to4"":0,""5to9"":0}]",1.0030517499999405,0.2309116928408912,1388232704
C0,ud23,HESIODIC_TRADITION,c4c0c7eaeca0d61d2e53f4f0642bfa382e91dd28b470d2f4da2ba8539fe0e7f7,9,original,8,100,0.5,8884,b1d247bcf5f12c7eb74a191e2ed2880443d99b003386f4250ffd38c4bc379d11,8070,9282,47029,53304,-11284.736502219253,,956e3a695e850389d72b66b0fe5ded181301128da9fbb5892376f74d9a42eafa,-156985.48541030881,170838,83,0.0,17,3375,53304,"[1,84,1821,11120,25541,33746,34962,33099,30464]","[{""1"":0,""10plus"":1,""2to4"":0,""5to9"":0},{""1"":12,""10plus"":55,""2to4"":7,""5to9"":10},{""1"":486,""10plus"":616,""2to4"":463,""5to9"":256},{""1"":6048,""10plus"":888,""2to4"":3187,""5to9"":997},{""1"":19775,""10plus"":361,""2to4"":4571,""5to9"":834},{""1"":30587,""10plus"":77,""2to4"":2819,""5to9"":263},{""1"":33801,""10plus"":4,""2to4"":1107,""5to9"":50},{""1"":32740,""10plus"":0,""2to4"":356,""5to9"":3},{""1"":30347,""10plus"":0,""2to4"":117,""5to9"":0}]",0.5901629580002918,0.23030667698731122,1388232704
C0,ud23,HESIODIC_TRADITION,c4c0c7eaeca0d61d2e53f4f0642bfa382e91dd28b470d2f4da2ba8539fe0e7f7,9,shuffled,8,100,0.5,8884,b1d247bcf5f12c7eb74a191e2ed2880443d99b003386f4250ffd38c4bc379d11,8070,9282,47029,53304,4750.2114577242755,,bb9dd5d00cd1cc65d10da64fec9064b2e7ecebdec0ec9007da655c927e607ad0,-168270.22191252807,192143,83,1.0,17,3375,53304,"[1,83,2091,15361,34744,39117,36611,33540,30595]","[{""1"":0,""10plus"":1,""2to4"":0,""5to9"":0},{""1"":11,""10plus"":55,""2to4"":7,""5to9"":10},{""1"":563,""10plus"":708,""2to4"":537,""5to9"":283},{""1"":8666,""10plus"":947,""2to4"":4423,""5to9"":1325},{""1"":29509,""10plus"":16,""2to4"":4887,""5to9"":332},{""1"":38379,""10plus"":0,""2to4"":738,""5to9"":0},{""1"":36565,""10plus"":0,""2to4"":46,""5to9"":0},{""1"":33538,""10plus"":0,""2to4"":2,""5to9"":0},{""1"":30595,""10plus"":0,""2to4"":0,""5to9"":0}]",1.0020391250000102,0.2298563910790108,1388232704
C0,ud23,HESIODIC_TRADITION,c4c0c7eaeca0d61d2e53f4f0642bfa382e91dd28b470d2f4da2ba8539fe0e7f7,10,original,8,100,0.5,8884,0cbd9456afca3571e07971c23963267d7f2b3ba423531d57979e07c3187d03af,8003,9282,47089,53304,-11160.800459939142,,41e094ecb31f4b63177af103f7e423ec21d0c2227063cffe9ec50e7314db6412,-157027.00660543476,170287,80,0.0,20,3396,53304,"[1,80,1807,11204,25501,33617,34808,32954,30315]","[{""1"":0,""10plus"":1,""2to4"":0,""5to9"":0},{""1"":8,""10plus"":54,""2to4"":8,""5to9"":10},{""1"":469,""10plus"":600,""2to4"":454,""5to9"":284},{""1"":6123,""10plus"":858,""2to4"":3220,""5to9"":1003},{""1"":19733,""10plus"":369,""2to4"":4583,""5to9"":816},{""1"":30412,""10plus"":68,""2to4"":2852,""5to9"":285},{""1"":33592,""10plus"":4,""2to4"":1163,""5to9"":49},{""1"":32566,""10plus"":0,""2to4"":381,""5to9"":7},{""1"":30190,""10plus"":0,""2to4"":124,""5to9"":1}]",0.6268917920006061,0.22688016302163305,1388449792
C0,ud23,HESIODIC_TRADITION,c4c0c7eaeca0d61d2e53f4f0642bfa382e91dd28b470d2f4da2ba8539fe0e7f7,10,shuffled,8,100,0.5,8884,0cbd9456afca3571e07971c23963267d7f2b3ba423531d57979e07c3187d03af,8003,9282,47089,53304,4731.737447111198,,fa7207cbb8f1c508b5f1c727c955c1314f77aa42fdffbdd71dfd2552672cb4a4,-168187.8070653739,191790,80,1.0,20,3396,53304,"[1,81,2056,15398,34783,39045,36513,33441,30472]","[{""1"":0,""10plus"":1,""2to4"":0,""5to9"":0},{""1"":9,""10plus"":54,""2to4"":8,""5to9"":10},{""1"":527,""10plus"":708,""2to4"":524,""5to9"":297},{""1"":8713,""10plus"":925,""2to4"":4456,""5to9"":1304},{""1"":29642,""10plus"":11,""2to4"":4774,""5to9"":356},{""1"":38317,""10plus"":0,""2to4"":728,""5to9"":0},{""1"":36453,""10plus"":0,""2to4"":60,""5to9"":0},{""1"":33437,""10plus"":0,""2to4"":4,""5to9"":0},{""1"":30471,""10plus"":0,""2to4"":1,""5to9"":0}]",0.8552201669990609,0.22674790307610238,1388449792
C0,ud23,HESIODIC_TRADITION,c4c0c7eaeca0d61d2e53f4f0642bfa382e91dd28b470d2f4da2ba8539fe0e7f7,11,original,8,100,0.5,8884,89fa0b8e25d1db24d4f55dbe0dc49f35601acdcd3e0edf55c1899066c1380834,8048,9282,47055,53304,-11190.570108400716,,44e07ac166d19673e1177e5015a8e2b4f67b9e23faa9a99dcced50114f8c2c94,-157220.48027117443,170930,82,0.0,18,3365,53304,"[1,83,1810,11242,25560,33707,34903,33130,30494]","[{""1"":0,""10plus"":1,""2to4"":0,""5to9"":0},{""1"":11,""10plus"":56,""2to4"":8,""5to9"":8},{""1"":459,""10plus"":613,""2to4"":458,""5to9"":280},{""1"":6129,""10plus"":887,""2to4"":3261,""5to9"":965},{""1"":19810,""10plus"":367,""2to4"":4567,""5to9"":816},{""1"":30482,""10plus"":72,""2to4"":2880,""5to9"":273},{""1"":33651,""10plus"":5,""2to4"":1192,""5to9"":55},{""1"":32755,""10plus"":0,""2to4"":363,""5to9"":12},{""1"":30364,""10plus"":0,""2to4"":126,""5to9"":4}]",0.638900833999287,0.22909392897236103,1388449792
C0,ud23,HESIODIC_TRADITION,c4c0c7eaeca0d61d2e53f4f0642bfa382e91dd28b470d2f4da2ba8539fe0e7f7,11,shuffled,8,100,0.5,8884,89fa0b8e25d1db24d4f55dbe0dc49f35601acdcd3e0edf55c1899066c1380834,8048,9282,47055,53304,4742.939398659044,,5ac044dc9b7a5515fa4172a782ed34ef469e2e4a62890a970c76fe670df5846a,-168411.05037957514,192582,82,1.0,18,3365,53304,"[1,83,2062,15450,34885,39168,36668,33606,30659]","[{""1"":0,""10plus"":1,""2to4"":0,""5to9"":0},{""1"":12,""10plus"":55,""2to4"":6,""5to9"":10},{""1"":524,""10plus"":722,""2to4"":540,""5to9"":276},{""1"":8737,""10plus"":929,""2to4"":4469,""5to9"":1315},{""1"":29731,""10plus"":15,""2to4"":4800,""5to9"":339},{""1"":38439,""10plus"":0,""2to4"":729,""5to9"":0},{""1"":36626,""10plus"":0,""2to4"":42,""5to9"":0},{""1"":33604,""10plus"":0,""2to4"":2,""5to9"":0},{""1"":30659,""10plus"":0,""2to4"":0,""5to9"":0}]",0.8603909159992327,0.22992446004900557,1388449792
C0,ud23,HESIODIC_TRADITION,c4c0c7eaeca0d61d2e53f4f0642bfa382e91dd28b470d2f4da2ba8539fe0e7f7,12,original,8,100,0.5,8884,c5e5af9e6f85075f1a563d536e281e0972a4c187592b1053cc30850732a6b3a0,8033,9282,47085,53304,-11458.134779772256,,8c3a099f57f022bba7e6e0bbddefbaebf7cf32e39e590c544eb1563c319734b0,-157094.39771379877,170724,81,0.0,19,3380,53304,"[1,81,1820,11324,25545,33677,34865,33022,30389]","[{""1"":0,""10plus"":1,""2to4"":0,""5to9"":0},{""1"":8,""10plus"":55,""2to4"":8,""5to9"":10},{""1"":474,""10plus"":621,""2to4"":458,""5to9"":267},{""1"":6258,""10plus"":864,""2to4"":3239,""5to9"":963},{""1"":19790,""10plus"":368,""2to4"":4584,""5to9"":803},{""1"":30444,""10plus"":72,""2to4"":2906,""5to9"":255},{""1"":33628,""10plus"":3,""2to4"":1175,""5to9"":59},{""1"":32625,""10plus"":0,""2to4"":392,""5to9"":5},{""1"":30232,""10plus"":0,""2to4"":156,""5to9"":1}]",0.630758417000834,0.2287845500086405,1388990464
C0,ud23,HESIODIC_TRADITION,c4c0c7eaeca0d61d2e53f4f0642bfa382e91dd28b470d2f4da2ba8539fe0e7f7,12,shuffled,8,100,0.5,8884,c5e5af9e6f85075f1a563d536e281e0972a4c187592b1053cc30850732a6b3a0,8033,9282,47085,53304,4679.338917003508,,a29f56311050ea2a3269d4140075931b1ff335d8ce63bcff7647b5a5896afa79,-168552.53249357102,192201,81,1.0,19,3380,53304,"[1,81,2077,15455,34875,39074,36582,33495,30561]","[{""1"":0,""10plus"":1,""2to4"":0,""5to9"":0},{""1"":7,""10plus"":55,""2to4"":10,""5to9"":9},{""1"":542,""10plus"":731,""2to4"":529,""5to9"":275},{""1"":8699,""10plus"":899,""2to4"":4479,""5to9"":1378},{""1"":29736,""10plus"":20,""2to4"":4772,""5to9"":347},{""1"":38334,""10plus"":0,""2to4"":740,""5to9"":0},{""1"":36545,""10plus"":0,""2to4"":37,""5to9"":0},{""1"":33491,""10plus"":0,""2to4"":4,""5to9"":0},{""1"":30561,""10plus"":0,""2to4"":0,""5to9"":0}]",1.0244298329998855,0.22783823601639597,1388990464
C0,ud23,HESIODIC_TRADITION,c4c0c7eaeca0d61d2e53f4f0642bfa382e91dd28b470d2f4da2ba8539fe0e7f7,13,original,8,100,0.5,8884,9d18d748ecd1dfb55222f2a43d3478d57a4fd5816ba2043eaeb46550ae8d00e4,8025,9282,46993,53304,-11472.41860057076,,0f619eaeaa86be543a93a2c37ac642c4729afad950c0234060a56d58a1e13deb,-156773.5055959807,169214,83,0.0,17,3418,53304,"[1,83,1811,11046,25287,33423,34645,32801,30117]","[{""1"":0,""10plus"":1,""2to4"":0,""5to9"":0},{""1"":10,""10plus"":57,""2to4"":8,""5to9"":8},{""1"":477,""10plus"":611,""2to4"":460,""5to9"":263},{""1"":5945,""10plus"":859,""2to4"":3257,""5to9"":985},{""1"":19544,""10plus"":379,""2to4"":4556,""5to9"":808},{""1"":30156,""10plus"":77,""2to4"":2922,""5to9"":268},{""1"":33402,""10plus"":6,""2to4"":1187,""5to9"":50},{""1"":32411,""10plus"":0,""2to4"":382,""5to9"":8},{""1"":29990,""10plus"":0,""2to4"":126,""5to9"":1}]",0.571880624998812,0.2296519239553163,1388990464
C0,ud23,HESIODIC_TRADITION,c4c0c7eaeca0d61d2e53f4f0642bfa382e91dd28b470d2f4da2ba8539fe0e7f7,13,shuffled,8,100,0.5,8884,9d18d748ecd1dfb55222f2a43d3478d57a4fd5816ba2043eaeb46550ae8d00e4,8025,9282,46993,53304,4689.830858396948,,d2d4274aca955d5b35799451672c68d64f4b4ba7758374f66bdf648065a274a1,-168245.92419655147,190925,83,1.0,17,3418,53304,"[1,82,2039,15335,34573,38965,36406,33266,30258]","[{""1"":0,""10plus"":1,""2to4"":0,""5to9"":0},{""1"":8,""10plus"":57,""2to4"":10,""5to9"":7},{""1"":504,""10plus"":719,""2to4"":549,""5to9"":267},{""1"":8668,""10plus"":919,""2to4"":4425,""5to9"":1323},{""1"":29300,""10plus"":18,""2to4"":4921,""5to9"":334},{""1"":38255,""10plus"":0,""2to4"":708,""5to9"":2},{""1"":36366,""10plus"":0,""2to4"":40,""5to9"":0},{""1"":33262,""10plus"":0,""2to4"":4,""5to9"":0},{""1"":30258,""10plus"":0,""2to4"":0,""5to9"":0}]",1.006441999999879,0.2306734220146609,1388990464
C0,ud23,HESIODIC_TRADITION,c4c0c7eaeca0d61d2e53f4f0642bfa382e91dd28b470d2f4da2ba8539fe0e7f7,14,original,8,100,0.5,8884,84dc5e7b631eeef57caae91a54b00eb8fc9bd4ffaa5e904a4c852f2d610a1f9a,8016,9282,47110,53304,-11284.407738983049,,b4e6ab8c0a83cb3f0fa4b0f8ebfc68eeb4b7954f835c16018f054cef7dfbcd36,-157122.50642019123,170420,82,0.0,18,3385,53304,"[1,83,1830,11185,25499,33682,34849,32963,30328]","[{""1"":0,""10plus"":1,""2to4"":0,""5to9"":0},{""1"":8,""10plus"":56,""2to4"":12,""5to9"":7},{""1"":504,""10plus"":612,""2to4"":422,""5to9"":292},{""1"":6130,""10plus"":879,""2to4"":3212,""5to9"":964},{""1"":19689,""10plus"":358,""2to4"":4634,""5to9"":818},{""1"":30490,""10plus"":70,""2to4"":2853,""5to9"":269},{""1"":33669,""10plus"":4,""2to4"":1122,""5to9"":54},{""1"":32593,""10plus"":0,""2to4"":359,""5to9"":11},{""1"":30204,""10plus"":0,""2to4"":121,""5to9"":3}]",0.6021256249987346,0.23186293396065594,1388990464
C0,ud23,HESIODIC_TRADITION,c4c0c7eaeca0d61d2e53f4f0642bfa382e91dd28b470d2f4da2ba8539fe0e7f7,14,shuffled,8,100,0.5,8884,84dc5e7b631eeef57caae91a54b00eb8fc9bd4ffaa5e904a4c852f2d610a1f9a,8016,9282,47110,53304,4724.386948959611,,74994f9ed90a0b475d7535bb83d10ccf7e2b363a17091b48221e585a73c86995,-168406.91415917428,191662,82,1.0,18,3385,53304,"[1,83,2089,15350,34672,39058,36507,33427,30475]","[{""1"":0,""10plus"":1,""2to4"":0,""5to9"":0},{""1"":8,""10plus"":57,""2to4"":12,""5to9"":6},{""1"":547,""10plus"":706,""2to4"":551,""5to9"":285},{""1"":8643,""10plus"":937,""2to4"":4466,""5to9"":1304},{""1"":29405,""10plus"":23,""2to4"":4926,""5to9"":318},{""1"":38351,""10plus"":0,""2to4"":706,""5to9"":1},{""1"":36446,""10plus"":0,""2to4"":61,""5to9"":0},{""1"":33424,""10plus"":0,""2to4"":3,""5to9"":0},{""1"":30475,""10plus"":0,""2to4"":0,""5to9"":0}]",1.023399582998536,0.23057770600280492,1388990464
C0,ud23,HESIODIC_TRADITION,c4c0c7eaeca0d61d2e53f4f0642bfa382e91dd28b470d2f4da2ba8539fe0e7f7,15,original,8,100,0.5,8884,c6a5cd4e1f81b4d0d56fc52698466e0ae58ed1802cc56b288b0ec00c1317f634,8002,9282,47132,53304,-11512.054195575649,,202dd02c602357f61e4da4686709278e2342ebd42bfbe592e6db069b620a79e0,-156755.88941178165,170833,83,0.0,17,3364,53304,"[1,83,1811,11210,25524,33679,34936,33108,30481]","[{""1"":0,""10plus"":1,""2to4"":0,""5to9"":0},{""1"":7,""10plus"":56,""2to4"":12,""5to9"":8},{""1"":480,""10plus"":615,""2to4"":455,""5to9"":261},{""1"":6170,""10plus"":879,""2to4"":3180,""5to9"":981},{""1"":19781,""10plus"":362,""2to4"":4553,""5to9"":828},{""1"":30448,""10plus"":73,""2to4"":2900,""5to9"":258},{""1"":33760,""10plus"":7,""2to4"":1117,""5to9"":52},{""1"":32738,""10plus"":0,""2to4"":361,""5to9"":9},{""1"":30358,""10plus"":0,""2to4"":120,""5to9"":3}]",0.5728764579998824,0.22912851507862797,1388990464
C0,ud23,HESIODIC_TRADITION,c4c0c7eaeca0d61d2e53f4f0642bfa382e91dd28b470d2f4da2ba8539fe0e7f7,15,shuffled,8,100,0.5,8884,c6a5cd4e1f81b4d0d56fc52698466e0ae58ed1802cc56b288b0ec00c1317f634,8002,9282,47132,53304,4727.731478619826,,d41a4f4ed4b4954ae0d0049a1bf7699368259f6181524263c9820bbcd0b4c145,-168267.9436073573,192346,83,1.0,17,3364,53304,"[1,84,2075,15338,34804,39165,36650,33588,30641]","[{""1"":0,""10plus"":1,""2to4"":0,""5to9"":0},{""1"":9,""10plus"":56,""2to4"":12,""5to9"":7},{""1"":541,""10plus"":700,""2to4"":533,""5to9"":301},{""1"":8625,""10plus"":917,""2to4"":4438,""5to9"":1358},{""1"":29624,""10plus"":17,""2to4"":4816,""5to9"":347},{""1"":38461,""10plus"":0,""2to4"":704,""5to9"":0},{""1"":36608,""10plus"":0,""2to4"":42,""5to9"":0},{""1"":33588,""10plus"":0,""2to4"":0,""5to9"":0},{""1"":30641,""10plus"":0,""2to4"":0,""5to9"":0}]",1.0061763329995301,0.22965228010434657,1388990464
C0,ud23,HESIODIC_TRADITION,c4c0c7eaeca0d61d2e53f4f0642bfa382e91dd28b470d2f4da2ba8539fe0e7f7,16,original,8,100,0.5,8884,317b68856a5fb5b9de7747fab424f60d33ab62573300d1bb0070c78b94a73269,8046,9282,47113,53304,-11358.58794477486,,44852a2af24c8ccc14ebe6ebaa107c9a8a7791872261964a7a8b83873c5af1a0,-157063.68335974944,170395,87,0.0,13,3406,53304,"[1,86,1842,11235,25515,33636,34823,32964,30293]","[{""1"":0,""10plus"":1,""2to4"":0,""5to9"":0},{""1"":10,""10plus"":56,""2to4"":9,""5to9"":11},{""1"":506,""10plus"":623,""2to4"":455,""5to9"":258},{""1"":6153,""10plus"":864,""2to4"":3217,""5to9"":1001},{""1"":19762,""10plus"":355,""2to4"":4588,""5to9"":810},{""1"":30470,""10plus"":68,""2to4"":2847,""5to9"":251},{""1"":33638,""10plus"":6,""2to4"":1137,""5to9"":42},{""1"":32612,""10plus"":0,""2to4"":345,""5to9"":7},{""1"":30179,""10plus"":0,""2to4"":113,""5to9"":1}]",0.6281718749996799,0.23507017199517577,1388990464
C0,ud23,HESIODIC_TRADITION,c4c0c7eaeca0d61d2e53f4f0642bfa382e91dd28b470d2f4da2ba8539fe0e7f7,16,shuffled,8,100,0.5,8884,317b68856a5fb5b9de7747fab424f60d33ab62573300d1bb0070c78b94a73269,8046,9282,47113,53304,4721.438460083329,,ce11d0285f20be75c34b49023ca4cd70b8e6d9f0f694242b1619c95e9ee43d8a,-168422.2713045243,191838,87,1.0,13,3406,53304,"[1,87,2084,15402,34886,39057,36494,33398,30429]","[{""1"":0,""10plus"":1,""2to4"":0,""5to9"":0},{""1"":11,""10plus"":55,""2to4"":9,""5to9"":12},{""1"":568,""10plus"":716,""2to4"":518,""5to9"":282},{""1"":8605,""10plus"":919,""2to4"":4545,""5to9"":1333},{""1"":29700,""10plus"":13,""2to4"":4832,""5to9"":341},{""1"":38387,""10plus"":0,""2to4"":670,""5to9"":0},{""1"":36463,""10plus"":0,""2to4"":31,""5to9"":0},{""1"":33396,""10plus"":0,""2to4"":2,""5to9"":0},{""1"":30429,""10plus"":0,""2to4"":0,""5to9"":0}]",0.8620719999998983,0.2345898529565602,1388990464
C0,ud23,HESIODIC_TRADITION,c4c0c7eaeca0d61d2e53f4f0642bfa382e91dd28b470d2f4da2ba8539fe0e7f7,17,original,8,100,0.5,8884,d51aae6472107863f132605d73c7625578aea12d5e12042bb99caa2e4854a3f2,8087,9282,47060,53304,-11513.232855519775,,48a848706bf41f0866d839a98321c60ea427a1be5d27f7331bc252bb209766e8,-156995.79504788405,169901,83,0.0,17,3396,53304,"[1,82,1826,11138,25379,33587,34752,32899,30237]","[{""1"":0,""10plus"":1,""2to4"":0,""5to9"":0},{""1"":8,""10plus"":56,""2to4"":10,""5to9"":8},{""1"":485,""10plus"":608,""2to4"":456,""5to9"":277},{""1"":6096,""10plus"":892,""2to4"":3189,""5to9"":961},{""1"":19601,""10plus"":391,""2to4"":4585,""5to9"":802},{""1"":30343,""10plus"":66,""2to4"":2908,""5to9"":270},{""1"":33537,""10plus"":6,""2to4"":1153,""5to9"":56},{""1"":32525,""10plus"":1,""2to4"":363,""5to9"":10},{""1"":30120,""10plus"":0,""2to4"":112,""5to9"":5}]",0.6057972910002718,0.2296568589808885,1391202304
C0,ud23,HESIODIC_TRADITION,c4c0c7eaeca0d61d2e53f4f0642bfa382e91dd28b470d2f4da2ba8539fe0e7f7,17,shuffled,8,100,0.5,8884,d51aae6472107863f132605d73c7625578aea12d5e12042bb99caa2e4854a3f2,8087,9282,47060,53304,4840.092776322155,,e5069038f35cb2880824eab87f454cf28d3e4b21eae637373f837d7a4c7f8741,-168509.02790340382,191885,83,1.0,17,3396,53304,"[1,84,2087,15504,34893,39060,36485,33377,30394]","[{""1"":0,""10plus"":1,""2to4"":0,""5to9"":0},{""1"":10,""10plus"":55,""2to4"":10,""5to9"":9},{""1"":563,""10plus"":711,""2to4"":503,""5to9"":310},{""1"":8799,""10plus"":940,""2to4"":4473,""5to9"":1292},{""1"":29742,""10plus"":15,""2to4"":4824,""5to9"":312},{""1"":38361,""10plus"":0,""2to4"":698,""5to9"":1},{""1"":36444,""10plus"":0,""2to4"":41,""5to9"":0},{""1"":33375,""10plus"":0,""2to4"":2,""5to9"":0},{""1"":30394,""10plus"":0,""2to4"":0,""5to9"":0}]",1.0050436250003258,0.22956577798322542,1391202304
C0,ud23,HESIODIC_TRADITION,c4c0c7eaeca0d61d2e53f4f0642bfa382e91dd28b470d2f4da2ba8539fe0e7f7,18,original,8,100,0.5,8884,e099dc23e569d9468af3e0f7de5f53d7cebdd740ea6071cefae4f739397188f6,8016,9282,47090,53304,-11140.147387739184,,15f4c58e6d888b07ea2b62e7e8b74da9101e5bba71b4b4640af4ab4b28eec79e,-157448.01354204188,171811,83,0.0,17,3355,53304,"[1,84,1829,11338,25771,33925,35075,33218,30570]","[{""1"":0,""10plus"":1,""2to4"":0,""5to9"":0},{""1"":11,""10plus"":56,""2to4"":9,""5to9"":8},{""1"":491,""10plus"":627,""2to4"":456,""5to9"":255},{""1"":6190,""10plus"":880,""2to4"":3302,""5to9"":966},{""1"":20015,""10plus"":360,""2to4"":4586,""5to9"":810},{""1"":30790,""10plus"":71,""2to4"":2797,""5to9"":267},{""1"":33915,""10plus"":3,""2to4"":1108,""5to9"":49},{""1"":32880,""10plus"":0,""2to4"":331,""5to9"":7},{""1"":30464,""10plus"":0,""2to4"":105,""5to9"":1}]",0.6266382909998356,0.23029215693168226,1391202304
C0,ud23,HESIODIC_TRADITION,c4c0c7eaeca0d61d2e53f4f0642bfa382e91dd28b470d2f4da2ba8539fe0e7f7,18,shuffled,8,100,0.5,8884,e099dc23e569d9468af3e0f7de5f53d7cebdd740ea6071cefae4f739397188f6,8016,9282,47090,53304,4743.66159863639,,1cfa6ab039ca07a044d3f8af5d44e52205fad5072fa4b65a2b81fd0d374749be,-168588.16092978106,192837,83,1.0,17,3355,53304,"[1,84,2063,15446,34988,39216,36697,33638,30704]","[{""1"":0,""10plus"":1,""2to4"":0,""5to9"":0},{""1"":10,""10plus"":56,""2to4"":10,""5to9"":8},{""1"":532,""10plus"":708,""2to4"":534,""5to9"":289},{""1"":8720,""10plus"":935,""2to4"":4460,""5to9"":1331},{""1"":29804,""10plus"":15,""2to4"":4838,""5to9"":331},{""1"":38505,""10plus"":0,""2to4"":711,""5to9"":0},{""1"":36647,""10plus"":0,""2to4"":50,""5to9"":0},{""1"":33631,""10plus"":0,""2to4"":7,""5to9"":0},{""1"":30703,""10plus"":0,""2to4"":1,""5to9"":0}]",0.8582821660002082,0.2313303740174888,1391202304
C0,ud23,HESIODIC_TRADITION,c4c0c7eaeca0d61d2e53f4f0642bfa382e91dd28b470d2f4da2ba8539fe0e7f7,19,original,8,100,0.5,8884,35153670315c6c58a8074fb3a2f0b1e292d35fc9f0039a72cdd2eb0c0aeec382,8050,9282,47149,53304,-11302.532242168032,,cfabd03a384c7428d810cfad90caeee9c53379741e9da2b852a4028c39f855f6,-157244.78160913594,169612,81,0.0,19,3419,53304,"[1,82,1815,11190,25406,33512,34678,32805,30123]","[{""1"":0,""10plus"":1,""2to4"":0,""5to9"":0},{""1"":9,""10plus"":55,""2to4"":9,""5to9"":9},{""1"":470,""10plus"":616,""2to4"":460,""5to9"":269},{""1"":6141,""10plus"":888,""2to4"":3187,""5to9"":974},{""1"":19641,""10plus"":367,""2to4"":4555,""5to9"":843},{""1"":30246,""10plus"":73,""2to4"":2939,""5to9"":254},{""1"":33466,""10plus"":1,""2to4"":1153,""5to9"":58},{""1"":32451,""10plus"":0,""2to4"":347,""5to9"":7},{""1"":29997,""10plus"":0,""2to4"":125,""5to9"":1}]",0.6471572919999744,0.22742316796575324,1393905664
C0,ud23,HESIODIC_TRADITION,c4c0c7eaeca0d61d2e53f4f0642bfa382e91dd28b470d2f4da2ba8539fe0e7f7,19,shuffled,8,100,0.5,8884,35153670315c6c58a8074fb3a2f0b1e292d35fc9f0039a72cdd2eb0c0aeec382,8050,9282,47149,53304,4706.348093713372,,2d6e8b2a03e42accba681f19b3b05dbbc07d04268e1ba8cc60b17590061bb8cd,-168547.31385130397,191280,81,1.0,19,3419,53304,"[1,82,2077,15440,34790,38965,36382,33264,30279]","[{""1"":0,""10plus"":1,""2to4"":0,""5to9"":0},{""1"":10,""10plus"":55,""2to4"":8,""5to9"":9},{""1"":539,""10plus"":710,""2to4"":535,""5to9"":293},{""1"":8734,""10plus"":895,""2to4"":4419,""5to9"":1392},{""1"":29637,""10plus"":15,""2to4"":4814,""5to9"":324},{""1"":38248,""10plus"":0,""2to4"":717,""5to9"":0},{""1"":36334,""10plus"":0,""2to4"":48,""5to9"":0},{""1"":33263,""10plus"":0,""2to4"":1,""5to9"":0},{""1"":30279,""10plus"":0,""2to4"":0,""5to9"":0}]",0.8639745000000403,0.22807607994036516,1393905664
C0,ud23,DIODORUS,d91dad02f8da03cf6702fa7edec531da5e56f526f466e2f04180f2a23a1cf315,0,original,8,100,0.5,8884,25a9e23614098f66106c33254f3426ad214b9b77e1ae5ee4060b4ed409187fca,13582,15266,46923,53304,-9816.390961242432,,fba5d31a2452c93f6ab2a62160773afc9304c496059970ed88f23fe8d4dede62,-161303.8182123827,168631,81,0.0,19,3665,53304,"[1,82,1925,11903,26521,33874,34038,31597,28690]","[{""1"":0,""10plus"":1,""2to4"":0,""5to9"":0},{""1"":8,""10plus"":58,""2to4"":7,""5to9"":9},{""1"":527,""10plus"":643,""2to4"":484,""5to9"":271},{""1"":6630,""10plus"":891,""2to4"":3364,""5to9"":1018},{""1"":20823,""10plus"":308,""2to4"":4639,""5to9"":751},{""1"":31106,""10plus"":34,""2to4"":2525,""5to9"":209},{""1"":33186,""10plus"":2,""2to4"":824,""5to9"":26},{""1"":31394,""10plus"":2,""2to4"":197,""5to9"":4},{""1"":28628,""10plus"":2,""2to4"":59,""5to9"":1}]",0.6116625829999975,0.4858794960837258,1058783232
C0,ud23,DIODORUS,d91dad02f8da03cf6702fa7edec531da5e56f526f466e2f04180f2a23a1cf315,0,shuffled,8,100,0.5,8884,25a9e23614098f66106c33254f3426ad214b9b77e1ae5ee4060b4ed409187fca,13582,15266,46923,53304,4346.570574364858,,cad8388ce077e06995c585f58dfac411e2598d3598547036028963f9cbd7a373,-171120.20917362513,187585,81,1.0,19,3665,53304,"[1,81,2152,16017,35204,38167,35223,31912,28828]","[{""1"":0,""10plus"":1,""2to4"":0,""5to9"":0},{""1"":7,""10plus"":57,""2to4"":6,""5to9"":11},{""1"":570,""10plus"":734,""2to4"":541,""5to9"":307},{""1"":9096,""10plus"":909,""2to4"":4627,""5to9"":1385},{""1"":30436,""10plus"":12,""2to4"":4541,""5to9"":215},{""1"":37608,""10plus"":0,""2to4"":558,""5to9"":1},{""1"":35198,""10plus"":0,""2to4"":25,""5to9"":0},{""1"":31911,""10plus"":0,""2to4"":1,""5to9"":0},{""1"":28828,""10plus"":0,""2to4"":0,""5to9"":0}]",0.8404809170006047,0.48561729604989523,1058783232
C0,ud23,DIODORUS,d91dad02f8da03cf6702fa7edec531da5e56f526f466e2f04180f2a23a1cf315,1,original,8,100,0.5,8884,1b5574cc19b81efcdb0fcad5157245a1a4b9d68ed027bea8fca7fa5dc94a43cd,13542,15266,46842,53304,-9991.523941297957,,58816f952875b4baba9e95916bc2f16bc4d5139539837fff7010df0d14020762,-161235.7193691597,168701,81,0.0,19,3672,53304,"[1,82,1906,11875,26604,33865,34030,31617,28721]","[{""1"":0,""10plus"":1,""2to4"":0,""5to9"":0},{""1"":8,""10plus"":57,""2to4"":7,""5to9"":10},{""1"":510,""10plus"":653,""2to4"":479,""5to9"":264},{""1"":6531,""10plus"":892,""2to4"":3392,""5to9"":1060},{""1"":20895,""10plus"":293,""2to4"":4660,""5to9"":756},{""1"":31092,""10plus"":35,""2to4"":2549,""5to9"":189},{""1"":33164,""10plus"":2,""2to4"":841,""5to9"":23},{""1"":31411,""10plus"":2,""2to4"":201,""5to9"":3},{""1"":28654,""10plus"":2,""2to4"":64,""5to9"":1}]",0.6050445420005417,0.47032269892770273,1302204416
C0,ud23,DIODORUS,d91dad02f8da03cf6702fa7edec531da5e56f526f466e2f04180f2a23a1cf315,1,shuffled,8,100,0.5,8884,1b5574cc19b81efcdb0fcad5157245a1a4b9d68ed027bea8fca7fa5dc94a43cd,13542,15266,46842,53304,4431.865383521625,,98b3e3aa98d6afed3a6b047ee3f7f2f52ebb2012df3d781bc30538bdb4c9405d,-171227.24331045765,187979,81,1.0,19,3672,53304,"[1,81,2135,16221,35341,38178,35215,31939,28868]","[{""1"":0,""10plus"":1,""2to4"":0,""5to9"":0},{""1"":8,""10plus"":58,""2to4"":9,""5to9"":6},{""1"":543,""10plus"":743,""2to4"":512,""5to9"":337},{""1"":9289,""10plus"":886,""2to4"":4677,""5to9"":1369},{""1"":30635,""10plus"":8,""2to4"":4493,""5to9"":205},{""1"":37646,""10plus"":0,""2to4"":531,""5to9"":1},{""1"":35176,""10plus"":0,""2to4"":39,""5to9"":0},{""1"":31935,""10plus"":0,""2to4"":4,""5to9"":0},{""1"":28868,""10plus"":0,""2to4"":0,""5to9"":0}]",0.8303383330003271,0.6607137119663093,1302204416
C0,ud23,DIODORUS,d91dad02f8da03cf6702fa7edec531da5e56f526f466e2f04180f2a23a1cf315,2,original,8,100,0.5,8884,b6976a6f5ab08ce04c1538782cd6f5021279b3d510061a3313939b287c90d915,13469,15266,46882,53304,-9944.614520789066,,4c7935fd8fb3ebfda2b64cceeb8dcfe8b3c05cf31a85f48ea05e2976ac56123e,-161342.68591381997,168599,79,0.0,21,3686,53304,"[1,80,1913,11960,26639,33911,33999,31503,28593]","[{""1"":0,""10plus"":1,""2to4"":0,""5to9"":0},{""1"":7,""10plus"":58,""2to4"":5,""5to9"":10},{""1"":494,""10plus"":644,""2to4"":484,""5to9"":291},{""1"":6646,""10plus"":889,""2to4"":3389,""5to9"":1036},{""1"":20930,""10plus"":313,""2to4"":4680,""5to9"":716},{""1"":31119,""10plus"":32,""2to4"":2567,""5to9"":193},{""1"":33154,""10plus"":2,""2to4"":822,""5to9"":21},{""1"":31272,""10plus"":2,""2to4"":227,""5to9"":2},{""1"":28514,""10plus"":2,""2to4"":76,""5to9"":1}]",0.5679109579996293,0.4663292280401947,1302204416
C0,ud23,DIODORUS,d91dad02f8da03cf6702fa7edec531da5e56f526f466e2f04180f2a23a1cf315,2,shuffled,8,100,0.5,8884,b6976a6f5ab08ce04c1538782cd6f5021279b3d510061a3313939b287c90d915,13469,15266,46882,53304,4409.7748084972845,,bc8cb2bbdb42bdad50ad5a1bf33aad348f5d650abafc11265131f4c9d3cb4730,-171287.30043460903,187614,79,1.0,21,3686,53304,"[1,79,2151,16247,35299,38109,35147,31837,28744]","[{""1"":0,""10plus"":1,""2to4"":0,""5to9"":0},{""1"":6,""10plus"":57,""2to4"":7,""5to9"":9},{""1"":543,""10plus"":737,""2to4"":536,""5to9"":335},{""1"":9369,""10plus"":871,""2to4"":4599,""5to9"":1408},{""1"":30655,""10plus"":8,""2to4"":4430,""5to9"":206},{""1"":37563,""10plus"":0,""2to4"":546,""5to9"":0},{""1"":35113,""10plus"":0,""2to4"":34,""5to9"":0},{""1"":31834,""10plus"":0,""2to4"":3,""5to9"":0},{""1"":28744,""10plus"":0,""2to4"":0,""5to9"":0}]",1.0023024169986456,0.4678787569573615,1302204416
C0,ud23,DIODORUS,d91dad02f8da03cf6702fa7edec531da5e56f526f466e2f04180f2a23a1cf315,3,original,8,100,0.5,8884,b61e1e95de4c3f52e1a1eb3a81fe4719640cc088ec662444653ecec0c4dea80b,13564,15266,46763,53304,-9831.189817454811,,0168a2f2801821b6d90632d0a8678f324d3f3657750771a4be27b70882590d6d,-161460.57746572985,169047,86,0.0,14,3670,53304,"[1,86,1912,11898,26768,34007,34074,31612,28689]","[{""1"":0,""10plus"":1,""2to4"":0,""5to9"":0},{""1"":11,""10plus"":56,""2to4"":9,""5to9"":10},{""1"":520,""10plus"":664,""2to4"":477,""5to9"":251},{""1"":6556,""10plus"":889,""2to4"":3375,""5to9"":1078},{""1"":21071,""10plus"":275,""2to4"":4645,""5to9"":777},{""1"":31306,""10plus"":30,""2to4"":2471,""5to9"":200},{""1"":33233,""10plus"":2,""2to4"":808,""5to9"":31},{""1"":31411,""10plus"":2,""2to4"":196,""5to9"":3},{""1"":28621,""10plus"":2,""2to4"":65,""5to9"":1}]",0.563776125000004,0.4782407099755801,1302204416
C0,ud23,DIODORUS,d91dad02f8da03cf6702fa7edec531da5e56f526f466e2f04180f2a23a1cf315,3,shuffled,8,100,0.5,8884,b61e1e95de4c3f52e1a1eb3a81fe4719640cc088ec662444653ecec0c4dea80b,13564,15266,46763,53304,4372.0265794630395,,d650f0884eef48c5e26b124a55870be5fbad570addeba432c389cbb108dfa2e4,-171291.76728318466,187996,86,1.0,14,3670,53304,"[1,84,2173,16253,35343,38170,35222,31920,28830]","[{""1"":0,""10plus"":1,""2to4"":0,""5to9"":0},{""1"":9,""10plus"":56,""2to4"":10,""5to9"":9},{""1"":567,""10plus"":752,""2to4"":550,""5to9"":304},{""1"":9318,""10plus"":884,""2to4"":4693,""5to9"":1358},{""1"":30680,""10plus"":12,""2to4"":4450,""5to9"":201},{""1"":37627,""10plus"":0,""2to4"":542,""5to9"":1},{""1"":35187,""10plus"":0,""2to4"":35,""5to9"":0},{""1"":31917,""10plus"":0,""2to4"":3,""5to9"":0},{""1"":28830,""10plus"":0,""2to4"":0,""5to9"":0}]",0.9856764169999224,0.47737850476733,1302204416
C0,ud23,DIODORUS,d91dad02f8da03cf6702fa7edec531da5e56f526f466e2f04180f2a23a1cf315,4,original,8,100,0.5,8884,39c42f782328956008e277c97d0d90ef8b69894b3dc7e515797b91bd207f7148,13609,15266,46764,53304,-9953.372869330313,,86cb4335466e7c48fbc22edc0cc4299e70b3029e934824404a0e436102c1002d,-160937.05959228892,168202,79,0.0,21,3676,53304,"[1,80,1885,11847,26439,33784,34001,31540,28625]","[{""1"":0,""10plus"":1,""2to4"":0,""5to9"":0},{""1"":6,""10plus"":58,""2to4"":7,""5to9"":9},{""1"":493,""10plus"":643,""2to4"":472,""5to9"":277},{""1"":6566,""10plus"":873,""2to4"":3344,""5to9"":1064},{""1"":20716,""10plus"":300,""2to4"":4681,""5to9"":742},{""1"":30980,""10plus"":42,""2to4"":2567,""5to9"":195},{""1"":33163,""10plus"":3,""2to4"":811,""5to9"":24},{""1"":31314,""10plus"":2,""2to4"":222,""5to9"":2},{""1"":28555,""10plus"":2,""2to4"":67,""5to9"":1}]",0.620889249999891,0.46737047595888725,1307107328
C0,ud23,DIODORUS,d91dad02f8da03cf6702fa7edec531da5e56f526f466e2f04180f2a23a1cf315,4,shuffled,8,100,0.5,8884,39c42f782328956008e277c97d0d90ef8b69894b3dc7e515797b91bd207f7148,13609,15266,46764,53304,4441.415208665741,,c0b94efa6fada4b7370f26f1103e56e892605184fbc6b04cfb2d5988424d4506,-170890.43246161923,187298,79,1.0,21,3676,53304,"[1,79,2130,16063,35101,38089,35175,31886,28774]","[{""1"":0,""10plus"":1,""2to4"":0,""5to9"":0},{""1"":5,""10plus"":56,""2to4"":8,""5to9"":10},{""1"":539,""10plus"":748,""2to4"":542,""5to9"":301},{""1"":9171,""10plus"":873,""2to4"":4634,""5to9"":1385},{""1"":30416,""10plus"":19,""2to4"":4422,""5to9"":244},{""1"":37514,""10plus"":0,""2to4"":574,""5to9"":1},{""1"":35127,""10plus"":0,""2to4"":48,""5to9"":0},{""1"":31885,""10plus"":0,""2to4"":1,""5to9"":0},{""1"":28774,""10plus"":0,""2to4"":0,""5to9"":0}]",0.8462648330005322,0.46578498092276277,1307107328
C0,ud23,DIODORUS,d91dad02f8da03cf6702fa7edec531da5e56f526f466e2f04180f2a23a1cf315,5,original,8,100,0.5,8884,6ed5a979d93c4bd2cd7d5cb92be49be0e541d488509528f368dc8fd36cf12d40,13526,15266,46910,53304,-9876.497822096397,,21e5d90fce30ca0dda38ddd7932caec5b884be613e889302d3637ff80bccf5ab,-161155.72410868682,169074,85,0.0,15,3653,53304,"[1,86,1885,11887,26669,34015,34107,31663,28761]","[{""1"":0,""10plus"":1,""2to4"":0,""5to9"":0},{""1"":12,""10plus"":55,""2to4"":8,""5to9"":11},{""1"":507,""10plus"":659,""2to4"":456,""5to9"":263},{""1"":6571,""10plus"":887,""2to4"":3376,""5to9"":1053},{""1"":20938,""10plus"":297,""2to4"":4693,""5to9"":741},{""1"":31296,""10plus"":36,""2to4"":2488,""5to9"":195},{""1"":33251,""10plus"":2,""2to4"":826,""5to9"":28},{""1"":31437,""10plus"":2,""2to4"":217,""5to9"":7},{""1"":28684,""10plus"":2,""2to4"":72,""5to9"":3}]",0.6068178749992512,0.47354209204968356,1309523968
C0,ud23,DIODORUS,d91dad02f8da03cf6702fa7edec531da5e56f526f466e2f04180f2a23a1cf315,5,shuffled,8,100,0.5,8884,6ed5a979d93c4bd2cd7d5cb92be49be0e541d488509528f368dc8fd36cf12d40,13526,15266,46910,53304,4433.610622680426,,f3ce3d0a5539503634a2422d5188fc212c850210d1429c9fccb5b2c243d0d189,-171032.2219307832,188004,85,1.0,15,3653,53304,"[1,86,2125,16107,35215,38232,35299,32017,28922]","[{""1"":0,""10plus"":1,""2to4"":0,""5to9"":0},{""1"":12,""10plus"":56,""2to4"":8,""5to9"":10},{""1"":547,""10plus"":745,""2to4"":527,""5to9"":306},{""1"":9200,""10plus"":899,""2to4"":4643,""5to9"":1365},{""1"":30475,""10plus"":8,""2to4"":4490,""5to9"":242},{""1"":37674,""10plus"":0,""2to4"":558,""5to9"":0},{""1"":35264,""10plus"":0,""2to4"":35,""5to9"":0},{""1"":32017,""10plus"":0,""2to4"":0,""5to9"":0},{""1"":28922,""10plus"":0,""2to4"":0,""5to9"":0}]",1.0079390410010092,0.47189932301989757,1309523968
C0,ud23,DIODORUS,d91dad02f8da03cf6702fa7edec531da5e56f526f466e2f04180f2a23a1cf315,6,original,8,100,0.5,8884,a48d2fe32c45b99d8fd6fe4e7c2cb06bcf9d396fa6be81ccf8429e058013326d,13602,15266,46912,53304,-10034.30066066343,,1ca63c77fcef607963a0c047722b84d4744c2722d1b433c631eae83ba2d45704,-160975.3388947962,168514,83,0.0,17,3678,53304,"[1,83,1897,11816,26509,33859,34044,31597,28708]","[{""1"":0,""10plus"":1,""2to4"":0,""5to9"":0},{""1"":9,""10plus"":58,""2to4"":10,""5to9"":6},{""1"":502,""10plus"":647,""2to4"":475,""5to9"":273},{""1"":6446,""10plus"":874,""2to4"":3396,""5to9"":1100},{""1"":20776,""10plus"":305,""2to4"":4688,""5to9"":740},{""1"":31063,""10plus"":38,""2to4"":2566,""5to9"":192},{""1"":33164,""10plus"":2,""2to4"":857,""5to9"":21},{""1"":31359,""10plus"":2,""2to4"":234,""5to9"":2},{""1"":28623,""10plus"":2,""2to4"":83,""5to9"":0}]",0.5653800000000047,0.47378253312308516,1317978112
C0,ud23,DIODORUS,d91dad02f8da03cf6702fa7edec531da5e56f526f466e2f04180f2a23a1cf315,6,shuffled,8,100,0.5,8884,a48d2fe32c45b99d8fd6fe4e7c2cb06bcf9d396fa6be81ccf8429e058013326d,13602,15266,46912,53304,4456.920979157148,,5ba044d1ec2b00910c62fb1864b193dede7a2994e8e95dc23c4a47893392ee93,-171009.63955545964,187832,83,1.0,17,3678,53304,"[1,84,2121,16194,35324,38120,35214,31923,28851]","[{""1"":0,""10plus"":1,""2to4"":0,""5to9"":0},{""1"":10,""10plus"":55,""2to4"":10,""5to9"":9},{""1"":526,""10plus"":758,""2to4"":538,""5to9"":299},{""1"":9252,""10plus"":884,""2to4"":4682,""5to9"":1376},{""1"":30740,""10plus"":11,""2to4"":4348,""5to9"":225},{""1"":37540,""10plus"":0,""2to4"":579,""5to9"":1},{""1"":35186,""10plus"":0,""2to4"":28,""5to9"":0},{""1"":31920,""10plus"":0,""2to4"":3,""5to9"":0},{""1"":28850,""10plus"":0,""2to4"":1,""5to9"":0}]",0.9919324999991659,0.4719889729294664,1317978112
C0,ud23,DIODORUS,d91dad02f8da03cf6702fa7edec531da5e56f526f466e2f04180f2a23a1cf315,7,original,8,100,0.5,8884,6d1243d8f51d05619634b438d68e6fc6342a5d7c2ce7482aae262ab494bfb54a,13620,15266,46847,53304,-9936.35720582516,,0725506f402868d0014053d818e896259bc1cffee0339f143abdb1ad2b514bf8,-161041.97426604285,168447,83,0.0,17,3673,53304,"[1,83,1885,11831,26452,33844,34041,31599,28711]","[{""1"":0,""10plus"":1,""2to4"":0,""5to9"":0},{""1"":8,""10plus"":56,""2to4"":9,""5to9"":10},{""1"":510,""10plus"":653,""2to4"":450,""5to9"":272},{""1"":6542,""10plus"":907,""2to4"":3322,""5to9"":1060},{""1"":20674,""10plus"":280,""2to4"":4729,""5to9"":769},{""1"":31036,""10plus"":34,""2to4"":2576,""5to9"":198},{""1"":33167,""10plus"":2,""2to4"":850,""5to9"":22},{""1"":31355,""10plus"":2,""2to4"":240,""5to9"":2},{""1"":28623,""10plus"":2,""2to4"":85,""5to9"":1}]",0.5839554169997427,0.4738413931299874,1317978112
C0,ud23,DIODORUS,d91dad02f8da03cf6702fa7edec531da5e56f526f466e2f04180f2a23a1cf315,7,shuffled,8,100,0.5,8884,6d1243d8f51d05619634b438d68e6fc6342a5d7c2ce7482aae262ab494bfb54a,13620,15266,46847,53304,4376.173112947639,,dc09aaf12dd2cf5d17da34ff4013f03ff62f580193097e76d0b1196d54991474,-170978.331471868,187686,83,1.0,17,3673,53304,"[1,83,2134,16093,35118,38164,35235,31969,28889]","[{""1"":0,""10plus"":1,""2to4"":0,""5to9"":0},{""1"":9,""10plus"":56,""2to4"":9,""5to9"":9},{""1"":576,""10plus"":743,""2to4"":486,""5to9"":329},{""1"":9247,""10plus"":883,""2to4"":4573,""5to9"":1390},{""1"":30426,""10plus"":10,""2to4"":4434,""5to9"":248},{""1"":37611,""10plus"":0,""2to4"":552,""5to9"":1},{""1"":35193,""10plus"":0,""2to4"":42,""5to9"":0},{""1"":31968,""10plus"":0,""2to4"":1,""5to9"":0},{""1"":28889,""10plus"":0,""2to4"":0,""5to9"":0}]",0.9879917919988657,0.47307493815605994,1317978112
C0,ud23,DIODORUS,d91dad02f8da03cf6702fa7edec531da5e56f526f466e2f04180f2a23a1cf315,8,original,8,100,0.5,8884,bfbf9c5cef084908b0d3f00b481243ab966f22d88cc7af5c16424d837ffd2569,13552,15266,46839,53304,-9946.565932660858,,bb51a5d07c0cf32a82f40a71faf690a4f0b7eb5130e903bdeb09cf0120fd4b0f,-161133.13148297393,168596,81,0.0,19,3654,53304,"[1,82,1896,11782,26509,33869,34060,31638,28759]","[{""1"":0,""10plus"":1,""2to4"":0,""5to9"":0},{""1"":8,""10plus"":55,""2to4"":8,""5to9"":11},{""1"":520,""10plus"":652,""2to4"":461,""5to9"":263},{""1"":6420,""10plus"":903,""2to4"":3399,""5to9"":1060},{""1"":20695,""10plus"":298,""2to4"":4774,""5to9"":742},{""1"":31050,""10plus"":31,""2to4"":2582,""5to9"":206},{""1"":33160,""10plus"":2,""2to4"":870,""5to9"":28},{""1"":31373,""10plus"":2,""2to4"":257,""5to9"":6},{""1"":28647,""10plus"":2,""2to4"":108,""5to9"":2}]",0.5876699999989796,0.4701118709235743,1317978112
C0,ud23,DIODORUS,d91dad02f8da03cf6702fa7edec531da5e56f526f466e2f04180f2a23a1cf315,8,shuffled,8,100,0.5,8884,bfbf9c5cef084908b0d3f00b481243ab966f22d88cc7af5c16424d837ffd2569,13552,15266,46839,53304,4468.004121966282,,4b24f9aca08c76b36fdf3db4c2c14575931cd1d3572b4064c9ad9d511153daaf,-171079.6974156348,188049,81,1.0,19,3654,53304,"[1,81,2124,16074,35294,38199,35288,32032,28956]","[{""1"":0,""10plus"":1,""2to4"":0,""5to9"":0},{""1"":7,""10plus"":56,""2to4"":8,""5to9"":10},{""1"":536,""10plus"":730,""2to4"":529,""5to9"":329},{""1"":9184,""10plus"":913,""2to4"":4609,""5to9"":1368},{""1"":30593,""10plus"":8,""2to4"":4473,""5to9"":220},{""1"":37612,""10plus"":0,""2to4"":587,""5to9"":0},{""1"":35237,""10plus"":0,""2to4"":51,""5to9"":0},{""1"":32030,""10plus"":0,""2to4"":2,""5to9"":0},{""1"":28956,""10plus"":0,""2to4"":0,""5to9"":0}]",0.9850242499996966,0.468650340097156,1317978112
C0,ud23,DIODORUS,d91dad02f8da03cf6702fa7edec531da5e56f526f466e2f04180f2a23a1cf315,9,original,8,100,0.5,8884,0165d33483f5c5e592cf6d1d6a89dd2c06d867a99a2b11db7f8c98078c19f06b,13540,15266,46906,53304,-9921.466033551202,,2178ef5c1661f49b1807da47fd054507fbe70b5631c6ea858821d588a54d0d8f,-161360.51452259996,169532,84,0.0,16,3642,53304,"[1,85,1899,11930,26648,33990,34240,31818,28921]","[{""1"":0,""10plus"":1,""2to4"":0,""5to9"":0},{""1"":10,""10plus"":58,""2to4"":9,""5to9"":8},{""1"":495,""10plus"":656,""2to4"":489,""5to9"":259},{""1"":6546,""10plus"":895,""2to4"":3449,""5to9"":1040},{""1"":20867,""10plus"":300,""2to4"":4739,""5to9"":742},{""1"":31176,""10plus"":32,""2to4"":2585,""5to9"":197},{""1"":33392,""10plus"":3,""2to4"":826,""5to9"":19},{""1"":31628,""10plus"":2,""2to4"":187,""5to9"":1},{""1"":28868,""10plus"":2,""2to4"":51,""5to9"":0}]",0.6242775000009715,0.4734309169652988,1318162432
C0,ud23,DIODORUS,d91dad02f8da03cf6702fa7edec531da5e56f526f466e2f04180f2a23a1cf315,9,shuffled,8,100,0.5,8884,0165d33483f5c5e592cf6d1d6a89dd2c06d867a99a2b11db7f8c98078c19f06b,13540,15266,46906,53304,4588.8791830484115,,5537894f5a3edd1bc06141bd8c130966512e38e12708359dadb4e3ad19cd5e72,-171281.98055615116,188476,84,1.0,16,3642,53304,"[1,85,2157,16209,35331,38281,35332,32069,29011]","[{""1"":0,""10plus"":1,""2to4"":0,""5to9"":0},{""1"":10,""10plus"":58,""2to4"":10,""5to9"":7},{""1"":528,""10plus"":745,""2to4"":569,""5to9"":315},{""1"":9302,""10plus"":897,""2to4"":4629,""5to9"":1381},{""1"":30551,""10plus"":7,""2to4"":4562,""5to9"":211},{""1"":37733,""10plus"":0,""2to4"":548,""5to9"":0},{""1"":35289,""10plus"":0,""2to4"":43,""5to9"":0},{""1"":32064,""10plus"":0,""2to4"":5,""5to9"":0},{""1"":29011,""10plus"":0,""2to4"":0,""5to9"":0}]",0.8494058750002296,0.47519633400770545,1318162432
C0,ud23,DIODORUS,d91dad02f8da03cf6702fa7edec531da5e56f526f466e2f04180f2a23a1cf315,10,original,8,100,0.5,8884,b45bcd677f58f69b625b57cb657dfbdc1a799fc776a1c1b7afbed1db93885db3,13548,15266,46922,53304,-9972.148600811168,,fd1fe0f63a7048165f3fff8ae0ec4420b94f6da06c6a99705972552800dc674a,-161073.18572272907,168821,82,0.0,18,3666,53304,"[1,82,1887,11813,26619,33962,34086,31643,28728]","[{""1"":0,""10plus"":1,""2to4"":0,""5to9"":0},{""1"":7,""10plus"":57,""2to4"":10,""5to9"":8},{""1"":487,""10plus"":657,""2to4"":476,""5to9"":267},{""1"":6470,""10plus"":879,""2to4"":3407,""5to9"":1057},{""1"":20872,""10plus"":298,""2to4"":4685,""5to9"":764},{""1"":31192,""10plus"":31,""2to4"":2539,""5to9"":200},{""1"":33205,""10plus"":2,""2to4"":857,""5to9"":22},{""1"":31413,""10plus"":2,""2to4"":226,""5to9"":2},{""1"":28656,""10plus"":2,""2to4"":70,""5to9"":0}]",0.6039598749994184,0.4688642690107372,1320124416
C0,ud23,DIODORUS,d91dad02f8da03cf6702fa7edec531da5e56f526f466e2f04180f2a23a1cf315,10,shuffled,8,100,0.5,8884,b45bcd677f58f69b625b57cb657dfbdc1a799fc776a1c1b7afbed1db93885db3,13548,15266,46922,53304,4453.464670448186,,c77bb5bd3e4810942c0d0a43e5e20296063cf9bb2ae46fe28f611e030386d249,-171045.33432354024,187930,82,1.0,18,3666,53304,"[1,81,2123,16191,35288,38180,35254,31956,28856]","[{""1"":0,""10plus"":1,""2to4"":0,""5to9"":0},{""1"":7,""10plus"":57,""2to4"":9,""5to9"":8},{""1"":560,""10plus"":750,""2to4"":502,""5to9"":311},{""1"":9193,""10plus"":847,""2to4"":4750,""5to9"":1401},{""1"":30657,""10plus"":14,""2to4"":4382,""5to9"":235},{""1"":37622,""10plus"":0,""2to4"":558,""5to9"":0},{""1"":35227,""10plus"":0,""2to4"":27,""5to9"":0},{""1"":31954,""10plus"":0,""2to4"":2,""5to9"":0},{""1"":28856,""10plus"":0,""2to4"":0,""5to9"":0}]",0.9881587500003661,0.46849920808017487,1320124416
C0,ud23,DIODORUS,d91dad02f8da03cf6702fa7edec531da5e56f526f466e2f04180f2a23a1cf315,11,original,8,100,0.5,8884,72d6da78515c4353dbcb5553e11313c5428e9c0ee5405cae6d5cdbf8aa1004bd,13514,15266,46916,53304,-9961.873106966552,,92c752b4b9a6ba1b29b97ce8b957780cdcd30d8da169a6e37eb81fc76550b945,-161260.16569156348,168351,83,0.0,17,3689,53304,"[1,83,1909,11876,26539,33849,33977,31514,28603]","[{""1"":0,""10plus"":1,""2to4"":0,""5to9"":0},{""1"":7,""10plus"":58,""2to4"":10,""5to9"":8},{""1"":511,""10plus"":645,""2to4"":469,""5to9"":284},{""1"":6542,""10plus"":880,""2to4"":3376,""5to9"":1078},{""1"":20783,""10plus"":303,""2to4"":4713,""5to9"":740},{""1"":31093,""10plus"":42,""2to4"":2525,""5to9"":189},{""1"":33120,""10plus"":3,""2to4"":832,""5to9"":22},{""1"":31281,""10plus"":2,""2to4"":229,""5to9"":2},{""1"":28517,""10plus"":2,""2to4"":83,""5to9"":1}]",0.5933467089998885,0.47664164411435195,1320124416
C0,ud23,DIODORUS,d91dad02f8da03cf6702fa7edec531da5e56f526f466e2f04180f2a23a1cf315,11,shuffled,8,100,0.5,8884,72d6da78515c4353dbcb5553e11313c5428e9c0ee5405cae6d5cdbf8aa1004bd,13514,15266,46916,53304,4507.662103736278,,8cba0a292a80ce479e5668d93f478d64d337c316298d6e2b5c36c95153d28a7f,-171222.03879853003,187623,83,1.0,17,3689,53304,"[1,84,2147,16264,35270,38082,35154,31855,28766]","[{""1"":0,""10plus"":1,""2to4"":0,""5to9"":0},{""1"":8,""10plus"":58,""2to4"":10,""5to9"":8},{""1"":522,""10plus"":742,""2to4"":548,""5to9"":335},{""1"":9288,""10plus"":887,""2to4"":4748,""5to9"":1341},{""1"":30619,""10plus"":12,""2to4"":4411,""5to9"":228},{""1"":37507,""10plus"":0,""2to4"":575,""5to9"":0},{""1"":35129,""10plus"":0,""2to4"":25,""5to9"":0},{""1"":31854,""10plus"":0,""2to4"":1,""5to9"":0},{""1"":28766,""10plus"":0,""2to4"":0,""5to9"":0}]",0.8311758750005538,0.47392287191178184,1320124416
C0,ud23,DIODORUS,d91dad02f8da03cf6702fa7edec531da5e56f526f466e2f04180f2a23a1cf315,12,original,8,100,0.5,8884,1fc6e65809cb93653917db5656fb5abb328d98ce5b26a9ec479c3b596d1a3c83,13597,15266,46784,53304,-9956.107793127507,,71430147d8500c4d45c0a6517a588fb7cb4e846432edc8f5b5a960ea120a823c,-160966.76466737041,169043,84,0.0,16,3653,53304,"[1,83,1889,11829,26592,33948,34117,31724,28860]","[{""1"":0,""10plus"":1,""2to4"":0,""5to9"":0},{""1"":10,""10plus"":57,""2to4"":9,""5to9"":7},{""1"":506,""10plus"":658,""2to4"":469,""5to9"":256},{""1"":6486,""10plus"":879,""2to4"":3417,""5to9"":1047},{""1"":20877,""10plus"":296,""2to4"":4679,""5to9"":740},{""1"":31165,""10plus"":34,""2to4"":2538,""5to9"":211},{""1"":33215,""10plus"":3,""2to4"":878,""5to9"":21},{""1"":31482,""10plus"":2,""2to4"":237,""5to9"":3},{""1"":28776,""10plus"":2,""2to4"":81,""5to9"":1}]",0.5667390830003569,0.472871914942516,1323503616
C0,ud23,DIODORUS,d91dad02f8da03cf6702fa7edec531da5e56f526f466e2f04180f2a23a1cf315,12,shuffled,8,100,0.5,8884,1fc6e65809cb93653917db5656fb5abb328d98ce5b26a9ec479c3b596d1a3c83,13597,15266,46784,53304,4360.57040991768,,bdf9a02a858773f99ba05c88bb3e4e6a358e0f059c721459dc46b4bf6cd9643d,-170922.87246049792,188316,84,1.0,16,3653,53304,"[1,84,2118,16084,35315,38264,35342,32086,29022]","[{""1"":0,""10plus"":1,""2to4"":0,""5to9"":0},{""1"":12,""10plus"":58,""2to4"":8,""5to9"":6},{""1"":537,""10plus"":732,""2to4"":527,""5to9"":322},{""1"":9212,""10plus"":901,""2to4"":4571,""5to9"":1400},{""1"":30571,""10plus"":12,""2to4"":4518,""5to9"":214},{""1"":37729,""10plus"":0,""2to4"":534,""5to9"":1},{""1"":35310,""10plus"":0,""2to4"":32,""5to9"":0},{""1"":32084,""10plus"":0,""2to4"":2,""5to9"":0},{""1"":29022,""10plus"":0,""2to4"":0,""5to9"":0}]",1.0125507909997395,0.470155251912729,1323503616
C0,ud23,DIODORUS,d91dad02f8da03cf6702fa7edec531da5e56f526f466e2f04180f2a23a1cf315,13,original,8,100,0.5,8884,394d5151009ec0c387d7d0ffa9f79d90c3b93614117accab885e6f91f2ad2ab0,13518,15266,46961,53304,-9915.365994266263,,8e9fc6122f4fa2e4ecbcdd00e63c94c3e8e934eaac69e39a7cfa98d8f9ff3063,-161100.75794415642,168648,82,0.0,18,3666,53304,"[1,83,1880,11855,26562,33932,34061,31589,28685]","[{""1"":0,""10plus"":1,""2to4"":0,""5to9"":0},{""1"":10,""10plus"":57,""2to4"":6,""5to9"":10},{""1"":495,""10plus"":651,""2to4"":458,""5to9"":276},{""1"":6531,""10plus"":885,""2to4"":3389,""5to9"":1050},{""1"":20787,""10plus"":287,""2to4"":4740,""5to9"":748},{""1"":31172,""10plus"":33,""2to4"":2525,""5to9"":202},{""1"":33223,""10plus"":2,""2to4"":810,""5to9"":26},{""1"":31368,""10plus"":2,""2to4"":213,""5to9"":6},{""1"":28614,""10plus"":2,""2to4"":67,""5to9"":2}]",0.5667723339993245,0.47057088702604233,1325277184
C0,ud23,DIODORUS,d91dad02f8da03cf6702fa7edec531da5e56f526f466e2f04180f2a23a1cf315,13,shuffled,8,100,0.5,8884,394d5151009ec0c387d7d0ffa9f79d90c3b93614117accab885e6f91f2ad2ab0,13518,15266,46961,53304,4447.710574800061,,e7d389d197b026f67b7a0b305f06d9505af4f7b37e92dadf3138a6c4e2d535c4,-171016.12393842268,187653,82,1.0,18,3666,53304,"[1,83,2145,16169,35107,38151,35224,31934,28839]","[{""1"":0,""10plus"":1,""2to4"":0,""5to9"":0},{""1"":10,""10plus"":57,""2to4"":6,""5to9"":10},{""1"":558,""10plus"":756,""2to4"":522,""5to9"":309},{""1"":9317,""10plus"":870,""2to4"":4590,""5to9"":1392},{""1"":30372,""10plus"":9,""2to4"":4480,""5to9"":246},{""1"":37584,""10plus"":0,""2to4"":565,""5to9"":2},{""1"":35188,""10plus"":0,""2to4"":36,""5to9"":0},{""1"":31933,""10plus"":0,""2to4"":1,""5to9"":0},{""1"":28839,""10plus"":0,""2to4"":0,""5to9"":0}]",0.9868743330007419,0.46957244806253584,1325277184
C0,ud23,DIODORUS,d91dad02f8da03cf6702fa7edec531da5e56f526f466e2f04180f2a23a1cf315,14,original,8,100,0.5,8884,bb3699e8b3cb14d721c8a2ab8370368fa2d20ea47366e596e8d082474ca0efc4,13566,15266,46724,53304,-9878.348698704474,,7ef2ef2932c45bf57bce2cb865e2110def61c28e670800532922749e58ba8a50,-160937.77076587244,168734,80,0.0,20,3660,53304,"[1,81,1874,11778,26506,33987,34116,31647,28744]","[{""1"":0,""10plus"":1,""2to4"":0,""5to9"":0},{""1"":8,""10plus"":55,""2to4"":6,""5to9"":12},{""1"":478,""10plus"":633,""2to4"":482,""5to9"":281},{""1"":6486,""10plus"":900,""2to4"":3336,""5to9"":1056},{""1"":20711,""10plus"":298,""2to4"":4762,""5to9"":735},{""1"":31241,""10plus"":39,""2to4"":2517,""5to9"":190},{""1"":33262,""10plus"":3,""2to4"":836,""5to9"":15},{""1"":31423,""10plus"":2,""2to4"":220,""5to9"":2},{""1"":28663,""10plus"":2,""2to4"":78,""5to9"":1}]",0.5858580420008366,0.4677044579602807,1325277184
C0,ud23,DIODORUS,d91dad02f8da03cf6702fa7edec531da5e56f526f466e2f04180f2a23a1cf315,14,shuffled,8,100,0.5,8884,bb3699e8b3cb14d721c8a2ab8370368fa2d20ea47366e596e8d082474ca0efc4,13566,15266,46724,53304,4451.503936678491,,f88e642b7b6f7f0788558ad7e680f4a8a3b17277c37fd44377643048a48d4d7c,-170816.1194645769,187593,80,1.0,20,3660,53304,"[1,81,2123,15983,35092,38167,35262,31983,28901]","[{""1"":0,""10plus"":1,""2to4"":0,""5to9"":0},{""1"":9,""10plus"":55,""2to4"":6,""5to9"":11},{""1"":563,""10plus"":738,""2to4"":499,""5to9"":323},{""1"":9128,""10plus"":912,""2to4"":4582,""5to9"":1361},{""1"":30267,""10plus"":15,""2to4"":4598,""5to9"":212},{""1"":37582,""10plus"":0,""2to4"":585,""5to9"":0},{""1"":35219,""10plus"":0,""2to4"":43,""5to9"":0},{""1"":31980,""10plus"":0,""2to4"":3,""5to9"":0},{""1"":28901,""10plus"":0,""2to4"":0,""5to9"":0}]",0.9859111249988928,0.4677251719203923,1325277184
C0,ud23,DIODORUS,d91dad02f8da03cf6702fa7edec531da5e56f526f466e2f04180f2a23a1cf315,15,original,8,100,0.5,8884,54a2b75208f9efb49bdd2f10d88a1d9c1bdbe1ec1e61e35457d5952d14918859,13548,15266,46941,53304,-10091.093613400502,,614f5444a83fefb03f5effbf27ebfa345c8407609d4322dfe4e23aa9f9b0c7e3,-160938.54899198533,167892,86,0.0,14,3692,53304,"[1,86,1882,11777,26477,33792,33903,31447,28527]","[{""1"":0,""10plus"":1,""2to4"":0,""5to9"":0},{""1"":12,""10plus"":55,""2to4"":9,""5to9"":10},{""1"":497,""10plus"":650,""2to4"":468,""5to9"":267},{""1"":6447,""10plus"":885,""2to4"":3395,""5to9"":1050},{""1"":20710,""10plus"":306,""2to4"":4749,""5to9"":712},{""1"":31018,""10plus"":36,""2to4"":2539,""5to9"":199},{""1"":33017,""10plus"":2,""2to4"":857,""5to9"":27},{""1"":31210,""10plus"":2,""2to4"":233,""5to9"":2},{""1"":28441,""10plus"":2,""2to4"":83,""5to9"":1}]",0.5828491660013242,0.47652926890987146,1335951360
C0,ud23,DIODORUS,d91dad02f8da03cf6702fa7edec531da5e56f526f466e2f04180f2a23a1cf315,15,shuffled,8,100,0.5,8884,54a2b75208f9efb49bdd2f10d88a1d9c1bdbe1ec1e61e35457d5952d14918859,13548,15266,46941,53304,4365.732733110315,,d2c5ded857fc8b7c8fe5d01959461432226547a5cc2b1e78d2d1bb0aa80db734,-171029.64260538583,187237,86,1.0,14,3692,53304,"[1,86,2139,16124,35203,38068,35121,31802,28693]","[{""1"":0,""10plus"":1,""2to4"":0,""5to9"":0},{""1"":13,""10plus"":55,""2to4"":7,""5to9"":11},{""1"":575,""10plus"":739,""2to4"":504,""5to9"":321},{""1"":9226,""10plus"":897,""2to4"":4610,""5to9"":1391},{""1"":30556,""10plus"":10,""2to4"":4407,""5to9"":230},{""1"":37509,""10plus"":0,""2to4"":558,""5to9"":1},{""1"":35088,""10plus"":0,""2to4"":32,""5to9"":1},{""1"":31798,""10plus"":0,""2to4"":4,""5to9"":0},{""1"":28692,""10plus"":0,""2to4"":1,""5to9"":0}]",0.990562625000166,0.4766931309713982,1335951360
C0,ud23,DIODORUS,d91dad02f8da03cf6702fa7edec531da5e56f526f466e2f04180f2a23a1cf315,16,original,8,100,0.5,8884,b1738a31ef51b285776e299a3d6d7d18555be115fec884a5c4d9b6db03490c21,13561,15266,46936,53304,-9967.302174958284,,aba5d8cd73d56aa231d70588355929d44263ad933d914d6e2b6ef63cf8347b19,-161089.35122534676,168758,83,0.0,17,3656,53304,"[1,83,1894,11882,26547,33918,34071,31622,28740]","[{""1"":0,""10plus"":1,""2to4"":0,""5to9"":0},{""1"":10,""10plus"":57,""2to4"":5,""5to9"":11},{""1"":500,""10plus"":645,""2to4"":486,""5to9"":263},{""1"":6561,""10plus"":889,""2to4"":3395,""5to9"":1037},{""1"":20831,""10plus"":296,""2to4"":4660,""5to9"":760},{""1"":31154,""10plus"":36,""2to4"":2534,""5to9"":194},{""1"":33205,""10plus"":3,""2to4"":837,""5to9"":26},{""1"":31374,""10plus"":2,""2to4"":241,""5to9"":5},{""1"":28639,""10plus"":2,""2to4"":97,""5to9"":2}]",0.5907888330002606,0.4756543659259478,1351368704
C0,ud23,DIODORUS,d91dad02f8da03cf6702fa7edec531da5e56f526f466e2f04180f2a23a1cf315,16,shuffled,8,100,0.5,8884,b1738a31ef51b285776e299a3d6d7d18555be115fec884a5c4d9b6db03490c21,13561,15266,46936,53304,4376.865812426287,,3ddd2a1cb2bb785719bc194a2921d102a60202c83ff2bf23ea50176c6de6c29b,-171056.65340030505,187946,83,1.0,17,3656,53304,"[1,83,2142,16074,35194,38239,35288,32001,28924]","[{""1"":0,""10plus"":1,""2to4"":0,""5to9"":0},{""1"":9,""10plus"":56,""2to4"":7,""5to9"":11},{""1"":542,""10plus"":726,""2to4"":547,""5to9"":327},{""1"":9163,""10plus"":887,""2to4"":4638,""5to9"":1386},{""1"":30475,""10plus"":8,""2to4"":4480,""5to9"":231},{""1"":37709,""10plus"":0,""2to4"":530,""5to9"":0},{""1"":35262,""10plus"":0,""2to4"":26,""5to9"":0},{""1"":32000,""10plus"":0,""2to4"":1,""5to9"":0},{""1"":28924,""10plus"":0,""2to4"":0,""5to9"":0}]",0.991982083000039,0.47156205605460855,1351368704
C0,ud23,DIODORUS,d91dad02f8da03cf6702fa7edec531da5e56f526f466e2f04180f2a23a1cf315,17,original,8,100,0.5,8884,cb0f4b2dfe0f9fd5da72f4dc3ac0b44c9ee43e05c6c60e93f12197d6246db980,13539,15266,46797,53304,-10067.321771543386,,6401be5e20498daceb68ebd1adb1697be36767ddb111f060e0c4ced8f681e4d4,-160714.5018701565,167965,82,0.0,18,3690,53304,"[1,82,1881,11808,26407,33804,33929,31478,28575]","[{""1"":0,""10plus"":1,""2to4"":0,""5to9"":0},{""1"":8,""10plus"":57,""2to4"":7,""5to9"":10},{""1"":501,""10plus"":644,""2to4"":473,""5to9"":263},{""1"":6556,""10plus"":885,""2to4"":3314,""5to9"":1053},{""1"":20666,""10plus"":306,""2to4"":4688,""5to9"":747},{""1"":31084,""10plus"":37,""2to4"":2486,""5to9"":197},{""1"":33054,""10plus"":2,""2to4"":850,""5to9"":23},{""1"":31242,""10plus"":2,""2to4"":232,""5to9"":2},{""1"":28499,""10plus"":2,""2to4"":73,""5to9"":1}]",0.5866164579983888,0.47145984911003325,1362157568
C0,ud23,DIODORUS,d91dad02f8da03cf6702fa7edec531da5e56f526f466e2f04180f2a23a1cf315,17,shuffled,8,100,0.5,8884,cb0f4b2dfe0f9fd5da72f4dc3ac0b44c9ee43e05c6c60e93f12197d6246db980,13539,15266,46797,53304,4426.762591353385,,7bd8f38a2168bb3eba826da97de9956f411587682084c3dd259c9a85352c468f,-170781.82364169988,186860,82,1.0,18,3690,53304,"[1,82,2120,15876,35013,38099,35123,31821,28725]","[{""1"":0,""10plus"":1,""2to4"":0,""5to9"":0},{""1"":8,""10plus"":58,""2to4"":8,""5to9"":8},{""1"":553,""10plus"":722,""2to4"":524,""5to9"":321},{""1"":8973,""10plus"":903,""2to4"":4616,""5to9"":1384},{""1"":30201,""10plus"":12,""2to4"":4565,""5to9"":235},{""1"":37555,""10plus"":0,""2to4"":541,""5to9"":3},{""1"":35084,""10plus"":0,""2to4"":38,""5to9"":1},{""1"":31815,""10plus"":0,""2to4"":6,""5to9"":0},{""1"":28722,""10plus"":0,""2to4"":3,""5to9"":0}]",0.9957816249989264,0.4695054551757494,1362157568
C0,ud23,DIODORUS,d91dad02f8da03cf6702fa7edec531da5e56f526f466e2f04180f2a23a1cf315,18,original,8,100,0.5,8884,1bc8ff2b2e8353819799308b5217e8a32a59c50f723b76e7867912992924c767,13564,15266,46806,53304,-9984.513302674983,,59a5203b866bac783ae7b766cdacd6efe182c0339e2ccdade7abf39245a50861,-160947.88706297844,168536,81,0.0,19,3660,53304,"[1,82,1882,11817,26438,33911,34074,31628,28703]","[{""1"":0,""10plus"":1,""2to4"":0,""5to9"":0},{""1"":9,""10plus"":55,""2to4"":8,""5to9"":10},{""1"":493,""10plus"":658,""2to4"":484,""5to9"":247},{""1"":6512,""10plus"":895,""2to4"":3386,""5to9"":1024},{""1"":20641,""10plus"":306,""2to4"":4726,""5to9"":765},{""1"":31150,""10plus"":28,""2to4"":2528,""5to9"":205},{""1"":33197,""10plus"":2,""2to4"":852,""5to9"":23},{""1"":31398,""10plus"":2,""2to4"":223,""5to9"":5},{""1"":28617,""10plus"":2,""2to4"":82,""5to9"":2}]",0.5958229999996547,0.4712022401563445,1368674304
C0,ud23,DIODORUS,d91dad02f8da03cf6702fa7edec531da5e56f526f466e2f04180f2a23a1cf315,18,shuffled,8,100,0.5,8884,1bc8ff2b2e8353819799308b5217e8a32a59c50f723b76e7867912992924c767,13564,15266,46806,53304,4403.65861197823,,51b0b93f3035b27841dcab35a6aabc3d378cea712df03461c3b79485f8b5a5db,-170932.40036565342,187699,81,1.0,19,3660,53304,"[1,81,2104,16079,35165,38172,35258,31970,28869]","[{""1"":0,""10plus"":1,""2to4"":0,""5to9"":0},{""1"":8,""10plus"":55,""2to4"":8,""5to9"":10},{""1"":507,""10plus"":724,""2to4"":542,""5to9"":331},{""1"":9176,""10plus"":895,""2to4"":4654,""5to9"":1354},{""1"":30366,""10plus"":9,""2to4"":4558,""5to9"":232},{""1"":37608,""10plus"":0,""2to4"":562,""5to9"":2},{""1"":35223,""10plus"":0,""2to4"":35,""5to9"":0},{""1"":31964,""10plus"":0,""2to4"":6,""5to9"":0},{""1"":28868,""10plus"":0,""2to4"":1,""5to9"":0}]",0.8373942500002158,0.4655902121867257,1368674304
C0,ud23,DIODORUS,d91dad02f8da03cf6702fa7edec531da5e56f526f466e2f04180f2a23a1cf315,19,original,8,100,0.5,8884,6de21bf3cc54ddafc1dae21434a95f5eaf2393255242b22c1e3f0f60b7c9f486,13579,15266,46962,53304,-9591.825738389045,,9a296c3e82a5eb56039f135baa3090f74402750417e76815e77199ca766ae5f4,-161409.77073031254,168633,82,0.0,18,3676,53304,"[1,82,1909,11906,26572,33867,34033,31586,28677]","[{""1"":0,""10plus"":1,""2to4"":0,""5to9"":0},{""1"":9,""10plus"":57,""2to4"":7,""5to9"":9},{""1"":523,""10plus"":641,""2to4"":462,""5to9"":283},{""1"":6599,""10plus"":891,""2to4"":3375,""5to9"":1041},{""1"":20847,""10plus"":297,""2to4"":4674,""5to9"":754},{""1"":31095,""10plus"":35,""2to4"":2538,""5to9"":199},{""1"":33181,""10plus"":2,""2to4"":824,""5to9"":26},{""1"":31363,""10plus"":2,""2to4"":215,""5to9"":6},{""1"":28600,""10plus"":2,""2to4"":72,""5to9"":3}]",0.6067358330001298,0.504246169979524,1370243072
C0,ud23,DIODORUS,d91dad02f8da03cf6702fa7edec531da5e56f526f466e2f04180f2a23a1cf315,19,shuffled,8,100,0.5,8884,6de21bf3cc54ddafc1dae21434a95f5eaf2393255242b22c1e3f0f60b7c9f486,13579,15266,46962,53304,4505.402597395296,,e1fa84bb968cf8476514de1e754ea812a76089e78bf62b32a331de0472249c3a,-171001.59646870158,187610,82,1.0,18,3676,53304,"[1,81,2154,16148,35115,38142,35220,31920,28829]","[{""1"":0,""10plus"":1,""2to4"":0,""5to9"":0},{""1"":8,""10plus"":57,""2to4"":8,""5to9"":8},{""1"":560,""10plus"":729,""2to4"":531,""5to9"":334},{""1"":9309,""10plus"":879,""2to4"":4609,""5to9"":1351},{""1"":30383,""10plus"":10,""2to4"":4506,""5to9"":216},{""1"":37571,""10plus"":0,""2to4"":571,""5to9"":0},{""1"":35199,""10plus"":0,""2to4"":21,""5to9"":0},{""1"":31918,""10plus"":0,""2to4"":2,""5to9"":0},{""1"":28828,""10plus"":0,""2to4"":1,""5to9"":0}]",1.001170915998955,0.48872629795368994,1370243072
C0,ud23,PLUTARCH,ef8134329970f595ef9ccf4198217affef5c01fa243d5bf4e59ee6daebb04e1d,0,original,8,100,0.5,8884,0dc71dfd58d1a938777e7c503583e2f310b7bc93c463209cb8ef5fa620a3da7f,7906,8884,46789,53304,-9818.770437846048,,b42a38355bd1c82999066d78face2f99fc4ac7e703bc728a357456bc5499f00b,-159451.28768968733,166849,79,0.0,21,3605,53304,"[1,79,1842,11345,25635,33292,33888,31770,28997]","[{""1"":0,""10plus"":1,""2to4"":0,""5to9"":0},{""1"":5,""10plus"":56,""2to4"":8,""5to9"":10},{""1"":497,""10plus"":630,""2to4"":464,""5to9"":251},{""1"":6194,""10plus"":923,""2to4"":3262,""5to9"":966},{""1"":19760,""10plus"":340,""2to4"":4716,""5to9"":819},{""1"":30211,""10plus"":53,""2to4"":2787,""5to9"":241},{""1"":32763,""10plus"":5,""2to4"":1076,""5to9"":44},{""1"":31425,""10plus"":2,""2to4"":339,""5to9"":4},{""1"":28869,""10plus"":2,""2to4"":124,""5to9"":2}]",0.5631560419988091,0.26202156782892416,1277710336
C0,ud23,PLUTARCH,ef8134329970f595ef9ccf4198217affef5c01fa243d5bf4e59ee6daebb04e1d,0,shuffled,8,100,0.5,8884,0dc71dfd58d1a938777e7c503583e2f310b7bc93c463209cb8ef5fa620a3da7f,7906,8884,46789,53304,4288.3830625789415,,149cdbba07343c1ae4c362af3fb115b217c1f4ff5e99b81d539a8ab78359ec79,-169270.05812753338,187190,79,1.0,21,3605,53304,"[1,79,2037,15302,34566,38207,35494,32279,29225]","[{""1"":0,""10plus"":1,""2to4"":0,""5to9"":0},{""1"":6,""10plus"":56,""2to4"":8,""5to9"":9},{""1"":533,""10plus"":711,""2to4"":490,""5to9"":303},{""1"":8563,""10plus"":957,""2to4"":4426,""5to9"":1356},{""1"":29482,""10plus"":12,""2to4"":4787,""5to9"":285},{""1"":37473,""10plus"":0,""2to4"":732,""5to9"":2},{""1"":35441,""10plus"":0,""2to4"":53,""5to9"":0},{""1"":32274,""10plus"":0,""2to4"":5,""5to9"":0},{""1"":29224,""10plus"":0,""2to4"":1,""5to9"":0}]",1.0050049170004058,0.2618259690261766,1277710336
C0,ud23,PLUTARCH,ef8134329970f595ef9ccf4198217affef5c01fa243d5bf4e59ee6daebb04e1d,1,original,8,100,0.5,8884,c46ff3ac20bf9a6f1e498cca3632a3133f226cc096aedb3a566e1ed0ffcc1041,7918,8884,46909,53304,-10004.5509399437,,0bdc045160b266f26ad7b1311937e46248fe8133116be5ff840fa15edbf01e19,-159435.67557026868,167258,80,0.0,20,3588,53304,"[1,80,1828,11466,25648,33283,33973,31854,29125]","[{""1"":0,""10plus"":1,""2to4"":0,""5to9"":0},{""1"":7,""10plus"":58,""2to4"":8,""5to9"":7},{""1"":480,""10plus"":621,""2to4"":449,""5to9"":278},{""1"":6323,""10plus"":907,""2to4"":3252,""5to9"":984},{""1"":19824,""10plus"":347,""2to4"":4685,""5to9"":792},{""1"":30191,""10plus"":50,""2to4"":2792,""5to9"":250},{""1"":32828,""10plus"":5,""2to4"":1101,""5to9"":39},{""1"":31481,""10plus"":2,""2to4"":363,""5to9"":8},{""1"":28985,""10plus"":2,""2to4"":135,""5to9"":3}]",0.641707958002371,0.25535447502625175,1465311232
C0,ud23,PLUTARCH,ef8134329970f595ef9ccf4198217affef5c01fa243d5bf4e59ee6daebb04e1d,1,shuffled,8,100,0.5,8884,c46ff3ac20bf9a6f1e498cca3632a3133f226cc096aedb3a566e1ed0ffcc1041,7918,8884,46909,53304,4265.576398597157,,422fb5f7df5b5b334834c3b6c71024613453be4b8ae7e15798fa48e56e0c66d6,-169440.22651021238,187785,80,1.0,20,3588,53304,"[1,80,2070,15419,34563,38305,35600,32390,29357]","[{""1"":0,""10plus"":1,""2to4"":0,""5to9"":0},{""1"":7,""10plus"":58,""2to4"":8,""5to9"":7},{""1"":549,""10plus"":710,""2to4"":497,""5to9"":314},{""1"":8714,""10plus"":943,""2to4"":4409,""5to9"":1353},{""1"":29460,""10plus"":19,""2to4"":4819,""5to9"":265},{""1"":37579,""10plus"":0,""2to4"":725,""5to9"":1},{""1"":35540,""10plus"":0,""2to4"":60,""5to9"":0},{""1"":32383,""10plus"":0,""2to4"":7,""5to9"":0},{""1"":29356,""10plus"":0,""2to4"":1,""5to9"":0}]",0.8310855409981741,0.25303152890410274,1465311232
C0,ud23,PLUTARCH,ef8134329970f595ef9ccf4198217affef5c01fa243d5bf4e59ee6daebb04e1d,2,original,8,100,0.5,8884,fc8664fbe3bb964f254c0d853036175df3acdbc9ed891e5f9c4bce6904650b8e,7937,8884,46812,53304,-9955.210080598132,,a7a76ab88be1cbd75f194efb369c2784c696786bebab02777dd0a2edce35472e,-159468.06265458258,166211,78,0.0,22,3627,53304,"[1,79,1833,11407,25599,33190,33757,31573,28772]","[{""1"":0,""10plus"":1,""2to4"":0,""5to9"":0},{""1"":6,""10plus"":58,""2to4"":9,""5to9"":6},{""1"":468,""10plus"":621,""2to4"":483,""5to9"":261},{""1"":6288,""10plus"":897,""2to4"":3212,""5to9"":1010},{""1"":19792,""10plus"":325,""2to4"":4641,""5to9"":841},{""1"":30151,""10plus"":54,""2to4"":2737,""5to9"":248},{""1"":32655,""10plus"":6,""2to4"":1046,""5to9"":50},{""1"":31214,""10plus"":2,""2to4"":346,""5to9"":11},{""1"":28623,""10plus"":2,""2to4"":144,""5to9"":3}]",0.6018155829988245,0.2521270849465509,1465311232
C0,ud23,PLUTARCH,ef8134329970f595ef9ccf4198217affef5c01fa243d5bf4e59ee6daebb04e1d,2,shuffled,8,100,0.5,8884,fc8664fbe3bb964f254c0d853036175df3acdbc9ed891e5f9c4bce6904650b8e,7937,8884,46812,53304,4321.864743003098,,99050561a8be599cf76bdd47d0e1563a3c8c3f06e5af0e0df003485568e09ae7,-169423.2727351807,186721,78,1.0,22,3627,53304,"[1,78,2036,15380,34466,38211,35394,32124,29031]","[{""1"":0,""10plus"":1,""2to4"":0,""5to9"":0},{""1"":6,""10plus"":57,""2to4"":8,""5to9"":7},{""1"":493,""10plus"":717,""2to4"":531,""5to9"":295},{""1"":8705,""10plus"":921,""2to4"":4411,""5to9"":1343},{""1"":29361,""10plus"":9,""2to4"":4814,""5to9"":282},{""1"":37573,""10plus"":0,""2to4"":637,""5to9"":1},{""1"":35351,""10plus"":0,""2to4"":43,""5to9"":0},{""1"":32122,""10plus"":0,""2to4"":2,""5to9"":0},{""1"":29031,""10plus"":0,""2to4"":0,""5to9"":0}]",0.9845539580019249,0.2490900040975248,1465311232
C0,ud23,PLUTARCH,ef8134329970f595ef9ccf4198217affef5c01fa243d5bf4e59ee6daebb04e1d,3,original,8,100,0.5,8884,7a628c7c5c5656baa2241b1570eb13e63897985fc168dd097261e40218a87c7b,7975,8884,46770,53304,-9961.033225927124,,360e62404b1678342e5a34147d28d8e1db03a3114b0c36d875b6b32e7378892c,-159587.4748657638,168052,81,0.0,19,3565,53304,"[1,81,1862,11471,25840,33488,34105,31971,29233]","[{""1"":0,""10plus"":1,""2to4"":0,""5to9"":0},{""1"":8,""10plus"":58,""2to4"":7,""5to9"":8},{""1"":537,""10plus"":643,""2to4"":435,""5to9"":247},{""1"":6344,""10plus"":905,""2to4"":3191,""5to9"":1031},{""1"":19982,""10plus"":311,""2to4"":4729,""5to9"":818},{""1"":30449,""10plus"":56,""2to4"":2759,""5to9"":224},{""1"":32974,""10plus"":4,""2to4"":1088,""5to9"":39},{""1"":31589,""10plus"":2,""2to4"":373,""5to9"":7},{""1"":29068,""10plus"":2,""2to4"":162,""5to9"":1}]",0.5667966250002792,0.2620739551675797,1465311232
C0,ud23,PLUTARCH,ef8134329970f595ef9ccf4198217affef5c01fa243d5bf4e59ee6daebb04e1d,3,shuffled,8,100,0.5,8884,7a628c7c5c5656baa2241b1570eb13e63897985fc168dd097261e40218a87c7b,7975,8884,46770,53304,4372.147986607539,,ef696f75c34bfa2e14408a12fd2bc3575d8de0e25b3f3b6c3cf9abace0b0a7ce,-169548.50809169092,188646,81,1.0,19,3565,53304,"[1,82,2071,15502,34846,38457,35695,32507,29485]","[{""1"":0,""10plus"":1,""2to4"":0,""5to9"":0},{""1"":9,""10plus"":58,""2to4"":7,""5to9"":8},{""1"":535,""10plus"":722,""2to4"":523,""5to9"":291},{""1"":8693,""10plus"":942,""2to4"":4523,""5to9"":1344},{""1"":29799,""10plus"":12,""2to4"":4773,""5to9"":262},{""1"":37802,""10plus"":0,""2to4"":655,""5to9"":0},{""1"":35644,""10plus"":0,""2to4"":51,""5to9"":0},{""1"":32502,""10plus"":0,""2to4"":5,""5to9"":0},{""1"":29484,""10plus"":0,""2to4"":1,""5to9"":0}]",0.9861459999992803,0.2602840048930375,1465311232
C0,ud23,PLUTARCH,ef8134329970f595ef9ccf4198217affef5c01fa243d5bf4e59ee6daebb04e1d,4,original,8,100,0.5,8884,9bb934877e7d73e81c96bc897b1ed2e8f205ae7777c13ae0eb29fb2ea9018163,7968,8884,46792,53304,-9679.862095914461,,13b238fa8f91d36af47feb2eb584f62e2ba1b1af57d2e4519d1db11a036af265,-159702.5180762338,168484,81,0.0,19,3566,53304,"[1,81,1847,11501,25996,33635,34172,32001,29250]","[{""1"":0,""10plus"":1,""2to4"":0,""5to9"":0},{""1"":10,""10plus"":58,""2to4"":6,""5to9"":7},{""1"":498,""10plus"":635,""2to4"":466,""5to9"":248},{""1"":6317,""10plus"":894,""2to4"":3272,""5to9"":1018},{""1"":20167,""10plus"":315,""2to4"":4699,""5to9"":815},{""1"":30662,""10plus"":61,""2to4"":2704,""5to9"":208},{""1"":33143,""10plus"":6,""2to4"":971,""5to9"":52},{""1"":31665,""10plus"":2,""2to4"":327,""5to9"":7},{""1"":29115,""10plus"":2,""2to4"":131,""5to9"":2}]",0.5666010829991137,0.25699002802866744,1465311232
C0,ud23,PLUTARCH,ef8134329970f595ef9ccf4198217affef5c01fa243d5bf4e59ee6daebb04e1d,4,shuffled,8,100,0.5,8884,9bb934877e7d73e81c96bc897b1ed2e8f205ae7777c13ae0eb29fb2ea9018163,7968,8884,46792,53304,4374.646382646693,,3df50b604ff41fd98d10ca09366d01353981d1f128bb525fab48f0c2e24bd8f9,-169382.38017214826,188165,81,1.0,19,3566,53304,"[1,82,2087,15426,34532,38337,35705,32514,29481]","[{""1"":0,""10plus"":1,""2to4"":0,""5to9"":0},{""1"":11,""10plus"":57,""2to4"":6,""5to9"":8},{""1"":551,""10plus"":720,""2to4"":520,""5to9"":296},{""1"":8789,""10plus"":945,""2to4"":4352,""5to9"":1340},{""1"":29362,""10plus"":14,""2to4"":4861,""5to9"":295},{""1"":37573,""10plus"":0,""2to4"":760,""5to9"":4},{""1"":35654,""10plus"":0,""2to4"":51,""5to9"":0},{""1"":32510,""10plus"":0,""2to4"":4,""5to9"":0},{""1"":29479,""10plus"":0,""2to4"":2,""5to9"":0}]",0.9727161660011916,0.253328682956635,1465311232
C0,ud23,PLUTARCH,ef8134329970f595ef9ccf4198217affef5c01fa243d5bf4e59ee6daebb04e1d,5,original,8,100,0.5,8884,6b3b06d1235274e4c85c1c856c7f35fe0ca8519f2ebf9cbc30704541f2a51e38,7921,8884,46831,53304,-9804.813376523176,,c0a3227b2b6041c4380a3b8b92835bee9a28358aeddd74f09102b3cda215440e,-159579.55044052936,167168,79,0.0,21,3624,53304,"[1,79,1827,11483,25808,33397,33933,31727,28913]","[{""1"":0,""10plus"":1,""2to4"":0,""5to9"":0},{""1"":5,""10plus"":55,""2to4"":11,""5to9"":8},{""1"":475,""10plus"":623,""2to4"":466,""5to9"":263},{""1"":6337,""10plus"":895,""2to4"":3243,""5to9"":1008},{""1"":20000,""10plus"":328,""2to4"":4690,""5to9"":790},{""1"":30384,""10plus"":52,""2to4"":2727,""5to9"":234},{""1"":32887,""10plus"":3,""2to4"":997,""5to9"":46},{""1"":31404,""10plus"":2,""2to4"":314,""5to9"":7},{""1"":28779,""10plus"":2,""2to4"":130,""5to9"":2}]",0.5855680829990888,0.25561477409064537,1465311232
C0,ud23,PLUTARCH,ef8134329970f595ef9ccf4198217affef5c01fa243d5bf4e59ee6daebb04e1d,5,shuffled,8,100,0.5,8884,6b3b06d1235274e4c85c1c856c7f35fe0ca8519f2ebf9cbc30704541f2a51e38,7921,8884,46831,53304,4390.0322474487475,,9e40833e6043cad177d0aa862ec4538172e1458a0ed489b98e247edf7cf1505b,-169384.36381705254,187302,79,1.0,21,3624,53304,"[1,80,2072,15440,34663,38224,35460,32217,29145]","[{""1"":0,""10plus"":1,""2to4"":0,""5to9"":0},{""1"":7,""10plus"":55,""2to4"":11,""5to9"":7},{""1"":551,""10plus"":717,""2to4"":522,""5to9"":282},{""1"":8692,""10plus"":962,""2to4"":4480,""5to9"":1306},{""1"":29596,""10plus"":11,""2to4"":4796,""5to9"":260},{""1"":37539,""10plus"":0,""2to4"":685,""5to9"":0},{""1"":35416,""10plus"":0,""2to4"":44,""5to9"":0},{""1"":32215,""10plus"":0,""2to4"":2,""5to9"":0},{""1"":29145,""10plus"":0,""2to4"":0,""5to9"":0}]",0.9775735000002896,0.25329250005233916,1465311232
C0,ud23,PLUTARCH,ef8134329970f595ef9ccf4198217affef5c01fa243d5bf4e59ee6daebb04e1d,6,original,8,100,0.5,8884,0aed9b331de00b0b48cb422ef92de11c330672f56f0ebe1e560627d8286961a9,7951,8884,46767,53304,-9863.445975504554,,88d989f1025d377c4be3a70ebc3956c0dfec391653999648cceeaa958eaaed1c,-159597.24030493188,167917,86,0.0,14,3562,53304,"[1,85,1848,11430,25822,33477,34113,31952,29189]","[{""1"":0,""10plus"":1,""2to4"":0,""5to9"":0},{""1"":12,""10plus"":58,""2to4"":8,""5to9"":7},{""1"":498,""10plus"":629,""2to4"":467,""5to9"":254},{""1"":6242,""10plus"":905,""2to4"":3259,""5to9"":1024},{""1"":19967,""10plus"":333,""2to4"":4717,""5to9"":805},{""1"":30388,""10plus"":56,""2to4"":2797,""5to9"":236},{""1"":33027,""10plus"":5,""2to4"":1034,""5to9"":47},{""1"":31602,""10plus"":2,""2to4"":335,""5to9"":13},{""1"":29036,""10plus"":2,""2to4"":147,""5to9"":4}]",0.5883551669976441,0.26155627407570137,1465311232
C0,ud23,PLUTARCH,ef8134329970f595ef9ccf4198217affef5c01fa243d5bf4e59ee6daebb04e1d,6,shuffled,8,100,0.5,8884,0aed9b331de00b0b48cb422ef92de11c330672f56f0ebe1e560627d8286961a9,7951,8884,46767,53304,4434.31814284515,,ee44ce08ee2ea85359e3c6a4c5b97ca1d794fc9555be97097534373c6a9fb35b,-169460.68628043644,188485,86,1.0,14,3562,53304,"[1,87,2060,15452,34788,38460,35700,32485,29452]","[{""1"":0,""10plus"":1,""2to4"":0,""5to9"":0},{""1"":15,""10plus"":57,""2to4"":8,""5to9"":7},{""1"":517,""10plus"":711,""2to4"":538,""5to9"":294},{""1"":8743,""10plus"":934,""2to4"":4379,""5to9"":1396},{""1"":29711,""10plus"":11,""2to4"":4805,""5to9"":261},{""1"":37805,""10plus"":0,""2to4"":655,""5to9"":0},{""1"":35660,""10plus"":0,""2to4"":40,""5to9"":0},{""1"":32481,""10plus"":0,""2to4"":4,""5to9"":0},{""1"":29452,""10plus"":0,""2to4"":0,""5to9"":0}]",0.9770322909971583,0.2599895780622319,1465311232
C0,ud23,PLUTARCH,ef8134329970f595ef9ccf4198217affef5c01fa243d5bf4e59ee6daebb04e1d,7,original,8,100,0.5,8884,ecbeb00718defdabd464a3d7be3c187071b4f2a8acecc33c65961127de53fde9,7951,8884,46926,53304,-9981.757329345332,,e0d113f06497cbe492b20146554fafd8e86bbb55fe8ddb30b0849775656a998d,-159642.87405397688,167177,81,0.0,19,3609,53304,"[1,81,1830,11390,25652,33432,34001,31786,29004]","[{""1"":0,""10plus"":1,""2to4"":0,""5to9"":0},{""1"":7,""10plus"":57,""2to4"":10,""5to9"":7},{""1"":478,""10plus"":630,""2to4"":473,""5to9"":249},{""1"":6237,""10plus"":892,""2to4"":3224,""5to9"":1037},{""1"":19791,""10plus"":312,""2to4"":4691,""5to9"":858},{""1"":30390,""10plus"":49,""2to4"":2761,""5to9"":232},{""1"":32939,""10plus"":4,""2to4"":1023,""5to9"":35},{""1"":31432,""10plus"":2,""2to4"":347,""5to9"":5},{""1"":28859,""10plus"":2,""2to4"":143,""5to9"":0}]",0.591669292000006,0.2571601480085519,1465311232
C0,ud23,PLUTARCH,ef8134329970f595ef9ccf4198217affef5c01fa243d5bf4e59ee6daebb04e1d,7,shuffled,8,100,0.5,8884,ecbeb00718defdabd464a3d7be3c187071b4f2a8acecc33c65961127de53fde9,7951,8884,46926,53304,4457.976566099445,,99d68de81c9000d4453f32d4285b7238be4e9f0eaff0ad241551251bfb088bf2,-169624.6313833222,187617,81,1.0,19,3609,53304,"[1,82,2093,15475,34679,38274,35503,32281,29229]","[{""1"":0,""10plus"":1,""2to4"":0,""5to9"":0},{""1"":9,""10plus"":57,""2to4"":10,""5to9"":6},{""1"":570,""10plus"":714,""2to4"":509,""5to9"":300},{""1"":8721,""10plus"":953,""2to4"":4489,""5to9"":1312},{""1"":29537,""10plus"":6,""2to4"":4877,""5to9"":259},{""1"":37587,""10plus"":0,""2to4"":687,""5to9"":0},{""1"":35454,""10plus"":0,""2to4"":49,""5to9"":0},{""1"":32278,""10plus"":0,""2to4"":3,""5to9"":0},{""1"":29229,""10plus"":0,""2to4"":0,""5to9"":0}]",0.8172243340013665,0.25489348494738806,1465311232
C0,ud23,PLUTARCH,ef8134329970f595ef9ccf4198217affef5c01fa243d5bf4e59ee6daebb04e1d,8,original,8,100,0.5,8884,c9a1314d5edc79ff6b616374e8cbbcb96031671d89ff9aca5399213db949bec1,7907,8884,46820,53304,-9937.837193257292,,bcf0ed2d7cb0e2c5b8b460a4e40a55459ab6f5b37ca0c178eb54a4586bd9e01b,-159549.52466125993,167508,79,0.0,21,3585,53304,"[1,80,1851,11399,25757,33405,34015,31875,29125]","[{""1"":0,""10plus"":1,""2to4"":0,""5to9"":0},{""1"":4,""10plus"":56,""2to4"":12,""5to9"":8},{""1"":508,""10plus"":631,""2to4"":452,""5to9"":260},{""1"":6297,""10plus"":903,""2to4"":3137,""5to9"":1062},{""1"":19917,""10plus"":310,""2to4"":4722,""5to9"":808},{""1"":30333,""10plus"":56,""2to4"":2793,""5to9"":223},{""1"":32920,""10plus"":4,""2to4"":1044,""5to9"":47},{""1"":31513,""10plus"":2,""2to4"":353,""5to9"":7},{""1"":28981,""10plus"":2,""2to4"":140,""5to9"":2}]",0.6195577920007054,0.2538333070151566,1465311232
C0,ud23,PLUTARCH,ef8134329970f595ef9ccf4198217affef5c01fa243d5bf4e59ee6daebb04e1d,8,shuffled,8,100,0.5,8884,c9a1314d5edc79ff6b616374e8cbbcb96031671d89ff9aca5399213db949bec1,7907,8884,46820,53304,4245.6953511049505,,2c24f8921fc2d08180e1383158ad386488b60c1f635c543e57387ce05fb1fa68,-169487.36185451722,188043,79,1.0,21,3585,53304,"[1,79,2093,15400,34636,38402,35637,32418,29377]","[{""1"":0,""10plus"":1,""2to4"":0,""5to9"":0},{""1"":4,""10plus"":56,""2to4"":11,""5to9"":8},{""1"":568,""10plus"":706,""2to4"":508,""5to9"":311},{""1"":8637,""10plus"":930,""2to4"":4436,""5to9"":1397},{""1"":29489,""10plus"":17,""2to4"":4864,""5to9"":266},{""1"":37761,""10plus"":0,""2to4"":641,""5to9"":0},{""1"":35599,""10plus"":0,""2to4"":38,""5to9"":0},{""1"":32414,""10plus"":0,""2to4"":4,""5to9"":0},{""1"":29377,""10plus"":0,""2to4"":0,""5to9"":0}]",0.823513165996701,0.25098747687297873,1465311232
C0,ud23,PLUTARCH,ef8134329970f595ef9ccf4198217affef5c01fa243d5bf4e59ee6daebb04e1d,9,original,8,100,0.5,8884,302b491bbe5fab1c9e8913bb911710574a1661a77bb4aae233ab09bc7cc512f8,7929,8884,46845,53304,-10068.513917213713,,d7b320421e8709a28566c6c4f65a550d81afeda1172450e5732cda53198fddb4,-159057.28925809686,165765,76,0.0,24,3644,53304,"[1,76,1813,11269,25488,33090,33697,31552,28779]","[{""1"":0,""10plus"":1,""2to4"":0,""5to9"":0},{""1"":3,""10plus"":57,""2to4"":10,""5to9"":6},{""1"":465,""10plus"":621,""2to4"":468,""5to9"":259},{""1"":6153,""10plus"":906,""2to4"":3200,""5to9"":1010},{""1"":19635,""10plus"":323,""2to4"":4722,""5to9"":808},{""1"":30011,""10plus"":57,""2to4"":2784,""5to9"":238},{""1"":32572,""10plus"":6,""2to4"":1069,""5to9"":50},{""1"":31183,""10plus"":3,""2to4"":358,""5to9"":8},{""1"":28612,""10plus"":2,""2to4"":162,""5to9"":3}]",0.5983901250001509,0.250922379156691,1465311232
C0,ud23,PLUTARCH,ef8134329970f595ef9ccf4198217affef5c01fa243d5bf4e59ee6daebb04e1d,9,shuffled,8,100,0.5,8884,302b491bbe5fab1c9e8913bb911710574a1661a77bb4aae233ab09bc7cc512f8,7929,8884,46845,53304,4337.110681424238,,6e748afbae667b51c890d5a8aa77968bae2f2b643414bf67b8eaac0c359c2a73,-169125.80317531058,186909,76,1.0,24,3644,53304,"[1,77,2009,15420,34619,38223,35374,32122,29064]","[{""1"":0,""10plus"":1,""2to4"":0,""5to9"":0},{""1"":5,""10plus"":56,""2to4"":10,""5to9"":6},{""1"":484,""10plus"":730,""2to4"":510,""5to9"":285},{""1"":8636,""10plus"":936,""2to4"":4537,""5to9"":1311},{""1"":29635,""10plus"":12,""2to4"":4688,""5to9"":284},{""1"":37619,""10plus"":0,""2to4"":604,""5to9"":0},{""1"":35338,""10plus"":0,""2to4"":36,""5to9"":0},{""1"":32120,""10plus"":0,""2to4"":2,""5to9"":0},{""1"":29064,""10plus"":0,""2to4"":0,""5to9"":0}]",0.811800375002349,0.24780479192122584,1465311232
C0,ud23,PLUTARCH,ef8134329970f595ef9ccf4198217affef5c01fa243d5bf4e59ee6daebb04e1d,10,original,8,100,0.5,8884,f66ed9b91e017a29a02a1b766acf51e89e7a4dddda82710b202892e40d0fc9b0,7952,8884,46792,53304,-9839.364641522086,,3e62f2e1fdf8b7e7e271ef1042b1f7fbb296efc1771cf009f0abeb4a354c1e14,-159726.99174699257,168081,83,0.0,17,3587,53304,"[1,83,1862,11514,25940,33582,34117,31893,29089]","[{""1"":0,""10plus"":1,""2to4"":0,""5to9"":0},{""1"":9,""10plus"":57,""2to4"":9,""5to9"":8},{""1"":502,""10plus"":633,""2to4"":465,""5to9"":262},{""1"":6325,""10plus"":900,""2to4"":3278,""5to9"":1011},{""1"":20096,""10plus"":309,""2to4"":4757,""5to9"":778},{""1"":30643,""10plus"":52,""2to4"":2651,""5to9"":236},{""1"":33098,""10plus"":6,""2to4"":974,""5to9"":39},{""1"":31605,""10plus"":2,""2to4"":277,""5to9"":9},{""1"":28989,""10plus"":2,""2to4"":95,""5to9"":3}]",0.608296500002325,0.25957435418240493,1465311232
C0,ud23,PLUTARCH,ef8134329970f595ef9ccf4198217affef5c01fa243d5bf4e59ee6daebb04e1d,10,shuffled,8,100,0.5,8884,f66ed9b91e017a29a02a1b766acf51e89e7a4dddda82710b202892e40d0fc9b0,7952,8884,46792,53304,4425.203538431786,,045a7106ce8528e107eb6050d888a5dcf79b903dcc672d06d90cfaf46c9ba6d3,-169566.35638851466,188041,83,1.0,17,3587,53304,"[1,84,2068,15534,34750,38382,35588,32349,29285]","[{""1"":0,""10plus"":1,""2to4"":0,""5to9"":0},{""1"":11,""10plus"":56,""2to4"":9,""5to9"":8},{""1"":541,""10plus"":704,""2to4"":500,""5to9"":323},{""1"":8727,""10plus"":907,""2to4"":4530,""5to9"":1370},{""1"":29700,""10plus"":12,""2to4"":4776,""5to9"":262},{""1"":37734,""10plus"":0,""2to4"":648,""5to9"":0},{""1"":35543,""10plus"":0,""2to4"":45,""5to9"":0},{""1"":32345,""10plus"":0,""2to4"":4,""5to9"":0},{""1"":29285,""10plus"":0,""2to4"":0,""5to9"":0}]",0.9962362089972885,0.25692604989671963,1465311232
C0,ud23,PLUTARCH,ef8134329970f595ef9ccf4198217affef5c01fa243d5bf4e59ee6daebb04e1d,11,original,8,100,0.5,8884,f7dca35df09c4d328cd0ecbf3fa15632cdf386d7d2f5fcb2545ea611696ce5d4,7958,8884,46808,53304,-9880.012344258052,,6a80b239a87bf94d0e9fad338c3c0a546f0e328b9a1453b84e95b1b1947dbf31,-159663.4212101851,167126,78,0.0,22,3613,53304,"[1,79,1821,11331,25834,33464,33942,31723,28931]","[{""1"":0,""10plus"":1,""2to4"":0,""5to9"":0},{""1"":5,""10plus"":55,""2to4"":10,""5to9"":9},{""1"":465,""10plus"":639,""2to4"":478,""5to9"":239},{""1"":6136,""10plus"":923,""2to4"":3259,""5to9"":1013},{""1"":19883,""10plus"":313,""2to4"":4830,""5to9"":808},{""1"":30370,""10plus"":50,""2to4"":2825,""5to9"":219},{""1"":32846,""10plus"":4,""2to4"":1048,""5to9"":44},{""1"":31357,""10plus"":2,""2to4"":355,""5to9"":9},{""1"":28763,""10plus"":2,""2to4"":162,""5to9"":4}]",0.5965657079977973,0.2544061438529752,1465311232
C0,ud23,PLUTARCH,ef8134329970f595ef9ccf4198217affef5c01fa243d5bf4e59ee6daebb04e1d,11,shuffled,8,100,0.5,8884,f7dca35df09c4d328cd0ecbf3fa15632cdf386d7d2f5fcb2545ea611696ce5d4,7958,8884,46808,53304,4415.122624379699,,e7372b5262248daf0a451c8a95bcf32a85a15562b9d3edacf40676d496acb29f,-169543.43355444315,187402,78,1.0,22,3613,53304,"[1,79,2052,15427,34633,38291,35488,32242,29189]","[{""1"":0,""10plus"":1,""2to4"":0,""5to9"":0},{""1"":5,""10plus"":56,""2to4"":11,""5to9"":7},{""1"":540,""10plus"":721,""2to4"":510,""5to9"":281},{""1"":8695,""10plus"":951,""2to4"":4399,""5to9"":1382},{""1"":29475,""10plus"":10,""2to4"":4883,""5to9"":265},{""1"":37646,""10plus"":0,""2to4"":645,""5to9"":0},{""1"":35448,""10plus"":0,""2to4"":40,""5to9"":0},{""1"":32237,""10plus"":0,""2to4"":5,""5to9"":0},{""1"":29189,""10plus"":0,""2to4"":0,""5to9"":0}]",1.00701054199817,0.25397406995034544,1465311232
C0,ud23,PLUTARCH,ef8134329970f595ef9ccf4198217affef5c01fa243d5bf4e59ee6daebb04e1d,12,original,8,100,0.5,8884,2d4d42bd19493093dffb79a7285c5569a04a282d1089f22db8e6cd59542c9e2c,7945,8884,46897,53304,-9729.391325345408,,c58f8a9e03810fb2a38c4de494ba85a2946cfcd99cf0a21d0b4341713d550394,-159866.61023031804,167781,77,0.0,23,3592,53304,"[1,77,1835,11454,25939,33513,34045,31846,29071]","[{""1"":0,""10plus"":1,""2to4"":0,""5to9"":0},{""1"":4,""10plus"":56,""2to4"":9,""5to9"":8},{""1"":473,""10plus"":627,""2to4"":460,""5to9"":275},{""1"":6233,""10plus"":911,""2to4"":3287,""5to9"":1023},{""1"":20024,""10plus"":304,""2to4"":4784,""5to9"":827},{""1"":30487,""10plus"":51,""2to4"":2749,""5to9"":226},{""1"":32982,""10plus"":4,""2to4"":1013,""5to9"":46},{""1"":31487,""10plus"":2,""2to4"":346,""5to9"":11},{""1"":28922,""10plus"":2,""2to4"":143,""5to9"":4}]",0.5940214160000323,0.25262657597704674,1465311232
C0,ud23,PLUTARCH,ef8134329970f595ef9ccf4198217affef5c01fa243d5bf4e59ee6daebb04e1d,12,shuffled,8,100,0.5,8884,2d4d42bd19493093dffb79a7285c5569a04a282d1089f22db8e6cd59542c9e2c,7945,8884,46897,53304,4384.913031243283,,61e85491e338e760a39e6bf5ded0c4a89e06cf62b573a57e90926e521aa3b076,-169596.00155566345,188211,77,1.0,23,3592,53304,"[1,78,2066,15579,34794,38390,35606,32373,29324]","[{""1"":0,""10plus"":1,""2to4"":0,""5to9"":0},{""1"":4,""10plus"":56,""2to4"":10,""5to9"":8},{""1"":551,""10plus"":724,""2to4"":484,""5to9"":307},{""1"":8848,""10plus"":961,""2to4"":4464,""5to9"":1306},{""1"":29735,""10plus"":11,""2to4"":4799,""5to9"":249},{""1"":37757,""10plus"":0,""2to4"":630,""5to9"":3},{""1"":35569,""10plus"":0,""2to4"":37,""5to9"":0},{""1"":32366,""10plus"":0,""2to4"":7,""5to9"":0},{""1"":29322,""10plus"":0,""2to4"":2,""5to9"":0}]",0.8309027920004155,0.24951096985387267,1465311232
C0,ud23,PLUTARCH,ef8134329970f595ef9ccf4198217affef5c01fa243d5bf4e59ee6daebb04e1d,13,original,8,100,0.5,8884,287bac4a2dd4ab7eb8dfca32ececb4e84f6cbe0c2c5907d4148e608ca3593a83,7919,8884,46866,53304,-10094.575927236117,,2da2af297d4ee892778247dc4fcdd388fcca09b7d75681cefaaccea5ab9ed014,-159494.49787877055,168047,82,0.0,18,3576,53304,"[1,83,1833,11503,25837,33550,34105,31944,29191]","[{""1"":0,""10plus"":1,""2to4"":0,""5to9"":0},{""1"":11,""10plus"":57,""2to4"":8,""5to9"":7},{""1"":496,""10plus"":637,""2to4"":442,""5to9"":258},{""1"":6360,""10plus"":907,""2to4"":3199,""5to9"":1037},{""1"":19972,""10plus"":331,""2to4"":4722,""5to9"":812},{""1"":30523,""10plus"":52,""2to4"":2735,""5to9"":240},{""1"":33032,""10plus"":5,""2to4"":1025,""5to9"":43},{""1"":31581,""10plus"":2,""2to4"":354,""5to9"":7},{""1"":29049,""10plus"":2,""2to4"":138,""5to9"":2}]",0.6252310419986316,0.25656666015129304,1465311232
C0,ud23,PLUTARCH,ef8134329970f595ef9ccf4198217affef5c01fa243d5bf4e59ee6daebb04e1d,13,shuffled,8,100,0.5,8884,287bac4a2dd4ab7eb8dfca32ececb4e84f6cbe0c2c5907d4148e608ca3593a83,7919,8884,46866,53304,4371.32468722717,,45fba7598b699164ef78c66702f49294d0a4defca0a34791d44b772321f83ec2,-169589.07380600667,188425,82,1.0,18,3576,53304,"[1,81,2040,15550,34777,38425,35667,32462,29422]","[{""1"":0,""10plus"":1,""2to4"":0,""5to9"":0},{""1"":9,""10plus"":56,""2to4"":8,""5to9"":8},{""1"":511,""10plus"":722,""2to4"":496,""5to9"":311},{""1"":8730,""10plus"":930,""2to4"":4499,""5to9"":1391},{""1"":29759,""10plus"":12,""2to4"":4717,""5to9"":289},{""1"":37772,""10plus"":0,""2to4"":653,""5to9"":0},{""1"":35614,""10plus"":0,""2to4"":53,""5to9"":0},{""1"":32452,""10plus"":0,""2to4"":10,""5to9"":0},{""1"":29419,""10plus"":0,""2to4"":3,""5to9"":0}]",0.8329515420009557,0.2554199071819312,1465311232
C0,ud23,PLUTARCH,ef8134329970f595ef9ccf4198217affef5c01fa243d5bf4e59ee6daebb04e1d,14,original,8,100,0.5,8884,ba54a4705bbf334da0a47239f92900c25702c2081771178bec3c916f1d3034bb,7970,8884,46876,53304,-9849.241084036534,,b28e8cc06a862d6b477b85852ba698c5deb44aaeeadf0b128a02b98494c29455,-159728.91332138146,166963,82,0.0,18,3607,53304,"[1,82,1856,11496,25708,33284,33885,31703,28948]","[{""1"":0,""10plus"":1,""2to4"":0,""5to9"":0},{""1"":8,""10plus"":58,""2to4"":10,""5to9"":6},{""1"":504,""10plus"":629,""2to4"":465,""5to9"":258},{""1"":6384,""10plus"":897,""2to4"":3202,""5to9"":1013},{""1"":19900,""10plus"":321,""2to4"":4654,""5to9"":833},{""1"":30233,""10plus"":54,""2to4"":2755,""5to9"":242},{""1"":32793,""10plus"":5,""2to4"":1039,""5to9"":48},{""1"":31332,""10plus"":3,""2to4"":356,""5to9"":12},{""1"":28794,""10plus"":2,""2to4"":145,""5to9"":7}]",0.6224554159998661,0.2619833663557074,1465311232
C0,ud23,PLUTARCH,ef8134329970f595ef9ccf4198217affef5c01fa243d5bf4e59ee6daebb04e1d,14,shuffled,8,100,0.5,8884,ba54a4705bbf334da0a47239f92900c25702c2081771178bec3c916f1d3034bb,7970,8884,46876,53304,4314.181185528985,,77c5e60a4453501c702ccb20df5237d74be9ea3206aeebad48b07005ea1e185c,-169578.154405418,187672,82,1.0,18,3607,53304,"[1,83,2078,15519,34672,38296,35510,32285,29228]","[{""1"":0,""10plus"":1,""2to4"":0,""5to9"":0},{""1"":10,""10plus"":58,""2to4"":9,""5to9"":6},{""1"":558,""10plus"":735,""2to4"":522,""5to9"":263},{""1"":8767,""10plus"":949,""2to4"":4471,""5to9"":1332},{""1"":29582,""10plus"":16,""2to4"":4801,""5to9"":273},{""1"":37638,""10plus"":0,""2to4"":657,""5to9"":1},{""1"":35463,""10plus"":0,""2to4"":47,""5to9"":0},{""1"":32283,""10plus"":0,""2to4"":2,""5to9"":0},{""1"":29228,""10plus"":0,""2to4"":0,""5to9"":0}]",0.8601067080016946,0.2600795729922538,1465311232
C0,ud23,PLUTARCH,ef8134329970f595ef9ccf4198217affef5c01fa243d5bf4e59ee6daebb04e1d,15,original,8,100,0.5,8884,4a7f5c0d21834cdf3065bd3b340bdb8c4ca6aa292b56011422be07888bc0ccd2,7924,8884,46751,53304,-9925.23395111176,,f49f7188549350363c442efaf3b033a9a9589d820ed7e489139799d6f6de3967,-159322.255068911,166827,81,0.0,19,3606,53304,"[1,80,1816,11338,25613,33374,33932,31725,28948]","[{""1"":0,""10plus"":1,""2to4"":0,""5to9"":0},{""1"":10,""10plus"":56,""2to4"":8,""5to9"":6},{""1"":479,""10plus"":623,""2to4"":458,""5to9"":256},{""1"":6218,""10plus"":928,""2to4"":3223,""5to9"":969},{""1"":19738,""10plus"":313,""2to4"":4727,""5to9"":835},{""1"":30300,""10plus"":51,""2to4"":2797,""5to9"":226},{""1"":32818,""10plus"":6,""2to4"":1067,""5to9"":41},{""1"":31357,""10plus"":2,""2to4"":358,""5to9"":8},{""1"":28805,""10plus"":2,""2to4"":140,""5to9"":1}]",0.6184725829989475,0.26023542410621303,1465311232
C0,ud23,PLUTARCH,ef8134329970f595ef9ccf4198217affef5c01fa243d5bf4e59ee6daebb04e1d,15,shuffled,8,100,0.5,8884,4a7f5c0d21834cdf3065bd3b340bdb8c4ca6aa292b56011422be07888bc0ccd2,7924,8884,46751,53304,4427.065802279947,,c4af34181bf897a97e041274e8b1cfd148070cc8a06bf290f71d2a76ea69b3e5,-169247.48902002277,187429,81,1.0,19,3606,53304,"[1,79,2036,15296,34769,38306,35517,32250,29175]","[{""1"":0,""10plus"":1,""2to4"":0,""5to9"":0},{""1"":9,""10plus"":57,""2to4"":7,""5to9"":6},{""1"":543,""10plus"":717,""2to4"":485,""5to9"":291},{""1"":8485,""10plus"":953,""2to4"":4492,""5to9"":1366},{""1"":29795,""10plus"":13,""2to4"":4708,""5to9"":253},{""1"":37651,""10plus"":0,""2to4"":655,""5to9"":0},{""1"":35481,""10plus"":0,""2to4"":36,""5to9"":0},{""1"":32246,""10plus"":0,""2to4"":4,""5to9"":0},{""1"":29174,""10plus"":0,""2to4"":1,""5to9"":0}]",0.8466640000006009,0.2574785118995351,1465311232
C0,ud23,PLUTARCH,ef8134329970f595ef9ccf4198217affef5c01fa243d5bf4e59ee6daebb04e1d,16,original,8,100,0.5,8884,0160eebe8640bd567410bc6753c1ff0909b9f68262472584147c415b6f4b0288,7931,8884,46807,53304,-10000.748889507522,,1e9e86694324036d1ec5061cfbb99872fc6d3f102380f6189f2aaf23c56010ca,-159577.3012453366,167496,81,0.0,19,3597,53304,"[1,82,1865,11504,25817,33380,33974,31818,29055]","[{""1"":0,""10plus"":1,""2to4"":0,""5to9"":0},{""1"":6,""10plus"":54,""2to4"":9,""5to9"":13},{""1"":512,""10plus"":618,""2to4"":452,""5to9"":283},{""1"":6393,""10plus"":908,""2to4"":3213,""5to9"":990},{""1"":20018,""10plus"":313,""2to4"":4678,""5to9"":808},{""1"":30398,""10plus"":57,""2to4"":2689,""5to9"":236},{""1"":32887,""10plus"":5,""2to4"":1041,""5to9"":41},{""1"":31469,""10plus"":2,""2to4"":339,""5to9"":8},{""1"":28915,""10plus"":2,""2to4"":137,""5to9"":1}]",0.6246785420007654,0.25835615797768696,1465311232
C0,ud23,PLUTARCH,ef8134329970f595ef9ccf4198217affef5c01fa243d5bf4e59ee6daebb04e1d,16,shuffled,8,100,0.5,8884,0160eebe8640bd567410bc6753c1ff0909b9f68262472584147c415b6f4b0288,7931,8884,46807,53304,4335.899037578842,,863891848cb996814e6d5d1cc0dde91357364067d0c22da9e197c740f5ed1369,-169578.05013484412,187938,81,1.0,19,3597,53304,"[1,82,2083,15609,34704,38313,35541,32324,29281]","[{""1"":0,""10plus"":1,""2to4"":0,""5to9"":0},{""1"":6,""10plus"":56,""2to4"":8,""5to9"":12},{""1"":567,""10plus"":716,""2to4"":491,""5to9"":309},{""1"":8837,""10plus"":927,""2to4"":4508,""5to9"":1337},{""1"":29673,""10plus"":17,""2to4"":4738,""5to9"":276},{""1"":37640,""10plus"":0,""2to4"":672,""5to9"":1},{""1"":35488,""10plus"":0,""2to4"":53,""5to9"":0},{""1"":32320,""10plus"":0,""2to4"":4,""5to9"":0},{""1"":29281,""10plus"":0,""2to4"":0,""5to9"":0}]",0.8322872499993537,0.2554393361278926,1465311232
C0,ud23,PLUTARCH,ef8134329970f595ef9ccf4198217affef5c01fa243d5bf4e59ee6daebb04e1d,17,original,8,100,0.5,8884,0ebfbe412c95114b27c8bfd9a2e0cb208181942adc91b442f3483d6c6d115383,7919,8884,46830,53304,-9871.431911190884,,30b27a665a8f6396509198c33c769f3d0581fa027d40484579a8a28d08db76f6,-159724.11390208884,167639,82,0.0,18,3598,53304,"[1,82,1852,11396,25829,33526,34056,31846,29051]","[{""1"":0,""10plus"":1,""2to4"":0,""5to9"":0},{""1"":11,""10plus"":57,""2to4"":5,""5to9"":9},{""1"":514,""10plus"":633,""2to4"":444,""5to9"":261},{""1"":6207,""10plus"":909,""2to4"":3251,""5to9"":1029},{""1"":19932,""10plus"":319,""2to4"":4763,""5to9"":815},{""1"":30494,""10plus"":52,""2to4"":2760,""5to9"":220},{""1"":33002,""10plus"":3,""2to4"":1008,""5to9"":43},{""1"":31512,""10plus"":2,""2to4"":323,""5to9"":9},{""1"":28927,""10plus"":2,""2to4"":119,""5to9"":3}]",0.6041106660013611,0.2583500549662858,1465311232
C0,ud23,PLUTARCH,ef8134329970f595ef9ccf4198217affef5c01fa243d5bf4e59ee6daebb04e1d,17,shuffled,8,100,0.5,8884,0ebfbe412c95114b27c8bfd9a2e0cb208181942adc91b442f3483d6c6d115383,7919,8884,46830,53304,4311.716193226079,,92d85c9a08f891bf4a5c4986b7fd1b867aaf1f8a196243210841cc04f766b03a,-169595.54581327972,187876,82,1.0,18,3598,53304,"[1,83,2067,15457,34773,38328,35559,32337,29271]","[{""1"":0,""10plus"":1,""2to4"":0,""5to9"":0},{""1"":12,""10plus"":57,""2to4"":5,""5to9"":9},{""1"":543,""10plus"":722,""2to4"":505,""5to9"":297},{""1"":8701,""10plus"":940,""2to4"":4458,""5to9"":1358},{""1"":29734,""10plus"":10,""2to4"":4754,""5to9"":275},{""1"":37672,""10plus"":0,""2to4"":655,""5to9"":1},{""1"":35516,""10plus"":0,""2to4"":43,""5to9"":0},{""1"":32337,""10plus"":0,""2to4"":0,""5to9"":0},{""1"":29271,""10plus"":0,""2to4"":0,""5to9"":0}]",0.8276610840002832,0.4465113780242973,1465311232
C0,ud23,PLUTARCH,ef8134329970f595ef9ccf4198217affef5c01fa243d5bf4e59ee6daebb04e1d,18,original,8,100,0.5,8884,d932c355eca1bf7e7141c1a96533878ca7db61e3afa46e49d523ef9a98a281a7,7953,8884,46853,53304,-9873.116847539233,,3cc72ae93a7268dacc0345d3b01af4d21e7e07e66260c26ed6bae6a5bd87c398,-159528.264919909,167774,80,0.0,20,3591,53304,"[1,81,1841,11485,25908,33497,34009,31858,29094]","[{""1"":0,""10plus"":1,""2to4"":0,""5to9"":0},{""1"":9,""10plus"":57,""2to4"":7,""5to9"":8},{""1"":481,""10plus"":631,""2to4"":479,""5to9"":250},{""1"":6386,""10plus"":902,""2to4"":3175,""5to9"":1022},{""1"":20124,""10plus"":321,""2to4"":4661,""5to9"":802},{""1"":30493,""10plus"":51,""2to4"":2722,""5to9"":231},{""1"":32903,""10plus"":4,""2to4"":1056,""5to9"":46},{""1"":31504,""10plus"":2,""2to4"":345,""5to9"":7},{""1"":28956,""10plus"":2,""2to4"":134,""5to9"":2}]",0.5716492500032473,0.25638699691262445,1465311232
C0,ud23,PLUTARCH,ef8134329970f595ef9ccf4198217affef5c01fa243d5bf4e59ee6daebb04e1d,18,shuffled,8,100,0.5,8884,d932c355eca1bf7e7141c1a96533878ca7db61e3afa46e49d523ef9a98a281a7,7953,8884,46853,53304,4451.983549145429,,ed59303c58d79cdd2896675232b54d5e023647f70709037dbee2bed56f0e0066,-169401.38176744824,188142,80,1.0,20,3591,53304,"[1,81,2069,15473,34840,38382,35600,32375,29321]","[{""1"":0,""10plus"":1,""2to4"":0,""5to9"":0},{""1"":10,""10plus"":58,""2to4"":6,""5to9"":7},{""1"":517,""10plus"":727,""2to4"":547,""5to9"":278},{""1"":8724,""10plus"":957,""2to4"":4468,""5to9"":1324},{""1"":29821,""10plus"":10,""2to4"":4757,""5to9"":252},{""1"":37757,""10plus"":0,""2to4"":625,""5to9"":0},{""1"":35566,""10plus"":0,""2to4"":34,""5to9"":0},{""1"":32371,""10plus"":0,""2to4"":4,""5to9"":0},{""1"":29319,""10plus"":0,""2to4"":2,""5to9"":0}]",1.000751957999455,0.25308880876764306,1465311232
C0,ud23,PLUTARCH,ef8134329970f595ef9ccf4198217affef5c01fa243d5bf4e59ee6daebb04e1d,19,original,8,100,0.5,8884,170f482dbc59ed82c78cbecffdf1583b8a5cf368b17c05b747e49919b1bff8c6,7923,8884,46899,53304,-10075.379987689666,,3135fb0d69311c788c3f7a380216b8fcaa3480d84e4519283e185fced6e1d51a,-159467.9616021293,166979,79,0.0,21,3620,53304,"[1,80,1817,11448,25794,33340,33891,31694,28914]","[{""1"":0,""10plus"":1,""2to4"":0,""5to9"":0},{""1"":7,""10plus"":56,""2to4"":8,""5to9"":9},{""1"":466,""10plus"":634,""2to4"":469,""5to9"":248},{""1"":6337,""10plus"":903,""2to4"":3225,""5to9"":983},{""1"":20020,""10plus"":318,""2to4"":4643,""5to9"":813},{""1"":30350,""10plus"":54,""2to4"":2713,""5to9"":223},{""1"":32840,""10plus"":3,""2to4"":995,""5to9"":53},{""1"":31350,""10plus"":2,""2to4"":333,""5to9"":9},{""1"":28778,""10plus"":2,""2to4"":131,""5to9"":3}]",0.5649221249987022,0.2532142279378604,1465311232
C0,ud23,PLUTARCH,ef8134329970f595ef9ccf4198217affef5c01fa243d5bf4e59ee6daebb04e1d,19,shuffled,8,100,0.5,8884,170f482dbc59ed82c78cbecffdf1583b8a5cf368b17c05b747e49919b1bff8c6,7923,8884,46899,53304,4287.777493934962,,83a34c7e594279a2047c7a8e5c0a97802132bd1c445165126d5c2ee795672b9b,-169543.34158981897,187290,79,1.0,21,3620,53304,"[1,80,2025,15497,34644,38206,35470,32212,29155]","[{""1"":0,""10plus"":1,""2to4"":0,""5to9"":0},{""1"":10,""10plus"":56,""2to4"":7,""5to9"":7},{""1"":519,""10plus"":731,""2to4"":488,""5to9"":287},{""1"":8728,""10plus"":956,""2to4"":4534,""5to9"":1279},{""1"":29605,""10plus"":11,""2to4"":4761,""5to9"":267},{""1"":37500,""10plus"":0,""2to4"":706,""5to9"":0},{""1"":35435,""10plus"":0,""2to4"":35,""5to9"":0},{""1"":32211,""10plus"":0,""2to4"":1,""5to9"":0},{""1"":29155,""10plus"":0,""2to4"":0,""5to9"":0}]",0.9830959579994669,0.2518286210761289,1465311232
D12,ud23,THUCYDIDES,1a32cf6857284fff7c7f006f8d0cd4ab15a047af7a4bcd5613d1fd50789dd4ee,0,original,12,100,0.5,8884,45c29821b12f0d64a6848c81cfc04759559c9a2b283646ba28863ca313085051,8306,9346,46723,53304,-10474.248757235357,,02763e28bc6a2bb0e04273a75424051d9bb1c112488c56e50b67f98d42164fa8,-159212.35595848903,258564,83,0.0,17,3572,53304,"[1,83,1819,11399,25591,33252,34020,31931,29220,26489,23934,21533,19292]","[{""1"":0,""10plus"":1,""2to4"":0,""5to9"":0},{""1"":9,""10plus"":55,""2to4"":8,""5to9"":11},{""1"":464,""10plus"":639,""2to4"":467,""5to9"":249},{""1"":6290,""10plus"":892,""2to4"":3194,""5to9"":1023},{""1"":19797,""10plus"":343,""2to4"":4651,""5to9"":800},{""1"":30137,""10plus"":55,""2to4"":2799,""5to9"":261},{""1"":32876,""10plus"":4,""2to4"":1090,""5to9"":50},{""1"":31556,""10plus"":2,""2to4"":363,""5to9"":10},{""1"":29070,""10plus"":2,""2to4"":146,""5to9"":2},{""1"":26403,""10plus"":2,""2to4"":84,""5to9"":0},{""1"":23879,""10plus"":2,""2to4"":53,""5to9"":0},{""1"":21494,""10plus"":2,""2to4"":37,""5to9"":0},{""1"":19267,""10plus"":1,""2to4"":23,""5to9"":1}]",0.9436210000003484,0.2839918929093983,1411035136
D12,ud23,THUCYDIDES,1a32cf6857284fff7c7f006f8d0cd4ab15a047af7a4bcd5613d1fd50789dd4ee,0,shuffled,12,100,0.5,8884,45c29821b12f0d64a6848c81cfc04759559c9a2b283646ba28863ca313085051,8306,9346,46723,53304,4413.447330939729,,01fbad29e160954cfe6ab5f41c3e3d8b45907f00c7ed6d1f00bc9d09c7298e8a,-169686.6047157244,280194,83,1.0,17,3572,53304,"[1,84,2101,15615,34782,38402,35687,32475,29452,26630,24029,21600,19336]","[{""1"":0,""10plus"":1,""2to4"":0,""5to9"":0},{""1"":12,""10plus"":55,""2to4"":6,""5to9"":11},{""1"":548,""10plus"":720,""2to4"":540,""5to9"":293},{""1"":8893,""10plus"":951,""2to4"":4439,""5to9"":1332},{""1"":29718,""10plus"":13,""2to4"":4797,""5to9"":254},{""1"":37716,""10plus"":0,""2to4"":685,""5to9"":1},{""1"":35642,""10plus"":0,""2to4"":45,""5to9"":0},{""1"":32473,""10plus"":0,""2to4"":2,""5to9"":0},{""1"":29452,""10plus"":0,""2to4"":0,""5to9"":0},{""1"":26630,""10plus"":0,""2to4"":0,""5to9"":0},{""1"":24029,""10plus"":0,""2to4"":0,""5to9"":0},{""1"":21600,""10plus"":0,""2to4"":0,""5to9"":0},{""1"":19336,""10plus"":0,""2to4"":0,""5to9"":0}]",1.283554458999788,0.28345432088462985,1411035136
D12,ud23,THUCYDIDES,1a32cf6857284fff7c7f006f8d0cd4ab15a047af7a4bcd5613d1fd50789dd4ee,1,original,12,100,0.5,8884,741e5c6e3848b67e91f8dee927d8ed9a4efe1738650f9889ab117bcd317847be,8305,9346,46838,53304,-10462.802238201955,,cef655c424c320e88d91f5f18b54fe2fa24f2e35a7db9fd7f4125a31b24c815a,-159118.30751358686,258069,78,0.0,22,3581,53304,"[1,79,1844,11418,25631,33267,33953,31876,29134,26397,23831,21434,19204]","[{""1"":0,""10plus"":1,""2to4"":0,""5to9"":0},{""1"":6,""10plus"":54,""2to4"":7,""5to9"":12},{""1"":503,""10plus"":630,""2to4"":454,""5to9"":257},{""1"":6331,""10plus"":894,""2to4"":3194,""5to9"":999},{""1"":19923,""10plus"":329,""2to4"":4575,""5to9"":804},{""1"":30158,""10plus"":61,""2to4"":2809,""5to9"":239},{""1"":32801,""10plus"":5,""2to4"":1094,""5to9"":53},{""1"":31494,""10plus"":2,""2to4"":368,""5to9"":12},{""1"":28966,""10plus"":2,""2to4"":161,""5to9"":5},{""1"":26295,""10plus"":2,""2to4"":99,""5to9"":1},{""1"":23758,""10plus"":2,""2to4"":71,""5to9"":0},{""1"":21377,""10plus"":2,""2to4"":55,""5to9"":0},{""1"":19161,""10plus"":2,""2to4"":41,""5to9"":0}]",0.9060451250006736,0.27141920207213843,1654919168
D12,ud23,THUCYDIDES,1a32cf6857284fff7c7f006f8d0cd4ab15a047af7a4bcd5613d1fd50789dd4ee,1,shuffled,12,100,0.5,8884,741e5c6e3848b67e91f8dee927d8ed9a4efe1738650f9889ab117bcd317847be,8305,9346,46838,53304,4477.01942205691,,8260c4975ff4c59a0e20c718468cd6f4ca9bfa15e4bfd8544a7de77601a94b86,-169581.1097517888,279863,78,1.0,22,3581,53304,"[1,79,2093,15589,34781,38415,35660,32455,29422,26586,23965,21537,19280]","[{""1"":0,""10plus"":1,""2to4"":0,""5to9"":0},{""1"":6,""10plus"":56,""2to4"":7,""5to9"":10},{""1"":539,""10plus"":728,""2to4"":531,""5to9"":295},{""1"":8952,""10plus"":963,""2to4"":4365,""5to9"":1309},{""1"":29734,""10plus"":12,""2to4"":4774,""5to9"":261},{""1"":37775,""10plus"":0,""2to4"":638,""5to9"":2},{""1"":35620,""10plus"":0,""2to4"":39,""5to9"":1},{""1"":32450,""10plus"":0,""2to4"":5,""5to9"":0},{""1"":29421,""10plus"":0,""2to4"":1,""5to9"":0},{""1"":26586,""10plus"":0,""2to4"":0,""5to9"":0},{""1"":23965,""10plus"":0,""2to4"":0,""5to9"":0},{""1"":21537,""10plus"":0,""2to4"":0,""5to9"":0},{""1"":19280,""10plus"":0,""2to4"":0,""5to9"":0}]",1.5495155829994474,0.2701221508323215,1654919168
D12,ud23,THUCYDIDES,1a32cf6857284fff7c7f006f8d0cd4ab15a047af7a4bcd5613d1fd50789dd4ee,2,original,12,100,0.5,8884,cb3239f22ee85d443faa0ca1b33cab0dd805b3de15c6de28f361d64d1739afd4,8349,9346,46847,53304,-10584.820986929291,,169089177ab3f0599a4fc8e4cc60a378e8434171295e8886a878d7e6088c816d,-159002.0072346826,258353,85,0.0,15,3579,53304,"[1,84,1821,11416,25658,33325,34025,31910,29164,26411,23848,21456,19234]","[{""1"":0,""10plus"":1,""2to4"":0,""5to9"":0},{""1"":12,""10plus"":56,""2to4"":8,""5to9"":8},{""1"":480,""10plus"":636,""2to4"":448,""5to9"":257},{""1"":6230,""10plus"":886,""2to4"":3261,""5to9"":1039},{""1"":19890,""10plus"":335,""2to4"":4626,""5to9"":807},{""1"":30246,""10plus"":65,""2to4"":2786,""5to9"":228},{""1"":32904,""10plus"":5,""2to4"":1071,""5to9"":45},{""1"":31543,""10plus"":2,""2to4"":358,""5to9"":7},{""1"":29035,""10plus"":2,""2to4"":125,""5to9"":2},{""1"":26350,""10plus"":2,""2to4"":59,""5to9"":0},{""1"":23809,""10plus"":2,""2to4"":37,""5to9"":0},{""1"":21427,""10plus"":2,""2to4"":27,""5to9"":0},{""1"":19213,""10plus"":2,""2to4"":19,""5to9"":0}]",0.9422639580006944,0.277156717802427,1654919168
D12,ud23,THUCYDIDES,1a32cf6857284fff7c7f006f8d0cd4ab15a047af7a4bcd5613d1fd50789dd4ee,2,shuffled,12,100,0.5,8884,cb3239f22ee85d443faa0ca1b33cab0dd805b3de15c6de28f361d64d1739afd4,8349,9346,46847,53304,4304.918000407051,,1759fa1c90ee3d099ea7f4572d5b7d7b3202f6c818eb9cc6170d28b3632ccd76,-169586.82822161188,279518,85,1.0,15,3579,53304,"[1,86,2086,15458,34734,38427,35656,32426,29378,26533,23933,21520,19280]","[{""1"":0,""10plus"":1,""2to4"":0,""5to9"":0},{""1"":14,""10plus"":57,""2to4"":7,""5to9"":8},{""1"":549,""10plus"":715,""2to4"":524,""5to9"":298},{""1"":8723,""10plus"":924,""2to4"":4465,""5to9"":1346},{""1"":29676,""10plus"":16,""2to4"":4771,""5to9"":271},{""1"":37786,""10plus"":0,""2to4"":639,""5to9"":2},{""1"":35616,""10plus"":0,""2to4"":40,""5to9"":0},{""1"":32424,""10plus"":0,""2to4"":2,""5to9"":0},{""1"":29378,""10plus"":0,""2to4"":0,""5to9"":0},{""1"":26533,""10plus"":0,""2to4"":0,""5to9"":0},{""1"":23933,""10plus"":0,""2to4"":0,""5to9"":0},{""1"":21520,""10plus"":0,""2to4"":0,""5to9"":0},{""1"":19280,""10plus"":0,""2to4"":0,""5to9"":0}]",1.2986535000018193,0.27689010724498075,1654919168
D12,ud23,THUCYDIDES,1a32cf6857284fff7c7f006f8d0cd4ab15a047af7a4bcd5613d1fd50789dd4ee,3,original,12,100,0.5,8884,66f64480f0ed356a61be53f3835489fe7124afca90570dc8bdae4a4b67a33b38,8357,9346,46947,53304,-10535.30026696669,,7eb79cdc313ac3783ae9a34064a4d625a4df8fb8cec1e2778358fd705b50c8e8,-159041.91275462302,258064,85,0.0,15,3583,53304,"[1,85,1846,11371,25756,33335,33995,31833,29087,26341,23790,21422,19202]","[{""1"":0,""10plus"":1,""2to4"":0,""5to9"":0},{""1"":12,""10plus"":57,""2to4"":7,""5to9"":9},{""1"":512,""10plus"":626,""2to4"":447,""5to9"":261},{""1"":6205,""10plus"":893,""2to4"":3255,""5to9"":1018},{""1"":20052,""10plus"":325,""2to4"":4544,""5to9"":835},{""1"":30284,""10plus"":61,""2to4"":2741,""5to9"":249},{""1"":32910,""10plus"":5,""2to4"":1033,""5to9"":47},{""1"":31468,""10plus"":2,""2to4"":356,""5to9"":7},{""1"":28953,""10plus"":2,""2to4"":130,""5to9"":2},{""1"":26266,""10plus"":2,""2to4"":73,""5to9"":0},{""1"":23739,""10plus"":2,""2to4"":49,""5to9"":0},{""1"":21381,""10plus"":2,""2to4"":39,""5to9"":0},{""1"":19171,""10plus"":2,""2to4"":29,""5to9"":0}]",0.9258925419999287,0.27734708608477376,1654919168
D12,ud23,THUCYDIDES,1a32cf6857284fff7c7f006f8d0cd4ab15a047af7a4bcd5613d1fd50789dd4ee,3,shuffled,12,100,0.5,8884,66f64480f0ed356a61be53f3835489fe7124afca90570dc8bdae4a4b67a33b38,8357,9346,46947,53304,4453.248866327631,,5f934f0f3f37bf5698125f79b8c75848a16e8416e36a93784834e40ca8a970a5,-169577.2130215897,279200,85,1.0,15,3583,53304,"[1,85,2091,15438,34735,38385,35593,32379,29327,26495,23901,21507,19263]","[{""1"":0,""10plus"":1,""2to4"":0,""5to9"":0},{""1"":12,""10plus"":57,""2to4"":7,""5to9"":9},{""1"":566,""10plus"":724,""2to4"":509,""5to9"":292},{""1"":8706,""10plus"":949,""2to4"":4439,""5to9"":1344},{""1"":29646,""10plus"":14,""2to4"":4795,""5to9"":280},{""1"":37731,""10plus"":0,""2to4"":652,""5to9"":2},{""1"":35530,""10plus"":0,""2to4"":63,""5to9"":0},{""1"":32371,""10plus"":0,""2to4"":8,""5to9"":0},{""1"":29326,""10plus"":0,""2to4"":1,""5to9"":0},{""1"":26495,""10plus"":0,""2to4"":0,""5to9"":0},{""1"":23901,""10plus"":0,""2to4"":0,""5to9"":0},{""1"":21507,""10plus"":0,""2to4"":0,""5to9"":0},{""1"":19263,""10plus"":0,""2to4"":0,""5to9"":0}]",1.5233428749997984,0.2747316279383085,1654919168
D12,ud23,THUCYDIDES,1a32cf6857284fff7c7f006f8d0cd4ab15a047af7a4bcd5613d1fd50789dd4ee,4,original,12,100,0.5,8884,c64af18b135f5e0cccba3d3f87727388ab863c5f9ff37252172e1422b3a7031a,8321,9346,46719,53304,-10424.175467545836,,1a1c2162a7e2ba53d5b0b5b66ca3f8598b067adca253e18576cf52c131063300,-159173.88442483952,257814,83,0.0,17,3589,53304,"[1,83,1832,11447,25615,33345,33993,31851,29051,26307,23748,21376,19165]","[{""1"":0,""10plus"":1,""2to4"":0,""5to9"":0},{""1"":9,""10plus"":56,""2to4"":9,""5to9"":9},{""1"":486,""10plus"":631,""2to4"":450,""5to9"":265},{""1"":6332,""10plus"":902,""2to4"":3213,""5to9"":1000},{""1"":19782,""10plus"":357,""2to4"":4677,""5to9"":799},{""1"":30275,""10plus"":59,""2to4"":2760,""5to9"":251},{""1"":32896,""10plus"":3,""2to4"":1053,""5to9"":41},{""1"":31507,""10plus"":2,""2to4"":335,""5to9"":7},{""1"":28901,""10plus"":2,""2to4"":146,""5to9"":2},{""1"":26218,""10plus"":2,""2to4"":87,""5to9"":0},{""1"":23685,""10plus"":2,""2to4"":61,""5to9"":0},{""1"":21328,""10plus"":2,""2to4"":46,""5to9"":0},{""1"":19130,""10plus"":2,""2to4"":33,""5to9"":0}]",0.9412432499993884,0.275133619990811,1654919168
D12,ud23,THUCYDIDES,1a32cf6857284fff7c7f006f8d0cd4ab15a047af7a4bcd5613d1fd50789dd4ee,4,shuffled,12,100,0.5,8884,c64af18b135f5e0cccba3d3f87727388ab863c5f9ff37252172e1422b3a7031a,8321,9346,46719,53304,4386.19907480813,,31fa568c42601be0fea3d682b13e2b2a3c34fdac249d97b6fbfc3d434ca1c895,-169598.05989238535,278934,83,1.0,17,3589,53304,"[1,84,2083,15473,34642,38388,35584,32350,29298,26468,23867,21466,19230]","[{""1"":0,""10plus"":1,""2to4"":0,""5to9"":0},{""1"":11,""10plus"":56,""2to4"":8,""5to9"":9},{""1"":560,""10plus"":717,""2to4"":494,""5to9"":312},{""1"":8744,""10plus"":926,""2to4"":4452,""5to9"":1351},{""1"":29529,""10plus"":11,""2to4"":4821,""5to9"":281},{""1"":37760,""10plus"":0,""2to4"":628,""5to9"":0},{""1"":35549,""10plus"":0,""2to4"":35,""5to9"":0},{""1"":32346,""10plus"":0,""2to4"":4,""5to9"":0},{""1"":29297,""10plus"":0,""2to4"":1,""5to9"":0},{""1"":26468,""10plus"":0,""2to4"":0,""5to9"":0},{""1"":23867,""10plus"":0,""2to4"":0,""5to9"":0},{""1"":21466,""10plus"":0,""2to4"":0,""5to9"":0},{""1"":19230,""10plus"":0,""2to4"":0,""5to9"":0}]",1.5521512089981115,0.2741846527096641,1654919168
D12,ud23,THUCYDIDES,1a32cf6857284fff7c7f006f8d0cd4ab15a047af7a4bcd5613d1fd50789dd4ee,5,original,12,100,0.5,8884,ac07dc3dc973462176638056eb37747b8719516a1f816d1109a9e591d5c295c4,8259,9346,46867,53304,-10416.228334884072,,7b72fa2ff102e6b6462efa4072b07ddd86f2af111a7d6b7988afd5831eebc2fd,-159385.6132620304,258331,86,0.0,14,3593,53304,"[1,86,1834,11497,25741,33392,34029,31888,29113,26371,23809,21412,19158]","[{""1"":0,""10plus"":1,""2to4"":0,""5to9"":0},{""1"":14,""10plus"":56,""2to4"":8,""5to9"":8},{""1"":487,""10plus"":638,""2to4"":449,""5to9"":260},{""1"":6386,""10plus"":878,""2to4"":3181,""5to9"":1052},{""1"":20042,""10plus"":339,""2to4"":4552,""5to9"":808},{""1"":30365,""10plus"":55,""2to4"":2734,""5to9"":238},{""1"":32958,""10plus"":4,""2to4"":1022,""5to9"":45},{""1"":31558,""10plus"":2,""2to4"":322,""5to9"":6},{""1"":28988,""10plus"":2,""2to4"":121,""5to9"":2},{""1"":26298,""10plus"":2,""2to4"":71,""5to9"":0},{""1"":23760,""10plus"":2,""2to4"":47,""5to9"":0},{""1"":21372,""10plus"":2,""2to4"":38,""5to9"":0},{""1"":19127,""10plus"":2,""2to4"":29,""5to9"":0}]",0.9340533340000547,0.2791906519814802,1654919168
D12,ud23,THUCYDIDES,1a32cf6857284fff7c7f006f8d0cd4ab15a047af7a4bcd5613d1fd50789dd4ee,5,shuffled,12,100,0.5,8884,ac07dc3dc973462176638056eb37747b8719516a1f816d1109a9e591d5c295c4,8259,9346,46867,53304,4365.79313809122,,6c3193fc5ed6db4cbc834fe3013d139372c7f3c1574f545cfadd5a35a2610e09,-169801.84159691448,279407,86,1.0,14,3593,53304,"[1,86,2103,15669,34776,38326,35600,32376,29334,26515,23913,21492,19216]","[{""1"":0,""10plus"":1,""2to4"":0,""5to9"":0},{""1"":15,""10plus"":56,""2to4"":7,""5to9"":8},{""1"":541,""10plus"":719,""2to4"":525,""5to9"":318},{""1"":9021,""10plus"":924,""2to4"":4411,""5to9"":1313},{""1"":29890,""10plus"":10,""2to4"":4573,""5to9"":303},{""1"":37640,""10plus"":0,""2to4"":684,""5to9"":2},{""1"":35558,""10plus"":0,""2to4"":42,""5to9"":0},{""1"":32373,""10plus"":0,""2to4"":3,""5to9"":0},{""1"":29334,""10plus"":0,""2to4"":0,""5to9"":0},{""1"":26515,""10plus"":0,""2to4"":0,""5to9"":0},{""1"":23913,""10plus"":0,""2to4"":0,""5to9"":0},{""1"":21492,""10plus"":0,""2to4"":0,""5to9"":0},{""1"":19216,""10plus"":0,""2to4"":0,""5to9"":0}]",1.5561615840015293,0.2785080110443232,1654919168
D12,ud23,THUCYDIDES,1a32cf6857284fff7c7f006f8d0cd4ab15a047af7a4bcd5613d1fd50789dd4ee,6,original,12,100,0.5,8884,25931fb4a3b0372b5c1403eb16e0564b1ddeb57ba80599ad09fa69533ce05461,8319,9346,46936,53304,-10367.788551592035,,62b36f5fd6c4c751780a4fd71a5cc23403370b282807be3a4b39ec0b95852a3f,-159335.7812432534,256691,82,0.0,18,3602,53304,"[1,83,1845,11458,25621,33273,33891,31692,28910,26168,23598,21199,18952]","[{""1"":0,""10plus"":1,""2to4"":0,""5to9"":0},{""1"":8,""10plus"":56,""2to4"":9,""5to9"":10},{""1"":501,""10plus"":635,""2to4"":443,""5to9"":266},{""1"":6362,""10plus"":902,""2to4"":3162,""5to9"":1032},{""1"":19833,""10plus"":323,""2to4"":4628,""5to9"":837},{""1"":30214,""10plus"":67,""2to4"":2751,""5to9"":241},{""1"":32791,""10plus"":5,""2to4"":1048,""5to9"":47},{""1"":31302,""10plus"":2,""2to4"":383,""5to9"":5},{""1"":28724,""10plus"":2,""2to4"":182,""5to9"":2},{""1"":26055,""10plus"":2,""2to4"":111,""5to9"":0},{""1"":23518,""10plus"":2,""2to4"":78,""5to9"":0},{""1"":21136,""10plus"":2,""2to4"":61,""5to9"":0},{""1"":18906,""10plus"":2,""2to4"":44,""5to9"":0}]",0.9089856249993318,0.27425963192945346,1654919168
D12,ud23,THUCYDIDES,1a32cf6857284fff7c7f006f8d0cd4ab15a047af7a4bcd5613d1fd50789dd4ee,6,shuffled,12,100,0.5,8884,25931fb4a3b0372b5c1403eb16e0564b1ddeb57ba80599ad09fa69533ce05461,8319,9346,46936,53304,4327.423745092296,,0118154980cc796e990699ff4987b2cbbf4f47b2d1c43c59a7d7c2cf0175561e,-169703.56979484545,278242,82,1.0,18,3602,53304,"[1,83,2094,15490,34790,38326,35531,32279,29212,26364,23740,21306,19026]","[{""1"":0,""10plus"":1,""2to4"":0,""5to9"":0},{""1"":8,""10plus"":56,""2to4"":10,""5to9"":9},{""1"":559,""10plus"":725,""2to4"":514,""5to9"":296},{""1"":8696,""10plus"":946,""2to4"":4509,""5to9"":1339},{""1"":29708,""10plus"":9,""2to4"":4808,""5to9"":265},{""1"":37680,""10plus"":0,""2to4"":646,""5to9"":0},{""1"":35489,""10plus"":0,""2to4"":42,""5to9"":0},{""1"":32275,""10plus"":0,""2to4"":4,""5to9"":0},{""1"":29212,""10plus"":0,""2to4"":0,""5to9"":0},{""1"":26364,""10plus"":0,""2to4"":0,""5to9"":0},{""1"":23740,""10plus"":0,""2to4"":0,""5to9"":0},{""1"":21306,""10plus"":0,""2to4"":0,""5to9"":0},{""1"":19026,""10plus"":0,""2to4"":0,""5to9"":0}]",1.2809937090023595,0.5709277918795124,1654919168
D12,ud23,THUCYDIDES,1a32cf6857284fff7c7f006f8d0cd4ab15a047af7a4bcd5613d1fd50789dd4ee,7,original,12,100,0.5,8884,81e9510b0da15c65580cc80a4abfb41e2546c0fb7ccfb35ec04b0542b92a304a,8339,9346,46920,53304,-10694.961563389137,,b22fecab78c6d5cdfcadec9435b4ba98c3a5ce0a44bd548f01d1cf5b81c30cb7,-159075.8121684774,257968,84,0.0,16,3578,53304,"[1,84,1817,11400,25627,33348,34032,31886,29103,26341,23781,21393,19155]","[{""1"":0,""10plus"":1,""2to4"":0,""5to9"":0},{""1"":5,""10plus"":57,""2to4"":14,""5to9"":8},{""1"":472,""10plus"":630,""2to4"":445,""5to9"":270},{""1"":6249,""10plus"":896,""2to4"":3192,""5to9"":1063},{""1"":19815,""10plus"":337,""2to4"":4653,""5to9"":822},{""1"":30260,""10plus"":54,""2to4"":2784,""5to9"":250},{""1"":32931,""10plus"":3,""2to4"":1058,""5to9"":40},{""1"":31553,""10plus"":2,""2to4"":324,""5to9"":7},{""1"":28971,""10plus"":2,""2to4"":127,""5to9"":3},{""1"":26259,""10plus"":2,""2to4"":80,""5to9"":0},{""1"":23725,""10plus"":2,""2to4"":54,""5to9"":0},{""1"":21353,""10plus"":2,""2to4"":38,""5to9"":0},{""1"":19126,""10plus"":2,""2to4"":27,""5to9"":0}]",0.9181983330017829,0.2771552348785917,1654919168
D12,ud23,THUCYDIDES,1a32cf6857284fff7c7f006f8d0cd4ab15a047af7a4bcd5613d1fd50789dd4ee,7,shuffled,12,100,0.5,8884,81e9510b0da15c65580cc80a4abfb41e2546c0fb7ccfb35ec04b0542b92a304a,8339,9346,46920,53304,4424.709379238542,,fa00a0ad63adf74395641c4f37fb71e3a93d27a533b6d3521c01f18905ff8477,-169770.77373186653,279556,84,1.0,16,3578,53304,"[1,83,2097,15724,34860,38375,35611,32390,29336,26497,23893,21475,19214]","[{""1"":0,""10plus"":1,""2to4"":0,""5to9"":0},{""1"":5,""10plus"":57,""2to4"":13,""5to9"":8},{""1"":539,""10plus"":726,""2to4"":534,""5to9"":298},{""1"":8969,""10plus"":911,""2to4"":4433,""5to9"":1411},{""1"":29845,""10plus"":14,""2to4"":4729,""5to9"":272},{""1"":37709,""10plus"":0,""2to4"":665,""5to9"":1},{""1"":35562,""10plus"":0,""2to4"":49,""5to9"":0},{""1"":32386,""10plus"":0,""2to4"":4,""5to9"":0},{""1"":29336,""10plus"":0,""2to4"":0,""5to9"":0},{""1"":26497,""10plus"":0,""2to4"":0,""5to9"":0},{""1"":23893,""10plus"":0,""2to4"":0,""5to9"":0},{""1"":21475,""10plus"":0,""2to4"":0,""5to9"":0},{""1"":19214,""10plus"":0,""2to4"":0,""5to9"":0}]",1.300996624999243,0.27619509807846043,1654919168
D12,ud23,THUCYDIDES,1a32cf6857284fff7c7f006f8d0cd4ab15a047af7a4bcd5613d1fd50789dd4ee,8,original,12,100,0.5,8884,4d3415f49f94bb897df6a34d3196d4cd296bfb2ee0445957e070736a9bb057e2,8268,9346,46728,53304,-10525.871555718099,,5fda0f8da6e542ebee4f76f35ea8defd070c934ec26aecfd63c905e618a6ca4c,-159107.3429240588,256274,83,0.0,17,3637,53304,"[1,83,1854,11435,25592,33218,33819,31647,28866,26117,23559,21166,18917]","[{""1"":0,""10plus"":1,""2to4"":0,""5to9"":0},{""1"":13,""10plus"":56,""2to4"":4,""5to9"":10},{""1"":494,""10plus"":629,""2to4"":482,""5to9"":249},{""1"":6305,""10plus"":891,""2to4"":3245,""5to9"":994},{""1"":19789,""10plus"":332,""2to4"":4682,""5to9"":789},{""1"":30117,""10plus"":54,""2to4"":2817,""5to9"":230},{""1"":32711,""10plus"":4,""2to4"":1061,""5to9"":43},{""1"":31285,""10plus"":2,""2to4"":351,""5to9"":9},{""1"":28712,""10plus"":2,""2to4"":150,""5to9"":2},{""1"":26026,""10plus"":2,""2to4"":89,""5to9"":0},{""1"":23495,""10plus"":2,""2to4"":62,""5to9"":0},{""1"":21115,""10plus"":2,""2to4"":49,""5to9"":0},{""1"":18881,""10plus"":2,""2to4"":34,""5to9"":0}]",0.9682376669989026,0.2760420251142932,1654919168
D12,ud23,THUCYDIDES,1a32cf6857284fff7c7f006f8d0cd4ab15a047af7a4bcd5613d1fd50789dd4ee,8,shuffled,12,100,0.5,8884,4d3415f49f94bb897df6a34d3196d4cd296bfb2ee0445957e070736a9bb057e2,8268,9346,46728,53304,4340.357319445058,,d0e312b594e8684d98a388865443cc41c296980376b7cb8d9e0d1df43907deca,-169633.21447977689,277388,83,1.0,17,3637,53304,"[1,84,2099,15569,34617,38228,35407,32154,29095,26258,23660,21244,18972]","[{""1"":0,""10plus"":1,""2to4"":0,""5to9"":0},{""1"":14,""10plus"":55,""2to4"":4,""5to9"":11},{""1"":564,""10plus"":714,""2to4"":508,""5to9"":313},{""1"":8909,""10plus"":918,""2to4"":4381,""5to9"":1361},{""1"":29544,""10plus"":7,""2to4"":4788,""5to9"":278},{""1"":37606,""10plus"":0,""2to4"":621,""5to9"":1},{""1"":35376,""10plus"":0,""2to4"":31,""5to9"":0},{""1"":32152,""10plus"":0,""2to4"":2,""5to9"":0},{""1"":29095,""10plus"":0,""2to4"":0,""5to9"":0},{""1"":26258,""10plus"":0,""2to4"":0,""5to9"":0},{""1"":23660,""10plus"":0,""2to4"":0,""5to9"":0},{""1"":21244,""10plus"":0,""2to4"":0,""5to9"":0},{""1"":18972,""10plus"":0,""2to4"":0,""5to9"":0}]",1.550215457999002,0.2746047790024022,1654919168
D12,ud23,THUCYDIDES,1a32cf6857284fff7c7f006f8d0cd4ab15a047af7a4bcd5613d1fd50789dd4ee,9,original,12,100,0.5,8884,e2a67c9bf9ccd078786ae1b6ee719fcb86af68340c5bd74f824163cea0597262,8285,9346,46847,53304,-10272.616202275094,,eeaa24c535553374836f1c80f5a59b253908eee093144119385b0cb4646430ad,-159488.46122033425,257205,84,0.0,16,3604,53304,"[1,85,1838,11504,25691,33296,33877,31714,28950,26217,23665,21289,19078]","[{""1"":0,""10plus"":1,""2to4"":0,""5to9"":0},{""1"":11,""10plus"":56,""2to4"":10,""5to9"":8},{""1"":465,""10plus"":639,""2to4"":485,""5to9"":249},{""1"":6346,""10plus"":905,""2to4"":3265,""5to9"":988},{""1"":19938,""10plus"":355,""2to4"":4632,""5to9"":766},{""1"":30243,""10plus"":52,""2to4"":2749,""5to9"":252},{""1"":32741,""10plus"":4,""2to4"":1085,""5to9"":47},{""1"":31310,""10plus"":3,""2to4"":396,""5to9"":5},{""1"":28773,""10plus"":2,""2to4"":172,""5to9"":3},{""1"":26110,""10plus"":2,""2to4"":105,""5to9"":0},{""1"":23591,""10plus"":2,""2to4"":72,""5to9"":0},{""1"":21234,""10plus"":2,""2to4"":53,""5to9"":0},{""1"":19037,""10plus"":2,""2to4"":39,""5to9"":0}]",0.9116005830001086,0.2770794321222638,1654919168
D12,ud23,THUCYDIDES,1a32cf6857284fff7c7f006f8d0cd4ab15a047af7a4bcd5613d1fd50789dd4ee,9,shuffled,12,100,0.5,8884,e2a67c9bf9ccd078786ae1b6ee719fcb86af68340c5bd74f824163cea0597262,8285,9346,46847,53304,4463.107106038195,,871c7962455425c0167d0acb0b866cf48eaac66e2262b9670eb1f6bec703b2e1,-169761.07742260935,278875,84,1.0,16,3604,53304,"[1,85,2063,15692,34910,38351,35534,32287,29227,26396,23794,21386,19149]","[{""1"":0,""10plus"":1,""2to4"":0,""5to9"":0},{""1"":11,""10plus"":56,""2to4"":10,""5to9"":8},{""1"":511,""10plus"":717,""2to4"":516,""5to9"":319},{""1"":8968,""10plus"":941,""2to4"":4468,""5to9"":1315},{""1"":29978,""10plus"":5,""2to4"":4667,""5to9"":260},{""1"":37736,""10plus"":0,""2to4"":614,""5to9"":1},{""1"":35493,""10plus"":0,""2to4"":41,""5to9"":0},{""1"":32282,""10plus"":0,""2to4"":5,""5to9"":0},{""1"":29226,""10plus"":0,""2to4"":1,""5to9"":0},{""1"":26396,""10plus"":0,""2to4"":0,""5to9"":0},{""1"":23794,""10plus"":0,""2to4"":0,""5to9"":0},{""1"":21386,""10plus"":0,""2to4"":0,""5to9"":0},{""1"":19149,""10plus"":0,""2to4"":0,""5to9"":0}]",1.2886502500005008,0.27652332696379744,1654919168
D12,ud23,HOMERIC_TRADITION,209ee9f27c82f31d31eb16124569039d7847ed327f3a0f2b5c4eae048347e621,0,original,12,100,0.5,8884,b1d09ad33871c6a0281a8f50a8d9c0c08c558af6564ae64edcf6d34184ffd5a2,61346,71088,47083,53304,-11315.194088801509,,154daf83c77f10ab756b92943b7506bdd232db8fc3567e4aa156da42353e0c23,-157878.74995183825,267972,82,0.0,18,3333,53304,"[1,82,1857,11321,25670,33779,34940,33123,30531,27859,25305,22888,20616]","[{""1"":0,""10plus"":1,""2to4"":0,""5to9"":0},{""1"":8,""10plus"":57,""2to4"":7,""5to9"":10},{""1"":510,""10plus"":621,""2to4"":453,""5to9"":273},{""1"":6176,""10plus"":886,""2to4"":3258,""5to9"":1001},{""1"":19832,""10plus"":350,""2to4"":4666,""5to9"":822},{""1"":30573,""10plus"":75,""2to4"":2865,""5to9"":266},{""1"":33746,""10plus"":9,""2to4"":1126,""5to9"":59},{""1"":32723,""10plus"":2,""2to4"":384,""5to9"":14},{""1"":30368,""10plus"":2,""2to4"":157,""5to9"":4},{""1"":27770,""10plus"":2,""2to4"":87,""5to9"":0},{""1"":25247,""10plus"":2,""2to4"":56,""5to9"":0},{""1"":22843,""10plus"":2,""2to4"":43,""5to9"":0},{""1"":20582,""10plus"":2,""2to4"":32,""5to9"":0}]",0.9476946249997127,2.0391336087868694,1411035136
D12,ud23,HOMERIC_TRADITION,209ee9f27c82f31d31eb16124569039d7847ed327f3a0f2b5c4eae048347e621,0,shuffled,12,100,0.5,8884,b1d09ad33871c6a0281a8f50a8d9c0c08c558af6564ae64edcf6d34184ffd5a2,61346,71088,47083,53304,4542.699079438928,,a819ceeb9ab5de88d695fd6cb0fa1caebeb67eef062928040ff9e109f6c74ce8,-169193.94404063976,290528,82,1.0,18,3333,53304,"[1,83,2095,15600,34994,39249,36800,33759,30820,28033,25428,22982,20684]","[{""1"":0,""10plus"":1,""2to4"":0,""5to9"":0},{""1"":10,""10plus"":57,""2to4"":6,""5to9"":10},{""1"":528,""10plus"":727,""2to4"":537,""5to9"":303},{""1"":8804,""10plus"":923,""2to4"":4561,""5to9"":1312},{""1"":29832,""10plus"":20,""2to4"":4825,""5to9"":317},{""1"":38501,""10plus"":0,""2to4"":747,""5to9"":1},{""1"":36750,""10plus"":0,""2to4"":50,""5to9"":0},{""1"":33758,""10plus"":0,""2to4"":1,""5to9"":0},{""1"":30820,""10plus"":0,""2to4"":0,""5to9"":0},{""1"":28033,""10plus"":0,""2to4"":0,""5to9"":0},{""1"":25428,""10plus"":0,""2to4"":0,""5to9"":0},{""1"":22982,""10plus"":0,""2to4"":0,""5to9"":0},{""1"":20684,""10plus"":0,""2to4"":0,""5to9"":0}]",1.322038958000121,1.742787753315497,1411035136
D12,ud23,HOMERIC_TRADITION,209ee9f27c82f31d31eb16124569039d7847ed327f3a0f2b5c4eae048347e621,1,original,12,100,0.5,8884,98712fe7b861cb92f4e40de09a0d8b04a5e9bf334cb2445c393bec94f405bd14,61627,71088,46969,53304,-11230.043274963304,,335502bf6a820ed5b5dd9a04805f0910dff0f14c5d148e106e2c9086e8b8fb99,-158048.67208785197,270390,83,0.0,17,3307,53304,"[1,84,1855,11363,25819,33913,35173,33377,30804,28155,25627,23236,20983]","[{""1"":0,""10plus"":1,""2to4"":0,""5to9"":0},{""1"":12,""10plus"":54,""2to4"":7,""5to9"":11},{""1"":508,""10plus"":630,""2to4"":449,""5to9"":268},{""1"":6198,""10plus"":882,""2to4"":3266,""5to9"":1017},{""1"":20040,""10plus"":351,""2to4"":4622,""5to9"":806},{""1"":30703,""10plus"":75,""2to4"":2871,""5to9"":264},{""1"":33990,""10plus"":9,""2to4"":1123,""5to9"":51},{""1"":33000,""10plus"":2,""2to4"":367,""5to9"":8},{""1"":30665,""10plus"":2,""2to4"":135,""5to9"":2},{""1"":28088,""10plus"":2,""2to4"":65,""5to9"":0},{""1"":25586,""10plus"":2,""2to4"":39,""5to9"":0},{""1"":23205,""10plus"":2,""2to4"":29,""5to9"":0},{""1"":20961,""10plus"":2,""2to4"":20,""5to9"":0}]",1.0262634579994483,1.7025669438262412,1653764096
D12,ud23,HOMERIC_TRADITION,209ee9f27c82f31d31eb16124569039d7847ed327f3a0f2b5c4eae048347e621,1,shuffled,12,100,0.5,8884,98712fe7b861cb92f4e40de09a0d8b04a5e9bf334cb2445c393bec94f405bd14,61627,71088,46969,53304,4605.890669908898,,af0badb658a5485bdef46ca6ba32101b2aab7ae38e860233f95b08354fbd01dd,-169278.71536281527,292808,83,1.0,17,3307,53304,"[1,83,2097,15759,35144,39414,36958,33947,31047,28296,25723,23307,21032]","[{""1"":0,""10plus"":1,""2to4"":0,""5to9"":0},{""1"":11,""10plus"":55,""2to4"":7,""5to9"":10},{""1"":513,""10plus"":739,""2to4"":546,""5to9"":299},{""1"":9028,""10plus"":916,""2to4"":4504,""5to9"":1311},{""1"":30009,""10plus"":16,""2to4"":4780,""5to9"":339},{""1"":38708,""10plus"":0,""2to4"":705,""5to9"":1},{""1"":36910,""10plus"":0,""2to4"":48,""5to9"":0},{""1"":33946,""10plus"":0,""2to4"":1,""5to9"":0},{""1"":31047,""10plus"":0,""2to4"":0,""5to9"":0},{""1"":28296,""10plus"":0,""2to4"":0,""5to9"":0},{""1"":25723,""10plus"":0,""2to4"":0,""5to9"":0},{""1"":23307,""10plus"":0,""2to4"":0,""5to9"":0},{""1"":21032,""10plus"":0,""2to4"":0,""5to9"":0}]",1.6461418750004668,1.7121056736468745,1653764096
D12,ud23,HOMERIC_TRADITION,209ee9f27c82f31d31eb16124569039d7847ed327f3a0f2b5c4eae048347e621,2,original,12,100,0.5,8884,9d934c6faf19666741a99ac003f5e2f69320b8427e4f0e8ebe07834484df4a5c,61510,71088,47041,53304,-11053.038817498775,,f40cce70ba0671fe3daca300de769cfd374e1efa06372d4ed8c9740cfda0b724,-158053.76552789749,267896,84,0.0,16,3351,53304,"[1,83,1871,11342,25635,33749,34942,33132,30525,27841,25292,22879,20604]","[{""1"":0,""10plus"":1,""2to4"":0,""5to9"":0},{""1"":9,""10plus"":56,""2to4"":10,""5to9"":8},{""1"":519,""10plus"":624,""2to4"":460,""5to9"":268},{""1"":6276,""10plus"":880,""2to4"":3174,""5to9"":1012},{""1"":19857,""10plus"":353,""2to4"":4585,""5to9"":840},{""1"":30517,""10plus"":67,""2to4"":2886,""5to9"":279},{""1"":33725,""10plus"":6,""2to4"":1160,""5to9"":51},{""1"":32748,""10plus"":2,""2to4"":376,""5to9"":6},{""1"":30376,""10plus"":2,""2to4"":145,""5to9"":2},{""1"":27758,""10plus"":2,""2to4"":81,""5to9"":0},{""1"":25237,""10plus"":2,""2to4"":53,""5to9"":0},{""1"":22837,""10plus"":2,""2to4"":40,""5to9"":0},{""1"":20573,""10plus"":2,""2to4"":29,""5to9"":0}]",0.9372090409997327,1.7088281702053791,1653764096
D12,ud23,HOMERIC_TRADITION,209ee9f27c82f31d31eb16124569039d7847ed327f3a0f2b5c4eae048347e621,2,shuffled,12,100,0.5,8884,9d934c6faf19666741a99ac003f5e2f69320b8427e4f0e8ebe07834484df4a5c,61510,71088,47041,53304,4600.930718546384,,e9933289be92191a3caefb7f80496d6fe30d114f545db36d982d687310fa7e7e,-169106.80434539626,290306,84,1.0,16,3351,53304,"[1,83,2091,15665,34979,39217,36741,33700,30779,28004,25409,22968,20669]","[{""1"":0,""10plus"":1,""2to4"":0,""5to9"":0},{""1"":10,""10plus"":56,""2to4"":9,""5to9"":8},{""1"":544,""10plus"":714,""2to4"":510,""5to9"":323},{""1"":8876,""10plus"":906,""2to4"":4568,""5to9"":1315},{""1"":29887,""10plus"":16,""2to4"":4737,""5to9"":339},{""1"":38483,""10plus"":0,""2to4"":733,""5to9"":1},{""1"":36694,""10plus"":0,""2to4"":47,""5to9"":0},{""1"":33697,""10plus"":0,""2to4"":3,""5to9"":0},{""1"":30779,""10plus"":0,""2to4"":0,""5to9"":0},{""1"":28004,""10plus"":0,""2to4"":0,""5to9"":0},{""1"":25409,""10plus"":0,""2to4"":0,""5to9"":0},{""1"":22968,""10plus"":0,""2to4"":0,""5to9"":0},{""1"":20669,""10plus"":0,""2to4"":0,""5to9"":0}]",1.6013198330001615,1.7143535289178544,1653764096
D12,ud23,HOMERIC_TRADITION,209ee9f27c82f31d31eb16124569039d7847ed327f3a0f2b5c4eae048347e621,3,original,12,100,0.5,8884,585f98529003658647da88dc75d98be93bd43449b5456e5512516004ee7c2bde,61582,71088,47086,53304,-11114.710641057987,,b1221df6e7b4bc8568dd28a5c342df71792410441eb26f935bb987d3cfc5e27f,-158024.62308258456,268879,82,0.0,18,3338,53304,"[1,82,1852,11347,25686,33836,34998,33205,30641,27973,25437,23036,20785]","[{""1"":0,""10plus"":1,""2to4"":0,""5to9"":0},{""1"":9,""10plus"":56,""2to4"":9,""5to9"":8},{""1"":506,""10plus"":622,""2to4"":449,""5to9"":275},{""1"":6223,""10plus"":890,""2to4"":3230,""5to9"":1004},{""1"":19910,""10plus"":343,""2to4"":4588,""5to9"":845},{""1"":30644,""10plus"":72,""2to4"":2847,""5to9"":273},{""1"":33788,""10plus"":6,""2to4"":1142,""5to9"":62},{""1"":32805,""10plus"":2,""2to4"":389,""5to9"":9},{""1"":30495,""10plus"":2,""2to4"":141,""5to9"":3},{""1"":27895,""10plus"":2,""2to4"":76,""5to9"":0},{""1"":25387,""10plus"":2,""2to4"":48,""5to9"":0},{""1"":23000,""10plus"":2,""2to4"":34,""5to9"":0},{""1"":20759,""10plus"":2,""2to4"":24,""5to9"":0}]",1.0430053339987353,1.7019286515387648,1653764096
D12,ud23,HOMERIC_TRADITION,209ee9f27c82f31d31eb16124569039d7847ed327f3a0f2b5c4eae048347e621,3,shuffled,12,100,0.5,8884,585f98529003658647da88dc75d98be93bd43449b5456e5512516004ee7c2bde,61582,71088,47086,53304,4667.8371359403245,,588dce6b8090561ea3f25ff7ebe7fe25f28f57d849a18df70115c6f1af024823,-169139.33372364254,291230,82,1.0,18,3338,53304,"[1,83,2100,15795,34980,39209,36794,33780,30882,28118,25539,23111,20838]","[{""1"":0,""10plus"":1,""2to4"":0,""5to9"":0},{""1"":10,""10plus"":55,""2to4"":10,""5to9"":8},{""1"":534,""10plus"":739,""2to4"":534,""5to9"":293},{""1"":9091,""10plus"":899,""2to4"":4472,""5to9"":1333},{""1"":29875,""10plus"":22,""2to4"":4734,""5to9"":349},{""1"":38437,""10plus"":0,""2to4"":772,""5to9"":0},{""1"":36738,""10plus"":0,""2to4"":56,""5to9"":0},{""1"":33777,""10plus"":0,""2to4"":3,""5to9"":0},{""1"":30882,""10plus"":0,""2to4"":0,""5to9"":0},{""1"":28118,""10plus"":0,""2to4"":0,""5to9"":0},{""1"":25539,""10plus"":0,""2to4"":0,""5to9"":0},{""1"":23111,""10plus"":0,""2to4"":0,""5to9"":0},{""1"":20838,""10plus"":0,""2to4"":0,""5to9"":0}]",1.3559861670000828,2.022757182621717,1653764096
D12,ud23,HOMERIC_TRADITION,209ee9f27c82f31d31eb16124569039d7847ed327f3a0f2b5c4eae048347e621,4,original,12,100,0.5,8884,3542ab5094b396cc403cd044f2308496cd2dd7db8a492250400f1dd60b2bec8a,61403,71088,47026,53304,-11204.608963976993,,b624c18ca48e816c83b650df566e72bba02630112fdde01a8ead23c615ab2aff,-157734.55411584128,269342,82,0.0,18,3326,53304,"[1,82,1845,11356,25654,33788,35068,33325,30726,28049,25507,23101,20840]","[{""1"":0,""10plus"":1,""2to4"":0,""5to9"":0},{""1"":8,""10plus"":55,""2to4"":9,""5to9"":10},{""1"":490,""10plus"":610,""2to4"":447,""5to9"":298},{""1"":6274,""10plus"":886,""2to4"":3208,""5to9"":988},{""1"":19893,""10plus"":371,""2to4"":4586,""5to9"":804},{""1"":30573,""10plus"":70,""2to4"":2863,""5to9"":282},{""1"":33821,""10plus"":4,""2to4"":1185,""5to9"":58},{""1"":32961,""10plus"":2,""2to4"":356,""5to9"":6},{""1"":30608,""10plus"":2,""2to4"":115,""5to9"":1},{""1"":27997,""10plus"":2,""2to4"":50,""5to9"":0},{""1"":25478,""10plus"":2,""2to4"":27,""5to9"":0},{""1"":23080,""10plus"":2,""2to4"":19,""5to9"":0},{""1"":20825,""10plus"":2,""2to4"":13,""5to9"":0}]",0.9640280829989933,1.711784591741889,1653764096
D12,ud23,HOMERIC_TRADITION,209ee9f27c82f31d31eb16124569039d7847ed327f3a0f2b5c4eae048347e621,4,shuffled,12,100,0.5,8884,3542ab5094b396cc403cd044f2308496cd2dd7db8a492250400f1dd60b2bec8a,61403,71088,47026,53304,4612.313540710922,,915bf14eb79a25435c98e9f7417fe3e25e87143cda3e608e272c425d2feacdee,-168939.16307981827,291473,82,1.0,18,3326,53304,"[1,83,2115,15681,34902,39281,36853,33842,30927,28163,25585,23159,20881]","[{""1"":0,""10plus"":1,""2to4"":0,""5to9"":0},{""1"":9,""10plus"":56,""2to4"":10,""5to9"":8},{""1"":571,""10plus"":726,""2to4"":517,""5to9"":301},{""1"":9006,""10plus"":938,""2to4"":4459,""5to9"":1278},{""1"":29780,""10plus"":21,""2to4"":4730,""5to9"":371},{""1"":38526,""10plus"":0,""2to4"":754,""5to9"":1},{""1"":36794,""10plus"":0,""2to4"":59,""5to9"":0},{""1"":33837,""10plus"":0,""2to4"":5,""5to9"":0},{""1"":30925,""10plus"":0,""2to4"":2,""5to9"":0},{""1"":28162,""10plus"":0,""2to4"":1,""5to9"":0},{""1"":25585,""10plus"":0,""2to4"":0,""5to9"":0},{""1"":23159,""10plus"":0,""2to4"":0,""5to9"":0},{""1"":20881,""10plus"":0,""2to4"":0,""5to9"":0}]",1.3583570000009786,2.0397069967548305,1653764096
D12,ud23,HOMERIC_TRADITION,209ee9f27c82f31d31eb16124569039d7847ed327f3a0f2b5c4eae048347e621,5,original,12,100,0.5,8884,cbd6ee0210f29c4f9e787521cdf5768591a5725f819c26a47056c52b3ea12e88,61301,71088,47076,53304,-11256.380805157969,,ba2749edae0d874b76c554aabb258bee478de8d8502405e12773946f0000e7bc,-157739.77518712328,270362,83,0.0,17,3305,53304,"[1,83,1843,11330,25657,33924,35169,33403,30832,28185,25663,23270,21002]","[{""1"":0,""10plus"":1,""2to4"":0,""5to9"":0},{""1"":9,""10plus"":55,""2to4"":10,""5to9"":9},{""1"":497,""10plus"":626,""2to4"":443,""5to9"":277},{""1"":6257,""10plus"":883,""2to4"":3189,""5to9"":1001},{""1"":19822,""10plus"":344,""2to4"":4659,""5to9"":832},{""1"":30728,""10plus"":69,""2to4"":2848,""5to9"":279},{""1"":33972,""10plus"":6,""2to4"":1134,""5to9"":57},{""1"":33016,""10plus"":2,""2to4"":376,""5to9"":9},{""1"":30681,""10plus"":2,""2to4"":147,""5to9"":2},{""1"":28105,""10plus"":2,""2to4"":78,""5to9"":0},{""1"":25614,""10plus"":2,""2to4"":47,""5to9"":0},{""1"":23235,""10plus"":2,""2to4"":33,""5to9"":0},{""1"":20977,""10plus"":2,""2to4"":23,""5to9"":0}]",0.9789297499992244,1.7092046211146226,1653858304
D12,ud23,HOMERIC_TRADITION,209ee9f27c82f31d31eb16124569039d7847ed327f3a0f2b5c4eae048347e621,5,shuffled,12,100,0.5,8884,cbd6ee0210f29c4f9e787521cdf5768591a5725f819c26a47056c52b3ea12e88,61301,71088,47076,53304,4657.478576743655,,04c664155de276083a7535946b77c56d4b068c13967bd3726d7f11cfc4eb5a47,-168996.15599228124,292900,83,1.0,17,3305,53304,"[1,84,2079,15589,35230,39429,36970,33966,31074,28327,25759,23340,21052]","[{""1"":0,""10plus"":1,""2to4"":0,""5to9"":0},{""1"":11,""10plus"":55,""2to4"":9,""5to9"":9},{""1"":528,""10plus"":711,""2to4"":530,""5to9"":310},{""1"":8800,""10plus"":931,""2to4"":4525,""5to9"":1333},{""1"":30057,""10plus"":17,""2to4"":4853,""5to9"":303},{""1"":38711,""10plus"":0,""2to4"":718,""5to9"":0},{""1"":36924,""10plus"":0,""2to4"":46,""5to9"":0},{""1"":33963,""10plus"":0,""2to4"":3,""5to9"":0},{""1"":31074,""10plus"":0,""2to4"":0,""5to9"":0},{""1"":28327,""10plus"":0,""2to4"":0,""5to9"":0},{""1"":25759,""10plus"":0,""2to4"":0,""5to9"":0},{""1"":23340,""10plus"":0,""2to4"":0,""5to9"":0},{""1"":21052,""10plus"":0,""2to4"":0,""5to9"":0}]",1.376630999999179,1.720798101854598,1653858304
D12,ud23,HOMERIC_TRADITION,209ee9f27c82f31d31eb16124569039d7847ed327f3a0f2b5c4eae048347e621,6,original,12,100,0.5,8884,55fbef4f1d16efe6601a6e610e366e85f651b23b9eb2f16107e4a403f022767a,61584,71088,47079,53304,-11104.781272513268,,44f61d51390123251dcf339caed5d4fea0841bdc1ec916d337028329255b563e,-158205.05348049014,270067,80,0.0,20,3321,53304,"[1,81,1868,11380,25718,33918,35148,33329,30759,28108,25591,23209,20957]","[{""1"":0,""10plus"":1,""2to4"":0,""5to9"":0},{""1"":7,""10plus"":57,""2to4"":8,""5to9"":9},{""1"":521,""10plus"":625,""2to4"":444,""5to9"":278},{""1"":6268,""10plus"":898,""2to4"":3225,""5to9"":989},{""1"":19877,""10plus"":344,""2to4"":4681,""5to9"":816},{""1"":30701,""10plus"":68,""2to4"":2893,""5to9"":256},{""1"":33970,""10plus"":6,""2to4"":1115,""5to9"":57},{""1"":32936,""10plus"":2,""2to4"":381,""5to9"":10},{""1"":30609,""10plus"":2,""2to4"":146,""5to9"":2},{""1"":28023,""10plus"":2,""2to4"":83,""5to9"":0},{""1"":25536,""10plus"":2,""2to4"":53,""5to9"":0},{""1"":23169,""10plus"":2,""2to4"":38,""5to9"":0},{""1"":20927,""10plus"":2,""2to4"":28,""5to9"":0}]",0.9851441249993513,1.6886810670621344,1653858304
D12,ud23,HOMERIC_TRADITION,209ee9f27c82f31d31eb16124569039d7847ed327f3a0f2b5c4eae048347e621,6,shuffled,12,100,0.5,8884,55fbef4f1d16efe6601a6e610e366e85f651b23b9eb2f16107e4a403f022767a,61584,71088,47079,53304,4574.1949241561815,,4632d756096fd1b527448026dcdadd17792b9ea11fb7e35fbd0c37a25b89faea,-169309.8347530034,292372,80,1.0,20,3321,53304,"[1,80,2087,15731,35084,39355,36903,33889,31000,28254,25692,23284,21012]","[{""1"":0,""10plus"":1,""2to4"":0,""5to9"":0},{""1"":6,""10plus"":56,""2to4"":9,""5to9"":9},{""1"":534,""10plus"":724,""2to4"":523,""5to9"":306},{""1"":8986,""10plus"":937,""2to4"":4528,""5to9"":1280},{""1"":30012,""10plus"":15,""2to4"":4698,""5to9"":359},{""1"":38647,""10plus"":0,""2to4"":708,""5to9"":0},{""1"":36860,""10plus"":0,""2to4"":43,""5to9"":0},{""1"":33885,""10plus"":0,""2to4"":4,""5to9"":0},{""1"":31000,""10plus"":0,""2to4"":0,""5to9"":0},{""1"":28254,""10plus"":0,""2to4"":0,""5to9"":0},{""1"":25692,""10plus"":0,""2to4"":0,""5to9"":0},{""1"":23284,""10plus"":0,""2to4"":0,""5to9"":0},{""1"":21012,""10plus"":0,""2to4"":0,""5to9"":0}]",1.6158898339999723,1.6903539311679197,1653858304
D12,ud23,HOMERIC_TRADITION,209ee9f27c82f31d31eb16124569039d7847ed327f3a0f2b5c4eae048347e621,7,original,12,100,0.5,8884,698f9af639c82865235238429934039913dfb3ae445b01b3737ce7d26391ca0e,61529,71088,47050,53304,-11145.803534094797,,342454175cfc268fb8f8a68d4854ebb65afc2a49ebc8f4e2acd206676272df03,-157928.44615790725,271208,83,0.0,17,3298,53304,"[1,84,1852,11359,25788,34001,35303,33493,30919,28253,25729,23339,21087]","[{""1"":0,""10plus"":1,""2to4"":0,""5to9"":0},{""1"":11,""10plus"":56,""2to4"":8,""5to9"":9},{""1"":523,""10plus"":619,""2to4"":433,""5to9"":277},{""1"":6243,""10plus"":896,""2to4"":3222,""5to9"":998},{""1"":19981,""10plus"":344,""2to4"":4637,""5to9"":826},{""1"":30719,""10plus"":71,""2to4"":2948,""5to9"":263},{""1"":34133,""10plus"":4,""2to4"":1111,""5to9"":55},{""1"":33147,""10plus"":2,""2to4"":337,""5to9"":7},{""1"":30803,""10plus"":2,""2to4"":112,""5to9"":2},{""1"":28195,""10plus"":2,""2to4"":56,""5to9"":0},{""1"":25692,""10plus"":2,""2to4"":35,""5to9"":0},{""1"":23309,""10plus"":2,""2to4"":28,""5to9"":0},{""1"":21064,""10plus"":2,""2to4"":21,""5to9"":0}]",1.0478363750007702,1.7214651977665199,1654919168
D12,ud23,HOMERIC_TRADITION,209ee9f27c82f31d31eb16124569039d7847ed327f3a0f2b5c4eae048347e621,7,shuffled,12,100,0.5,8884,698f9af639c82865235238429934039913dfb3ae445b01b3737ce7d26391ca0e,61529,71088,47050,53304,4731.640700511663,,8edf61c1c7741cea18be27f28bba048f7f2a3a9581937b029154b98ab62eef77,-169074.24969200205,293437,83,1.0,17,3298,53304,"[1,84,2100,15734,35189,39454,37000,34006,31125,28378,25819,23409,21138]","[{""1"":0,""10plus"":1,""2to4"":0,""5to9"":0},{""1"":12,""10plus"":55,""2to4"":7,""5to9"":10},{""1"":541,""10plus"":705,""2to4"":526,""5to9"":328},{""1"":8982,""10plus"":932,""2to4"":4522,""5to9"":1298},{""1"":30067,""10plus"":19,""2to4"":4792,""5to9"":311},{""1"":38751,""10plus"":0,""2to4"":703,""5to9"":0},{""1"":36952,""10plus"":0,""2to4"":48,""5to9"":0},{""1"":34005,""10plus"":0,""2to4"":1,""5to9"":0},{""1"":31125,""10plus"":0,""2to4"":0,""5to9"":0},{""1"":28378,""10plus"":0,""2to4"":0,""5to9"":0},{""1"":25819,""10plus"":0,""2to4"":0,""5to9"":0},{""1"":23409,""10plus"":0,""2to4"":0,""5to9"":0},{""1"":21138,""10plus"":0,""2to4"":0,""5to9"":0}]",1.363658292000764,1.725512780383724,1654919168
D12,ud23,HOMERIC_TRADITION,209ee9f27c82f31d31eb16124569039d7847ed327f3a0f2b5c4eae048347e621,8,original,12,100,0.5,8884,045ceed0c4e4cbad12e0f8e9aaf4651f9319845b53458bcf71ed909db69c03a8,61552,71088,47224,53304,-11187.8081564811,,9135892037b4b633ba9090b06c715d53f7e64f21a87b272bd15de1a365d445ed,-157892.62009626545,269400,82,0.0,18,3327,53304,"[1,83,1855,11310,25610,33850,35077,33288,30721,28062,25533,23138,20872]","[{""1"":0,""10plus"":1,""2to4"":0,""5to9"":0},{""1"":10,""10plus"":56,""2to4"":9,""5to9"":8},{""1"":510,""10plus"":622,""2to4"":451,""5to9"":272},{""1"":6215,""10plus"":874,""2to4"":3221,""5to9"":1000},{""1"":19756,""10plus"":364,""2to4"":4677,""5to9"":813},{""1"":30661,""10plus"":70,""2to4"":2847,""5to9"":272},{""1"":33877,""10plus"":4,""2to4"":1134,""5to9"":62},{""1"":32892,""10plus"":2,""2to4"":387,""5to9"":7},{""1"":30571,""10plus"":2,""2to4"":146,""5to9"":2},{""1"":27982,""10plus"":2,""2to4"":78,""5to9"":0},{""1"":25485,""10plus"":2,""2to4"":46,""5to9"":0},{""1"":23102,""10plus"":2,""2to4"":34,""5to9"":0},{""1"":20845,""10plus"":2,""2to4"":25,""5to9"":0}]",0.9805965829982597,1.7024514013319276,1654919168
D12,ud23,HOMERIC_TRADITION,209ee9f27c82f31d31eb16124569039d7847ed327f3a0f2b5c4eae048347e621,8,shuffled,12,100,0.5,8884,045ceed0c4e4cbad12e0f8e9aaf4651f9319845b53458bcf71ed909db69c03a8,61552,71088,47224,53304,4584.350509743439,,b56180e52f6d698db3de84958d1fe61acc092d3416febf196f76f05db6d44fd5,-169080.42825274655,291801,82,1.0,18,3327,53304,"[1,82,2088,15593,35076,39335,36861,33848,30956,28201,25627,23209,20924]","[{""1"":0,""10plus"":1,""2to4"":0,""5to9"":0},{""1"":9,""10plus"":56,""2to4"":10,""5to9"":7},{""1"":538,""10plus"":718,""2to4"":532,""5to9"":300},{""1"":8883,""10plus"":917,""2to4"":4443,""5to9"":1350},{""1"":29852,""10plus"":16,""2to4"":4888,""5to9"":320},{""1"":38610,""10plus"":0,""2to4"":725,""5to9"":0},{""1"":36816,""10plus"":0,""2to4"":45,""5to9"":0},{""1"":33842,""10plus"":0,""2to4"":6,""5to9"":0},{""1"":30954,""10plus"":0,""2to4"":2,""5to9"":0},{""1"":28200,""10plus"":0,""2to4"":1,""5to9"":0},{""1"":25627,""10plus"":0,""2to4"":0,""5to9"":0},{""1"":23209,""10plus"":0,""2to4"":0,""5to9"":0},{""1"":20924,""10plus"":0,""2to4"":0,""5to9"":0}]",1.6164552080008434,1.710061194615264,1654919168
D12,ud23,HOMERIC_TRADITION,209ee9f27c82f31d31eb16124569039d7847ed327f3a0f2b5c4eae048347e621,9,original,12,100,0.5,8884,cbc4eb685af229b4ebb41565ef2f5e3bb5e7ecd72349255175d009dad7d386a2,61514,71088,47062,53304,-11162.568327683111,,f6ad2937304c1bfad6c41d7e3881b289f34dd4d9f7149cfef0bb68fdb277ce0a,-157884.40218329534,268245,84,0.0,16,3335,53304,"[1,84,1852,11252,25599,33767,34975,33172,30603,27923,25372,22961,20684]","[{""1"":0,""10plus"":1,""2to4"":0,""5to9"":0},{""1"":9,""10plus"":56,""2to4"":11,""5to9"":8},{""1"":508,""10plus"":614,""2to4"":452,""5to9"":278},{""1"":6137,""10plus"":899,""2to4"":3215,""5to9"":1001},{""1"":19769,""10plus"":358,""2to4"":4638,""5to9"":834},{""1"":30512,""10plus"":75,""2to4"":2915,""5to9"":265},{""1"":33755,""10plus"":6,""2to4"":1158,""5to9"":56},{""1"":32755,""10plus"":2,""2to4"":408,""5to9"":7},{""1"":30448,""10plus"":2,""2to4"":152,""5to9"":1},{""1"":27839,""10plus"":2,""2to4"":82,""5to9"":0},{""1"":25317,""10plus"":2,""2to4"":53,""5to9"":0},{""1"":22921,""10plus"":2,""2to4"":38,""5to9"":0},{""1"":20654,""10plus"":2,""2to4"":28,""5to9"":0}]",1.0421738750010263,1.712928399847442,1654919168
D12,ud23,HOMERIC_TRADITION,209ee9f27c82f31d31eb16124569039d7847ed327f3a0f2b5c4eae048347e621,9,shuffled,12,100,0.5,8884,cbc4eb685af229b4ebb41565ef2f5e3bb5e7ecd72349255175d009dad7d386a2,61514,71088,47062,53304,4650.710920125537,,01a71e8cff4a1918dcc6c8dbe40df82d8ad253a50f8fb0c757e6278793d97f26,-169046.97051097846,290948,84,1.0,16,3335,53304,"[1,85,2133,15629,34997,39290,36819,33783,30861,28081,25483,23043,20743]","[{""1"":0,""10plus"":1,""2to4"":0,""5to9"":0},{""1"":11,""10plus"":55,""2to4"":9,""5to9"":10},{""1"":578,""10plus"":717,""2to4"":539,""5to9"":299},{""1"":8921,""10plus"":932,""2to4"":4455,""5to9"":1321},{""1"":29875,""10plus"":24,""2to4"":4768,""5to9"":330},{""1"":38558,""10plus"":0,""2to4"":732,""5to9"":0},{""1"":36774,""10plus"":0,""2to4"":45,""5to9"":0},{""1"":33782,""10plus"":0,""2to4"":1,""5to9"":0},{""1"":30861,""10plus"":0,""2to4"":0,""5to9"":0},{""1"":28081,""10plus"":0,""2to4"":0,""5to9"":0},{""1"":25483,""10plus"":0,""2to4"":0,""5to9"":0},{""1"":23043,""10plus"":0,""2to4"":0,""5to9"":0},{""1"":20743,""10plus"":0,""2to4"":0,""5to9"":0}]",1.3565566659999604,1.7352698250979302,1654919168
D12,ud23,ATHENAEUS,4352f04fcfd7cbe580caddf69f309034ffb967d5d1bc8a8e809498de5bf8d329,0,original,12,100,0.5,8884,a327bf3cabcca1d9731a9278faf70378f8a2956e4826aee0c2e4e1b0d35e82d6,20391,23133,47148,53304,-10447.308387794561,,0c91d71887f3c99b922a5f51539dad580e74307ed2a240e50f87f12f9318f35c,-159326.79303649924,264067,81,0.0,19,3466,53304,"[1,82,1851,11464,25901,33761,34538,32503,29841,27154,24639,22273,20059]","[{""1"":0,""10plus"":1,""2to4"":0,""5to9"":0},{""1"":8,""10plus"":57,""2to4"":9,""5to9"":8},{""1"":498,""10plus"":632,""2to4"":463,""5to9"":258},{""1"":6320,""10plus"":909,""2to4"":3212,""5to9"":1023},{""1"":20025,""10plus"":329,""2to4"":4734,""5to9"":813},{""1"":30642,""10plus"":62,""2to4"":2822,""5to9"":235},{""1"":33419,""10plus"":5,""2to4"":1062,""5to9"":52},{""1"":32123,""10plus"":2,""2to4"":367,""5to9"":11},{""1"":29688,""10plus"":2,""2to4"":146,""5to9"":5},{""1"":27061,""10plus"":2,""2to4"":90,""5to9"":1},{""1"":24574,""10plus"":2,""2to4"":63,""5to9"":0},{""1"":22220,""10plus"":2,""2to4"":51,""5to9"":0},{""1"":20017,""10plus"":2,""2to4"":40,""5to9"":0}]",0.9784870420007792,0.6307412470250711,1077305344
D12,ud23,ATHENAEUS,4352f04fcfd7cbe580caddf69f309034ffb967d5d1bc8a8e809498de5bf8d329,0,shuffled,12,100,0.5,8884,a327bf3cabcca1d9731a9278faf70378f8a2956e4826aee0c2e4e1b0d35e82d6,20391,23133,47148,53304,4394.965342772164,,1a810504fd213318ccbee11d64b43dd6cbaec0bfa8ffb1bd320f9580978b71e3,-169774.1014242938,285604,81,1.0,19,3466,53304,"[1,82,2096,15621,35023,38853,36177,33063,30100,27323,24762,22370,20133]","[{""1"":0,""10plus"":1,""2to4"":0,""5to9"":0},{""1"":8,""10plus"":56,""2to4"":10,""5to9"":8},{""1"":564,""10plus"":724,""2to4"":502,""5to9"":306},{""1"":8832,""10plus"":959,""2to4"":4487,""5to9"":1343},{""1"":29922,""10plus"":19,""2to4"":4828,""5to9"":254},{""1"":38194,""10plus"":0,""2to4"":657,""5to9"":2},{""1"":36126,""10plus"":0,""2to4"":51,""5to9"":0},{""1"":33059,""10plus"":0,""2to4"":4,""5to9"":0},{""1"":30099,""10plus"":0,""2to4"":1,""5to9"":0},{""1"":27323,""10plus"":0,""2to4"":0,""5to9"":0},{""1"":24762,""10plus"":0,""2to4"":0,""5to9"":0},{""1"":22370,""10plus"":0,""2to4"":0,""5to9"":0},{""1"":20133,""10plus"":0,""2to4"":0,""5to9"":0}]",1.3044144579998829,0.6321275869941019,1077305344
D12,ud23,ATHENAEUS,4352f04fcfd7cbe580caddf69f309034ffb967d5d1bc8a8e809498de5bf8d329,1,original,12,100,0.5,8884,0dedd60a8f0c90cc8ac111a79fd00c2608bbd293700eae6773cae707025e6291,20270,23133,47141,53304,-10440.685438905755,,e8994df1e42b44519ead31143a8ee097c0bc1c1b338778b10628cf404f6e9040,-159529.78792218992,265616,81,0.0,19,3446,53304,"[1,82,1836,11530,26082,34041,34742,32686,30005,27303,24769,22391,20148]","[{""1"":0,""10plus"":1,""2to4"":0,""5to9"":0},{""1"":10,""10plus"":56,""2to4"":7,""5to9"":9},{""1"":464,""10plus"":642,""2to4"":480,""5to9"":250},{""1"":6326,""10plus"":900,""2to4"":3282,""5to9"":1022},{""1"":20227,""10plus"":335,""2to4"":4713,""5to9"":807},{""1"":31061,""10plus"":54,""2to4"":2695,""5to9"":231},{""1"":33698,""10plus"":7,""2to4"":988,""5to9"":49},{""1"":32369,""10plus"":2,""2to4"":304,""5to9"":11},{""1"":29889,""10plus"":2,""2to4"":111,""5to9"":3},{""1"":27242,""10plus"":2,""2to4"":58,""5to9"":1},{""1"":24729,""10plus"":2,""2to4"":38,""5to9"":0},{""1"":22360,""10plus"":2,""2to4"":29,""5to9"":0},{""1"":20125,""10plus"":2,""2to4"":21,""5to9"":0}]",0.9690420420010923,0.633345344067493,1556643840
D12,ud23,ATHENAEUS,4352f04fcfd7cbe580caddf69f309034ffb967d5d1bc8a8e809498de5bf8d329,1,shuffled,12,100,0.5,8884,0dedd60a8f0c90cc8ac111a79fd00c2608bbd293700eae6773cae707025e6291,20270,23133,47141,53304,4408.5676600591105,,599ef15996f42d805341cc5f7ede2d4715519064a53bf216cb37d63d0e63c66c,-169970.47336109568,286695,81,1.0,19,3446,53304,"[1,81,2121,15768,35231,38913,36269,33163,30209,27427,24858,22458,20196]","[{""1"":0,""10plus"":1,""2to4"":0,""5to9"":0},{""1"":9,""10plus"":57,""2to4"":7,""5to9"":8},{""1"":554,""10plus"":727,""2to4"":545,""5to9"":295},{""1"":8935,""10plus"":930,""2to4"":4511,""5to9"":1392},{""1"":30201,""10plus"":13,""2to4"":4742,""5to9"":275},{""1"":38245,""10plus"":0,""2to4"":667,""5to9"":1},{""1"":36221,""10plus"":0,""2to4"":48,""5to9"":0},{""1"":33162,""10plus"":0,""2to4"":1,""5to9"":0},{""1"":30209,""10plus"":0,""2to4"":0,""5to9"":0},{""1"":27427,""10plus"":0,""2to4"":0,""5to9"":0},{""1"":24858,""10plus"":0,""2to4"":0,""5to9"":0},{""1"":22458,""10plus"":0,""2to4"":0,""5to9"":0},{""1"":20196,""10plus"":0,""2to4"":0,""5to9"":0}]",1.58003620800082,0.6335155996312096,1556643840
D12,ud23,ATHENAEUS,4352f04fcfd7cbe580caddf69f309034ffb967d5d1bc8a8e809498de5bf8d329,2,original,12,100,0.5,8884,7289b8b38ef7cb9bffb8c28377642bb6cfd53bcb302c70ace6f0cffe32a43d49,20324,23133,47015,53304,-10525.064780115645,,675d5f71ebae4804ae6c6313bbe68ef12cc87eaf179064b11021ec44747bc6d4,-159626.6623244742,262833,80,0.0,20,3500,53304,"[1,81,1857,11547,25935,33748,34421,32363,29656,26952,24424,22040,19808]","[{""1"":0,""10plus"":1,""2to4"":0,""5to9"":0},{""1"":7,""10plus"":57,""2to4"":9,""5to9"":8},{""1"":496,""10plus"":640,""2to4"":458,""5to9"":263},{""1"":6354,""10plus"":907,""2to4"":3288,""5to9"":998},{""1"":20092,""10plus"":328,""2to4"":4682,""5to9"":833},{""1"":30713,""10plus"":54,""2to4"":2737,""5to9"":244},{""1"":33313,""10plus"":3,""2to4"":1055,""5to9"":50},{""1"":32017,""10plus"":2,""2to4"":336,""5to9"":8},{""1"":29516,""10plus"":2,""2to4"":136,""5to9"":2},{""1"":26867,""10plus"":2,""2to4"":83,""5to9"":0},{""1"":24364,""10plus"":2,""2to4"":58,""5to9"":0},{""1"":21994,""10plus"":2,""2to4"":44,""5to9"":0},{""1"":19773,""10plus"":2,""2to4"":33,""5to9"":0}]",0.9362613329976739,0.627990583783685,1571860480
D12,ud23,ATHENAEUS,4352f04fcfd7cbe580caddf69f309034ffb967d5d1bc8a8e809498de5bf8d329,2,shuffled,12,100,0.5,8884,7289b8b38ef7cb9bffb8c28377642bb6cfd53bcb302c70ace6f0cffe32a43d49,20324,23133,47015,53304,4413.033979491709,,3a013ba974966bd962c4fdd5dd9c87961fd3dc9f83846084b961a98c68aef4bd,-170151.72710458984,284330,80,1.0,20,3500,53304,"[1,81,2119,15857,35104,38742,36026,32876,29890,27103,24535,22125,19871]","[{""1"":0,""10plus"":1,""2to4"":0,""5to9"":0},{""1"":8,""10plus"":56,""2to4"":8,""5to9"":9},{""1"":546,""10plus"":720,""2to4"":526,""5to9"":327},{""1"":9094,""10plus"":917,""2to4"":4476,""5to9"":1370},{""1"":30103,""10plus"":5,""2to4"":4726,""5to9"":270},{""1"":38107,""10plus"":0,""2to4"":635,""5to9"":0},{""1"":35985,""10plus"":0,""2to4"":41,""5to9"":0},{""1"":32872,""10plus"":0,""2to4"":4,""5to9"":0},{""1"":29889,""10plus"":0,""2to4"":1,""5to9"":0},{""1"":27103,""10plus"":0,""2to4"":0,""5to9"":0},{""1"":24535,""10plus"":0,""2to4"":0,""5to9"":0},{""1"":22125,""10plus"":0,""2to4"":0,""5to9"":0},{""1"":19871,""10plus"":0,""2to4"":0,""5to9"":0}]",1.5651701249989856,0.6269517297805578,1571860480
D12,ud23,ATHENAEUS,4352f04fcfd7cbe580caddf69f309034ffb967d5d1bc8a8e809498de5bf8d329,3,original,12,100,0.5,8884,0aa68ae5b66b85e6ff757ffe4265495bad65a698e2639c292c6b00ca71417534,20331,23133,47014,53304,-10566.484508759517,,5f1c8c3e7c17d2607dd7d0fbd59ab14c0c8bef0ea8c249d9ed78b4471f0d12d2,-159568.9544051206,264539,82,0.0,18,3465,53304,"[1,83,1848,11630,26157,33908,34618,32548,29851,27132,24587,22205,19971]","[{""1"":0,""10plus"":1,""2to4"":0,""5to9"":0},{""1"":9,""10plus"":57,""2to4"":8,""5to9"":9},{""1"":477,""10plus"":637,""2to4"":467,""5to9"":267},{""1"":6413,""10plus"":889,""2to4"":3290,""5to9"":1038},{""1"":20345,""10plus"":322,""2to4"":4674,""5to9"":816},{""1"":30861,""10plus"":54,""2to4"":2758,""5to9"":235},{""1"":33550,""10plus"":6,""2to4"":1015,""5to9"":47},{""1"":32211,""10plus"":2,""2to4"":327,""5to9"":8},{""1"":29732,""10plus"":2,""2to4"":115,""5to9"":2},{""1"":27067,""10plus"":2,""2to4"":63,""5to9"":0},{""1"":24545,""10plus"":2,""2to4"":40,""5to9"":0},{""1"":22176,""10plus"":2,""2to4"":27,""5to9"":0},{""1"":19951,""10plus"":2,""2to4"":18,""5to9"":0}]",0.9964675420014828,0.6303272130462574,1571860480
D12,ud23,ATHENAEUS,4352f04fcfd7cbe580caddf69f309034ffb967d5d1bc8a8e809498de5bf8d329,3,shuffled,12,100,0.5,8884,0aa68ae5b66b85e6ff757ffe4265495bad65a698e2639c292c6b00ca71417534,20331,23133,47014,53304,4405.351876513538,,b42e9665f8bc0100c12388ed8ec808ce3f007c281e0e0fca259bd06e9aab5371,-170135.43891388012,285652,82,1.0,18,3465,53304,"[1,82,2122,15776,35240,38886,36189,33044,30064,27266,24684,22276,20022]","[{""1"":0,""10plus"":1,""2to4"":0,""5to9"":0},{""1"":9,""10plus"":58,""2to4"":7,""5to9"":8},{""1"":571,""10plus"":732,""2to4"":520,""5to9"":299},{""1"":8958,""10plus"":926,""2to4"":4521,""5to9"":1371},{""1"":30278,""10plus"":14,""2to4"":4662,""5to9"":286},{""1"":38255,""10plus"":0,""2to4"":630,""5to9"":1},{""1"":36151,""10plus"":0,""2to4"":38,""5to9"":0},{""1"":33040,""10plus"":0,""2to4"":4,""5to9"":0},{""1"":30063,""10plus"":0,""2to4"":1,""5to9"":0},{""1"":27266,""10plus"":0,""2to4"":0,""5to9"":0},{""1"":24684,""10plus"":0,""2to4"":0,""5to9"":0},{""1"":22276,""10plus"":0,""2to4"":0,""5to9"":0},{""1"":20022,""10plus"":0,""2to4"":0,""5to9"":0}]",1.3311099580023438,0.6271814541469212,1571860480
D12,ud23,ATHENAEUS,4352f04fcfd7cbe580caddf69f309034ffb967d5d1bc8a8e809498de5bf8d329,4,original,12,100,0.5,8884,7d98d453a66987746fb3bd12c293ec547eebb9d747f9f1d800cf2bc6679f6064,20341,23133,46882,53304,-10552.211773061048,,ce5a7b047a3c8f5a5cf83464cfed651e67b1c944798de636263300957002ad1c,-159649.8374196476,263625,80,0.0,20,3478,53304,"[1,81,1840,11524,26112,33878,34562,32444,29735,27029,24483,22093,19843]","[{""1"":0,""10plus"":1,""2to4"":0,""5to9"":0},{""1"":11,""10plus"":57,""2to4"":5,""5to9"":8},{""1"":497,""10plus"":647,""2to4"":440,""5to9"":256},{""1"":6249,""10plus"":880,""2to4"":3357,""5to9"":1038},{""1"":20273,""10plus"":314,""2to4"":4698,""5to9"":827},{""1"":30865,""10plus"":56,""2to4"":2729,""5to9"":228},{""1"":33486,""10plus"":5,""2to4"":1022,""5to9"":49},{""1"":32096,""10plus"":2,""2to4"":337,""5to9"":9},{""1"":29604,""10plus"":2,""2to4"":126,""5to9"":3},{""1"":26964,""10plus"":2,""2to4"":63,""5to9"":0},{""1"":24442,""10plus"":2,""2to4"":39,""5to9"":0},{""1"":22065,""10plus"":2,""2to4"":26,""5to9"":0},{""1"":19824,""10plus"":2,""2to4"":17,""5to9"":0}]",0.994980832998408,0.6257531284354627,1571860480
D12,ud23,ATHENAEUS,4352f04fcfd7cbe580caddf69f309034ffb967d5d1bc8a8e809498de5bf8d329,4,shuffled,12,100,0.5,8884,7d98d453a66987746fb3bd12c293ec547eebb9d747f9f1d800cf2bc6679f6064,20341,23133,46882,53304,4462.200378621928,,45df57c255b4ddda5caeca6d986caf1cb95d949ad555a54dfdc0ab3feac9f4c9,-170202.04919270866,284807,80,1.0,20,3478,53304,"[1,80,2116,15814,35182,38809,36115,32959,29957,27158,24572,22157,19887]","[{""1"":0,""10plus"":1,""2to4"":0,""5to9"":0},{""1"":9,""10plus"":56,""2to4"":6,""5to9"":9},{""1"":548,""10plus"":736,""2to4"":517,""5to9"":315},{""1"":9016,""10plus"":922,""2to4"":4503,""5to9"":1373},{""1"":30162,""10plus"":15,""2to4"":4742,""5to9"":263},{""1"":38176,""10plus"":0,""2to4"":632,""5to9"":1},{""1"":36071,""10plus"":0,""2to4"":44,""5to9"":0},{""1"":32957,""10plus"":0,""2to4"":2,""5to9"":0},{""1"":29957,""10plus"":0,""2to4"":0,""5to9"":0},{""1"":27158,""10plus"":0,""2to4"":0,""5to9"":0},{""1"":24572,""10plus"":0,""2to4"":0,""5to9"":0},{""1"":22157,""10plus"":0,""2to4"":0,""5to9"":0},{""1"":19887,""10plus"":0,""2to4"":0,""5to9"":0}]",1.311801457999536,0.9287074480780575,1571860480
D12,ud23,ATHENAEUS,4352f04fcfd7cbe580caddf69f309034ffb967d5d1bc8a8e809498de5bf8d329,5,original,12,100,0.5,8884,1b46768c873892ba6622bcf217d45087fdf7f07b9595d3247853ea70d933fdc8,20328,23133,46934,53304,-10536.31922432594,,708702d86244cb1875a58175d5f66a5e99c5b62567a03638432702dcf956aaa7,-159337.26436224856,263041,81,0.0,19,3480,53304,"[1,82,1834,11486,25910,33713,34449,32415,29728,27015,24474,22089,19845]","[{""1"":0,""10plus"":1,""2to4"":0,""5to9"":0},{""1"":8,""10plus"":55,""2to4"":10,""5to9"":9},{""1"":475,""10plus"":635,""2to4"":462,""5to9"":262},{""1"":6341,""10plus"":906,""2to4"":3229,""5to9"":1010},{""1"":20101,""10plus"":338,""2to4"":4642,""5to9"":829},{""1"":30652,""10plus"":57,""2to4"":2753,""5to9"":251},{""1"":33306,""10plus"":6,""2to4"":1087,""5to9"":50},{""1"":32033,""10plus"":3,""2to4"":368,""5to9"":11},{""1"":29578,""10plus"":2,""2to4"":141,""5to9"":7},{""1"":26937,""10plus"":2,""2to4"":73,""5to9"":3},{""1"":24426,""10plus"":2,""2to4"":44,""5to9"":2},{""1"":22057,""10plus"":2,""2to4"":29,""5to9"":1},{""1"":19824,""10plus"":2,""2to4"":19,""5to9"":0}]",0.9393911250008387,0.6262940274464199,1571860480
D12,ud23,ATHENAEUS,4352f04fcfd7cbe580caddf69f309034ffb967d5d1bc8a8e809498de5bf8d329,5,shuffled,12,100,0.5,8884,1b46768c873892ba6622bcf217d45087fdf7f07b9595d3247853ea70d933fdc8,20328,23133,46934,53304,4454.5077574889,,1c5b8c860acc6226081042370e0e6cb9cd2bb508def265b677ac309b0fd4f50a,-169873.5835865745,284818,81,1.0,19,3480,53304,"[1,82,2095,15734,35247,38806,36106,32965,29976,27167,24579,22164,19896]","[{""1"":0,""10plus"":1,""2to4"":0,""5to9"":0},{""1"":8,""10plus"":55,""2to4"":11,""5to9"":8},{""1"":573,""10plus"":721,""2to4"":490,""5to9"":311},{""1"":8937,""10plus"":936,""2to4"":4506,""5to9"":1355},{""1"":30206,""10plus"":6,""2to4"":4778,""5to9"":257},{""1"":38168,""10plus"":0,""2to4"":638,""5to9"":0},{""1"":36064,""10plus"":0,""2to4"":42,""5to9"":0},{""1"":32962,""10plus"":0,""2to4"":3,""5to9"":0},{""1"":29976,""10plus"":0,""2to4"":0,""5to9"":0},{""1"":27167,""10plus"":0,""2to4"":0,""5to9"":0},{""1"":24579,""10plus"":0,""2to4"":0,""5to9"":0},{""1"":22164,""10plus"":0,""2to4"":0,""5to9"":0},{""1"":19896,""10plus"":0,""2to4"":0,""5to9"":0}]",1.3252812499995343,0.6239763209559896,1571860480
D12,ud23,ATHENAEUS,4352f04fcfd7cbe580caddf69f309034ffb967d5d1bc8a8e809498de5bf8d329,6,original,12,100,0.5,8884,b33b21c5061840d43a1c5433acb601b9a8d9a656c09ee482b7ace8a790d161b2,20282,23133,46981,53304,-10505.9250215418,,1ce601b47695cab0c781bf221c6cec299fc2574bfba4a2c76703dddf21a9b8b3,-159563.58133306575,263615,81,0.0,19,3480,53304,"[1,82,1850,11538,26045,33774,34499,32422,29726,27048,24530,22164,19936]","[{""1"":0,""10plus"":1,""2to4"":0,""5to9"":0},{""1"":10,""10plus"":55,""2to4"":7,""5to9"":10},{""1"":491,""10plus"":629,""2to4"":449,""5to9"":281},{""1"":6339,""10plus"":895,""2to4"":3281,""5to9"":1023},{""1"":20242,""10plus"":343,""2to4"":4673,""5to9"":787},{""1"":30700,""10plus"":57,""2to4"":2782,""5to9"":235},{""1"":33387,""10plus"":4,""2to4"":1062,""5to9"":46},{""1"":32057,""10plus"":2,""2to4"":355,""5to9"":8},{""1"":29573,""10plus"":2,""2to4"":148,""5to9"":3},{""1"":26960,""10plus"":2,""2to4"":86,""5to9"":0},{""1"":24469,""10plus"":2,""2to4"":59,""5to9"":0},{""1"":22118,""10plus"":2,""2to4"":44,""5to9"":0},{""1"":19901,""10plus"":2,""2to4"":33,""5to9"":0}]",1.0000658749995637,0.6292097368277609,1571860480
D12,ud23,ATHENAEUS,4352f04fcfd7cbe580caddf69f309034ffb967d5d1bc8a8e809498de5bf8d329,6,shuffled,12,100,0.5,8884,b33b21c5061840d43a1c5433acb601b9a8d9a656c09ee482b7ace8a790d161b2,20282,23133,46981,53304,4485.407293894998,,cc50d933936aaf4502acb89453894f2bb0e0122759628ae77f38c1f6cc21b010,-170069.50635460755,285315,81,1.0,19,3480,53304,"[1,81,2114,15815,35274,38859,36101,32963,29986,27213,24650,22255,20003]","[{""1"":0,""10plus"":1,""2to4"":0,""5to9"":0},{""1"":10,""10plus"":56,""2to4"":6,""5to9"":9},{""1"":528,""10plus"":724,""2to4"":553,""5to9"":309},{""1"":8963,""10plus"":910,""2to4"":4571,""5to9"":1371},{""1"":30306,""10plus"":18,""2to4"":4722,""5to9"":228},{""1"":38264,""10plus"":0,""2to4"":594,""5to9"":1},{""1"":36052,""10plus"":0,""2to4"":49,""5to9"":0},{""1"":32959,""10plus"":0,""2to4"":4,""5to9"":0},{""1"":29986,""10plus"":0,""2to4"":0,""5to9"":0},{""1"":27213,""10plus"":0,""2to4"":0,""5to9"":0},{""1"":24650,""10plus"":0,""2to4"":0,""5to9"":0},{""1"":22255,""10plus"":0,""2to4"":0,""5to9"":0},{""1"":20003,""10plus"":0,""2to4"":0,""5to9"":0}]",1.3189655000023777,0.6292135101102758,1571860480
D12,ud23,ATHENAEUS,4352f04fcfd7cbe580caddf69f309034ffb967d5d1bc8a8e809498de5bf8d329,7,original,12,100,0.5,8884,8996a5b048d791f177681d1e90b8dbbec5a3f9437eda89a4ffeeb4a18a8e5747,20201,23133,46927,53304,-10407.326044233982,,4d0b3537434decb53c4d494594f45bba23d5efa91e177911ca9eb06e391800ad,-159723.2839730005,263202,79,0.0,21,3481,53304,"[1,80,1854,11601,26022,33799,34474,32401,29690,26982,24429,22044,19825]","[{""1"":0,""10plus"":1,""2to4"":0,""5to9"":0},{""1"":4,""10plus"":58,""2to4"":10,""5to9"":8},{""1"":490,""10plus"":632,""2to4"":446,""5to9"":286},{""1"":6407,""10plus"":896,""2to4"":3265,""5to9"":1033},{""1"":20160,""10plus"":314,""2to4"":4717,""5to9"":831},{""1"":30766,""10plus"":58,""2to4"":2748,""5to9"":227},{""1"":33362,""10plus"":6,""2to4"":1065,""5to9"":41},{""1"":32029,""10plus"":2,""2to4"":364,""5to9"":6},{""1"":29533,""10plus"":2,""2to4"":154,""5to9"":1},{""1"":26895,""10plus"":2,""2to4"":85,""5to9"":0},{""1"":24368,""10plus"":2,""2to4"":59,""5to9"":0},{""1"":21997,""10plus"":2,""2to4"":45,""5to9"":0},{""1"":19790,""10plus"":2,""2to4"":33,""5to9"":0}]",0.9457942920016649,0.624663112059352,1571860480
D12,ud23,ATHENAEUS,4352f04fcfd7cbe580caddf69f309034ffb967d5d1bc8a8e809498de5bf8d329,7,shuffled,12,100,0.5,8884,8996a5b048d791f177681d1e90b8dbbec5a3f9437eda89a4ffeeb4a18a8e5747,20201,23133,46927,53304,4467.806642061361,,ee2117827877a0242ed75cf3673af43ea4b437dce989f88d07fdba1775a341a7,-170130.6100172345,284651,79,1.0,21,3481,53304,"[1,80,2157,15822,35151,38771,36097,32939,29939,27136,24541,22130,19887]","[{""1"":0,""10plus"":1,""2to4"":0,""5to9"":0},{""1"":5,""10plus"":58,""2to4"":9,""5to9"":8},{""1"":587,""10plus"":718,""2to4"":544,""5to9"":308},{""1"":9050,""10plus"":942,""2to4"":4495,""5to9"":1335},{""1"":30126,""10plus"":13,""2to4"":4760,""5to9"":252},{""1"":38110,""10plus"":0,""2to4"":661,""5to9"":0},{""1"":36058,""10plus"":0,""2to4"":39,""5to9"":0},{""1"":32939,""10plus"":0,""2to4"":0,""5to9"":0},{""1"":29939,""10plus"":0,""2to4"":0,""5to9"":0},{""1"":27136,""10plus"":0,""2to4"":0,""5to9"":0},{""1"":24541,""10plus"":0,""2to4"":0,""5to9"":0},{""1"":22130,""10plus"":0,""2to4"":0,""5to9"":0},{""1"":19887,""10plus"":0,""2to4"":0,""5to9"":0}]",1.5499187499990512,0.6234592028922634,1571860480
D12,ud23,ATHENAEUS,4352f04fcfd7cbe580caddf69f309034ffb967d5d1bc8a8e809498de5bf8d329,8,original,12,100,0.5,8884,7ab11e66a4fda100383b2cdd23a68fbe3a404d8f7d700e8af7e0325dafdfcd60,20251,23133,46778,53304,-10480.84850516505,,365649fad3716986d453ffaf1fcef87263bbfecd4dc7f30dd4056eea9acff88e,-159380.4959783905,260873,79,0.0,21,3537,53304,"[1,80,1835,11524,25979,33650,34283,32149,29400,26671,24112,21715,19474]","[{""1"":0,""10plus"":1,""2to4"":0,""5to9"":0},{""1"":7,""10plus"":55,""2to4"":8,""5to9"":10},{""1"":474,""10plus"":640,""2to4"":458,""5to9"":263},{""1"":6352,""10plus"":883,""2to4"":3270,""5to9"":1019},{""1"":20208,""10plus"":328,""2to4"":4655,""5to9"":788},{""1"":30595,""10plus"":60,""2to4"":2780,""5to9"":215},{""1"":33194,""10plus"":3,""2to4"":1047,""5to9"":39},{""1"":31806,""10plus"":2,""2to4"":335,""5to9"":6},{""1"":29265,""10plus"":2,""2to4"":132,""5to9"":1},{""1"":26599,""10plus"":2,""2to4"":70,""5to9"":0},{""1"":24064,""10plus"":2,""2to4"":46,""5to9"":0},{""1"":21681,""10plus"":2,""2to4"":32,""5to9"":0},{""1"":19452,""10plus"":2,""2to4"":20,""5to9"":0}]",0.9955059579988301,0.6225268099879031,1571860480
D12,ud23,ATHENAEUS,4352f04fcfd7cbe580caddf69f309034ffb967d5d1bc8a8e809498de5bf8d329,8,shuffled,12,100,0.5,8884,7ab11e66a4fda100383b2cdd23a68fbe3a404d8f7d700e8af7e0325dafdfcd60,20251,23133,46778,53304,4338.103820979624,,cbb17ab8c2b6fb2e1c4deace07433399cb8af2a37acead8894e8a6063e192a89,-169861.34448355556,281671,79,1.0,21,3537,53304,"[1,80,2101,15780,34852,38525,35817,32630,29606,26793,24196,21776,19514]","[{""1"":0,""10plus"":1,""2to4"":0,""5to9"":0},{""1"":7,""10plus"":54,""2to4"":8,""5to9"":11},{""1"":549,""10plus"":718,""2to4"":497,""5to9"":337},{""1"":9063,""10plus"":907,""2to4"":4478,""5to9"":1332},{""1"":29815,""10plus"":11,""2to4"":4751,""5to9"":275},{""1"":37828,""10plus"":0,""2to4"":697,""5to9"":0},{""1"":35767,""10plus"":0,""2to4"":50,""5to9"":0},{""1"":32628,""10plus"":0,""2to4"":2,""5to9"":0},{""1"":29606,""10plus"":0,""2to4"":0,""5to9"":0},{""1"":26793,""10plus"":0,""2to4"":0,""5to9"":0},{""1"":24196,""10plus"":0,""2to4"":0,""5to9"":0},{""1"":21776,""10plus"":0,""2to4"":0,""5to9"":0},{""1"":19514,""10plus"":0,""2to4"":0,""5to9"":0}]",1.307659791997139,0.6198914707638323,1571860480
D12,ud23,ATHENAEUS,4352f04fcfd7cbe580caddf69f309034ffb967d5d1bc8a8e809498de5bf8d329,9,original,12,100,0.5,8884,fdfa082f0bfbe7df92ae8212aa25a867f163a586baf3c36873225959e4eaa91c,20265,23133,46959,53304,-10520.595419645193,,c9f8ea65037e867ca02652fe67b0f171e294e1f1ab011978ac24d714bc9e57a5,-159369.92207079454,264726,78,0.0,22,3463,53304,"[1,79,1832,11483,25970,33842,34610,32562,29907,27233,24723,22353,20131]","[{""1"":0,""10plus"":1,""2to4"":0,""5to9"":0},{""1"":5,""10plus"":55,""2to4"":9,""5to9"":10},{""1"":484,""10plus"":628,""2to4"":453,""5to9"":267},{""1"":6339,""10plus"":908,""2to4"":3203,""5to9"":1033},{""1"":20108,""10plus"":327,""2to4"":4715,""5to9"":820},{""1"":30750,""10plus"":56,""2to4"":2804,""5to9"":232},{""1"":33510,""10plus"":5,""2to4"":1055,""5to9"":40},{""1"":32198,""10plus"":2,""2to4"":357,""5to9"":5},{""1"":29774,""10plus"":2,""2to4"":130,""5to9"":1},{""1"":27166,""10plus"":2,""2to4"":65,""5to9"":0},{""1"":24679,""10plus"":2,""2to4"":42,""5to9"":0},{""1"":22320,""10plus"":2,""2to4"":31,""5to9"":0},{""1"":20107,""10plus"":2,""2to4"":22,""5to9"":0}]",0.9747587500023656,0.6194333248895418,1571860480
D12,ud23,ATHENAEUS,4352f04fcfd7cbe580caddf69f309034ffb967d5d1bc8a8e809498de5bf8d329,9,shuffled,12,100,0.5,8884,fdfa082f0bfbe7df92ae8212aa25a867f163a586baf3c36873225959e4eaa91c,20265,23133,46959,53304,4511.306202115462,,7952346dd01315f615cca5adc0cbe4f6cb1ede2a059242afd9fe02aefc6e5ee6,-169890.51749043973,286169,78,1.0,22,3463,53304,"[1,79,2076,15744,35169,38900,36220,33084,30122,27360,24814,22421,20179]","[{""1"":0,""10plus"":1,""2to4"":0,""5to9"":0},{""1"":6,""10plus"":57,""2to4"":8,""5to9"":8},{""1"":547,""10plus"":721,""2to4"":488,""5to9"":320},{""1"":8925,""10plus"":935,""2to4"":4548,""5to9"":1336},{""1"":30089,""10plus"":11,""2to4"":4825,""5to9"":244},{""1"":38266,""10plus"":0,""2to4"":634,""5to9"":0},{""1"":36189,""10plus"":0,""2to4"":31,""5to9"":0},{""1"":33083,""10plus"":0,""2to4"":1,""5to9"":0},{""1"":30122,""10plus"":0,""2to4"":0,""5to9"":0},{""1"":27360,""10plus"":0,""2to4"":0,""5to9"":0},{""1"":24814,""10plus"":0,""2to4"":0,""5to9"":0},{""1"":22421,""10plus"":0,""2to4"":0,""5to9"":0},{""1"":20179,""10plus"":0,""2to4"":0,""5to9"":0}]",1.5737993750008172,0.6180722699791659,1571860480
D12,ud23,HERODOTUS,89f0804afded8e7a0f4e1b507030d5ef4ecaf17e422c8b2969bd6b23e62818e6,0,original,12,100,0.5,8884,dfce29b92e9a814075a20c6570c6dab8df70934f9986517f9fc7ac21356e852a,15340,17301,46817,53304,-10867.122088581411,,769296b5fa3e4e273f27083298fdb33ca39f8a36ba2d66aa3a878540605888c7,-158441.9991308042,258753,81,0.0,19,3572,53304,"[1,82,1820,11176,25440,33275,34001,31940,29248,26553,24044,21690,19483]","[{""1"":0,""10plus"":1,""2to4"":0,""5to9"":0},{""1"":6,""10plus"":55,""2to4"":16,""5to9"":5},{""1"":498,""10plus"":622,""2to4"":450,""5to9"":250},{""1"":6080,""10plus"":905,""2to4"":3156,""5to9"":1035},{""1"":19602,""10plus"":347,""2to4"":4668,""5to9"":823},{""1"":30198,""10plus"":62,""2to4"":2754,""5to9"":261},{""1"":32866,""10plus"":5,""2to4"":1066,""5to9"":64},{""1"":31544,""10plus"":3,""2to4"":381,""5to9"":12},{""1"":29078,""10plus"":2,""2to4"":164,""5to9"":4},{""1"":26456,""10plus"":2,""2to4"":95,""5to9"":0},{""1"":23982,""10plus"":2,""2to4"":60,""5to9"":0},{""1"":21645,""10plus"":2,""2to4"":43,""5to9"":0},{""1"":19451,""10plus"":2,""2to4"":30,""5to9"":0}]",0.8919750420009223,0.487219463877409,1281593344
D12,ud23,HERODOTUS,89f0804afded8e7a0f4e1b507030d5ef4ecaf17e422c8b2969bd6b23e62818e6,0,shuffled,12,100,0.5,8884,dfce29b92e9a814075a20c6570c6dab8df70934f9986517f9fc7ac21356e852a,15340,17301,46817,53304,4432.017909815098,,82f5ebb45282d897cffad9b6161a2b701e91cb1cb108e2b10d63c789f82448e5,-169309.12121938562,281070,81,1.0,19,3572,53304,"[1,82,2051,15429,34916,38489,35740,32559,29548,26742,24176,21787,19550]","[{""1"":0,""10plus"":1,""2to4"":0,""5to9"":0},{""1"":8,""10plus"":54,""2to4"":14,""5to9"":6},{""1"":518,""10plus"":718,""2to4"":507,""5to9"":308},{""1"":8680,""10plus"":959,""2to4"":4426,""5to9"":1364},{""1"":29949,""10plus"":16,""2to4"":4681,""5to9"":270},{""1"":37848,""10plus"":0,""2to4"":640,""5to9"":1},{""1"":35703,""10plus"":0,""2to4"":37,""5to9"":0},{""1"":32556,""10plus"":0,""2to4"":3,""5to9"":0},{""1"":29548,""10plus"":0,""2to4"":0,""5to9"":0},{""1"":26742,""10plus"":0,""2to4"":0,""5to9"":0},{""1"":24176,""10plus"":0,""2to4"":0,""5to9"":0},{""1"":21787,""10plus"":0,""2to4"":0,""5to9"":0},{""1"":19550,""10plus"":0,""2to4"":0,""5to9"":0}]",1.531317749999289,0.4913643169311399,1281593344
D12,ud23,HERODOTUS,89f0804afded8e7a0f4e1b507030d5ef4ecaf17e422c8b2969bd6b23e62818e6,1,original,12,100,0.5,8884,1e46bbb2a03f6e223b5c9104933357a011421080df2def874c5ee0c44092e958,15367,17301,46910,53304,-10620.588781267754,,06d6008cd3b67adaa3d5bc275ff33e886173bac0f8a444d30e1748ce4ccdbdba,-158753.34590627902,259723,84,0.0,16,3542,53304,"[1,85,1819,11210,25570,33408,34153,32076,29372,26661,24120,21740,19508]","[{""1"":0,""10plus"":1,""2to4"":0,""5to9"":0},{""1"":9,""10plus"":56,""2to4"":15,""5to9"":5},{""1"":499,""10plus"":624,""2to4"":452,""5to9"":244},{""1"":6056,""10plus"":931,""2to4"":3216,""5to9"":1007},{""1"":19647,""10plus"":329,""2to4"":4762,""5to9"":832},{""1"":30295,""10plus"":58,""2to4"":2820,""5to9"":235},{""1"":33030,""10plus"":5,""2to4"":1068,""5to9"":50},{""1"":31687,""10plus"":2,""2to4"":380,""5to9"":7},{""1"":29213,""10plus"":2,""2to4"":156,""5to9"":1},{""1"":26571,""10plus"":2,""2to4"":88,""5to9"":0},{""1"":24062,""10plus"":2,""2to4"":56,""5to9"":0},{""1"":21699,""10plus"":2,""2to4"":39,""5to9"":0},{""1"":19481,""10plus"":2,""2to4"":25,""5to9"":0}]",0.9190862080031366,0.48737213620188413,1571860480
D12,ud23,HERODOTUS,89f0804afded8e7a0f4e1b507030d5ef4ecaf17e422c8b2969bd6b23e62818e6,1,shuffled,12,100,0.5,8884,1e46bbb2a03f6e223b5c9104933357a011421080df2def874c5ee0c44092e958,15367,17301,46910,53304,4400.000326916721,,c0f2331f48efc04879cbe576369f8fed45a688c4853ad9a55eb28f18ee8a74fb,-169373.93468754677,281325,84,1.0,16,3542,53304,"[1,84,2026,15456,34710,38534,35812,32643,29626,26820,24231,21820,19562]","[{""1"":0,""10plus"":1,""2to4"":0,""5to9"":0},{""1"":9,""10plus"":56,""2to4"":15,""5to9"":4},{""1"":512,""10plus"":723,""2to4"":493,""5to9"":298},{""1"":8730,""10plus"":967,""2to4"":4449,""5to9"":1310},{""1"":29483,""10plus"":14,""2to4"":4949,""5to9"":264},{""1"":37877,""10plus"":1,""2to4"":655,""5to9"":1},{""1"":35763,""10plus"":0,""2to4"":48,""5to9"":1},{""1"":32638,""10plus"":0,""2to4"":5,""5to9"":0},{""1"":29624,""10plus"":0,""2to4"":2,""5to9"":0},{""1"":26820,""10plus"":0,""2to4"":0,""5to9"":0},{""1"":24231,""10plus"":0,""2to4"":0,""5to9"":0},{""1"":21820,""10plus"":0,""2to4"":0,""5to9"":0},{""1"":19562,""10plus"":0,""2to4"":0,""5to9"":0}]",1.2986679160021595,0.4895211887342157,1571860480
D12,ud23,HERODOTUS,89f0804afded8e7a0f4e1b507030d5ef4ecaf17e422c8b2969bd6b23e62818e6,2,original,12,100,0.5,8884,a559c9a8a61a2ceb8c336339a998c469655c350815dbe32c2c9f310c765c5571,15298,17301,46792,53304,-10654.060468431184,,e6cc8d10b8a6cea8afc10440c7fcb3b2dd554100ec82d95432301251d909bea1,-158754.69800961413,260982,84,0.0,16,3521,53304,"[1,85,1826,11221,25655,33534,34311,32229,29508,26794,24270,21886,19662]","[{""1"":0,""10plus"":1,""2to4"":0,""5to9"":0},{""1"":11,""10plus"":57,""2to4"":12,""5to9"":5},{""1"":487,""10plus"":623,""2to4"":461,""5to9"":255},{""1"":6061,""10plus"":907,""2to4"":3203,""5to9"":1050},{""1"":19704,""10plus"":333,""2to4"":4806,""5to9"":812},{""1"":30418,""10plus"":55,""2to4"":2817,""5to9"":244},{""1"":33199,""10plus"":3,""2to4"":1062,""5to9"":47},{""1"":31865,""10plus"":2,""2to4"":358,""5to9"":4},{""1"":29367,""10plus"":2,""2to4"":138,""5to9"":1},{""1"":26720,""10plus"":2,""2to4"":72,""5to9"":0},{""1"":24223,""10plus"":2,""2to4"":45,""5to9"":0},{""1"":21851,""10plus"":2,""2to4"":33,""5to9"":0},{""1"":19635,""10plus"":2,""2to4"":25,""5to9"":0}]",0.9396777080000902,0.48880086391000077,1571860480
D12,ud23,HERODOTUS,89f0804afded8e7a0f4e1b507030d5ef4ecaf17e422c8b2969bd6b23e62818e6,2,shuffled,12,100,0.5,8884,a559c9a8a61a2ceb8c336339a998c469655c350815dbe32c2c9f310c765c5571,15298,17301,46792,53304,4467.254560172238,,fa880fe5a4715bdf88ae26d98f168d1703714d506a375286af2647eea8fb5360,-169408.75847804532,282531,84,1.0,16,3521,53304,"[1,85,2076,15527,34796,38581,35931,32762,29752,26948,24380,21969,19723]","[{""1"":0,""10plus"":1,""2to4"":0,""5to9"":0},{""1"":13,""10plus"":58,""2to4"":10,""5to9"":4},{""1"":542,""10plus"":717,""2to4"":506,""5to9"":311},{""1"":8791,""10plus"":954,""2to4"":4445,""5to9"":1337},{""1"":29708,""10plus"":16,""2to4"":4797,""5to9"":275},{""1"":37879,""10plus"":0,""2to4"":701,""5to9"":1},{""1"":35885,""10plus"":0,""2to4"":46,""5to9"":0},{""1"":32761,""10plus"":0,""2to4"":1,""5to9"":0},{""1"":29752,""10plus"":0,""2to4"":0,""5to9"":0},{""1"":26948,""10plus"":0,""2to4"":0,""5to9"":0},{""1"":24380,""10plus"":0,""2to4"":0,""5to9"":0},{""1"":21969,""10plus"":0,""2to4"":0,""5to9"":0},{""1"":19723,""10plus"":0,""2to4"":0,""5to9"":0}]",1.540855458999431,0.49039856610033894,1571860480
D12,ud23,HERODOTUS,89f0804afded8e7a0f4e1b507030d5ef4ecaf17e422c8b2969bd6b23e62818e6,3,original,12,100,0.5,8884,d9dde592c9deb0f2bcc978a7eed6622c28e45afa8855ef2d2c25ca17f20ccb15,15313,17301,46823,53304,-10703.719844128093,,55fa870eb283b42366a7b630042fdcb34988a212d62eba5cd250965e2c106ee0,-158518.92990229244,258231,81,0.0,19,3573,53304,"[1,82,1804,11169,25487,33309,34035,31945,29209,26474,23920,21522,19274]","[{""1"":0,""10plus"":1,""2to4"":0,""5to9"":0},{""1"":8,""10plus"":56,""2to4"":11,""5to9"":7},{""1"":468,""10plus"":615,""2to4"":460,""5to9"":261},{""1"":6063,""10plus"":923,""2to4"":3176,""5to9"":1007},{""1"":19660,""10plus"":328,""2to4"":4626,""5to9"":873},{""1"":30162,""10plus"":59,""2to4"":2849,""5to9"":239},{""1"":32889,""10plus"":4,""2to4"":1093,""5to9"":49},{""1"":31573,""10plus"":2,""2to4"":362,""5to9"":8},{""1"":29067,""10plus"":2,""2to4"":138,""5to9"":2},{""1"":26398,""10plus"":2,""2to4"":74,""5to9"":0},{""1"":23872,""10plus"":2,""2to4"":46,""5to9"":0},{""1"":21486,""10plus"":2,""2to4"":34,""5to9"":0},{""1"":19247,""10plus"":2,""2to4"":25,""5to9"":0}]",0.946465791999799,0.4830766590384883,1571860480
D12,ud23,HERODOTUS,89f0804afded8e7a0f4e1b507030d5ef4ecaf17e422c8b2969bd6b23e62818e6,3,shuffled,12,100,0.5,8884,d9dde592c9deb0f2bcc978a7eed6622c28e45afa8855ef2d2c25ca17f20ccb15,15313,17301,46823,53304,4472.462921508093,,64f9b905104733d9803894bcac840aa6551c27ded5bd470c9a5f2540ae082830,-169222.64974642053,279982,81,1.0,19,3573,53304,"[1,81,2073,15439,34731,38456,35699,32483,29444,26621,24023,21600,19331]","[{""1"":0,""10plus"":1,""2to4"":0,""5to9"":0},{""1"":9,""10plus"":57,""2to4"":12,""5to9"":3},{""1"":540,""10plus"":716,""2to4"":533,""5to9"":284},{""1"":8672,""10plus"":948,""2to4"":4485,""5to9"":1334},{""1"":29669,""10plus"":15,""2to4"":4767,""5to9"":280},{""1"":37820,""10plus"":0,""2to4"":636,""5to9"":0},{""1"":35666,""10plus"":0,""2to4"":33,""5to9"":0},{""1"":32483,""10plus"":0,""2to4"":0,""5to9"":0},{""1"":29444,""10plus"":0,""2to4"":0,""5to9"":0},{""1"":26621,""10plus"":0,""2to4"":0,""5to9"":0},{""1"":24023,""10plus"":0,""2to4"":0,""5to9"":0},{""1"":21600,""10plus"":0,""2to4"":0,""5to9"":0},{""1"":19331,""10plus"":0,""2to4"":0,""5to9"":0}]",1.5471315840004536,0.485263058963028,1571860480
D12,ud23,HERODOTUS,89f0804afded8e7a0f4e1b507030d5ef4ecaf17e422c8b2969bd6b23e62818e6,4,original,12,100,0.5,8884,2078d3190299b02bf9797be361d054c48deee8aa9e70415b2e2ef2fccd2da45a,15326,17301,46809,53304,-10726.061887123884,,29621f96013a5cd6c6b4048432a1f682e8e700b3787cdb395c4ec3545c1cedc9,-158768.5233270228,259299,83,0.0,17,3557,53304,"[1,82,1826,11295,25631,33386,34060,31988,29299,26579,24048,21667,19437]","[{""1"":0,""10plus"":1,""2to4"":0,""5to9"":0},{""1"":8,""10plus"":56,""2to4"":13,""5to9"":5},{""1"":489,""10plus"":628,""2to4"":450,""5to9"":259},{""1"":6183,""10plus"":895,""2to4"":3182,""5to9"":1035},{""1"":19858,""10plus"":334,""2to4"":4634,""5to9"":805},{""1"":30328,""10plus"":57,""2to4"":2732,""5to9"":269},{""1"":32937,""10plus"":6,""2to4"":1055,""5to9"":62},{""1"":31608,""10plus"":2,""2to4"":365,""5to9"":13},{""1"":29159,""10plus"":2,""2to4"":133,""5to9"":5},{""1"":26503,""10plus"":2,""2to4"":73,""5to9"":1},{""1"":24000,""10plus"":2,""2to4"":46,""5to9"":0},{""1"":21630,""10plus"":2,""2to4"":35,""5to9"":0},{""1"":19411,""10plus"":2,""2to4"":24,""5to9"":0}]",0.9073792919989501,0.4850928840896813,1571860480
D12,ud23,HERODOTUS,89f0804afded8e7a0f4e1b507030d5ef4ecaf17e422c8b2969bd6b23e62818e6,4,shuffled,12,100,0.5,8884,2078d3190299b02bf9797be361d054c48deee8aa9e70415b2e2ef2fccd2da45a,15326,17301,46809,53304,4455.422682009346,,27ab9479fc40fcb773b2d7a23d84fa8d4eb53209fc648fe4b30e381903a2073f,-169494.58521414667,281210,83,1.0,17,3557,53304,"[1,83,2062,15616,34970,38556,35768,32558,29532,26715,24136,21732,19481]","[{""1"":0,""10plus"":1,""2to4"":0,""5to9"":0},{""1"":9,""10plus"":55,""2to4"":15,""5to9"":4},{""1"":538,""10plus"":729,""2to4"":499,""5to9"":296},{""1"":8854,""10plus"":949,""2to4"":4482,""5to9"":1331},{""1"":30009,""10plus"":9,""2to4"":4697,""5to9"":255},{""1"":37952,""10plus"":0,""2to4"":604,""5to9"":0},{""1"":35738,""10plus"":0,""2to4"":30,""5to9"":0},{""1"":32558,""10plus"":0,""2to4"":0,""5to9"":0},{""1"":29532,""10plus"":0,""2to4"":0,""5to9"":0},{""1"":26715,""10plus"":0,""2to4"":0,""5to9"":0},{""1"":24136,""10plus"":0,""2to4"":0,""5to9"":0},{""1"":21732,""10plus"":0,""2to4"":0,""5to9"":0},{""1"":19481,""10plus"":0,""2to4"":0,""5to9"":0}]",1.5483821249981702,0.4875944097911997,1571860480
D12,ud23,HERODOTUS,89f0804afded8e7a0f4e1b507030d5ef4ecaf17e422c8b2969bd6b23e62818e6,5,original,12,100,0.5,8884,ab0fa826d8fd0133d68dff12a7fcd32c8b6052ccc9361fe1591cd4a9902b05ff,15301,17301,46937,53304,-10824.609567083651,,8411fe0b46aa75ac2d8029b27703e057b83dfbc4c6cb77289eca2ed98c51182a,-158581.84862034334,260616,84,0.0,16,3532,53304,"[1,83,1835,11239,25541,33478,34257,32198,29495,26786,24243,21852,19608]","[{""1"":0,""10plus"":1,""2to4"":0,""5to9"":0},{""1"":4,""10plus"":57,""2to4"":19,""5to9"":3},{""1"":492,""10plus"":622,""2to4"":464,""5to9"":257},{""1"":6140,""10plus"":913,""2to4"":3190,""5to9"":996},{""1"":19642,""10plus"":328,""2to4"":4708,""5to9"":863},{""1"":30354,""10plus"":53,""2to4"":2820,""5to9"":251},{""1"":33131,""10plus"":4,""2to4"":1068,""5to9"":54},{""1"":31825,""10plus"":2,""2to4"":363,""5to9"":8},{""1"":29353,""10plus"":2,""2to4"":139,""5to9"":1},{""1"":26718,""10plus"":2,""2to4"":66,""5to9"":0},{""1"":24202,""10plus"":2,""2to4"":39,""5to9"":0},{""1"":21824,""10plus"":2,""2to4"":26,""5to9"":0},{""1"":19588,""10plus"":2,""2to4"":18,""5to9"":0}]",0.9294696249999106,0.49094322479868424,1571860480
D12,ud23,HERODOTUS,89f0804afded8e7a0f4e1b507030d5ef4ecaf17e422c8b2969bd6b23e62818e6,5,shuffled,12,100,0.5,8884,ab0fa826d8fd0133d68dff12a7fcd32c8b6052ccc9361fe1591cd4a9902b05ff,15301,17301,46937,53304,4377.102757464134,,8fa27343ef526d7472256c82e04e0b89832724f4f1a396a7342831bedb4a232a,-169406.458187427,282141,84,1.0,16,3532,53304,"[1,85,2048,15426,34822,38603,35909,32729,29717,26910,24327,21912,19652]","[{""1"":0,""10plus"":1,""2to4"":0,""5to9"":0},{""1"":8,""10plus"":57,""2to4"":19,""5to9"":1},{""1"":528,""10plus"":722,""2to4"":498,""5to9"":300},{""1"":8679,""10plus"":955,""2to4"":4472,""5to9"":1320},{""1"":29699,""10plus"":10,""2to4"":4843,""5to9"":270},{""1"":37933,""10plus"":0,""2to4"":670,""5to9"":0},{""1"":35877,""10plus"":0,""2to4"":32,""5to9"":0},{""1"":32729,""10plus"":0,""2to4"":0,""5to9"":0},{""1"":29717,""10plus"":0,""2to4"":0,""5to9"":0},{""1"":26910,""10plus"":0,""2to4"":0,""5to9"":0},{""1"":24327,""10plus"":0,""2to4"":0,""5to9"":0},{""1"":21912,""10plus"":0,""2to4"":0,""5to9"":0},{""1"":19652,""10plus"":0,""2to4"":0,""5to9"":0}]",1.5468341249979858,0.4907000591083488,1571860480
D12,ud23,HERODOTUS,89f0804afded8e7a0f4e1b507030d5ef4ecaf17e422c8b2969bd6b23e62818e6,6,original,12,100,0.5,8884,d116408da49b71228e094f2c00b604e55ed53e1b6fc70ccc08ccb0981d749ff3,15347,17301,46913,53304,-10756.750466099591,,79aa4972d2ff4eb6915b2eb5367334a735899a6a1a306228831c7f0e1c3e4e17,-158342.9820880134,257659,84,0.0,16,3577,53304,"[1,85,1796,11088,25349,33202,33941,31875,29148,26437,23903,21528,19306]","[{""1"":0,""10plus"":1,""2to4"":0,""5to9"":0},{""1"":12,""10plus"":54,""2to4"":11,""5to9"":8},{""1"":490,""10plus"":623,""2to4"":433,""5to9"":250},{""1"":6010,""10plus"":918,""2to4"":3143,""5to9"":1017},{""1"":19500,""10plus"":348,""2to4"":4685,""5to9"":816},{""1"":30089,""10plus"":57,""2to4"":2796,""5to9"":260},{""1"":32763,""10plus"":5,""2to4"":1118,""5to9"":55},{""1"":31475,""10plus"":3,""2to4"":391,""5to9"":6},{""1"":28971,""10plus"":2,""2to4"":173,""5to9"":2},{""1"":26331,""10plus"":2,""2to4"":104,""5to9"":0},{""1"":23829,""10plus"":2,""2to4"":72,""5to9"":0},{""1"":21470,""10plus"":2,""2to4"":56,""5to9"":0},{""1"":19263,""10plus"":2,""2to4"":41,""5to9"":0}]",0.9154891250000219,0.48531601103240973,1571860480
D12,ud23,HERODOTUS,89f0804afded8e7a0f4e1b507030d5ef4ecaf17e422c8b2969bd6b23e62818e6,6,shuffled,12,100,0.5,8884,d116408da49b71228e094f2c00b604e55ed53e1b6fc70ccc08ccb0981d749ff3,15347,17301,46913,53304,4367.14999621149,,8be9a461bdac30d78c5f2559fb2f08c7df99707f96a0b784a24e7be6bc3a3bba,-169099.732554113,279748,84,1.0,16,3577,53304,"[1,84,2048,15292,34602,38432,35679,32468,29444,26631,24045,21637,19385]","[{""1"":0,""10plus"":1,""2to4"":0,""5to9"":0},{""1"":12,""10plus"":55,""2to4"":10,""5to9"":7},{""1"":533,""10plus"":708,""2to4"":509,""5to9"":298},{""1"":8600,""10plus"":943,""2to4"":4407,""5to9"":1342},{""1"":29471,""10plus"":10,""2to4"":4829,""5to9"":292},{""1"":37779,""10plus"":0,""2to4"":653,""5to9"":0},{""1"":35641,""10plus"":0,""2to4"":38,""5to9"":0},{""1"":32465,""10plus"":0,""2to4"":3,""5to9"":0},{""1"":29443,""10plus"":0,""2to4"":1,""5to9"":0},{""1"":26631,""10plus"":0,""2to4"":0,""5to9"":0},{""1"":24045,""10plus"":0,""2to4"":0,""5to9"":0},{""1"":21637,""10plus"":0,""2to4"":0,""5to9"":0},{""1"":19385,""10plus"":0,""2to4"":0,""5to9"":0}]",1.5273264999996172,0.4860842471498472,1571860480
D12,ud23,HERODOTUS,89f0804afded8e7a0f4e1b507030d5ef4ecaf17e422c8b2969bd6b23e62818e6,7,original,12,100,0.5,8884,c472fb13ba8c2eac45a36eaad610e3c95b48c840c2fda259724dd5bae072784a,15248,17301,46845,53304,-10702.299725736724,,f18b978012a9a0d7e2c805809049dca9df513df421fd80283f384c0201589c20,-158709.40210518843,259698,81,0.0,19,3551,53304,"[1,82,1824,11271,25540,33261,34041,32036,29379,26691,24176,21805,19591]","[{""1"":0,""10plus"":1,""2to4"":0,""5to9"":0},{""1"":6,""10plus"":56,""2to4"":14,""5to9"":6},{""1"":484,""10plus"":626,""2to4"":454,""5to9"":260},{""1"":6162,""10plus"":914,""2to4"":3181,""5to9"":1014},{""1"":19722,""10plus"":350,""2to4"":4656,""5to9"":812},{""1"":30121,""10plus"":61,""2to4"":2812,""5to9"":267},{""1"":32847,""10plus"":6,""2to4"":1133,""5to9"":55},{""1"":31626,""10plus"":2,""2to4"":398,""5to9"":10},{""1"":29218,""10plus"":2,""2to4"":155,""5to9"":4},{""1"":26607,""10plus"":2,""2to4"":80,""5to9"":2},{""1"":24123,""10plus"":2,""2to4"":50,""5to9"":1},{""1"":21768,""10plus"":2,""2to4"":35,""5to9"":0},{""1"":19565,""10plus"":2,""2to4"":24,""5to9"":0}]",0.9489636670004984,0.48267162289630505,1571860480
D12,ud23,HERODOTUS,89f0804afded8e7a0f4e1b507030d5ef4ecaf17e422c8b2969bd6b23e62818e6,7,shuffled,12,100,0.5,8884,c472fb13ba8c2eac45a36eaad610e3c95b48c840c2fda259724dd5bae072784a,15248,17301,46845,53304,4313.847572178231,,df50930ca2e4876721a17daa36ad1239b8c863de0c4595633594de597872513e,-169411.70183092516,281590,81,1.0,19,3551,53304,"[1,82,2086,15425,34751,38502,35808,32639,29644,26848,24282,21880,19642]","[{""1"":0,""10plus"":1,""2to4"":0,""5to9"":0},{""1"":7,""10plus"":56,""2to4"":14,""5to9"":5},{""1"":573,""10plus"":716,""2to4"":497,""5to9"":300},{""1"":8723,""10plus"":956,""2to4"":4407,""5to9"":1339},{""1"":29647,""10plus"":10,""2to4"":4803,""5to9"":291},{""1"":37822,""10plus"":0,""2to4"":679,""5to9"":1},{""1"":35763,""10plus"":0,""2to4"":45,""5to9"":0},{""1"":32634,""10plus"":0,""2to4"":5,""5to9"":0},{""1"":29643,""10plus"":0,""2to4"":1,""5to9"":0},{""1"":26848,""10plus"":0,""2to4"":0,""5to9"":0},{""1"":24282,""10plus"":0,""2to4"":0,""5to9"":0},{""1"":21880,""10plus"":0,""2to4"":0,""5to9"":0},{""1"":19642,""10plus"":0,""2to4"":0,""5to9"":0}]",1.553748458998598,0.48227490941644646,1571860480
D12,ud23,HERODOTUS,89f0804afded8e7a0f4e1b507030d5ef4ecaf17e422c8b2969bd6b23e62818e6,8,original,12,100,0.5,8884,ee995068c38ac1e246b99066a697ae06ae98e729c8a87e7b30220820de5a2c3b,15332,17301,46711,53304,-10761.539500985265,,64520853e3e853c6803539b3c4af71f1ead57084c9ef25e400bdaee149c52c5a,-158582.58090258867,258750,82,0.0,18,3555,53304,"[1,82,1785,11187,25432,33316,34069,32004,29279,26557,24007,21627,19404]","[{""1"":0,""10plus"":1,""2to4"":0,""5to9"":0},{""1"":8,""10plus"":55,""2to4"":14,""5to9"":5},{""1"":448,""10plus"":618,""2to4"":449,""5to9"":270},{""1"":6080,""10plus"":909,""2to4"":3188,""5to9"":1010},{""1"":19537,""10plus"":333,""2to4"":4737,""5to9"":825},{""1"":30142,""10plus"":57,""2to4"":2868,""5to9"":249},{""1"":32915,""10plus"":5,""2to4"":1101,""5to9"":48},{""1"":31603,""10plus"":2,""2to4"":393,""5to9"":6},{""1"":29111,""10plus"":2,""2to4"":165,""5to9"":1},{""1"":26468,""10plus"":2,""2to4"":87,""5to9"":0},{""1"":23949,""10plus"":2,""2to4"":56,""5to9"":0},{""1"":21582,""10plus"":2,""2to4"":43,""5to9"":0},{""1"":19371,""10plus"":2,""2to4"":31,""5to9"":0}]",0.950392541999463,0.4851906230178429,1571860480
D12,ud23,HERODOTUS,89f0804afded8e7a0f4e1b507030d5ef4ecaf17e422c8b2969bd6b23e62818e6,8,shuffled,12,100,0.5,8884,ee995068c38ac1e246b99066a697ae06ae98e729c8a87e7b30220820de5a2c3b,15332,17301,46711,53304,4302.494780064095,,d5a75d6f142873192fa4105488ac0a189515aaf7bac86d41324d4c3c420717ad,-169344.12040357394,280626,82,1.0,18,3555,53304,"[1,83,2042,15394,34713,38519,35759,32572,29541,26713,24115,21710,19464]","[{""1"":0,""10plus"":1,""2to4"":0,""5to9"":0},{""1"":10,""10plus"":56,""2to4"":13,""5to9"":4},{""1"":504,""10plus"":709,""2to4"":527,""5to9"":302},{""1"":8669,""10plus"":953,""2to4"":4445,""5to9"":1327},{""1"":29569,""10plus"":8,""2to4"":4874,""5to9"":262},{""1"":37868,""10plus"":0,""2to4"":650,""5to9"":1},{""1"":35710,""10plus"":0,""2to4"":49,""5to9"":0},{""1"":32569,""10plus"":0,""2to4"":3,""5to9"":0},{""1"":29540,""10plus"":0,""2to4"":1,""5to9"":0},{""1"":26713,""10plus"":0,""2to4"":0,""5to9"":0},{""1"":24115,""10plus"":0,""2to4"":0,""5to9"":0},{""1"":21710,""10plus"":0,""2to4"":0,""5to9"":0},{""1"":19464,""10plus"":0,""2to4"":0,""5to9"":0}]",1.2956217499995546,0.4834001280760276,1571860480
D12,ud23,HERODOTUS,89f0804afded8e7a0f4e1b507030d5ef4ecaf17e422c8b2969bd6b23e62818e6,9,original,12,100,0.5,8884,281eed1e61ac917ae0f99659aa9090f35e0e74ddfcba13d4921ade5ca0d49b9d,15251,17301,46975,53304,-10753.319785513566,,d62de642dbf63632aa91f89152e70a54ec9f56547a51edf71826f8548c7e0b5e,-158706.9402471167,258928,83,0.0,17,3566,53304,"[1,83,1820,11208,25505,33355,34067,31958,29258,26558,24034,21654,19427]","[{""1"":0,""10plus"":1,""2to4"":0,""5to9"":0},{""1"":7,""10plus"":56,""2to4"":14,""5to9"":6},{""1"":482,""10plus"":628,""2to4"":455,""5to9"":255},{""1"":6131,""10plus"":917,""2to4"":3164,""5to9"":996},{""1"":19609,""10plus"":341,""2to4"":4722,""5to9"":833},{""1"":30240,""10plus"":55,""2to4"":2821,""5to9"":239},{""1"":32939,""10plus"":5,""2to4"":1074,""5to9"":49},{""1"":31570,""10plus"":3,""2to4"":378,""5to9"":7},{""1"":29114,""10plus"":2,""2to4"":140,""5to9"":2},{""1"":26486,""10plus"":2,""2to4"":70,""5to9"":0},{""1"":23990,""10plus"":2,""2to4"":42,""5to9"":0},{""1"":21619,""10plus"":2,""2to4"":33,""5to9"":0},{""1"":19402,""10plus"":2,""2to4"":23,""5to9"":0}]",0.9772870829983731,0.48749727056201664,1571860480
D12,ud23,HERODOTUS,89f0804afded8e7a0f4e1b507030d5ef4ecaf17e422c8b2969bd6b23e62818e6,9,shuffled,12,100,0.5,8884,281eed1e61ac917ae0f99659aa9090f35e0e74ddfcba13d4921ade5ca0d49b9d,15251,17301,46975,53304,4447.41271999164,,25ef1b94a357a1a5354e1e2b4d520467b2fa75dd894372b7176db0c91268ece3,-169460.26003263026,280667,83,1.0,17,3566,53304,"[1,82,2061,15526,34777,38428,35719,32528,29503,26702,24132,21729,19479]","[{""1"":0,""10plus"":1,""2to4"":0,""5to9"":0},{""1"":8,""10plus"":56,""2to4"":13,""5to9"":5},{""1"":532,""10plus"":704,""2to4"":506,""5to9"":319},{""1"":8854,""10plus"":975,""2to4"":4404,""5to9"":1293},{""1"":29703,""10plus"":10,""2to4"":4786,""5to9"":278},{""1"":37728,""10plus"":0,""2to4"":700,""5to9"":0},{""1"":35660,""10plus"":0,""2to4"":59,""5to9"":0},{""1"":32523,""10plus"":0,""2to4"":5,""5to9"":0},{""1"":29503,""10plus"":0,""2to4"":0,""5to9"":0},{""1"":26702,""10plus"":0,""2to4"":0,""5to9"":0},{""1"":24132,""10plus"":0,""2to4"":0,""5to9"":0},{""1"":21729,""10plus"":0,""2to4"":0,""5to9"":0},{""1"":19479,""10plus"":0,""2to4"":0,""5to9"":0}]",1.288808458000858,0.4912256481584336,1571860480
D12,ud23,HESIODIC_TRADITION,c4c0c7eaeca0d61d2e53f4f0642bfa382e91dd28b470d2f4da2ba8539fe0e7f7,0,original,12,100,0.5,8884,122fb0d79dc3d8a1f3ecc96637b506459b7a5e2c89e5ce9e15007053344dcef3,8052,9282,47034,53304,-11302.257111155923,,394589b9758b3d1bc89063ba2c01e2452b29acdd4dab6a7232eb0c81f490d01e,-156745.92792759015,266245,80,0.0,20,3359,53304,"[1,80,1818,11133,25305,33491,34847,33042,30413,27720,25160,22751,20484]","[{""1"":0,""10plus"":1,""2to4"":0,""5to9"":0},{""1"":6,""10plus"":55,""2to4"":9,""5to9"":10},{""1"":503,""10plus"":620,""2to4"":443,""5to9"":252},{""1"":6101,""10plus"":890,""2to4"":3180,""5to9"":962},{""1"":19572,""10plus"":372,""2to4"":4513,""5to9"":848},{""1"":30149,""10plus"":68,""2to4"":2999,""5to9"":275},{""1"":33580,""10plus"":8,""2to4"":1215,""5to9"":44},{""1"":32622,""10plus"":0,""2to4"":416,""5to9"":4},{""1"":30261,""10plus"":0,""2to4"":152,""5to9"":0},{""1"":27642,""10plus"":0,""2to4"":78,""5to9"":0},{""1"":25113,""10plus"":0,""2to4"":47,""5to9"":0},{""1"":22719,""10plus"":0,""2to4"":32,""5to9"":0},{""1"":20460,""10plus"":0,""2to4"":24,""5to9"":0}]",0.9505009160002373,0.2346088270078326,1305018368
D12,ud23,HESIODIC_TRADITION,c4c0c7eaeca0d61d2e53f4f0642bfa382e91dd28b470d2f4da2ba8539fe0e7f7,0,shuffled,12,100,0.5,8884,122fb0d79dc3d8a1f3ecc96637b506459b7a5e2c89e5ce9e15007053344dcef3,8052,9282,47034,53304,4729.027751662768,,8197253b66cfb2090b1a6fb41bef1be9bdc2201155998a0726214e28528de82a,-168048.18503874607,288510,80,1.0,20,3359,53304,"[1,80,2037,15259,34749,39195,36655,33577,30605,27820,25223,22794,20515]","[{""1"":0,""10plus"":1,""2to4"":0,""5to9"":0},{""1"":8,""10plus"":56,""2to4"":7,""5to9"":9},{""1"":527,""10plus"":701,""2to4"":509,""5to9"":300},{""1"":8652,""10plus"":924,""2to4"":4313,""5to9"":1370},{""1"":29435,""10plus"":19,""2to4"":4994,""5to9"":301},{""1"":38494,""10plus"":0,""2to4"":701,""5to9"":0},{""1"":36607,""10plus"":0,""2to4"":48,""5to9"":0},{""1"":33574,""10plus"":0,""2to4"":3,""5to9"":0},{""1"":30605,""10plus"":0,""2to4"":0,""5to9"":0},{""1"":27820,""10plus"":0,""2to4"":0,""5to9"":0},{""1"":25223,""10plus"":0,""2to4"":0,""5to9"":0},{""1"":22794,""10plus"":0,""2to4"":0,""5to9"":0},{""1"":20515,""10plus"":0,""2to4"":0,""5to9"":0}]",1.661634915999457,0.23446995103404333,1305018368
D12,ud23,HESIODIC_TRADITION,c4c0c7eaeca0d61d2e53f4f0642bfa382e91dd28b470d2f4da2ba8539fe0e7f7,1,original,12,100,0.5,8884,54133ba6f02295ae08646a141efb65dff939cab1f38e534d8a6f44b9174ea89c,8022,9282,47039,53304,-11160.307538458175,,de041c50b95771a158e1a7d6815e773484bc0a049f5095354bdcbb1ef628f374,-157078.3895324822,265999,83,0.0,17,3391,53304,"[1,84,1817,11188,25396,33640,34894,33025,30343,27618,25041,22613,20339]","[{""1"":0,""10plus"":1,""2to4"":0,""5to9"":0},{""1"":11,""10plus"":56,""2to4"":10,""5to9"":7},{""1"":480,""10plus"":608,""2to4"":464,""5to9"":265},{""1"":6156,""10plus"":884,""2to4"":3180,""5to9"":968},{""1"":19640,""10plus"":375,""2to4"":4539,""5to9"":842},{""1"":30376,""10plus"":61,""2to4"":2916,""5to9"":287},{""1"":33731,""10plus"":2,""2to4"":1098,""5to9"":63},{""1"":32697,""10plus"":0,""2to4"":318,""5to9"":10},{""1"":30252,""10plus"":0,""2to4"":86,""5to9"":5},{""1"":27580,""10plus"":0,""2to4"":35,""5to9"":3},{""1"":25019,""10plus"":0,""2to4"":20,""5to9"":2},{""1"":22597,""10plus"":0,""2to4"":15,""5to9"":1},{""1"":20327,""10plus"":0,""2to4"":12,""5to9"":0}]",0.9479178750007122,0.23366690006150748,1571860480
D12,ud23,HESIODIC_TRADITION,c4c0c7eaeca0d61d2e53f4f0642bfa382e91dd28b470d2f4da2ba8539fe0e7f7,1,shuffled,12,100,0.5,8884,54133ba6f02295ae08646a141efb65dff939cab1f38e534d8a6f44b9174ea89c,8022,9282,47039,53304,4720.4397563687235,,76ca649646ca02719f182cb9ff6000a8cfe47e2df1d4d4278f170f51f8dec4e8,-168238.69707094037,287309,83,1.0,17,3391,53304,"[1,83,2047,15309,34701,39012,36520,33433,30463,27673,25074,22637,20356]","[{""1"":0,""10plus"":1,""2to4"":0,""5to9"":0},{""1"":10,""10plus"":56,""2to4"":9,""5to9"":8},{""1"":519,""10plus"":690,""2to4"":531,""5to9"":307},{""1"":8611,""10plus"":924,""2to4"":4403,""5to9"":1371},{""1"":29458,""10plus"":24,""2to4"":4892,""5to9"":327},{""1"":38274,""10plus"":0,""2to4"":738,""5to9"":0},{""1"":36471,""10plus"":0,""2to4"":49,""5to9"":0},{""1"":33431,""10plus"":0,""2to4"":2,""5to9"":0},{""1"":30463,""10plus"":0,""2to4"":0,""5to9"":0},{""1"":27673,""10plus"":0,""2to4"":0,""5to9"":0},{""1"":25074,""10plus"":0,""2to4"":0,""5to9"":0},{""1"":22637,""10plus"":0,""2to4"":0,""5to9"":0},{""1"":20356,""10plus"":0,""2to4"":0,""5to9"":0}]",1.5525874580016534,0.23186651006835746,1571860480
D12,ud23,HESIODIC_TRADITION,c4c0c7eaeca0d61d2e53f4f0642bfa382e91dd28b470d2f4da2ba8539fe0e7f7,2,original,12,100,0.5,8884,a3781ee7a5a9e02423695828fa503b846ef7d7601c3b9e9213c98f2e2bed3a39,7950,9282,47050,53304,-10919.650014363171,,663b7d32f0c1e873c7bbe8ed9e2533b0a6ad67f5a22d97a8b43d4fe9b9c76844,-157398.47018775743,265856,85,0.0,15,3397,53304,"[1,85,1811,11256,25540,33641,34804,32942,30300,27593,25016,22581,20286]","[{""1"":0,""10plus"":1,""2to4"":0,""5to9"":0},{""1"":9,""10plus"":56,""2to4"":13,""5to9"":7},{""1"":467,""10plus"":619,""2to4"":449,""5to9"":276},{""1"":6128,""10plus"":881,""2to4"":3255,""5to9"":992},{""1"":19768,""10plus"":380,""2to4"":4602,""5to9"":790},{""1"":30444,""10plus"":70,""2to4"":2855,""5to9"":272},{""1"":33612,""10plus"":5,""2to4"":1139,""5to9"":48},{""1"":32572,""10plus"":1,""2to4"":362,""5to9"":7},{""1"":30180,""10plus"":0,""2to4"":115,""5to9"":5},{""1"":27541,""10plus"":0,""2to4"":49,""5to9"":3},{""1"":24980,""10plus"":0,""2to4"":34,""5to9"":2},{""1"":22554,""10plus"":0,""2to4"":26,""5to9"":1},{""1"":20266,""10plus"":0,""2to4"":20,""5to9"":0}]",1.0064963750010065,0.2369289369780745,1571860480
D12,ud23,HESIODIC_TRADITION,c4c0c7eaeca0d61d2e53f4f0642bfa382e91dd28b470d2f4da2ba8539fe0e7f7,2,shuffled,12,100,0.5,8884,a3781ee7a5a9e02423695828fa503b846ef7d7601c3b9e9213c98f2e2bed3a39,7950,9282,47050,53304,4781.782595035766,,9d8d70d108ba328b44f97cf4fb1bb87d9a0c88d56af4e682ba91ce5a3481bc08,-168318.1202021206,287231,85,1.0,15,3397,53304,"[1,85,2074,15254,34745,39038,36500,33409,30455,27668,25068,22620,20314]","[{""1"":0,""10plus"":1,""2to4"":0,""5to9"":0},{""1"":9,""10plus"":56,""2to4"":12,""5to9"":8},{""1"":560,""10plus"":712,""2to4"":520,""5to9"":282},{""1"":8491,""10plus"":930,""2to4"":4505,""5to9"":1328},{""1"":29484,""10plus"":23,""2to4"":4908,""5to9"":330},{""1"":38328,""10plus"":0,""2to4"":710,""5to9"":0},{""1"":36455,""10plus"":0,""2to4"":45,""5to9"":0},{""1"":33406,""10plus"":0,""2to4"":3,""5to9"":0},{""1"":30455,""10plus"":0,""2to4"":0,""5to9"":0},{""1"":27668,""10plus"":0,""2to4"":0,""5to9"":0},{""1"":25068,""10plus"":0,""2to4"":0,""5to9"":0},{""1"":22620,""10plus"":0,""2to4"":0,""5to9"":0},{""1"":20314,""10plus"":0,""2to4"":0,""5to9"":0}]",1.3239148749999003,0.23613365892742877,1571860480
D12,ud23,HESIODIC_TRADITION,c4c0c7eaeca0d61d2e53f4f0642bfa382e91dd28b470d2f4da2ba8539fe0e7f7,3,original,12,100,0.5,8884,cbd74e0d1639da87ca5236dbe5dec0c239ef76bdf5d357c5ad2702ae82afb8e3,8041,9282,46947,53304,-11091.718606528972,,d412de8e9c8e1e0f19997a59dc5fe6d471cd308e32063159765338da3829cf78,-157184.7715333812,266043,80,0.0,20,3397,53304,"[1,81,1831,11236,25613,33693,34830,32947,30281,27585,25017,22602,20326]","[{""1"":0,""10plus"":1,""2to4"":0,""5to9"":0},{""1"":6,""10plus"":57,""2to4"":9,""5to9"":9},{""1"":492,""10plus"":606,""2to4"":469,""5to9"":264},{""1"":6175,""10plus"":873,""2to4"":3177,""5to9"":1011},{""1"":19912,""10plus"":365,""2to4"":4518,""5to9"":818},{""1"":30518,""10plus"":69,""2to4"":2836,""5to9"":270},{""1"":33637,""10plus"":4,""2to4"":1137,""5to9"":52},{""1"":32577,""10plus"":0,""2to4"":364,""5to9"":6},{""1"":30151,""10plus"":0,""2to4"":129,""5to9"":1},{""1"":27526,""10plus"":0,""2to4"":59,""5to9"":0},{""1"":24988,""10plus"":0,""2to4"":29,""5to9"":0},{""1"":22585,""10plus"":0,""2to4"":17,""5to9"":0},{""1"":20316,""10plus"":0,""2to4"":10,""5to9"":0}]",1.011226999999053,0.23211036797511042,1571860480
D12,ud23,HESIODIC_TRADITION,c4c0c7eaeca0d61d2e53f4f0642bfa382e91dd28b470d2f4da2ba8539fe0e7f7,3,shuffled,12,100,0.5,8884,cbd74e0d1639da87ca5236dbe5dec0c239ef76bdf5d357c5ad2702ae82afb8e3,8041,9282,46947,53304,4799.681656742003,,c0cb333a4b7d71be74dcf0a9e103fb7e979f90bbbdd00693ba5f2a5a07658b2d,-168276.49013991017,287322,80,1.0,20,3397,53304,"[1,81,2064,15434,34725,38996,36500,33411,30439,27655,25053,22624,20339]","[{""1"":0,""10plus"":1,""2to4"":0,""5to9"":0},{""1"":7,""10plus"":57,""2to4"":9,""5to9"":8},{""1"":547,""10plus"":710,""2to4"":502,""5to9"":305},{""1"":8697,""10plus"":910,""2to4"":4499,""5to9"":1328},{""1"":29560,""10plus"":22,""2to4"":4807,""5to9"":336},{""1"":38239,""10plus"":0,""2to4"":755,""5to9"":2},{""1"":36452,""10plus"":0,""2to4"":48,""5to9"":0},{""1"":33410,""10plus"":0,""2to4"":1,""5to9"":0},{""1"":30439,""10plus"":0,""2to4"":0,""5to9"":0},{""1"":27655,""10plus"":0,""2to4"":0,""5to9"":0},{""1"":25053,""10plus"":0,""2to4"":0,""5to9"":0},{""1"":22624,""10plus"":0,""2to4"":0,""5to9"":0},{""1"":20339,""10plus"":0,""2to4"":0,""5to9"":0}]",1.3336187500026426,0.23094610099724378,1571860480
D12,ud23,HESIODIC_TRADITION,c4c0c7eaeca0d61d2e53f4f0642bfa382e91dd28b470d2f4da2ba8539fe0e7f7,4,original,12,100,0.5,8884,f50ca6efca85d5aeafb7dd17ac080b1eea597cfea006d94db0b1df39a0be7a59,8069,9282,46973,53304,-11377.576932045806,,c1715f12d73f168ba05f120b1a5f168efb4c5e6c7cd063db01b3e0388c34cc47,-157091.3664670438,265113,81,0.0,19,3419,53304,"[1,82,1827,11251,25454,33586,34734,32849,30184,27471,24912,22511,20251]","[{""1"":0,""10plus"":1,""2to4"":0,""5to9"":0},{""1"":7,""10plus"":55,""2to4"":10,""5to9"":10},{""1"":493,""10plus"":616,""2to4"":457,""5to9"":261},{""1"":6226,""10plus"":881,""2to4"":3190,""5to9"":954},{""1"":19733,""10plus"":365,""2to4"":4560,""5to9"":796},{""1"":30386,""10plus"":67,""2to4"":2859,""5to9"":274},{""1"":33566,""10plus"":2,""2to4"":1106,""5to9"":60},{""1"":32484,""10plus"":0,""2to4"":359,""5to9"":6},{""1"":30063,""10plus"":0,""2to4"":120,""5to9"":1},{""1"":27411,""10plus"":0,""2to4"":60,""5to9"":0},{""1"":24877,""10plus"":0,""2to4"":35,""5to9"":0},{""1"":22492,""10plus"":0,""2to4"":19,""5to9"":0},{""1"":20240,""10plus"":0,""2to4"":11,""5to9"":0}]",0.9963765419997799,0.23179241792604444,1571860480
D12,ud23,HESIODIC_TRADITION,c4c0c7eaeca0d61d2e53f4f0642bfa382e91dd28b470d2f4da2ba8539fe0e7f7,4,shuffled,12,100,0.5,8884,f50ca6efca85d5aeafb7dd17ac080b1eea597cfea006d94db0b1df39a0be7a59,8069,9282,46973,53304,4746.815737388068,,9e6feda6db0f0577c14a9e508a1428dcdc8652e6b3bc1cad36c5f80bd9a8fe3c,-168468.9433990896,286652,81,1.0,19,3419,53304,"[1,82,2072,15427,34848,38945,36388,33291,30322,27536,24948,22530,20262]","[{""1"":0,""10plus"":1,""2to4"":0,""5to9"":0},{""1"":8,""10plus"":55,""2to4"":10,""5to9"":9},{""1"":553,""10plus"":716,""2to4"":517,""5to9"":286},{""1"":8673,""10plus"":887,""2to4"":4483,""5to9"":1384},{""1"":29743,""10plus"":12,""2to4"":4744,""5to9"":349},{""1"":38215,""10plus"":0,""2to4"":730,""5to9"":0},{""1"":36335,""10plus"":0,""2to4"":53,""5to9"":0},{""1"":33288,""10plus"":0,""2to4"":3,""5to9"":0},{""1"":30322,""10plus"":0,""2to4"":0,""5to9"":0},{""1"":27536,""10plus"":0,""2to4"":0,""5to9"":0},{""1"":24948,""10plus"":0,""2to4"":0,""5to9"":0},{""1"":22530,""10plus"":0,""2to4"":0,""5to9"":0},{""1"":20262,""10plus"":0,""2to4"":0,""5to9"":0}]",1.320355458999984,0.5375489728794491,1571860480
D12,ud23,HESIODIC_TRADITION,c4c0c7eaeca0d61d2e53f4f0642bfa382e91dd28b470d2f4da2ba8539fe0e7f7,5,original,12,100,0.5,8884,e5a58a893fcc90d0fa57a1792c19d9aade4730b513dfaf557bf8815d1ad066b4,8032,9282,47125,53304,-11227.458690993342,,c968f4f7b35dcb893c474e0ca31abf8da7f04211b255f012a1363330fa2e9077,-157538.45829859946,265026,82,0.0,18,3408,53304,"[1,82,1830,11264,25501,33590,34750,32875,30208,27495,24888,22429,20113]","[{""1"":0,""10plus"":1,""2to4"":0,""5to9"":0},{""1"":9,""10plus"":55,""2to4"":8,""5to9"":10},{""1"":461,""10plus"":616,""2to4"":482,""5to9"":271},{""1"":6126,""10plus"":879,""2to4"":3284,""5to9"":975},{""1"":19719,""10plus"":359,""2to4"":4595,""5to9"":828},{""1"":30354,""10plus"":72,""2to4"":2900,""5to9"":264},{""1"":33549,""10plus"":3,""2to4"":1148,""5to9"":50},{""1"":32486,""10plus"":0,""2to4"":383,""5to9"":6},{""1"":30073,""10plus"":0,""2to4"":133,""5to9"":2},{""1"":27431,""10plus"":0,""2to4"":63,""5to9"":1},{""1"":24853,""10plus"":0,""2to4"":35,""5to9"":0},{""1"":22407,""10plus"":0,""2to4"":22,""5to9"":0},{""1"":20099,""10plus"":0,""2to4"":14,""5to9"":0}]",0.9492799999970885,0.2331900937933824,1571860480
D12,ud23,HESIODIC_TRADITION,c4c0c7eaeca0d61d2e53f4f0642bfa382e91dd28b470d2f4da2ba8539fe0e7f7,5,shuffled,12,100,0.5,8884,e5a58a893fcc90d0fa57a1792c19d9aade4730b513dfaf557bf8815d1ad066b4,8032,9282,47125,53304,4704.781893500534,,bc3cfdea84efd28e2cf6800bc135ee60bd8e2e2f2598a01fd2fd493c69f31d8c,-168765.9169895928,286741,82,1.0,18,3408,53304,"[1,83,2065,15499,34887,38973,36436,33347,30371,27572,24927,22453,20127]","[{""1"":0,""10plus"":1,""2to4"":0,""5to9"":0},{""1"":10,""10plus"":55,""2to4"":7,""5to9"":11},{""1"":520,""10plus"":704,""2to4"":527,""5to9"":314},{""1"":8788,""10plus"":938,""2to4"":4468,""5to9"":1305},{""1"":29792,""10plus"":19,""2to4"":4768,""5to9"":308},{""1"":38259,""10plus"":0,""2to4"":713,""5to9"":1},{""1"":36394,""10plus"":0,""2to4"":42,""5to9"":0},{""1"":33344,""10plus"":0,""2to4"":3,""5to9"":0},{""1"":30371,""10plus"":0,""2to4"":0,""5to9"":0},{""1"":27572,""10plus"":0,""2to4"":0,""5to9"":0},{""1"":24927,""10plus"":0,""2to4"":0,""5to9"":0},{""1"":22453,""10plus"":0,""2to4"":0,""5to9"":0},{""1"":20127,""10plus"":0,""2to4"":0,""5to9"":0}]",1.3364690829985193,0.23211549488769379,1571860480
D12,ud23,HESIODIC_TRADITION,c4c0c7eaeca0d61d2e53f4f0642bfa382e91dd28b470d2f4da2ba8539fe0e7f7,6,original,12,100,0.5,8884,975c82318c6878a6c63af5a48cd4f3ac359cd3c2c7b9ba99e34b2cc02b347c3f,8057,9282,47167,53304,-11559.589159772324,,1e2d6092302d2d74540da2f571cbd2c70b79392ef45e8db9f786559a7520c3cf,-157098.30331020153,265354,86,0.0,14,3402,53304,"[1,86,1852,11304,25474,33556,34782,32920,30238,27507,24923,22497,20214]","[{""1"":0,""10plus"":1,""2to4"":0,""5to9"":0},{""1"":9,""10plus"":57,""2to4"":13,""5to9"":7},{""1"":510,""10plus"":621,""2to4"":468,""5to9"":253},{""1"":6245,""10plus"":864,""2to4"":3235,""5to9"":960},{""1"":19811,""10plus"":377,""2to4"":4482,""5to9"":804},{""1"":30379,""10plus"":69,""2to4"":2818,""5to9"":290},{""1"":33620,""10plus"":5,""2to4"":1113,""5to9"":44},{""1"":32581,""10plus"":0,""2to4"":332,""5to9"":7},{""1"":30135,""10plus"":0,""2to4"":101,""5to9"":2},{""1"":27463,""10plus"":0,""2to4"":44,""5to9"":0},{""1"":24897,""10plus"":0,""2to4"":26,""5to9"":0},{""1"":22479,""10plus"":0,""2to4"":18,""5to9"":0},{""1"":20201,""10plus"":0,""2to4"":13,""5to9"":0}]",1.0015169580001384,0.2388201980284066,1571860480
D12,ud23,HESIODIC_TRADITION,c4c0c7eaeca0d61d2e53f4f0642bfa382e91dd28b470d2f4da2ba8539fe0e7f7,6,shuffled,12,100,0.5,8884,975c82318c6878a6c63af5a48cd4f3ac359cd3c2c7b9ba99e34b2cc02b347c3f,8057,9282,47167,53304,4757.591241916787,,0c447d967cb8a3b001f8b2b71726436862deb126b4fb8d9984f155337ce17906,-168657.89246997386,287016,86,1.0,14,3402,53304,"[1,85,2096,15554,34799,38994,36459,33353,30375,27570,24965,22528,20237]","[{""1"":0,""10plus"":1,""2to4"":0,""5to9"":0},{""1"":10,""10plus"":57,""2to4"":11,""5to9"":7},{""1"":556,""10plus"":713,""2to4"":530,""5to9"":297},{""1"":8873,""10plus"":891,""2to4"":4409,""5to9"":1381},{""1"":29671,""10plus"":17,""2to4"":4769,""5to9"":342},{""1"":38268,""10plus"":0,""2to4"":725,""5to9"":1},{""1"":36417,""10plus"":0,""2to4"":42,""5to9"":0},{""1"":33350,""10plus"":0,""2to4"":3,""5to9"":0},{""1"":30375,""10plus"":0,""2to4"":0,""5to9"":0},{""1"":27570,""10plus"":0,""2to4"":0,""5to9"":0},{""1"":24965,""10plus"":0,""2to4"":0,""5to9"":0},{""1"":22528,""10plus"":0,""2to4"":0,""5to9"":0},{""1"":20237,""10plus"":0,""2to4"":0,""5to9"":0}]",1.3223587499996938,0.23780938990603318,1571860480
D12,ud23,HESIODIC_TRADITION,c4c0c7eaeca0d61d2e53f4f0642bfa382e91dd28b470d2f4da2ba8539fe0e7f7,7,original,12,100,0.5,8884,ce8e1d1e1e4b05ae319d2bc9c7f3f951bd6d1999aff9ba23418d57abdd1bae64,8060,9282,47053,53304,-11172.301637254393,,40256c1d3f3ecd13b790fbda5077ce1771c90688f1c4987837251b9e79df75cc,-157125.04088416474,266875,82,0.0,18,3354,53304,"[1,81,1815,11169,25493,33665,34939,33115,30481,27762,25172,22735,20447]","[{""1"":0,""10plus"":1,""2to4"":0,""5to9"":0},{""1"":9,""10plus"":55,""2to4"":10,""5to9"":7},{""1"":485,""10plus"":620,""2to4"":465,""5to9"":245},{""1"":6064,""10plus"":879,""2to4"":3244,""5to9"":982},{""1"":19741,""10plus"":383,""2to4"":4535,""5to9"":834},{""1"":30395,""10plus"":73,""2to4"":2895,""5to9"":302},{""1"":33716,""10plus"":4,""2to4"":1160,""5to9"":59},{""1"":32730,""10plus"":1,""2to4"":372,""5to9"":12},{""1"":30340,""10plus"":0,""2to4"":137,""5to9"":4},{""1"":27687,""10plus"":0,""2to4"":73,""5to9"":2},{""1"":25125,""10plus"":0,""2to4"":47,""5to9"":0},{""1"":22705,""10plus"":0,""2to4"":30,""5to9"":0},{""1"":20428,""10plus"":0,""2to4"":19,""5to9"":0}]",0.970860541001457,0.23206806478992803,1571860480
D12,ud23,HESIODIC_TRADITION,c4c0c7eaeca0d61d2e53f4f0642bfa382e91dd28b470d2f4da2ba8539fe0e7f7,7,shuffled,12,100,0.5,8884,ce8e1d1e1e4b05ae319d2bc9c7f3f951bd6d1999aff9ba23418d57abdd1bae64,8060,9282,47053,53304,4812.81452478579,,d94ca05904db57ac0e1ed3d05489d86dd39ef30a964d12d24393b10880da2b3f,-168297.34252141914,288908,82,1.0,18,3354,53304,"[1,80,2065,15487,34785,39168,36693,33623,30670,27862,25231,22773,20470]","[{""1"":0,""10plus"":1,""2to4"":0,""5to9"":0},{""1"":8,""10plus"":55,""2to4"":10,""5to9"":7},{""1"":517,""10plus"":710,""2to4"":527,""5to9"":311},{""1"":8780,""10plus"":912,""2to4"":4474,""5to9"":1321},{""1"":29516,""10plus"":21,""2to4"":4891,""5to9"":357},{""1"":38416,""10plus"":0,""2to4"":752,""5to9"":0},{""1"":36648,""10plus"":0,""2to4"":45,""5to9"":0},{""1"":33621,""10plus"":0,""2to4"":2,""5to9"":0},{""1"":30670,""10plus"":0,""2to4"":0,""5to9"":0},{""1"":27862,""10plus"":0,""2to4"":0,""5to9"":0},{""1"":25231,""10plus"":0,""2to4"":0,""5to9"":0},{""1"":22773,""10plus"":0,""2to4"":0,""5to9"":0},{""1"":20470,""10plus"":0,""2to4"":0,""5to9"":0}]",1.575787333000335,0.2322444309538696,1571860480
D12,ud23,HESIODIC_TRADITION,c4c0c7eaeca0d61d2e53f4f0642bfa382e91dd28b470d2f4da2ba8539fe0e7f7,8,original,12,100,0.5,8884,9e6cbc66b3c106799c05631112c13c304fdf5340752a5ed8795f45f380cd9be9,8115,9282,47033,53304,-11258.596077957103,,46810b53533632c851f291671f5dce1ec04bb64d8454240ebd0d3b9c4e2af3bf,-157041.98953316332,265244,85,0.0,15,3418,53304,"[1,85,1820,11167,25404,33513,34716,32861,30216,27526,24985,22595,20355]","[{""1"":0,""10plus"":1,""2to4"":0,""5to9"":0},{""1"":11,""10plus"":55,""2to4"":10,""5to9"":9},{""1"":483,""10plus"":612,""2to4"":457,""5to9"":268},{""1"":6090,""10plus"":859,""2to4"":3196,""5to9"":1022},{""1"":19658,""10plus"":368,""2to4"":4573,""5to9"":805},{""1"":30304,""10plus"":73,""2to4"":2869,""5to9"":267},{""1"":33514,""10plus"":4,""2to4"":1155,""5to9"":43},{""1"":32473,""10plus"":1,""2to4"":382,""5to9"":5},{""1"":30081,""10plus"":0,""2to4"":133,""5to9"":2},{""1"":27452,""10plus"":0,""2to4"":73,""5to9"":1},{""1"":24934,""10plus"":0,""2to4"":51,""5to9"":0},{""1"":22557,""10plus"":0,""2to4"":38,""5to9"":0},{""1"":20327,""10plus"":0,""2to4"":28,""5to9"":0}]",0.9571675839979434,0.23564295105825295,1571860480
D12,ud23,HESIODIC_TRADITION,c4c0c7eaeca0d61d2e53f4f0642bfa382e91dd28b470d2f4da2ba8539fe0e7f7,8,shuffled,12,100,0.5,8884,9e6cbc66b3c106799c05631112c13c304fdf5340752a5ed8795f45f380cd9be9,8115,9282,47033,53304,4734.701135326701,,c142a796979eaf022a62a8f5330b3ea25d977309a0ad669568ce633b5c0601f4,-168300.58561112042,286901,85,1.0,15,3418,53304,"[1,83,2073,15302,34674,38909,36424,33346,30390,27620,25049,22642,20388]","[{""1"":0,""10plus"":1,""2to4"":0,""5to9"":0},{""1"":10,""10plus"":56,""2to4"":9,""5to9"":8},{""1"":536,""10plus"":702,""2to4"":545,""5to9"":290},{""1"":8604,""10plus"":923,""2to4"":4414,""5to9"":1361},{""1"":29492,""10plus"":18,""2to4"":4826,""5to9"":338},{""1"":38144,""10plus"":0,""2to4"":764,""5to9"":1},{""1"":36376,""10plus"":0,""2to4"":48,""5to9"":0},{""1"":33344,""10plus"":0,""2to4"":2,""5to9"":0},{""1"":30390,""10plus"":0,""2to4"":0,""5to9"":0},{""1"":27620,""10plus"":0,""2to4"":0,""5to9"":0},{""1"":25049,""10plus"":0,""2to4"":0,""5to9"":0},{""1"":22642,""10plus"":0,""2to4"":0,""5to9"":0},{""1"":20388,""10plus"":0,""2to4"":0,""5to9"":0}]",1.5699068750000151,0.23295607007457875,1571860480
D12,ud23,HESIODIC_TRADITION,c4c0c7eaeca0d61d2e53f4f0642bfa382e91dd28b470d2f4da2ba8539fe0e7f7,9,original,12,100,0.5,8884,b1d247bcf5f12c7eb74a191e2ed2880443d99b003386f4250ffd38c4bc379d11,8070,9282,47029,53304,-11284.736502219253,,0785545f1c68a4bdeaeb554092ea8bcd682cb807e251ee627336914cc3fd5e68,-156985.48541030881,267161,83,0.0,17,3375,53304,"[1,84,1821,11120,25541,33746,34962,33099,30464,27782,25209,22801,20531]","[{""1"":0,""10plus"":1,""2to4"":0,""5to9"":0},{""1"":12,""10plus"":55,""2to4"":7,""5to9"":10},{""1"":486,""10plus"":616,""2to4"":463,""5to9"":256},{""1"":6048,""10plus"":888,""2to4"":3187,""5to9"":997},{""1"":19775,""10plus"":361,""2to4"":4571,""5to9"":834},{""1"":30587,""10plus"":77,""2to4"":2819,""5to9"":263},{""1"":33801,""10plus"":4,""2to4"":1107,""5to9"":50},{""1"":32740,""10plus"":0,""2to4"":356,""5to9"":3},{""1"":30347,""10plus"":0,""2to4"":117,""5to9"":0},{""1"":27732,""10plus"":0,""2to4"":50,""5to9"":0},{""1"":25180,""10plus"":0,""2to4"":29,""5to9"":0},{""1"":22782,""10plus"":0,""2to4"":19,""5to9"":0},{""1"":20517,""10plus"":0,""2to4"":14,""5to9"":0}]",0.9622451249997539,0.2343622522712394,1571860480
D12,ud23,HESIODIC_TRADITION,c4c0c7eaeca0d61d2e53f4f0642bfa382e91dd28b470d2f4da2ba8539fe0e7f7,9,shuffled,12,100,0.5,8884,b1d247bcf5f12c7eb74a191e2ed2880443d99b003386f4250ffd38c4bc379d11,8070,9282,47029,53304,4750.2114577242755,,e5abc24f2c063995033793b04ecdd54a01b20fb0837d72d1d787c6a75bce59e6,-168270.22191252807,288593,83,1.0,17,3375,53304,"[1,83,2091,15361,34744,39117,36611,33540,30595,27838,25242,22823,20547]","[{""1"":0,""10plus"":1,""2to4"":0,""5to9"":0},{""1"":11,""10plus"":55,""2to4"":7,""5to9"":10},{""1"":563,""10plus"":708,""2to4"":537,""5to9"":283},{""1"":8666,""10plus"":947,""2to4"":4423,""5to9"":1325},{""1"":29509,""10plus"":16,""2to4"":4887,""5to9"":332},{""1"":38379,""10plus"":0,""2to4"":738,""5to9"":0},{""1"":36565,""10plus"":0,""2to4"":46,""5to9"":0},{""1"":33538,""10plus"":0,""2to4"":2,""5to9"":0},{""1"":30595,""10plus"":0,""2to4"":0,""5to9"":0},{""1"":27838,""10plus"":0,""2to4"":0,""5to9"":0},{""1"":25242,""10plus"":0,""2to4"":0,""5to9"":0},{""1"":22823,""10plus"":0,""2to4"":0,""5to9"":0},{""1"":20547,""10plus"":0,""2to4"":0,""5to9"":0}]",1.5770249589986634,0.23339648796536494,1571860480
D12,ud23,DIODORUS,d91dad02f8da03cf6702fa7edec531da5e56f526f466e2f04180f2a23a1cf315,0,original,12,100,0.5,8884,25a9e23614098f66106c33254f3426ad214b9b77e1ae5ee4060b4ed409187fca,13582,15266,46923,53304,-9816.390961242432,,6a8f4ff34df739778ceeaf3880e563f1412b70ed997bf777cd0ab987072fa6ec,-161303.8182123827,257293,81,0.0,19,3665,53304,"[1,82,1925,11903,26521,33874,34038,31597,28690,25875,23274,20871,18642]","[{""1"":0,""10plus"":1,""2to4"":0,""5to9"":0},{""1"":8,""10plus"":58,""2to4"":7,""5to9"":9},{""1"":527,""10plus"":643,""2to4"":484,""5to9"":271},{""1"":6630,""10plus"":891,""2to4"":3364,""5to9"":1018},{""1"":20823,""10plus"":308,""2to4"":4639,""5to9"":751},{""1"":31106,""10plus"":34,""2to4"":2525,""5to9"":209},{""1"":33186,""10plus"":2,""2to4"":824,""5to9"":26},{""1"":31394,""10plus"":2,""2to4"":197,""5to9"":4},{""1"":28628,""10plus"":2,""2to4"":59,""5to9"":1},{""1"":25844,""10plus"":2,""2to4"":29,""5to9"":0},{""1"":23254,""10plus"":2,""2to4"":18,""5to9"":0},{""1"":20854,""10plus"":2,""2to4"":15,""5to9"":0},{""1"":18629,""10plus"":2,""2to4"":11,""5to9"":0}]",0.9402988749989163,0.4800639429358853,1221779456
D12,ud23,DIODORUS,d91dad02f8da03cf6702fa7edec531da5e56f526f466e2f04180f2a23a1cf315,0,shuffled,12,100,0.5,8884,25a9e23614098f66106c33254f3426ad214b9b77e1ae5ee4060b4ed409187fca,13582,15266,46923,53304,4346.570574364858,,f6b3f61a8ffd1ed34fe25a96d8aff3f7bc2cb4dd1bf3d17f9244379a91aee0b5,-171120.20917362513,276493,81,1.0,19,3665,53304,"[1,81,2152,16017,35204,38167,35223,31912,28828,25965,23340,20923,18680]","[{""1"":0,""10plus"":1,""2to4"":0,""5to9"":0},{""1"":7,""10plus"":57,""2to4"":6,""5to9"":11},{""1"":570,""10plus"":734,""2to4"":541,""5to9"":307},{""1"":9096,""10plus"":909,""2to4"":4627,""5to9"":1385},{""1"":30436,""10plus"":12,""2to4"":4541,""5to9"":215},{""1"":37608,""10plus"":0,""2to4"":558,""5to9"":1},{""1"":35198,""10plus"":0,""2to4"":25,""5to9"":0},{""1"":31911,""10plus"":0,""2to4"":1,""5to9"":0},{""1"":28828,""10plus"":0,""2to4"":0,""5to9"":0},{""1"":25965,""10plus"":0,""2to4"":0,""5to9"":0},{""1"":23340,""10plus"":0,""2to4"":0,""5to9"":0},{""1"":20923,""10plus"":0,""2to4"":0,""5to9"":0},{""1"":18680,""10plus"":0,""2to4"":0,""5to9"":0}]",1.2659417499999108,0.4799854700377182,1221779456
D12,ud23,DIODORUS,d91dad02f8da03cf6702fa7edec531da5e56f526f466e2f04180f2a23a1cf315,1,original,12,100,0.5,8884,1b5574cc19b81efcdb0fcad5157245a1a4b9d68ed027bea8fca7fa5dc94a43cd,13542,15266,46842,53304,-9991.523941297957,,bea901121e5e2600b1e2f649aa13dcb926594529e4eb12677d1b651548b288de,-161235.7193691597,257644,81,0.0,19,3672,53304,"[1,82,1906,11875,26604,33865,34030,31617,28721,25923,23343,20953,18724]","[{""1"":0,""10plus"":1,""2to4"":0,""5to9"":0},{""1"":8,""10plus"":57,""2to4"":7,""5to9"":10},{""1"":510,""10plus"":653,""2to4"":479,""5to9"":264},{""1"":6531,""10plus"":892,""2to4"":3392,""5to9"":1060},{""1"":20895,""10plus"":293,""2to4"":4660,""5to9"":756},{""1"":31092,""10plus"":35,""2to4"":2549,""5to9"":189},{""1"":33164,""10plus"":2,""2to4"":841,""5to9"":23},{""1"":31411,""10plus"":2,""2to4"":201,""5to9"":3},{""1"":28654,""10plus"":2,""2to4"":64,""5to9"":1},{""1"":25888,""10plus"":2,""2to4"":33,""5to9"":0},{""1"":23321,""10plus"":2,""2to4"":20,""5to9"":0},{""1"":20935,""10plus"":2,""2to4"":16,""5to9"":0},{""1"":18711,""10plus"":2,""2to4"":11,""5to9"":0}]",0.9657432080020953,0.4830767399180331,1571860480
D12,ud23,DIODORUS,d91dad02f8da03cf6702fa7edec531da5e56f526f466e2f04180f2a23a1cf315,1,shuffled,12,100,0.5,8884,1b5574cc19b81efcdb0fcad5157245a1a4b9d68ed027bea8fca7fa5dc94a43cd,13542,15266,46842,53304,4431.865383521625,,51d2a400c1e2bceccfd96adbfb434ec5b9caffe699ab86bccd0d3b8430e75b93,-171227.24331045765,277183,81,1.0,19,3672,53304,"[1,81,2135,16221,35341,38178,35215,31939,28868,26021,23414,21007,18762]","[{""1"":0,""10plus"":1,""2to4"":0,""5to9"":0},{""1"":8,""10plus"":58,""2to4"":9,""5to9"":6},{""1"":543,""10plus"":743,""2to4"":512,""5to9"":337},{""1"":9289,""10plus"":886,""2to4"":4677,""5to9"":1369},{""1"":30635,""10plus"":8,""2to4"":4493,""5to9"":205},{""1"":37646,""10plus"":0,""2to4"":531,""5to9"":1},{""1"":35176,""10plus"":0,""2to4"":39,""5to9"":0},{""1"":31935,""10plus"":0,""2to4"":4,""5to9"":0},{""1"":28868,""10plus"":0,""2to4"":0,""5to9"":0},{""1"":26021,""10plus"":0,""2to4"":0,""5to9"":0},{""1"":23414,""10plus"":0,""2to4"":0,""5to9"":0},{""1"":21007,""10plus"":0,""2to4"":0,""5to9"":0},{""1"":18762,""10plus"":0,""2to4"":0,""5to9"":0}]",1.2807521660033672,0.4820309081515006,1571860480
D12,ud23,DIODORUS,d91dad02f8da03cf6702fa7edec531da5e56f526f466e2f04180f2a23a1cf315,2,original,12,100,0.5,8884,b6976a6f5ab08ce04c1538782cd6f5021279b3d510061a3313939b287c90d915,13469,15266,46882,53304,-9944.614520789066,,5f620c5ac16eb0858dceebdc3c4ed03c5c2e786ab4a882f62e2f7fd460a9bd81,-161342.68591381997,256817,79,0.0,21,3686,53304,"[1,80,1913,11960,26639,33911,33999,31503,28593,25770,23163,20754,18531]","[{""1"":0,""10plus"":1,""2to4"":0,""5to9"":0},{""1"":7,""10plus"":58,""2to4"":5,""5to9"":10},{""1"":494,""10plus"":644,""2to4"":484,""5to9"":291},{""1"":6646,""10plus"":889,""2to4"":3389,""5to9"":1036},{""1"":20930,""10plus"":313,""2to4"":4680,""5to9"":716},{""1"":31119,""10plus"":32,""2to4"":2567,""5to9"":193},{""1"":33154,""10plus"":2,""2to4"":822,""5to9"":21},{""1"":31272,""10plus"":2,""2to4"":227,""5to9"":2},{""1"":28514,""10plus"":2,""2to4"":76,""5to9"":1},{""1"":25727,""10plus"":2,""2to4"":41,""5to9"":0},{""1"":23137,""10plus"":2,""2to4"":24,""5to9"":0},{""1"":20734,""10plus"":2,""2to4"":18,""5to9"":0},{""1"":18517,""10plus"":2,""2to4"":12,""5to9"":0}]",0.9563714159994561,0.4754209680722852,1571860480
D12,ud23,DIODORUS,d91dad02f8da03cf6702fa7edec531da5e56f526f466e2f04180f2a23a1cf315,2,shuffled,12,100,0.5,8884,b6976a6f5ab08ce04c1538782cd6f5021279b3d510061a3313939b287c90d915,13469,15266,46882,53304,4409.7748084972845,,33d528484e4989237747725ed9ef8077edb7d507424d189b5ba49c6895940ec7,-171287.30043460903,276099,79,1.0,21,3686,53304,"[1,79,2151,16247,35299,38109,35147,31837,28744,25871,23235,20809,18570]","[{""1"":0,""10plus"":1,""2to4"":0,""5to9"":0},{""1"":6,""10plus"":57,""2to4"":7,""5to9"":9},{""1"":543,""10plus"":737,""2to4"":536,""5to9"":335},{""1"":9369,""10plus"":871,""2to4"":4599,""5to9"":1408},{""1"":30655,""10plus"":8,""2to4"":4430,""5to9"":206},{""1"":37563,""10plus"":0,""2to4"":546,""5to9"":0},{""1"":35113,""10plus"":0,""2to4"":34,""5to9"":0},{""1"":31834,""10plus"":0,""2to4"":3,""5to9"":0},{""1"":28744,""10plus"":0,""2to4"":0,""5to9"":0},{""1"":25871,""10plus"":0,""2to4"":0,""5to9"":0},{""1"":23235,""10plus"":0,""2to4"":0,""5to9"":0},{""1"":20809,""10plus"":0,""2to4"":0,""5to9"":0},{""1"":18570,""10plus"":0,""2to4"":0,""5to9"":0}]",1.5293325829989044,0.4733822902016982,1571860480
D12,ud23,DIODORUS,d91dad02f8da03cf6702fa7edec531da5e56f526f466e2f04180f2a23a1cf315,3,original,12,100,0.5,8884,b61e1e95de4c3f52e1a1eb3a81fe4719640cc088ec662444653ecec0c4dea80b,13564,15266,46763,53304,-9831.189817454811,,73972aa53bf4e750353b723fb15553975ffc63c09d180031540412ea6258f5b3,-161460.57746572985,257721,86,0.0,14,3670,53304,"[1,86,1912,11898,26768,34007,34074,31612,28689,25874,23284,20874,18642]","[{""1"":0,""10plus"":1,""2to4"":0,""5to9"":0},{""1"":11,""10plus"":56,""2to4"":9,""5to9"":10},{""1"":520,""10plus"":664,""2to4"":477,""5to9"":251},{""1"":6556,""10plus"":889,""2to4"":3375,""5to9"":1078},{""1"":21071,""10plus"":275,""2to4"":4645,""5to9"":777},{""1"":31306,""10plus"":30,""2to4"":2471,""5to9"":200},{""1"":33233,""10plus"":2,""2to4"":808,""5to9"":31},{""1"":31411,""10plus"":2,""2to4"":196,""5to9"":3},{""1"":28621,""10plus"":2,""2to4"":65,""5to9"":1},{""1"":25836,""10plus"":2,""2to4"":36,""5to9"":0},{""1"":23260,""10plus"":2,""2to4"":22,""5to9"":0},{""1"":20854,""10plus"":2,""2to4"":18,""5to9"":0},{""1"":18627,""10plus"":2,""2to4"":13,""5to9"":0}]",0.9212080420002167,0.4900237919682695,1571860480
D12,ud23,DIODORUS,d91dad02f8da03cf6702fa7edec531da5e56f526f466e2f04180f2a23a1cf315,3,shuffled,12,100,0.5,8884,b61e1e95de4c3f52e1a1eb3a81fe4719640cc088ec662444653ecec0c4dea80b,13564,15266,46763,53304,4372.0265794630395,,49f7b5561219430f95f8f905493016b9e1b69d10c0cf9f129ed4638395c16592,-171291.76728318466,276931,86,1.0,14,3670,53304,"[1,84,2173,16253,35343,38170,35222,31920,28830,25970,23354,20929,18682]","[{""1"":0,""10plus"":1,""2to4"":0,""5to9"":0},{""1"":9,""10plus"":56,""2to4"":10,""5to9"":9},{""1"":567,""10plus"":752,""2to4"":550,""5to9"":304},{""1"":9318,""10plus"":884,""2to4"":4693,""5to9"":1358},{""1"":30680,""10plus"":12,""2to4"":4450,""5to9"":201},{""1"":37627,""10plus"":0,""2to4"":542,""5to9"":1},{""1"":35187,""10plus"":0,""2to4"":35,""5to9"":0},{""1"":31917,""10plus"":0,""2to4"":3,""5to9"":0},{""1"":28830,""10plus"":0,""2to4"":0,""5to9"":0},{""1"":25970,""10plus"":0,""2to4"":0,""5to9"":0},{""1"":23354,""10plus"":0,""2to4"":0,""5to9"":0},{""1"":20929,""10plus"":0,""2to4"":0,""5to9"":0},{""1"":18682,""10plus"":0,""2to4"":0,""5to9"":0}]",1.5378839590011921,0.4860059420389007,1571860480
D12,ud23,DIODORUS,d91dad02f8da03cf6702fa7edec531da5e56f526f466e2f04180f2a23a1cf315,4,original,12,100,0.5,8884,39c42f782328956008e277c97d0d90ef8b69894b3dc7e515797b91bd207f7148,13609,15266,46764,53304,-9953.372869330313,,515fcb28841c05a0d1d92104289682d99cb8645b134374ce211200f97d016a3b,-160937.05959228892,256616,79,0.0,21,3676,53304,"[1,80,1885,11847,26439,33784,34001,31540,28625,25808,23211,20803,18592]","[{""1"":0,""10plus"":1,""2to4"":0,""5to9"":0},{""1"":6,""10plus"":58,""2to4"":7,""5to9"":9},{""1"":493,""10plus"":643,""2to4"":472,""5to9"":277},{""1"":6566,""10plus"":873,""2to4"":3344,""5to9"":1064},{""1"":20716,""10plus"":300,""2to4"":4681,""5to9"":742},{""1"":30980,""10plus"":42,""2to4"":2567,""5to9"":195},{""1"":33163,""10plus"":3,""2to4"":811,""5to9"":24},{""1"":31314,""10plus"":2,""2to4"":222,""5to9"":2},{""1"":28555,""10plus"":2,""2to4"":67,""5to9"":1},{""1"":25774,""10plus"":2,""2to4"":32,""5to9"":0},{""1"":23190,""10plus"":2,""2to4"":19,""5to9"":0},{""1"":20786,""10plus"":2,""2to4"":15,""5to9"":0},{""1"":18579,""10plus"":2,""2to4"":11,""5to9"":0}]",0.9350894999988668,0.47461053318329505,1571860480
D12,ud23,DIODORUS,d91dad02f8da03cf6702fa7edec531da5e56f526f466e2f04180f2a23a1cf315,4,shuffled,12,100,0.5,8884,39c42f782328956008e277c97d0d90ef8b69894b3dc7e515797b91bd207f7148,13609,15266,46764,53304,4441.415208665741,,dd932bb7efea5cbf525648dee55c62c32e4971e63c6c6f8890e07c102033bd58,-170890.43246161923,275970,79,1.0,21,3676,53304,"[1,79,2130,16063,35101,38089,35175,31886,28774,25905,23281,20856,18630]","[{""1"":0,""10plus"":1,""2to4"":0,""5to9"":0},{""1"":5,""10plus"":56,""2to4"":8,""5to9"":10},{""1"":539,""10plus"":748,""2to4"":542,""5to9"":301},{""1"":9171,""10plus"":873,""2to4"":4634,""5to9"":1385},{""1"":30416,""10plus"":19,""2to4"":4422,""5to9"":244},{""1"":37514,""10plus"":0,""2to4"":574,""5to9"":1},{""1"":35127,""10plus"":0,""2to4"":48,""5to9"":0},{""1"":31885,""10plus"":0,""2to4"":1,""5to9"":0},{""1"":28774,""10plus"":0,""2to4"":0,""5to9"":0},{""1"":25905,""10plus"":0,""2to4"":0,""5to9"":0},{""1"":23281,""10plus"":0,""2to4"":0,""5to9"":0},{""1"":20856,""10plus"":0,""2to4"":0,""5to9"":0},{""1"":18630,""10plus"":0,""2to4"":0,""5to9"":0}]",1.5447221670001454,0.4727333437585912,1571860480
D12,ud23,DIODORUS,d91dad02f8da03cf6702fa7edec531da5e56f526f466e2f04180f2a23a1cf315,5,original,12,100,0.5,8884,6ed5a979d93c4bd2cd7d5cb92be49be0e541d488509528f368dc8fd36cf12d40,13526,15266,46910,53304,-9876.497822096397,,bbbf5bf518b97b95469c705bdc8453fc9fc13d2acd53fceb860906b8d2d09c55,-161155.72410868682,257906,85,0.0,15,3653,53304,"[1,86,1885,11887,26669,34015,34107,31663,28761,25930,23323,20910,18669]","[{""1"":0,""10plus"":1,""2to4"":0,""5to9"":0},{""1"":12,""10plus"":55,""2to4"":8,""5to9"":11},{""1"":507,""10plus"":659,""2to4"":456,""5to9"":263},{""1"":6571,""10plus"":887,""2to4"":3376,""5to9"":1053},{""1"":20938,""10plus"":297,""2to4"":4693,""5to9"":741},{""1"":31296,""10plus"":36,""2to4"":2488,""5to9"":195},{""1"":33251,""10plus"":2,""2to4"":826,""5to9"":28},{""1"":31437,""10plus"":2,""2to4"":217,""5to9"":7},{""1"":28684,""10plus"":2,""2to4"":72,""5to9"":3},{""1"":25886,""10plus"":2,""2to4"":41,""5to9"":1},{""1"":23297,""10plus"":2,""2to4"":24,""5to9"":0},{""1"":20891,""10plus"":2,""2to4"":17,""5to9"":0},{""1"":18655,""10plus"":2,""2to4"":12,""5to9"":0}]",0.9091148750012508,0.4839131218432158,1571860480
D12,ud23,DIODORUS,d91dad02f8da03cf6702fa7edec531da5e56f526f466e2f04180f2a23a1cf315,5,shuffled,12,100,0.5,8884,6ed5a979d93c4bd2cd7d5cb92be49be0e541d488509528f368dc8fd36cf12d40,13526,15266,46910,53304,4433.610622680426,,4df82540ae01f20fb44ce65c10a808839ab27684316abae695640e04cac04275,-171032.2219307832,277117,85,1.0,15,3653,53304,"[1,86,2125,16107,35215,38232,35299,32017,28922,26039,23399,20966,18709]","[{""1"":0,""10plus"":1,""2to4"":0,""5to9"":0},{""1"":12,""10plus"":56,""2to4"":8,""5to9"":10},{""1"":547,""10plus"":745,""2to4"":527,""5to9"":306},{""1"":9200,""10plus"":899,""2to4"":4643,""5to9"":1365},{""1"":30475,""10plus"":8,""2to4"":4490,""5to9"":242},{""1"":37674,""10plus"":0,""2to4"":558,""5to9"":0},{""1"":35264,""10plus"":0,""2to4"":35,""5to9"":0},{""1"":32017,""10plus"":0,""2to4"":0,""5to9"":0},{""1"":28922,""10plus"":0,""2to4"":0,""5to9"":0},{""1"":26039,""10plus"":0,""2to4"":0,""5to9"":0},{""1"":23399,""10plus"":0,""2to4"":0,""5to9"":0},{""1"":20966,""10plus"":0,""2to4"":0,""5to9"":0},{""1"":18709,""10plus"":0,""2to4"":0,""5to9"":0}]",1.5489004160008335,0.4798259941635479,1571860480
D12,ud23,DIODORUS,d91dad02f8da03cf6702fa7edec531da5e56f526f466e2f04180f2a23a1cf315,6,original,12,100,0.5,8884,a48d2fe32c45b99d8fd6fe4e7c2cb06bcf9d396fa6be81ccf8429e058013326d,13602,15266,46912,53304,-10034.30066066343,,323b439952dc02a86328bd98606603bb98a14b5c8a030ce09e28c75df447af36,-160975.3388947962,257267,83,0.0,17,3678,53304,"[1,83,1897,11816,26509,33859,34044,31597,28708,25904,23307,20891,18651]","[{""1"":0,""10plus"":1,""2to4"":0,""5to9"":0},{""1"":9,""10plus"":58,""2to4"":10,""5to9"":6},{""1"":502,""10plus"":647,""2to4"":475,""5to9"":273},{""1"":6446,""10plus"":874,""2to4"":3396,""5to9"":1100},{""1"":20776,""10plus"":305,""2to4"":4688,""5to9"":740},{""1"":31063,""10plus"":38,""2to4"":2566,""5to9"":192},{""1"":33164,""10plus"":2,""2to4"":857,""5to9"":21},{""1"":31359,""10plus"":2,""2to4"":234,""5to9"":2},{""1"":28623,""10plus"":2,""2to4"":83,""5to9"":0},{""1"":25858,""10plus"":2,""2to4"":44,""5to9"":0},{""1"":23275,""10plus"":2,""2to4"":30,""5to9"":0},{""1"":20864,""10plus"":2,""2to4"":25,""5to9"":0},{""1"":18631,""10plus"":1,""2to4"":18,""5to9"":1}]",0.9002940409991425,0.4825992869955371,1571860480
D12,ud23,DIODORUS,d91dad02f8da03cf6702fa7edec531da5e56f526f466e2f04180f2a23a1cf315,6,shuffled,12,100,0.5,8884,a48d2fe32c45b99d8fd6fe4e7c2cb06bcf9d396fa6be81ccf8429e058013326d,13602,15266,46912,53304,4456.920979157148,,0aee9a7bb40d02faebe8a96933fd2ebc2586bf76361a01106792ec10c1638a1c,-171009.63955545964,276830,83,1.0,17,3678,53304,"[1,84,2121,16194,35324,38120,35214,31923,28851,25995,23373,20942,18688]","[{""1"":0,""10plus"":1,""2to4"":0,""5to9"":0},{""1"":10,""10plus"":55,""2to4"":10,""5to9"":9},{""1"":526,""10plus"":758,""2to4"":538,""5to9"":299},{""1"":9252,""10plus"":884,""2to4"":4682,""5to9"":1376},{""1"":30740,""10plus"":11,""2to4"":4348,""5to9"":225},{""1"":37540,""10plus"":0,""2to4"":579,""5to9"":1},{""1"":35186,""10plus"":0,""2to4"":28,""5to9"":0},{""1"":31920,""10plus"":0,""2to4"":3,""5to9"":0},{""1"":28850,""10plus"":0,""2to4"":1,""5to9"":0},{""1"":25995,""10plus"":0,""2to4"":0,""5to9"":0},{""1"":23373,""10plus"":0,""2to4"":0,""5to9"":0},{""1"":20942,""10plus"":0,""2to4"":0,""5to9"":0},{""1"":18688,""10plus"":0,""2to4"":0,""5to9"":0}]",1.5355627499993716,0.47905773987440625,1571860480
D12,ud23,DIODORUS,d91dad02f8da03cf6702fa7edec531da5e56f526f466e2f04180f2a23a1cf315,7,original,12,100,0.5,8884,6d1243d8f51d05619634b438d68e6fc6342a5d7c2ce7482aae262ab494bfb54a,13620,15266,46847,53304,-9936.35720582516,,ba6c5aeacb5d71a819d073a76da0fe57ed8d253e1a66087eed71356b0ebc28ba,-161041.97426604285,257363,83,0.0,17,3673,53304,"[1,83,1885,11831,26452,33844,34041,31599,28711,25917,23343,20941,18715]","[{""1"":0,""10plus"":1,""2to4"":0,""5to9"":0},{""1"":8,""10plus"":56,""2to4"":9,""5to9"":10},{""1"":510,""10plus"":653,""2to4"":450,""5to9"":272},{""1"":6542,""10plus"":907,""2to4"":3322,""5to9"":1060},{""1"":20674,""10plus"":280,""2to4"":4729,""5to9"":769},{""1"":31036,""10plus"":34,""2to4"":2576,""5to9"":198},{""1"":33167,""10plus"":2,""2to4"":850,""5to9"":22},{""1"":31355,""10plus"":2,""2to4"":240,""5to9"":2},{""1"":28623,""10plus"":2,""2to4"":85,""5to9"":1},{""1"":25861,""10plus"":2,""2to4"":54,""5to9"":0},{""1"":23304,""10plus"":2,""2to4"":37,""5to9"":0},{""1"":20908,""10plus"":2,""2to4"":31,""5to9"":0},{""1"":18691,""10plus"":2,""2to4"":22,""5to9"":0}]",0.8919304160008323,0.48476076017323066,1571860480
D12,ud23,DIODORUS,d91dad02f8da03cf6702fa7edec531da5e56f526f466e2f04180f2a23a1cf315,7,shuffled,12,100,0.5,8884,6d1243d8f51d05619634b438d68e6fc6342a5d7c2ce7482aae262ab494bfb54a,13620,15266,46847,53304,4376.173112947639,,2eaa8d20301bd2392c4b5b28635da64b91a17faf1fbc50bc3679a0f83f1a63a6,-170978.331471868,276939,83,1.0,17,3673,53304,"[1,83,2134,16093,35118,38164,35235,31969,28889,26042,23434,21012,18765]","[{""1"":0,""10plus"":1,""2to4"":0,""5to9"":0},{""1"":9,""10plus"":56,""2to4"":9,""5to9"":9},{""1"":576,""10plus"":743,""2to4"":486,""5to9"":329},{""1"":9247,""10plus"":883,""2to4"":4573,""5to9"":1390},{""1"":30426,""10plus"":10,""2to4"":4434,""5to9"":248},{""1"":37611,""10plus"":0,""2to4"":552,""5to9"":1},{""1"":35193,""10plus"":0,""2to4"":42,""5to9"":0},{""1"":31968,""10plus"":0,""2to4"":1,""5to9"":0},{""1"":28889,""10plus"":0,""2to4"":0,""5to9"":0},{""1"":26042,""10plus"":0,""2to4"":0,""5to9"":0},{""1"":23434,""10plus"":0,""2to4"":0,""5to9"":0},{""1"":21012,""10plus"":0,""2to4"":0,""5to9"":0},{""1"":18765,""10plus"":0,""2to4"":0,""5to9"":0}]",1.5170830829993065,0.4803083160586539,1571860480
D12,ud23,DIODORUS,d91dad02f8da03cf6702fa7edec531da5e56f526f466e2f04180f2a23a1cf315,8,original,12,100,0.5,8884,bfbf9c5cef084908b0d3f00b481243ab966f22d88cc7af5c16424d837ffd2569,13552,15266,46839,53304,-9946.565932660858,,71004812ab90449e6185dca691c2c0a14046b905cff763189c03c37a97a6bced,-161133.13148297393,257635,81,0.0,19,3654,53304,"[1,82,1896,11782,26509,33869,34060,31638,28759,25964,23370,20971,18734]","[{""1"":0,""10plus"":1,""2to4"":0,""5to9"":0},{""1"":8,""10plus"":55,""2to4"":8,""5to9"":11},{""1"":520,""10plus"":652,""2to4"":461,""5to9"":263},{""1"":6420,""10plus"":903,""2to4"":3399,""5to9"":1060},{""1"":20695,""10plus"":298,""2to4"":4774,""5to9"":742},{""1"":31050,""10plus"":31,""2to4"":2582,""5to9"":206},{""1"":33160,""10plus"":2,""2to4"":870,""5to9"":28},{""1"":31373,""10plus"":2,""2to4"":257,""5to9"":6},{""1"":28647,""10plus"":2,""2to4"":108,""5to9"":2},{""1"":25897,""10plus"":2,""2to4"":65,""5to9"":0},{""1"":23319,""10plus"":2,""2to4"":49,""5to9"":0},{""1"":20927,""10plus"":2,""2to4"":42,""5to9"":0},{""1"":18699,""10plus"":2,""2to4"":33,""5to9"":0}]",0.9509746250005264,0.47781036300148116,1571860480
D12,ud23,DIODORUS,d91dad02f8da03cf6702fa7edec531da5e56f526f466e2f04180f2a23a1cf315,8,shuffled,12,100,0.5,8884,bfbf9c5cef084908b0d3f00b481243ab966f22d88cc7af5c16424d837ffd2569,13552,15266,46839,53304,4468.004121966282,,cd95cb67b2dd4a62677d791c7e7518c0e0a0120e90dfa6aef8421b6de37a6e86,-171079.6974156348,277468,81,1.0,19,3654,53304,"[1,81,2124,16074,35294,38199,35288,32032,28956,26098,23473,21053,18795]","[{""1"":0,""10plus"":1,""2to4"":0,""5to9"":0},{""1"":7,""10plus"":56,""2to4"":8,""5to9"":10},{""1"":536,""10plus"":730,""2to4"":529,""5to9"":329},{""1"":9184,""10plus"":913,""2to4"":4609,""5to9"":1368},{""1"":30593,""10plus"":8,""2to4"":4473,""5to9"":220},{""1"":37612,""10plus"":0,""2to4"":587,""5to9"":0},{""1"":35237,""10plus"":0,""2to4"":51,""5to9"":0},{""1"":32030,""10plus"":0,""2to4"":2,""5to9"":0},{""1"":28956,""10plus"":0,""2to4"":0,""5to9"":0},{""1"":26098,""10plus"":0,""2to4"":0,""5to9"":0},{""1"":23473,""10plus"":0,""2to4"":0,""5to9"":0},{""1"":21053,""10plus"":0,""2to4"":0,""5to9"":0},{""1"":18795,""10plus"":0,""2to4"":0,""5to9"":0}]",1.5341596250000293,0.474945764784934,1571860480
D12,ud23,DIODORUS,d91dad02f8da03cf6702fa7edec531da5e56f526f466e2f04180f2a23a1cf315,9,original,12,100,0.5,8884,0165d33483f5c5e592cf6d1d6a89dd2c06d867a99a2b11db7f8c98078c19f06b,13540,15266,46906,53304,-9921.466033551202,,3c776d1711f2cd05fbd31b91cc1cb41a427ce7ab737222293dd7bcad41ee67b7,-161360.51452259996,259069,84,0.0,16,3642,53304,"[1,85,1899,11930,26648,33990,34240,31818,28921,26109,23511,21083,18834]","[{""1"":0,""10plus"":1,""2to4"":0,""5to9"":0},{""1"":10,""10plus"":58,""2to4"":9,""5to9"":8},{""1"":495,""10plus"":656,""2to4"":489,""5to9"":259},{""1"":6546,""10plus"":895,""2to4"":3449,""5to9"":1040},{""1"":20867,""10plus"":300,""2to4"":4739,""5to9"":742},{""1"":31176,""10plus"":32,""2to4"":2585,""5to9"":197},{""1"":33392,""10plus"":3,""2to4"":826,""5to9"":19},{""1"":31628,""10plus"":2,""2to4"":187,""5to9"":1},{""1"":28868,""10plus"":2,""2to4"":51,""5to9"":0},{""1"":26083,""10plus"":2,""2to4"":24,""5to9"":0},{""1"":23496,""10plus"":2,""2to4"":13,""5to9"":0},{""1"":21073,""10plus"":2,""2to4"":8,""5to9"":0},{""1"":18828,""10plus"":0,""2to4"":4,""5to9"":2}]",0.9418184999994992,0.48585361200821353,1571860480
D12,ud23,DIODORUS,d91dad02f8da03cf6702fa7edec531da5e56f526f466e2f04180f2a23a1cf315,9,shuffled,12,100,0.5,8884,0165d33483f5c5e592cf6d1d6a89dd2c06d867a99a2b11db7f8c98078c19f06b,13540,15266,46906,53304,4588.8791830484115,,100d2c949056194449c65e445302569d96ba28cdd43e52f26044f6c06e6e6c5a,-171281.98055615116,278146,84,1.0,16,3642,53304,"[1,85,2157,16209,35331,38281,35332,32069,29011,26161,23547,21109,18853]","[{""1"":0,""10plus"":1,""2to4"":0,""5to9"":0},{""1"":10,""10plus"":58,""2to4"":10,""5to9"":7},{""1"":528,""10plus"":745,""2to4"":569,""5to9"":315},{""1"":9302,""10plus"":897,""2to4"":4629,""5to9"":1381},{""1"":30551,""10plus"":7,""2to4"":4562,""5to9"":211},{""1"":37733,""10plus"":0,""2to4"":548,""5to9"":0},{""1"":35289,""10plus"":0,""2to4"":43,""5to9"":0},{""1"":32064,""10plus"":0,""2to4"":5,""5to9"":0},{""1"":29011,""10plus"":0,""2to4"":0,""5to9"":0},{""1"":26161,""10plus"":0,""2to4"":0,""5to9"":0},{""1"":23547,""10plus"":0,""2to4"":0,""5to9"":0},{""1"":21109,""10plus"":0,""2to4"":0,""5to9"":0},{""1"":18853,""10plus"":0,""2to4"":0,""5to9"":0}]",1.556292957997357,0.48567199403987615,1571860480
D12,ud23,PLUTARCH,ef8134329970f595ef9ccf4198217affef5c01fa243d5bf4e59ee6daebb04e1d,0,original,12,100,0.5,8884,0dc71dfd58d1a938777e7c503583e2f310b7bc93c463209cb8ef5fa620a3da7f,7906,8884,46789,53304,-9818.770437846048,,e10791f29040ec351135e7abc53e122a4cfc77f7d53ca32728c6c86e9798a4ce,-159451.28768968733,256902,79,0.0,21,3605,53304,"[1,79,1842,11345,25635,33292,33888,31770,28997,26236,23640,21218,18959]","[{""1"":0,""10plus"":1,""2to4"":0,""5to9"":0},{""1"":5,""10plus"":56,""2to4"":8,""5to9"":10},{""1"":497,""10plus"":630,""2to4"":464,""5to9"":251},{""1"":6194,""10plus"":923,""2to4"":3262,""5to9"":966},{""1"":19760,""10plus"":340,""2to4"":4716,""5to9"":819},{""1"":30211,""10plus"":53,""2to4"":2787,""5to9"":241},{""1"":32763,""10plus"":5,""2to4"":1076,""5to9"":44},{""1"":31425,""10plus"":2,""2to4"":339,""5to9"":4},{""1"":28869,""10plus"":2,""2to4"":124,""5to9"":2},{""1"":26165,""10plus"":2,""2to4"":69,""5to9"":0},{""1"":23591,""10plus"":2,""2to4"":47,""5to9"":0},{""1"":21179,""10plus"":2,""2to4"":37,""5to9"":0},{""1"":18930,""10plus"":2,""2to4"":27,""5to9"":0}]",0.8888808339997922,0.2981630840131402,1411035136
D12,ud23,PLUTARCH,ef8134329970f595ef9ccf4198217affef5c01fa243d5bf4e59ee6daebb04e1d,0,shuffled,12,100,0.5,8884,0dc71dfd58d1a938777e7c503583e2f310b7bc93c463209cb8ef5fa620a3da7f,7906,8884,46789,53304,4288.3830625789415,,6cf94934d003c672e2f5d2bedf5834c4c772f4dc272b46ccfc0d49494843bb36,-169270.05812753338,277636,79,1.0,21,3605,53304,"[1,79,2037,15302,34566,38207,35494,32279,29225,26382,23747,21300,19017]","[{""1"":0,""10plus"":1,""2to4"":0,""5to9"":0},{""1"":6,""10plus"":56,""2to4"":8,""5to9"":9},{""1"":533,""10plus"":711,""2to4"":490,""5to9"":303},{""1"":8563,""10plus"":957,""2to4"":4426,""5to9"":1356},{""1"":29482,""10plus"":12,""2to4"":4787,""5to9"":285},{""1"":37473,""10plus"":0,""2to4"":732,""5to9"":2},{""1"":35441,""10plus"":0,""2to4"":53,""5to9"":0},{""1"":32274,""10plus"":0,""2to4"":5,""5to9"":0},{""1"":29224,""10plus"":0,""2to4"":1,""5to9"":0},{""1"":26382,""10plus"":0,""2to4"":0,""5to9"":0},{""1"":23747,""10plus"":0,""2to4"":0,""5to9"":0},{""1"":21300,""10plus"":0,""2to4"":0,""5to9"":0},{""1"":19017,""10plus"":0,""2to4"":0,""5to9"":0}]",1.3071295419995295,0.2949131059922365,1411035136
D12,ud23,PLUTARCH,ef8134329970f595ef9ccf4198217affef5c01fa243d5bf4e59ee6daebb04e1d,1,original,12,100,0.5,8884,c46ff3ac20bf9a6f1e498cca3632a3133f226cc096aedb3a566e1ed0ffcc1041,7918,8884,46909,53304,-10004.5509399437,,6f7272773bd3e6a0143d8e06fbf3f178e7986cb67e44567ab5bc93d933e0158a,-159435.67557026868,258217,80,0.0,20,3588,53304,"[1,80,1828,11466,25648,33283,33973,31854,29125,26394,23844,21469,19252]","[{""1"":0,""10plus"":1,""2to4"":0,""5to9"":0},{""1"":7,""10plus"":58,""2to4"":8,""5to9"":7},{""1"":480,""10plus"":621,""2to4"":449,""5to9"":278},{""1"":6323,""10plus"":907,""2to4"":3252,""5to9"":984},{""1"":19824,""10plus"":347,""2to4"":4685,""5to9"":792},{""1"":30191,""10plus"":50,""2to4"":2792,""5to9"":250},{""1"":32828,""10plus"":5,""2to4"":1101,""5to9"":39},{""1"":31481,""10plus"":2,""2to4"":363,""5to9"":8},{""1"":28985,""10plus"":2,""2to4"":135,""5to9"":3},{""1"":26319,""10plus"":2,""2to4"":72,""5to9"":1},{""1"":23792,""10plus"":2,""2to4"":50,""5to9"":0},{""1"":21429,""10plus"":2,""2to4"":38,""5to9"":0},{""1"":19222,""10plus"":2,""2to4"":28,""5to9"":0}]",0.9488507919995754,0.26155992880740087,1654919168
D12,ud23,PLUTARCH,ef8134329970f595ef9ccf4198217affef5c01fa243d5bf4e59ee6daebb04e1d,1,shuffled,12,100,0.5,8884,c46ff3ac20bf9a6f1e498cca3632a3133f226cc096aedb3a566e1ed0ffcc1041,7918,8884,46909,53304,4265.576398597157,,12f30c96340d0ce15d7b081144fc4e11deae7ad2a9fe4cf16a6287bec3426d19,-169440.22651021238,279129,80,1.0,20,3588,53304,"[1,80,2070,15419,34563,38305,35600,32390,29357,26537,23949,21548,19310]","[{""1"":0,""10plus"":1,""2to4"":0,""5to9"":0},{""1"":7,""10plus"":58,""2to4"":8,""5to9"":7},{""1"":549,""10plus"":710,""2to4"":497,""5to9"":314},{""1"":8714,""10plus"":943,""2to4"":4409,""5to9"":1353},{""1"":29460,""10plus"":19,""2to4"":4819,""5to9"":265},{""1"":37579,""10plus"":0,""2to4"":725,""5to9"":1},{""1"":35540,""10plus"":0,""2to4"":60,""5to9"":0},{""1"":32383,""10plus"":0,""2to4"":7,""5to9"":0},{""1"":29356,""10plus"":0,""2to4"":1,""5to9"":0},{""1"":26537,""10plus"":0,""2to4"":0,""5to9"":0},{""1"":23949,""10plus"":0,""2to4"":0,""5to9"":0},{""1"":21548,""10plus"":0,""2to4"":0,""5to9"":0},{""1"":19310,""10plus"":0,""2to4"":0,""5to9"":0}]",1.5336836250025954,0.25934256999607896,1654919168
D12,ud23,PLUTARCH,ef8134329970f595ef9ccf4198217affef5c01fa243d5bf4e59ee6daebb04e1d,2,original,12,100,0.5,8884,fc8664fbe3bb964f254c0d853036175df3acdbc9ed891e5f9c4bce6904650b8e,7937,8884,46812,53304,-9955.210080538469,,be425554fdf887a0d80b99ef0f89298fb1a9ae967b140f8327aa8a1af7422de8,-159468.06265464224,255423,78,0.0,22,3627,53304,"[1,79,1833,11407,25599,33190,33757,31573,28772,26006,23427,21013,18766]","[{""1"":0,""10plus"":1,""2to4"":0,""5to9"":0},{""1"":6,""10plus"":58,""2to4"":9,""5to9"":6},{""1"":468,""10plus"":621,""2to4"":483,""5to9"":261},{""1"":6288,""10plus"":897,""2to4"":3212,""5to9"":1010},{""1"":19792,""10plus"":325,""2to4"":4641,""5to9"":841},{""1"":30151,""10plus"":54,""2to4"":2737,""5to9"":248},{""1"":32655,""10plus"":6,""2to4"":1046,""5to9"":50},{""1"":31214,""10plus"":2,""2to4"":346,""5to9"":11},{""1"":28623,""10plus"":2,""2to4"":144,""5to9"":3},{""1"":25920,""10plus"":2,""2to4"":84,""5to9"":0},{""1"":23367,""10plus"":2,""2to4"":58,""5to9"":0},{""1"":20966,""10plus"":2,""2to4"":45,""5to9"":0},{""1"":18731,""10plus"":2,""2to4"":33,""5to9"":0}]",0.9127297089980857,0.2582202892044734,1654919168
D12,ud23,PLUTARCH,ef8134329970f595ef9ccf4198217affef5c01fa243d5bf4e59ee6daebb04e1d,2,shuffled,12,100,0.5,8884,fc8664fbe3bb964f254c0d853036175df3acdbc9ed891e5f9c4bce6904650b8e,7937,8884,46812,53304,4321.864743003098,,19189535ee5c68b243112fc7d634ac78a3830625dea9dd1b2b5995c7997b553a,-169423.2727351807,276377,78,1.0,22,3627,53304,"[1,78,2036,15380,34466,38211,35394,32124,29031,26169,23548,21106,18833]","[{""1"":0,""10plus"":1,""2to4"":0,""5to9"":0},{""1"":6,""10plus"":57,""2to4"":8,""5to9"":7},{""1"":493,""10plus"":717,""2to4"":531,""5to9"":295},{""1"":8705,""10plus"":921,""2to4"":4411,""5to9"":1343},{""1"":29361,""10plus"":9,""2to4"":4814,""5to9"":282},{""1"":37573,""10plus"":0,""2to4"":637,""5to9"":1},{""1"":35351,""10plus"":0,""2to4"":43,""5to9"":0},{""1"":32122,""10plus"":0,""2to4"":2,""5to9"":0},{""1"":29031,""10plus"":0,""2to4"":0,""5to9"":0},{""1"":26169,""10plus"":0,""2to4"":0,""5to9"":0},{""1"":23548,""10plus"":0,""2to4"":0,""5to9"":0},{""1"":21106,""10plus"":0,""2to4"":0,""5to9"":0},{""1"":18833,""10plus"":0,""2to4"":0,""5to9"":0}]",1.5197554170008516,0.25496291006493266,1654919168
D12,ud23,PLUTARCH,ef8134329970f595ef9ccf4198217affef5c01fa243d5bf4e59ee6daebb04e1d,3,original,12,100,0.5,8884,7a628c7c5c5656baa2241b1570eb13e63897985fc168dd097261e40218a87c7b,7975,8884,46770,53304,-9961.033225926425,,04ee81889381c203e10eb60483890c57d8c75fe2598884ffbed6e4731046c1c1,-159587.4748657645,259273,81,0.0,19,3565,53304,"[1,81,1862,11471,25840,33488,34105,31971,29233,26504,23929,21516,19272]","[{""1"":0,""10plus"":1,""2to4"":0,""5to9"":0},{""1"":8,""10plus"":58,""2to4"":7,""5to9"":8},{""1"":537,""10plus"":643,""2to4"":435,""5to9"":247},{""1"":6344,""10plus"":905,""2to4"":3191,""5to9"":1031},{""1"":19982,""10plus"":311,""2to4"":4729,""5to9"":818},{""1"":30449,""10plus"":56,""2to4"":2759,""5to9"":224},{""1"":32974,""10plus"":4,""2to4"":1088,""5to9"":39},{""1"":31589,""10plus"":2,""2to4"":373,""5to9"":7},{""1"":29068,""10plus"":2,""2to4"":162,""5to9"":1},{""1"":26411,""10plus"":2,""2to4"":91,""5to9"":0},{""1"":23868,""10plus"":2,""2to4"":59,""5to9"":0},{""1"":21471,""10plus"":2,""2to4"":43,""5to9"":0},{""1"":19238,""10plus"":2,""2to4"":32,""5to9"":0}]",0.9351478749995294,0.2631510499268188,1654919168
D12,ud23,PLUTARCH,ef8134329970f595ef9ccf4198217affef5c01fa243d5bf4e59ee6daebb04e1d,3,shuffled,12,100,0.5,8884,7a628c7c5c5656baa2241b1570eb13e63897985fc168dd097261e40218a87c7b,7975,8884,46770,53304,4372.147986607539,,b91f043522d0a9af0f5cb169fead84012b0742f0d844cd7af1c4223f92779a6f,-169548.50809169092,280289,81,1.0,19,3565,53304,"[1,82,2071,15502,34846,38457,35695,32507,29485,26662,24043,21602,19336]","[{""1"":0,""10plus"":1,""2to4"":0,""5to9"":0},{""1"":9,""10plus"":58,""2to4"":7,""5to9"":8},{""1"":535,""10plus"":722,""2to4"":523,""5to9"":291},{""1"":8693,""10plus"":942,""2to4"":4523,""5to9"":1344},{""1"":29799,""10plus"":12,""2to4"":4773,""5to9"":262},{""1"":37802,""10plus"":0,""2to4"":655,""5to9"":0},{""1"":35644,""10plus"":0,""2to4"":51,""5to9"":0},{""1"":32502,""10plus"":0,""2to4"":5,""5to9"":0},{""1"":29484,""10plus"":0,""2to4"":1,""5to9"":0},{""1"":26662,""10plus"":0,""2to4"":0,""5to9"":0},{""1"":24043,""10plus"":0,""2to4"":0,""5to9"":0},{""1"":21602,""10plus"":0,""2to4"":0,""5to9"":0},{""1"":19336,""10plus"":0,""2to4"":0,""5to9"":0}]",1.5565493750000314,0.2600937790739408,1654919168
D12,ud23,PLUTARCH,ef8134329970f595ef9ccf4198217affef5c01fa243d5bf4e59ee6daebb04e1d,4,original,12,100,0.5,8884,9bb934877e7d73e81c96bc897b1ed2e8f205ae7777c13ae0eb29fb2ea9018163,7968,8884,46792,53304,-9679.862094314944,,7053e17d6e22e6f3581674e169543899eabc5c711c23ff9b05df7cf40cb08618,-159702.51807783332,259777,81,0.0,19,3566,53304,"[1,81,1847,11501,25996,33635,34172,32001,29250,26510,23948,21541,19294]","[{""1"":0,""10plus"":1,""2to4"":0,""5to9"":0},{""1"":10,""10plus"":58,""2to4"":6,""5to9"":7},{""1"":498,""10plus"":635,""2to4"":466,""5to9"":248},{""1"":6317,""10plus"":894,""2to4"":3272,""5to9"":1018},{""1"":20167,""10plus"":315,""2to4"":4699,""5to9"":815},{""1"":30662,""10plus"":61,""2to4"":2704,""5to9"":208},{""1"":33143,""10plus"":6,""2to4"":971,""5to9"":52},{""1"":31665,""10plus"":2,""2to4"":327,""5to9"":7},{""1"":29115,""10plus"":2,""2to4"":131,""5to9"":2},{""1"":26439,""10plus"":2,""2to4"":69,""5to9"":0},{""1"":23907,""10plus"":2,""2to4"":39,""5to9"":0},{""1"":21515,""10plus"":2,""2to4"":24,""5to9"":0},{""1"":19277,""10plus"":2,""2to4"":15,""5to9"":0}]",0.9046156659969711,0.26282026396802394,1654919168
D12,ud23,PLUTARCH,ef8134329970f595ef9ccf4198217affef5c01fa243d5bf4e59ee6daebb04e1d,4,shuffled,12,100,0.5,8884,9bb934877e7d73e81c96bc897b1ed2e8f205ae7777c13ae0eb29fb2ea9018163,7968,8884,46792,53304,4374.646382646693,,b681b7926fdc18d993dfd1cf1c6523219b6cfaf0aa3c1f398a75d4dbd8d11d6a,-169382.38017214826,279791,81,1.0,19,3566,53304,"[1,82,2087,15426,34532,38337,35705,32514,29481,26647,24038,21604,19337]","[{""1"":0,""10plus"":1,""2to4"":0,""5to9"":0},{""1"":11,""10plus"":57,""2to4"":6,""5to9"":8},{""1"":551,""10plus"":720,""2to4"":520,""5to9"":296},{""1"":8789,""10plus"":945,""2to4"":4352,""5to9"":1340},{""1"":29362,""10plus"":14,""2to4"":4861,""5to9"":295},{""1"":37573,""10plus"":0,""2to4"":760,""5to9"":4},{""1"":35654,""10plus"":0,""2to4"":51,""5to9"":0},{""1"":32510,""10plus"":0,""2to4"":4,""5to9"":0},{""1"":29479,""10plus"":0,""2to4"":2,""5to9"":0},{""1"":26646,""10plus"":0,""2to4"":1,""5to9"":0},{""1"":24038,""10plus"":0,""2to4"":0,""5to9"":0},{""1"":21604,""10plus"":0,""2to4"":0,""5to9"":0},{""1"":19337,""10plus"":0,""2to4"":0,""5to9"":0}]",1.541171958000632,0.25809366389148636,1654919168
D12,ud23,PLUTARCH,ef8134329970f595ef9ccf4198217affef5c01fa243d5bf4e59ee6daebb04e1d,5,original,12,100,0.5,8884,6b3b06d1235274e4c85c1c856c7f35fe0ca8519f2ebf9cbc30704541f2a51e38,7921,8884,46831,53304,-9804.813376523176,,be5759c21cf4f29823b861177bf71d99f6c8e274522097c131f4d413d6ac3ad4,-159579.55044052936,257028,79,0.0,21,3624,53304,"[1,79,1827,11483,25808,33397,33933,31727,28913,26146,23575,21185,18954]","[{""1"":0,""10plus"":1,""2to4"":0,""5to9"":0},{""1"":5,""10plus"":55,""2to4"":11,""5to9"":8},{""1"":475,""10plus"":623,""2to4"":466,""5to9"":263},{""1"":6337,""10plus"":895,""2to4"":3243,""5to9"":1008},{""1"":20000,""10plus"":328,""2to4"":4690,""5to9"":790},{""1"":30384,""10plus"":52,""2to4"":2727,""5to9"":234},{""1"":32887,""10plus"":3,""2to4"":997,""5to9"":46},{""1"":31404,""10plus"":2,""2to4"":314,""5to9"":7},{""1"":28779,""10plus"":2,""2to4"":130,""5to9"":2},{""1"":26068,""10plus"":2,""2to4"":76,""5to9"":0},{""1"":23523,""10plus"":2,""2to4"":50,""5to9"":0},{""1"":21148,""10plus"":2,""2to4"":35,""5to9"":0},{""1"":18930,""10plus"":2,""2to4"":22,""5to9"":0}]",0.9238982919996488,0.26111598580973805,1654919168
D12,ud23,PLUTARCH,ef8134329970f595ef9ccf4198217affef5c01fa243d5bf4e59ee6daebb04e1d,5,shuffled,12,100,0.5,8884,6b3b06d1235274e4c85c1c856c7f35fe0ca8519f2ebf9cbc30704541f2a51e38,7921,8884,46831,53304,4390.0322474487475,,31dfef796311cce0b6f1ac95e8e65b89846f3e285b06fb44844264af2018053f,-169384.36381705254,277536,79,1.0,21,3624,53304,"[1,80,2072,15440,34663,38224,35460,32217,29145,26292,23678,21260,19004]","[{""1"":0,""10plus"":1,""2to4"":0,""5to9"":0},{""1"":7,""10plus"":55,""2to4"":11,""5to9"":7},{""1"":551,""10plus"":717,""2to4"":522,""5to9"":282},{""1"":8692,""10plus"":962,""2to4"":4480,""5to9"":1306},{""1"":29596,""10plus"":11,""2to4"":4796,""5to9"":260},{""1"":37539,""10plus"":0,""2to4"":685,""5to9"":0},{""1"":35416,""10plus"":0,""2to4"":44,""5to9"":0},{""1"":32215,""10plus"":0,""2to4"":2,""5to9"":0},{""1"":29145,""10plus"":0,""2to4"":0,""5to9"":0},{""1"":26292,""10plus"":0,""2to4"":0,""5to9"":0},{""1"":23678,""10plus"":0,""2to4"":0,""5to9"":0},{""1"":21260,""10plus"":0,""2to4"":0,""5to9"":0},{""1"":19004,""10plus"":0,""2to4"":0,""5to9"":0}]",1.5221122920011112,0.25797729983969475,1654919168
D12,ud23,PLUTARCH,ef8134329970f595ef9ccf4198217affef5c01fa243d5bf4e59ee6daebb04e1d,6,original,12,100,0.5,8884,0aed9b331de00b0b48cb422ef92de11c330672f56f0ebe1e560627d8286961a9,7951,8884,46767,53304,-9863.445971840207,,0f2ae9a084798a1d0a84a269ae07ff9c8629c3273e2050acca160e1c989e2fc4,-159597.24030859623,258965,86,0.0,14,3562,53304,"[1,85,1848,11430,25822,33477,34113,31952,29189,26454,23892,21482,19220]","[{""1"":0,""10plus"":1,""2to4"":0,""5to9"":0},{""1"":12,""10plus"":58,""2to4"":8,""5to9"":7},{""1"":498,""10plus"":629,""2to4"":467,""5to9"":254},{""1"":6242,""10plus"":905,""2to4"":3259,""5to9"":1024},{""1"":19967,""10plus"":333,""2to4"":4717,""5to9"":805},{""1"":30388,""10plus"":56,""2to4"":2797,""5to9"":236},{""1"":33027,""10plus"":5,""2to4"":1034,""5to9"":47},{""1"":31602,""10plus"":2,""2to4"":335,""5to9"":13},{""1"":29036,""10plus"":2,""2to4"":147,""5to9"":4},{""1"":26369,""10plus"":2,""2to4"":83,""5to9"":0},{""1"":23836,""10plus"":2,""2to4"":54,""5to9"":0},{""1"":21440,""10plus"":2,""2to4"":40,""5to9"":0},{""1"":19189,""10plus"":2,""2to4"":29,""5to9"":0}]",0.9595648750000692,0.26678542728404864,1654919168
D12,ud23,PLUTARCH,ef8134329970f595ef9ccf4198217affef5c01fa243d5bf4e59ee6daebb04e1d,6,shuffled,12,100,0.5,8884,0aed9b331de00b0b48cb422ef92de11c330672f56f0ebe1e560627d8286961a9,7951,8884,46767,53304,4434.31814284515,,537cedf06e44670a1c51db0b014f605c60cf9ef76e388d25d657e21f870ce409,-169460.68628043644,279967,86,1.0,14,3562,53304,"[1,87,2060,15452,34788,38460,35700,32485,29452,26619,24010,21570,19283]","[{""1"":0,""10plus"":1,""2to4"":0,""5to9"":0},{""1"":15,""10plus"":57,""2to4"":8,""5to9"":7},{""1"":517,""10plus"":711,""2to4"":538,""5to9"":294},{""1"":8743,""10plus"":934,""2to4"":4379,""5to9"":1396},{""1"":29711,""10plus"":11,""2to4"":4805,""5to9"":261},{""1"":37805,""10plus"":0,""2to4"":655,""5to9"":0},{""1"":35660,""10plus"":0,""2to4"":40,""5to9"":0},{""1"":32481,""10plus"":0,""2to4"":4,""5to9"":0},{""1"":29452,""10plus"":0,""2to4"":0,""5to9"":0},{""1"":26619,""10plus"":0,""2to4"":0,""5to9"":0},{""1"":24010,""10plus"":0,""2to4"":0,""5to9"":0},{""1"":21570,""10plus"":0,""2to4"":0,""5to9"":0},{""1"":19283,""10plus"":0,""2to4"":0,""5to9"":0}]",1.564327833999414,0.26400317896695924,1654919168
D12,ud23,PLUTARCH,ef8134329970f595ef9ccf4198217affef5c01fa243d5bf4e59ee6daebb04e1d,7,original,12,100,0.5,8884,ecbeb00718defdabd464a3d7be3c187071b4f2a8acecc33c65961127de53fde9,7951,8884,46926,53304,-9981.757329179061,,adfa7846a2efe01e459120819ecca73770c9a44832c79cc6ccf5258506d0787a,-159642.87405414315,257432,81,0.0,19,3609,53304,"[1,81,1830,11390,25652,33432,34001,31786,29004,26252,23690,21285,19028]","[{""1"":0,""10plus"":1,""2to4"":0,""5to9"":0},{""1"":7,""10plus"":57,""2to4"":10,""5to9"":7},{""1"":478,""10plus"":630,""2to4"":473,""5to9"":249},{""1"":6237,""10plus"":892,""2to4"":3224,""5to9"":1037},{""1"":19791,""10plus"":312,""2to4"":4691,""5to9"":858},{""1"":30390,""10plus"":49,""2to4"":2761,""5to9"":232},{""1"":32939,""10plus"":4,""2to4"":1023,""5to9"":35},{""1"":31432,""10plus"":2,""2to4"":347,""5to9"":5},{""1"":28859,""10plus"":2,""2to4"":143,""5to9"":0},{""1"":26173,""10plus"":2,""2to4"":77,""5to9"":0},{""1"":23638,""10plus"":2,""2to4"":50,""5to9"":0},{""1"":21247,""10plus"":2,""2to4"":36,""5to9"":0},{""1"":19002,""10plus"":1,""2to4"":24,""5to9"":1}]",0.9083152079983847,0.2636667020888126,1654919168
D12,ud23,PLUTARCH,ef8134329970f595ef9ccf4198217affef5c01fa243d5bf4e59ee6daebb04e1d,7,shuffled,12,100,0.5,8884,ecbeb00718defdabd464a3d7be3c187071b4f2a8acecc33c65961127de53fde9,7951,8884,46926,53304,4457.976566099445,,38e05a19990cf66683532c9d03aa628faa2447e0a8d508a77139fe8d9358ffd3,-169624.6313833222,278206,81,1.0,19,3609,53304,"[1,82,2093,15475,34679,38274,35503,32281,29229,26386,23781,21350,19072]","[{""1"":0,""10plus"":1,""2to4"":0,""5to9"":0},{""1"":9,""10plus"":57,""2to4"":10,""5to9"":6},{""1"":570,""10plus"":714,""2to4"":509,""5to9"":300},{""1"":8721,""10plus"":953,""2to4"":4489,""5to9"":1312},{""1"":29537,""10plus"":6,""2to4"":4877,""5to9"":259},{""1"":37587,""10plus"":0,""2to4"":687,""5to9"":0},{""1"":35454,""10plus"":0,""2to4"":49,""5to9"":0},{""1"":32278,""10plus"":0,""2to4"":3,""5to9"":0},{""1"":29229,""10plus"":0,""2to4"":0,""5to9"":0},{""1"":26386,""10plus"":0,""2to4"":0,""5to9"":0},{""1"":23781,""10plus"":0,""2to4"":0,""5to9"":0},{""1"":21350,""10plus"":0,""2to4"":0,""5to9"":0},{""1"":19072,""10plus"":0,""2to4"":0,""5to9"":0}]",1.2792358329970739,0.5571070289370255,1654919168
D12,ud23,PLUTARCH,ef8134329970f595ef9ccf4198217affef5c01fa243d5bf4e59ee6daebb04e1d,8,original,12,100,0.5,8884,c9a1314d5edc79ff6b616374e8cbbcb96031671d89ff9aca5399213db949bec1,7907,8884,46820,53304,-9937.837193257292,,0560f3fadd2d410c879c27b4b7be0e07d0c8ace6077cd87b423fe1540d2a0051,-159549.52466125993,258231,79,0.0,21,3585,53304,"[1,80,1851,11399,25757,33405,34015,31875,29125,26379,23802,21394,19148]","[{""1"":0,""10plus"":1,""2to4"":0,""5to9"":0},{""1"":4,""10plus"":56,""2to4"":12,""5to9"":8},{""1"":508,""10plus"":631,""2to4"":452,""5to9"":260},{""1"":6297,""10plus"":903,""2to4"":3137,""5to9"":1062},{""1"":19917,""10plus"":310,""2to4"":4722,""5to9"":808},{""1"":30333,""10plus"":56,""2to4"":2793,""5to9"":223},{""1"":32920,""10plus"":4,""2to4"":1044,""5to9"":47},{""1"":31513,""10plus"":2,""2to4"":353,""5to9"":7},{""1"":28981,""10plus"":2,""2to4"":140,""5to9"":2},{""1"":26299,""10plus"":2,""2to4"":78,""5to9"":0},{""1"":23747,""10plus"":2,""2to4"":53,""5to9"":0},{""1"":21351,""10plus"":2,""2to4"":41,""5to9"":0},{""1"":19116,""10plus"":2,""2to4"":30,""5to9"":0}]",0.9194592079984432,0.25983920587896137,1654919168
D12,ud23,PLUTARCH,ef8134329970f595ef9ccf4198217affef5c01fa243d5bf4e59ee6daebb04e1d,8,shuffled,12,100,0.5,8884,c9a1314d5edc79ff6b616374e8cbbcb96031671d89ff9aca5399213db949bec1,7907,8884,46820,53304,4245.6953511049505,,30f8c03d338dffa87dfa112fe68ef7b4295afdd77156a41ca39ad3be4fce60d6,-169487.36185451722,279193,79,1.0,21,3585,53304,"[1,79,2093,15400,34636,38402,35637,32418,29377,26537,23918,21483,19212]","[{""1"":0,""10plus"":1,""2to4"":0,""5to9"":0},{""1"":4,""10plus"":56,""2to4"":11,""5to9"":8},{""1"":568,""10plus"":706,""2to4"":508,""5to9"":311},{""1"":8637,""10plus"":930,""2to4"":4436,""5to9"":1397},{""1"":29489,""10plus"":17,""2to4"":4864,""5to9"":266},{""1"":37761,""10plus"":0,""2to4"":641,""5to9"":0},{""1"":35599,""10plus"":0,""2to4"":38,""5to9"":0},{""1"":32414,""10plus"":0,""2to4"":4,""5to9"":0},{""1"":29377,""10plus"":0,""2to4"":0,""5to9"":0},{""1"":26537,""10plus"":0,""2to4"":0,""5to9"":0},{""1"":23918,""10plus"":0,""2to4"":0,""5to9"":0},{""1"":21483,""10plus"":0,""2to4"":0,""5to9"":0},{""1"":19212,""10plus"":0,""2to4"":0,""5to9"":0}]",1.2955444580002222,0.25714964582221,1654919168
D12,ud23,PLUTARCH,ef8134329970f595ef9ccf4198217affef5c01fa243d5bf4e59ee6daebb04e1d,9,original,12,100,0.5,8884,302b491bbe5fab1c9e8913bb911710574a1661a77bb4aae233ab09bc7cc512f8,7929,8884,46845,53304,-10068.51391644383,,cd0394f0c423ef45d61d85930097f89a7f6b28faf638432c3c54c916137479a7,-159057.28925886675,254953,76,0.0,24,3644,53304,"[1,76,1813,11269,25488,33090,33697,31552,28779,26028,23430,20998,18732]","[{""1"":0,""10plus"":1,""2to4"":0,""5to9"":0},{""1"":3,""10plus"":57,""2to4"":10,""5to9"":6},{""1"":465,""10plus"":621,""2to4"":468,""5to9"":259},{""1"":6153,""10plus"":906,""2to4"":3200,""5to9"":1010},{""1"":19635,""10plus"":323,""2to4"":4722,""5to9"":808},{""1"":30011,""10plus"":57,""2to4"":2784,""5to9"":238},{""1"":32572,""10plus"":6,""2to4"":1069,""5to9"":50},{""1"":31183,""10plus"":3,""2to4"":358,""5to9"":8},{""1"":28612,""10plus"":2,""2to4"":162,""5to9"":3},{""1"":25932,""10plus"":2,""2to4"":94,""5to9"":0},{""1"":23363,""10plus"":2,""2to4"":65,""5to9"":0},{""1"":20949,""10plus"":2,""2to4"":47,""5to9"":0},{""1"":18698,""10plus"":2,""2to4"":32,""5to9"":0}]",0.954399750000448,0.2562686970777577,1654919168
D12,ud23,PLUTARCH,ef8134329970f595ef9ccf4198217affef5c01fa243d5bf4e59ee6daebb04e1d,9,shuffled,12,100,0.5,8884,302b491bbe5fab1c9e8913bb911710574a1661a77bb4aae233ab09bc7cc512f8,7929,8884,46845,53304,4337.110681424238,,ef8100234ad64b299fbdddc85575ef35a725286ad58f60990fc74bdf813635b8,-169125.80317531058,276571,76,1.0,24,3644,53304,"[1,77,2009,15420,34619,38223,35374,32122,29064,26207,23560,21095,18800]","[{""1"":0,""10plus"":1,""2to4"":0,""5to9"":0},{""1"":5,""10plus"":56,""2to4"":10,""5to9"":6},{""1"":484,""10plus"":730,""2to4"":510,""5to9"":285},{""1"":8636,""10plus"":936,""2to4"":4537,""5to9"":1311},{""1"":29635,""10plus"":12,""2to4"":4688,""5to9"":284},{""1"":37619,""10plus"":0,""2to4"":604,""5to9"":0},{""1"":35338,""10plus"":0,""2to4"":36,""5to9"":0},{""1"":32120,""10plus"":0,""2to4"":2,""5to9"":0},{""1"":29064,""10plus"":0,""2to4"":0,""5to9"":0},{""1"":26207,""10plus"":0,""2to4"":0,""5to9"":0},{""1"":23560,""10plus"":0,""2to4"":0,""5to9"":0},{""1"":21095,""10plus"":0,""2to4"":0,""5to9"":0},{""1"":18800,""10plus"":0,""2to4"":0,""5to9"":0}]",1.5357696669998404,0.2523592849174747,1654919168
a_total1,ud23,THUCYDIDES,1a32cf6857284fff7c7f006f8d0cd4ab15a047af7a4bcd5613d1fd50789dd4ee,0,original,8,100,0.01,8884,45c29821b12f0d64a6848c81cfc04759559c9a2b283646ba28863ca313085051,8306,9346,46723,53304,-10212.351392498182,,344253768db1e1760410c7142da67690be2fb9889a1601a2901add996f913582,-159584.57899085802,167316,83,0.0,17,3572,53304,"[1,83,1819,11399,25591,33252,34020,31931,29220]","[{""1"":0,""10plus"":1,""2to4"":0,""5to9"":0},{""1"":9,""10plus"":55,""2to4"":8,""5to9"":11},{""1"":464,""10plus"":639,""2to4"":467,""5to9"":249},{""1"":6290,""10plus"":892,""2to4"":3194,""5to9"":1023},{""1"":19797,""10plus"":343,""2to4"":4651,""5to9"":800},{""1"":30137,""10plus"":55,""2to4"":2799,""5to9"":261},{""1"":32876,""10plus"":4,""2to4"":1090,""5to9"":50},{""1"":31556,""10plus"":2,""2to4"":363,""5to9"":10},{""1"":29070,""10plus"":2,""2to4"":146,""5to9"":2}]",0.5909616669996467,0.27014327103279356,1276583936
a_total1,ud23,THUCYDIDES,1a32cf6857284fff7c7f006f8d0cd4ab15a047af7a4bcd5613d1fd50789dd4ee,0,shuffled,8,100,0.01,8884,45c29821b12f0d64a6848c81cfc04759559c9a2b283646ba28863ca313085051,8306,9346,46723,53304,6247.631712172471,,4b98afde77680c56258cfa931ff671f04979a366ad7799f9b03ed7e4bcd30aef,-169796.9303833562,188599,83,1.0,17,3572,53304,"[1,84,2101,15615,34782,38402,35687,32475,29452]","[{""1"":0,""10plus"":1,""2to4"":0,""5to9"":0},{""1"":12,""10plus"":55,""2to4"":6,""5to9"":11},{""1"":548,""10plus"":720,""2to4"":540,""5to9"":293},{""1"":8893,""10plus"":951,""2to4"":4439,""5to9"":1332},{""1"":29718,""10plus"":13,""2to4"":4797,""5to9"":254},{""1"":37716,""10plus"":0,""2to4"":685,""5to9"":1},{""1"":35642,""10plus"":0,""2to4"":45,""5to9"":0},{""1"":32473,""10plus"":0,""2to4"":2,""5to9"":0},{""1"":29452,""10plus"":0,""2to4"":0,""5to9"":0}]",0.8382594169997901,0.27012050315534,1276583936
a_total1,ud23,THUCYDIDES,1a32cf6857284fff7c7f006f8d0cd4ab15a047af7a4bcd5613d1fd50789dd4ee,1,original,8,100,0.01,8884,741e5c6e3848b67e91f8dee927d8ed9a4efe1738650f9889ab117bcd317847be,8305,9346,46838,53304,-10110.740470391262,,2220fe7a9181677c08d94615d44467e1388e1e9258ed9266a31785489faf0daa,-159560.63940513594,167203,78,0.0,22,3581,53304,"[1,79,1844,11418,25631,33267,33953,31876,29134]","[{""1"":0,""10plus"":1,""2to4"":0,""5to9"":0},{""1"":6,""10plus"":54,""2to4"":7,""5to9"":12},{""1"":503,""10plus"":630,""2to4"":454,""5to9"":257},{""1"":6331,""10plus"":894,""2to4"":3194,""5to9"":999},{""1"":19923,""10plus"":329,""2to4"":4575,""5to9"":804},{""1"":30158,""10plus"":61,""2to4"":2809,""5to9"":239},{""1"":32801,""10plus"":5,""2to4"":1094,""5to9"":53},{""1"":31494,""10plus"":2,""2to4"":368,""5to9"":12},{""1"":28966,""10plus"":2,""2to4"":161,""5to9"":5}]",0.5589315420002094,0.26629594693076797,1490690048
a_total1,ud23,THUCYDIDES,1a32cf6857284fff7c7f006f8d0cd4ab15a047af7a4bcd5613d1fd50789dd4ee,1,shuffled,8,100,0.01,8884,741e5c6e3848b67e91f8dee927d8ed9a4efe1738650f9889ab117bcd317847be,8305,9346,46838,53304,6300.963969724078,,f553831356e9fc4a96a6fed21ae23206bc3b31db5cacd17b51c5b40bd0d012fd,-169671.3798755272,188495,78,1.0,22,3581,53304,"[1,79,2093,15589,34781,38415,35660,32455,29422]","[{""1"":0,""10plus"":1,""2to4"":0,""5to9"":0},{""1"":6,""10plus"":56,""2to4"":7,""5to9"":10},{""1"":539,""10plus"":728,""2to4"":531,""5to9"":295},{""1"":8952,""10plus"":963,""2to4"":4365,""5to9"":1309},{""1"":29734,""10plus"":12,""2to4"":4774,""5to9"":261},{""1"":37775,""10plus"":0,""2to4"":638,""5to9"":2},{""1"":35620,""10plus"":0,""2to4"":39,""5to9"":1},{""1"":32450,""10plus"":0,""2to4"":5,""5to9"":0},{""1"":29421,""10plus"":0,""2to4"":1,""5to9"":0}]",0.9687951670020993,0.2646071829585708,1490690048
a_total1,ud23,THUCYDIDES,1a32cf6857284fff7c7f006f8d0cd4ab15a047af7a4bcd5613d1fd50789dd4ee,2,original,8,100,0.01,8884,cb3239f22ee85d443faa0ca1b33cab0dd805b3de15c6de28f361d64d1739afd4,8349,9346,46847,53304,-10369.56525498844,,28c723f8a0f015395235d5e05b8b71bac580bc530def96648ac0b02a96d22873,-159334.44347948747,167404,85,0.0,15,3579,53304,"[1,84,1821,11416,25658,33325,34025,31910,29164]","[{""1"":0,""10plus"":1,""2to4"":0,""5to9"":0},{""1"":12,""10plus"":56,""2to4"":8,""5to9"":8},{""1"":480,""10plus"":636,""2to4"":448,""5to9"":257},{""1"":6230,""10plus"":886,""2to4"":3261,""5to9"":1039},{""1"":19890,""10plus"":335,""2to4"":4626,""5to9"":807},{""1"":30246,""10plus"":65,""2to4"":2786,""5to9"":228},{""1"":32904,""10plus"":5,""2to4"":1071,""5to9"":45},{""1"":31543,""10plus"":2,""2to4"":358,""5to9"":7},{""1"":29035,""10plus"":2,""2to4"":125,""5to9"":2}]",0.5873222920017724,0.2715510670095682,1490690048
a_total1,ud23,THUCYDIDES,1a32cf6857284fff7c7f006f8d0cd4ab15a047af7a4bcd5613d1fd50789dd4ee,2,shuffled,8,100,0.01,8884,cb3239f22ee85d443faa0ca1b33cab0dd805b3de15c6de28f361d64d1739afd4,8349,9346,46847,53304,6155.633434006333,,4a215fcc9dd447ad0ba893ea2b433dc90e3611346b01ce9942512936ad84b78b,-169704.0087344759,188252,85,1.0,15,3579,53304,"[1,86,2086,15458,34734,38427,35656,32426,29378]","[{""1"":0,""10plus"":1,""2to4"":0,""5to9"":0},{""1"":14,""10plus"":57,""2to4"":7,""5to9"":8},{""1"":549,""10plus"":715,""2to4"":524,""5to9"":298},{""1"":8723,""10plus"":924,""2to4"":4465,""5to9"":1346},{""1"":29676,""10plus"":16,""2to4"":4771,""5to9"":271},{""1"":37786,""10plus"":0,""2to4"":639,""5to9"":2},{""1"":35616,""10plus"":0,""2to4"":40,""5to9"":0},{""1"":32424,""10plus"":0,""2to4"":2,""5to9"":0},{""1"":29378,""10plus"":0,""2to4"":0,""5to9"":0}]",0.8141035420012486,0.45763103518038406,1490690048
a_total1,ud23,THUCYDIDES,1a32cf6857284fff7c7f006f8d0cd4ab15a047af7a4bcd5613d1fd50789dd4ee,3,original,8,100,0.01,8884,66f64480f0ed356a61be53f3835489fe7124afca90570dc8bdae4a4b67a33b38,8357,9346,46947,53304,-10154.279138068756,,9cc38aaf78612d6b99038102b88f4be0d32ffcf5960d3f6a70fe69bebbca424e,-159541.0236843109,167309,85,0.0,15,3583,53304,"[1,85,1846,11371,25756,33335,33995,31833,29087]","[{""1"":0,""10plus"":1,""2to4"":0,""5to9"":0},{""1"":12,""10plus"":57,""2to4"":7,""5to9"":9},{""1"":512,""10plus"":626,""2to4"":447,""5to9"":261},{""1"":6205,""10plus"":893,""2to4"":3255,""5to9"":1018},{""1"":20052,""10plus"":325,""2to4"":4544,""5to9"":835},{""1"":30284,""10plus"":61,""2to4"":2741,""5to9"":249},{""1"":32910,""10plus"":5,""2to4"":1033,""5to9"":47},{""1"":31468,""10plus"":2,""2to4"":356,""5to9"":7},{""1"":28953,""10plus"":2,""2to4"":130,""5to9"":2}]",0.5606587080001191,0.27147732985395123,1490690048
a_total1,ud23,THUCYDIDES,1a32cf6857284fff7c7f006f8d0cd4ab15a047af7a4bcd5613d1fd50789dd4ee,3,shuffled,8,100,0.01,8884,66f64480f0ed356a61be53f3835489fe7124afca90570dc8bdae4a4b67a33b38,8357,9346,46947,53304,6261.276447159966,,6be25f68cae3e9fc715c5655e90ea1a5f0fef86d16e0882b1e589f39453bb2aa,-169695.30282237966,188034,85,1.0,15,3583,53304,"[1,85,2091,15438,34735,38385,35593,32379,29327]","[{""1"":0,""10plus"":1,""2to4"":0,""5to9"":0},{""1"":12,""10plus"":57,""2to4"":7,""5to9"":9},{""1"":566,""10plus"":724,""2to4"":509,""5to9"":292},{""1"":8706,""10plus"":949,""2to4"":4439,""5to9"":1344},{""1"":29646,""10plus"":14,""2to4"":4795,""5to9"":280},{""1"":37731,""10plus"":0,""2to4"":652,""5to9"":2},{""1"":35530,""10plus"":0,""2to4"":63,""5to9"":0},{""1"":32371,""10plus"":0,""2to4"":8,""5to9"":0},{""1"":29326,""10plus"":0,""2to4"":1,""5to9"":0}]",0.9786962079997465,0.27092872897628695,1490690048
a_total1,ud23,THUCYDIDES,1a32cf6857284fff7c7f006f8d0cd4ab15a047af7a4bcd5613d1fd50789dd4ee,4,original,8,100,0.01,8884,c64af18b135f5e0cccba3d3f87727388ab863c5f9ff37252172e1422b3a7031a,8321,9346,46719,53304,-10164.309461283905,,794a73aa54d75762483c02024b7b02a36391c439912fc6224facdeb53ae4f075,-159544.17546132454,167218,83,0.0,17,3589,53304,"[1,83,1832,11447,25615,33345,33993,31851,29051]","[{""1"":0,""10plus"":1,""2to4"":0,""5to9"":0},{""1"":9,""10plus"":56,""2to4"":9,""5to9"":9},{""1"":486,""10plus"":631,""2to4"":450,""5to9"":265},{""1"":6332,""10plus"":902,""2to4"":3213,""5to9"":1000},{""1"":19782,""10plus"":357,""2to4"":4677,""5to9"":799},{""1"":30275,""10plus"":59,""2to4"":2760,""5to9"":251},{""1"":32896,""10plus"":3,""2to4"":1053,""5to9"":41},{""1"":31507,""10plus"":2,""2to4"":335,""5to9"":7},{""1"":28901,""10plus"":2,""2to4"":146,""5to9"":2}]",0.5563987499990617,0.27156884296346107,1490690048
a_total1,ud23,THUCYDIDES,1a32cf6857284fff7c7f006f8d0cd4ab15a047af7a4bcd5613d1fd50789dd4ee,4,shuffled,8,100,0.01,8884,c64af18b135f5e0cccba3d3f87727388ab863c5f9ff37252172e1422b3a7031a,8321,9346,46719,53304,6161.747309806582,,2005b3be31fb76bfde8b8da343839ac98c8fac6a54b9843a153280a74c36b203,-169708.48492260845,187903,83,1.0,17,3589,53304,"[1,84,2083,15473,34642,38388,35584,32350,29298]","[{""1"":0,""10plus"":1,""2to4"":0,""5to9"":0},{""1"":11,""10plus"":56,""2to4"":8,""5to9"":9},{""1"":560,""10plus"":717,""2to4"":494,""5to9"":312},{""1"":8744,""10plus"":926,""2to4"":4452,""5to9"":1351},{""1"":29529,""10plus"":11,""2to4"":4821,""5to9"":281},{""1"":37760,""10plus"":0,""2to4"":628,""5to9"":0},{""1"":35549,""10plus"":0,""2to4"":35,""5to9"":0},{""1"":32346,""10plus"":0,""2to4"":4,""5to9"":0},{""1"":29297,""10plus"":0,""2to4"":1,""5to9"":0}]",0.957041792000382,0.2712087239269749,1490690048
a_total1,ud23,THUCYDIDES,1a32cf6857284fff7c7f006f8d0cd4ab15a047af7a4bcd5613d1fd50789dd4ee,5,original,8,100,0.01,8884,ac07dc3dc973462176638056eb37747b8719516a1f816d1109a9e591d5c295c4,8259,9346,46867,53304,-10167.435506525246,,2af1a1d2203c257de21e41fdcdf99406973c224ed3018a318262fa2597fd38f6,-159755.06605732074,167581,86,0.0,14,3593,53304,"[1,86,1834,11497,25741,33392,34029,31888,29113]","[{""1"":0,""10plus"":1,""2to4"":0,""5to9"":0},{""1"":14,""10plus"":56,""2to4"":8,""5to9"":8},{""1"":487,""10plus"":638,""2to4"":449,""5to9"":260},{""1"":6386,""10plus"":878,""2to4"":3181,""5to9"":1052},{""1"":20042,""10plus"":339,""2to4"":4552,""5to9"":808},{""1"":30365,""10plus"":55,""2to4"":2734,""5to9"":238},{""1"":32958,""10plus"":4,""2to4"":1022,""5to9"":45},{""1"":31558,""10plus"":2,""2to4"":322,""5to9"":6},{""1"":28988,""10plus"":2,""2to4"":121,""5to9"":2}]",0.5833080830016115,0.27366888882534113,1490690048
a_total1,ud23,THUCYDIDES,1a32cf6857284fff7c7f006f8d0cd4ab15a047af7a4bcd5613d1fd50789dd4ee,5,shuffled,8,100,0.01,8884,ac07dc3dc973462176638056eb37747b8719516a1f816d1109a9e591d5c295c4,8259,9346,46867,53304,6200.188251106767,,8617f8d2ea94ec5d20f48224ae56e139dc5098f9cbb25398de89ac88db2d3a43,-169922.501563846,188271,86,1.0,14,3593,53304,"[1,86,2103,15669,34776,38326,35600,32376,29334]","[{""1"":0,""10plus"":1,""2to4"":0,""5to9"":0},{""1"":15,""10plus"":56,""2to4"":7,""5to9"":8},{""1"":541,""10plus"":719,""2to4"":525,""5to9"":318},{""1"":9021,""10plus"":924,""2to4"":4411,""5to9"":1313},{""1"":29890,""10plus"":10,""2to4"":4573,""5to9"":303},{""1"":37640,""10plus"":0,""2to4"":684,""5to9"":2},{""1"":35558,""10plus"":0,""2to4"":42,""5to9"":0},{""1"":32373,""10plus"":0,""2to4"":3,""5to9"":0},{""1"":29334,""10plus"":0,""2to4"":0,""5to9"":0}]",0.9645649170015531,0.2732413278463355,1490690048
a_total1,ud23,THUCYDIDES,1a32cf6857284fff7c7f006f8d0cd4ab15a047af7a4bcd5613d1fd50789dd4ee,6,original,8,100,0.01,8884,25931fb4a3b0372b5c1403eb16e0564b1ddeb57ba80599ad09fa69533ce05461,8319,9346,46936,53304,-10121.0018218451,,fb68fdf0857b51120eec1cdc8788067439b8b854be02306146e6a82c4f148f02,-159690.3283256705,166774,82,0.0,18,3602,53304,"[1,83,1845,11458,25621,33273,33891,31692,28910]","[{""1"":0,""10plus"":1,""2to4"":0,""5to9"":0},{""1"":8,""10plus"":56,""2to4"":9,""5to9"":10},{""1"":501,""10plus"":635,""2to4"":443,""5to9"":266},{""1"":6362,""10plus"":902,""2to4"":3162,""5to9"":1032},{""1"":19833,""10plus"":323,""2to4"":4628,""5to9"":837},{""1"":30214,""10plus"":67,""2to4"":2751,""5to9"":241},{""1"":32791,""10plus"":5,""2to4"":1048,""5to9"":47},{""1"":31302,""10plus"":2,""2to4"":383,""5to9"":5},{""1"":28724,""10plus"":2,""2to4"":182,""5to9"":2}]",0.5745340419998684,0.2689472900274268,1490690048
a_total1,ud23,THUCYDIDES,1a32cf6857284fff7c7f006f8d0cd4ab15a047af7a4bcd5613d1fd50789dd4ee,6,shuffled,8,100,0.01,8884,25931fb4a3b0372b5c1403eb16e0564b1ddeb57ba80599ad09fa69533ce05461,8319,9346,46936,53304,6149.122895056149,,ff75c297f5938f7b858d18e80f1452bd703a4d3bb59b4ed39614594931cf515d,-169811.3301475156,187806,82,1.0,18,3602,53304,"[1,83,2094,15490,34790,38326,35531,32279,29212]","[{""1"":0,""10plus"":1,""2to4"":0,""5to9"":0},{""1"":8,""10plus"":56,""2to4"":10,""5to9"":9},{""1"":559,""10plus"":725,""2to4"":514,""5to9"":296},{""1"":8696,""10plus"":946,""2to4"":4509,""5to9"":1339},{""1"":29708,""10plus"":9,""2to4"":4808,""5to9"":265},{""1"":37680,""10plus"":0,""2to4"":646,""5to9"":0},{""1"":35489,""10plus"":0,""2to4"":42,""5to9"":0},{""1"":32275,""10plus"":0,""2to4"":4,""5to9"":0},{""1"":29212,""10plus"":0,""2to4"":0,""5to9"":0}]",0.9565558329995838,0.26911782685419894,1490690048
a_total1,ud23,THUCYDIDES,1a32cf6857284fff7c7f006f8d0cd4ab15a047af7a4bcd5613d1fd50789dd4ee,7,original,8,100,0.01,8884,81e9510b0da15c65580cc80a4abfb41e2546c0fb7ccfb35ec04b0542b92a304a,8339,9346,46920,53304,-10454.39804255095,,9c43e03396ebae606fa14ef0812bf2e729ca8adc8fe308de6fb27ea8b952516b,-159432.39167004157,167298,84,0.0,16,3578,53304,"[1,84,1817,11400,25627,33348,34032,31886,29103]","[{""1"":0,""10plus"":1,""2to4"":0,""5to9"":0},{""1"":5,""10plus"":57,""2to4"":14,""5to9"":8},{""1"":472,""10plus"":630,""2to4"":445,""5to9"":270},{""1"":6249,""10plus"":896,""2to4"":3192,""5to9"":1063},{""1"":19815,""10plus"":337,""2to4"":4653,""5to9"":822},{""1"":30260,""10plus"":54,""2to4"":2784,""5to9"":250},{""1"":32931,""10plus"":3,""2to4"":1058,""5to9"":40},{""1"":31553,""10plus"":2,""2to4"":324,""5to9"":7},{""1"":28971,""10plus"":2,""2to4"":127,""5to9"":3}]",0.5775632080003561,0.27134527782254736,1490690048
a_total1,ud23,THUCYDIDES,1a32cf6857284fff7c7f006f8d0cd4ab15a047af7a4bcd5613d1fd50789dd4ee,7,shuffled,8,100,0.01,8884,81e9510b0da15c65580cc80a4abfb41e2546c0fb7ccfb35ec04b0542b92a304a,8339,9346,46920,53304,6239.1363544683845,,51939f258a4dab178933040d6d9d10b830f1962860e311d72bc1e4da0789b9d9,-169886.78971259252,188477,84,1.0,16,3578,53304,"[1,83,2097,15724,34860,38375,35611,32390,29336]","[{""1"":0,""10plus"":1,""2to4"":0,""5to9"":0},{""1"":5,""10plus"":57,""2to4"":13,""5to9"":8},{""1"":539,""10plus"":726,""2to4"":534,""5to9"":298},{""1"":8969,""10plus"":911,""2to4"":4433,""5to9"":1411},{""1"":29845,""10plus"":14,""2to4"":4729,""5to9"":272},{""1"":37709,""10plus"":0,""2to4"":665,""5to9"":1},{""1"":35562,""10plus"":0,""2to4"":49,""5to9"":0},{""1"":32386,""10plus"":0,""2to4"":4,""5to9"":0},{""1"":29336,""10plus"":0,""2to4"":0,""5to9"":0}]",0.9628572500005248,0.2702202141081216,1490690048
a_total1,ud23,THUCYDIDES,1a32cf6857284fff7c7f006f8d0cd4ab15a047af7a4bcd5613d1fd50789dd4ee,8,original,8,100,0.01,8884,4d3415f49f94bb897df6a34d3196d4cd296bfb2ee0445957e070736a9bb057e2,8268,9346,46728,53304,-10160.841339976032,,2dcdb57fcdc39dcc4fb2e7cbdf0319d1dacfe9937493bccadf927a7d6dd6a419,-159580.85590993176,166515,83,0.0,17,3637,53304,"[1,83,1854,11435,25592,33218,33819,31647,28866]","[{""1"":0,""10plus"":1,""2to4"":0,""5to9"":0},{""1"":13,""10plus"":56,""2to4"":4,""5to9"":10},{""1"":494,""10plus"":629,""2to4"":482,""5to9"":249},{""1"":6305,""10plus"":891,""2to4"":3245,""5to9"":994},{""1"":19789,""10plus"":332,""2to4"":4682,""5to9"":789},{""1"":30117,""10plus"":54,""2to4"":2817,""5to9"":230},{""1"":32711,""10plus"":4,""2to4"":1061,""5to9"":43},{""1"":31285,""10plus"":2,""2to4"":351,""5to9"":9},{""1"":28712,""10plus"":2,""2to4"":150,""5to9"":2}]",0.5747194579998904,0.26981773401712417,1490690048
a_total1,ud23,THUCYDIDES,1a32cf6857284fff7c7f006f8d0cd4ab15a047af7a4bcd5613d1fd50789dd4ee,8,shuffled,8,100,0.01,8884,4d3415f49f94bb897df6a34d3196d4cd296bfb2ee0445957e070736a9bb057e2,8268,9346,46728,53304,6155.717233574309,,0bd7e9a55faecd6b0bd5e771f12501f097471d9e98d38ef6fa513dde44cb6726,-169741.6972499078,187254,83,1.0,17,3637,53304,"[1,84,2099,15569,34617,38228,35407,32154,29095]","[{""1"":0,""10plus"":1,""2to4"":0,""5to9"":0},{""1"":14,""10plus"":55,""2to4"":4,""5to9"":11},{""1"":564,""10plus"":714,""2to4"":508,""5to9"":313},{""1"":8909,""10plus"":918,""2to4"":4381,""5to9"":1361},{""1"":29544,""10plus"":7,""2to4"":4788,""5to9"":278},{""1"":37606,""10plus"":0,""2to4"":621,""5to9"":1},{""1"":35376,""10plus"":0,""2to4"":31,""5to9"":0},{""1"":32152,""10plus"":0,""2to4"":2,""5to9"":0},{""1"":29095,""10plus"":0,""2to4"":0,""5to9"":0}]",0.9574162919998344,0.2682799090871413,1490690048
a_total1,ud23,THUCYDIDES,1a32cf6857284fff7c7f006f8d0cd4ab15a047af7a4bcd5613d1fd50789dd4ee,9,original,8,100,0.01,8884,e2a67c9bf9ccd078786ae1b6ee719fcb86af68340c5bd74f824163cea0597262,8285,9346,46847,53304,-10001.991767553962,,bafd2c1ac8aa0a0dd818a89d68872ec66b4e3eb92a001abbb2f6921ed12db7f4,-159873.26724229057,166956,84,0.0,16,3604,53304,"[1,85,1838,11504,25691,33296,33877,31714,28950]","[{""1"":0,""10plus"":1,""2to4"":0,""5to9"":0},{""1"":11,""10plus"":56,""2to4"":10,""5to9"":8},{""1"":465,""10plus"":639,""2to4"":485,""5to9"":249},{""1"":6346,""10plus"":905,""2to4"":3265,""5to9"":988},{""1"":19938,""10plus"":355,""2to4"":4632,""5to9"":766},{""1"":30243,""10plus"":52,""2to4"":2749,""5to9"":252},{""1"":32741,""10plus"":4,""2to4"":1085,""5to9"":47},{""1"":31310,""10plus"":3,""2to4"":396,""5to9"":5},{""1"":28773,""10plus"":2,""2to4"":172,""5to9"":3}]",0.5785967080009868,0.27211467677989276,1490690048
a_total1,ud23,THUCYDIDES,1a32cf6857284fff7c7f006f8d0cd4ab15a047af7a4bcd5613d1fd50789dd4ee,9,shuffled,8,100,0.01,8884,e2a67c9bf9ccd078786ae1b6ee719fcb86af68340c5bd74f824163cea0597262,8285,9346,46847,53304,6170.136893528397,,c1a7b138fcb9536a89f828919ae613d300346114c7ae4d95d7aa28889fa26600,-169875.25900984454,188150,84,1.0,16,3604,53304,"[1,85,2063,15692,34910,38351,35534,32287,29227]","[{""1"":0,""10plus"":1,""2to4"":0,""5to9"":0},{""1"":11,""10plus"":56,""2to4"":10,""5to9"":8},{""1"":511,""10plus"":717,""2to4"":516,""5to9"":319},{""1"":8968,""10plus"":941,""2to4"":4468,""5to9"":1315},{""1"":29978,""10plus"":5,""2to4"":4667,""5to9"":260},{""1"":37736,""10plus"":0,""2to4"":614,""5to9"":1},{""1"":35493,""10plus"":0,""2to4"":41,""5to9"":0},{""1"":32282,""10plus"":0,""2to4"":5,""5to9"":0},{""1"":29226,""10plus"":0,""2to4"":1,""5to9"":0}]",0.9639649169985205,0.26965382805428817,1490690048
a_total1,ud23,HOMERIC_TRADITION,209ee9f27c82f31d31eb16124569039d7847ed327f3a0f2b5c4eae048347e621,0,original,8,100,0.01,8884,b1d09ad33871c6a0281a8f50a8d9c0c08c558af6564ae64edcf6d34184ffd5a2,61346,71088,47083,53304,-11082.1463486719,,db673c2c7fc360aedcef9a76d8342dc77cacb7ac4473cf66f1f6f65bdaa25372,-158219.33391186222,171304,82,0.0,18,3333,53304,"[1,82,1857,11321,25670,33779,34940,33123,30531]","[{""1"":0,""10plus"":1,""2to4"":0,""5to9"":0},{""1"":8,""10plus"":57,""2to4"":7,""5to9"":10},{""1"":510,""10plus"":621,""2to4"":453,""5to9"":273},{""1"":6176,""10plus"":886,""2to4"":3258,""5to9"":1001},{""1"":19832,""10plus"":350,""2to4"":4666,""5to9"":822},{""1"":30573,""10plus"":75,""2to4"":2865,""5to9"":266},{""1"":33746,""10plus"":9,""2to4"":1126,""5to9"":59},{""1"":32723,""10plus"":2,""2to4"":384,""5to9"":14},{""1"":30368,""10plus"":2,""2to4"":157,""5to9"":4}]",0.614204207999137,1.68660315013949,1276583936
a_total1,ud23,HOMERIC_TRADITION,209ee9f27c82f31d31eb16124569039d7847ed327f3a0f2b5c4eae048347e621,0,shuffled,8,100,0.01,8884,b1d09ad33871c6a0281a8f50a8d9c0c08c558af6564ae64edcf6d34184ffd5a2,61346,71088,47083,53304,6348.950664366595,,92fd371a92a98136b758f015ee808b28dba4866f09423612d2b7513702f244e0,-169301.48026053412,193401,82,1.0,18,3333,53304,"[1,83,2095,15600,34994,39249,36800,33759,30820]","[{""1"":0,""10plus"":1,""2to4"":0,""5to9"":0},{""1"":10,""10plus"":57,""2to4"":6,""5to9"":10},{""1"":528,""10plus"":727,""2to4"":537,""5to9"":303},{""1"":8804,""10plus"":923,""2to4"":4561,""5to9"":1312},{""1"":29832,""10plus"":20,""2to4"":4825,""5to9"":317},{""1"":38501,""10plus"":0,""2to4"":747,""5to9"":1},{""1"":36750,""10plus"":0,""2to4"":50,""5to9"":0},{""1"":33758,""10plus"":0,""2to4"":1,""5to9"":0},{""1"":30820,""10plus"":0,""2to4"":0,""5to9"":0}]",0.8666789170001721,1.7071903201031091,1276583936
a_total1,ud23,HOMERIC_TRADITION,209ee9f27c82f31d31eb16124569039d7847ed327f3a0f2b5c4eae048347e621,1,original,8,100,0.01,8884,98712fe7b861cb92f4e40de09a0d8b04a5e9bf334cb2445c393bec94f405bd14,61627,71088,46969,53304,-10886.366782876983,,3e34fd6e48e69365155e83d27c7f271b3c6fb3f94fea9572647a2b428a10233a,-158501.99919909373,172389,83,0.0,17,3307,53304,"[1,84,1855,11363,25819,33913,35173,33377,30804]","[{""1"":0,""10plus"":1,""2to4"":0,""5to9"":0},{""1"":12,""10plus"":54,""2to4"":7,""5to9"":11},{""1"":508,""10plus"":630,""2to4"":449,""5to9"":268},{""1"":6198,""10plus"":882,""2to4"":3266,""5to9"":1017},{""1"":20040,""10plus"":351,""2to4"":4622,""5to9"":806},{""1"":30703,""10plus"":75,""2to4"":2871,""5to9"":264},{""1"":33990,""10plus"":9,""2to4"":1123,""5to9"":51},{""1"":33000,""10plus"":2,""2to4"":367,""5to9"":8},{""1"":30665,""10plus"":2,""2to4"":135,""5to9"":2}]",0.6267595829995116,1.6848385777957446,1485000704
a_total1,ud23,HOMERIC_TRADITION,209ee9f27c82f31d31eb16124569039d7847ed327f3a0f2b5c4eae048347e621,1,shuffled,8,100,0.01,8884,98712fe7b861cb92f4e40de09a0d8b04a5e9bf334cb2445c393bec94f405bd14,61627,71088,46969,53304,6416.66648487412,,d3e52a8cb1b9c8328134961a658a731d406a2269ecfbfdd8e641837ec0ebb998,-169388.3659819707,194450,83,1.0,17,3307,53304,"[1,83,2097,15759,35144,39414,36958,33947,31047]","[{""1"":0,""10plus"":1,""2to4"":0,""5to9"":0},{""1"":11,""10plus"":55,""2to4"":7,""5to9"":10},{""1"":513,""10plus"":739,""2to4"":546,""5to9"":299},{""1"":9028,""10plus"":916,""2to4"":4504,""5to9"":1311},{""1"":30009,""10plus"":16,""2to4"":4780,""5to9"":339},{""1"":38708,""10plus"":0,""2to4"":705,""5to9"":1},{""1"":36910,""10plus"":0,""2to4"":48,""5to9"":0},{""1"":33946,""10plus"":0,""2to4"":1,""5to9"":0},{""1"":31047,""10plus"":0,""2to4"":0,""5to9"":0}]",1.0323869999992894,1.6936069036237313,1485000704
a_total1,ud23,HOMERIC_TRADITION,209ee9f27c82f31d31eb16124569039d7847ed327f3a0f2b5c4eae048347e621,2,original,8,100,0.01,8884,9d934c6faf19666741a99ac003f5e2f69320b8427e4f0e8ebe07834484df4a5c,61510,71088,47041,53304,-10645.681386757293,,7f3cba93f70956a4adfc6d6bbffad3bc92535e15ff68c941dd10d0a616d3d9ba,-158575.38111548228,171280,84,0.0,16,3351,53304,"[1,83,1871,11342,25635,33749,34942,33132,30525]","[{""1"":0,""10plus"":1,""2to4"":0,""5to9"":0},{""1"":9,""10plus"":56,""2to4"":10,""5to9"":8},{""1"":519,""10plus"":624,""2to4"":460,""5to9"":268},{""1"":6276,""10plus"":880,""2to4"":3174,""5to9"":1012},{""1"":19857,""10plus"":353,""2to4"":4585,""5to9"":840},{""1"":30517,""10plus"":67,""2to4"":2886,""5to9"":279},{""1"":33725,""10plus"":6,""2to4"":1160,""5to9"":51},{""1"":32748,""10plus"":2,""2to4"":376,""5to9"":6},{""1"":30376,""10plus"":2,""2to4"":145,""5to9"":2}]",0.6005895000016608,1.6888147980062058,1485000704
a_total1,ud23,HOMERIC_TRADITION,209ee9f27c82f31d31eb16124569039d7847ed327f3a0f2b5c4eae048347e621,2,shuffled,8,100,0.01,8884,9d934c6faf19666741a99ac003f5e2f69320b8427e4f0e8ebe07834484df4a5c,61510,71088,47041,53304,6402.272694564628,,9c02eabb101e465af18563576800871ce6869c007841b1c86b689478168c3208,-169221.06250223957,193256,84,1.0,16,3351,53304,"[1,83,2091,15665,34979,39217,36741,33700,30779]","[{""1"":0,""10plus"":1,""2to4"":0,""5to9"":0},{""1"":10,""10plus"":56,""2to4"":9,""5to9"":8},{""1"":544,""10plus"":714,""2to4"":510,""5to9"":323},{""1"":8876,""10plus"":906,""2to4"":4568,""5to9"":1315},{""1"":29887,""10plus"":16,""2to4"":4737,""5to9"":339},{""1"":38483,""10plus"":0,""2to4"":733,""5to9"":1},{""1"":36694,""10plus"":0,""2to4"":47,""5to9"":0},{""1"":33697,""10plus"":0,""2to4"":3,""5to9"":0},{""1"":30779,""10plus"":0,""2to4"":0,""5to9"":0}]",1.0034683750018303,1.6935385040051187,1485000704
a_total1,ud23,HOMERIC_TRADITION,209ee9f27c82f31d31eb16124569039d7847ed327f3a0f2b5c4eae048347e621,3,original,8,100,0.01,8884,585f98529003658647da88dc75d98be93bd43449b5456e5512516004ee7c2bde,61582,71088,47086,53304,-10764.89944086739,,a2edb69163c155306cf95f3a10934763f86300071e297b24024832515f3c5492,-158481.2039843087,171648,82,0.0,18,3338,53304,"[1,82,1852,11347,25686,33836,34998,33205,30641]","[{""1"":0,""10plus"":1,""2to4"":0,""5to9"":0},{""1"":9,""10plus"":56,""2to4"":9,""5to9"":8},{""1"":506,""10plus"":622,""2to4"":449,""5to9"":275},{""1"":6223,""10plus"":890,""2to4"":3230,""5to9"":1004},{""1"":19910,""10plus"":343,""2to4"":4588,""5to9"":845},{""1"":30644,""10plus"":72,""2to4"":2847,""5to9"":273},{""1"":33788,""10plus"":6,""2to4"":1142,""5to9"":62},{""1"":32805,""10plus"":2,""2to4"":389,""5to9"":9},{""1"":30495,""10plus"":2,""2to4"":141,""5to9"":3}]",0.6245942919995287,1.6814200147709926,1489260544
a_total1,ud23,HOMERIC_TRADITION,209ee9f27c82f31d31eb16124569039d7847ed327f3a0f2b5c4eae048347e621,3,shuffled,8,100,0.01,8884,585f98529003658647da88dc75d98be93bd43449b5456e5512516004ee7c2bde,61582,71088,47086,53304,6510.303833779704,,dfb80afbf86a294e5cc2fc4abe1c7ff5620d3fb6270891b9956810a3e52076fb,-169246.1034251761,193624,82,1.0,18,3338,53304,"[1,83,2100,15795,34980,39209,36794,33780,30882]","[{""1"":0,""10plus"":1,""2to4"":0,""5to9"":0},{""1"":10,""10plus"":55,""2to4"":10,""5to9"":8},{""1"":534,""10plus"":739,""2to4"":534,""5to9"":293},{""1"":9091,""10plus"":899,""2to4"":4472,""5to9"":1333},{""1"":29875,""10plus"":22,""2to4"":4734,""5to9"":349},{""1"":38437,""10plus"":0,""2to4"":772,""5to9"":0},{""1"":36738,""10plus"":0,""2to4"":56,""5to9"":0},{""1"":33777,""10plus"":0,""2to4"":3,""5to9"":0},{""1"":30882,""10plus"":0,""2to4"":0,""5to9"":0}]",1.0228142499981914,1.6897240219004743,1489260544
a_total1,ud23,HOMERIC_TRADITION,209ee9f27c82f31d31eb16124569039d7847ed327f3a0f2b5c4eae048347e621,4,original,8,100,0.01,8884,3542ab5094b396cc403cd044f2308496cd2dd7db8a492250400f1dd60b2bec8a,61403,71088,47026,53304,-10843.94380663248,,1ef2a62bb193985a8149d63aa8894017ac1f337ebf2699d12542b077053d7fdd,-158201.76800540843,171845,82,0.0,18,3326,53304,"[1,82,1845,11356,25654,33788,35068,33325,30726]","[{""1"":0,""10plus"":1,""2to4"":0,""5to9"":0},{""1"":8,""10plus"":55,""2to4"":9,""5to9"":10},{""1"":490,""10plus"":610,""2to4"":447,""5to9"":298},{""1"":6274,""10plus"":886,""2to4"":3208,""5to9"":988},{""1"":19893,""10plus"":371,""2to4"":4586,""5to9"":804},{""1"":30573,""10plus"":70,""2to4"":2863,""5to9"":282},{""1"":33821,""10plus"":4,""2to4"":1185,""5to9"":58},{""1"":32961,""10plus"":2,""2to4"":356,""5to9"":6},{""1"":30608,""10plus"":2,""2to4"":115,""5to9"":1}]",0.6033087499999965,1.6716277566629287,1489436672
a_total1,ud23,HOMERIC_TRADITION,209ee9f27c82f31d31eb16124569039d7847ed327f3a0f2b5c4eae048347e621,4,shuffled,8,100,0.01,8884,3542ab5094b396cc403cd044f2308496cd2dd7db8a492250400f1dd60b2bec8a,61403,71088,47026,53304,6506.902863809693,,0aae461c61fbeb6eef198cf2ac09cb57b01d813692c19934b13a39ef85fb8412,-169045.7118120409,193685,82,1.0,18,3326,53304,"[1,83,2115,15681,34902,39281,36853,33842,30927]","[{""1"":0,""10plus"":1,""2to4"":0,""5to9"":0},{""1"":9,""10plus"":56,""2to4"":10,""5to9"":8},{""1"":571,""10plus"":726,""2to4"":517,""5to9"":301},{""1"":9006,""10plus"":938,""2to4"":4459,""5to9"":1278},{""1"":29780,""10plus"":21,""2to4"":4730,""5to9"":371},{""1"":38526,""10plus"":0,""2to4"":754,""5to9"":1},{""1"":36794,""10plus"":0,""2to4"":59,""5to9"":0},{""1"":33837,""10plus"":0,""2to4"":5,""5to9"":0},{""1"":30925,""10plus"":0,""2to4"":2,""5to9"":0}]",1.0040144169979612,1.694841173957684,1489436672
a_total1,ud23,HOMERIC_TRADITION,209ee9f27c82f31d31eb16124569039d7847ed327f3a0f2b5c4eae048347e621,5,original,8,100,0.01,8884,cbd6ee0210f29c4f9e787521cdf5768591a5725f819c26a47056c52b3ea12e88,61301,71088,47076,53304,-10936.613510302443,,2bc28247349f8d38f06847452dd4a18217a0933318f658ab9a711cf0ac0bfa32,-158169.5441694853,172242,83,0.0,17,3305,53304,"[1,83,1843,11330,25657,33924,35169,33403,30832]","[{""1"":0,""10plus"":1,""2to4"":0,""5to9"":0},{""1"":9,""10plus"":55,""2to4"":10,""5to9"":9},{""1"":497,""10plus"":626,""2to4"":443,""5to9"":277},{""1"":6257,""10plus"":883,""2to4"":3189,""5to9"":1001},{""1"":19822,""10plus"":344,""2to4"":4659,""5to9"":832},{""1"":30728,""10plus"":69,""2to4"":2848,""5to9"":279},{""1"":33972,""10plus"":6,""2to4"":1134,""5to9"":57},{""1"":33016,""10plus"":2,""2to4"":376,""5to9"":9},{""1"":30681,""10plus"":2,""2to4"":147,""5to9"":2}]",0.6254213329993945,1.6776311590656405,1490173952
a_total1,ud23,HOMERIC_TRADITION,209ee9f27c82f31d31eb16124569039d7847ed327f3a0f2b5c4eae048347e621,5,shuffled,8,100,0.01,8884,cbd6ee0210f29c4f9e787521cdf5768591a5725f819c26a47056c52b3ea12e88,61301,71088,47076,53304,6445.129239762813,,62168c400b6c50c8394b1747955f9112ec8363f1acc3502f385d320d39331182,-169106.15767978775,194422,83,1.0,17,3305,53304,"[1,84,2079,15589,35230,39429,36970,33966,31074]","[{""1"":0,""10plus"":1,""2to4"":0,""5to9"":0},{""1"":11,""10plus"":55,""2to4"":9,""5to9"":9},{""1"":528,""10plus"":711,""2to4"":530,""5to9"":310},{""1"":8800,""10plus"":931,""2to4"":4525,""5to9"":1333},{""1"":30057,""10plus"":17,""2to4"":4853,""5to9"":303},{""1"":38711,""10plus"":0,""2to4"":718,""5to9"":0},{""1"":36924,""10plus"":0,""2to4"":46,""5to9"":0},{""1"":33963,""10plus"":0,""2to4"":3,""5to9"":0},{""1"":31074,""10plus"":0,""2to4"":0,""5to9"":0}]",1.009528375001537,1.685207343820366,1490173952
a_total1,ud23,HOMERIC_TRADITION,209ee9f27c82f31d31eb16124569039d7847ed327f3a0f2b5c4eae048347e621,6,original,8,100,0.01,8884,55fbef4f1d16efe6601a6e610e366e85f651b23b9eb2f16107e4a403f022767a,61584,71088,47079,53304,-10619.097240960225,,5682bc7202cb02f33524cde7d7b7a44df142e3a3780f05214df07e699af78c8f,-158790.20391872685,172202,80,0.0,20,3321,53304,"[1,81,1868,11380,25718,33918,35148,33329,30759]","[{""1"":0,""10plus"":1,""2to4"":0,""5to9"":0},{""1"":7,""10plus"":57,""2to4"":8,""5to9"":9},{""1"":521,""10plus"":625,""2to4"":444,""5to9"":278},{""1"":6268,""10plus"":898,""2to4"":3225,""5to9"":989},{""1"":19877,""10plus"":344,""2to4"":4681,""5to9"":816},{""1"":30701,""10plus"":68,""2to4"":2893,""5to9"":256},{""1"":33970,""10plus"":6,""2to4"":1115,""5to9"":57},{""1"":32936,""10plus"":2,""2to4"":381,""5to9"":10},{""1"":30609,""10plus"":2,""2to4"":146,""5to9"":2}]",0.6337299999977404,1.6632320023491047,1490173952
a_total1,ud23,HOMERIC_TRADITION,209ee9f27c82f31d31eb16124569039d7847ed327f3a0f2b5c4eae048347e621,6,shuffled,8,100,0.01,8884,55fbef4f1d16efe6601a6e610e366e85f651b23b9eb2f16107e4a403f022767a,61584,71088,47079,53304,6408.211183306266,,69d8c39bd0270535a0e132022a6337900d0ab9ac87dc286d64061dd2099b4570,-169409.30115968708,194130,80,1.0,20,3321,53304,"[1,80,2087,15731,35084,39355,36903,33889,31000]","[{""1"":0,""10plus"":1,""2to4"":0,""5to9"":0},{""1"":6,""10plus"":56,""2to4"":9,""5to9"":9},{""1"":534,""10plus"":724,""2to4"":523,""5to9"":306},{""1"":8986,""10plus"":937,""2to4"":4528,""5to9"":1280},{""1"":30012,""10plus"":15,""2to4"":4698,""5to9"":359},{""1"":38647,""10plus"":0,""2to4"":708,""5to9"":0},{""1"":36860,""10plus"":0,""2to4"":43,""5to9"":0},{""1"":33885,""10plus"":0,""2to4"":4,""5to9"":0},{""1"":31000,""10plus"":0,""2to4"":0,""5to9"":0}]",0.8458613750008226,1.6701378067336918,1490173952
a_total1,ud23,HOMERIC_TRADITION,209ee9f27c82f31d31eb16124569039d7847ed327f3a0f2b5c4eae048347e621,7,original,8,100,0.01,8884,698f9af639c82865235238429934039913dfb3ae445b01b3737ce7d26391ca0e,61529,71088,47050,53304,-10863.519347033696,,fa6d86a0ee46bf037a2253efdd7c876493e9603f7f288948c0fe4e7df16654d4,-158321.0698405948,172800,83,0.0,17,3298,53304,"[1,84,1852,11359,25788,34001,35303,33493,30919]","[{""1"":0,""10plus"":1,""2to4"":0,""5to9"":0},{""1"":11,""10plus"":56,""2to4"":8,""5to9"":9},{""1"":523,""10plus"":619,""2to4"":433,""5to9"":277},{""1"":6243,""10plus"":896,""2to4"":3222,""5to9"":998},{""1"":19981,""10plus"":344,""2to4"":4637,""5to9"":826},{""1"":30719,""10plus"":71,""2to4"":2948,""5to9"":263},{""1"":34133,""10plus"":4,""2to4"":1111,""5to9"":55},{""1"":33147,""10plus"":2,""2to4"":337,""5to9"":7},{""1"":30803,""10plus"":2,""2to4"":112,""5to9"":2}]",0.6159131669992348,1.696573729510419,1490690048
a_total1,ud23,HOMERIC_TRADITION,209ee9f27c82f31d31eb16124569039d7847ed327f3a0f2b5c4eae048347e621,7,shuffled,8,100,0.01,8884,698f9af639c82865235238429934039913dfb3ae445b01b3737ce7d26391ca0e,61529,71088,47050,53304,6573.520668352692,,04e6a2d994fb7e27d52dcccb4e6aca3c126ab7310afc1129da1ed40b50985560,-169184.5891876285,194693,83,1.0,17,3298,53304,"[1,84,2100,15734,35189,39454,37000,34006,31125]","[{""1"":0,""10plus"":1,""2to4"":0,""5to9"":0},{""1"":12,""10plus"":55,""2to4"":7,""5to9"":10},{""1"":541,""10plus"":705,""2to4"":526,""5to9"":328},{""1"":8982,""10plus"":932,""2to4"":4522,""5to9"":1298},{""1"":30067,""10plus"":19,""2to4"":4792,""5to9"":311},{""1"":38751,""10plus"":0,""2to4"":703,""5to9"":0},{""1"":36952,""10plus"":0,""2to4"":48,""5to9"":0},{""1"":34005,""10plus"":0,""2to4"":1,""5to9"":0},{""1"":31125,""10plus"":0,""2to4"":0,""5to9"":0}]",0.8496707500016782,1.9014393289289728,1490690048
a_total1,ud23,HOMERIC_TRADITION,209ee9f27c82f31d31eb16124569039d7847ed327f3a0f2b5c4eae048347e621,8,original,8,100,0.01,8884,045ceed0c4e4cbad12e0f8e9aaf4651f9319845b53458bcf71ed909db69c03a8,61552,71088,47224,53304,-10843.278110043466,,045253fe4fa48c73769f96dd2d4f463f4074efcb2ae8c0397301e1bf437b7786,-158343.0332049146,171795,82,0.0,18,3327,53304,"[1,83,1855,11310,25610,33850,35077,33288,30721]","[{""1"":0,""10plus"":1,""2to4"":0,""5to9"":0},{""1"":10,""10plus"":56,""2to4"":9,""5to9"":8},{""1"":510,""10plus"":622,""2to4"":451,""5to9"":272},{""1"":6215,""10plus"":874,""2to4"":3221,""5to9"":1000},{""1"":19756,""10plus"":364,""2to4"":4677,""5to9"":813},{""1"":30661,""10plus"":70,""2to4"":2847,""5to9"":272},{""1"":33877,""10plus"":4,""2to4"":1134,""5to9"":62},{""1"":32892,""10plus"":2,""2to4"":387,""5to9"":7},{""1"":30571,""10plus"":2,""2to4"":146,""5to9"":2}]",0.6147366250006598,1.679498484452779,1490690048
a_total1,ud23,HOMERIC_TRADITION,209ee9f27c82f31d31eb16124569039d7847ed327f3a0f2b5c4eae048347e621,8,shuffled,8,100,0.01,8884,045ceed0c4e4cbad12e0f8e9aaf4651f9319845b53458bcf71ed909db69c03a8,61552,71088,47224,53304,6371.744266157126,,4cb99fff346c23e8afc121c47532759ff2f7818a428dae1d704ef7f8a8a603d6,-169186.31131495806,193840,82,1.0,18,3327,53304,"[1,82,2088,15593,35076,39335,36861,33848,30956]","[{""1"":0,""10plus"":1,""2to4"":0,""5to9"":0},{""1"":9,""10plus"":56,""2to4"":10,""5to9"":7},{""1"":538,""10plus"":718,""2to4"":532,""5to9"":300},{""1"":8883,""10plus"":917,""2to4"":4443,""5to9"":1350},{""1"":29852,""10plus"":16,""2to4"":4888,""5to9"":320},{""1"":38610,""10plus"":0,""2to4"":725,""5to9"":0},{""1"":36816,""10plus"":0,""2to4"":45,""5to9"":0},{""1"":33842,""10plus"":0,""2to4"":6,""5to9"":0},{""1"":30954,""10plus"":0,""2to4"":2,""5to9"":0}]",0.8486660419985128,1.686793979130016,1490690048
a_total1,ud23,HOMERIC_TRADITION,209ee9f27c82f31d31eb16124569039d7847ed327f3a0f2b5c4eae048347e621,9,original,8,100,0.01,8884,cbc4eb685af229b4ebb41565ef2f5e3bb5e7ecd72349255175d009dad7d386a2,61514,71088,47062,53304,-10837.796584344731,,ba03badbe6a68fa6a4bd0e8d45a3edcfe42f78bc6ceb862699b3c9506845e959,-158324.2897480342,171305,84,0.0,16,3335,53304,"[1,84,1852,11252,25599,33767,34975,33172,30603]","[{""1"":0,""10plus"":1,""2to4"":0,""5to9"":0},{""1"":9,""10plus"":56,""2to4"":11,""5to9"":8},{""1"":508,""10plus"":614,""2to4"":452,""5to9"":278},{""1"":6137,""10plus"":899,""2to4"":3215,""5to9"":1001},{""1"":19769,""10plus"":358,""2to4"":4638,""5to9"":834},{""1"":30512,""10plus"":75,""2to4"":2915,""5to9"":265},{""1"":33755,""10plus"":6,""2to4"":1158,""5to9"":56},{""1"":32755,""10plus"":2,""2to4"":408,""5to9"":7},{""1"":30448,""10plus"":2,""2to4"":152,""5to9"":1}]",0.5818058330005442,1.6955598227941664,1490690048
a_total1,ud23,HOMERIC_TRADITION,209ee9f27c82f31d31eb16124569039d7847ed327f3a0f2b5c4eae048347e621,9,shuffled,8,100,0.01,8884,cbc4eb685af229b4ebb41565ef2f5e3bb5e7ecd72349255175d009dad7d386a2,61514,71088,47062,53304,6575.910669487319,,22e9690cc9622112e83f4d28beabaf6db04031896edd65ae7d88129416e83267,-169162.08633237894,193598,84,1.0,16,3335,53304,"[1,85,2133,15629,34997,39290,36819,33783,30861]","[{""1"":0,""10plus"":1,""2to4"":0,""5to9"":0},{""1"":11,""10plus"":55,""2to4"":9,""5to9"":10},{""1"":578,""10plus"":717,""2to4"":539,""5to9"":299},{""1"":8921,""10plus"":932,""2to4"":4455,""5to9"":1321},{""1"":29875,""10plus"":24,""2to4"":4768,""5to9"":330},{""1"":38558,""10plus"":0,""2to4"":732,""5to9"":0},{""1"":36774,""10plus"":0,""2to4"":45,""5to9"":0},{""1"":33782,""10plus"":0,""2to4"":1,""5to9"":0},{""1"":30861,""10plus"":0,""2to4"":0,""5to9"":0}]",1.0145577080002113,1.7164602358971024,1490690048
a_total1,ud23,ATHENAEUS,4352f04fcfd7cbe580caddf69f309034ffb967d5d1bc8a8e809498de5bf8d329,0,original,8,100,0.01,8884,a327bf3cabcca1d9731a9278faf70378f8a2956e4826aee0c2e4e1b0d35e82d6,20391,23133,47148,53304,-10070.412576693896,,2292ec80ed2be1b8459a96584c930cea73ca355ab34a84a8234e598367c779eb,-159806.02726752136,169942,81,0.0,19,3466,53304,"[1,82,1851,11464,25901,33761,34538,32503,29841]","[{""1"":0,""10plus"":1,""2to4"":0,""5to9"":0},{""1"":8,""10plus"":57,""2to4"":9,""5to9"":8},{""1"":498,""10plus"":632,""2to4"":463,""5to9"":258},{""1"":6320,""10plus"":909,""2to4"":3212,""5to9"":1023},{""1"":20025,""10plus"":329,""2to4"":4734,""5to9"":813},{""1"":30642,""10plus"":62,""2to4"":2822,""5to9"":235},{""1"":33419,""10plus"":5,""2to4"":1062,""5to9"":52},{""1"":32123,""10plus"":2,""2to4"":367,""5to9"":11},{""1"":29688,""10plus"":2,""2to4"":146,""5to9"":5}]",0.6113829170008103,0.6235192789717985,985513984
a_total1,ud23,ATHENAEUS,4352f04fcfd7cbe580caddf69f309034ffb967d5d1bc8a8e809498de5bf8d329,0,shuffled,8,100,0.01,8884,a327bf3cabcca1d9731a9278faf70378f8a2956e4826aee0c2e4e1b0d35e82d6,20391,23133,47148,53304,6208.041181018227,,2fbb6c889837206c5e5372c6759c68a4988b0abb30ee1b428e38100f1cac7841,-169876.43984421526,191016,81,1.0,19,3466,53304,"[1,82,2096,15621,35023,38853,36177,33063,30100]","[{""1"":0,""10plus"":1,""2to4"":0,""5to9"":0},{""1"":8,""10plus"":56,""2to4"":10,""5to9"":8},{""1"":564,""10plus"":724,""2to4"":502,""5to9"":306},{""1"":8832,""10plus"":959,""2to4"":4487,""5to9"":1343},{""1"":29922,""10plus"":19,""2to4"":4828,""5to9"":254},{""1"":38194,""10plus"":0,""2to4"":657,""5to9"":2},{""1"":36126,""10plus"":0,""2to4"":51,""5to9"":0},{""1"":33059,""10plus"":0,""2to4"":4,""5to9"":0},{""1"":30099,""10plus"":0,""2to4"":1,""5to9"":0}]",1.0467268329994113,0.6254460788222787,985513984
a_total1,ud23,ATHENAEUS,4352f04fcfd7cbe580caddf69f309034ffb967d5d1bc8a8e809498de5bf8d329,1,original,8,100,0.01,8884,0dedd60a8f0c90cc8ac111a79fd00c2608bbd293700eae6773cae707025e6291,20270,23133,47141,53304,-10084.593268334807,,3d272d93de93863cbf727b7bf622199c63a7f57860d22d78fbd47ef6eb44eb1c,-159987.47911090034,171005,81,0.0,19,3446,53304,"[1,82,1836,11530,26082,34041,34742,32686,30005]","[{""1"":0,""10plus"":1,""2to4"":0,""5to9"":0},{""1"":10,""10plus"":56,""2to4"":7,""5to9"":9},{""1"":464,""10plus"":642,""2to4"":480,""5to9"":250},{""1"":6326,""10plus"":900,""2to4"":3282,""5to9"":1022},{""1"":20227,""10plus"":335,""2to4"":4713,""5to9"":807},{""1"":31061,""10plus"":54,""2to4"":2695,""5to9"":231},{""1"":33698,""10plus"":7,""2to4"":988,""5to9"":49},{""1"":32369,""10plus"":2,""2to4"":304,""5to9"":11},{""1"":29889,""10plus"":2,""2to4"":111,""5to9"":3}]",0.5878849590008031,0.6197742590666167,1465311232
a_total1,ud23,ATHENAEUS,4352f04fcfd7cbe580caddf69f309034ffb967d5d1bc8a8e809498de5bf8d329,1,shuffled,8,100,0.01,8884,0dedd60a8f0c90cc8ac111a79fd00c2608bbd293700eae6773cae707025e6291,20270,23133,47141,53304,6282.816648790613,,6d296eafc6acfea6bfe3682e41bc246509a4d7572f30059e7e5c28628200bfda,-170072.07237923515,191756,81,1.0,19,3446,53304,"[1,81,2121,15768,35231,38913,36269,33163,30209]","[{""1"":0,""10plus"":1,""2to4"":0,""5to9"":0},{""1"":9,""10plus"":57,""2to4"":7,""5to9"":8},{""1"":554,""10plus"":727,""2to4"":545,""5to9"":295},{""1"":8935,""10plus"":930,""2to4"":4511,""5to9"":1392},{""1"":30201,""10plus"":13,""2to4"":4742,""5to9"":275},{""1"":38245,""10plus"":0,""2to4"":667,""5to9"":1},{""1"":36221,""10plus"":0,""2to4"":48,""5to9"":0},{""1"":33162,""10plus"":0,""2to4"":1,""5to9"":0},{""1"":30209,""10plus"":0,""2to4"":0,""5to9"":0}]",1.008418041998084,0.6159407648665365,1465311232
a_total1,ud23,ATHENAEUS,4352f04fcfd7cbe580caddf69f309034ffb967d5d1bc8a8e809498de5bf8d329,2,original,8,100,0.01,8884,7289b8b38ef7cb9bffb8c28377642bb6cfd53bcb302c70ace6f0cffe32a43d49,20324,23133,47015,53304,-10175.899629698892,,9557c4f87f3bbf9efb63bac2b633365d3d2dac3c1f22330b3c5dbc0cb37eb5ac,-160075.07946229298,169609,80,0.0,20,3500,53304,"[1,81,1857,11547,25935,33748,34421,32363,29656]","[{""1"":0,""10plus"":1,""2to4"":0,""5to9"":0},{""1"":7,""10plus"":57,""2to4"":9,""5to9"":8},{""1"":496,""10plus"":640,""2to4"":458,""5to9"":263},{""1"":6354,""10plus"":907,""2to4"":3288,""5to9"":998},{""1"":20092,""10plus"":328,""2to4"":4682,""5to9"":833},{""1"":30713,""10plus"":54,""2to4"":2737,""5to9"":244},{""1"":33313,""10plus"":3,""2to4"":1055,""5to9"":50},{""1"":32017,""10plus"":2,""2to4"":336,""5to9"":8},{""1"":29516,""10plus"":2,""2to4"":136,""5to9"":2}]",0.618351832999906,0.6173696269397624,1465311232
a_total1,ud23,ATHENAEUS,4352f04fcfd7cbe580caddf69f309034ffb967d5d1bc8a8e809498de5bf8d329,2,shuffled,8,100,0.01,8884,7289b8b38ef7cb9bffb8c28377642bb6cfd53bcb302c70ace6f0cffe32a43d49,20324,23133,47015,53304,6314.536231120146,,77322dfc748d134b32859f9b0e5a6be5a72b7bd62b86145717ce7ba49b20f526,-170250.97909199187,190696,80,1.0,20,3500,53304,"[1,81,2119,15857,35104,38742,36026,32876,29890]","[{""1"":0,""10plus"":1,""2to4"":0,""5to9"":0},{""1"":8,""10plus"":56,""2to4"":8,""5to9"":9},{""1"":546,""10plus"":720,""2to4"":526,""5to9"":327},{""1"":9094,""10plus"":917,""2to4"":4476,""5to9"":1370},{""1"":30103,""10plus"":5,""2to4"":4726,""5to9"":270},{""1"":38107,""10plus"":0,""2to4"":635,""5to9"":0},{""1"":35985,""10plus"":0,""2to4"":41,""5to9"":0},{""1"":32872,""10plus"":0,""2to4"":4,""5to9"":0},{""1"":29889,""10plus"":0,""2to4"":1,""5to9"":0}]",0.8329569999987143,0.617492504130496,1465311232
a_total1,ud23,ATHENAEUS,4352f04fcfd7cbe580caddf69f309034ffb967d5d1bc8a8e809498de5bf8d329,3,original,8,100,0.01,8884,0aa68ae5b66b85e6ff757ffe4265495bad65a698e2639c292c6b00ca71417534,20331,23133,47014,53304,-10193.99201047729,,e13534bab8f4783c1b1b2123f00890614225c933b8f6abb6a45c8e35a34c9888,-160048.3952264843,170644,82,0.0,18,3465,53304,"[1,83,1848,11630,26157,33908,34618,32548,29851]","[{""1"":0,""10plus"":1,""2to4"":0,""5to9"":0},{""1"":9,""10plus"":57,""2to4"":8,""5to9"":9},{""1"":477,""10plus"":637,""2to4"":467,""5to9"":267},{""1"":6413,""10plus"":889,""2to4"":3290,""5to9"":1038},{""1"":20345,""10plus"":322,""2to4"":4674,""5to9"":816},{""1"":30861,""10plus"":54,""2to4"":2758,""5to9"":235},{""1"":33550,""10plus"":6,""2to4"":1015,""5to9"":47},{""1"":32211,""10plus"":2,""2to4"":327,""5to9"":8},{""1"":29732,""10plus"":2,""2to4"":115,""5to9"":2}]",0.6179299170034938,0.6222803519194713,1465311232
a_total1,ud23,ATHENAEUS,4352f04fcfd7cbe580caddf69f309034ffb967d5d1bc8a8e809498de5bf8d329,3,shuffled,8,100,0.01,8884,0aa68ae5b66b85e6ff757ffe4265495bad65a698e2639c292c6b00ca71417534,20331,23133,47014,53304,6265.823189684539,,4c049fb56e3528981eacb089ef5191e6cdfa7806b59531aefb69487db0b96bd8,-170242.3872369616,191404,82,1.0,18,3465,53304,"[1,82,2122,15776,35240,38886,36189,33044,30064]","[{""1"":0,""10plus"":1,""2to4"":0,""5to9"":0},{""1"":9,""10plus"":58,""2to4"":7,""5to9"":8},{""1"":571,""10plus"":732,""2to4"":520,""5to9"":299},{""1"":8958,""10plus"":926,""2to4"":4521,""5to9"":1371},{""1"":30278,""10plus"":14,""2to4"":4662,""5to9"":286},{""1"":38255,""10plus"":0,""2to4"":630,""5to9"":1},{""1"":36151,""10plus"":0,""2to4"":38,""5to9"":0},{""1"":33040,""10plus"":0,""2to4"":4,""5to9"":0},{""1"":30063,""10plus"":0,""2to4"":1,""5to9"":0}]",0.8432199169983505,0.818864577995555,1465311232
a_total1,ud23,ATHENAEUS,4352f04fcfd7cbe580caddf69f309034ffb967d5d1bc8a8e809498de5bf8d329,4,original,8,100,0.01,8884,7d98d453a66987746fb3bd12c293ec547eebb9d747f9f1d800cf2bc6679f6064,20341,23133,46882,53304,-10210.546171547874,,5699f0d3cdcec74efc2f3f644564ed7df2c6810384749f0037fdeb9850b9b279,-160088.7177653701,170177,80,0.0,20,3478,53304,"[1,81,1840,11524,26112,33878,34562,32444,29735]","[{""1"":0,""10plus"":1,""2to4"":0,""5to9"":0},{""1"":11,""10plus"":57,""2to4"":5,""5to9"":8},{""1"":497,""10plus"":647,""2to4"":440,""5to9"":256},{""1"":6249,""10plus"":880,""2to4"":3357,""5to9"":1038},{""1"":20273,""10plus"":314,""2to4"":4698,""5to9"":827},{""1"":30865,""10plus"":56,""2to4"":2729,""5to9"":228},{""1"":33486,""10plus"":5,""2to4"":1022,""5to9"":49},{""1"":32096,""10plus"":2,""2to4"":337,""5to9"":9},{""1"":29604,""10plus"":2,""2to4"":126,""5to9"":3}]",0.5717573330002779,0.6206979279668303,1465311232
a_total1,ud23,ATHENAEUS,4352f04fcfd7cbe580caddf69f309034ffb967d5d1bc8a8e809498de5bf8d329,4,shuffled,8,100,0.01,8884,7d98d453a66987746fb3bd12c293ec547eebb9d747f9f1d800cf2bc6679f6064,20341,23133,46882,53304,6368.115876366326,,49add31d01a6a2259056c81e308214c7e9cf997b117b73b75841e42688bb0c0b,-170299.26393691797,191033,80,1.0,20,3478,53304,"[1,80,2116,15814,35182,38809,36115,32959,29957]","[{""1"":0,""10plus"":1,""2to4"":0,""5to9"":0},{""1"":9,""10plus"":56,""2to4"":6,""5to9"":9},{""1"":548,""10plus"":736,""2to4"":517,""5to9"":315},{""1"":9016,""10plus"":922,""2to4"":4503,""5to9"":1373},{""1"":30162,""10plus"":15,""2to4"":4742,""5to9"":263},{""1"":38176,""10plus"":0,""2to4"":632,""5to9"":1},{""1"":36071,""10plus"":0,""2to4"":44,""5to9"":0},{""1"":32957,""10plus"":0,""2to4"":2,""5to9"":0},{""1"":29957,""10plus"":0,""2to4"":0,""5to9"":0}]",1.0070031659997767,0.6157567578738963,1465311232
a_total1,ud23,ATHENAEUS,4352f04fcfd7cbe580caddf69f309034ffb967d5d1bc8a8e809498de5bf8d329,5,original,8,100,0.01,8884,1b46768c873892ba6622bcf217d45087fdf7f07b9595d3247853ea70d933fdc8,20328,23133,46934,53304,-10247.062180611247,,862580192bb2bcae049de8ee72f87c339124da960dd45a4951a7117922b20305,-159728.34127126294,169618,81,0.0,19,3480,53304,"[1,82,1834,11486,25910,33713,34449,32415,29728]","[{""1"":0,""10plus"":1,""2to4"":0,""5to9"":0},{""1"":8,""10plus"":55,""2to4"":10,""5to9"":9},{""1"":475,""10plus"":635,""2to4"":462,""5to9"":262},{""1"":6341,""10plus"":906,""2to4"":3229,""5to9"":1010},{""1"":20101,""10plus"":338,""2to4"":4642,""5to9"":829},{""1"":30652,""10plus"":57,""2to4"":2753,""5to9"":251},{""1"":33306,""10plus"":6,""2to4"":1087,""5to9"":50},{""1"":32033,""10plus"":3,""2to4"":368,""5to9"":11},{""1"":29578,""10plus"":2,""2to4"":141,""5to9"":7}]",0.6028897500000312,0.6160474848038575,1465311232
a_total1,ud23,ATHENAEUS,4352f04fcfd7cbe580caddf69f309034ffb967d5d1bc8a8e809498de5bf8d329,5,shuffled,8,100,0.01,8884,1b46768c873892ba6622bcf217d45087fdf7f07b9595d3247853ea70d933fdc8,20328,23133,46934,53304,6305.925177959696,,af556abdc42ed6dd16b6a7b40a2211c93ad66110569aa727b70d0694f455cdc6,-169975.40345187418,191012,81,1.0,19,3480,53304,"[1,82,2095,15734,35247,38806,36106,32965,29976]","[{""1"":0,""10plus"":1,""2to4"":0,""5to9"":0},{""1"":8,""10plus"":55,""2to4"":11,""5to9"":8},{""1"":573,""10plus"":721,""2to4"":490,""5to9"":311},{""1"":8937,""10plus"":936,""2to4"":4506,""5to9"":1355},{""1"":30206,""10plus"":6,""2to4"":4778,""5to9"":257},{""1"":38168,""10plus"":0,""2to4"":638,""5to9"":0},{""1"":36064,""10plus"":0,""2to4"":42,""5to9"":0},{""1"":32962,""10plus"":0,""2to4"":3,""5to9"":0},{""1"":29976,""10plus"":0,""2to4"":0,""5to9"":0}]",0.8448012079970795,0.6138413110747933,1465311232
a_total1,ud23,ATHENAEUS,4352f04fcfd7cbe580caddf69f309034ffb967d5d1bc8a8e809498de5bf8d329,6,original,8,100,0.01,8884,b33b21c5061840d43a1c5433acb601b9a8d9a656c09ee482b7ace8a790d161b2,20282,23133,46981,53304,-10144.920097827213,,f2bc422d050665b09465c5b0dcb562bac49520f4c17675ecd6762c1d424f2341,-160026.7422537786,169937,81,0.0,19,3480,53304,"[1,82,1850,11538,26045,33774,34499,32422,29726]","[{""1"":0,""10plus"":1,""2to4"":0,""5to9"":0},{""1"":10,""10plus"":55,""2to4"":7,""5to9"":10},{""1"":491,""10plus"":629,""2to4"":449,""5to9"":281},{""1"":6339,""10plus"":895,""2to4"":3281,""5to9"":1023},{""1"":20242,""10plus"":343,""2to4"":4673,""5to9"":787},{""1"":30700,""10plus"":57,""2to4"":2782,""5to9"":235},{""1"":33387,""10plus"":4,""2to4"":1062,""5to9"":46},{""1"":32057,""10plus"":2,""2to4"":355,""5to9"":8},{""1"":29573,""10plus"":2,""2to4"":148,""5to9"":3}]",0.6139117910024652,0.6175825198733946,1465311232
a_total1,ud23,ATHENAEUS,4352f04fcfd7cbe580caddf69f309034ffb967d5d1bc8a8e809498de5bf8d329,6,shuffled,8,100,0.01,8884,b33b21c5061840d43a1c5433acb601b9a8d9a656c09ee482b7ace8a790d161b2,20282,23133,46981,53304,6398.506594797276,,0a7d6d844c9dd68c617db7eef67e1401e2c267cb738bf681a53257bf06a784f9,-170171.6623516058,191194,81,1.0,19,3480,53304,"[1,81,2114,15815,35274,38859,36101,32963,29986]","[{""1"":0,""10plus"":1,""2to4"":0,""5to9"":0},{""1"":10,""10plus"":56,""2to4"":6,""5to9"":9},{""1"":528,""10plus"":724,""2to4"":553,""5to9"":309},{""1"":8963,""10plus"":910,""2to4"":4571,""5to9"":1371},{""1"":30306,""10plus"":18,""2to4"":4722,""5to9"":228},{""1"":38264,""10plus"":0,""2to4"":594,""5to9"":1},{""1"":36052,""10plus"":0,""2to4"":49,""5to9"":0},{""1"":32959,""10plus"":0,""2to4"":4,""5to9"":0},{""1"":29986,""10plus"":0,""2to4"":0,""5to9"":0}]",0.8308399159977853,0.6200220361715765,1465311232
a_total1,ud23,ATHENAEUS,4352f04fcfd7cbe580caddf69f309034ffb967d5d1bc8a8e809498de5bf8d329,7,original,8,100,0.01,8884,8996a5b048d791f177681d1e90b8dbbec5a3f9437eda89a4ffeeb4a18a8e5747,20201,23133,46927,53304,-10069.405390679312,,2dd56e879d79c0f4eafd63ffbe686d093de8b593dd393e19808b9e1ab7f41293,-160158.02446506495,169922,79,0.0,21,3481,53304,"[1,80,1854,11601,26022,33799,34474,32401,29690]","[{""1"":0,""10plus"":1,""2to4"":0,""5to9"":0},{""1"":4,""10plus"":58,""2to4"":10,""5to9"":8},{""1"":490,""10plus"":632,""2to4"":446,""5to9"":286},{""1"":6407,""10plus"":896,""2to4"":3265,""5to9"":1033},{""1"":20160,""10plus"":314,""2to4"":4717,""5to9"":831},{""1"":30766,""10plus"":58,""2to4"":2748,""5to9"":227},{""1"":33362,""10plus"":6,""2to4"":1065,""5to9"":41},{""1"":32029,""10plus"":2,""2to4"":364,""5to9"":6},{""1"":29533,""10plus"":2,""2to4"":154,""5to9"":1}]",0.571796042000642,0.6153401011360984,1465311232
a_total1,ud23,ATHENAEUS,4352f04fcfd7cbe580caddf69f309034ffb967d5d1bc8a8e809498de5bf8d329,7,shuffled,8,100,0.01,8884,8996a5b048d791f177681d1e90b8dbbec5a3f9437eda89a4ffeeb4a18a8e5747,20201,23133,46927,53304,6529.305566294206,,938817c99bc42e6b75d5e5fd769384300347291e4c2188c46faffa95d9d91b94,-170227.42985574427,190957,79,1.0,21,3481,53304,"[1,80,2157,15822,35151,38771,36097,32939,29939]","[{""1"":0,""10plus"":1,""2to4"":0,""5to9"":0},{""1"":5,""10plus"":58,""2to4"":9,""5to9"":8},{""1"":587,""10plus"":718,""2to4"":544,""5to9"":308},{""1"":9050,""10plus"":942,""2to4"":4495,""5to9"":1335},{""1"":30126,""10plus"":13,""2to4"":4760,""5to9"":252},{""1"":38110,""10plus"":0,""2to4"":661,""5to9"":0},{""1"":36058,""10plus"":0,""2to4"":39,""5to9"":0},{""1"":32939,""10plus"":0,""2to4"":0,""5to9"":0},{""1"":29939,""10plus"":0,""2to4"":0,""5to9"":0}]",1.0067204160004621,0.6168140871850483,1465311232
a_total1,ud23,ATHENAEUS,4352f04fcfd7cbe580caddf69f309034ffb967d5d1bc8a8e809498de5bf8d329,8,original,8,100,0.01,8884,7ab11e66a4fda100383b2cdd23a68fbe3a404d8f7d700e8af7e0325dafdfcd60,20251,23133,46778,53304,-10093.159516295738,,6f9966701e1aeb6a8d30b9be34f108237a01fb370f309a3d59649512153b85d7,-159862.87281473097,168901,79,0.0,21,3537,53304,"[1,80,1835,11524,25979,33650,34283,32149,29400]","[{""1"":0,""10plus"":1,""2to4"":0,""5to9"":0},{""1"":7,""10plus"":55,""2to4"":8,""5to9"":10},{""1"":474,""10plus"":640,""2to4"":458,""5to9"":263},{""1"":6352,""10plus"":883,""2to4"":3270,""5to9"":1019},{""1"":20208,""10plus"":328,""2to4"":4655,""5to9"":788},{""1"":30595,""10plus"":60,""2to4"":2780,""5to9"":215},{""1"":33194,""10plus"":3,""2to4"":1047,""5to9"":39},{""1"":31806,""10plus"":2,""2to4"":335,""5to9"":6},{""1"":29265,""10plus"":2,""2to4"":132,""5to9"":1}]",0.6011584170009883,0.6158110568758275,1465311232
a_total1,ud23,ATHENAEUS,4352f04fcfd7cbe580caddf69f309034ffb967d5d1bc8a8e809498de5bf8d329,8,shuffled,8,100,0.01,8884,7ab11e66a4fda100383b2cdd23a68fbe3a404d8f7d700e8af7e0325dafdfcd60,20251,23133,46778,53304,6222.110087471403,,59e631926fb70659d5c572ec4001ca02e109b323002e21841376ef3dffd2ce86,-169956.0323310267,189392,79,1.0,21,3537,53304,"[1,80,2101,15780,34852,38525,35817,32630,29606]","[{""1"":0,""10plus"":1,""2to4"":0,""5to9"":0},{""1"":7,""10plus"":54,""2to4"":8,""5to9"":11},{""1"":549,""10plus"":718,""2to4"":497,""5to9"":337},{""1"":9063,""10plus"":907,""2to4"":4478,""5to9"":1332},{""1"":29815,""10plus"":11,""2to4"":4751,""5to9"":275},{""1"":37828,""10plus"":0,""2to4"":697,""5to9"":0},{""1"":35767,""10plus"":0,""2to4"":50,""5to9"":0},{""1"":32628,""10plus"":0,""2to4"":2,""5to9"":0},{""1"":29606,""10plus"":0,""2to4"":0,""5to9"":0}]",0.840980375000072,0.6140150310966419,1465311232
a_total1,ud23,ATHENAEUS,4352f04fcfd7cbe580caddf69f309034ffb967d5d1bc8a8e809498de5bf8d329,9,original,8,100,0.01,8884,fdfa082f0bfbe7df92ae8212aa25a867f163a586baf3c36873225959e4eaa91c,20265,23133,46959,53304,-10266.714575132879,,ccf5d54e8c65b3cc6e017330dad88bee4849ea644d1baa58775ad7e04651c36a,-159713.8720031782,170286,78,0.0,22,3463,53304,"[1,79,1832,11483,25970,33842,34610,32562,29907]","[{""1"":0,""10plus"":1,""2to4"":0,""5to9"":0},{""1"":5,""10plus"":55,""2to4"":9,""5to9"":10},{""1"":484,""10plus"":628,""2to4"":453,""5to9"":267},{""1"":6339,""10plus"":908,""2to4"":3203,""5to9"":1033},{""1"":20108,""10plus"":327,""2to4"":4715,""5to9"":820},{""1"":30750,""10plus"":56,""2to4"":2804,""5to9"":232},{""1"":33510,""10plus"":5,""2to4"":1055,""5to9"":40},{""1"":32198,""10plus"":2,""2to4"":357,""5to9"":5},{""1"":29774,""10plus"":2,""2to4"":130,""5to9"":1}]",0.6425409170005878,0.6136149629346619,1465311232
a_total1,ud23,ATHENAEUS,4352f04fcfd7cbe580caddf69f309034ffb967d5d1bc8a8e809498de5bf8d329,9,shuffled,8,100,0.01,8884,fdfa082f0bfbe7df92ae8212aa25a867f163a586baf3c36873225959e4eaa91c,20265,23133,46959,53304,6298.747714258148,,7258aec875c4b18919f0da78926b003ee7f504b502f3188a9ee5d131f92ceb7f,-169980.58657831108,191395,78,1.0,22,3463,53304,"[1,79,2076,15744,35169,38900,36220,33084,30122]","[{""1"":0,""10plus"":1,""2to4"":0,""5to9"":0},{""1"":6,""10plus"":57,""2to4"":8,""5to9"":8},{""1"":547,""10plus"":721,""2to4"":488,""5to9"":320},{""1"":8925,""10plus"":935,""2to4"":4548,""5to9"":1336},{""1"":30089,""10plus"":11,""2to4"":4825,""5to9"":244},{""1"":38266,""10plus"":0,""2to4"":634,""5to9"":0},{""1"":36189,""10plus"":0,""2to4"":31,""5to9"":0},{""1"":33083,""10plus"":0,""2to4"":1,""5to9"":0},{""1"":30122,""10plus"":0,""2to4"":0,""5to9"":0}]",0.8484096669999417,0.6113055641617393,1465311232
a_total1,ud23,HERODOTUS,89f0804afded8e7a0f4e1b507030d5ef4ecaf17e422c8b2969bd6b23e62818e6,0,original,8,100,0.01,8884,dfce29b92e9a814075a20c6570c6dab8df70934f9986517f9fc7ac21356e852a,15340,17301,46817,53304,-10567.96958369753,,8ce2e3080f44d0af23b9c6bde2f8ab42a069986118944e0bfdd3c16c419f8493,-158841.97741158988,166983,81,0.0,19,3572,53304,"[1,82,1820,11176,25440,33275,34001,31940,29248]","[{""1"":0,""10plus"":1,""2to4"":0,""5to9"":0},{""1"":6,""10plus"":55,""2to4"":16,""5to9"":5},{""1"":498,""10plus"":622,""2to4"":450,""5to9"":250},{""1"":6080,""10plus"":905,""2to4"":3156,""5to9"":1035},{""1"":19602,""10plus"":347,""2to4"":4668,""5to9"":823},{""1"":30198,""10plus"":62,""2to4"":2754,""5to9"":261},{""1"":32866,""10plus"":5,""2to4"":1066,""5to9"":64},{""1"":31544,""10plus"":3,""2to4"":381,""5to9"":12},{""1"":29078,""10plus"":2,""2to4"":164,""5to9"":4}]",0.6056858329993702,0.47721706388983876,1173319680
a_total1,ud23,HERODOTUS,89f0804afded8e7a0f4e1b507030d5ef4ecaf17e422c8b2969bd6b23e62818e6,0,shuffled,8,100,0.01,8884,dfce29b92e9a814075a20c6570c6dab8df70934f9986517f9fc7ac21356e852a,15340,17301,46817,53304,6195.082457110024,,1e8d2a3c2a5c73b1c795918887ef115ab003635bdbb71ffe05bbf285dadafbfc,-169409.9469952874,188815,81,1.0,19,3572,53304,"[1,82,2051,15429,34916,38489,35740,32559,29548]","[{""1"":0,""10plus"":1,""2to4"":0,""5to9"":0},{""1"":8,""10plus"":54,""2to4"":14,""5to9"":6},{""1"":518,""10plus"":718,""2to4"":507,""5to9"":308},{""1"":8680,""10plus"":959,""2to4"":4426,""5to9"":1364},{""1"":29949,""10plus"":16,""2to4"":4681,""5to9"":270},{""1"":37848,""10plus"":0,""2to4"":640,""5to9"":1},{""1"":35703,""10plus"":0,""2to4"":37,""5to9"":0},{""1"":32556,""10plus"":0,""2to4"":3,""5to9"":0},{""1"":29548,""10plus"":0,""2to4"":0,""5to9"":0}]",0.836217084000964,0.4806599960247695,1173319680
a_total1,ud23,HERODOTUS,89f0804afded8e7a0f4e1b507030d5ef4ecaf17e422c8b2969bd6b23e62818e6,1,original,8,100,0.01,8884,1e46bbb2a03f6e223b5c9104933357a011421080df2def874c5ee0c44092e958,15367,17301,46910,53304,-10377.66075664881,,7a188dd80183333decbac4f635284fdc3d3befac849ef3dae14f8254afe2789e,-159108.28139680697,167694,84,0.0,16,3542,53304,"[1,85,1819,11210,25570,33408,34153,32076,29372]","[{""1"":0,""10plus"":1,""2to4"":0,""5to9"":0},{""1"":9,""10plus"":56,""2to4"":15,""5to9"":5},{""1"":499,""10plus"":624,""2to4"":452,""5to9"":244},{""1"":6056,""10plus"":931,""2to4"":3216,""5to9"":1007},{""1"":19647,""10plus"":329,""2to4"":4762,""5to9"":832},{""1"":30295,""10plus"":58,""2to4"":2820,""5to9"":235},{""1"":33030,""10plus"":5,""2to4"":1068,""5to9"":50},{""1"":31687,""10plus"":2,""2to4"":380,""5to9"":7},{""1"":29213,""10plus"":2,""2to4"":156,""5to9"":1}]",0.6299147089994221,0.4772372363440809,1465311232
a_total1,ud23,HERODOTUS,89f0804afded8e7a0f4e1b507030d5ef4ecaf17e422c8b2969bd6b23e62818e6,1,shuffled,8,100,0.01,8884,1e46bbb2a03f6e223b5c9104933357a011421080df2def874c5ee0c44092e958,15367,17301,46910,53304,6092.531110342679,,72256a9db044207e9b3cdf7a5d404fb3520f0c7b9e31223ec53b294b7ec2c9e3,-169485.94215345578,188892,84,1.0,16,3542,53304,"[1,84,2026,15456,34710,38534,35812,32643,29626]","[{""1"":0,""10plus"":1,""2to4"":0,""5to9"":0},{""1"":9,""10plus"":56,""2to4"":15,""5to9"":4},{""1"":512,""10plus"":723,""2to4"":493,""5to9"":298},{""1"":8730,""10plus"":967,""2to4"":4449,""5to9"":1310},{""1"":29483,""10plus"":14,""2to4"":4949,""5to9"":264},{""1"":37877,""10plus"":1,""2to4"":655,""5to9"":1},{""1"":35763,""10plus"":0,""2to4"":48,""5to9"":1},{""1"":32638,""10plus"":0,""2to4"":5,""5to9"":0},{""1"":29624,""10plus"":0,""2to4"":2,""5to9"":0}]",0.8344431670011545,0.478551478117879,1465311232
a_total1,ud23,HERODOTUS,89f0804afded8e7a0f4e1b507030d5ef4ecaf17e422c8b2969bd6b23e62818e6,2,original,8,100,0.01,8884,a559c9a8a61a2ceb8c336339a998c469655c350815dbe32c2c9f310c765c5571,15298,17301,46792,53304,-10367.76671933083,,9108d8646e28546cb4e98d444a175125c67c62632bf52f360636b924821a1db5,-159152.77913471474,168370,84,0.0,16,3521,53304,"[1,85,1826,11221,25655,33534,34311,32229,29508]","[{""1"":0,""10plus"":1,""2to4"":0,""5to9"":0},{""1"":11,""10plus"":57,""2to4"":12,""5to9"":5},{""1"":487,""10plus"":623,""2to4"":461,""5to9"":255},{""1"":6061,""10plus"":907,""2to4"":3203,""5to9"":1050},{""1"":19704,""10plus"":333,""2to4"":4806,""5to9"":812},{""1"":30418,""10plus"":55,""2to4"":2817,""5to9"":244},{""1"":33199,""10plus"":3,""2to4"":1062,""5to9"":47},{""1"":31865,""10plus"":2,""2to4"":358,""5to9"":4},{""1"":29367,""10plus"":2,""2to4"":138,""5to9"":1}]",0.6287032500003988,0.4784225897528813,1465311232
a_total1,ud23,HERODOTUS,89f0804afded8e7a0f4e1b507030d5ef4ecaf17e422c8b2969bd6b23e62818e6,2,shuffled,8,100,0.01,8884,a559c9a8a61a2ceb8c336339a998c469655c350815dbe32c2c9f310c765c5571,15298,17301,46792,53304,6276.9173073774145,,cb7de419d023ae43894af35ba432de2f4eb67eaf139645c982ff2ec5c28a6f4d,-169520.54585404557,189511,84,1.0,16,3521,53304,"[1,85,2076,15527,34796,38581,35931,32762,29752]","[{""1"":0,""10plus"":1,""2to4"":0,""5to9"":0},{""1"":13,""10plus"":58,""2to4"":10,""5to9"":4},{""1"":542,""10plus"":717,""2to4"":506,""5to9"":311},{""1"":8791,""10plus"":954,""2to4"":4445,""5to9"":1337},{""1"":29708,""10plus"":16,""2to4"":4797,""5to9"":275},{""1"":37879,""10plus"":0,""2to4"":701,""5to9"":1},{""1"":35885,""10plus"":0,""2to4"":46,""5to9"":0},{""1"":32761,""10plus"":0,""2to4"":1,""5to9"":0},{""1"":29752,""10plus"":0,""2to4"":0,""5to9"":0}]",0.8305686669991701,0.4798587200057227,1465311232
a_total1,ud23,HERODOTUS,89f0804afded8e7a0f4e1b507030d5ef4ecaf17e422c8b2969bd6b23e62818e6,3,original,8,100,0.01,8884,d9dde592c9deb0f2bcc978a7eed6622c28e45afa8855ef2d2c25ca17f20ccb15,15313,17301,46823,53304,-10461.629437127092,,8cb7ed4eae9f2add18b659cc173f5b6005393f3ffb4446c924aafedf11b29834,-158860.83870284024,167041,81,0.0,19,3573,53304,"[1,82,1804,11169,25487,33309,34035,31945,29209]","[{""1"":0,""10plus"":1,""2to4"":0,""5to9"":0},{""1"":8,""10plus"":56,""2to4"":11,""5to9"":7},{""1"":468,""10plus"":615,""2to4"":460,""5to9"":261},{""1"":6063,""10plus"":923,""2to4"":3176,""5to9"":1007},{""1"":19660,""10plus"":328,""2to4"":4626,""5to9"":873},{""1"":30162,""10plus"":59,""2to4"":2849,""5to9"":239},{""1"":32889,""10plus"":4,""2to4"":1093,""5to9"":49},{""1"":31573,""10plus"":2,""2to4"":362,""5to9"":8},{""1"":29067,""10plus"":2,""2to4"":138,""5to9"":2}]",0.6026792089978699,0.6644567947405449,1465311232
a_total1,ud23,HERODOTUS,89f0804afded8e7a0f4e1b507030d5ef4ecaf17e422c8b2969bd6b23e62818e6,3,shuffled,8,100,0.01,8884,d9dde592c9deb0f2bcc978a7eed6622c28e45afa8855ef2d2c25ca17f20ccb15,15313,17301,46823,53304,6294.366908843978,,cd6560de46e15629bb30a12c7834aeb86460195edb656a1e61474d74ac7d7d09,-169322.46813996733,188407,81,1.0,19,3573,53304,"[1,81,2073,15439,34731,38456,35699,32483,29444]","[{""1"":0,""10plus"":1,""2to4"":0,""5to9"":0},{""1"":9,""10plus"":57,""2to4"":12,""5to9"":3},{""1"":540,""10plus"":716,""2to4"":533,""5to9"":284},{""1"":8672,""10plus"":948,""2to4"":4485,""5to9"":1334},{""1"":29669,""10plus"":15,""2to4"":4767,""5to9"":280},{""1"":37820,""10plus"":0,""2to4"":636,""5to9"":0},{""1"":35666,""10plus"":0,""2to4"":33,""5to9"":0},{""1"":32483,""10plus"":0,""2to4"":0,""5to9"":0},{""1"":29444,""10plus"":0,""2to4"":0,""5to9"":0}]",0.8185554170013347,0.4752467708494805,1465311232
a_total1,ud23,HERODOTUS,89f0804afded8e7a0f4e1b507030d5ef4ecaf17e422c8b2969bd6b23e62818e6,4,original,8,100,0.01,8884,2078d3190299b02bf9797be361d054c48deee8aa9e70415b2e2ef2fccd2da45a,15326,17301,46809,53304,-10420.924503748742,,e670859996ddb5b2461cd57657d1f0bce2e9bdf6aed6ca603fc1e67e6fab1dc8,-159181.61363743764,167568,83,0.0,17,3557,53304,"[1,82,1826,11295,25631,33386,34060,31988,29299]","[{""1"":0,""10plus"":1,""2to4"":0,""5to9"":0},{""1"":8,""10plus"":56,""2to4"":13,""5to9"":5},{""1"":489,""10plus"":628,""2to4"":450,""5to9"":259},{""1"":6183,""10plus"":895,""2to4"":3182,""5to9"":1035},{""1"":19858,""10plus"":334,""2to4"":4634,""5to9"":805},{""1"":30328,""10plus"":57,""2to4"":2732,""5to9"":269},{""1"":32937,""10plus"":6,""2to4"":1055,""5to9"":62},{""1"":31608,""10plus"":2,""2to4"":365,""5to9"":13},{""1"":29159,""10plus"":2,""2to4"":133,""5to9"":5}]",0.5611777080011962,0.48051432714783004,1465311232
a_total1,ud23,HERODOTUS,89f0804afded8e7a0f4e1b507030d5ef4ecaf17e422c8b2969bd6b23e62818e6,4,shuffled,8,100,0.01,8884,2078d3190299b02bf9797be361d054c48deee8aa9e70415b2e2ef2fccd2da45a,15326,17301,46809,53304,6243.591124072438,,a535ed5c3474302e18bf124903ad865592c39fe5a95e0508f0ef0aa3edd4221d,-169602.53814118638,189146,83,1.0,17,3557,53304,"[1,83,2062,15616,34970,38556,35768,32558,29532]","[{""1"":0,""10plus"":1,""2to4"":0,""5to9"":0},{""1"":9,""10plus"":55,""2to4"":15,""5to9"":4},{""1"":538,""10plus"":729,""2to4"":499,""5to9"":296},{""1"":8854,""10plus"":949,""2to4"":4482,""5to9"":1331},{""1"":30009,""10plus"":9,""2to4"":4697,""5to9"":255},{""1"":37952,""10plus"":0,""2to4"":604,""5to9"":0},{""1"":35738,""10plus"":0,""2to4"":30,""5to9"":0},{""1"":32558,""10plus"":0,""2to4"":0,""5to9"":0},{""1"":29532,""10plus"":0,""2to4"":0,""5to9"":0}]",0.9863668340003642,0.48320188416255405,1465311232
a_total1,ud23,HERODOTUS,89f0804afded8e7a0f4e1b507030d5ef4ecaf17e422c8b2969bd6b23e62818e6,5,original,8,100,0.01,8884,ab0fa826d8fd0133d68dff12a7fcd32c8b6052ccc9361fe1591cd4a9902b05ff,15301,17301,46937,53304,-10548.237270288548,,bcbbd217931acb7bbf10b3542e03106fe1d358633448f617ff0a08595b97d65a,-158972.17254668014,168127,84,0.0,16,3532,53304,"[1,83,1835,11239,25541,33478,34257,32198,29495]","[{""1"":0,""10plus"":1,""2to4"":0,""5to9"":0},{""1"":4,""10plus"":57,""2to4"":19,""5to9"":3},{""1"":492,""10plus"":622,""2to4"":464,""5to9"":257},{""1"":6140,""10plus"":913,""2to4"":3190,""5to9"":996},{""1"":19642,""10plus"":328,""2to4"":4708,""5to9"":863},{""1"":30354,""10plus"":53,""2to4"":2820,""5to9"":251},{""1"":33131,""10plus"":4,""2to4"":1068,""5to9"":54},{""1"":31825,""10plus"":2,""2to4"":363,""5to9"":8},{""1"":29353,""10plus"":2,""2to4"":139,""5to9"":1}]",0.5878891249994922,0.48120516698327265,1465311232
a_total1,ud23,HERODOTUS,89f0804afded8e7a0f4e1b507030d5ef4ecaf17e422c8b2969bd6b23e62818e6,5,shuffled,8,100,0.01,8884,ab0fa826d8fd0133d68dff12a7fcd32c8b6052ccc9361fe1591cd4a9902b05ff,15301,17301,46937,53304,6089.207330884179,,154f87cc938163853d8c6acf3c7eb06c2a4ee04bf7afff70d6dc2f69b95abc5f,-169520.4098169687,189340,84,1.0,16,3532,53304,"[1,85,2048,15426,34822,38603,35909,32729,29717]","[{""1"":0,""10plus"":1,""2to4"":0,""5to9"":0},{""1"":8,""10plus"":57,""2to4"":19,""5to9"":1},{""1"":528,""10plus"":722,""2to4"":498,""5to9"":300},{""1"":8679,""10plus"":955,""2to4"":4472,""5to9"":1320},{""1"":29699,""10plus"":10,""2to4"":4843,""5to9"":270},{""1"":37933,""10plus"":0,""2to4"":670,""5to9"":0},{""1"":35877,""10plus"":0,""2to4"":32,""5to9"":0},{""1"":32729,""10plus"":0,""2to4"":0,""5to9"":0},{""1"":29717,""10plus"":0,""2to4"":0,""5to9"":0}]",0.9949402500024007,0.4827704739145702,1465311232
a_total1,ud23,HERODOTUS,89f0804afded8e7a0f4e1b507030d5ef4ecaf17e422c8b2969bd6b23e62818e6,6,original,8,100,0.01,8884,d116408da49b71228e094f2c00b604e55ed53e1b6fc70ccc08ccb0981d749ff3,15347,17301,46913,53304,-10539.160956846375,,523757e6698e0db359d0a3e05aaf71e17a3d5a35c8df770728588c203ffceecf,-158671.5863673888,166485,84,0.0,16,3577,53304,"[1,85,1796,11088,25349,33202,33941,31875,29148]","[{""1"":0,""10plus"":1,""2to4"":0,""5to9"":0},{""1"":12,""10plus"":54,""2to4"":11,""5to9"":8},{""1"":490,""10plus"":623,""2to4"":433,""5to9"":250},{""1"":6010,""10plus"":918,""2to4"":3143,""5to9"":1017},{""1"":19500,""10plus"":348,""2to4"":4685,""5to9"":816},{""1"":30089,""10plus"":57,""2to4"":2796,""5to9"":260},{""1"":32763,""10plus"":5,""2to4"":1118,""5to9"":55},{""1"":31475,""10plus"":3,""2to4"":391,""5to9"":6},{""1"":28971,""10plus"":2,""2to4"":173,""5to9"":2}]",0.5871491249999963,0.47997259875410236,1465311232
a_total1,ud23,HERODOTUS,89f0804afded8e7a0f4e1b507030d5ef4ecaf17e422c8b2969bd6b23e62818e6,6,shuffled,8,100,0.01,8884,d116408da49b71228e094f2c00b604e55ed53e1b6fc70ccc08ccb0981d749ff3,15347,17301,46913,53304,6062.9802396075975,,f0a16eb6d92b290ca078680165e800341d5600bbfff9dd36a316211068c24fb8,-169210.74732423518,188050,84,1.0,16,3577,53304,"[1,84,2048,15292,34602,38432,35679,32468,29444]","[{""1"":0,""10plus"":1,""2to4"":0,""5to9"":0},{""1"":12,""10plus"":55,""2to4"":10,""5to9"":7},{""1"":533,""10plus"":708,""2to4"":509,""5to9"":298},{""1"":8600,""10plus"":943,""2to4"":4407,""5to9"":1342},{""1"":29471,""10plus"":10,""2to4"":4829,""5to9"":292},{""1"":37779,""10plus"":0,""2to4"":653,""5to9"":0},{""1"":35641,""10plus"":0,""2to4"":38,""5to9"":0},{""1"":32465,""10plus"":0,""2to4"":3,""5to9"":0},{""1"":29443,""10plus"":0,""2to4"":1,""5to9"":0}]",0.8250124589976622,0.671743152266572,1465311232
a_total1,ud23,HERODOTUS,89f0804afded8e7a0f4e1b507030d5ef4ecaf17e422c8b2969bd6b23e62818e6,7,original,8,100,0.01,8884,c472fb13ba8c2eac45a36eaad610e3c95b48c840c2fda259724dd5bae072784a,15248,17301,46845,53304,-10481.81955718217,,ff788778679e4c42fdab0cfc077dff186b6631433c42f0178916f7e9882ab516,-159031.6659426358,167435,81,0.0,19,3551,53304,"[1,82,1824,11271,25540,33261,34041,32036,29379]","[{""1"":0,""10plus"":1,""2to4"":0,""5to9"":0},{""1"":6,""10plus"":56,""2to4"":14,""5to9"":6},{""1"":484,""10plus"":626,""2to4"":454,""5to9"":260},{""1"":6162,""10plus"":914,""2to4"":3181,""5to9"":1014},{""1"":19722,""10plus"":350,""2to4"":4656,""5to9"":812},{""1"":30121,""10plus"":61,""2to4"":2812,""5to9"":267},{""1"":32847,""10plus"":6,""2to4"":1133,""5to9"":55},{""1"":31626,""10plus"":2,""2to4"":398,""5to9"":10},{""1"":29218,""10plus"":2,""2to4"":155,""5to9"":4}]",0.5677254160000302,0.47392657698583207,1465311232
a_total1,ud23,HERODOTUS,89f0804afded8e7a0f4e1b507030d5ef4ecaf17e422c8b2969bd6b23e62818e6,7,shuffled,8,100,0.01,8884,c472fb13ba8c2eac45a36eaad610e3c95b48c840c2fda259724dd5bae072784a,15248,17301,46845,53304,6174.5095532267005,,bbde5b571447487b61360f7e52d22fdf74d76d1a184dec1174c48928abb9c17f,-169513.48549981797,188938,81,1.0,19,3551,53304,"[1,82,2086,15425,34751,38502,35808,32639,29644]","[{""1"":0,""10plus"":1,""2to4"":0,""5to9"":0},{""1"":7,""10plus"":56,""2to4"":14,""5to9"":5},{""1"":573,""10plus"":716,""2to4"":497,""5to9"":300},{""1"":8723,""10plus"":956,""2to4"":4407,""5to9"":1339},{""1"":29647,""10plus"":10,""2to4"":4803,""5to9"":291},{""1"":37822,""10plus"":0,""2to4"":679,""5to9"":1},{""1"":35763,""10plus"":0,""2to4"":45,""5to9"":0},{""1"":32634,""10plus"":0,""2to4"":5,""5to9"":0},{""1"":29643,""10plus"":0,""2to4"":1,""5to9"":0}]",0.9998738750000484,0.4748370440393046,1465311232
a_total1,ud23,HERODOTUS,89f0804afded8e7a0f4e1b507030d5ef4ecaf17e422c8b2969bd6b23e62818e6,8,original,8,100,0.01,8884,ee995068c38ac1e246b99066a697ae06ae98e729c8a87e7b30220820de5a2c3b,15332,17301,46711,53304,-10628.782214937295,,1094d38525c1612ccc12a54e2a4d361f1ac3608a81e457501265473b572a5bd8,-158819.15327639785,167155,82,0.0,18,3555,53304,"[1,82,1785,11187,25432,33316,34069,32004,29279]","[{""1"":0,""10plus"":1,""2to4"":0,""5to9"":0},{""1"":8,""10plus"":55,""2to4"":14,""5to9"":5},{""1"":448,""10plus"":618,""2to4"":449,""5to9"":270},{""1"":6080,""10plus"":909,""2to4"":3188,""5to9"":1010},{""1"":19537,""10plus"":333,""2to4"":4737,""5to9"":825},{""1"":30142,""10plus"":57,""2to4"":2868,""5to9"":249},{""1"":32915,""10plus"":5,""2to4"":1101,""5to9"":48},{""1"":31603,""10plus"":2,""2to4"":393,""5to9"":6},{""1"":29111,""10plus"":2,""2to4"":165,""5to9"":1}]",0.559866958999919,0.47748177004177705,1465311232
a_total1,ud23,HERODOTUS,89f0804afded8e7a0f4e1b507030d5ef4ecaf17e422c8b2969bd6b23e62818e6,8,shuffled,8,100,0.01,8884,ee995068c38ac1e246b99066a697ae06ae98e729c8a87e7b30220820de5a2c3b,15332,17301,46711,53304,6002.592972878629,,c73dbeff587162fd255cd83386048eff929eb65488ae74b2fc23c6cfa53243b6,-169447.93549133514,188624,82,1.0,18,3555,53304,"[1,83,2042,15394,34713,38519,35759,32572,29541]","[{""1"":0,""10plus"":1,""2to4"":0,""5to9"":0},{""1"":10,""10plus"":56,""2to4"":13,""5to9"":4},{""1"":504,""10plus"":709,""2to4"":527,""5to9"":302},{""1"":8669,""10plus"":953,""2to4"":4445,""5to9"":1327},{""1"":29569,""10plus"":8,""2to4"":4874,""5to9"":262},{""1"":37868,""10plus"":0,""2to4"":650,""5to9"":1},{""1"":35710,""10plus"":0,""2to4"":49,""5to9"":0},{""1"":32569,""10plus"":0,""2to4"":3,""5to9"":0},{""1"":29540,""10plus"":0,""2to4"":1,""5to9"":0}]",0.9769644580010208,0.4759098950853513,1465311232
a_total1,ud23,HERODOTUS,89f0804afded8e7a0f4e1b507030d5ef4ecaf17e422c8b2969bd6b23e62818e6,9,original,8,100,0.01,8884,281eed1e61ac917ae0f99659aa9090f35e0e74ddfcba13d4921ade5ca0d49b9d,15251,17301,46975,53304,-10497.135162947816,,15f12251d34b98da591d3991fea58ffca932adb4061eb1ad7d29d38ad2099205,-159071.68116620267,167255,83,0.0,17,3566,53304,"[1,83,1820,11208,25505,33355,34067,31958,29258]","[{""1"":0,""10plus"":1,""2to4"":0,""5to9"":0},{""1"":7,""10plus"":56,""2to4"":14,""5to9"":6},{""1"":482,""10plus"":628,""2to4"":455,""5to9"":255},{""1"":6131,""10plus"":917,""2to4"":3164,""5to9"":996},{""1"":19609,""10plus"":341,""2to4"":4722,""5to9"":833},{""1"":30240,""10plus"":55,""2to4"":2821,""5to9"":239},{""1"":32939,""10plus"":5,""2to4"":1074,""5to9"":49},{""1"":31570,""10plus"":3,""2to4"":378,""5to9"":7},{""1"":29114,""10plus"":2,""2to4"":140,""5to9"":2}]",0.6095820830014418,0.47793498287865077,1465311232
a_total1,ud23,HERODOTUS,89f0804afded8e7a0f4e1b507030d5ef4ecaf17e422c8b2969bd6b23e62818e6,9,shuffled,8,100,0.01,8884,281eed1e61ac917ae0f99659aa9090f35e0e74ddfcba13d4921ade5ca0d49b9d,15251,17301,46975,53304,6219.4134809597745,,a0942d670407939c53174506ed6fe3e83d369f7b87dafa4a66aa1b98f2b9e636,-169568.8163291505,188625,83,1.0,17,3566,53304,"[1,82,2061,15526,34777,38428,35719,32528,29503]","[{""1"":0,""10plus"":1,""2to4"":0,""5to9"":0},{""1"":8,""10plus"":56,""2to4"":13,""5to9"":5},{""1"":532,""10plus"":704,""2to4"":506,""5to9"":319},{""1"":8854,""10plus"":975,""2to4"":4404,""5to9"":1293},{""1"":29703,""10plus"":10,""2to4"":4786,""5to9"":278},{""1"":37728,""10plus"":0,""2to4"":700,""5to9"":0},{""1"":35660,""10plus"":0,""2to4"":59,""5to9"":0},{""1"":32523,""10plus"":0,""2to4"":5,""5to9"":0},{""1"":29503,""10plus"":0,""2to4"":0,""5to9"":0}]",0.8262699589977274,0.4822744542871078,1465311232
a_total1,ud23,HESIODIC_TRADITION,c4c0c7eaeca0d61d2e53f4f0642bfa382e91dd28b470d2f4da2ba8539fe0e7f7,0,original,8,100,0.01,8884,122fb0d79dc3d8a1f3ecc96637b506459b7a5e2c89e5ce9e15007053344dcef3,8052,9282,47034,53304,-10967.694509448454,,e84479d720f0de58c7badfae54f6df84c86d785c4916909b4b940609f7a7bcb4,-157177.8075688929,170130,80,0.0,20,3359,53304,"[1,80,1818,11133,25305,33491,34847,33042,30413]","[{""1"":0,""10plus"":1,""2to4"":0,""5to9"":0},{""1"":6,""10plus"":55,""2to4"":9,""5to9"":10},{""1"":503,""10plus"":620,""2to4"":443,""5to9"":252},{""1"":6101,""10plus"":890,""2to4"":3180,""5to9"":962},{""1"":19572,""10plus"":372,""2to4"":4513,""5to9"":848},{""1"":30149,""10plus"":68,""2to4"":2999,""5to9"":275},{""1"":33580,""10plus"":8,""2to4"":1215,""5to9"":44},{""1"":32622,""10plus"":0,""2to4"":416,""5to9"":4},{""1"":30261,""10plus"":0,""2to4"":152,""5to9"":0}]",0.635724959000072,0.22993158407552983,1191649280
a_total1,ud23,HESIODIC_TRADITION,c4c0c7eaeca0d61d2e53f4f0642bfa382e91dd28b470d2f4da2ba8539fe0e7f7,0,shuffled,8,100,0.01,8884,122fb0d79dc3d8a1f3ecc96637b506459b7a5e2c89e5ce9e15007053344dcef3,8052,9282,47034,53304,6416.618147619185,,7735be2ada99a635fa9f674ff0a8da6b63c013d112f3edf3407e78bbffdde922,-168145.50207834135,192158,80,1.0,20,3359,53304,"[1,80,2037,15259,34749,39195,36655,33577,30605]","[{""1"":0,""10plus"":1,""2to4"":0,""5to9"":0},{""1"":8,""10plus"":56,""2to4"":7,""5to9"":9},{""1"":527,""10plus"":701,""2to4"":509,""5to9"":300},{""1"":8652,""10plus"":924,""2to4"":4313,""5to9"":1370},{""1"":29435,""10plus"":19,""2to4"":4994,""5to9"":301},{""1"":38494,""10plus"":0,""2to4"":701,""5to9"":0},{""1"":36607,""10plus"":0,""2to4"":48,""5to9"":0},{""1"":33574,""10plus"":0,""2to4"":3,""5to9"":0},{""1"":30605,""10plus"":0,""2to4"":0,""5to9"":0}]",0.8681550840010459,0.23062491196651536,1191649280
a_total1,ud23,HESIODIC_TRADITION,c4c0c7eaeca0d61d2e53f4f0642bfa382e91dd28b470d2f4da2ba8539fe0e7f7,1,original,8,100,0.01,8884,54133ba6f02295ae08646a141efb65dff939cab1f38e534d8a6f44b9174ea89c,8022,9282,47039,53304,-10842.28585928335,,d758a15b41380d0c355def65067339615554b1c52f24b80bd8f52b320d3d1b2a,-157504.87530914877,170388,83,0.0,17,3391,53304,"[1,84,1817,11188,25396,33640,34894,33025,30343]","[{""1"":0,""10plus"":1,""2to4"":0,""5to9"":0},{""1"":11,""10plus"":56,""2to4"":10,""5to9"":7},{""1"":480,""10plus"":608,""2to4"":464,""5to9"":265},{""1"":6156,""10plus"":884,""2to4"":3180,""5to9"":968},{""1"":19640,""10plus"":375,""2to4"":4539,""5to9"":842},{""1"":30376,""10plus"":61,""2to4"":2916,""5to9"":287},{""1"":33731,""10plus"":2,""2to4"":1098,""5to9"":63},{""1"":32697,""10plus"":0,""2to4"":318,""5to9"":10},{""1"":30252,""10plus"":0,""2to4"":86,""5to9"":5}]",0.6080502080003498,0.23048339495289838,1465311232
a_total1,ud23,HESIODIC_TRADITION,c4c0c7eaeca0d61d2e53f4f0642bfa382e91dd28b470d2f4da2ba8539fe0e7f7,1,shuffled,8,100,0.01,8884,54133ba6f02295ae08646a141efb65dff939cab1f38e534d8a6f44b9174ea89c,8022,9282,47039,53304,6459.259778654377,,a91cf9212d28955910e50326e1447378a35f1cc4139169049b2062c891883af6,-168347.16116843213,191569,83,1.0,17,3391,53304,"[1,83,2047,15309,34701,39012,36520,33433,30463]","[{""1"":0,""10plus"":1,""2to4"":0,""5to9"":0},{""1"":10,""10plus"":56,""2to4"":9,""5to9"":8},{""1"":519,""10plus"":690,""2to4"":531,""5to9"":307},{""1"":8611,""10plus"":924,""2to4"":4403,""5to9"":1371},{""1"":29458,""10plus"":24,""2to4"":4892,""5to9"":327},{""1"":38274,""10plus"":0,""2to4"":738,""5to9"":0},{""1"":36471,""10plus"":0,""2to4"":49,""5to9"":0},{""1"":33431,""10plus"":0,""2to4"":2,""5to9"":0},{""1"":30463,""10plus"":0,""2to4"":0,""5to9"":0}]",1.0072951660004037,0.2294924550515134,1465311232
a_total1,ud23,HESIODIC_TRADITION,c4c0c7eaeca0d61d2e53f4f0642bfa382e91dd28b470d2f4da2ba8539fe0e7f7,2,original,8,100,0.01,8884,a3781ee7a5a9e02423695828fa503b846ef7d7601c3b9e9213c98f2e2bed3a39,7950,9282,47050,53304,-10662.50108377132,,977dc86e7bb327c05c2d02385ca19f4670350cc5964a751320f01b9994a75469,-157772.98677167407,170380,85,0.0,15,3397,53304,"[1,85,1811,11256,25540,33641,34804,32942,30300]","[{""1"":0,""10plus"":1,""2to4"":0,""5to9"":0},{""1"":9,""10plus"":56,""2to4"":13,""5to9"":7},{""1"":467,""10plus"":619,""2to4"":449,""5to9"":276},{""1"":6128,""10plus"":881,""2to4"":3255,""5to9"":992},{""1"":19768,""10plus"":380,""2to4"":4602,""5to9"":790},{""1"":30444,""10plus"":70,""2to4"":2855,""5to9"":272},{""1"":33612,""10plus"":5,""2to4"":1139,""5to9"":48},{""1"":32572,""10plus"":1,""2to4"":362,""5to9"":7},{""1"":30180,""10plus"":0,""2to4"":115,""5to9"":5}]",0.5646224590018392,0.23307019590720301,1465311232
a_total1,ud23,HESIODIC_TRADITION,c4c0c7eaeca0d61d2e53f4f0642bfa382e91dd28b470d2f4da2ba8539fe0e7f7,2,shuffled,8,100,0.01,8884,a3781ee7a5a9e02423695828fa503b846ef7d7601c3b9e9213c98f2e2bed3a39,7950,9282,47050,53304,6571.187536223675,,d3f5cfc62bf2deedf25e2e117e103eab03b5f08fb356788ad7a0e779f5bc9ed6,-168435.4878554454,191561,85,1.0,15,3397,53304,"[1,85,2074,15254,34745,39038,36500,33409,30455]","[{""1"":0,""10plus"":1,""2to4"":0,""5to9"":0},{""1"":9,""10plus"":56,""2to4"":12,""5to9"":8},{""1"":560,""10plus"":712,""2to4"":520,""5to9"":282},{""1"":8491,""10plus"":930,""2to4"":4505,""5to9"":1328},{""1"":29484,""10plus"":23,""2to4"":4908,""5to9"":330},{""1"":38328,""10plus"":0,""2to4"":710,""5to9"":0},{""1"":36455,""10plus"":0,""2to4"":45,""5to9"":0},{""1"":33406,""10plus"":0,""2to4"":3,""5to9"":0},{""1"":30455,""10plus"":0,""2to4"":0,""5to9"":0}]",0.9862464159996307,0.2324151751527097,1465311232
a_total1,ud23,HESIODIC_TRADITION,c4c0c7eaeca0d61d2e53f4f0642bfa382e91dd28b470d2f4da2ba8539fe0e7f7,3,original,8,100,0.01,8884,cbd74e0d1639da87ca5236dbe5dec0c239ef76bdf5d357c5ad2702ae82afb8e3,8041,9282,46947,53304,-10775.012418336351,,d1c2e5a6eca97fc17ebc37ba1b65ff768184bd4e8d0604c7c93ba305745e8958,-157600.17798256516,170513,80,0.0,20,3397,53304,"[1,81,1831,11236,25613,33693,34830,32947,30281]","[{""1"":0,""10plus"":1,""2to4"":0,""5to9"":0},{""1"":6,""10plus"":57,""2to4"":9,""5to9"":9},{""1"":492,""10plus"":606,""2to4"":469,""5to9"":264},{""1"":6175,""10plus"":873,""2to4"":3177,""5to9"":1011},{""1"":19912,""10plus"":365,""2to4"":4518,""5to9"":818},{""1"":30518,""10plus"":69,""2to4"":2836,""5to9"":270},{""1"":33637,""10plus"":4,""2to4"":1137,""5to9"":52},{""1"":32577,""10plus"":0,""2to4"":364,""5to9"":6},{""1"":30151,""10plus"":0,""2to4"":129,""5to9"":1}]",0.6195112079985847,0.22759348303588922,1465311232
a_total1,ud23,HESIODIC_TRADITION,c4c0c7eaeca0d61d2e53f4f0642bfa382e91dd28b470d2f4da2ba8539fe0e7f7,3,shuffled,8,100,0.01,8884,cbd74e0d1639da87ca5236dbe5dec0c239ef76bdf5d357c5ad2702ae82afb8e3,8041,9282,46947,53304,6545.196790461283,,e0f63d783e936a387e2f3182c6ecd706e35b26698d475fd3e034df0d654cbe2e,-168375.1904009015,191651,80,1.0,20,3397,53304,"[1,81,2064,15434,34725,38996,36500,33411,30439]","[{""1"":0,""10plus"":1,""2to4"":0,""5to9"":0},{""1"":7,""10plus"":57,""2to4"":9,""5to9"":8},{""1"":547,""10plus"":710,""2to4"":502,""5to9"":305},{""1"":8697,""10plus"":910,""2to4"":4499,""5to9"":1328},{""1"":29560,""10plus"":22,""2to4"":4807,""5to9"":336},{""1"":38239,""10plus"":0,""2to4"":755,""5to9"":2},{""1"":36452,""10plus"":0,""2to4"":48,""5to9"":0},{""1"":33410,""10plus"":0,""2to4"":1,""5to9"":0},{""1"":30439,""10plus"":0,""2to4"":0,""5to9"":0}]",0.8407173749983485,0.226101577092777,1465311232
a_total1,ud23,HESIODIC_TRADITION,c4c0c7eaeca0d61d2e53f4f0642bfa382e91dd28b470d2f4da2ba8539fe0e7f7,4,original,8,100,0.01,8884,f50ca6efca85d5aeafb7dd17ac080b1eea597cfea006d94db0b1df39a0be7a59,8069,9282,46973,53304,-11030.53561831158,,89efe5ec42567c72d1bcf48c322e7e6d328123f4cf8c769f4a501609b0abf35d,-157540.19892032188,169968,81,0.0,19,3419,53304,"[1,82,1827,11251,25454,33586,34734,32849,30184]","[{""1"":0,""10plus"":1,""2to4"":0,""5to9"":0},{""1"":7,""10plus"":55,""2to4"":10,""5to9"":10},{""1"":493,""10plus"":616,""2to4"":457,""5to9"":261},{""1"":6226,""10plus"":881,""2to4"":3190,""5to9"":954},{""1"":19733,""10plus"":365,""2to4"":4560,""5to9"":796},{""1"":30386,""10plus"":67,""2to4"":2859,""5to9"":274},{""1"":33566,""10plus"":2,""2to4"":1106,""5to9"":60},{""1"":32484,""10plus"":0,""2to4"":359,""5to9"":6},{""1"":30063,""10plus"":0,""2to4"":120,""5to9"":1}]",0.6043576660013059,0.22787369993602624,1465311232
a_total1,ud23,HESIODIC_TRADITION,c4c0c7eaeca0d61d2e53f4f0642bfa382e91dd28b470d2f4da2ba8539fe0e7f7,4,shuffled,8,100,0.01,8884,f50ca6efca85d5aeafb7dd17ac080b1eea597cfea006d94db0b1df39a0be7a59,8069,9282,46973,53304,6500.672736453242,,6c07ce0ea9992bfb6d0942483519bf4c652dd576771130a32563c6e6fb031972,-168570.73453863346,191376,81,1.0,19,3419,53304,"[1,82,2072,15427,34848,38945,36388,33291,30322]","[{""1"":0,""10plus"":1,""2to4"":0,""5to9"":0},{""1"":8,""10plus"":55,""2to4"":10,""5to9"":9},{""1"":553,""10plus"":716,""2to4"":517,""5to9"":286},{""1"":8673,""10plus"":887,""2to4"":4483,""5to9"":1384},{""1"":29743,""10plus"":12,""2to4"":4744,""5to9"":349},{""1"":38215,""10plus"":0,""2to4"":730,""5to9"":0},{""1"":36335,""10plus"":0,""2to4"":53,""5to9"":0},{""1"":33288,""10plus"":0,""2to4"":3,""5to9"":0},{""1"":30322,""10plus"":0,""2to4"":0,""5to9"":0}]",0.9933803749991057,0.22723508493436384,1465311232
a_total1,ud23,HESIODIC_TRADITION,c4c0c7eaeca0d61d2e53f4f0642bfa382e91dd28b470d2f4da2ba8539fe0e7f7,5,original,8,100,0.01,8884,e5a58a893fcc90d0fa57a1792c19d9aade4730b513dfaf557bf8815d1ad066b4,8032,9282,47125,53304,-10873.043295237469,,1ba79c112c123fefe383051baa7652bc5fa1e4b20e44f1b311fa73d62532fc8a,-157998.12578978259,170101,82,0.0,18,3408,53304,"[1,82,1830,11264,25501,33590,34750,32875,30208]","[{""1"":0,""10plus"":1,""2to4"":0,""5to9"":0},{""1"":9,""10plus"":55,""2to4"":8,""5to9"":10},{""1"":461,""10plus"":616,""2to4"":482,""5to9"":271},{""1"":6126,""10plus"":879,""2to4"":3284,""5to9"":975},{""1"":19719,""10plus"":359,""2to4"":4595,""5to9"":828},{""1"":30354,""10plus"":72,""2to4"":2900,""5to9"":264},{""1"":33549,""10plus"":3,""2to4"":1148,""5to9"":50},{""1"":32486,""10plus"":0,""2to4"":383,""5to9"":6},{""1"":30073,""10plus"":0,""2to4"":133,""5to9"":2}]",0.5957887500007928,0.23086053212318802,1465311232
a_total1,ud23,HESIODIC_TRADITION,c4c0c7eaeca0d61d2e53f4f0642bfa382e91dd28b470d2f4da2ba8539fe0e7f7,5,shuffled,8,100,0.01,8884,e5a58a893fcc90d0fa57a1792c19d9aade4730b513dfaf557bf8815d1ad066b4,8032,9282,47125,53304,6470.696646106691,,238f9ed74e598836197c88d82d5a6ddba50c2463d8e6564176fa1911d600db7d,-168871.16908502005,191662,82,1.0,18,3408,53304,"[1,83,2065,15499,34887,38973,36436,33347,30371]","[{""1"":0,""10plus"":1,""2to4"":0,""5to9"":0},{""1"":10,""10plus"":55,""2to4"":7,""5to9"":11},{""1"":520,""10plus"":704,""2to4"":527,""5to9"":314},{""1"":8788,""10plus"":938,""2to4"":4468,""5to9"":1305},{""1"":29792,""10plus"":19,""2to4"":4768,""5to9"":308},{""1"":38259,""10plus"":0,""2to4"":713,""5to9"":1},{""1"":36394,""10plus"":0,""2to4"":42,""5to9"":0},{""1"":33344,""10plus"":0,""2to4"":3,""5to9"":0},{""1"":30371,""10plus"":0,""2to4"":0,""5to9"":0}]",1.0096102499992412,0.22990347393715638,1465311232
a_total1,ud23,HESIODIC_TRADITION,c4c0c7eaeca0d61d2e53f4f0642bfa382e91dd28b470d2f4da2ba8539fe0e7f7,6,original,8,100,0.01,8884,975c82318c6878a6c63af5a48cd4f3ac359cd3c2c7b9ba99e34b2cc02b347c3f,8057,9282,47167,53304,-11252.097299725196,,8596ce55a00d09960e66bad72688e8f49e5a2d21fd4b74007126a48f07181462,-157529.13185533014,170213,86,0.0,14,3402,53304,"[1,86,1852,11304,25474,33556,34782,32920,30238]","[{""1"":0,""10plus"":1,""2to4"":0,""5to9"":0},{""1"":9,""10plus"":57,""2to4"":13,""5to9"":7},{""1"":510,""10plus"":621,""2to4"":468,""5to9"":253},{""1"":6245,""10plus"":864,""2to4"":3235,""5to9"":960},{""1"":19811,""10plus"":377,""2to4"":4482,""5to9"":804},{""1"":30379,""10plus"":69,""2to4"":2818,""5to9"":290},{""1"":33620,""10plus"":5,""2to4"":1113,""5to9"":44},{""1"":32581,""10plus"":0,""2to4"":332,""5to9"":7},{""1"":30135,""10plus"":0,""2to4"":101,""5to9"":2}]",0.6078794589993777,0.23438438004814088,1465311232
a_total1,ud23,HESIODIC_TRADITION,c4c0c7eaeca0d61d2e53f4f0642bfa382e91dd28b470d2f4da2ba8539fe0e7f7,6,shuffled,8,100,0.01,8884,975c82318c6878a6c63af5a48cd4f3ac359cd3c2c7b9ba99e34b2cc02b347c3f,8057,9282,47167,53304,6575.1159519982175,,af79c7585e56deae7806ea7d36f5a7cd5831f9f96e0ed86992139e264eff8265,-168781.22915505533,191716,86,1.0,14,3402,53304,"[1,85,2096,15554,34799,38994,36459,33353,30375]","[{""1"":0,""10plus"":1,""2to4"":0,""5to9"":0},{""1"":10,""10plus"":57,""2to4"":11,""5to9"":7},{""1"":556,""10plus"":713,""2to4"":530,""5to9"":297},{""1"":8873,""10plus"":891,""2to4"":4409,""5to9"":1381},{""1"":29671,""10plus"":17,""2to4"":4769,""5to9"":342},{""1"":38268,""10plus"":0,""2to4"":725,""5to9"":1},{""1"":36417,""10plus"":0,""2to4"":42,""5to9"":0},{""1"":33350,""10plus"":0,""2to4"":3,""5to9"":0},{""1"":30375,""10plus"":0,""2to4"":0,""5to9"":0}]",0.85146262499984,0.23454205188318156,1465311232
a_total1,ud23,HESIODIC_TRADITION,c4c0c7eaeca0d61d2e53f4f0642bfa382e91dd28b470d2f4da2ba8539fe0e7f7,7,original,8,100,0.01,8884,ce8e1d1e1e4b05ae319d2bc9c7f3f951bd6d1999aff9ba23418d57abdd1bae64,8060,9282,47053,53304,-10918.112572233193,,d4941138722467ebd6f5d8ccc0edc7232ef43c587dacb30c9b3ece24835b8e59,-157482.4060239955,170759,82,0.0,18,3354,53304,"[1,81,1815,11169,25493,33665,34939,33115,30481]","[{""1"":0,""10plus"":1,""2to4"":0,""5to9"":0},{""1"":9,""10plus"":55,""2to4"":10,""5to9"":7},{""1"":485,""10plus"":620,""2to4"":465,""5to9"":245},{""1"":6064,""10plus"":879,""2to4"":3244,""5to9"":982},{""1"":19741,""10plus"":383,""2to4"":4535,""5to9"":834},{""1"":30395,""10plus"":73,""2to4"":2895,""5to9"":302},{""1"":33716,""10plus"":4,""2to4"":1160,""5to9"":59},{""1"":32730,""10plus"":1,""2to4"":372,""5to9"":12},{""1"":30340,""10plus"":0,""2to4"":137,""5to9"":4}]",0.6059849579978618,0.2276737991705886,1465311232
a_total1,ud23,HESIODIC_TRADITION,c4c0c7eaeca0d61d2e53f4f0642bfa382e91dd28b470d2f4da2ba8539fe0e7f7,7,shuffled,8,100,0.01,8884,ce8e1d1e1e4b05ae319d2bc9c7f3f951bd6d1999aff9ba23418d57abdd1bae64,8060,9282,47053,53304,6612.342859945697,,da92c2c91ac9ce4cd5703603b077cdef71ac467fa7c1d8ccf725872e1246d55d,-168400.5185962287,192572,82,1.0,18,3354,53304,"[1,80,2065,15487,34785,39168,36693,33623,30670]","[{""1"":0,""10plus"":1,""2to4"":0,""5to9"":0},{""1"":8,""10plus"":55,""2to4"":10,""5to9"":7},{""1"":517,""10plus"":710,""2to4"":527,""5to9"":311},{""1"":8780,""10plus"":912,""2to4"":4474,""5to9"":1321},{""1"":29516,""10plus"":21,""2to4"":4891,""5to9"":357},{""1"":38416,""10plus"":0,""2to4"":752,""5to9"":0},{""1"":36648,""10plus"":0,""2to4"":45,""5to9"":0},{""1"":33621,""10plus"":0,""2to4"":2,""5to9"":0},{""1"":30670,""10plus"":0,""2to4"":0,""5to9"":0}]",0.997110625001369,0.229248868781724,1465311232
a_total1,ud23,HESIODIC_TRADITION,c4c0c7eaeca0d61d2e53f4f0642bfa382e91dd28b470d2f4da2ba8539fe0e7f7,8,original,8,100,0.01,8884,9e6cbc66b3c106799c05631112c13c304fdf5340752a5ed8795f45f380cd9be9,8115,9282,47033,53304,-11076.935775810096,,865e04ec80b64789fe9573bb3f4c91d99bac706d338a030db4e32ed4f4af106f,-157340.69951539548,169783,85,0.0,15,3418,53304,"[1,85,1820,11167,25404,33513,34716,32861,30216]","[{""1"":0,""10plus"":1,""2to4"":0,""5to9"":0},{""1"":11,""10plus"":55,""2to4"":10,""5to9"":9},{""1"":483,""10plus"":612,""2to4"":457,""5to9"":268},{""1"":6090,""10plus"":859,""2to4"":3196,""5to9"":1022},{""1"":19658,""10plus"":368,""2to4"":4573,""5to9"":805},{""1"":30304,""10plus"":73,""2to4"":2869,""5to9"":267},{""1"":33514,""10plus"":4,""2to4"":1155,""5to9"":43},{""1"":32473,""10plus"":1,""2to4"":382,""5to9"":5},{""1"":30081,""10plus"":0,""2to4"":133,""5to9"":2}]",0.6234835840004962,0.23327431302459445,1465311232
a_total1,ud23,HESIODIC_TRADITION,c4c0c7eaeca0d61d2e53f4f0642bfa382e91dd28b470d2f4da2ba8539fe0e7f7,8,shuffled,8,100,0.01,8884,9e6cbc66b3c106799c05631112c13c304fdf5340752a5ed8795f45f380cd9be9,8115,9282,47033,53304,6520.938021860347,,332416d81adef49aff0df5babc232971931d2f3f4c952efa9ec196bf9aac4e6f,-168417.63529120557,191202,85,1.0,15,3418,53304,"[1,83,2073,15302,34674,38909,36424,33346,30390]","[{""1"":0,""10plus"":1,""2to4"":0,""5to9"":0},{""1"":10,""10plus"":56,""2to4"":9,""5to9"":8},{""1"":536,""10plus"":702,""2to4"":545,""5to9"":290},{""1"":8604,""10plus"":923,""2to4"":4414,""5to9"":1361},{""1"":29492,""10plus"":18,""2to4"":4826,""5to9"":338},{""1"":38144,""10plus"":0,""2to4"":764,""5to9"":1},{""1"":36376,""10plus"":0,""2to4"":48,""5to9"":0},{""1"":33344,""10plus"":0,""2to4"":2,""5to9"":0},{""1"":30390,""10plus"":0,""2to4"":0,""5to9"":0}]",0.8527027909985918,0.23006718385659042,1465311232
a_total1,ud23,HESIODIC_TRADITION,c4c0c7eaeca0d61d2e53f4f0642bfa382e91dd28b470d2f4da2ba8539fe0e7f7,9,original,8,100,0.01,8884,b1d247bcf5f12c7eb74a191e2ed2880443d99b003386f4250ffd38c4bc379d11,8070,9282,47029,53304,-11012.688482787635,,542c878c698e66ee7ab2564d792e8ac8d554cc8bbd9c8362db9e6a770a8da373,-157366.1719103174,170838,83,0.0,17,3375,53304,"[1,84,1821,11120,25541,33746,34962,33099,30464]","[{""1"":0,""10plus"":1,""2to4"":0,""5to9"":0},{""1"":12,""10plus"":55,""2to4"":7,""5to9"":10},{""1"":486,""10plus"":616,""2to4"":463,""5to9"":256},{""1"":6048,""10plus"":888,""2to4"":3187,""5to9"":997},{""1"":19775,""10plus"":361,""2to4"":4571,""5to9"":834},{""1"":30587,""10plus"":77,""2to4"":2819,""5to9"":263},{""1"":33801,""10plus"":4,""2to4"":1107,""5to9"":50},{""1"":32740,""10plus"":0,""2to4"":356,""5to9"":3},{""1"":30347,""10plus"":0,""2to4"":117,""5to9"":0}]",0.6031607919976523,0.22986048095845035,1465311232
a_total1,ud23,HESIODIC_TRADITION,c4c0c7eaeca0d61d2e53f4f0642bfa382e91dd28b470d2f4da2ba8539fe0e7f7,9,shuffled,8,100,0.01,8884,b1d247bcf5f12c7eb74a191e2ed2880443d99b003386f4250ffd38c4bc379d11,8070,9282,47029,53304,6538.815715625504,,86069ef4edb96525c16fd4715251e6709bc3e725fdbc9dae665cdf7d3699e720,-168378.86039310505,192143,83,1.0,17,3375,53304,"[1,83,2091,15361,34744,39117,36611,33540,30595]","[{""1"":0,""10plus"":1,""2to4"":0,""5to9"":0},{""1"":11,""10plus"":55,""2to4"":7,""5to9"":10},{""1"":563,""10plus"":708,""2to4"":537,""5to9"":283},{""1"":8666,""10plus"":947,""2to4"":4423,""5to9"":1325},{""1"":29509,""10plus"":16,""2to4"":4887,""5to9"":332},{""1"":38379,""10plus"":0,""2to4"":738,""5to9"":0},{""1"":36565,""10plus"":0,""2to4"":46,""5to9"":0},{""1"":33538,""10plus"":0,""2to4"":2,""5to9"":0},{""1"":30595,""10plus"":0,""2to4"":0,""5to9"":0}]",0.9914143329988292,0.22888057615273283,1465311232
a_total1,ud23,DIODORUS,d91dad02f8da03cf6702fa7edec531da5e56f526f466e2f04180f2a23a1cf315,0,original,8,100,0.01,8884,25a9e23614098f66106c33254f3426ad214b9b77e1ae5ee4060b4ed409187fca,13582,15266,46923,53304,-9096.136369213142,,0dfc65802e015d162de3f8011421aac23c76240f370b5f85de54161ec64d7dde,-162129.54395878233,168631,81,0.0,19,3665,53304,"[1,82,1925,11903,26521,33874,34038,31597,28690]","[{""1"":0,""10plus"":1,""2to4"":0,""5to9"":0},{""1"":8,""10plus"":58,""2to4"":7,""5to9"":9},{""1"":527,""10plus"":643,""2to4"":484,""5to9"":271},{""1"":6630,""10plus"":891,""2to4"":3364,""5to9"":1018},{""1"":20823,""10plus"":308,""2to4"":4639,""5to9"":751},{""1"":31106,""10plus"":34,""2to4"":2525,""5to9"":209},{""1"":33186,""10plus"":2,""2to4"":824,""5to9"":26},{""1"":31394,""10plus"":2,""2to4"":197,""5to9"":4},{""1"":28628,""10plus"":2,""2to4"":59,""5to9"":1}]",0.5628256250001868,0.47487467616701906,1145266176
a_total1,ud23,DIODORUS,d91dad02f8da03cf6702fa7edec531da5e56f526f466e2f04180f2a23a1cf315,0,shuffled,8,100,0.01,8884,25a9e23614098f66106c33254f3426ad214b9b77e1ae5ee4060b4ed409187fca,13582,15266,46923,53304,6351.979691446322,,4fc5cd8527ea8effde40df75adb3fc67bd45680facab7361b9d0aa1b77028768,-171225.68032799548,187585,81,1.0,19,3665,53304,"[1,81,2152,16017,35204,38167,35223,31912,28828]","[{""1"":0,""10plus"":1,""2to4"":0,""5to9"":0},{""1"":7,""10plus"":57,""2to4"":6,""5to9"":11},{""1"":570,""10plus"":734,""2to4"":541,""5to9"":307},{""1"":9096,""10plus"":909,""2to4"":4627,""5to9"":1385},{""1"":30436,""10plus"":12,""2to4"":4541,""5to9"":215},{""1"":37608,""10plus"":0,""2to4"":558,""5to9"":1},{""1"":35198,""10plus"":0,""2to4"":25,""5to9"":0},{""1"":31911,""10plus"":0,""2to4"":1,""5to9"":0},{""1"":28828,""10plus"":0,""2to4"":0,""5to9"":0}]",0.9907289999991917,0.4748525048580632,1145266176
a_total1,ud23,DIODORUS,d91dad02f8da03cf6702fa7edec531da5e56f526f466e2f04180f2a23a1cf315,1,original,8,100,0.01,8884,1b5574cc19b81efcdb0fcad5157245a1a4b9d68ed027bea8fca7fa5dc94a43cd,13542,15266,46842,53304,-9371.336222727492,,b23f03c5d8ab4b41d8dfbde94347d744d858dcf671c8b2afa9eb951d4b72fb24,-161960.29272844156,168701,81,0.0,19,3672,53304,"[1,82,1906,11875,26604,33865,34030,31617,28721]","[{""1"":0,""10plus"":1,""2to4"":0,""5to9"":0},{""1"":8,""10plus"":57,""2to4"":7,""5to9"":10},{""1"":510,""10plus"":653,""2to4"":479,""5to9"":264},{""1"":6531,""10plus"":892,""2to4"":3392,""5to9"":1060},{""1"":20895,""10plus"":293,""2to4"":4660,""5to9"":756},{""1"":31092,""10plus"":35,""2to4"":2549,""5to9"":189},{""1"":33164,""10plus"":2,""2to4"":841,""5to9"":23},{""1"":31411,""10plus"":2,""2to4"":201,""5to9"":3},{""1"":28654,""10plus"":2,""2to4"":64,""5to9"":1}]",0.6354616669996176,0.4685232078481931,1465311232
a_total1,ud23,DIODORUS,d91dad02f8da03cf6702fa7edec531da5e56f526f466e2f04180f2a23a1cf315,1,shuffled,8,100,0.01,8884,1b5574cc19b81efcdb0fcad5157245a1a4b9d68ed027bea8fca7fa5dc94a43cd,13542,15266,46842,53304,6374.599658802355,,37c9d82d4560d1c5a4a7ceec266fd05840db96f3777d899fe799d84490292ce3,-171331.62895116906,187979,81,1.0,19,3672,53304,"[1,81,2135,16221,35341,38178,35215,31939,28868]","[{""1"":0,""10plus"":1,""2to4"":0,""5to9"":0},{""1"":8,""10plus"":58,""2to4"":9,""5to9"":6},{""1"":543,""10plus"":743,""2to4"":512,""5to9"":337},{""1"":9289,""10plus"":886,""2to4"":4677,""5to9"":1369},{""1"":30635,""10plus"":8,""2to4"":4493,""5to9"":205},{""1"":37646,""10plus"":0,""2to4"":531,""5to9"":1},{""1"":35176,""10plus"":0,""2to4"":39,""5to9"":0},{""1"":31935,""10plus"":0,""2to4"":4,""5to9"":0},{""1"":28868,""10plus"":0,""2to4"":0,""5to9"":0}]",0.8337035839977034,0.46853360193563276,1465311232
a_total1,ud23,DIODORUS,d91dad02f8da03cf6702fa7edec531da5e56f526f466e2f04180f2a23a1cf315,2,original,8,100,0.01,8884,b6976a6f5ab08ce04c1538782cd6f5021279b3d510061a3313939b287c90d915,13469,15266,46882,53304,-9314.745238797128,,45636d6cd0f64f012892d5875b7f76d6a415c2c8916abd7cee4a2113fea2108b,-162070.15671106445,168599,79,0.0,21,3686,53304,"[1,80,1913,11960,26639,33911,33999,31503,28593]","[{""1"":0,""10plus"":1,""2to4"":0,""5to9"":0},{""1"":7,""10plus"":58,""2to4"":5,""5to9"":10},{""1"":494,""10plus"":644,""2to4"":484,""5to9"":291},{""1"":6646,""10plus"":889,""2to4"":3389,""5to9"":1036},{""1"":20930,""10plus"":313,""2to4"":4680,""5to9"":716},{""1"":31119,""10plus"":32,""2to4"":2567,""5to9"":193},{""1"":33154,""10plus"":2,""2to4"":822,""5to9"":21},{""1"":31272,""10plus"":2,""2to4"":227,""5to9"":2},{""1"":28514,""10plus"":2,""2to4"":76,""5to9"":1}]",0.6282259580002574,0.4648966132335772,1465311232
a_total1,ud23,DIODORUS,d91dad02f8da03cf6702fa7edec531da5e56f526f466e2f04180f2a23a1cf315,2,shuffled,8,100,0.01,8884,b6976a6f5ab08ce04c1538782cd6f5021279b3d510061a3313939b287c90d915,13469,15266,46882,53304,6433.230636389286,,25d3d507e4774310915ff0094e2a3c4a3188580ba2c2b5c1e540bb2ce3fb8817,-171384.90194986158,187614,79,1.0,21,3686,53304,"[1,79,2151,16247,35299,38109,35147,31837,28744]","[{""1"":0,""10plus"":1,""2to4"":0,""5to9"":0},{""1"":6,""10plus"":57,""2to4"":7,""5to9"":9},{""1"":543,""10plus"":737,""2to4"":536,""5to9"":335},{""1"":9369,""10plus"":871,""2to4"":4599,""5to9"":1408},{""1"":30655,""10plus"":8,""2to4"":4430,""5to9"":206},{""1"":37563,""10plus"":0,""2to4"":546,""5to9"":0},{""1"":35113,""10plus"":0,""2to4"":34,""5to9"":0},{""1"":31834,""10plus"":0,""2to4"":3,""5to9"":0},{""1"":28744,""10plus"":0,""2to4"":0,""5to9"":0}]",0.8271762499971373,0.4645851989662333,1465311232
a_total1,ud23,DIODORUS,d91dad02f8da03cf6702fa7edec531da5e56f526f466e2f04180f2a23a1cf315,3,original,8,100,0.01,8884,b61e1e95de4c3f52e1a1eb3a81fe4719640cc088ec662444653ecec0c4dea80b,13564,15266,46763,53304,-9258.418522244814,,2066de17c3ad4cb96c7662829ee8014eda15a86f130bef0ab3b520cad4ce854e,-162158.25902211538,169047,86,0.0,14,3670,53304,"[1,86,1912,11898,26768,34007,34074,31612,28689]","[{""1"":0,""10plus"":1,""2to4"":0,""5to9"":0},{""1"":11,""10plus"":56,""2to4"":9,""5to9"":10},{""1"":520,""10plus"":664,""2to4"":477,""5to9"":251},{""1"":6556,""10plus"":889,""2to4"":3375,""5to9"":1078},{""1"":21071,""10plus"":275,""2to4"":4645,""5to9"":777},{""1"":31306,""10plus"":30,""2to4"":2471,""5to9"":200},{""1"":33233,""10plus"":2,""2to4"":808,""5to9"":31},{""1"":31411,""10plus"":2,""2to4"":196,""5to9"":3},{""1"":28621,""10plus"":2,""2to4"":65,""5to9"":1}]",0.6270931670005666,0.47731390089029446,1465311232
a_total1,ud23,DIODORUS,d91dad02f8da03cf6702fa7edec531da5e56f526f466e2f04180f2a23a1cf315,3,shuffled,8,100,0.01,8884,b61e1e95de4c3f52e1a1eb3a81fe4719640cc088ec662444653ecec0c4dea80b,13564,15266,46763,53304,6412.281864889432,,ccf10b6d2146dc90899a72e8b339625ef19d71fc3f30890d12add9f7536cb19c,-171416.6775443602,187996,86,1.0,14,3670,53304,"[1,84,2173,16253,35343,38170,35222,31920,28830]","[{""1"":0,""10plus"":1,""2to4"":0,""5to9"":0},{""1"":9,""10plus"":56,""2to4"":10,""5to9"":9},{""1"":567,""10plus"":752,""2to4"":550,""5to9"":304},{""1"":9318,""10plus"":884,""2to4"":4693,""5to9"":1358},{""1"":30680,""10plus"":12,""2to4"":4450,""5to9"":201},{""1"":37627,""10plus"":0,""2to4"":542,""5to9"":1},{""1"":35187,""10plus"":0,""2to4"":35,""5to9"":0},{""1"":31917,""10plus"":0,""2to4"":3,""5to9"":0},{""1"":28830,""10plus"":0,""2to4"":0,""5to9"":0}]",0.8292349580005975,0.4756162388912344,1465311232
a_total1,ud23,DIODORUS,d91dad02f8da03cf6702fa7edec531da5e56f526f466e2f04180f2a23a1cf315,4,original,8,100,0.01,8884,39c42f782328956008e277c97d0d90ef8b69894b3dc7e515797b91bd207f7148,13609,15266,46764,53304,-9323.82014859849,,80acffa44fa3cccc839ddaf26c8044099bd231ac53ce16c085f95a79f7200cc6,-161663.662865353,168202,79,0.0,21,3676,53304,"[1,80,1885,11847,26439,33784,34001,31540,28625]","[{""1"":0,""10plus"":1,""2to4"":0,""5to9"":0},{""1"":6,""10plus"":58,""2to4"":7,""5to9"":9},{""1"":493,""10plus"":643,""2to4"":472,""5to9"":277},{""1"":6566,""10plus"":873,""2to4"":3344,""5to9"":1064},{""1"":20716,""10plus"":300,""2to4"":4681,""5to9"":742},{""1"":30980,""10plus"":42,""2to4"":2567,""5to9"":195},{""1"":33163,""10plus"":3,""2to4"":811,""5to9"":24},{""1"":31314,""10plus"":2,""2to4"":222,""5to9"":2},{""1"":28555,""10plus"":2,""2to4"":67,""5to9"":1}]",0.6080778340001416,0.6585242460278096,1465311232
a_total1,ud23,DIODORUS,d91dad02f8da03cf6702fa7edec531da5e56f526f466e2f04180f2a23a1cf315,4,shuffled,8,100,0.01,8884,39c42f782328956008e277c97d0d90ef8b69894b3dc7e515797b91bd207f7148,13609,15266,46764,53304,6414.428950781905,,35129ef0a458d9911913f5900afa8508840274cd7e4d104389373ed938da56a3,-170987.48301395148,187298,79,1.0,21,3676,53304,"[1,79,2130,16063,35101,38089,35175,31886,28774]","[{""1"":0,""10plus"":1,""2to4"":0,""5to9"":0},{""1"":5,""10plus"":56,""2to4"":8,""5to9"":10},{""1"":539,""10plus"":748,""2to4"":542,""5to9"":301},{""1"":9171,""10plus"":873,""2to4"":4634,""5to9"":1385},{""1"":30416,""10plus"":19,""2to4"":4422,""5to9"":244},{""1"":37514,""10plus"":0,""2to4"":574,""5to9"":1},{""1"":35127,""10plus"":0,""2to4"":48,""5to9"":0},{""1"":31885,""10plus"":0,""2to4"":1,""5to9"":0},{""1"":28774,""10plus"":0,""2to4"":0,""5to9"":0}]",0.8260836659974302,0.4674605540749326,1465311232
a_total1,ud23,DIODORUS,d91dad02f8da03cf6702fa7edec531da5e56f526f466e2f04180f2a23a1cf315,5,original,8,100,0.01,8884,6ed5a979d93c4bd2cd7d5cb92be49be0e541d488509528f368dc8fd36cf12d40,13526,15266,46910,53304,-9257.052900907613,,b66084f96c57a2fef3dcf4c2cbb765eff5bf73fcd6358e26b550fb0686f1670c,-161895.44669224194,169074,85,0.0,15,3653,53304,"[1,86,1885,11887,26669,34015,34107,31663,28761]","[{""1"":0,""10plus"":1,""2to4"":0,""5to9"":0},{""1"":12,""10plus"":55,""2to4"":8,""5to9"":11},{""1"":507,""10plus"":659,""2to4"":456,""5to9"":263},{""1"":6571,""10plus"":887,""2to4"":3376,""5to9"":1053},{""1"":20938,""10plus"":297,""2to4"":4693,""5to9"":741},{""1"":31296,""10plus"":36,""2to4"":2488,""5to9"":195},{""1"":33251,""10plus"":2,""2to4"":826,""5to9"":28},{""1"":31437,""10plus"":2,""2to4"":217,""5to9"":7},{""1"":28684,""10plus"":2,""2to4"":72,""5to9"":3}]",0.5678601660001732,0.47937630586966407,1465311232
a_total1,ud23,DIODORUS,d91dad02f8da03cf6702fa7edec531da5e56f526f466e2f04180f2a23a1cf315,5,shuffled,8,100,0.01,8884,6ed5a979d93c4bd2cd7d5cb92be49be0e541d488509528f368dc8fd36cf12d40,13526,15266,46910,53304,6329.055281400273,,b9d0d33d74875d8a682564201648cadbae4f1524caf818c60bc257614736b678,-171152.49959314955,188004,85,1.0,15,3653,53304,"[1,86,2125,16107,35215,38232,35299,32017,28922]","[{""1"":0,""10plus"":1,""2to4"":0,""5to9"":0},{""1"":12,""10plus"":56,""2to4"":8,""5to9"":10},{""1"":547,""10plus"":745,""2to4"":527,""5to9"":306},{""1"":9200,""10plus"":899,""2to4"":4643,""5to9"":1365},{""1"":30475,""10plus"":8,""2to4"":4490,""5to9"":242},{""1"":37674,""10plus"":0,""2to4"":558,""5to9"":0},{""1"":35264,""10plus"":0,""2to4"":35,""5to9"":0},{""1"":32017,""10plus"":0,""2to4"":0,""5to9"":0},{""1"":28922,""10plus"":0,""2to4"":0,""5to9"":0}]",0.9992776250001043,0.4749702971712395,1465311232
a_total1,ud23,DIODORUS,d91dad02f8da03cf6702fa7edec531da5e56f526f466e2f04180f2a23a1cf315,6,original,8,100,0.01,8884,a48d2fe32c45b99d8fd6fe4e7c2cb06bcf9d396fa6be81ccf8429e058013326d,13602,15266,46912,53304,-9427.297883650259,,3f98cde02f5b1b8c5bce120be808c31a30de21a2635419b6714c1bc533fd189f,-161694.4108434735,168514,83,0.0,17,3678,53304,"[1,83,1897,11816,26509,33859,34044,31597,28708]","[{""1"":0,""10plus"":1,""2to4"":0,""5to9"":0},{""1"":9,""10plus"":58,""2to4"":10,""5to9"":6},{""1"":502,""10plus"":647,""2to4"":475,""5to9"":273},{""1"":6446,""10plus"":874,""2to4"":3396,""5to9"":1100},{""1"":20776,""10plus"":305,""2to4"":4688,""5to9"":740},{""1"":31063,""10plus"":38,""2to4"":2566,""5to9"":192},{""1"":33164,""10plus"":2,""2to4"":857,""5to9"":21},{""1"":31359,""10plus"":2,""2to4"":234,""5to9"":2},{""1"":28623,""10plus"":2,""2to4"":83,""5to9"":0}]",0.561263458999747,0.4745021319904481,1465311232
a_total1,ud23,DIODORUS,d91dad02f8da03cf6702fa7edec531da5e56f526f466e2f04180f2a23a1cf315,6,shuffled,8,100,0.01,8884,a48d2fe32c45b99d8fd6fe4e7c2cb06bcf9d396fa6be81ccf8429e058013326d,13602,15266,46912,53304,6392.637038060173,,f46aa69a68744816baf29bbdc596443dfdb20d38970414e06355332bb4e4aafe,-171121.70872712377,187832,83,1.0,17,3678,53304,"[1,84,2121,16194,35324,38120,35214,31923,28851]","[{""1"":0,""10plus"":1,""2to4"":0,""5to9"":0},{""1"":10,""10plus"":55,""2to4"":10,""5to9"":9},{""1"":526,""10plus"":758,""2to4"":538,""5to9"":299},{""1"":9252,""10plus"":884,""2to4"":4682,""5to9"":1376},{""1"":30740,""10plus"":11,""2to4"":4348,""5to9"":225},{""1"":37540,""10plus"":0,""2to4"":579,""5to9"":1},{""1"":35186,""10plus"":0,""2to4"":28,""5to9"":0},{""1"":31920,""10plus"":0,""2to4"":3,""5to9"":0},{""1"":28850,""10plus"":0,""2to4"":1,""5to9"":0}]",0.9772490409995953,0.47275143327351543,1465311232
a_total1,ud23,DIODORUS,d91dad02f8da03cf6702fa7edec531da5e56f526f466e2f04180f2a23a1cf315,7,original,8,100,0.01,8884,6d1243d8f51d05619634b438d68e6fc6342a5d7c2ce7482aae262ab494bfb54a,13620,15266,46847,53304,-9388.17164142232,,c554fbf357ae957e90038549c53357eda9f7356d7ac0a0c4f085c39544531029,-161702.46118849996,168447,83,0.0,17,3673,53304,"[1,83,1885,11831,26452,33844,34041,31599,28711]","[{""1"":0,""10plus"":1,""2to4"":0,""5to9"":0},{""1"":8,""10plus"":56,""2to4"":9,""5to9"":10},{""1"":510,""10plus"":653,""2to4"":450,""5to9"":272},{""1"":6542,""10plus"":907,""2to4"":3322,""5to9"":1060},{""1"":20674,""10plus"":280,""2to4"":4729,""5to9"":769},{""1"":31036,""10plus"":34,""2to4"":2576,""5to9"":198},{""1"":33167,""10plus"":2,""2to4"":850,""5to9"":22},{""1"":31355,""10plus"":2,""2to4"":240,""5to9"":2},{""1"":28623,""10plus"":2,""2to4"":85,""5to9"":1}]",0.6193591659975937,0.4762503328747698,1465311232
a_total1,ud23,DIODORUS,d91dad02f8da03cf6702fa7edec531da5e56f526f466e2f04180f2a23a1cf315,7,shuffled,8,100,0.01,8884,6d1243d8f51d05619634b438d68e6fc6342a5d7c2ce7482aae262ab494bfb54a,13620,15266,46847,53304,6324.248965157982,,01a59442a13a5aa917044574b406127ec8ed0b2c6484f6aa6304232d380785f4,-171090.63282992228,187686,83,1.0,17,3673,53304,"[1,83,2134,16093,35118,38164,35235,31969,28889]","[{""1"":0,""10plus"":1,""2to4"":0,""5to9"":0},{""1"":9,""10plus"":56,""2to4"":9,""5to9"":9},{""1"":576,""10plus"":743,""2to4"":486,""5to9"":329},{""1"":9247,""10plus"":883,""2to4"":4573,""5to9"":1390},{""1"":30426,""10plus"":10,""2to4"":4434,""5to9"":248},{""1"":37611,""10plus"":0,""2to4"":552,""5to9"":1},{""1"":35193,""10plus"":0,""2to4"":42,""5to9"":0},{""1"":31968,""10plus"":0,""2to4"":1,""5to9"":0},{""1"":28889,""10plus"":0,""2to4"":0,""5to9"":0}]",0.8312755409970123,0.4740940592273546,1465311232
a_total1,ud23,DIODORUS,d91dad02f8da03cf6702fa7edec531da5e56f526f466e2f04180f2a23a1cf315,8,original,8,100,0.01,8884,bfbf9c5cef084908b0d3f00b481243ab966f22d88cc7af5c16424d837ffd2569,13552,15266,46839,53304,-9352.509456392261,,487a4e828f54d9dd132a8359b44f45dcc598c38a90416446a1afdc0a0cda992b,-161831.69049356368,168596,81,0.0,19,3654,53304,"[1,82,1896,11782,26509,33869,34060,31638,28759]","[{""1"":0,""10plus"":1,""2to4"":0,""5to9"":0},{""1"":8,""10plus"":55,""2to4"":8,""5to9"":11},{""1"":520,""10plus"":652,""2to4"":461,""5to9"":263},{""1"":6420,""10plus"":903,""2to4"":3399,""5to9"":1060},{""1"":20695,""10plus"":298,""2to4"":4774,""5to9"":742},{""1"":31050,""10plus"":31,""2to4"":2582,""5to9"":206},{""1"":33160,""10plus"":2,""2to4"":870,""5to9"":28},{""1"":31373,""10plus"":2,""2to4"":257,""5to9"":6},{""1"":28647,""10plus"":2,""2to4"":108,""5to9"":2}]",0.6422407499994733,0.46924952105109696,1465311232
a_total1,ud23,DIODORUS,d91dad02f8da03cf6702fa7edec531da5e56f526f466e2f04180f2a23a1cf315,8,shuffled,8,100,0.01,8884,bfbf9c5cef084908b0d3f00b481243ab966f22d88cc7af5c16424d837ffd2569,13552,15266,46839,53304,6409.715514298412,,87a7cfdb62ae607be57c3725d13d7cef254f5421379737af253e04a8725ce99f,-171184.19994995595,188049,81,1.0,19,3654,53304,"[1,81,2124,16074,35294,38199,35288,32032,28956]","[{""1"":0,""10plus"":1,""2to4"":0,""5to9"":0},{""1"":7,""10plus"":56,""2to4"":8,""5to9"":10},{""1"":536,""10plus"":730,""2to4"":529,""5to9"":329},{""1"":9184,""10plus"":913,""2to4"":4609,""5to9"":1368},{""1"":30593,""10plus"":8,""2to4"":4473,""5to9"":220},{""1"":37612,""10plus"":0,""2to4"":587,""5to9"":0},{""1"":35237,""10plus"":0,""2to4"":51,""5to9"":0},{""1"":32030,""10plus"":0,""2to4"":2,""5to9"":0},{""1"":28956,""10plus"":0,""2to4"":0,""5to9"":0}]",0.8327948340011062,0.46807158289811923,1465311232
a_total1,ud23,DIODORUS,d91dad02f8da03cf6702fa7edec531da5e56f526f466e2f04180f2a23a1cf315,9,original,8,100,0.01,8884,0165d33483f5c5e592cf6d1d6a89dd2c06d867a99a2b11db7f8c98078c19f06b,13540,15266,46906,53304,-9328.645788504218,,b1b5410711cfe9f0c551d8a2ddafb5afb715f2043bf2c053594002efbb22e3b2,-162070.33774195253,169532,84,0.0,16,3642,53304,"[1,85,1899,11930,26648,33990,34240,31818,28921]","[{""1"":0,""10plus"":1,""2to4"":0,""5to9"":0},{""1"":10,""10plus"":58,""2to4"":9,""5to9"":8},{""1"":495,""10plus"":656,""2to4"":489,""5to9"":259},{""1"":6546,""10plus"":895,""2to4"":3449,""5to9"":1040},{""1"":20867,""10plus"":300,""2to4"":4739,""5to9"":742},{""1"":31176,""10plus"":32,""2to4"":2585,""5to9"":197},{""1"":33392,""10plus"":3,""2to4"":826,""5to9"":19},{""1"":31628,""10plus"":2,""2to4"":187,""5to9"":1},{""1"":28868,""10plus"":2,""2to4"":51,""5to9"":0}]",0.6360458330018446,0.4731494961597491,1465311232
a_total1,ud23,DIODORUS,d91dad02f8da03cf6702fa7edec531da5e56f526f466e2f04180f2a23a1cf315,9,shuffled,8,100,0.01,8884,0165d33483f5c5e592cf6d1d6a89dd2c06d867a99a2b11db7f8c98078c19f06b,13540,15266,46906,53304,6590.703087095113,,93e345e628b58c902f733be73780d3edc24eb799bea9f99421a06f1eecca36d6,-171398.98353045675,188476,84,1.0,16,3642,53304,"[1,85,2157,16209,35331,38281,35332,32069,29011]","[{""1"":0,""10plus"":1,""2to4"":0,""5to9"":0},{""1"":10,""10plus"":58,""2to4"":10,""5to9"":7},{""1"":528,""10plus"":745,""2to4"":569,""5to9"":315},{""1"":9302,""10plus"":897,""2to4"":4629,""5to9"":1381},{""1"":30551,""10plus"":7,""2to4"":4562,""5to9"":211},{""1"":37733,""10plus"":0,""2to4"":548,""5to9"":0},{""1"":35289,""10plus"":0,""2to4"":43,""5to9"":0},{""1"":32064,""10plus"":0,""2to4"":5,""5to9"":0},{""1"":29011,""10plus"":0,""2to4"":0,""5to9"":0}]",0.8383811659987259,0.47589790216079564,1465311232
a_total1,ud23,PLUTARCH,ef8134329970f595ef9ccf4198217affef5c01fa243d5bf4e59ee6daebb04e1d,0,original,8,100,0.01,8884,0dc71dfd58d1a938777e7c503583e2f310b7bc93c463209cb8ef5fa620a3da7f,7906,8884,46789,53304,-9484.591112810856,,1c48c31b4b7a6102772abd6021d45a17de61a6c0a610e7fc723ba3d1dcac3e4d,-159878.87106704095,166849,79,0.0,21,3605,53304,"[1,79,1842,11345,25635,33292,33888,31770,28997]","[{""1"":0,""10plus"":1,""2to4"":0,""5to9"":0},{""1"":5,""10plus"":56,""2to4"":8,""5to9"":10},{""1"":497,""10plus"":630,""2to4"":464,""5to9"":251},{""1"":6194,""10plus"":923,""2to4"":3262,""5to9"":966},{""1"":19760,""10plus"":340,""2to4"":4716,""5to9"":819},{""1"":30211,""10plus"":53,""2to4"":2787,""5to9"":241},{""1"":32763,""10plus"":5,""2to4"":1076,""5to9"":44},{""1"":31425,""10plus"":2,""2to4"":339,""5to9"":4},{""1"":28869,""10plus"":2,""2to4"":124,""5to9"":2}]",0.5578551249982411,0.25476175797484757,1276583936
a_total1,ud23,PLUTARCH,ef8134329970f595ef9ccf4198217affef5c01fa243d5bf4e59ee6daebb04e1d,0,shuffled,8,100,0.01,8884,0dc71dfd58d1a938777e7c503583e2f310b7bc93c463209cb8ef5fa620a3da7f,7906,8884,46789,53304,6029.245238983218,,0075a133f2ea2d2bbea8f741207650548885df6b1a27e20b81e72833462dc4f4,-169363.4621798518,187190,79,1.0,21,3605,53304,"[1,79,2037,15302,34566,38207,35494,32279,29225]","[{""1"":0,""10plus"":1,""2to4"":0,""5to9"":0},{""1"":6,""10plus"":56,""2to4"":8,""5to9"":9},{""1"":533,""10plus"":711,""2to4"":490,""5to9"":303},{""1"":8563,""10plus"":957,""2to4"":4426,""5to9"":1356},{""1"":29482,""10plus"":12,""2to4"":4787,""5to9"":285},{""1"":37473,""10plus"":0,""2to4"":732,""5to9"":2},{""1"":35441,""10plus"":0,""2to4"":53,""5to9"":0},{""1"":32274,""10plus"":0,""2to4"":5,""5to9"":0},{""1"":29224,""10plus"":0,""2to4"":1,""5to9"":0}]",0.9922809159997996,0.25359969000783167,1276583936
a_total1,ud23,PLUTARCH,ef8134329970f595ef9ccf4198217affef5c01fa243d5bf4e59ee6daebb04e1d,1,original,8,100,0.01,8884,c46ff3ac20bf9a6f1e498cca3632a3133f226cc096aedb3a566e1ed0ffcc1041,7918,8884,46909,53304,-9649.566872737661,,c6f35c2692fe42c3b32ceae937fb4c630c073050d6923b7d0e2f5b4199f43150,-159888.34201126805,167258,80,0.0,20,3588,53304,"[1,80,1828,11466,25648,33283,33973,31854,29125]","[{""1"":0,""10plus"":1,""2to4"":0,""5to9"":0},{""1"":7,""10plus"":58,""2to4"":8,""5to9"":7},{""1"":480,""10plus"":621,""2to4"":449,""5to9"":278},{""1"":6323,""10plus"":907,""2to4"":3252,""5to9"":984},{""1"":19824,""10plus"":347,""2to4"":4685,""5to9"":792},{""1"":30191,""10plus"":50,""2to4"":2792,""5to9"":250},{""1"":32828,""10plus"":5,""2to4"":1101,""5to9"":39},{""1"":31481,""10plus"":2,""2to4"":363,""5to9"":8},{""1"":28985,""10plus"":2,""2to4"":135,""5to9"":3}]",0.6166628329992818,0.2591703330290329,1490690048
a_total1,ud23,PLUTARCH,ef8134329970f595ef9ccf4198217affef5c01fa243d5bf4e59ee6daebb04e1d,1,shuffled,8,100,0.01,8884,c46ff3ac20bf9a6f1e498cca3632a3133f226cc096aedb3a566e1ed0ffcc1041,7918,8884,46909,53304,6031.797746266733,,992ea688910b7bbb47164a30f75c04b955a00279b80f5dfeda11327c98f59100,-169537.9088840057,187785,80,1.0,20,3588,53304,"[1,80,2070,15419,34563,38305,35600,32390,29357]","[{""1"":0,""10plus"":1,""2to4"":0,""5to9"":0},{""1"":7,""10plus"":58,""2to4"":8,""5to9"":7},{""1"":549,""10plus"":710,""2to4"":497,""5to9"":314},{""1"":8714,""10plus"":943,""2to4"":4409,""5to9"":1353},{""1"":29460,""10plus"":19,""2to4"":4819,""5to9"":265},{""1"":37579,""10plus"":0,""2to4"":725,""5to9"":1},{""1"":35540,""10plus"":0,""2to4"":60,""5to9"":0},{""1"":32383,""10plus"":0,""2to4"":7,""5to9"":0},{""1"":29356,""10plus"":0,""2to4"":1,""5to9"":0}]",0.8222214589986834,0.2567578780435724,1490690048
a_total1,ud23,PLUTARCH,ef8134329970f595ef9ccf4198217affef5c01fa243d5bf4e59ee6daebb04e1d,2,original,8,100,0.01,8884,fc8664fbe3bb964f254c0d853036175df3acdbc9ed891e5f9c4bce6904650b8e,7937,8884,46812,53304,-9543.35254438399,,34b228de002a48e883ac3692eefb7abe8e447d0bee455a9498955f54f311b10c,-159969.9348438044,166211,78,0.0,22,3627,53304,"[1,79,1833,11407,25599,33190,33757,31573,28772]","[{""1"":0,""10plus"":1,""2to4"":0,""5to9"":0},{""1"":6,""10plus"":58,""2to4"":9,""5to9"":6},{""1"":468,""10plus"":621,""2to4"":483,""5to9"":261},{""1"":6288,""10plus"":897,""2to4"":3212,""5to9"":1010},{""1"":19792,""10plus"":325,""2to4"":4641,""5to9"":841},{""1"":30151,""10plus"":54,""2to4"":2737,""5to9"":248},{""1"":32655,""10plus"":6,""2to4"":1046,""5to9"":50},{""1"":31214,""10plus"":2,""2to4"":346,""5to9"":11},{""1"":28623,""10plus"":2,""2to4"":144,""5to9"":3}]",0.6276962089978042,0.25442162105900934,1490690048
a_total1,ud23,PLUTARCH,ef8134329970f595ef9ccf4198217affef5c01fa243d5bf4e59ee6daebb04e1d,2,shuffled,8,100,0.01,8884,fc8664fbe3bb964f254c0d853036175df3acdbc9ed891e5f9c4bce6904650b8e,7937,8884,46812,53304,6060.334187518485,,9786cff4ce0b691ee9e588f4d3b422cf995d881d1461bcfb2567852b2b494dd4,-169513.2873881884,186721,78,1.0,22,3627,53304,"[1,78,2036,15380,34466,38211,35394,32124,29031]","[{""1"":0,""10plus"":1,""2to4"":0,""5to9"":0},{""1"":6,""10plus"":57,""2to4"":8,""5to9"":7},{""1"":493,""10plus"":717,""2to4"":531,""5to9"":295},{""1"":8705,""10plus"":921,""2to4"":4411,""5to9"":1343},{""1"":29361,""10plus"":9,""2to4"":4814,""5to9"":282},{""1"":37573,""10plus"":0,""2to4"":637,""5to9"":1},{""1"":35351,""10plus"":0,""2to4"":43,""5to9"":0},{""1"":32122,""10plus"":0,""2to4"":2,""5to9"":0},{""1"":29031,""10plus"":0,""2to4"":0,""5to9"":0}]",0.8170866669970565,0.249963195881719,1490690048
a_total1,ud23,PLUTARCH,ef8134329970f595ef9ccf4198217affef5c01fa243d5bf4e59ee6daebb04e1d,3,original,8,100,0.01,8884,7a628c7c5c5656baa2241b1570eb13e63897985fc168dd097261e40218a87c7b,7975,8884,46770,53304,-9535.67056266169,,58f4e1c88a1a6a715788c22f5c5319af33287a76cf5ffe8e7725050f9ed483c3,-160115.05820115167,168052,81,0.0,19,3565,53304,"[1,81,1862,11471,25840,33488,34105,31971,29233]","[{""1"":0,""10plus"":1,""2to4"":0,""5to9"":0},{""1"":8,""10plus"":58,""2to4"":7,""5to9"":8},{""1"":537,""10plus"":643,""2to4"":435,""5to9"":247},{""1"":6344,""10plus"":905,""2to4"":3191,""5to9"":1031},{""1"":19982,""10plus"":311,""2to4"":4729,""5to9"":818},{""1"":30449,""10plus"":56,""2to4"":2759,""5to9"":224},{""1"":32974,""10plus"":4,""2to4"":1088,""5to9"":39},{""1"":31589,""10plus"":2,""2to4"":373,""5to9"":7},{""1"":29068,""10plus"":2,""2to4"":162,""5to9"":1}]",0.5984019999996235,0.25826617203711066,1490690048
a_total1,ud23,PLUTARCH,ef8134329970f595ef9ccf4198217affef5c01fa243d5bf4e59ee6daebb04e1d,3,shuffled,8,100,0.01,8884,7a628c7c5c5656baa2241b1570eb13e63897985fc168dd097261e40218a87c7b,7975,8884,46770,53304,6110.174222548696,,dcbeae14b249c1e6bb80d8cbf7db7153f0b24cbc0783d02a0dfa2df4cbea02a7,-169650.72876381336,188646,81,1.0,19,3565,53304,"[1,82,2071,15502,34846,38457,35695,32507,29485]","[{""1"":0,""10plus"":1,""2to4"":0,""5to9"":0},{""1"":9,""10plus"":58,""2to4"":7,""5to9"":8},{""1"":535,""10plus"":722,""2to4"":523,""5to9"":291},{""1"":8693,""10plus"":942,""2to4"":4523,""5to9"":1344},{""1"":29799,""10plus"":12,""2to4"":4773,""5to9"":262},{""1"":37802,""10plus"":0,""2to4"":655,""5to9"":0},{""1"":35644,""10plus"":0,""2to4"":51,""5to9"":0},{""1"":32502,""10plus"":0,""2to4"":5,""5to9"":0},{""1"":29484,""10plus"":0,""2to4"":1,""5to9"":0}]",0.966021667001769,0.25619167799231946,1490690048
a_total1,ud23,PLUTARCH,ef8134329970f595ef9ccf4198217affef5c01fa243d5bf4e59ee6daebb04e1d,4,original,8,100,0.01,8884,9bb934877e7d73e81c96bc897b1ed2e8f205ae7777c13ae0eb29fb2ea9018163,7968,8884,46792,53304,-9281.803540671186,,69266b23b2cf5627830b04d9f135b29b901ef673fe66b078b1e4745d5fa3c945,-160201.13059420252,168484,81,0.0,19,3566,53304,"[1,81,1847,11501,25996,33635,34172,32001,29250]","[{""1"":0,""10plus"":1,""2to4"":0,""5to9"":0},{""1"":10,""10plus"":58,""2to4"":6,""5to9"":7},{""1"":498,""10plus"":635,""2to4"":466,""5to9"":248},{""1"":6317,""10plus"":894,""2to4"":3272,""5to9"":1018},{""1"":20167,""10plus"":315,""2to4"":4699,""5to9"":815},{""1"":30662,""10plus"":61,""2to4"":2704,""5to9"":208},{""1"":33143,""10plus"":6,""2to4"":971,""5to9"":52},{""1"":31665,""10plus"":2,""2to4"":327,""5to9"":7},{""1"":29115,""10plus"":2,""2to4"":131,""5to9"":2}]",0.5829695410029672,0.25624662813788746,1490690048
a_total1,ud23,PLUTARCH,ef8134329970f595ef9ccf4198217affef5c01fa243d5bf4e59ee6daebb04e1d,4,shuffled,8,100,0.01,8884,9bb934877e7d73e81c96bc897b1ed2e8f205ae7777c13ae0eb29fb2ea9018163,7968,8884,46792,53304,6160.676798013999,,01fd65446a5fe940ab25f07446d7e9c1e9bdae48848f0191d66c326742743996,-169482.9341348737,188165,81,1.0,19,3566,53304,"[1,82,2087,15426,34532,38337,35705,32514,29481]","[{""1"":0,""10plus"":1,""2to4"":0,""5to9"":0},{""1"":11,""10plus"":57,""2to4"":6,""5to9"":8},{""1"":551,""10plus"":720,""2to4"":520,""5to9"":296},{""1"":8789,""10plus"":945,""2to4"":4352,""5to9"":1340},{""1"":29362,""10plus"":14,""2to4"":4861,""5to9"":295},{""1"":37573,""10plus"":0,""2to4"":760,""5to9"":4},{""1"":35654,""10plus"":0,""2to4"":51,""5to9"":0},{""1"":32510,""10plus"":0,""2to4"":4,""5to9"":0},{""1"":29479,""10plus"":0,""2to4"":2,""5to9"":0}]",0.9682301670000015,0.2528386308767949,1490690048
a_total1,ud23,PLUTARCH,ef8134329970f595ef9ccf4198217affef5c01fa243d5bf4e59ee6daebb04e1d,5,original,8,100,0.01,8884,6b3b06d1235274e4c85c1c856c7f35fe0ca8519f2ebf9cbc30704541f2a51e38,7921,8884,46831,53304,-9435.739760673372,,e69a87d16bec0f41b1222bcf336b86bbac1d8c9be617940b7b1ba2b5a8545f5b,-160041.95360172595,167168,79,0.0,21,3624,53304,"[1,79,1827,11483,25808,33397,33933,31727,28913]","[{""1"":0,""10plus"":1,""2to4"":0,""5to9"":0},{""1"":5,""10plus"":55,""2to4"":11,""5to9"":8},{""1"":475,""10plus"":623,""2to4"":466,""5to9"":263},{""1"":6337,""10plus"":895,""2to4"":3243,""5to9"":1008},{""1"":20000,""10plus"":328,""2to4"":4690,""5to9"":790},{""1"":30384,""10plus"":52,""2to4"":2727,""5to9"":234},{""1"":32887,""10plus"":3,""2to4"":997,""5to9"":46},{""1"":31404,""10plus"":2,""2to4"":314,""5to9"":7},{""1"":28779,""10plus"":2,""2to4"":130,""5to9"":2}]",0.5848350419983035,0.2553623470084858,1490690048
a_total1,ud23,PLUTARCH,ef8134329970f595ef9ccf4198217affef5c01fa243d5bf4e59ee6daebb04e1d,5,shuffled,8,100,0.01,8884,6b3b06d1235274e4c85c1c856c7f35fe0ca8519f2ebf9cbc30704541f2a51e38,7921,8884,46831,53304,6181.483855848754,,f09a67a5a6083821ec36f3d9723a7668c12fd1329d5725c2290e4c31d11c4c98,-169477.69336239932,187302,79,1.0,21,3624,53304,"[1,80,2072,15440,34663,38224,35460,32217,29145]","[{""1"":0,""10plus"":1,""2to4"":0,""5to9"":0},{""1"":7,""10plus"":55,""2to4"":11,""5to9"":7},{""1"":551,""10plus"":717,""2to4"":522,""5to9"":282},{""1"":8692,""10plus"":962,""2to4"":4480,""5to9"":1306},{""1"":29596,""10plus"":11,""2to4"":4796,""5to9"":260},{""1"":37539,""10plus"":0,""2to4"":685,""5to9"":0},{""1"":35416,""10plus"":0,""2to4"":44,""5to9"":0},{""1"":32215,""10plus"":0,""2to4"":2,""5to9"":0},{""1"":29145,""10plus"":0,""2to4"":0,""5to9"":0}]",0.9755310420005117,0.25310124198222184,1490690048
a_total1,ud23,PLUTARCH,ef8134329970f595ef9ccf4198217affef5c01fa243d5bf4e59ee6daebb04e1d,6,original,8,100,0.01,8884,0aed9b331de00b0b48cb422ef92de11c330672f56f0ebe1e560627d8286961a9,7951,8884,46767,53304,-9469.682579116517,,e934002daa02098ac9557056610069739993ddf200804f3dd03028e4a7154d53,-160112.3295245113,167917,86,0.0,14,3562,53304,"[1,85,1848,11430,25822,33477,34113,31952,29189]","[{""1"":0,""10plus"":1,""2to4"":0,""5to9"":0},{""1"":12,""10plus"":58,""2to4"":8,""5to9"":7},{""1"":498,""10plus"":629,""2to4"":467,""5to9"":254},{""1"":6242,""10plus"":905,""2to4"":3259,""5to9"":1024},{""1"":19967,""10plus"":333,""2to4"":4717,""5to9"":805},{""1"":30388,""10plus"":56,""2to4"":2797,""5to9"":236},{""1"":33027,""10plus"":5,""2to4"":1034,""5to9"":47},{""1"":31602,""10plus"":2,""2to4"":335,""5to9"":13},{""1"":29036,""10plus"":2,""2to4"":147,""5to9"":4}]",0.5617409999977099,0.2615346342790872,1490690048
a_total1,ud23,PLUTARCH,ef8134329970f595ef9ccf4198217affef5c01fa243d5bf4e59ee6daebb04e1d,6,shuffled,8,100,0.01,8884,0aed9b331de00b0b48cb422ef92de11c330672f56f0ebe1e560627d8286961a9,7951,8884,46767,53304,6159.229623319523,,01bf793eae165251483a9450c0e0ea662e7efc335377a72181dc323a3bc51330,-169582.0121036278,188485,86,1.0,14,3562,53304,"[1,87,2060,15452,34788,38460,35700,32485,29452]","[{""1"":0,""10plus"":1,""2to4"":0,""5to9"":0},{""1"":15,""10plus"":57,""2to4"":8,""5to9"":7},{""1"":517,""10plus"":711,""2to4"":538,""5to9"":294},{""1"":8743,""10plus"":934,""2to4"":4379,""5to9"":1396},{""1"":29711,""10plus"":11,""2to4"":4805,""5to9"":261},{""1"":37805,""10plus"":0,""2to4"":655,""5to9"":0},{""1"":35660,""10plus"":0,""2to4"":40,""5to9"":0},{""1"":32481,""10plus"":0,""2to4"":4,""5to9"":0},{""1"":29452,""10plus"":0,""2to4"":0,""5to9"":0}]",0.967000917000405,0.2595974080868473,1490690048
a_total1,ud23,PLUTARCH,ef8134329970f595ef9ccf4198217affef5c01fa243d5bf4e59ee6daebb04e1d,7,original,8,100,0.01,8884,ecbeb00718defdabd464a3d7be3c187071b4f2a8acecc33c65961127de53fde9,7951,8884,46926,53304,-9667.321651364793,,6adc5039561a5cfe7737f476aec3de8749baf55f51b3e41abaf6ff6dc69b7f22,-160059.24118567168,167177,81,0.0,19,3609,53304,"[1,81,1830,11390,25652,33432,34001,31786,29004]","[{""1"":0,""10plus"":1,""2to4"":0,""5to9"":0},{""1"":7,""10plus"":57,""2to4"":10,""5to9"":7},{""1"":478,""10plus"":630,""2to4"":473,""5to9"":249},{""1"":6237,""10plus"":892,""2to4"":3224,""5to9"":1037},{""1"":19791,""10plus"":312,""2to4"":4691,""5to9"":858},{""1"":30390,""10plus"":49,""2to4"":2761,""5to9"":232},{""1"":32939,""10plus"":4,""2to4"":1023,""5to9"":35},{""1"":31432,""10plus"":2,""2to4"":347,""5to9"":5},{""1"":28859,""10plus"":2,""2to4"":143,""5to9"":0}]",0.5893004589997872,0.25721439121844014,1490690048
a_total1,ud23,PLUTARCH,ef8134329970f595ef9ccf4198217affef5c01fa243d5bf4e59ee6daebb04e1d,7,shuffled,8,100,0.01,8884,ecbeb00718defdabd464a3d7be3c187071b4f2a8acecc33c65961127de53fde9,7951,8884,46926,53304,6278.812316253752,,e49629de4c29ae375b2621712343c8244bc319cb88079c6abe9b3394294383a7,-169726.56283703647,187617,81,1.0,19,3609,53304,"[1,82,2093,15475,34679,38274,35503,32281,29229]","[{""1"":0,""10plus"":1,""2to4"":0,""5to9"":0},{""1"":9,""10plus"":57,""2to4"":10,""5to9"":6},{""1"":570,""10plus"":714,""2to4"":509,""5to9"":300},{""1"":8721,""10plus"":953,""2to4"":4489,""5to9"":1312},{""1"":29537,""10plus"":6,""2to4"":4877,""5to9"":259},{""1"":37587,""10plus"":0,""2to4"":687,""5to9"":0},{""1"":35454,""10plus"":0,""2to4"":49,""5to9"":0},{""1"":32278,""10plus"":0,""2to4"":3,""5to9"":0},{""1"":29229,""10plus"":0,""2to4"":0,""5to9"":0}]",0.8160702089990082,0.2547700670656923,1490690048
a_total1,ud23,PLUTARCH,ef8134329970f595ef9ccf4198217affef5c01fa243d5bf4e59ee6daebb04e1d,8,original,8,100,0.01,8884,c9a1314d5edc79ff6b616374e8cbbcb96031671d89ff9aca5399213db949bec1,7907,8884,46820,53304,-9587.147407318145,,453eae2a2ad52848353a6ea0678da3066043c64894a67c153d5fa794b88c2de3,-159994.8740403502,167508,79,0.0,21,3585,53304,"[1,80,1851,11399,25757,33405,34015,31875,29125]","[{""1"":0,""10plus"":1,""2to4"":0,""5to9"":0},{""1"":4,""10plus"":56,""2to4"":12,""5to9"":8},{""1"":508,""10plus"":631,""2to4"":452,""5to9"":260},{""1"":6297,""10plus"":903,""2to4"":3137,""5to9"":1062},{""1"":19917,""10plus"":310,""2to4"":4722,""5to9"":808},{""1"":30333,""10plus"":56,""2to4"":2793,""5to9"":223},{""1"":32920,""10plus"":4,""2to4"":1044,""5to9"":47},{""1"":31513,""10plus"":2,""2to4"":353,""5to9"":7},{""1"":28981,""10plus"":2,""2to4"":140,""5to9"":2}]",0.601615416999266,0.25376926127137267,1490690048
a_total1,ud23,PLUTARCH,ef8134329970f595ef9ccf4198217affef5c01fa243d5bf4e59ee6daebb04e1d,8,shuffled,8,100,0.01,8884,c9a1314d5edc79ff6b616374e8cbbcb96031671d89ff9aca5399213db949bec1,7907,8884,46820,53304,6081.970207786362,,a083d155328b85a4a0fc83eee9343a1a6105a42e683e5eac7a4f19c73244108f,-169582.02144766835,188043,79,1.0,21,3585,53304,"[1,79,2093,15400,34636,38402,35637,32418,29377]","[{""1"":0,""10plus"":1,""2to4"":0,""5to9"":0},{""1"":4,""10plus"":56,""2to4"":11,""5to9"":8},{""1"":568,""10plus"":706,""2to4"":508,""5to9"":311},{""1"":8637,""10plus"":930,""2to4"":4436,""5to9"":1397},{""1"":29489,""10plus"":17,""2to4"":4864,""5to9"":266},{""1"":37761,""10plus"":0,""2to4"":641,""5to9"":0},{""1"":35599,""10plus"":0,""2to4"":38,""5to9"":0},{""1"":32414,""10plus"":0,""2to4"":4,""5to9"":0},{""1"":29377,""10plus"":0,""2to4"":0,""5to9"":0}]",0.8117544999986421,0.25186260791815585,1490690048
a_total1,ud23,PLUTARCH,ef8134329970f595ef9ccf4198217affef5c01fa243d5bf4e59ee6daebb04e1d,9,original,8,100,0.01,8884,302b491bbe5fab1c9e8913bb911710574a1661a77bb4aae233ab09bc7cc512f8,7929,8884,46845,53304,-9778.913700880075,,fa41e1212526a1e413b017574ae5940e92f8bb6d48b26525ff7b5d1c835a0537,-159428.02728431372,165765,76,0.0,24,3644,53304,"[1,76,1813,11269,25488,33090,33697,31552,28779]","[{""1"":0,""10plus"":1,""2to4"":0,""5to9"":0},{""1"":3,""10plus"":57,""2to4"":10,""5to9"":6},{""1"":465,""10plus"":621,""2to4"":468,""5to9"":259},{""1"":6153,""10plus"":906,""2to4"":3200,""5to9"":1010},{""1"":19635,""10plus"":323,""2to4"":4722,""5to9"":808},{""1"":30011,""10plus"":57,""2to4"":2784,""5to9"":238},{""1"":32572,""10plus"":6,""2to4"":1069,""5to9"":50},{""1"":31183,""10plus"":3,""2to4"":358,""5to9"":8},{""1"":28612,""10plus"":2,""2to4"":162,""5to9"":3}]",0.5572089580018655,0.25122810179163935,1490690048
a_total1,ud23,PLUTARCH,ef8134329970f595ef9ccf4198217affef5c01fa243d5bf4e59ee6daebb04e1d,9,shuffled,8,100,0.01,8884,302b491bbe5fab1c9e8913bb911710574a1661a77bb4aae233ab09bc7cc512f8,7929,8884,46845,53304,5948.594521443709,,ec0f3460e9da5c3b26a180bd60d8436a95e7ac4ec2de011f8ae3fc11b1aee6a3,-169206.9409851938,186909,76,1.0,24,3644,53304,"[1,77,2009,15420,34619,38223,35374,32122,29064]","[{""1"":0,""10plus"":1,""2to4"":0,""5to9"":0},{""1"":5,""10plus"":56,""2to4"":10,""5to9"":6},{""1"":484,""10plus"":730,""2to4"":510,""5to9"":285},{""1"":8636,""10plus"":936,""2to4"":4537,""5to9"":1311},{""1"":29635,""10plus"":12,""2to4"":4688,""5to9"":284},{""1"":37619,""10plus"":0,""2to4"":604,""5to9"":0},{""1"":35338,""10plus"":0,""2to4"":36,""5to9"":0},{""1"":32120,""10plus"":0,""2to4"":2,""5to9"":0},{""1"":29064,""10plus"":0,""2to4"":0,""5to9"":0}]",0.9747506660023646,0.24825921500450931,1490690048
oth,ud23_oth,THUCYDIDES,1a32cf6857284fff7c7f006f8d0cd4ab15a047af7a4bcd5613d1fd50789dd4ee,0,original,8,105,0.5,8884,0c2f50ad9cba01f36f5f0fa78b2f42bc1daddbed2bdfe65554e80e02c4891d6c,8315,9353,46768,53304,-10192.05049923368,,b5bb7da555f1ecfa5603052aab211e39227badb25d5b4528b40607fd1157f0d7,-160221.64395955112,167963,87,0.0,18,3558,53304,"[1,87,1901,11600,25743,33335,34069,31972,29255]","[{""1"":0,""10plus"":1,""2to4"":0,""5to9"":0},{""1"":9,""10plus"":57,""2to4"":10,""5to9"":11},{""1"":510,""10plus"":646,""2to4"":490,""5to9"":255},{""1"":6483,""10plus"":886,""2to4"":3204,""5to9"":1027},{""1"":19972,""10plus"":343,""2to4"":4638,""5to9"":790},{""1"":30235,""10plus"":54,""2to4"":2786,""5to9"":260},{""1"":32930,""10plus"":4,""2to4"":1085,""5to9"":50},{""1"":31597,""10plus"":2,""2to4"":363,""5to9"":10},{""1"":29104,""10plus"":2,""2to4"":147,""5to9"":2}]",0.5637565840006573,0.2763177240249206,1344737280
oth,ud23_oth,THUCYDIDES,1a32cf6857284fff7c7f006f8d0cd4ab15a047af7a4bcd5613d1fd50789dd4ee,0,shuffled,8,105,0.5,8884,0c2f50ad9cba01f36f5f0fa78b2f42bc1daddbed2bdfe65554e80e02c4891d6c,8315,9353,46768,53304,4700.471803049382,,97df0b43a60769b59395591f0a69beaef2c98a1a01537a0ddb0bdff6f65b24eb,-170413.6944587848,189325,87,1.0,18,3558,53304,"[1,88,2206,15885,34950,38459,35732,32516,29488]","[{""1"":0,""10plus"":1,""2to4"":0,""5to9"":0},{""1"":12,""10plus"":58,""2to4"":8,""5to9"":10},{""1"":624,""10plus"":719,""2to4"":550,""5to9"":313},{""1"":9188,""10plus"":935,""2to4"":4433,""5to9"":1329},{""1"":29957,""10plus"":10,""2to4"":4731,""5to9"":252},{""1"":37789,""10plus"":0,""2to4"":669,""5to9"":1},{""1"":35689,""10plus"":0,""2to4"":43,""5to9"":0},{""1"":32514,""10plus"":0,""2to4"":2,""5to9"":0},{""1"":29488,""10plus"":0,""2to4"":0,""5to9"":0}]",1.0066782499998226,0.27830457789423235,1344737280
oth,ud23_oth,THUCYDIDES,1a32cf6857284fff7c7f006f8d0cd4ab15a047af7a4bcd5613d1fd50789dd4ee,1,original,8,105,0.5,8884,34f9f30eee31d4a5bca13b74461e1ca0e9885f177ba2bea0bc6b7053f29b1024,8318,9353,46860,53304,-10195.615999515081,,6b1c6f5a31a8c2522a6ea5008922af3dadf9bf9fbf76e225a61e9fb661e59251,-160024.7256400321,167684,81,0.0,24,3572,53304,"[1,82,1912,11578,25746,33317,33986,31904,29158]","[{""1"":0,""10plus"":1,""2to4"":0,""5to9"":0},{""1"":6,""10plus"":56,""2to4"":8,""5to9"":12},{""1"":545,""10plus"":629,""2to4"":467,""5to9"":271},{""1"":6486,""10plus"":891,""2to4"":3203,""5to9"":998},{""1"":20066,""10plus"":326,""2to4"":4552,""5to9"":802},{""1"":30222,""10plus"":61,""2to4"":2796,""5to9"":238},{""1"":32837,""10plus"":5,""2to4"":1092,""5to9"":52},{""1"":31522,""10plus"":2,""2to4"":368,""5to9"":12},{""1"":28990,""10plus"":2,""2to4"":161,""5to9"":5}]",0.5667376249984954,0.27041854294293444,1654919168
oth,ud23_oth,THUCYDIDES,1a32cf6857284fff7c7f006f8d0cd4ab15a047af7a4bcd5613d1fd50789dd4ee,1,shuffled,8,105,0.5,8884,34f9f30eee31d4a5bca13b74461e1ca0e9885f177ba2bea0bc6b7053f29b1024,8318,9353,46860,53304,4765.258456011681,,b97c8d73736b55eba941847a3b20b0d5dfefdfa262a9eae98de9466f43ea1aa2,-170220.34163954717,189055,81,1.0,24,3572,53304,"[1,82,2173,15822,34922,38441,35685,32483,29446]","[{""1"":0,""10plus"":1,""2to4"":0,""5to9"":0},{""1"":6,""10plus"":58,""2to4"":8,""5to9"":10},{""1"":599,""10plus"":728,""2to4"":536,""5to9"":310},{""1"":9173,""10plus"":966,""2to4"":4409,""5to9"":1274},{""1"":29948,""10plus"":12,""2to4"":4713,""5to9"":249},{""1"":37806,""10plus"":0,""2to4"":633,""5to9"":2},{""1"":35643,""10plus"":0,""2to4"":41,""5to9"":1},{""1"":32478,""10plus"":0,""2to4"":5,""5to9"":0},{""1"":29445,""10plus"":0,""2to4"":1,""5to9"":0}]",0.9780086249993474,0.270587850951415,1654919168
oth,ud23_oth,THUCYDIDES,1a32cf6857284fff7c7f006f8d0cd4ab15a047af7a4bcd5613d1fd50789dd4ee,2,original,8,105,0.5,8884,54d93363cc8f8339d08ff2e6952524a87feb1b848495645d05f0db5ac873fc99,8358,9353,46815,53304,-10280.26919121432,,4120cc14b996877e18220711fde445aec64544c249bafb33ebebfac4b588f2d7,-159981.86182867148,168106,89,0.0,16,3564,53304,"[1,88,1896,11586,25810,33415,34098,31978,29234]","[{""1"":0,""10plus"":1,""2to4"":0,""5to9"":0},{""1"":12,""10plus"":58,""2to4"":9,""5to9"":9},{""1"":521,""10plus"":639,""2to4"":470,""5to9"":266},{""1"":6394,""10plus"":884,""2to4"":3270,""5to9"":1038},{""1"":20069,""10plus"":334,""2to4"":4606,""5to9"":801},{""1"":30349,""10plus"":65,""2to4"":2776,""5to9"":225},{""1"":32983,""10plus"":4,""2to4"":1065,""5to9"":46},{""1"":31615,""10plus"":2,""2to4"":354,""5to9"":7},{""1"":29106,""10plus"":2,""2to4"":124,""5to9"":2}]",0.5953753329995379,0.2779392049051239,1654919168
oth,ud23_oth,THUCYDIDES,1a32cf6857284fff7c7f006f8d0cd4ab15a047af7a4bcd5613d1fd50789dd4ee,2,shuffled,8,105,0.5,8884,54d93363cc8f8339d08ff2e6952524a87feb1b848495645d05f0db5ac873fc99,8358,9353,46815,53304,4598.509092905384,,4e37383e175cb09075c1cda0e201f24e2ec61da170162f3f345288d51ad16155,-170262.1310198858,189067,89,1.0,16,3564,53304,"[1,90,2181,15735,34899,38503,35720,32491,29447]","[{""1"":0,""10plus"":1,""2to4"":0,""5to9"":0},{""1"":14,""10plus"":59,""2to4"":10,""5to9"":7},{""1"":598,""10plus"":717,""2to4"":549,""5to9"":317},{""1"":9009,""10plus"":917,""2to4"":4482,""5to9"":1327},{""1"":29918,""10plus"":15,""2to4"":4706,""5to9"":260},{""1"":37880,""10plus"":0,""2to4"":621,""5to9"":2},{""1"":35682,""10plus"":0,""2to4"":38,""5to9"":0},{""1"":32490,""10plus"":0,""2to4"":1,""5to9"":0},{""1"":29447,""10plus"":0,""2to4"":0,""5to9"":0}]",0.9895024170000397,0.277146714990522,1654919168
oth,ud23_oth,THUCYDIDES,1a32cf6857284fff7c7f006f8d0cd4ab15a047af7a4bcd5613d1fd50789dd4ee,3,original,8,105,0.5,8884,dfcc7bcfa03b35c089080306a78d6dad3b1cd9bd482e6b43bf9b67d20b4123e3,8362,9353,46973,53304,-10195.629569309443,,1467d4aa42c105c139758b8a590f5e5fece55f00235305ac6aa6d8f99f468dcc,-160033.5221958534,167938,89,0.0,16,3570,53304,"[1,89,1922,11542,25895,33429,34057,31879,29124]","[{""1"":0,""10plus"":1,""2to4"":0,""5to9"":0},{""1"":12,""10plus"":59,""2to4"":9,""5to9"":9},{""1"":555,""10plus"":632,""2to4"":467,""5to9"":268},{""1"":6356,""10plus"":885,""2to4"":3278,""5to9"":1023},{""1"":20208,""10plus"":322,""2to4"":4532,""5to9"":833},{""1"":30402,""10plus"":61,""2to4"":2721,""5to9"":245},{""1"":32983,""10plus"":5,""2to4"":1022,""5to9"":47},{""1"":31516,""10plus"":2,""2to4"":354,""5to9"":7},{""1"":28990,""10plus"":2,""2to4"":130,""5to9"":2}]",0.5661085419997107,0.2785560410375183,1654919168
oth,ud23_oth,THUCYDIDES,1a32cf6857284fff7c7f006f8d0cd4ab15a047af7a4bcd5613d1fd50789dd4ee,3,shuffled,8,105,0.5,8884,dfcc7bcfa03b35c089080306a78d6dad3b1cd9bd482e6b43bf9b67d20b4123e3,8362,9353,46973,53304,4787.033528631582,,06795b6cfad3b2c66f49366425e7ca5e5375c5cb0b3cdc27176c5042a146a5ab,-170229.15176516285,188691,89,1.0,16,3570,53304,"[1,89,2179,15701,34873,38422,35639,32423,29364]","[{""1"":0,""10plus"":1,""2to4"":0,""5to9"":0},{""1"":12,""10plus"":59,""2to4"":10,""5to9"":8},{""1"":615,""10plus"":719,""2to4"":539,""5to9"":306},{""1"":9001,""10plus"":935,""2to4"":4429,""5to9"":1336},{""1"":29846,""10plus"":15,""2to4"":4741,""5to9"":271},{""1"":37765,""10plus"":0,""2to4"":654,""5to9"":3},{""1"":35574,""10plus"":0,""2to4"":65,""5to9"":0},{""1"":32415,""10plus"":0,""2to4"":8,""5to9"":0},{""1"":29363,""10plus"":0,""2to4"":1,""5to9"":0}]",0.9760388329996204,0.27705654911187594,1654919168
oth,ud23_oth,THUCYDIDES,1a32cf6857284fff7c7f006f8d0cd4ab15a047af7a4bcd5613d1fd50789dd4ee,4,original,8,105,0.5,8884,391caac920dfd9c875644013c5d2fc6113d2b5b1565ed25bbedb540d4e8c7523,8327,9353,46761,53304,-10126.606870110962,,11c7c84e66492599fec3e0bde97286f52500f1ed6ad763198377130aa4c1b723,-160122.23648035308,167851,87,0.0,18,3577,53304,"[1,87,1907,11620,25756,33421,34054,31904,29101]","[{""1"":0,""10plus"":1,""2to4"":0,""5to9"":0},{""1"":9,""10plus"":58,""2to4"":10,""5to9"":10},{""1"":528,""10plus"":636,""2to4"":474,""5to9"":269},{""1"":6494,""10plus"":898,""2to4"":3228,""5to9"":1000},{""1"":19968,""10plus"":355,""2to4"":4636,""5to9"":797},{""1"":30373,""10plus"":58,""2to4"":2741,""5to9"":249},{""1"":32971,""10plus"":3,""2to4"":1040,""5to9"":40},{""1"":31568,""10plus"":2,""2to4"":327,""5to9"":7},{""1"":28958,""10plus"":2,""2to4"":139,""5to9"":2}]",0.6275834590014711,0.2769555881495762,1654919168
oth,ud23_oth,THUCYDIDES,1a32cf6857284fff7c7f006f8d0cd4ab15a047af7a4bcd5613d1fd50789dd4ee,4,shuffled,8,105,0.5,8884,391caac920dfd9c875644013c5d2fc6113d2b5b1565ed25bbedb540d4e8c7523,8327,9353,46761,53304,4655.857897066773,,8ba4383ccccfb510410203370cf6ea1103c6a755c211086f2f85f33c22bd4bfa,-170248.84335046404,188468,87,1.0,18,3577,53304,"[1,88,2171,15680,34744,38421,35627,32395,29341]","[{""1"":0,""10plus"":1,""2to4"":0,""5to9"":0},{""1"":11,""10plus"":58,""2to4"":9,""5to9"":10},{""1"":600,""10plus"":713,""2to4"":529,""5to9"":329},{""1"":8947,""10plus"":925,""2to4"":4493,""5to9"":1315},{""1"":29660,""10plus"":10,""2to4"":4802,""5to9"":272},{""1"":37788,""10plus"":0,""2to4"":633,""5to9"":0},{""1"":35591,""10plus"":0,""2to4"":36,""5to9"":0},{""1"":32391,""10plus"":0,""2to4"":4,""5to9"":0},{""1"":29340,""10plus"":0,""2to4"":1,""5to9"":0}]",0.8741601670008095,0.2761416118373745,1654919168
oth,ud23_oth,THUCYDIDES,1a32cf6857284fff7c7f006f8d0cd4ab15a047af7a4bcd5613d1fd50789dd4ee,5,original,8,105,0.5,8884,c12e1f83934c12f9a252733271f7d83ad0d423fb0653679f046cd10583d5ef17,8278,9353,46874,53304,-10130.753817660996,,0395c4083cf5b03a79add66e650b2a8df09e0a2213d5d4f99aefbd826918a0a9,-160382.8298466826,168106,90,0.0,15,3582,53304,"[1,90,1912,11655,25870,33455,34069,31916,29138]","[{""1"":0,""10plus"":1,""2to4"":0,""5to9"":0},{""1"":14,""10plus"":58,""2to4"":9,""5to9"":9},{""1"":541,""10plus"":646,""2to4"":460,""5to9"":265},{""1"":6528,""10plus"":874,""2to4"":3200,""5to9"":1053},{""1"":20187,""10plus"":335,""2to4"":4544,""5to9"":804},{""1"":30440,""10plus"":55,""2to4"":2721,""5to9"":239},{""1"":33003,""10plus"":4,""2to4"":1018,""5to9"":44},{""1"":31586,""10plus"":2,""2to4"":322,""5to9"":6},{""1"":29013,""10plus"":2,""2to4"":121,""5to9"":2}]",0.6015447080026206,0.2796317928696226,1654919168
oth,ud23_oth,THUCYDIDES,1a32cf6857284fff7c7f006f8d0cd4ab15a047af7a4bcd5613d1fd50789dd4ee,5,shuffled,8,105,0.5,8884,c12e1f83934c12f9a252733271f7d83ad0d423fb0653679f046cd10583d5ef17,8278,9353,46874,53304,4653.090006125043,,e13196db78829afe6a7e2cf86c169ba33cbb6433a987f8dc25d9b736ba9287d2,-170513.5836643436,188892,90,1.0,15,3582,53304,"[1,90,2186,15937,34915,38370,35631,32403,29359]","[{""1"":0,""10plus"":1,""2to4"":0,""5to9"":0},{""1"":15,""10plus"":58,""2to4"":8,""5to9"":9},{""1"":577,""10plus"":722,""2to4"":567,""5to9"":320},{""1"":9262,""10plus"":927,""2to4"":4445,""5to9"":1303},{""1"":30071,""10plus"":10,""2to4"":4541,""5to9"":293},{""1"":37696,""10plus"":0,""2to4"":672,""5to9"":2},{""1"":35588,""10plus"":0,""2to4"":43,""5to9"":0},{""1"":32399,""10plus"":0,""2to4"":4,""5to9"":0},{""1"":29359,""10plus"":0,""2to4"":0,""5to9"":0}]",0.9698333330015885,0.2782417150301626,1654919168
oth,ud23_oth,THUCYDIDES,1a32cf6857284fff7c7f006f8d0cd4ab15a047af7a4bcd5613d1fd50789dd4ee,6,original,8,105,0.5,8884,a7f6aadfbdb1b64b9e78116dce4a2ba0575621e8170566d7c6ca858a6ba4994e,8333,9353,46976,53304,-10099.94894796019,,4a0b6d92196233c737c32c599761991bc5c2533747bddaa3d89e2f5a132151d9,-160313.03712344094,167289,86,0.0,19,3592,53304,"[1,87,1917,11631,25734,33332,33932,31719,28936]","[{""1"":0,""10plus"":1,""2to4"":0,""5to9"":0},{""1"":9,""10plus"":58,""2to4"":10,""5to9"":10},{""1"":538,""10plus"":643,""2to4"":462,""5to9"":274},{""1"":6516,""10plus"":895,""2to4"":3191,""5to9"":1029},{""1"":19967,""10plus"":321,""2to4"":4616,""5to9"":830},{""1"":30283,""10plus"":65,""2to4"":2742,""5to9"":242},{""1"":32840,""10plus"":5,""2to4"":1040,""5to9"":47},{""1"":31331,""10plus"":2,""2to4"":381,""5to9"":5},{""1"":28750,""10plus"":2,""2to4"":182,""5to9"":2}]",0.621279750001122,0.2760038581000117,1654919168
oth,ud23_oth,THUCYDIDES,1a32cf6857284fff7c7f006f8d0cd4ab15a047af7a4bcd5613d1fd50789dd4ee,6,shuffled,8,105,0.5,8884,a7f6aadfbdb1b64b9e78116dce4a2ba0575621e8170566d7c6ca858a6ba4994e,8333,9353,46976,53304,4610.413623755972,,5aa18bd89484b43fd5c9755426b01b8aa1fd548e2e65096f8ac44d23ec4026a7,-170412.98607140113,188432,86,1.0,19,3592,53304,"[1,87,2194,15783,34908,38356,35561,32304,29238]","[{""1"":0,""10plus"":1,""2to4"":0,""5to9"":0},{""1"":9,""10plus"":58,""2to4"":11,""5to9"":9},{""1"":613,""10plus"":733,""2to4"":551,""5to9"":297},{""1"":9033,""10plus"":923,""2to4"":4488,""5to9"":1339},{""1"":29885,""10plus"":10,""2to4"":4754,""5to9"":259},{""1"":37710,""10plus"":0,""2to4"":646,""5to9"":0},{""1"":35519,""10plus"":0,""2to4"":42,""5to9"":0},{""1"":32300,""10plus"":0,""2to4"":4,""5to9"":0},{""1"":29238,""10plus"":0,""2to4"":0,""5to9"":0}]",0.827800417002436,0.2760551359897363,1654919168
oth,ud23_oth,THUCYDIDES,1a32cf6857284fff7c7f006f8d0cd4ab15a047af7a4bcd5613d1fd50789dd4ee,7,original,8,105,0.5,8884,d72d6e895e0a654e6548317e22d18b42cf9f283483f40db31e7a9160a2530e5f,8356,9353,46937,53304,-10353.849530300853,,8a2e0fc839ec1c0f4964d3ae076d0c4be1f9cc6176dad0b6274768b1b61a31fd,-160037.40860281605,167821,88,0.0,17,3570,53304,"[1,88,1891,11558,25754,33412,34072,31915,29130]","[{""1"":0,""10plus"":1,""2to4"":0,""5to9"":0},{""1"":5,""10plus"":59,""2to4"":16,""5to9"":8},{""1"":517,""10plus"":636,""2to4"":461,""5to9"":277},{""1"":6386,""10plus"":892,""2to4"":3219,""5to9"":1061},{""1"":19966,""10plus"":334,""2to4"":4636,""5to9"":818},{""1"":30341,""10plus"":54,""2to4"":2773,""5to9"":244},{""1"":32982,""10plus"":3,""2to4"":1047,""5to9"":40},{""1"":31586,""10plus"":2,""2to4"":320,""5to9"":7},{""1"":29000,""10plus"":2,""2to4"":125,""5to9"":3}]",0.6356855000012729,0.2773238849476911,1654919168
oth,ud23_oth,THUCYDIDES,1a32cf6857284fff7c7f006f8d0cd4ab15a047af7a4bcd5613d1fd50789dd4ee,7,shuffled,8,105,0.5,8884,d72d6e895e0a654e6548317e22d18b42cf9f283483f40db31e7a9160a2530e5f,8356,9353,46937,53304,4733.983371700335,,28f5e4fc91dce08c6cbb1e8add57be7687700ab248edd3038e0f8a5f46a4772f,-170391.2581331169,188979,88,1.0,17,3570,53304,"[1,87,2193,15928,34948,38409,35637,32415,29361]","[{""1"":0,""10plus"":1,""2to4"":0,""5to9"":0},{""1"":5,""10plus"":59,""2to4"":15,""5to9"":8},{""1"":604,""10plus"":727,""2to4"":553,""5to9"":309},{""1"":9179,""10plus"":906,""2to4"":4467,""5to9"":1376},{""1"":29982,""10plus"":14,""2to4"":4682,""5to9"":270},{""1"":37758,""10plus"":0,""2to4"":650,""5to9"":1},{""1"":35589,""10plus"":0,""2to4"":48,""5to9"":0},{""1"":32411,""10plus"":0,""2to4"":4,""5to9"":0},{""1"":29361,""10plus"":0,""2to4"":0,""5to9"":0}]",0.8346005839994177,0.27728540285897907,1654919168
oth,ud23_oth,THUCYDIDES,1a32cf6857284fff7c7f006f8d0cd4ab15a047af7a4bcd5613d1fd50789dd4ee,8,original,8,105,0.5,8884,9dd2112339118f75a9505617eac9ff726f7d51818e5d610c248000d3900d22f1,8264,9353,46743,53304,-10231.743633179052,,0829c3aa16a45bdb113556568a540d45421d3de17ca4e7d50fb35b20001f8584,-160149.77164091248,167219,87,0.0,18,3622,53304,"[1,87,1932,11635,25756,33299,33882,31706,28921]","[{""1"":0,""10plus"":1,""2to4"":0,""5to9"":0},{""1"":13,""10plus"":58,""2to4"":5,""5to9"":11},{""1"":538,""10plus"":636,""2to4"":503,""5to9"":255},{""1"":6491,""10plus"":886,""2to4"":3261,""5to9"":997},{""1"":19984,""10plus"":330,""2to4"":4661,""5to9"":781},{""1"":30215,""10plus"":54,""2to4"":2801,""5to9"":229},{""1"":32778,""10plus"":4,""2to4"":1057,""5to9"":43},{""1"":31345,""10plus"":2,""2to4"":350,""5to9"":9},{""1"":28767,""10plus"":2,""2to4"":150,""5to9"":2}]",0.600876958000299,0.2769141452226904,1654919168
oth,ud23_oth,THUCYDIDES,1a32cf6857284fff7c7f006f8d0cd4ab15a047af7a4bcd5613d1fd50789dd4ee,8,shuffled,8,105,0.5,8884,9dd2112339118f75a9505617eac9ff726f7d51818e5d610c248000d3900d22f1,8264,9353,46743,53304,4627.692057709908,,c2d3c75baa5f799cb76086f38fb5d9a7f130a6b2afc7f55ad79427343d4136cf,-170381.51527409154,188000,87,1.0,18,3622,53304,"[1,88,2190,15821,34774,38299,35465,32212,29150]","[{""1"":0,""10plus"":1,""2to4"":0,""5to9"":0},{""1"":14,""10plus"":56,""2to4"":5,""5to9"":13},{""1"":601,""10plus"":715,""2to4"":546,""5to9"":328},{""1"":9148,""10plus"":903,""2to4"":4415,""5to9"":1355},{""1"":29763,""10plus"":7,""2to4"":4733,""5to9"":271},{""1"":37698,""10plus"":0,""2to4"":600,""5to9"":1},{""1"":35436,""10plus"":0,""2to4"":29,""5to9"":0},{""1"":32210,""10plus"":0,""2to4"":2,""5to9"":0},{""1"":29150,""10plus"":0,""2to4"":0,""5to9"":0}]",0.9717880409989448,0.2757904209938715,1654919168
oth,ud23_oth,THUCYDIDES,1a32cf6857284fff7c7f006f8d0cd4ab15a047af7a4bcd5613d1fd50789dd4ee,9,original,8,105,0.5,8884,2187c13770f609a3c58dcde74269e5473824995b2e7e386567f9ec4958add902,8288,9353,46843,53304,-9985.406178127101,,900a5d0f0febe80c62616b910727dc08743da57f6908f148c0f819b29374df0e,-160473.47129545544,167571,88,0.0,17,3592,53304,"[1,89,1912,11677,25837,33375,33930,31758,28992]","[{""1"":0,""10plus"":1,""2to4"":0,""5to9"":0},{""1"":12,""10plus"":58,""2to4"":11,""5to9"":8},{""1"":508,""10plus"":645,""2to4"":504,""5to9"":255},{""1"":6502,""10plus"":898,""2to4"":3284,""5to9"":993},{""1"":20108,""10plus"":353,""2to4"":4619,""5to9"":757},{""1"":30338,""10plus"":52,""2to4"":2735,""5to9"":250},{""1"":32799,""10plus"":4,""2to4"":1081,""5to9"":46},{""1"":31354,""10plus"":3,""2to4"":396,""5to9"":5},{""1"":28815,""10plus"":2,""2to4"":172,""5to9"":3}]",0.6265940419980325,0.275266165008361,1654919168
oth,ud23_oth,THUCYDIDES,1a32cf6857284fff7c7f006f8d0cd4ab15a047af7a4bcd5613d1fd50789dd4ee,9,shuffled,8,105,0.5,8884,2187c13770f609a3c58dcde74269e5473824995b2e7e386567f9ec4958add902,8288,9353,46843,53304,4712.767694483482,,aadbf81e9f5cdf9fda30222f10771eeda2b0f460cc1c37ffa3569219553a5cb6,-170458.87747358254,188829,88,1.0,17,3592,53304,"[1,89,2157,15950,35050,38400,35582,32331,29269]","[{""1"":0,""10plus"":1,""2to4"":0,""5to9"":0},{""1"":12,""10plus"":58,""2to4"":11,""5to9"":8},{""1"":563,""10plus"":720,""2to4"":528,""5to9"":346},{""1"":9248,""10plus"":947,""2to4"":4466,""5to9"":1289},{""1"":30175,""10plus"":5,""2to4"":4617,""5to9"":253},{""1"":37794,""10plus"":0,""2to4"":605,""5to9"":1},{""1"":35546,""10plus"":0,""2to4"":36,""5to9"":0},{""1"":32326,""10plus"":0,""2to4"":5,""5to9"":0},{""1"":29268,""10plus"":0,""2to4"":1,""5to9"":0}]",0.8342653750005411,0.2742640989672509,1654919168
oth,ud23_oth,HOMERIC_TRADITION,209ee9f27c82f31d31eb16124569039d7847ed327f3a0f2b5c4eae048347e621,0,original,8,105,0.5,8884,86d66226d084eae49166bcce442b92f1c568e733c4689f63216212ce70cfacfb,61813,71547,47100,53304,-10984.011834264384,,2e65eae1efa960167247a23cf11ea4bb1b718eebd104a9c3f8bfef68cfb23784,-158720.87654201107,171783,86,0.0,19,3326,53304,"[1,86,1921,11468,25778,33829,34977,33156,30567]","[{""1"":0,""10plus"":1,""2to4"":0,""5to9"":0},{""1"":9,""10plus"":59,""2to4"":8,""5to9"":10},{""1"":544,""10plus"":624,""2to4"":472,""5to9"":281},{""1"":6326,""10plus"":878,""2to4"":3264,""5to9"":1000},{""1"":19964,""10plus"":348,""2to4"":4653,""5to9"":813},{""1"":30634,""10plus"":75,""2to4"":2857,""5to9"":263},{""1"":33789,""10plus"":9,""2to4"":1120,""5to9"":59},{""1"":32757,""10plus"":2,""2to4"":383,""5to9"":14},{""1"":30404,""10plus"":2,""2to4"":157,""5to9"":4}]",0.6306134160004149,1.728001863190002,1344737280
oth,ud23_oth,HOMERIC_TRADITION,209ee9f27c82f31d31eb16124569039d7847ed327f3a0f2b5c4eae048347e621,0,shuffled,8,105,0.5,8884,86d66226d084eae49166bcce442b92f1c568e733c4689f63216212ce70cfacfb,61813,71547,47100,53304,4842.880701846036,,7759990b0d7447892b1cca8d3497422d1bc16cb03bc3f2ab60836138015f5f97,-169704.88837627546,193896,86,1.0,19,3326,53304,"[1,86,2168,15761,35121,39283,36829,33791,30856]","[{""1"":0,""10plus"":1,""2to4"":0,""5to9"":0},{""1"":10,""10plus"":59,""2to4"":7,""5to9"":10},{""1"":561,""10plus"":727,""2to4"":564,""5to9"":316},{""1"":8969,""10plus"":922,""2to4"":4563,""5to9"":1307},{""1"":30016,""10plus"":21,""2to4"":4775,""5to9"":309},{""1"":38546,""10plus"":0,""2to4"":736,""5to9"":1},{""1"":36779,""10plus"":0,""2to4"":50,""5to9"":0},{""1"":33790,""10plus"":0,""2to4"":1,""5to9"":0},{""1"":30856,""10plus"":0,""2to4"":0,""5to9"":0}]",0.8686812089999876,1.9582630710610829,1344737280
oth,ud23_oth,HOMERIC_TRADITION,209ee9f27c82f31d31eb16124569039d7847ed327f3a0f2b5c4eae048347e621,1,original,8,105,0.5,8884,4702fa23b1bf562025e6745143206666a8c2719205b9ca35032bb757226e7c30,62042,71547,47008,53304,-10871.063463600178,,56062ac8e547893b80fd4b30298e355b5403d8e3c6265706f33cb70751c0d54a,-158880.53572098582,172793,87,0.0,18,3301,53304,"[1,88,1913,11503,25911,33951,35201,33399,30826]","[{""1"":0,""10plus"":1,""2to4"":0,""5to9"":0},{""1"":13,""10plus"":56,""2to4"":8,""5to9"":11},{""1"":542,""10plus"":633,""2to4"":462,""5to9"":276},{""1"":6343,""10plus"":879,""2to4"":3262,""5to9"":1019},{""1"":20144,""10plus"":351,""2to4"":4620,""5to9"":796},{""1"":30750,""10plus"":75,""2to4"":2864,""5to9"":262},{""1"":34023,""10plus"":9,""2to4"":1118,""5to9"":51},{""1"":33022,""10plus"":2,""2to4"":367,""5to9"":8},{""1"":30687,""10plus"":2,""2to4"":135,""5to9"":2}]",0.6418844580002769,1.7435716138679709,1654919168
oth,ud23_oth,HOMERIC_TRADITION,209ee9f27c82f31d31eb16124569039d7847ed327f3a0f2b5c4eae048347e621,1,shuffled,8,105,0.5,8884,4702fa23b1bf562025e6745143206666a8c2719205b9ca35032bb757226e7c30,62042,71547,47008,53304,4895.677467659843,,1c6d68093d590d4dc480d889c4bcc4a1918583bd2f0bcab4233a797831adf154,-169751.599184586,194872,87,1.0,18,3301,53304,"[1,87,2164,15947,35214,39442,36980,33968,31069]","[{""1"":0,""10plus"":1,""2to4"":0,""5to9"":0},{""1"":12,""10plus"":56,""2to4"":8,""5to9"":11},{""1"":559,""10plus"":736,""2to4"":555,""5to9"":314},{""1"":9203,""10plus"":922,""2to4"":4525,""5to9"":1297},{""1"":30100,""10plus"":18,""2to4"":4761,""5to9"":335},{""1"":38743,""10plus"":0,""2to4"":698,""5to9"":1},{""1"":36931,""10plus"":0,""2to4"":49,""5to9"":0},{""1"":33966,""10plus"":0,""2to4"":2,""5to9"":0},{""1"":31069,""10plus"":0,""2to4"":0,""5to9"":0}]",0.8614114590018289,1.9516651381090924,1654919168
oth,ud23_oth,HOMERIC_TRADITION,209ee9f27c82f31d31eb16124569039d7847ed327f3a0f2b5c4eae048347e621,2,original,8,105,0.5,8884,aecdc0cd7cc0c20541ef31651b2f9705f3739930c355a33e5b40eb6c5cf435bd,61985,71547,47064,53304,-10678.820617573976,,8fc0c028318a48c3cf6b60e855dad50fd251fb627f7abd6d3fa2429261165311,-158905.3690934373,171738,88,0.0,17,3345,53304,"[1,87,1933,11475,25735,33803,34982,33165,30557]","[{""1"":0,""10plus"":1,""2to4"":0,""5to9"":0},{""1"":9,""10plus"":58,""2to4"":12,""5to9"":8},{""1"":559,""10plus"":627,""2to4"":473,""5to9"":274},{""1"":6406,""10plus"":880,""2to4"":3182,""5to9"":1007},{""1"":19975,""10plus"":351,""2to4"":4573,""5to9"":836},{""1"":30583,""10plus"":66,""2to4"":2874,""5to9"":280},{""1"":33771,""10plus"":6,""2to4"":1156,""5to9"":49},{""1"":32786,""10plus"":2,""2to4"":371,""5to9"":6},{""1"":30412,""10plus"":2,""2to4"":141,""5to9"":2}]",0.6253144579968648,1.7427318481022667,1654919168
oth,ud23_oth,HOMERIC_TRADITION,209ee9f27c82f31d31eb16124569039d7847ed327f3a0f2b5c4eae048347e621,2,shuffled,8,105,0.5,8884,aecdc0cd7cc0c20541ef31651b2f9705f3739930c355a33e5b40eb6c5cf435bd,61985,71547,47064,53304,4863.647686335404,,9707f7477986be524213361594aafeabb2c5858820bce3dbcffc8c0d86fcb1b7,-169584.18971101128,193643,88,1.0,17,3345,53304,"[1,87,2161,15821,35030,39245,36765,33726,30807]","[{""1"":0,""10plus"":1,""2to4"":0,""5to9"":0},{""1"":9,""10plus"":57,""2to4"":12,""5to9"":9},{""1"":585,""10plus"":714,""2to4"":543,""5to9"":319},{""1"":9074,""10plus"":915,""2to4"":4530,""5to9"":1302},{""1"":29944,""10plus"":17,""2to4"":4734,""5to9"":335},{""1"":38515,""10plus"":0,""2to4"":729,""5to9"":1},{""1"":36716,""10plus"":0,""2to4"":49,""5to9"":0},{""1"":33723,""10plus"":0,""2to4"":3,""5to9"":0},{""1"":30807,""10plus"":0,""2to4"":0,""5to9"":0}]",0.8654675420002604,1.7502227901386505,1654919168
oth,ud23_oth,HOMERIC_TRADITION,209ee9f27c82f31d31eb16124569039d7847ed327f3a0f2b5c4eae048347e621,3,original,8,105,0.5,8884,24376a41dcfd231af2c297ee1cc85e201bab5eece7adead4f25581106e749407,62047,71547,47092,53304,-10767.05339255571,,210774be00c7669a0f4ae2c7963f343bef331500d6653090ff07469f6a6a6ff9,-158884.9709815053,172116,86,0.0,19,3330,53304,"[1,86,1916,11497,25791,33888,35035,33232,30670]","[{""1"":0,""10plus"":1,""2to4"":0,""5to9"":0},{""1"":10,""10plus"":58,""2to4"":10,""5to9"":8},{""1"":546,""10plus"":625,""2to4"":463,""5to9"":282},{""1"":6368,""10plus"":886,""2to4"":3241,""5to9"":1002},{""1"":20029,""10plus"":341,""2to4"":4583,""5to9"":838},{""1"":30711,""10plus"":71,""2to4"":2833,""5to9"":273},{""1"":33831,""10plus"":6,""2to4"":1138,""5to9"":60},{""1"":32833,""10plus"":2,""2to4"":388,""5to9"":9},{""1"":30524,""10plus"":2,""2to4"":141,""5to9"":3}]",0.6373722089992953,1.938841823659459,1654919168
oth,ud23_oth,HOMERIC_TRADITION,209ee9f27c82f31d31eb16124569039d7847ed327f3a0f2b5c4eae048347e621,3,shuffled,8,105,0.5,8884,24376a41dcfd231af2c297ee1cc85e201bab5eece7adead4f25581106e749407,62047,71547,47092,53304,4947.945711473876,,5ecf60a7245cac30fe5480b3d90fd643c54128d207e71306c36739eee4c261bb,-169652.024374061,194096,86,1.0,19,3330,53304,"[1,87,2180,15987,35052,39251,36822,33805,30911]","[{""1"":0,""10plus"":1,""2to4"":0,""5to9"":0},{""1"":11,""10plus"":57,""2to4"":11,""5to9"":8},{""1"":582,""10plus"":738,""2to4"":550,""5to9"":310},{""1"":9273,""10plus"":899,""2to4"":4492,""5to9"":1323},{""1"":29965,""10plus"":21,""2to4"":4720,""5to9"":346},{""1"":38495,""10plus"":0,""2to4"":756,""5to9"":0},{""1"":36767,""10plus"":0,""2to4"":55,""5to9"":0},{""1"":33802,""10plus"":0,""2to4"":3,""5to9"":0},{""1"":30911,""10plus"":0,""2to4"":0,""5to9"":0}]",0.862754292000318,1.7441532612974697,1654919168
oth,ud23_oth,HOMERIC_TRADITION,209ee9f27c82f31d31eb16124569039d7847ed327f3a0f2b5c4eae048347e621,4,original,8,105,0.5,8884,ee253aad544da2410dfe8be124e4b3b5705afd8af85cf23c8369968dedaad676,61886,71547,47069,53304,-10832.36136542543,,3c768f45c6798aad2d2058993d97dc04ad86582600b19fadd54d07db8f65af7e,-158623.2204994603,172383,86,0.0,19,3318,53304,"[1,86,1913,11507,25780,33848,35113,33367,30768]","[{""1"":0,""10plus"":1,""2to4"":0,""5to9"":0},{""1"":8,""10plus"":57,""2to4"":11,""5to9"":10},{""1"":529,""10plus"":613,""2to4"":467,""5to9"":304},{""1"":6420,""10plus"":883,""2to4"":3219,""5to9"":985},{""1"":20054,""10plus"":369,""2to4"":4557,""5to9"":800},{""1"":30651,""10plus"":69,""2to4"":2846,""5to9"":282},{""1"":33875,""10plus"":4,""2to4"":1176,""5to9"":58},{""1"":33006,""10plus"":2,""2to4"":353,""5to9"":6},{""1"":30650,""10plus"":2,""2to4"":115,""5to9"":1}]",0.6310557079996215,1.7355658050400962,1654919168
oth,ud23_oth,HOMERIC_TRADITION,209ee9f27c82f31d31eb16124569039d7847ed327f3a0f2b5c4eae048347e621,4,shuffled,8,105,0.5,8884,ee253aad544da2410dfe8be124e4b3b5705afd8af85cf23c8369968dedaad676,61886,71547,47069,53304,4938.186023202026,,8411f798524c744888bab7fcc90cf2994bf25bcd793209e4bf9c24e6bb143e55,-169455.58186488572,194221,86,1.0,19,3318,53304,"[1,87,2195,15889,35001,39309,36889,33881,30969]","[{""1"":0,""10plus"":1,""2to4"":0,""5to9"":0},{""1"":9,""10plus"":58,""2to4"":12,""5to9"":8},{""1"":615,""10plus"":727,""2to4"":551,""5to9"":302},{""1"":9224,""10plus"":927,""2to4"":4455,""5to9"":1283},{""1"":29915,""10plus"":23,""2to4"":4700,""5to9"":363},{""1"":38558,""10plus"":0,""2to4"":750,""5to9"":1},{""1"":36831,""10plus"":0,""2to4"":58,""5to9"":0},{""1"":33876,""10plus"":0,""2to4"":5,""5to9"":0},{""1"":30967,""10plus"":0,""2to4"":2,""5to9"":0}]",0.8734610830033489,1.7477108701641555,1654919168
oth,ud23_oth,HOMERIC_TRADITION,209ee9f27c82f31d31eb16124569039d7847ed327f3a0f2b5c4eae048347e621,5,original,8,105,0.5,8884,93123859fc8a471219510b1c6d1afad43228ee022aef1c5b02107061e7fe67ce,61861,71547,47120,53304,-10884.736311458924,,e0bb549f75041ec82594ce0cf219b396d43ad66ca581aa76542a90d6041ccbb9,-158590.16223237067,172681,87,0.0,18,3299,53304,"[1,87,1906,11472,25767,33969,35196,33427,30856]","[{""1"":0,""10plus"":1,""2to4"":0,""5to9"":0},{""1"":9,""10plus"":57,""2to4"":12,""5to9"":9},{""1"":534,""10plus"":629,""2to4"":460,""5to9"":283},{""1"":6393,""10plus"":877,""2to4"":3204,""5to9"":998},{""1"":19959,""10plus"":342,""2to4"":4638,""5to9"":828},{""1"":30783,""10plus"":68,""2to4"":2840,""5to9"":278},{""1"":34002,""10plus"":6,""2to4"":1131,""5to9"":57},{""1"":33040,""10plus"":2,""2to4"":376,""5to9"":9},{""1"":30705,""10plus"":2,""2to4"":147,""5to9"":2}]",0.6479880410006444,1.9361976102518383,1654919168
oth,ud23_oth,HOMERIC_TRADITION,209ee9f27c82f31d31eb16124569039d7847ed327f3a0f2b5c4eae048347e621,5,shuffled,8,105,0.5,8884,93123859fc8a471219510b1c6d1afad43228ee022aef1c5b02107061e7fe67ce,61861,71547,47120,53304,4953.520988359029,,e2d765d0789624d00c77dd617aed3acd1635c75cc76d24cd38033ccec72a3fba,-169474.8985438296,194893,87,1.0,18,3299,53304,"[1,88,2158,15779,35336,39451,36993,33989,31098]","[{""1"":0,""10plus"":1,""2to4"":0,""5to9"":0},{""1"":11,""10plus"":57,""2to4"":11,""5to9"":9},{""1"":581,""10plus"":705,""2to4"":539,""5to9"":333},{""1"":9012,""10plus"":927,""2to4"":4497,""5to9"":1343},{""1"":30227,""10plus"":18,""2to4"":4793,""5to9"":298},{""1"":38734,""10plus"":0,""2to4"":717,""5to9"":0},{""1"":36948,""10plus"":0,""2to4"":45,""5to9"":0},{""1"":33986,""10plus"":0,""2to4"":3,""5to9"":0},{""1"":31098,""10plus"":0,""2to4"":0,""5to9"":0}]",0.8626990000011574,1.7436371483636321,1654919168
oth,ud23_oth,HOMERIC_TRADITION,209ee9f27c82f31d31eb16124569039d7847ed327f3a0f2b5c4eae048347e621,6,original,8,105,0.5,8884,ae81de09841e4f4c658152ac2a23bba240806272bf10bbe4fd1159264017ab37,62048,71547,47109,53304,-10751.505417611043,,bf72648009f9ad18bc9f19235156062432112cb13937d2ed0ba70ed95e701c9a,-159058.3651606371,172649,84,0.0,21,3314,53304,"[1,85,1928,11523,25828,33973,35180,33351,30780]","[{""1"":0,""10plus"":1,""2to4"":0,""5to9"":0},{""1"":7,""10plus"":59,""2to4"":10,""5to9"":9},{""1"":553,""10plus"":623,""2to4"":459,""5to9"":293},{""1"":6406,""10plus"":893,""2to4"":3232,""5to9"":992},{""1"":20011,""10plus"":343,""2to4"":4667,""5to9"":807},{""1"":30777,""10plus"":68,""2to4"":2875,""5to9"":253},{""1"":34009,""10plus"":6,""2to4"":1109,""5to9"":56},{""1"":32959,""10plus"":2,""2to4"":380,""5to9"":10},{""1"":30630,""10plus"":2,""2to4"":146,""5to9"":2}]",0.6328031660013949,1.714418799674604,1654919168
oth,ud23_oth,HOMERIC_TRADITION,209ee9f27c82f31d31eb16124569039d7847ed327f3a0f2b5c4eae048347e621,6,shuffled,8,105,0.5,8884,ae81de09841e4f4c658152ac2a23bba240806272bf10bbe4fd1159264017ab37,62048,71547,47109,53304,4877.0537967839045,,3e12ceec8dd78f2deb30210b21068bad12a8bf59a6cb16741af7b446f2bad44b,-169809.87057824814,194556,84,1.0,21,3314,53304,"[1,84,2165,15897,35171,39381,36926,33910,31021]","[{""1"":0,""10plus"":1,""2to4"":0,""5to9"":0},{""1"":6,""10plus"":58,""2to4"":11,""5to9"":9},{""1"":565,""10plus"":724,""2to4"":562,""5to9"":314},{""1"":9164,""10plus"":927,""2to4"":4526,""5to9"":1280},{""1"":30152,""10plus"":18,""2to4"":4658,""5to9"":343},{""1"":38679,""10plus"":0,""2to4"":702,""5to9"":0},{""1"":36883,""10plus"":0,""2to4"":43,""5to9"":0},{""1"":33906,""10plus"":0,""2to4"":4,""5to9"":0},{""1"":31021,""10plus"":0,""2to4"":0,""5to9"":0}]",0.8765290419978555,1.7219935737011838,1654919168
oth,ud23_oth,HOMERIC_TRADITION,209ee9f27c82f31d31eb16124569039d7847ed327f3a0f2b5c4eae048347e621,7,original,8,105,0.5,8884,df753d6afe71319eb96acf0c4c18163bd2186d6fdbbc660050db200a652f7d7d,62008,71547,47058,53304,-10789.379405033542,,96ae526a04cdf3e90848313b23b520be88864a3d2851f6133fe0531235622b0f,-158806.17243161003,173309,87,0.0,18,3289,53304,"[1,88,1915,11504,25901,34060,35348,33533,30959]","[{""1"":0,""10plus"":1,""2to4"":0,""5to9"":0},{""1"":11,""10plus"":58,""2to4"":10,""5to9"":9},{""1"":563,""10plus"":621,""2to4"":444,""5to9"":287},{""1"":6384,""10plus"":889,""2to4"":3231,""5to9"":1000},{""1"":20111,""10plus"":342,""2to4"":4627,""5to9"":821},{""1"":30792,""10plus"":70,""2to4"":2937,""5to9"":261},{""1"":34184,""10plus"":4,""2to4"":1105,""5to9"":55},{""1"":33189,""10plus"":2,""2to4"":335,""5to9"":7},{""1"":30844,""10plus"":2,""2to4"":111,""5to9"":2}]",0.6523358329977782,1.741004576695559,1654919168
oth,ud23_oth,HOMERIC_TRADITION,209ee9f27c82f31d31eb16124569039d7847ed327f3a0f2b5c4eae048347e621,7,shuffled,8,105,0.5,8884,df753d6afe71319eb96acf0c4c18163bd2186d6fdbbc660050db200a652f7d7d,62008,71547,47058,53304,5006.899768353527,,5c165ff590c8957d4838273625052114d5df314586ec0a59d5b2db8115ca1065,-169595.55183664357,195199,87,1.0,18,3289,53304,"[1,88,2168,15914,35297,39493,37033,34042,31163]","[{""1"":0,""10plus"":1,""2to4"":0,""5to9"":0},{""1"":12,""10plus"":57,""2to4"":9,""5to9"":10},{""1"":577,""10plus"":712,""2to4"":551,""5to9"":328},{""1"":9165,""10plus"":929,""2to4"":4538,""5to9"":1282},{""1"":30234,""10plus"":17,""2to4"":4728,""5to9"":318},{""1"":38796,""10plus"":0,""2to4"":697,""5to9"":0},{""1"":36982,""10plus"":0,""2to4"":51,""5to9"":0},{""1"":34039,""10plus"":0,""2to4"":3,""5to9"":0},{""1"":31162,""10plus"":0,""2to4"":1,""5to9"":0}]",0.865004625000438,1.7506216734545887,1654919168
oth,ud23_oth,HOMERIC_TRADITION,209ee9f27c82f31d31eb16124569039d7847ed327f3a0f2b5c4eae048347e621,8,original,8,105,0.5,8884,b5133487661532db3218d9c6a61a6252ce544211c31bc8546290bb69362bea35,62059,71547,47265,53304,-10831.675016121619,,8fce4d6f98a32e7cac45a987554a32aa917559d28919b2bb9a3406409efb8175,-158759.63970401342,172253,86,0.0,19,3323,53304,"[1,87,1919,11452,25734,33898,35105,33311,30746]","[{""1"":0,""10plus"":1,""2to4"":0,""5to9"":0},{""1"":10,""10plus"":58,""2to4"":11,""5to9"":8},{""1"":550,""10plus"":627,""2to4"":464,""5to9"":278},{""1"":6354,""10plus"":870,""2to4"":3228,""5to9"":1000},{""1"":19913,""10plus"":362,""2to4"":4652,""5to9"":807},{""1"":30729,""10plus"":70,""2to4"":2827,""5to9"":272},{""1"":33912,""10plus"":4,""2to4"":1127,""5to9"":62},{""1"":32915,""10plus"":2,""2to4"":387,""5to9"":7},{""1"":30596,""10plus"":2,""2to4"":146,""5to9"":2}]",0.6397288329972071,1.9375207246412174,1654919168
oth,ud23_oth,HOMERIC_TRADITION,209ee9f27c82f31d31eb16124569039d7847ed327f3a0f2b5c4eae048347e621,8,shuffled,8,105,0.5,8884,b5133487661532db3218d9c6a61a6252ce544211c31bc8546290bb69362bea35,62059,71547,47265,53304,4872.826553599909,,4326527ddcee85d6d8c21d4e3d566fedb6d0c0da24f9e8651e345349ebcdb8bb,-169591.31472013504,194332,86,1.0,19,3323,53304,"[1,87,2163,15800,35182,39364,36883,33871,30981]","[{""1"":0,""10plus"":1,""2to4"":0,""5to9"":0},{""1"":10,""10plus"":58,""2to4"":12,""5to9"":7},{""1"":577,""10plus"":721,""2to4"":557,""5to9"":308},{""1"":9110,""10plus"":897,""2to4"":4438,""5to9"":1355},{""1"":30022,""10plus"":17,""2to4"":4830,""5to9"":313},{""1"":38653,""10plus"":0,""2to4"":711,""5to9"":0},{""1"":36839,""10plus"":0,""2to4"":44,""5to9"":0},{""1"":33865,""10plus"":0,""2to4"":6,""5to9"":0},{""1"":30979,""10plus"":0,""2to4"":2,""5to9"":0}]",0.8581849170004716,1.7431495545934013,1654919168
oth,ud23_oth,HOMERIC_TRADITION,209ee9f27c82f31d31eb16124569039d7847ed327f3a0f2b5c4eae048347e621,9,original,8,105,0.5,8884,52b89bb89f1bbdb3093866c236c1e1e39c6b23eb91b459aeb4b9c83e3d920c8e,61906,71547,47099,53304,-10787.247996556951,,ba66bfb11ae444a392098630598c3e6f56d6b40de4c761830208a9827211d1a4,-158709.270733851,171745,88,0.0,17,3328,53304,"[1,88,1914,11397,25696,33817,35003,33198,30631]","[{""1"":0,""10plus"":1,""2to4"":0,""5to9"":0},{""1"":9,""10plus"":58,""2to4"":13,""5to9"":8},{""1"":544,""10plus"":614,""2to4"":467,""5to9"":289},{""1"":6291,""10plus"":895,""2to4"":3211,""5to9"":1000},{""1"":19889,""10plus"":356,""2to4"":4618,""5to9"":833},{""1"":30575,""10plus"":74,""2to4"":2905,""5to9"":263},{""1"":33787,""10plus"":6,""2to4"":1154,""5to9"":56},{""1"":32781,""10plus"":2,""2to4"":408,""5to9"":7},{""1"":30476,""10plus"":2,""2to4"":152,""5to9"":1}]",0.6249200420024863,1.9481131779139105,1654919168
oth,ud23_oth,HOMERIC_TRADITION,209ee9f27c82f31d31eb16124569039d7847ed327f3a0f2b5c4eae048347e621,9,shuffled,8,105,0.5,8884,52b89bb89f1bbdb3093866c236c1e1e39c6b23eb91b459aeb4b9c83e3d920c8e,61906,71547,47099,53304,4921.97154277048,,e175dabec8ad4d463da4906b29c7a476a89dc5523ee83888404533dd979646f9,-169496.51873040796,194074,88,1.0,17,3328,53304,"[1,89,2204,15795,35112,39332,36843,33809,30889]","[{""1"":0,""10plus"":1,""2to4"":0,""5to9"":0},{""1"":11,""10plus"":57,""2to4"":11,""5to9"":10},{""1"":619,""10plus"":716,""2to4"":562,""5to9"":307},{""1"":9079,""10plus"":937,""2to4"":4466,""5to9"":1313},{""1"":30040,""10plus"":23,""2to4"":4722,""5to9"":327},{""1"":38621,""10plus"":0,""2to4"":711,""5to9"":0},{""1"":36799,""10plus"":0,""2to4"":44,""5to9"":0},{""1"":33808,""10plus"":0,""2to4"":1,""5to9"":0},{""1"":30889,""10plus"":0,""2to4"":0,""5to9"":0}]",0.8629746250007884,1.7625880848609086,1654919168
oth,ud23_oth,ATHENAEUS,4352f04fcfd7cbe580caddf69f309034ffb967d5d1bc8a8e809498de5bf8d329,0,original,8,105,0.5,8884,25786c46d8942b5698e0ecaa687879a9057767e5b3103661399b16d91434961b,20496,23231,47181,53304,-10109.644555426057,,74a1e6bd3248b9332655ba2830d691a812dbbbba1d39edf98c47e6fd14826ef5,-160220.18919385248,170427,85,0.0,20,3456,53304,"[1,86,1911,11610,26019,33823,34577,32532,29868]","[{""1"":0,""10plus"":1,""2to4"":0,""5to9"":0},{""1"":9,""10plus"":59,""2to4"":11,""5to9"":7},{""1"":535,""10plus"":634,""2to4"":474,""5to9"":268},{""1"":6453,""10plus"":905,""2to4"":3227,""5to9"":1025},{""1"":20163,""10plus"":327,""2to4"":4721,""5to9"":808},{""1"":30719,""10plus"":61,""2to4"":2810,""5to9"":233},{""1"":33461,""10plus"":5,""2to4"":1059,""5to9"":52},{""1"":32154,""10plus"":2,""2to4"":365,""5to9"":11},{""1"":29715,""10plus"":2,""2to4"":146,""5to9"":5}]",0.6068593339987274,0.6323748268878262,1276583936
oth,ud23_oth,ATHENAEUS,4352f04fcfd7cbe580caddf69f309034ffb967d5d1bc8a8e809498de5bf8d329,0,shuffled,8,105,0.5,8884,25786c46d8942b5698e0ecaa687879a9057767e5b3103661399b16d91434961b,20496,23231,47181,53304,4723.557541187591,,b4bdea06235821e85eb8dc943734783776201b7b6960e7679471726c5800b08b,-170329.83374927854,191540,85,1.0,20,3456,53304,"[1,86,2168,15832,35144,38885,36207,33090,30127]","[{""1"":0,""10plus"":1,""2to4"":0,""5to9"":0},{""1"":10,""10plus"":58,""2to4"":10,""5to9"":8},{""1"":593,""10plus"":735,""2to4"":539,""5to9"":301},{""1"":9012,""10plus"":947,""2to4"":4531,""5to9"":1342},{""1"":30098,""10plus"":18,""2to4"":4776,""5to9"":252},{""1"":38233,""10plus"":0,""2to4"":650,""5to9"":2},{""1"":36155,""10plus"":0,""2to4"":52,""5to9"":0},{""1"":33086,""10plus"":0,""2to4"":4,""5to9"":0},{""1"":30126,""10plus"":0,""2to4"":1,""5to9"":0}]",1.0260989580001478,0.634714498937683,1276583936
oth,ud23_oth,ATHENAEUS,4352f04fcfd7cbe580caddf69f309034ffb967d5d1bc8a8e809498de5bf8d329,1,original,8,105,0.5,8884,b2bfbb0f5bdd4a462ef3196e8e4c5d382406cf849cdbaafd13642af5e6314a32,20385,23231,47126,53304,-10149.53519302138,,c10e4942565154138af20d18d4ee8303500c21d3e02312e3f226b66a1f312cd3,-160396.15612689732,171493,85,0.0,20,3434,53304,"[1,86,1895,11665,26187,34098,34786,32726,30049]","[{""1"":0,""10plus"":1,""2to4"":0,""5to9"":0},{""1"":10,""10plus"":58,""2to4"":9,""5to9"":9},{""1"":496,""10plus"":645,""2to4"":497,""5to9"":257},{""1"":6447,""10plus"":897,""2to4"":3300,""5to9"":1021},{""1"":20352,""10plus"":332,""2to4"":4695,""5to9"":808},{""1"":31125,""10plus"":52,""2to4"":2691,""5to9"":230},{""1"":33745,""10plus"":7,""2to4"":985,""5to9"":49},{""1"":32409,""10plus"":2,""2to4"":304,""5to9"":11},{""1"":29932,""10plus"":2,""2to4"":112,""5to9"":3}]",0.6191793340003642,0.6316809722738981,1654919168
oth,ud23_oth,ATHENAEUS,4352f04fcfd7cbe580caddf69f309034ffb967d5d1bc8a8e809498de5bf8d329,1,shuffled,8,105,0.5,8884,b2bfbb0f5bdd4a462ef3196e8e4c5d382406cf849cdbaafd13642af5e6314a32,20385,23231,47126,53304,4703.155958820978,,0ec9d5aba7e89edd1f3fcb711d713be507ecba565788a7fbcab643ae863812d1,-170545.6913199187,192299,85,1.0,20,3434,53304,"[1,85,2197,15932,35350,38966,36311,33203,30254]","[{""1"":0,""10plus"":1,""2to4"":0,""5to9"":0},{""1"":10,""10plus"":59,""2to4"":8,""5to9"":8},{""1"":593,""10plus"":728,""2to4"":571,""5to9"":305},{""1"":9092,""10plus"":921,""2to4"":4534,""5to9"":1385},{""1"":30373,""10plus"":14,""2to4"":4707,""5to9"":256},{""1"":38315,""10plus"":0,""2to4"":650,""5to9"":1},{""1"":36265,""10plus"":0,""2to4"":46,""5to9"":0},{""1"":33202,""10plus"":0,""2to4"":1,""5to9"":0},{""1"":30254,""10plus"":0,""2to4"":0,""5to9"":0}]",1.0105783330000122,0.6328208610284491,1654919168
oth,ud23_oth,ATHENAEUS,4352f04fcfd7cbe580caddf69f309034ffb967d5d1bc8a8e809498de5bf8d329,2,original,8,105,0.5,8884,27096f9c73154f691a31dd8432cf01e6ab7aa4c10092b84a2e63f36d7e834c11,20413,23231,47019,53304,-10209.941263319488,,df5e6b0c12351fb165367ae211ea44495432c831669efdb75e126769bb6fe1a9,-160517.28502399853,170096,84,0.0,21,3490,53304,"[1,85,1919,11689,26049,33805,34458,32398,29692]","[{""1"":0,""10plus"":1,""2to4"":0,""5to9"":0},{""1"":8,""10plus"":59,""2to4"":10,""5to9"":8},{""1"":527,""10plus"":640,""2to4"":478,""5to9"":274},{""1"":6486,""10plus"":901,""2to4"":3301,""5to9"":1001},{""1"":20223,""10plus"":327,""2to4"":4674,""5to9"":825},{""1"":30779,""10plus"":54,""2to4"":2729,""5to9"":243},{""1"":33355,""10plus"":3,""2to4"":1050,""5to9"":50},{""1"":32053,""10plus"":2,""2to4"":335,""5to9"":8},{""1"":29552,""10plus"":2,""2to4"":136,""5to9"":2}]",0.6111597499984782,0.6330478388954361,1654919168
oth,ud23_oth,ATHENAEUS,4352f04fcfd7cbe580caddf69f309034ffb967d5d1bc8a8e809498de5bf8d329,2,shuffled,8,105,0.5,8884,27096f9c73154f691a31dd8432cf01e6ab7aa4c10092b84a2e63f36d7e834c11,20413,23231,47019,53304,4701.115561159182,,d63a91a488d2fba176b2b5cf771b76335b631f00ab1b217c4728173130a1897b,-170727.22628731802,191216,84,1.0,21,3490,53304,"[1,85,2189,16029,35227,38791,36058,32910,29926]","[{""1"":0,""10plus"":1,""2to4"":0,""5to9"":0},{""1"":9,""10plus"":58,""2to4"":9,""5to9"":9},{""1"":583,""10plus"":730,""2to4"":551,""5to9"":325},{""1"":9257,""10plus"":910,""2to4"":4508,""5to9"":1354},{""1"":30266,""10plus"":5,""2to4"":4685,""5to9"":271},{""1"":38175,""10plus"":0,""2to4"":616,""5to9"":0},{""1"":36018,""10plus"":0,""2to4"":40,""5to9"":0},{""1"":32906,""10plus"":0,""2to4"":4,""5to9"":0},{""1"":29925,""10plus"":0,""2to4"":1,""5to9"":0}]",0.8455942500004312,0.6326276578292891,1654919168
oth,ud23_oth,ATHENAEUS,4352f04fcfd7cbe580caddf69f309034ffb967d5d1bc8a8e809498de5bf8d329,3,original,8,105,0.5,8884,b4097d76f1bc973e0960e4b98c5a66cf143939e518e3585bf348f8130f7bde9b,20433,23231,47039,53304,-10277.48916208226,,237b57bec5b123e7a6c2252a063d678657ed84654a7717a191c904fd529863a1,-160383.1638518228,171078,85,0.0,20,3456,53304,"[1,86,1906,11748,26244,33958,34659,32587,29889]","[{""1"":0,""10plus"":1,""2to4"":0,""5to9"":0},{""1"":9,""10plus"":59,""2to4"":9,""5to9"":9},{""1"":509,""10plus"":642,""2to4"":484,""5to9"":271},{""1"":6521,""10plus"":885,""2to4"":3300,""5to9"":1042},{""1"":20448,""10plus"":321,""2to4"":4658,""5to9"":817},{""1"":30919,""10plus"":54,""2to4"":2751,""5to9"":234},{""1"":33595,""10plus"":6,""2to4"":1010,""5to9"":48},{""1"":32251,""10plus"":2,""2to4"":326,""5to9"":8},{""1"":29770,""10plus"":2,""2to4"":115,""5to9"":2}]",0.6476501659999485,0.6359837311902083,1654919168
oth,ud23_oth,ATHENAEUS,4352f04fcfd7cbe580caddf69f309034ffb967d5d1bc8a8e809498de5bf8d329,3,shuffled,8,105,0.5,8884,b4097d76f1bc973e0960e4b98c5a66cf143939e518e3585bf348f8130f7bde9b,20433,23231,47039,53304,4647.039076040266,,44304660bfc341e2553833cdcb451817df97f46ef724bb767cf0aa6aeac55026,-170660.65301390507,191924,85,1.0,20,3456,53304,"[1,85,2198,15962,35345,38924,36225,33082,30102]","[{""1"":0,""10plus"":1,""2to4"":0,""5to9"":0},{""1"":9,""10plus"":60,""2to4"":8,""5to9"":8},{""1"":605,""10plus"":733,""2to4"":552,""5to9"":308},{""1"":9130,""10plus"":906,""2to4"":4557,""5to9"":1369},{""1"":30427,""10plus"":16,""2to4"":4618,""5to9"":284},{""1"":38300,""10plus"":0,""2to4"":623,""5to9"":1},{""1"":36188,""10plus"":0,""2to4"":37,""5to9"":0},{""1"":33078,""10plus"":0,""2to4"":4,""5to9"":0},{""1"":30101,""10plus"":0,""2to4"":1,""5to9"":0}]",0.8443902500002878,0.6343125981002231,1654919168
oth,ud23_oth,ATHENAEUS,4352f04fcfd7cbe580caddf69f309034ffb967d5d1bc8a8e809498de5bf8d329,4,original,8,105,0.5,8884,93960d25c106e494d269e916b17903e6f906afbee6c52625522faabc4ffd5f4f,20427,23231,46923,53304,-10282.953758311982,,0a95a42fb068ca28f9ae3550fe3f9dad21e99b6ef0ad9be55df4cb45a49e1686,-160495.7704440202,170634,84,0.0,21,3468,53304,"[1,85,1899,11657,26220,33941,34598,32473,29760]","[{""1"":0,""10plus"":1,""2to4"":0,""5to9"":0},{""1"":11,""10plus"":59,""2to4"":7,""5to9"":8},{""1"":534,""10plus"":650,""2to4"":450,""5to9"":265},{""1"":6370,""10plus"":877,""2to4"":3372,""5to9"":1038},{""1"":20399,""10plus"":310,""2to4"":4684,""5to9"":827},{""1"":30946,""10plus"":55,""2to4"":2714,""5to9"":226},{""1"":33529,""10plus"":5,""2to4"":1016,""5to9"":48},{""1"":32128,""10plus"":2,""2to4"":334,""5to9"":9},{""1"":29630,""10plus"":2,""2to4"":125,""5to9"":3}]",0.6202375840002787,0.6267666631283646,1654919168
oth,ud23_oth,ATHENAEUS,4352f04fcfd7cbe580caddf69f309034ffb967d5d1bc8a8e809498de5bf8d329,4,shuffled,8,105,0.5,8884,93960d25c106e494d269e916b17903e6f906afbee6c52625522faabc4ffd5f4f,20427,23231,46923,53304,4767.911123250698,,2ba6fd78111bc874781784ed6fe17461dd2ebf0fc5bbdc5df9f1d16226556f36,-170778.72420233217,191572,84,1.0,21,3468,53304,"[1,84,2197,16038,35294,38850,36143,32984,29981]","[{""1"":0,""10plus"":1,""2to4"":0,""5to9"":0},{""1"":10,""10plus"":59,""2to4"":7,""5to9"":8},{""1"":586,""10plus"":734,""2to4"":546,""5to9"":331},{""1"":9258,""10plus"":917,""2to4"":4500,""5to9"":1363},{""1"":30322,""10plus"":15,""2to4"":4700,""5to9"":257},{""1"":38231,""10plus"":0,""2to4"":618,""5to9"":1},{""1"":36101,""10plus"":0,""2to4"":42,""5to9"":0},{""1"":32982,""10plus"":0,""2to4"":2,""5to9"":0},{""1"":29981,""10plus"":0,""2to4"":0,""5to9"":0}]",1.0156092919969524,0.6274434481674689,1654919168
oth,ud23_oth,ATHENAEUS,4352f04fcfd7cbe580caddf69f309034ffb967d5d1bc8a8e809498de5bf8d329,5,original,8,105,0.5,8884,fb646b822c59b13bb7cf5b230b2fae219d8d02de2432c0f0dfdb0e25a37b6586,20441,23231,46954,53304,-10259.8923133949,,9ba48c6f37be285ec5a16d272f6e959afde6b3e5b8c55153dec9eef99e6d88e6,-160192.79311006638,170113,84,0.0,21,3469,53304,"[1,85,1891,11628,26024,33768,34491,32456,29769]","[{""1"":0,""10plus"":1,""2to4"":0,""5to9"":0},{""1"":9,""10plus"":57,""2to4"":10,""5to9"":9},{""1"":505,""10plus"":639,""2to4"":477,""5to9"":270},{""1"":6468,""10plus"":902,""2to4"":3248,""5to9"":1010},{""1"":20246,""10plus"":335,""2to4"":4614,""5to9"":829},{""1"":30722,""10plus"":57,""2to4"":2740,""5to9"":249},{""1"":33352,""10plus"":6,""2to4"":1084,""5to9"":49},{""1"":32074,""10plus"":3,""2to4"":368,""5to9"":11},{""1"":29619,""10plus"":2,""2to4"":141,""5to9"":7}]",0.6131382919993484,0.6288663759769406,1654919168
oth,ud23_oth,ATHENAEUS,4352f04fcfd7cbe580caddf69f309034ffb967d5d1bc8a8e809498de5bf8d329,5,shuffled,8,105,0.5,8884,fb646b822c59b13bb7cf5b230b2fae219d8d02de2432c0f0dfdb0e25a37b6586,20441,23231,46954,53304,4738.2591711295245,,24cb0606ed96cbee1ea0cf918287dabf01b0bf927fbfe9ec21238768f80cd150,-170452.68542346128,191463,84,1.0,21,3469,53304,"[1,85,2165,15894,35324,38834,36138,33005,30017]","[{""1"":0,""10plus"":1,""2to4"":0,""5to9"":0},{""1"":9,""10plus"":57,""2to4"":11,""5to9"":8},{""1"":606,""10plus"":720,""2to4"":515,""5to9"":324},{""1"":9050,""10plus"":931,""2to4"":4581,""5to9"":1332},{""1"":30325,""10plus"":7,""2to4"":4736,""5to9"":256},{""1"":38196,""10plus"":0,""2to4"":638,""5to9"":0},{""1"":36092,""10plus"":0,""2to4"":46,""5to9"":0},{""1"":33001,""10plus"":0,""2to4"":4,""5to9"":0},{""1"":30017,""10plus"":0,""2to4"":0,""5to9"":0}]",0.8458148749996326,0.6274200807602028,1654919168
oth,ud23_oth,ATHENAEUS,4352f04fcfd7cbe580caddf69f309034ffb967d5d1bc8a8e809498de5bf8d329,6,original,8,105,0.5,8884,62a17239ba5b6021b907d9d9cc93df46d1370d57add9dfe3058fdb0d5b596da2,20426,23231,46999,53304,-10176.541002464248,,ddd09a9e54c718b0c98b6f44df0da6f611283924ad92de59d8ff80363e365f92,-160408.8373025953,170451,84,0.0,21,3467,53304,"[1,85,1900,11674,26153,33842,34553,32468,29775]","[{""1"":0,""10plus"":1,""2to4"":0,""5to9"":0},{""1"":12,""10plus"":57,""2to4"":6,""5to9"":10},{""1"":514,""10plus"":635,""2to4"":467,""5to9"":284},{""1"":6469,""10plus"":894,""2to4"":3282,""5to9"":1029},{""1"":20360,""10plus"":339,""2to4"":4671,""5to9"":783},{""1"":30777,""10plus"":56,""2to4"":2777,""5to9"":232},{""1"":33449,""10plus"":4,""2to4"":1054,""5to9"":46},{""1"":32104,""10plus"":2,""2to4"":354,""5to9"":8},{""1"":29622,""10plus"":2,""2to4"":148,""5to9"":3}]",0.6492543329986802,0.6314958889342961,1654919168
oth,ud23_oth,ATHENAEUS,4352f04fcfd7cbe580caddf69f309034ffb967d5d1bc8a8e809498de5bf8d329,6,shuffled,8,105,0.5,8884,62a17239ba5b6021b907d9d9cc93df46d1370d57add9dfe3058fdb0d5b596da2,20426,23231,46999,53304,4785.658371348778,,add0d7ce1777cfbcafd452a85866ee7e0ca729645ac81f28b7d8b510173fac10,-170585.37830505954,191779,84,1.0,21,3467,53304,"[1,83,2182,16012,35396,38914,36148,33008,30035]","[{""1"":0,""10plus"":1,""2to4"":0,""5to9"":0},{""1"":10,""10plus"":58,""2to4"":6,""5to9"":9},{""1"":560,""10plus"":722,""2to4"":569,""5to9"":331},{""1"":9174,""10plus"":900,""2to4"":4564,""5to9"":1374},{""1"":30448,""10plus"":17,""2to4"":4705,""5to9"":226},{""1"":38334,""10plus"":0,""2to4"":579,""5to9"":1},{""1"":36102,""10plus"":0,""2to4"":46,""5to9"":0},{""1"":33004,""10plus"":0,""2to4"":4,""5to9"":0},{""1"":30035,""10plus"":0,""2to4"":0,""5to9"":0}]",0.8524130830010108,0.637366915900202,1654919168
oth,ud23_oth,ATHENAEUS,4352f04fcfd7cbe580caddf69f309034ffb967d5d1bc8a8e809498de5bf8d329,7,original,8,105,0.5,8884,3547152c2dde8d408d27431d66912b2160e9be71865f90ed51f7f53c2cab5c28,20286,23231,46944,53304,-10124.313382297085,,9a975cce5097cbeab7f1e8f87549a532f47e145078243bf8d8d43fcb0010e745,-160613.2594644677,170409,82,0.0,23,3470,53304,"[1,83,1917,11739,26132,33855,34515,32440,29727]","[{""1"":0,""10plus"":1,""2to4"":0,""5to9"":0},{""1"":4,""10plus"":60,""2to4"":11,""5to9"":8},{""1"":526,""10plus"":639,""2to4"":463,""5to9"":289},{""1"":6525,""10plus"":892,""2to4"":3294,""5to9"":1028},{""1"":20289,""10plus"":310,""2to4"":4706,""5to9"":827},{""1"":30833,""10plus"":58,""2to4"":2737,""5to9"":227},{""1"":33405,""10plus"":6,""2to4"":1063,""5to9"":41},{""1"":32067,""10plus"":2,""2to4"":365,""5to9"":6},{""1"":29570,""10plus"":2,""2to4"":154,""5to9"":1}]",0.6459830419989885,0.6237465242556937,1654919168
oth,ud23_oth,ATHENAEUS,4352f04fcfd7cbe580caddf69f309034ffb967d5d1bc8a8e809498de5bf8d329,7,shuffled,8,105,0.5,8884,3547152c2dde8d408d27431d66912b2160e9be71865f90ed51f7f53c2cab5c28,20286,23231,46944,53304,4732.325379241258,,d2fb273c9db67c4e4d136754fb85ad3275496b805d3a3666e5e79be4b65095a7,-170737.5728467648,191555,82,1.0,23,3470,53304,"[1,83,2223,16035,35298,38823,36137,32979,29976]","[{""1"":0,""10plus"":1,""2to4"":0,""5to9"":0},{""1"":5,""10plus"":60,""2to4"":10,""5to9"":8},{""1"":617,""10plus"":730,""2to4"":569,""5to9"":307},{""1"":9256,""10plus"":923,""2to4"":4526,""5to9"":1330},{""1"":30328,""10plus"":15,""2to4"":4710,""5to9"":245},{""1"":38179,""10plus"":0,""2to4"":644,""5to9"":0},{""1"":36099,""10plus"":0,""2to4"":38,""5to9"":0},{""1"":32979,""10plus"":0,""2to4"":0,""5to9"":0},{""1"":29976,""10plus"":0,""2to4"":0,""5to9"":0}]",0.8435951669998758,0.6289357267924061,1654919168
oth,ud23_oth,ATHENAEUS,4352f04fcfd7cbe580caddf69f309034ffb967d5d1bc8a8e809498de5bf8d329,8,original,8,105,0.5,8884,190282d5634159345d5c1a7c27dd0fae409608b0d159d621307773ae573f0c2d,20345,23231,46779,53304,-10179.178731648892,,d3ddb30475d2415df594f4aadc8680bdf0863fa79df1d43484d935283e655543,-160266.1215014323,169402,83,0.0,22,3528,53304,"[1,84,1896,11677,26090,33692,34324,32190,29448]","[{""1"":0,""10plus"":1,""2to4"":0,""5to9"":0},{""1"":9,""10plus"":57,""2to4"":8,""5to9"":10},{""1"":511,""10plus"":646,""2to4"":470,""5to9"":269},{""1"":6502,""10plus"":877,""2to4"":3277,""5to9"":1021},{""1"":20351,""10plus"":326,""2to4"":4626,""5to9"":787},{""1"":30641,""10plus"":57,""2to4"":2776,""5to9"":218},{""1"":33236,""10plus"":3,""2to4"":1048,""5to9"":37},{""1"":31847,""10plus"":2,""2to4"":335,""5to9"":6},{""1"":29313,""10plus"":2,""2to4"":132,""5to9"":1}]",0.6187324999991688,0.6283158338810608,1654919168
oth,ud23_oth,ATHENAEUS,4352f04fcfd7cbe580caddf69f309034ffb967d5d1bc8a8e809498de5bf8d329,8,shuffled,8,105,0.5,8884,190282d5634159345d5c1a7c27dd0fae409608b0d159d621307773ae573f0c2d,20345,23231,46779,53304,4668.69309589325,,b18673adecf499a858e4f42bcb93384107155cad81bf7cfd0c3e6c30804026ee,-170445.3002330812,189929,83,1.0,22,3528,53304,"[1,84,2180,15962,34961,38558,35858,32671,29654]","[{""1"":0,""10plus"":1,""2to4"":0,""5to9"":0},{""1"":9,""10plus"":56,""2to4"":8,""5to9"":11},{""1"":577,""10plus"":718,""2to4"":539,""5to9"":346},{""1"":9230,""10plus"":903,""2to4"":4499,""5to9"":1330},{""1"":29962,""10plus"":11,""2to4"":4722,""5to9"":266},{""1"":37864,""10plus"":0,""2to4"":694,""5to9"":0},{""1"":35810,""10plus"":0,""2to4"":48,""5to9"":0},{""1"":32669,""10plus"":0,""2to4"":2,""5to9"":0},{""1"":29654,""10plus"":0,""2to4"":0,""5to9"":0}]",1.0020540410005196,0.6258161432706402,1654919168
oth,ud23_oth,ATHENAEUS,4352f04fcfd7cbe580caddf69f309034ffb967d5d1bc8a8e809498de5bf8d329,9,original,8,105,0.5,8884,266fff7a3d7ff1281b328a2bdaa026fd742f70617a6996d68995b7af04c8fb48,20359,23231,46978,53304,-10197.740560357226,,1ff08723b26cf434e6c99f7023c88438e16426de4a63b061f76feb468253e2f2,-160223.65145133578,170768,82,0.0,23,3453,53304,"[1,83,1897,11613,26070,33901,34653,32602,29948]","[{""1"":0,""10plus"":1,""2to4"":0,""5to9"":0},{""1"":7,""10plus"":57,""2to4"":9,""5to9"":10},{""1"":526,""10plus"":632,""2to4"":463,""5to9"":276},{""1"":6458,""10plus"":899,""2to4"":3215,""5to9"":1041},{""1"":20233,""10plus"":324,""2to4"":4696,""5to9"":817},{""1"":30825,""10plus"":56,""2to4"":2789,""5to9"":231},{""1"":33557,""10plus"":5,""2to4"":1051,""5to9"":40},{""1"":32241,""10plus"":2,""2to4"":354,""5to9"":5},{""1"":29815,""10plus"":2,""2to4"":130,""5to9"":1}]",0.575237166001898,0.6267547507814015,1654919168
oth,ud23_oth,ATHENAEUS,4352f04fcfd7cbe580caddf69f309034ffb967d5d1bc8a8e809498de5bf8d329,9,shuffled,8,105,0.5,8884,266fff7a3d7ff1281b328a2bdaa026fd742f70617a6996d68995b7af04c8fb48,20359,23231,46978,53304,4805.8362398899335,,b18a188bfe50cc795e3de14dbb51a2c84e562e6ef74cae58ca81a79e67e2da5f,-170421.392011693,191900,82,1.0,23,3453,53304,"[1,83,2149,15902,35279,38945,36257,33121,30163]","[{""1"":0,""10plus"":1,""2to4"":0,""5to9"":0},{""1"":8,""10plus"":58,""2to4"":8,""5to9"":9},{""1"":580,""10plus"":724,""2to4"":517,""5to9"":328},{""1"":9079,""10plus"":934,""2to4"":4565,""5to9"":1324},{""1"":30257,""10plus"":10,""2to4"":4767,""5to9"":245},{""1"":38324,""10plus"":0,""2to4"":621,""5to9"":0},{""1"":36227,""10plus"":0,""2to4"":30,""5to9"":0},{""1"":33120,""10plus"":0,""2to4"":1,""5to9"":0},{""1"":30163,""10plus"":0,""2to4"":0,""5to9"":0}]",0.9902367499998945,0.6311034291320539,1654919168
oth,ud23_oth,HERODOTUS,89f0804afded8e7a0f4e1b507030d5ef4ecaf17e422c8b2969bd6b23e62818e6,0,original,8,105,0.5,8884,7a78bd6f1325d0c22a2dee96f504c62fe1c652cf21ee58f59f2f09a04506bd93,15391,17349,46812,53304,-10534.62813280389,,d20e370d8507d05b080db0237362297ee60d74f97f11221bccb05780ac6294b1,-159436.72600309065,167504,85,0.0,20,3562,53304,"[1,86,1888,11351,25564,33346,34040,31961,29267]","[{""1"":0,""10plus"":1,""2to4"":0,""5to9"":0},{""1"":6,""10plus"":57,""2to4"":18,""5to9"":5},{""1"":537,""10plus"":629,""2to4"":466,""5to9"":256},{""1"":6252,""10plus"":903,""2to4"":3165,""5to9"":1031},{""1"":19742,""10plus"":344,""2to4"":4659,""5to9"":819},{""1"":30296,""10plus"":62,""2to4"":2727,""5to9"":261},{""1"":32917,""10plus"":5,""2to4"":1054,""5to9"":64},{""1"":31568,""10plus"":3,""2to4"":378,""5to9"":12},{""1"":29097,""10plus"":2,""2to4"":164,""5to9"":4}]",0.5843338340000628,0.48448700802691747,1276583936
oth,ud23_oth,HERODOTUS,89f0804afded8e7a0f4e1b507030d5ef4ecaf17e422c8b2969bd6b23e62818e6,0,shuffled,8,105,0.5,8884,7a78bd6f1325d0c22a2dee96f504c62fe1c652cf21ee58f59f2f09a04506bd93,15391,17349,46812,53304,4705.357642426767,,38f7c398f5f0c35c8f11084991b8edc6dd25df1e921269ae5505125147c61991,-169971.35413589454,189329,85,1.0,20,3562,53304,"[1,86,2128,15672,35018,38514,35766,32577,29567]","[{""1"":0,""10plus"":1,""2to4"":0,""5to9"":0},{""1"":8,""10plus"":56,""2to4"":16,""5to9"":6},{""1"":556,""10plus"":725,""2to4"":535,""5to9"":312},{""1"":8939,""10plus"":939,""2to4"":4420,""5to9"":1374},{""1"":30086,""10plus"":16,""2to4"":4648,""5to9"":268},{""1"":37878,""10plus"":0,""2to4"":635,""5to9"":1},{""1"":35731,""10plus"":0,""2to4"":35,""5to9"":0},{""1"":32574,""10plus"":0,""2to4"":3,""5to9"":0},{""1"":29567,""10plus"":0,""2to4"":0,""5to9"":0}]",0.9975642500012327,0.4875230810375797,1276583936
oth,ud23_oth,HERODOTUS,89f0804afded8e7a0f4e1b507030d5ef4ecaf17e422c8b2969bd6b23e62818e6,1,original,8,105,0.5,8884,b5bc04fbbc617d3c191df69ed62a6aa25a0774e7840d96b015c6ab1ec823fce0,15397,17349,46942,53304,-10282.465938257083,,4c121ef6b679156c61066cb76a7fa684b524ed44be461441b9f73f3e32448030,-159677.122581926,168211,88,0.0,17,3534,53304,"[1,89,1887,11359,25695,33473,34196,32110,29401]","[{""1"":0,""10plus"":1,""2to4"":0,""5to9"":0},{""1"":9,""10plus"":58,""2to4"":17,""5to9"":5},{""1"":540,""10plus"":630,""2to4"":466,""5to9"":251},{""1"":6193,""10plus"":927,""2to4"":3231,""5to9"":1008},{""1"":19799,""10plus"":325,""2to4"":4744,""5to9"":827},{""1"":30373,""10plus"":58,""2to4"":2811,""5to9"":231},{""1"":33081,""10plus"":5,""2to4"":1061,""5to9"":49},{""1"":31722,""10plus"":2,""2to4"":379,""5to9"":7},{""1"":29244,""10plus"":2,""2to4"":154,""5to9"":1}]",0.5922876250006084,0.4916537737881299,1654919168
oth,ud23_oth,HERODOTUS,89f0804afded8e7a0f4e1b507030d5ef4ecaf17e422c8b2969bd6b23e62818e6,1,shuffled,8,105,0.5,8884,b5bc04fbbc617d3c191df69ed62a6aa25a0774e7840d96b015c6ab1ec823fce0,15397,17349,46942,53304,4672.686758690485,,7f59612fa14667e924889fc33597f3f71412f1edaa6c89ea76c654384b1e3810,-169959.58852018308,189420,88,1.0,17,3534,53304,"[1,88,2103,15673,34820,38567,35841,32674,29653]","[{""1"":0,""10plus"":1,""2to4"":0,""5to9"":0},{""1"":9,""10plus"":58,""2to4"":17,""5to9"":4},{""1"":548,""10plus"":725,""2to4"":533,""5to9"":297},{""1"":8946,""10plus"":961,""2to4"":4449,""5to9"":1317},{""1"":29662,""10plus"":15,""2to4"":4883,""5to9"":260},{""1"":37914,""10plus"":1,""2to4"":651,""5to9"":1},{""1"":35790,""10plus"":0,""2to4"":50,""5to9"":1},{""1"":32669,""10plus"":0,""2to4"":5,""5to9"":0},{""1"":29651,""10plus"":0,""2to4"":2,""5to9"":0}]",0.985448291998182,0.49270985811017454,1654919168
oth,ud23_oth,HERODOTUS,89f0804afded8e7a0f4e1b507030d5ef4ecaf17e422c8b2969bd6b23e62818e6,2,original,8,105,0.5,8884,e580e7e4cbca5a565e935724f8866cdca4b6863f0205f4e8a4e98f5ac49ad16e,15352,17349,46819,53304,-10335.666396820074,,067b5aa98317278cff015222eb689eb4a886d96fbf690a05f01db03548693b42,-159650.47987216932,168895,88,0.0,17,3509,53304,"[1,89,1890,11373,25783,33606,34357,32261,29535]","[{""1"":0,""10plus"":1,""2to4"":0,""5to9"":0},{""1"":11,""10plus"":59,""2to4"":14,""5to9"":5},{""1"":519,""10plus"":628,""2to4"":482,""5to9"":261},{""1"":6201,""10plus"":902,""2to4"":3218,""5to9"":1052},{""1"":19856,""10plus"":329,""2to4"":4791,""5to9"":807},{""1"":30513,""10plus"":54,""2to4"":2797,""5to9"":242},{""1"":33254,""10plus"":3,""2to4"":1053,""5to9"":47},{""1"":31897,""10plus"":2,""2to4"":358,""5to9"":4},{""1"":29394,""10plus"":2,""2to4"":138,""5to9"":1}]",0.5922602500031644,0.4920105777637218,1654919168
oth,ud23_oth,HERODOTUS,89f0804afded8e7a0f4e1b507030d5ef4ecaf17e422c8b2969bd6b23e62818e6,2,shuffled,8,105,0.5,8884,e580e7e4cbca5a565e935724f8866cdca4b6863f0205f4e8a4e98f5ac49ad16e,15352,17349,46819,53304,4761.896122703416,,5dadb57d6e5615d3dd6a74c3adae9db632bf716e8becdf5685a9bbde80db3026,-169986.1462689894,190015,88,1.0,17,3509,53304,"[1,89,2163,15718,34881,38621,35969,32794,29779]","[{""1"":0,""10plus"":1,""2to4"":0,""5to9"":0},{""1"":14,""10plus"":60,""2to4"":11,""5to9"":4},{""1"":590,""10plus"":723,""2to4"":533,""5to9"":317},{""1"":8992,""10plus"":943,""2to4"":4439,""5to9"":1344},{""1"":29820,""10plus"":14,""2to4"":4771,""5to9"":276},{""1"":37923,""10plus"":0,""2to4"":697,""5to9"":1},{""1"":35925,""10plus"":0,""2to4"":44,""5to9"":0},{""1"":32793,""10plus"":0,""2to4"":1,""5to9"":0},{""1"":29779,""10plus"":0,""2to4"":0,""5to9"":0}]",0.9861089999976684,0.4934381872699305,1654919168
oth,ud23_oth,HERODOTUS,89f0804afded8e7a0f4e1b507030d5ef4ecaf17e422c8b2969bd6b23e62818e6,3,original,8,105,0.5,8884,c75a767319c2bbb7847829eaf805ece165f4c8174542aef09757cd951dd258e6,15354,17349,46863,53304,-10387.677703812718,,64480cdd5d2fc58fbc8099f125cf843d24483b7c94f1d91f8361f0d5b9cfa043,-159496.52988789897,167569,85,0.0,20,3562,53304,"[1,86,1875,11321,25619,33374,34073,31978,29242]","[{""1"":0,""10plus"":1,""2to4"":0,""5to9"":0},{""1"":8,""10plus"":58,""2to4"":12,""5to9"":8},{""1"":507,""10plus"":621,""2to4"":482,""5to9"":265},{""1"":6197,""10plus"":914,""2to4"":3197,""5to9"":1013},{""1"":19805,""10plus"":324,""2to4"":4620,""5to9"":870},{""1"":30242,""10plus"":59,""2to4"":2838,""5to9"":235},{""1"":32930,""10plus"":4,""2to4"":1090,""5to9"":49},{""1"":31606,""10plus"":2,""2to4"":362,""5to9"":8},{""1"":29100,""10plus"":2,""2to4"":138,""5to9"":2}]",0.5891192499984754,0.4855277770002431,1654919168
oth,ud23_oth,HERODOTUS,89f0804afded8e7a0f4e1b507030d5ef4ecaf17e422c8b2969bd6b23e62818e6,3,shuffled,8,105,0.5,8884,c75a767319c2bbb7847829eaf805ece165f4c8174542aef09757cd951dd258e6,15354,17349,46863,53304,4733.727221190027,,589f10cb651b804ca7a1b8fd03a8561e7aa8d1ec52096c07515a6e518a4df315,-169884.2075917117,188966,85,1.0,20,3562,53304,"[1,85,2150,15653,34852,38498,35734,32516,29477]","[{""1"":0,""10plus"":1,""2to4"":0,""5to9"":0},{""1"":9,""10plus"":59,""2to4"":14,""5to9"":3},{""1"":580,""10plus"":725,""2to4"":552,""5to9"":293},{""1"":8893,""10plus"":941,""2to4"":4485,""5to9"":1334},{""1"":29857,""10plus"":13,""2to4"":4706,""5to9"":276},{""1"":37874,""10plus"":0,""2to4"":624,""5to9"":0},{""1"":35702,""10plus"":0,""2to4"":32,""5to9"":0},{""1"":32516,""10plus"":0,""2to4"":0,""5to9"":0},{""1"":29477,""10plus"":0,""2to4"":0,""5to9"":0}]",0.9892378749973432,0.4874516460731684,1654919168
oth,ud23_oth,HERODOTUS,89f0804afded8e7a0f4e1b507030d5ef4ecaf17e422c8b2969bd6b23e62818e6,4,original,8,105,0.5,8884,6ac6e8cb5dd70374c839eaf705b46608c36556af071ac91a2ffb78b6ab035866,15385,17349,46837,53304,-10393.383138809382,,358d89f2874c9bb4caac05e2390e50469fc93385821b7bfb181199a9866ffa09,-159667.28824570082,168047,87,0.0,18,3549,53304,"[1,86,1887,11432,25736,33442,34102,32025,29336]","[{""1"":0,""10plus"":1,""2to4"":0,""5to9"":0},{""1"":10,""10plus"":58,""2to4"":14,""5to9"":4},{""1"":521,""10plus"":634,""2to4"":470,""5to9"":262},{""1"":6300,""10plus"":892,""2to4"":3206,""5to9"":1034},{""1"":19982,""10plus"":331,""2to4"":4621,""5to9"":802},{""1"":30395,""10plus"":56,""2to4"":2725,""5to9"":266},{""1"":32985,""10plus"":6,""2to4"":1051,""5to9"":60},{""1"":31648,""10plus"":2,""2to4"":362,""5to9"":13},{""1"":29197,""10plus"":2,""2to4"":132,""5to9"":5}]",0.588332667000941,0.48848607708350755,1654919168
oth,ud23_oth,HERODOTUS,89f0804afded8e7a0f4e1b507030d5ef4ecaf17e422c8b2969bd6b23e62818e6,4,shuffled,8,105,0.5,8884,6ac6e8cb5dd70374c839eaf705b46608c36556af071ac91a2ffb78b6ab035866,15385,17349,46837,53304,4751.843963482126,,b3af9531fd2c848008ec18aceb3101c31c47343fb72d1c14641d4f0d567f7f42,-170060.6713845102,189646,87,1.0,18,3549,53304,"[1,86,2135,15811,35065,38588,35800,32592,29568]","[{""1"":0,""10plus"":1,""2to4"":0,""5to9"":0},{""1"":10,""10plus"":57,""2to4"":15,""5to9"":4},{""1"":563,""10plus"":729,""2to4"":545,""5to9"":298},{""1"":9050,""10plus"":937,""2to4"":4486,""5to9"":1338},{""1"":30154,""10plus"":8,""2to4"":4643,""5to9"":260},{""1"":37987,""10plus"":0,""2to4"":601,""5to9"":0},{""1"":35770,""10plus"":0,""2to4"":30,""5to9"":0},{""1"":32592,""10plus"":0,""2to4"":0,""5to9"":0},{""1"":29568,""10plus"":0,""2to4"":0,""5to9"":0}]",0.9828562080001575,0.49110962885970366,1654919168
oth,ud23_oth,HERODOTUS,89f0804afded8e7a0f4e1b507030d5ef4ecaf17e422c8b2969bd6b23e62818e6,5,original,8,105,0.5,8884,ad2113daf6b33c3dbbb1f208b4f93f146b4bd36ccfd2bca611cec0b8d9dc78c0,15350,17349,46973,53304,-10511.740735493193,,3a8ce4d3356f32278f8a60f31c897b488307db90fe3a027c389a1931a8054c5b,-159471.4346419633,168567,87,0.0,18,3525,53304,"[1,86,1898,11391,25662,33522,34281,32214,29512]","[{""1"":0,""10plus"":1,""2to4"":0,""5to9"":0},{""1"":4,""10plus"":58,""2to4"":20,""5to9"":4},{""1"":528,""10plus"":627,""2to4"":482,""5to9"":261},{""1"":6278,""10plus"":911,""2to4"":3209,""5to9"":993},{""1"":19795,""10plus"":325,""2to4"":4682,""5to9"":860},{""1"":30412,""10plus"":52,""2to4"":2807,""5to9"":251},{""1"":33161,""10plus"":4,""2to4"":1062,""5to9"":54},{""1"":31842,""10plus"":2,""2to4"":362,""5to9"":8},{""1"":29370,""10plus"":2,""2to4"":139,""5to9"":1}]",0.5911988749976445,0.4897479912106064,1654919168
oth,ud23_oth,HERODOTUS,89f0804afded8e7a0f4e1b507030d5ef4ecaf17e422c8b2969bd6b23e62818e6,5,shuffled,8,105,0.5,8884,ad2113daf6b33c3dbbb1f208b4f93f146b4bd36ccfd2bca611cec0b8d9dc78c0,15350,17349,46973,53304,4680.323994137667,,b24071f0a42797ad7c5f714f174ba3ba26c57b81af34522313965a5736208fe2,-169983.1753774565,189812,87,1.0,18,3525,53304,"[1,87,2118,15611,34946,38643,35928,32744,29734]","[{""1"":0,""10plus"":1,""2to4"":0,""5to9"":0},{""1"":7,""10plus"":58,""2to4"":20,""5to9"":2},{""1"":569,""10plus"":724,""2to4"":513,""5to9"":312},{""1"":8851,""10plus"":943,""2to4"":4502,""5to9"":1315},{""1"":29882,""10plus"":10,""2to4"":4794,""5to9"":260},{""1"":37997,""10plus"":0,""2to4"":646,""5to9"":0},{""1"":35897,""10plus"":0,""2to4"":31,""5to9"":0},{""1"":32744,""10plus"":0,""2to4"":0,""5to9"":0},{""1"":29734,""10plus"":0,""2to4"":0,""5to9"":0}]",0.9846926669997629,0.49143874832589063,1654919168
oth,ud23_oth,HERODOTUS,89f0804afded8e7a0f4e1b507030d5ef4ecaf17e422c8b2969bd6b23e62818e6,6,original,8,105,0.5,8884,d8014baabfe3b849bb5cc0fa55481e0797e3ebd7d0383e61a9f597e7c08a43f7,15398,17349,46907,53304,-10439.1635935198,,ae5a2923a44469b92db9be6263268505c467a2301f73a1461b4083a6f631c324,-159303.72085938696,166990,88,0.0,17,3569,53304,"[1,89,1862,11251,25467,33261,33978,31905,29176]","[{""1"":0,""10plus"":1,""2to4"":0,""5to9"":0},{""1"":12,""10plus"":56,""2to4"":13,""5to9"":8},{""1"":522,""10plus"":629,""2to4"":455,""5to9"":256},{""1"":6165,""10plus"":908,""2to4"":3155,""5to9"":1023},{""1"":19635,""10plus"":348,""2to4"":4669,""5to9"":815},{""1"":30167,""10plus"":56,""2to4"":2780,""5to9"":258},{""1"":32805,""10plus"":5,""2to4"":1113,""5to9"":55},{""1"":31505,""10plus"":3,""2to4"":391,""5to9"":6},{""1"":28999,""10plus"":2,""2to4"":173,""5to9"":2}]",0.5883712909999304,0.4961837609371287,1654919168
oth,ud23_oth,HERODOTUS,89f0804afded8e7a0f4e1b507030d5ef4ecaf17e422c8b2969bd6b23e62818e6,6,shuffled,8,105,0.5,8884,d8014baabfe3b849bb5cc0fa55481e0797e3ebd7d0383e61a9f597e7c08a43f7,15398,17349,46907,53304,4641.054098406254,,adaa39575b7d4587d0fb2f494e8dcb2f2c8b94758d1326ccfcacb093a3e4ecc5,-169742.88445290676,188562,88,1.0,17,3569,53304,"[1,88,2127,15498,34725,38447,35707,32497,29472]","[{""1"":0,""10plus"":1,""2to4"":0,""5to9"":0},{""1"":12,""10plus"":57,""2to4"":12,""5to9"":7},{""1"":579,""10plus"":709,""2to4"":523,""5to9"":316},{""1"":8805,""10plus"":931,""2to4"":4428,""5to9"":1334},{""1"":29672,""10plus"":10,""2to4"":4751,""5to9"":292},{""1"":37793,""10plus"":0,""2to4"":654,""5to9"":0},{""1"":35668,""10plus"":0,""2to4"":39,""5to9"":0},{""1"":32494,""10plus"":0,""2to4"":3,""5to9"":0},{""1"":29471,""10plus"":0,""2to4"":1,""5to9"":0}]",0.9795202909990621,0.49221250897608115,1654919168
oth,ud23_oth,HERODOTUS,89f0804afded8e7a0f4e1b507030d5ef4ecaf17e422c8b2969bd6b23e62818e6,7,original,8,105,0.5,8884,917c32510cec305edf4328ae6197168cb935e00c1fe1e50d56d6418201b7b374,15302,17349,46911,53304,-10369.10030144066,,16b29da3a3a9d31d7829cec5912932d5eedc070c8da12f75e1d2311a51923069,-159668.31104823545,168088,85,0.0,20,3537,53304,"[1,86,1891,11444,25695,33347,34101,32090,29433]","[{""1"":0,""10plus"":1,""2to4"":0,""5to9"":0},{""1"":6,""10plus"":58,""2to4"":15,""5to9"":7},{""1"":517,""10plus"":632,""2to4"":477,""5to9"":265},{""1"":6316,""10plus"":906,""2to4"":3202,""5to9"":1020},{""1"":19895,""10plus"":343,""2to4"":4647,""5to9"":810},{""1"":30230,""10plus"":61,""2to4"":2789,""5to9"":267},{""1"":32914,""10plus"":6,""2to4"":1126,""5to9"":55},{""1"":31683,""10plus"":2,""2to4"":395,""5to9"":10},{""1"":29272,""10plus"":2,""2to4"":155,""5to9"":4}]",0.5912080410016642,0.4870379671556293,1654919168
oth,ud23_oth,HERODOTUS,89f0804afded8e7a0f4e1b507030d5ef4ecaf17e422c8b2969bd6b23e62818e6,7,shuffled,8,105,0.5,8884,917c32510cec305edf4328ae6197168cb935e00c1fe1e50d56d6418201b7b374,15302,17349,46911,53304,4622.5987653290795,,4722eeccf90c3fdcafd7df8e864fc9ab5ab1956388994042afa022fc2cfc9666,-170037.4113496761,189573,85,1.0,20,3537,53304,"[1,86,2180,15652,34851,38560,35855,32690,29698]","[{""1"":0,""10plus"":1,""2to4"":0,""5to9"":0},{""1"":7,""10plus"":58,""2to4"":16,""5to9"":5},{""1"":615,""10plus"":715,""2to4"":541,""5to9"":309},{""1"":8978,""10plus"":956,""2to4"":4396,""5to9"":1322},{""1"":29805,""10plus"":11,""2to4"":4747,""5to9"":288},{""1"":37895,""10plus"":0,""2to4"":664,""5to9"":1},{""1"":35808,""10plus"":0,""2to4"":47,""5to9"":0},{""1"":32685,""10plus"":0,""2to4"":5,""5to9"":0},{""1"":29697,""10plus"":0,""2to4"":1,""5to9"":0}]",0.9862045840018254,0.4878534631097864,1654919168
oth,ud23_oth,HERODOTUS,89f0804afded8e7a0f4e1b507030d5ef4ecaf17e422c8b2969bd6b23e62818e6,8,original,8,105,0.5,8884,2f9e1801ce5f5f374a0cf67793329145e319de33a67b47bda185ce92807d60ca,15353,17349,46753,53304,-10432.674258829735,,2d646069ec7a07010e75a940e2d42e9e4f2ece68ba572e519da2c4f938560424,-159526.53062198832,167680,86,0.0,19,3547,53304,"[1,86,1861,11338,25553,33373,34107,32042,29319]","[{""1"":0,""10plus"":1,""2to4"":0,""5to9"":0},{""1"":8,""10plus"":57,""2to4"":16,""5to9"":5},{""1"":498,""10plus"":621,""2to4"":464,""5to9"":278},{""1"":6213,""10plus"":904,""2to4"":3210,""5to9"":1011},{""1"":19683,""10plus"":331,""2to4"":4719,""5to9"":820},{""1"":30214,""10plus"":57,""2to4"":2853,""5to9"":249},{""1"":32956,""10plus"":5,""2to4"":1098,""5to9"":48},{""1"":31641,""10plus"":2,""2to4"":393,""5to9"":6},{""1"":29151,""10plus"":2,""2to4"":165,""5to9"":1}]",0.606014500001038,0.49045784692498273,1654919168
oth,ud23_oth,HERODOTUS,89f0804afded8e7a0f4e1b507030d5ef4ecaf17e422c8b2969bd6b23e62818e6,8,shuffled,8,105,0.5,8884,2f9e1801ce5f5f374a0cf67793329145e319de33a67b47bda185ce92807d60ca,15353,17349,46753,53304,4606.429631043633,,26e0632d5c559d78df939ae95af185fedba784e7bd58b9890440009e92ba5d02,-169959.20488081806,189156,86,1.0,19,3547,53304,"[1,87,2124,15573,34830,38556,35794,32610,29581]","[{""1"":0,""10plus"":1,""2to4"":0,""5to9"":0},{""1"":10,""10plus"":57,""2to4"":15,""5to9"":5},{""1"":548,""10plus"":717,""2to4"":551,""5to9"":308},{""1"":8825,""10plus"":949,""2to4"":4488,""5to9"":1311},{""1"":29735,""10plus"":7,""2to4"":4830,""5to9"":258},{""1"":37911,""10plus"":0,""2to4"":645,""5to9"":0},{""1"":35746,""10plus"":0,""2to4"":48,""5to9"":0},{""1"":32607,""10plus"":0,""2to4"":3,""5to9"":0},{""1"":29580,""10plus"":0,""2to4"":1,""5to9"":0}]",0.9955583749979269,0.4874902449300862,1654919168
oth,ud23_oth,HERODOTUS,89f0804afded8e7a0f4e1b507030d5ef4ecaf17e422c8b2969bd6b23e62818e6,9,original,8,105,0.5,8884,7a5260cf105f139de8e35ef2891a5a27606d66b4370bac0304d431ade0467b82,15310,17349,46994,53304,-10442.600077110867,,9847273aa51bb3c341525aa716535039cbded6727b9fb6d877543c60463730a5,-159732.6022899133,167808,87,0.0,18,3558,53304,"[1,87,1895,11392,25646,33423,34103,31982,29279]","[{""1"":0,""10plus"":1,""2to4"":0,""5to9"":0},{""1"":7,""10plus"":58,""2to4"":16,""5to9"":6},{""1"":522,""10plus"":634,""2to4"":476,""5to9"":263},{""1"":6296,""10plus"":914,""2to4"":3189,""5to9"":993},{""1"":19774,""10plus"":340,""2to4"":4707,""5to9"":825},{""1"":30328,""10plus"":55,""2to4"":2802,""5to9"":238},{""1"":32985,""10plus"":5,""2to4"":1064,""5to9"":49},{""1"":31596,""10plus"":3,""2to4"":376,""5to9"":7},{""1"":29136,""10plus"":2,""2to4"":139,""5to9"":2}]",0.5640256249971571,0.4884621789387893,1654919168
oth,ud23_oth,HERODOTUS,89f0804afded8e7a0f4e1b507030d5ef4ecaf17e422c8b2969bd6b23e62818e6,9,shuffled,8,105,0.5,8884,7a5260cf105f139de8e35ef2891a5a27606d66b4370bac0304d431ade0467b82,15310,17349,46994,53304,4718.354325499735,,6d5b8428abb47eb7d91bfe78486c0f1b520fee2c41a9ab9245aa3310456f9364,-170175.20236702418,189199,87,1.0,18,3558,53304,"[1,86,2159,15759,34921,38458,35742,32550,29523]","[{""1"":0,""10plus"":1,""2to4"":0,""5to9"":0},{""1"":9,""10plus"":58,""2to4"":14,""5to9"":5},{""1"":579,""10plus"":708,""2to4"":543,""5to9"":329},{""1"":9092,""10plus"":960,""2to4"":4407,""5to9"":1300},{""1"":29918,""10plus"":11,""2to4"":4708,""5to9"":284},{""1"":37767,""10plus"":0,""2to4"":691,""5to9"":0},{""1"":35683,""10plus"":0,""2to4"":59,""5to9"":0},{""1"":32545,""10plus"":0,""2to4"":5,""5to9"":0},{""1"":29523,""10plus"":0,""2to4"":0,""5to9"":0}]",0.9696933749983145,0.4933244025523891,1654919168
oth,ud23_oth,HESIODIC_TRADITION,c4c0c7eaeca0d61d2e53f4f0642bfa382e91dd28b470d2f4da2ba8539fe0e7f7,0,original,8,105,0.5,8884,085454b945941e9202783a8b061d0bdabd26275c74ce66d5b95e477bb769a16a,8098,9308,47048,53304,-10986.45754566486,,760c8b299a1a362d885f6fa68ab9ecc4368517dc18ba05458555356e07438045,-157685.30619981882,170696,84,0.0,21,3350,53304,"[1,84,1880,11295,25439,33569,34891,33083,30454]","[{""1"":0,""10plus"":1,""2to4"":0,""5to9"":0},{""1"":6,""10plus"":57,""2to4"":11,""5to9"":10},{""1"":537,""10plus"":627,""2to4"":459,""5to9"":257},{""1"":6261,""10plus"":883,""2to4"":3179,""5to9"":972},{""1"":19725,""10plus"":365,""2to4"":4503,""5to9"":846},{""1"":30243,""10plus"":68,""2to4"":2984,""5to9"":274},{""1"":33625,""10plus"":8,""2to4"":1215,""5to9"":43},{""1"":32666,""10plus"":0,""2to4"":413,""5to9"":4},{""1"":30304,""10plus"":0,""2to4"":150,""5to9"":0}]",0.587203082999622,0.23247273902416055,1276583936
oth,ud23_oth,HESIODIC_TRADITION,c4c0c7eaeca0d61d2e53f4f0642bfa382e91dd28b470d2f4da2ba8539fe0e7f7,0,shuffled,8,105,0.5,8884,085454b945941e9202783a8b061d0bdabd26275c74ce66d5b95e477bb769a16a,8098,9308,47048,53304,5027.228214312287,,62f5d50a5de2de8b56b67064e5abd66e1879a96b133eff772bea1fbb91999385,-168671.76374548368,192736,84,1.0,21,3350,53304,"[1,84,2128,15481,34856,39235,36693,33614,30644]","[{""1"":0,""10plus"":1,""2to4"":0,""5to9"":0},{""1"":8,""10plus"":58,""2to4"":9,""5to9"":9},{""1"":590,""10plus"":702,""2to4"":520,""5to9"":316},{""1"":8839,""10plus"":917,""2to4"":4360,""5to9"":1365},{""1"":29588,""10plus"":21,""2to4"":4939,""5to9"":308},{""1"":38544,""10plus"":0,""2to4"":691,""5to9"":0},{""1"":36648,""10plus"":0,""2to4"":45,""5to9"":0},{""1"":33611,""10plus"":0,""2to4"":3,""5to9"":0},{""1"":30644,""10plus"":0,""2to4"":0,""5to9"":0}]",1.0116605000002892,0.233357606062782,1276583936
oth,ud23_oth,HESIODIC_TRADITION,c4c0c7eaeca0d61d2e53f4f0642bfa382e91dd28b470d2f4da2ba8539fe0e7f7,1,original,8,105,0.5,8884,21b64b868f0945d392018b90f20b247a1c11938dbc20a8ddc1009d00ce1b1a78,8045,9308,47029,53304,-10821.262177750614,,b9e4aa9f9501ab3025caaa466ab41e8d7a5eadfc610d2826edf3c7b2a0900527,-157982.8488954397,170997,87,0.0,18,3378,53304,"[1,88,1886,11356,25521,33720,34956,33077,30392]","[{""1"":0,""10plus"":1,""2to4"":0,""5to9"":0},{""1"":11,""10plus"":58,""2to4"":12,""5to9"":7},{""1"":522,""10plus"":610,""2to4"":482,""5to9"":272},{""1"":6328,""10plus"":878,""2to4"":3183,""5to9"":967},{""1"":19787,""10plus"":374,""2to4"":4526,""5to9"":834},{""1"":30468,""10plus"":61,""2to4"":2906,""5to9"":285},{""1"":33801,""10plus"":2,""2to4"":1090,""5to9"":63},{""1"":32751,""10plus"":0,""2to4"":316,""5to9"":10},{""1"":30302,""10plus"":0,""2to4"":85,""5to9"":5}]",0.6242909579996194,0.23678975613074726,1654919168
oth,ud23_oth,HESIODIC_TRADITION,c4c0c7eaeca0d61d2e53f4f0642bfa382e91dd28b470d2f4da2ba8539fe0e7f7,1,shuffled,8,105,0.5,8884,21b64b868f0945d392018b90f20b247a1c11938dbc20a8ddc1009d00ce1b1a78,8045,9308,47029,53304,4997.8435859351885,,c5658a7e7e614a87830cb46d6ed4d8afd4604855515808f18d944e03b81182bb,-168804.11107319032,192151,87,1.0,18,3378,53304,"[1,87,2121,15496,34810,39073,36569,33483,30511]","[{""1"":0,""10plus"":1,""2to4"":0,""5to9"":0},{""1"":11,""10plus"":58,""2to4"":10,""5to9"":8},{""1"":555,""10plus"":699,""2to4"":555,""5to9"":312},{""1"":8788,""10plus"":909,""2to4"":4444,""5to9"":1355},{""1"":29609,""10plus"":24,""2to4"":4847,""5to9"":330},{""1"":38349,""10plus"":0,""2to4"":724,""5to9"":0},{""1"":36519,""10plus"":0,""2to4"":50,""5to9"":0},{""1"":33481,""10plus"":0,""2to4"":2,""5to9"":0},{""1"":30511,""10plus"":0,""2to4"":0,""5to9"":0}]",1.0122026660028496,0.23468367278474034,1654919168
oth,ud23_oth,HESIODIC_TRADITION,c4c0c7eaeca0d61d2e53f4f0642bfa382e91dd28b470d2f4da2ba8539fe0e7f7,2,original,8,105,0.5,8884,882fb6231e63532503aef5a7acb698cee7d827a00c773f88bd6cf20e4507daa6,7982,9308,47085,53304,-10603.463931477454,,1daf72bc85294d9df9b75ca0c52affbda11bf77701d131474ec9e06c624063d0,-158365.03475965993,170942,89,0.0,16,3385,53304,"[1,89,1886,11415,25665,33718,34849,32979,30340]","[{""1"":0,""10plus"":1,""2to4"":0,""5to9"":0},{""1"":9,""10plus"":58,""2to4"":15,""5to9"":7},{""1"":513,""10plus"":624,""2to4"":467,""5to9"":282},{""1"":6277,""10plus"":875,""2to4"":3270,""5to9"":993},{""1"":19910,""10plus"":378,""2to4"":4588,""5to9"":789},{""1"":30533,""10plus"":70,""2to4"":2845,""5to9"":270},{""1"":33660,""10plus"":5,""2to4"":1136,""5to9"":48},{""1"":32610,""10plus"":1,""2to4"":361,""5to9"":7},{""1"":30219,""10plus"":0,""2to4"":116,""5to9"":5}]",0.5740633749992412,0.2397630391023995,1654919168
oth,ud23_oth,HESIODIC_TRADITION,c4c0c7eaeca0d61d2e53f4f0642bfa382e91dd28b470d2f4da2ba8539fe0e7f7,2,shuffled,8,105,0.5,8884,882fb6231e63532503aef5a7acb698cee7d827a00c773f88bd6cf20e4507daa6,7982,9308,47085,53304,5053.397474849771,,ee3e0a55eeeb5d8d1a355abe90433e55ef6125065aef0e660cddf054b2942328,-168968.49869113739,192159,89,1.0,16,3385,53304,"[1,89,2155,15485,34878,39070,36540,33445,30496]","[{""1"":0,""10plus"":1,""2to4"":0,""5to9"":0},{""1"":9,""10plus"":58,""2to4"":13,""5to9"":9},{""1"":600,""10plus"":716,""2to4"":553,""5to9"":286},{""1"":8762,""10plus"":930,""2to4"":4471,""5to9"":1322},{""1"":29675,""10plus"":22,""2to4"":4852,""5to9"":329},{""1"":38353,""10plus"":0,""2to4"":717,""5to9"":0},{""1"":36496,""10plus"":0,""2to4"":44,""5to9"":0},{""1"":33442,""10plus"":0,""2to4"":3,""5to9"":0},{""1"":30496,""10plus"":0,""2to4"":0,""5to9"":0}]",0.9950473329990928,0.23746627299988177,1654919168
oth,ud23_oth,HESIODIC_TRADITION,c4c0c7eaeca0d61d2e53f4f0642bfa382e91dd28b470d2f4da2ba8539fe0e7f7,3,original,8,105,0.5,8884,36f9b01711d016661e45948f6924e670a50808c515ea105859e27effe76d9687,8072,9308,46964,53304,-10766.784575425292,,694616fa1a16233baebb13648a3a6857ff983e35e53c7b9c5f02584122743ae2,-158062.74160561577,170941,84,0.0,21,3390,53304,"[1,85,1896,11379,25729,33736,34856,32963,30296]","[{""1"":0,""10plus"":1,""2to4"":0,""5to9"":0},{""1"":6,""10plus"":58,""2to4"":11,""5to9"":10},{""1"":530,""10plus"":611,""2to4"":486,""5to9"":269},{""1"":6312,""10plus"":868,""2to4"":3187,""5to9"":1012},{""1"":20059,""10plus"":363,""2to4"":4492,""5to9"":815},{""1"":30575,""10plus"":69,""2to4"":2823,""5to9"":269},{""1"":33665,""10plus"":4,""2to4"":1135,""5to9"":52},{""1"":32592,""10plus"":0,""2to4"":365,""5to9"":6},{""1"":30166,""10plus"":0,""2to4"":129,""5to9"":1}]",0.6342627920021187,0.23411399011092726,1654919168
oth,ud23_oth,HESIODIC_TRADITION,c4c0c7eaeca0d61d2e53f4f0642bfa382e91dd28b470d2f4da2ba8539fe0e7f7,3,shuffled,8,105,0.5,8884,36f9b01711d016661e45948f6924e670a50808c515ea105859e27effe76d9687,8072,9308,46964,53304,5109.669210460939,,9c6058a8f3b28e074fd8a4d370fc89e6d7549b328541254cfcbc7d5fef835667,-168829.52618104106,192071,84,1.0,21,3390,53304,"[1,85,2137,15602,34805,39036,36523,33428,30454]","[{""1"":0,""10plus"":1,""2to4"":0,""5to9"":0},{""1"":7,""10plus"":58,""2to4"":11,""5to9"":9},{""1"":583,""10plus"":705,""2to4"":532,""5to9"":317},{""1"":8870,""10plus"":909,""2to4"":4496,""5to9"":1327},{""1"":29662,""10plus"":21,""2to4"":4797,""5to9"":325},{""1"":38295,""10plus"":0,""2to4"":739,""5to9"":2},{""1"":36476,""10plus"":0,""2to4"":47,""5to9"":0},{""1"":33427,""10plus"":0,""2to4"":1,""5to9"":0},{""1"":30454,""10plus"":0,""2to4"":0,""5to9"":0}]",0.8533487080021587,0.23298662074375898,1654919168
oth,ud23_oth,HESIODIC_TRADITION,c4c0c7eaeca0d61d2e53f4f0642bfa382e91dd28b470d2f4da2ba8539fe0e7f7,4,original,8,105,0.5,8884,5ebb81154ed17562ba311a0f1a1b07196ceeee0c1e04168f6f62e5b31c3af06e,8083,9308,47024,53304,-11042.600808231393,,0baadcff059287f0bb1fa5bc49479593a39aff24ec1a5297e1c09c2ad0e9ee89,-158131.1637615018,170636,85,0.0,20,3405,53304,"[1,86,1907,11427,25600,33674,34795,32906,30240]","[{""1"":0,""10plus"":1,""2to4"":0,""5to9"":0},{""1"":7,""10plus"":57,""2to4"":11,""5to9"":11},{""1"":542,""10plus"":623,""2to4"":475,""5to9"":267},{""1"":6387,""10plus"":877,""2to4"":3207,""5to9"":956},{""1"":19888,""10plus"":363,""2to4"":4555,""5to9"":794},{""1"":30492,""10plus"":67,""2to4"":2843,""5to9"":272},{""1"":33630,""10plus"":2,""2to4"":1104,""5to9"":59},{""1"":32542,""10plus"":0,""2to4"":358,""5to9"":6},{""1"":30118,""10plus"":0,""2to4"":121,""5to9"":1}]",0.6466457919996174,0.234351921830239,1654919168
oth,ud23_oth,HESIODIC_TRADITION,c4c0c7eaeca0d61d2e53f4f0642bfa382e91dd28b470d2f4da2ba8539fe0e7f7,4,shuffled,8,105,0.5,8884,5ebb81154ed17562ba311a0f1a1b07196ceeee0c1e04168f6f62e5b31c3af06e,8083,9308,47024,53304,5033.698535359144,,884e61e4643d17616d04f34278c20b723e8010e6df07c7b618b6b6fe80a83db9,-169173.7645697332,192127,85,1.0,20,3405,53304,"[1,86,2166,15692,34995,39016,36445,33347,30379]","[{""1"":0,""10plus"":1,""2to4"":0,""5to9"":0},{""1"":8,""10plus"":57,""2to4"":12,""5to9"":9},{""1"":606,""10plus"":720,""2to4"":552,""5to9"":288},{""1"":8973,""10plus"":876,""2to4"":4458,""5to9"":1385},{""1"":29959,""10plus"":13,""2to4"":4685,""5to9"":338},{""1"":38307,""10plus"":0,""2to4"":709,""5to9"":0},{""1"":36394,""10plus"":0,""2to4"":51,""5to9"":0},{""1"":33344,""10plus"":0,""2to4"":3,""5to9"":0},{""1"":30379,""10plus"":0,""2to4"":0,""5to9"":0}]",0.8509964580007363,0.23442053012331598,1654919168
oth,ud23_oth,HESIODIC_TRADITION,c4c0c7eaeca0d61d2e53f4f0642bfa382e91dd28b470d2f4da2ba8539fe0e7f7,5,original,8,105,0.5,8884,7bc0564de664e10cdbc2dcdf7b6fd65de8a086789b70ec4bacdc0d0ff1a960e5,8061,9308,47107,53304,-10938.071721932036,,a657156cad4cc48a9663ebcdcd1fd22db44e168a339b232f5445c1fddc96c19e,-158374.66492915808,170562,85,0.0,20,3402,53304,"[1,85,1896,11407,25610,33645,34782,32899,30237]","[{""1"":0,""10plus"":1,""2to4"":0,""5to9"":0},{""1"":9,""10plus"":57,""2to4"":9,""5to9"":10},{""1"":500,""10plus"":617,""2to4"":502,""5to9"":277},{""1"":6263,""10plus"":867,""2to4"":3289,""5to9"":988},{""1"":19863,""10plus"":355,""2to4"":4565,""5to9"":827},{""1"":30424,""10plus"":71,""2to4"":2885,""5to9"":265},{""1"":33585,""10plus"":3,""2to4"":1145,""5to9"":49},{""1"":32510,""10plus"":0,""2to4"":383,""5to9"":6},{""1"":30102,""10plus"":0,""2to4"":133,""5to9"":2}]",0.6506305829971097,0.2355223560189188,1654919168
oth,ud23_oth,HESIODIC_TRADITION,c4c0c7eaeca0d61d2e53f4f0642bfa382e91dd28b470d2f4da2ba8539fe0e7f7,5,shuffled,8,105,0.5,8884,7bc0564de664e10cdbc2dcdf7b6fd65de8a086789b70ec4bacdc0d0ff1a960e5,8061,9308,47107,53304,5005.335291750991,,9b1202cb79e5f4f7652cdb11e84215ff5cbdeb6eb7436a0d68e4fd670e97855b,-169312.73665109012,192184,85,1.0,20,3402,53304,"[1,86,2158,15702,34995,39010,36461,33371,30400]","[{""1"":0,""10plus"":1,""2to4"":0,""5to9"":0},{""1"":10,""10plus"":57,""2to4"":8,""5to9"":11},{""1"":593,""10plus"":701,""2to4"":529,""5to9"":335},{""1"":8993,""10plus"":930,""2to4"":4475,""5to9"":1304},{""1"":29959,""10plus"":16,""2to4"":4714,""5to9"":306},{""1"":38309,""10plus"":0,""2to4"":700,""5to9"":1},{""1"":36419,""10plus"":0,""2to4"":42,""5to9"":0},{""1"":33368,""10plus"":0,""2to4"":3,""5to9"":0},{""1"":30400,""10plus"":0,""2to4"":0,""5to9"":0}]",0.8578571670004749,0.2363451479213836,1654919168
oth,ud23_oth,HESIODIC_TRADITION,c4c0c7eaeca0d61d2e53f4f0642bfa382e91dd28b470d2f4da2ba8539fe0e7f7,6,original,8,105,0.5,8884,65068fd41bf67b5edd82cfa9374a7eee9d617e733f519e88d830b317627046cc,8089,9308,47182,53304,-11244.721404557466,,9c22f252bd7f1d4735b8bd269edf6dba350cfec4a450a6d763c4a032499ef8d6,-157961.6465778815,170709,90,0.0,15,3394,53304,"[1,90,1913,11463,25596,33619,34819,32945,30263]","[{""1"":0,""10plus"":1,""2to4"":0,""5to9"":0},{""1"":9,""10plus"":58,""2to4"":15,""5to9"":8},{""1"":543,""10plus"":623,""2to4"":485,""5to9"":262},{""1"":6405,""10plus"":863,""2to4"":3237,""5to9"":958},{""1"":19964,""10plus"":369,""2to4"":4458,""5to9"":805},{""1"":30464,""10plus"":69,""2to4"":2797,""5to9"":289},{""1"":33663,""10plus"":5,""2to4"":1108,""5to9"":43},{""1"":32606,""10plus"":0,""2to4"":332,""5to9"":7},{""1"":30160,""10plus"":0,""2to4"":101,""5to9"":2}]",0.6103336660016794,0.24038561987981666,1654919168
oth,ud23_oth,HESIODIC_TRADITION,c4c0c7eaeca0d61d2e53f4f0642bfa382e91dd28b470d2f4da2ba8539fe0e7f7,6,shuffled,8,105,0.5,8884,65068fd41bf67b5edd82cfa9374a7eee9d617e733f519e88d830b317627046cc,8089,9308,47182,53304,5052.571395883308,,5ea922aa8112194cc69d61d5b8db923cf0d882d37e77d2451813b48b16970e3d,-169206.36798243897,192210,90,1.0,15,3394,53304,"[1,89,2182,15758,34881,39033,36488,33378,30400]","[{""1"":0,""10plus"":1,""2to4"":0,""5to9"":0},{""1"":10,""10plus"":59,""2to4"":13,""5to9"":7},{""1"":609,""10plus"":724,""2to4"":555,""5to9"":294},{""1"":9113,""10plus"":888,""2to4"":4371,""5to9"":1386},{""1"":29796,""10plus"":20,""2to4"":4723,""5to9"":342},{""1"":38320,""10plus"":0,""2to4"":713,""5to9"":0},{""1"":36447,""10plus"":0,""2to4"":41,""5to9"":0},{""1"":33375,""10plus"":0,""2to4"":3,""5to9"":0},{""1"":30400,""10plus"":0,""2to4"":0,""5to9"":0}]",0.9926989169980516,0.24053139504394494,1654919168
oth,ud23_oth,HESIODIC_TRADITION,c4c0c7eaeca0d61d2e53f4f0642bfa382e91dd28b470d2f4da2ba8539fe0e7f7,7,original,8,105,0.5,8884,c2a7516d01340366523e76b95beb102ee6c52b195804763fe055bf0386b590a7,8097,9308,47078,53304,-10848.597453896626,,50bf7895a1d8fd1b4d8ee29fead30e4120baed97ac4015df6d8d32c709066920,-158021.92130933754,171235,86,0.0,19,3345,53304,"[1,85,1879,11320,25612,33720,34975,33140,30503]","[{""1"":0,""10plus"":1,""2to4"":0,""5to9"":0},{""1"":9,""10plus"":56,""2to4"":12,""5to9"":8},{""1"":521,""10plus"":622,""2to4"":480,""5to9"":256},{""1"":6211,""10plus"":876,""2to4"":3249,""5to9"":984},{""1"":19880,""10plus"":382,""2to4"":4526,""5to9"":824},{""1"":30458,""10plus"":71,""2to4"":2888,""5to9"":303},{""1"":33756,""10plus"":4,""2to4"":1156,""5to9"":59},{""1"":32758,""10plus"":1,""2to4"":369,""5to9"":12},{""1"":30363,""10plus"":0,""2to4"":136,""5to9"":4}]",0.6346417079985258,0.2339088901062496,1654919168
oth,ud23_oth,HESIODIC_TRADITION,c4c0c7eaeca0d61d2e53f4f0642bfa382e91dd28b470d2f4da2ba8539fe0e7f7,7,shuffled,8,105,0.5,8884,c2a7516d01340366523e76b95beb102ee6c52b195804763fe055bf0386b590a7,8097,9308,47078,53304,5086.759576660726,,0a5d258667e48581710ffcb81ef3facaee669149e3bdaadd40b026b5b8a1e251,-168870.51876323417,193098,86,1.0,19,3345,53304,"[1,84,2130,15681,34934,39211,36721,33645,30691]","[{""1"":0,""10plus"":1,""2to4"":0,""5to9"":0},{""1"":8,""10plus"":57,""2to4"":12,""5to9"":7},{""1"":549,""10plus"":722,""2to4"":544,""5to9"":315},{""1"":8933,""10plus"":914,""2to4"":4528,""5to9"":1306},{""1"":29739,""10plus"":23,""2to4"":4833,""5to9"":339},{""1"":38476,""10plus"":0,""2to4"":735,""5to9"":0},{""1"":36676,""10plus"":0,""2to4"":45,""5to9"":0},{""1"":33643,""10plus"":0,""2to4"":2,""5to9"":0},{""1"":30691,""10plus"":0,""2to4"":0,""5to9"":0}]",0.8521990830013237,0.23522278677410213,1654919168
oth,ud23_oth,HESIODIC_TRADITION,c4c0c7eaeca0d61d2e53f4f0642bfa382e91dd28b470d2f4da2ba8539fe0e7f7,8,original,8,105,0.5,8884,7f06275453cfa0abd26bd8bdc09f541f41ba6c85145a567619acd4fd73104302,8130,9308,47056,53304,-10955.439487038646,,f9fe816dcd2fa8a92ca6285095fe32baf6a2ae9dd3ecfb9252e5b184c3614507,-157987.84153534097,170400,89,0.0,16,3405,53304,"[1,89,1887,11336,25558,33591,34773,32907,30258]","[{""1"":0,""10plus"":1,""2to4"":0,""5to9"":0},{""1"":12,""10plus"":57,""2to4"":11,""5to9"":9},{""1"":517,""10plus"":618,""2to4"":477,""5to9"":275},{""1"":6240,""10plus"":855,""2to4"":3223,""5to9"":1018},{""1"":19849,""10plus"":365,""2to4"":4544,""5to9"":800},{""1"":30394,""10plus"":73,""2to4"":2861,""5to9"":263},{""1"":33580,""10plus"":4,""2to4"":1147,""5to9"":42},{""1"":32525,""10plus"":1,""2to4"":377,""5to9"":4},{""1"":30128,""10plus"":0,""2to4"":128,""5to9"":2}]",0.6162415830003738,0.23830477197407163,1654919168
oth,ud23_oth,HESIODIC_TRADITION,c4c0c7eaeca0d61d2e53f4f0642bfa382e91dd28b470d2f4da2ba8539fe0e7f7,8,shuffled,8,105,0.5,8884,7f06275453cfa0abd26bd8bdc09f541f41ba6c85145a567619acd4fd73104302,8130,9308,47056,53304,4995.854968289001,,231ec53a844eab5e37f752662de3409978f2e95524d3733652551762bca6efcd,-168943.2810223796,191773,89,1.0,16,3405,53304,"[1,88,2151,15510,34778,38967,36466,33385,30427]","[{""1"":0,""10plus"":1,""2to4"":0,""5to9"":0},{""1"":12,""10plus"":57,""2to4"":10,""5to9"":9},{""1"":580,""10plus"":712,""2to4"":558,""5to9"":301},{""1"":8809,""10plus"":901,""2to4"":4451,""5to9"":1349},{""1"":29636,""10plus"":19,""2to4"":4789,""5to9"":334},{""1"":38223,""10plus"":0,""2to4"":743,""5to9"":1},{""1"":36418,""10plus"":0,""2to4"":48,""5to9"":0},{""1"":33383,""10plus"":0,""2to4"":2,""5to9"":0},{""1"":30427,""10plus"":0,""2to4"":0,""5to9"":0}]",1.0083948749997944,0.23602475107327336,1654919168
oth,ud23_oth,HESIODIC_TRADITION,c4c0c7eaeca0d61d2e53f4f0642bfa382e91dd28b470d2f4da2ba8539fe0e7f7,9,original,8,105,0.5,8884,5875b0e633135dd02195f5f45e230946f147b9313475af434d882f1694efd776,8093,9308,47038,53304,-10974.813310987607,,6caa59d7f34dbf56481ff9198664a1d0c5bb446a82f785ba63df237e4a4bc441,-157875.79984288148,171299,87,0.0,18,3369,53304,"[1,88,1892,11271,25652,33802,34986,33120,30487]","[{""1"":0,""10plus"":1,""2to4"":0,""5to9"":0},{""1"":12,""10plus"":57,""2to4"":7,""5to9"":12},{""1"":528,""10plus"":621,""2to4"":481,""5to9"":262},{""1"":6198,""10plus"":882,""2to4"":3202,""5to9"":989},{""1"":19916,""10plus"":360,""2to4"":4546,""5to9"":830},{""1"":30659,""10plus"":76,""2to4"":2805,""5to9"":262},{""1"":33827,""10plus"":4,""2to4"":1105,""5to9"":50},{""1"":32762,""10plus"":0,""2to4"":355,""5to9"":3},{""1"":30370,""10plus"":0,""2to4"":117,""5to9"":0}]",0.5807187909995264,0.2370994018674537,1654919168
oth,ud23_oth,HESIODIC_TRADITION,c4c0c7eaeca0d61d2e53f4f0642bfa382e91dd28b470d2f4da2ba8539fe0e7f7,9,shuffled,8,105,0.5,8884,5875b0e633135dd02195f5f45e230946f147b9313475af434d882f1694efd776,8093,9308,47038,53304,5029.922039871279,,8c41891bf155be4a6255aaf7fce3e8206c61b9f026738ab533894059a37d2c6d,-168850.61315386908,192639,87,1.0,18,3369,53304,"[1,87,2177,15551,34865,39147,36633,33560,30618]","[{""1"":0,""10plus"":1,""2to4"":0,""5to9"":0},{""1"":11,""10plus"":57,""2to4"":8,""5to9"":11},{""1"":613,""10plus"":705,""2to4"":559,""5to9"":300},{""1"":8863,""10plus"":948,""2to4"":4416,""5to9"":1324},{""1"":29682,""10plus"":15,""2to4"":4841,""5to9"":327},{""1"":38418,""10plus"":0,""2to4"":729,""5to9"":0},{""1"":36588,""10plus"":0,""2to4"":45,""5to9"":0},{""1"":33558,""10plus"":0,""2to4"":2,""5to9"":0},{""1"":30618,""10plus"":0,""2to4"":0,""5to9"":0}]",0.9987480839990894,0.23676247800540295,1654919168
oth,ud23_oth,DIODORUS,d91dad02f8da03cf6702fa7edec531da5e56f526f466e2f04180f2a23a1cf315,0,original,8,105,0.5,8884,8e03de4f344c7eb6eae1e23faed0ca372ad706be5c8e596629aa2de9042dedf9,13582,15266,47010,53304,-9483.031816699688,,0c4e5d06c69f014fbc18e0eaa2f212efdf92b2209c415fe0745546b8ef2cdeea,-162313.3839890926,169286,85,0.0,20,3654,53304,"[1,86,1999,12105,26681,33958,34090,31637,28729]","[{""1"":0,""10plus"":1,""2to4"":0,""5to9"":0},{""1"":8,""10plus"":60,""2to4"":9,""5to9"":9},{""1"":573,""10plus"":653,""2to4"":498,""5to9"":275},{""1"":6814,""10plus"":880,""2to4"":3392,""5to9"":1019},{""1"":21017,""10plus"":302,""2to4"":4616,""5to9"":746},{""1"":31213,""10plus"":34,""2to4"":2505,""5to9"":206},{""1"":33244,""10plus"":2,""2to4"":819,""5to9"":25},{""1"":31434,""10plus"":2,""2to4"":197,""5to9"":4},{""1"":28667,""10plus"":2,""2to4"":59,""5to9"":1}]",0.5670303749993764,0.48374337401764933,1276583936
oth,ud23_oth,DIODORUS,d91dad02f8da03cf6702fa7edec531da5e56f526f466e2f04180f2a23a1cf315,0,shuffled,8,105,0.5,8884,8e03de4f344c7eb6eae1e23faed0ca372ad706be5c8e596629aa2de9042dedf9,13582,15266,47010,53304,4656.513843818422,,2bb1d47a19a6e9fcbc4b08f7f647d020cdb642a9472ea4495f5c941ca468efd7,-171796.4158057923,188241,85,1.0,20,3654,53304,"[1,85,2253,16246,35346,38225,35267,31951,28867]","[{""1"":0,""10plus"":1,""2to4"":0,""5to9"":0},{""1"":7,""10plus"":58,""2to4"":8,""5to9"":12},{""1"":633,""10plus"":733,""2to4"":569,""5to9"":318},{""1"":9312,""10plus"":897,""2to4"":4639,""5to9"":1398},{""1"":30636,""10plus"":9,""2to4"":4485,""5to9"":216},{""1"":37686,""10plus"":0,""2to4"":538,""5to9"":1},{""1"":35244,""10plus"":0,""2to4"":23,""5to9"":0},{""1"":31950,""10plus"":0,""2to4"":1,""5to9"":0},{""1"":28867,""10plus"":0,""2to4"":0,""5to9"":0}]",0.9993285420005122,0.48340743401604414,1276583936
oth,ud23_oth,DIODORUS,d91dad02f8da03cf6702fa7edec531da5e56f526f466e2f04180f2a23a1cf315,1,original,8,105,0.5,8884,269cb9aa4f94e9e6ebd8c7267b699c802bf4f77fd4aa0e7d11e2b2fd49259cac,13542,15266,46855,53304,-9687.744740138005,,7e125d4f9b1408dcb10f4b47666473167e9f0fe87623cd0f401dc76a8fc0888a,-162186.09864142313,169281,85,0.0,20,3662,53304,"[1,86,1975,12045,26733,33939,34079,31660,28763]","[{""1"":0,""10plus"":1,""2to4"":0,""5to9"":0},{""1"":9,""10plus"":59,""2to4"":8,""5to9"":10},{""1"":546,""10plus"":658,""2to4"":500,""5to9"":271},{""1"":6692,""10plus"":888,""2to4"":3409,""5to9"":1056},{""1"":21040,""10plus"":291,""2to4"":4651,""5to9"":751},{""1"":31183,""10plus"":35,""2to4"":2533,""5to9"":188},{""1"":33219,""10plus"":2,""2to4"":835,""5to9"":23},{""1"":31454,""10plus"":2,""2to4"":201,""5to9"":3},{""1"":28696,""10plus"":2,""2to4"":64,""5to9"":1}]",0.6152242080024735,0.47725928232830483,1654919168
oth,ud23_oth,DIODORUS,d91dad02f8da03cf6702fa7edec531da5e56f526f466e2f04180f2a23a1cf315,1,shuffled,8,105,0.5,8884,269cb9aa4f94e9e6ebd8c7267b699c802bf4f77fd4aa0e7d11e2b2fd49259cac,13542,15266,46855,53304,4756.956408127851,,5fc8001af195b535f6b58b9f8852c017c2dfe1841bffcccc53dd26f4ad4b4eed,-171873.84338156114,188566,85,1.0,20,3662,53304,"[1,85,2216,16451,35441,38220,35260,31982,28910]","[{""1"":0,""10plus"":1,""2to4"":0,""5to9"":0},{""1"":9,""10plus"":60,""2to4"":10,""5to9"":6},{""1"":568,""10plus"":743,""2to4"":555,""5to9"":350},{""1"":9531,""10plus"":884,""2to4"":4661,""5to9"":1375},{""1"":30770,""10plus"":10,""2to4"":4461,""5to9"":200},{""1"":37689,""10plus"":0,""2to4"":530,""5to9"":1},{""1"":35223,""10plus"":0,""2to4"":37,""5to9"":0},{""1"":31978,""10plus"":0,""2to4"":4,""5to9"":0},{""1"":28910,""10plus"":0,""2to4"":0,""5to9"":0}]",0.9946530409979459,0.47690837702248245,1654919168
oth,ud23_oth,DIODORUS,d91dad02f8da03cf6702fa7edec531da5e56f526f466e2f04180f2a23a1cf315,2,original,8,105,0.5,8884,c7c59b1a11454874435ece5ff34b7a8aba8c0c8858cd568315e25229bbe73949,13469,15266,46915,53304,-9661.851980637526,,09505d9d3579d0162561eebf60e2b3f34008b8163eafb3c57cacf95ac39d0ce0,-162260.72747251458,169102,83,0.0,22,3677,53304,"[1,83,1978,12130,26767,33974,34031,31523,28615]","[{""1"":0,""10plus"":1,""2to4"":0,""5to9"":0},{""1"":7,""10plus"":60,""2to4"":6,""5to9"":10},{""1"":529,""10plus"":651,""2to4"":504,""5to9"":294},{""1"":6807,""10plus"":879,""2to4"":3399,""5to9"":1045},{""1"":21090,""10plus"":307,""2to4"":4657,""5to9"":713},{""1"":31208,""10plus"":32,""2to4"":2543,""5to9"":191},{""1"":33194,""10plus"":2,""2to4"":814,""5to9"":21},{""1"":31294,""10plus"":2,""2to4"":225,""5to9"":2},{""1"":28537,""10plus"":2,""2to4"":75,""5to9"":1}]",0.5713575840018166,0.4787932789477054,1654919168
oth,ud23_oth,DIODORUS,d91dad02f8da03cf6702fa7edec531da5e56f526f466e2f04180f2a23a1cf315,2,shuffled,8,105,0.5,8884,c7c59b1a11454874435ece5ff34b7a8aba8c0c8858cd568315e25229bbe73949,13469,15266,46915,53304,4717.3945718492905,,4ef9f396bdca6bbbbc66bf18ab5ab2d1ecdadd3533f1bef1331e7a0b5ebd7068,-171922.5794531521,188165,83,1.0,22,3677,53304,"[1,82,2235,16504,35413,38134,35175,31856,28765]","[{""1"":0,""10plus"":1,""2to4"":0,""5to9"":0},{""1"":6,""10plus"":59,""2to4"":8,""5to9"":9},{""1"":585,""10plus"":740,""2to4"":559,""5to9"":351},{""1"":9642,""10plus"":864,""2to4"":4591,""5to9"":1407},{""1"":30816,""10plus"":9,""2to4"":4391,""5to9"":197},{""1"":37591,""10plus"":0,""2to4"":543,""5to9"":0},{""1"":35144,""10plus"":0,""2to4"":31,""5to9"":0},{""1"":31854,""10plus"":0,""2to4"":2,""5to9"":0},{""1"":28765,""10plus"":0,""2to4"":0,""5to9"":0}]",0.977544957997452,0.4795721671580395,1654919168
oth,ud23_oth,DIODORUS,d91dad02f8da03cf6702fa7edec531da5e56f526f466e2f04180f2a23a1cf315,3,original,8,105,0.5,8884,0d6104392dc8d43bd7db4fbb59047fd5a70beadbb2d7c8b1a4f8e7b01083c5f6,13564,15266,46765,53304,-9581.776351076667,,bb6d7cc547810c039573d11648b715252fcc7e31b84cb789ecc8f24ea5419877,-162376.47693915837,169553,90,0.0,15,3661,53304,"[1,90,1981,12065,26890,34062,34110,31639,28715]","[{""1"":0,""10plus"":1,""2to4"":0,""5to9"":0},{""1"":11,""10plus"":58,""2to4"":11,""5to9"":10},{""1"":560,""10plus"":670,""2to4"":490,""5to9"":261},{""1"":6702,""10plus"":885,""2to4"":3406,""5to9"":1072},{""1"":21221,""10plus"":276,""2to4"":4623,""5to9"":770},{""1"":31375,""10plus"":30,""2to4"":2459,""5to9"":198},{""1"":33275,""10plus"":2,""2to4"":802,""5to9"":31},{""1"":31439,""10plus"":2,""2to4"":195,""5to9"":3},{""1"":28648,""10plus"":2,""2to4"":64,""5to9"":1}]",0.5941619160003029,0.4874422623543069,1654919168
oth,ud23_oth,DIODORUS,d91dad02f8da03cf6702fa7edec531da5e56f526f466e2f04180f2a23a1cf315,3,shuffled,8,105,0.5,8884,0d6104392dc8d43bd7db4fbb59047fd5a70beadbb2d7c8b1a4f8e7b01083c5f6,13564,15266,46765,53304,4694.5507279698795,,36b4c8849a9cefb5986d5423f0fde5eb09946393d89d63594ebcea917dc44cfc,-171958.25329023504,188613,90,1.0,15,3661,53304,"[1,89,2267,16500,35487,38216,35252,31946,28855]","[{""1"":0,""10plus"":1,""2to4"":0,""5to9"":0},{""1"":10,""10plus"":58,""2to4"":13,""5to9"":8},{""1"":618,""10plus"":762,""2to4"":574,""5to9"":313},{""1"":9574,""10plus"":883,""2to4"":4694,""5to9"":1349},{""1"":30895,""10plus"":11,""2to4"":4387,""5to9"":194},{""1"":37689,""10plus"":0,""2to4"":526,""5to9"":1},{""1"":35217,""10plus"":0,""2to4"":35,""5to9"":0},{""1"":31943,""10plus"":0,""2to4"":3,""5to9"":0},{""1"":28855,""10plus"":0,""2to4"":0,""5to9"":0}]",0.9886044170016248,0.48589743911725236,1654919168
oth,ud23_oth,DIODORUS,d91dad02f8da03cf6702fa7edec531da5e56f526f466e2f04180f2a23a1cf315,4,original,8,105,0.5,8884,a99cd1fe6b43f7df8370c0876ca289572b2f7ba8f4dd0cbc23140377cc6534c2,13609,15266,46834,53304,-9633.27284505131,,7de831be1e88e38cc327e5b406b5f12aac7c75770fb0993b37980e22c383a6e6,-161959.78994291162,168844,83,0.0,22,3664,53304,"[1,84,1962,12021,26595,33872,34058,31584,28667]","[{""1"":0,""10plus"":1,""2to4"":0,""5to9"":0},{""1"":6,""10plus"":60,""2to4"":9,""5to9"":9},{""1"":538,""10plus"":650,""2to4"":492,""5to9"":282},{""1"":6730,""10plus"":875,""2to4"":3358,""5to9"":1058},{""1"":20898,""10plus"":299,""2to4"":4664,""5to9"":734},{""1"":31095,""10plus"":39,""2to4"":2541,""5to9"":197},{""1"":33231,""10plus"":3,""2to4"":800,""5to9"":24},{""1"":31360,""10plus"":2,""2to4"":220,""5to9"":2},{""1"":28597,""10plus"":2,""2to4"":67,""5to9"":1}]",0.600850625000021,0.4755729721073294,1654919168
oth,ud23_oth,DIODORUS,d91dad02f8da03cf6702fa7edec531da5e56f526f466e2f04180f2a23a1cf315,4,shuffled,8,105,0.5,8884,a99cd1fe6b43f7df8370c0876ca289572b2f7ba8f4dd0cbc23140377cc6534c2,13609,15266,46834,53304,4764.515660063451,,9880e2b4d8fd035fd54fd5f31530fca624d709201b8485240405bfc0894a8127,-171593.06278796293,187978,83,1.0,22,3664,53304,"[1,83,2226,16316,35252,38135,35221,31928,28816]","[{""1"":0,""10plus"":1,""2to4"":0,""5to9"":0},{""1"":5,""10plus"":58,""2to4"":10,""5to9"":10},{""1"":585,""10plus"":748,""2to4"":573,""5to9"":320},{""1"":9428,""10plus"":871,""2to4"":4640,""5to9"":1377},{""1"":30623,""10plus"":17,""2to4"":4378,""5to9"":234},{""1"":37567,""10plus"":0,""2to4"":567,""5to9"":1},{""1"":35177,""10plus"":0,""2to4"":44,""5to9"":0},{""1"":31927,""10plus"":0,""2to4"":1,""5to9"":0},{""1"":28816,""10plus"":0,""2to4"":0,""5to9"":0}]",0.831820167000842,0.4738763038585603,1654919168
oth,ud23_oth,DIODORUS,d91dad02f8da03cf6702fa7edec531da5e56f526f466e2f04180f2a23a1cf315,5,original,8,105,0.5,8884,6b8420cc0a2a214e4ef4a7c60a57008f4fa058822e3782e92214f0d9fe32d8bd,13526,15266,46908,53304,-9558.603720628249,,30a5f8ee93cb94111c944d3b682754a4437ffa00374ef44341f70c0a5d48ac5c,-162098.8998421978,169551,89,0.0,16,3648,53304,"[1,89,1951,12062,26800,34064,34133,31678,28773]","[{""1"":0,""10plus"":1,""2to4"":0,""5to9"":0},{""1"":12,""10plus"":57,""2to4"":10,""5to9"":10},{""1"":541,""10plus"":661,""2to4"":472,""5to9"":277},{""1"":6730,""10plus"":880,""2to4"":3402,""5to9"":1050},{""1"":21095,""10plus"":296,""2to4"":4673,""5to9"":736},{""1"":31365,""10plus"":35,""2to4"":2469,""5to9"":195},{""1"":33288,""10plus"":2,""2to4"":815,""5to9"":28},{""1"":31453,""10plus"":2,""2to4"":216,""5to9"":7},{""1"":28696,""10plus"":2,""2to4"":72,""5to9"":3}]",0.6083892079986981,0.4858247683296213,1654919168
oth,ud23_oth,DIODORUS,d91dad02f8da03cf6702fa7edec531da5e56f526f466e2f04180f2a23a1cf315,5,shuffled,8,105,0.5,8884,6b8420cc0a2a214e4ef4a7c60a57008f4fa058822e3782e92214f0d9fe32d8bd,13526,15266,46908,53304,4710.963057423622,,f34e17a09dc7d571e6bfb4cf8799fe0b0f43b3c6f7ee4423a7c4af910b55b79d,-171657.50356282605,188494,89,1.0,16,3648,53304,"[1,89,2212,16310,35341,38260,35316,32031,28934]","[{""1"":0,""10plus"":1,""2to4"":0,""5to9"":0},{""1"":13,""10plus"":58,""2to4"":8,""5to9"":10},{""1"":594,""10plus"":750,""2to4"":548,""5to9"":320},{""1"":9425,""10plus"":889,""2to4"":4636,""5to9"":1360},{""1"":30664,""10plus"":10,""2to4"":4439,""5to9"":228},{""1"":37722,""10plus"":0,""2to4"":538,""5to9"":0},{""1"":35284,""10plus"":0,""2to4"":32,""5to9"":0},{""1"":32031,""10plus"":0,""2to4"":0,""5to9"":0},{""1"":28934,""10plus"":0,""2to4"":0,""5to9"":0}]",0.9787053340005514,0.4835881848921417,1654919168
oth,ud23_oth,DIODORUS,d91dad02f8da03cf6702fa7edec531da5e56f526f466e2f04180f2a23a1cf315,6,original,8,105,0.5,8884,9aa12bbb63c17283ecd8c052932f84461e160a027220c5c90f2c9f29763bd7dd,13602,15266,46985,53304,-9713.368414619472,,227e63fdbfb3e3713882dc53e3522dbe8abe02a3b799184f559587491536fd50,-162006.7246174648,169136,87,0.0,18,3667,53304,"[1,87,1967,12006,26661,33930,34094,31641,28749]","[{""1"":0,""10plus"":1,""2to4"":0,""5to9"":0},{""1"":10,""10plus"":60,""2to4"":10,""5to9"":7},{""1"":542,""10plus"":656,""2to4"":492,""5to9"":277},{""1"":6613,""10plus"":869,""2to4"":3427,""5to9"":1097},{""1"":20956,""10plus"":299,""2to4"":4671,""5to9"":735},{""1"":31141,""10plus"":38,""2to4"":2561,""5to9"":190},{""1"":33220,""10plus"":2,""2to4"":851,""5to9"":21},{""1"":31406,""10plus"":2,""2to4"":231,""5to9"":2},{""1"":28664,""10plus"":2,""2to4"":83,""5to9"":0}]",0.5948899160030123,0.4815037612897868,1654919168
oth,ud23_oth,DIODORUS,d91dad02f8da03cf6702fa7edec531da5e56f526f466e2f04180f2a23a1cf315,6,shuffled,8,105,0.5,8884,9aa12bbb63c17283ecd8c052932f84461e160a027220c5c90f2c9f29763bd7dd,13602,15266,46985,53304,4787.978613338608,,d3017e9ae492eab5fe564ab43968a517e2e641bf2a96aacf7483583312d399da,-171720.09303208426,188492,87,1.0,18,3667,53304,"[1,88,2215,16475,35449,38155,35253,31964,28892]","[{""1"":0,""10plus"":1,""2to4"":0,""5to9"":0},{""1"":11,""10plus"":58,""2to4"":9,""5to9"":10},{""1"":590,""10plus"":765,""2to4"":544,""5to9"":316},{""1"":9497,""10plus"":869,""2to4"":4764,""5to9"":1345},{""1"":30921,""10plus"":12,""2to4"":4293,""5to9"":223},{""1"":37575,""10plus"":0,""2to4"":579,""5to9"":1},{""1"":35223,""10plus"":0,""2to4"":30,""5to9"":0},{""1"":31961,""10plus"":0,""2to4"":3,""5to9"":0},{""1"":28891,""10plus"":0,""2to4"":1,""5to9"":0}]",0.9893394999999146,0.4798491911133169,1654919168
oth,ud23_oth,DIODORUS,d91dad02f8da03cf6702fa7edec531da5e56f526f466e2f04180f2a23a1cf315,7,original,8,105,0.5,8884,8588a64ee5763760dd2cf6e72769a40891c4d0c5292ed656b257235530ef84a4,13620,15266,46898,53304,-9612.101988342183,,376bb345346f9b77a21f90c1457099cb5643d1e4aaf975e8f3817022ed371424,-162055.55303106547,169151,87,0.0,18,3658,53304,"[1,87,1959,12030,26616,33923,34103,31659,28773]","[{""1"":0,""10plus"":1,""2to4"":0,""5to9"":0},{""1"":8,""10plus"":58,""2to4"":11,""5to9"":10},{""1"":551,""10plus"":656,""2to4"":472,""5to9"":280},{""1"":6727,""10plus"":898,""2to4"":3342,""5to9"":1063},{""1"":20873,""10plus"":279,""2to4"":4704,""5to9"":760},{""1"":31132,""10plus"":34,""2to4"":2562,""5to9"":195},{""1"":33235,""10plus"":2,""2to4"":844,""5to9"":22},{""1"":31416,""10plus"":2,""2to4"":239,""5to9"":2},{""1"":28684,""10plus"":2,""2to4"":86,""5to9"":1}]",0.5985992909991182,0.48594158211926697,1654919168
oth,ud23_oth,DIODORUS,d91dad02f8da03cf6702fa7edec531da5e56f526f466e2f04180f2a23a1cf315,7,shuffled,8,105,0.5,8884,8588a64ee5763760dd2cf6e72769a40891c4d0c5292ed656b257235530ef84a4,13620,15266,46898,53304,4705.380441090645,,06c8aacffd176b370566ce617237a64320f70324ac98735ab5fc3b052282c622,-171667.65501940766,188444,87,1.0,18,3658,53304,"[1,86,2222,16345,35277,38240,35293,32028,28952]","[{""1"":0,""10plus"":1,""2to4"":0,""5to9"":0},{""1"":9,""10plus"":58,""2to4"":10,""5to9"":9},{""1"":626,""10plus"":751,""2to4"":511,""5to9"":334},{""1"":9516,""10plus"":882,""2to4"":4573,""5to9"":1374},{""1"":30637,""10plus"":11,""2to4"":4385,""5to9"":244},{""1"":37713,""10plus"":0,""2to4"":526,""5to9"":1},{""1"":35255,""10plus"":0,""2to4"":38,""5to9"":0},{""1"":32027,""10plus"":0,""2to4"":1,""5to9"":0},{""1"":28952,""10plus"":0,""2to4"":0,""5to9"":0}]",0.9951481669995701,0.4842657358967699,1654919168
oth,ud23_oth,DIODORUS,d91dad02f8da03cf6702fa7edec531da5e56f526f466e2f04180f2a23a1cf315,8,original,8,105,0.5,8884,63d387dca39539c54987d1fe998bcc69b890e48e49fe75b4a76e24c5a788fe6b,13552,15266,46889,53304,-9653.375095826981,,06dd516d7cc1b6e3b4c13435038831c1b7b5ead6cce8d02146af2c998ab6a508,-162096.30588103543,169182,85,0.0,20,3642,53304,"[1,86,1965,11951,26649,33940,34109,31678,28803]","[{""1"":0,""10plus"":1,""2to4"":0,""5to9"":0},{""1"":8,""10plus"":57,""2to4"":9,""5to9"":12},{""1"":556,""10plus"":658,""2to4"":483,""5to9"":268},{""1"":6583,""10plus"":900,""2to4"":3402,""5to9"":1066},{""1"":20867,""10plus"":298,""2to4"":4750,""5to9"":734},{""1"":31137,""10plus"":30,""2to4"":2567,""5to9"":206},{""1"":33214,""10plus"":2,""2to4"":865,""5to9"":28},{""1"":31413,""10plus"":2,""2to4"":257,""5to9"":6},{""1"":28691,""10plus"":2,""2to4"":108,""5to9"":2}]",0.5708635829978448,0.4860821428883355,1654919168
oth,ud23_oth,DIODORUS,d91dad02f8da03cf6702fa7edec531da5e56f526f466e2f04180f2a23a1cf315,8,shuffled,8,105,0.5,8884,63d387dca39539c54987d1fe998bcc69b890e48e49fe75b4a76e24c5a788fe6b,13552,15266,46889,53304,4770.130489156698,,952da0582160187154739d4ab439ebfd941393ae84ab6999ca8ea398e1eead54,-171749.6809768624,188681,85,1.0,20,3642,53304,"[1,85,2214,16302,35432,38244,35331,32072,29000]","[{""1"":0,""10plus"":1,""2to4"":0,""5to9"":0},{""1"":7,""10plus"":58,""2to4"":9,""5to9"":11},{""1"":592,""10plus"":734,""2to4"":549,""5to9"":339},{""1"":9397,""10plus"":896,""2to4"":4632,""5to9"":1377},{""1"":30779,""10plus"":8,""2to4"":4426,""5to9"":219},{""1"":37667,""10plus"":0,""2to4"":577,""5to9"":0},{""1"":35280,""10plus"":0,""2to4"":51,""5to9"":0},{""1"":32070,""10plus"":0,""2to4"":2,""5to9"":0},{""1"":29000,""10plus"":0,""2to4"":0,""5to9"":0}]",0.9792819169997529,0.4824567928808392,1654919168
oth,ud23_oth,DIODORUS,d91dad02f8da03cf6702fa7edec531da5e56f526f466e2f04180f2a23a1cf315,9,original,8,105,0.5,8884,9b96ee90de2d9b6b75dcddb9bafb0c27a76f31ab7b93cf6c0733874f8b407a80,13540,15266,46927,53304,-9604.332463372586,,933d281cbbd67db5b12b5aa294e4c7eb8480e8fa42c2f4fc91d10b6d6623fdaa,-162361.14425792592,170161,87,0.0,18,3630,53304,"[1,88,1971,12118,26789,34062,34290,31866,28976]","[{""1"":0,""10plus"":1,""2to4"":0,""5to9"":0},{""1"":9,""10plus"":60,""2to4"":10,""5to9"":9},{""1"":537,""10plus"":660,""2to4"":506,""5to9"":268},{""1"":6725,""10plus"":891,""2to4"":3459,""5to9"":1043},{""1"":21034,""10plus"":298,""2to4"":4722,""5to9"":735},{""1"":31268,""10plus"":31,""2to4"":2566,""5to9"":197},{""1"":33449,""10plus"":3,""2to4"":819,""5to9"":19},{""1"":31677,""10plus"":2,""2to4"":186,""5to9"":1},{""1"":28923,""10plus"":2,""2to4"":51,""5to9"":0}]",0.5969378339977993,0.4836596929053485,1654919168
oth,ud23_oth,DIODORUS,d91dad02f8da03cf6702fa7edec531da5e56f526f466e2f04180f2a23a1cf315,9,shuffled,8,105,0.5,8884,9b96ee90de2d9b6b75dcddb9bafb0c27a76f31ab7b93cf6c0733874f8b407a80,13540,15266,46927,53304,4897.239900905086,,ca221a0d9091655e23cd1b8cf5cc3db1593ef807ed30c6a0b1452ca1706eaf1a,-171965.4767212985,189170,87,1.0,18,3630,53304,"[1,88,2251,16466,35470,38334,35377,32117,29066]","[{""1"":0,""10plus"":1,""2to4"":0,""5to9"":0},{""1"":9,""10plus"":60,""2to4"":12,""5to9"":7},{""1"":585,""10plus"":747,""2to4"":578,""5to9"":341},{""1"":9584,""10plus"":888,""2to4"":4607,""5to9"":1387},{""1"":30744,""10plus"":6,""2to4"":4520,""5to9"":200},{""1"":37802,""10plus"":0,""2to4"":531,""5to9"":1},{""1"":35337,""10plus"":0,""2to4"":40,""5to9"":0},{""1"":32113,""10plus"":0,""2to4"":4,""5to9"":0},{""1"":29066,""10plus"":0,""2to4"":0,""5to9"":0}]",0.9863408340024762,0.48415076281526126,1654919168
oth,ud23_oth,PLUTARCH,ef8134329970f595ef9ccf4198217affef5c01fa243d5bf4e59ee6daebb04e1d,0,original,8,105,0.5,8884,025b90083afa5cc2c3fc16fefcb27c49998b61168346ba05ef3af586b182363c,7915,8893,46818,53304,-9516.773541362403,,24bec9fdc3731fc9847d6c25e89caf397640089ab344a80433d4f13ecf14825e,-160399.46247428533,167475,83,0.0,22,3593,53304,"[1,83,1916,11524,25779,33368,33941,31816,29047]","[{""1"":0,""10plus"":1,""2to4"":0,""5to9"":0},{""1"":5,""10plus"":58,""2to4"":10,""5to9"":10},{""1"":540,""10plus"":636,""2to4"":481,""5to9"":259},{""1"":6366,""10plus"":916,""2to4"":3269,""5to9"":973},{""1"":19926,""10plus"":335,""2to4"":4702,""5to9"":816},{""1"":30298,""10plus"":53,""2to4"":2777,""5to9"":240},{""1"":32820,""10plus"":5,""2to4"":1072,""5to9"":44},{""1"":31472,""10plus"":2,""2to4"":338,""5to9"":4},{""1"":28919,""10plus"":2,""2to4"":124,""5to9"":2}]",0.5680072089999157,0.2595989401306724,1344737280
oth,ud23_oth,PLUTARCH,ef8134329970f595ef9ccf4198217affef5c01fa243d5bf4e59ee6daebb04e1d,0,shuffled,8,105,0.5,8884,025b90083afa5cc2c3fc16fefcb27c49998b61168346ba05ef3af586b182363c,7915,8893,46818,53304,4588.193326291017,,1ee177e2ed008738272ce2356b75448fdfafe688b2347d473ffef4cff503e8ce,-169916.23601564774,187865,83,1.0,22,3593,53304,"[1,83,2128,15574,34696,38245,35539,32324,29275]","[{""1"":0,""10plus"":1,""2to4"":0,""5to9"":0},{""1"":6,""10plus"":58,""2to4"":10,""5to9"":9},{""1"":575,""10plus"":715,""2to4"":526,""5to9"":312},{""1"":8858,""10plus"":947,""2to4"":4431,""5to9"":1338},{""1"":29667,""10plus"":13,""2to4"":4726,""5to9"":290},{""1"":37511,""10plus"":0,""2to4"":732,""5to9"":2},{""1"":35485,""10plus"":0,""2to4"":54,""5to9"":0},{""1"":32319,""10plus"":0,""2to4"":5,""5to9"":0},{""1"":29274,""10plus"":0,""2to4"":1,""5to9"":0}]",1.0145413749996806,0.258841018028761,1344737280
oth,ud23_oth,PLUTARCH,ef8134329970f595ef9ccf4198217affef5c01fa243d5bf4e59ee6daebb04e1d,1,original,8,105,0.5,8884,18982e9dcc33810bf931d0019758042ab77c752cff29670731dbfdb4483f493d,7934,8893,46932,53304,-9705.856541085086,,be4797d61df0bd57e755715ab926905a45187a95b3458cd5793f59b699637d30,-160363.07844646473,167864,84,0.0,21,3577,53304,"[1,84,1899,11645,25787,33354,34025,31900,29169]","[{""1"":0,""10plus"":1,""2to4"":0,""5to9"":0},{""1"":8,""10plus"":60,""2to4"":9,""5to9"":7},{""1"":521,""10plus"":626,""2to4"":465,""5to9"":287},{""1"":6491,""10plus"":901,""2to4"":3272,""5to9"":981},{""1"":19993,""10plus"":340,""2to4"":4667,""5to9"":787},{""1"":30277,""10plus"":50,""2to4"":2781,""5to9"":246},{""1"":32890,""10plus"":5,""2to4"":1091,""5to9"":39},{""1"":31528,""10plus"":2,""2to4"":362,""5to9"":8},{""1"":29028,""10plus"":2,""2to4"":136,""5to9"":3}]",0.5741979999984324,0.26225768514268566,1654919168
oth,ud23_oth,PLUTARCH,ef8134329970f595ef9ccf4198217affef5c01fa243d5bf4e59ee6daebb04e1d,1,shuffled,8,105,0.5,8884,18982e9dcc33810bf931d0019758042ab77c752cff29670731dbfdb4483f493d,7934,8893,46932,53304,4573.234824586485,,5789e718070a6c0d60c9794cfa36c48167afdfbf273e3c822866a912f0712d43,-170068.93498754982,188373,84,1.0,21,3577,53304,"[1,84,2155,15660,34649,38343,35644,32435,29402]","[{""1"":0,""10plus"":1,""2to4"":0,""5to9"":0},{""1"":8,""10plus"":60,""2to4"":9,""5to9"":7},{""1"":591,""10plus"":715,""2to4"":534,""5to9"":315},{""1"":8987,""10plus"":931,""2to4"":4399,""5to9"":1343},{""1"":29597,""10plus"":18,""2to4"":4758,""5to9"":276},{""1"":37619,""10plus"":0,""2to4"":724,""5to9"":0},{""1"":35587,""10plus"":0,""2to4"":57,""5to9"":0},{""1"":32428,""10plus"":0,""2to4"":7,""5to9"":0},{""1"":29401,""10plus"":0,""2to4"":1,""5to9"":0}]",0.9947809580007743,0.2592917509464314,1654919168
oth,ud23_oth,PLUTARCH,ef8134329970f595ef9ccf4198217affef5c01fa243d5bf4e59ee6daebb04e1d,2,original,8,105,0.5,8884,bbaa210aabb4870db487c84ab083adf28226ee9c889dd8b2dd915f0540b04676,7955,8893,46851,53304,-9658.656134738674,,5b2fd096a1deaf971ba98ecf8ca2771e65d55fd86c52c1cd9ba28767657ec1a9,-160433.51261495496,166853,82,0.0,23,3614,53304,"[1,83,1905,11579,25737,33272,33816,31631,28829]","[{""1"":0,""10plus"":1,""2to4"":0,""5to9"":0},{""1"":7,""10plus"":59,""2to4"":10,""5to9"":7},{""1"":515,""10plus"":628,""2to4"":493,""5to9"":269},{""1"":6449,""10plus"":891,""2to4"":3228,""5to9"":1011},{""1"":19950,""10plus"":322,""2to4"":4630,""5to9"":835},{""1"":30253,""10plus"":54,""2to4"":2720,""5to9"":245},{""1"":32720,""10plus"":6,""2to4"":1040,""5to9"":50},{""1"":31276,""10plus"":2,""2to4"":342,""5to9"":11},{""1"":28681,""10plus"":2,""2to4"":143,""5to9"":3}]",0.56363329099986,0.26078792492262437,1654919168
oth,ud23_oth,PLUTARCH,ef8134329970f595ef9ccf4198217affef5c01fa243d5bf4e59ee6daebb04e1d,2,shuffled,8,105,0.5,8884,bbaa210aabb4870db487c84ab083adf28226ee9c889dd8b2dd915f0540b04676,7955,8893,46851,53304,4635.559333547135,,7720dbc6b83712f8b6eadd4096c168a5c6508749aa5b5993cfee9958409b3a2f,-170092.16874969364,187389,82,1.0,23,3614,53304,"[1,81,2113,15638,34587,38262,35443,32177,29087]","[{""1"":0,""10plus"":1,""2to4"":0,""5to9"":0},{""1"":6,""10plus"":59,""2to4"":10,""5to9"":6},{""1"":525,""10plus"":724,""2to4"":558,""5to9"":306},{""1"":8973,""10plus"":914,""2to4"":4416,""5to9"":1335},{""1"":29525,""10plus"":10,""2to4"":4785,""5to9"":267},{""1"":37629,""10plus"":0,""2to4"":633,""5to9"":0},{""1"":35399,""10plus"":0,""2to4"":44,""5to9"":0},{""1"":32174,""10plus"":0,""2to4"":3,""5to9"":0},{""1"":29087,""10plus"":0,""2to4"":0,""5to9"":0}]",0.9698946250027802,0.25659000212181127,1654919168
oth,ud23_oth,PLUTARCH,ef8134329970f595ef9ccf4198217affef5c01fa243d5bf4e59ee6daebb04e1d,3,original,8,105,0.5,8884,8163a8fe46c6276650573a1835c7256d84593b9f4de039e7e32e1b68881cfb75,7987,8893,46817,53304,-9617.745350481622,,161e6378ecd80e574c055fa93ae427a5497ae7f7537e4efe6e69f2071edb1707,-160528.7927443413,168627,85,0.0,20,3555,53304,"[1,85,1935,11646,25981,33556,34150,32007,29266]","[{""1"":0,""10plus"":1,""2to4"":0,""5to9"":0},{""1"":8,""10plus"":60,""2to4"":9,""5to9"":8},{""1"":582,""10plus"":647,""2to4"":451,""5to9"":255},{""1"":6512,""10plus"":901,""2to4"":3204,""5to9"":1029},{""1"":20156,""10plus"":309,""2to4"":4706,""5to9"":810},{""1"":30531,""10plus"":56,""2to4"":2745,""5to9"":224},{""1"":33024,""10plus"":4,""2to4"":1083,""5to9"":39},{""1"":31625,""10plus"":2,""2to4"":373,""5to9"":7},{""1"":29101,""10plus"":2,""2to4"":162,""5to9"":1}]",0.5917797090005479,0.26427507095286273,1654919168
oth,ud23_oth,PLUTARCH,ef8134329970f595ef9ccf4198217affef5c01fa243d5bf4e59ee6daebb04e1d,3,shuffled,8,105,0.5,8884,8163a8fe46c6276650573a1835c7256d84593b9f4de039e7e32e1b68881cfb75,7987,8893,46817,53304,4665.533428616822,,8068ef9e6445ccefc71ee765641371242b588629b686fe308d173206f91e9f1d,-170146.53809482293,189224,85,1.0,20,3555,53304,"[1,86,2156,15736,34941,38507,35736,32543,29518]","[{""1"":0,""10plus"":1,""2to4"":0,""5to9"":0},{""1"":9,""10plus"":60,""2to4"":9,""5to9"":8},{""1"":587,""10plus"":729,""2to4"":545,""5to9"":295},{""1"":8943,""10plus"":935,""2to4"":4538,""5to9"":1320},{""1"":29911,""10plus"":12,""2to4"":4767,""5to9"":251},{""1"":37867,""10plus"":0,""2to4"":640,""5to9"":0},{""1"":35687,""10plus"":0,""2to4"":49,""5to9"":0},{""1"":32538,""10plus"":0,""2to4"":5,""5to9"":0},{""1"":29517,""10plus"":0,""2to4"":1,""5to9"":0}]",0.9802220419987862,0.2609015788839315,1654919168
oth,ud23_oth,PLUTARCH,ef8134329970f595ef9ccf4198217affef5c01fa243d5bf4e59ee6daebb04e1d,4,original,8,105,0.5,8884,85d13cd5bdb7e503aacc5ffbee7a4f4bd717d69fff759586a94ef8bb6930e58d,7985,8893,46831,53304,-9354.510300990485,,8ef1a1c8f0f35e7bf7424502ed673daf566e9e768fcdc20881ae2345a6dd23a9,-160765.66068857835,169243,85,0.0,20,3552,53304,"[1,85,1926,11713,26170,33731,34245,32060,29312]","[{""1"":0,""10plus"":1,""2to4"":0,""5to9"":0},{""1"":11,""10plus"":60,""2to4"":7,""5to9"":7},{""1"":539,""10plus"":645,""2to4"":488,""5to9"":254},{""1"":6508,""10plus"":891,""2to4"":3299,""5to9"":1015},{""1"":20373,""10plus"":311,""2to4"":4679,""5to9"":807},{""1"":30778,""10plus"":61,""2to4"":2689,""5to9"":203},{""1"":33226,""10plus"":6,""2to4"":961,""5to9"":52},{""1"":31724,""10plus"":2,""2to4"":327,""5to9"":7},{""1"":29177,""10plus"":2,""2to4"":131,""5to9"":2}]",0.5983967920001305,0.2640135370165808,1654919168
oth,ud23_oth,PLUTARCH,ef8134329970f595ef9ccf4198217affef5c01fa243d5bf4e59ee6daebb04e1d,4,shuffled,8,105,0.5,8884,85d13cd5bdb7e503aacc5ffbee7a4f4bd717d69fff759586a94ef8bb6930e58d,7985,8893,46831,53304,4663.431992247875,,3ebfbe0aba023602daf1be3fa2a71d1705a00ac150b4c808db782c4a31f69605,-170120.17098956884,188911,85,1.0,20,3552,53304,"[1,86,2172,15676,34692,38406,35762,32573,29543]","[{""1"":0,""10plus"":1,""2to4"":0,""5to9"":0},{""1"":13,""10plus"":60,""2to4"":6,""5to9"":7},{""1"":595,""10plus"":719,""2to4"":545,""5to9"":313},{""1"":9050,""10plus"":935,""2to4"":4353,""5to9"":1338},{""1"":29591,""10plus"":12,""2to4"":4796,""5to9"":293},{""1"":37663,""10plus"":0,""2to4"":739,""5to9"":4},{""1"":35711,""10plus"":0,""2to4"":51,""5to9"":0},{""1"":32569,""10plus"":0,""2to4"":4,""5to9"":0},{""1"":29541,""10plus"":0,""2to4"":2,""5to9"":0}]",0.9966013749981357,0.26165116194533766,1654919168
oth,ud23_oth,PLUTARCH,ef8134329970f595ef9ccf4198217affef5c01fa243d5bf4e59ee6daebb04e1d,5,original,8,105,0.5,8884,408e27ef6f368ffaf454fa8ca69b391438c4e29b103c3f7c7b738c4fd68e07fc,7938,8893,46798,53304,-9467.913625868008,,fbc8cff10170b66190af8a72e96ea026bc16f763ebaa96edf76b5a27e5c47618,-160600.69944376592,167818,83,0.0,22,3612,53304,"[1,83,1905,11671,25957,33477,33990,31777,28957]","[{""1"":0,""10plus"":1,""2to4"":0,""5to9"":0},{""1"":5,""10plus"":57,""2to4"":13,""5to9"":8},{""1"":514,""10plus"":626,""2to4"":491,""5to9"":274},{""1"":6505,""10plus"":891,""2to4"":3268,""5to9"":1007},{""1"":20178,""10plus"":322,""2to4"":4668,""5to9"":789},{""1"":30479,""10plus"":51,""2to4"":2714,""5to9"":233},{""1"":32952,""10plus"":3,""2to4"":989,""5to9"":46},{""1"":31456,""10plus"":2,""2to4"":312,""5to9"":7},{""1"":28823,""10plus"":2,""2to4"":130,""5to9"":2}]",0.5728571659965382,0.263069835906208,1654919168
oth,ud23_oth,PLUTARCH,ef8134329970f595ef9ccf4198217affef5c01fa243d5bf4e59ee6daebb04e1d,5,shuffled,8,105,0.5,8884,408e27ef6f368ffaf454fa8ca69b391438c4e29b103c3f7c7b738c4fd68e07fc,7938,8893,46798,53304,4677.705505808524,,470719175df0b805fd50c6fb45d3adf6957b94e8f435571aeef88253b1239976,-170068.61306963392,188019,83,1.0,22,3612,53304,"[1,84,2159,15704,34823,38284,35510,32265,29189]","[{""1"":0,""10plus"":1,""2to4"":0,""5to9"":0},{""1"":7,""10plus"":57,""2to4"":12,""5to9"":8},{""1"":594,""10plus"":728,""2to4"":555,""5to9"":282},{""1"":8950,""10plus"":950,""2to4"":4508,""5to9"":1296},{""1"":29859,""10plus"":11,""2to4"":4693,""5to9"":260},{""1"":37620,""10plus"":0,""2to4"":664,""5to9"":0},{""1"":35470,""10plus"":0,""2to4"":40,""5to9"":0},{""1"":32263,""10plus"":0,""2to4"":2,""5to9"":0},{""1"":29189,""10plus"":0,""2to4"":0,""5to9"":0}]",0.9696413339988794,0.26055185001314385,1654919168
oth,ud23_oth,PLUTARCH,ef8134329970f595ef9ccf4198217affef5c01fa243d5bf4e59ee6daebb04e1d,6,original,8,105,0.5,8884,c0d33e649736ac2084281873e783ca4bb9ee5240ca150534819a08ad0514bf1f,7964,8893,46807,53304,-9534.955968659517,,63fda6df3a1227f8abe9b57a47742b253290fe1aad71ba1bdba8348d73029395,-160568.84911302163,168492,90,0.0,15,3552,53304,"[1,89,1920,11604,25961,33546,34159,31989,29223]","[{""1"":0,""10plus"":1,""2to4"":0,""5to9"":0},{""1"":13,""10plus"":60,""2to4"":8,""5to9"":8},{""1"":534,""10plus"":636,""2to4"":492,""5to9"":258},{""1"":6405,""10plus"":902,""2to4"":3269,""5to9"":1028},{""1"":20141,""10plus"":331,""2to4"":4686,""5to9"":803},{""1"":30474,""10plus"":53,""2to4"":2779,""5to9"":240},{""1"":33077,""10plus"":5,""2to4"":1030,""5to9"":47},{""1"":31639,""10plus"":2,""2to4"":335,""5to9"":13},{""1"":29069,""10plus"":2,""2to4"":148,""5to9"":4}]",0.6282064160004666,0.2670181909343228,1654919168
oth,ud23_oth,PLUTARCH,ef8134329970f595ef9ccf4198217affef5c01fa243d5bf4e59ee6daebb04e1d,6,shuffled,8,105,0.5,8884,c0d33e649736ac2084281873e783ca4bb9ee5240ca150534819a08ad0514bf1f,7964,8893,46807,53304,4726.265750976629,,e1ab7a472feac2df93ff5b888a25710029351919f23608ce0a506148a6f0ddb5,-170103.80508168114,189046,90,1.0,15,3552,53304,"[1,90,2149,15688,34878,38492,35739,32522,29487]","[{""1"":0,""10plus"":1,""2to4"":0,""5to9"":0},{""1"":15,""10plus"":59,""2to4"":9,""5to9"":7},{""1"":558,""10plus"":714,""2to4"":577,""5to9"":300},{""1"":8973,""10plus"":919,""2to4"":4401,""5to9"":1395},{""1"":29859,""10plus"":11,""2to4"":4746,""5to9"":262},{""1"":37836,""10plus"":0,""2to4"":656,""5to9"":0},{""1"":35699,""10plus"":0,""2to4"":40,""5to9"":0},{""1"":32518,""10plus"":0,""2to4"":4,""5to9"":0},{""1"":29487,""10plus"":0,""2to4"":0,""5to9"":0}]",0.8400082909975026,0.2683785721674212,1654919168
oth,ud23_oth,PLUTARCH,ef8134329970f595ef9ccf4198217affef5c01fa243d5bf4e59ee6daebb04e1d,7,original,8,105,0.5,8884,dcfd175a69ef6cf7901df3a4a5c103fb4ad893d4187918861759ead96d3ee8f8,7964,8893,46976,53304,-9657.884414142813,,f717c95691e223572f626bfed81b78051ea23720dee06c1f8aa59bd0b9bc17c2,-160615.26278679565,167729,85,0.0,20,3598,53304,"[1,85,1906,11563,25774,33492,34046,31823,29039]","[{""1"":0,""10plus"":1,""2to4"":0,""5to9"":0},{""1"":8,""10plus"":59,""2to4"":11,""5to9"":7},{""1"":528,""10plus"":633,""2to4"":488,""5to9"":257},{""1"":6410,""10plus"":890,""2to4"":3224,""5to9"":1039},{""1"":19930,""10plus"":310,""2to4"":4683,""5to9"":851},{""1"":30460,""10plus"":49,""2to4"":2754,""5to9"":229},{""1"":32991,""10plus"":4,""2to4"":1016,""5to9"":35},{""1"":31470,""10plus"":2,""2to4"":346,""5to9"":5},{""1"":28894,""10plus"":2,""2to4"":143,""5to9"":0}]",0.6043292909998854,0.2649230848182924,1654919168
oth,ud23_oth,PLUTARCH,ef8134329970f595ef9ccf4198217affef5c01fa243d5bf4e59ee6daebb04e1d,7,shuffled,8,105,0.5,8884,dcfd175a69ef6cf7901df3a4a5c103fb4ad893d4187918861759ead96d3ee8f8,7964,8893,46976,53304,4757.797992007865,,aed29955ef483bc9d3493bf96d336c8e083a80de26a96ac5cb7d545e007d59d3,-170273.14720093846,188235,85,1.0,20,3598,53304,"[1,86,2176,15731,34794,38326,35540,32317,29264]","[{""1"":0,""10plus"":1,""2to4"":0,""5to9"":0},{""1"":10,""10plus"":59,""2to4"":11,""5to9"":6},{""1"":610,""10plus"":714,""2to4"":530,""5to9"":322},{""1"":8986,""10plus"":952,""2to4"":4487,""5to9"":1306},{""1"":29706,""10plus"":6,""2to4"":4823,""5to9"":259},{""1"":37658,""10plus"":0,""2to4"":668,""5to9"":0},{""1"":35491,""10plus"":0,""2to4"":49,""5to9"":0},{""1"":32314,""10plus"":0,""2to4"":3,""5to9"":0},{""1"":29264,""10plus"":0,""2to4"":0,""5to9"":0}]",0.9752080829966872,0.2607098560038139,1654919168
oth,ud23_oth,PLUTARCH,ef8134329970f595ef9ccf4198217affef5c01fa243d5bf4e59ee6daebb04e1d,8,original,8,105,0.5,8884,df718eb80d42874c3dc496e21a6c7770fae344af9c809b7a01a7805cc54cbf1b,7913,8893,46836,53304,-9640.10932927148,,30380aacb640444515cf35a919e3043ae9da66f413fba51df0ff493533df1b09,-160572.81283008776,168179,83,0.0,22,3570,53304,"[1,84,1920,11588,25916,33494,34076,31924,29176]","[{""1"":0,""10plus"":1,""2to4"":0,""5to9"":0},{""1"":5,""10plus"":58,""2to4"":13,""5to9"":8},{""1"":542,""10plus"":640,""2to4"":475,""5to9"":263},{""1"":6470,""10plus"":894,""2to4"":3155,""5to9"":1069},{""1"":20109,""10plus"":308,""2to4"":4691,""5to9"":808},{""1"":30450,""10plus"":55,""2to4"":2765,""5to9"":224},{""1"":32990,""10plus"":4,""2to4"":1035,""5to9"":47},{""1"":31562,""10plus"":2,""2to4"":353,""5to9"":7},{""1"":29032,""10plus"":2,""2to4"":140,""5to9"":2}]",0.5915725000013481,0.25959615397732705,1654919168
oth,ud23_oth,PLUTARCH,ef8134329970f595ef9ccf4198217affef5c01fa243d5bf4e59ee6daebb04e1d,8,shuffled,8,105,0.5,8884,df718eb80d42874c3dc496e21a6c7770fae344af9c809b7a01a7805cc54cbf1b,7913,8893,46836,53304,4577.02060420558,,2d7c59719840328b28f791fdc3e5900714f9d8115065b21e05283004882e9e92,-170212.92215935924,188823,83,1.0,22,3570,53304,"[1,83,2176,15712,34811,38454,35691,32467,29428]","[{""1"":0,""10plus"":1,""2to4"":0,""5to9"":0},{""1"":5,""10plus"":58,""2to4"":13,""5to9"":7},{""1"":595,""10plus"":716,""2to4"":557,""5to9"":308},{""1"":8957,""10plus"":913,""2to4"":4438,""5to9"":1404},{""1"":29758,""10plus"":17,""2to4"":4775,""5to9"":261},{""1"":37816,""10plus"":0,""2to4"":638,""5to9"":0},{""1"":35654,""10plus"":0,""2to4"":37,""5to9"":0},{""1"":32463,""10plus"":0,""2to4"":4,""5to9"":0},{""1"":29428,""10plus"":0,""2to4"":0,""5to9"":0}]",0.9815817079979752,0.2576586321119976,1654919168
oth,ud23_oth,PLUTARCH,ef8134329970f595ef9ccf4198217affef5c01fa243d5bf4e59ee6daebb04e1d,9,original,8,105,0.5,8884,db370830e6d71db89fee9fd69cec07557ca9ed6fb991008da3c0dcf1a02113d8,7930,8893,46871,53304,-9755.598566622823,,a4527a8fb4d460cc7ec4a89d0bf42c049fd10a7b5fc770bf5d65f9da6cd1172e,-160028.4757717451,166348,80,0.0,25,3635,53304,"[1,80,1878,11450,25636,33161,33742,31586,28814]","[{""1"":0,""10plus"":1,""2to4"":0,""5to9"":0},{""1"":4,""10plus"":59,""2to4"":11,""5to9"":6},{""1"":495,""10plus"":629,""2to4"":488,""5to9"":266},{""1"":6321,""10plus"":902,""2to4"":3216,""5to9"":1011},{""1"":19809,""10plus"":319,""2to4"":4701,""5to9"":807},{""1"":30104,""10plus"":56,""2to4"":2764,""5to9"":237},{""1"":32629,""10plus"":6,""2to4"":1058,""5to9"":49},{""1"":31223,""10plus"":3,""2to4"":352,""5to9"":8},{""1"":28651,""10plus"":2,""2to4"":158,""5to9"":3}]",0.5904273340020154,0.2560011801615474,1654919168
oth,ud23_oth,PLUTARCH,ef8134329970f595ef9ccf4198217affef5c01fa243d5bf4e59ee6daebb04e1d,9,shuffled,8,105,0.5,8884,db370830e6d71db89fee9fd69cec07557ca9ed6fb991008da3c0dcf1a02113d8,7930,8893,46871,53304,4612.319777238066,,e9df3ae510fa5a6e28cb0787cf73cbf415fc7918b27b011dde60da16e85e51b1,-169784.07433836794,187519,80,1.0,25,3635,53304,"[1,81,2088,15647,34772,38281,35404,32150,29095]","[{""1"":0,""10plus"":1,""2to4"":0,""5to9"":0},{""1"":6,""10plus"":58,""2to4"":11,""5to9"":6},{""1"":534,""10plus"":731,""2to4"":535,""5to9"":288},{""1"":8872,""10plus"":933,""2to4"":4539,""5to9"":1303},{""1"":29831,""10plus"":11,""2to4"":4662,""5to9"":268},{""1"":37706,""10plus"":0,""2to4"":575,""5to9"":0},{""1"":35370,""10plus"":0,""2to4"":34,""5to9"":0},{""1"":32148,""10plus"":0,""2to4"":2,""5to9"":0},{""1"":29095,""10plus"":0,""2to4"":0,""5to9"":0}]",0.9903740420013492,0.25368320703637437,1654919168
q_half,ud23,THUCYDIDES,1a32cf6857284fff7c7f006f8d0cd4ab15a047af7a4bcd5613d1fd50789dd4ee,0,original,8,100,0.5,4442,180f969892251e4875b4b06a4e08ce70b7a2ce80318157dd5666060daf0a3f2c,8306,9346,23398,26652,-3204.841978278593,,3cb1730e89d07fe4d0ab5d26fed13c2b3e5562773ee6ffb594202b713c9ab504,-81698.06568565404,89794,77,0.0,23,1778,26652,"[1,78,1509,7628,14738,17612,17383,16125,14720]","[{""1"":0,""10plus"":1,""2to4"":0,""5to9"":0},{""1"":11,""10plus"":53,""2to4"":11,""5to9"":3},{""1"":435,""10plus"":402,""2to4"":425,""5to9"":247},{""1"":4583,""10plus"":416,""2to4"":2045,""5to9"":584},{""1"":11972,""10plus"":93,""2to4"":2329,""5to9"":344},{""1"":16361,""10plus"":10,""2to4"":1173,""5to9"":68},{""1"":16985,""10plus"":1,""2to4"":391,""5to9"":6},{""1"":16000,""10plus"":0,""2to4"":123,""5to9"":2},{""1"":14674,""10plus"":0,""2to4"":44,""5to9"":2}]",0.31120604100033233,0.2464109050179104,1276583936
q_half,ud23,THUCYDIDES,1a32cf6857284fff7c7f006f8d0cd4ab15a047af7a4bcd5613d1fd50789dd4ee,0,shuffled,8,100,0.5,4442,180f969892251e4875b4b06a4e08ce70b7a2ce80318157dd5666060daf0a3f2c,8306,9346,23398,26652,3831.865172566657,,737d497e4c888b0f47ff66eed225e30bc8ce68932e044627c93e9f05dee832ed,-84902.90766393264,99379,77,1.0,23,1778,26652,"[1,77,1737,10280,18930,19412,17884,16278,14780]","[{""1"":0,""10plus"":1,""2to4"":0,""5to9"":0},{""1"":11,""10plus"":53,""2to4"":10,""5to9"":3},{""1"":530,""10plus"":480,""2to4"":461,""5to9"":266},{""1"":6400,""10plus"":309,""2to4"":2808,""5to9"":763},{""1"":17090,""10plus"":1,""2to4"":1810,""5to9"":29},{""1"":19242,""10plus"":0,""2to4"":170,""5to9"":0},{""1"":17871,""10plus"":0,""2to4"":13,""5to9"":0},{""1"":16277,""10plus"":0,""2to4"":1,""5to9"":0},{""1"":14780,""10plus"":0,""2to4"":0,""5to9"":0}]",0.44283104199894296,0.24716508898563916,1276583936
q_half,ud23,THUCYDIDES,1a32cf6857284fff7c7f006f8d0cd4ab15a047af7a4bcd5613d1fd50789dd4ee,1,original,8,100,0.5,4442,31fdcd1d99b34401b109182c4384b135fff6bf28ee3e5681851ddce1a0f15631,8305,9346,23408,26652,-3271.191627658496,,5e28ef196c467287a6f98696f7b3239ddac90c7c5eadd02213e9093e2b6c45f8,-81897.21733515033,89997,73,0.0,27,1785,26652,"[1,74,1541,7717,14839,17642,17391,16120,14672]","[{""1"":0,""10plus"":1,""2to4"":0,""5to9"":0},{""1"":8,""10plus"":54,""2to4"":7,""5to9"":5},{""1"":471,""10plus"":409,""2to4"":408,""5to9"":253},{""1"":4617,""10plus"":408,""2to4"":2108,""5to9"":584},{""1"":12151,""10plus"":97,""2to4"":2274,""5to9"":317},{""1"":16453,""10plus"":15,""2to4"":1101,""5to9"":73},{""1"":17023,""10plus"":2,""2to4"":358,""5to9"":8},{""1"":16010,""10plus"":2,""2to4"":108,""5to9"":0},{""1"":14636,""10plus"":1,""2to4"":34,""5to9"":1}]",0.3107073749997653,0.24283219814969925,1490690048
q_half,ud23,THUCYDIDES,1a32cf6857284fff7c7f006f8d0cd4ab15a047af7a4bcd5613d1fd50789dd4ee,1,shuffled,8,100,0.5,4442,31fdcd1d99b34401b109182c4384b135fff6bf28ee3e5681851ddce1a0f15631,8305,9346,23408,26652,3816.8731767318823,,31800a9fbc15d8f7062dda839248e91db9b0cf404cf9f742226ac13a309b5dc2,-85168.40896280883,99475,73,1.0,27,1785,26652,"[1,74,1754,10431,18943,19410,17879,16259,14724]","[{""1"":0,""10plus"":1,""2to4"":0,""5to9"":0},{""1"":7,""10plus"":54,""2to4"":7,""5to9"":6},{""1"":539,""10plus"":486,""2to4"":457,""5to9"":272},{""1"":6600,""10plus"":314,""2to4"":2781,""5to9"":736},{""1"":17149,""10plus"":1,""2to4"":1751,""5to9"":42},{""1"":19238,""10plus"":0,""2to4"":172,""5to9"":0},{""1"":17871,""10plus"":0,""2to4"":8,""5to9"":0},{""1"":16259,""10plus"":0,""2to4"":0,""5to9"":0},{""1"":14724,""10plus"":0,""2to4"":0,""5to9"":0}]",0.4134675839995907,0.24250606973146205,1490690048
q_half,ud23,THUCYDIDES,1a32cf6857284fff7c7f006f8d0cd4ab15a047af7a4bcd5613d1fd50789dd4ee,2,original,8,100,0.5,4442,7fa52fe90384b4a3ef89dd48897afbc3100e31a5e16ac3539c9295fb09427432,8349,9346,23371,26652,-3360.0544096072845,,cde3b0d37734b91739ae3dbb13176e6ad5d832ec081161fedc484401448d7eb9,-81573.58094893048,89837,77,0.0,23,1798,26652,"[1,76,1499,7782,14817,17640,17349,16073,14600]","[{""1"":0,""10plus"":1,""2to4"":0,""5to9"":0},{""1"":7,""10plus"":53,""2to4"":13,""5to9"":3},{""1"":449,""10plus"":425,""2to4"":392,""5to9"":233},{""1"":4716,""10plus"":394,""2to4"":2080,""5to9"":592},{""1"":12155,""10plus"":93,""2to4"":2231,""5to9"":338},{""1"":16471,""10plus"":15,""2to4"":1087,""5to9"":67},{""1"":16974,""10plus"":1,""2to4"":366,""5to9"":8},{""1"":15975,""10plus"":0,""2to4"":96,""5to9"":2},{""1"":14570,""10plus"":0,""2to4"":28,""5to9"":2}]",0.3259795830017538,0.24573507713284926,1490690048
q_half,ud23,THUCYDIDES,1a32cf6857284fff7c7f006f8d0cd4ab15a047af7a4bcd5613d1fd50789dd4ee,2,shuffled,8,100,0.5,4442,7fa52fe90384b4a3ef89dd48897afbc3100e31a5e16ac3539c9295fb09427432,8349,9346,23371,26652,3792.33152295732,,5f16ec3e24b34060e4b8f7e6a66a4afd3a4b777e36aa358fc19cb7809a70f297,-84933.63535853777,99050,77,1.0,23,1798,26652,"[1,78,1726,10335,18895,19364,17820,16190,14641]","[{""1"":0,""10plus"":1,""2to4"":0,""5to9"":0},{""1"":10,""10plus"":53,""2to4"":12,""5to9"":3},{""1"":526,""10plus"":495,""2to4"":450,""5to9"":255},{""1"":6448,""10plus"":325,""2to4"":2852,""5to9"":710},{""1"":17129,""10plus"":4,""2to4"":1725,""5to9"":37},{""1"":19200,""10plus"":0,""2to4"":164,""5to9"":0},{""1"":17812,""10plus"":0,""2to4"":8,""5to9"":0},{""1"":16190,""10plus"":0,""2to4"":0,""5to9"":0},{""1"":14641,""10plus"":0,""2to4"":0,""5to9"":0}]",0.41139258300245274,0.24465172682175762,1490690048
q_half,ud23,THUCYDIDES,1a32cf6857284fff7c7f006f8d0cd4ab15a047af7a4bcd5613d1fd50789dd4ee,3,original,8,100,0.5,4442,6fabd6a91c0cfad20abaa1af34257f7298d9b2d36d0fc56db39716d78239a8f1,8357,9346,23358,26652,-3302.4202412286104,,0bfcf767838f83c28d587c225de043dd8c77fe7ac2783b3aef983b35cced629d,-81483.85454798758,89202,81,0.0,19,1798,26652,"[1,82,1525,7581,14755,17575,17247,15945,14491]","[{""1"":0,""10plus"":1,""2to4"":0,""5to9"":0},{""1"":14,""10plus"":51,""2to4"":11,""5to9"":6},{""1"":483,""10plus"":402,""2to4"":404,""5to9"":236},{""1"":4571,""10plus"":401,""2to4"":2002,""5to9"":607},{""1"":12089,""10plus"":98,""2to4"":2255,""5to9"":313},{""1"":16441,""10plus"":13,""2to4"":1050,""5to9"":71},{""1"":16886,""10plus"":2,""2to4"":352,""5to9"":7},{""1"":15827,""10plus"":2,""2to4"":115,""5to9"":1},{""1"":14439,""10plus"":2,""2to4"":50,""5to9"":0}]",0.3218976659991313,0.24997355413870537,1490690048
q_half,ud23,THUCYDIDES,1a32cf6857284fff7c7f006f8d0cd4ab15a047af7a4bcd5613d1fd50789dd4ee,3,shuffled,8,100,0.5,4442,6fabd6a91c0cfad20abaa1af34257f7298d9b2d36d0fc56db39716d78239a8f1,8357,9346,23358,26652,3827.651705697659,,f9ce596cf8a2cb36c63e28a89f190646c3a9aa0363f0b182c1dfec4e646dddd4,-84786.27478921619,98565,81,1.0,19,1798,26652,"[1,81,1727,10126,18788,19305,17773,16153,14611]","[{""1"":0,""10plus"":1,""2to4"":0,""5to9"":0},{""1"":13,""10plus"":52,""2to4"":11,""5to9"":5},{""1"":532,""10plus"":481,""2to4"":455,""5to9"":259},{""1"":6268,""10plus"":310,""2to4"":2786,""5to9"":762},{""1"":16917,""10plus"":1,""2to4"":1833,""5to9"":37},{""1"":19109,""10plus"":0,""2to4"":196,""5to9"":0},{""1"":17751,""10plus"":0,""2to4"":22,""5to9"":0},{""1"":16151,""10plus"":0,""2to4"":2,""5to9"":0},{""1"":14611,""10plus"":0,""2to4"":0,""5to9"":0}]",0.4102783329981321,0.24922481575413258,1490690048
q_half,ud23,THUCYDIDES,1a32cf6857284fff7c7f006f8d0cd4ab15a047af7a4bcd5613d1fd50789dd4ee,4,original,8,100,0.5,4442,174c09b426f3ab0152f97519b4c4e7b546c436c9a8f32071cb300c61b4944ff3,8321,9346,23318,26652,-3416.287587251034,,229e859720ac2118d0ee58936d3dbab29126a7bfdd4984d2e60d92258e9c04a9,-81315.97412472725,88834,75,0.0,25,1804,26652,"[1,76,1514,7486,14566,17453,17228,15979,14531]","[{""1"":0,""10plus"":1,""2to4"":0,""5to9"":0},{""1"":9,""10plus"":51,""2to4"":9,""5to9"":7},{""1"":470,""10plus"":407,""2to4"":419,""5to9"":218},{""1"":4494,""10plus"":409,""2to4"":1986,""5to9"":597},{""1"":11839,""10plus"":105,""2to4"":2290,""5to9"":332},{""1"":16232,""10plus"":11,""2to4"":1136,""5to9"":74},{""1"":16827,""10plus"":2,""2to4"":393,""5to9"":6},{""1"":15871,""10plus"":2,""2to4"":104,""5to9"":2},{""1"":14479,""10plus"":2,""2to4"":50,""5to9"":0}]",0.3236534160023439,0.24332189787673997,1490690048
q_half,ud23,THUCYDIDES,1a32cf6857284fff7c7f006f8d0cd4ab15a047af7a4bcd5613d1fd50789dd4ee,4,shuffled,8,100,0.5,4442,174c09b426f3ab0152f97519b4c4e7b546c436c9a8f32071cb300c61b4944ff3,8321,9346,23318,26652,3718.578134157593,,a7d681727042792addff1cbf8205bd0dc3a936af9095bf6f885521acd56b1053,-84732.26171197828,98567,75,1.0,25,1804,26652,"[1,76,1698,10078,18815,19316,17783,16162,14638]","[{""1"":0,""10plus"":1,""2to4"":0,""5to9"":0},{""1"":11,""10plus"":54,""2to4"":7,""5to9"":4},{""1"":503,""10plus"":469,""2to4"":475,""5to9"":251},{""1"":6196,""10plus"":317,""2to4"":2793,""5to9"":772},{""1"":16966,""10plus"":0,""2to4"":1806,""5to9"":43},{""1"":19132,""10plus"":0,""2to4"":184,""5to9"":0},{""1"":17774,""10plus"":0,""2to4"":9,""5to9"":0},{""1"":16161,""10plus"":0,""2to4"":1,""5to9"":0},{""1"":14638,""10plus"":0,""2to4"":0,""5to9"":0}]",0.41296904199771234,0.24214337917874218,1490690048
q_half,ud23,THUCYDIDES,1a32cf6857284fff7c7f006f8d0cd4ab15a047af7a4bcd5613d1fd50789dd4ee,5,original,8,100,0.5,4442,766d3c5c7f6bc4afbfef7aface927dd8e2f87be4a95bbe25b16bfc6381db1435,8259,9346,23466,26652,-3407.047853399403,,4676901cdbfd82cd52003078b6f9c5050251813a344ba5eed655b0167409f3c7,-81502.1576599491,89766,72,0.0,28,1785,26652,"[1,72,1475,7649,14721,17699,17388,16101,14660]","[{""1"":0,""10plus"":1,""2to4"":0,""5to9"":0},{""1"":7,""10plus"":54,""2to4"":8,""5to9"":3},{""1"":424,""10plus"":410,""2to4"":390,""5to9"":251},{""1"":4596,""10plus"":398,""2to4"":2051,""5to9"":604},{""1"":11948,""10plus"":100,""2to4"":2336,""5to9"":337},{""1"":16513,""10plus"":11,""2to4"":1118,""5to9"":57},{""1"":17025,""10plus"":2,""2to4"":356,""5to9"":5},{""1"":15983,""10plus"":2,""2to4"":114,""5to9"":2},{""1"":14597,""10plus"":2,""2to4"":61,""5to9"":0}]",0.3279431669980113,0.23988064395962283,1490690048
q_half,ud23,THUCYDIDES,1a32cf6857284fff7c7f006f8d0cd4ab15a047af7a4bcd5613d1fd50789dd4ee,5,shuffled,8,100,0.5,4442,766d3c5c7f6bc4afbfef7aface927dd8e2f87be4a95bbe25b16bfc6381db1435,8259,9346,23466,26652,3832.8784252805635,,e9fccf74625362654196a04ef877cf4c9e01e06a4d4d9b80eff22d54723c5f67,-84909.2055133485,99342,72,1.0,28,1785,26652,"[1,71,1713,10319,18919,19393,17876,16280,14770]","[{""1"":0,""10plus"":1,""2to4"":0,""5to9"":0},{""1"":7,""10plus"":54,""2to4"":7,""5to9"":3},{""1"":492,""10plus"":482,""2to4"":462,""5to9"":277},{""1"":6528,""10plus"":313,""2to4"":2710,""5to9"":768},{""1"":17108,""10plus"":0,""2to4"":1771,""5to9"":40},{""1"":19209,""10plus"":0,""2to4"":183,""5to9"":1},{""1"":17862,""10plus"":0,""2to4"":14,""5to9"":0},{""1"":16279,""10plus"":0,""2to4"":1,""5to9"":0},{""1"":14770,""10plus"":0,""2to4"":0,""5to9"":0}]",0.42162583300159895,0.24032770495250588,1490690048
q_half,ud23,THUCYDIDES,1a32cf6857284fff7c7f006f8d0cd4ab15a047af7a4bcd5613d1fd50789dd4ee,6,original,8,100,0.5,4442,3a832584f6a0654032d512dab986dcacae9cefa7a6966de3a73c30e3719842d1,8319,9346,23453,26652,-3519.4192144603876,,3c2929a4f0e44d2b67153f62effb3c4f77886ba872e51ee331fcad888dd7dfa5,-81421.91921785961,88881,75,0.0,25,1811,26652,"[1,76,1489,7569,14684,17481,17203,15904,14474]","[{""1"":0,""10plus"":1,""2to4"":0,""5to9"":0},{""1"":7,""10plus"":53,""2to4"":12,""5to9"":4},{""1"":436,""10plus"":404,""2to4"":406,""5to9"":243},{""1"":4488,""10plus"":400,""2to4"":2069,""5to9"":612},{""1"":11926,""10plus"":98,""2to4"":2345,""5to9"":315},{""1"":16272,""10plus"":13,""2to4"":1122,""5to9"":74},{""1"":16815,""10plus"":2,""2to4"":378,""5to9"":8},{""1"":15761,""10plus"":2,""2to4"":140,""5to9"":1},{""1"":14403,""10plus"":0,""2to4"":69,""5to9"":2}]",0.306079709000187,0.24287546808409388,1490690048
q_half,ud23,THUCYDIDES,1a32cf6857284fff7c7f006f8d0cd4ab15a047af7a4bcd5613d1fd50789dd4ee,6,shuffled,8,100,0.5,4442,3a832584f6a0654032d512dab986dcacae9cefa7a6966de3a73c30e3719842d1,8319,9346,23453,26652,3831.7948101199872,,47771b8bf17edeaf063931dfe92885c1547b9497e2d59e851e357d73f85b0e25,-84941.33843232,98593,75,1.0,25,1811,26652,"[1,76,1730,10242,18871,19295,17728,16088,14562]","[{""1"":0,""10plus"":1,""2to4"":0,""5to9"":0},{""1"":9,""10plus"":55,""2to4"":10,""5to9"":2},{""1"":542,""10plus"":487,""2to4"":442,""5to9"":259},{""1"":6344,""10plus"":300,""2to4"":2792,""5to9"":806},{""1"":17018,""10plus"":0,""2to4"":1821,""5to9"":32},{""1"":19131,""10plus"":0,""2to4"":164,""5to9"":0},{""1"":17723,""10plus"":0,""2to4"":5,""5to9"":0},{""1"":16088,""10plus"":0,""2to4"":0,""5to9"":0},{""1"":14562,""10plus"":0,""2to4"":0,""5to9"":0}]",0.4054746250003518,0.24321469193819212,1490690048
q_half,ud23,THUCYDIDES,1a32cf6857284fff7c7f006f8d0cd4ab15a047af7a4bcd5613d1fd50789dd4ee,7,original,8,100,0.5,4442,9320bd66b6aff763dd6d21e156f9fc31ef16a7d692d55b4196c937e4b7a56bb9,8339,9346,23460,26652,-3390.574856755149,,cf8bed16635a4ede3f36161f7f957f5a2372e4e00b8e300274c7879519becf35,-81604.46658142922,89731,79,0.0,21,1782,26652,"[1,80,1485,7679,14831,17637,17351,16053,14614]","[{""1"":0,""10plus"":1,""2to4"":0,""5to9"":0},{""1"":12,""10plus"":53,""2to4"":10,""5to9"":5},{""1"":421,""10plus"":418,""2to4"":408,""5to9"":238},{""1"":4586,""10plus"":386,""2to4"":2111,""5to9"":596},{""1"":12116,""10plus"":98,""2to4"":2290,""5to9"":327},{""1"":16464,""10plus"":11,""2to4"":1084,""5to9"":78},{""1"":16984,""10plus"":2,""2to4"":356,""5to9"":9},{""1"":15936,""10plus"":2,""2to4"":113,""5to9"":2},{""1"":14559,""10plus"":2,""2to4"":53,""5to9"":0}]",0.3176190830017731,0.2470366160669073,1490690048
q_half,ud23,THUCYDIDES,1a32cf6857284fff7c7f006f8d0cd4ab15a047af7a4bcd5613d1fd50789dd4ee,7,shuffled,8,100,0.5,4442,9320bd66b6aff763dd6d21e156f9fc31ef16a7d692d55b4196c937e4b7a56bb9,8339,9346,23460,26652,3876.498922947576,,7feb7b6fb8c06fabd8316c9e9d18d7f9c0eaaff0506c3ed2a361ed9d46fff00b,-84995.04143818437,99401,79,1.0,21,1782,26652,"[1,78,1739,10426,18986,19391,17846,16226,14708]","[{""1"":0,""10plus"":1,""2to4"":0,""5to9"":0},{""1"":11,""10plus"":53,""2to4"":8,""5to9"":6},{""1"":514,""10plus"":493,""2to4"":473,""5to9"":259},{""1"":6530,""10plus"":294,""2to4"":2859,""5to9"":743},{""1"":17195,""10plus"":1,""2to4"":1748,""5to9"":42},{""1"":19224,""10plus"":0,""2to4"":167,""5to9"":0},{""1"":17833,""10plus"":0,""2to4"":13,""5to9"":0},{""1"":16225,""10plus"":0,""2to4"":1,""5to9"":0},{""1"":14708,""10plus"":0,""2to4"":0,""5to9"":0}]",0.4082409580005333,0.24637608910052222,1490690048
q_half,ud23,THUCYDIDES,1a32cf6857284fff7c7f006f8d0cd4ab15a047af7a4bcd5613d1fd50789dd4ee,8,original,8,100,0.5,4442,c175e719df13bb336e632b99cb60653b59c53a9a3e1cba3a4498a661d6cf7ad5,8268,9346,23364,26652,-3398.6450629257597,,c7262dff7b276e7b18adb04e52a4a33adc6508d6b37b4401dce82ff4d80d5691,-81587.26536696342,89535,72,0.0,28,1801,26652,"[1,73,1515,7710,14781,17592,17297,16007,14559]","[{""1"":0,""10plus"":1,""2to4"":0,""5to9"":0},{""1"":6,""10plus"":54,""2to4"":11,""5to9"":2},{""1"":452,""10plus"":413,""2to4"":415,""5to9"":235},{""1"":4708,""10plus"":408,""2to4"":1995,""5to9"":599},{""1"":12077,""10plus"":98,""2to4"":2286,""5to9"":320},{""1"":16394,""10plus"":10,""2to4"":1120,""5to9"":68},{""1"":16928,""10plus"":2,""2to4"":360,""5to9"":7},{""1"":15894,""10plus"":2,""2to4"":111,""5to9"":0},{""1"":14511,""10plus"":2,""2to4"":46,""5to9"":0}]",0.2991571249986009,0.23998012325682794,1490690048
q_half,ud23,THUCYDIDES,1a32cf6857284fff7c7f006f8d0cd4ab15a047af7a4bcd5613d1fd50789dd4ee,8,shuffled,8,100,0.5,4442,c175e719df13bb336e632b99cb60653b59c53a9a3e1cba3a4498a661d6cf7ad5,8268,9346,23364,26652,3812.563661411172,,620b7635676a45bc5ee24128d6784154d35b3f74e64c19360bbf6c40f526d60f,-84985.91042988918,98927,72,1.0,28,1801,26652,"[1,73,1720,10308,18917,19329,17783,16161,14635]","[{""1"":0,""10plus"":1,""2to4"":0,""5to9"":0},{""1"":6,""10plus"":54,""2to4"":11,""5to9"":2},{""1"":516,""10plus"":491,""2to4"":456,""5to9"":257},{""1"":6426,""10plus"":314,""2to4"":2821,""5to9"":747},{""1"":17116,""10plus"":0,""2to4"":1764,""5to9"":37},{""1"":19154,""10plus"":0,""2to4"":175,""5to9"":0},{""1"":17774,""10plus"":0,""2to4"":9,""5to9"":0},{""1"":16160,""10plus"":0,""2to4"":1,""5to9"":0},{""1"":14635,""10plus"":0,""2to4"":0,""5to9"":0}]",0.4056138749983802,0.2398736818722682,1490690048
q_half,ud23,THUCYDIDES,1a32cf6857284fff7c7f006f8d0cd4ab15a047af7a4bcd5613d1fd50789dd4ee,9,original,8,100,0.5,4442,d8dee675717b94e550a1cf18e8abf0626ca75d5d7316df8a911afbcbfa8e45e3,8285,9346,23382,26652,-3266.782340038495,,7921be6081e5ccc083df2ab0bd864b33e864f468213bb1e0fad223e6f9116fdc,-81617.81995101491,89230,77,0.0,23,1797,26652,"[1,78,1507,7674,14751,17542,17222,15940,14515]","[{""1"":0,""10plus"":1,""2to4"":0,""5to9"":0},{""1"":12,""10plus"":53,""2to4"":7,""5to9"":6},{""1"":437,""10plus"":400,""2to4"":412,""5to9"":258},{""1"":4662,""10plus"":405,""2to4"":2006,""5to9"":601},{""1"":11996,""10plus"":101,""2to4"":2340,""5to9"":314},{""1"":16351,""10plus"":11,""2to4"":1109,""5to9"":71},{""1"":16793,""10plus"":2,""2to4"":419,""5to9"":8},{""1"":15773,""10plus"":2,""2to4"":164,""5to9"":1},{""1"":14424,""10plus"":2,""2to4"":89,""5to9"":0}]",0.322116957999242,0.24642131013752078,1490690048
q_half,ud23,THUCYDIDES,1a32cf6857284fff7c7f006f8d0cd4ab15a047af7a4bcd5613d1fd50789dd4ee,9,shuffled,8,100,0.5,4442,d8dee675717b94e550a1cf18e8abf0626ca75d5d7316df8a911afbcbfa8e45e3,8285,9346,23382,26652,3837.049756252207,,238fffb2a799c5f7f4bf2bedbb2c5a79f1a7796f7954762f94a4f16d3eff186c,-84884.60229105341,99087,77,1.0,23,1797,26652,"[1,77,1703,10267,19023,19359,17812,16185,14660]","[{""1"":0,""10plus"":1,""2to4"":0,""5to9"":0},{""1"":11,""10plus"":54,""2to4"":7,""5to9"":5},{""1"":478,""10plus"":482,""2to4"":486,""5to9"":257},{""1"":6419,""10plus"":307,""2to4"":2769,""5to9"":772},{""1"":17277,""10plus"":0,""2to4"":1717,""5to9"":29},{""1"":19190,""10plus"":0,""2to4"":169,""5to9"":0},{""1"":17802,""10plus"":0,""2to4"":10,""5to9"":0},{""1"":16185,""10plus"":0,""2to4"":0,""5to9"":0},{""1"":14660,""10plus"":0,""2to4"":0,""5to9"":0}]",0.42537725000147475,0.24420186408315203,1490690048
q_half,ud23,HOMERIC_TRADITION,209ee9f27c82f31d31eb16124569039d7847ed327f3a0f2b5c4eae048347e621,0,original,8,100,0.5,4442,0be969bd024b90254a206d6f6f7a279030ce92d15db0c73f05e1f6cbbea37bc6,61346,71088,23538,26652,-3519.51936317989,,f5317d3dae779edc8c1349cdd0938430054f26f0dee970e283688afe8fdcc5ec,-81351.57371818273,91450,77,0.0,23,1670,26652,"[1,78,1532,7642,14746,17803,17767,16627,15254]","[{""1"":0,""10plus"":1,""2to4"":0,""5to9"":0},{""1"":8,""10plus"":54,""2to4"":10,""5to9"":6},{""1"":465,""10plus"":404,""2to4"":420,""5to9"":243},{""1"":4651,""10plus"":404,""2to4"":1988,""5to9"":599},{""1"":11976,""10plus"":113,""2to4"":2342,""5to9"":315},{""1"":16512,""10plus"":12,""2to4"":1193,""5to9"":86},{""1"":17322,""10plus"":2,""2to4"":431,""5to9"":12},{""1"":16484,""10plus"":2,""2to4"":141,""5to9"":0},{""1"":15197,""10plus"":2,""2to4"":55,""5to9"":0}]",0.31447908299924165,1.672028482060341,1276583936
q_half,ud23,HOMERIC_TRADITION,209ee9f27c82f31d31eb16124569039d7847ed327f3a0f2b5c4eae048347e621,0,shuffled,8,100,0.5,4442,0be969bd024b90254a206d6f6f7a279030ce92d15db0c73f05e1f6cbbea37bc6,61346,71088,23538,26652,3953.5515694689966,,5d87eaa201f8ef35f85414627e3b19985c0d1f9eddee01c9e759509348653428,-84871.09308136262,101664,77,1.0,23,1670,26652,"[1,78,1741,10415,19063,19805,18382,16831,15348]","[{""1"":0,""10plus"":1,""2to4"":0,""5to9"":0},{""1"":9,""10plus"":54,""2to4"":8,""5to9"":7},{""1"":488,""10plus"":490,""2to4"":493,""5to9"":270},{""1"":6541,""10plus"":309,""2to4"":2838,""5to9"":727},{""1"":17162,""10plus"":0,""2to4"":1853,""5to9"":48},{""1"":19612,""10plus"":0,""2to4"":192,""5to9"":1},{""1"":18373,""10plus"":0,""2to4"":9,""5to9"":0},{""1"":16830,""10plus"":0,""2to4"":1,""5to9"":0},{""1"":15348,""10plus"":0,""2to4"":0,""5to9"":0}]",0.4468980419987929,1.5778586260512384,1276583936
q_half,ud23,HOMERIC_TRADITION,209ee9f27c82f31d31eb16124569039d7847ed327f3a0f2b5c4eae048347e621,1,original,8,100,0.5,4442,f93306620fc6ed36e78556922f7afa1b668e70c442f08cd413e84a5e5bdb2c83,61627,71088,23482,26652,-3666.890254774422,,2bcd72dd49f7a843bf15f85a48b78bbcfc3c1ef598cfb337b6deb43ae3b3c003,-80859.85634769044,91852,75,0.0,25,1660,26652,"[1,76,1508,7569,14774,17874,17873,16765,15412]","[{""1"":0,""10plus"":1,""2to4"":0,""5to9"":0},{""1"":9,""10plus"":53,""2to4"":11,""5to9"":3},{""1"":469,""10plus"":414,""2to4"":393,""5to9"":232},{""1"":4562,""10plus"":402,""2to4"":2001,""5to9"":604},{""1"":11997,""10plus"":110,""2to4"":2354,""5to9"":313},{""1"":16555,""10plus"":14,""2to4"":1215,""5to9"":90},{""1"":17423,""10plus"":2,""2to4"":440,""5to9"":8},{""1"":16632,""10plus"":2,""2to4"":131,""5to9"":0},{""1"":15371,""10plus"":2,""2to4"":39,""5to9"":0}]",0.31201995899755275,1.540786017649225,1490690048
q_half,ud23,HOMERIC_TRADITION,209ee9f27c82f31d31eb16124569039d7847ed327f3a0f2b5c4eae048347e621,1,shuffled,8,100,0.5,4442,f93306620fc6ed36e78556922f7afa1b668e70c442f08cd413e84a5e5bdb2c83,61627,71088,23482,26652,3978.763372815709,,a50d72184d36f46ace2f75db4a43022c35a912faed8160272fb24dd9ec33b0e1,-84526.74660246486,101872,75,1.0,25,1660,26652,"[1,76,1735,10298,19062,19841,18451,16932,15476]","[{""1"":0,""10plus"":1,""2to4"":0,""5to9"":0},{""1"":9,""10plus"":53,""2to4"":11,""5to9"":3},{""1"":520,""10plus"":482,""2to4"":457,""5to9"":276},{""1"":6445,""10plus"":313,""2to4"":2806,""5to9"":734},{""1"":17139,""10plus"":1,""2to4"":1873,""5to9"":49},{""1"":19632,""10plus"":0,""2to4"":209,""5to9"":0},{""1"":18437,""10plus"":0,""2to4"":14,""5to9"":0},{""1"":16931,""10plus"":0,""2to4"":1,""5to9"":0},{""1"":15476,""10plus"":0,""2to4"":0,""5to9"":0}]",0.42655199999717297,1.6407978675415507,1490690048
q_half,ud23,HOMERIC_TRADITION,209ee9f27c82f31d31eb16124569039d7847ed327f3a0f2b5c4eae048347e621,2,original,8,100,0.5,4442,a56f3de3ce8f9e0fac6914b03ad881d644d340fbd9bffa59a85caeebbb1b7c87,61510,71088,23554,26652,-3648.2419725625805,,a577c6c15af7e11d52a4c719034bc7813f38d7437a49fd36d65c1bdcfe165e85,-81213.46665314864,91670,77,0.0,23,1661,26652,"[1,77,1543,7608,14721,17829,17829,16706,15356]","[{""1"":0,""10plus"":1,""2to4"":0,""5to9"":0},{""1"":5,""10plus"":53,""2to4"":14,""5to9"":5},{""1"":474,""10plus"":397,""2to4"":405,""5to9"":267},{""1"":4596,""10plus"":416,""2to4"":2042,""5to9"":554},{""1"":11944,""10plus"":114,""2to4"":2320,""5to9"":343},{""1"":16524,""10plus"":17,""2to4"":1199,""5to9"":89},{""1"":17386,""10plus"":2,""2to4"":429,""5to9"":12},{""1"":16568,""10plus"":2,""2to4"":133,""5to9"":3},{""1"":15305,""10plus"":2,""2to4"":49,""5to9"":0}]",0.31882004200087977,1.6437261823484732,1490690048
q_half,ud23,HOMERIC_TRADITION,209ee9f27c82f31d31eb16124569039d7847ed327f3a0f2b5c4eae048347e621,2,shuffled,8,100,0.5,4442,a56f3de3ce8f9e0fac6914b03ad881d644d340fbd9bffa59a85caeebbb1b7c87,61510,71088,23554,26652,3872.303787794881,,f6d72e95e4f6558a9481ae9d735bfc179f2c02554b627ef6565595bdddd10111,-84861.70862571122,101997,77,1.0,23,1661,26652,"[1,78,1717,10452,19091,19845,18440,16915,15458]","[{""1"":0,""10plus"":1,""2to4"":0,""5to9"":0},{""1"":8,""10plus"":54,""2to4"":12,""5to9"":4},{""1"":485,""10plus"":493,""2to4"":490,""5to9"":249},{""1"":6608,""10plus"":320,""2to4"":2826,""5to9"":698},{""1"":17201,""10plus"":1,""2to4"":1837,""5to9"":52},{""1"":19644,""10plus"":0,""2to4"":200,""5to9"":1},{""1"":18425,""10plus"":0,""2to4"":15,""5to9"":0},{""1"":16914,""10plus"":0,""2to4"":1,""5to9"":0},{""1"":15458,""10plus"":0,""2to4"":0,""5to9"":0}]",0.42689141699884203,1.5525261316834076,1490690048
q_half,ud23,HOMERIC_TRADITION,209ee9f27c82f31d31eb16124569039d7847ed327f3a0f2b5c4eae048347e621,3,original,8,100,0.5,4442,2b362a67eeb0d092d165f1a85f4e693a70c9d368f5ebf402881c4f99d132187a,61582,71088,23615,26652,-3470.527482151214,,36a73829351082aed34ceae54a54e818872e266c1608747e8b37c7f981c070a6,-81310.8863958877,92434,78,0.0,22,1655,26652,"[1,79,1523,7634,14970,18083,17952,16779,15413]","[{""1"":0,""10plus"":1,""2to4"":0,""5to9"":0},{""1"":12,""10plus"":53,""2to4"":12,""5to9"":2},{""1"":459,""10plus"":417,""2to4"":411,""5to9"":236},{""1"":4575,""10plus"":414,""2to4"":2076,""5to9"":569},{""1"":12208,""10plus"":102,""2to4"":2325,""5to9"":335},{""1"":16859,""10plus"":9,""2to4"":1142,""5to9"":73},{""1"":17560,""10plus"":2,""2to4"":380,""5to9"":10},{""1"":16654,""10plus"":2,""2to4"":122,""5to9"":1},{""1"":15360,""10plus"":0,""2to4"":51,""5to9"":2}]",0.3220516250003129,1.6557962703664089,1490690048
q_half,ud23,HOMERIC_TRADITION,209ee9f27c82f31d31eb16124569039d7847ed327f3a0f2b5c4eae048347e621,3,shuffled,8,100,0.5,4442,2b362a67eeb0d092d165f1a85f4e693a70c9d368f5ebf402881c4f99d132187a,61582,71088,23615,26652,3905.015087301552,,935fce4b94dd3f9bfee22b0e2ca1170b4cfcade7ab3290371108b72ad1f4c266,-84781.41387803892,102114,78,1.0,22,1655,26652,"[1,78,1747,10480,19103,19839,18459,16929,15478]","[{""1"":0,""10plus"":1,""2to4"":0,""5to9"":0},{""1"":13,""10plus"":53,""2to4"":10,""5to9"":2},{""1"":510,""10plus"":477,""2to4"":484,""5to9"":276},{""1"":6671,""10plus"":309,""2to4"":2769,""5to9"":731},{""1"":17205,""10plus"":0,""2to4"":1834,""5to9"":64},{""1"":19620,""10plus"":0,""2to4"":219,""5to9"":0},{""1"":18449,""10plus"":0,""2to4"":10,""5to9"":0},{""1"":16929,""10plus"":0,""2to4"":0,""5to9"":0},{""1"":15478,""10plus"":0,""2to4"":0,""5to9"":0}]",0.428418084000441,1.5656005598102638,1490690048
q_half,ud23,HOMERIC_TRADITION,209ee9f27c82f31d31eb16124569039d7847ed327f3a0f2b5c4eae048347e621,4,original,8,100,0.5,4442,f0e6c5da6ce25ec2ceb4871afec0a8629652474dec6e63878c8b0ce6771d38dd,61403,71088,23491,26652,-3685.588260138902,,37c92f8004d66ecd959f25be1ada8f1f07c7881d05b993f2981c94574003c3cd,-81048.85178124062,91925,76,0.0,24,1663,26652,"[1,76,1522,7613,14823,17882,17871,16753,15384]","[{""1"":0,""10plus"":1,""2to4"":0,""5to9"":0},{""1"":10,""10plus"":53,""2to4"":7,""5to9"":6},{""1"":451,""10plus"":409,""2to4"":427,""5to9"":235},{""1"":4594,""10plus"":388,""2to4"":2035,""5to9"":596},{""1"":12095,""10plus"":118,""2to4"":2289,""5to9"":321},{""1"":16629,""10plus"":13,""2to4"":1152,""5to9"":88},{""1"":17439,""10plus"":2,""2to4"":423,""5to9"":7},{""1"":16633,""10plus"":2,""2to4"":118,""5to9"":0},{""1"":15334,""10plus"":2,""2to4"":48,""5to9"":0}]",0.34936983300212887,1.5329710599253303,1490690048
q_half,ud23,HOMERIC_TRADITION,209ee9f27c82f31d31eb16124569039d7847ed327f3a0f2b5c4eae048347e621,4,shuffled,8,100,0.5,4442,f0e6c5da6ce25ec2ceb4871afec0a8629652474dec6e63878c8b0ce6771d38dd,61403,71088,23491,26652,3870.260447162247,,e67a2e32ae674ce77fab02404504de1ccd6d6dd05592ea9daebfcbc17939ed3c,-84734.44004137952,101956,76,1.0,24,1663,26652,"[1,77,1744,10391,19014,19839,18464,16943,15483]","[{""1"":0,""10plus"":1,""2to4"":0,""5to9"":0},{""1"":10,""10plus"":52,""2to4"":9,""5to9"":6},{""1"":548,""10plus"":487,""2to4"":443,""5to9"":266},{""1"":6627,""10plus"":325,""2to4"":2702,""5to9"":737},{""1"":17068,""10plus"":0,""2to4"":1888,""5to9"":58},{""1"":19634,""10plus"":0,""2to4"":205,""5to9"":0},{""1"":18452,""10plus"":0,""2to4"":12,""5to9"":0},{""1"":16942,""10plus"":0,""2to4"":1,""5to9"":0},{""1"":15483,""10plus"":0,""2to4"":0,""5to9"":0}]",0.3666544170009729,1.6430401651850843,1490690048
q_half,ud23,HOMERIC_TRADITION,209ee9f27c82f31d31eb16124569039d7847ed327f3a0f2b5c4eae048347e621,5,original,8,100,0.5,4442,fb9adb19e94f3dc93eb901493df0be8fbb16deaeaffbef8556d87ff48802f77a,61301,71088,23538,26652,-3713.4194713274337,,54215d3b9b14376e4e203eeed01ce1fe724b37f13c7086e39e70cba96b0e41e8,-81079.18829357566,92254,80,0.0,20,1660,26652,"[1,80,1544,7687,14836,17970,17928,16785,15423]","[{""1"":0,""10plus"":1,""2to4"":0,""5to9"":0},{""1"":9,""10plus"":54,""2to4"":15,""5to9"":2},{""1"":479,""10plus"":402,""2to4"":415,""5to9"":248},{""1"":4693,""10plus"":398,""2to4"":2017,""5to9"":579},{""1"":12098,""10plus"":111,""2to4"":2294,""5to9"":333},{""1"":16738,""10plus"":14,""2to4"":1123,""5to9"":95},{""1"":17527,""10plus"":2,""2to4"":385,""5to9"":14},{""1"":16664,""10plus"":2,""2to4"":117,""5to9"":2},{""1"":15382,""10plus"":2,""2to4"":39,""5to9"":0}]",0.3461873749984079,1.561717887652776,1490690048
q_half,ud23,HOMERIC_TRADITION,209ee9f27c82f31d31eb16124569039d7847ed327f3a0f2b5c4eae048347e621,5,shuffled,8,100,0.5,4442,fb9adb19e94f3dc93eb901493df0be8fbb16deaeaffbef8556d87ff48802f77a,61301,71088,23538,26652,3923.681662360468,,c90e96a3e7b61f54256735edb81a977381947aa958dd5d04f6ba8474ddbb74a3,-84792.60776490309,102177,80,1.0,20,1660,26652,"[1,81,1731,10351,19227,19890,18472,16941,15483]","[{""1"":0,""10plus"":1,""2to4"":0,""5to9"":0},{""1"":14,""10plus"":54,""2to4"":11,""5to9"":2},{""1"":497,""10plus"":507,""2to4"":487,""5to9"":240},{""1"":6492,""10plus"":316,""2to4"":2800,""5to9"":743},{""1"":17373,""10plus"":0,""2to4"":1812,""5to9"":42},{""1"":19711,""10plus"":0,""2to4"":179,""5to9"":0},{""1"":18464,""10plus"":0,""2to4"":8,""5to9"":0},{""1"":16941,""10plus"":0,""2to4"":0,""5to9"":0},{""1"":15483,""10plus"":0,""2to4"":0,""5to9"":0}]",0.44171416599783697,1.569503217113379,1490690048
q_half,ud23,HOMERIC_TRADITION,209ee9f27c82f31d31eb16124569039d7847ed327f3a0f2b5c4eae048347e621,6,original,8,100,0.5,4442,bd21a73da4354ac3abd5653ccfd8e9cc22c9453c3d53647ae78518d8f47f510f,61584,71088,23616,26652,-3621.3548165798857,,8accbfb3c483f94385423c7dadca00d40d888f7aa8e404ee3a30e6cab3ac05d9,-81356.54239534531,92524,77,0.0,23,1663,26652,"[1,78,1542,7712,14978,18029,17965,16796,15423]","[{""1"":0,""10plus"":1,""2to4"":0,""5to9"":0},{""1"":8,""10plus"":54,""2to4"":13,""5to9"":3},{""1"":484,""10plus"":422,""2to4"":409,""5to9"":227},{""1"":4646,""10plus"":403,""2to4"":2084,""5to9"":579},{""1"":12275,""10plus"":110,""2to4"":2260,""5to9"":333},{""1"":16840,""10plus"":15,""2to4"":1091,""5to9"":83},{""1"":17595,""10plus"":1,""2to4"":359,""5to9"":10},{""1"":16686,""10plus"":0,""2to4"":108,""5to9"":2},{""1"":15383,""10plus"":0,""2to4"":38,""5to9"":2}]",0.3220599170017522,1.54261777562715,1490690048
q_half,ud23,HOMERIC_TRADITION,209ee9f27c82f31d31eb16124569039d7847ed327f3a0f2b5c4eae048347e621,6,shuffled,8,100,0.5,4442,bd21a73da4354ac3abd5653ccfd8e9cc22c9453c3d53647ae78518d8f47f510f,61584,71088,23616,26652,3934.950545266067,,cd327dda3a4a64279834bf087146d799574324c58c863ba904ca47cca73ce1f3,-84977.8972119252,102105,77,1.0,23,1663,26652,"[1,77,1760,10499,19064,19850,18449,16930,15475]","[{""1"":0,""10plus"":1,""2to4"":0,""5to9"":0},{""1"":6,""10plus"":54,""2to4"":15,""5to9"":2},{""1"":528,""10plus"":492,""2to4"":475,""5to9"":265},{""1"":6701,""10plus"":310,""2to4"":2770,""5to9"":718},{""1"":17192,""10plus"":1,""2to4"":1809,""5to9"":62},{""1"":19658,""10plus"":0,""2to4"":192,""5to9"":0},{""1"":18438,""10plus"":0,""2to4"":11,""5to9"":0},{""1"":16929,""10plus"":0,""2to4"":1,""5to9"":0},{""1"":15475,""10plus"":0,""2to4"":0,""5to9"":0}]",0.4259492909986875,1.6585895273638016,1490690048
q_half,ud23,HOMERIC_TRADITION,209ee9f27c82f31d31eb16124569039d7847ed327f3a0f2b5c4eae048347e621,7,original,8,100,0.5,4442,74ceb20982d108b7f631b9b42cb2eca78ceb1b93f2f7af1f531e7a85b4a84386,61529,71088,23507,26652,-3567.7697740799777,,6be74a891e65ae91e11723196aaa411f29b3de051a97d7e6c995b7763dce72e5,-81198.62779732895,92198,77,0.0,23,1666,26652,"[1,78,1551,7704,14886,17953,17913,16740,15372]","[{""1"":0,""10plus"":1,""2to4"":0,""5to9"":0},{""1"":6,""10plus"":53,""2to4"":13,""5to9"":6},{""1"":483,""10plus"":402,""2to4"":432,""5to9"":234},{""1"":4694,""10plus"":399,""2to4"":2048,""5to9"":563},{""1"":12181,""10plus"":118,""2to4"":2282,""5to9"":305},{""1"":16690,""10plus"":13,""2to4"":1170,""5to9"":80},{""1"":17521,""10plus"":2,""2to4"":380,""5to9"":10},{""1"":16629,""10plus"":2,""2to4"":109,""5to9"":0},{""1"":15332,""10plus"":2,""2to4"":38,""5to9"":0}]",0.32235304200003156,1.5454232106094423,1490690048
q_half,ud23,HOMERIC_TRADITION,209ee9f27c82f31d31eb16124569039d7847ed327f3a0f2b5c4eae048347e621,7,shuffled,8,100,0.5,4442,74ceb20982d108b7f631b9b42cb2eca78ceb1b93f2f7af1f531e7a85b4a84386,61529,71088,23507,26652,3960.310063284749,,4e5ea5b13b6283b56384585326e027a538b2b50a889eb07d1ca32c00bd3f4f09,-84766.39757140893,101847,77,1.0,23,1666,26652,"[1,78,1745,10359,19055,19836,18432,16898,15443]","[{""1"":0,""10plus"":1,""2to4"":0,""5to9"":0},{""1"":8,""10plus"":54,""2to4"":11,""5to9"":5},{""1"":512,""10plus"":487,""2to4"":485,""5to9"":261},{""1"":6511,""10plus"":330,""2to4"":2809,""5to9"":709},{""1"":17179,""10plus"":0,""2to4"":1817,""5to9"":59},{""1"":19637,""10plus"":0,""2to4"":199,""5to9"":0},{""1"":18421,""10plus"":0,""2to4"":11,""5to9"":0},{""1"":16897,""10plus"":0,""2to4"":1,""5to9"":0},{""1"":15443,""10plus"":0,""2to4"":0,""5to9"":0}]",0.4349232499989739,1.5497485866253555,1490690048
q_half,ud23,HOMERIC_TRADITION,209ee9f27c82f31d31eb16124569039d7847ed327f3a0f2b5c4eae048347e621,8,original,8,100,0.5,4442,ec50e1537316b431e7e4734cbe49b1b299dffddbad6c6a4cbfa8d45edafdb05b,61552,71088,23571,26652,-3636.8594132273865,,48eb8affa30f533cdc8d0628a16ad801e181ecc5fa297365da201bfdfe07e09a,-81128.52301606427,91890,78,0.0,22,1649,26652,"[1,79,1549,7564,14750,17864,17890,16774,15419]","[{""1"":0,""10plus"":1,""2to4"":0,""5to9"":0},{""1"":11,""10plus"":53,""2to4"":9,""5to9"":6},{""1"":485,""10plus"":413,""2to4"":425,""5to9"":226},{""1"":4524,""10plus"":405,""2to4"":2046,""5to9"":589},{""1"":12006,""10plus"":117,""2to4"":2306,""5to9"":321},{""1"":16581,""10plus"":20,""2to4"":1172,""5to9"":91},{""1"":17469,""10plus"":2,""2to4"":407,""5to9"":12},{""1"":16637,""10plus"":2,""2to4"":134,""5to9"":1},{""1"":15356,""10plus"":2,""2to4"":61,""5to9"":0}]",0.3487982090009609,1.5375431701213529,1490690048
q_half,ud23,HOMERIC_TRADITION,209ee9f27c82f31d31eb16124569039d7847ed327f3a0f2b5c4eae048347e621,8,shuffled,8,100,0.5,4442,ec50e1537316b431e7e4734cbe49b1b299dffddbad6c6a4cbfa8d45edafdb05b,61552,71088,23571,26652,3904.087003370456,,47b6c6a992bfde0dbc2da06610966516e2a1a1e1d4a3029157206540cb5d58a5,-84765.38242929165,102272,78,1.0,22,1649,26652,"[1,78,1733,10336,19160,19932,18510,16989,15533]","[{""1"":0,""10plus"":1,""2to4"":0,""5to9"":0},{""1"":9,""10plus"":54,""2to4"":11,""5to9"":4},{""1"":518,""10plus"":481,""2to4"":473,""5to9"":261},{""1"":6503,""10plus"":321,""2to4"":2774,""5to9"":738},{""1"":17236,""10plus"":0,""2to4"":1874,""5to9"":50},{""1"":19761,""10plus"":0,""2to4"":171,""5to9"":0},{""1"":18497,""10plus"":0,""2to4"":13,""5to9"":0},{""1"":16986,""10plus"":0,""2to4"":3,""5to9"":0},{""1"":15531,""10plus"":0,""2to4"":2,""5to9"":0}]",0.44438487500156043,1.553555144189886,1490690048
q_half,ud23,HOMERIC_TRADITION,209ee9f27c82f31d31eb16124569039d7847ed327f3a0f2b5c4eae048347e621,9,original,8,100,0.5,4442,7df851e1257534a9e2cb21ecbb92d19b9f8a71bd327f09341c9efbdebcc8b17b,61514,71088,23500,26652,-3643.491565895456,,abadac4233203fdce1abe429978acdc56a667c743d2850912652b2d0f42283c5,-81039.89256307433,91357,79,0.0,21,1676,26652,"[1,79,1525,7511,14682,17805,17786,16663,15305]","[{""1"":0,""10plus"":1,""2to4"":0,""5to9"":0},{""1"":5,""10plus"":53,""2to4"":19,""5to9"":2},{""1"":480,""10plus"":407,""2to4"":405,""5to9"":233},{""1"":4537,""10plus"":409,""2to4"":2004,""5to9"":561},{""1"":11903,""10plus"":117,""2to4"":2314,""5to9"":348},{""1"":16515,""10plus"":11,""2to4"":1180,""5to9"":99},{""1"":17334,""10plus"":2,""2to4"":443,""5to9"":7},{""1"":16523,""10plus"":2,""2to4"":137,""5to9"":1},{""1"":15253,""10plus"":2,""2to4"":50,""5to9"":0}]",0.34153833299933467,1.5469059311908495,1490690048
q_half,ud23,HOMERIC_TRADITION,209ee9f27c82f31d31eb16124569039d7847ed327f3a0f2b5c4eae048347e621,9,shuffled,8,100,0.5,4442,7df851e1257534a9e2cb21ecbb92d19b9f8a71bd327f09341c9efbdebcc8b17b,61514,71088,23500,26652,3896.6219625059603,,1a8b16c5301a0e85285df08bc0587be57924688645a7b0fc7a94604d9b844a5d,-84683.38412896979,101611,79,1.0,21,1676,26652,"[1,80,1785,10259,19050,19810,18389,16852,15385]","[{""1"":0,""10plus"":1,""2to4"":0,""5to9"":0},{""1"":6,""10plus"":54,""2to4"":20,""5to9"":0},{""1"":574,""10plus"":467,""2to4"":470,""5to9"":274},{""1"":6459,""10plus"":316,""2to4"":2702,""5to9"":782},{""1"":17134,""10plus"":0,""2to4"":1866,""5to9"":50},{""1"":19616,""10plus"":0,""2to4"":194,""5to9"":0},{""1"":18380,""10plus"":0,""2to4"":9,""5to9"":0},{""1"":16852,""10plus"":0,""2to4"":0,""5to9"":0},{""1"":15385,""10plus"":0,""2to4"":0,""5to9"":0}]",0.43397462500070105,1.5703153581671359,1490690048
q_half,ud23,ATHENAEUS,4352f04fcfd7cbe580caddf69f309034ffb967d5d1bc8a8e809498de5bf8d329,0,original,8,100,0.5,4442,c54f4e0c77773c1934b4c1aff5b6f710af85c57262dfa7d0504d23a7de5e4c96,20391,23133,23538,26652,-3346.8889056446205,,af6c11df083c0ecfa6efccc4774c60f604c7405c3cab695d3105d70f77fbb15b,-81726.89338961015,90567,76,0.0,24,1740,26652,"[1,77,1518,7682,14878,17736,17485,16282,14908]","[{""1"":0,""10plus"":1,""2to4"":0,""5to9"":0},{""1"":8,""10plus"":52,""2to4"":12,""5to9"":5},{""1"":461,""10plus"":412,""2to4"":405,""5to9"":240},{""1"":4633,""10plus"":410,""2to4"":2030,""5to9"":609},{""1"":12111,""10plus"":84,""2to4"":2346,""5to9"":337},{""1"":16525,""10plus"":8,""2to4"":1123,""5to9"":80},{""1"":17039,""10plus"":2,""2to4"":428,""5to9"":16},{""1"":16114,""10plus"":2,""2to4"":160,""5to9"":6},{""1"":14822,""10plus"":2,""2to4"":81,""5to9"":3}]",0.31596825000087847,0.5684211160842096,1276583936
q_half,ud23,ATHENAEUS,4352f04fcfd7cbe580caddf69f309034ffb967d5d1bc8a8e809498de5bf8d329,0,shuffled,8,100,0.5,4442,c54f4e0c77773c1934b4c1aff5b6f710af85c57262dfa7d0504d23a7de5e4c96,20391,23133,23538,26652,3772.000487641635,,522e9823a89647e4e501abf3df26ed657e00ec49cad7ab0ada20ac681f18af57,-85073.78229525477,100333,76,1.0,24,1740,26652,"[1,77,1709,10349,18984,19562,18087,16522,15042]","[{""1"":0,""10plus"":1,""2to4"":0,""5to9"":0},{""1"":9,""10plus"":52,""2to4"":11,""5to9"":5},{""1"":480,""10plus"":471,""2to4"":459,""5to9"":299},{""1"":6529,""10plus"":307,""2to4"":2730,""5to9"":783},{""1"":17107,""10plus"":0,""2to4"":1828,""5to9"":49},{""1"":19376,""10plus"":0,""2to4"":185,""5to9"":1},{""1"":18073,""10plus"":0,""2to4"":14,""5to9"":0},{""1"":16520,""10plus"":0,""2to4"":2,""5to9"":0},{""1"":15041,""10plus"":0,""2to4"":1,""5to9"":0}]",0.41774870800145436,0.5725946249422122,1276583936
q_half,ud23,ATHENAEUS,4352f04fcfd7cbe580caddf69f309034ffb967d5d1bc8a8e809498de5bf8d329,1,original,8,100,0.5,4442,ed08fa7f0df71846ec217e99d737e4be96745de13498142d1c99202e74390fc1,20270,23133,23562,26652,-3323.2912309583044,,a07920f348eadbf4e3a1e474bf5d9086af853a528e201920d17247e5fbf6423e,-81855.26328445417,91215,76,0.0,24,1727,26652,"[1,76,1508,7805,15014,17865,17604,16370,14972]","[{""1"":0,""10plus"":1,""2to4"":0,""5to9"":0},{""1"":13,""10plus"":54,""2to4"":6,""5to9"":3},{""1"":444,""10plus"":419,""2to4"":402,""5to9"":243},{""1"":4697,""10plus"":414,""2to4"":2126,""5to9"":568},{""1"":12276,""10plus"":94,""2to4"":2334,""5to9"":310},{""1"":16725,""10plus"":15,""2to4"":1050,""5to9"":75},{""1"":17242,""10plus"":2,""2to4"":350,""5to9"":10},{""1"":16260,""10plus"":2,""2to4"":106,""5to9"":2},{""1"":14926,""10plus"":2,""2to4"":44,""5to9"":0}]",0.2939722080009233,0.579402330899029,1490690048
q_half,ud23,ATHENAEUS,4352f04fcfd7cbe580caddf69f309034ffb967d5d1bc8a8e809498de5bf8d329,1,shuffled,8,100,0.5,4442,ed08fa7f0df71846ec217e99d737e4be96745de13498142d1c99202e74390fc1,20270,23133,23562,26652,3801.651666853635,,73ab585efef9106882471958213227a3bbef716bf4bcd3a88c56f5aaeaa95ff4,-85178.55451541247,100723,76,1.0,24,1727,26652,"[1,76,1749,10432,19109,19601,18127,16556,15072]","[{""1"":0,""10plus"":1,""2to4"":0,""5to9"":0},{""1"":13,""10plus"":54,""2to4"":6,""5to9"":3},{""1"":515,""10plus"":481,""2to4"":495,""5to9"":258},{""1"":6492,""10plus"":285,""2to4"":2888,""5to9"":767},{""1"":17306,""10plus"":0,""2to4"":1758,""5to9"":45},{""1"":19412,""10plus"":0,""2to4"":189,""5to9"":0},{""1"":18115,""10plus"":0,""2to4"":12,""5to9"":0},{""1"":16556,""10plus"":0,""2to4"":0,""5to9"":0},{""1"":15072,""10plus"":0,""2to4"":0,""5to9"":0}]",0.41414787500252714,0.5782947541083558,1490690048
q_half,ud23,ATHENAEUS,4352f04fcfd7cbe580caddf69f309034ffb967d5d1bc8a8e809498de5bf8d329,2,original,8,100,0.5,4442,5254124e4f9b18633d92d31e09dca02b56260fb925c3641a3fbeba007e9280dd,20324,23133,23519,26652,-3515.8988581963204,,7a41477a24a92c833e8b922408e7628b80b5f76e432e34bb26eaaf8f37bd1746,-81720.82946013904,90903,72,0.0,28,1744,26652,"[1,73,1515,7720,14941,17829,17550,16331,14943]","[{""1"":0,""10plus"":1,""2to4"":0,""5to9"":0},{""1"":5,""10plus"":54,""2to4"":8,""5to9"":6},{""1"":461,""10plus"":422,""2to4"":397,""5to9"":235},{""1"":4634,""10plus"":398,""2to4"":2064,""5to9"":624},{""1"":12136,""10plus"":93,""2to4"":2411,""5to9"":301},{""1"":16644,""10plus"":9,""2to4"":1111,""5to9"":65},{""1"":17177,""10plus"":2,""2to4"":364,""5to9"":7},{""1"":16225,""10plus"":2,""2to4"":103,""5to9"":1},{""1"":14893,""10plus"":2,""2to4"":48,""5to9"":0}]",0.3190587499993853,0.5577839778889029,1490690048
q_half,ud23,ATHENAEUS,4352f04fcfd7cbe580caddf69f309034ffb967d5d1bc8a8e809498de5bf8d329,2,shuffled,8,100,0.5,4442,5254124e4f9b18633d92d31e09dca02b56260fb925c3641a3fbeba007e9280dd,20324,23133,23519,26652,3789.047043718034,,f3c3103d2bd40d412bca2940ce6efd57368c27ff5b785ab6f67d401643f5a35c,-85236.72831833536,100530,72,1.0,28,1744,26652,"[1,73,1720,10432,19088,19570,18081,16516,15049]","[{""1"":0,""10plus"":1,""2to4"":0,""5to9"":0},{""1"":5,""10plus"":54,""2to4"":8,""5to9"":6},{""1"":490,""10plus"":485,""2to4"":473,""5to9"":272},{""1"":6542,""10plus"":308,""2to4"":2831,""5to9"":751},{""1"":17293,""10plus"":0,""2to4"":1758,""5to9"":37},{""1"":19402,""10plus"":0,""2to4"":168,""5to9"":0},{""1"":18070,""10plus"":0,""2to4"":11,""5to9"":0},{""1"":16514,""10plus"":0,""2to4"":2,""5to9"":0},{""1"":15048,""10plus"":0,""2to4"":1,""5to9"":0}]",0.42930533299659146,0.555691680045129,1490690048
q_half,ud23,ATHENAEUS,4352f04fcfd7cbe580caddf69f309034ffb967d5d1bc8a8e809498de5bf8d329,3,original,8,100,0.5,4442,69a9810d721015f015544bb5fac64d60787c45f693e7fd681c0b6a85b77fc710,20331,23133,23558,26652,-3287.0067660707136,,cfd588671353fa796a2370a2fe59a7717f29b1f7f4012b4e07af9e66b1c8b39c,-81952.47497961004,91515,75,0.0,25,1723,26652,"[1,76,1547,7801,15071,17924,17655,16418,15022]","[{""1"":0,""10plus"":1,""2to4"":0,""5to9"":0},{""1"":7,""10plus"":53,""2to4"":11,""5to9"":5},{""1"":485,""10plus"":415,""2to4"":398,""5to9"":249},{""1"":4672,""10plus"":413,""2to4"":2135,""5to9"":581},{""1"":12340,""10plus"":90,""2to4"":2301,""5to9"":340},{""1"":16745,""10plus"":8,""2to4"":1096,""5to9"":75},{""1"":17281,""10plus"":2,""2to4"":367,""5to9"":5},{""1"":16303,""10plus"":2,""2to4"":112,""5to9"":1},{""1"":14964,""10plus"":2,""2to4"":56,""5to9"":0}]",0.31380916699708905,0.5660746738976741,1490690048
q_half,ud23,ATHENAEUS,4352f04fcfd7cbe580caddf69f309034ffb967d5d1bc8a8e809498de5bf8d329,3,shuffled,8,100,0.5,4442,69a9810d721015f015544bb5fac64d60787c45f693e7fd681c0b6a85b77fc710,20331,23133,23558,26652,3852.2515606220404,,c26f6b05c88b810e1b934c60029f86c3334991e1f631720319a03e1d7255ec01,-85239.48174568075,101021,75,1.0,25,1723,26652,"[1,75,1744,10503,19178,19660,18154,16588,15118]","[{""1"":0,""10plus"":1,""2to4"":0,""5to9"":0},{""1"":6,""10plus"":55,""2to4"":11,""5to9"":3},{""1"":529,""10plus"":480,""2to4"":445,""5to9"":290},{""1"":6569,""10plus"":297,""2to4"":2856,""5to9"":781},{""1"":17396,""10plus"":1,""2to4"":1754,""5to9"":27},{""1"":19506,""10plus"":0,""2to4"":154,""5to9"":0},{""1"":18139,""10plus"":0,""2to4"":15,""5to9"":0},{""1"":16585,""10plus"":0,""2to4"":3,""5to9"":0},{""1"":15117,""10plus"":0,""2to4"":1,""5to9"":0}]",0.41425504200014984,0.5648917077487567,1490690048
q_half,ud23,ATHENAEUS,4352f04fcfd7cbe580caddf69f309034ffb967d5d1bc8a8e809498de5bf8d329,4,original,8,100,0.5,4442,a5a6bca15215cfd2483643e68bddf76f26dbf4b219583e6174f2e5ee754886c2,20341,23133,23469,26652,-3449.9996519153938,,0211e22b94fdc73e6066357b78dbdf63c16d32685f8f97ea9a9217c4af804438,-81851.36763691272,91239,73,0.0,27,1742,26652,"[1,74,1512,7794,15099,17920,17632,16322,14885]","[{""1"":0,""10plus"":1,""2to4"":0,""5to9"":0},{""1"":8,""10plus"":53,""2to4"":10,""5to9"":3},{""1"":470,""10plus"":407,""2to4"":378,""5to9"":257},{""1"":4684,""10plus"":402,""2to4"":2112,""5to9"":596},{""1"":12386,""10plus"":95,""2to4"":2318,""5to9"":300},{""1"":16799,""10plus"":11,""2to4"":1046,""5to9"":64},{""1"":17320,""10plus"":2,""2to4"":305,""5to9"":5},{""1"":16228,""10plus"":2,""2to4"":92,""5to9"":0},{""1"":14852,""10plus"":2,""2to4"":31,""5to9"":0}]",0.319738750000397,0.5611011731707549,1490690048
q_half,ud23,ATHENAEUS,4352f04fcfd7cbe580caddf69f309034ffb967d5d1bc8a8e809498de5bf8d329,4,shuffled,8,100,0.5,4442,a5a6bca15215cfd2483643e68bddf76f26dbf4b219583e6174f2e5ee754886c2,20341,23133,23469,26652,3890.347885811614,,4eb0f73151672475165c0c1af967abb7a9170ad1313f97f33a8c76bfe35df069,-85301.36728882811,100424,73,1.0,27,1742,26652,"[1,74,1737,10474,19113,19566,18048,16459,14952]","[{""1"":0,""10plus"":1,""2to4"":0,""5to9"":0},{""1"":9,""10plus"":54,""2to4"":8,""5to9"":3},{""1"":496,""10plus"":485,""2to4"":487,""5to9"":269},{""1"":6574,""10plus"":294,""2to4"":2827,""5to9"":779},{""1"":17317,""10plus"":1,""2to4"":1762,""5to9"":33},{""1"":19402,""10plus"":0,""2to4"":164,""5to9"":0},{""1"":18035,""10plus"":0,""2to4"":13,""5to9"":0},{""1"":16458,""10plus"":0,""2to4"":1,""5to9"":0},{""1"":14952,""10plus"":0,""2to4"":0,""5to9"":0}]",0.41007854199779104,0.5586383059671789,1490690048
q_half,ud23,ATHENAEUS,4352f04fcfd7cbe580caddf69f309034ffb967d5d1bc8a8e809498de5bf8d329,5,original,8,100,0.5,4442,54d4eb3b5fa8f11f03589cd296125d38a9f4730a1d0de392dc9380a13fe06f94,20328,23133,23482,26652,-3429.782615039512,,43e1190eb8448ffccae44816f9dc59051d053d4c3acf93b4e3c28eda89011c17,-81634.27652184793,90699,78,0.0,22,1738,26652,"[1,79,1516,7681,14895,17785,17553,16303,14886]","[{""1"":0,""10plus"":1,""2to4"":0,""5to9"":0},{""1"":9,""10plus"":53,""2to4"":15,""5to9"":2},{""1"":446,""10plus"":412,""2to4"":420,""5to9"":238},{""1"":4661,""10plus"":409,""2to4"":2035,""5to9"":576},{""1"":12155,""10plus"":104,""2to4"":2315,""5to9"":321},{""1"":16577,""10plus"":7,""2to4"":1124,""5to9"":77},{""1"":17149,""10plus"":2,""2to4"":396,""5to9"":6},{""1"":16166,""10plus"":2,""2to4"":134,""5to9"":1},{""1"":14825,""10plus"":2,""2to4"":59,""5to9"":0}]",0.3275745419996383,0.5709126408582961,1490690048
q_half,ud23,ATHENAEUS,4352f04fcfd7cbe580caddf69f309034ffb967d5d1bc8a8e809498de5bf8d329,5,shuffled,8,100,0.5,4442,54d4eb3b5fa8f11f03589cd296125d38a9f4730a1d0de392dc9380a13fe06f94,20328,23133,23482,26652,3861.8691489532794,,c50aaa96cfc9c2b9044b86d8bf37945ee21c965919aab52639a7fa24e092fa8c,-85064.05913688744,100438,78,1.0,22,1738,26652,"[1,79,1730,10379,19140,19567,18069,16489,14984]","[{""1"":0,""10plus"":1,""2to4"":0,""5to9"":0},{""1"":10,""10plus"":53,""2to4"":14,""5to9"":2},{""1"":532,""10plus"":485,""2to4"":455,""5to9"":258},{""1"":6447,""10plus"":289,""2to4"":2848,""5to9"":795},{""1"":17367,""10plus"":1,""2to4"":1744,""5to9"":28},{""1"":19395,""10plus"":0,""2to4"":172,""5to9"":0},{""1"":18056,""10plus"":0,""2to4"":13,""5to9"":0},{""1"":16489,""10plus"":0,""2to4"":0,""5to9"":0},{""1"":14984,""10plus"":0,""2to4"":0,""5to9"":0}]",0.42624316699948395,0.5692766269421554,1490690048
q_half,ud23,ATHENAEUS,4352f04fcfd7cbe580caddf69f309034ffb967d5d1bc8a8e809498de5bf8d329,6,original,8,100,0.5,4442,92f38c6fe01ebdd4050b3b5337bc0fa45ec97046f08000c4af5ec944a189ed82,20282,23133,23482,26652,-3452.1826852331287,,d3fbbe29e0947295068e024489a19f921faba60f822f83dce2a1d5d8603fd1b6,-81647.18257638426,90887,75,0.0,25,1728,26652,"[1,76,1505,7650,14921,17812,17615,16358,14949]","[{""1"":0,""10plus"":1,""2to4"":0,""5to9"":0},{""1"":8,""10plus"":53,""2to4"":9,""5to9"":6},{""1"":450,""10plus"":400,""2to4"":402,""5to9"":253},{""1"":4569,""10plus"":419,""2to4"":2065,""5to9"":597},{""1"":12144,""10plus"":96,""2to4"":2344,""5to9"":337},{""1"":16588,""10plus"":9,""2to4"":1133,""5to9"":82},{""1"":17246,""10plus"":2,""2to4"":358,""5to9"":9},{""1"":16243,""10plus"":2,""2to4"":112,""5to9"":1},{""1"":14902,""10plus"":2,""2to4"":45,""5to9"":0}]",0.31432945800042944,0.5609741459084034,1490690048
q_half,ud23,ATHENAEUS,4352f04fcfd7cbe580caddf69f309034ffb967d5d1bc8a8e809498de5bf8d329,6,shuffled,8,100,0.5,4442,92f38c6fe01ebdd4050b3b5337bc0fa45ec97046f08000c4af5ec944a189ed82,20282,23133,23482,26652,3855.2709414540295,,efa66b72a0daee3a629ce6606761e6f530f99f3963cb907a7badd4df9db5612a,-85099.3652616174,100752,75,1.0,25,1728,26652,"[1,74,1749,10448,19167,19635,18112,16531,15035]","[{""1"":0,""10plus"":1,""2to4"":0,""5to9"":0},{""1"":5,""10plus"":54,""2to4"":10,""5to9"":5},{""1"":525,""10plus"":479,""2to4"":487,""5to9"":258},{""1"":6534,""10plus"":299,""2to4"":2868,""5to9"":747},{""1"":17412,""10plus"":0,""2to4"":1720,""5to9"":35},{""1"":19482,""10plus"":0,""2to4"":153,""5to9"":0},{""1"":18098,""10plus"":0,""2to4"":14,""5to9"":0},{""1"":16529,""10plus"":0,""2to4"":2,""5to9"":0},{""1"":15035,""10plus"":0,""2to4"":0,""5to9"":0}]",0.4144025000023248,0.5644338400561537,1490690048
q_half,ud23,ATHENAEUS,4352f04fcfd7cbe580caddf69f309034ffb967d5d1bc8a8e809498de5bf8d329,7,original,8,100,0.5,4442,a75049c958a9e637da0576c93bfc4940e8b53ba90b0067d42c230314e1f1d55b,20201,23133,23446,26652,-3262.652538483686,,c99782a3a0ce9caff87dd107213030fafb44417896c96f37e953f2535dc6d4a5,-81962.86584023247,91433,75,0.0,25,1733,26652,"[1,76,1531,7767,15093,17906,17659,16408,14992]","[{""1"":0,""10plus"":1,""2to4"":0,""5to9"":0},{""1"":9,""10plus"":53,""2to4"":8,""5to9"":6},{""1"":465,""10plus"":409,""2to4"":401,""5to9"":256},{""1"":4654,""10plus"":394,""2to4"":2070,""5to9"":649},{""1"":12341,""10plus"":92,""2to4"":2328,""5to9"":332},{""1"":16717,""10plus"":11,""2to4"":1113,""5to9"":65},{""1"":17297,""10plus"":2,""2to4"":353,""5to9"":7},{""1"":16310,""10plus"":0,""2to4"":95,""5to9"":3},{""1"":14960,""10plus"":0,""2to4"":30,""5to9"":2}]",0.31996745799915516,0.5650853001061478,1490690048
q_half,ud23,ATHENAEUS,4352f04fcfd7cbe580caddf69f309034ffb967d5d1bc8a8e809498de5bf8d329,7,shuffled,8,100,0.5,4442,a75049c958a9e637da0576c93bfc4940e8b53ba90b0067d42c230314e1f1d55b,20201,23133,23446,26652,3792.845699748854,,c95689e045a7db6463ca6965a7054fe5729f0fe1eda31c0bb6960c0bc5a970ea,-85225.51837871615,100606,75,1.0,25,1733,26652,"[1,75,1757,10420,19093,19587,18109,16530,15034]","[{""1"":0,""10plus"":1,""2to4"":0,""5to9"":0},{""1"":7,""10plus"":54,""2to4"":9,""5to9"":5},{""1"":524,""10plus"":484,""2to4"":479,""5to9"":270},{""1"":6534,""10plus"":312,""2to4"":2805,""5to9"":769},{""1"":17269,""10plus"":1,""2to4"":1787,""5to9"":36},{""1"":19408,""10plus"":0,""2to4"":179,""5to9"":0},{""1"":18099,""10plus"":0,""2to4"":10,""5to9"":0},{""1"":16530,""10plus"":0,""2to4"":0,""5to9"":0},{""1"":15034,""10plus"":0,""2to4"":0,""5to9"":0}]",0.4135024999995949,0.5636849360525957,1490690048
q_half,ud23,ATHENAEUS,4352f04fcfd7cbe580caddf69f309034ffb967d5d1bc8a8e809498de5bf8d329,8,original,8,100,0.5,4442,8b16fc8d1862d8a708d7196a466c3d85ac568b8ce3862e1981fa84c0c906152e,20251,23133,23422,26652,-3448.1523154461174,,9f025d00b5056419bdeb80ae9636f1f9d4d31c86b7af8fd66018baac4f63506e,-81615.42875171053,90112,75,0.0,25,1781,26652,"[1,76,1503,7708,14880,17730,17425,16121,14668]","[{""1"":0,""10plus"":1,""2to4"":0,""5to9"":0},{""1"":8,""10plus"":54,""2to4"":13,""5to9"":1},{""1"":436,""10plus"":414,""2to4"":408,""5to9"":245},{""1"":4643,""10plus"":400,""2to4"":2080,""5to9"":585},{""1"":12193,""10plus"":97,""2to4"":2250,""5to9"":340},{""1"":16566,""10plus"":11,""2to4"":1082,""5to9"":71},{""1"":17064,""10plus"":1,""2to4"":351,""5to9"":9},{""1"":16008,""10plus"":0,""2to4"":111,""5to9"":2},{""1"":14618,""10plus"":0,""2to4"":48,""5to9"":2}]",0.31590691699966555,0.5611059838629444,1490690048
q_half,ud23,ATHENAEUS,4352f04fcfd7cbe580caddf69f309034ffb967d5d1bc8a8e809498de5bf8d329,8,shuffled,8,100,0.5,4442,8b16fc8d1862d8a708d7196a466c3d85ac568b8ce3862e1981fa84c0c906152e,20251,23133,23422,26652,3761.39821302997,,4bfaf0d10a647778a3be91e078083a5e986218e8c0224b8ad404c27bda23040c,-85063.58106715664,99433,75,1.0,25,1781,26652,"[1,76,1734,10387,18981,19403,17864,16257,14730]","[{""1"":0,""10plus"":1,""2to4"":0,""5to9"":0},{""1"":8,""10plus"":54,""2to4"":13,""5to9"":1},{""1"":519,""10plus"":491,""2to4"":470,""5to9"":254},{""1"":6506,""10plus"":310,""2to4"":2815,""5to9"":756},{""1"":17194,""10plus"":0,""2to4"":1749,""5to9"":38},{""1"":19226,""10plus"":0,""2to4"":177,""5to9"":0},{""1"":17850,""10plus"":0,""2to4"":14,""5to9"":0},{""1"":16256,""10plus"":0,""2to4"":1,""5to9"":0},{""1"":14730,""10plus"":0,""2to4"":0,""5to9"":0}]",0.40892225000061444,0.5608593622928311,1490690048
q_half,ud23,ATHENAEUS,4352f04fcfd7cbe580caddf69f309034ffb967d5d1bc8a8e809498de5bf8d329,9,original,8,100,0.5,4442,ba17cf6cd926aed70da49ef3192cda7092f5274b71930390206b12c771db2156,20265,23133,23503,26652,-3313.9799275949044,,c782a7df8d1832040c45186e80c53bc43b2f31fabfcf17b5d065d37f309a584e,-81801.9296457659,91940,73,0.0,27,1691,26652,"[1,74,1530,7693,15118,17983,17764,16565,15212]","[{""1"":0,""10plus"":1,""2to4"":0,""5to9"":0},{""1"":7,""10plus"":54,""2to4"":11,""5to9"":2},{""1"":464,""10plus"":413,""2to4"":425,""5to9"":228},{""1"":4591,""10plus"":415,""2to4"":2089,""5to9"":598},{""1"":12382,""10plus"":92,""2to4"":2333,""5to9"":311},{""1"":16799,""10plus"":7,""2to4"":1104,""5to9"":73},{""1"":17379,""10plus"":2,""2to4"":376,""5to9"":7},{""1"":16440,""10plus"":2,""2to4"":122,""5to9"":1},{""1"":15148,""10plus"":2,""2to4"":62,""5to9"":0}]",0.3073575410016929,0.5613999350534868,1490690048
q_half,ud23,ATHENAEUS,4352f04fcfd7cbe580caddf69f309034ffb967d5d1bc8a8e809498de5bf8d329,9,shuffled,8,100,0.5,4442,ba17cf6cd926aed70da49ef3192cda7092f5274b71930390206b12c771db2156,20265,23133,23503,26652,3843.010119362938,,0c2aad23ce6be4ed4bbc27a6295bf92721181efa45111a946e817f4bb54f446b,-85115.9095733608,101602,73,1.0,27,1691,26652,"[1,74,1725,10428,19196,19760,18311,16773,15334]","[{""1"":0,""10plus"":1,""2to4"":0,""5to9"":0},{""1"":6,""10plus"":54,""2to4"":12,""5to9"":2},{""1"":512,""10plus"":490,""2to4"":464,""5to9"":259},{""1"":6520,""10plus"":323,""2to4"":2837,""5to9"":748},{""1"":17352,""10plus"":2,""2to4"":1807,""5to9"":35},{""1"":19584,""10plus"":0,""2to4"":176,""5to9"":0},{""1"":18302,""10plus"":0,""2to4"":9,""5to9"":0},{""1"":16772,""10plus"":0,""2to4"":1,""5to9"":0},{""1"":15334,""10plus"":0,""2to4"":0,""5to9"":0}]",0.4118821250012843,0.6504110855057661,1490690048
q_half,ud23,HERODOTUS,89f0804afded8e7a0f4e1b507030d5ef4ecaf17e422c8b2969bd6b23e62818e6,0,original,8,100,0.5,4442,88de52d37603ec2e2fbf5b1addccf82cbaa0be8203db3095f8fa4ed898da799a,15340,17301,23431,26652,-3635.0184320913395,,7b5d696bdce64e7006503ea7f2af088acd8bd741a6070b009b157756714d6051,-81185.95583820976,89193,73,0.0,27,1803,26652,"[1,72,1493,7518,14664,17518,17277,16026,14624]","[{""1"":0,""10plus"":1,""2to4"":0,""5to9"":0},{""1"":7,""10plus"":51,""2to4"":7,""5to9"":7},{""1"":448,""10plus"":404,""2to4"":412,""5to9"":229},{""1"":4471,""10plus"":407,""2to4"":2035,""5to9"":605},{""1"":11957,""10plus"":91,""2to4"":2269,""5to9"":347},{""1"":16303,""10plus"":12,""2to4"":1134,""5to9"":69},{""1"":16893,""10plus"":2,""2to4"":373,""5to9"":9},{""1"":15891,""10plus"":2,""2to4"":133,""5to9"":0},{""1"":14562,""10plus"":2,""2to4"":60,""5to9"":0}]",0.3134438750003028,0.42842773797201517,1276583936
q_half,ud23,HERODOTUS,89f0804afded8e7a0f4e1b507030d5ef4ecaf17e422c8b2969bd6b23e62818e6,0,shuffled,8,100,0.5,4442,88de52d37603ec2e2fbf5b1addccf82cbaa0be8203db3095f8fa4ed898da799a,15340,17301,23431,26652,3825.689976150301,,88305a5eba5668b0dc6db7b60aff9aa4388f0fe544c6707e698f885bf8140d77,-84820.9742703011,99012,73,1.0,27,1803,26652,"[1,74,1705,10240,18895,19356,17810,16213,14718]","[{""1"":0,""10plus"":1,""2to4"":0,""5to9"":0},{""1"":10,""10plus"":53,""2to4"":6,""5to9"":5},{""1"":492,""10plus"":489,""2to4"":471,""5to9"":253},{""1"":6385,""10plus"":301,""2to4"":2768,""5to9"":786},{""1"":17072,""10plus"":0,""2to4"":1786,""5to9"":37},{""1"":19192,""10plus"":0,""2to4"":164,""5to9"":0},{""1"":17800,""10plus"":0,""2to4"":10,""5to9"":0},{""1"":16211,""10plus"":0,""2to4"":2,""5to9"":0},{""1"":14718,""10plus"":0,""2to4"":0,""5to9"":0}]",0.41017958399970667,0.4325059469865664,1276583936
q_half,ud23,HERODOTUS,89f0804afded8e7a0f4e1b507030d5ef4ecaf17e422c8b2969bd6b23e62818e6,1,original,8,100,0.5,4442,c1a0968e95445fd9db48ee49e5ab9519ea19d86ad6a3afb397ef6fdc3af55754,15367,17301,23492,26652,-3433.0034849731746,,b5035ebf9a7d8ffecfbaee746c8ad31805d8211e0bf3367f6bf1ddada4c812d1,-81499.23440414996,89890,76,0.0,24,1781,26652,"[1,76,1520,7644,14824,17703,17382,16092,14648]","[{""1"":0,""10plus"":1,""2to4"":0,""5to9"":0},{""1"":9,""10plus"":53,""2to4"":10,""5to9"":4},{""1"":465,""10plus"":406,""2to4"":401,""5to9"":248},{""1"":4577,""10plus"":414,""2to4"":2077,""5to9"":576},{""1"":12090,""10plus"":100,""2to4"":2303,""5to9"":331},{""1"":16530,""10plus"":10,""2to4"":1097,""5to9"":66},{""1"":17008,""10plus"":2,""2to4"":368,""5to9"":4},{""1"":15977,""10plus"":2,""2to4"":113,""5to9"":0},{""1"":14590,""10plus"":2,""2to4"":56,""5to9"":0}]",0.31916679200003273,0.4332036550549674,1490690048
q_half,ud23,HERODOTUS,89f0804afded8e7a0f4e1b507030d5ef4ecaf17e422c8b2969bd6b23e62818e6,1,shuffled,8,100,0.5,4442,c1a0968e95445fd9db48ee49e5ab9519ea19d86ad6a3afb397ef6fdc3af55754,15367,17301,23492,26652,3889.062822001986,,8f20cbdfe57b75bf5b3c0bd98123789d21305771edceb4ca8a0bdd78ae37ae2a,-84932.23788912313,99212,76,1.0,24,1781,26652,"[1,76,1684,10292,18920,19382,17866,16256,14735]","[{""1"":0,""10plus"":1,""2to4"":0,""5to9"":0},{""1"":9,""10plus"":53,""2to4"":11,""5to9"":3},{""1"":454,""10plus"":494,""2to4"":479,""5to9"":257},{""1"":6441,""10plus"":294,""2to4"":2755,""5to9"":802},{""1"":17091,""10plus"":1,""2to4"":1790,""5to9"":38},{""1"":19191,""10plus"":0,""2to4"":191,""5to9"":0},{""1"":17854,""10plus"":0,""2to4"":12,""5to9"":0},{""1"":16256,""10plus"":0,""2to4"":0,""5to9"":0},{""1"":14735,""10plus"":0,""2to4"":0,""5to9"":0}]",0.40722858399749384,0.4346201057524013,1490690048
q_half,ud23,HERODOTUS,89f0804afded8e7a0f4e1b507030d5ef4ecaf17e422c8b2969bd6b23e62818e6,2,original,8,100,0.5,4442,9ddf5c9a13e56565b366a4c6ddf62dbc39fae6f11a3dcc95a424d0fb1e19c084,15298,17301,23477,26652,-3467.0044625337323,,0d96567c388563c9d059ff66a19d8780f2185dd2f6413dd682dcd62b59147afc,-81331.96891215621,90688,73,0.0,27,1734,26652,"[1,74,1492,7556,14876,17793,17573,16361,14962]","[{""1"":0,""10plus"":1,""2to4"":0,""5to9"":0},{""1"":6,""10plus"":52,""2to4"":11,""5to9"":5},{""1"":464,""10plus"":417,""2to4"":384,""5to9"":227},{""1"":4428,""10plus"":395,""2to4"":2119,""5to9"":614},{""1"":12096,""10plus"":102,""2to4"":2363,""5to9"":315},{""1"":16590,""10plus"":11,""2to4"":1122,""5to9"":70},{""1"":17189,""10plus"":2,""2to4"":373,""5to9"":9},{""1"":16245,""10plus"":2,""2to4"":112,""5to9"":2},{""1"":14913,""10plus"":2,""2to4"":46,""5to9"":1}]",0.30206066699975054,0.4270877219933027,1490690048
q_half,ud23,HERODOTUS,89f0804afded8e7a0f4e1b507030d5ef4ecaf17e422c8b2969bd6b23e62818e6,2,shuffled,8,100,0.5,4442,9ddf5c9a13e56565b366a4c6ddf62dbc39fae6f11a3dcc95a424d0fb1e19c084,15298,17301,23477,26652,3871.440281604402,,1ac2c3491c12caece130d56017131a4b157f7d67371527ca6280884d81140ce4,-84798.97337468994,100353,73,1.0,27,1734,26652,"[1,74,1716,10282,18962,19575,18118,16554,15071]","[{""1"":0,""10plus"":1,""2to4"":0,""5to9"":0},{""1"":7,""10plus"":52,""2to4"":9,""5to9"":6},{""1"":519,""10plus"":483,""2to4"":455,""5to9"":259},{""1"":6403,""10plus"":307,""2to4"":2801,""5to9"":771},{""1"":17077,""10plus"":1,""2to4"":1835,""5to9"":49},{""1"":19379,""10plus"":0,""2to4"":195,""5to9"":1},{""1"":18104,""10plus"":0,""2to4"":14,""5to9"":0},{""1"":16553,""10plus"":0,""2to4"":1,""5to9"":0},{""1"":15071,""10plus"":0,""2to4"":0,""5to9"":0}]",0.4135745000021416,0.42918747102157795,1490690048
q_half,ud23,HERODOTUS,89f0804afded8e7a0f4e1b507030d5ef4ecaf17e422c8b2969bd6b23e62818e6,3,original,8,100,0.5,4442,fb6439477438b89c802bd161ea3b3953655958111fd901b266d6ca2948de5529,15313,17301,23404,26652,-3448.8796525538055,,97f15a119338bf12190442ac8cad10669c0bb1b4ee7f36fa33853facfc9a0aff,-81049.51799628075,88693,78,0.0,22,1814,26652,"[1,79,1480,7425,14552,17486,17237,15941,14492]","[{""1"":0,""10plus"":1,""2to4"":0,""5to9"":0},{""1"":10,""10plus"":53,""2to4"":13,""5to9"":3},{""1"":425,""10plus"":406,""2to4"":437,""5to9"":212},{""1"":4419,""10plus"":407,""2to4"":2002,""5to9"":597},{""1"":11786,""10plus"":96,""2to4"":2346,""5to9"":324},{""1"":16236,""10plus"":15,""2to4"":1173,""5to9"":62},{""1"":16849,""10plus"":2,""2to4"":380,""5to9"":6},{""1"":15813,""10plus"":2,""2to4"":126,""5to9"":0},{""1"":14434,""10plus"":2,""2to4"":56,""5to9"":0}]",0.31192987500253366,0.43738531599228736,1490690048
q_half,ud23,HERODOTUS,89f0804afded8e7a0f4e1b507030d5ef4ecaf17e422c8b2969bd6b23e62818e6,3,shuffled,8,100,0.5,4442,fb6439477438b89c802bd161ea3b3953655958111fd901b266d6ca2948de5529,15313,17301,23404,26652,3868.871647097578,,a7c274f7698af1ae4a225275242acf5792004d83ae1976d1fed096439ea611cd,-84498.39764883455,98300,78,1.0,22,1814,26652,"[1,77,1686,10086,18746,19296,17736,16101,14571]","[{""1"":0,""10plus"":1,""2to4"":0,""5to9"":0},{""1"":9,""10plus"":52,""2to4"":12,""5to9"":4},{""1"":497,""10plus"":469,""2to4"":457,""5to9"":263},{""1"":6259,""10plus"":296,""2to4"":2745,""5to9"":786},{""1"":16886,""10plus"":0,""2to4"":1808,""5to9"":52},{""1"":19130,""10plus"":0,""2to4"":166,""5to9"":0},{""1"":17729,""10plus"":0,""2to4"":7,""5to9"":0},{""1"":16101,""10plus"":0,""2to4"":0,""5to9"":0},{""1"":14571,""10plus"":0,""2to4"":0,""5to9"":0}]",0.40396604199850117,0.43802048580982955,1490690048
q_half,ud23,HERODOTUS,89f0804afded8e7a0f4e1b507030d5ef4ecaf17e422c8b2969bd6b23e62818e6,4,original,8,100,0.5,4442,c642bddfda4a4367a5d6e49f061ffad96c63abb08a2ae60db088e69c7f83c3e3,15326,17301,23378,26652,-3507.9470865631883,,1821fe4043d63e0e3bf6d5b0d9e852ae2c4b721704015f8eca8d9f0809bbe025,-81336.38592367624,89109,77,0.0,23,1800,26652,"[1,76,1499,7586,14669,17512,17225,15963,14578]","[{""1"":0,""10plus"":1,""2to4"":0,""5to9"":0},{""1"":10,""10plus"":51,""2to4"":9,""5to9"":6},{""1"":451,""10plus"":416,""2to4"":404,""5to9"":228},{""1"":4529,""10plus"":397,""2to4"":2098,""5to9"":562},{""1"":11956,""10plus"":101,""2to4"":2286,""5to9"":326},{""1"":16345,""10plus"":14,""2to4"":1082,""5to9"":71},{""1"":16833,""10plus"":2,""2to4"":376,""5to9"":14},{""1"":15827,""10plus"":2,""2to4"":131,""5to9"":3},{""1"":14526,""10plus"":2,""2to4"":49,""5to9"":1}]",0.29763637499854667,0.4316371691020322,1490690048
q_half,ud23,HERODOTUS,89f0804afded8e7a0f4e1b507030d5ef4ecaf17e422c8b2969bd6b23e62818e6,4,shuffled,8,100,0.5,4442,c642bddfda4a4367a5d6e49f061ffad96c63abb08a2ae60db088e69c7f83c3e3,15326,17301,23378,26652,3824.782471124039,,791bd64c4f48c788449820794260bf0b0fa2203db1565ae1c85fc1d21414defd,-84844.33301023942,98928,77,1.0,23,1800,26652,"[1,78,1722,10275,18848,19346,17800,16181,14677]","[{""1"":0,""10plus"":1,""2to4"":0,""5to9"":0},{""1"":11,""10plus"":53,""2to4"":12,""5to9"":2},{""1"":525,""10plus"":477,""2to4"":443,""5to9"":277},{""1"":6491,""10plus"":322,""2to4"":2698,""5to9"":764},{""1"":17003,""10plus"":0,""2to4"":1807,""5to9"":38},{""1"":19182,""10plus"":0,""2to4"":164,""5to9"":0},{""1"":17795,""10plus"":0,""2to4"":5,""5to9"":0},{""1"":16181,""10plus"":0,""2to4"":0,""5to9"":0},{""1"":14677,""10plus"":0,""2to4"":0,""5to9"":0}]",0.40504470800078707,0.4335055277333595,1490690048
q_half,ud23,HERODOTUS,89f0804afded8e7a0f4e1b507030d5ef4ecaf17e422c8b2969bd6b23e62818e6,5,original,8,100,0.5,4442,611886b3396716f59ab808d6c5e63544e8fdcebe8abb3a8bf575f844ba6a33e6,15301,17301,23404,26652,-3356.7054642142175,,6202bbb7993beb2a762c97df7eb1a258c662222994bcbc762447dde4089a9fbb,-81639.03869864336,90450,80,0.0,20,1754,26652,"[1,80,1515,7611,14878,17778,17506,16238,14843]","[{""1"":0,""10plus"":1,""2to4"":0,""5to9"":0},{""1"":11,""10plus"":52,""2to4"":11,""5to9"":6},{""1"":454,""10plus"":413,""2to4"":412,""5to9"":236},{""1"":4521,""10plus"":409,""2to4"":2086,""5to9"":595},{""1"":12096,""10plus"":89,""2to4"":2351,""5to9"":342},{""1"":16599,""10plus"":8,""2to4"":1099,""5to9"":72},{""1"":17134,""10plus"":2,""2to4"":365,""5to9"":5},{""1"":16120,""10plus"":2,""2to4"":115,""5to9"":1},{""1"":14798,""10plus"":2,""2to4"":43,""5to9"":0}]",0.32578120900143404,0.4404579760557681,1490690048
q_half,ud23,HERODOTUS,89f0804afded8e7a0f4e1b507030d5ef4ecaf17e422c8b2969bd6b23e62818e6,5,shuffled,8,100,0.5,4442,611886b3396716f59ab808d6c5e63544e8fdcebe8abb3a8bf575f844ba6a33e6,15301,17301,23404,26652,3739.817172582858,,6ee7c6359336831aabe43fe8d89ec59d625af32ebc8bb73504ec0435898935fb,-84995.74416285758,99940,80,1.0,20,1754,26652,"[1,80,1706,10243,19008,19524,18013,16427,14938]","[{""1"":0,""10plus"":1,""2to4"":0,""5to9"":0},{""1"":13,""10plus"":54,""2to4"":9,""5to9"":4},{""1"":516,""10plus"":489,""2to4"":430,""5to9"":271},{""1"":6347,""10plus"":305,""2to4"":2808,""5to9"":783},{""1"":17155,""10plus"":0,""2to4"":1816,""5to9"":37},{""1"":19353,""10plus"":0,""2to4"":171,""5to9"":0},{""1"":17999,""10plus"":0,""2to4"":14,""5to9"":0},{""1"":16427,""10plus"":0,""2to4"":0,""5to9"":0},{""1"":14938,""10plus"":0,""2to4"":0,""5to9"":0}]",0.4247915829982958,0.4407576629346295,1490690048
q_half,ud23,HERODOTUS,89f0804afded8e7a0f4e1b507030d5ef4ecaf17e422c8b2969bd6b23e62818e6,6,original,8,100,0.5,4442,e9621d8d6a10bfa063c2ef0b6cb1899b220365a08705b92f413fe2893c0c6f3c,15347,17301,23481,26652,-3591.3177737517544,,a9b3d6433e82dcd772078fa6ced6a015295c58122a55d449170b05d19216d366,-81143.54185225,89359,79,0.0,21,1785,26652,"[1,80,1481,7505,14672,17592,17327,16062,14639]","[{""1"":0,""10plus"":1,""2to4"":0,""5to9"":0},{""1"":13,""10plus"":52,""2to4"":10,""5to9"":5},{""1"":442,""10plus"":418,""2to4"":397,""5to9"":224},{""1"":4474,""10plus"":396,""2to4"":2034,""5to9"":601},{""1"":11947,""10plus"":92,""2to4"":2278,""5to9"":355},{""1"":16396,""10plus"":11,""2to4"":1107,""5to9"":78},{""1"":16935,""10plus"":2,""2to4"":379,""5to9"":11},{""1"":15934,""10plus"":2,""2to4"":126,""5to9"":0},{""1"":14579,""10plus"":2,""2to4"":58,""5to9"":0}]",0.30757879199882154,0.4373570738534909,1490690048
q_half,ud23,HERODOTUS,89f0804afded8e7a0f4e1b507030d5ef4ecaf17e422c8b2969bd6b23e62818e6,6,shuffled,8,100,0.5,4442,e9621d8d6a10bfa063c2ef0b6cb1899b220365a08705b92f413fe2893c0c6f3c,15347,17301,23481,26652,3868.3214823746384,,cfcb42f7b7ca1e1e8a96fd21ef5a24bd1c43ad8c8832d3c8a0e40f3810223842,-84734.85962600175,99130,79,1.0,21,1785,26652,"[1,78,1709,10262,18878,19378,17858,16238,14728]","[{""1"":0,""10plus"":1,""2to4"":0,""5to9"":0},{""1"":10,""10plus"":53,""2to4"":11,""5to9"":4},{""1"":519,""10plus"":484,""2to4"":443,""5to9"":263},{""1"":6413,""10plus"":323,""2to4"":2787,""5to9"":739},{""1"":17048,""10plus"":0,""2to4"":1783,""5to9"":47},{""1"":19193,""10plus"":0,""2to4"":185,""5to9"":0},{""1"":17848,""10plus"":0,""2to4"":10,""5to9"":0},{""1"":16237,""10plus"":0,""2to4"":1,""5to9"":0},{""1"":14728,""10plus"":0,""2to4"":0,""5to9"":0}]",0.4086082499998156,0.44059433607617393,1490690048
q_half,ud23,HERODOTUS,89f0804afded8e7a0f4e1b507030d5ef4ecaf17e422c8b2969bd6b23e62818e6,7,original,8,100,0.5,4442,5c1d5200f82d784adc0ab5107e84c3a0b8da282b7b1875c18b7fbaa06f0bf5f7,15248,17301,23446,26652,-3366.448779375074,,99fc66db84734d0ef22690a765b762d7ceb8226de8a6b5a2a02150c96e46fe52,-81520.02682310092,89526,77,0.0,23,1795,26652,"[1,78,1489,7543,14783,17643,17304,16040,14645]","[{""1"":0,""10plus"":1,""2to4"":0,""5to9"":0},{""1"":10,""10plus"":53,""2to4"":11,""5to9"":4},{""1"":434,""10plus"":417,""2to4"":419,""5to9"":219},{""1"":4463,""10plus"":401,""2to4"":2040,""5to9"":639},{""1"":12026,""10plus"":93,""2to4"":2346,""5to9"":318},{""1"":16475,""10plus"":11,""2to4"":1089,""5to9"":68},{""1"":16898,""10plus"":2,""2to4"":399,""5to9"":5},{""1"":15898,""10plus"":2,""2to4"":140,""5to9"":0},{""1"":14585,""10plus"":2,""2to4"":58,""5to9"":0}]",0.31922800000029383,0.435459723972599,1490690048
q_half,ud23,HERODOTUS,89f0804afded8e7a0f4e1b507030d5ef4ecaf17e422c8b2969bd6b23e62818e6,7,shuffled,8,100,0.5,4442,5c1d5200f82d784adc0ab5107e84c3a0b8da282b7b1875c18b7fbaa06f0bf5f7,15248,17301,23446,26652,3795.0525641732092,,5a9d10cedb859fd799b26222a73bf874dffb802dfea99deed897aa38bbb916e6,-84886.475602476,99173,77,1.0,23,1795,26652,"[1,78,1700,10240,18952,19393,17843,16234,14732]","[{""1"":0,""10plus"":1,""2to4"":0,""5to9"":0},{""1"":10,""10plus"":53,""2to4"":12,""5to9"":3},{""1"":502,""10plus"":493,""2to4"":458,""5to9"":247},{""1"":6373,""10plus"":298,""2to4"":2794,""5to9"":775},{""1"":17186,""10plus"":0,""2to4"":1726,""5to9"":40},{""1"":19244,""10plus"":0,""2to4"":149,""5to9"":0},{""1"":17839,""10plus"":0,""2to4"":4,""5to9"":0},{""1"":16234,""10plus"":0,""2to4"":0,""5to9"":0},{""1"":14732,""10plus"":0,""2to4"":0,""5to9"":0}]",0.4068643329992483,0.4369031008500315,1490690048
q_half,ud23,HERODOTUS,89f0804afded8e7a0f4e1b507030d5ef4ecaf17e422c8b2969bd6b23e62818e6,8,original,8,100,0.5,4442,5b3bb531fcca4d1bf5a4370b85dd26fc72cd9c30c51bb556afce3462dd3e6a42,15332,17301,23355,26652,-3587.70311028944,,970ec5869d6963c162b9ad2f963a983040c9c3ade5120a0959bf67a22fdc54f5,-81158.25312906825,88894,77,0.0,23,1799,26652,"[1,78,1506,7456,14571,17482,17261,15992,14547]","[{""1"":0,""10plus"":1,""2to4"":0,""5to9"":0},{""1"":12,""10plus"":52,""2to4"":10,""5to9"":4},{""1"":462,""10plus"":392,""2to4"":408,""5to9"":244},{""1"":4441,""10plus"":405,""2to4"":1996,""5to9"":614},{""1"":11802,""10plus"":102,""2to4"":2338,""5to9"":329},{""1"":16260,""10plus"":12,""2to4"":1139,""5to9"":71},{""1"":16869,""10plus"":2,""2to4"":383,""5to9"":7},{""1"":15872,""10plus"":2,""2to4"":117,""5to9"":1},{""1"":14499,""10plus"":2,""2to4"":46,""5to9"":0}]",0.2970032919984078,0.4371585408844112,1490690048
q_half,ud23,HERODOTUS,89f0804afded8e7a0f4e1b507030d5ef4ecaf17e422c8b2969bd6b23e62818e6,8,shuffled,8,100,0.5,4442,5b3bb531fcca4d1bf5a4370b85dd26fc72cd9c30c51bb556afce3462dd3e6a42,15332,17301,23355,26652,3756.4329339612013,,3d5d009164a92d40c075446db0566275f04bed149c055acb6b7e133997459219,-84745.95623935769,98696,77,1.0,23,1799,26652,"[1,78,1694,10138,18823,19336,17796,16183,14647]","[{""1"":0,""10plus"":1,""2to4"":0,""5to9"":0},{""1"":13,""10plus"":52,""2to4"":9,""5to9"":4},{""1"":495,""10plus"":489,""2to4"":460,""5to9"":250},{""1"":6260,""10plus"":335,""2to4"":2790,""5to9"":753},{""1"":16972,""10plus"":1,""2to4"":1817,""5to9"":33},{""1"":19150,""10plus"":0,""2to4"":186,""5to9"":0},{""1"":17780,""10plus"":0,""2to4"":16,""5to9"":0},{""1"":16183,""10plus"":0,""2to4"":0,""5to9"":0},{""1"":14647,""10plus"":0,""2to4"":0,""5to9"":0}]",0.4013672500004759,0.43524577562493505,1490690048
q_half,ud23,HERODOTUS,89f0804afded8e7a0f4e1b507030d5ef4ecaf17e422c8b2969bd6b23e62818e6,9,original,8,100,0.5,4442,93ff8f5bfee7f2c81040292296cb15a72996f9e70b260026130cb55c19cd022e,15251,17301,23495,26652,-3520.300836035982,,e7d256dddee372aa18f8c942d216892a5dcf6b691fd346aba8dd00344421ff32,-81339.85080399814,89643,79,0.0,21,1772,26652,"[1,79,1501,7544,14749,17621,17366,16102,14680]","[{""1"":0,""10plus"":1,""2to4"":0,""5to9"":0},{""1"":13,""10plus"":52,""2to4"":9,""5to9"":5},{""1"":455,""10plus"":415,""2to4"":416,""5to9"":215},{""1"":4509,""10plus"":404,""2to4"":2012,""5to9"":619},{""1"":12019,""10plus"":90,""2to4"":2298,""5to9"":342},{""1"":16425,""10plus"":9,""2to4"":1113,""5to9"":74},{""1"":17001,""10plus"":2,""2to4"":350,""5to9"":13},{""1"":15980,""10plus"":2,""2to4"":118,""5to9"":2},{""1"":14620,""10plus"":2,""2to4"":58,""5to9"":0}]",0.32465504199717543,0.4391538921263418,1490690048
q_half,ud23,HERODOTUS,89f0804afded8e7a0f4e1b507030d5ef4ecaf17e422c8b2969bd6b23e62818e6,9,shuffled,8,100,0.5,4442,93ff8f5bfee7f2c81040292296cb15a72996f9e70b260026130cb55c19cd022e,15251,17301,23495,26652,3812.0272307129635,,ddd0e30dbcdc416f2031d4d1a7afab08746d89700b5b6421f9a5a19c9393992a,-84860.15164003412,99336,79,1.0,21,1772,26652,"[1,78,1696,10280,18910,19389,17897,16298,14787]","[{""1"":0,""10plus"":1,""2to4"":0,""5to9"":0},{""1"":12,""10plus"":53,""2to4"":9,""5to9"":4},{""1"":483,""10plus"":483,""2to4"":476,""5to9"":254},{""1"":6458,""10plus"":309,""2to4"":2725,""5to9"":788},{""1"":17105,""10plus"":1,""2to4"":1767,""5to9"":37},{""1"":19182,""10plus"":0,""2to4"":207,""5to9"":0},{""1"":17879,""10plus"":0,""2to4"":18,""5to9"":0},{""1"":16296,""10plus"":0,""2to4"":2,""5to9"":0},{""1"":14787,""10plus"":0,""2to4"":0,""5to9"":0}]",0.4218106660009653,0.4418084408607683,1490690048
q_half,ud23,HESIODIC_TRADITION,c4c0c7eaeca0d61d2e53f4f0642bfa382e91dd28b470d2f4da2ba8539fe0e7f7,0,original,8,100,0.5,4442,c22585061f699784b718f6fbe8c44c455b9d97c5e1c99e95768d57123b8d2cb2,8052,9282,23480,26652,-3710.446387864038,,99c9e231f441351db2c5278e4ac2ee219657bf1fe9361370c919302fd7bb124b,-80483.81653477765,90514,74,0.0,26,1708,26652,"[1,74,1498,7420,14541,17719,17689,16489,15083]","[{""1"":0,""10plus"":1,""2to4"":0,""5to9"":0},{""1"":6,""10plus"":53,""2to4"":11,""5to9"":4},{""1"":468,""10plus"":392,""2to4"":400,""5to9"":238},{""1"":4465,""10plus"":404,""2to4"":1986,""5to9"":565},{""1"":11773,""10plus"":115,""2to4"":2300,""5to9"":353},{""1"":16415,""10plus"":10,""2to4"":1215,""5to9"":79},{""1"":17280,""10plus"":0,""2to4"":399,""5to9"":10},{""1"":16362,""10plus"":0,""2to4"":127,""5to9"":0},{""1"":15037,""10plus"":0,""2to4"":46,""5to9"":0}]",0.32388129200080584,0.20812177187690395,1276583936
q_half,ud23,HESIODIC_TRADITION,c4c0c7eaeca0d61d2e53f4f0642bfa382e91dd28b470d2f4da2ba8539fe0e7f7,0,shuffled,8,100,0.5,4442,c22585061f699784b718f6fbe8c44c455b9d97c5e1c99e95768d57123b8d2cb2,8052,9282,23480,26652,3991.096325074439,,43bf0405733b5c526b338917f28d65f4c0e4c9a4dcc0b67e7396e64185f342b0,-84194.26292264169,100604,74,1.0,26,1708,26652,"[1,74,1707,10144,18992,19697,18217,16637,15135]","[{""1"":0,""10plus"":1,""2to4"":0,""5to9"":0},{""1"":7,""10plus"":53,""2to4"":10,""5to9"":4},{""1"":545,""10plus"":499,""2to4"":430,""5to9"":233},{""1"":6301,""10plus"":334,""2to4"":2780,""5to9"":729},{""1"":17081,""10plus"":0,""2to4"":1875,""5to9"":36},{""1"":19532,""10plus"":0,""2to4"":165,""5to9"":0},{""1"":18210,""10plus"":0,""2to4"":7,""5to9"":0},{""1"":16635,""10plus"":0,""2to4"":2,""5to9"":0},{""1"":15135,""10plus"":0,""2to4"":0,""5to9"":0}]",0.4187944579989562,0.30479994399502175,1276583936
q_half,ud23,HESIODIC_TRADITION,c4c0c7eaeca0d61d2e53f4f0642bfa382e91dd28b470d2f4da2ba8539fe0e7f7,1,original,8,100,0.5,4442,a864cb48eaca2213627d288bb9b558d95fdfd4b95195b09e3b5c6c57b6101120,8022,9282,23598,26652,-3671.142408119951,,a98081c10162c666e0b35b914b2e93d727b0f870c8ed4a39093cd0c98043f809,-80505.9093969199,91556,77,0.0,23,1665,26652,"[1,78,1478,7468,14699,17902,17898,16711,15321]","[{""1"":0,""10plus"":1,""2to4"":0,""5to9"":0},{""1"":12,""10plus"":54,""2to4"":10,""5to9"":2},{""1"":443,""10plus"":415,""2to4"":403,""5to9"":217},{""1"":4447,""10plus"":406,""2to4"":2028,""5to9"":587},{""1"":11916,""10plus"":111,""2to4"":2339,""5to9"":333},{""1"":16607,""10plus"":12,""2to4"":1201,""5to9"":82},{""1"":17488,""10plus"":0,""2to4"":397,""5to9"":13},{""1"":16581,""10plus"":0,""2to4"":128,""5to9"":2},{""1"":15271,""10plus"":0,""2to4"":50,""5to9"":0}]",0.3137585830008902,0.20946758623540518,1490690048
q_half,ud23,HESIODIC_TRADITION,c4c0c7eaeca0d61d2e53f4f0642bfa382e91dd28b470d2f4da2ba8539fe0e7f7,1,shuffled,8,100,0.5,4442,a864cb48eaca2213627d288bb9b558d95fdfd4b95195b09e3b5c6c57b6101120,8022,9282,23598,26652,4001.9432696527074,,7b220ab6d87f4d76b4134ed1fd1384b087bf4bf9a0a6178d4e9fb7682332168c,-84177.05180503985,101414,77,1.0,23,1665,26652,"[1,77,1678,10173,19028,19818,18404,16859,15376]","[{""1"":0,""10plus"":1,""2to4"":0,""5to9"":0},{""1"":10,""10plus"":54,""2to4"":11,""5to9"":2},{""1"":488,""10plus"":484,""2to4"":458,""5to9"":248},{""1"":6339,""10plus"":341,""2to4"":2796,""5to9"":697},{""1"":17048,""10plus"":0,""2to4"":1929,""5to9"":51},{""1"":19616,""10plus"":0,""2to4"":202,""5to9"":0},{""1"":18388,""10plus"":0,""2to4"":16,""5to9"":0},{""1"":16857,""10plus"":0,""2to4"":2,""5to9"":0},{""1"":15376,""10plus"":0,""2to4"":0,""5to9"":0}]",0.4175761660007993,0.21009829503964284,1490690048
q_half,ud23,HESIODIC_TRADITION,c4c0c7eaeca0d61d2e53f4f0642bfa382e91dd28b470d2f4da2ba8539fe0e7f7,2,original,8,100,0.5,4442,f43de2f052bd1f1196f926775b04e35e1821190b7d3775b7f4d55ab921ec3794,7950,9282,23507,26652,-3484.9829694835935,,ab88d73dc3dc8c748454ce261441f297ea8aa6adb48e8c1df8e39c8a3bfa08fd,-80766.07610138056,91122,75,0.0,25,1701,26652,"[1,75,1493,7588,14674,17804,17752,16571,15164]","[{""1"":0,""10plus"":1,""2to4"":0,""5to9"":0},{""1"":11,""10plus"":53,""2to4"":8,""5to9"":3},{""1"":446,""10plus"":406,""2to4"":413,""5to9"":228},{""1"":4593,""10plus"":392,""2to4"":2020,""5to9"":583},{""1"":11988,""10plus"":125,""2to4"":2222,""5to9"":339},{""1"":16569,""10plus"":15,""2to4"":1125,""5to9"":95},{""1"":17365,""10plus"":0,""2to4"":375,""5to9"":12},{""1"":16456,""10plus"":0,""2to4"":114,""5to9"":1},{""1"":15123,""10plus"":0,""2to4"":41,""5to9"":0}]",0.32307133300128044,0.21040525085118134,1490690048
q_half,ud23,HESIODIC_TRADITION,c4c0c7eaeca0d61d2e53f4f0642bfa382e91dd28b470d2f4da2ba8539fe0e7f7,2,shuffled,8,100,0.5,4442,f43de2f052bd1f1196f926775b04e35e1821190b7d3775b7f4d55ab921ec3794,7950,9282,23507,26652,3977.7619339969096,,76b41e52240fc95cbd78809157bcbfe9721b457e954988ffa2404ed69be04647,-84251.05907086415,100658,75,1.0,25,1701,26652,"[1,74,1676,10149,18911,19685,18254,16701,15207]","[{""1"":0,""10plus"":1,""2to4"":0,""5to9"":0},{""1"":9,""10plus"":55,""2to4"":10,""5to9"":0},{""1"":484,""10plus"":488,""2to4"":456,""5to9"":248},{""1"":6312,""10plus"":326,""2to4"":2755,""5to9"":756},{""1"":16981,""10plus"":1,""2to4"":1864,""5to9"":65},{""1"":19479,""10plus"":0,""2to4"":206,""5to9"":0},{""1"":18238,""10plus"":0,""2to4"":16,""5to9"":0},{""1"":16701,""10plus"":0,""2to4"":0,""5to9"":0},{""1"":15207,""10plus"":0,""2to4"":0,""5to9"":0}]",0.41279266700075823,0.20837528784977621,1490690048
q_half,ud23,HESIODIC_TRADITION,c4c0c7eaeca0d61d2e53f4f0642bfa382e91dd28b470d2f4da2ba8539fe0e7f7,3,original,8,100,0.5,4442,07a0987ccee5245a5835020c231940189298499cef2c153bd63e2778507a98b4,8041,9282,23468,26652,-3563.5682983850857,,c60e603415a75da62b828b20b694de7aae6e784a65042ff515a255d5006c7549,-80831.21042570329,90694,77,0.0,23,1717,26652,"[1,77,1504,7463,14718,17778,17652,16454,15047]","[{""1"":0,""10plus"":1,""2to4"":0,""5to9"":0},{""1"":7,""10plus"":53,""2to4"":13,""5to9"":4},{""1"":444,""10plus"":399,""2to4"":429,""5to9"":232},{""1"":4453,""10plus"":404,""2to4"":2004,""5to9"":602},{""1"":11998,""10plus"":118,""2to4"":2290,""5to9"":312},{""1"":16548,""10plus"":10,""2to4"":1141,""5to9"":79},{""1"":17252,""10plus"":0,""2to4"":389,""5to9"":11},{""1"":16330,""10plus"":0,""2to4"":123,""5to9"":1},{""1"":14997,""10plus"":0,""2to4"":50,""5to9"":0}]",0.30171483300000546,0.21022235207419726,1490690048
q_half,ud23,HESIODIC_TRADITION,c4c0c7eaeca0d61d2e53f4f0642bfa382e91dd28b470d2f4da2ba8539fe0e7f7,3,shuffled,8,100,0.5,4442,07a0987ccee5245a5835020c231940189298499cef2c153bd63e2778507a98b4,8041,9282,23468,26652,4023.7553873558354,,94f12cced4b544496529893cfa5b0c6daaa2abb5cdfdb2c7857d9b3b22db2a17,-84394.77872408838,100522,77,1.0,23,1717,26652,"[1,78,1714,10252,18944,19617,18183,16618,15115]","[{""1"":0,""10plus"":1,""2to4"":0,""5to9"":0},{""1"":8,""10plus"":53,""2to4"":11,""5to9"":6},{""1"":513,""10plus"":479,""2to4"":463,""5to9"":259},{""1"":6410,""10plus"":316,""2to4"":2803,""5to9"":723},{""1"":17070,""10plus"":1,""2to4"":1811,""5to9"":62},{""1"":19406,""10plus"":0,""2to4"":211,""5to9"":0},{""1"":18171,""10plus"":0,""2to4"":12,""5to9"":0},{""1"":16617,""10plus"":0,""2to4"":1,""5to9"":0},{""1"":15115,""10plus"":0,""2to4"":0,""5to9"":0}]",0.4076801249975688,0.20980231503926916,1490690048
q_half,ud23,HESIODIC_TRADITION,c4c0c7eaeca0d61d2e53f4f0642bfa382e91dd28b470d2f4da2ba8539fe0e7f7,4,original,8,100,0.5,4442,d3ae63c713d3390ecc669398225810522de472fed009ebb35bc12bebfc0af3bf,8069,9282,23474,26652,-3784.9637805309612,,4f96c01e639b1e38a5b902a8a5761987b0003315487bc9d836f4bf5b621908d3,-80692.33478332819,90737,77,0.0,23,1713,26652,"[1,78,1524,7531,14638,17738,17655,16484,15088]","[{""1"":0,""10plus"":1,""2to4"":0,""5to9"":0},{""1"":7,""10plus"":54,""2to4"":12,""5to9"":5},{""1"":475,""10plus"":398,""2to4"":409,""5to9"":242},{""1"":4547,""10plus"":405,""2to4"":2020,""5to9"":559},{""1"":11934,""10plus"":109,""2to4"":2259,""5to9"":336},{""1"":16506,""10plus"":11,""2to4"":1124,""5to9"":97},{""1"":17243,""10plus"":0,""2to4"":401,""5to9"":11},{""1"":16376,""10plus"":0,""2to4"":107,""5to9"":1},{""1"":15060,""10plus"":0,""2to4"":28,""5to9"":0}]",0.32767683299971395,0.20957973406257224,1490690048
q_half,ud23,HESIODIC_TRADITION,c4c0c7eaeca0d61d2e53f4f0642bfa382e91dd28b470d2f4da2ba8539fe0e7f7,4,shuffled,8,100,0.5,4442,d3ae63c713d3390ecc669398225810522de472fed009ebb35bc12bebfc0af3bf,8069,9282,23474,26652,4006.0070592222764,,7412d321906a9c765df2f5649ab5da6515b33a4d5b692b209f3ee0d4dffb5ca9,-84477.29856385915,100639,77,1.0,23,1713,26652,"[1,78,1742,10284,19001,19634,18169,16609,15121]","[{""1"":0,""10plus"":1,""2to4"":0,""5to9"":0},{""1"":8,""10plus"":55,""2to4"":12,""5to9"":3},{""1"":554,""10plus"":483,""2to4"":453,""5to9"":252},{""1"":6420,""10plus"":320,""2to4"":2829,""5to9"":715},{""1"":17139,""10plus"":0,""2to4"":1817,""5to9"":45},{""1"":19443,""10plus"":0,""2to4"":191,""5to9"":0},{""1"":18152,""10plus"":0,""2to4"":17,""5to9"":0},{""1"":16608,""10plus"":0,""2to4"":1,""5to9"":0},{""1"":15121,""10plus"":0,""2to4"":0,""5to9"":0}]",0.4296390839990636,0.2095855139887135,1490690048
q_half,ud23,HESIODIC_TRADITION,c4c0c7eaeca0d61d2e53f4f0642bfa382e91dd28b470d2f4da2ba8539fe0e7f7,5,original,8,100,0.5,4442,8c55babecc4274e50ad77a17b1e7d1b3cdf3cedc8162d569b1a6c48c5b57f37b,8032,9282,23557,26652,-3719.072649554888,,7bb5dc1678b19ddefec4c4c6e3a62549bff76be9842690fcc1e196fc29faf6ae,-80962.72821482446,91500,75,0.0,25,1698,26652,"[1,75,1516,7625,14773,17870,17791,16625,15224]","[{""1"":0,""10plus"":1,""2to4"":0,""5to9"":0},{""1"":8,""10plus"":54,""2to4"":10,""5to9"":3},{""1"":453,""10plus"":410,""2to4"":419,""5to9"":234},{""1"":4612,""10plus"":390,""2to4"":2043,""5to9"":580},{""1"":12030,""10plus"":103,""2to4"":2288,""5to9"":352},{""1"":16639,""10plus"":10,""2to4"":1133,""5to9"":88},{""1"":17394,""10plus"":0,""2to4"":390,""5to9"":7},{""1"":16523,""10plus"":0,""2to4"":102,""5to9"":0},{""1"":15190,""10plus"":0,""2to4"":34,""5to9"":0}]",0.3145434580001165,0.20942007910707616,1490690048
q_half,ud23,HESIODIC_TRADITION,c4c0c7eaeca0d61d2e53f4f0642bfa382e91dd28b470d2f4da2ba8539fe0e7f7,5,shuffled,8,100,0.5,4442,8c55babecc4274e50ad77a17b1e7d1b3cdf3cedc8162d569b1a6c48c5b57f37b,8032,9282,23557,26652,4012.8162891343673,,470830d2ebb7b943f6a65f146fbf33b493fc5cb9a220fb7286533ff3bbe37a69,-84681.80086437934,101125,75,1.0,25,1698,26652,"[1,76,1729,10333,19010,19707,18273,16737,15259]","[{""1"":0,""10plus"":1,""2to4"":0,""5to9"":0},{""1"":8,""10plus"":54,""2to4"":11,""5to9"":3},{""1"":498,""10plus"":492,""2to4"":491,""5to9"":248},{""1"":6500,""10plus"":313,""2to4"":2787,""5to9"":733},{""1"":17109,""10plus"":0,""2to4"":1858,""5to9"":43},{""1"":19513,""10plus"":0,""2to4"":194,""5to9"":0},{""1"":18261,""10plus"":0,""2to4"":12,""5to9"":0},{""1"":16737,""10plus"":0,""2to4"":0,""5to9"":0},{""1"":15259,""10plus"":0,""2to4"":0,""5to9"":0}]",0.41801137500078767,0.20822536786727142,1490690048
q_half,ud23,HESIODIC_TRADITION,c4c0c7eaeca0d61d2e53f4f0642bfa382e91dd28b470d2f4da2ba8539fe0e7f7,6,original,8,100,0.5,4442,4737f8a170ee961d721f46050434b450a2501421fa8e56af52fcb6c0f6c3f363,8057,9282,23589,26652,-3927.606976371637,,71ef5a57d0aa8c15fbcc18f3b468ad77bfa88ffd4ea2b0594afb4ddaad2a913f,-80635.3218384999,91206,79,0.0,21,1694,26652,"[1,79,1514,7555,14649,17783,17774,16624,15227]","[{""1"":0,""10plus"":1,""2to4"":0,""5to9"":0},{""1"":10,""10plus"":54,""2to4"":13,""5to9"":2},{""1"":445,""10plus"":406,""2to4"":435,""5to9"":228},{""1"":4584,""10plus"":392,""2to4"":1977,""5to9"":602},{""1"":11934,""10plus"":121,""2to4"":2261,""5to9"":333},{""1"":16521,""10plus"":17,""2to4"":1158,""5to9"":87},{""1"":17362,""10plus"":0,""2to4"":400,""5to9"":12},{""1"":16524,""10plus"":0,""2to4"":97,""5to9"":3},{""1"":15196,""10plus"":0,""2to4"":30,""5to9"":1}]",0.32141895899985684,0.21461460019781953,1490690048
q_half,ud23,HESIODIC_TRADITION,c4c0c7eaeca0d61d2e53f4f0642bfa382e91dd28b470d2f4da2ba8539fe0e7f7,6,shuffled,8,100,0.5,4442,4737f8a170ee961d721f46050434b450a2501421fa8e56af52fcb6c0f6c3f363,8057,9282,23589,26652,3987.650255717439,,3815c1af5a0a93d318865bf77425128fe0336fdd6c3ddfc24346f0c5217ca4e4,-84562.92881487154,101170,79,1.0,21,1694,26652,"[1,78,1742,10320,18996,19732,18289,16744,15268]","[{""1"":0,""10plus"":1,""2to4"":0,""5to9"":0},{""1"":9,""10plus"":54,""2to4"":14,""5to9"":1},{""1"":508,""10plus"":488,""2to4"":495,""5to9"":251},{""1"":6487,""10plus"":322,""2to4"":2816,""5to9"":695},{""1"":17097,""10plus"":0,""2to4"":1837,""5to9"":62},{""1"":19549,""10plus"":0,""2to4"":183,""5to9"":0},{""1"":18276,""10plus"":0,""2to4"":13,""5to9"":0},{""1"":16744,""10plus"":0,""2to4"":0,""5to9"":0},{""1"":15268,""10plus"":0,""2to4"":0,""5to9"":0}]",0.41278554200107465,0.21416520509956172,1490690048
q_half,ud23,HESIODIC_TRADITION,c4c0c7eaeca0d61d2e53f4f0642bfa382e91dd28b470d2f4da2ba8539fe0e7f7,7,original,8,100,0.5,4442,d56be39e3670c6798c9e33b95a5f6b3bee698670239b9590232e06266a55826d,8060,9282,23552,26652,-3669.849990896153,,772bf00cc1add79338e4ce53ce3157b2fb142f33e5b4e8b5efc3998ab4460bed,-80548.96124815669,91419,72,0.0,28,1682,26652,"[1,72,1450,7520,14759,17890,17840,16644,15243]","[{""1"":0,""10plus"":1,""2to4"":0,""5to9"":0},{""1"":10,""10plus"":52,""2to4"":4,""5to9"":6},{""1"":421,""10plus"":421,""2to4"":385,""5to9"":223},{""1"":4516,""10plus"":409,""2to4"":2030,""5to9"":565},{""1"":12009,""10plus"":127,""2to4"":2304,""5to9"":319},{""1"":16625,""10plus"":11,""2to4"":1168,""5to9"":86},{""1"":17449,""10plus"":0,""2to4"":385,""5to9"":6},{""1"":16532,""10plus"":0,""2to4"":112,""5to9"":0},{""1"":15206,""10plus"":0,""2to4"":37,""5to9"":0}]",0.30560495800091303,0.20428258690299117,1490690048
q_half,ud23,HESIODIC_TRADITION,c4c0c7eaeca0d61d2e53f4f0642bfa382e91dd28b470d2f4da2ba8539fe0e7f7,7,shuffled,8,100,0.5,4442,d56be39e3670c6798c9e33b95a5f6b3bee698670239b9590232e06266a55826d,8060,9282,23552,26652,4024.692551848566,,d408db70bd49ad35259acd7224d7c23646190d1f1b250219bf65c6b93824b73a,-84218.81123905284,101079,72,1.0,28,1682,26652,"[1,72,1691,10255,18934,19756,18322,16767,15281]","[{""1"":0,""10plus"":1,""2to4"":0,""5to9"":0},{""1"":8,""10plus"":53,""2to4"":6,""5to9"":5},{""1"":473,""10plus"":480,""2to4"":469,""5to9"":269},{""1"":6425,""10plus"":323,""2to4"":2799,""5to9"":708},{""1"":16988,""10plus"":2,""2to4"":1891,""5to9"":53},{""1"":19559,""10plus"":0,""2to4"":197,""5to9"":0},{""1"":18313,""10plus"":0,""2to4"":9,""5to9"":0},{""1"":16767,""10plus"":0,""2to4"":0,""5to9"":0},{""1"":15281,""10plus"":0,""2to4"":0,""5to9"":0}]",0.4110007500021311,0.2060657689362415,1490690048
q_half,ud23,HESIODIC_TRADITION,c4c0c7eaeca0d61d2e53f4f0642bfa382e91dd28b470d2f4da2ba8539fe0e7f7,8,original,8,100,0.5,4442,e381f08c5762b974d8e1bf5d733879ebfe1e371172f926bf4053d3897792c9e5,8115,9282,23554,26652,-3536.917272130071,,dd97fd2068ec6cb6ff1af669d39546a06345066c3584c587b932401910dcafed,-80756.68695397789,91136,76,0.0,24,1681,26652,"[1,76,1484,7499,14636,17766,17768,16630,15276]","[{""1"":0,""10plus"":1,""2to4"":0,""5to9"":0},{""1"":6,""10plus"":53,""2to4"":14,""5to9"":3},{""1"":457,""10plus"":409,""2to4"":391,""5to9"":227},{""1"":4490,""10plus"":410,""2to4"":2025,""5to9"":574},{""1"":11860,""10plus"":116,""2to4"":2324,""5to9"":336},{""1"":16428,""10plus"":14,""2to4"":1236,""5to9"":88},{""1"":17314,""10plus"":0,""2to4"":438,""5to9"":16},{""1"":16480,""10plus"":0,""2to4"":147,""5to9"":3},{""1"":15212,""10plus"":0,""2to4"":63,""5to9"":1}]",0.31928754199907416,0.21019490685284836,1490690048
q_half,ud23,HESIODIC_TRADITION,c4c0c7eaeca0d61d2e53f4f0642bfa382e91dd28b470d2f4da2ba8539fe0e7f7,8,shuffled,8,100,0.5,4442,e381f08c5762b974d8e1bf5d733879ebfe1e371172f926bf4053d3897792c9e5,8115,9282,23554,26652,3969.9650826953875,,599142b02861b7198415f39ddb4a9119886581daa089ded0655ce66a72e197ac,-84293.60422610796,101177,76,1.0,24,1681,26652,"[1,76,1683,10154,18989,19777,18343,16807,15347]","[{""1"":0,""10plus"":1,""2to4"":0,""5to9"":0},{""1"":7,""10plus"":53,""2to4"":13,""5to9"":3},{""1"":493,""10plus"":494,""2to4"":461,""5to9"":235},{""1"":6294,""10plus"":332,""2to4"":2776,""5to9"":752},{""1"":17053,""10plus"":0,""2to4"":1885,""5to9"":51},{""1"":19592,""10plus"":0,""2to4"":185,""5to9"":0},{""1"":18330,""10plus"":0,""2to4"":13,""5to9"":0},{""1"":16806,""10plus"":0,""2to4"":1,""5to9"":0},{""1"":15347,""10plus"":0,""2to4"":0,""5to9"":0}]",0.4169068339979276,0.20791726409515832,1490690048
q_half,ud23,HESIODIC_TRADITION,c4c0c7eaeca0d61d2e53f4f0642bfa382e91dd28b470d2f4da2ba8539fe0e7f7,9,original,8,100,0.5,4442,e6ec958c6353b80c90c19d37508cd56bb4d29cdacac65e577ed138413bf4ff30,8070,9282,23540,26652,-3794.57370992098,,7b2882e18362172b428b17d695ff7f60e8782fc7b741627c8b508c60d9297eb3,-80307.7291851219,91278,77,0.0,23,1673,26652,"[1,78,1501,7400,14592,17815,17853,16708,15330]","[{""1"":0,""10plus"":1,""2to4"":0,""5to9"":0},{""1"":12,""10plus"":53,""2to4"":11,""5to9"":2},{""1"":467,""10plus"":404,""2to4"":400,""5to9"":230},{""1"":4402,""10plus"":411,""2to4"":2014,""5to9"":573},{""1"":11839,""10plus"":111,""2to4"":2293,""5to9"":349},{""1"":16502,""10plus"":8,""2to4"":1213,""5to9"":92},{""1"":17429,""10plus"":0,""2to4"":414,""5to9"":10},{""1"":16591,""10plus"":0,""2to4"":117,""5to9"":0},{""1"":15290,""10plus"":0,""2to4"":40,""5to9"":0}]",0.3035984999987704,0.21039039905008394,1490690048
q_half,ud23,HESIODIC_TRADITION,c4c0c7eaeca0d61d2e53f4f0642bfa382e91dd28b470d2f4da2ba8539fe0e7f7,9,shuffled,8,100,0.5,4442,e6ec958c6353b80c90c19d37508cd56bb4d29cdacac65e577ed138413bf4ff30,8070,9282,23540,26652,4012.585602390187,,7bbaff7743513979db1457cc8bc5914e717f921b77cac44d04a5abd9546c0a26,-84102.30289504289,101353,77,1.0,23,1673,26652,"[1,78,1713,10182,18992,19796,18379,16839,15373]","[{""1"":0,""10plus"":1,""2to4"":0,""5to9"":0},{""1"":12,""10plus"":53,""2to4"":11,""5to9"":2},{""1"":524,""10plus"":479,""2to4"":467,""5to9"":243},{""1"":6371,""10plus"":324,""2to4"":2731,""5to9"":756},{""1"":17039,""10plus"":1,""2to4"":1901,""5to9"":51},{""1"":19600,""10plus"":0,""2to4"":196,""5to9"":0},{""1"":18368,""10plus"":0,""2to4"":11,""5to9"":0},{""1"":16839,""10plus"":0,""2to4"":0,""5to9"":0},{""1"":15373,""10plus"":0,""2to4"":0,""5to9"":0}]",0.41369483299786225,0.20962243307076278,1490690048
q_half,ud23,DIODORUS,d91dad02f8da03cf6702fa7edec531da5e56f526f466e2f04180f2a23a1cf315,0,original,8,100,0.5,4442,495a259485c637cfc13f0e4ebe263f3ac7dde4f9740d30b79e5931c8c8cdb575,13582,15266,23517,26652,-3085.401833976881,,b661e033680c0d24df6e926c8b0cb69430ca858e7992b3831e698564a4ff82b1,-82903.72918783849,89920,75,0.0,25,1843,26652,"[1,76,1586,8090,15234,17724,17171,15765,14273]","[{""1"":0,""10plus"":1,""2to4"":0,""5to9"":0},{""1"":6,""10plus"":54,""2to4"":13,""5to9"":3},{""1"":484,""10plus"":435,""2to4"":419,""5to9"":248},{""1"":4949,""10plus"":376,""2to4"":2161,""5to9"":604},{""1"":12611,""10plus"":78,""2to4"":2255,""5to9"":290},{""1"":16711,""10plus"":8,""2to4"":947,""5to9"":58},{""1"":16891,""10plus"":2,""2to4"":275,""5to9"":3},{""1"":15692,""10plus"":2,""2to4"":70,""5to9"":1},{""1"":14242,""10plus"":2,""2to4"":29,""5to9"":0}]",0.3129285839986551,0.4309155000864848,1276583936
q_half,ud23,DIODORUS,d91dad02f8da03cf6702fa7edec531da5e56f526f466e2f04180f2a23a1cf315,0,shuffled,8,100,0.5,4442,495a259485c637cfc13f0e4ebe263f3ac7dde4f9740d30b79e5931c8c8cdb575,13582,15266,23517,26652,3759.4089623727778,,dfc858dde2ad7d7e28288b7cb15b170bfd2ae3d7c977f5f5b38bd9f94ec877a0,-85989.13102181537,98691,75,1.0,25,1843,26652,"[1,75,1782,10701,19053,19210,17585,15917,14367]","[{""1"":0,""10plus"":1,""2to4"":0,""5to9"":0},{""1"":5,""10plus"":54,""2to4"":13,""5to9"":3},{""1"":532,""10plus"":502,""2to4"":467,""5to9"":281},{""1"":6753,""10plus"":265,""2to4"":2903,""5to9"":780},{""1"":17401,""10plus"":0,""2to4"":1623,""5to9"":29},{""1"":19072,""10plus"":0,""2to4"":138,""5to9"":0},{""1"":17578,""10plus"":0,""2to4"":7,""5to9"":0},{""1"":15917,""10plus"":0,""2to4"":0,""5to9"":0},{""1"":14367,""10plus"":0,""2to4"":0,""5to9"":0}]",0.41765029199996206,0.43066676605667453,1276583936
q_half,ud23,DIODORUS,d91dad02f8da03cf6702fa7edec531da5e56f526f466e2f04180f2a23a1cf315,1,original,8,100,0.5,4442,ba30166b4591e7716dcce08c9c5b6e88400b9166928dc46da134db0f9d660384,13542,15266,23422,26652,-3247.022094064072,,23c01dd2fb7b757ebfb6fea0a41453b11a5fa4e727f97048ecc5951ac002c9d3,-82591.72162500654,90412,76,0.0,24,1826,26652,"[1,77,1564,7997,15315,17821,17300,15908,14429]","[{""1"":0,""10plus"":1,""2to4"":0,""5to9"":0},{""1"":9,""10plus"":53,""2to4"":9,""5to9"":6},{""1"":474,""10plus"":437,""2to4"":425,""5to9"":228},{""1"":4870,""10plus"":398,""2to4"":2145,""5to9"":584},{""1"":12752,""10plus"":73,""2to4"":2183,""5to9"":307},{""1"":16816,""10plus"":7,""2to4"":948,""5to9"":50},{""1"":17041,""10plus"":2,""2to4"":253,""5to9"":4},{""1"":15846,""10plus"":2,""2to4"":59,""5to9"":1},{""1"":14400,""10plus"":2,""2to4"":27,""5to9"":0}]",0.31486299999960465,0.4300755931290041,1490690048
q_half,ud23,DIODORUS,d91dad02f8da03cf6702fa7edec531da5e56f526f466e2f04180f2a23a1cf315,1,shuffled,8,100,0.5,4442,ba30166b4591e7716dcce08c9c5b6e88400b9166928dc46da134db0f9d660384,13542,15266,23422,26652,3830.5364227158134,,bab9118774aa5a6ccd53c6b45df65b7077c4d57e1d5586f659e99d4b3289c3af,-85838.74371907061,99169,76,1.0,24,1826,26652,"[1,76,1760,10735,19118,19261,17671,16037,14510]","[{""1"":0,""10plus"":1,""2to4"":0,""5to9"":0},{""1"":10,""10plus"":53,""2to4"":7,""5to9"":6},{""1"":493,""10plus"":506,""2to4"":492,""5to9"":269},{""1"":6864,""10plus"":283,""2to4"":2831,""5to9"":757},{""1"":17518,""10plus"":0,""2to4"":1569,""5to9"":31},{""1"":19112,""10plus"":0,""2to4"":149,""5to9"":0},{""1"":17662,""10plus"":0,""2to4"":9,""5to9"":0},{""1"":16036,""10plus"":0,""2to4"":1,""5to9"":0},{""1"":14510,""10plus"":0,""2to4"":0,""5to9"":0}]",0.4192555830013589,0.42764040214024135,1490690048
q_half,ud23,DIODORUS,d91dad02f8da03cf6702fa7edec531da5e56f526f466e2f04180f2a23a1cf315,2,original,8,100,0.5,4442,c3e858dc94d952bab2af61a7c991fdfe4ecadfb2e23b54ddf46706443b200e01,13469,15266,23397,26652,-3346.1616462617967,,1fd7152c71e5e7cce4b8625400dc4252add15f8a8f9f69689b126bfb3008173f,-82494.91941717025,89207,77,0.0,23,1878,26652,"[1,78,1576,7985,15100,17656,17077,15628,14106]","[{""1"":0,""10plus"":1,""2to4"":0,""5to9"":0},{""1"":8,""10plus"":53,""2to4"":10,""5to9"":7},{""1"":474,""10plus"":422,""2to4"":430,""5to9"":250},{""1"":4863,""10plus"":388,""2to4"":2132,""5to9"":602},{""1"":12479,""10plus"":81,""2to4"":2240,""5to9"":300},{""1"":16602,""10plus"":6,""2to4"":1000,""5to9"":48},{""1"":16814,""10plus"":2,""2to4"":261,""5to9"":0},{""1"":15563,""10plus"":2,""2to4"":63,""5to9"":0},{""1"":14082,""10plus"":2,""2to4"":22,""5to9"":0}]",0.30751087499811547,0.43133239283633884,1490690048
q_half,ud23,DIODORUS,d91dad02f8da03cf6702fa7edec531da5e56f526f466e2f04180f2a23a1cf315,2,shuffled,8,100,0.5,4442,c3e858dc94d952bab2af61a7c991fdfe4ecadfb2e23b54ddf46706443b200e01,13469,15266,23397,26652,3816.887574132197,,fc7a2e275dd96633100d9adb55861863e9786b7324679359297d111eca3ff987,-85841.08106343205,97893,77,1.0,23,1878,26652,"[1,77,1785,10697,18955,19074,17415,15730,14159]","[{""1"":0,""10plus"":1,""2to4"":0,""5to9"":0},{""1"":8,""10plus"":54,""2to4"":11,""5to9"":4},{""1"":518,""10plus"":507,""2to4"":502,""5to9"":258},{""1"":6801,""10plus"":276,""2to4"":2875,""5to9"":745},{""1"":17332,""10plus"":0,""2to4"":1594,""5to9"":29},{""1"":18943,""10plus"":0,""2to4"":131,""5to9"":0},{""1"":17407,""10plus"":0,""2to4"":8,""5to9"":0},{""1"":15730,""10plus"":0,""2to4"":0,""5to9"":0},{""1"":14159,""10plus"":0,""2to4"":0,""5to9"":0}]",0.40453716599949985,0.4292978968587704,1490690048
q_half,ud23,DIODORUS,d91dad02f8da03cf6702fa7edec531da5e56f526f466e2f04180f2a23a1cf315,3,original,8,100,0.5,4442,8db7e5246ad7556c253ba811b11d18b84a2178096c365f0a7b799f1452c3a990,13564,15266,23350,26652,-3098.8523359585815,,dc9e3466539c051de8389a0be1e84284a82b46766e6c8d2bfcf857e214d1fbc5,-82634.26038166526,89973,78,0.0,22,1840,26652,"[1,78,1570,8010,15295,17765,17195,15777,14282]","[{""1"":0,""10plus"":1,""2to4"":0,""5to9"":0},{""1"":8,""10plus"":53,""2to4"":13,""5to9"":4},{""1"":471,""10plus"":419,""2to4"":429,""5to9"":251},{""1"":4863,""10plus"":385,""2to4"":2179,""5to9"":583},{""1"":12732,""10plus"":84,""2to4"":2196,""5to9"":283},{""1"":16750,""10plus"":7,""2to4"":954,""5to9"":54},{""1"":16908,""10plus"":2,""2to4"":283,""5to9"":2},{""1"":15691,""10plus"":2,""2to4"":84,""5to9"":0},{""1"":14244,""10plus"":2,""2to4"":36,""5to9"":0}]",0.32279229200139525,0.4343745222140569,1490690048
q_half,ud23,DIODORUS,d91dad02f8da03cf6702fa7edec531da5e56f526f466e2f04180f2a23a1cf315,3,shuffled,8,100,0.5,4442,8db7e5246ad7556c253ba811b11d18b84a2178096c365f0a7b799f1452c3a990,13564,15266,23350,26652,3782.141881004791,,34fe3fff2e7e19f3eab9255d771575fb9da2bd81610ab26963522c94c6d3698b,-85733.11271762384,98475,78,1.0,22,1840,26652,"[1,77,1784,10612,18957,19192,17580,15913,14359]","[{""1"":0,""10plus"":1,""2to4"":0,""5to9"":0},{""1"":6,""10plus"":53,""2to4"":14,""5to9"":4},{""1"":531,""10plus"":501,""2to4"":488,""5to9"":264},{""1"":6718,""10plus"":275,""2to4"":2848,""5to9"":771},{""1"":17262,""10plus"":3,""2to4"":1663,""5to9"":29},{""1"":19049,""10plus"":0,""2to4"":142,""5to9"":1},{""1"":17567,""10plus"":0,""2to4"":13,""5to9"":0},{""1"":15911,""10plus"":0,""2to4"":2,""5to9"":0},{""1"":14359,""10plus"":0,""2to4"":0,""5to9"":0}]",0.4107182500010822,0.43321371101774275,1490690048
q_half,ud23,DIODORUS,d91dad02f8da03cf6702fa7edec531da5e56f526f466e2f04180f2a23a1cf315,4,original,8,100,0.5,4442,41eb907cfba4b1b58539743d0fc6689c46bc9b30cc27bfeb0b024cc77db87470,13609,15266,23414,26652,-3432.7986134269013,,ac604349a7f8c03ec4b7fb4b75cdf108dae1c7581ab775ea6cee6d8676dd9b3a,-82204.54040836668,90098,75,0.0,25,1833,26652,"[1,76,1552,7896,15126,17747,17324,15938,14438]","[{""1"":0,""10plus"":1,""2to4"":0,""5to9"":0},{""1"":6,""10plus"":54,""2to4"":12,""5to9"":4},{""1"":462,""10plus"":417,""2to4"":424,""5to9"":249},{""1"":4773,""10plus"":397,""2to4"":2163,""5to9"":563},{""1"":12485,""10plus"":83,""2to4"":2257,""5to9"":301},{""1"":16653,""10plus"":4,""2to4"":1034,""5to9"":56},{""1"":17057,""10plus"":2,""2to4"":264,""5to9"":1},{""1"":15883,""10plus"":2,""2to4"":53,""5to9"":0},{""1"":14419,""10plus"":2,""2to4"":17,""5to9"":0}]",0.3278139590001956,0.426525841896364,1490690048
q_half,ud23,DIODORUS,d91dad02f8da03cf6702fa7edec531da5e56f526f466e2f04180f2a23a1cf315,4,shuffled,8,100,0.5,4442,41eb907cfba4b1b58539743d0fc6689c46bc9b30cc27bfeb0b024cc77db87470,13609,15266,23414,26652,3888.6084601797047,,b58dfca7f79c24854c9a3223761ef39404e84c2361734a1e0c66bf679aecd887,-85637.33902179358,98881,75,1.0,25,1833,26652,"[1,75,1789,10649,18970,19231,17657,16029,14480]","[{""1"":0,""10plus"":1,""2to4"":0,""5to9"":0},{""1"":4,""10plus"":54,""2to4"":12,""5to9"":5},{""1"":546,""10plus"":499,""2to4"":464,""5to9"":280},{""1"":6710,""10plus"":270,""2to4"":2942,""5to9"":727},{""1"":17316,""10plus"":1,""2to4"":1605,""5to9"":48},{""1"":19068,""10plus"":0,""2to4"":163,""5to9"":0},{""1"":17642,""10plus"":0,""2to4"":15,""5to9"":0},{""1"":16029,""10plus"":0,""2to4"":0,""5to9"":0},{""1"":14480,""10plus"":0,""2to4"":0,""5to9"":0}]",0.4160143339977367,0.42524631990818307,1490690048
q_half,ud23,DIODORUS,d91dad02f8da03cf6702fa7edec531da5e56f526f466e2f04180f2a23a1cf315,5,original,8,100,0.5,4442,7ec0fc55fa5ac46357f9ac7827731007dfe392eaded927a6287a8f149fa8b4c6,13526,15266,23486,26652,-3177.326446301362,,522c5e8393a7c2e8c7e1f8f77b83c2ecd0788f116aed9b7b21741d6343305cb1,-82506.0606049593,89932,79,0.0,21,1839,26652,"[1,80,1545,7974,15191,17795,17235,15809,14302]","[{""1"":0,""10plus"":1,""2to4"":0,""5to9"":0},{""1"":10,""10plus"":51,""2to4"":14,""5to9"":5},{""1"":454,""10plus"":413,""2to4"":415,""5to9"":263},{""1"":4855,""10plus"":395,""2to4"":2154,""5to9"":570},{""1"":12578,""10plus"":83,""2to4"":2234,""5to9"":296},{""1"":16771,""10plus"":5,""2to4"":974,""5to9"":45},{""1"":16960,""10plus"":2,""2to4"":271,""5to9"":2},{""1"":15740,""10plus"":2,""2to4"":66,""5to9"":1},{""1"":14276,""10plus"":2,""2to4"":24,""5to9"":0}]",0.33167287499964004,0.43575362780029536,1490690048
q_half,ud23,DIODORUS,d91dad02f8da03cf6702fa7edec531da5e56f526f466e2f04180f2a23a1cf315,5,shuffled,8,100,0.5,4442,7ec0fc55fa5ac46357f9ac7827731007dfe392eaded927a6287a8f149fa8b4c6,13526,15266,23486,26652,3817.2178676140757,,bab196c85a598c07efa68b4bead38ac6d83e413bd412a536c2863e843b5a4d19,-85683.38705126067,98615,79,1.0,21,1839,26652,"[1,80,1773,10652,19024,19212,17586,15923,14364]","[{""1"":0,""10plus"":1,""2to4"":0,""5to9"":0},{""1"":11,""10plus"":52,""2to4"":12,""5to9"":5},{""1"":521,""10plus"":507,""2to4"":491,""5to9"":254},{""1"":6725,""10plus"":278,""2to4"":2938,""5to9"":711},{""1"":17361,""10plus"":2,""2to4"":1639,""5to9"":22},{""1"":19072,""10plus"":0,""2to4"":140,""5to9"":0},{""1"":17576,""10plus"":0,""2to4"":10,""5to9"":0},{""1"":15923,""10plus"":0,""2to4"":0,""5to9"":0},{""1"":14364,""10plus"":0,""2to4"":0,""5to9"":0}]",0.41972966699904646,0.43386847672445583,1490690048
q_half,ud23,DIODORUS,d91dad02f8da03cf6702fa7edec531da5e56f526f466e2f04180f2a23a1cf315,6,original,8,100,0.5,4442,d9d6a6fb753b3e0c263db1421de32022b24d337bcae281a3980971c65c4a4756,13602,15266,23451,26652,-3340.078322610294,,33d4d9ed84869e37a679623b85672557385feb6c23554ce2ab468b4bbf9a9efe,-82202.04612043554,89419,74,0.0,26,1855,26652,"[1,75,1547,7825,14984,17695,17197,15793,14302]","[{""1"":0,""10plus"":1,""2to4"":0,""5to9"":0},{""1"":8,""10plus"":54,""2to4"":10,""5to9"":3},{""1"":472,""10plus"":426,""2to4"":404,""5to9"":245},{""1"":4703,""10plus"":392,""2to4"":2137,""5to9"":593},{""1"":12304,""10plus"":83,""2to4"":2304,""5to9"":293},{""1"":16642,""10plus"":8,""2to4"":993,""5to9"":52},{""1"":16925,""10plus"":1,""2to4"":264,""5to9"":7},{""1"":15723,""10plus"":0,""2to4"":68,""5to9"":2},{""1"":14284,""10plus"":0,""2to4"":16,""5to9"":2}]",0.30933324999932665,0.4239505720033776,1490690048
q_half,ud23,DIODORUS,d91dad02f8da03cf6702fa7edec531da5e56f526f466e2f04180f2a23a1cf315,6,shuffled,8,100,0.5,4442,d9d6a6fb753b3e0c263db1421de32022b24d337bcae281a3980971c65c4a4756,13602,15266,23451,26652,3850.723193379832,,80165346a4411c42f66dc473ca8a25cfccec0852404f22e335465b4d3f370fe1,-85542.12444304583,98435,74,1.0,26,1855,26652,"[1,75,1755,10657,19035,19158,17543,15882,14329]","[{""1"":0,""10plus"":1,""2to4"":0,""5to9"":0},{""1"":8,""10plus"":54,""2to4"":12,""5to9"":1},{""1"":481,""10plus"":490,""2to4"":508,""5to9"":276},{""1"":6750,""10plus"":266,""2to4"":2892,""5to9"":749},{""1"":17457,""10plus"":0,""2to4"":1537,""5to9"":41},{""1"":19020,""10plus"":0,""2to4"":138,""5to9"":0},{""1"":17538,""10plus"":0,""2to4"":5,""5to9"":0},{""1"":15882,""10plus"":0,""2to4"":0,""5to9"":0},{""1"":14329,""10plus"":0,""2to4"":0,""5to9"":0}]",0.4119462079979712,0.4226607270138629,1490690048
q_half,ud23,DIODORUS,d91dad02f8da03cf6702fa7edec531da5e56f526f466e2f04180f2a23a1cf315,7,original,8,100,0.5,4442,d501e85fbb2ce420ee63f7d6774ab79d1cf0be69d0408da6c33b6a5cbfd853f4,13620,15266,23447,26652,-3102.3685998611327,,aca4c81bb7b208c9f621c0d4bdcc7648e54f51e80d41fc1fb320411ba22f81bf,-82451.40367415249,90310,81,0.0,19,1824,26652,"[1,81,1546,7929,15220,17857,17328,15922,14426]","[{""1"":0,""10plus"":1,""2to4"":0,""5to9"":0},{""1"":16,""10plus"":53,""2to4"":8,""5to9"":4},{""1"":479,""10plus"":431,""2to4"":391,""5to9"":245},{""1"":4814,""10plus"":392,""2to4"":2075,""5to9"":648},{""1"":12546,""10plus"":72,""2to4"":2300,""5to9"":302},{""1"":16818,""10plus"":8,""2to4"":990,""5to9"":41},{""1"":17054,""10plus"":2,""2to4"":268,""5to9"":4},{""1"":15853,""10plus"":2,""2to4"":67,""5to9"":0},{""1"":14393,""10plus"":2,""2to4"":31,""5to9"":0}]",0.33162991700010025,0.4382843919302104,1490690048
q_half,ud23,DIODORUS,d91dad02f8da03cf6702fa7edec531da5e56f526f466e2f04180f2a23a1cf315,7,shuffled,8,100,0.5,4442,d501e85fbb2ce420ee63f7d6774ab79d1cf0be69d0408da6c33b6a5cbfd853f4,13620,15266,23447,26652,3805.553316753634,,5f6cf58b56d9fa6b00bef7e761fd42155d1f112530f89e538a60068f676a36ff,-85553.77227401362,98796,81,1.0,19,1824,26652,"[1,79,1735,10498,18996,19279,17686,16032,14490]","[{""1"":0,""10plus"":1,""2to4"":0,""5to9"":0},{""1"":14,""10plus"":54,""2to4"":8,""5to9"":3},{""1"":515,""10plus"":501,""2to4"":443,""5to9"":276},{""1"":6571,""10plus"":294,""2to4"":2914,""5to9"":719},{""1"":17288,""10plus"":0,""2to4"":1674,""5to9"":34},{""1"":19130,""10plus"":0,""2to4"":149,""5to9"":0},{""1"":17679,""10plus"":0,""2to4"":7,""5to9"":0},{""1"":16031,""10plus"":0,""2to4"":1,""5to9"":0},{""1"":14490,""10plus"":0,""2to4"":0,""5to9"":0}]",0.41978562499934924,0.4349168630433269,1490690048
q_half,ud23,DIODORUS,d91dad02f8da03cf6702fa7edec531da5e56f526f466e2f04180f2a23a1cf315,8,original,8,100,0.5,4442,65b656a7b22bc5ff2767d1ca93258aedec1491934566f753f6d68ec85c3d9bca,13552,15266,23434,26652,-3222.399423661016,,48bf0464cfebdd06a24caf2b382a25a1cdb4997c4fa4931e386ebc14b7dbce23,-82521.52920976758,90367,77,0.0,23,1823,26652,"[1,78,1549,7956,15222,17827,17330,15942,14462]","[{""1"":0,""10plus"":1,""2to4"":0,""5to9"":0},{""1"":11,""10plus"":53,""2to4"":10,""5to9"":4},{""1"":479,""10plus"":436,""2to4"":392,""5to9"":242},{""1"":4803,""10plus"":410,""2to4"":2144,""5to9"":599},{""1"":12514,""10plus"":75,""2to4"":2341,""5to9"":292},{""1"":16758,""10plus"":6,""2to4"":1014,""5to9"":49},{""1"":17035,""10plus"":2,""2to4"":291,""5to9"":2},{""1"":15852,""10plus"":2,""2to4"":88,""5to9"":0},{""1"":14418,""10plus"":2,""2to4"":42,""5to9"":0}]",0.31322979100150405,0.4318715620065632,1490690048
q_half,ud23,DIODORUS,d91dad02f8da03cf6702fa7edec531da5e56f526f466e2f04180f2a23a1cf315,8,shuffled,8,100,0.5,4442,65b656a7b22bc5ff2767d1ca93258aedec1491934566f753f6d68ec85c3d9bca,13552,15266,23434,26652,3851.408009850362,,494e1fe0c9c65bbc0503501838825c200ae7bd102c5b6288aa4e007adfd5fa89,-85743.9286334286,99157,77,1.0,23,1823,26652,"[1,77,1749,10632,19109,19295,17695,16067,14532]","[{""1"":0,""10plus"":1,""2to4"":0,""5to9"":0},{""1"":11,""10plus"":54,""2to4"":8,""5to9"":4},{""1"":497,""10plus"":498,""2to4"":493,""5to9"":261},{""1"":6678,""10plus"":279,""2to4"":2918,""5to9"":757},{""1"":17453,""10plus"":0,""2to4"":1634,""5to9"":22},{""1"":19152,""10plus"":0,""2to4"":143,""5to9"":0},{""1"":17682,""10plus"":0,""2to4"":13,""5to9"":0},{""1"":16066,""10plus"":0,""2to4"":1,""5to9"":0},{""1"":14532,""10plus"":0,""2to4"":0,""5to9"":0}]",0.4115254999996978,0.43138775086117676,1490690048
q_half,ud23,DIODORUS,d91dad02f8da03cf6702fa7edec531da5e56f526f466e2f04180f2a23a1cf315,9,original,8,100,0.5,4442,7167289373a34e84f52f17c4ce2f15643ae1eb800cdf4a4ca7ae82f3855d86b5,13540,15266,23509,26652,-3306.4849537812406,,e37ac9f8d10ae85c98ca8437bfcf794a7b4f55184ef05603289cb1d9db7e7a7a,-82622.84027573011,90572,80,0.0,20,1811,26652,"[1,81,1588,7988,15234,17799,17348,15997,14536]","[{""1"":0,""10plus"":1,""2to4"":0,""5to9"":0},{""1"":11,""10plus"":54,""2to4"":10,""5to9"":6},{""1"":473,""10plus"":432,""2to4"":447,""5to9"":236},{""1"":4830,""10plus"":405,""2to4"":2168,""5to9"":585},{""1"":12594,""10plus"":79,""2to4"":2266,""5to9"":295},{""1"":16737,""10plus"":7,""2to4"":1002,""5to9"":53},{""1"":17061,""10plus"":2,""2to4"":282,""5to9"":3},{""1"":15936,""10plus"":2,""2to4"":59,""5to9"":0},{""1"":14516,""10plus"":2,""2to4"":18,""5to9"":0}]",0.3226352499987115,0.4378496581266518,1490690048
q_half,ud23,DIODORUS,d91dad02f8da03cf6702fa7edec531da5e56f526f466e2f04180f2a23a1cf315,9,shuffled,8,100,0.5,4442,7167289373a34e84f52f17c4ce2f15643ae1eb800cdf4a4ca7ae82f3855d86b5,13540,15266,23509,26652,3909.3864599965455,,ea3ffef22ecda15e395f4b5a6a01cbc866763bfea57ecbb0c36cf9846fe19e51,-85929.32522951135,99496,80,1.0,20,1811,26652,"[1,81,1831,10737,19104,19320,17727,16105,14590]","[{""1"":0,""10plus"":1,""2to4"":0,""5to9"":0},{""1"":12,""10plus"":54,""2to4"":9,""5to9"":6},{""1"":559,""10plus"":500,""2to4"":505,""5to9"":267},{""1"":6836,""10plus"":260,""2to4"":2905,""5to9"":736},{""1"":17422,""10plus"":1,""2to4"":1651,""5to9"":30},{""1"":19174,""10plus"":0,""2to4"":146,""5to9"":0},{""1"":17713,""10plus"":0,""2to4"":14,""5to9"":0},{""1"":16102,""10plus"":0,""2to4"":3,""5to9"":0},{""1"":14590,""10plus"":0,""2to4"":0,""5to9"":0}]",0.40964508300021407,0.4375801757014415,1490690048
q_half,ud23,PLUTARCH,ef8134329970f595ef9ccf4198217affef5c01fa243d5bf4e59ee6daebb04e1d,0,original,8,100,0.5,4442,019e66105f0b3b6662b253ab23dd36fecacad93ec3c564fd9219932cb0aa54de,7906,8884,23449,26652,-3110.20450824438,,f131d927b6621bf4df0d425b08cfb764bd5a7569cf1c4c88367ea9a91eaeb4a3,-81660.35519216758,89510,76,0.0,24,1800,26652,"[1,77,1504,7626,14792,17641,17291,16005,14573]","[{""1"":0,""10plus"":1,""2to4"":0,""5to9"":0},{""1"":10,""10plus"":52,""2to4"":10,""5to9"":5},{""1"":476,""10plus"":408,""2to4"":379,""5to9"":241},{""1"":4565,""10plus"":419,""2to4"":2043,""5to9"":599},{""1"":12005,""10plus"":96,""2to4"":2362,""5to9"":329},{""1"":16455,""10plus"":8,""2to4"":1117,""5to9"":61},{""1"":16921,""10plus"":2,""2to4"":360,""5to9"":8},{""1"":15888,""10plus"":2,""2to4"":114,""5to9"":1},{""1"":14526,""10plus"":2,""2to4"":45,""5to9"":0}]",0.28599983300046006,0.23390217993619444,1276583936
q_half,ud23,PLUTARCH,ef8134329970f595ef9ccf4198217affef5c01fa243d5bf4e59ee6daebb04e1d,0,shuffled,8,100,0.5,4442,019e66105f0b3b6662b253ab23dd36fecacad93ec3c564fd9219932cb0aa54de,7906,8884,23449,26652,3753.4390112730616,,8a592238a804cb1dab92535456f2db7abdf21eb9ab2c52466bb77308d7dda3f8,-84770.55970041196,98754,76,1.0,24,1800,26652,"[1,77,1688,10178,18878,19331,17782,16169,14650]","[{""1"":0,""10plus"":1,""2to4"":0,""5to9"":0},{""1"":10,""10plus"":53,""2to4"":10,""5to9"":4},{""1"":523,""10plus"":498,""2to4"":432,""5to9"":235},{""1"":6305,""10plus"":322,""2to4"":2784,""5to9"":767},{""1"":17066,""10plus"":1,""2to4"":1775,""5to9"":36},{""1"":19157,""10plus"":0,""2to4"":174,""5to9"":0},{""1"":17774,""10plus"":0,""2to4"":8,""5to9"":0},{""1"":16169,""10plus"":0,""2to4"":0,""5to9"":0},{""1"":14650,""10plus"":0,""2to4"":0,""5to9"":0}]",0.40724358299848973,0.23303852204844588,1276583936
q_half,ud23,PLUTARCH,ef8134329970f595ef9ccf4198217affef5c01fa243d5bf4e59ee6daebb04e1d,1,original,8,100,0.5,4442,2d5239070157471f0b76b2fbdb5714401d8e9142b9ca4da85dfd8cfda0aa9f75,7918,8884,23526,26652,-3185.3721300558245,,051146442793956c077b262401445612fa37edec18395e5e6cf537c7228818f0,-81809.99157019773,89976,76,0.0,24,1786,26652,"[1,76,1519,7755,14907,17674,17355,16062,14627]","[{""1"":0,""10plus"":1,""2to4"":0,""5to9"":0},{""1"":6,""10plus"":53,""2to4"":12,""5to9"":5},{""1"":438,""10plus"":416,""2to4"":444,""5to9"":221},{""1"":4699,""10plus"":409,""2to4"":2080,""5to9"":567},{""1"":12242,""10plus"":92,""2to4"":2251,""5to9"":322},{""1"":16504,""10plus"":9,""2to4"":1089,""5to9"":72},{""1"":16977,""10plus"":2,""2to4"":371,""5to9"":5},{""1"":15932,""10plus"":2,""2to4"":128,""5to9"":0},{""1"":14574,""10plus"":2,""2to4"":51,""5to9"":0}]",0.3320019999991928,0.23744263384651276,1490690048
q_half,ud23,PLUTARCH,ef8134329970f595ef9ccf4198217affef5c01fa243d5bf4e59ee6daebb04e1d,1,shuffled,8,100,0.5,4442,2d5239070157471f0b76b2fbdb5714401d8e9142b9ca4da85dfd8cfda0aa9f75,7918,8884,23526,26652,3688.399677401132,,2f3e5d605c2eca9d9036059630dab789bb40bce7326aa4a1f6b3feaa88d69bc9,-84995.36370025355,99041,76,1.0,24,1786,26652,"[1,76,1717,10211,18854,19399,17843,16231,14709]","[{""1"":0,""10plus"":1,""2to4"":0,""5to9"":0},{""1"":7,""10plus"":54,""2to4"":11,""5to9"":4},{""1"":524,""10plus"":476,""2to4"":438,""5to9"":279},{""1"":6298,""10plus"":302,""2to4"":2851,""5to9"":760},{""1"":16984,""10plus"":1,""2to4"":1829,""5to9"":40},{""1"":19235,""10plus"":0,""2to4"":164,""5to9"":0},{""1"":17829,""10plus"":0,""2to4"":14,""5to9"":0},{""1"":16231,""10plus"":0,""2to4"":0,""5to9"":0},{""1"":14709,""10plus"":0,""2to4"":0,""5to9"":0}]",0.42678841599990847,0.23442587607132737,1490690048
q_half,ud23,PLUTARCH,ef8134329970f595ef9ccf4198217affef5c01fa243d5bf4e59ee6daebb04e1d,2,original,8,100,0.5,4442,0c8003a74239ca5bfaf5d41dfcf5fadd06a07e57f30a73280843f92363605235,7937,8884,23383,26652,-3025.0641326377227,,f91de26cff284b6d56102f9af2d7df678ec4e9bb29277ed698810627b8c38466,-81955.45427172336,89812,75,0.0,25,1790,26652,"[1,75,1536,7814,14878,17624,17307,16007,14570]","[{""1"":0,""10plus"":1,""2to4"":0,""5to9"":0},{""1"":6,""10plus"":53,""2to4"":8,""5to9"":8},{""1"":450,""10plus"":415,""2to4"":443,""5to9"":228},{""1"":4760,""10plus"":390,""2to4"":2091,""5to9"":573},{""1"":12198,""10plus"":105,""2to4"":2282,""5to9"":293},{""1"":16450,""10plus"":9,""2to4"":1095,""5to9"":70},{""1"":16940,""10plus"":2,""2to4"":360,""5to9"":5},{""1"":15886,""10plus"":2,""2to4"":118,""5to9"":1},{""1"":14520,""10plus"":2,""2to4"":48,""5to9"":0}]",0.3132292080008483,0.2360278067390027,1490690048
q_half,ud23,PLUTARCH,ef8134329970f595ef9ccf4198217affef5c01fa243d5bf4e59ee6daebb04e1d,2,shuffled,8,100,0.5,4442,0c8003a74239ca5bfaf5d41dfcf5fadd06a07e57f30a73280843f92363605235,7937,8884,23383,26652,3732.3078546165198,,0dc2c482a140d6a7dc3edd6539ba0b33854a21e0942b4cada4a0d2e0fa360f3f,-84980.51840436108,98960,75,1.0,25,1790,26652,"[1,75,1704,10246,18854,19382,17824,16202,14672]","[{""1"":0,""10plus"":1,""2to4"":0,""5to9"":0},{""1"":8,""10plus"":53,""2to4"":6,""5to9"":8},{""1"":501,""10plus"":489,""2to4"":462,""5to9"":252},{""1"":6381,""10plus"":306,""2to4"":2811,""5to9"":748},{""1"":17012,""10plus"":1,""2to4"":1792,""5to9"":49},{""1"":19234,""10plus"":0,""2to4"":148,""5to9"":0},{""1"":17817,""10plus"":0,""2to4"":7,""5to9"":0},{""1"":16202,""10plus"":0,""2to4"":0,""5to9"":0},{""1"":14672,""10plus"":0,""2to4"":0,""5to9"":0}]",0.4180155409994768,0.23210794292754144,1490690048
q_half,ud23,PLUTARCH,ef8134329970f595ef9ccf4198217affef5c01fa243d5bf4e59ee6daebb04e1d,3,original,8,100,0.5,4442,212d9f9369dc5c47f292ca24b05ee6248b6d2c26431c8dd6c947a8572ab79be1,7975,8884,23469,26652,-3197.682760517113,,946e62648c431e7e5cab7f3d4d5e5c7f7b2a5758d2d52e85d419121150749011,-81773.61031385408,89787,75,0.0,25,1781,26652,"[1,75,1517,7677,14877,17674,17335,16031,14600]","[{""1"":0,""10plus"":1,""2to4"":0,""5to9"":0},{""1"":8,""10plus"":54,""2to4"":7,""5to9"":6},{""1"":474,""10plus"":415,""2to4"":400,""5to9"":228},{""1"":4546,""10plus"":397,""2to4"":2127,""5to9"":607},{""1"":12088,""10plus"":85,""2to4"":2385,""5to9"":319},{""1"":16506,""10plus"":10,""2to4"":1090,""5to9"":68},{""1"":16936,""10plus"":2,""2to4"":392,""5to9"":5},{""1"":15883,""10plus"":2,""2to4"":146,""5to9"":0},{""1"":14528,""10plus"":2,""2to4"":70,""5to9"":0}]",0.3053182910007308,0.23462912305330974,1490690048
q_half,ud23,PLUTARCH,ef8134329970f595ef9ccf4198217affef5c01fa243d5bf4e59ee6daebb04e1d,3,shuffled,8,100,0.5,4442,212d9f9369dc5c47f292ca24b05ee6248b6d2c26431c8dd6c947a8572ab79be1,7975,8884,23469,26652,3816.2017306525086,,aa4df1e3d474c1acd6984c7503218ac23711fabbee26fef6abd29128e8ed4b62,-84971.29307437119,99354,75,1.0,25,1781,26652,"[1,76,1708,10397,18959,19402,17858,16239,14714]","[{""1"":0,""10plus"":1,""2to4"":0,""5to9"":0},{""1"":10,""10plus"":54,""2to4"":6,""5to9"":6},{""1"":497,""10plus"":484,""2to4"":449,""5to9"":278},{""1"":6507,""10plus"":321,""2to4"":2838,""5to9"":731},{""1"":17148,""10plus"":1,""2to4"":1784,""5to9"":26},{""1"":19231,""10plus"":0,""2to4"":171,""5to9"":0},{""1"":17844,""10plus"":0,""2to4"":14,""5to9"":0},{""1"":16237,""10plus"":0,""2to4"":2,""5to9"":0},{""1"":14714,""10plus"":0,""2to4"":0,""5to9"":0}]",0.4055897910002386,0.23301825888484018,1490690048
q_half,ud23,PLUTARCH,ef8134329970f595ef9ccf4198217affef5c01fa243d5bf4e59ee6daebb04e1d,4,original,8,100,0.5,4442,7296af1a264258583e260a4b8ecf6c1d6e140d768d1dcfe1b16770af77870953,7968,8884,23428,26652,-3040.681270911329,,5940e5b50645c1ac7715b80895c0aacfd91bb3681722e9a79754e09f218ffc19,-81861.9484237554,89895,76,0.0,24,1779,26652,"[1,76,1493,7733,14924,17693,17333,16037,14605]","[{""1"":0,""10plus"":1,""2to4"":0,""5to9"":0},{""1"":8,""10plus"":53,""2to4"":13,""5to9"":2},{""1"":439,""10plus"":420,""2to4"":395,""5to9"":239},{""1"":4637,""10plus"":406,""2to4"":2098,""5to9"":592},{""1"":12201,""10plus"":83,""2to4"":2318,""5to9"":322},{""1"":16551,""10plus"":11,""2to4"":1066,""5to9"":65},{""1"":16985,""10plus"":2,""2to4"":339,""5to9"":7},{""1"":15930,""10plus"":2,""2to4"":104,""5to9"":1},{""1"":14555,""10plus"":2,""2to4"":48,""5to9"":0}]",0.29965900000024703,0.2360352700416115,1490690048
q_half,ud23,PLUTARCH,ef8134329970f595ef9ccf4198217affef5c01fa243d5bf4e59ee6daebb04e1d,4,shuffled,8,100,0.5,4442,7296af1a264258583e260a4b8ecf6c1d6e140d768d1dcfe1b16770af77870953,7968,8884,23428,26652,3762.8400562736642,,f94d67f73a44933b0daec9e9ac69fbde0ed86659a6a97cb80978ecea3a8fd8c1,-84902.62969466673,98952,76,1.0,24,1779,26652,"[1,77,1710,10210,18797,19359,17848,16233,14717]","[{""1"":0,""10plus"":1,""2to4"":0,""5to9"":0},{""1"":9,""10plus"":54,""2to4"":13,""5to9"":1},{""1"":507,""10plus"":486,""2to4"":472,""5to9"":245},{""1"":6423,""10plus"":319,""2to4"":2709,""5to9"":759},{""1"":16861,""10plus"":0,""2to4"":1903,""5to9"":33},{""1"":19152,""10plus"":0,""2to4"":207,""5to9"":0},{""1"":17828,""10plus"":0,""2to4"":20,""5to9"":0},{""1"":16230,""10plus"":0,""2to4"":3,""5to9"":0},{""1"":14715,""10plus"":0,""2to4"":2,""5to9"":0}]",0.4016634170002362,0.32472800288087456,1490690048
q_half,ud23,PLUTARCH,ef8134329970f595ef9ccf4198217affef5c01fa243d5bf4e59ee6daebb04e1d,5,original,8,100,0.5,4442,b1ae4e011adf2e264a3e47a7c1cbd22712aa1651837dc79cc8d8c0b095945d0a,7921,8884,23435,26652,-3137.7294694792217,,6c9fb4b2ca24fcd637512dc215ef00035a71c839d0e6c17477c0d46d8d70df90,-81586.31035693473,89421,75,0.0,25,1812,26652,"[1,76,1512,7726,14826,17548,17259,15964,14509]","[{""1"":0,""10plus"":1,""2to4"":0,""5to9"":0},{""1"":10,""10plus"":52,""2to4"":8,""5to9"":6},{""1"":457,""10plus"":410,""2to4"":408,""5to9"":237},{""1"":4724,""10plus"":412,""2to4"":2030,""5to9"":560},{""1"":12161,""10plus"":96,""2to4"":2239,""5to9"":330},{""1"":16348,""10plus"":12,""2to4"":1128,""5to9"":60},{""1"":16888,""10plus"":2,""2to4"":366,""5to9"":3},{""1"":15852,""10plus"":2,""2to4"":110,""5to9"":0},{""1"":14460,""10plus"":2,""2to4"":47,""5to9"":0}]",0.3121101249998901,0.2343143301004602,1490690048
q_half,ud23,PLUTARCH,ef8134329970f595ef9ccf4198217affef5c01fa243d5bf4e59ee6daebb04e1d,5,shuffled,8,100,0.5,4442,b1ae4e011adf2e264a3e47a7c1cbd22712aa1651837dc79cc8d8c0b095945d0a,7921,8884,23435,26652,3835.9373400999175,,6fe0c0ac673044631fdb261a754c78871b09cc4d62311415ce7ba68f9b9d0e28,-84724.03982641395,98550,75,1.0,25,1812,26652,"[1,76,1704,10230,18836,19260,17742,16117,14584]","[{""1"":0,""10plus"":1,""2to4"":0,""5to9"":0},{""1"":9,""10plus"":53,""2to4"":9,""5to9"":5},{""1"":512,""10plus"":479,""2to4"":471,""5to9"":242},{""1"":6408,""10plus"":309,""2to4"":2746,""5to9"":767},{""1"":17023,""10plus"":1,""2to4"":1770,""5to9"":42},{""1"":19048,""10plus"":0,""2to4"":212,""5to9"":0},{""1"":17729,""10plus"":0,""2to4"":13,""5to9"":0},{""1"":16117,""10plus"":0,""2to4"":0,""5to9"":0},{""1"":14584,""10plus"":0,""2to4"":0,""5to9"":0}]",0.4192762919992674,0.23157237503983197,1490690048
q_half,ud23,PLUTARCH,ef8134329970f595ef9ccf4198217affef5c01fa243d5bf4e59ee6daebb04e1d,6,original,8,100,0.5,4442,cb4f8cc40096077fc28963c5d17d3a9599d7e9d3c22d43ccb8ca417077c36175,7951,8884,23438,26652,-3134.701120741287,,628a5889cf8d9357a1775fdf310c0d0d67c3cf160442e9afb41b06297118e89d,-81564.20537056673,89891,72,0.0,28,1765,26652,"[1,72,1501,7640,14891,17706,17378,16067,14635]","[{""1"":0,""10plus"":1,""2to4"":0,""5to9"":0},{""1"":4,""10plus"":51,""2to4"":12,""5to9"":5},{""1"":446,""10plus"":413,""2to4"":421,""5to9"":221},{""1"":4571,""10plus"":408,""2to4"":2054,""5to9"":607},{""1"":12158,""10plus"":96,""2to4"":2309,""5to9"":328},{""1"":16522,""10plus"":9,""2to4"":1111,""5to9"":64},{""1"":16998,""10plus"":2,""2to4"":370,""5to9"":8},{""1"":15918,""10plus"":2,""2to4"":146,""5to9"":1},{""1"":14553,""10plus"":2,""2to4"":80,""5to9"":0}]",0.3063460000012128,0.23169233795124455,1490690048
q_half,ud23,PLUTARCH,ef8134329970f595ef9ccf4198217affef5c01fa243d5bf4e59ee6daebb04e1d,6,shuffled,8,100,0.5,4442,cb4f8cc40096077fc28963c5d17d3a9599d7e9d3c22d43ccb8ca417077c36175,7951,8884,23438,26652,3849.252413431401,,846fb3a9faacb191c470b25b5ac3b643b8af25c6f1fb4727f9c202bbd005980f,-84698.90649130802,99270,72,1.0,28,1765,26652,"[1,73,1695,10134,18938,19449,17920,16293,14767]","[{""1"":0,""10plus"":1,""2to4"":0,""5to9"":0},{""1"":6,""10plus"":52,""2to4"":11,""5to9"":4},{""1"":491,""10plus"":482,""2to4"":478,""5to9"":244},{""1"":6251,""10plus"":315,""2to4"":2796,""5to9"":772},{""1"":17105,""10plus"":0,""2to4"":1798,""5to9"":35},{""1"":19267,""10plus"":0,""2to4"":182,""5to9"":0},{""1"":17911,""10plus"":0,""2to4"":9,""5to9"":0},{""1"":16293,""10plus"":0,""2to4"":0,""5to9"":0},{""1"":14767,""10plus"":0,""2to4"":0,""5to9"":0}]",0.40780241600077716,0.22935112596678664,1490690048
q_half,ud23,PLUTARCH,ef8134329970f595ef9ccf4198217affef5c01fa243d5bf4e59ee6daebb04e1d,7,original,8,100,0.5,4442,b906d3602d3361f3337a30fe3129b0ab1082f51ee605d1a89ec08676152e095e,7951,8884,23432,26652,-3073.7197989515116,,152ea1956d6b96b8901d76e78da89bee32193ea8be0d4e02cb49ef2459e734d2,-81748.92620607358,89072,76,0.0,24,1812,26652,"[1,76,1515,7606,14712,17559,17232,15907,14464]","[{""1"":0,""10plus"":1,""2to4"":0,""5to9"":0},{""1"":9,""10plus"":53,""2to4"":7,""5to9"":7},{""1"":469,""10plus"":410,""2to4"":413,""5to9"":223},{""1"":4574,""10plus"":415,""2to4"":2036,""5to9"":581},{""1"":11926,""10plus"":86,""2to4"":2374,""5to9"":326},{""1"":16357,""10plus"":9,""2to4"":1128,""5to9"":65},{""1"":16860,""10plus"":2,""2to4"":365,""5to9"":5},{""1"":15783,""10plus"":2,""2to4"":121,""5to9"":1},{""1"":14400,""10plus"":2,""2to4"":62,""5to9"":0}]",0.29775449999942794,0.23475361691816943,1490690048
q_half,ud23,PLUTARCH,ef8134329970f595ef9ccf4198217affef5c01fa243d5bf4e59ee6daebb04e1d,7,shuffled,8,100,0.5,4442,b906d3602d3361f3337a30fe3129b0ab1082f51ee605d1a89ec08676152e095e,7951,8884,23432,26652,3839.9714093599614,,40d85755655b394e0083ca1b02a684b1dff61b7bdbfa56f2cd047af2229216b6,-84822.64600502509,98560,76,1.0,24,1812,26652,"[1,77,1694,10176,18871,19304,17738,16112,14587]","[{""1"":0,""10plus"":1,""2to4"":0,""5to9"":0},{""1"":10,""10plus"":53,""2to4"":8,""5to9"":6},{""1"":498,""10plus"":483,""2to4"":450,""5to9"":263},{""1"":6300,""10plus"":314,""2to4"":2786,""5to9"":776},{""1"":17065,""10plus"":0,""2to4"":1770,""5to9"":36},{""1"":19136,""10plus"":0,""2to4"":168,""5to9"":0},{""1"":17725,""10plus"":0,""2to4"":13,""5to9"":0},{""1"":16111,""10plus"":0,""2to4"":1,""5to9"":0},{""1"":14587,""10plus"":0,""2to4"":0,""5to9"":0}]",0.40398220799761475,0.23290385404834524,1490690048
q_half,ud23,PLUTARCH,ef8134329970f595ef9ccf4198217affef5c01fa243d5bf4e59ee6daebb04e1d,8,original,8,100,0.5,4442,b65396cc7734fad4367a9a4bd72d8812ab51e0786c461a4e8bf2abfb744c0617,7907,8884,23406,26652,-3294.0089101234917,,061a4f5d6dd8c76ceb4af98487c1102e5d92693513be233b3cc49bb3f204ee99,-81660.85244582589,89550,76,0.0,24,1794,26652,"[1,77,1512,7587,14796,17633,17315,16034,14595]","[{""1"":0,""10plus"":1,""2to4"":0,""5to9"":0},{""1"":10,""10plus"":52,""2to4"":10,""5to9"":5},{""1"":461,""10plus"":419,""2to4"":400,""5to9"":232},{""1"":4491,""10plus"":390,""2to4"":2095,""5to9"":611},{""1"":12050,""10plus"":93,""2to4"":2335,""5to9"":318},{""1"":16450,""10plus"":9,""2to4"":1108,""5to9"":66},{""1"":16938,""10plus"":2,""2to4"":368,""5to9"":7},{""1"":15917,""10plus"":2,""2to4"":113,""5to9"":2},{""1"":14539,""10plus"":2,""2to4"":53,""5to9"":1}]",0.2978740420003305,0.23389456494987826,1490690048
q_half,ud23,PLUTARCH,ef8134329970f595ef9ccf4198217affef5c01fa243d5bf4e59ee6daebb04e1d,8,shuffled,8,100,0.5,4442,b65396cc7734fad4367a9a4bd72d8812ab51e0786c461a4e8bf2abfb744c0617,7907,8884,23406,26652,3672.7432403880957,,6af90567408408fd08d43b3a48abafd8d0b64bd0b7b94704c3fac3c6fafa8daf,-84954.86135594938,98938,76,1.0,24,1794,26652,"[1,75,1719,10248,18832,19327,17827,16214,14695]","[{""1"":0,""10plus"":1,""2to4"":0,""5to9"":0},{""1"":7,""10plus"":52,""2to4"":11,""5to9"":5},{""1"":518,""10plus"":486,""2to4"":453,""5to9"":262},{""1"":6401,""10plus"":307,""2to4"":2799,""5to9"":741},{""1"":16992,""10plus"":1,""2to4"":1791,""5to9"":48},{""1"":19119,""10plus"":0,""2to4"":208,""5to9"":0},{""1"":17815,""10plus"":0,""2to4"":12,""5to9"":0},{""1"":16211,""10plus"":0,""2to4"":3,""5to9"":0},{""1"":14695,""10plus"":0,""2to4"":0,""5to9"":0}]",0.4026321250021283,0.3216960608951922,1490690048
q_half,ud23,PLUTARCH,ef8134329970f595ef9ccf4198217affef5c01fa243d5bf4e59ee6daebb04e1d,9,original,8,100,0.5,4442,b3348b10ac856daafe8dbea9d15d6a0f281ac85cb329fb15427be0e771bf1d71,7929,8884,23451,26652,-3236.1653754730796,,d6a9beb6bcc311be8c6be818601066fe927a5c446baaab07b4fd537a5616e317,-81547.62591420114,88683,74,0.0,26,1830,26652,"[1,74,1509,7597,14745,17449,17097,15822,14389]","[{""1"":0,""10plus"":1,""2to4"":0,""5to9"":0},{""1"":10,""10plus"":51,""2to4"":6,""5to9"":7},{""1"":456,""10plus"":405,""2to4"":405,""5to9"":243},{""1"":4535,""10plus"":414,""2to4"":2064,""5to9"":584},{""1"":11967,""10plus"":99,""2to4"":2385,""5to9"":294},{""1"":16244,""10plus"":11,""2to4"":1117,""5to9"":77},{""1"":16683,""10plus"":2,""2to4"":398,""5to9"":14},{""1"":15677,""10plus"":2,""2to4"":142,""5to9"":1},{""1"":14314,""10plus"":2,""2to4"":73,""5to9"":0}]",0.31170012499933364,0.23205202085591736,1490690048
q_half,ud23,PLUTARCH,ef8134329970f595ef9ccf4198217affef5c01fa243d5bf4e59ee6daebb04e1d,9,shuffled,8,100,0.5,4442,b3348b10ac856daafe8dbea9d15d6a0f281ac85cb329fb15427be0e771bf1d71,7929,8884,23451,26652,3822.6728274862835,,27308067dcd95c2773bf801ed1cde14cc2043cae67243ac3723080b3ddd0d6ad,-84783.79128967422,98238,74,1.0,26,1830,26652,"[1,75,1699,10288,18782,19237,17651,16016,14489]","[{""1"":0,""10plus"":1,""2to4"":0,""5to9"":0},{""1"":12,""10plus"":54,""2to4"":5,""5to9"":4},{""1"":497,""10plus"":498,""2to4"":450,""5to9"":254},{""1"":6478,""10plus"":300,""2to4"":2722,""5to9"":788},{""1"":16954,""10plus"":1,""2to4"":1788,""5to9"":39},{""1"":19085,""10plus"":0,""2to4"":152,""5to9"":0},{""1"":17646,""10plus"":0,""2to4"":5,""5to9"":0},{""1"":16015,""10plus"":0,""2to4"":1,""5to9"":0},{""1"":14489,""10plus"":0,""2to4"":0,""5to9"":0}]",0.41800091699769837,0.22969220413142466,1490690048
upos,upos_only,THUCYDIDES,1a32cf6857284fff7c7f006f8d0cd4ab15a047af7a4bcd5613d1fd50789dd4ee,0,original,8,11,0.5,8884,45c29821b12f0d64a6848c81cfc04759559c9a2b283646ba28863ca313085051,7611,9346,42199,53304,-10287.403937731695,,06093520ec151276f738a220f4469b540485191c40e3ea900f3e5bdd36d5049f,-97837.03291991832,103496,11,0.0,0,3572,53304,"[1,12,128,979,4930,14609,25153,29175,28509]","[{""1"":0,""10plus"":1,""2to4"":0,""5to9"":0},{""1"":0,""10plus"":12,""2to4"":0,""5to9"":0},{""1"":3,""10plus"":103,""2to4"":5,""5to9"":17},{""1"":134,""10plus"":537,""2to4"":171,""5to9"":137},{""1"":1503,""10plus"":1132,""2to4"":1489,""5to9"":806},{""1"":7826,""10plus"":635,""2to4"":4744,""5to9"":1404},{""1"":19477,""10plus"":73,""2to4"":5120,""5to9"":483},{""1"":26824,""10plus"":6,""2to4"":2265,""5to9"":80},{""1"":27754,""10plus"":2,""2to4"":744,""5to9"":9}]",0.3884214579993568,0.1679121220658999,1344737280
upos,upos_only,THUCYDIDES,1a32cf6857284fff7c7f006f8d0cd4ab15a047af7a4bcd5613d1fd50789dd4ee,0,shuffled,8,11,0.5,8884,45c29821b12f0d64a6848c81cfc04759559c9a2b283646ba28863ca313085051,7611,9346,42199,53304,55.35182907682611,,f567372771c97c30ee00ff5d64c35f41604631c84dfcfeac0f0b8d37b43cca3e,-108124.43685765001,118784,11,1.0,0,3572,53304,"[1,12,131,1142,6552,19679,30313,31617,29337]","[{""1"":0,""10plus"":1,""2to4"":0,""5to9"":0},{""1"":0,""10plus"":12,""2to4"":0,""5to9"":0},{""1"":4,""10plus"":113,""2to4"":6,""5to9"":8},{""1"":133,""10plus"":655,""2to4"":187,""5to9"":167},{""1"":2029,""10plus"":1257,""2to4"":2171,""5to9"":1095},{""1"":11971,""10plus"":258,""2to4"":6146,""5to9"":1304},{""1"":26228,""10plus"":0,""2to4"":4005,""5to9"":80},{""1"":30797,""10plus"":0,""2to4"":820,""5to9"":0},{""1"":29223,""10plus"":0,""2to4"":114,""5to9"":0}]",0.5253466660014965,0.16144555394021154,1344737280
upos,upos_only,THUCYDIDES,1a32cf6857284fff7c7f006f8d0cd4ab15a047af7a4bcd5613d1fd50789dd4ee,1,original,8,11,0.5,8884,741e5c6e3848b67e91f8dee927d8ed9a4efe1738650f9889ab117bcd317847be,7652,9346,42358,53304,-10249.946723847475,,25ff92c35899dfbc03cd71472b11ebfe4f2617ea1643242442ce6bfdaf7f4c32,-97748.69922576584,103137,11,0.0,0,3581,53304,"[1,12,129,986,4909,14525,25036,29110,28429]","[{""1"":0,""10plus"":1,""2to4"":0,""5to9"":0},{""1"":0,""10plus"":12,""2to4"":0,""5to9"":0},{""1"":2,""10plus"":104,""2to4"":13,""5to9"":10},{""1"":135,""10plus"":534,""2to4"":180,""5to9"":137},{""1"":1519,""10plus"":1141,""2to4"":1439,""5to9"":810},{""1"":7794,""10plus"":608,""2to4"":4704,""5to9"":1419},{""1"":19323,""10plus"":77,""2to4"":5175,""5to9"":461},{""1"":26753,""10plus"":11,""2to4"":2259,""5to9"":87},{""1"":27689,""10plus"":2,""2to4"":720,""5to9"":18}]",0.38309025000125985,0.1658669310309051,1654919168
upos,upos_only,THUCYDIDES,1a32cf6857284fff7c7f006f8d0cd4ab15a047af7a4bcd5613d1fd50789dd4ee,1,shuffled,8,11,0.5,8884,741e5c6e3848b67e91f8dee927d8ed9a4efe1738650f9889ab117bcd317847be,7652,9346,42358,53304,62.71790682023857,,9e1ffb46145e55bdc6448bf8e1412e8dc4f7298762a6a0e7b41ee445cbd18973,-107998.64594961332,118531,11,1.0,0,3581,53304,"[1,12,131,1142,6481,19497,30370,31590,29307]","[{""1"":0,""10plus"":1,""2to4"":0,""5to9"":0},{""1"":0,""10plus"":12,""2to4"":0,""5to9"":0},{""1"":2,""10plus"":113,""2to4"":9,""5to9"":7},{""1"":132,""10plus"":643,""2to4"":202,""5to9"":165},{""1"":2049,""10plus"":1259,""2to4"":2064,""5to9"":1109},{""1"":11704,""10plus"":239,""2to4"":6160,""5to9"":1394},{""1"":26304,""10plus"":0,""2to4"":3998,""5to9"":68},{""1"":30768,""10plus"":0,""2to4"":821,""5to9"":1},{""1"":29195,""10plus"":0,""2to4"":112,""5to9"":0}]",0.5194002919997729,0.15830444029779756,1654919168
upos,upos_only,THUCYDIDES,1a32cf6857284fff7c7f006f8d0cd4ab15a047af7a4bcd5613d1fd50789dd4ee,2,original,8,11,0.5,8884,cb3239f22ee85d443faa0ca1b33cab0dd805b3de15c6de28f361d64d1739afd4,7748,9346,42274,53304,-10167.87825455339,,7220b9be82ac29dd7950d93ac88fc8ecf64393297eff1310610b04f364975351,-97883.22384707122,103382,11,0.0,0,3579,53304,"[1,12,127,980,4948,14603,25127,29146,28438]","[{""1"":0,""10plus"":1,""2to4"":0,""5to9"":0},{""1"":0,""10plus"":12,""2to4"":0,""5to9"":0},{""1"":2,""10plus"":105,""2to4"":10,""5to9"":10},{""1"":141,""10plus"":531,""2to4"":178,""5to9"":130},{""1"":1563,""10plus"":1129,""2to4"":1426,""5to9"":830},{""1"":7874,""10plus"":602,""2to4"":4674,""5to9"":1453},{""1"":19472,""10plus"":73,""2to4"":5091,""5to9"":491},{""1"":26816,""10plus"":9,""2to4"":2245,""5to9"":76},{""1"":27692,""10plus"":2,""2to4"":734,""5to9"":10}]",0.3863336659997003,0.16676884907428757,1654919168
upos,upos_only,THUCYDIDES,1a32cf6857284fff7c7f006f8d0cd4ab15a047af7a4bcd5613d1fd50789dd4ee,2,shuffled,8,11,0.5,8884,cb3239f22ee85d443faa0ca1b33cab0dd805b3de15c6de28f361d64d1739afd4,7748,9346,42274,53304,39.20993095760059,,c2b60a708f16917cd75289a515a477eaed44450c19af844091c6f0f743e8c7be,-108051.10210162461,118596,11,1.0,0,3579,53304,"[1,12,129,1130,6452,19577,30406,31615,29274]","[{""1"":0,""10plus"":1,""2to4"":0,""5to9"":0},{""1"":0,""10plus"":12,""2to4"":0,""5to9"":0},{""1"":1,""10plus"":111,""2to4"":7,""5to9"":10},{""1"":131,""10plus"":655,""2to4"":197,""5to9"":147},{""1"":1974,""10plus"":1288,""2to4"":2102,""5to9"":1088},{""1"":11764,""10plus"":252,""2to4"":6229,""5to9"":1332},{""1"":26356,""10plus"":0,""2to4"":3982,""5to9"":68},{""1"":30849,""10plus"":0,""2to4"":766,""5to9"":0},{""1"":29175,""10plus"":0,""2to4"":99,""5to9"":0}]",0.5137269580009161,0.15911793915438466,1654919168
upos,upos_only,THUCYDIDES,1a32cf6857284fff7c7f006f8d0cd4ab15a047af7a4bcd5613d1fd50789dd4ee,3,original,8,11,0.5,8884,66f64480f0ed356a61be53f3835489fe7124afca90570dc8bdae4a4b67a33b38,7690,9346,42332,53304,-10153.795239226558,,3eb8b75d43b2d4d6646a85be0cee55f902732319d7c1d29a4711ab56dd34343b,-97862.55260229862,103226,11,0.0,0,3583,53304,"[1,12,129,976,4936,14608,25077,29100,28387]","[{""1"":0,""10plus"":1,""2to4"":0,""5to9"":0},{""1"":0,""10plus"":12,""2to4"":0,""5to9"":0},{""1"":4,""10plus"":104,""2to4"":9,""5to9"":12},{""1"":126,""10plus"":539,""2to4"":188,""5to9"":123},{""1"":1532,""10plus"":1141,""2to4"":1450,""5to9"":813},{""1"":7877,""10plus"":607,""2to4"":4704,""5to9"":1420},{""1"":19427,""10plus"":85,""2to4"":5085,""5to9"":480},{""1"":26797,""10plus"":6,""2to4"":2210,""5to9"":87},{""1"":27683,""10plus"":2,""2to4"":689,""5to9"":13}]",0.38279279099879204,0.1661733647742949,1654919168
upos,upos_only,THUCYDIDES,1a32cf6857284fff7c7f006f8d0cd4ab15a047af7a4bcd5613d1fd50789dd4ee,3,shuffled,8,11,0.5,8884,66f64480f0ed356a61be53f3835489fe7124afca90570dc8bdae4a4b67a33b38,7690,9346,42332,53304,106.53313151201291,,3f0bbfaf01d3bf0e073b64523b0a32a02ec54bb3fe25ca2def24b8502b471f70,-108016.34784152517,118228,11,1.0,0,3583,53304,"[1,12,130,1127,6469,19460,30247,31560,29222]","[{""1"":0,""10plus"":1,""2to4"":0,""5to9"":0},{""1"":0,""10plus"":12,""2to4"":0,""5to9"":0},{""1"":4,""10plus"":110,""2to4"":6,""5to9"":10},{""1"":124,""10plus"":641,""2to4"":190,""5to9"":172},{""1"":2060,""10plus"":1271,""2to4"":2056,""5to9"":1082},{""1"":11581,""10plus"":267,""2to4"":6327,""5to9"":1285},{""1"":26165,""10plus"":1,""2to4"":3993,""5to9"":88},{""1"":30778,""10plus"":0,""2to4"":782,""5to9"":0},{""1"":29116,""10plus"":0,""2to4"":106,""5to9"":0}]",0.5060354579982231,0.15964299140978255,1654919168
upos,upos_only,THUCYDIDES,1a32cf6857284fff7c7f006f8d0cd4ab15a047af7a4bcd5613d1fd50789dd4ee,4,original,8,11,0.5,8884,c64af18b135f5e0cccba3d3f87727388ab863c5f9ff37252172e1422b3a7031a,7669,9346,42240,53304,-10113.824699268036,,df4db95d5c01bf2d461f833eeeb2e371a49485f30fdd3fb95388f13db0f7ca89,-97919.35027911999,103359,11,0.0,0,3589,53304,"[1,12,128,969,4961,14628,25138,29134,28388]","[{""1"":0,""10plus"":1,""2to4"":0,""5to9"":0},{""1"":0,""10plus"":12,""2to4"":0,""5to9"":0},{""1"":2,""10plus"":104,""2to4"":11,""5to9"":11},{""1"":128,""10plus"":523,""2to4"":182,""5to9"":136},{""1"":1565,""10plus"":1149,""2to4"":1458,""5to9"":789},{""1"":7901,""10plus"":620,""2to4"":4655,""5to9"":1452},{""1"":19445,""10plus"":77,""2to4"":5146,""5to9"":470},{""1"":26803,""10plus"":5,""2to4"":2256,""5to9"":70},{""1"":27669,""10plus"":2,""2to4"":710,""5to9"":7}]",0.3847419580015412,0.16610013900572085,1654919168
upos,upos_only,THUCYDIDES,1a32cf6857284fff7c7f006f8d0cd4ab15a047af7a4bcd5613d1fd50789dd4ee,4,shuffled,8,11,0.5,8884,c64af18b135f5e0cccba3d3f87727388ab863c5f9ff37252172e1422b3a7031a,7669,9346,42240,53304,23.222140195401153,,857a780371b1c9170df6b52f1d0c63246386ecef1d51318a60cbd14c7f2af11f,-108033.17497838793,118240,11,0.9999999999178225,0,3589,53304,"[1,12,128,1130,6432,19523,30335,31500,29179]","[{""1"":0,""10plus"":1,""2to4"":0,""5to9"":0},{""1"":0,""10plus"":12,""2to4"":0,""5to9"":0},{""1"":2,""10plus"":111,""2to4"":6,""5to9"":9},{""1"":139,""10plus"":656,""2to4"":184,""5to9"":151},{""1"":1965,""10plus"":1265,""2to4"":2075,""5to9"":1127},{""1"":11621,""10plus"":241,""2to4"":6392,""5to9"":1269},{""1"":26323,""10plus"":1,""2to4"":3945,""5to9"":66},{""1"":30702,""10plus"":0,""2to4"":797,""5to9"":1},{""1"":29060,""10plus"":0,""2to4"":119,""5to9"":0}]",0.5212112090011942,0.15916711108729942,1654919168
upos,upos_only,THUCYDIDES,1a32cf6857284fff7c7f006f8d0cd4ab15a047af7a4bcd5613d1fd50789dd4ee,5,original,8,11,0.5,8884,ac07dc3dc973462176638056eb37747b8719516a1f816d1109a9e591d5c295c4,7641,9346,42171,53304,-10220.446262516241,,baf9b52fffba8f26e87d9e952afd059557d50a77018aeaaad3a493e0e228c17c,-97757.37747847263,103461,11,0.0,0,3593,53304,"[1,12,129,964,4923,14606,25209,29196,28421]","[{""1"":0,""10plus"":1,""2to4"":0,""5to9"":0},{""1"":0,""10plus"":12,""2to4"":0,""5to9"":0},{""1"":3,""10plus"":103,""2to4"":12,""5to9"":11},{""1"":136,""10plus"":536,""2to4"":160,""5to9"":132},{""1"":1508,""10plus"":1127,""2to4"":1462,""5to9"":826},{""1"":7820,""10plus"":612,""2to4"":4738,""5to9"":1436},{""1"":19616,""10plus"":74,""2to4"":5046,""5to9"":473},{""1"":26931,""10plus"":7,""2to4"":2186,""5to9"":72},{""1"":27696,""10plus"":2,""2to4"":712,""5to9"":11}]",0.3608528340009798,0.16678044119180413,1654919168
upos,upos_only,THUCYDIDES,1a32cf6857284fff7c7f006f8d0cd4ab15a047af7a4bcd5613d1fd50789dd4ee,5,shuffled,8,11,0.5,8884,ac07dc3dc973462176638056eb37747b8719516a1f816d1109a9e591d5c295c4,7641,9346,42171,53304,43.419203885656316,,4caf0b7e38efe4e0496ae856019345a7d85148bc09da4e64562397d93a6b19a3,-107977.82374098887,118416,11,1.0,0,3593,53304,"[1,12,129,1126,6459,19553,30426,31506,29204]","[{""1"":0,""10plus"":1,""2to4"":0,""5to9"":0},{""1"":0,""10plus"":12,""2to4"":0,""5to9"":0},{""1"":2,""10plus"":110,""2to4"":7,""5to9"":10},{""1"":118,""10plus"":642,""2to4"":193,""5to9"":173},{""1"":2052,""10plus"":1302,""2to4"":2000,""5to9"":1105},{""1"":11612,""10plus"":259,""2to4"":6399,""5to9"":1283},{""1"":26425,""10plus"":2,""2to4"":3926,""5to9"":73},{""1"":30696,""10plus"":0,""2to4"":808,""5to9"":2},{""1"":29079,""10plus"":0,""2to4"":125,""5to9"":0}]",0.5887467909997213,0.15825442412824486,1654919168
upos,upos_only,THUCYDIDES,1a32cf6857284fff7c7f006f8d0cd4ab15a047af7a4bcd5613d1fd50789dd4ee,6,original,8,11,0.5,8884,25931fb4a3b0372b5c1403eb16e0564b1ddeb57ba80599ad09fa69533ce05461,7683,9346,42307,53304,-10127.420282429943,,7b6700dd5572d625c1675d15772f35f9b8c7efc746cfd14124fc57a6c79211a3,-97960.68046584763,102830,11,0.0,0,3602,53304,"[1,12,128,978,4968,14595,25020,28946,28182]","[{""1"":0,""10plus"":1,""2to4"":0,""5to9"":0},{""1"":0,""10plus"":12,""2to4"":0,""5to9"":0},{""1"":1,""10plus"":102,""2to4"":10,""5to9"":15},{""1"":132,""10plus"":547,""2to4"":171,""5to9"":128},{""1"":1521,""10plus"":1135,""2to4"":1507,""5to9"":805},{""1"":7862,""10plus"":632,""2to4"":4702,""5to9"":1399},{""1"":19337,""10plus"":82,""2to4"":5146,""5to9"":455},{""1"":26595,""10plus"":8,""2to4"":2272,""5to9"":71},{""1"":27399,""10plus"":2,""2to4"":767,""5to9"":14}]",0.3628760829997191,0.16641281700503896,1654919168
upos,upos_only,THUCYDIDES,1a32cf6857284fff7c7f006f8d0cd4ab15a047af7a4bcd5613d1fd50789dd4ee,6,shuffled,8,11,0.5,8884,25931fb4a3b0372b5c1403eb16e0564b1ddeb57ba80599ad09fa69533ce05461,7683,9346,42307,53304,25.53806819676538,,d32681fc6110fd2f55e07f639b06d198c6cc8706cfeec0916cdfd6f54efdbca3,-108088.10074827756,118050,11,0.9999999999918912,0,3602,53304,"[1,12,126,1124,6473,19540,30271,31422,29081]","[{""1"":0,""10plus"":1,""2to4"":0,""5to9"":0},{""1"":0,""10plus"":12,""2to4"":0,""5to9"":0},{""1"":1,""10plus"":115,""2to4"":5,""5to9"":5},{""1"":116,""10plus"":647,""2to4"":204,""5to9"":157},{""1"":2033,""10plus"":1288,""2to4"":2050,""5to9"":1102},{""1"":11706,""10plus"":241,""2to4"":6263,""5to9"":1330},{""1"":26218,""10plus"":0,""2to4"":3982,""5to9"":71},{""1"":30609,""10plus"":0,""2to4"":812,""5to9"":1},{""1"":28951,""10plus"":0,""2to4"":130,""5to9"":0}]",0.5030390419997275,0.1586040529437014,1654919168
upos,upos_only,THUCYDIDES,1a32cf6857284fff7c7f006f8d0cd4ab15a047af7a4bcd5613d1fd50789dd4ee,7,original,8,11,0.5,8884,81e9510b0da15c65580cc80a4abfb41e2546c0fb7ccfb35ec04b0542b92a304a,7689,9346,42336,53304,-10281.968549306854,,f6ddbc1945d25d86b165460f42241a8009fd0538b2bfc4b2d55b7a3ffda83942,-97765.40774956289,102881,11,0.0,0,3578,53304,"[1,12,129,985,4919,14465,24946,29051,28373]","[{""1"":0,""10plus"":1,""2to4"":0,""5to9"":0},{""1"":0,""10plus"":12,""2to4"":0,""5to9"":0},{""1"":5,""10plus"":104,""2to4"":8,""5to9"":12},{""1"":147,""10plus"":530,""2to4"":167,""5to9"":141},{""1"":1528,""10plus"":1127,""2to4"":1454,""5to9"":810},{""1"":7702,""10plus"":623,""2to4"":4678,""5to9"":1462},{""1"":19119,""10plus"":73,""2to4"":5285,""5to9"":469},{""1"":26641,""10plus"":8,""2to4"":2331,""5to9"":71},{""1"":27616,""10plus"":2,""2to4"":744,""5to9"":11}]",0.37818512500234647,0.16620835999856354,1654919168
upos,upos_only,THUCYDIDES,1a32cf6857284fff7c7f006f8d0cd4ab15a047af7a4bcd5613d1fd50789dd4ee,7,shuffled,8,11,0.5,8884,81e9510b0da15c65580cc80a4abfb41e2546c0fb7ccfb35ec04b0542b92a304a,7689,9346,42336,53304,63.007774675570545,,f4483bc3365e82b16981961ab43b833d0e8b7ec01bf52ca84e7feee814e9142f,-108047.37629886974,118468,11,1.0,0,3578,53304,"[1,12,128,1135,6469,19590,30356,31552,29225]","[{""1"":0,""10plus"":1,""2to4"":0,""5to9"":0},{""1"":0,""10plus"":12,""2to4"":0,""5to9"":0},{""1"":3,""10plus"":114,""2to4"":4,""5to9"":7},{""1"":125,""10plus"":650,""2to4"":200,""5to9"":160},{""1"":1970,""10plus"":1277,""2to4"":2125,""5to9"":1097},{""1"":11714,""10plus"":255,""2to4"":6336,""5to9"":1285},{""1"":26326,""10plus"":0,""2to4"":3946,""5to9"":84},{""1"":30768,""10plus"":0,""2to4"":783,""5to9"":1},{""1"":29116,""10plus"":0,""2to4"":109,""5to9"":0}]",0.5122687080001924,0.1589669930326636,1654919168
upos,upos_only,THUCYDIDES,1a32cf6857284fff7c7f006f8d0cd4ab15a047af7a4bcd5613d1fd50789dd4ee,8,original,8,11,0.5,8884,4d3415f49f94bb897df6a34d3196d4cd296bfb2ee0445957e070736a9bb057e2,7653,9346,42161,53304,-10072.494048963126,,621e3673fe51ca08dee9d1862ed2a27767b094ad1a37718346f5e70b18cd7ded,-97932.2339337392,102831,11,0.0,0,3637,53304,"[1,12,128,981,4957,14573,25035,28952,28192]","[{""1"":0,""10plus"":1,""2to4"":0,""5to9"":0},{""1"":0,""10plus"":12,""2to4"":0,""5to9"":0},{""1"":1,""10plus"":103,""2to4"":11,""5to9"":13},{""1"":139,""10plus"":541,""2to4"":173,""5to9"":128},{""1"":1527,""10plus"":1135,""2to4"":1513,""5to9"":782},{""1"":7887,""10plus"":633,""2to4"":4630,""5to9"":1423},{""1"":19377,""10plus"":72,""2to4"":5132,""5to9"":454},{""1"":26646,""10plus"":4,""2to4"":2228,""5to9"":74},{""1"":27481,""10plus"":2,""2to4"":699,""5to9"":10}]",0.37664733299970976,0.16627551290366682,1654919168
upos,upos_only,THUCYDIDES,1a32cf6857284fff7c7f006f8d0cd4ab15a047af7a4bcd5613d1fd50789dd4ee,8,shuffled,8,11,0.5,8884,4d3415f49f94bb897df6a34d3196d4cd296bfb2ee0445957e070736a9bb057e2,7653,9346,42161,53304,22.21234388308949,,0f95aef36ccaebde6c243296f01dc89e7c8acdff7fad5056f95c91a82a9d698b,-108004.7279827021,117993,11,0.9999999997744194,0,3637,53304,"[1,12,128,1143,6488,19661,30259,31319,28982]","[{""1"":0,""10plus"":1,""2to4"":0,""5to9"":0},{""1"":0,""10plus"":12,""2to4"":0,""5to9"":0},{""1"":0,""10plus"":110,""2to4"":5,""5to9"":13},{""1"":151,""10plus"":656,""2to4"":177,""5to9"":159},{""1"":1996,""10plus"":1253,""2to4"":2073,""5to9"":1166},{""1"":11906,""10plus"":232,""2to4"":6200,""5to9"":1323},{""1"":26280,""10plus"":0,""2to4"":3907,""5to9"":72},{""1"":30527,""10plus"":0,""2to4"":792,""5to9"":0},{""1"":28869,""10plus"":0,""2to4"":113,""5to9"":0}]",0.5037937090019113,0.1583262649801327,1654919168
upos,upos_only,THUCYDIDES,1a32cf6857284fff7c7f006f8d0cd4ab15a047af7a4bcd5613d1fd50789dd4ee,9,original,8,11,0.5,8884,e2a67c9bf9ccd078786ae1b6ee719fcb86af68340c5bd74f824163cea0597262,7635,9346,42274,53304,-10219.996575141646,,bfe38987390bbc38bf157d7703fe24a4e0228b55f3bc73c4556c67bce566426e,-97848.72291534788,102907,11,0.0,0,3604,53304,"[1,12,128,994,5014,14550,24980,28984,28244]","[{""1"":0,""10plus"":1,""2to4"":0,""5to9"":0},{""1"":0,""10plus"":12,""2to4"":0,""5to9"":0},{""1"":0,""10plus"":106,""2to4"":12,""5to9"":10},{""1"":139,""10plus"":529,""2to4"":183,""5to9"":143},{""1"":1578,""10plus"":1117,""2to4"":1516,""5to9"":803},{""1"":7892,""10plus"":619,""2to4"":4569,""5to9"":1470},{""1"":19286,""10plus"":75,""2to4"":5161,""5to9"":458},{""1"":26626,""10plus"":9,""2to4"":2270,""5to9"":79},{""1"":27497,""10plus"":2,""2to4"":731,""5to9"":14}]",0.3685937500013097,0.1660426398666459,1654919168
upos,upos_only,THUCYDIDES,1a32cf6857284fff7c7f006f8d0cd4ab15a047af7a4bcd5613d1fd50789dd4ee,9,shuffled,8,11,0.5,8884,e2a67c9bf9ccd078786ae1b6ee719fcb86af68340c5bd74f824163cea0597262,7635,9346,42274,53304,74.35223889324698,,6aebffaa03ad78ec7c8f693947abb9e299f34dd2cdb17451e04ced1e30f7cada,-108068.71949048953,118266,11,1.0,0,3604,53304,"[1,12,130,1161,6587,19568,30297,31400,29110]","[{""1"":0,""10plus"":1,""2to4"":0,""5to9"":0},{""1"":0,""10plus"":12,""2to4"":0,""5to9"":0},{""1"":1,""10plus"":115,""2to4"":5,""5to9"":9},{""1"":140,""10plus"":651,""2to4"":193,""5to9"":177},{""1"":2121,""10plus"":1259,""2to4"":2096,""5to9"":1111},{""1"":11759,""10plus"":246,""2to4"":6255,""5to9"":1308},{""1"":26312,""10plus"":2,""2to4"":3900,""5to9"":83},{""1"":30568,""10plus"":0,""2to4"":832,""5to9"":0},{""1"":28992,""10plus"":0,""2to4"":118,""5to9"":0}]",0.588944041999639,0.15835293108830228,1654919168
upos,upos_only,HOMERIC_TRADITION,209ee9f27c82f31d31eb16124569039d7847ed327f3a0f2b5c4eae048347e621,0,original,8,11,0.5,8884,b1d09ad33871c6a0281a8f50a8d9c0c08c558af6564ae64edcf6d34184ffd5a2,54216,71088,42791,53304,-10822.181362306903,,85918983c7b650163787cb0faac20fcbb700c6c914ad6c71f41831cb70bea28f,-98293.04026621538,107557,11,0.0,0,3333,53304,"[1,12,126,979,5059,15230,26100,30293,29757]","[{""1"":0,""10plus"":1,""2to4"":0,""5to9"":0},{""1"":0,""10plus"":12,""2to4"":0,""5to9"":0},{""1"":1,""10plus"":104,""2to4"":11,""5to9"":10},{""1"":129,""10plus"":555,""2to4"":171,""5to9"":124},{""1"":1509,""10plus"":1198,""2to4"":1518,""5to9"":834},{""1"":8181,""10plus"":564,""2to4"":5071,""5to9"":1414},{""1"":20489,""10plus"":100,""2to4"":5053,""5to9"":458},{""1"":27961,""10plus"":9,""2to4"":2215,""5to9"":108},{""1"":28972,""10plus"":2,""2to4"":766,""5to9"":17}]",0.39609016599933966,1.0733617207224597,1344737280
upos,upos_only,HOMERIC_TRADITION,209ee9f27c82f31d31eb16124569039d7847ed327f3a0f2b5c4eae048347e621,0,shuffled,8,11,0.5,8884,b1d09ad33871c6a0281a8f50a8d9c0c08c558af6564ae64edcf6d34184ffd5a2,54216,71088,42791,53304,117.86223865830107,,4da3c68d4a03aa508405d20f5824b6a207bb85cadcdac31a222d9b4653bccefc,-109115.22162852228,123830,11,1.0,0,3333,53304,"[1,12,130,1132,6689,20494,31709,32949,30714]","[{""1"":0,""10plus"":1,""2to4"":0,""5to9"":0},{""1"":0,""10plus"":12,""2to4"":0,""5to9"":0},{""1"":2,""10plus"":110,""2to4"":8,""5to9"":10},{""1"":134,""10plus"":675,""2to4"":154,""5to9"":169},{""1"":2045,""10plus"":1332,""2to4"":2150,""5to9"":1162},{""1"":12319,""10plus"":217,""2to4"":6659,""5to9"":1299},{""1"":27730,""10plus"":0,""2to4"":3918,""5to9"":61},{""1"":32180,""10plus"":0,""2to4"":768,""5to9"":1},{""1"":30612,""10plus"":0,""2to4"":102,""5to9"":0}]",0.5400457499999902,1.0484635287211859,1344737280
upos,upos_only,HOMERIC_TRADITION,209ee9f27c82f31d31eb16124569039d7847ed327f3a0f2b5c4eae048347e621,1,original,8,11,0.5,8884,98712fe7b861cb92f4e40de09a0d8b04a5e9bf334cb2445c393bec94f405bd14,54670,71088,42715,53304,-10899.778566654437,,5125e44a52b9c6b0eb88bdf6acfde2375ac07d1c7e7a28568f83e4a547b7c05a,-98229.03918702214,107996,11,0.0,0,3307,53304,"[1,12,128,975,5019,15241,26207,30446,29967]","[{""1"":0,""10plus"":1,""2to4"":0,""5to9"":0},{""1"":0,""10plus"":12,""2to4"":0,""5to9"":0},{""1"":1,""10plus"":103,""2to4"":14,""5to9"":10},{""1"":131,""10plus"":547,""2to4"":167,""5to9"":130},{""1"":1467,""10plus"":1191,""2to4"":1532,""5to9"":829},{""1"":8153,""10plus"":576,""2to4"":5118,""5to9"":1394},{""1"":20589,""10plus"":100,""2to4"":5048,""5to9"":470},{""1"":28088,""10plus"":10,""2to4"":2235,""5to9"":113},{""1"":29149,""10plus"":2,""2to4"":797,""5to9"":19}]",0.4030947089995607,1.0627106176652887,1654919168
upos,upos_only,HOMERIC_TRADITION,209ee9f27c82f31d31eb16124569039d7847ed327f3a0f2b5c4eae048347e621,1,shuffled,8,11,0.5,8884,98712fe7b861cb92f4e40de09a0d8b04a5e9bf334cb2445c393bec94f405bd14,54670,71088,42715,53304,128.2580603130773,,6976959e7c6ba6de719739793a302fd62cac3facc5594889086ce3fda8167a35,-109128.81775367657,124814,11,1.0,0,3307,53304,"[1,12,128,1145,6672,20689,32015,33203,30949]","[{""1"":0,""10plus"":1,""2to4"":0,""5to9"":0},{""1"":0,""10plus"":12,""2to4"":0,""5to9"":0},{""1"":3,""10plus"":113,""2to4"":6,""5to9"":6},{""1"":137,""10plus"":665,""2to4"":182,""5to9"":161},{""1"":2002,""10plus"":1343,""2to4"":2109,""5to9"":1218},{""1"":12423,""10plus"":190,""2to4"":6756,""5to9"":1320},{""1"":27986,""10plus"":0,""2to4"":3997,""5to9"":32},{""1"":32482,""10plus"":0,""2to4"":721,""5to9"":0},{""1"":30852,""10plus"":0,""2to4"":97,""5to9"":0}]",0.5405820420019154,1.0372666010553075,1654919168
upos,upos_only,HOMERIC_TRADITION,209ee9f27c82f31d31eb16124569039d7847ed327f3a0f2b5c4eae048347e621,2,original,8,11,0.5,8884,9d934c6faf19666741a99ac003f5e2f69320b8427e4f0e8ebe07834484df4a5c,54526,71088,42625,53304,-10912.696068175195,,a91389dbbd42c409a278dc71bdcaf15e53830d8f787b5172ca8859f5cf8b1635,-98146.16671735219,107462,11,0.0,0,3351,53304,"[1,12,128,979,5046,15174,26091,30269,29762]","[{""1"":0,""10plus"":1,""2to4"":0,""5to9"":0},{""1"":0,""10plus"":12,""2to4"":0,""5to9"":0},{""1"":1,""10plus"":104,""2to4"":11,""5to9"":12},{""1"":133,""10plus"":549,""2to4"":169,""5to9"":128},{""1"":1506,""10plus"":1194,""2to4"":1534,""5to9"":812},{""1"":8092,""10plus"":576,""2to4"":5068,""5to9"":1438},{""1"":20456,""10plus"":97,""2to4"":5059,""5to9"":479},{""1"":27909,""10plus"":11,""2to4"":2254,""5to9"":95},{""1"":28980,""10plus"":2,""2to4"":764,""5to9"":16}]",0.38729412499742466,1.0644357117562322,1654919168
upos,upos_only,HOMERIC_TRADITION,209ee9f27c82f31d31eb16124569039d7847ed327f3a0f2b5c4eae048347e621,2,shuffled,8,11,0.5,8884,9d934c6faf19666741a99ac003f5e2f69320b8427e4f0e8ebe07834484df4a5c,54526,71088,42625,53304,126.03346749125922,,265ded46bb88a6d2d3cb30486b871ff61bbcc155628165c6d946a4129683b019,-109058.86278552738,123974,11,1.0,0,3351,53304,"[1,12,130,1138,6715,20622,31774,32911,30671]","[{""1"":0,""10plus"":1,""2to4"":0,""5to9"":0},{""1"":0,""10plus"":12,""2to4"":0,""5to9"":0},{""1"":3,""10plus"":108,""2to4"":6,""5to9"":13},{""1"":119,""10plus"":669,""2to4"":182,""5to9"":168},{""1"":2073,""10plus"":1344,""2to4"":2124,""5to9"":1174},{""1"":12398,""10plus"":196,""2to4"":6703,""5to9"":1325},{""1"":27841,""10plus"":1,""2to4"":3871,""5to9"":61},{""1"":32156,""10plus"":0,""2to4"":755,""5to9"":0},{""1"":30563,""10plus"":0,""2to4"":108,""5to9"":0}]",0.548410250001325,1.0373891551062115,1654919168
upos,upos_only,HOMERIC_TRADITION,209ee9f27c82f31d31eb16124569039d7847ed327f3a0f2b5c4eae048347e621,3,original,8,11,0.5,8884,585f98529003658647da88dc75d98be93bd43449b5456e5512516004ee7c2bde,54701,71088,42772,53304,-10844.290334434016,,3a60c27f72c2f1310033c66a512e0562f90b7846232b3f650c79ee33dce521eb,-98285.5628865135,107915,11,0.0,0,3338,53304,"[1,12,126,968,5047,15312,26183,30385,29881]","[{""1"":0,""10plus"":1,""2to4"":0,""5to9"":0},{""1"":0,""10plus"":12,""2to4"":0,""5to9"":0},{""1"":1,""10plus"":104,""2to4"":11,""5to9"":10},{""1"":119,""10plus"":539,""2to4"":169,""5to9"":141},{""1"":1499,""10plus"":1192,""2to4"":1528,""5to9"":828},{""1"":8265,""10plus"":584,""2to4"":5040,""5to9"":1423},{""1"":20587,""10plus"":99,""2to4"":5005,""5to9"":492},{""1"":28022,""10plus"":8,""2to4"":2268,""5to9"":87},{""1"":29100,""10plus"":2,""2to4"":767,""5to9"":12}]",0.40347333300087485,1.0647921290837985,1654919168
upos,upos_only,HOMERIC_TRADITION,209ee9f27c82f31d31eb16124569039d7847ed327f3a0f2b5c4eae048347e621,3,shuffled,8,11,0.5,8884,585f98529003658647da88dc75d98be93bd43449b5456e5512516004ee7c2bde,54701,71088,42772,53304,169.20123704260914,,5fb95524fb9d047ac7795974ad9674631df18d101fff2e6a131a77fb8a24c0bb,-109129.85322094751,124698,11,1.0,0,3338,53304,"[1,12,131,1142,6778,20833,31958,33050,30793]","[{""1"":0,""10plus"":1,""2to4"":0,""5to9"":0},{""1"":0,""10plus"":12,""2to4"":0,""5to9"":0},{""1"":6,""10plus"":110,""2to4"":5,""5to9"":10},{""1"":115,""10plus"":675,""2to4"":187,""5to9"":165},{""1"":2115,""10plus"":1339,""2to4"":2113,""5to9"":1211},{""1"":12612,""10plus"":196,""2to4"":6782,""5to9"":1243},{""1"":28122,""10plus"":2,""2to4"":3787,""5to9"":47},{""1"":32346,""10plus"":0,""2to4"":704,""5to9"":0},{""1"":30705,""10plus"":0,""2to4"":88,""5to9"":0}]",0.5446606670011533,1.0345861206988047,1654919168
upos,upos_only,HOMERIC_TRADITION,209ee9f27c82f31d31eb16124569039d7847ed327f3a0f2b5c4eae048347e621,4,original,8,11,0.5,8884,3542ab5094b396cc403cd044f2308496cd2dd7db8a492250400f1dd60b2bec8a,54375,71088,42723,53304,-10844.075487814931,,d9f1b118e79337cd228089e2adefce39ac0b639023d30794cc2d537f148c171a,-98255.28149836608,108049,11,0.0,0,3326,53304,"[1,12,128,976,5065,15262,26183,30449,29973]","[{""1"":0,""10plus"":1,""2to4"":0,""5to9"":0},{""1"":0,""10plus"":12,""2to4"":0,""5to9"":0},{""1"":2,""10plus"":102,""2to4"":12,""5to9"":12},{""1"":128,""10plus"":548,""2to4"":182,""5to9"":118},{""1"":1525,""10plus"":1189,""2to4"":1522,""5to9"":829},{""1"":8231,""10plus"":600,""2to4"":5045,""5to9"":1386},{""1"":20544,""10plus"":94,""2to4"":5064,""5to9"":481},{""1"":28076,""10plus"":8,""2to4"":2284,""5to9"":81},{""1"":29209,""10plus"":2,""2to4"":754,""5to9"":8}]",0.3995560410003236,1.0663357411322067,1654919168
upos,upos_only,HOMERIC_TRADITION,209ee9f27c82f31d31eb16124569039d7847ed327f3a0f2b5c4eae048347e621,4,shuffled,8,11,0.5,8884,3542ab5094b396cc403cd044f2308496cd2dd7db8a492250400f1dd60b2bec8a,54375,71088,42723,53304,98.71683326101629,,4717e6e379369e50561665e54509bce0da0ad11bce4b6f637b84f4173b7053c3,-109099.35698618101,124407,11,1.0,0,3326,53304,"[1,12,130,1131,6725,20640,31855,33081,30832]","[{""1"":0,""10plus"":1,""2to4"":0,""5to9"":0},{""1"":0,""10plus"":12,""2to4"":0,""5to9"":0},{""1"":3,""10plus"":113,""2to4"":8,""5to9"":6},{""1"":119,""10plus"":669,""2to4"":173,""5to9"":170},{""1"":2075,""10plus"":1322,""2to4"":2149,""5to9"":1179},{""1"":12411,""10plus"":206,""2to4"":6722,""5to9"":1301},{""1"":27857,""10plus"":0,""2to4"":3954,""5to9"":44},{""1"":32356,""10plus"":0,""2to4"":725,""5to9"":0},{""1"":30735,""10plus"":0,""2to4"":97,""5to9"":0}]",0.5391170000002603,1.1653114561013354,1654919168
upos,upos_only,HOMERIC_TRADITION,209ee9f27c82f31d31eb16124569039d7847ed327f3a0f2b5c4eae048347e621,5,original,8,11,0.5,8884,cbd6ee0210f29c4f9e787521cdf5768591a5725f819c26a47056c52b3ea12e88,54441,71088,42665,53304,-10650.539598220406,,22dd0dd0d934f7b49ac6e4f3ca568618de00fcd0dcc110a22e679eff225f437c,-98340.05047982097,108066,11,0.0,0,3305,53304,"[1,12,127,976,5052,15197,26144,30489,30068]","[{""1"":0,""10plus"":1,""2to4"":0,""5to9"":0},{""1"":0,""10plus"":12,""2to4"":0,""5to9"":0},{""1"":1,""10plus"":102,""2to4"":13,""5to9"":11},{""1"":131,""10plus"":551,""2to4"":167,""5to9"":127},{""1"":1511,""10plus"":1197,""2to4"":1518,""5to9"":826},{""1"":8165,""10plus"":584,""2to4"":5037,""5to9"":1411},{""1"":20412,""10plus"":97,""2to4"":5136,""5to9"":499},{""1"":28046,""10plus"":7,""2to4"":2347,""5to9"":89},{""1"":29265,""10plus"":2,""2to4"":790,""5to9"":11}]",0.38676466700053425,1.0632012610331003,1654919168
upos,upos_only,HOMERIC_TRADITION,209ee9f27c82f31d31eb16124569039d7847ed327f3a0f2b5c4eae048347e621,5,shuffled,8,11,0.5,8884,cbd6ee0210f29c4f9e787521cdf5768591a5725f819c26a47056c52b3ea12e88,54441,71088,42665,53304,140.95855242121615,,7edd30678811a0bf4831c10952e522d8b2be8c5a2dcb5864b239f35296498059,-108990.59007804138,124518,11,1.0,0,3305,53304,"[1,12,128,1127,6644,20596,31863,33187,30960]","[{""1"":0,""10plus"":1,""2to4"":0,""5to9"":0},{""1"":0,""10plus"":12,""2to4"":0,""5to9"":0},{""1"":1,""10plus"":113,""2to4"":7,""5to9"":7},{""1"":122,""10plus"":671,""2to4"":178,""5to9"":156},{""1"":2037,""10plus"":1326,""2to4"":2075,""5to9"":1206},{""1"":12367,""10plus"":211,""2to4"":6720,""5to9"":1298},{""1"":27807,""10plus"":0,""2to4"":4007,""5to9"":49},{""1"":32442,""10plus"":0,""2to4"":745,""5to9"":0},{""1"":30849,""10plus"":0,""2to4"":111,""5to9"":0}]",0.5438769590000447,1.0362692067756143,1654919168
upos,upos_only,HOMERIC_TRADITION,209ee9f27c82f31d31eb16124569039d7847ed327f3a0f2b5c4eae048347e621,6,original,8,11,0.5,8884,55fbef4f1d16efe6601a6e610e366e85f651b23b9eb2f16107e4a403f022767a,54684,71088,42749,53304,-10832.41836233552,,1dd83a4801385c5e70562b3943686748be7643148e29aed6316aa7e835deccc7,-98378.34890989543,108056,11,0.0,0,3321,53304,"[1,12,128,977,5039,15253,26225,30442,29979]","[{""1"":0,""10plus"":1,""2to4"":0,""5to9"":0},{""1"":0,""10plus"":12,""2to4"":0,""5to9"":0},{""1"":2,""10plus"":103,""2to4"":13,""5to9"":10},{""1"":137,""10plus"":540,""2to4"":164,""5to9"":136},{""1"":1476,""10plus"":1193,""2to4"":1520,""5to9"":850},{""1"":8159,""10plus"":569,""2to4"":5083,""5to9"":1442},{""1"":20533,""10plus"":90,""2to4"":5133,""5to9"":469},{""1"":28027,""10plus"":7,""2to4"":2309,""5to9"":99},{""1"":29173,""10plus"":2,""2to4"":795,""5to9"":9}]",0.38671954199890024,1.059505246259505,1654919168
upos,upos_only,HOMERIC_TRADITION,209ee9f27c82f31d31eb16124569039d7847ed327f3a0f2b5c4eae048347e621,6,shuffled,8,11,0.5,8884,55fbef4f1d16efe6601a6e610e366e85f651b23b9eb2f16107e4a403f022767a,54684,71088,42749,53304,128.3268070043996,,4c59b5f01323d929e535b94c934f879e8e2cb03fefd7803bc6bbe6dcb54e5874,-109210.76727223095,124533,11,1.0,0,3321,53304,"[1,12,129,1129,6692,20725,31855,33113,30877]","[{""1"":0,""10plus"":1,""2to4"":0,""5to9"":0},{""1"":0,""10plus"":12,""2to4"":0,""5to9"":0},{""1"":2,""10plus"":111,""2to4"":6,""5to9"":10},{""1"":119,""10plus"":683,""2to4"":168,""5to9"":159},{""1"":1990,""10plus"":1320,""2to4"":2151,""5to9"":1231},{""1"":12519,""10plus"":191,""2to4"":6707,""5to9"":1308},{""1"":27862,""10plus"":1,""2to4"":3937,""5to9"":55},{""1"":32378,""10plus"":0,""2to4"":735,""5to9"":0},{""1"":30758,""10plus"":0,""2to4"":119,""5to9"":0}]",0.5405804580004769,1.0326702573947841,1654919168
upos,upos_only,HOMERIC_TRADITION,209ee9f27c82f31d31eb16124569039d7847ed327f3a0f2b5c4eae048347e621,7,original,8,11,0.5,8884,698f9af639c82865235238429934039913dfb3ae445b01b3737ce7d26391ca0e,54424,71088,42771,53304,-10740.829820507875,,49e447c5e1559302c7d48e994d9efbd6a51a09770cc9352359ff86ba6c29f4f4,-98461.40494297496,108759,11,0.0,0,3298,53304,"[1,12,128,978,5078,15372,26386,30653,30151]","[{""1"":0,""10plus"":1,""2to4"":0,""5to9"":0},{""1"":0,""10plus"":12,""2to4"":0,""5to9"":0},{""1"":3,""10plus"":103,""2to4"":10,""5to9"":12},{""1"":130,""10plus"":540,""2to4"":170,""5to9"":138},{""1"":1530,""10plus"":1198,""2to4"":1509,""5to9"":841},{""1"":8251,""10plus"":571,""2to4"":5115,""5to9"":1435},{""1"":20700,""10plus"":92,""2to4"":5140,""5to9"":454},{""1"":28335,""10plus"":7,""2to4"":2218,""5to9"":93},{""1"":29407,""10plus"":2,""2to4"":730,""5to9"":12}]",0.3911931660004484,1.0736023922909226,1654919168
upos,upos_only,HOMERIC_TRADITION,209ee9f27c82f31d31eb16124569039d7847ed327f3a0f2b5c4eae048347e621,7,shuffled,8,11,0.5,8884,698f9af639c82865235238429934039913dfb3ae445b01b3737ce7d26391ca0e,54424,71088,42771,53304,151.7692859612871,,3e962c2a121adc15be1deea7511f8930fdd77d72077490d2d8f8e6b350f2ff88,-109202.23476348283,125191,11,1.0,0,3298,53304,"[1,12,130,1141,6695,20803,32107,33274,31028]","[{""1"":0,""10plus"":1,""2to4"":0,""5to9"":0},{""1"":0,""10plus"":12,""2to4"":0,""5to9"":0},{""1"":3,""10plus"":113,""2to4"":5,""5to9"":9},{""1"":134,""10plus"":672,""2to4"":167,""5to9"":168},{""1"":1946,""10plus"":1334,""2to4"":2209,""5to9"":1206},{""1"":12465,""10plus"":185,""2to4"":6856,""5to9"":1297},{""1"":28211,""10plus"":0,""2to4"":3847,""5to9"":49},{""1"":32572,""10plus"":0,""2to4"":702,""5to9"":0},{""1"":30931,""10plus"":0,""2to4"":97,""5to9"":0}]",0.553206542001135,1.0459067150441115,1654919168
upos,upos_only,HOMERIC_TRADITION,209ee9f27c82f31d31eb16124569039d7847ed327f3a0f2b5c4eae048347e621,8,original,8,11,0.5,8884,045ceed0c4e4cbad12e0f8e9aaf4651f9319845b53458bcf71ed909db69c03a8,54599,71088,43001,53304,-10833.054723240246,,9aca280914565501570efb11a8c3810a8c6c2763942cebae1c3db10b7058e7a0,-98339.95664760578,108174,11,0.0,0,3327,53304,"[1,12,128,978,5111,15323,26194,30460,29967]","[{""1"":0,""10plus"":1,""2to4"":0,""5to9"":0},{""1"":0,""10plus"":12,""2to4"":0,""5to9"":0},{""1"":1,""10plus"":104,""2to4"":14,""5to9"":9},{""1"":121,""10plus"":541,""2to4"":176,""5to9"":140},{""1"":1559,""10plus"":1194,""2to4"":1519,""5to9"":839},{""1"":8300,""10plus"":572,""2to4"":5030,""5to9"":1421},{""1"":20540,""10plus"":94,""2to4"":5090,""5to9"":470},{""1"":28109,""10plus"":8,""2to4"":2254,""5to9"":89},{""1"":29191,""10plus"":2,""2to4"":761,""5to9"":13}]",0.39429658399967593,1.0627089719491778,1654919168
upos,upos_only,HOMERIC_TRADITION,209ee9f27c82f31d31eb16124569039d7847ed327f3a0f2b5c4eae048347e621,8,shuffled,8,11,0.5,8884,045ceed0c4e4cbad12e0f8e9aaf4651f9319845b53458bcf71ed909db69c03a8,54599,71088,43001,53304,130.3695480991737,,fd6e971ad293f22a22325d0c6e5a89fa0502cf3d50276465b2b22e0bc333cddc,-109173.01137084603,124572,11,1.0,0,3327,53304,"[1,12,130,1148,6839,20704,31844,33055,30839]","[{""1"":0,""10plus"":1,""2to4"":0,""5to9"":0},{""1"":0,""10plus"":12,""2to4"":0,""5to9"":0},{""1"":1,""10plus"":112,""2to4"":8,""5to9"":9},{""1"":119,""10plus"":665,""2to4"":184,""5to9"":180},{""1"":2189,""10plus"":1337,""2to4"":2144,""5to9"":1169},{""1"":12520,""10plus"":201,""2to4"":6665,""5to9"":1318},{""1"":27841,""10plus"":0,""2to4"":3950,""5to9"":53},{""1"":32294,""10plus"":0,""2to4"":761,""5to9"":0},{""1"":30720,""10plus"":0,""2to4"":119,""5to9"":0}]",0.5339744579978287,1.1557629434028058,1654919168
upos,upos_only,HOMERIC_TRADITION,209ee9f27c82f31d31eb16124569039d7847ed327f3a0f2b5c4eae048347e621,9,original,8,11,0.5,8884,cbc4eb685af229b4ebb41565ef2f5e3bb5e7ecd72349255175d009dad7d386a2,54295,71088,42743,53304,-10815.432167009945,,c8b0c5d7844adfe1a5c43302793fbd13af15beec5b35b419857b4415661c288e,-98312.50701885483,107570,11,0.0,0,3335,53304,"[1,12,128,968,5036,15213,26112,30274,29826]","[{""1"":0,""10plus"":1,""2to4"":0,""5to9"":0},{""1"":0,""10plus"":12,""2to4"":0,""5to9"":0},{""1"":2,""10plus"":102,""2to4"":14,""5to9"":10},{""1"":121,""10plus"":542,""2to4"":170,""5to9"":135},{""1"":1477,""10plus"":1182,""2to4"":1537,""5to9"":840},{""1"":8163,""10plus"":592,""2to4"":5068,""5to9"":1390},{""1"":20450,""10plus"":95,""2to4"":5092,""5to9"":475},{""1"":27852,""10plus"":11,""2to4"":2315,""5to9"":96},{""1"":29025,""10plus"":2,""2to4"":783,""5to9"":16}]",0.4146181249998335,1.0633129138950608,1654919168
upos,upos_only,HOMERIC_TRADITION,209ee9f27c82f31d31eb16124569039d7847ed327f3a0f2b5c4eae048347e621,9,shuffled,8,11,0.5,8884,cbc4eb685af229b4ebb41565ef2f5e3bb5e7ecd72349255175d009dad7d386a2,54295,71088,42743,53304,119.9892897563841,,7d1a77b6e5f0f592998ea6ae7a13c4dda5badbc566bc9ef051f61016325a90c8,-109127.93918586477,124105,11,1.0,0,3335,53304,"[1,12,131,1131,6710,20614,31752,32989,30765]","[{""1"":0,""10plus"":1,""2to4"":0,""5to9"":0},{""1"":0,""10plus"":12,""2to4"":0,""5to9"":0},{""1"":4,""10plus"":112,""2to4"":9,""5to9"":6},{""1"":128,""10plus"":679,""2to4"":174,""5to9"":150},{""1"":2051,""10plus"":1335,""2to4"":2159,""5to9"":1165},{""1"":12405,""10plus"":197,""2to4"":6683,""5to9"":1329},{""1"":27777,""10plus"":0,""2to4"":3911,""5to9"":64},{""1"":32236,""10plus"":0,""2to4"":753,""5to9"":0},{""1"":30670,""10plus"":0,""2to4"":95,""5to9"":0}]",0.5590025829988008,1.0363776145823067,1654919168
upos,upos_only,ATHENAEUS,4352f04fcfd7cbe580caddf69f309034ffb967d5d1bc8a8e809498de5bf8d329,0,original,8,11,0.5,8884,a327bf3cabcca1d9731a9278faf70378f8a2956e4826aee0c2e4e1b0d35e82d6,18600,23133,42579,53304,-10306.89420246848,,6836c7d210fa3e22d158c3e84e2b700e694020bd5ec74f2ca0c31b8e2ac0db9e,-97982.3985723669,105320,11,0.0,0,3466,53304,"[1,12,128,973,4946,14844,25612,29724,29080]","[{""1"":0,""10plus"":1,""2to4"":0,""5to9"":0},{""1"":0,""10plus"":12,""2to4"":0,""5to9"":0},{""1"":2,""10plus"":104,""2to4"":10,""5to9"":12},{""1"":128,""10plus"":524,""2to4"":188,""5to9"":133},{""1"":1500,""10plus"":1156,""2to4"":1472,""5to9"":818},{""1"":7996,""10plus"":603,""2to4"":4775,""5to9"":1470},{""1"":19895,""10plus"":83,""2to4"":5172,""5to9"":462},{""1"":27359,""10plus"":8,""2to4"":2281,""5to9"":76},{""1"":28294,""10plus"":2,""2to4"":770,""5to9"":14}]",0.37574095799936913,0.3870660880165815,1344737280
upos,upos_only,ATHENAEUS,4352f04fcfd7cbe580caddf69f309034ffb967d5d1bc8a8e809498de5bf8d329,0,shuffled,8,11,0.5,8884,a327bf3cabcca1d9731a9278faf70378f8a2956e4826aee0c2e4e1b0d35e82d6,18600,23133,42579,53304,66.10540005013172,,df146fdfdc92aed33314462cbb82cca2564e8e08a9ee3e89dd1cd75e998b6265,-108289.29277483538,120955,11,1.0,0,3466,53304,"[1,12,131,1138,6541,19988,30925,32228,29991]","[{""1"":0,""10plus"":1,""2to4"":0,""5to9"":0},{""1"":0,""10plus"":12,""2to4"":0,""5to9"":0},{""1"":4,""10plus"":111,""2to4"":5,""5to9"":11},{""1"":136,""10plus"":652,""2to4"":186,""5to9"":164},{""1"":2030,""10plus"":1281,""2to4"":2077,""5to9"":1153},{""1"":12010,""10plus"":219,""2to4"":6395,""5to9"":1364},{""1"":26810,""10plus"":1,""2to4"":4053,""5to9"":61},{""1"":31451,""10plus"":0,""2to4"":776,""5to9"":1},{""1"":29882,""10plus"":0,""2to4"":109,""5to9"":0}]",0.5369208750016696,0.3732401951929205,1344737280
upos,upos_only,ATHENAEUS,4352f04fcfd7cbe580caddf69f309034ffb967d5d1bc8a8e809498de5bf8d329,1,original,8,11,0.5,8884,0dedd60a8f0c90cc8ac111a79fd00c2608bbd293700eae6773cae707025e6291,18525,23133,42625,53304,-10295.826030231925,,280866f80ebc234ce41ce23598d8dcda852616e4d9fed847cb272dd37a4f0d3a,-98161.05024261998,105868,11,0.0,0,3446,53304,"[1,12,128,971,4975,14872,25730,29897,29282]","[{""1"":0,""10plus"":1,""2to4"":0,""5to9"":0},{""1"":0,""10plus"":12,""2to4"":0,""5to9"":0},{""1"":2,""10plus"":104,""2to4"":12,""5to9"":10},{""1"":130,""10plus"":533,""2to4"":180,""5to9"":128},{""1"":1539,""10plus"":1167,""2to4"":1460,""5to9"":809},{""1"":7915,""10plus"":605,""2to4"":4890,""5to9"":1462},{""1"":19953,""10plus"":75,""2to4"":5234,""5to9"":468},{""1"":27540,""10plus"":8,""2to4"":2276,""5to9"":73},{""1"":28539,""10plus"":2,""2to4"":729,""5to9"":12}]",0.3912160420004511,0.3836500490360777,1654919168
upos,upos_only,ATHENAEUS,4352f04fcfd7cbe580caddf69f309034ffb967d5d1bc8a8e809498de5bf8d329,1,shuffled,8,11,0.5,8884,0dedd60a8f0c90cc8ac111a79fd00c2608bbd293700eae6773cae707025e6291,18525,23133,42625,53304,50.7256414766598,,8b8557ef39b4343c9b5a9564b7d7fe11623184c46141624d658a8612a272354c,-108456.8762728519,121534,11,1.0,0,3446,53304,"[1,12,130,1147,6569,20136,31059,32366,30114]","[{""1"":0,""10plus"":1,""2to4"":0,""5to9"":0},{""1"":0,""10plus"":12,""2to4"":0,""5to9"":0},{""1"":2,""10plus"":112,""2to4"":8,""5to9"":8},{""1"":150,""10plus"":657,""2to4"":187,""5to9"":153},{""1"":2009,""10plus"":1275,""2to4"":2092,""5to9"":1193},{""1"":12110,""10plus"":241,""2to4"":6506,""5to9"":1279},{""1"":26983,""10plus"":0,""2to4"":4017,""5to9"":59},{""1"":31604,""10plus"":0,""2to4"":762,""5to9"":0},{""1"":30019,""10plus"":0,""2to4"":95,""5to9"":0}]",0.5244565419998253,0.3681302580407646,1654919168
upos,upos_only,ATHENAEUS,4352f04fcfd7cbe580caddf69f309034ffb967d5d1bc8a8e809498de5bf8d329,2,original,8,11,0.5,8884,7289b8b38ef7cb9bffb8c28377642bb6cfd53bcb302c70ace6f0cffe32a43d49,18568,23133,42588,53304,-10411.522852205264,,7c0cae06288049bc9b781fe7e45ce005ccf36e3ffa340b98d4ca6a178bc19ff3,-97947.71317177605,105087,11,0.0,0,3500,53304,"[1,12,128,969,4939,14796,25556,29701,28985]","[{""1"":0,""10plus"":1,""2to4"":0,""5to9"":0},{""1"":0,""10plus"":12,""2to4"":0,""5to9"":0},{""1"":2,""10plus"":105,""2to4"":12,""5to9"":9},{""1"":125,""10plus"":519,""2to4"":178,""5to9"":147},{""1"":1503,""10plus"":1138,""2to4"":1471,""5to9"":827},{""1"":7924,""10plus"":614,""2to4"":4802,""5to9"":1456},{""1"":19867,""10plus"":76,""2to4"":5137,""5to9"":476},{""1"":27412,""10plus"":6,""2to4"":2213,""5to9"":70},{""1"":28269,""10plus"":2,""2to4"":706,""5to9"":8}]",0.39185345900114044,0.38222778196359286,1654919168
upos,upos_only,ATHENAEUS,4352f04fcfd7cbe580caddf69f309034ffb967d5d1bc8a8e809498de5bf8d329,2,shuffled,8,11,0.5,8884,7289b8b38ef7cb9bffb8c28377642bb6cfd53bcb302c70ace6f0cffe32a43d49,18568,23133,42588,53304,39.07149737479631,,9383c06e01eef728124a5b540a2079c97d9e6dc7ab46d8155bf96d080614d7d7,-108359.23602398131,120516,11,1.0,0,3500,53304,"[1,12,130,1146,6574,19889,30886,32103,29775]","[{""1"":0,""10plus"":1,""2to4"":0,""5to9"":0},{""1"":0,""10plus"":12,""2to4"":0,""5to9"":0},{""1"":4,""10plus"":113,""2to4"":4,""5to9"":9},{""1"":123,""10plus"":644,""2to4"":209,""5to9"":170},{""1"":2053,""10plus"":1273,""2to4"":2092,""5to9"":1156},{""1"":11973,""10plus"":238,""2to4"":6345,""5to9"":1333},{""1"":26875,""10plus"":0,""2to4"":3939,""5to9"":72},{""1"":31378,""10plus"":0,""2to4"":724,""5to9"":1},{""1"":29663,""10plus"":0,""2to4"":112,""5to9"":0}]",0.5304052499996033,0.36758510391882737,1654919168
upos,upos_only,ATHENAEUS,4352f04fcfd7cbe580caddf69f309034ffb967d5d1bc8a8e809498de5bf8d329,3,original,8,11,0.5,8884,0aa68ae5b66b85e6ff757ffe4265495bad65a698e2639c292c6b00ca71417534,18620,23133,42651,53304,-10320.018458506835,,120920133666a245e02d02da9ae8c6d21c232a68e878aa3694c753f21be15904,-98248.63113492515,106067,11,0.0,0,3465,53304,"[1,12,127,978,5008,14998,25836,29920,29187]","[{""1"":0,""10plus"":1,""2to4"":0,""5to9"":0},{""1"":0,""10plus"":12,""2to4"":0,""5to9"":0},{""1"":3,""10plus"":104,""2to4"":10,""5to9"":10},{""1"":134,""10plus"":535,""2to4"":173,""5to9"":136},{""1"":1513,""10plus"":1172,""2to4"":1526,""5to9"":797},{""1"":8000,""10plus"":594,""2to4"":4938,""5to9"":1466},{""1"":20199,""10plus"":87,""2to4"":5113,""5to9"":437},{""1"":27704,""10plus"":8,""2to4"":2124,""5to9"":84},{""1"":28528,""10plus"":2,""2to4"":638,""5to9"":19}]",0.3994999159986037,0.3825812409631908,1654919168
upos,upos_only,ATHENAEUS,4352f04fcfd7cbe580caddf69f309034ffb967d5d1bc8a8e809498de5bf8d329,3,shuffled,8,11,0.5,8884,0aa68ae5b66b85e6ff757ffe4265495bad65a698e2639c292c6b00ca71417534,18620,23133,42651,53304,61.46714980649995,,e854fdd5082794544708c0c5aefaebade581691e6abb88de281348d3d90d1e40,-108568.64959343198,121085,11,1.0,0,3465,53304,"[1,12,127,1130,6571,20110,30977,32213,29944]","[{""1"":0,""10plus"":1,""2to4"":0,""5to9"":0},{""1"":0,""10plus"":12,""2to4"":0,""5to9"":0},{""1"":1,""10plus"":113,""2to4"":9,""5to9"":4},{""1"":129,""10plus"":650,""2to4"":180,""5to9"":171},{""1"":2003,""10plus"":1303,""2to4"":2101,""5to9"":1164},{""1"":12210,""10plus"":227,""2to4"":6340,""5to9"":1333},{""1"":26967,""10plus"":2,""2to4"":3942,""5to9"":66},{""1"":31437,""10plus"":0,""2to4"":774,""5to9"":2},{""1"":29826,""10plus"":0,""2to4"":118,""5to9"":0}]",0.5320223749986326,0.3676069510547677,1654919168
upos,upos_only,ATHENAEUS,4352f04fcfd7cbe580caddf69f309034ffb967d5d1bc8a8e809498de5bf8d329,4,original,8,11,0.5,8884,7d98d453a66987746fb3bd12c293ec547eebb9d747f9f1d800cf2bc6679f6064,18544,23133,42357,53304,-10300.473256662357,,83b06953a709b9aff2a2f60503419b16b64a325c29b6bf7240809430a4f49eee,-98163.34546563172,105518,11,0.0,0,3478,53304,"[1,12,126,964,4939,14873,25753,29792,29058]","[{""1"":0,""10plus"":1,""2to4"":0,""5to9"":0},{""1"":0,""10plus"":12,""2to4"":0,""5to9"":0},{""1"":2,""10plus"":103,""2to4"":8,""5to9"":13},{""1"":116,""10plus"":523,""2to4"":189,""5to9"":136},{""1"":1491,""10plus"":1164,""2to4"":1460,""5to9"":824},{""1"":7933,""10plus"":593,""2to4"":4849,""5to9"":1498},{""1"":20067,""10plus"":74,""2to4"":5174,""5to9"":438},{""1"":27508,""10plus"":6,""2to4"":2209,""5to9"":69},{""1"":28351,""10plus"":2,""2to4"":693,""5to9"":12}]",0.3941464999988966,0.3827375262444548,1654919168
upos,upos_only,ATHENAEUS,4352f04fcfd7cbe580caddf69f309034ffb967d5d1bc8a8e809498de5bf8d329,4,shuffled,8,11,0.5,8884,7d98d453a66987746fb3bd12c293ec547eebb9d747f9f1d800cf2bc6679f6064,18544,23133,42357,53304,40.34844051460095,,fc0a62324866700d581aa453942342cc4213aede2f9772fc1d2e43810e8b4454,-108463.81872229408,120739,11,1.0,0,3478,53304,"[1,12,131,1149,6561,19913,30960,32165,29847]","[{""1"":0,""10plus"":1,""2to4"":0,""5to9"":0},{""1"":0,""10plus"":12,""2to4"":0,""5to9"":0},{""1"":2,""10plus"":113,""2to4"":9,""5to9"":7},{""1"":143,""10plus"":655,""2to4"":188,""5to9"":163},{""1"":2026,""10plus"":1305,""2to4"":2106,""5to9"":1124},{""1"":11837,""10plus"":205,""2to4"":6521,""5to9"":1350},{""1"":26872,""10plus"":0,""2to4"":4027,""5to9"":61},{""1"":31408,""10plus"":0,""2to4"":756,""5to9"":1},{""1"":29737,""10plus"":0,""2to4"":110,""5to9"":0}]",0.5227711670013377,0.3677350781617861,1654919168
upos,upos_only,ATHENAEUS,4352f04fcfd7cbe580caddf69f309034ffb967d5d1bc8a8e809498de5bf8d329,5,original,8,11,0.5,8884,1b46768c873892ba6622bcf217d45087fdf7f07b9595d3247853ea70d933fdc8,18547,23133,42530,53304,-10342.590438280167,,ea8f2d4989b64254d3dd6914079c0329ce10fbcebbbad97a5908c0d5a5a5ffb8,-97980.11702018352,105086,11,0.0,0,3480,53304,"[1,12,127,964,4930,14858,25590,29624,28980]","[{""1"":0,""10plus"":1,""2to4"":0,""5to9"":0},{""1"":0,""10plus"":12,""2to4"":0,""5to9"":0},{""1"":3,""10plus"":103,""2to4"":9,""5to9"":12},{""1"":127,""10plus"":526,""2to4"":180,""5to9"":131},{""1"":1491,""10plus"":1146,""2to4"":1454,""5to9"":839},{""1"":7953,""10plus"":597,""2to4"":4851,""5to9"":1457},{""1"":19922,""10plus"":83,""2to4"":5106,""5to9"":479},{""1"":27274,""10plus"":6,""2to4"":2262,""5to9"":82},{""1"":28208,""10plus"":2,""2to4"":756,""5to9"":14}]",0.394095625000773,0.3821884422468429,1654919168
upos,upos_only,ATHENAEUS,4352f04fcfd7cbe580caddf69f309034ffb967d5d1bc8a8e809498de5bf8d329,5,shuffled,8,11,0.5,8884,1b46768c873892ba6622bcf217d45087fdf7f07b9595d3247853ea70d933fdc8,18547,23133,42530,53304,25.847600685840007,,d71b72589337567c8629e330eaa17aa43ddfaccd72ff435df3ead29ae070d3d5,-108322.70745846369,120622,11,0.9999999999940499,0,3480,53304,"[1,12,130,1132,6546,19886,30902,32139,29874]","[{""1"":0,""10plus"":1,""2to4"":0,""5to9"":0},{""1"":0,""10plus"":12,""2to4"":0,""5to9"":0},{""1"":4,""10plus"":111,""2to4"":8,""5to9"":7},{""1"":121,""10plus"":641,""2to4"":179,""5to9"":191},{""1"":2048,""10plus"":1270,""2to4"":2041,""5to9"":1187},{""1"":11861,""10plus"":230,""2to4"":6456,""5to9"":1339},{""1"":26878,""10plus"":0,""2to4"":3960,""5to9"":64},{""1"":31355,""10plus"":0,""2to4"":784,""5to9"":0},{""1"":29774,""10plus"":0,""2to4"":100,""5to9"":0}]",0.5327197080005135,0.36615745400922606,1654919168
upos,upos_only,ATHENAEUS,4352f04fcfd7cbe580caddf69f309034ffb967d5d1bc8a8e809498de5bf8d329,6,original,8,11,0.5,8884,b33b21c5061840d43a1c5433acb601b9a8d9a656c09ee482b7ace8a790d161b2,18551,23133,42441,53304,-10282.311105713336,,c578a5cef88128810d4e54a2c8d294af49fc17d37e32437f0b884ef1991397f3,-98038.97086456679,105293,11,0.0,0,3480,53304,"[1,12,128,968,4936,14825,25707,29720,28996]","[{""1"":0,""10plus"":1,""2to4"":0,""5to9"":0},{""1"":0,""10plus"":12,""2to4"":0,""5to9"":0},{""1"":2,""10plus"":103,""2to4"":9,""5to9"":14},{""1"":126,""10plus"":537,""2to4"":186,""5to9"":119},{""1"":1514,""10plus"":1152,""2to4"":1455,""5to9"":815},{""1"":7899,""10plus"":618,""2to4"":4857,""5to9"":1451},{""1"":20024,""10plus"":84,""2to4"":5156,""5to9"":443},{""1"":27395,""10plus"":6,""2to4"":2240,""5to9"":79},{""1"":28223,""10plus"":2,""2to4"":756,""5to9"":15}]",0.39610037499733153,0.38444700313630165,1654919168
upos,upos_only,ATHENAEUS,4352f04fcfd7cbe580caddf69f309034ffb967d5d1bc8a8e809498de5bf8d329,6,shuffled,8,11,0.5,8884,b33b21c5061840d43a1c5433acb601b9a8d9a656c09ee482b7ace8a790d161b2,18551,23133,42441,53304,67.8839145306265,,a40fd95437cbd2d4918e3e6087b8d3eb97f1174ce6fbf41b75c0ccf625be7ff9,-108321.28197028012,120304,11,1.0,0,3480,53304,"[1,12,132,1130,6481,19878,30770,32060,29840]","[{""1"":0,""10plus"":1,""2to4"":0,""5to9"":0},{""1"":0,""10plus"":12,""2to4"":0,""5to9"":0},{""1"":4,""10plus"":111,""2to4"":6,""5to9"":11},{""1"":130,""10plus"":653,""2to4"":184,""5to9"":163},{""1"":1964,""10plus"":1291,""2to4"":2100,""5to9"":1126},{""1"":11893,""10plus"":237,""2to4"":6457,""5to9"":1291},{""1"":26672,""10plus"":0,""2to4"":4024,""5to9"":74},{""1"":31213,""10plus"":0,""2to4"":847,""5to9"":0},{""1"":29697,""10plus"":0,""2to4"":143,""5to9"":0}]",0.5304770830007328,0.36814455502826604,1654919168
upos,upos_only,ATHENAEUS,4352f04fcfd7cbe580caddf69f309034ffb967d5d1bc8a8e809498de5bf8d329,7,original,8,11,0.5,8884,8996a5b048d791f177681d1e90b8dbbec5a3f9437eda89a4ffeeb4a18a8e5747,18457,23133,42411,53304,-10274.688572770872,,6ce5c469a46899f43cca9131ebda1613d398267951850c3a10257079825f2c4f,-98170.34850858967,105488,11,0.0,0,3481,53304,"[1,12,128,974,4990,14935,25741,29728,28979]","[{""1"":0,""10plus"":1,""2to4"":0,""5to9"":0},{""1"":0,""10plus"":12,""2to4"":0,""5to9"":0},{""1"":1,""10plus"":104,""2to4"":10,""5to9"":13},{""1"":127,""10plus"":535,""2to4"":188,""5to9"":124},{""1"":1526,""10plus"":1146,""2to4"":1491,""5to9"":827},{""1"":8032,""10plus"":583,""2to4"":4841,""5to9"":1479},{""1"":20095,""10plus"":73,""2to4"":5112,""5to9"":461},{""1"":27414,""10plus"":6,""2to4"":2236,""5to9"":72},{""1"":28218,""10plus"":2,""2to4"":750,""5to9"":9}]",0.39034808300129953,0.38284006082903943,1654919168
upos,upos_only,ATHENAEUS,4352f04fcfd7cbe580caddf69f309034ffb967d5d1bc8a8e809498de5bf8d329,7,shuffled,8,11,0.5,8884,8996a5b048d791f177681d1e90b8dbbec5a3f9437eda89a4ffeeb4a18a8e5747,18457,23133,42411,53304,50.48297918625758,,8a52a78e53edf068583b358872029102343b26c4945380c92127a13c31da5837,-108445.03708136054,120403,11,1.0,0,3481,53304,"[1,12,131,1145,6494,19881,30818,32082,29839]","[{""1"":0,""10plus"":1,""2to4"":0,""5to9"":0},{""1"":0,""10plus"":12,""2to4"":0,""5to9"":0},{""1"":3,""10plus"":111,""2to4"":7,""5to9"":10},{""1"":141,""10plus"":647,""2to4"":192,""5to9"":165},{""1"":2000,""10plus"":1315,""2to4"":2027,""5to9"":1152},{""1"":11775,""10plus"":238,""2to4"":6593,""5to9"":1275},{""1"":26688,""10plus"":1,""2to4"":4063,""5to9"":66},{""1"":31272,""10plus"":0,""2to4"":810,""5to9"":0},{""1"":29740,""10plus"":0,""2to4"":99,""5to9"":0}]",0.5196460000006482,0.36647540407648194,1654919168
upos,upos_only,ATHENAEUS,4352f04fcfd7cbe580caddf69f309034ffb967d5d1bc8a8e809498de5bf8d329,8,original,8,11,0.5,8884,7ab11e66a4fda100383b2cdd23a68fbe3a404d8f7d700e8af7e0325dafdfcd60,18478,23133,42325,53304,-10353.531257877068,,f286dc8fb3791ae41b076ac499ef2f6aaf7f278a292053a20bab3678d8065373,-98027.16961912603,104394,11,0.0,0,3537,53304,"[1,12,128,976,4941,14817,25387,29444,28688]","[{""1"":0,""10plus"":1,""2to4"":0,""5to9"":0},{""1"":0,""10plus"":12,""2to4"":0,""5to9"":0},{""1"":2,""10plus"":104,""2to4"":11,""5to9"":11},{""1"":128,""10plus"":529,""2to4"":182,""5to9"":137},{""1"":1489,""10plus"":1148,""2to4"":1486,""5to9"":818},{""1"":7965,""10plus"":605,""2to4"":4813,""5to9"":1434},{""1"":19682,""10plus"":82,""2to4"":5149,""5to9"":474},{""1"":27135,""10plus"":5,""2to4"":2227,""5to9"":77},{""1"":27944,""10plus"":2,""2to4"":736,""5to9"":6}]",0.39035408400013694,0.38288995510083623,1654919168
upos,upos_only,ATHENAEUS,4352f04fcfd7cbe580caddf69f309034ffb967d5d1bc8a8e809498de5bf8d329,8,shuffled,8,11,0.5,8884,7ab11e66a4fda100383b2cdd23a68fbe3a404d8f7d700e8af7e0325dafdfcd60,18478,23133,42325,53304,46.25483501580311,,1ad5876478ccd352094c85095f0f7f9f33cdd3b0a9a65b34366c28a9c7b417df,-108380.7008770031,119823,11,1.0,0,3537,53304,"[1,12,130,1136,6576,19943,30701,31827,29497]","[{""1"":0,""10plus"":1,""2to4"":0,""5to9"":0},{""1"":0,""10plus"":12,""2to4"":0,""5to9"":0},{""1"":1,""10plus"":112,""2to4"":9,""5to9"":8},{""1"":115,""10plus"":655,""2to4"":201,""5to9"":165},{""1"":2062,""10plus"":1283,""2to4"":2045,""5to9"":1186},{""1"":12038,""10plus"":225,""2to4"":6379,""5to9"":1301},{""1"":26700,""10plus"":0,""2to4"":3943,""5to9"":58},{""1"":31071,""10plus"":0,""2to4"":756,""5to9"":0},{""1"":29389,""10plus"":0,""2to4"":108,""5to9"":0}]",0.529222834000393,0.367904602917406,1654919168
upos,upos_only,ATHENAEUS,4352f04fcfd7cbe580caddf69f309034ffb967d5d1bc8a8e809498de5bf8d329,9,original,8,11,0.5,8884,fdfa082f0bfbe7df92ae8212aa25a867f163a586baf3c36873225959e4eaa91c,18478,23133,42343,53304,-10360.208936488081,,b4465a88f1945a4030c312e2d98a777a4f52a0cbeb59cc5b7b7a781252f627e1,-97985.26710175352,105570,11,0.0,0,3463,53304,"[1,12,128,981,4964,14814,25671,29829,29170]","[{""1"":0,""10plus"":1,""2to4"":0,""5to9"":0},{""1"":0,""10plus"":12,""2to4"":0,""5to9"":0},{""1"":1,""10plus"":103,""2to4"":14,""5to9"":10},{""1"":136,""10plus"":531,""2to4"":185,""5to9"":129},{""1"":1522,""10plus"":1154,""2to4"":1486,""5to9"":802},{""1"":7951,""10plus"":621,""2to4"":4775,""5to9"":1467},{""1"":20004,""10plus"":80,""2to4"":5134,""5to9"":453},{""1"":27521,""10plus"":7,""2to4"":2221,""5to9"":80},{""1"":28422,""10plus"":2,""2to4"":733,""5to9"":13}]",0.397109833000286,0.38357876688678516,1654919168
upos,upos_only,ATHENAEUS,4352f04fcfd7cbe580caddf69f309034ffb967d5d1bc8a8e809498de5bf8d329,9,shuffled,8,11,0.5,8884,fdfa082f0bfbe7df92ae8212aa25a867f163a586baf3c36873225959e4eaa91c,18478,23133,42343,53304,30.12111225433182,,161a09c5814d91d476756f7c2403098428cd9b69cebe8d8e5f655a8cab8b0a23,-108345.4760382416,120881,11,0.9999999999999171,0,3463,53304,"[1,12,131,1134,6509,19987,30913,32206,29988]","[{""1"":0,""10plus"":1,""2to4"":0,""5to9"":0},{""1"":0,""10plus"":12,""2to4"":0,""5to9"":0},{""1"":4,""10plus"":112,""2to4"":6,""5to9"":9},{""1"":141,""10plus"":664,""2to4"":179,""5to9"":150},{""1"":1990,""10plus"":1310,""2to4"":2106,""5to9"":1103},{""1"":12029,""10plus"":246,""2to4"":6401,""5to9"":1311},{""1"":26806,""10plus"":0,""2to4"":4037,""5to9"":70},{""1"":31378,""10plus"":0,""2to4"":827,""5to9"":1},{""1"":29854,""10plus"":0,""2to4"":134,""5to9"":0}]",0.5315824999997858,0.3679374579405703,1654919168
upos,upos_only,HERODOTUS,89f0804afded8e7a0f4e1b507030d5ef4ecaf17e422c8b2969bd6b23e62818e6,0,original,8,11,0.5,8884,dfce29b92e9a814075a20c6570c6dab8df70934f9986517f9fc7ac21356e852a,14062,17301,42245,53304,-10148.344609027117,,af32f1b594da05c59d23b9acde3a587f7c224e2126d6896c1b71bddac352efaf,-97681.0665406261,103033,11,0.0,0,3572,53304,"[1,12,125,941,4807,14458,25085,29135,28469]","[{""1"":0,""10plus"":1,""2to4"":0,""5to9"":0},{""1"":0,""10plus"":12,""2to4"":0,""5to9"":0},{""1"":3,""10plus"":102,""2to4"":13,""5to9"":7},{""1"":132,""10plus"":526,""2to4"":153,""5to9"":130},{""1"":1441,""10plus"":1140,""2to4"":1433,""5to9"":793},{""1"":7659,""10plus"":628,""2to4"":4698,""5to9"":1473},{""1"":19393,""10plus"":90,""2to4"":5134,""5to9"":468},{""1"":26755,""10plus"":5,""2to4"":2283,""5to9"":92},{""1"":27666,""10plus"":2,""2to4"":785,""5to9"":16}]",0.3895789159996639,0.2987731049324793,1344737280
upos,upos_only,HERODOTUS,89f0804afded8e7a0f4e1b507030d5ef4ecaf17e422c8b2969bd6b23e62818e6,0,shuffled,8,11,0.5,8884,dfce29b92e9a814075a20c6570c6dab8df70934f9986517f9fc7ac21356e852a,14062,17301,42245,53304,48.713402500987286,,1ec8140d78f1ca36f93252d122e32dbe0b691f8319b04a95598ecdfb7af3cfbf,-107829.41114965321,118938,11,1.0,0,3572,53304,"[1,12,130,1099,6424,19603,30537,31700,29432]","[{""1"":0,""10plus"":1,""2to4"":0,""5to9"":0},{""1"":0,""10plus"":12,""2to4"":0,""5to9"":0},{""1"":5,""10plus"":110,""2to4"":8,""5to9"":7},{""1"":111,""10plus"":645,""2to4"":184,""5to9"":159},{""1"":1970,""10plus"":1281,""2to4"":2056,""5to9"":1117},{""1"":11628,""10plus"":238,""2to4"":6392,""5to9"":1345},{""1"":26510,""10plus"":0,""2to4"":3950,""5to9"":77},{""1"":30892,""10plus"":0,""2to4"":808,""5to9"":0},{""1"":29319,""10plus"":0,""2to4"":113,""5to9"":0}]",0.5301954159986053,0.28741326304589165,1344737280
upos,upos_only,HERODOTUS,89f0804afded8e7a0f4e1b507030d5ef4ecaf17e422c8b2969bd6b23e62818e6,1,original,8,11,0.5,8884,1e46bbb2a03f6e223b5c9104933357a011421080df2def874c5ee0c44092e958,14092,17301,42375,53304,-10130.375226768781,,2be320ef2241be23cbe49c925a051283e9c4faf7f8fd87711db259667cca8ddf,-97730.69309868508,103447,11,0.0,0,3542,53304,"[1,12,125,944,4811,14433,25175,29294,28652]","[{""1"":0,""10plus"":1,""2to4"":0,""5to9"":0},{""1"":0,""10plus"":12,""2to4"":0,""5to9"":0},{""1"":3,""10plus"":103,""2to4"":11,""5to9"":8},{""1"":130,""10plus"":533,""2to4"":157,""5to9"":124},{""1"":1448,""10plus"":1157,""2to4"":1431,""5to9"":775},{""1"":7595,""10plus"":609,""2to4"":4717,""5to9"":1512},{""1"":19392,""10plus"":77,""2to4"":5245,""5to9"":461},{""1"":26883,""10plus"":6,""2to4"":2326,""5to9"":79},{""1"":27891,""10plus"":2,""2to4"":749,""5to9"":10}]",0.38788754099732614,0.29364003226874047,1654919168
upos,upos_only,HERODOTUS,89f0804afded8e7a0f4e1b507030d5ef4ecaf17e422c8b2969bd6b23e62818e6,1,shuffled,8,11,0.5,8884,1e46bbb2a03f6e223b5c9104933357a011421080df2def874c5ee0c44092e958,14092,17301,42375,53304,86.1950055409252,,1bfc070ce9adc131bfebf0d991459d5529ca79e35a8d9cecbf91db5ea4b097ba,-107861.06832545386,118776,11,1.0,0,3542,53304,"[1,12,128,1096,6373,19459,30472,31746,29489]","[{""1"":0,""10plus"":1,""2to4"":0,""5to9"":0},{""1"":0,""10plus"":12,""2to4"":0,""5to9"":0},{""1"":5,""10plus"":108,""2to4"":6,""5to9"":9},{""1"":121,""10plus"":639,""2to4"":168,""5to9"":168},{""1"":1983,""10plus"":1304,""2to4"":1954,""5to9"":1132},{""1"":11439,""10plus"":233,""2to4"":6443,""5to9"":1344},{""1"":26388,""10plus"":1,""2to4"":4004,""5to9"":79},{""1"":30910,""10plus"":0,""2to4"":836,""5to9"":0},{""1"":29352,""10plus"":0,""2to4"":137,""5to9"":0}]",0.5232408330011822,0.283327337805531,1654919168
upos,upos_only,HERODOTUS,89f0804afded8e7a0f4e1b507030d5ef4ecaf17e422c8b2969bd6b23e62818e6,2,original,8,11,0.5,8884,a559c9a8a61a2ceb8c336339a998c469655c350815dbe32c2c9f310c765c5571,13984,17301,42297,53304,-10210.1032912964,,6ab0ff9cd22ffa79456a905dbab09b4b6635ed4d0ea02faba932eadd67b82958,-97767.60193188356,104100,11,0.0,0,3521,53304,"[1,12,125,946,4827,14525,25380,29502,28782]","[{""1"":0,""10plus"":1,""2to4"":0,""5to9"":0},{""1"":0,""10plus"":12,""2to4"":0,""5to9"":0},{""1"":3,""10plus"":103,""2to4"":12,""5to9"":7},{""1"":127,""10plus"":528,""2to4"":171,""5to9"":120},{""1"":1435,""10plus"":1139,""2to4"":1443,""5to9"":810},{""1"":7617,""10plus"":618,""2to4"":4844,""5to9"":1446},{""1"":19650,""10plus"":76,""2to4"":5178,""5to9"":476},{""1"":27188,""10plus"":6,""2to4"":2218,""5to9"":90},{""1"":28034,""10plus"":2,""2to4"":731,""5to9"":15}]",0.3625835420025396,0.29423601918824716,1654919168
upos,upos_only,HERODOTUS,89f0804afded8e7a0f4e1b507030d5ef4ecaf17e422c8b2969bd6b23e62818e6,2,shuffled,8,11,0.5,8884,a559c9a8a61a2ceb8c336339a998c469655c350815dbe32c2c9f310c765c5571,13984,17301,42297,53304,62.39137564449629,,2c9becceef8ecd11b2c1eed89e97f592321c996865330c9b04819ee1d06a00ad,-107977.70522317996,119674,11,1.0,0,3521,53304,"[1,12,128,1117,6402,19669,30764,31946,29635]","[{""1"":0,""10plus"":1,""2to4"":0,""5to9"":0},{""1"":0,""10plus"":12,""2to4"":0,""5to9"":0},{""1"":3,""10plus"":111,""2to4"":10,""5to9"":4},{""1"":145,""10plus"":645,""2to4"":172,""5to9"":155},{""1"":1974,""10plus"":1312,""2to4"":2036,""5to9"":1080},{""1"":11743,""10plus"":243,""2to4"":6335,""5to9"":1348},{""1"":26718,""10plus"":1,""2to4"":3985,""5to9"":60},{""1"":31166,""10plus"":0,""2to4"":779,""5to9"":1},{""1"":29520,""10plus"":0,""2to4"":115,""5to9"":0}]",0.5989209159997699,0.28193872806150466,1654919168
upos,upos_only,HERODOTUS,89f0804afded8e7a0f4e1b507030d5ef4ecaf17e422c8b2969bd6b23e62818e6,3,original,8,11,0.5,8884,d9dde592c9deb0f2bcc978a7eed6622c28e45afa8855ef2d2c25ca17f20ccb15,14014,17301,42274,53304,-10077.82726250583,,24145544d422f95f63b4073b793dfb103d299c959ac5af78c5f9e324712f772c,-97811.8330779953,103568,11,0.0,0,3573,53304,"[1,12,125,953,4848,14601,25249,29274,28505]","[{""1"":0,""10plus"":1,""2to4"":0,""5to9"":0},{""1"":0,""10plus"":12,""2to4"":0,""5to9"":0},{""1"":1,""10plus"":103,""2to4"":9,""5to9"":12},{""1"":126,""10plus"":524,""2to4"":165,""5to9"":138},{""1"":1464,""10plus"":1143,""2to4"":1451,""5to9"":790},{""1"":7766,""10plus"":629,""2to4"":4777,""5to9"":1429},{""1"":19500,""10plus"":73,""2to4"":5218,""5to9"":458},{""1"":26953,""10plus"":5,""2to4"":2250,""5to9"":66},{""1"":27755,""10plus"":2,""2to4"":740,""5to9"":8}]",0.36916966699936893,0.29369189399221796,1654919168
upos,upos_only,HERODOTUS,89f0804afded8e7a0f4e1b507030d5ef4ecaf17e422c8b2969bd6b23e62818e6,3,shuffled,8,11,0.5,8884,d9dde592c9deb0f2bcc978a7eed6622c28e45afa8855ef2d2c25ca17f20ccb15,14014,17301,42274,53304,61.49022496448015,,616ecb99d425b6586acc0c3f50634162744d1102ec59172082ddb25221ad7704,-107889.66034050113,118790,11,1.0,0,3573,53304,"[1,12,129,1124,6450,19646,30463,31632,29333]","[{""1"":0,""10plus"":1,""2to4"":0,""5to9"":0},{""1"":0,""10plus"":12,""2to4"":0,""5to9"":0},{""1"":3,""10plus"":109,""2to4"":6,""5to9"":11},{""1"":135,""10plus"":651,""2to4"":183,""5to9"":155},{""1"":1982,""10plus"":1284,""2to4"":2066,""5to9"":1118},{""1"":11805,""10plus"":247,""2to4"":6249,""5to9"":1345},{""1"":26424,""10plus"":1,""2to4"":3956,""5to9"":82},{""1"":30842,""10plus"":0,""2to4"":789,""5to9"":1},{""1"":29227,""10plus"":0,""2to4"":106,""5to9"":0}]",0.5155218329964555,0.2823344791868294,1654919168
upos,upos_only,HERODOTUS,89f0804afded8e7a0f4e1b507030d5ef4ecaf17e422c8b2969bd6b23e62818e6,4,original,8,11,0.5,8884,2078d3190299b02bf9797be361d054c48deee8aa9e70415b2e2ef2fccd2da45a,14053,17301,42417,53304,-10292.24393421263,,62cf52e2ab5b4dbe0736547b9beaa029294cc3da9a19fdf0e1970f3159372efd,-97705.29755063202,103648,11,0.0,0,3557,53304,"[1,12,126,960,4849,14556,25283,29290,28571]","[{""1"":0,""10plus"":1,""2to4"":0,""5to9"":0},{""1"":0,""10plus"":12,""2to4"":0,""5to9"":0},{""1"":2,""10plus"":103,""2to4"":13,""5to9"":8},{""1"":141,""10plus"":526,""2to4"":165,""5to9"":128},{""1"":1471,""10plus"":1142,""2to4"":1428,""5to9"":808},{""1"":7722,""10plus"":606,""2to4"":4740,""5to9"":1488},{""1"":19666,""10plus"":84,""2to4"":5074,""5to9"":459},{""1"":26997,""10plus"":2,""2to4"":2195,""5to9"":96},{""1"":27827,""10plus"":2,""2to4"":732,""5to9"":10}]",0.3763717500005441,0.29484421315646614,1654919168
upos,upos_only,HERODOTUS,89f0804afded8e7a0f4e1b507030d5ef4ecaf17e422c8b2969bd6b23e62818e6,4,shuffled,8,11,0.5,8884,2078d3190299b02bf9797be361d054c48deee8aa9e70415b2e2ef2fccd2da45a,14053,17301,42417,53304,39.20101480554149,,77d31d8a741d9ead6ddfac9a2f3d6223df49d004c3bd200ef08982254ea25bdb,-107997.54148484465,118902,11,1.0,0,3557,53304,"[1,12,127,1115,6359,19631,30539,31716,29402]","[{""1"":0,""10plus"":1,""2to4"":0,""5to9"":0},{""1"":0,""10plus"":12,""2to4"":0,""5to9"":0},{""1"":0,""10plus"":110,""2to4"":8,""5to9"":9},{""1"":125,""10plus"":638,""2to4"":193,""5to9"":159},{""1"":1893,""10plus"":1292,""2to4"":2038,""5to9"":1136},{""1"":11619,""10plus"":257,""2to4"":6467,""5to9"":1288},{""1"":26470,""10plus"":0,""2to4"":4005,""5to9"":64},{""1"":30924,""10plus"":0,""2to4"":792,""5to9"":0},{""1"":29275,""10plus"":0,""2to4"":127,""5to9"":0}]",0.5938554589993146,0.28197740879113553,1654919168
upos,upos_only,HERODOTUS,89f0804afded8e7a0f4e1b507030d5ef4ecaf17e422c8b2969bd6b23e62818e6,5,original,8,11,0.5,8884,ab0fa826d8fd0133d68dff12a7fcd32c8b6052ccc9361fe1591cd4a9902b05ff,13992,17301,42409,53304,-10336.990380254312,,e9891450a991e2c555ff218f05efc2880c290c60822e84d6177c07e5d03d54ba,-97541.21205012569,103845,11,0.0,0,3532,53304,"[1,12,126,954,4838,14486,25285,29387,28756]","[{""1"":0,""10plus"":1,""2to4"":0,""5to9"":0},{""1"":0,""10plus"":12,""2to4"":0,""5to9"":0},{""1"":1,""10plus"":105,""2to4"":15,""5to9"":5},{""1"":140,""10plus"":516,""2to4"":157,""5to9"":141},{""1"":1480,""10plus"":1171,""2to4"":1428,""5to9"":759},{""1"":7650,""10plus"":608,""2to4"":4735,""5to9"":1493},{""1"":19544,""10plus"":84,""2to4"":5194,""5to9"":463},{""1"":27009,""10plus"":7,""2to4"":2291,""5to9"":80},{""1"":27987,""10plus"":2,""2to4"":759,""5to9"":8}]",0.36463354200168396,0.2941551590374729,1654919168
upos,upos_only,HERODOTUS,89f0804afded8e7a0f4e1b507030d5ef4ecaf17e422c8b2969bd6b23e62818e6,5,shuffled,8,11,0.5,8884,ab0fa826d8fd0133d68dff12a7fcd32c8b6052ccc9361fe1591cd4a9902b05ff,13992,17301,42409,53304,42.12297438099631,,849b6c8eff7893915acaa859e3bbe4346588b6e8b424867c6e808808cde795af,-107878.20243038,119127,11,1.0,0,3532,53304,"[1,12,127,1104,6417,19539,30485,31844,29598]","[{""1"":0,""10plus"":1,""2to4"":0,""5to9"":0},{""1"":0,""10plus"":12,""2to4"":0,""5to9"":0},{""1"":3,""10plus"":111,""2to4"":8,""5to9"":5},{""1"":118,""10plus"":638,""2to4"":186,""5to9"":162},{""1"":1981,""10plus"":1305,""2to4"":2032,""5to9"":1099},{""1"":11628,""10plus"":266,""2to4"":6314,""5to9"":1331},{""1"":26336,""10plus"":0,""2to4"":4079,""5to9"":70},{""1"":31009,""10plus"":0,""2to4"":835,""5to9"":0},{""1"":29479,""10plus"":0,""2to4"":119,""5to9"":0}]",0.5043668329999491,0.2815033830665925,1654919168
upos,upos_only,HERODOTUS,89f0804afded8e7a0f4e1b507030d5ef4ecaf17e422c8b2969bd6b23e62818e6,6,original,8,11,0.5,8884,d116408da49b71228e094f2c00b604e55ed53e1b6fc70ccc08ccb0981d749ff3,14133,17301,42497,53304,-10303.308357066519,,081d5bd4c6fa8463ef7ec07e12a9759fa6c4b8b3ad7c19f75d1412091fe8c81b,-97458.82093558458,102684,11,0.0,0,3577,53304,"[1,12,125,938,4739,14318,25015,29099,28437]","[{""1"":0,""10plus"":1,""2to4"":0,""5to9"":0},{""1"":0,""10plus"":12,""2to4"":0,""5to9"":0},{""1"":3,""10plus"":104,""2to4"":12,""5to9"":6},{""1"":128,""10plus"":525,""2to4"":166,""5to9"":119},{""1"":1402,""10plus"":1130,""2to4"":1399,""5to9"":808},{""1"":7502,""10plus"":605,""2to4"":4689,""5to9"":1522},{""1"":19260,""10plus"":87,""2to4"":5214,""5to9"":454},{""1"":26702,""10plus"":7,""2to4"":2313,""5to9"":77},{""1"":27652,""10plus"":2,""2to4"":772,""5to9"":11}]",0.38459083400084637,0.2943031490940484,1654919168
upos,upos_only,HERODOTUS,89f0804afded8e7a0f4e1b507030d5ef4ecaf17e422c8b2969bd6b23e62818e6,6,shuffled,8,11,0.5,8884,d116408da49b71228e094f2c00b604e55ed53e1b6fc70ccc08ccb0981d749ff3,14133,17301,42497,53304,64.27972122194478,,3663baf2abecfb958e6e88ad3233d98bc566ed0a3b40968e00b34b8c4579b613,-107762.1292926511,118269,11,1.0,0,3577,53304,"[1,12,130,1118,6332,19394,30370,31595,29317]","[{""1"":0,""10plus"":1,""2to4"":0,""5to9"":0},{""1"":0,""10plus"":12,""2to4"":0,""5to9"":0},{""1"":4,""10plus"":107,""2to4"":10,""5to9"":9},{""1"":137,""10plus"":635,""2to4"":193,""5to9"":153},{""1"":1962,""10plus"":1295,""2to4"":1974,""5to9"":1101},{""1"":11540,""10plus"":241,""2to4"":6236,""5to9"":1377},{""1"":26288,""10plus"":0,""2to4"":4003,""5to9"":79},{""1"":30768,""10plus"":0,""2to4"":827,""5to9"":0},{""1"":29191,""10plus"":0,""2to4"":126,""5to9"":0}]",0.5237287079980888,0.28166392224738956,1654919168
upos,upos_only,HERODOTUS,89f0804afded8e7a0f4e1b507030d5ef4ecaf17e422c8b2969bd6b23e62818e6,7,original,8,11,0.5,8884,c472fb13ba8c2eac45a36eaad610e3c95b48c840c2fda259724dd5bae072784a,13966,17301,42392,53304,-10250.498770570077,,27432035bd96fac99bd583812adf950123c9c933529f1116aba90ffc899e2e95,-97726.20082937894,103778,11,0.0,0,3551,53304,"[1,12,127,954,4823,14581,25341,29316,28623]","[{""1"":0,""10plus"":1,""2to4"":0,""5to9"":0},{""1"":0,""10plus"":12,""2to4"":0,""5to9"":0},{""1"":3,""10plus"":104,""2to4"":10,""5to9"":10},{""1"":142,""10plus"":528,""2to4"":152,""5to9"":132},{""1"":1442,""10plus"":1159,""2to4"":1434,""5to9"":788},{""1"":7700,""10plus"":610,""2to4"":4801,""5to9"":1470},{""1"":19686,""10plus"":77,""2to4"":5111,""5to9"":467},{""1"":26969,""10plus"":7,""2to4"":2261,""5to9"":79},{""1"":27841,""10plus"":2,""2to4"":763,""5to9"":17}]",0.3652039580010751,0.29649771690310445,1654919168
upos,upos_only,HERODOTUS,89f0804afded8e7a0f4e1b507030d5ef4ecaf17e422c8b2969bd6b23e62818e6,7,shuffled,8,11,0.5,8884,c472fb13ba8c2eac45a36eaad610e3c95b48c840c2fda259724dd5bae072784a,13966,17301,42392,53304,90.06580525562458,,230f687e98c670a310403d2cd6e4cbc72387c14271d2881778b2aa9a19897f51,-107976.69959994902,119132,11,1.0,0,3551,53304,"[1,12,130,1104,6411,19630,30561,31759,29524]","[{""1"":0,""10plus"":1,""2to4"":0,""5to9"":0},{""1"":0,""10plus"":12,""2to4"":0,""5to9"":0},{""1"":6,""10plus"":110,""2to4"":6,""5to9"":8},{""1"":120,""10plus"":637,""2to4"":172,""5to9"":175},{""1"":1944,""10plus"":1305,""2to4"":2040,""5to9"":1122},{""1"":11654,""10plus"":246,""2to4"":6438,""5to9"":1292},{""1"":26521,""10plus"":1,""2to4"":3963,""5to9"":76},{""1"":30933,""10plus"":0,""2to4"":825,""5to9"":1},{""1"":29406,""10plus"":0,""2to4"":118,""5to9"":0}]",0.5052705000016431,0.39391073834485724,1654919168
upos,upos_only,HERODOTUS,89f0804afded8e7a0f4e1b507030d5ef4ecaf17e422c8b2969bd6b23e62818e6,8,original,8,11,0.5,8884,ee995068c38ac1e246b99066a697ae06ae98e729c8a87e7b30220820de5a2c3b,14061,17301,42267,53304,-10290.475396158465,,4886bb6dd66fd737ebcb581002eac87d8bd9c0144e48c79799754f7379aa02b2,-97711.93394654083,103450,11,0.0,0,3555,53304,"[1,12,127,965,4837,14479,25261,29257,28511]","[{""1"":0,""10plus"":1,""2to4"":0,""5to9"":0},{""1"":0,""10plus"":12,""2to4"":0,""5to9"":0},{""1"":2,""10plus"":104,""2to4"":12,""5to9"":9},{""1"":141,""10plus"":525,""2to4"":170,""5to9"":129},{""1"":1427,""10plus"":1136,""2to4"":1463,""5to9"":811},{""1"":7645,""10plus"":606,""2to4"":4713,""5to9"":1515},{""1"":19569,""10plus"":85,""2to4"":5151,""5to9"":456},{""1"":26941,""10plus"":7,""2to4"":2232,""5to9"":77},{""1"":27707,""10plus"":2,""2to4"":789,""5to9"":13}]",0.3699067500019737,0.2983782370793051,1654919168
upos,upos_only,HERODOTUS,89f0804afded8e7a0f4e1b507030d5ef4ecaf17e422c8b2969bd6b23e62818e6,8,shuffled,8,11,0.5,8884,ee995068c38ac1e246b99066a697ae06ae98e729c8a87e7b30220820de5a2c3b,14061,17301,42267,53304,15.205965238303179,,7fe0230973f315c7fc88087e2faea306bd522773ed265cbe90fba4c0c6ec918f,-108002.40934245032,118743,11,0.9999997510379812,0,3555,53304,"[1,12,129,1113,6446,19524,30433,31664,29421]","[{""1"":0,""10plus"":1,""2to4"":0,""5to9"":0},{""1"":0,""10plus"":12,""2to4"":0,""5to9"":0},{""1"":4,""10plus"":108,""2to4"":5,""5to9"":12},{""1"":117,""10plus"":644,""2to4"":189,""5to9"":163},{""1"":2023,""10plus"":1294,""2to4"":2035,""5to9"":1094},{""1"":11615,""10plus"":243,""2to4"":6334,""5to9"":1332},{""1"":26392,""10plus"":0,""2to4"":3943,""5to9"":98},{""1"":30814,""10plus"":0,""2to4"":850,""5to9"":0},{""1"":29301,""10plus"":0,""2to4"":120,""5to9"":0}]",0.5151004580002336,0.28602810114534805,1654919168
upos,upos_only,HERODOTUS,89f0804afded8e7a0f4e1b507030d5ef4ecaf17e422c8b2969bd6b23e62818e6,9,original,8,11,0.5,8884,281eed1e61ac917ae0f99659aa9090f35e0e74ddfcba13d4921ade5ca0d49b9d,13981,17301,42402,53304,-10244.408007190897,,9bd4ff4a904752d4346e13a7d175885e34f02c764fa0a482c67f55bd7d8fb44c,-97642.37276849177,103384,11,0.0,0,3566,53304,"[1,12,126,959,4813,14503,25257,29218,28495]","[{""1"":0,""10plus"":1,""2to4"":0,""5to9"":0},{""1"":0,""10plus"":12,""2to4"":0,""5to9"":0},{""1"":1,""10plus"":106,""2to4"":12,""5to9"":7},{""1"":139,""10plus"":524,""2to4"":162,""5to9"":134},{""1"":1463,""10plus"":1151,""2to4"":1419,""5to9"":780},{""1"":7626,""10plus"":625,""2to4"":4811,""5to9"":1441},{""1"":19561,""10plus"":82,""2to4"":5162,""5to9"":452},{""1"":26865,""10plus"":7,""2to4"":2268,""5to9"":78},{""1"":27709,""10plus"":2,""2to4"":772,""5to9"":12}]",0.3763395419991866,0.2959939909342211,1654919168
upos,upos_only,HERODOTUS,89f0804afded8e7a0f4e1b507030d5ef4ecaf17e422c8b2969bd6b23e62818e6,9,shuffled,8,11,0.5,8884,281eed1e61ac917ae0f99659aa9090f35e0e74ddfcba13d4921ade5ca0d49b9d,13981,17301,42402,53304,58.19048578070942,,7ab6ba5130fd97dad8b439290787fa5b724369ce2f183d7eaba20cb460166b17,-107886.78077568267,118673,11,1.0,0,3566,53304,"[1,12,130,1120,6401,19482,30420,31699,29408]","[{""1"":0,""10plus"":1,""2to4"":0,""5to9"":0},{""1"":0,""10plus"":12,""2to4"":0,""5to9"":0},{""1"":2,""10plus"":111,""2to4"":8,""5to9"":9},{""1"":122,""10plus"":632,""2to4"":188,""5to9"":178},{""1"":1935,""10plus"":1278,""2to4"":2099,""5to9"":1089},{""1"":11530,""10plus"":239,""2to4"":6372,""5to9"":1341},{""1"":26336,""10plus"":0,""2to4"":4003,""5to9"":81},{""1"":30912,""10plus"":0,""2to4"":787,""5to9"":0},{""1"":29315,""10plus"":0,""2to4"":93,""5to9"":0}]",0.5028612079986488,0.3930055267555872,1654919168
upos,upos_only,HESIODIC_TRADITION,c4c0c7eaeca0d61d2e53f4f0642bfa382e91dd28b470d2f4da2ba8539fe0e7f7,0,original,8,11,0.5,8884,122fb0d79dc3d8a1f3ecc96637b506459b7a5e2c89e5ce9e15007053344dcef3,7075,9282,42891,53304,-10887.972035494866,,65ca6c554a25ffabecf04c93578c0bdce1b92ee7b1f7479d7b390a6066f83199,-98386.10358669366,107519,11,0.0,0,3359,53304,"[1,12,127,970,5084,15338,26159,30185,29643]","[{""1"":0,""10plus"":1,""2to4"":0,""5to9"":0},{""1"":0,""10plus"":12,""2to4"":0,""5to9"":0},{""1"":3,""10plus"":102,""2to4"":10,""5to9"":12},{""1"":121,""10plus"":545,""2to4"":162,""5to9"":142},{""1"":1498,""10plus"":1171,""2to4"":1550,""5to9"":865},{""1"":8263,""10plus"":588,""2to4"":5139,""5to9"":1348},{""1"":20645,""10plus"":93,""2to4"":4955,""5to9"":466},{""1"":27804,""10plus"":9,""2to4"":2286,""5to9"":86},{""1"":28848,""10plus"":0,""2to4"":787,""5to9"":8}]",0.39937629099949845,0.15011250606403337,1344737280
upos,upos_only,HESIODIC_TRADITION,c4c0c7eaeca0d61d2e53f4f0642bfa382e91dd28b470d2f4da2ba8539fe0e7f7,0,shuffled,8,11,0.5,8884,122fb0d79dc3d8a1f3ecc96637b506459b7a5e2c89e5ce9e15007053344dcef3,7075,9282,42891,53304,91.07202619723103,,d7ccd70cb2b1345f033c04c78188728782da5dced3e4d37f71c2277f53739c0a,-109274.07562218852,123926,11,1.0,0,3359,53304,"[1,12,128,1121,6671,20731,31916,32845,30501]","[{""1"":0,""10plus"":1,""2to4"":0,""5to9"":0},{""1"":0,""10plus"":12,""2to4"":0,""5to9"":0},{""1"":2,""10plus"":108,""2to4"":6,""5to9"":12},{""1"":131,""10plus"":684,""2to4"":155,""5to9"":151},{""1"":1965,""10plus"":1354,""2to4"":2164,""5to9"":1188},{""1"":12439,""10plus"":148,""2to4"":6785,""5to9"":1359},{""1"":28041,""10plus"":1,""2to4"":3834,""5to9"":40},{""1"":32137,""10plus"":0,""2to4"":708,""5to9"":0},{""1"":30397,""10plus"":0,""2to4"":104,""5to9"":0}]",0.5474459580000257,0.1454488920608128,1344737280
upos,upos_only,HESIODIC_TRADITION,c4c0c7eaeca0d61d2e53f4f0642bfa382e91dd28b470d2f4da2ba8539fe0e7f7,1,original,8,11,0.5,8884,54133ba6f02295ae08646a141efb65dff939cab1f38e534d8a6f44b9174ea89c,6938,9282,42802,53304,-10779.863367568207,,777b4e04313ca4e25a06270936e693f3cf62542c404a5872370db91c399e1573,-98539.65671331847,107604,11,0.0,0,3391,53304,"[1,12,128,992,5122,15358,26123,30215,29653]","[{""1"":0,""10plus"":1,""2to4"":0,""5to9"":0},{""1"":0,""10plus"":12,""2to4"":0,""5to9"":0},{""1"":2,""10plus"":101,""2to4"":10,""5to9"":15},{""1"":141,""10plus"":549,""2to4"":160,""5to9"":142},{""1"":1571,""10plus"":1188,""2to4"":1507,""5to9"":856},{""1"":8271,""10plus"":571,""2to4"":5179,""5to9"":1337},{""1"":20575,""10plus"":88,""2to4"":4984,""5to9"":476},{""1"":27904,""10plus"":3,""2to4"":2224,""5to9"":84},{""1"":28957,""10plus"":0,""2to4"":685,""5to9"":11}]",0.3812802089996694,0.14849609518932994,1654919168
upos,upos_only,HESIODIC_TRADITION,c4c0c7eaeca0d61d2e53f4f0642bfa382e91dd28b470d2f4da2ba8539fe0e7f7,1,shuffled,8,11,0.5,8884,54133ba6f02295ae08646a141efb65dff939cab1f38e534d8a6f44b9174ea89c,6938,9282,42802,53304,143.38258632420911,,a2b2c4faeafb97fdaa976a754dddd50805e20ca0afc8006e4cdf0f5941aad57d,-109319.52008088668,123672,11,1.0,0,3391,53304,"[1,12,130,1137,6755,20736,31792,32735,30374]","[{""1"":0,""10plus"":1,""2to4"":0,""5to9"":0},{""1"":0,""10plus"":12,""2to4"":0,""5to9"":0},{""1"":4,""10plus"":112,""2to4"":5,""5to9"":9},{""1"":117,""10plus"":695,""2to4"":186,""5to9"":139},{""1"":1996,""10plus"":1315,""2to4"":2260,""5to9"":1184},{""1"":12502,""10plus"":171,""2to4"":6753,""5to9"":1310},{""1"":27936,""10plus"":0,""2to4"":3827,""5to9"":29},{""1"":32058,""10plus"":0,""2to4"":677,""5to9"":0},{""1"":30285,""10plus"":0,""2to4"":89,""5to9"":0}]",0.5333581669983687,0.14434063407679787,1654919168
upos,upos_only,HESIODIC_TRADITION,c4c0c7eaeca0d61d2e53f4f0642bfa382e91dd28b470d2f4da2ba8539fe0e7f7,2,original,8,11,0.5,8884,a3781ee7a5a9e02423695828fa503b846ef7d7601c3b9e9213c98f2e2bed3a39,6890,9282,42847,53304,-10627.954823114327,,c27bc46b45bba29530cd0c88b35362dcb6df29ba9c3d3b38137f91658029ac0a,-98677.02592635884,107702,11,0.0,0,3397,53304,"[1,12,126,974,5132,15439,26180,30222,29616]","[{""1"":0,""10plus"":1,""2to4"":0,""5to9"":0},{""1"":0,""10plus"":12,""2to4"":0,""5to9"":0},{""1"":1,""10plus"":102,""2to4"":13,""5to9"":10},{""1"":130,""10plus"":554,""2to4"":151,""5to9"":139},{""1"":1546,""10plus"":1167,""2to4"":1558,""5to9"":861},{""1"":8367,""10plus"":591,""2to4"":5135,""5to9"":1346},{""1"":20594,""10plus"":79,""2to4"":5052,""5to9"":455},{""1"":27906,""10plus"":5,""2to4"":2224,""5to9"":87},{""1"":28909,""10plus"":0,""2to4"":697,""5to9"":10}]",0.41841883300003246,0.1481714670517249,1654919168
upos,upos_only,HESIODIC_TRADITION,c4c0c7eaeca0d61d2e53f4f0642bfa382e91dd28b470d2f4da2ba8539fe0e7f7,2,shuffled,8,11,0.5,8884,a3781ee7a5a9e02423695828fa503b846ef7d7601c3b9e9213c98f2e2bed3a39,6890,9282,42847,53304,120.88076505008212,,a19ac7dedb23f504d84efd75fb6006b453bddf7d23a9cac5a0ccaeb1faa6563c,-109304.98074947316,123810,11,1.0,0,3397,53304,"[1,12,131,1135,6761,20879,31808,32708,30375]","[{""1"":0,""10plus"":1,""2to4"":0,""5to9"":0},{""1"":0,""10plus"":12,""2to4"":0,""5to9"":0},{""1"":3,""10plus"":109,""2to4"":11,""5to9"":8},{""1"":129,""10plus"":690,""2to4"":164,""5to9"":152},{""1"":1980,""10plus"":1301,""2to4"":2254,""5to9"":1226},{""1"":12721,""10plus"":175,""2to4"":6698,""5to9"":1285},{""1"":27989,""10plus"":0,""2to4"":3782,""5to9"":37},{""1"":32038,""10plus"":0,""2to4"":670,""5to9"":0},{""1"":30296,""10plus"":0,""2to4"":79,""5to9"":0}]",0.5443615000003774,0.14408256396563957,1654919168
upos,upos_only,HESIODIC_TRADITION,c4c0c7eaeca0d61d2e53f4f0642bfa382e91dd28b470d2f4da2ba8539fe0e7f7,3,original,8,11,0.5,8884,cbd74e0d1639da87ca5236dbe5dec0c239ef76bdf5d357c5ad2702ae82afb8e3,7029,9282,42773,53304,-10840.633228925479,,f3fd14759f789a7ee9be2d9f5bef00b27b2919297932162cf8e59d0ed48b2d2f,-98370.8544956331,107168,11,0.0,0,3397,53304,"[1,12,126,967,5064,15325,26089,30073,29511]","[{""1"":0,""10plus"":1,""2to4"":0,""5to9"":0},{""1"":0,""10plus"":12,""2to4"":0,""5to9"":0},{""1"":2,""10plus"":102,""2to4"":11,""5to9"":11},{""1"":121,""10plus"":550,""2to4"":168,""5to9"":128},{""1"":1484,""10plus"":1180,""2to4"":1520,""5to9"":880},{""1"":8305,""10plus"":580,""2to4"":5054,""5to9"":1386},{""1"":20567,""10plus"":94,""2to4"":4946,""5to9"":482},{""1"":27695,""10plus"":3,""2to4"":2288,""5to9"":87},{""1"":28725,""10plus"":0,""2to4"":779,""5to9"":7}]",0.404473999999027,0.14774992206366733,1654919168
upos,upos_only,HESIODIC_TRADITION,c4c0c7eaeca0d61d2e53f4f0642bfa382e91dd28b470d2f4da2ba8539fe0e7f7,3,shuffled,8,11,0.5,8884,cbd74e0d1639da87ca5236dbe5dec0c239ef76bdf5d357c5ad2702ae82afb8e3,7029,9282,42773,53304,138.0962355848169,,6b310e98011ab557d1157977e8638e5a8f6ad00468148f0ba2d6dfd5422e137b,-109211.48772455858,123375,11,1.0,0,3397,53304,"[1,12,131,1163,6789,20712,31584,32651,30332]","[{""1"":0,""10plus"":1,""2to4"":0,""5to9"":0},{""1"":0,""10plus"":12,""2to4"":0,""5to9"":0},{""1"":1,""10plus"":113,""2to4"":8,""5to9"":9},{""1"":142,""10plus"":668,""2to4"":180,""5to9"":173},{""1"":2117,""10plus"":1303,""2to4"":2138,""5to9"":1231},{""1"":12609,""10plus"":175,""2to4"":6634,""5to9"":1294},{""1"":27637,""10plus"":0,""2to4"":3903,""5to9"":44},{""1"":31920,""10plus"":0,""2to4"":731,""5to9"":0},{""1"":30226,""10plus"":0,""2to4"":106,""5to9"":0}]",0.5402690829978383,0.14376702199297142,1654919168
upos,upos_only,HESIODIC_TRADITION,c4c0c7eaeca0d61d2e53f4f0642bfa382e91dd28b470d2f4da2ba8539fe0e7f7,4,original,8,11,0.5,8884,f50ca6efca85d5aeafb7dd17ac080b1eea597cfea006d94db0b1df39a0be7a59,7063,9282,42758,53304,-11020.102219782391,,698b4aa71365895536c65c2429ff2bbec22485aac3da529eadcbfb2c7a492fd5,-98394.31942961049,107159,11,0.0,0,3419,53304,"[1,12,128,979,5091,15362,26100,30052,29434]","[{""1"":0,""10plus"":1,""2to4"":0,""5to9"":0},{""1"":0,""10plus"":12,""2to4"":0,""5to9"":0},{""1"":5,""10plus"":102,""2to4"":11,""5to9"":10},{""1"":133,""10plus"":551,""2to4"":163,""5to9"":132},{""1"":1486,""10plus"":1157,""2to4"":1584,""5to9"":864},{""1"":8357,""10plus"":567,""2to4"":5070,""5to9"":1368},{""1"":20567,""10plus"":89,""2to4"":4991,""5to9"":453},{""1"":27749,""10plus"":7,""2to4"":2216,""5to9"":80},{""1"":28669,""10plus"":0,""2to4"":759,""5to9"":6}]",0.40642258300067624,0.14820037600657088,1654919168
upos,upos_only,HESIODIC_TRADITION,c4c0c7eaeca0d61d2e53f4f0642bfa382e91dd28b470d2f4da2ba8539fe0e7f7,4,shuffled,8,11,0.5,8884,f50ca6efca85d5aeafb7dd17ac080b1eea597cfea006d94db0b1df39a0be7a59,7063,9282,42758,53304,107.72910573097761,,48254cfac02f0b12ac2661f01ace343fb61f25f48e3631b5a0f29463d40a2ae9,-109414.42164939288,123452,11,1.0,0,3419,53304,"[1,12,131,1144,6723,20786,31776,32631,30248]","[{""1"":0,""10plus"":1,""2to4"":0,""5to9"":0},{""1"":0,""10plus"":12,""2to4"":0,""5to9"":0},{""1"":2,""10plus"":109,""2to4"":8,""5to9"":12},{""1"":131,""10plus"":667,""2to4"":180,""5to9"":166},{""1"":2028,""10plus"":1360,""2to4"":2151,""5to9"":1184},{""1"":12492,""10plus"":171,""2to4"":6855,""5to9"":1268},{""1"":27953,""10plus"":0,""2to4"":3794,""5to9"":29},{""1"":31989,""10plus"":0,""2to4"":642,""5to9"":0},{""1"":30174,""10plus"":0,""2to4"":74,""5to9"":0}]",0.5459692920012458,0.14395725984650198,1654919168
upos,upos_only,HESIODIC_TRADITION,c4c0c7eaeca0d61d2e53f4f0642bfa382e91dd28b470d2f4da2ba8539fe0e7f7,5,original,8,11,0.5,8884,e5a58a893fcc90d0fa57a1792c19d9aade4730b513dfaf557bf8815d1ad066b4,6994,9282,43040,53304,-10776.589360829836,,0d5b0835fc86897a03db7d40ed7c2e13aaab6b790b7bdd430b2088f2423f8de1,-98667.40101687636,107472,11,0.0,0,3408,53304,"[1,12,128,971,5101,15402,26192,30166,29499]","[{""1"":0,""10plus"":1,""2to4"":0,""5to9"":0},{""1"":0,""10plus"":12,""2to4"":0,""5to9"":0},{""1"":4,""10plus"":101,""2to4"":12,""5to9"":11},{""1"":122,""10plus"":555,""2to4"":166,""5to9"":128},{""1"":1513,""10plus"":1176,""2to4"":1516,""5to9"":896},{""1"":8290,""10plus"":565,""2to4"":5180,""5to9"":1367},{""1"":20590,""10plus"":89,""2to4"":5078,""5to9"":435},{""1"":27837,""10plus"":3,""2to4"":2248,""5to9"":78},{""1"":28747,""10plus"":0,""2to4"":743,""5to9"":9}]",0.40107879099741695,0.14838288297323743,1654919168
upos,upos_only,HESIODIC_TRADITION,c4c0c7eaeca0d61d2e53f4f0642bfa382e91dd28b470d2f4da2ba8539fe0e7f7,5,shuffled,8,11,0.5,8884,e5a58a893fcc90d0fa57a1792c19d9aade4730b513dfaf557bf8815d1ad066b4,6994,9282,43040,53304,72.43608594838588,,9d291ae29cea4c634434f18278e3932d116e4e8e0afb9a5ad0276bb202f83ea4,-109443.9903777062,123607,11,1.0,0,3408,53304,"[1,12,131,1122,6710,20914,31828,32620,30269]","[{""1"":0,""10plus"":1,""2to4"":0,""5to9"":0},{""1"":0,""10plus"":12,""2to4"":0,""5to9"":0},{""1"":3,""10plus"":110,""2to4"":11,""5to9"":7},{""1"":122,""10plus"":677,""2to4"":165,""5to9"":158},{""1"":1957,""10plus"":1341,""2to4"":2172,""5to9"":1240},{""1"":12667,""10plus"":157,""2to4"":6825,""5to9"":1265},{""1"":28060,""10plus"":0,""2to4"":3725,""5to9"":43},{""1"":31916,""10plus"":0,""2to4"":704,""5to9"":0},{""1"":30167,""10plus"":0,""2to4"":102,""5to9"":0}]",0.5403895410017867,0.14428530697477981,1654919168
upos,upos_only,HESIODIC_TRADITION,c4c0c7eaeca0d61d2e53f4f0642bfa382e91dd28b470d2f4da2ba8539fe0e7f7,6,original,8,11,0.5,8884,975c82318c6878a6c63af5a48cd4f3ac359cd3c2c7b9ba99e34b2cc02b347c3f,7004,9282,42991,53304,-10980.70473979562,,8292c499d05c97eda20c863e79b5bd96133c09fd3bf2f63129b8830be9b5ab2b,-98366.85273441426,107007,11,0.0,0,3402,53304,"[1,12,127,980,5068,15318,25963,30058,29480]","[{""1"":0,""10plus"":1,""2to4"":0,""5to9"":0},{""1"":0,""10plus"":12,""2to4"":0,""5to9"":0},{""1"":3,""10plus"":103,""2to4"":11,""5to9"":10},{""1"":143,""10plus"":552,""2to4"":164,""5to9"":121},{""1"":1501,""10plus"":1176,""2to4"":1531,""5to9"":860},{""1"":8315,""10plus"":569,""2to4"":5062,""5to9"":1372},{""1"":20346,""10plus"":92,""2to4"":5052,""5to9"":473},{""1"":27690,""10plus"":4,""2to4"":2282,""5to9"":82},{""1"":28726,""10plus"":0,""2to4"":748,""5to9"":6}]",0.3964284579997184,0.14825536996067967,1654919168
upos,upos_only,HESIODIC_TRADITION,c4c0c7eaeca0d61d2e53f4f0642bfa382e91dd28b470d2f4da2ba8539fe0e7f7,6,shuffled,8,11,0.5,8884,975c82318c6878a6c63af5a48cd4f3ac359cd3c2c7b9ba99e34b2cc02b347c3f,7004,9282,42991,53304,120.94448942870076,,43a353e5628d020cf059420931cc032599e0337454fa0e266f986df9252b67c1,-109347.55747420988,123412,11,1.0,0,3402,53304,"[1,12,129,1155,6802,20803,31609,32619,30282]","[{""1"":0,""10plus"":1,""2to4"":0,""5to9"":0},{""1"":0,""10plus"":12,""2to4"":0,""5to9"":0},{""1"":1,""10plus"":113,""2to4"":7,""5to9"":8},{""1"":141,""10plus"":668,""2to4"":176,""5to9"":170},{""1"":2095,""10plus"":1309,""2to4"":2155,""5to9"":1243},{""1"":12672,""10plus"":176,""2to4"":6666,""5to9"":1289},{""1"":27725,""10plus"":0,""2to4"":3830,""5to9"":54},{""1"":31910,""10plus"":0,""2to4"":709,""5to9"":0},{""1"":30189,""10plus"":0,""2to4"":93,""5to9"":0}]",0.5363215420002234,0.14397768606067984,1654919168
upos,upos_only,HESIODIC_TRADITION,c4c0c7eaeca0d61d2e53f4f0642bfa382e91dd28b470d2f4da2ba8539fe0e7f7,7,original,8,11,0.5,8884,ce8e1d1e1e4b05ae319d2bc9c7f3f951bd6d1999aff9ba23418d57abdd1bae64,6985,9282,42852,53304,-10835.711262100172,,6126525eb2aa09cb14a4752a1a4394a35d56fbf148aa3998f35745804590095d,-98607.77257275545,108048,11,0.0,0,3354,53304,"[1,12,127,978,5122,15452,26270,30339,29747]","[{""1"":0,""10plus"":1,""2to4"":0,""5to9"":0},{""1"":0,""10plus"":12,""2to4"":0,""5to9"":0},{""1"":2,""10plus"":103,""2to4"":9,""5to9"":13},{""1"":136,""10plus"":553,""2to4"":164,""5to9"":125},{""1"":1547,""10plus"":1193,""2to4"":1526,""5to9"":856},{""1"":8479,""10plus"":582,""2to4"":4986,""5to9"":1405},{""1"":20641,""10plus"":88,""2to4"":5081,""5to9"":460},{""1"":27999,""10plus"":4,""2to4"":2247,""5to9"":89},{""1"":28991,""10plus"":0,""2to4"":742,""5to9"":14}]",0.3900215419998858,0.14865639595518587,1654919168
upos,upos_only,HESIODIC_TRADITION,c4c0c7eaeca0d61d2e53f4f0642bfa382e91dd28b470d2f4da2ba8539fe0e7f7,7,shuffled,8,11,0.5,8884,ce8e1d1e1e4b05ae319d2bc9c7f3f951bd6d1999aff9ba23418d57abdd1bae64,6985,9282,42852,53304,117.99510237382492,,197c91be11247187d9507af34a0066772518e46f5092c96c9230b2963f872a93,-109443.48383485562,124453,11,1.0,0,3354,53304,"[1,12,130,1127,6745,20831,32068,32956,30583]","[{""1"":0,""10plus"":1,""2to4"":0,""5to9"":0},{""1"":0,""10plus"":12,""2to4"":0,""5to9"":0},{""1"":3,""10plus"":111,""2to4"":7,""5to9"":9},{""1"":118,""10plus"":682,""2to4"":165,""5to9"":162},{""1"":1987,""10plus"":1345,""2to4"":2204,""5to9"":1209},{""1"":12515,""10plus"":177,""2to4"":6884,""5to9"":1255},{""1"":28352,""10plus"":1,""2to4"":3673,""5to9"":42},{""1"":32314,""10plus"":0,""2to4"":642,""5to9"":0},{""1"":30496,""10plus"":0,""2to4"":87,""5to9"":0}]",0.6224189580025268,0.14428131585009396,1654919168
upos,upos_only,HESIODIC_TRADITION,c4c0c7eaeca0d61d2e53f4f0642bfa382e91dd28b470d2f4da2ba8539fe0e7f7,8,original,8,11,0.5,8884,9e6cbc66b3c106799c05631112c13c304fdf5340752a5ed8795f45f380cd9be9,7078,9282,42704,53304,-10838.22981036357,,b0db562672dd6c2d4f336fbbdc4b76ad66811432592c211d4e5de67395bc856c,-98480.83107398241,107089,11,0.0,0,3418,53304,"[1,12,127,979,5103,15333,26005,30050,29479]","[{""1"":0,""10plus"":1,""2to4"":0,""5to9"":0},{""1"":0,""10plus"":12,""2to4"":0,""5to9"":0},{""1"":1,""10plus"":102,""2to4"":11,""5to9"":13},{""1"":128,""10plus"":553,""2to4"":174,""5to9"":124},{""1"":1543,""10plus"":1178,""2to4"":1510,""5to9"":872},{""1"":8342,""10plus"":566,""2to4"":5068,""5to9"":1357},{""1"":20487,""10plus"":99,""2to4"":4952,""5to9"":467},{""1"":27704,""10plus"":6,""2to4"":2244,""5to9"":96},{""1"":28713,""10plus"":0,""2to4"":755,""5to9"":11}]",0.3776484169975447,0.14885325897557777,1654919168
upos,upos_only,HESIODIC_TRADITION,c4c0c7eaeca0d61d2e53f4f0642bfa382e91dd28b470d2f4da2ba8539fe0e7f7,8,shuffled,8,11,0.5,8884,9e6cbc66b3c106799c05631112c13c304fdf5340752a5ed8795f45f380cd9be9,7078,9282,42704,53304,100.50029329262907,,a15161049a0e2b22f93a82a7503a8ad827f9317971cabbddb8bfc3014c4dbaca,-109319.06088434598,123285,11,1.0,0,3418,53304,"[1,12,132,1133,6684,20693,31707,32621,30302]","[{""1"":0,""10plus"":1,""2to4"":0,""5to9"":0},{""1"":0,""10plus"":12,""2to4"":0,""5to9"":0},{""1"":3,""10plus"":111,""2to4"":12,""5to9"":6},{""1"":131,""10plus"":684,""2to4"":168,""5to9"":150},{""1"":1988,""10plus"":1341,""2to4"":2157,""5to9"":1198},{""1"":12484,""10plus"":189,""2to4"":6751,""5to9"":1269},{""1"":27913,""10plus"":0,""2to4"":3758,""5to9"":36},{""1"":31918,""10plus"":0,""2to4"":703,""5to9"":0},{""1"":30214,""10plus"":0,""2to4"":88,""5to9"":0}]",0.5329798749990005,0.14389138285332592,1654919168
upos,upos_only,HESIODIC_TRADITION,c4c0c7eaeca0d61d2e53f4f0642bfa382e91dd28b470d2f4da2ba8539fe0e7f7,9,original,8,11,0.5,8884,b1d247bcf5f12c7eb74a191e2ed2880443d99b003386f4250ffd38c4bc379d11,7057,9282,42750,53304,-10841.492345704159,,e914c58556aa767df42de5f42f6131896213fc46860aa575d2259c523a6a2324,-98419.38587286693,107783,11,0.0,0,3375,53304,"[1,12,126,970,5064,15343,26197,30299,29771]","[{""1"":0,""10plus"":1,""2to4"":0,""5to9"":0},{""1"":0,""10plus"":12,""2to4"":0,""5to9"":0},{""1"":4,""10plus"":103,""2to4"":8,""5to9"":11},{""1"":122,""10plus"":548,""2to4"":177,""5to9"":123},{""1"":1506,""10plus"":1177,""2to4"":1517,""5to9"":864},{""1"":8276,""10plus"":566,""2to4"":5108,""5to9"":1393},{""1"":20585,""10plus"":84,""2to4"":5047,""5to9"":481},{""1"":27941,""10plus"":3,""2to4"":2281,""5to9"":74},{""1"":29057,""10plus"":0,""2to4"":710,""5to9"":4}]",0.4169094579992816,0.14891137418453582,1654919168
upos,upos_only,HESIODIC_TRADITION,c4c0c7eaeca0d61d2e53f4f0642bfa382e91dd28b470d2f4da2ba8539fe0e7f7,9,shuffled,8,11,0.5,8884,b1d247bcf5f12c7eb74a191e2ed2880443d99b003386f4250ffd38c4bc379d11,7057,9282,42750,53304,124.67141860979609,,4f869a182224e91a9ace7be21356a67673ac206d60fa84f71de00f95790117c7,-109260.87821857109,123742,11,1.0,0,3375,53304,"[1,12,130,1123,6750,20744,31728,32761,30493]","[{""1"":0,""10plus"":1,""2to4"":0,""5to9"":0},{""1"":0,""10plus"":12,""2to4"":0,""5to9"":0},{""1"":5,""10plus"":111,""2to4"":6,""5to9"":8},{""1"":115,""10plus"":692,""2to4"":175,""5to9"":141},{""1"":2013,""10plus"":1302,""2to4"":2185,""5to9"":1250},{""1"":12543,""10plus"":186,""2to4"":6728,""5to9"":1287},{""1"":27818,""10plus"":0,""2to4"":3861,""5to9"":49},{""1"":32014,""10plus"":0,""2to4"":747,""5to9"":0},{""1"":30392,""10plus"":0,""2to4"":101,""5to9"":0}]",0.5427175830009219,0.1440062728106568,1654919168
upos,upos_only,DIODORUS,d91dad02f8da03cf6702fa7edec531da5e56f526f466e2f04180f2a23a1cf315,0,original,8,11,0.5,8884,25a9e23614098f66106c33254f3426ad214b9b77e1ae5ee4060b4ed409187fca,12423,15266,42324,53304,-9456.467220109349,,7912906e96e8588f93730dfae6a808471343d84b6cae51a938a8325433550c74,-99073.33323126126,105180,11,0.0,0,3665,53304,"[1,12,128,988,5118,15319,25949,29434,28231]","[{""1"":0,""10plus"":1,""2to4"":0,""5to9"":0},{""1"":0,""10plus"":12,""2to4"":0,""5to9"":0},{""1"":1,""10plus"":104,""2to4"":10,""5to9"":13},{""1"":124,""10plus"":550,""2to4"":185,""5to9"":129},{""1"":1534,""10plus"":1164,""2to4"":1578,""5to9"":842},{""1"":8379,""10plus"":560,""2to4"":4914,""5to9"":1466},{""1"":20521,""10plus"":37,""2to4"":5014,""5to9"":377},{""1"":27522,""10plus"":4,""2to4"":1877,""5to9"":31},{""1"":27754,""10plus"":2,""2to4"":469,""5to9"":6}]",0.39073479199942085,0.293006290881749,1344737280
upos,upos_only,DIODORUS,d91dad02f8da03cf6702fa7edec531da5e56f526f466e2f04180f2a23a1cf315,0,shuffled,8,11,0.5,8884,25a9e23614098f66106c33254f3426ad214b9b77e1ae5ee4060b4ed409187fca,12423,15266,42324,53304,55.025098612037254,,e85bd475b368c4867f06fc71285400afd3e1f03134124f466d907ed98f685d43,-108529.80045137061,118117,11,1.0,0,3665,53304,"[1,12,129,1142,6640,19995,30322,31140,28736]","[{""1"":0,""10plus"":1,""2to4"":0,""5to9"":0},{""1"":0,""10plus"":12,""2to4"":0,""5to9"":0},{""1"":1,""10plus"":112,""2to4"":7,""5to9"":9},{""1"":138,""10plus"":676,""2to4"":169,""5to9"":159},{""1"":2053,""10plus"":1252,""2to4"":2175,""5to9"":1160},{""1"":12235,""10plus"":215,""2to4"":6291,""5to9"":1254},{""1"":26488,""10plus"":2,""2to4"":3775,""5to9"":57},{""1"":30408,""10plus"":0,""2to4"":731,""5to9"":1},{""1"":28647,""10plus"":0,""2to4"":88,""5to9"":1}]",0.5235037080001348,0.27904349279924645,1344737280
upos,upos_only,DIODORUS,d91dad02f8da03cf6702fa7edec531da5e56f526f466e2f04180f2a23a1cf315,1,original,8,11,0.5,8884,1b5574cc19b81efcdb0fcad5157245a1a4b9d68ed027bea8fca7fa5dc94a43cd,12381,15266,42189,53304,-9387.218633799232,,db1620a9ee05a59e0e14435faba2ec3d064dffd94d86487d895716fd3789fdcf,-99195.26693350649,105207,11,0.0,0,3672,53304,"[1,12,128,995,5109,15292,26012,29431,28227]","[{""1"":0,""10plus"":1,""2to4"":0,""5to9"":0},{""1"":0,""10plus"":12,""2to4"":0,""5to9"":0},{""1"":0,""10plus"":106,""2to4"":15,""5to9"":7},{""1"":140,""10plus"":545,""2to4"":171,""5to9"":139},{""1"":1581,""10plus"":1190,""2to4"":1526,""5to9"":812},{""1"":8288,""10plus"":526,""2to4"":4972,""5to9"":1506},{""1"":20511,""10plus"":41,""2to4"":5107,""5to9"":353},{""1"":27499,""10plus"":5,""2to4"":1893,""5to9"":34},{""1"":27726,""10plus"":2,""2to4"":491,""5to9"":8}]",0.3904474589980964,0.29119306215579854,1654919168
upos,upos_only,DIODORUS,d91dad02f8da03cf6702fa7edec531da5e56f526f466e2f04180f2a23a1cf315,1,shuffled,8,11,0.5,8884,1b5574cc19b81efcdb0fcad5157245a1a4b9d68ed027bea8fca7fa5dc94a43cd,12381,15266,42189,53304,26.461402387416456,,1cc16653907d8acac7f1c842d4efdac46474850cd43ced3cacfe92a1a477205f,-108582.48556730572,118367,11,0.9999999999967792,0,3672,53304,"[1,12,129,1155,6665,20082,30389,31170,28764]","[{""1"":0,""10plus"":1,""2to4"":0,""5to9"":0},{""1"":0,""10plus"":12,""2to4"":0,""5to9"":0},{""1"":3,""10plus"":114,""2to4"":5,""5to9"":7},{""1"":128,""10plus"":658,""2to4"":196,""5to9"":173},{""1"":2106,""10plus"":1270,""2to4"":2140,""5to9"":1149},{""1"":12349,""10plus"":220,""2to4"":6267,""5to9"":1246},{""1"":26653,""10plus"":1,""2to4"":3661,""5to9"":74},{""1"":30445,""10plus"":0,""2to4"":724,""5to9"":1},{""1"":28660,""10plus"":0,""2to4"":104,""5to9"":0}]",0.5165267079974001,0.2749011867235822,1654919168
upos,upos_only,DIODORUS,d91dad02f8da03cf6702fa7edec531da5e56f526f466e2f04180f2a23a1cf315,2,original,8,11,0.5,8884,b6976a6f5ab08ce04c1538782cd6f5021279b3d510061a3313939b287c90d915,12292,15266,42424,53304,-9413.286333065218,,e5f6e493424e53ed9aa2b5f15e44bf21ac80bfc16239b47518f7616b994f1320,-99330.69038641673,105170,11,0.0,0,3686,53304,"[1,12,129,999,5139,15346,26017,29389,28138]","[{""1"":0,""10plus"":1,""2to4"":0,""5to9"":0},{""1"":0,""10plus"":12,""2to4"":0,""5to9"":0},{""1"":2,""10plus"":105,""2to4"":9,""5to9"":13},{""1"":132,""10plus"":535,""2to4"":184,""5to9"":148},{""1"":1578,""10plus"":1170,""2to4"":1526,""5to9"":865},{""1"":8320,""10plus"":530,""2to4"":4990,""5to9"":1506},{""1"":20584,""10plus"":30,""2to4"":5039,""5to9"":364},{""1"":27482,""10plus"":3,""2to4"":1874,""5to9"":30},{""1"":27654,""10plus"":2,""2to4"":477,""5to9"":5}]",0.38345908299743314,0.2918363280550693,1654919168
upos,upos_only,DIODORUS,d91dad02f8da03cf6702fa7edec531da5e56f526f466e2f04180f2a23a1cf315,2,shuffled,8,11,0.5,8884,b6976a6f5ab08ce04c1538782cd6f5021279b3d510061a3313939b287c90d915,12292,15266,42424,53304,77.55821909148654,,ef0918163b72073340756785cdf70e4cf5af1fbf62fe611ac34456a13f2e60e4,-108743.97671948194,118187,11,1.0,0,3686,53304,"[1,12,129,1153,6716,20033,30361,31127,28655]","[{""1"":0,""10plus"":1,""2to4"":0,""5to9"":0},{""1"":0,""10plus"":12,""2to4"":0,""5to9"":0},{""1"":0,""10plus"":115,""2to4"":8,""5to9"":6},{""1"":137,""10plus"":681,""2to4"":179,""5to9"":156},{""1"":2101,""10plus"":1253,""2to4"":2182,""5to9"":1180},{""1"":12248,""10plus"":193,""2to4"":6324,""5to9"":1268},{""1"":26642,""10plus"":1,""2to4"":3669,""5to9"":49},{""1"":30451,""10plus"":0,""2to4"":676,""5to9"":0},{""1"":28567,""10plus"":0,""2to4"":88,""5to9"":0}]",0.5103091249984573,0.2770227911933034,1654919168
upos,upos_only,DIODORUS,d91dad02f8da03cf6702fa7edec531da5e56f526f466e2f04180f2a23a1cf315,3,original,8,11,0.5,8884,b61e1e95de4c3f52e1a1eb3a81fe4719640cc088ec662444653ecec0c4dea80b,12394,15266,42240,53304,-9349.006411436567,,2c98aba3f5bfa4e94e177c10cd4a6b5d0b8aeddaf615f89682b846053a7b4a0f,-99295.42757940239,105407,11,0.0,0,3670,53304,"[1,12,129,995,5160,15399,26048,29464,28199]","[{""1"":0,""10plus"":1,""2to4"":0,""5to9"":0},{""1"":0,""10plus"":12,""2to4"":0,""5to9"":0},{""1"":2,""10plus"":106,""2to4"":10,""5to9"":11},{""1"":127,""10plus"":550,""2to4"":179,""5to9"":139},{""1"":1591,""10plus"":1151,""2to4"":1565,""5to9"":853},{""1"":8469,""10plus"":534,""2to4"":4919,""5to9"":1477},{""1"":20629,""10plus"":38,""2to4"":5016,""5to9"":365},{""1"":27565,""10plus"":3,""2to4"":1857,""5to9"":39},{""1"":27702,""10plus"":2,""2to4"":487,""5to9"":8}]",0.40983137500006706,0.2907551010721363,1654919168
upos,upos_only,DIODORUS,d91dad02f8da03cf6702fa7edec531da5e56f526f466e2f04180f2a23a1cf315,3,shuffled,8,11,0.5,8884,b61e1e95de4c3f52e1a1eb3a81fe4719640cc088ec662444653ecec0c4dea80b,12394,15266,42240,53304,98.00795492943143,,1a618942db93618974bc0d6946f5d3ae88518db0056d04c5a93c19360bf8a825,-108644.43399083895,118272,11,1.0,0,3670,53304,"[1,12,130,1143,6684,20133,30324,31136,28709]","[{""1"":0,""10plus"":1,""2to4"":0,""5to9"":0},{""1"":0,""10plus"":12,""2to4"":0,""5to9"":0},{""1"":3,""10plus"":112,""2to4"":4,""5to9"":11},{""1"":126,""10plus"":673,""2to4"":176,""5to9"":168},{""1"":2106,""10plus"":1235,""2to4"":2144,""5to9"":1199},{""1"":12365,""10plus"":214,""2to4"":6339,""5to9"":1215},{""1"":26543,""10plus"":1,""2to4"":3718,""5to9"":62},{""1"":30403,""10plus"":0,""2to4"":732,""5to9"":1},{""1"":28594,""10plus"":0,""2to4"":115,""5to9"":0}]",0.5323348750025616,0.275123871924734,1654919168
upos,upos_only,DIODORUS,d91dad02f8da03cf6702fa7edec531da5e56f526f466e2f04180f2a23a1cf315,4,original,8,11,0.5,8884,39c42f782328956008e277c97d0d90ef8b69894b3dc7e515797b91bd207f7148,12423,15266,42220,53304,-9502.480883672688,,3bebec4fda8342b7ca93fa9a37c3329f57cc73b38c2079bb9205bb59336da059,-98979.56738871463,104659,11,0.0,0,3676,53304,"[1,12,128,990,5102,15175,25796,29321,28134]","[{""1"":0,""10plus"":1,""2to4"":0,""5to9"":0},{""1"":0,""10plus"":12,""2to4"":0,""5to9"":0},{""1"":3,""10plus"":105,""2to4"":9,""5to9"":11},{""1"":135,""10plus"":541,""2to4"":178,""5to9"":136},{""1"":1587,""10plus"":1169,""2to4"":1491,""5to9"":855},{""1"":8283,""10plus"":562,""2to4"":4852,""5to9"":1478},{""1"":20309,""10plus"":39,""2to4"":5067,""5to9"":381},{""1"":27353,""10plus"":3,""2to4"":1928,""5to9"":37},{""1"":27630,""10plus"":2,""2to4"":496,""5to9"":6}]",0.3653253329975996,0.29334377866325667,1654919168
upos,upos_only,DIODORUS,d91dad02f8da03cf6702fa7edec531da5e56f526f466e2f04180f2a23a1cf315,4,shuffled,8,11,0.5,8884,39c42f782328956008e277c97d0d90ef8b69894b3dc7e515797b91bd207f7148,12423,15266,42220,53304,114.89371460332768,,88a611e3cc5c0ba4f7c418e491eac9eff9440a34bdd24dd14f4671df68677887,-108482.04827238731,118181,11,1.0,0,3676,53304,"[1,12,131,1126,6670,20088,30346,31133,28674]","[{""1"":0,""10plus"":1,""2to4"":0,""5to9"":0},{""1"":0,""10plus"":12,""2to4"":0,""5to9"":0},{""1"":5,""10plus"":110,""2to4"":5,""5to9"":11},{""1"":124,""10plus"":677,""2to4"":159,""5to9"":166},{""1"":2020,""10plus"":1247,""2to4"":2228,""5to9"":1175},{""1"":12303,""10plus"":210,""2to4"":6316,""5to9"":1259},{""1"":26558,""10plus"":0,""2to4"":3717,""5to9"":71},{""1"":30423,""10plus"":0,""2to4"":710,""5to9"":0},{""1"":28575,""10plus"":0,""2to4"":99,""5to9"":0}]",0.5093917909980519,0.2771920321647485,1654919168
upos,upos_only,DIODORUS,d91dad02f8da03cf6702fa7edec531da5e56f526f466e2f04180f2a23a1cf315,5,original,8,11,0.5,8884,6ed5a979d93c4bd2cd7d5cb92be49be0e541d488509528f368dc8fd36cf12d40,12370,15266,42463,53304,-9357.42551095679,,f9c9dda4f8cba989e1a9f0ae97f6cc2514eb6a29eeb732e0396366b3d2b64a8d,-99201.70924284904,105480,11,0.0,0,3653,53304,"[1,12,129,998,5092,15303,26086,29566,28293]","[{""1"":0,""10plus"":1,""2to4"":0,""5to9"":0},{""1"":0,""10plus"":12,""2to4"":0,""5to9"":0},{""1"":3,""10plus"":104,""2to4"":8,""5to9"":14},{""1"":133,""10plus"":544,""2to4"":192,""5to9"":129},{""1"":1531,""10plus"":1163,""2to4"":1546,""5to9"":852},{""1"":8260,""10plus"":538,""2to4"":5010,""5to9"":1495},{""1"":20606,""10plus"":39,""2to4"":5091,""5to9"":350},{""1"":27697,""10plus"":4,""2to4"":1831,""5to9"":34},{""1"":27805,""10plus"":2,""2to4"":479,""5to9"":7}]",0.39313783300167415,0.29234850007196655,1654919168
upos,upos_only,DIODORUS,d91dad02f8da03cf6702fa7edec531da5e56f526f466e2f04180f2a23a1cf315,5,shuffled,8,11,0.5,8884,6ed5a979d93c4bd2cd7d5cb92be49be0e541d488509528f368dc8fd36cf12d40,12370,15266,42463,53304,116.11744264548179,,e1ab0ad7614c1b462d47f631bb4208bc14e8ecf4e20693424b12f00749c82a33,-108559.13475380583,118328,11,1.0,0,3653,53304,"[1,12,132,1147,6712,20087,30251,31176,28810]","[{""1"":0,""10plus"":1,""2to4"":0,""5to9"":0},{""1"":0,""10plus"":12,""2to4"":0,""5to9"":0},{""1"":3,""10plus"":114,""2to4"":10,""5to9"":5},{""1"":139,""10plus"":679,""2to4"":177,""5to9"":152},{""1"":2078,""10plus"":1240,""2to4"":2237,""5to9"":1157},{""1"":12398,""10plus"":221,""2to4"":6220,""5to9"":1248},{""1"":26345,""10plus"":0,""2to4"":3844,""5to9"":62},{""1"":30387,""10plus"":0,""2to4"":787,""5to9"":2},{""1"":28698,""10plus"":0,""2to4"":112,""5to9"":0}]",0.52555612499782,0.2756004741786455,1654919168
upos,upos_only,DIODORUS,d91dad02f8da03cf6702fa7edec531da5e56f526f466e2f04180f2a23a1cf315,6,original,8,11,0.5,8884,a48d2fe32c45b99d8fd6fe4e7c2cb06bcf9d396fa6be81ccf8429e058013326d,12365,15266,42408,53304,-9414.006953035234,,c635da88bc0ed3d512c486e72aaf6a63eea8c880ee054e98ff4d071664bacf6d,-99222.90538411893,105330,11,0.0,0,3678,53304,"[1,12,128,989,5176,15393,25975,29423,28233]","[{""1"":0,""10plus"":1,""2to4"":0,""5to9"":0},{""1"":0,""10plus"":12,""2to4"":0,""5to9"":0},{""1"":1,""10plus"":105,""2to4"":11,""5to9"":11},{""1"":125,""10plus"":546,""2to4"":175,""5to9"":143},{""1"":1591,""10plus"":1158,""2to4"":1604,""5to9"":823},{""1"":8442,""10plus"":543,""2to4"":4972,""5to9"":1436},{""1"":20562,""10plus"":37,""2to4"":4978,""5to9"":398},{""1"":27498,""10plus"":3,""2to4"":1891,""5to9"":31},{""1"":27726,""10plus"":2,""2to4"":501,""5to9"":4}]",0.39738083300107974,0.29303044492553454,1654919168
upos,upos_only,DIODORUS,d91dad02f8da03cf6702fa7edec531da5e56f526f466e2f04180f2a23a1cf315,6,shuffled,8,11,0.5,8884,a48d2fe32c45b99d8fd6fe4e7c2cb06bcf9d396fa6be81ccf8429e058013326d,12365,15266,42408,53304,84.81053860703832,,43fb7d9aece9c7f53113c6a2ef7ddd9f8d2c2e340609d81765558ecd7ef9b028,-108636.91233715416,118620,11,1.0,0,3678,53304,"[1,12,130,1150,6766,20216,30446,31163,28736]","[{""1"":0,""10plus"":1,""2to4"":0,""5to9"":0},{""1"":0,""10plus"":12,""2to4"":0,""5to9"":0},{""1"":3,""10plus"":112,""2to4"":4,""5to9"":11},{""1"":122,""10plus"":671,""2to4"":183,""5to9"":174},{""1"":2092,""10plus"":1253,""2to4"":2258,""5to9"":1163},{""1"":12456,""10plus"":209,""2to4"":6306,""5to9"":1245},{""1"":26723,""10plus"":1,""2to4"":3671,""5to9"":51},{""1"":30452,""10plus"":0,""2to4"":710,""5to9"":1},{""1"":28624,""10plus"":0,""2to4"":112,""5to9"":0}]",0.5248444999997446,0.2767098598451412,1654919168
upos,upos_only,DIODORUS,d91dad02f8da03cf6702fa7edec531da5e56f526f466e2f04180f2a23a1cf315,7,original,8,11,0.5,8884,6d1243d8f51d05619634b438d68e6fc6342a5d7c2ce7482aae262ab494bfb54a,12453,15266,42261,53304,-9519.524076807662,,250799d0827824974da7096df6e722ef278349eb0da2347aaa74ef6502db35b3,-99105.6719393565,105030,11,0.0,0,3673,53304,"[1,12,129,993,5151,15291,25850,29377,28226]","[{""1"":0,""10plus"":1,""2to4"":0,""5to9"":0},{""1"":0,""10plus"":12,""2to4"":0,""5to9"":0},{""1"":2,""10plus"":105,""2to4"":8,""5to9"":14},{""1"":129,""10plus"":552,""2to4"":178,""5to9"":134},{""1"":1580,""10plus"":1168,""2to4"":1573,""5to9"":830},{""1"":8352,""10plus"":544,""2to4"":4933,""5to9"":1462},{""1"":20353,""10plus"":42,""2to4"":5077,""5to9"":378},{""1"":27375,""10plus"":4,""2to4"":1968,""5to9"":30},{""1"":27700,""10plus"":2,""2to4"":518,""5to9"":6}]",0.36706575000062003,0.29236126507021254,1654919168
upos,upos_only,DIODORUS,d91dad02f8da03cf6702fa7edec531da5e56f526f466e2f04180f2a23a1cf315,7,shuffled,8,11,0.5,8884,6d1243d8f51d05619634b438d68e6fc6342a5d7c2ce7482aae262ab494bfb54a,12453,15266,42261,53304,81.4954050819797,,b7447fc2bbd99beafefafd5fe4cae9af9a1ef4688c3c41315aaa8a79b44f392d,-108625.19601616416,118643,11,1.0,0,3673,53304,"[1,12,132,1140,6750,20214,30401,31203,28790]","[{""1"":0,""10plus"":1,""2to4"":0,""5to9"":0},{""1"":0,""10plus"":12,""2to4"":0,""5to9"":0},{""1"":6,""10plus"":114,""2to4"":5,""5to9"":7},{""1"":115,""10plus"":686,""2to4"":182,""5to9"":157},{""1"":2124,""10plus"":1252,""2to4"":2213,""5to9"":1161},{""1"":12500,""10plus"":227,""2to4"":6314,""5to9"":1173},{""1"":26649,""10plus"":0,""2to4"":3683,""5to9"":69},{""1"":30473,""10plus"":0,""2to4"":730,""5to9"":0},{""1"":28691,""10plus"":0,""2to4"":99,""5to9"":0}]",0.5011766249990615,0.3880252320195723,1654919168
upos,upos_only,DIODORUS,d91dad02f8da03cf6702fa7edec531da5e56f526f466e2f04180f2a23a1cf315,8,original,8,11,0.5,8884,bfbf9c5cef084908b0d3f00b481243ab966f22d88cc7af5c16424d837ffd2569,12339,15266,42338,53304,-9420.283074148625,,e95876cf13b232cdd628f2669ebd22e00fff3094102ff3cce1e5cdd8bb2b1d47,-99291.75025475098,105442,11,0.0,0,3654,53304,"[1,12,126,976,5103,15368,26056,29526,28274]","[{""1"":0,""10plus"":1,""2to4"":0,""5to9"":0},{""1"":0,""10plus"":12,""2to4"":0,""5to9"":0},{""1"":1,""10plus"":105,""2to4"":8,""5to9"":12},{""1"":127,""10plus"":557,""2to4"":153,""5to9"":139},{""1"":1530,""10plus"":1163,""2to4"":1541,""5to9"":869},{""1"":8333,""10plus"":525,""2to4"":5026,""5to9"":1484},{""1"":20595,""10plus"":38,""2to4"":5066,""5to9"":357},{""1"":27623,""10plus"":3,""2to4"":1868,""5to9"":32},{""1"":27736,""10plus"":2,""2to4"":530,""5to9"":6}]",0.3737292920013715,0.2903434509971703,1654919168
upos,upos_only,DIODORUS,d91dad02f8da03cf6702fa7edec531da5e56f526f466e2f04180f2a23a1cf315,8,shuffled,8,11,0.5,8884,bfbf9c5cef084908b0d3f00b481243ab966f22d88cc7af5c16424d837ffd2569,12339,15266,42338,53304,108.56523461324105,,f45d017400bad053e51561aaa49344501bf9d09cbc702ef97e8c7b2a01ace515,-108712.0333288996,118968,11,1.0,0,3654,53304,"[1,12,128,1152,6777,20284,30494,31268,28852]","[{""1"":0,""10plus"":1,""2to4"":0,""5to9"":0},{""1"":0,""10plus"":12,""2to4"":0,""5to9"":0},{""1"":0,""10plus"":113,""2to4"":7,""5to9"":8},{""1"":132,""10plus"":676,""2to4"":162,""5to9"":182},{""1"":2094,""10plus"":1247,""2to4"":2258,""5to9"":1178},{""1"":12549,""10plus"":233,""2to4"":6324,""5to9"":1178},{""1"":26752,""10plus"":1,""2to4"":3679,""5to9"":62},{""1"":30536,""10plus"":0,""2to4"":731,""5to9"":1},{""1"":28749,""10plus"":0,""2to4"":103,""5to9"":0}]",0.5182275840015791,0.27383198116513086,1654919168
upos,upos_only,DIODORUS,d91dad02f8da03cf6702fa7edec531da5e56f526f466e2f04180f2a23a1cf315,9,original,8,11,0.5,8884,0165d33483f5c5e592cf6d1d6a89dd2c06d867a99a2b11db7f8c98078c19f06b,12384,15266,42417,53304,-9358.706333446593,,7acf8481f1752fbef5e6850eb3439f171518a5b75229c2aab3c72dae5e691e60,-99259.50490094375,105734,11,0.0,0,3642,53304,"[1,12,127,981,5116,15329,26088,29620,28460]","[{""1"":0,""10plus"":1,""2to4"":0,""5to9"":0},{""1"":0,""10plus"":12,""2to4"":0,""5to9"":0},{""1"":3,""10plus"":105,""2to4"":6,""5to9"":13},{""1"":119,""10plus"":557,""2to4"":171,""5to9"":134},{""1"":1552,""10plus"":1158,""2to4"":1534,""5to9"":872},{""1"":8331,""10plus"":549,""2to4"":4972,""5to9"":1477},{""1"":20626,""10plus"":36,""2to4"":5053,""5to9"":373},{""1"":27676,""10plus"":3,""2to4"":1921,""5to9"":20},{""1"":27987,""10plus"":2,""2to4"":468,""5to9"":3}]",0.38574229200094123,0.2923729770409409,1654919168
upos,upos_only,DIODORUS,d91dad02f8da03cf6702fa7edec531da5e56f526f466e2f04180f2a23a1cf315,9,shuffled,8,11,0.5,8884,0165d33483f5c5e592cf6d1d6a89dd2c06d867a99a2b11db7f8c98078c19f06b,12384,15266,42417,53304,98.33590331400046,,edc9a3e0d2a7f122b9367b290122f5105d9817e0b027d3833c74a654e19055ce,-108618.21123439034,119101,11,1.0,0,3642,53304,"[1,12,129,1160,6764,20236,30530,31338,28931]","[{""1"":0,""10plus"":1,""2to4"":0,""5to9"":0},{""1"":0,""10plus"":12,""2to4"":0,""5to9"":0},{""1"":0,""10plus"":115,""2to4"":9,""5to9"":5},{""1"":139,""10plus"":686,""2to4"":187,""5to9"":148},{""1"":2118,""10plus"":1250,""2to4"":2214,""5to9"":1182},{""1"":12472,""10plus"":215,""2to4"":6297,""5to9"":1252},{""1"":26739,""10plus"":1,""2to4"":3739,""5to9"":51},{""1"":30629,""10plus"":0,""2to4"":709,""5to9"":0},{""1"":28851,""10plus"":0,""2to4"":80,""5to9"":0}]",0.5051401669988991,0.2760108881921042,1654919168
upos,upos_only,PLUTARCH,ef8134329970f595ef9ccf4198217affef5c01fa243d5bf4e59ee6daebb04e1d,0,original,8,11,0.5,8884,0dc71dfd58d1a938777e7c503583e2f310b7bc93c463209cb8ef5fa620a3da7f,7269,8884,42212,53304,-9736.072649592985,,11f121ad27ecaef7d141bde6260a514182e95983102d1ea6ca0c5ce5c1ae6537,-98369.62772901586,103641,11,0.0,0,3605,53304,"[1,12,128,967,4965,14763,25325,29153,28327]","[{""1"":0,""10plus"":1,""2to4"":0,""5to9"":0},{""1"":0,""10plus"":12,""2to4"":0,""5to9"":0},{""1"":4,""10plus"":103,""2to4"":10,""5to9"":11},{""1"":122,""10plus"":540,""2to4"":171,""5to9"":134},{""1"":1502,""10plus"":1145,""2to4"":1473,""5to9"":845},{""1"":7883,""10plus"":598,""2to4"":4868,""5to9"":1414},{""1"":19737,""10plus"":66,""2to4"":5070,""5to9"":452},{""1"":26913,""10plus"":4,""2to4"":2171,""5to9"":65},{""1"":27632,""10plus"":2,""2to4"":685,""5to9"":8}]",0.36781341700043413,0.16166498310121824,1344737280
upos,upos_only,PLUTARCH,ef8134329970f595ef9ccf4198217affef5c01fa243d5bf4e59ee6daebb04e1d,0,shuffled,8,11,0.5,8884,0dc71dfd58d1a938777e7c503583e2f310b7bc93c463209cb8ef5fa620a3da7f,7269,8884,42212,53304,7.131084081309382,,dc85fd87fc5eeb4e92f1ce1286f71ba4e5150365df526f1c97a0537a56fa70d9,-108105.69957907674,117875,11,0.9992007874387001,0,3605,53304,"[1,12,130,1115,6390,19462,30213,31435,29117]","[{""1"":0,""10plus"":1,""2to4"":0,""5to9"":0},{""1"":0,""10plus"":12,""2to4"":0,""5to9"":0},{""1"":2,""10plus"":108,""2to4"":10,""5to9"":10},{""1"":131,""10plus"":649,""2to4"":174,""5to9"":161},{""1"":1931,""10plus"":1309,""2to4"":2073,""5to9"":1077},{""1"":11551,""10plus"":220,""2to4"":6353,""5to9"":1338},{""1"":26104,""10plus"":0,""2to4"":4033,""5to9"":76},{""1"":30638,""10plus"":0,""2to4"":796,""5to9"":1},{""1"":29010,""10plus"":0,""2to4"":107,""5to9"":0}]",0.5180682909995085,0.15385085908746987,1344737280
upos,upos_only,PLUTARCH,ef8134329970f595ef9ccf4198217affef5c01fa243d5bf4e59ee6daebb04e1d,1,original,8,11,0.5,8884,c46ff3ac20bf9a6f1e498cca3632a3133f226cc096aedb3a566e1ed0ffcc1041,7252,8884,42320,53304,-9953.677700915228,,32f32d025c0008bbe2ea5c9c3b5e693a39ceb1800b17fee449178a27acd573e8,-98285.08743532018,103831,11,0.0,0,3588,53304,"[1,12,128,974,4946,14805,25326,29200,28439]","[{""1"":0,""10plus"":1,""2to4"":0,""5to9"":0},{""1"":0,""10plus"":12,""2to4"":0,""5to9"":0},{""1"":5,""10plus"":103,""2to4"":10,""5to9"":10},{""1"":139,""10plus"":541,""2to4"":170,""5to9"":124},{""1"":1495,""10plus"":1153,""2to4"":1455,""5to9"":843},{""1"":7920,""10plus"":603,""2to4"":4878,""5to9"":1404},{""1"":19715,""10plus"":71,""2to4"":5086,""5to9"":454},{""1"":26902,""10plus"":6,""2to4"":2213,""5to9"":79},{""1"":27725,""10plus"":2,""2to4"":702,""5to9"":10}]",0.38242045800143387,0.1616768292587949,1654919168
upos,upos_only,PLUTARCH,ef8134329970f595ef9ccf4198217affef5c01fa243d5bf4e59ee6daebb04e1d,1,shuffled,8,11,0.5,8884,c46ff3ac20bf9a6f1e498cca3632a3133f226cc096aedb3a566e1ed0ffcc1041,7252,8884,42320,53304,83.95931492376258,,add63c761dc65b6fcdd2371ad51958fb8878978f1bcc349fde062345d952e62d,-108238.76513623541,118796,11,1.0,0,3588,53304,"[1,12,128,1104,6540,19787,30434,31547,29243]","[{""1"":0,""10plus"":1,""2to4"":0,""5to9"":0},{""1"":0,""10plus"":12,""2to4"":0,""5to9"":0},{""1"":3,""10plus"":109,""2to4"":10,""5to9"":6},{""1"":109,""10plus"":658,""2to4"":172,""5to9"":165},{""1"":2053,""10plus"":1267,""2to4"":2074,""5to9"":1146},{""1"":11917,""10plus"":233,""2to4"":6369,""5to9"":1268},{""1"":26465,""10plus"":3,""2to4"":3882,""5to9"":84},{""1"":30750,""10plus"":0,""2to4"":795,""5to9"":2},{""1"":29131,""10plus"":0,""2to4"":112,""5to9"":0}]",0.5074523340008454,0.15385387931019068,1654919168
upos,upos_only,PLUTARCH,ef8134329970f595ef9ccf4198217affef5c01fa243d5bf4e59ee6daebb04e1d,2,original,8,11,0.5,8884,fc8664fbe3bb964f254c0d853036175df3acdbc9ed891e5f9c4bce6904650b8e,7284,8884,42200,53304,-9975.2983688987,,312689edeeb28f17f45f3a5420597cc0d01f94e5a7c131e6cc3438a1def760e9,-98293.498590782,103369,11,0.0,0,3627,53304,"[1,12,127,978,5010,14843,25318,28995,28085]","[{""1"":0,""10plus"":1,""2to4"":0,""5to9"":0},{""1"":0,""10plus"":12,""2to4"":0,""5to9"":0},{""1"":1,""10plus"":103,""2to4"":14,""5to9"":9},{""1"":128,""10plus"":546,""2to4"":180,""5to9"":124},{""1"":1568,""10plus"":1148,""2to4"":1471,""5to9"":823},{""1"":8026,""10plus"":593,""2to4"":4813,""5to9"":1411},{""1"":19896,""10plus"":71,""2to4"":4885,""5to9"":466},{""1"":26798,""10plus"":7,""2to4"":2106,""5to9"":84},{""1"":27369,""10plus"":2,""2to4"":698,""5to9"":16}]",0.3841822079994017,0.16090332186286105,1654919168
upos,upos_only,PLUTARCH,ef8134329970f595ef9ccf4198217affef5c01fa243d5bf4e59ee6daebb04e1d,2,shuffled,8,11,0.5,8884,fc8664fbe3bb964f254c0d853036175df3acdbc9ed891e5f9c4bce6904650b8e,7284,8884,42200,53304,29.857604342512786,,71d09b7de04b1e7f0fa2f1f2c0b528593fcd7523ddb1e108e145067318839ac1,-108268.7969596807,118049,11,0.9999999999998921,0,3627,53304,"[1,12,128,1128,6492,19753,30301,31314,28920]","[{""1"":0,""10plus"":1,""2to4"":0,""5to9"":0},{""1"":0,""10plus"":12,""2to4"":0,""5to9"":0},{""1"":3,""10plus"":111,""2to4"":6,""5to9"":8},{""1"":134,""10plus"":661,""2to4"":182,""5to9"":151},{""1"":1967,""10plus"":1268,""2to4"":2138,""5to9"":1119},{""1"":11916,""10plus"":214,""2to4"":6322,""5to9"":1301},{""1"":26360,""10plus"":0,""2to4"":3883,""5to9"":58},{""1"":30543,""10plus"":0,""2to4"":771,""5to9"":0},{""1"":28809,""10plus"":0,""2to4"":111,""5to9"":0}]",0.5199280000015278,0.15206342810415663,1654919168
upos,upos_only,PLUTARCH,ef8134329970f595ef9ccf4198217affef5c01fa243d5bf4e59ee6daebb04e1d,3,original,8,11,0.5,8884,7a628c7c5c5656baa2241b1570eb13e63897985fc168dd097261e40218a87c7b,7308,8884,42329,53304,-9960.327689599915,,7fa8c977f2bbc115140f73f41d9395a3367c9562a30245724f828242968c2d86,-98336.6373663874,104266,11,0.0,0,3565,53304,"[1,12,126,963,4955,14871,25472,29321,28545]","[{""1"":0,""10plus"":1,""2to4"":0,""5to9"":0},{""1"":0,""10plus"":12,""2to4"":0,""5to9"":0},{""1"":3,""10plus"":102,""2to4"":14,""5to9"":7},{""1"":126,""10plus"":540,""2to4"":166,""5to9"":131},{""1"":1521,""10plus"":1163,""2to4"":1422,""5to9"":849},{""1"":7948,""10plus"":596,""2to4"":4910,""5to9"":1417},{""1"":19842,""10plus"":62,""2to4"":5126,""5to9"":442},{""1"":27000,""10plus"":6,""2to4"":2249,""5to9"":66},{""1"":27797,""10plus"":2,""2to4"":736,""5to9"":10}]",0.3918969579972327,0.16116081095970003,1654919168
upos,upos_only,PLUTARCH,ef8134329970f595ef9ccf4198217affef5c01fa243d5bf4e59ee6daebb04e1d,3,shuffled,8,11,0.5,8884,7a628c7c5c5656baa2241b1570eb13e63897985fc168dd097261e40218a87c7b,7308,8884,42329,53304,73.21536831524281,,988b1eb9b5d2ce8af01025e44307e1989e0979112a57b1c99772632fe6007121,-108296.96505598731,119364,11,1.0,0,3565,53304,"[1,12,127,1099,6503,19947,30607,31689,29379]","[{""1"":0,""10plus"":1,""2to4"":0,""5to9"":0},{""1"":0,""10plus"":12,""2to4"":0,""5to9"":0},{""1"":5,""10plus"":110,""2to4"":6,""5to9"":6},{""1"":111,""10plus"":667,""2to4"":167,""5to9"":154},{""1"":1941,""10plus"":1284,""2to4"":2126,""5to9"":1152},{""1"":12048,""10plus"":228,""2to4"":6400,""5to9"":1271},{""1"":26665,""10plus"":0,""2to4"":3873,""5to9"":69},{""1"":30913,""10plus"":0,""2to4"":776,""5to9"":0},{""1"":29273,""10plus"":0,""2to4"":106,""5to9"":0}]",0.5229574160002812,0.15186454210197553,1654919168
upos,upos_only,PLUTARCH,ef8134329970f595ef9ccf4198217affef5c01fa243d5bf4e59ee6daebb04e1d,4,original,8,11,0.5,8884,9bb934877e7d73e81c96bc897b1ed2e8f205ae7777c13ae0eb29fb2ea9018163,7298,8884,42330,53304,-9799.963159271952,,543c68a49e30976672b87b16f02f6a575d2c678f15b634bc3390e8306eefcb6e,-98306.21465701236,104440,11,0.0,0,3566,53304,"[1,12,128,978,4950,14805,25548,29412,28606]","[{""1"":0,""10plus"":1,""2to4"":0,""5to9"":0},{""1"":0,""10plus"":12,""2to4"":0,""5to9"":0},{""1"":5,""10plus"":103,""2to4"":10,""5to9"":10},{""1"":135,""10plus"":537,""2to4"":183,""5to9"":123},{""1"":1513,""10plus"":1160,""2to4"":1449,""5to9"":828},{""1"":7816,""10plus"":571,""2to4"":4948,""5to9"":1470},{""1"":19931,""10plus"":70,""2to4"":5125,""5to9"":422},{""1"":27186,""10plus"":9,""2to4"":2154,""5to9"":63},{""1"":27934,""10plus"":2,""2to4"":656,""5to9"":14}]",0.3892514580002171,0.16091329808841692,1654919168
upos,upos_only,PLUTARCH,ef8134329970f595ef9ccf4198217affef5c01fa243d5bf4e59ee6daebb04e1d,4,shuffled,8,11,0.5,8884,9bb934877e7d73e81c96bc897b1ed2e8f205ae7777c13ae0eb29fb2ea9018163,7298,8884,42330,53304,42.784156751295086,,f0ad7b041d7914339954de60fbef18d1cf2230784dfc17145e7fb146db41a84a,-108106.17781628431,118856,11,1.0,0,3566,53304,"[1,12,129,1112,6433,19628,30461,31710,29370]","[{""1"":0,""10plus"":1,""2to4"":0,""5to9"":0},{""1"":0,""10plus"":12,""2to4"":0,""5to9"":0},{""1"":3,""10plus"":109,""2to4"":5,""5to9"":12},{""1"":127,""10plus"":648,""2to4"":176,""5to9"":161},{""1"":1970,""10plus"":1297,""2to4"":2036,""5to9"":1130},{""1"":11630,""10plus"":230,""2to4"":6452,""5to9"":1316},{""1"":26386,""10plus"":0,""2to4"":3994,""5to9"":81},{""1"":30950,""10plus"":0,""2to4"":760,""5to9"":0},{""1"":29258,""10plus"":0,""2to4"":112,""5to9"":0}]",0.5188537909998558,0.15260184796716203,1654919168
upos,upos_only,PLUTARCH,ef8134329970f595ef9ccf4198217affef5c01fa243d5bf4e59ee6daebb04e1d,5,original,8,11,0.5,8884,6b3b06d1235274e4c85c1c856c7f35fe0ca8519f2ebf9cbc30704541f2a51e38,7219,8884,42399,53304,-9716.804966222742,,8d754d4486f53bbf00be4af0eea612b9dac102681405cd311d0e82b650883b80,-98445.14870033087,103929,11,0.0,0,3624,53304,"[1,12,125,969,4940,14869,25519,29217,28277]","[{""1"":0,""10plus"":1,""2to4"":0,""5to9"":0},{""1"":0,""10plus"":12,""2to4"":0,""5to9"":0},{""1"":2,""10plus"":102,""2to4"":13,""5to9"":8},{""1"":129,""10plus"":539,""2to4"":171,""5to9"":130},{""1"":1501,""10plus"":1155,""2to4"":1448,""5to9"":836},{""1"":7969,""10plus"":574,""2to4"":4844,""5to9"":1482},{""1"":19975,""10plus"":67,""2to4"":5052,""5to9"":425},{""1"":27032,""10plus"":5,""2to4"":2115,""5to9"":65},{""1"":27599,""10plus"":2,""2to4"":667,""5to9"":9}]",0.3805667499982519,0.1607341559829365,1654919168
upos,upos_only,PLUTARCH,ef8134329970f595ef9ccf4198217affef5c01fa243d5bf4e59ee6daebb04e1d,5,shuffled,8,11,0.5,8884,6b3b06d1235274e4c85c1c856c7f35fe0ca8519f2ebf9cbc30704541f2a51e38,7219,8884,42399,53304,38.823515933705494,,f283f4be73e8b122cce1c20fa3f5e8390f387a24c89582a65f2bebf0706e8aed,-108161.95366655361,118172,11,1.0,0,3624,53304,"[1,12,127,1099,6505,19747,30352,31325,29004]","[{""1"":0,""10plus"":1,""2to4"":0,""5to9"":0},{""1"":0,""10plus"":12,""2to4"":0,""5to9"":0},{""1"":1,""10plus"":109,""2to4"":9,""5to9"":8},{""1"":117,""10plus"":660,""2to4"":171,""5to9"":151},{""1"":1999,""10plus"":1265,""2to4"":2100,""5to9"":1141},{""1"":11947,""10plus"":240,""2to4"":6319,""5to9"":1241},{""1"":26442,""10plus"":1,""2to4"":3830,""5to9"":79},{""1"":30493,""10plus"":0,""2to4"":831,""5to9"":1},{""1"":28867,""10plus"":0,""2to4"":137,""5to9"":0}]",0.5040025419984886,0.15290676206132048,1654919168
upos,upos_only,PLUTARCH,ef8134329970f595ef9ccf4198217affef5c01fa243d5bf4e59ee6daebb04e1d,6,original,8,11,0.5,8884,0aed9b331de00b0b48cb422ef92de11c330672f56f0ebe1e560627d8286961a9,7244,8884,42198,53304,-9810.158926804841,,f9f263f2368ccb95bcefa30d766baf32453957472965fa7a40f6d6c5a77ff18d,-98405.28327770632,104521,11,0.0,0,3562,53304,"[1,12,127,977,4960,14888,25615,29411,28530]","[{""1"":0,""10plus"":1,""2to4"":0,""5to9"":0},{""1"":0,""10plus"":12,""2to4"":0,""5to9"":0},{""1"":3,""10plus"":105,""2to4"":8,""5to9"":11},{""1"":125,""10plus"":540,""2to4"":181,""5to9"":131},{""1"":1472,""10plus"":1154,""2to4"":1502,""5to9"":832},{""1"":7957,""10plus"":600,""2to4"":4874,""5to9"":1457},{""1"":20089,""10plus"":71,""2to4"":5004,""5to9"":451},{""1"":27225,""10plus"":5,""2to4"":2094,""5to9"":87},{""1"":27825,""10plus"":2,""2to4"":685,""5to9"":18}]",0.39415899999949033,0.16040309190066182,1654919168
upos,upos_only,PLUTARCH,ef8134329970f595ef9ccf4198217affef5c01fa243d5bf4e59ee6daebb04e1d,6,shuffled,8,11,0.5,8884,0aed9b331de00b0b48cb422ef92de11c330672f56f0ebe1e560627d8286961a9,7244,8884,42198,53304,110.23722527787322,,a98a6e2b40d76537ddceea5e10a1eeb5baa0879d70a934cf29af03324d0dd935,-108215.44220451116,118798,11,1.0,0,3562,53304,"[1,12,130,1121,6530,19633,30432,31604,29335]","[{""1"":0,""10plus"":1,""2to4"":0,""5to9"":0},{""1"":0,""10plus"":12,""2to4"":0,""5to9"":0},{""1"":1,""10plus"":110,""2to4"":10,""5to9"":9},{""1"":121,""10plus"":667,""2to4"":181,""5to9"":152},{""1"":2003,""10plus"":1254,""2to4"":2121,""5to9"":1152},{""1"":11717,""10plus"":244,""2to4"":6367,""5to9"":1305},{""1"":26375,""10plus"":1,""2to4"":3986,""5to9"":70},{""1"":30773,""10plus"":0,""2to4"":831,""5to9"":0},{""1"":29222,""10plus"":0,""2to4"":113,""5to9"":0}]",0.52957129099741,0.15267713678622385,1654919168
upos,upos_only,PLUTARCH,ef8134329970f595ef9ccf4198217affef5c01fa243d5bf4e59ee6daebb04e1d,7,original,8,11,0.5,8884,ecbeb00718defdabd464a3d7be3c187071b4f2a8acecc33c65961127de53fde9,7289,8884,42377,53304,-9859.292836928988,,9da1456a94f03c33cbeaa24c0adf84b1bcde122c4f0b6e29c793f895e443c076,-98383.48069762264,104053,11,0.0,0,3609,53304,"[1,12,127,966,4952,14856,25502,29243,28394]","[{""1"":0,""10plus"":1,""2to4"":0,""5to9"":0},{""1"":0,""10plus"":12,""2to4"":0,""5to9"":0},{""1"":3,""10plus"":103,""2to4"":12,""5to9"":9},{""1"":129,""10plus"":536,""2to4"":167,""5to9"":134},{""1"":1510,""10plus"":1151,""2to4"":1471,""5to9"":820},{""1"":7984,""10plus"":586,""2to4"":4857,""5to9"":1429},{""1"":19977,""10plus"":64,""2to4"":5018,""5to9"":443},{""1"":26995,""10plus"":3,""2to4"":2175,""5to9"":70},{""1"":27730,""10plus"":2,""2to4"":653,""5to9"":9}]",0.39437858299788786,0.1607238070682797,1654919168
upos,upos_only,PLUTARCH,ef8134329970f595ef9ccf4198217affef5c01fa243d5bf4e59ee6daebb04e1d,7,shuffled,8,11,0.5,8884,ecbeb00718defdabd464a3d7be3c187071b4f2a8acecc33c65961127de53fde9,7289,8884,42377,53304,40.57533409680764,,1bd195db899b388a76ac95056485ae3d0f7fbfc3e0fa364c21144b878e080a3a,-108242.77353455163,118361,11,1.0,0,3609,53304,"[1,12,128,1119,6468,19672,30388,31452,29121]","[{""1"":0,""10plus"":1,""2to4"":0,""5to9"":0},{""1"":0,""10plus"":12,""2to4"":0,""5to9"":0},{""1"":2,""10plus"":110,""2to4"":8,""5to9"":8},{""1"":120,""10plus"":662,""2to4"":191,""5to9"":146},{""1"":1988,""10plus"":1273,""2to4"":2051,""5to9"":1156},{""1"":11827,""10plus"":239,""2to4"":6306,""5to9"":1300},{""1"":26383,""10plus"":0,""2to4"":3945,""5to9"":60},{""1"":30652,""10plus"":0,""2to4"":800,""5to9"":0},{""1"":29013,""10plus"":0,""2to4"":108,""5to9"":0}]",0.5248694160000014,0.15302832204906736,1654919168
upos,upos_only,PLUTARCH,ef8134329970f595ef9ccf4198217affef5c01fa243d5bf4e59ee6daebb04e1d,8,original,8,11,0.5,8884,c9a1314d5edc79ff6b616374e8cbbcb96031671d89ff9aca5399213db949bec1,7270,8884,42389,53304,-9775.445854902078,,e97c3be18222bc41bb0d0a6c17c46b88915b682cb0a930321acf58f3c3df32c0,-98414.31237151098,104213,11,0.0,0,3585,53304,"[1,12,127,968,4953,14839,25520,29319,28474]","[{""1"":0,""10plus"":1,""2to4"":0,""5to9"":0},{""1"":0,""10plus"":12,""2to4"":0,""5to9"":0},{""1"":2,""10plus"":103,""2to4"":14,""5to9"":8},{""1"":129,""10plus"":543,""2to4"":169,""5to9"":127},{""1"":1485,""10plus"":1148,""2to4"":1479,""5to9"":841},{""1"":7944,""10plus"":595,""2to4"":4878,""5to9"":1422},{""1"":19976,""10plus"":74,""2to4"":5013,""5to9"":457},{""1"":27097,""10plus"":3,""2to4"":2133,""5to9"":86},{""1"":27784,""10plus"":2,""2to4"":678,""5to9"":10}]",0.36251179199825856,0.1603459699290397,1654919168
upos,upos_only,PLUTARCH,ef8134329970f595ef9ccf4198217affef5c01fa243d5bf4e59ee6daebb04e1d,8,shuffled,8,11,0.5,8884,c9a1314d5edc79ff6b616374e8cbbcb96031671d89ff9aca5399213db949bec1,7270,8884,42389,53304,74.55715577348019,,b43ecb4e870a3f7d14b11757bc03d41f3b757e55d30a7dd5c0e0913db56550a6,-108189.75822641306,118791,11,1.0,0,3585,53304,"[1,12,130,1122,6503,19704,30432,31618,29269]","[{""1"":0,""10plus"":1,""2to4"":0,""5to9"":0},{""1"":0,""10plus"":12,""2to4"":0,""5to9"":0},{""1"":6,""10plus"":111,""2to4"":7,""5to9"":6},{""1"":130,""10plus"":645,""2to4"":178,""5to9"":169},{""1"":2002,""10plus"":1284,""2to4"":2076,""5to9"":1141},{""1"":11792,""10plus"":256,""2to4"":6411,""5to9"":1245},{""1"":26427,""10plus"":1,""2to4"":3930,""5to9"":74},{""1"":30866,""10plus"":0,""2to4"":750,""5to9"":2},{""1"":29164,""10plus"":0,""2to4"":105,""5to9"":0}]",0.5945774579995486,0.1526888118169154,1654919168
upos,upos_only,PLUTARCH,ef8134329970f595ef9ccf4198217affef5c01fa243d5bf4e59ee6daebb04e1d,9,original,8,11,0.5,8884,302b491bbe5fab1c9e8913bb911710574a1661a77bb4aae233ab09bc7cc512f8,7268,8884,42359,53304,-9913.988100609786,,7fb2726cc7219f6ea173e539f0153d4319acc3ad17843c3e8067fd0edeca5f8f,-98182.88439882672,102934,11,0.0,0,3644,53304,"[1,12,126,972,4973,14709,25121,28906,28114]","[{""1"":0,""10plus"":1,""2to4"":0,""5to9"":0},{""1"":0,""10plus"":12,""2to4"":0,""5to9"":0},{""1"":2,""10plus"":103,""2to4"":11,""5to9"":10},{""1"":120,""10plus"":534,""2to4"":186,""5to9"":132},{""1"":1524,""10plus"":1119,""2to4"":1497,""5to9"":833},{""1"":7927,""10plus"":597,""2to4"":4767,""5to9"":1418},{""1"":19534,""10plus"":75,""2to4"":5060,""5to9"":452},{""1"":26597,""10plus"":6,""2to4"":2226,""5to9"":77},{""1"":27395,""10plus"":2,""2to4"":702,""5to9"":15}]",0.3638130830004229,0.16083190005883807,1654919168
upos,upos_only,PLUTARCH,ef8134329970f595ef9ccf4198217affef5c01fa243d5bf4e59ee6daebb04e1d,9,shuffled,8,11,0.5,8884,302b491bbe5fab1c9e8913bb911710574a1661a77bb4aae233ab09bc7cc512f8,7268,8884,42359,53304,24.16727050546615,,6896cf5bb55c53b08e2212ba3839e88f7ca48d5c94ece11b0f14de291c96d3bd,-108096.87249943647,117810,11,0.9999999999680634,0,3644,53304,"[1,12,129,1135,6488,19585,30192,31309,28959]","[{""1"":0,""10plus"":1,""2to4"":0,""5to9"":0},{""1"":0,""10plus"":12,""2to4"":0,""5to9"":0},{""1"":4,""10plus"":112,""2to4"":7,""5to9"":6},{""1"":138,""10plus"":648,""2to4"":185,""5to9"":164},{""1"":2010,""10plus"":1268,""2to4"":2093,""5to9"":1117},{""1"":11805,""10plus"":234,""2to4"":6226,""5to9"":1320},{""1"":26254,""10plus"":0,""2to4"":3861,""5to9"":77},{""1"":30531,""10plus"":0,""2to4"":778,""5to9"":0},{""1"":28855,""10plus"":0,""2to4"":104,""5to9"":0}]",0.5037219160003588,0.15233197191992076,1654919168
