variant,block,symbol_id,symbol,count,empirical_frequency,smoothed_frequency
ud23,ATHENAEUS,0,ADJ:advcl,36,0.001556218389313967,0.001574429538886253
ud23,ATHENAEUS,1,ADJ:advmod,151,0.006527471577400251,0.006534960962774447
ud23,ATHENAEUS,2,ADJ:amod,169,0.007305580772057234,0.007311391968252599
ud23,ATHENAEUS,3,ADJ:appos,1,4.322828859205464e-05,6.4702583789846e-05
ud23,ATHENAEUS,4,ADJ:conj,124,0.005360307785414776,0.005370314454557218
ud23,ATHENAEUS,5,ADJ:iobj,10,0.00043228288592054643,0.00045291808652892206
ud23,ATHENAEUS,6,ADJ:nmod,1122,0.04850213980028531,0.04841910020273476
ud23,ATHENAEUS,7,ADJ:nsubj,96,0.0041499157048372455,0.004162532890480093
ud23,ATHENAEUS,8,ADJ:obj,183,0.007910776812345999,0.007915282750291162
ud23,ATHENAEUS,9,ADJ:obl,120,0.005187394631046557,0.005197774231117629
ud23,ATHENAEUS,10,ADJ:parataxis,1,4.322828859205464e-05,6.4702583789846e-05
ud23,ATHENAEUS,11,ADJ:root,72,0.003112436778627934,0.0031272915498425573
ud23,ATHENAEUS,12,ADJ:xcomp,179,0.007737863657977781,0.007742742526851572
ud23,ATHENAEUS,13,ADP:advcl,0,0.0,2.156752792994867e-05
ud23,ATHENAEUS,14,ADP:case,1770,0.07651407080793671,0.07637061639994824
ud23,ATHENAEUS,15,ADP:cc,0,0.0,2.156752792994867e-05
ud23,ATHENAEUS,16,ADP:conj,0,0.0,2.156752792994867e-05
ud23,ATHENAEUS,17,ADP:mark,4,0.00017291315436821856,0.00019410775136953802
ud23,ATHENAEUS,18,ADP:nmod,1,4.322828859205464e-05,6.4702583789846e-05
ud23,ATHENAEUS,19,ADP:nsubj,0,0.0,2.156752792994867e-05
ud23,ATHENAEUS,20,ADP:obj,1,4.322828859205464e-05,6.4702583789846e-05
ud23,ATHENAEUS,21,ADP:root,0,0.0,2.156752792994867e-05
ud23,ATHENAEUS,22,ADV_PART:acl,0,0.0,2.156752792994867e-05
ud23,ATHENAEUS,23,ADV_PART:advcl,3,0.00012968486577616392,0.0001509726955096407
ud23,ATHENAEUS,24,ADV_PART:advmod,3076,0.13297021570916007,0.13270499935297417
ud23,ATHENAEUS,25,ADV_PART:case,2,8.645657718410928e-05,0.00010783763964974335
ud23,ATHENAEUS,26,ADV_PART:cc,4,0.00017291315436821856,0.00019410775136953802
ud23,ATHENAEUS,27,ADV_PART:conj,6,0.00025936973155232785,0.0002803778630893327
ud23,ATHENAEUS,28,ADV_PART:mark,0,0.0,2.156752792994867e-05
ud23,ATHENAEUS,29,ADV_PART:nmod,29,0.0012536203691695847,0.0012724841478669714
ud23,ATHENAEUS,30,ADV_PART:nsubj,0,0.0,2.156752792994867e-05
ud23,ATHENAEUS,31,ADV_PART:obj,8,0.0003458263087364371,0.00036664797480912735
ud23,ATHENAEUS,32,ADV_PART:obl,2,8.645657718410928e-05,0.00010783763964974335
ud23,ATHENAEUS,33,ADV_PART:root,3,0.00012968486577616392,0.0001509726955096407
ud23,ATHENAEUS,34,ADV_PART:xcomp,3,0.00012968486577616392,0.0001509726955096407
ud23,ATHENAEUS,35,AUX:aux,0,0.0,2.156752792994867e-05
ud23,ATHENAEUS,36,AUX:conj,1,4.322828859205464e-05,6.4702583789846e-05
ud23,ATHENAEUS,37,AUX:cop,355,0.015346042450179398,0.015334512358193504
ud23,ATHENAEUS,38,CCONJ:advmod,4,0.00017291315436821856,0.00019410775136953802
ud23,ATHENAEUS,39,CCONJ:case,0,0.0,2.156752792994867e-05
ud23,ATHENAEUS,40,CCONJ:cc,797,0.034452946007867545,0.03440020704826813
ud23,ATHENAEUS,41,CCONJ:conj,1,4.322828859205464e-05,6.4702583789846e-05
ud23,ATHENAEUS,42,CCONJ:mark,32,0.0013833052349457484,0.0014018893154466635
ud23,ATHENAEUS,43,CCONJ:nmod,0,0.0,2.156752792994867e-05
ud23,ATHENAEUS,44,CCONJ:obj,1,4.322828859205464e-05,6.4702583789846e-05
ud23,ATHENAEUS,45,CCONJ:obl,1,4.322828859205464e-05,6.4702583789846e-05
ud23,ATHENAEUS,46,DET:advmod,1,4.322828859205464e-05,6.4702583789846e-05
ud23,ATHENAEUS,47,DET:det,3040,0.1314139973198461,0.13115213734201786
ud23,ATHENAEUS,48,DET:root,1,4.322828859205464e-05,6.4702583789846e-05
ud23,ATHENAEUS,49,DET:xcomp,3,0.00012968486577616392,0.0001509726955096407
ud23,ATHENAEUS,50,NOUN:acl,11,0.00047551117451260106,0.0004960531423888194
ud23,ATHENAEUS,51,NOUN:advcl,14,0.000605196040288765,0.0006254583099685114
ud23,ATHENAEUS,52,NOUN:appos,36,0.001556218389313967,0.001574429538886253
ud23,ATHENAEUS,53,NOUN:case,1,4.322828859205464e-05,6.4702583789846e-05
ud23,ATHENAEUS,54,NOUN:conj,348,0.015043444430035014,0.015032566967174223
ud23,ATHENAEUS,55,NOUN:iobj,62,0.002680153892707388,0.0026959409912435837
ud23,ATHENAEUS,56,NOUN:nmod,1163,0.05027449963255955,0.05018763749299055
ud23,ATHENAEUS,57,NOUN:nsubj,1274,0.055072839666277615,0.05497562869343916
ud23,ATHENAEUS,58,NOUN:obj,1250,0.0540353607400683,0.05394038735280162
ud23,ATHENAEUS,59,NOUN:obl,1275,0.05511606795486967,0.05501876374929906
ud23,ATHENAEUS,60,NOUN:root,58,0.0025072407383391693,0.0025234007678039943
ud23,ATHENAEUS,61,NOUN:xcomp,149,0.006441015000216142,0.006448690851054652
ud23,ATHENAEUS,62,NUM:advcl,0,0.0,2.156752792994867e-05
ud23,ATHENAEUS,63,NUM:conj,2,8.645657718410928e-05,0.00010783763964974335
ud23,ATHENAEUS,64,NUM:nsubj,0,0.0,2.156752792994867e-05
ud23,ATHENAEUS,65,NUM:nummod,14,0.000605196040288765,0.0006254583099685114
ud23,ATHENAEUS,66,NUM:obj,0,0.0,2.156752792994867e-05
ud23,ATHENAEUS,67,NUM:obl,0,0.0,2.156752792994867e-05
ud23,ATHENAEUS,68,NUM:root,0,0.0,2.156752792994867e-05
ud23,ATHENAEUS,69,NUM:xcomp,0,0.0,2.156752792994867e-05
ud23,ATHENAEUS,70,PRON:acl,5,0.00021614144296027321,0.00023724280722943537
ud23,ATHENAEUS,71,PRON:advcl,3,0.00012968486577616392,0.0001509726955096407
ud23,ATHENAEUS,72,PRON:appos,0,0.0,2.156752792994867e-05
ud23,ATHENAEUS,73,PRON:conj,14,0.000605196040288765,0.0006254583099685114
ud23,ATHENAEUS,74,PRON:iobj,68,0.0029395236242597154,0.002954751326402968
ud23,ATHENAEUS,75,PRON:nmod,228,0.009856049798988457,0.009856360263986542
ud23,ATHENAEUS,76,PRON:nsubj,319,0.01378982406086543,0.0137816503472372
ud23,ATHENAEUS,77,PRON:obj,441,0.019063675269096095,0.019044127162144674
ud23,ATHENAEUS,78,PRON:obl,280,0.0121039208057753,0.012099383168701204
ud23,ATHENAEUS,79,PRON:parataxis,0,0.0,2.156752792994867e-05
ud23,ATHENAEUS,80,PRON:root,10,0.00043228288592054643,0.00045291808652892206
ud23,ATHENAEUS,81,PRON:xcomp,24,0.0010374789262093114,0.0010568088685674849
ud23,ATHENAEUS,82,SCONJ:case,3,0.00012968486577616392,0.0001509726955096407
ud23,ATHENAEUS,83,SCONJ:cc,0,0.0,2.156752792994867e-05
ud23,ATHENAEUS,84,SCONJ:mark,404,0.017464228591190074,0.017448130095328473
ud23,ATHENAEUS,85,SCONJ:nmod,0,0.0,2.156752792994867e-05
ud23,ATHENAEUS,86,SCONJ:xcomp,1,4.322828859205464e-05,6.4702583789846e-05
ud23,ATHENAEUS,87,VERB:acl,148,0.006397786711624087,0.006405555795194755
ud23,ATHENAEUS,88,VERB:advcl,1168,0.05049064107551982,0.05040331277229004
ud23,ATHENAEUS,89,VERB:appos,7,0.0003025980201443825,0.00032351291894923005
ud23,ATHENAEUS,90,VERB:case,0,0.0,2.156752792994867e-05
ud23,ATHENAEUS,91,VERB:ccomp,321,0.01387628063804954,0.013867920458956995
ud23,ATHENAEUS,92,VERB:conj,435,0.01880430553754377,0.018785316826985293
ud23,ATHENAEUS,93,VERB:csubj,54,0.0023343275839709508,0.002350860544364405
ud23,ATHENAEUS,94,VERB:nmod,277,0.011974235939999136,0.011969978001121512
ud23,ATHENAEUS,95,VERB:nsubj,33,0.0014265335235378032,0.0014450243713065608
ud23,ATHENAEUS,96,VERB:obl,35,0.0015129901007219124,0.0015312944830263556
ud23,ATHENAEUS,97,VERB:parataxis,9,0.00038905459732849174,0.0004097830306690247
ud23,ATHENAEUS,98,VERB:root,1486,0.0642372368477932,0.0641202605357374
ud23,ATHENAEUS,99,VERB:xcomp,290,0.012536203691695846,0.012530733727300177
ud23,DIODORUS,0,ADJ:advcl,11,0.0007205554827721735,0.0007508487855837033
ud23,DIODORUS,1,ADJ:advmod,105,0.006878029608279838,0.006888221467746148
ud23,DIODORUS,2,ADJ:amod,107,0.007009039696056596,0.007018803865238966
ud23,DIODORUS,3,ADJ:appos,0,0.0,3.2645599373204494e-05
ud23,DIODORUS,4,ADJ:conj,49,0.003209747150530591,0.0032319143379472446
ud23,DIODORUS,5,ADJ:iobj,5,0.000327525219441897,0.0003591015931052494
ud23,DIODORUS,6,ADJ:nmod,726,0.04755666186296345,0.04743405588926613
ud23,DIODORUS,7,ADJ:nsubj,76,0.004978383335516835,0.004994776704100287
ud23,DIODORUS,8,ADJ:obj,121,0.007926110310493908,0.007932880647688692
ud23,DIODORUS,9,ADJ:obl,59,0.003864797589414385,0.0038848263254113347
ud23,DIODORUS,10,ADJ:parataxis,0,0.0,3.2645599373204494e-05
ud23,DIODORUS,11,ADJ:root,11,0.0007205554827721735,0.0007508487855837033
ud23,DIODORUS,12,ADJ:xcomp,121,0.007926110310493908,0.007932880647688692
ud23,DIODORUS,13,ADP:advcl,0,0.0,3.2645599373204494e-05
ud23,DIODORUS,14,ADP:case,1325,0.08679418315210272,0.08654348393836511
ud23,DIODORUS,15,ADP:cc,0,0.0,3.2645599373204494e-05
ud23,DIODORUS,16,ADP:conj,0,0.0,3.2645599373204494e-05
ud23,DIODORUS,17,ADP:mark,6,0.0003930302633302764,0.0004243927918516584
ud23,DIODORUS,18,ADP:nmod,0,0.0,3.2645599373204494e-05
ud23,DIODORUS,19,ADP:nsubj,0,0.0,3.2645599373204494e-05
ud23,DIODORUS,20,ADP:obj,0,0.0,3.2645599373204494e-05
ud23,DIODORUS,21,ADP:root,0,0.0,3.2645599373204494e-05
ud23,DIODORUS,22,ADV_PART:acl,0,0.0,3.2645599373204494e-05
ud23,DIODORUS,23,ADV_PART:advcl,0,0.0,3.2645599373204494e-05
ud23,DIODORUS,24,ADV_PART:advmod,1636,0.10716625180138871,0.10684904674849831
ud23,DIODORUS,25,ADV_PART:case,0,0.0,3.2645599373204494e-05
ud23,DIODORUS,26,ADV_PART:cc,2,0.00013101008777675882,0.00016322799686602246
ud23,DIODORUS,27,ADV_PART:conj,2,0.00013101008777675882,0.00016322799686602246
ud23,DIODORUS,28,ADV_PART:mark,0,0.0,3.2645599373204494e-05
ud23,DIODORUS,29,ADV_PART:nmod,6,0.0003930302633302764,0.0004243927918516584
ud23,DIODORUS,30,ADV_PART:nsubj,0,0.0,3.2645599373204494e-05
ud23,DIODORUS,31,ADV_PART:obj,0,0.0,3.2645599373204494e-05
ud23,DIODORUS,32,ADV_PART:obl,0,0.0,3.2645599373204494e-05
ud23,DIODORUS,33,ADV_PART:root,0,0.0,3.2645599373204494e-05
ud23,DIODORUS,34,ADV_PART:xcomp,1,6.550504388837941e-05,9.793679811961348e-05
ud23,DIODORUS,35,AUX:aux,0,0.0,3.2645599373204494e-05
ud23,DIODORUS,36,AUX:conj,0,0.0,3.2645599373204494e-05
ud23,DIODORUS,37,AUX:cop,90,0.005895453949954147,0.005908853486550013
ud23,DIODORUS,38,CCONJ:advmod,1,6.550504388837941e-05,9.793679811961348e-05
ud23,DIODORUS,39,CCONJ:case,2,0.00013101008777675882,0.00016322799686602246
ud23,DIODORUS,40,CCONJ:cc,685,0.04487095506353989,0.04475711674066336
ud23,DIODORUS,41,CCONJ:conj,0,0.0,3.2645599373204494e-05
ud23,DIODORUS,42,CCONJ:mark,12,0.0007860605266605528,0.0008161399843301123
ud23,DIODORUS,43,CCONJ:nmod,1,6.550504388837941e-05,9.793679811961348e-05
ud23,DIODORUS,44,CCONJ:obj,0,0.0,3.2645599373204494e-05
ud23,DIODORUS,45,CCONJ:obl,0,0.0,3.2645599373204494e-05
ud23,DIODORUS,46,DET:advmod,1,6.550504388837941e-05,9.793679811961348e-05
ud23,DIODORUS,47,DET:det,2870,0.1879994759596489,0.187418386001567
ud23,DIODORUS,48,DET:root,0,0.0,3.2645599373204494e-05
ud23,DIODORUS,49,DET:xcomp,0,0.0,3.2645599373204494e-05
ud23,DIODORUS,50,NOUN:acl,9,0.0005895453949954147,0.0006202663880908853
ud23,DIODORUS,51,NOUN:advcl,5,0.000327525219441897,0.0003591015931052494
ud23,DIODORUS,52,NOUN:appos,7,0.00045853530721865583,0.0004896839905980674
ud23,DIODORUS,53,NOUN:case,1,6.550504388837941e-05,9.793679811961348e-05
ud23,DIODORUS,54,NOUN:conj,210,0.013756059216559676,0.013743797336119091
ud23,DIODORUS,55,NOUN:iobj,44,0.002882221931088694,0.0029054583442152
ud23,DIODORUS,56,NOUN:nmod,751,0.04919428796017293,0.04906633585792635
ud23,DIODORUS,57,NOUN:nsubj,688,0.04506747019520503,0.04495299033690259
ud23,DIODORUS,58,NOUN:obj,920,0.06026464037730905,0.06010054844606947
ud23,DIODORUS,59,NOUN:obl,1063,0.06963186165334731,0.06943718986680596
ud23,DIODORUS,60,NOUN:root,6,0.0003930302633302764,0.0004243927918516584
ud23,DIODORUS,61,NOUN:xcomp,60,0.0039303026333027645,0.003950117524157744
ud23,DIODORUS,62,NUM:advcl,0,0.0,3.2645599373204494e-05
ud23,DIODORUS,63,NUM:conj,0,0.0,3.2645599373204494e-05
ud23,DIODORUS,64,NUM:nsubj,0,0.0,3.2645599373204494e-05
ud23,DIODORUS,65,NUM:nummod,0,0.0,3.2645599373204494e-05
ud23,DIODORUS,66,NUM:obj,0,0.0,3.2645599373204494e-05
ud23,DIODORUS,67,NUM:obl,0,0.0,3.2645599373204494e-05
ud23,DIODORUS,68,NUM:root,0,0.0,3.2645599373204494e-05
ud23,DIODORUS,69,NUM:xcomp,0,0.0,3.2645599373204494e-05
ud23,DIODORUS,70,PRON:acl,1,6.550504388837941e-05,9.793679811961348e-05
ud23,DIODORUS,71,PRON:advcl,0,0.0,3.2645599373204494e-05
ud23,DIODORUS,72,PRON:appos,0,0.0,3.2645599373204494e-05
ud23,DIODORUS,73,PRON:conj,5,0.000327525219441897,0.0003591015931052494
ud23,DIODORUS,74,PRON:iobj,29,0.0018996462727630028,0.001926090363019065
ud23,DIODORUS,75,PRON:nmod,73,0.004781868203851697,0.0047989031078610606
ud23,DIODORUS,76,PRON:nsubj,134,0.00877767588104284,0.008781666231392008
ud23,DIODORUS,77,PRON:obj,120,0.007860605266605529,0.007867589448942282
ud23,DIODORUS,78,PRON:obl,190,0.012445958338792086,0.012437973361190912
ud23,DIODORUS,79,PRON:parataxis,0,0.0,3.2645599373204494e-05
ud23,DIODORUS,80,PRON:root,6,0.0003930302633302764,0.0004243927918516584
ud23,DIODORUS,81,PRON:xcomp,6,0.0003930302633302764,0.0004243927918516584
ud23,DIODORUS,82,SCONJ:case,2,0.00013101008777675882,0.00016322799686602246
ud23,DIODORUS,83,SCONJ:cc,0,0.0,3.2645599373204494e-05
ud23,DIODORUS,84,SCONJ:mark,98,0.006419494301061182,0.006431183076521285
ud23,DIODORUS,85,SCONJ:nmod,0,0.0,3.2645599373204494e-05
ud23,DIODORUS,86,SCONJ:xcomp,0,0.0,3.2645599373204494e-05
ud23,DIODORUS,87,VERB:acl,47,0.003078737062753832,0.0031013319404544267
ud23,DIODORUS,88,VERB:advcl,827,0.05417267129568977,0.05402846696265343
ud23,DIODORUS,89,VERB:appos,5,0.000327525219441897,0.0003591015931052494
ud23,DIODORUS,90,VERB:case,0,0.0,3.2645599373204494e-05
ud23,DIODORUS,91,VERB:ccomp,103,0.006747019520503079,0.00675763907025333
ud23,DIODORUS,92,VERB:conj,461,0.030197825232542906,0.030131888221467746
ud23,DIODORUS,93,VERB:csubj,45,0.0029477269749770734,0.002970749542961609
ud23,DIODORUS,94,VERB:nmod,211,0.013821564260448055,0.0138090885348655
ud23,DIODORUS,95,VERB:nsubj,36,0.0023581815799816586,0.0023831287542439277
ud23,DIODORUS,96,VERB:obl,24,0.0015721210533211057,0.0015996343692870202
ud23,DIODORUS,97,VERB:parataxis,1,6.550504388837941e-05,9.793679811961348e-05
ud23,DIODORUS,98,VERB:root,710,0.04650858116074938,0.046389396709323585
ud23,DIODORUS,99,VERB:xcomp,337,0.02207519979038386,0.022035779576913033
ud23,HERODOTUS,0,ADJ:advcl,30,0.0017340038148083927,0.0017578237565558181
ud23,HERODOTUS,1,ADJ:advmod,141,0.008149817929599444,0.008155149559103222
ud23,HERODOTUS,2,ADJ:amod,116,0.006704814750592451,0.006714310414385338
ud23,HERODOTUS,3,ADJ:appos,4,0.000231200508641119,0.0002593510460492191
ud23,HERODOTUS,4,ADJ:conj,89,0.005144211317264898,0.005158204138090023
ud23,HERODOTUS,5,ADJ:iobj,7,0.00040460089012195826,0.0004322517434153651
ud23,HERODOTUS,6,ADJ:nmod,825,0.047685104907230796,0.04757650855858452
ud23,HERODOTUS,7,ADJ:nsubj,99,0.005722212588867696,0.005734539795977177
ud23,HERODOTUS,8,ADJ:obj,154,0.008901219582683082,0.008904385914356522
ud23,HERODOTUS,9,ADJ:obl,49,0.002832206230853708,0.00285286150654141
ud23,HERODOTUS,10,ADJ:parataxis,0,0.0,2.8816782894357673e-05
ud23,HERODOTUS,11,ADJ:root,49,0.002832206230853708,0.00285286150654141
ud23,HERODOTUS,12,ADJ:xcomp,111,0.006415814114791052,0.006426142585441761
ud23,HERODOTUS,13,ADP:advcl,0,0.0,2.8816782894357673e-05
ud23,HERODOTUS,14,ADP:case,1005,0.05808912779608115,0.05795055040055328
ud23,HERODOTUS,15,ADP:cc,0,0.0,2.8816782894357673e-05
ud23,HERODOTUS,16,ADP:conj,0,0.0,2.8816782894357673e-05
ud23,HERODOTUS,17,ADP:mark,0,0.0,2.8816782894357673e-05
ud23,HERODOTUS,18,ADP:nmod,0,0.0,2.8816782894357673e-05
ud23,HERODOTUS,19,ADP:nsubj,0,0.0,2.8816782894357673e-05
ud23,HERODOTUS,20,ADP:obj,0,0.0,2.8816782894357673e-05
ud23,HERODOTUS,21,ADP:root,0,0.0,2.8816782894357673e-05
ud23,HERODOTUS,22,ADV_PART:acl,0,0.0,2.8816782894357673e-05
ud23,HERODOTUS,23,ADV_PART:advcl,1,5.780012716027975e-05,8.645034868307302e-05
ud23,HERODOTUS,24,ADV_PART:advmod,2454,0.1418415120513265,0.14146158722840182
ud23,HERODOTUS,25,ADV_PART:case,0,0.0,2.8816782894357673e-05
ud23,HERODOTUS,26,ADV_PART:cc,1,5.780012716027975e-05,8.645034868307302e-05
ud23,HERODOTUS,27,ADV_PART:conj,1,5.780012716027975e-05,8.645034868307302e-05
ud23,HERODOTUS,28,ADV_PART:mark,0,0.0,2.8816782894357673e-05
ud23,HERODOTUS,29,ADV_PART:nmod,10,0.0005780012716027975,0.0006051524407815112
ud23,HERODOTUS,30,ADV_PART:nsubj,2,0.0001156002543205595,0.00014408391447178837
ud23,HERODOTUS,31,ADV_PART:obj,3,0.00017340038148083925,0.00020171748026050372
ud23,HERODOTUS,32,ADV_PART:obl,0,0.0,2.8816782894357673e-05
ud23,HERODOTUS,33,ADV_PART:root,7,0.00040460089012195826,0.0004322517434153651
ud23,HERODOTUS,34,ADV_PART:xcomp,8,0.000462401017282238,0.0004898853092040804
ud23,HERODOTUS,35,AUX:aux,0,0.0,2.8816782894357673e-05
ud23,HERODOTUS,36,AUX:conj,0,0.0,2.8816782894357673e-05
ud23,HERODOTUS,37,AUX:cop,368,0.02127044679498295,0.021237968993141607
ud23,HERODOTUS,38,CCONJ:advmod,2,0.0001156002543205595,0.00014408391447178837
ud23,HERODOTUS,39,CCONJ:case,0,0.0,2.8816782894357673e-05
ud23,HERODOTUS,40,CCONJ:cc,714,0.041269290792439746,0.04117918275603712
ud23,HERODOTUS,41,CCONJ:conj,0,0.0,2.8816782894357673e-05
ud23,HERODOTUS,42,CCONJ:mark,63,0.0036414080110976246,0.0036597314275834247
ud23,HERODOTUS,43,CCONJ:nmod,0,0.0,2.8816782894357673e-05
ud23,HERODOTUS,44,CCONJ:obj,0,0.0,2.8816782894357673e-05
ud23,HERODOTUS,45,CCONJ:obl,0,0.0,2.8816782894357673e-05
ud23,HERODOTUS,46,DET:advmod,6,0.0003468007629616785,0.0003746181776266498
ud23,HERODOTUS,47,DET:det,2161,0.12490607479336455,0.12457495245230822
ud23,HERODOTUS,48,DET:root,0,0.0,2.8816782894357673e-05
ud23,HERODOTUS,49,DET:xcomp,0,0.0,2.8816782894357673e-05
ud23,HERODOTUS,50,NOUN:acl,24,0.001387203051846714,0.001412022361823526
ud23,HERODOTUS,51,NOUN:advcl,10,0.0005780012716027975,0.0006051524407815112
ud23,HERODOTUS,52,NOUN:appos,12,0.000693601525923357,0.0007204195723589418
ud23,HERODOTUS,53,NOUN:case,0,0.0,2.8816782894357673e-05
ud23,HERODOTUS,54,NOUN:conj,209,0.012080226576498468,0.012074232032735865
ud23,HERODOTUS,55,NOUN:iobj,54,0.0031212068666551067,0.0031410293354849866
ud23,HERODOTUS,56,NOUN:nmod,598,0.03456447604184729,0.03449368912454614
ud23,HERODOTUS,57,NOUN:nsubj,851,0.04918790821339807,0.04907498126909112
ud23,HERODOTUS,58,NOUN:obj,862,0.04982370961216115,0.04970895049276699
ud23,HERODOTUS,59,NOUN:obl,875,0.05057511126524478,0.05045818684802029
ud23,HERODOTUS,60,NOUN:root,37,0.0021386047049303508,0.0021612587170768255
ud23,HERODOTUS,61,NOUN:xcomp,97,0.005606612334547136,0.005619272664399747
ud23,HERODOTUS,62,NUM:advcl,0,0.0,2.8816782894357673e-05
ud23,HERODOTUS,63,NUM:conj,5,0.00028900063580139876,0.0003169846118379344
ud23,HERODOTUS,64,NUM:nsubj,0,0.0,2.8816782894357673e-05
ud23,HERODOTUS,65,NUM:nummod,40,0.00231200508641119,0.0023341594144429714
ud23,HERODOTUS,66,NUM:obj,0,0.0,2.8816782894357673e-05
ud23,HERODOTUS,67,NUM:obl,0,0.0,2.8816782894357673e-05
ud23,HERODOTUS,68,NUM:root,0,0.0,2.8816782894357673e-05
ud23,HERODOTUS,69,NUM:xcomp,0,0.0,2.8816782894357673e-05
ud23,HERODOTUS,70,PRON:acl,8,0.000462401017282238,0.0004898853092040804
ud23,HERODOTUS,71,PRON:advcl,4,0.000231200508641119,0.0002593510460492191
ud23,HERODOTUS,72,PRON:appos,2,0.0001156002543205595,0.00014408391447178837
ud23,HERODOTUS,73,PRON:conj,21,0.0012138026703658747,0.0012391216644573799
ud23,HERODOTUS,74,PRON:iobj,98,0.005664412461707416,0.005676906230188462
ud23,HERODOTUS,75,PRON:nmod,156,0.00901681983700364,0.009019653045933952
ud23,HERODOTUS,76,PRON:nsubj,337,0.019478642853014278,0.01945132845369143
ud23,HERODOTUS,77,PRON:obj,524,0.03028726663198659,0.0302288052561812
ud23,HERODOTUS,78,PRON:obl,271,0.015663834460435812,0.015647513111636216
ud23,HERODOTUS,79,PRON:parataxis,0,0.0,2.8816782894357673e-05
ud23,HERODOTUS,80,PRON:root,10,0.0005780012716027975,0.0006051524407815112
ud23,HERODOTUS,81,PRON:xcomp,27,0.0015606034333275533,0.001584923059189672
ud23,HERODOTUS,82,SCONJ:case,4,0.000231200508641119,0.0002593510460492191
ud23,HERODOTUS,83,SCONJ:cc,0,0.0,2.8816782894357673e-05
ud23,HERODOTUS,84,SCONJ:mark,272,0.01572163458759609,0.015705146677424932
ud23,HERODOTUS,85,SCONJ:nmod,0,0.0,2.8816782894357673e-05
ud23,HERODOTUS,86,SCONJ:xcomp,0,0.0,2.8816782894357673e-05
ud23,HERODOTUS,87,VERB:acl,137,0.007918617420958327,0.00792461529594836
ud23,HERODOTUS,88,VERB:advcl,1069,0.06178833593433906,0.06163909861103106
ud23,HERODOTUS,89,VERB:appos,20,0.001156002543205595,0.0011814880986686647
ud23,HERODOTUS,90,VERB:case,0,0.0,2.8816782894357673e-05
ud23,HERODOTUS,91,VERB:ccomp,231,0.013351829374024623,0.013342170480087604
ud23,HERODOTUS,92,VERB:conj,444,0.02566325645916421,0.02561811999308397
ud23,HERODOTUS,93,VERB:csubj,54,0.0031212068666551067,0.0031410293354849866
ud23,HERODOTUS,94,VERB:nmod,163,0.009421420727125599,0.00942308800645496
ud23,HERODOTUS,95,VERB:nsubj,30,0.0017340038148083927,0.0017578237565558181
ud23,HERODOTUS,96,VERB:obl,13,0.0007514016530836368,0.0007780531381476572
ud23,HERODOTUS,97,VERB:parataxis,2,0.0001156002543205595,0.00014408391447178837
ud23,HERODOTUS,98,VERB:root,988,0.0571065256343564,0.05697077978214512
ud23,HERODOTUS,99,VERB:xcomp,262,0.015143633315993296,0.015128811019537778
ud23,HESIODIC_TRADITION,0,ADJ:advcl,8,0.0008618832148243913,0.0009108444063437634
ud23,HESIODIC_TRADITION,1,ADJ:advmod,110,0.01185089420383538,0.011840977282468924
ud23,HESIODIC_TRADITION,2,ADJ:amod,83,0.00894203835380306,0.008947706815259323
ud23,HESIODIC_TRADITION,3,ADJ:appos,4,0.00043094160741219563,0.00048221174453493356
ud23,HESIODIC_TRADITION,4,ADJ:conj,57,0.006140917905623788,0.006161594513501929
ud23,HESIODIC_TRADITION,5,ADJ:iobj,6,0.0006464124111182935,0.0006965280754393485
ud23,HESIODIC_TRADITION,6,ADJ:nmod,984,0.10601163542340013,0.10549721388769824
ud23,HESIODIC_TRADITION,7,ADJ:nsubj,47,0.005063563887093299,0.005090012858979854
ud23,HESIODIC_TRADITION,8,ADJ:obj,83,0.00894203835380306,0.008947706815259323
ud23,HESIODIC_TRADITION,9,ADJ:obl,37,0.0039862098685628095,0.00401843120445778
ud23,HESIODIC_TRADITION,10,ADJ:parataxis,0,0.0,5.357908272610373e-05
ud23,HESIODIC_TRADITION,11,ADJ:root,15,0.0016160310277957336,0.0016609515645092156
ud23,HESIODIC_TRADITION,12,ADJ:xcomp,95,0.010234863176039647,0.010233604800685813
ud23,HESIODIC_TRADITION,13,ADP:advcl,0,0.0,5.357908272610373e-05
ud23,HESIODIC_TRADITION,14,ADP:case,513,0.05526826115061409,0.05502571795970853
ud23,HESIODIC_TRADITION,15,ADP:cc,0,0.0,5.357908272610373e-05
ud23,HESIODIC_TRADITION,16,ADP:conj,0,0.0,5.357908272610373e-05
ud23,HESIODIC_TRADITION,17,ADP:mark,1,0.00010773540185304891,0.0001607372481783112
ud23,HESIODIC_TRADITION,18,ADP:nmod,0,0.0,5.357908272610373e-05
ud23,HESIODIC_TRADITION,19,ADP:nsubj,0,0.0,5.357908272610373e-05
ud23,HESIODIC_TRADITION,20,ADP:obj,0,0.0,5.357908272610373e-05
ud23,HESIODIC_TRADITION,21,ADP:root,0,0.0,5.357908272610373e-05
ud23,HESIODIC_TRADITION,22,ADV_PART:acl,1,0.00010773540185304891,0.0001607372481783112
ud23,HESIODIC_TRADITION,23,ADV_PART:advcl,0,0.0,5.357908272610373e-05
ud23,HESIODIC_TRADITION,24,ADV_PART:advmod,1327,0.1429648782589959,0.1422524646378054
ud23,HESIODIC_TRADITION,25,ADV_PART:case,6,0.0006464124111182935,0.0006965280754393485
ud23,HESIODIC_TRADITION,26,ADV_PART:cc,587,0.06324068088773971,0.06295542220317188
ud23,HESIODIC_TRADITION,27,ADV_PART:conj,7,0.0007541478129713424,0.0008036862408915559
ud23,HESIODIC_TRADITION,28,ADV_PART:mark,3,0.0003232062055591467,0.0003750535790827261
ud23,HESIODIC_TRADITION,29,ADV_PART:nmod,5,0.0005386770092652446,0.000589369909987141
ud23,HESIODIC_TRADITION,30,ADV_PART:nsubj,0,0.0,5.357908272610373e-05
ud23,HESIODIC_TRADITION,31,ADV_PART:obj,21,0.0022624434389140274,0.0023039005572224602
ud23,HESIODIC_TRADITION,32,ADV_PART:obl,3,0.0003232062055591467,0.0003750535790827261
ud23,HESIODIC_TRADITION,33,ADV_PART:root,0,0.0,5.357908272610373e-05
ud23,HESIODIC_TRADITION,34,ADV_PART:xcomp,0,0.0,5.357908272610373e-05
ud23,HESIODIC_TRADITION,35,AUX:aux,0,0.0,5.357908272610373e-05
ud23,HESIODIC_TRADITION,36,AUX:conj,0,0.0,5.357908272610373e-05
ud23,HESIODIC_TRADITION,37,AUX:cop,58,0.006248653307476837,0.006268752678954137
ud23,HESIODIC_TRADITION,38,CCONJ:advmod,83,0.00894203835380306,0.008947706815259323
ud23,HESIODIC_TRADITION,39,CCONJ:case,0,0.0,5.357908272610373e-05
ud23,HESIODIC_TRADITION,40,CCONJ:cc,215,0.023163111398405517,0.023092584654950708
ud23,HESIODIC_TRADITION,41,CCONJ:conj,0,0.0,5.357908272610373e-05
ud23,HESIODIC_TRADITION,42,CCONJ:mark,15,0.0016160310277957336,0.0016609515645092156
ud23,HESIODIC_TRADITION,43,CCONJ:nmod,0,0.0,5.357908272610373e-05
ud23,HESIODIC_TRADITION,44,CCONJ:obj,0,0.0,5.357908272610373e-05
ud23,HESIODIC_TRADITION,45,CCONJ:obl,0,0.0,5.357908272610373e-05
ud23,HESIODIC_TRADITION,46,DET:advmod,0,0.0,5.357908272610373e-05
ud23,HESIODIC_TRADITION,47,DET:det,47,0.005063563887093299,0.005090012858979854
ud23,HESIODIC_TRADITION,48,DET:root,0,0.0,5.357908272610373e-05
ud23,HESIODIC_TRADITION,49,DET:xcomp,0,0.0,5.357908272610373e-05
ud23,HESIODIC_TRADITION,50,NOUN:acl,3,0.0003232062055591467,0.0003750535790827261
ud23,HESIODIC_TRADITION,51,NOUN:advcl,1,0.00010773540185304891,0.0001607372481783112
ud23,HESIODIC_TRADITION,52,NOUN:appos,91,0.00980392156862745,0.009804972138876983
ud23,HESIODIC_TRADITION,53,NOUN:case,0,0.0,5.357908272610373e-05
ud23,HESIODIC_TRADITION,54,NOUN:conj,385,0.04147812971342383,0.04130947278182597
ud23,HESIODIC_TRADITION,55,NOUN:iobj,40,0.004309416074121957,0.004339905700814402
ud23,HESIODIC_TRADITION,56,NOUN:nmod,420,0.04524886877828054,0.045060008572653236
ud23,HESIODIC_TRADITION,57,NOUN:nsubj,450,0.04848093083387201,0.04827475353621946
ud23,HESIODIC_TRADITION,58,NOUN:obj,724,0.07800043094160741,0.0776360908701243
ud23,HESIODIC_TRADITION,59,NOUN:obl,542,0.05839258780435251,0.058133304757822545
ud23,HESIODIC_TRADITION,60,NOUN:root,11,0.001185089420383538,0.0012323189027003858
ud23,HESIODIC_TRADITION,61,NOUN:xcomp,20,0.0021547080370609784,0.0021967423917702527
ud23,HESIODIC_TRADITION,62,NUM:advcl,0,0.0,5.357908272610373e-05
ud23,HESIODIC_TRADITION,63,NUM:conj,0,0.0,5.357908272610373e-05
ud23,HESIODIC_TRADITION,64,NUM:nsubj,0,0.0,5.357908272610373e-05
ud23,HESIODIC_TRADITION,65,NUM:nummod,19,0.0020469726352079294,0.0020895842263180453
ud23,HESIODIC_TRADITION,66,NUM:obj,0,0.0,5.357908272610373e-05
ud23,HESIODIC_TRADITION,67,NUM:obl,0,0.0,5.357908272610373e-05
ud23,HESIODIC_TRADITION,68,NUM:root,0,0.0,5.357908272610373e-05
ud23,HESIODIC_TRADITION,69,NUM:xcomp,0,0.0,5.357908272610373e-05
ud23,HESIODIC_TRADITION,70,PRON:acl,0,0.0,5.357908272610373e-05
ud23,HESIODIC_TRADITION,71,PRON:advcl,0,0.0,5.357908272610373e-05
ud23,HESIODIC_TRADITION,72,PRON:appos,1,0.00010773540185304891,0.0001607372481783112
ud23,HESIODIC_TRADITION,73,PRON:conj,2,0.00021547080370609782,0.00026789541363051865
ud23,HESIODIC_TRADITION,74,PRON:iobj,31,0.003339797457444516,0.003375482211744535
ud23,HESIODIC_TRADITION,75,PRON:nmod,54,0.005817711700064641,0.005840120017145307
ud23,HESIODIC_TRADITION,76,PRON:nsubj,189,0.020361990950226245,0.020306472353193314
ud23,HESIODIC_TRADITION,77,PRON:obj,145,0.015621633268692092,0.015591513073296185
ud23,HESIODIC_TRADITION,78,PRON:obl,51,0.005494505494505495,0.005518645520788684
ud23,HESIODIC_TRADITION,79,PRON:parataxis,0,0.0,5.357908272610373e-05
ud23,HESIODIC_TRADITION,80,PRON:root,0,0.0,5.357908272610373e-05
ud23,HESIODIC_TRADITION,81,PRON:xcomp,0,0.0,5.357908272610373e-05
ud23,HESIODIC_TRADITION,82,SCONJ:case,0,0.0,5.357908272610373e-05
ud23,HESIODIC_TRADITION,83,SCONJ:cc,0,0.0,5.357908272610373e-05
ud23,HESIODIC_TRADITION,84,SCONJ:mark,68,0.007326007326007326,0.007340334333476211
ud23,HESIODIC_TRADITION,85,SCONJ:nmod,0,0.0,5.357908272610373e-05
ud23,HESIODIC_TRADITION,86,SCONJ:xcomp,0,0.0,5.357908272610373e-05
ud23,HESIODIC_TRADITION,87,VERB:acl,90,0.009696186166774402,0.009697813973424774
ud23,HESIODIC_TRADITION,88,VERB:advcl,441,0.04751131221719457,0.047310330047149594
ud23,HESIODIC_TRADITION,89,VERB:appos,3,0.0003232062055591467,0.0003750535790827261
ud23,HESIODIC_TRADITION,90,VERB:case,0,0.0,5.357908272610373e-05
ud23,HESIODIC_TRADITION,91,VERB:ccomp,13,0.0014005602240896359,0.0014466352336048006
ud23,HESIODIC_TRADITION,92,VERB:conj,201,0.02165481577246283,0.021592370338619802
ud23,HESIODIC_TRADITION,93,VERB:csubj,10,0.0010773540185304892,0.0011251607372481784
ud23,HESIODIC_TRADITION,94,VERB:nmod,70,0.007541478129713424,0.007554650664380626
ud23,HESIODIC_TRADITION,95,VERB:nsubj,2,0.00021547080370609782,0.00026789541363051865
ud23,HESIODIC_TRADITION,96,VERB:obl,2,0.00021547080370609782,0.00026789541363051865
ud23,HESIODIC_TRADITION,97,VERB:parataxis,4,0.00043094160741219563,0.00048221174453493356
ud23,HESIODIC_TRADITION,98,VERB:root,712,0.07670760611937083,0.07635019288469781
ud23,HESIODIC_TRADITION,99,VERB:xcomp,66,0.007110536522301228,0.007126018002571796
ud23,HOMERIC_TRADITION,0,ADJ:advcl,62,0.0008721584514967364,0.0008785740391914307
ud23,HOMERIC_TRADITION,1,ADJ:advmod,695,0.009776614899842448,0.00977677190812224
ud23,HOMERIC_TRADITION,2,ADJ:amod,433,0.006091042088678821,0.006093789535831764
ud23,HOMERIC_TRADITION,3,ADJ:appos,6,8.440243079000676e-05,9.13717000759088e-05
ud23,HOMERIC_TRADITION,4,ADJ:conj,192,0.0027008777852802163,0.002706008040709607
ud23,HOMERIC_TRADITION,5,ADJ:iobj,53,0.0007455548053117263,0.0007520593775478647
ud23,HOMERIC_TRADITION,6,ADJ:nmod,5857,0.08239083952284493,0.08233995895302089
ud23,HOMERIC_TRADITION,7,ADJ:nsubj,394,0.005542426288543777,0.005545559335376311
ud23,HOMERIC_TRADITION,8,ADJ:obj,581,0.008172968714832321,0.008174252860637072
ud23,HOMERIC_TRADITION,9,ADJ:obl,262,0.0036855728111636283,0.003690010964604009
ud23,HOMERIC_TRADITION,10,ADJ:parataxis,0,0.0,7.028592313531446e-06
ud23,HOMERIC_TRADITION,11,ADJ:root,117,0.0016458474004051318,0.00165171919367989
ud23,HOMERIC_TRADITION,12,ADJ:xcomp,888,0.012491559756921,0.01248980854114538
ud23,HOMERIC_TRADITION,13,ADP:advcl,0,0.0,7.028592313531446e-06
ud23,HOMERIC_TRADITION,14,ADP:case,3928,0.055255458023857756,0.05522364980741657
ud23,HOMERIC_TRADITION,15,ADP:cc,0,0.0,7.028592313531446e-06
ud23,HOMERIC_TRADITION,16,ADP:conj,0,0.0,7.028592313531446e-06
ud23,HOMERIC_TRADITION,17,ADP:mark,2,2.8134143596668917e-05,3.514296156765723e-05
ud23,HOMERIC_TRADITION,18,ADP:nmod,0,0.0,7.028592313531446e-06
ud23,HOMERIC_TRADITION,19,ADP:nsubj,0,0.0,7.028592313531446e-06
ud23,HOMERIC_TRADITION,20,ADP:obj,2,2.8134143596668917e-05,3.514296156765723e-05
ud23,HOMERIC_TRADITION,21,ADP:root,0,0.0,7.028592313531446e-06
ud23,HOMERIC_TRADITION,22,ADV_PART:acl,1,1.4067071798334459e-05,2.1085776940594338e-05
ud23,HOMERIC_TRADITION,23,ADV_PART:advcl,2,2.8134143596668917e-05,3.514296156765723e-05
ud23,HOMERIC_TRADITION,24,ADV_PART:advmod,12123,0.17053511141120864,0.17042227782619698
ud23,HOMERIC_TRADITION,25,ADV_PART:case,22,0.0003094755795633581,0.0003162866541089151
ud23,HOMERIC_TRADITION,26,ADV_PART:cc,3867,0.05439736664415935,0.054366161545165735
ud23,HOMERIC_TRADITION,27,ADV_PART:conj,24,0.00033760972316002703,0.00034440102336304087
ud23,HOMERIC_TRADITION,28,ADV_PART:mark,21,0.00029540850776502365,0.00030222946948185215
ud23,HOMERIC_TRADITION,29,ADV_PART:nmod,22,0.0003094755795633581,0.0003162866541089151
ud23,HOMERIC_TRADITION,30,ADV_PART:nsubj,0,0.0,7.028592313531446e-06
ud23,HOMERIC_TRADITION,31,ADV_PART:obj,271,0.003812176457348638,0.003816525626247575
ud23,HOMERIC_TRADITION,32,ADV_PART:obl,6,8.440243079000676e-05,9.13717000759088e-05
ud23,HOMERIC_TRADITION,33,ADV_PART:root,6,8.440243079000676e-05,9.13717000759088e-05
ud23,HOMERIC_TRADITION,34,ADV_PART:xcomp,4,5.6268287193337834e-05,6.325733082178301e-05
ud23,HOMERIC_TRADITION,35,AUX:aux,0,0.0,7.028592313531446e-06
ud23,HOMERIC_TRADITION,36,AUX:conj,0,0.0,7.028592313531446e-06
ud23,HOMERIC_TRADITION,37,AUX:cop,511,0.007188273688948909,0.007190249936742669
ud23,HOMERIC_TRADITION,38,CCONJ:advmod,354,0.004979743416610398,0.004983271950293795
ud23,HOMERIC_TRADITION,39,CCONJ:case,0,0.0,7.028592313531446e-06
ud23,HOMERIC_TRADITION,40,CCONJ:cc,1600,0.022507314877335136,0.02249852399561416
ud23,HOMERIC_TRADITION,41,CCONJ:conj,0,0.0,7.028592313531446e-06
ud23,HOMERIC_TRADITION,42,CCONJ:mark,254,0.0035730362367769526,0.0035775534875875058
ud23,HOMERIC_TRADITION,43,CCONJ:nmod,0,0.0,7.028592313531446e-06
ud23,HOMERIC_TRADITION,44,CCONJ:obj,0,0.0,7.028592313531446e-06
ud23,HOMERIC_TRADITION,45,CCONJ:obl,0,0.0,7.028592313531446e-06
ud23,HOMERIC_TRADITION,46,DET:advmod,1,1.4067071798334459e-05,2.1085776940594338e-05
ud23,HOMERIC_TRADITION,47,DET:det,332,0.004670267837047041,0.004674013888498411
ud23,HOMERIC_TRADITION,48,DET:root,0,0.0,7.028592313531446e-06
ud23,HOMERIC_TRADITION,49,DET:xcomp,0,0.0,7.028592313531446e-06
ud23,HOMERIC_TRADITION,50,NOUN:acl,21,0.00029540850776502365,0.00030222946948185215
ud23,HOMERIC_TRADITION,51,NOUN:advcl,23,0.00032354265136169257,0.00033034383873597795
ud23,HOMERIC_TRADITION,52,NOUN:appos,43,0.0006048840873283817,0.0006114875312772358
ud23,HOMERIC_TRADITION,53,NOUN:case,1,1.4067071798334459e-05,2.1085776940594338e-05
ud23,HOMERIC_TRADITION,54,NOUN:conj,1119,0.015741053342336258,0.01573701818999691
ud23,HOMERIC_TRADITION,55,NOUN:iobj,329,0.004628066621652037,0.0046318423346172225
ud23,HOMERIC_TRADITION,56,NOUN:nmod,2634,0.037052667116812966,0.03703365289999719
ud23,HOMERIC_TRADITION,57,NOUN:nsubj,3703,0.0520903668692325,0.05206078326632742
ud23,HOMERIC_TRADITION,58,NOUN:obj,5242,0.07373959036686924,0.07369479040737721
ud23,HOMERIC_TRADITION,59,NOUN:obl,3890,0.05472090929552104,0.05468947679158818
ud23,HOMERIC_TRADITION,60,NOUN:root,49,0.0006892865181183885,0.0006958306390396131
ud23,HOMERIC_TRADITION,61,NOUN:xcomp,117,0.0016458474004051318,0.00165171919367989
ud23,HOMERIC_TRADITION,62,NUM:advcl,1,1.4067071798334459e-05,2.1085776940594338e-05
ud23,HOMERIC_TRADITION,63,NUM:conj,3,4.220121539500338e-05,4.9200146194720124e-05
ud23,HOMERIC_TRADITION,64,NUM:nsubj,2,2.8134143596668917e-05,3.514296156765723e-05
ud23,HOMERIC_TRADITION,65,NUM:nummod,97,0.0013645059644384425,0.0013705755011386319
ud23,HOMERIC_TRADITION,66,NUM:obj,2,2.8134143596668917e-05,3.514296156765723e-05
ud23,HOMERIC_TRADITION,67,NUM:obl,1,1.4067071798334459e-05,2.1085776940594338e-05
ud23,HOMERIC_TRADITION,68,NUM:root,1,1.4067071798334459e-05,2.1085776940594338e-05
ud23,HOMERIC_TRADITION,69,NUM:xcomp,1,1.4067071798334459e-05,2.1085776940594338e-05
ud23,HOMERIC_TRADITION,70,PRON:acl,2,2.8134143596668917e-05,3.514296156765723e-05
ud23,HOMERIC_TRADITION,71,PRON:advcl,1,1.4067071798334459e-05,2.1085776940594338e-05
ud23,HOMERIC_TRADITION,72,PRON:appos,6,8.440243079000676e-05,9.13717000759088e-05
ud23,HOMERIC_TRADITION,73,PRON:conj,23,0.00032354265136169257,0.00033034383873597795
ud23,HOMERIC_TRADITION,74,PRON:iobj,300,0.004220121539500338,0.004224183980432399
ud23,HOMERIC_TRADITION,75,PRON:nmod,490,0.0068928651811838845,0.006895049059574348
ud23,HOMERIC_TRADITION,76,PRON:nsubj,1886,0.02653049741165879,0.026518878798954145
ud23,HOMERIC_TRADITION,77,PRON:obj,1807,0.02541919873959037,0.025408361213416178
ud23,HOMERIC_TRADITION,78,PRON:obl,752,0.010578437992347513,0.010578031431864827
ud23,HOMERIC_TRADITION,79,PRON:parataxis,0,0.0,7.028592313531446e-06
ud23,HOMERIC_TRADITION,80,PRON:root,8,0.00011253657438667567,0.00011948606933003458
ud23,HOMERIC_TRADITION,81,PRON:xcomp,3,4.220121539500338e-05,4.9200146194720124e-05
ud23,HOMERIC_TRADITION,82,SCONJ:case,0,0.0,7.028592313531446e-06
ud23,HOMERIC_TRADITION,83,SCONJ:cc,16,0.00022507314877335134,0.00023194354634653772
ud23,HOMERIC_TRADITION,84,SCONJ:mark,725,0.010198627053792483,0.010198487446934128
ud23,HOMERIC_TRADITION,85,SCONJ:nmod,0,0.0,7.028592313531446e-06
ud23,HOMERIC_TRADITION,86,SCONJ:xcomp,0,0.0,7.028592313531446e-06
ud23,HOMERIC_TRADITION,87,VERB:acl,626,0.008805986945757372,0.008806826168854903
ud23,HOMERIC_TRADITION,88,VERB:advcl,3699,0.05203409858203916,0.05200455452781917
ud23,HOMERIC_TRADITION,89,VERB:appos,19,0.0002672743641683547,0.0002741151002277264
ud23,HOMERIC_TRADITION,90,VERB:case,0,0.0,7.028592313531446e-06
ud23,HOMERIC_TRADITION,91,VERB:ccomp,309,0.004346725185685347,0.004350698642075965
ud23,HOMERIC_TRADITION,92,VERB:conj,2824,0.03972541075849651,0.03970451797913914
ud23,HOMERIC_TRADITION,93,VERB:csubj,59,0.0008299572361017331,0.0008364024853102421
ud23,HOMERIC_TRADITION,94,VERB:nmod,315,0.004431127616475354,0.004435041749838342
ud23,HOMERIC_TRADITION,95,VERB:nsubj,5,7.03353589916723e-05,7.73145154488459e-05
ud23,HOMERIC_TRADITION,96,VERB:obl,2,2.8134143596668917e-05,3.514296156765723e-05
ud23,HOMERIC_TRADITION,97,VERB:parataxis,18,0.00025320729237002026,0.0002600579156006635
ud23,HOMERIC_TRADITION,98,VERB:root,5985,0.08419142471303173,0.08413927858528494
ud23,HOMERIC_TRADITION,99,VERB:xcomp,1036,0.0145734863830745,0.014570271865950687
ud23,PLUTARCH,0,ADJ:advcl,14,0.0015758667266996848,0.0016230132079695545
ud23,PLUTARCH,1,ADJ:advmod,74,0.008329581269698334,0.008338929930602194
ud23,PLUTARCH,2,ADJ:amod,63,0.007091400270148582,0.007107678531452877
ud23,PLUTARCH,3,ADJ:appos,0,0.0,5.596597268860533e-05
ud23,PLUTARCH,4,ADJ:conj,75,0.008442143178748312,0.008450861875979404
ud23,PLUTARCH,5,ADJ:iobj,11,0.0012381809995497524,0.0012872173718379224
ud23,PLUTARCH,6,ADJ:nmod,307,0.03455650607834309,0.03441907320349228
ud23,PLUTARCH,7,ADJ:nsubj,57,0.0064160288158487165,0.006436086859189612
ud23,PLUTARCH,8,ADJ:obj,90,0.010130571814497974,0.010129841056637565
ud23,PLUTARCH,9,ADJ:obl,31,0.003489419180549302,0.003525856279382136
ud23,PLUTARCH,10,ADJ:parataxis,1,0.00011256190904997749,0.000167897918065816
ud23,PLUTARCH,11,ADJ:root,33,0.003714542998649257,0.003749720170136557
ud23,PLUTARCH,12,ADJ:xcomp,75,0.008442143178748312,0.008450861875979404
ud23,PLUTARCH,13,ADP:advcl,0,0.0,5.596597268860533e-05
ud23,PLUTARCH,14,ADP:case,548,0.06168392615938766,0.06139467203940004
ud23,PLUTARCH,15,ADP:cc,0,0.0,5.596597268860533e-05
ud23,PLUTARCH,16,ADP:conj,0,0.0,5.596597268860533e-05
ud23,PLUTARCH,17,ADP:mark,2,0.00022512381809995497,0.00027982986344302665
ud23,PLUTARCH,18,ADP:nmod,0,0.0,5.596597268860533e-05
ud23,PLUTARCH,19,ADP:nsubj,0,0.0,5.596597268860533e-05
ud23,PLUTARCH,20,ADP:obj,0,0.0,5.596597268860533e-05
ud23,PLUTARCH,21,ADP:root,0,0.0,5.596597268860533e-05
ud23,PLUTARCH,22,ADV_PART:acl,0,0.0,5.596597268860533e-05
ud23,PLUTARCH,23,ADV_PART:advcl,1,0.00011256190904997749,0.000167897918065816
ud23,PLUTARCH,24,ADV_PART:advmod,1221,0.13743809095002252,0.13672487127826283
ud23,PLUTARCH,25,ADV_PART:case,0,0.0,5.596597268860533e-05
ud23,PLUTARCH,26,ADV_PART:cc,1,0.00011256190904997749,0.000167897918065816
ud23,PLUTARCH,27,ADV_PART:conj,17,0.0019135524538496174,0.0019588090441011864
ud23,PLUTARCH,28,ADV_PART:mark,0,0.0,5.596597268860533e-05
ud23,PLUTARCH,29,ADV_PART:nmod,18,0.002026114362899595,0.002070740989478397
ud23,PLUTARCH,30,ADV_PART:nsubj,1,0.00011256190904997749,0.000167897918065816
ud23,PLUTARCH,31,ADV_PART:obj,0,0.0,5.596597268860533e-05
ud23,PLUTARCH,32,ADV_PART:obl,0,0.0,5.596597268860533e-05
ud23,PLUTARCH,33,ADV_PART:root,0,0.0,5.596597268860533e-05
ud23,PLUTARCH,34,ADV_PART:xcomp,0,0.0,5.596597268860533e-05
ud23,PLUTARCH,35,AUX:aux,0,0.0,5.596597268860533e-05
ud23,PLUTARCH,36,AUX:conj,0,0.0,5.596597268860533e-05
ud23,PLUTARCH,37,AUX:cop,117,0.013169743358847366,0.013152003581822252
ud23,PLUTARCH,38,CCONJ:advmod,2,0.00022512381809995497,0.00027982986344302665
ud23,PLUTARCH,39,CCONJ:case,1,0.00011256190904997749,0.000167897918065816
ud23,PLUTARCH,40,CCONJ:cc,499,0.05616839261593877,0.05591000671591672
ud23,PLUTARCH,41,CCONJ:conj,0,0.0,5.596597268860533e-05
ud23,PLUTARCH,42,CCONJ:mark,11,0.0012381809995497524,0.0012872173718379224
ud23,PLUTARCH,43,CCONJ:nmod,0,0.0,5.596597268860533e-05
ud23,PLUTARCH,44,CCONJ:obj,0,0.0,5.596597268860533e-05
ud23,PLUTARCH,45,CCONJ:obl,0,0.0,5.596597268860533e-05
ud23,PLUTARCH,46,DET:advmod,1,0.00011256190904997749,0.000167897918065816
ud23,PLUTARCH,47,DET:det,1278,0.14385411976587123,0.14310499216476383
ud23,PLUTARCH,48,DET:root,0,0.0,5.596597268860533e-05
ud23,PLUTARCH,49,DET:xcomp,0,0.0,5.596597268860533e-05
ud23,PLUTARCH,50,NOUN:acl,2,0.00022512381809995497,0.00027982986344302665
ud23,PLUTARCH,51,NOUN:advcl,11,0.0012381809995497524,0.0012872173718379224
ud23,PLUTARCH,52,NOUN:appos,5,0.0005628095452498874,0.0006156256995746586
ud23,PLUTARCH,53,NOUN:case,0,0.0,5.596597268860533e-05
ud23,PLUTARCH,54,NOUN:conj,163,0.01834759117514633,0.018300873069173943
ud23,PLUTARCH,55,NOUN:iobj,35,0.003939666816749212,0.0039735840608909785
ud23,PLUTARCH,56,NOUN:nmod,297,0.033430886987843314,0.03329975374972017
ud23,PLUTARCH,57,NOUN:nsubj,393,0.04423683025664115,0.044045220505932396
ud23,PLUTARCH,58,NOUN:obj,491,0.055267897343538944,0.055014551152899036
ud23,PLUTARCH,59,NOUN:obl,435,0.04896443043674021,0.04874636221177524
ud23,PLUTARCH,60,NOUN:root,10,0.0011256190904997748,0.0011752854264607119
ud23,PLUTARCH,61,NOUN:xcomp,63,0.007091400270148582,0.007107678531452877
ud23,PLUTARCH,62,NUM:advcl,1,0.00011256190904997749,0.000167897918065816
ud23,PLUTARCH,63,NUM:conj,2,0.00022512381809995497,0.00027982986344302665
ud23,PLUTARCH,64,NUM:nsubj,1,0.00011256190904997749,0.000167897918065816
ud23,PLUTARCH,65,NUM:nummod,16,0.0018009905447996398,0.0018468770987239758
ud23,PLUTARCH,66,NUM:obj,0,0.0,5.596597268860533e-05
ud23,PLUTARCH,67,NUM:obl,1,0.00011256190904997749,0.000167897918065816
ud23,PLUTARCH,68,NUM:root,0,0.0,5.596597268860533e-05
ud23,PLUTARCH,69,NUM:xcomp,0,0.0,5.596597268860533e-05
ud23,PLUTARCH,70,PRON:acl,1,0.00011256190904997749,0.000167897918065816
ud23,PLUTARCH,71,PRON:advcl,1,0.00011256190904997749,0.000167897918065816
ud23,PLUTARCH,72,PRON:appos,0,0.0,5.596597268860533e-05
ud23,PLUTARCH,73,PRON:conj,7,0.0007879333633498424,0.0008394895903290799
ud23,PLUTARCH,74,PRON:iobj,30,0.003376857271499325,0.003413924334004925
ud23,PLUTARCH,75,PRON:nmod,60,0.00675371454299865,0.006771882695321245
ud23,PLUTARCH,76,PRON:nsubj,100,0.01125619090499775,0.01124916051040967
ud23,PLUTARCH,77,PRON:obj,136,0.01530841963079694,0.015278710543989254
ud23,PLUTARCH,78,PRON:obl,108,0.012156686177397569,0.012144616073427357
ud23,PLUTARCH,79,PRON:parataxis,0,0.0,5.596597268860533e-05
ud23,PLUTARCH,80,PRON:root,1,0.00011256190904997749,0.000167897918065816
ud23,PLUTARCH,81,PRON:xcomp,15,0.0016884286357496624,0.001734945153346765
ud23,PLUTARCH,82,SCONJ:case,2,0.00022512381809995497,0.00027982986344302665
ud23,PLUTARCH,83,SCONJ:cc,0,0.0,5.596597268860533e-05
ud23,PLUTARCH,84,SCONJ:mark,130,0.014633048176497073,0.01460711887172599
ud23,PLUTARCH,85,SCONJ:nmod,0,0.0,5.596597268860533e-05
ud23,PLUTARCH,86,SCONJ:xcomp,0,0.0,5.596597268860533e-05
ud23,PLUTARCH,87,VERB:acl,50,0.005628095452498875,0.0056525632415491385
ud23,PLUTARCH,88,VERB:advcl,526,0.05920756416028816,0.05893216924110141
ud23,PLUTARCH,89,VERB:appos,3,0.00033768572714993245,0.0003917618088202373
ud23,PLUTARCH,90,VERB:case,0,0.0,5.596597268860533e-05
ud23,PLUTARCH,91,VERB:ccomp,115,0.012944619540747411,0.012928139691067831
ud23,PLUTARCH,92,VERB:conj,271,0.0305042773525439,0.030389523169912693
ud23,PLUTARCH,93,VERB:csubj,46,0.005177847816298964,0.0052048354600402955
ud23,PLUTARCH,94,VERB:nmod,113,0.012719495722647457,0.01270427580031341
ud23,PLUTARCH,95,VERB:nsubj,28,0.0031517334533993696,0.0031900604432505038
ud23,PLUTARCH,96,VERB:obl,20,0.0022512381809995496,0.0022946048802328185
ud23,PLUTARCH,97,VERB:parataxis,0,0.0,5.596597268860533e-05
ud23,PLUTARCH,98,VERB:root,455,0.051215668617739754,0.05098500111931945
ud23,PLUTARCH,99,VERB:xcomp,191,0.021499324628545702,0.021434967539735842
ud23,THUCYDIDES,0,ADJ:advcl,19,0.0020329552749839505,0.002075351213282248
ud23,THUCYDIDES,1,ADJ:advmod,133,0.014230686924887652,0.014208173690932312
ud23,THUCYDIDES,2,ADJ:amod,67,0.00716884228546972,0.007183908045977011
ud23,THUCYDIDES,3,ADJ:appos,4,0.00042799058420714745,0.0004789272030651341
ud23,THUCYDIDES,4,ADJ:conj,62,0.006633854055210785,0.006651766709237974
ud23,THUCYDIDES,5,ADJ:iobj,1,0.00010699764605178686,0.00015964240102171138
ud23,THUCYDIDES,6,ADJ:nmod,325,0.03477423496683073,0.034642401021711365
ud23,THUCYDIDES,7,ADJ:nsubj,62,0.006633854055210785,0.006651766709237974
ud23,THUCYDIDES,8,ADJ:obj,87,0.009308795206505457,0.009312473392933163
ud23,THUCYDIDES,9,ADJ:obl,72,0.007703830515728654,0.007716049382716049
ud23,THUCYDIDES,10,ADJ:parataxis,0,0.0,5.321413367390379e-05
ud23,THUCYDIDES,11,ADJ:root,21,0.0022469505670875242,0.002288207747977863
ud23,THUCYDIDES,12,ADJ:xcomp,88,0.009415792852557245,0.009418901660280971
ud23,THUCYDIDES,13,ADP:advcl,0,0.0,5.321413367390379e-05
ud23,THUCYDIDES,14,ADP:case,683,0.07307939225337043,0.07274372073222649
ud23,THUCYDIDES,15,ADP:cc,0,0.0,5.321413367390379e-05
ud23,THUCYDIDES,16,ADP:conj,0,0.0,5.321413367390379e-05
ud23,THUCYDIDES,17,ADP:mark,0,0.0,5.321413367390379e-05
ud23,THUCYDIDES,18,ADP:nmod,3,0.00032099293815536056,0.0003724989357173265
ud23,THUCYDIDES,19,ADP:nsubj,0,0.0,5.321413367390379e-05
ud23,THUCYDIDES,20,ADP:obj,1,0.00010699764605178686,0.00015964240102171138
ud23,THUCYDIDES,21,ADP:root,0,0.0,5.321413367390379e-05
ud23,THUCYDIDES,22,ADV_PART:acl,0,0.0,5.321413367390379e-05
ud23,THUCYDIDES,23,ADV_PART:advcl,0,0.0,5.321413367390379e-05
ud23,THUCYDIDES,24,ADV_PART:advmod,1440,0.1540766103145731,0.15330991911451683
ud23,THUCYDIDES,25,ADV_PART:case,0,0.0,5.321413367390379e-05
ud23,THUCYDIDES,26,ADV_PART:cc,2,0.00021399529210357372,0.00026607066836951894
ud23,THUCYDIDES,27,ADV_PART:conj,6,0.0006419858763107211,0.0006917837377607493
ud23,THUCYDIDES,28,ADV_PART:mark,0,0.0,5.321413367390379e-05
ud23,THUCYDIDES,29,ADV_PART:nmod,24,0.0025679435052428845,0.0026074925500212858
ud23,THUCYDIDES,30,ADV_PART:nsubj,1,0.00010699764605178686,0.00015964240102171138
ud23,THUCYDIDES,31,ADV_PART:obj,2,0.00021399529210357372,0.00026607066836951894
ud23,THUCYDIDES,32,ADV_PART:obl,1,0.00010699764605178686,0.00015964240102171138
ud23,THUCYDIDES,33,ADV_PART:root,1,0.00010699764605178686,0.00015964240102171138
ud23,THUCYDIDES,34,ADV_PART:xcomp,1,0.00010699764605178686,0.00015964240102171138
ud23,THUCYDIDES,35,AUX:aux,0,0.0,5.321413367390379e-05
ud23,THUCYDIDES,36,AUX:conj,0,0.0,5.321413367390379e-05
ud23,THUCYDIDES,37,AUX:cop,135,0.014444682216991226,0.014421030225627927
ud23,THUCYDIDES,38,CCONJ:advmod,1,0.00010699764605178686,0.00015964240102171138
ud23,THUCYDIDES,39,CCONJ:case,0,0.0,5.321413367390379e-05
ud23,THUCYDIDES,40,CCONJ:cc,468,0.050074898352236254,0.04986164325244785
ud23,THUCYDIDES,41,CCONJ:conj,0,0.0,5.321413367390379e-05
ud23,THUCYDIDES,42,CCONJ:mark,31,0.0033169270276053927,0.003352490421455939
ud23,THUCYDIDES,43,CCONJ:nmod,0,0.0,5.321413367390379e-05
ud23,THUCYDIDES,44,CCONJ:obj,0,0.0,5.321413367390379e-05
ud23,THUCYDIDES,45,CCONJ:obl,0,0.0,5.321413367390379e-05
ud23,THUCYDIDES,46,DET:advmod,1,0.00010699764605178686,0.00015964240102171138
ud23,THUCYDIDES,47,DET:det,1198,0.12818317997004067,0.1275542784163474
ud23,THUCYDIDES,48,DET:root,0,0.0,5.321413367390379e-05
ud23,THUCYDIDES,49,DET:xcomp,0,0.0,5.321413367390379e-05
ud23,THUCYDIDES,50,NOUN:acl,10,0.0010699764605178687,0.0011174968071519795
ud23,THUCYDIDES,51,NOUN:advcl,6,0.0006419858763107211,0.0006917837377607493
ud23,THUCYDIDES,52,NOUN:appos,6,0.0006419858763107211,0.0006917837377607493
ud23,THUCYDIDES,53,NOUN:case,0,0.0,5.321413367390379e-05
ud23,THUCYDIDES,54,NOUN:conj,154,0.016477637491975176,0.016443167305236272
ud23,THUCYDIDES,55,NOUN:iobj,19,0.0020329552749839505,0.002075351213282248
ud23,THUCYDIDES,56,NOUN:nmod,354,0.03787716670233255,0.037728820774797785
ud23,THUCYDIDES,57,NOUN:nsubj,352,0.03766317141022898,0.03751596424010217
ud23,THUCYDIDES,58,NOUN:obj,415,0.044404023111491546,0.04422094508301405
ud23,THUCYDIDES,59,NOUN:obl,467,0.04996790070618446,0.04975521498510004
ud23,THUCYDIDES,60,NOUN:root,15,0.001604964690776803,0.0016496381438910175
ud23,THUCYDIDES,61,NOUN:xcomp,38,0.004065910549967901,0.004097488292890592
ud23,THUCYDIDES,62,NUM:advcl,0,0.0,5.321413367390379e-05
ud23,THUCYDIDES,63,NUM:conj,0,0.0,5.321413367390379e-05
ud23,THUCYDIDES,64,NUM:nsubj,0,0.0,5.321413367390379e-05
ud23,THUCYDIDES,65,NUM:nummod,0,0.0,5.321413367390379e-05
ud23,THUCYDIDES,66,NUM:obj,0,0.0,5.321413367390379e-05
ud23,THUCYDIDES,67,NUM:obl,0,0.0,5.321413367390379e-05
ud23,THUCYDIDES,68,NUM:root,0,0.0,5.321413367390379e-05
ud23,THUCYDIDES,69,NUM:xcomp,0,0.0,5.321413367390379e-05
ud23,THUCYDIDES,70,PRON:acl,0,0.0,5.321413367390379e-05
ud23,THUCYDIDES,71,PRON:advcl,1,0.00010699764605178686,0.00015964240102171138
ud23,THUCYDIDES,72,PRON:appos,1,0.00010699764605178686,0.00015964240102171138
ud23,THUCYDIDES,73,PRON:conj,9,0.0009629788144660818,0.001011068539804172
ud23,THUCYDIDES,74,PRON:iobj,25,0.0026749411512946714,0.0027139208173690933
ud23,THUCYDIDES,75,PRON:nmod,96,0.010271774020971538,0.010270327799063431
ud23,THUCYDIDES,76,PRON:nsubj,144,0.015407661031457309,0.015378884631758195
ud23,THUCYDIDES,77,PRON:obj,208,0.022255510378771666,0.02219029374201788
ud23,THUCYDIDES,78,PRON:obl,167,0.017868606890648404,0.017826734780757768
ud23,THUCYDIDES,79,PRON:parataxis,0,0.0,5.321413367390379e-05
ud23,THUCYDIDES,80,PRON:root,2,0.00021399529210357372,0.00026607066836951894
ud23,THUCYDIDES,81,PRON:xcomp,7,0.000748983522362508,0.0007982120051085569
ud23,THUCYDIDES,82,SCONJ:case,0,0.0,5.321413367390379e-05
ud23,THUCYDIDES,83,SCONJ:cc,0,0.0,5.321413367390379e-05
ud23,THUCYDIDES,84,SCONJ:mark,155,0.016584635138026962,0.016549595572584078
ud23,THUCYDIDES,85,SCONJ:nmod,0,0.0,5.321413367390379e-05
ud23,THUCYDIDES,86,SCONJ:xcomp,0,0.0,5.321413367390379e-05
ud23,THUCYDIDES,87,VERB:acl,88,0.009415792852557245,0.009418901660280971
ud23,THUCYDIDES,88,VERB:advcl,499,0.05339182537984164,0.05316091954022988
ud23,THUCYDIDES,89,VERB:appos,4,0.00042799058420714745,0.0004789272030651341
ud23,THUCYDIDES,90,VERB:case,0,0.0,5.321413367390379e-05
ud23,THUCYDIDES,91,VERB:ccomp,76,0.008131821099935802,0.008141762452107279
ud23,THUCYDIDES,92,VERB:conj,275,0.029424352664241385,0.029320987654320986
ud23,THUCYDIDES,93,VERB:csubj,48,0.005135887010485769,0.005161770966368668
ud23,THUCYDIDES,94,VERB:nmod,86,0.00920179756045367,0.009206045125585356
ud23,THUCYDIDES,95,VERB:nsubj,14,0.001497967044725016,0.0015432098765432098
ud23,THUCYDIDES,96,VERB:obl,13,0.0013909693986732291,0.0014367816091954023
ud23,THUCYDIDES,97,VERB:parataxis,1,0.00010699764605178686,0.00015964240102171138
ud23,THUCYDIDES,98,VERB:root,493,0.052749839503530925,0.05252234993614304
ud23,THUCYDIDES,99,VERB:xcomp,158,0.016905628076182323,0.016868880374627502
ud23_oth,ATHENAEUS,0,ADJ:advcl,36,0.001549653480263441,0.001567633732042004
ud23_oth,ATHENAEUS,1,ADJ:advmod,151,0.006499935431104989,0.006506753709708592
ud23_oth,ATHENAEUS,2,ADJ:amod,169,0.007274762171236709,0.0072798333583868405
ud23_oth,ATHENAEUS,3,ADJ:appos,1,4.3045930007317805e-05,6.442330405652071e-05
ud23_oth,ATHENAEUS,4,ADJ:conj,124,0.005337695320907408,0.0053471342366912195
ud23_oth,ATHENAEUS,5,ADJ:iobj,10,0.00043045930007317806,0.000450963128395645
ud23_oth,ATHENAEUS,6,ADJ:nmod,1122,0.04829753346821058,0.048210105868963
ud23_oth,ATHENAEUS,7,ADJ:nsubj,96,0.00413240928070251,0.0041445658943028325
ud23_oth,ATHENAEUS,8,ADJ:obj,183,0.007877405191339159,0.007881117529581034
ud23_oth,ATHENAEUS,9,ADJ:obl,120,0.0051655116008781365,0.005175338759207164
ud23_oth,ATHENAEUS,10,ADJ:oth,11,0.0004735052300804959,0.0004939119977666588
ud23_oth,ATHENAEUS,11,ADJ:parataxis,1,4.3045930007317805e-05,6.442330405652071e-05
ud23_oth,ATHENAEUS,12,ADJ:root,72,0.003099306960526882,0.003113793029398501
ud23_oth,ATHENAEUS,13,ADJ:xcomp,179,0.007705221471309888,0.007709322052096979
ud23_oth,ATHENAEUS,14,ADP:advcl,0,0.0,2.1474434685506904e-05
ud23_oth,ATHENAEUS,15,ADP:case,1770,0.07619129611295251,0.07604097322137995
ud23_oth,ATHENAEUS,16,ADP:cc,0,0.0,2.1474434685506904e-05
ud23_oth,ATHENAEUS,17,ADP:conj,0,0.0,2.1474434685506904e-05
ud23_oth,ATHENAEUS,18,ADP:mark,4,0.00017218372002927122,0.00019326991216956214
ud23_oth,ATHENAEUS,19,ADP:nmod,1,4.3045930007317805e-05,6.442330405652071e-05
ud23_oth,ATHENAEUS,20,ADP:nsubj,0,0.0,2.1474434685506904e-05
ud23_oth,ATHENAEUS,21,ADP:obj,1,4.3045930007317805e-05,6.442330405652071e-05
ud23_oth,ATHENAEUS,22,ADP:root,0,0.0,2.1474434685506904e-05
ud23_oth,ATHENAEUS,23,ADV_PART:acl,0,0.0,2.1474434685506904e-05
ud23_oth,ATHENAEUS,24,ADV_PART:advcl,3,0.00012913779002195344,0.00015032104279854831
ud23_oth,ATHENAEUS,25,ADV_PART:advmod,3076,0.13240928070250957,0.13213219661992398
ud23_oth,ATHENAEUS,26,ADV_PART:case,2,8.609186001463561e-05,0.00010737217342753451
ud23_oth,ATHENAEUS,27,ADV_PART:cc,4,0.00017218372002927122,0.00019326991216956214
ud23_oth,ATHENAEUS,28,ADV_PART:conj,6,0.00025827558004390687,0.00027916765091158974
ud23_oth,ATHENAEUS,29,ADV_PART:mark,0,0.0,2.1474434685506904e-05
ud23_oth,ATHENAEUS,30,ADV_PART:nmod,29,0.0012483319702122164,0.0012669916464449072
ud23_oth,ATHENAEUS,31,ADV_PART:nsubj,0,0.0,2.1474434685506904e-05
ud23_oth,ATHENAEUS,32,ADV_PART:obj,8,0.00034436744005854244,0.00036506538965361734
ud23_oth,ATHENAEUS,33,ADV_PART:obl,2,8.609186001463561e-05,0.00010737217342753451
ud23_oth,ATHENAEUS,34,ADV_PART:oth,0,0.0,2.1474434685506904e-05
ud23_oth,ATHENAEUS,35,ADV_PART:root,3,0.00012913779002195344,0.00015032104279854831
ud23_oth,ATHENAEUS,36,ADV_PART:xcomp,3,0.00012913779002195344,0.00015032104279854831
ud23_oth,ATHENAEUS,37,AUX:aux,0,0.0,2.1474434685506904e-05
ud23_oth,ATHENAEUS,38,AUX:conj,1,4.3045930007317805e-05,6.442330405652071e-05
ud23_oth,ATHENAEUS,39,AUX:cop,355,0.015281305152597822,0.015268323061395408
ud23_oth,ATHENAEUS,40,CCONJ:advmod,4,0.00017218372002927122,0.00019326991216956214
ud23_oth,ATHENAEUS,41,CCONJ:case,0,0.0,2.1474434685506904e-05
ud23_oth,ATHENAEUS,42,CCONJ:cc,797,0.034307606215832294,0.03425172332338351
ud23_oth,ATHENAEUS,43,CCONJ:conj,1,4.3045930007317805e-05,6.442330405652071e-05
ud23_oth,ATHENAEUS,44,CCONJ:mark,32,0.0013774697602341698,0.0013958382545579487
ud23_oth,ATHENAEUS,45,CCONJ:nmod,0,0.0,2.1474434685506904e-05
ud23_oth,ATHENAEUS,46,CCONJ:obj,1,4.3045930007317805e-05,6.442330405652071e-05
ud23_oth,ATHENAEUS,47,CCONJ:obl,1,4.3045930007317805e-05,6.442330405652071e-05
ud23_oth,ATHENAEUS,48,DET:advmod,1,4.3045930007317805e-05,6.442330405652071e-05
ud23_oth,ATHENAEUS,49,DET:det,3040,0.13085962722224614,0.1305860373225675
ud23_oth,ATHENAEUS,50,DET:root,1,4.3045930007317805e-05,6.442330405652071e-05
ud23_oth,ATHENAEUS,51,DET:xcomp,3,0.00012913779002195344,0.00015032104279854831
ud23_oth,ATHENAEUS,52,NOUN:acl,11,0.0004735052300804959,0.0004939119977666588
ud23_oth,ATHENAEUS,53,NOUN:advcl,14,0.0006026430201024494,0.0006227586058797002
ud23_oth,ATHENAEUS,54,NOUN:appos,36,0.001549653480263441,0.001567633732042004
ud23_oth,ATHENAEUS,55,NOUN:case,1,4.3045930007317805e-05,6.442330405652071e-05
ud23_oth,ATHENAEUS,56,NOUN:conj,348,0.014979983642546598,0.014967680975798313
ud23_oth,ATHENAEUS,57,NOUN:iobj,62,0.002668847660453704,0.002684304335688363
ud23_oth,ATHENAEUS,58,NOUN:nmod,1163,0.05006241659851061,0.04997100951317457
ud23_oth,ATHENAEUS,59,NOUN:nsubj,1274,0.05484051482932289,0.0547383340133571
ud23_oth,ATHENAEUS,60,NOUN:obj,1250,0.05380741250914726,0.053707561148452765
ud23_oth,ATHENAEUS,61,NOUN:obl,1275,0.05488356075933021,0.05478128288272811
ud23_oth,ATHENAEUS,62,NOUN:oth,79,0.003400628470578107,0.0034144351149955976
ud23_oth,ATHENAEUS,63,NOUN:root,58,0.002496663940424433,0.0025125088582043076
ud23_oth,ATHENAEUS,64,NOUN:xcomp,149,0.006413843571090354,0.006420855970966565
ud23_oth,ATHENAEUS,65,NUM:advcl,0,0.0,2.1474434685506904e-05
ud23_oth,ATHENAEUS,66,NUM:conj,2,8.609186001463561e-05,0.00010737217342753451
ud23_oth,ATHENAEUS,67,NUM:nsubj,0,0.0,2.1474434685506904e-05
ud23_oth,ATHENAEUS,68,NUM:nummod,14,0.0006026430201024494,0.0006227586058797002
ud23_oth,ATHENAEUS,69,NUM:obj,0,0.0,2.1474434685506904e-05
ud23_oth,ATHENAEUS,70,NUM:obl,0,0.0,2.1474434685506904e-05
ud23_oth,ATHENAEUS,71,NUM:root,0,0.0,2.1474434685506904e-05
ud23_oth,ATHENAEUS,72,NUM:xcomp,0,0.0,2.1474434685506904e-05
ud23_oth,ATHENAEUS,73,PRON:acl,5,0.00021522965003658903,0.00023621878154057594
ud23_oth,ATHENAEUS,74,PRON:advcl,3,0.00012913779002195344,0.00015032104279854831
ud23_oth,ATHENAEUS,75,PRON:appos,0,0.0,2.1474434685506904e-05
ud23_oth,ATHENAEUS,76,PRON:conj,14,0.0006026430201024494,0.0006227586058797002
ud23_oth,ATHENAEUS,77,PRON:iobj,68,0.0029271232404976108,0.002941997551914446
ud23_oth,ATHENAEUS,78,PRON:nmod,228,0.00981447204166846,0.009813816651276655
ud23_oth,ATHENAEUS,79,PRON:nsubj,319,0.01373165167233438,0.013722163764038911
ud23_oth,ATHENAEUS,80,PRON:obj,441,0.018983255133227152,0.018961925827302595
ud23_oth,ATHENAEUS,81,PRON:obl,280,0.012052860402048986,0.012047157858569373
ud23_oth,ATHENAEUS,82,PRON:oth,5,0.00021522965003658903,0.00023621878154057594
ud23_oth,ATHENAEUS,83,PRON:parataxis,0,0.0,2.1474434685506904e-05
ud23_oth,ATHENAEUS,84,PRON:root,10,0.00043045930007317806,0.000450963128395645
ud23_oth,ATHENAEUS,85,PRON:xcomp,24,0.0010331023201756275,0.0010522472995898383
ud23_oth,ATHENAEUS,86,SCONJ:case,3,0.00012913779002195344,0.00015032104279854831
ud23_oth,ATHENAEUS,87,SCONJ:cc,0,0.0,2.1474434685506904e-05
ud23_oth,ATHENAEUS,88,SCONJ:mark,404,0.017390555722956395,0.017372817660575086
ud23_oth,ATHENAEUS,89,SCONJ:nmod,0,0.0,2.1474434685506904e-05
ud23_oth,ATHENAEUS,90,SCONJ:xcomp,1,4.3045930007317805e-05,6.442330405652071e-05
ud23_oth,ATHENAEUS,91,VERB:acl,148,0.006370797641083036,0.006377907101595551
ud23_oth,ATHENAEUS,92,VERB:advcl,1168,0.0502776462485472,0.05018575386002964
ud23_oth,ATHENAEUS,93,VERB:appos,7,0.0003013215100512247,0.00032211652028260357
ud23_oth,ATHENAEUS,94,VERB:case,0,0.0,2.1474434685506904e-05
ud23_oth,ATHENAEUS,95,VERB:ccomp,321,0.013817743532349016,0.01380806150278094
ud23_oth,ATHENAEUS,96,VERB:conj,435,0.018724979553183245,0.018704232611076513
ud23_oth,ATHENAEUS,97,VERB:csubj,54,0.0023244802203951616,0.0023407133807202525
ud23_oth,ATHENAEUS,98,VERB:nmod,277,0.011923722612027033,0.011918311250456332
ud23_oth,ATHENAEUS,99,VERB:nsubj,33,0.0014205156902414877,0.0014387871239289625
ud23_oth,ATHENAEUS,100,VERB:obl,35,0.0015066075502561233,0.00152468486267099
ud23_oth,ATHENAEUS,101,VERB:oth,3,0.00012913779002195344,0.00015032104279854831
ud23_oth,ATHENAEUS,102,VERB:parataxis,9,0.00038741337006586025,0.00040801425902463117
ud23_oth,ATHENAEUS,103,VERB:root,1486,0.06396625199087426,0.06384349432001203
ud23_oth,ATHENAEUS,104,VERB:xcomp,290,0.012483319702122164,0.012476646552279511
ud23_oth,DIODORUS,0,ADJ:advcl,11,0.0007205554827721735,0.0007507262460423671
ud23_oth,DIODORUS,1,ADJ:advmod,105,0.006878029608279838,0.006887097300649542
ud23_oth,DIODORUS,2,ADJ:amod,107,0.007009039696056596,0.0070176583869177795
ud23_oth,DIODORUS,3,ADJ:appos,0,0.0,3.264027156705944e-05
ud23_oth,DIODORUS,4,ADJ:conj,49,0.003209747150530591,0.0032313868851388842
ud23_oth,DIODORUS,5,ADJ:iobj,5,0.000327525219441897,0.00035904298723765383
ud23_oth,DIODORUS,6,ADJ:nmod,726,0.04755666186296345,0.047426314586937364
ud23_oth,DIODORUS,7,ADJ:nsubj,76,0.004978383335516835,0.004993961549760094
ud23_oth,DIODORUS,8,ADJ:obj,121,0.007926110310493908,0.007931585990795444
ud23_oth,DIODORUS,9,ADJ:obl,59,0.003864797589414385,0.003884192316480073
ud23_oth,DIODORUS,10,ADJ:oth,0,0.0,3.264027156705944e-05
ud23_oth,DIODORUS,11,ADJ:parataxis,0,0.0,3.264027156705944e-05
ud23_oth,DIODORUS,12,ADJ:root,11,0.0007205554827721735,0.0007507262460423671
ud23_oth,DIODORUS,13,ADJ:xcomp,121,0.007926110310493908,0.007931585990795444
ud23_oth,DIODORUS,14,ADP:advcl,0,0.0,3.264027156705944e-05
ud23_oth,DIODORUS,15,ADP:case,1325,0.08679418315210272,0.08652935992427457
ud23_oth,DIODORUS,16,ADP:cc,0,0.0,3.264027156705944e-05
ud23_oth,DIODORUS,17,ADP:conj,0,0.0,3.264027156705944e-05
ud23_oth,DIODORUS,18,ADP:mark,6,0.0003930302633302764,0.0004243235303717727
ud23_oth,DIODORUS,19,ADP:nmod,0,0.0,3.264027156705944e-05
ud23_oth,DIODORUS,20,ADP:nsubj,0,0.0,3.264027156705944e-05
ud23_oth,DIODORUS,21,ADP:obj,0,0.0,3.264027156705944e-05
ud23_oth,DIODORUS,22,ADP:root,0,0.0,3.264027156705944e-05
ud23_oth,DIODORUS,23,ADV_PART:acl,0,0.0,3.264027156705944e-05
ud23_oth,DIODORUS,24,ADV_PART:advcl,0,0.0,3.264027156705944e-05
ud23_oth,DIODORUS,25,ADV_PART:advmod,1636,0.10716625180138871,0.10683160883898554
ud23_oth,DIODORUS,26,ADV_PART:case,0,0.0,3.264027156705944e-05
ud23_oth,DIODORUS,27,ADV_PART:cc,2,0.00013101008777675882,0.0001632013578352972
ud23_oth,DIODORUS,28,ADV_PART:conj,2,0.00013101008777675882,0.0001632013578352972
ud23_oth,DIODORUS,29,ADV_PART:mark,0,0.0,3.264027156705944e-05
ud23_oth,DIODORUS,30,ADV_PART:nmod,6,0.0003930302633302764,0.0004243235303717727
ud23_oth,DIODORUS,31,ADV_PART:nsubj,0,0.0,3.264027156705944e-05
ud23_oth,DIODORUS,32,ADV_PART:obj,0,0.0,3.264027156705944e-05
ud23_oth,DIODORUS,33,ADV_PART:obl,0,0.0,3.264027156705944e-05
ud23_oth,DIODORUS,34,ADV_PART:oth,0,0.0,3.264027156705944e-05
ud23_oth,DIODORUS,35,ADV_PART:root,0,0.0,3.264027156705944e-05
ud23_oth,DIODORUS,36,ADV_PART:xcomp,1,6.550504388837941e-05,9.792081470117832e-05
ud23_oth,DIODORUS,37,AUX:aux,0,0.0,3.264027156705944e-05
ud23_oth,DIODORUS,38,AUX:conj,0,0.0,3.264027156705944e-05
ud23_oth,DIODORUS,39,AUX:cop,90,0.005895453949954147,0.005907889153637758
ud23_oth,DIODORUS,40,CCONJ:advmod,1,6.550504388837941e-05,9.792081470117832e-05
ud23_oth,DIODORUS,41,CCONJ:case,2,0.00013101008777675882,0.0001632013578352972
ud23_oth,DIODORUS,42,CCONJ:cc,685,0.04487095506353989,0.04474981231843849
ud23_oth,DIODORUS,43,CCONJ:conj,0,0.0,3.264027156705944e-05
ud23_oth,DIODORUS,44,CCONJ:mark,12,0.0007860605266605528,0.000816006789176486
ud23_oth,DIODORUS,45,CCONJ:nmod,1,6.550504388837941e-05,9.792081470117832e-05
ud23_oth,DIODORUS,46,CCONJ:obj,0,0.0,3.264027156705944e-05
ud23_oth,DIODORUS,47,CCONJ:obl,0,0.0,3.264027156705944e-05
ud23_oth,DIODORUS,48,DET:advmod,1,6.550504388837941e-05,9.792081470117832e-05
ud23_oth,DIODORUS,49,DET:det,2870,0.1879994759596489,0.18738779906648823
ud23_oth,DIODORUS,50,DET:root,0,0.0,3.264027156705944e-05
ud23_oth,DIODORUS,51,DET:xcomp,0,0.0,3.264027156705944e-05
ud23_oth,DIODORUS,52,NOUN:acl,9,0.0005895453949954147,0.0006201651597741294
ud23_oth,DIODORUS,53,NOUN:advcl,5,0.000327525219441897,0.00035904298723765383
ud23_oth,DIODORUS,54,NOUN:appos,7,0.00045853530721865583,0.0004896040735058915
ud23_oth,DIODORUS,55,NOUN:case,1,6.550504388837941e-05,9.792081470117832e-05
ud23_oth,DIODORUS,56,NOUN:conj,210,0.013756059216559676,0.013741554329732023
ud23_oth,DIODORUS,57,NOUN:iobj,44,0.002882221931088694,0.00290498416946829
ud23_oth,DIODORUS,58,NOUN:nmod,751,0.04919428796017293,0.049058328165290335
ud23_oth,DIODORUS,59,NOUN:nsubj,688,0.04506747019520503,0.04494565394784084
ud23_oth,DIODORUS,60,NOUN:obj,920,0.06026464037730905,0.060090739954956424
ud23_oth,DIODORUS,61,NOUN:obl,1063,0.06963186165334731,0.06942585762313543
ud23_oth,DIODORUS,62,NOUN:oth,0,0.0,3.264027156705944e-05
ud23_oth,DIODORUS,63,NOUN:root,6,0.0003930302633302764,0.0004243235303717727
ud23_oth,DIODORUS,64,NOUN:xcomp,60,0.0039303026333027645,0.003949472859614192
ud23_oth,DIODORUS,65,NUM:advcl,0,0.0,3.264027156705944e-05
ud23_oth,DIODORUS,66,NUM:conj,0,0.0,3.264027156705944e-05
ud23_oth,DIODORUS,67,NUM:nsubj,0,0.0,3.264027156705944e-05
ud23_oth,DIODORUS,68,NUM:nummod,0,0.0,3.264027156705944e-05
ud23_oth,DIODORUS,69,NUM:obj,0,0.0,3.264027156705944e-05
ud23_oth,DIODORUS,70,NUM:obl,0,0.0,3.264027156705944e-05
ud23_oth,DIODORUS,71,NUM:root,0,0.0,3.264027156705944e-05
ud23_oth,DIODORUS,72,NUM:xcomp,0,0.0,3.264027156705944e-05
ud23_oth,DIODORUS,73,PRON:acl,1,6.550504388837941e-05,9.792081470117832e-05
ud23_oth,DIODORUS,74,PRON:advcl,0,0.0,3.264027156705944e-05
ud23_oth,DIODORUS,75,PRON:appos,0,0.0,3.264027156705944e-05
ud23_oth,DIODORUS,76,PRON:conj,5,0.000327525219441897,0.00035904298723765383
ud23_oth,DIODORUS,77,PRON:iobj,29,0.0018996462727630028,0.0019257760224565068
ud23_oth,DIODORUS,78,PRON:nmod,73,0.004781868203851697,0.004798119920357737
ud23_oth,DIODORUS,79,PRON:nsubj,134,0.00877767588104284,0.008780233051538988
ud23_oth,DIODORUS,80,PRON:obj,120,0.007860605266605529,0.007866305447661325
ud23_oth,DIODORUS,81,PRON:obl,190,0.012445958338792086,0.012435943467049645
ud23_oth,DIODORUS,82,PRON:oth,0,0.0,3.264027156705944e-05
ud23_oth,DIODORUS,83,PRON:parataxis,0,0.0,3.264027156705944e-05
ud23_oth,DIODORUS,84,PRON:root,6,0.0003930302633302764,0.0004243235303717727
ud23_oth,DIODORUS,85,PRON:xcomp,6,0.0003930302633302764,0.0004243235303717727
ud23_oth,DIODORUS,86,SCONJ:case,2,0.00013101008777675882,0.0001632013578352972
ud23_oth,DIODORUS,87,SCONJ:cc,0,0.0,3.264027156705944e-05
ud23_oth,DIODORUS,88,SCONJ:mark,98,0.006419494301061182,0.006430133498710709
ud23_oth,DIODORUS,89,SCONJ:nmod,0,0.0,3.264027156705944e-05
ud23_oth,DIODORUS,90,SCONJ:xcomp,0,0.0,3.264027156705944e-05
ud23_oth,DIODORUS,91,VERB:acl,47,0.003078737062753832,0.0031008257988706465
ud23_oth,DIODORUS,92,VERB:advcl,827,0.05417267129568977,0.05401964944348337
ud23_oth,DIODORUS,93,VERB:appos,5,0.000327525219441897,0.00035904298723765383
ud23_oth,DIODORUS,94,VERB:case,0,0.0,3.264027156705944e-05
ud23_oth,DIODORUS,95,VERB:ccomp,103,0.006747019520503079,0.006756536214381304
ud23_oth,DIODORUS,96,VERB:conj,461,0.030197825232542906,0.03012697065639586
ud23_oth,DIODORUS,97,VERB:csubj,45,0.0029477269749770734,0.0029702647126024087
ud23_oth,DIODORUS,98,VERB:nmod,211,0.013821564260448055,0.013806834872866143
ud23_oth,DIODORUS,99,VERB:nsubj,36,0.0023581815799816586,0.002382739824395339
ud23_oth,DIODORUS,100,VERB:obl,24,0.0015721210533211057,0.0015993733067859125
ud23_oth,DIODORUS,101,VERB:oth,0,0.0,3.264027156705944e-05
ud23_oth,DIODORUS,102,VERB:parataxis,1,6.550504388837941e-05,9.792081470117832e-05
ud23_oth,DIODORUS,103,VERB:root,710,0.04650858116074938,0.04638182589679146
ud23_oth,DIODORUS,104,VERB:xcomp,337,0.02207519979038386,0.02203218330776512
ud23_oth,HERODOTUS,0,ADJ:advcl,30,0.0017292062943109112,0.0017527224664540414
ud23_oth,HERODOTUS,1,ADJ:advmod,141,0.008127269583261282,0.00813148291813924
ud23_oth,HERODOTUS,2,ADJ:amod,116,0.00668626433800219,0.0066948251587506825
ud23_oth,HERODOTUS,3,ADJ:appos,4,0.00023056083924145483,0.0002585983966899405
ud23_oth,HERODOTUS,4,ADJ:conj,89,0.00512997867312237,0.005143234778611039
ud23_oth,HERODOTUS,5,ADJ:iobj,7,0.00040348146867254594,0.00043099732781656753
ud23_oth,HERODOTUS,6,ADJ:nmod,825,0.04755317309355006,0.0474384392150102
ud23_oth,HERODOTUS,7,ADJ:nsubj,99,0.005706380771226007,0.0057178978823664624
ud23_oth,HERODOTUS,8,ADJ:obj,154,0.008876592310796011,0.00887854495302129
ud23_oth,HERODOTUS,9,ADJ:obl,49,0.0028243702807078217,0.0028445823635893457
ud23_oth,HERODOTUS,10,ADJ:oth,1,5.764020981036371e-05,8.61994655633135e-05
ud23_oth,HERODOTUS,11,ADJ:parataxis,0,0.0,2.873315518777117e-05
ud23_oth,HERODOTUS,12,ADJ:root,49,0.0028243702807078217,0.0028445823635893457
ud23_oth,HERODOTUS,13,ADJ:xcomp,111,0.006398063288950372,0.0064074936068729705
ud23_oth,HERODOTUS,14,ADP:advcl,0,0.0,2.873315518777117e-05
ud23_oth,HERODOTUS,15,ADP:case,1005,0.05792841085941553,0.05778237508260782
ud23_oth,HERODOTUS,16,ADP:cc,0,0.0,2.873315518777117e-05
ud23_oth,HERODOTUS,17,ADP:conj,0,0.0,2.873315518777117e-05
ud23_oth,HERODOTUS,18,ADP:mark,0,0.0,2.873315518777117e-05
ud23_oth,HERODOTUS,19,ADP:nmod,0,0.0,2.873315518777117e-05
ud23_oth,HERODOTUS,20,ADP:nsubj,0,0.0,2.873315518777117e-05
ud23_oth,HERODOTUS,21,ADP:obj,0,0.0,2.873315518777117e-05
ud23_oth,HERODOTUS,22,ADP:root,0,0.0,2.873315518777117e-05
ud23_oth,HERODOTUS,23,ADV_PART:acl,0,0.0,2.873315518777117e-05
ud23_oth,HERODOTUS,24,ADV_PART:advcl,1,5.764020981036371e-05,8.61994655633135e-05
ud23_oth,HERODOTUS,25,ADV_PART:advmod,2454,0.14144907487463254,0.14105105881676866
ud23_oth,HERODOTUS,26,ADV_PART:case,0,0.0,2.873315518777117e-05
ud23_oth,HERODOTUS,27,ADV_PART:cc,1,5.764020981036371e-05,8.61994655633135e-05
ud23_oth,HERODOTUS,28,ADV_PART:conj,1,5.764020981036371e-05,8.61994655633135e-05
ud23_oth,HERODOTUS,29,ADV_PART:mark,0,0.0,2.873315518777117e-05
ud23_oth,HERODOTUS,30,ADV_PART:nmod,10,0.0005764020981036371,0.0006033962589431945
ud23_oth,HERODOTUS,31,ADV_PART:nsubj,2,0.00011528041962072741,0.00014366577593885585
ud23_oth,HERODOTUS,32,ADV_PART:obj,3,0.00017292062943109114,0.00020113208631439817
ud23_oth,HERODOTUS,33,ADV_PART:obl,0,0.0,2.873315518777117e-05
ud23_oth,HERODOTUS,34,ADV_PART:oth,0,0.0,2.873315518777117e-05
ud23_oth,HERODOTUS,35,ADV_PART:root,7,0.00040348146867254594,0.00043099732781656753
ud23_oth,HERODOTUS,36,ADV_PART:xcomp,8,0.00046112167848290966,0.0004884636381921099
ud23_oth,HERODOTUS,37,AUX:aux,0,0.0,2.873315518777117e-05
ud23_oth,HERODOTUS,38,AUX:conj,0,0.0,2.873315518777117e-05
ud23_oth,HERODOTUS,39,AUX:cop,368,0.021211597210213845,0.021176335373387353
ud23_oth,HERODOTUS,40,CCONJ:advmod,2,0.00011528041962072741,0.00014366577593885585
ud23_oth,HERODOTUS,41,CCONJ:case,0,0.0,2.873315518777117e-05
ud23_oth,HERODOTUS,42,CCONJ:cc,714,0.04115510980459969,0.041059678763325
ud23_oth,HERODOTUS,43,CCONJ:conj,0,0.0,2.873315518777117e-05
ud23_oth,HERODOTUS,44,CCONJ:mark,63,0.003631333218052914,0.0036491107088469383
ud23_oth,HERODOTUS,45,CCONJ:nmod,0,0.0,2.873315518777117e-05
ud23_oth,HERODOTUS,46,CCONJ:obj,0,0.0,2.873315518777117e-05
ud23_oth,HERODOTUS,47,CCONJ:obl,0,0.0,2.873315518777117e-05
ud23_oth,HERODOTUS,48,DET:advmod,6,0.0003458412588621823,0.0003735310174410252
ud23_oth,HERODOTUS,49,DET:det,2161,0.12456049340019598,0.12421342987673477
ud23_oth,HERODOTUS,50,DET:root,0,0.0,2.873315518777117e-05
ud23_oth,HERODOTUS,51,DET:xcomp,0,0.0,2.873315518777117e-05
ud23_oth,HERODOTUS,52,NOUN:acl,24,0.0013833650354487291,0.0014079246042007873
ud23_oth,HERODOTUS,53,NOUN:advcl,10,0.0005764020981036371,0.0006033962589431945
ud23_oth,HERODOTUS,54,NOUN:appos,12,0.0006916825177243646,0.0007183288796942792
ud23_oth,HERODOTUS,55,NOUN:case,0,0.0,2.873315518777117e-05
ud23_oth,HERODOTUS,56,NOUN:conj,209,0.012046803850366015,0.01203919202367612
ud23_oth,HERODOTUS,57,NOUN:iobj,54,0.0031125713297596403,0.0031319139154670573
ud23_oth,HERODOTUS,58,NOUN:nmod,598,0.0344688454665975,0.03439358675976209
ud23_oth,HERODOTUS,59,NOUN:nsubj,851,0.049051818548619515,0.0489325632847743
ud23_oth,HERODOTUS,60,NOUN:obj,862,0.049685860856533516,0.04956469269890527
ud23_oth,HERODOTUS,61,NOUN:obl,875,0.05043518358406825,0.050311754733787316
ud23_oth,HERODOTUS,62,NOUN:oth,46,0.0026514496512767306,0.0026721834324627187
ud23_oth,HERODOTUS,63,NOUN:root,37,0.002132687762983457,0.0021549866390828377
ud23_oth,HERODOTUS,64,NOUN:xcomp,97,0.0055911003516052795,0.005602965261615378
ud23_oth,HERODOTUS,65,NUM:advcl,0,0.0,2.873315518777117e-05
ud23_oth,HERODOTUS,66,NUM:conj,5,0.00028820104905181857,0.00031606470706548284
ud23_oth,HERODOTUS,67,NUM:nsubj,0,0.0,2.873315518777117e-05
ud23_oth,HERODOTUS,68,NUM:nummod,40,0.0023056083924145486,0.0023273855702094647
ud23_oth,HERODOTUS,69,NUM:obj,0,0.0,2.873315518777117e-05
ud23_oth,HERODOTUS,70,NUM:obl,0,0.0,2.873315518777117e-05
ud23_oth,HERODOTUS,71,NUM:root,0,0.0,2.873315518777117e-05
ud23_oth,HERODOTUS,72,NUM:xcomp,0,0.0,2.873315518777117e-05
ud23_oth,HERODOTUS,73,PRON:acl,8,0.00046112167848290966,0.0004884636381921099
ud23_oth,HERODOTUS,74,PRON:advcl,4,0.00023056083924145483,0.0002585983966899405
ud23_oth,HERODOTUS,75,PRON:appos,2,0.00011528041962072741,0.00014366577593885585
ud23_oth,HERODOTUS,76,PRON:conj,21,0.0012104444060176379,0.0012355256730741603
ud23_oth,HERODOTUS,77,PRON:iobj,98,0.005648740561415643,0.00566043157199092
ud23_oth,HERODOTUS,78,PRON:nmod,156,0.008991872730416739,0.008993477573772377
ud23_oth,HERODOTUS,79,PRON:nsubj,337,0.01942475070609257,0.019394879751745538
ud23_oth,HERODOTUS,80,PRON:obj,524,0.030203469940630584,0.030141079791971958
ud23_oth,HERODOTUS,81,PRON:obl,271,0.015620496858608566,0.015602103266959745
ud23_oth,HERODOTUS,82,PRON:oth,0,0.0,2.873315518777117e-05
ud23_oth,HERODOTUS,83,PRON:parataxis,0,0.0,2.873315518777117e-05
ud23_oth,HERODOTUS,84,PRON:root,10,0.0005764020981036371,0.0006033962589431945
ud23_oth,HERODOTUS,85,PRON:xcomp,27,0.0015562856648798202,0.0015803235353274144
ud23_oth,HERODOTUS,86,SCONJ:case,4,0.00023056083924145483,0.0002585983966899405
ud23_oth,HERODOTUS,87,SCONJ:cc,0,0.0,2.873315518777117e-05
ud23_oth,HERODOTUS,88,SCONJ:mark,272,0.01567813706841893,0.01565956957733529
ud23_oth,HERODOTUS,89,SCONJ:nmod,0,0.0,2.873315518777117e-05
ud23_oth,HERODOTUS,90,SCONJ:xcomp,0,0.0,2.873315518777117e-05
ud23_oth,HERODOTUS,91,VERB:acl,137,0.007896708744019829,0.00790161767663707
ud23_oth,HERODOTUS,92,VERB:advcl,1069,0.06161738428727881,0.06146021894664253
ud23_oth,HERODOTUS,93,VERB:appos,20,0.0011528041962072743,0.0011780593626986178
ud23_oth,HERODOTUS,94,VERB:case,0,0.0,2.873315518777117e-05
ud23_oth,HERODOTUS,95,VERB:ccomp,231,0.013314888466194016,0.013303450851938051
ud23_oth,HERODOTUS,96,VERB:conj,444,0.02559225315580149,0.02554377496192857
ud23_oth,HERODOTUS,97,VERB:csubj,54,0.0031125713297596403,0.0031319139154670573
ud23_oth,HERODOTUS,98,VERB:nmod,163,0.009395354199089285,0.009395741746401173
ud23_oth,HERODOTUS,99,VERB:nsubj,30,0.0017292062943109112,0.0017527224664540414
ud23_oth,HERODOTUS,100,VERB:obl,13,0.0007493227275347282,0.0007757951900698216
ud23_oth,HERODOTUS,101,VERB:oth,1,5.764020981036371e-05,8.61994655633135e-05
ud23_oth,HERODOTUS,102,VERB:parataxis,2,0.00011528041962072741,0.00014366577593885585
ud23_oth,HERODOTUS,103,VERB:root,988,0.05694852729263934,0.056805447806223604
ud23_oth,HERODOTUS,104,VERB:xcomp,262,0.015101734970315292,0.015084906473579863
ud23_oth,HESIODIC_TRADITION,0,ADJ:advcl,8,0.0008594757198109154,0.0009080711500454036
ud23_oth,HESIODIC_TRADITION,1,ADJ:advmod,110,0.011817791147400086,0.011804924950590247
ud23_oth,HESIODIC_TRADITION,2,ADJ:amod,83,0.008917060593038246,0.008920463650446023
ud23_oth,HESIODIC_TRADITION,3,ADJ:appos,4,0.0004297378599054577,0.00048074355002403717
ud23_oth,HESIODIC_TRADITION,4,ADJ:conj,57,0.006123764503652772,0.006142834250307142
ud23_oth,HESIODIC_TRADITION,5,ADJ:iobj,6,0.0006446067898581865,0.0006944073500347204
ud23_oth,HESIODIC_TRADITION,6,ADJ:nmod,984,0.10571551353674259,0.1051760055552588
ud23_oth,HESIODIC_TRADITION,7,ADJ:nsubj,47,0.005049419853889127,0.005074515250253726
ud23_oth,HESIODIC_TRADITION,8,ADJ:obj,83,0.008917060593038246,0.008920463650446023
ud23_oth,HESIODIC_TRADITION,9,ADJ:obl,37,0.003975075204125484,0.00400619625020031
ud23_oth,HESIODIC_TRADITION,10,ADJ:oth,9,0.0009669101847872797,0.0010149030500507452
ud23_oth,HESIODIC_TRADITION,11,ADJ:parataxis,0,0.0,5.34159500026708e-05
ud23_oth,HESIODIC_TRADITION,12,ADJ:root,15,0.0016115169746454662,0.0016558944500827948
ud23_oth,HESIODIC_TRADITION,13,ADJ:xcomp,95,0.01020627417275462,0.010202446450510123
ud23_oth,HESIODIC_TRADITION,14,ADP:advcl,0,0.0,5.34159500026708e-05
ud23_oth,HESIODIC_TRADITION,15,ADP:case,513,0.05511388053287495,0.05485818065274291
ud23_oth,HESIODIC_TRADITION,16,ADP:cc,0,0.0,5.34159500026708e-05
ud23_oth,HESIODIC_TRADITION,17,ADP:conj,0,0.0,5.34159500026708e-05
ud23_oth,HESIODIC_TRADITION,18,ADP:mark,1,0.00010743446497636442,0.00016024785000801238
ud23_oth,HESIODIC_TRADITION,19,ADP:nmod,0,0.0,5.34159500026708e-05
ud23_oth,HESIODIC_TRADITION,20,ADP:nsubj,0,0.0,5.34159500026708e-05
ud23_oth,HESIODIC_TRADITION,21,ADP:obj,0,0.0,5.34159500026708e-05
ud23_oth,HESIODIC_TRADITION,22,ADP:root,0,0.0,5.34159500026708e-05
ud23_oth,HESIODIC_TRADITION,23,ADV_PART:acl,1,0.00010743446497636442,0.00016024785000801238
ud23_oth,HESIODIC_TRADITION,24,ADV_PART:advcl,0,0.0,5.34159500026708e-05
ud23_oth,HESIODIC_TRADITION,25,ADV_PART:advmod,1327,0.1425655350236356,0.14181934725709097
ud23_oth,HESIODIC_TRADITION,26,ADV_PART:case,6,0.0006446067898581865,0.0006944073500347204
ud23_oth,HESIODIC_TRADITION,27,ADV_PART:cc,587,0.0630640309411259,0.06276374125313819
ud23_oth,HESIODIC_TRADITION,28,ADV_PART:conj,7,0.0007520412548345509,0.0008012392500400619
ud23_oth,HESIODIC_TRADITION,29,ADV_PART:mark,3,0.00032230339492909325,0.0003739116500186956
ud23_oth,HESIODIC_TRADITION,30,ADV_PART:nmod,5,0.0005371723248818221,0.0005875754500293788
ud23_oth,HESIODIC_TRADITION,31,ADV_PART:nsubj,0,0.0,5.34159500026708e-05
ud23_oth,HESIODIC_TRADITION,32,ADV_PART:obj,21,0.0022561237645036527,0.0022968858501148442
ud23_oth,HESIODIC_TRADITION,33,ADV_PART:obl,3,0.00032230339492909325,0.0003739116500186956
ud23_oth,HESIODIC_TRADITION,34,ADV_PART:oth,0,0.0,5.34159500026708e-05
ud23_oth,HESIODIC_TRADITION,35,ADV_PART:root,0,0.0,5.34159500026708e-05
ud23_oth,HESIODIC_TRADITION,36,ADV_PART:xcomp,0,0.0,5.34159500026708e-05
ud23_oth,HESIODIC_TRADITION,37,AUX:aux,0,0.0,5.34159500026708e-05
ud23_oth,HESIODIC_TRADITION,38,AUX:conj,0,0.0,5.34159500026708e-05
ud23_oth,HESIODIC_TRADITION,39,AUX:cop,58,0.006231198968629136,0.006249666150312483
ud23_oth,HESIODIC_TRADITION,40,CCONJ:advmod,83,0.008917060593038246,0.008920463650446023
ud23_oth,HESIODIC_TRADITION,41,CCONJ:case,0,0.0,5.34159500026708e-05
ud23_oth,HESIODIC_TRADITION,42,CCONJ:cc,215,0.02309840996991835,0.023022274451151115
ud23_oth,HESIODIC_TRADITION,43,CCONJ:conj,0,0.0,5.34159500026708e-05
ud23_oth,HESIODIC_TRADITION,44,CCONJ:mark,15,0.0016115169746454662,0.0016558944500827948
ud23_oth,HESIODIC_TRADITION,45,CCONJ:nmod,0,0.0,5.34159500026708e-05
ud23_oth,HESIODIC_TRADITION,46,CCONJ:obj,0,0.0,5.34159500026708e-05
ud23_oth,HESIODIC_TRADITION,47,CCONJ:obl,0,0.0,5.34159500026708e-05
ud23_oth,HESIODIC_TRADITION,48,DET:advmod,0,0.0,5.34159500026708e-05
ud23_oth,HESIODIC_TRADITION,49,DET:det,47,0.005049419853889127,0.005074515250253726
ud23_oth,HESIODIC_TRADITION,50,DET:root,0,0.0,5.34159500026708e-05
ud23_oth,HESIODIC_TRADITION,51,DET:xcomp,0,0.0,5.34159500026708e-05
ud23_oth,HESIODIC_TRADITION,52,NOUN:acl,3,0.00032230339492909325,0.0003739116500186956
ud23_oth,HESIODIC_TRADITION,53,NOUN:advcl,1,0.00010743446497636442,0.00016024785000801238
ud23_oth,HESIODIC_TRADITION,54,NOUN:appos,91,0.009776536312849162,0.009775118850488755
ud23_oth,HESIODIC_TRADITION,55,NOUN:case,0,0.0,5.34159500026708e-05
ud23_oth,HESIODIC_TRADITION,56,NOUN:conj,385,0.0413622690159003,0.04118369745205919
ud23_oth,HESIODIC_TRADITION,57,NOUN:iobj,40,0.004297378599054577,0.004326691950216335
ud23_oth,HESIODIC_TRADITION,58,NOUN:nmod,420,0.04512247529007306,0.04492281395224614
ud23_oth,HESIODIC_TRADITION,59,NOUN:nsubj,450,0.04834550923936399,0.04812777095240639
ud23_oth,HESIODIC_TRADITION,60,NOUN:obj,724,0.07778255264288784,0.07739971155386999
ud23_oth,HESIODIC_TRADITION,61,NOUN:obl,542,0.058229480017189514,0.05795630575289781
ud23_oth,HESIODIC_TRADITION,62,NOUN:oth,17,0.001826385904598195,0.001869558250093478
ud23_oth,HESIODIC_TRADITION,63,NOUN:root,11,0.0011817791147400085,0.0012285668500614283
ud23_oth,HESIODIC_TRADITION,64,NOUN:xcomp,20,0.0021486892995272885,0.0021900539501095028
ud23_oth,HESIODIC_TRADITION,65,NUM:advcl,0,0.0,5.34159500026708e-05
ud23_oth,HESIODIC_TRADITION,66,NUM:conj,0,0.0,5.34159500026708e-05
ud23_oth,HESIODIC_TRADITION,67,NUM:nsubj,0,0.0,5.34159500026708e-05
ud23_oth,HESIODIC_TRADITION,68,NUM:nummod,19,0.0020412548345509238,0.0020832220501041613
ud23_oth,HESIODIC_TRADITION,69,NUM:obj,0,0.0,5.34159500026708e-05
ud23_oth,HESIODIC_TRADITION,70,NUM:obl,0,0.0,5.34159500026708e-05
ud23_oth,HESIODIC_TRADITION,71,NUM:root,0,0.0,5.34159500026708e-05
ud23_oth,HESIODIC_TRADITION,72,NUM:xcomp,0,0.0,5.34159500026708e-05
ud23_oth,HESIODIC_TRADITION,73,PRON:acl,0,0.0,5.34159500026708e-05
ud23_oth,HESIODIC_TRADITION,74,PRON:advcl,0,0.0,5.34159500026708e-05
ud23_oth,HESIODIC_TRADITION,75,PRON:appos,1,0.00010743446497636442,0.00016024785000801238
ud23_oth,HESIODIC_TRADITION,76,PRON:conj,2,0.00021486892995272884,0.000267079750013354
ud23_oth,HESIODIC_TRADITION,77,PRON:iobj,31,0.0033304684142672967,0.00336520485016826
ud23_oth,HESIODIC_TRADITION,78,PRON:nmod,54,0.0058014611087236784,0.005822338550291117
ud23_oth,HESIODIC_TRADITION,79,PRON:nsubj,189,0.020305113880532875,0.02024464505101223
ud23_oth,HESIODIC_TRADITION,80,PRON:obj,145,0.01557799742157284,0.015544041450777202
ud23_oth,HESIODIC_TRADITION,81,PRON:obl,51,0.005479157713794585,0.005501842850275092
ud23_oth,HESIODIC_TRADITION,82,PRON:oth,0,0.0,5.34159500026708e-05
ud23_oth,HESIODIC_TRADITION,83,PRON:parataxis,0,0.0,5.34159500026708e-05
ud23_oth,HESIODIC_TRADITION,84,PRON:root,0,0.0,5.34159500026708e-05
ud23_oth,HESIODIC_TRADITION,85,PRON:xcomp,0,0.0,5.34159500026708e-05
ud23_oth,HESIODIC_TRADITION,86,SCONJ:case,0,0.0,5.34159500026708e-05
ud23_oth,HESIODIC_TRADITION,87,SCONJ:cc,0,0.0,5.34159500026708e-05
ud23_oth,HESIODIC_TRADITION,88,SCONJ:mark,68,0.00730554361839278,0.007317985150365899
ud23_oth,HESIODIC_TRADITION,89,SCONJ:nmod,0,0.0,5.34159500026708e-05
ud23_oth,HESIODIC_TRADITION,90,SCONJ:xcomp,0,0.0,5.34159500026708e-05
ud23_oth,HESIODIC_TRADITION,91,VERB:acl,90,0.009669101847872797,0.009668286950483414
ud23_oth,HESIODIC_TRADITION,92,VERB:advcl,441,0.04737859905457671,0.04716628385235831
ud23_oth,HESIODIC_TRADITION,93,VERB:appos,3,0.00032230339492909325,0.0003739116500186956
ud23_oth,HESIODIC_TRADITION,94,VERB:case,0,0.0,5.34159500026708e-05
ud23_oth,HESIODIC_TRADITION,95,VERB:ccomp,13,0.0013966480446927375,0.0014422306500721114
ud23_oth,HESIODIC_TRADITION,96,VERB:conj,201,0.02159432746024925,0.02152662785107633
ud23_oth,HESIODIC_TRADITION,97,VERB:csubj,10,0.0010743446497636442,0.0011217349500560869
ud23_oth,HESIODIC_TRADITION,98,VERB:nmod,70,0.007520412548345509,0.007531648950376582
ud23_oth,HESIODIC_TRADITION,99,VERB:nsubj,2,0.00021486892995272884,0.000267079750013354
ud23_oth,HESIODIC_TRADITION,100,VERB:obl,2,0.00021486892995272884,0.000267079750013354
ud23_oth,HESIODIC_TRADITION,101,VERB:oth,0,0.0,5.34159500026708e-05
ud23_oth,HESIODIC_TRADITION,102,VERB:parataxis,4,0.0004297378599054577,0.00048074355002403717
ud23_oth,HESIODIC_TRADITION,103,VERB:root,712,0.07649333906317146,0.07611772875380589
ud23_oth,HESIODIC_TRADITION,104,VERB:xcomp,66,0.007090674688440051,0.0071043213503552164
ud23_oth,HOMERIC_TRADITION,0,ADJ:advcl,62,0.0008665632381511454,0.0008729111236810313
ud23_oth,HOMERIC_TRADITION,1,ADJ:advmod,695,0.009713894363145905,0.009713754984322516
ud23_oth,HOMERIC_TRADITION,2,ADJ:amod,433,0.006051965840636225,0.006054511553851633
ud23_oth,HOMERIC_TRADITION,3,ADJ:appos,6,8.3860958530756e-05,9.078275686282725e-05
ud23_oth,HOMERIC_TRADITION,4,ADJ:conj,192,0.002683550672984192,0.0026885662609375765
ud23_oth,HOMERIC_TRADITION,5,ADJ:iobj,53,0.0007407718003550114,0.0007472119218709628
ud23_oth,HOMERIC_TRADITION,6,ADJ:nmod,5857,0.08186227235243966,0.08180923051138625
ud23_oth,HOMERIC_TRADITION,7,ADJ:nsubj,394,0.005506869610186311,0.00550981501267467
ud23_oth,HOMERIC_TRADITION,8,ADJ:obj,581,0.00812053615106154,0.008121565094728314
ud23_oth,HOMERIC_TRADITION,9,ADJ:obl,262,0.003661928522509679,0.0036662267194603314
ud23_oth,HOMERIC_TRADITION,10,ADJ:oth,79,0.0011041692873216208,0.0011103429493222719
ud23_oth,HOMERIC_TRADITION,11,ADJ:parataxis,0,0.0,6.98328898944825e-06
ud23_oth,HOMERIC_TRADITION,12,ADJ:root,117,0.0016352886913497421,0.0016410729125203387
ud23_oth,HOMERIC_TRADITION,13,ADJ:xcomp,888,0.012411421862551888,0.012409304534249542
ud23_oth,HOMERIC_TRADITION,14,ADP:advcl,0,0.0,6.98328898944825e-06
ud23_oth,HOMERIC_TRADITION,15,ADP:case,3928,0.054900974184801596,0.0548677015900949
ud23_oth,HOMERIC_TRADITION,16,ADP:cc,0,0.0,6.98328898944825e-06
ud23_oth,HOMERIC_TRADITION,17,ADP:conj,0,0.0,6.98328898944825e-06
ud23_oth,HOMERIC_TRADITION,18,ADP:mark,2,2.7953652843585335e-05,3.491644494724125e-05
ud23_oth,HOMERIC_TRADITION,19,ADP:nmod,0,0.0,6.98328898944825e-06
ud23_oth,HOMERIC_TRADITION,20,ADP:nsubj,0,0.0,6.98328898944825e-06
ud23_oth,HOMERIC_TRADITION,21,ADP:obj,2,2.7953652843585335e-05,3.491644494724125e-05
ud23_oth,HOMERIC_TRADITION,22,ADP:root,0,0.0,6.98328898944825e-06
ud23_oth,HOMERIC_TRADITION,23,ADV_PART:acl,1,1.3976826421792668e-05,2.094986696834475e-05
ud23_oth,HOMERIC_TRADITION,24,ADV_PART:advcl,2,2.7953652843585335e-05,3.491644494724125e-05
ud23_oth,HOMERIC_TRADITION,25,ADV_PART:advmod,12123,0.1694410667113925,0.16932380812715173
ud23_oth,HOMERIC_TRADITION,26,ADV_PART:case,22,0.00030749018127943867,0.00031424800452517124
ud23_oth,HOMERIC_TRADITION,27,ADV_PART:cc,3867,0.05404838777307225,0.05401574033338222
ud23_oth,HOMERIC_TRADITION,28,ADV_PART:conj,24,0.000335443834123024,0.00034218116048296426
ud23_oth,HOMERIC_TRADITION,29,ADV_PART:mark,21,0.000293513354857646,0.00030028142654627476
ud23_oth,HOMERIC_TRADITION,30,ADV_PART:nmod,22,0.00030749018127943867,0.00031424800452517124
ud23_oth,HOMERIC_TRADITION,31,ADV_PART:nsubj,0,0.0,6.98328898944825e-06
ud23_oth,HOMERIC_TRADITION,32,ADV_PART:obj,271,0.003787719960305813,0.0037919259212704
ud23_oth,HOMERIC_TRADITION,33,ADV_PART:obl,6,8.3860958530756e-05,9.078275686282725e-05
ud23_oth,HOMERIC_TRADITION,34,ADV_PART:oth,0,0.0,6.98328898944825e-06
ud23_oth,HOMERIC_TRADITION,35,ADV_PART:root,6,8.3860958530756e-05,9.078275686282725e-05
ud23_oth,HOMERIC_TRADITION,36,ADV_PART:xcomp,4,5.590730568717067e-05,6.284960090503425e-05
ud23_oth,HOMERIC_TRADITION,37,AUX:aux,0,0.0,6.98328898944825e-06
ud23_oth,HOMERIC_TRADITION,38,AUX:conj,0,0.0,6.98328898944825e-06
ud23_oth,HOMERIC_TRADITION,39,AUX:cop,511,0.007142158301536053,0.00714390463620556
ud23_oth,HOMERIC_TRADITION,40,CCONJ:advmod,354,0.004947796553314604,0.004951151893518809
ud23_oth,HOMERIC_TRADITION,41,CCONJ:case,0,0.0,6.98328898944825e-06
ud23_oth,HOMERIC_TRADITION,42,CCONJ:cc,1600,0.022362922274868267,0.02235350805522385
ud23_oth,HOMERIC_TRADITION,43,CCONJ:conj,0,0.0,6.98328898944825e-06
ud23_oth,HOMERIC_TRADITION,44,CCONJ:mark,254,0.0035501139111353375,0.0035544940956291596
ud23_oth,HOMERIC_TRADITION,45,CCONJ:nmod,0,0.0,6.98328898944825e-06
ud23_oth,HOMERIC_TRADITION,46,CCONJ:obj,0,0.0,6.98328898944825e-06
ud23_oth,HOMERIC_TRADITION,47,CCONJ:obl,0,0.0,6.98328898944825e-06
ud23_oth,HOMERIC_TRADITION,48,DET:advmod,1,1.3976826421792668e-05,2.094986696834475e-05
ud23_oth,HOMERIC_TRADITION,49,DET:det,332,0.004640306372035166,0.004643887177983087
ud23_oth,HOMERIC_TRADITION,50,DET:root,0,0.0,6.98328898944825e-06
ud23_oth,HOMERIC_TRADITION,51,DET:xcomp,0,0.0,6.98328898944825e-06
ud23_oth,HOMERIC_TRADITION,52,NOUN:acl,21,0.000293513354857646,0.00030028142654627476
ud23_oth,HOMERIC_TRADITION,53,NOUN:advcl,23,0.00032146700770123134,0.0003282145825040678
ud23_oth,HOMERIC_TRADITION,54,NOUN:appos,43,0.0006010035361370847,0.0006075461420819978
ud23_oth,HOMERIC_TRADITION,55,NOUN:case,1,1.3976826421792668e-05,2.094986696834475e-05
ud23_oth,HOMERIC_TRADITION,56,NOUN:conj,1119,0.015640068765985997,0.015635584047374633
ud23_oth,HOMERIC_TRADITION,57,NOUN:iobj,329,0.004598375892769788,0.004601987444046397
ud23_oth,HOMERIC_TRADITION,58,NOUN:nmod,2634,0.036814960795001885,0.03679494968540283
ud23_oth,HOMERIC_TRADITION,59,NOUN:nsubj,3703,0.05175618823989825,0.05172522154484319
ud23_oth,HOMERIC_TRADITION,60,NOUN:obj,5242,0.07326652410303716,0.07321978505436491
ud23_oth,HOMERIC_TRADITION,61,NOUN:obl,3890,0.054369854780773476,0.05433697162689684
ud23_oth,HOMERIC_TRADITION,62,NOUN:oth,368,0.005143472123219701,0.00514668398522336
ud23_oth,HOMERIC_TRADITION,63,NOUN:root,49,0.0006848644946678407,0.0006913456099553768
ud23_oth,HOMERIC_TRADITION,64,NOUN:xcomp,117,0.0016352886913497421,0.0016410729125203387
ud23_oth,HOMERIC_TRADITION,65,NUM:advcl,1,1.3976826421792668e-05,2.094986696834475e-05
ud23_oth,HOMERIC_TRADITION,66,NUM:conj,3,4.1930479265378e-05,4.8883022926137754e-05
ud23_oth,HOMERIC_TRADITION,67,NUM:nsubj,2,2.7953652843585335e-05,3.491644494724125e-05
ud23_oth,HOMERIC_TRADITION,68,NUM:nummod,97,0.0013557521629138888,0.0013617413529424089
ud23_oth,HOMERIC_TRADITION,69,NUM:obj,2,2.7953652843585335e-05,3.491644494724125e-05
ud23_oth,HOMERIC_TRADITION,70,NUM:obl,1,1.3976826421792668e-05,2.094986696834475e-05
ud23_oth,HOMERIC_TRADITION,71,NUM:root,1,1.3976826421792668e-05,2.094986696834475e-05
ud23_oth,HOMERIC_TRADITION,72,NUM:xcomp,1,1.3976826421792668e-05,2.094986696834475e-05
ud23_oth,HOMERIC_TRADITION,73,PRON:acl,2,2.7953652843585335e-05,3.491644494724125e-05
ud23_oth,HOMERIC_TRADITION,74,PRON:advcl,1,1.3976826421792668e-05,2.094986696834475e-05
ud23_oth,HOMERIC_TRADITION,75,PRON:appos,6,8.3860958530756e-05,9.078275686282725e-05
ud23_oth,HOMERIC_TRADITION,76,PRON:conj,23,0.00032146700770123134,0.0003282145825040678
ud23_oth,HOMERIC_TRADITION,77,PRON:iobj,300,0.004193047926537801,0.0041969566826583985
ud23_oth,HOMERIC_TRADITION,78,PRON:nmod,490,0.006848644946678408,0.006850606498648734
ud23_oth,HOMERIC_TRADITION,79,PRON:nsubj,1886,0.026360294631500972,0.02634794935718825
ud23_oth,HOMERIC_TRADITION,80,PRON:obj,1807,0.02525612534417935,0.025244589696855425
ud23_oth,HOMERIC_TRADITION,81,PRON:obl,752,0.010510573469188086,0.010509849929119616
ud23_oth,HOMERIC_TRADITION,82,PRON:oth,4,5.590730568717067e-05,6.284960090503425e-05
ud23_oth,HOMERIC_TRADITION,83,PRON:parataxis,0,0.0,6.98328898944825e-06
ud23_oth,HOMERIC_TRADITION,84,PRON:root,8,0.00011181461137434134,0.00011871591282062026
ud23_oth,HOMERIC_TRADITION,85,PRON:xcomp,3,4.1930479265378e-05,4.8883022926137754e-05
ud23_oth,HOMERIC_TRADITION,86,SCONJ:case,0,0.0,6.98328898944825e-06
ud23_oth,HOMERIC_TRADITION,87,SCONJ:cc,16,0.00022362922274868268,0.00023044853665179227
ud23_oth,HOMERIC_TRADITION,88,SCONJ:mark,725,0.010133199155799685,0.01013275232368941
ud23_oth,HOMERIC_TRADITION,89,SCONJ:nmod,0,0.0,6.98328898944825e-06
ud23_oth,HOMERIC_TRADITION,90,SCONJ:xcomp,0,0.0,6.98328898944825e-06
ud23_oth,HOMERIC_TRADITION,91,VERB:acl,626,0.00874949334004221,0.008750061103778657
ud23_oth,HOMERIC_TRADITION,92,VERB:advcl,3699,0.05170028093421108,0.0516693552329276
ud23_oth,HOMERIC_TRADITION,93,VERB:appos,19,0.00026555970201406066,0.00027234827058848174
ud23_oth,HOMERIC_TRADITION,94,VERB:case,0,0.0,6.98328898944825e-06
ud23_oth,HOMERIC_TRADITION,95,VERB:ccomp,309,0.004318839364333934,0.004322655884468467
ud23_oth,HOMERIC_TRADITION,96,VERB:conj,2824,0.03947055781514249,0.039448599501393164
ud23_oth,HOMERIC_TRADITION,97,VERB:csubj,59,0.0008246327588857674,0.0008310113897443418
ud23_oth,HOMERIC_TRADITION,98,VERB:nmod,315,0.0044027003228646906,0.004406455352341846
ud23_oth,HOMERIC_TRADITION,99,VERB:nsubj,5,6.988413210896333e-05,7.681617888393076e-05
ud23_oth,HOMERIC_TRADITION,100,VERB:obl,2,2.7953652843585335e-05,3.491644494724125e-05
ud23_oth,HOMERIC_TRADITION,101,VERB:oth,8,0.00011181461137434134,0.00011871591282062026
ud23_oth,HOMERIC_TRADITION,102,VERB:parataxis,18,0.000251582875592268,0.00025838169260958526
ud23_oth,HOMERIC_TRADITION,103,VERB:root,5985,0.08365130613442912,0.083596952492685
ud23_oth,HOMERIC_TRADITION,104,VERB:xcomp,1036,0.014479992172977204,0.014476358075126223
ud23_oth,PLUTARCH,0,ADJ:advcl,14,0.0015742718992465985,0.0016209267229333184
ud23_oth,PLUTARCH,1,ADJ:advmod,74,0.008321151467446306,0.008328209714381533
ud23_oth,PLUTARCH,2,ADJ:amod,63,0.007084223546609693,0.00709854116594936
ud23_oth,PLUTARCH,3,ADJ:appos,0,0.0,5.589402492873512e-05
ud23_oth,PLUTARCH,4,ADJ:conj,75,0.008433599460249635,0.008439997764239003
ud23_oth,PLUTARCH,5,ADJ:iobj,11,0.001236927920836613,0.0012855625733609077
ud23_oth,PLUTARCH,6,ADJ:nmod,307,0.03452153379062184,0.034374825331172094
ud23_oth,PLUTARCH,7,ADJ:nsubj,57,0.006409535589789722,0.0064278128668045385
ud23_oth,PLUTARCH,8,ADJ:obj,90,0.010120319352299562,0.010116818512101056
ud23_oth,PLUTARCH,9,ADJ:obl,31,0.0034858877769031824,0.0035213235705103124
ud23_oth,PLUTARCH,10,ADJ:oth,1,0.00011244799280332846,0.00016768207478620536
ud23_oth,PLUTARCH,11,ADJ:parataxis,1,0.00011244799280332846,0.00016768207478620536
ud23_oth,PLUTARCH,12,ADJ:root,33,0.003710783762509839,0.003744899670225253
ud23_oth,PLUTARCH,13,ADJ:xcomp,75,0.008433599460249635,0.008439997764239003
ud23_oth,PLUTARCH,14,ADP:advcl,0,0.0,5.589402492873512e-05
ud23_oth,PLUTARCH,15,ADP:case,548,0.06162150005622399,0.06131574534682242
ud23_oth,PLUTARCH,16,ADP:cc,0,0.0,5.589402492873512e-05
ud23_oth,PLUTARCH,17,ADP:conj,0,0.0,5.589402492873512e-05
ud23_oth,PLUTARCH,18,ADP:mark,2,0.0002248959856066569,0.00027947012464367557
ud23_oth,PLUTARCH,19,ADP:nmod,0,0.0,5.589402492873512e-05
ud23_oth,PLUTARCH,20,ADP:nsubj,0,0.0,5.589402492873512e-05
ud23_oth,PLUTARCH,21,ADP:obj,0,0.0,5.589402492873512e-05
ud23_oth,PLUTARCH,22,ADP:root,0,0.0,5.589402492873512e-05
ud23_oth,PLUTARCH,23,ADV_PART:acl,0,0.0,5.589402492873512e-05
ud23_oth,PLUTARCH,24,ADV_PART:advcl,1,0.00011244799280332846,0.00016768207478620536
ud23_oth,PLUTARCH,25,ADV_PART:advmod,1221,0.13729899921286404,0.1365491029008999
ud23_oth,PLUTARCH,26,ADV_PART:case,0,0.0,5.589402492873512e-05
ud23_oth,PLUTARCH,27,ADV_PART:cc,1,0.00011244799280332846,0.00016768207478620536
ud23_oth,PLUTARCH,28,ADV_PART:conj,17,0.0019116158776565839,0.001956290872505729
ud23_oth,PLUTARCH,29,ADV_PART:mark,0,0.0,5.589402492873512e-05
ud23_oth,PLUTARCH,30,ADV_PART:nmod,18,0.0020240638704599125,0.0020680789223631994
ud23_oth,PLUTARCH,31,ADV_PART:nsubj,1,0.00011244799280332846,0.00016768207478620536
ud23_oth,PLUTARCH,32,ADV_PART:obj,0,0.0,5.589402492873512e-05
ud23_oth,PLUTARCH,33,ADV_PART:obl,0,0.0,5.589402492873512e-05
ud23_oth,PLUTARCH,34,ADV_PART:oth,0,0.0,5.589402492873512e-05
ud23_oth,PLUTARCH,35,ADV_PART:root,0,0.0,5.589402492873512e-05
ud23_oth,PLUTARCH,36,ADV_PART:xcomp,0,0.0,5.589402492873512e-05
ud23_oth,PLUTARCH,37,AUX:aux,0,0.0,5.589402492873512e-05
ud23_oth,PLUTARCH,38,AUX:conj,0,0.0,5.589402492873512e-05
ud23_oth,PLUTARCH,39,AUX:cop,117,0.01315641515798943,0.013135095858252753
ud23_oth,PLUTARCH,40,CCONJ:advmod,2,0.0002248959856066569,0.00027947012464367557
ud23_oth,PLUTARCH,41,CCONJ:case,1,0.00011244799280332846,0.00016768207478620536
ud23_oth,PLUTARCH,42,CCONJ:cc,499,0.0561115484088609,0.055838130903806384
ud23_oth,PLUTARCH,43,CCONJ:conj,0,0.0,5.589402492873512e-05
ud23_oth,PLUTARCH,44,CCONJ:mark,11,0.001236927920836613,0.0012855625733609077
ud23_oth,PLUTARCH,45,CCONJ:nmod,0,0.0,5.589402492873512e-05
ud23_oth,PLUTARCH,46,CCONJ:obj,0,0.0,5.589402492873512e-05
ud23_oth,PLUTARCH,47,CCONJ:obl,0,0.0,5.589402492873512e-05
ud23_oth,PLUTARCH,48,DET:advmod,1,0.00011244799280332846,0.00016768207478620536
ud23_oth,PLUTARCH,49,DET:det,1278,0.14370853480265378,0.14292102174277568
ud23_oth,PLUTARCH,50,DET:root,0,0.0,5.589402492873512e-05
ud23_oth,PLUTARCH,51,DET:xcomp,0,0.0,5.589402492873512e-05
ud23_oth,PLUTARCH,52,NOUN:acl,2,0.0002248959856066569,0.00027947012464367557
ud23_oth,PLUTARCH,53,NOUN:advcl,11,0.001236927920836613,0.0012855625733609077
ud23_oth,PLUTARCH,54,NOUN:appos,5,0.0005622399640166423,0.0006148342742160863
ud23_oth,PLUTARCH,55,NOUN:case,0,0.0,5.589402492873512e-05
ud23_oth,PLUTARCH,56,NOUN:conj,163,0.01832902282694254,0.018277346151696384
ud23_oth,PLUTARCH,57,NOUN:iobj,35,0.003935679748116496,0.003968475769940193
ud23_oth,PLUTARCH,58,NOUN:nmod,297,0.03339705386258855,0.0332569448325974
ud23_oth,PLUTARCH,59,NOUN:nsubj,393,0.04419206117170808,0.043988597618914535
ud23_oth,PLUTARCH,60,NOUN:obj,491,0.055211964466434275,0.05494382650494662
ud23_oth,PLUTARCH,61,NOUN:obl,435,0.04891487686944788,0.048683695712928285
ud23_oth,PLUTARCH,62,NOUN:oth,7,0.0007871359496232993,0.0008384103739310268
ud23_oth,PLUTARCH,63,NOUN:root,10,0.0011244799280332846,0.0011737745235034375
ud23_oth,PLUTARCH,64,NOUN:xcomp,63,0.007084223546609693,0.00709854116594936
ud23_oth,PLUTARCH,65,NUM:advcl,1,0.00011244799280332846,0.00016768207478620536
ud23_oth,PLUTARCH,66,NUM:conj,2,0.0002248959856066569,0.00027947012464367557
ud23_oth,PLUTARCH,67,NUM:nsubj,1,0.00011244799280332846,0.00016768207478620536
ud23_oth,PLUTARCH,68,NUM:nummod,16,0.0017991678848532553,0.001844502822648259
ud23_oth,PLUTARCH,69,NUM:obj,0,0.0,5.589402492873512e-05
ud23_oth,PLUTARCH,70,NUM:obl,1,0.00011244799280332846,0.00016768207478620536
ud23_oth,PLUTARCH,71,NUM:root,0,0.0,5.589402492873512e-05
ud23_oth,PLUTARCH,72,NUM:xcomp,0,0.0,5.589402492873512e-05
ud23_oth,PLUTARCH,73,PRON:acl,1,0.00011244799280332846,0.00016768207478620536
ud23_oth,PLUTARCH,74,PRON:advcl,1,0.00011244799280332846,0.00016768207478620536
ud23_oth,PLUTARCH,75,PRON:appos,0,0.0,5.589402492873512e-05
ud23_oth,PLUTARCH,76,PRON:conj,7,0.0007871359496232993,0.0008384103739310268
ud23_oth,PLUTARCH,77,PRON:iobj,30,0.003373439784099854,0.003409535520652842
ud23_oth,PLUTARCH,78,PRON:nmod,60,0.006746879568199708,0.00676317701637695
ud23_oth,PLUTARCH,79,PRON:nsubj,100,0.011244799280332845,0.011234699010675758
ud23_oth,PLUTARCH,80,PRON:obj,136,0.015292927021252671,0.015259068805544687
ud23_oth,PLUTARCH,81,PRON:obl,108,0.012144383222759474,0.012129003409535521
ud23_oth,PLUTARCH,82,PRON:oth,0,0.0,5.589402492873512e-05
ud23_oth,PLUTARCH,83,PRON:parataxis,0,0.0,5.589402492873512e-05
ud23_oth,PLUTARCH,84,PRON:root,1,0.00011244799280332846,0.00016768207478620536
ud23_oth,PLUTARCH,85,PRON:xcomp,15,0.001686719892049927,0.0017327147727907886
ud23_oth,PLUTARCH,86,SCONJ:case,2,0.0002248959856066569,0.00027947012464367557
ud23_oth,PLUTARCH,87,SCONJ:cc,0,0.0,5.589402492873512e-05
ud23_oth,PLUTARCH,88,SCONJ:mark,130,0.0146182390644327,0.014588340506399866
ud23_oth,PLUTARCH,89,SCONJ:nmod,0,0.0,5.589402492873512e-05
ud23_oth,PLUTARCH,90,SCONJ:xcomp,0,0.0,5.589402492873512e-05
ud23_oth,PLUTARCH,91,VERB:acl,50,0.005622399640166423,0.0056452965178022466
ud23_oth,PLUTARCH,92,VERB:advcl,526,0.05914764421455077,0.05885640824995808
ud23_oth,PLUTARCH,93,VERB:appos,3,0.0003373439784099854,0.0003912581745011458
ud23_oth,PLUTARCH,94,VERB:case,0,0.0,5.589402492873512e-05
ud23_oth,PLUTARCH,95,VERB:ccomp,115,0.012931519172382774,0.012911519758537812
ud23_oth,PLUTARCH,96,VERB:conj,271,0.03047340604970201,0.03035045553630317
ud23_oth,PLUTARCH,97,VERB:csubj,46,0.005172607668953109,0.005198144318372366
ud23_oth,PLUTARCH,98,VERB:nmod,113,0.012706623186776116,0.012687943658822871
ud23_oth,PLUTARCH,99,VERB:nsubj,28,0.003148543798493197,0.0031859594209379016
ud23_oth,PLUTARCH,100,VERB:obl,20,0.0022489598560665692,0.0022916550220781397
ud23_oth,PLUTARCH,101,VERB:oth,1,0.00011244799280332846,0.00016768207478620536
ud23_oth,PLUTARCH,102,VERB:parataxis,0,0.0,5.589402492873512e-05
ud23_oth,PLUTARCH,103,VERB:root,455,0.05116383672551445,0.05091945671007769
ud23_oth,PLUTARCH,104,VERB:xcomp,191,0.021477566625435734,0.02140741154770555
ud23_oth,THUCYDIDES,0,ADJ:advcl,19,0.0020314337645675183,0.002073255010366275
ud23_oth,THUCYDIDES,1,ADJ:advmod,133,0.014220036351972628,0.014193822763276806
ud23_oth,THUCYDIDES,2,ADJ:amod,67,0.007163476959264407,0.007176651958960183
ud23_oth,THUCYDIDES,3,ADJ:appos,4,0.0004276702662247407,0.00047844346393067887
ud23_oth,THUCYDIDES,4,ADJ:conj,62,0.0066288891264834815,0.006645048110148317
ud23_oth,THUCYDIDES,5,ADJ:iobj,1,0.00010691756655618518,0.00015948115464355962
ud23_oth,THUCYDIDES,6,ADJ:nmod,325,0.03474820913076018,0.034607410557652436
ud23_oth,THUCYDIDES,7,ADJ:nsubj,62,0.0066288891264834815,0.006645048110148317
ud23_oth,THUCYDIDES,8,ADJ:obj,87,0.009301828290388111,0.009303067354207644
ud23_oth,THUCYDIDES,9,ADJ:obl,72,0.007698064792045333,0.007708255807772049
ud23_oth,THUCYDIDES,10,ADJ:oth,0,0.0,5.316038488118654e-05
ud23_oth,THUCYDIDES,11,ADJ:parataxis,0,0.0,5.316038488118654e-05
ud23_oth,THUCYDIDES,12,ADJ:root,21,0.0022452688976798887,0.002285896549891021
ud23_oth,THUCYDIDES,13,ADJ:xcomp,88,0.009408745856944296,0.009409388123970018
ud23_oth,THUCYDIDES,14,ADP:advcl,0,0.0,5.316038488118654e-05
ud23_oth,THUCYDIDES,15,ADP:case,683,0.07302469795787447,0.072670246132582
ud23_oth,THUCYDIDES,16,ADP:cc,0,0.0,5.316038488118654e-05
ud23_oth,THUCYDIDES,17,ADP:conj,0,0.0,5.316038488118654e-05
ud23_oth,THUCYDIDES,18,ADP:mark,0,0.0,5.316038488118654e-05
ud23_oth,THUCYDIDES,19,ADP:nmod,3,0.00032075269966855556,0.0003721226941683058
ud23_oth,THUCYDIDES,20,ADP:nsubj,0,0.0,5.316038488118654e-05
ud23_oth,THUCYDIDES,21,ADP:obj,1,0.00010691756655618518,0.00015948115464355962
ud23_oth,THUCYDIDES,22,ADP:root,0,0.0,5.316038488118654e-05
ud23_oth,THUCYDIDES,23,ADV_PART:acl,0,0.0,5.316038488118654e-05
ud23_oth,THUCYDIDES,24,ADV_PART:advcl,0,0.0,5.316038488118654e-05
ud23_oth,THUCYDIDES,25,ADV_PART:advmod,1440,0.15396129584090665,0.15315506884269842
ud23_oth,THUCYDIDES,26,ADV_PART:case,0,0.0,5.316038488118654e-05
ud23_oth,THUCYDIDES,27,ADV_PART:cc,2,0.00021383513311237036,0.0002658019244059327
ud23_oth,THUCYDIDES,28,ADV_PART:conj,6,0.0006415053993371111,0.000691085003455425
ud23_oth,THUCYDIDES,29,ADV_PART:mark,0,0.0,5.316038488118654e-05
ud23_oth,THUCYDIDES,30,ADV_PART:nmod,24,0.0025660215973484445,0.0026048588591781404
ud23_oth,THUCYDIDES,31,ADV_PART:nsubj,1,0.00010691756655618518,0.00015948115464355962
ud23_oth,THUCYDIDES,32,ADV_PART:obj,2,0.00021383513311237036,0.0002658019244059327
ud23_oth,THUCYDIDES,33,ADV_PART:obl,1,0.00010691756655618518,0.00015948115464355962
ud23_oth,THUCYDIDES,34,ADV_PART:oth,0,0.0,5.316038488118654e-05
ud23_oth,THUCYDIDES,35,ADV_PART:root,1,0.00010691756655618518,0.00015948115464355962
ud23_oth,THUCYDIDES,36,ADV_PART:xcomp,1,0.00010691756655618518,0.00015948115464355962
ud23_oth,THUCYDIDES,37,AUX:aux,0,0.0,5.316038488118654e-05
ud23_oth,THUCYDIDES,38,AUX:conj,0,0.0,5.316038488118654e-05
ud23_oth,THUCYDIDES,39,AUX:cop,135,0.014433871485084999,0.014406464302801552
ud23_oth,THUCYDIDES,40,CCONJ:advmod,1,0.00010691756655618518,0.00015948115464355962
ud23_oth,THUCYDIDES,41,CCONJ:case,0,0.0,5.316038488118654e-05
ud23_oth,THUCYDIDES,42,CCONJ:cc,468,0.05003742114829467,0.04981128063367179
ud23_oth,THUCYDIDES,43,CCONJ:conj,0,0.0,5.316038488118654e-05
ud23_oth,THUCYDIDES,44,CCONJ:mark,31,0.0033144445632417407,0.003349104247514752
ud23_oth,THUCYDIDES,45,CCONJ:nmod,0,0.0,5.316038488118654e-05
ud23_oth,THUCYDIDES,46,CCONJ:obj,0,0.0,5.316038488118654e-05
ud23_oth,THUCYDIDES,47,CCONJ:obl,0,0.0,5.316038488118654e-05
ud23_oth,THUCYDIDES,48,DET:advmod,1,0.00010691756655618518,0.00015948115464355962
ud23_oth,THUCYDIDES,49,DET:det,1198,0.12808724473430985,0.12742544256020413
ud23_oth,THUCYDIDES,50,DET:root,0,0.0,5.316038488118654e-05
ud23_oth,THUCYDIDES,51,DET:xcomp,0,0.0,5.316038488118654e-05
ud23_oth,THUCYDIDES,52,NOUN:acl,10,0.0010691756655618518,0.0011163680825049174
ud23_oth,THUCYDIDES,53,NOUN:advcl,6,0.0006415053993371111,0.000691085003455425
ud23_oth,THUCYDIDES,54,NOUN:appos,6,0.0006415053993371111,0.000691085003455425
ud23_oth,THUCYDIDES,55,NOUN:case,0,0.0,5.316038488118654e-05
ud23_oth,THUCYDIDES,56,NOUN:conj,154,0.016465305249652517,0.01642655892828664
ud23_oth,THUCYDIDES,57,NOUN:iobj,19,0.0020314337645675183,0.002073255010366275
ud23_oth,THUCYDIDES,58,NOUN:nmod,354,0.037848818560889556,0.03769071288076126
ud23_oth,THUCYDIDES,59,NOUN:nsubj,352,0.037634983427777186,0.03747807134123651
ud23_oth,THUCYDIDES,60,NOUN:obj,415,0.04437079012081685,0.044176279836266014
ud23_oth,THUCYDIDES,61,NOUN:obl,467,0.04993050358173848,0.049704959863909416
ud23_oth,THUCYDIDES,62,NOUN:oth,7,0.0007484229658932962,0.0007974057732177981
ud23_oth,THUCYDIDES,63,NOUN:root,15,0.0016037634983427777,0.0016479719313167828
ud23_oth,THUCYDIDES,64,NOUN:xcomp,38,0.0040628675291350365,0.004093349635851363
ud23_oth,THUCYDIDES,65,NUM:advcl,0,0.0,5.316038488118654e-05
ud23_oth,THUCYDIDES,66,NUM:conj,0,0.0,5.316038488118654e-05
ud23_oth,THUCYDIDES,67,NUM:nsubj,0,0.0,5.316038488118654e-05
ud23_oth,THUCYDIDES,68,NUM:nummod,0,0.0,5.316038488118654e-05
ud23_oth,THUCYDIDES,69,NUM:obj,0,0.0,5.316038488118654e-05
ud23_oth,THUCYDIDES,70,NUM:obl,0,0.0,5.316038488118654e-05
ud23_oth,THUCYDIDES,71,NUM:root,0,0.0,5.316038488118654e-05
ud23_oth,THUCYDIDES,72,NUM:xcomp,0,0.0,5.316038488118654e-05
ud23_oth,THUCYDIDES,73,PRON:acl,0,0.0,5.316038488118654e-05
ud23_oth,THUCYDIDES,74,PRON:advcl,1,0.00010691756655618518,0.00015948115464355962
ud23_oth,THUCYDIDES,75,PRON:appos,1,0.00010691756655618518,0.00015948115464355962
ud23_oth,THUCYDIDES,76,PRON:conj,9,0.0009622580990056666,0.0010100473127425443
ud23_oth,THUCYDIDES,77,PRON:iobj,25,0.0026729391639046295,0.0027111796289405136
ud23_oth,THUCYDIDES,78,PRON:nmod,96,0.010264086389393778,0.010259954282069002
ud23_oth,THUCYDIDES,79,PRON:nsubj,144,0.015396129584090666,0.01536335123066291
ud23_oth,THUCYDIDES,80,PRON:obj,208,0.02223885384368652,0.022167880495454786
ud23_oth,THUCYDIDES,81,PRON:obl,167,0.017855233614882924,0.01780872893519749
ud23_oth,THUCYDIDES,82,PRON:oth,0,0.0,5.316038488118654e-05
ud23_oth,THUCYDIDES,83,PRON:parataxis,0,0.0,5.316038488118654e-05
ud23_oth,THUCYDIDES,84,PRON:root,2,0.00021383513311237036,0.0002658019244059327
ud23_oth,THUCYDIDES,85,PRON:xcomp,7,0.0007484229658932962,0.0007974057732177981
ud23_oth,THUCYDIDES,86,SCONJ:case,0,0.0,5.316038488118654e-05
ud23_oth,THUCYDIDES,87,SCONJ:cc,0,0.0,5.316038488118654e-05
ud23_oth,THUCYDIDES,88,SCONJ:mark,155,0.016572222816208702,0.016532879698049015
ud23_oth,THUCYDIDES,89,SCONJ:nmod,0,0.0,5.316038488118654e-05
ud23_oth,THUCYDIDES,90,SCONJ:xcomp,0,0.0,5.316038488118654e-05
ud23_oth,THUCYDIDES,91,VERB:acl,88,0.009408745856944296,0.009409388123970018
ud23_oth,THUCYDIDES,92,VERB:advcl,499,0.053351865711536405,0.05310722449630535
ud23_oth,THUCYDIDES,93,VERB:appos,4,0.0004276702662247407,0.00047844346393067887
ud23_oth,THUCYDIDES,94,VERB:case,0,0.0,5.316038488118654e-05
ud23_oth,THUCYDIDES,95,VERB:ccomp,76,0.008125735058270073,0.00813353888682154
ud23_oth,THUCYDIDES,96,VERB:conj,275,0.029402330802950925,0.029291372069533785
ud23_oth,THUCYDIDES,97,VERB:csubj,48,0.005132043194696889,0.005156557333475095
ud23_oth,THUCYDIDES,98,VERB:nmod,86,0.009194910723831926,0.009196746584445272
ud23_oth,THUCYDIDES,99,VERB:nsubj,14,0.0014968459317865924,0.0015416511615544096
ud23_oth,THUCYDIDES,100,VERB:obl,13,0.0013899283652304075,0.0014353303917920366
ud23_oth,THUCYDIDES,101,VERB:oth,0,0.0,5.316038488118654e-05
ud23_oth,THUCYDIDES,102,VERB:parataxis,1,0.00010691756655618518,0.00015948115464355962
ud23_oth,THUCYDIDES,103,VERB:root,493,0.05271036031219929,0.052469299877731114
ud23_oth,THUCYDIDES,104,VERB:xcomp,158,0.01689297551587726,0.016851842007336134
upos_only,ATHENAEUS,0,ADJ,2264,0.09786884537241171,0.09786719104522765
upos_only,ATHENAEUS,1,ADP,1776,0.07677344053948904,0.07677680057047777
upos_only,ATHENAEUS,2,ADV_PART,3136,0.13556391302468335,0.13555329861486268
upos_only,ATHENAEUS,3,AUX,356,0.015389270738771452,0.015407221730017072
upos_only,ATHENAEUS,4,CCONJ,836,0.03613884926295768,0.03615186809862351
upos_only,ATHENAEUS,5,DET,3045,0.13163013876280638,0.13162045940748104
upos_only,ATHENAEUS,6,NOUN,5641,0.24385077594778024,0.2438144218510275
upos_only,ATHENAEUS,7,NUM,16,0.0006916526174728742,0.0007130972189208462
upos_only,ATHENAEUS,8,PRON,1392,0.060173777720140056,0.060181083475592624
upos_only,ATHENAEUS,9,SCONJ,408,0.017637141745558294,0.017654558419949434
upos_only,ATHENAEUS,10,VERB,4263,0.18428219426792894,0.18425999956781985
upos_only,DIODORUS,0,ADJ,1391,0.09111751604873575,0.09111744098484105
upos_only,DIODORUS,1,ADP,1331,0.087187213415433,0.08718855384212422
upos_only,DIODORUS,2,ADV_PART,1647,0.10788680728416088,0.10788069279376616
upos_only,DIODORUS,3,AUX,90,0.005895453949954147,0.005926071440264545
upos_only,DIODORUS,4,CCONJ,701,0.045919035765753964,0.04593523884359755
upos_only,DIODORUS,5,DET,2871,0.18806498100353727,0.1880299905051894
upos_only,DIODORUS,6,NOUN,3764,0.2465609851958601,0.24650492747929148
upos_only,DIODORUS,7,NUM,0,0.0,3.274072618930688e-05
upos_only,DIODORUS,8,PRON,564,0.036944844753045984,0.03696427986772747
upos_only,DIODORUS,9,SCONJ,100,0.0065505043888379405,0.006580885964050683
upos_only,DIODORUS,10,VERB,2807,0.183872658194681,0.18383917755295812
upos_only,HERODOTUS,0,ADJ,1674,0.0967574128663083,0.09675555427151648
upos_only,HERODOTUS,1,ADP,1005,0.05808912779608115,0.058099557969549014
upos_only,HERODOTUS,2,ADV_PART,2487,0.14374891624761574,0.1437321237685263
upos_only,HERODOTUS,3,AUX,368,0.02127044679498295,0.021292577933146505
upos_only,HERODOTUS,4,CCONJ,779,0.045026299057857926,0.045040880593996475
upos_only,HERODOTUS,5,DET,2167,0.12525287555632622,0.12524196111287667
upos_only,HERODOTUS,6,NOUN,3629,0.20975666146465521,0.20971889174587582
upos_only,HERODOTUS,7,NUM,45,0.0026010057222125888,0.002629070002600179
upos_only,HERODOTUS,8,PRON,1458,0.08427258539968788,0.084274694478953
upos_only,HERODOTUS,9,SCONJ,276,0.01595283509623721,0.015976656169647243
upos_only,HERODOTUS,10,VERB,3413,0.1972718339980348,0.19723803195331233
upos_only,HESIODIC_TRADITION,0,ADJ,1529,0.16472742943331178,0.16468371467025572
upos_only,HESIODIC_TRADITION,1,ADP,514,0.05537599655246714,0.05539703903095559
upos_only,HESIODIC_TRADITION,2,ADV_PART,1960,0.21116138763197587,0.21109017496635263
upos_only,HESIODIC_TRADITION,3,AUX,58,0.006248653307476837,0.00629878869448183
upos_only,HESIODIC_TRADITION,4,CCONJ,313,0.03372118078000431,0.03375504710632571
upos_only,HESIODIC_TRADITION,5,DET,47,0.005063563887093299,0.0051144010767160165
upos_only,HESIODIC_TRADITION,6,NOUN,2687,0.28948502477914245,0.28936742934051146
upos_only,HESIODIC_TRADITION,7,NUM,19,0.0020469726352079294,0.0020995962314939434
upos_only,HESIODIC_TRADITION,8,PRON,473,0.050958845076492135,0.05098250336473755
upos_only,HESIODIC_TRADITION,9,SCONJ,68,0.007326007326007326,0.007375504710632571
upos_only,HESIODIC_TRADITION,10,VERB,1614,0.17388493859082094,0.17383580080753702
upos_only,HOMERIC_TRADITION,0,ADJ,9540,0.13419986495611075,0.13419651585587994
upos_only,HOMERIC_TRADITION,1,ADP,3932,0.05531172631105109,0.05531448022674366
upos_only,HOMERIC_TRADITION,2,ADV_PART,16369,0.23026389826693675,0.23025311737359955
upos_only,HOMERIC_TRADITION,3,AUX,511,0.007188273688948909,0.007194750574947077
upos_only,HOMERIC_TRADITION,4,CCONJ,2208,0.031060094530722483,0.031064724623207467
upos_only,HOMERIC_TRADITION,5,DET,333,0.004684334908845375,0.0046910055068325514
upos_only,HOMERIC_TRADITION,6,NOUN,17171,0.241545689849201,0.24153403616364366
upos_only,HOMERIC_TRADITION,7,NUM,108,0.0015192437542201215,0.0015261592128675617
upos_only,HOMERIC_TRADITION,8,PRON,5278,0.07424600495160927,0.07424729405641867
upos_only,HOMERIC_TRADITION,9,SCONJ,741,0.010423700202565833,0.010429926786555733
upos_only,HOMERIC_TRADITION,10,VERB,14897,0.20955716857978843,0.20954798961930415
upos_only,PLUTARCH,0,ADJ,831,0.09353894642053129,0.09353731930929748
upos_only,PLUTARCH,1,ADP,550,0.06190904997748762,0.0619269925192643
upos_only,PLUTARCH,2,ADV_PART,1259,0.14171544349392165,0.14168400922436583
upos_only,PLUTARCH,3,AUX,117,0.013169743358847366,0.013217841273412453
upos_only,PLUTARCH,4,CCONJ,513,0.05774425934263845,0.05776477867146634
upos_only,PLUTARCH,5,DET,1279,0.14396668167492122,0.14393385454749985
upos_only,PLUTARCH,6,NOUN,1905,0.21443043674020712,0.21435401316159514
upos_only,PLUTARCH,7,NUM,21,0.0023638000900495274,0.002418583722369087
upos_only,PLUTARCH,8,PRON,459,0.05166591625393967,0.05169019629900444
upos_only,PLUTARCH,9,SCONJ,132,0.014858171994597028,0.014905225265762979
upos_only,PLUTARCH,10,VERB,1818,0.20463755065285907,0.2045671860059621
upos_only,THUCYDIDES,0,ADJ,941,0.10068478493473143,0.10067903544885848
upos_only,THUCYDIDES,1,ADP,687,0.07350738283757757,0.0735176174945196
upos_only,THUCYDIDES,2,ADV_PART,1478,0.15814252086454098,0.1581029781318505
upos_only,THUCYDIDES,3,AUX,135,0.014444682216991226,0.014489654066192589
upos_only,THUCYDIDES,4,CCONJ,500,0.05349882302589343,0.053520825536010265
upos_only,THUCYDIDES,5,DET,1199,0.12829017761609243,0.12826819226862002
upos_only,THUCYDIDES,6,NOUN,1836,0.19644767815108066,0.19638560658717852
upos_only,THUCYDIDES,7,NUM,0,0.0,5.3467358177832434e-05
upos_only,THUCYDIDES,8,PRON,660,0.07061844639417933,0.07063038015291664
upos_only,THUCYDIDES,9,SCONJ,155,0.016584635138026962,0.016628348393305886
upos_only,THUCYDIDES,10,VERB,1755,0.18778086882088593,0.18772389456236968
