cell,level,unit,aggregation,past_band,metric,mean,sd,min,max,S,reason
C0,block,ATHENAEUS,not_applicable,4_7,ce_ctw_original,4.171895870531096,0.0025614730384304896,4.166449558650574,4.176072006574313,20,
C0,block,ATHENAEUS,not_applicable,4_7,ce_ctw_shuffled,4.532227741785195,0.015905358242514142,4.498033831623996,4.561578251011845,20,
C0,block,ATHENAEUS,not_applicable,4_7,ce_root_original,4.605758396250016,0.0015681529155410067,4.602612563939019,4.608216433633806,20,
C0,block,ATHENAEUS,not_applicable,4_7,ce_root_shuffled,4.532227741785196,0.015905358242514194,4.498033831623996,4.561578251011846,20,
C0,block,ATHENAEUS,not_applicable,4_7,g_original,0.4338625257189211,0.0027858810817959303,0.42977650816481106,0.4384727454628665,20,
C0,block,ATHENAEUS,not_applicable,4_7,g_shuffled,1.7763568394002506e-16,3.645007325606124e-16,0.0,8.881784197001252e-16,20,
C0,block,ATHENAEUS,not_applicable,4_7,q,0.4338625257189209,0.002785881081795937,0.42977650816481106,0.43847274546286563,20,
C0,block,ATHENAEUS,not_applicable,all,ce_ctw_original,4.233885107710907,0.001429009932663317,4.23146333223468,4.236668588469771,20,
C0,block,ATHENAEUS,not_applicable,all,ce_ctw_shuffled,4.561370121522213,0.005826336051488756,4.553358016611881,4.571146354124559,20,
C0,block,ATHENAEUS,not_applicable,all,ce_root_original,4.685964669279345,0.0011551046131588344,4.683461875471187,4.68779269779942,20,
C0,block,ATHENAEUS,not_applicable,all,ce_root_shuffled,4.561370121522213,0.005826336051488808,4.553358016611881,4.571146354124559,20,
C0,block,ATHENAEUS,not_applicable,all,g_original,0.45207956156843665,0.0018503588088662488,0.44817173012612344,0.45542075065963505,20,
C0,block,ATHENAEUS,not_applicable,all,g_shuffled,8.881784197001253e-17,2.7337554942045927e-16,0.0,8.881784197001252e-16,20,
C0,block,ATHENAEUS,not_applicable,all,q,0.45207956156843665,0.0018503588088661822,0.44817173012612344,0.45542075065963505,20,
C0,block,ATHENAEUS,not_applicable,ge8,ce_ctw_original,4.265530473044059,0.001751265400384602,4.262286581496058,4.268757172394898,20,
C0,block,ATHENAEUS,not_applicable,ge8,ce_ctw_shuffled,4.576247240444974,0.007016792139416303,4.563327290539528,4.586460751943111,20,
C0,block,ATHENAEUS,not_applicable,ge8,ce_root_original,4.726909790198659,0.0012628593118322582,4.723918633477415,4.72890146574108,20,
C0,block,ATHENAEUS,not_applicable,ge8,ce_root_shuffled,4.5762472404449746,0.00701679213941617,4.563327290539529,4.586460751943111,20,
C0,block,ATHENAEUS,not_applicable,ge8,g_original,0.46137931715460107,0.0020672860666772963,0.45672562668891015,0.4658522221237478,20,
C0,block,ATHENAEUS,not_applicable,ge8,g_shuffled,1.3322676295501878e-16,3.2538198671663145e-16,0.0,8.881784197001252e-16,20,
C0,block,ATHENAEUS,not_applicable,ge8,q,0.46137931715460107,0.002067286066677293,0.45672562668891015,0.4658522221237478,20,
C0,block,DIODORUS,not_applicable,4_7,ce_ctw_original,3.880698185357022,0.004162135076784424,3.871117587693788,3.8885893873694966,20,
C0,block,DIODORUS,not_applicable,4_7,ce_ctw_shuffled,4.372351835986817,0.01615647239536734,4.336720206609892,4.4069554608832515,20,
C0,block,DIODORUS,not_applicable,4_7,ce_root_original,4.372811894009358,0.002553170504466153,4.366750295889444,4.37761958961985,20,
C0,block,DIODORUS,not_applicable,4_7,ce_root_shuffled,4.372351835986817,0.016156472395367247,4.336720206609893,4.4069554608832515,20,
C0,block,DIODORUS,not_applicable,4_7,g_original,0.49211370865233606,0.003482708872855191,0.4850312389697109,0.4992402331780865,20,
C0,block,DIODORUS,not_applicable,4_7,g_shuffled,8.881784197001253e-17,2.7337554942045927e-16,0.0,8.881784197001252e-16,20,
C0,block,DIODORUS,not_applicable,4_7,q,0.4921137086523359,0.0034827088728551303,0.4850312389697109,0.4992402331780865,20,
C0,block,DIODORUS,not_applicable,all,ce_ctw_original,3.9923068751420816,0.002611280578467514,3.9867783016249803,3.9971121037800073,20,
C0,block,DIODORUS,not_applicable,all,ce_ctw_shuffled,4.405176700562363,0.007033244910644293,4.3919092559676285,4.419590358446292,20,
C0,block,DIODORUS,not_applicable,all,ce_root_original,4.5184767846232985,0.0024879866405637828,4.513367253968386,4.521957517301185,20,
C0,block,DIODORUS,not_applicable,all,ce_root_shuffled,4.405176700562363,0.007033244910644214,4.391909255967629,4.419590358446292,20,
C0,block,DIODORUS,not_applicable,all,g_original,0.5261699094812174,0.0019067765269695901,0.5221848399964979,0.5289649323555423,20,
C0,block,DIODORUS,not_applicable,all,g_shuffled,1.3322676295501878e-16,3.2538198671663145e-16,0.0,8.881784197001252e-16,20,
C0,block,DIODORUS,not_applicable,all,q,0.5261699094812171,0.0019067765269695533,0.5221848399964979,0.5289649323555423,20,
C0,block,DIODORUS,not_applicable,ge8,ce_ctw_original,4.026584321411382,0.0028617091573580763,4.020368160742976,4.032257252723691,20,
C0,block,DIODORUS,not_applicable,ge8,ce_ctw_shuffled,4.415257927516574,0.009188772899720294,4.401453296715297,4.430609698838007,20,
C0,block,DIODORUS,not_applicable,ge8,ce_root_original,4.56321362788307,0.00254676836632701,4.558396497770079,4.566870674062401,20,
C0,block,DIODORUS,not_applicable,ge8,ce_root_shuffled,4.415257927516574,0.00918877289972031,4.401453296715297,4.430609698838007,20,
C0,block,DIODORUS,not_applicable,ge8,g_original,0.5366293064716896,0.002276501781763305,0.531753451935784,0.5404850121100475,20,
C0,block,DIODORUS,not_applicable,ge8,g_shuffled,8.881784197001253e-17,2.7337554942045927e-16,0.0,8.881784197001252e-16,20,
C0,block,DIODORUS,not_applicable,ge8,q,0.5366293064716896,0.0022765017817632243,0.531753451935784,0.5404850121100475,20,
C0,block,HERODOTUS,not_applicable,4_7,ce_ctw_original,4.315565014405509,0.004228217947614158,4.3077185819164585,4.323486330873187,20,
C0,block,HERODOTUS,not_applicable,4_7,ce_ctw_shuffled,4.621264090325738,0.023752605473619362,4.588291324205898,4.666129849824833,20,
C0,block,HERODOTUS,not_applicable,4_7,ce_root_original,4.691482885431263,0.0016088006598110535,4.687757740469164,4.695390016352246,20,
C0,block,HERODOTUS,not_applicable,4_7,ce_root_shuffled,4.621264090325738,0.023752605473619435,4.588291324205898,4.666129849824833,20,
C0,block,HERODOTUS,not_applicable,4_7,g_original,0.3759178710257526,0.003878393223704543,0.3680834743153394,0.38231061853177284,20,
C0,block,HERODOTUS,not_applicable,4_7,g_shuffled,4.4408920985006264e-17,1.986027322597818e-16,0.0,8.881784197001252e-16,20,
C0,block,HERODOTUS,not_applicable,4_7,q,0.3759178710257526,0.0038783932237044677,0.3680834743153394,0.38231061853177284,20,
C0,block,HERODOTUS,not_applicable,all,ce_ctw_original,4.393918122085595,0.003251501490855096,4.389270071265705,4.400086122926136,20,
C0,block,HERODOTUS,not_applicable,all,ce_ctw_shuffled,4.64254075857245,0.008035129129940888,4.626195201931035,4.660463959069936,20,
C0,block,HERODOTUS,not_applicable,all,ce_root_original,4.7870678048508655,0.0013939265718962716,4.78353938704546,4.789981286417175,20,
C0,block,HERODOTUS,not_applicable,all,ce_root_shuffled,4.64254075857245,0.00803512912994084,4.626195201931035,4.660463959069936,20,
C0,block,HERODOTUS,not_applicable,all,g_original,0.39314968276527085,0.002548940530983158,0.3886040258099914,0.39677859816021854,20,
C0,block,HERODOTUS,not_applicable,all,g_shuffled,4.4408920985006264e-17,1.986027322597818e-16,0.0,8.881784197001252e-16,20,
C0,block,HERODOTUS,not_applicable,all,q,0.39314968276527085,0.002548940530983154,0.3886040258099914,0.39677859816021854,20,
C0,block,HERODOTUS,not_applicable,ge8,ce_ctw_original,4.428661160244108,0.0032886294050218723,4.423946205083473,4.4367137246305,20,
C0,block,HERODOTUS,not_applicable,ge8,ce_ctw_shuffled,4.651975178197511,0.010135885932605206,4.6311628213485925,4.672418138341892,20,
C0,block,HERODOTUS,not_applicable,ge8,ce_root_original,4.829451707686384,0.0014617780988997156,4.826010521891477,4.8322976873691905,20,
C0,block,HERODOTUS,not_applicable,ge8,ce_root_shuffled,4.651975178197511,0.010135885932605112,4.631162821348593,4.672418138341892,20,
C0,block,HERODOTUS,not_applicable,ge8,g_original,0.4007905474422767,0.002461315106974547,0.3955839627386908,0.4045950658187838,20,
C0,block,HERODOTUS,not_applicable,ge8,g_shuffled,8.881784197001253e-17,2.7337554942045927e-16,0.0,8.881784197001252e-16,20,
C0,block,HERODOTUS,not_applicable,ge8,q,0.4007905474422766,0.002461315106974485,0.3955839627386908,0.4045950658187838,20,
C0,block,HESIODIC_TRADITION,not_applicable,4_7,ce_ctw_original,4.556053534148158,0.005503645258841829,4.547420730130053,4.56656161572226,20,
C0,block,HESIODIC_TRADITION,not_applicable,4_7,ce_ctw_shuffled,4.844516352545584,0.030291644809155648,4.776663374363616,4.902970483064126,20,
C0,block,HESIODIC_TRADITION,not_applicable,4_7,ce_root_original,4.84735873463608,0.0038077527582157456,4.840298852946386,4.852306866267138,20,
C0,block,HESIODIC_TRADITION,not_applicable,4_7,ce_root_shuffled,4.844516352545584,0.030291644809155627,4.776663374363616,4.902970483064126,20,
C0,block,HESIODIC_TRADITION,not_applicable,4_7,g_original,0.29130520048792197,0.0034633707378140593,0.2850836823514564,0.3006073426374254,20,
C0,block,HESIODIC_TRADITION,not_applicable,4_7,g_shuffled,4.4408920985006264e-17,1.986027322597818e-16,0.0,8.881784197001252e-16,20,
C0,block,HESIODIC_TRADITION,not_applicable,4_7,q,0.2913052004879219,0.0034633707378140264,0.2850836823514564,0.3006073426374254,20,
C0,block,HESIODIC_TRADITION,not_applicable,all,ce_ctw_original,4.670339400283516,0.009559784731947542,4.650331031006064,4.687464660104287,20,
C0,block,HESIODIC_TRADITION,not_applicable,all,ce_ctw_shuffled,4.8776566758153965,0.011784543414312088,4.852476097886357,4.891901453438401,20,
C0,block,HESIODIC_TRADITION,not_applicable,all,ce_root_original,4.923330085829582,0.004979625449933279,4.912946422684685,4.930162958561012,20,
C0,block,HESIODIC_TRADITION,not_applicable,all,ce_root_shuffled,4.8776566758153965,0.011784543414312088,4.852476097886357,4.891901453438401,20,
C0,block,HESIODIC_TRADITION,not_applicable,all,g_original,0.25299068554606613,0.005908532216432087,0.24113961820505825,0.26261539167862136,20,
C0,block,HESIODIC_TRADITION,not_applicable,all,g_shuffled,0.0,0.0,0.0,0.0,20,
C0,block,HESIODIC_TRADITION,not_applicable,all,q,0.25299068554606613,0.005908532216432087,0.24113961820505825,0.26261539167862136,20,
C0,block,HESIODIC_TRADITION,not_applicable,ge8,ce_ctw_original,4.739573029516648,0.013423685703398438,4.712673417305008,4.765618156313762,20,
C0,block,HESIODIC_TRADITION,not_applicable,ge8,ce_ctw_shuffled,4.8977328666123485,0.01689732977527771,4.868231657043471,4.934008727811852,20,
C0,block,HESIODIC_TRADITION,not_applicable,ge8,ce_root_original,4.969353032837234,0.005791936799977092,4.956955844654613,4.977628542299644,20,
C0,block,HESIODIC_TRADITION,not_applicable,ge8,ce_root_shuffled,4.8977328666123485,0.01689732977527771,4.868231657043471,4.934008727811852,20,
C0,block,HESIODIC_TRADITION,not_applicable,ge8,g_original,0.2297800033205843,0.009703716437284954,0.2115246125296304,0.2442824273496047,20,
C0,block,HESIODIC_TRADITION,not_applicable,ge8,g_shuffled,0.0,0.0,0.0,0.0,20,
C0,block,HESIODIC_TRADITION,not_applicable,ge8,q,0.2297800033205843,0.009703716437284954,0.2115246125296304,0.2442824273496047,20,
C0,block,HOMERIC_TRADITION,not_applicable,4_7,ce_ctw_original,4.477913197366925,0.0033124480067441794,4.47226466064156,4.485828996829101,20,
C0,block,HOMERIC_TRADITION,not_applicable,4_7,ce_ctw_shuffled,4.70809668900451,0.010382864864505898,4.689667667425793,4.727457749795126,20,
C0,block,HOMERIC_TRADITION,not_applicable,4_7,ce_root_original,4.733887780172217,0.0015687946746038,4.730858451649379,4.7362026042999075,20,
C0,block,HOMERIC_TRADITION,not_applicable,4_7,ce_root_shuffled,4.70809668900451,0.01038286486450581,4.689667667425795,4.727457749795126,20,
C0,block,HOMERIC_TRADITION,not_applicable,4_7,g_original,0.25597458280529317,0.0027669664302492113,0.2474059380044995,0.2603328101054698,20,
C0,block,HOMERIC_TRADITION,not_applicable,4_7,g_shuffled,1.3322676295501878e-16,4.3463942216845276e-16,0.0,1.7763568394002505e-15,20,
C0,block,HOMERIC_TRADITION,not_applicable,4_7,q,0.25597458280529306,0.002766966430249179,0.2474059380044995,0.2603328101054698,20,
C0,block,HOMERIC_TRADITION,not_applicable,all,ce_ctw_original,4.555547214625569,0.002736706370634917,4.550639512276833,4.561610989052344,20,
C0,block,HOMERIC_TRADITION,not_applicable,all,ce_ctw_shuffled,4.724583234054944,0.004807212969638757,4.715692811174259,4.733557795648792,20,
C0,block,HOMERIC_TRADITION,not_applicable,all,ce_root_original,4.817659498010515,0.001333101849270039,4.815688400538737,4.8201151431921465,20,
C0,block,HOMERIC_TRADITION,not_applicable,all,ce_root_shuffled,4.724583234054944,0.0048072129696386705,4.71569281117426,4.733557795648792,20,
C0,block,HOMERIC_TRADITION,not_applicable,all,g_original,0.26211228338494796,0.002317812339615173,0.2551510408709765,0.2658617546839137,20,
C0,block,HOMERIC_TRADITION,not_applicable,all,g_shuffled,4.4408920985006264e-17,1.9860273225978183e-16,0.0,8.881784197001252e-16,20,
C0,block,HOMERIC_TRADITION,not_applicable,all,q,0.26211228338494796,0.0023178123396151457,0.2551510408709765,0.2658617546839137,20,
C0,block,HOMERIC_TRADITION,not_applicable,ge8,ce_ctw_original,4.6150853551678415,0.0028073618518037443,4.610745804549388,4.620908460505299,20,
C0,block,HOMERIC_TRADITION,not_applicable,ge8,ce_ctw_shuffled,4.737226895569959,0.007156810255177357,4.723585036947494,4.750439546016904,20,
C0,block,HOMERIC_TRADITION,not_applicable,ge8,ce_root_original,4.881904689567558,0.0015074233608882675,4.87951067866982,4.884483194276429,20,
C0,block,HOMERIC_TRADITION,not_applicable,ge8,ce_root_shuffled,4.737226895569959,0.007156810255177357,4.723585036947494,4.750439546016904,20,
C0,block,HOMERIC_TRADITION,not_applicable,ge8,g_original,0.26681933439971683,0.0023064209494960044,0.2610908213855181,0.2701019459169034,20,
C0,block,HOMERIC_TRADITION,not_applicable,ge8,g_shuffled,0.0,0.0,0.0,0.0,20,
C0,block,HOMERIC_TRADITION,not_applicable,ge8,q,0.26681933439971683,0.0023064209494960044,0.2610908213855181,0.2701019459169034,20,
C0,block,PLUTARCH,not_applicable,4_7,ce_ctw_original,4.158536023395137,0.006038981317177675,4.1462278993434065,4.1697878475385775,20,
C0,block,PLUTARCH,not_applicable,4_7,ce_ctw_shuffled,4.58869390239352,0.04118995573436032,4.483368931451792,4.633660126542996,20,
C0,block,PLUTARCH,not_applicable,4_7,ce_root_original,4.658717836195,0.0014703869518595612,4.656326551244321,4.661326179830431,20,
C0,block,PLUTARCH,not_applicable,4_7,ce_root_shuffled,4.58869390239352,0.04118995573436023,4.483368931451792,4.633660126542996,20,
C0,block,PLUTARCH,not_applicable,4_7,g_original,0.5001818127998626,0.005478137811873644,0.49113760376083615,0.5118719527004414,20,
C0,block,PLUTARCH,not_applicable,4_7,g_shuffled,1.3322676295501878e-16,3.2538198671663145e-16,0.0,8.881784197001252e-16,20,
C0,block,PLUTARCH,not_applicable,4_7,q,0.5001818127998624,0.00547813781187361,0.49113760376083615,0.5118719527004405,20,
C0,block,PLUTARCH,not_applicable,all,ce_ctw_original,4.2341789665087175,0.0039556044362659346,4.227277680380371,4.242018258540748,20,
C0,block,PLUTARCH,not_applicable,all,ce_ctw_shuffled,4.637198554545558,0.008438072008049972,4.624676902092394,4.65201595670848,20,
C0,block,PLUTARCH,not_applicable,all,ce_root_original,4.777036476360623,0.0018881629638088971,4.773620929943472,4.780422621335578,20,
C0,block,PLUTARCH,not_applicable,all,ce_root_shuffled,4.637198554545558,0.008438072008049972,4.624676902092394,4.65201595670848,20,
C0,block,PLUTARCH,not_applicable,all,g_original,0.542857509851905,0.003466226658642059,0.5368310625604042,0.5491455343228839,20,
C0,block,PLUTARCH,not_applicable,all,g_shuffled,0.0,0.0,0.0,0.0,20,
C0,block,PLUTARCH,not_applicable,all,q,0.542857509851905,0.003466226658642059,0.5368310625604042,0.5491455343228839,20,
C0,block,PLUTARCH,not_applicable,ge8,ce_ctw_original,4.261680056279314,0.004303309115368361,4.254472025949453,4.270656517344861,20,
C0,block,PLUTARCH,not_applicable,ge8,ce_ctw_shuffled,4.654833124780639,0.015631716284039122,4.628798666486594,4.681860922558619,20,
C0,block,PLUTARCH,not_applicable,ge8,ce_root_original,4.8200529351444095,0.0022665677379101845,4.816155448170837,4.823803251791677,20,
C0,block,PLUTARCH,not_applicable,ge8,ce_root_shuffled,4.654833124780639,0.015631716284039164,4.628798666486594,4.681860922558619,20,
C0,block,PLUTARCH,not_applicable,ge8,g_original,0.5583728788650955,0.003682596829141922,0.5503274210392108,0.5652812740426416,20,
C0,block,PLUTARCH,not_applicable,ge8,g_shuffled,4.4408920985006264e-17,1.986027322597818e-16,0.0,8.881784197001252e-16,20,
C0,block,PLUTARCH,not_applicable,ge8,q,0.5583728788650955,0.0036825968291419845,0.5503274210392108,0.5652812740426416,20,
C0,block,THUCYDIDES,not_applicable,4_7,ce_ctw_original,4.216529089322519,0.005553879043291575,4.20835805198769,4.2308981822814395,20,
C0,block,THUCYDIDES,not_applicable,4_7,ce_ctw_shuffled,4.58593397384635,0.021943524976709535,4.536716974298026,4.619287704261717,20,
C0,block,THUCYDIDES,not_applicable,4_7,ce_root_original,4.648208668516226,0.0014752049112097987,4.645449714048841,4.650743426080137,20,
C0,block,THUCYDIDES,not_applicable,4_7,ce_root_shuffled,4.58593397384635,0.02194352497670954,4.536716974298026,4.619287704261717,20,
C0,block,THUCYDIDES,not_applicable,4_7,g_original,0.431679579193707,0.005159392318334103,0.41826473012195375,0.4388202767403211,20,
C0,block,THUCYDIDES,not_applicable,4_7,g_shuffled,4.4408920985006264e-17,1.986027322597818e-16,0.0,8.881784197001252e-16,20,
C0,block,THUCYDIDES,not_applicable,4_7,q,0.431679579193707,0.0051593923183340575,0.41826473012195375,0.4388202767403211,20,
C0,block,THUCYDIDES,not_applicable,all,ce_ctw_original,4.323847664359684,0.0032628487852259104,4.316941436865336,4.3299667147034295,20,
C0,block,THUCYDIDES,not_applicable,all,ce_ctw_shuffled,4.613959412044673,0.01071866753833613,4.588598794746131,4.637339984382785,20,
C0,block,THUCYDIDES,not_applicable,all,ce_root_original,4.7534268538030995,0.0011259548974955056,4.751556153666214,4.755366364639064,20,
C0,block,THUCYDIDES,not_applicable,all,ce_root_shuffled,4.613959412044673,0.01071866753833613,4.588598794746131,4.637339984382785,20,
C0,block,THUCYDIDES,not_applicable,all,g_original,0.42957918944341406,0.002932396509684016,0.42454506206392484,0.4348366700225421,20,
C0,block,THUCYDIDES,not_applicable,all,g_shuffled,0.0,0.0,0.0,0.0,20,
C0,block,THUCYDIDES,not_applicable,all,q,0.42957918944341406,0.002932396509684016,0.42454506206392484,0.4348366700225421,20,
C0,block,THUCYDIDES,not_applicable,ge8,ce_ctw_original,4.3645992194854815,0.003255326588875319,4.356923898660161,4.371079442981522,20,
C0,block,THUCYDIDES,not_applicable,ge8,ce_ctw_shuffled,4.624601373972215,0.012967406763253054,4.606600876743636,4.656838246479443,20,
C0,block,THUCYDIDES,not_applicable,ge8,ce_root_original,4.7933808382505205,0.0012236240620442467,4.791410894047608,4.7958518628902755,20,
C0,block,THUCYDIDES,not_applicable,ge8,ce_root_shuffled,4.624601373972215,0.012967406763253076,4.606600876743636,4.656838246479443,20,
C0,block,THUCYDIDES,not_applicable,ge8,g_original,0.428781618765038,0.0028953657728483227,0.4232410147954795,0.43522976633326227,20,
C0,block,THUCYDIDES,not_applicable,ge8,g_shuffled,4.4408920985006264e-17,1.986027322597818e-16,0.0,8.881784197001252e-16,20,
C0,block,THUCYDIDES,not_applicable,ge8,q,0.428781618765038,0.0028953657728483283,0.4232410147954795,0.43522976633326227,20,
C0,document,tlg0003.tlg001.perseus-grc1.1.tb.xml,not_applicable,4_7,ce_ctw_original,4.216529089322519,0.005553879043291575,4.20835805198769,4.2308981822814395,20,
C0,document,tlg0003.tlg001.perseus-grc1.1.tb.xml,not_applicable,4_7,ce_ctw_shuffled,4.58593397384635,0.021943524976709535,4.536716974298026,4.619287704261717,20,
C0,document,tlg0003.tlg001.perseus-grc1.1.tb.xml,not_applicable,4_7,ce_root_original,4.648208668516226,0.0014752049112097987,4.645449714048841,4.650743426080137,20,
C0,document,tlg0003.tlg001.perseus-grc1.1.tb.xml,not_applicable,4_7,ce_root_shuffled,4.58593397384635,0.02194352497670954,4.536716974298026,4.619287704261717,20,
C0,document,tlg0003.tlg001.perseus-grc1.1.tb.xml,not_applicable,4_7,g_original,0.431679579193707,0.005159392318334103,0.41826473012195375,0.4388202767403211,20,
C0,document,tlg0003.tlg001.perseus-grc1.1.tb.xml,not_applicable,4_7,g_shuffled,4.4408920985006264e-17,1.986027322597818e-16,0.0,8.881784197001252e-16,20,
C0,document,tlg0003.tlg001.perseus-grc1.1.tb.xml,not_applicable,4_7,q,0.431679579193707,0.0051593923183340575,0.41826473012195375,0.4388202767403211,20,
C0,document,tlg0003.tlg001.perseus-grc1.1.tb.xml,not_applicable,all,ce_ctw_original,4.323847664359684,0.0032628487852259104,4.316941436865336,4.3299667147034295,20,
C0,document,tlg0003.tlg001.perseus-grc1.1.tb.xml,not_applicable,all,ce_ctw_shuffled,4.613959412044673,0.01071866753833613,4.588598794746131,4.637339984382785,20,
C0,document,tlg0003.tlg001.perseus-grc1.1.tb.xml,not_applicable,all,ce_root_original,4.7534268538030995,0.0011259548974955056,4.751556153666214,4.755366364639064,20,
C0,document,tlg0003.tlg001.perseus-grc1.1.tb.xml,not_applicable,all,ce_root_shuffled,4.613959412044673,0.01071866753833613,4.588598794746131,4.637339984382785,20,
C0,document,tlg0003.tlg001.perseus-grc1.1.tb.xml,not_applicable,all,g_original,0.42957918944341406,0.002932396509684016,0.42454506206392484,0.4348366700225421,20,
C0,document,tlg0003.tlg001.perseus-grc1.1.tb.xml,not_applicable,all,g_shuffled,0.0,0.0,0.0,0.0,20,
C0,document,tlg0003.tlg001.perseus-grc1.1.tb.xml,not_applicable,all,q,0.42957918944341406,0.002932396509684016,0.42454506206392484,0.4348366700225421,20,
C0,document,tlg0003.tlg001.perseus-grc1.1.tb.xml,not_applicable,ge8,ce_ctw_original,4.3645992194854815,0.003255326588875319,4.356923898660161,4.371079442981522,20,
C0,document,tlg0003.tlg001.perseus-grc1.1.tb.xml,not_applicable,ge8,ce_ctw_shuffled,4.624601373972215,0.012967406763253054,4.606600876743636,4.656838246479443,20,
C0,document,tlg0003.tlg001.perseus-grc1.1.tb.xml,not_applicable,ge8,ce_root_original,4.7933808382505205,0.0012236240620442467,4.791410894047608,4.7958518628902755,20,
C0,document,tlg0003.tlg001.perseus-grc1.1.tb.xml,not_applicable,ge8,ce_root_shuffled,4.624601373972215,0.012967406763253076,4.606600876743636,4.656838246479443,20,
C0,document,tlg0003.tlg001.perseus-grc1.1.tb.xml,not_applicable,ge8,g_original,0.428781618765038,0.0028953657728483227,0.4232410147954795,0.43522976633326227,20,
C0,document,tlg0003.tlg001.perseus-grc1.1.tb.xml,not_applicable,ge8,g_shuffled,4.4408920985006264e-17,1.986027322597818e-16,0.0,8.881784197001252e-16,20,
C0,document,tlg0003.tlg001.perseus-grc1.1.tb.xml,not_applicable,ge8,q,0.428781618765038,0.0028953657728483283,0.4232410147954795,0.43522976633326227,20,
C0,document,tlg0007.tlg004.perseus-grc1.tb.xml,not_applicable,4_7,ce_ctw_original,4.185436125627163,0.00798484020560183,4.167431003088795,4.196089618957577,20,
C0,document,tlg0007.tlg004.perseus-grc1.tb.xml,not_applicable,4_7,ce_ctw_shuffled,4.647579218686032,0.04839353878168399,4.5447814327858875,4.709270102276734,20,
C0,document,tlg0007.tlg004.perseus-grc1.tb.xml,not_applicable,4_7,ce_root_original,4.70883766570631,0.00226229319545899,4.7050021711802215,4.712922379184676,20,
C0,document,tlg0007.tlg004.perseus-grc1.tb.xml,not_applicable,4_7,ce_root_shuffled,4.647579218686032,0.0483935387816839,4.5447814327858875,4.709270102276734,20,
C0,document,tlg0007.tlg004.perseus-grc1.tb.xml,not_applicable,4_7,g_original,0.5234015400791469,0.007350713889350668,0.5145939431080162,0.5422182534129725,20,
C0,document,tlg0007.tlg004.perseus-grc1.tb.xml,not_applicable,4_7,g_shuffled,4.4408920985006264e-17,1.986027322597818e-16,0.0,8.881784197001252e-16,20,
C0,document,tlg0007.tlg004.perseus-grc1.tb.xml,not_applicable,4_7,q,0.5234015400791469,0.007350713889350686,0.5145939431080162,0.5422182534129725,20,
C0,document,tlg0007.tlg004.perseus-grc1.tb.xml,not_applicable,all,ce_ctw_original,4.31589009941238,0.004686683407903395,4.307336074138141,4.325811422239541,20,
C0,document,tlg0007.tlg004.perseus-grc1.tb.xml,not_applicable,all,ce_ctw_shuffled,4.7050740176441455,0.01248335899345969,4.681073746102724,4.726193883235427,20,
C0,document,tlg0007.tlg004.perseus-grc1.tb.xml,not_applicable,all,ce_root_original,4.868574713857404,0.0023042173258254915,4.864855785911595,4.872973271258855,20,
C0,document,tlg0007.tlg004.perseus-grc1.tb.xml,not_applicable,all,ce_root_shuffled,4.7050740176441455,0.012483358993459794,4.681073746102724,4.726193883235427,20,
C0,document,tlg0007.tlg004.perseus-grc1.tb.xml,not_applicable,all,g_original,0.5526846144450239,0.003921140515278404,0.5462919158103254,0.5608229343351052,20,
C0,document,tlg0007.tlg004.perseus-grc1.tb.xml,not_applicable,all,g_shuffled,8.881784197001253e-17,3.972054645195636e-16,0.0,1.7763568394002505e-15,20,
C0,document,tlg0007.tlg004.perseus-grc1.tb.xml,not_applicable,all,q,0.5526846144450239,0.003921140515278492,0.5462919158103254,0.5608229343351052,20,
C0,document,tlg0007.tlg004.perseus-grc1.tb.xml,not_applicable,ge8,ce_ctw_original,4.362879945888754,0.005267420987452894,4.355120037978171,4.373661440929455,20,
C0,document,tlg0007.tlg004.perseus-grc1.tb.xml,not_applicable,ge8,ce_ctw_shuffled,4.725783787518077,0.019767992017225473,4.672765331832653,4.755917473913796,20,
C0,document,tlg0007.tlg004.perseus-grc1.tb.xml,not_applicable,ge8,ce_root_original,4.926112396699992,0.002828140910434096,4.92183477679134,4.931186696662727,20,
C0,document,tlg0007.tlg004.perseus-grc1.tb.xml,not_applicable,ge8,ce_root_shuffled,4.725783787518077,0.019767992017225493,4.672765331832653,4.755917473913796,20,
C0,document,tlg0007.tlg004.perseus-grc1.tb.xml,not_applicable,ge8,g_original,0.5632324508112374,0.004283141502703227,0.5531020000777707,0.5696293353554553,20,
C0,document,tlg0007.tlg004.perseus-grc1.tb.xml,not_applicable,ge8,g_shuffled,4.4408920985006264e-17,1.986027322597818e-16,0.0,8.881784197001252e-16,20,
C0,document,tlg0007.tlg004.perseus-grc1.tb.xml,not_applicable,ge8,q,0.5632324508112374,0.00428314150270325,0.5531020000777707,0.5696293353554553,20,
C0,document,tlg0007.tlg015.perseus-grc1.tb.xml,not_applicable,4_7,ce_ctw_original,4.1313419309747825,0.009211367013951177,4.118279874642047,4.152500795468907,20,
C0,document,tlg0007.tlg015.perseus-grc1.tb.xml,not_applicable,4_7,ce_ctw_shuffled,4.529165030731692,0.0567102834061932,4.394012002457025,4.6052101085572525,20,
C0,document,tlg0007.tlg015.perseus-grc1.tb.xml,not_applicable,4_7,ce_root_original,4.608050248984112,0.0019298433418262135,4.604555200546803,4.610979188643142,20,
C0,document,tlg0007.tlg015.perseus-grc1.tb.xml,not_applicable,4_7,ce_root_shuffled,4.529165030731692,0.056710283406193114,4.394012002457025,4.6052101085572525,20,
C0,document,tlg0007.tlg015.perseus-grc1.tb.xml,not_applicable,4_7,g_original,0.47670831800932917,0.008945631181523937,0.45665110396504716,0.4893807867106492,20,
C0,document,tlg0007.tlg015.perseus-grc1.tb.xml,not_applicable,4_7,g_shuffled,8.881784197001253e-17,2.7337554942045927e-16,0.0,8.881784197001252e-16,20,
C0,document,tlg0007.tlg015.perseus-grc1.tb.xml,not_applicable,4_7,q,0.476708318009329,0.008945631181524019,0.45665110396504627,0.4893807867106492,20,
C0,document,tlg0007.tlg015.perseus-grc1.tb.xml,not_applicable,all,ce_ctw_original,4.150429850536742,0.004186851980354201,4.144376413698311,4.15762497327608,20,
C0,document,tlg0007.tlg015.perseus-grc1.tb.xml,not_applicable,all,ce_ctw_shuffled,4.567630188171329,0.010952943390248025,4.5354968026902025,4.582581726371894,20,
C0,document,tlg0007.tlg015.perseus-grc1.tb.xml,not_applicable,all,ce_root_original,4.683215154888716,0.0018472629426529454,4.68011055673436,4.686125199082701,20,
C0,document,tlg0007.tlg015.perseus-grc1.tb.xml,not_applicable,all,ce_root_shuffled,4.567630188171329,0.010952943390248025,4.5354968026902025,4.582581726371894,20,
C0,document,tlg0007.tlg015.perseus-grc1.tb.xml,not_applicable,all,g_original,0.5327853043519741,0.004046007267671843,0.5243400811032988,0.539982918023334,20,
C0,document,tlg0007.tlg015.perseus-grc1.tb.xml,not_applicable,all,g_shuffled,0.0,0.0,0.0,0.0,20,
C0,document,tlg0007.tlg015.perseus-grc1.tb.xml,not_applicable,all,q,0.5327853043519741,0.004046007267671843,0.5243400811032988,0.539982918023334,20,
C0,document,tlg0007.tlg015.perseus-grc1.tb.xml,not_applicable,ge8,ce_ctw_original,4.157435645321817,0.004392440475703345,4.14966661694807,4.164552769344364,20,
C0,document,tlg0007.tlg015.perseus-grc1.tb.xml,not_applicable,ge8,ce_ctw_shuffled,4.581747965570953,0.02208238322816461,4.545356893649269,4.629720276683509,20,
C0,document,tlg0007.tlg015.perseus-grc1.tb.xml,not_applicable,ge8,ce_root_original,4.7108027557321615,0.002052494624450133,4.707264051163497,4.714459360876099,20,
C0,document,tlg0007.tlg015.perseus-grc1.tb.xml,not_applicable,ge8,ce_root_shuffled,4.581747965570953,0.02208238322816461,4.545356893649269,4.629720276683509,20,
C0,document,tlg0007.tlg015.perseus-grc1.tb.xml,not_applicable,ge8,g_original,0.5533671104103455,0.0040689218808640125,0.5455739652734728,0.5623608989055855,20,
C0,document,tlg0007.tlg015.perseus-grc1.tb.xml,not_applicable,ge8,g_shuffled,0.0,0.0,0.0,0.0,20,
C0,document,tlg0007.tlg015.perseus-grc1.tb.xml,not_applicable,ge8,q,0.5533671104103455,0.0040689218808640125,0.5455739652734728,0.5623608989055855,20,
C0,document,tlg0008.tlg001.perseus-grc1.tb.xml,not_applicable,4_7,ce_ctw_original,4.171895870531096,0.0025614730384304896,4.166449558650574,4.176072006574313,20,
C0,document,tlg0008.tlg001.perseus-grc1.tb.xml,not_applicable,4_7,ce_ctw_shuffled,4.532227741785195,0.015905358242514142,4.498033831623996,4.561578251011845,20,
C0,document,tlg0008.tlg001.perseus-grc1.tb.xml,not_applicable,4_7,ce_root_original,4.605758396250016,0.0015681529155410067,4.602612563939019,4.608216433633806,20,
C0,document,tlg0008.tlg001.perseus-grc1.tb.xml,not_applicable,4_7,ce_root_shuffled,4.532227741785196,0.015905358242514194,4.498033831623996,4.561578251011846,20,
C0,document,tlg0008.tlg001.perseus-grc1.tb.xml,not_applicable,4_7,g_original,0.4338625257189211,0.0027858810817959303,0.42977650816481106,0.4384727454628665,20,
C0,document,tlg0008.tlg001.perseus-grc1.tb.xml,not_applicable,4_7,g_shuffled,1.7763568394002506e-16,3.645007325606124e-16,0.0,8.881784197001252e-16,20,
C0,document,tlg0008.tlg001.perseus-grc1.tb.xml,not_applicable,4_7,q,0.4338625257189209,0.002785881081795937,0.42977650816481106,0.43847274546286563,20,
C0,document,tlg0008.tlg001.perseus-grc1.tb.xml,not_applicable,all,ce_ctw_original,4.233885107710907,0.001429009932663317,4.23146333223468,4.236668588469771,20,
C0,document,tlg0008.tlg001.perseus-grc1.tb.xml,not_applicable,all,ce_ctw_shuffled,4.561370121522213,0.005826336051488756,4.553358016611881,4.571146354124559,20,
C0,document,tlg0008.tlg001.perseus-grc1.tb.xml,not_applicable,all,ce_root_original,4.685964669279345,0.0011551046131588344,4.683461875471187,4.68779269779942,20,
C0,document,tlg0008.tlg001.perseus-grc1.tb.xml,not_applicable,all,ce_root_shuffled,4.561370121522213,0.005826336051488808,4.553358016611881,4.571146354124559,20,
C0,document,tlg0008.tlg001.perseus-grc1.tb.xml,not_applicable,all,g_original,0.45207956156843665,0.0018503588088662488,0.44817173012612344,0.45542075065963505,20,
C0,document,tlg0008.tlg001.perseus-grc1.tb.xml,not_applicable,all,g_shuffled,8.881784197001253e-17,2.7337554942045927e-16,0.0,8.881784197001252e-16,20,
C0,document,tlg0008.tlg001.perseus-grc1.tb.xml,not_applicable,all,q,0.45207956156843665,0.0018503588088661822,0.44817173012612344,0.45542075065963505,20,
C0,document,tlg0008.tlg001.perseus-grc1.tb.xml,not_applicable,ge8,ce_ctw_original,4.265530473044059,0.001751265400384602,4.262286581496058,4.268757172394898,20,
C0,document,tlg0008.tlg001.perseus-grc1.tb.xml,not_applicable,ge8,ce_ctw_shuffled,4.576247240444974,0.007016792139416303,4.563327290539528,4.586460751943111,20,
C0,document,tlg0008.tlg001.perseus-grc1.tb.xml,not_applicable,ge8,ce_root_original,4.726909790198659,0.0012628593118322582,4.723918633477415,4.72890146574108,20,
C0,document,tlg0008.tlg001.perseus-grc1.tb.xml,not_applicable,ge8,ce_root_shuffled,4.5762472404449746,0.00701679213941617,4.563327290539529,4.586460751943111,20,
C0,document,tlg0008.tlg001.perseus-grc1.tb.xml,not_applicable,ge8,g_original,0.46137931715460107,0.0020672860666772963,0.45672562668891015,0.4658522221237478,20,
C0,document,tlg0008.tlg001.perseus-grc1.tb.xml,not_applicable,ge8,g_shuffled,1.3322676295501878e-16,3.2538198671663145e-16,0.0,8.881784197001252e-16,20,
C0,document,tlg0008.tlg001.perseus-grc1.tb.xml,not_applicable,ge8,q,0.46137931715460107,0.002067286066677293,0.45672562668891015,0.4658522221237478,20,
C0,document,tlg0012.tlg001.perseus-grc1.tb.xml,not_applicable,4_7,ce_ctw_original,4.4767937319855635,0.003283038147682994,4.471413552550952,4.484593701807188,20,
C0,document,tlg0012.tlg001.perseus-grc1.tb.xml,not_applicable,4_7,ce_ctw_shuffled,4.706759618055623,0.010350820863138935,4.687317650534617,4.7253053404418806,20,
C0,document,tlg0012.tlg001.perseus-grc1.tb.xml,not_applicable,4_7,ce_root_original,4.732907847070806,0.001587888453607475,4.729815039142257,4.735247243555283,20,
C0,document,tlg0012.tlg001.perseus-grc1.tb.xml,not_applicable,4_7,ce_root_shuffled,4.706759618055623,0.01035082086313893,4.6873176505346175,4.7253053404418806,20,
C0,document,tlg0012.tlg001.perseus-grc1.tb.xml,not_applicable,4_7,g_original,0.25611411508524357,0.002715798082465424,0.24766721594365926,0.2601516497411369,20,
C0,document,tlg0012.tlg001.perseus-grc1.tb.xml,not_applicable,4_7,g_shuffled,8.881784197001253e-17,2.7337554942045927e-16,0.0,8.881784197001252e-16,20,
C0,document,tlg0012.tlg001.perseus-grc1.tb.xml,not_applicable,4_7,q,0.25611411508524345,0.0027157980824653906,0.24766721594365926,0.2601516497411369,20,
C0,document,tlg0012.tlg001.perseus-grc1.tb.xml,not_applicable,all,ce_ctw_original,4.5566672519262585,0.0027550144863781774,4.551744516229632,4.562507005303644,20,
C0,document,tlg0012.tlg001.perseus-grc1.tb.xml,not_applicable,all,ce_ctw_shuffled,4.722330545709594,0.004760813389117925,4.713421782891846,4.731461034028725,20,
C0,document,tlg0012.tlg001.perseus-grc1.tb.xml,not_applicable,all,ce_root_original,4.817592320369905,0.0013563482856423768,4.815603303578218,4.820075628344375,20,
C0,document,tlg0012.tlg001.perseus-grc1.tb.xml,not_applicable,all,ce_root_shuffled,4.722330545709594,0.004760813389118016,4.713421782891846,4.731461034028726,20,
C0,document,tlg0012.tlg001.perseus-grc1.tb.xml,not_applicable,all,g_original,0.2609250684436465,0.00229073132116326,0.254165938670905,0.2646470996902561,20,
C0,document,tlg0012.tlg001.perseus-grc1.tb.xml,not_applicable,all,g_shuffled,4.4408920985006264e-17,1.986027322597818e-16,0.0,8.881784197001252e-16,20,
C0,document,tlg0012.tlg001.perseus-grc1.tb.xml,not_applicable,all,q,0.2609250684436465,0.002290731321163243,0.254165938670905,0.2646470996902561,20,
C0,document,tlg0012.tlg001.perseus-grc1.tb.xml,not_applicable,ge8,ce_ctw_original,4.618074754063163,0.002892897321624937,4.613503705350389,4.62430373824277,20,
C0,document,tlg0012.tlg001.perseus-grc1.tb.xml,not_applicable,ge8,ce_ctw_shuffled,4.734301619150389,0.00700707986194641,4.719973966285334,4.746466961801306,20,
C0,document,tlg0012.tlg001.perseus-grc1.tb.xml,not_applicable,ge8,ce_root_original,4.882698528020927,0.0015223306132852751,4.880315556594255,4.885299551859925,20,
C0,document,tlg0012.tlg001.perseus-grc1.tb.xml,not_applicable,ge8,ce_root_shuffled,4.734301619150389,0.007007079861946423,4.719973966285334,4.746466961801306,20,
C0,document,tlg0012.tlg001.perseus-grc1.tb.xml,not_applicable,ge8,g_original,0.264623773957765,0.0023196804399154684,0.25880843605346815,0.26810324326026347,20,
C0,document,tlg0012.tlg001.perseus-grc1.tb.xml,not_applicable,ge8,g_shuffled,4.4408920985006264e-17,1.986027322597818e-16,0.0,8.881784197001252e-16,20,
C0,document,tlg0012.tlg001.perseus-grc1.tb.xml,not_applicable,ge8,q,0.26462377395776493,0.002319680439915472,0.25880843605346815,0.26810324326026347,20,
C0,document,tlg0013.tlg002.perseus-grc1.tb.xml,not_applicable,4_7,ce_ctw_original,4.526267746798046,0.009587887731528237,4.509027698537885,4.549324568114778,20,
C0,document,tlg0013.tlg002.perseus-grc1.tb.xml,not_applicable,4_7,ce_ctw_shuffled,4.765850563637323,0.04678094726943025,4.6759028916684855,4.847361535545161,20,
C0,document,tlg0013.tlg002.perseus-grc1.tb.xml,not_applicable,4_7,ce_root_original,4.776215327214134,0.0022905918446424096,4.770979492670242,4.78034694733291,20,
C0,document,tlg0013.tlg002.perseus-grc1.tb.xml,not_applicable,4_7,ce_root_shuffled,4.765850563637323,0.04678094726943025,4.6759028916684855,4.847361535545161,20,
C0,document,tlg0013.tlg002.perseus-grc1.tb.xml,not_applicable,4_7,g_original,0.24994758041608822,0.010015410506734723,0.22471198928755154,0.2681579094233184,20,
C0,document,tlg0013.tlg002.perseus-grc1.tb.xml,not_applicable,4_7,g_shuffled,0.0,0.0,0.0,0.0,20,
C0,document,tlg0013.tlg002.perseus-grc1.tb.xml,not_applicable,4_7,q,0.24994758041608822,0.010015410506734723,0.22471198928755154,0.2681579094233184,20,
C0,document,tlg0013.tlg002.perseus-grc1.tb.xml,not_applicable,all,ce_ctw_original,4.509990022721242,0.006881186431724331,4.500992504331067,4.526998888357371,20,
C0,document,tlg0013.tlg002.perseus-grc1.tb.xml,not_applicable,all,ce_ctw_shuffled,4.8162106782359375,0.022808857255832107,4.759943944801413,4.84903332277771,20,
C0,document,tlg0013.tlg002.perseus-grc1.tb.xml,not_applicable,all,ce_root_original,4.8203919290314206,0.002180509349825575,4.817160547209982,4.824257102609184,20,
C0,document,tlg0013.tlg002.perseus-grc1.tb.xml,not_applicable,all,ce_root_shuffled,4.8162106782359375,0.022808857255832107,4.759943944801413,4.84903332277771,20,
C0,document,tlg0013.tlg002.perseus-grc1.tb.xml,not_applicable,all,g_original,0.31040190631017806,0.007308440144686826,0.2910096722581246,0.3196454339489305,20,
C0,document,tlg0013.tlg002.perseus-grc1.tb.xml,not_applicable,all,g_shuffled,0.0,0.0,0.0,0.0,20,
C0,document,tlg0013.tlg002.perseus-grc1.tb.xml,not_applicable,all,q,0.31040190631017806,0.007308440144686826,0.2910096722581246,0.3196454339489305,20,
C0,document,tlg0013.tlg002.perseus-grc1.tb.xml,not_applicable,ge8,ce_ctw_original,4.498711357627179,0.007209777074405019,4.4887340478871165,4.515450824667873,20,
C0,document,tlg0013.tlg002.perseus-grc1.tb.xml,not_applicable,ge8,ce_ctw_shuffled,4.851104675945718,0.038767492769402764,4.740035110673485,4.905087862258611,20,
C0,document,tlg0013.tlg002.perseus-grc1.tb.xml,not_applicable,ge8,ce_root_original,4.851001435283035,0.0026251781777120466,4.847018290771236,4.856296646325543,20,
C0,document,tlg0013.tlg002.perseus-grc1.tb.xml,not_applicable,ge8,ce_root_shuffled,4.851104675945718,0.038767492769402716,4.740035110673485,4.905087862258611,20,
C0,document,tlg0013.tlg002.perseus-grc1.tb.xml,not_applicable,ge8,g_original,0.3522900776558555,0.007888860357317477,0.3361692635932849,0.36591386485857313,20,
C0,document,tlg0013.tlg002.perseus-grc1.tb.xml,not_applicable,ge8,g_shuffled,4.4408920985006264e-17,1.986027322597818e-16,0.0,8.881784197001252e-16,20,
C0,document,tlg0013.tlg002.perseus-grc1.tb.xml,not_applicable,ge8,q,0.35229007765585546,0.007888860357317513,0.3361692635932849,0.36591386485857313,20,
C0,document,tlg0016.tlg001.perseus-grc1.1.tb.xml,not_applicable,4_7,ce_ctw_original,4.315565014405509,0.004228217947614158,4.3077185819164585,4.323486330873187,20,
C0,document,tlg0016.tlg001.perseus-grc1.1.tb.xml,not_applicable,4_7,ce_ctw_shuffled,4.621264090325738,0.023752605473619362,4.588291324205898,4.666129849824833,20,
C0,document,tlg0016.tlg001.perseus-grc1.1.tb.xml,not_applicable,4_7,ce_root_original,4.691482885431263,0.0016088006598110535,4.687757740469164,4.695390016352246,20,
C0,document,tlg0016.tlg001.perseus-grc1.1.tb.xml,not_applicable,4_7,ce_root_shuffled,4.621264090325738,0.023752605473619435,4.588291324205898,4.666129849824833,20,
C0,document,tlg0016.tlg001.perseus-grc1.1.tb.xml,not_applicable,4_7,g_original,0.3759178710257526,0.003878393223704543,0.3680834743153394,0.38231061853177284,20,
C0,document,tlg0016.tlg001.perseus-grc1.1.tb.xml,not_applicable,4_7,g_shuffled,4.4408920985006264e-17,1.986027322597818e-16,0.0,8.881784197001252e-16,20,
C0,document,tlg0016.tlg001.perseus-grc1.1.tb.xml,not_applicable,4_7,q,0.3759178710257526,0.0038783932237044677,0.3680834743153394,0.38231061853177284,20,
C0,document,tlg0016.tlg001.perseus-grc1.1.tb.xml,not_applicable,all,ce_ctw_original,4.393918122085595,0.003251501490855096,4.389270071265705,4.400086122926136,20,
C0,document,tlg0016.tlg001.perseus-grc1.1.tb.xml,not_applicable,all,ce_ctw_shuffled,4.64254075857245,0.008035129129940888,4.626195201931035,4.660463959069936,20,
C0,document,tlg0016.tlg001.perseus-grc1.1.tb.xml,not_applicable,all,ce_root_original,4.7870678048508655,0.0013939265718962716,4.78353938704546,4.789981286417175,20,
C0,document,tlg0016.tlg001.perseus-grc1.1.tb.xml,not_applicable,all,ce_root_shuffled,4.64254075857245,0.00803512912994084,4.626195201931035,4.660463959069936,20,
C0,document,tlg0016.tlg001.perseus-grc1.1.tb.xml,not_applicable,all,g_original,0.39314968276527085,0.002548940530983158,0.3886040258099914,0.39677859816021854,20,
C0,document,tlg0016.tlg001.perseus-grc1.1.tb.xml,not_applicable,all,g_shuffled,4.4408920985006264e-17,1.986027322597818e-16,0.0,8.881784197001252e-16,20,
C0,document,tlg0016.tlg001.perseus-grc1.1.tb.xml,not_applicable,all,q,0.39314968276527085,0.002548940530983154,0.3886040258099914,0.39677859816021854,20,
C0,document,tlg0016.tlg001.perseus-grc1.1.tb.xml,not_applicable,ge8,ce_ctw_original,4.428661160244108,0.0032886294050218723,4.423946205083473,4.4367137246305,20,
C0,document,tlg0016.tlg001.perseus-grc1.1.tb.xml,not_applicable,ge8,ce_ctw_shuffled,4.651975178197511,0.010135885932605206,4.6311628213485925,4.672418138341892,20,
C0,document,tlg0016.tlg001.perseus-grc1.1.tb.xml,not_applicable,ge8,ce_root_original,4.829451707686384,0.0014617780988997156,4.826010521891477,4.8322976873691905,20,
C0,document,tlg0016.tlg001.perseus-grc1.1.tb.xml,not_applicable,ge8,ce_root_shuffled,4.651975178197511,0.010135885932605112,4.631162821348593,4.672418138341892,20,
C0,document,tlg0016.tlg001.perseus-grc1.1.tb.xml,not_applicable,ge8,g_original,0.4007905474422767,0.002461315106974547,0.3955839627386908,0.4045950658187838,20,
C0,document,tlg0016.tlg001.perseus-grc1.1.tb.xml,not_applicable,ge8,g_shuffled,8.881784197001253e-17,2.7337554942045927e-16,0.0,8.881784197001252e-16,20,
C0,document,tlg0016.tlg001.perseus-grc1.1.tb.xml,not_applicable,ge8,q,0.4007905474422766,0.002461315106974485,0.3955839627386908,0.4045950658187838,20,
C0,document,tlg0020.tlg001.perseus-grc1.tb.xml,not_applicable,4_7,ce_ctw_original,4.532572972436082,0.01072186723930865,4.508877444576129,4.548420032998821,20,
C0,document,tlg0020.tlg001.perseus-grc1.tb.xml,not_applicable,4_7,ce_ctw_shuffled,4.876012618494061,0.0610943769206041,4.772409922403256,4.9982314731467445,20,
C0,document,tlg0020.tlg001.perseus-grc1.tb.xml,not_applicable,4_7,ce_root_original,4.864426367765135,0.005703497702787642,4.851951304578709,4.874284050616546,20,
C0,document,tlg0020.tlg001.perseus-grc1.tb.xml,not_applicable,4_7,ce_root_shuffled,4.876012618494061,0.06109437692060413,4.772409922403256,4.9982314731467445,20,
C0,document,tlg0020.tlg001.perseus-grc1.tb.xml,not_applicable,4_7,g_original,0.3318533953290526,0.008230290920172195,0.3208926759412405,0.3460120937290112,20,
C0,document,tlg0020.tlg001.perseus-grc1.tb.xml,not_applicable,4_7,g_shuffled,4.4408920985006264e-17,1.986027322597818e-16,0.0,8.881784197001252e-16,20,
C0,document,tlg0020.tlg001.perseus-grc1.tb.xml,not_applicable,4_7,q,0.33185339532905256,0.008230290920172242,0.3208926759412405,0.3460120937290112,20,
C0,document,tlg0020.tlg001.perseus-grc1.tb.xml,not_applicable,all,ce_ctw_original,4.705676424504967,0.016898156289779635,4.668749186767509,4.740715724406216,20,
C0,document,tlg0020.tlg001.perseus-grc1.tb.xml,not_applicable,all,ce_ctw_shuffled,4.942266334000861,0.02040415851525559,4.892274717999425,4.975770493467117,20,
C0,document,tlg0020.tlg001.perseus-grc1.tb.xml,not_applicable,all,ce_root_original,4.965052892209933,0.007203308730339624,4.94830499798592,4.976911009231024,20,
C0,document,tlg0020.tlg001.perseus-grc1.tb.xml,not_applicable,all,ce_root_shuffled,4.942266334000861,0.02040415851525559,4.892274717999425,4.975770493467117,20,
C0,document,tlg0020.tlg001.perseus-grc1.tb.xml,not_applicable,all,g_original,0.2593764677049645,0.012746309179686844,0.22912887204585441,0.2795558112184109,20,
C0,document,tlg0020.tlg001.perseus-grc1.tb.xml,not_applicable,all,g_shuffled,0.0,0.0,0.0,0.0,20,
C0,document,tlg0020.tlg001.perseus-grc1.tb.xml,not_applicable,all,q,0.2593764677049645,0.012746309179686844,0.22912887204585441,0.2795558112184109,20,
C0,document,tlg0020.tlg001.perseus-grc1.tb.xml,not_applicable,ge8,ce_ctw_original,4.787086036012152,0.02194227130148068,4.743935997124114,4.831151341633258,20,
C0,document,tlg0020.tlg001.perseus-grc1.tb.xml,not_applicable,ge8,ce_ctw_shuffled,4.9734250958617725,0.02877161468474112,4.922680908825637,5.041262730008477,20,
C0,document,tlg0020.tlg001.perseus-grc1.tb.xml,not_applicable,ge8,ce_root_original,5.012376999063151,0.008083312641708541,4.9936196156542145,5.025175909388207,20,
C0,document,tlg0020.tlg001.perseus-grc1.tb.xml,not_applicable,ge8,ce_root_shuffled,4.9734250958617725,0.02877161468474112,4.922680908825637,5.041262730008477,20,
C0,document,tlg0020.tlg001.perseus-grc1.tb.xml,not_applicable,ge8,g_original,0.2252909630509999,0.01756874471138506,0.18597285443754075,0.24968361853010013,20,
C0,document,tlg0020.tlg001.perseus-grc1.tb.xml,not_applicable,ge8,g_shuffled,0.0,0.0,0.0,0.0,20,
C0,document,tlg0020.tlg001.perseus-grc1.tb.xml,not_applicable,ge8,q,0.2252909630509999,0.01756874471138506,0.18597285443754075,0.24968361853010013,20,
C0,document,tlg0020.tlg002.perseus-grc1.tb.xml,not_applicable,4_7,ce_ctw_original,4.637553471016458,0.0071103644622551275,4.6263110975970925,4.6572460662391,20,
C0,document,tlg0020.tlg002.perseus-grc1.tb.xml,not_applicable,4_7,ce_ctw_shuffled,4.804010351611858,0.05941906233153265,4.70239503286896,4.908191539194651,20,
C0,document,tlg0020.tlg002.perseus-grc1.tb.xml,not_applicable,4_7,ce_root_original,4.87695577220793,0.004159370584424175,4.869631098297262,4.8889604044089685,20,
C0,document,tlg0020.tlg002.perseus-grc1.tb.xml,not_applicable,4_7,ce_root_shuffled,4.804010351611858,0.05941906233153258,4.70239503286896,4.908191539194651,20,
C0,document,tlg0020.tlg002.perseus-grc1.tb.xml,not_applicable,4_7,g_original,0.23940230119147143,0.006745554457944797,0.22564109604871074,0.2519010285749559,20,
C0,document,tlg0020.tlg002.perseus-grc1.tb.xml,not_applicable,4_7,g_shuffled,8.881784197001253e-17,2.7337554942045927e-16,0.0,8.881784197001252e-16,20,
C0,document,tlg0020.tlg002.perseus-grc1.tb.xml,not_applicable,4_7,q,0.23940230119147135,0.0067455544579447515,0.22564109604871074,0.2519010285749559,20,
C0,document,tlg0020.tlg002.perseus-grc1.tb.xml,not_applicable,all,ce_ctw_original,4.653624542329886,0.006069714703429056,4.642633633211391,4.664879425600479,20,
C0,document,tlg0020.tlg002.perseus-grc1.tb.xml,not_applicable,all,ce_ctw_shuffled,4.795499855599671,0.01841403167848843,4.755017957122058,4.82554527029011,20,
C0,document,tlg0020.tlg002.perseus-grc1.tb.xml,not_applicable,all,ce_root_original,4.881898962775659,0.003670700910813019,4.876116830268571,4.892632338164381,20,
C0,document,tlg0020.tlg002.perseus-grc1.tb.xml,not_applicable,all,ce_root_shuffled,4.795499855599671,0.01841403167848831,4.755017957122058,4.82554527029011,20,
C0,document,tlg0020.tlg002.perseus-grc1.tb.xml,not_applicable,all,g_original,0.2282744204457739,0.003938227973645493,0.22079930636504397,0.23379317088744678,20,
C0,document,tlg0020.tlg002.perseus-grc1.tb.xml,not_applicable,all,g_shuffled,1.3322676295501878e-16,3.2538198671663145e-16,0.0,8.881784197001252e-16,20,
C0,document,tlg0020.tlg002.perseus-grc1.tb.xml,not_applicable,all,q,0.22827442044577376,0.003938227973645507,0.22079930636504308,0.2337931708874459,20,
C0,document,tlg0020.tlg002.perseus-grc1.tb.xml,not_applicable,ge8,ce_ctw_original,4.665603567754263,0.007933402221972757,4.649482200041009,4.681763406201683,20,
C0,document,tlg0020.tlg002.perseus-grc1.tb.xml,not_applicable,ge8,ce_ctw_shuffled,4.789156317815797,0.02763210364229923,4.72408871909488,4.841321961869368,20,
C0,document,tlg0020.tlg002.perseus-grc1.tb.xml,not_applicable,ge8,ce_root_original,4.8855835090223625,0.0035013276048241125,4.880606137012733,4.895369317358541,20,
C0,document,tlg0020.tlg002.perseus-grc1.tb.xml,not_applicable,ge8,ce_root_shuffled,4.789156317815797,0.027632103642299198,4.72408871909488,4.841321961869368,20,
C0,document,tlg0020.tlg002.perseus-grc1.tb.xml,not_applicable,ge8,g_original,0.21997994126809867,0.005922116066241124,0.21020613628327123,0.23146895313390736,20,
C0,document,tlg0020.tlg002.perseus-grc1.tb.xml,not_applicable,ge8,g_shuffled,4.4408920985006264e-17,1.986027322597818e-16,0.0,8.881784197001252e-16,20,
C0,document,tlg0020.tlg002.perseus-grc1.tb.xml,not_applicable,ge8,q,0.21997994126809864,0.00592211606624109,0.21020613628327123,0.23146895313390736,20,
C0,document,tlg0020.tlg003.perseus-grc1.tb.xml,not_applicable,4_7,ce_ctw_original,4.468949793055434,0.012081805629569899,4.448817194912964,4.489283091128791,20,
C0,document,tlg0020.tlg003.perseus-grc1.tb.xml,not_applicable,4_7,ce_ctw_shuffled,4.85538326279689,0.06407525703294747,4.759414044339073,4.950326501040536,20,
C0,document,tlg0020.tlg003.perseus-grc1.tb.xml,not_applicable,4_7,ce_root_original,4.77386866044545,0.003498436289139191,4.768003394751331,4.780388892634644,20,
C0,document,tlg0020.tlg003.perseus-grc1.tb.xml,not_applicable,4_7,ce_root_shuffled,4.85538326279689,0.06407525703294736,4.759414044339074,4.950326501040536,20,
C0,document,tlg0020.tlg003.perseus-grc1.tb.xml,not_applicable,4_7,g_original,0.3049188673900166,0.010674644645423987,0.28919610788878725,0.3236060116465822,20,
C0,document,tlg0020.tlg003.perseus-grc1.tb.xml,not_applicable,4_7,g_shuffled,8.881784197001253e-17,2.7337554942045927e-16,0.0,8.881784197001252e-16,20,
C0,document,tlg0020.tlg003.perseus-grc1.tb.xml,not_applicable,4_7,q,0.30491886739001656,0.010674644645423939,0.28919610788878725,0.3236060116465822,20,
C0,document,tlg0020.tlg003.perseus-grc1.tb.xml,not_applicable,all,ce_ctw_original,4.619082359365198,0.009151900492825788,4.60470327086056,4.635996151629546,20,
C0,document,tlg0020.tlg003.perseus-grc1.tb.xml,not_applicable,all,ce_ctw_shuffled,4.863143942801258,0.023861237640805093,4.82552298696099,4.901634385332062,20,
C0,document,tlg0020.tlg003.perseus-grc1.tb.xml,not_applicable,all,ce_root_original,4.896115583089646,0.004075241433092794,4.889127463701474,4.9029634310577315,20,
C0,document,tlg0020.tlg003.perseus-grc1.tb.xml,not_applicable,all,ce_root_shuffled,4.863143942801258,0.02386123764080503,4.82552298696099,4.901634385332062,20,
C0,document,tlg0020.tlg003.perseus-grc1.tb.xml,not_applicable,all,g_original,0.2770332237244486,0.007230668210885902,0.2641107494130255,0.2904991299982873,20,
C0,document,tlg0020.tlg003.perseus-grc1.tb.xml,not_applicable,all,g_shuffled,4.4408920985006264e-17,1.986027322597818e-16,0.0,8.881784197001252e-16,20,
C0,document,tlg0020.tlg003.perseus-grc1.tb.xml,not_applicable,all,q,0.27703322372444855,0.007230668210885901,0.2641107494130255,0.2904991299982873,20,
C0,document,tlg0020.tlg003.perseus-grc1.tb.xml,not_applicable,ge8,ce_ctw_original,4.730377543656607,0.011194262597788347,4.706028845106243,4.750460660164739,20,
C0,document,tlg0020.tlg003.perseus-grc1.tb.xml,not_applicable,ge8,ce_ctw_shuffled,4.868897033769748,0.0411987611332869,4.822818154682771,4.997411174655297,20,
C0,document,tlg0020.tlg003.perseus-grc1.tb.xml,not_applicable,ge8,ce_root_original,4.986738784432061,0.005327337457113017,4.978918279293857,4.999470682798842,20,
C0,document,tlg0020.tlg003.perseus-grc1.tb.xml,not_applicable,ge8,ce_root_shuffled,4.868897033769748,0.0411987611332869,4.822818154682771,4.997411174655297,20,
C0,document,tlg0020.tlg003.perseus-grc1.tb.xml,not_applicable,ge8,g_original,0.2563612407754562,0.009371928639846722,0.24132761647210277,0.2733447843381196,20,
C0,document,tlg0020.tlg003.perseus-grc1.tb.xml,not_applicable,ge8,g_shuffled,0.0,0.0,0.0,0.0,20,
C0,document,tlg0020.tlg003.perseus-grc1.tb.xml,not_applicable,ge8,q,0.2563612407754562,0.009371928639846722,0.24132761647210277,0.2733447843381196,20,
C0,document,tlg0060.tlg001.perseus-grc3.11.tb.xml,not_applicable,4_7,ce_ctw_original,3.880698185357022,0.004162135076784424,3.871117587693788,3.8885893873694966,20,
C0,document,tlg0060.tlg001.perseus-grc3.11.tb.xml,not_applicable,4_7,ce_ctw_shuffled,4.372351835986817,0.01615647239536734,4.336720206609892,4.4069554608832515,20,
C0,document,tlg0060.tlg001.perseus-grc3.11.tb.xml,not_applicable,4_7,ce_root_original,4.372811894009358,0.002553170504466153,4.366750295889444,4.37761958961985,20,
C0,document,tlg0060.tlg001.perseus-grc3.11.tb.xml,not_applicable,4_7,ce_root_shuffled,4.372351835986817,0.016156472395367247,4.336720206609893,4.4069554608832515,20,
C0,document,tlg0060.tlg001.perseus-grc3.11.tb.xml,not_applicable,4_7,g_original,0.49211370865233606,0.003482708872855191,0.4850312389697109,0.4992402331780865,20,
C0,document,tlg0060.tlg001.perseus-grc3.11.tb.xml,not_applicable,4_7,g_shuffled,8.881784197001253e-17,2.7337554942045927e-16,0.0,8.881784197001252e-16,20,
C0,document,tlg0060.tlg001.perseus-grc3.11.tb.xml,not_applicable,4_7,q,0.4921137086523359,0.0034827088728551303,0.4850312389697109,0.4992402331780865,20,
C0,document,tlg0060.tlg001.perseus-grc3.11.tb.xml,not_applicable,all,ce_ctw_original,3.9923068751420816,0.002611280578467514,3.9867783016249803,3.9971121037800073,20,
C0,document,tlg0060.tlg001.perseus-grc3.11.tb.xml,not_applicable,all,ce_ctw_shuffled,4.405176700562363,0.007033244910644293,4.3919092559676285,4.419590358446292,20,
C0,document,tlg0060.tlg001.perseus-grc3.11.tb.xml,not_applicable,all,ce_root_original,4.5184767846232985,0.0024879866405637828,4.513367253968386,4.521957517301185,20,
C0,document,tlg0060.tlg001.perseus-grc3.11.tb.xml,not_applicable,all,ce_root_shuffled,4.405176700562363,0.007033244910644214,4.391909255967629,4.419590358446292,20,
C0,document,tlg0060.tlg001.perseus-grc3.11.tb.xml,not_applicable,all,g_original,0.5261699094812174,0.0019067765269695901,0.5221848399964979,0.5289649323555423,20,
C0,document,tlg0060.tlg001.perseus-grc3.11.tb.xml,not_applicable,all,g_shuffled,1.3322676295501878e-16,3.2538198671663145e-16,0.0,8.881784197001252e-16,20,
C0,document,tlg0060.tlg001.perseus-grc3.11.tb.xml,not_applicable,all,q,0.5261699094812171,0.0019067765269695533,0.5221848399964979,0.5289649323555423,20,
C0,document,tlg0060.tlg001.perseus-grc3.11.tb.xml,not_applicable,ge8,ce_ctw_original,4.026584321411382,0.0028617091573580763,4.020368160742976,4.032257252723691,20,
C0,document,tlg0060.tlg001.perseus-grc3.11.tb.xml,not_applicable,ge8,ce_ctw_shuffled,4.415257927516574,0.009188772899720294,4.401453296715297,4.430609698838007,20,
C0,document,tlg0060.tlg001.perseus-grc3.11.tb.xml,not_applicable,ge8,ce_root_original,4.56321362788307,0.00254676836632701,4.558396497770079,4.566870674062401,20,
C0,document,tlg0060.tlg001.perseus-grc3.11.tb.xml,not_applicable,ge8,ce_root_shuffled,4.415257927516574,0.00918877289972031,4.401453296715297,4.430609698838007,20,
C0,document,tlg0060.tlg001.perseus-grc3.11.tb.xml,not_applicable,ge8,g_original,0.5366293064716896,0.002276501781763305,0.531753451935784,0.5404850121100475,20,
C0,document,tlg0060.tlg001.perseus-grc3.11.tb.xml,not_applicable,ge8,g_shuffled,8.881784197001253e-17,2.7337554942045927e-16,0.0,8.881784197001252e-16,20,
C0,document,tlg0060.tlg001.perseus-grc3.11.tb.xml,not_applicable,ge8,q,0.5366293064716896,0.0022765017817632243,0.531753451935784,0.5404850121100475,20,
C0,group,HEX,eligible_token_weighted,all,ce_ctw_original,4.56935242097863,0.002732018157195528,4.56379929808137,4.575042544233409,20,
C0,group,HEX,eligible_token_weighted,all,ce_ctw_shuffled,4.742992243680156,0.0044851052898818656,4.736075472816223,4.752408301466137,20,
C0,group,HEX,eligible_token_weighted,all,ce_root_original,4.830367717319436,0.001212473418308757,4.828476284678765,4.832984546992843,20,
C0,group,HEX,eligible_token_weighted,all,ce_root_shuffled,4.742992243680156,0.0044851052898817936,4.736075472816224,4.752408301466137,20,
C0,group,HEX,eligible_token_weighted,all,g_original,0.2610152963408069,0.002185520000498758,0.25498600295405105,0.26528325868060226,20,
C0,group,HEX,eligible_token_weighted,all,g_shuffled,3.906818882104514e-17,1.747182519233086e-16,0.0,7.813637764209028e-16,20,
C0,group,HEX,eligible_token_weighted,all,q,0.2610152963408069,0.0021855200004987523,0.25498600295405105,0.26528325868060226,20,
C0,group,HEX,equal_block,all,ce_ctw_original,4.612943307454541,0.005053377106310034,4.603472212781172,4.622126994959485,20,
C0,group,HEX,equal_block,all,ce_ctw_shuffled,4.80111995493517,0.006404826918359859,4.788207594521357,4.811930067246568,20,
C0,group,HEX,equal_block,all,ce_root_original,4.8704947919200485,0.002453515557807485,4.8661408558008,4.874556271774541,20,
C0,group,HEX,equal_block,all,ce_root_shuffled,4.80111995493517,0.006404826918359854,4.788207594521357,4.811930067246568,20,
C0,group,HEX,equal_block,all,g_original,0.2575514844655071,0.003215529684454684,0.2521347863503087,0.2634566178494402,20,
C0,group,HEX,equal_block,all,g_shuffled,2.2204460492503132e-17,9.930136612989092e-17,0.0,4.440892098500626e-16,20,
C0,group,HEX,equal_block,all,q,0.257551484465507,0.003215529684454706,0.2521347863503087,0.2634566178494402,20,
C0,group,PROSE_ALL,eligible_token_weighted,all,ce_ctw_original,4.2293279640907935,0.0014763640588393455,4.226807498885921,4.232477770990543,20,
C0,group,PROSE_ALL,eligible_token_weighted,all,ce_ctw_shuffled,4.561863895600779,0.0036955282362045663,4.5577994751009205,4.573988611615732,20,
C0,group,PROSE_ALL,eligible_token_weighted,all,ce_root_original,4.692366233870199,0.0005776546955518524,4.690856994249098,4.693336358117208,20,
C0,group,PROSE_ALL,eligible_token_weighted,all,ce_root_shuffled,4.561863895600779,0.0036955282362045663,4.5577994751009205,4.573988611615732,20,
C0,group,PROSE_ALL,eligible_token_weighted,all,g_original,0.4630382697794054,0.0013394437042426185,0.4599899784075604,0.4649242711144427,20,
C0,group,PROSE_ALL,eligible_token_weighted,all,g_shuffled,6.596544297902941e-17,1.0489203120463996e-16,0.0,2.6425758040633148e-16,20,
C0,group,PROSE_ALL,eligible_token_weighted,all,q,0.4630382697794052,0.001339443704242607,0.4599899784075604,0.4649242711144427,20,
C0,group,PROSE_ALL,equal_block,all,ce_ctw_original,4.2356273471613965,0.0016521498443586476,4.233407338292842,4.239180054007151,20,
C0,group,PROSE_ALL,equal_block,all,ce_ctw_shuffled,4.572049109449451,0.0038380563877057888,4.566855221366967,4.584400754060232,20,
C0,group,PROSE_ALL,equal_block,all,ce_root_original,4.704394517783445,0.0005450771561452464,4.70294131053597,4.705284180810037,20,
C0,group,PROSE_ALL,equal_block,all,ce_root_shuffled,4.572049109449451,0.0038380563877057888,4.566855221366967,4.584400754060232,20,
C0,group,PROSE_ALL,equal_block,all,g_original,0.4687671706220488,0.001509583517811311,0.46539093976654755,0.47067224533985713,20,
C0,group,PROSE_ALL,equal_block,all,g_shuffled,5.329070518200751e-17,8.351760989129305e-17,0.0,1.7763568394002506e-16,20,
C0,group,PROSE_ALL,equal_block,all,q,0.46876717062204876,0.0015095835178113044,0.46539093976654755,0.47067224533985713,20,
C0,group,contrast,eligible_token_weighted,all,ce_ctw_original,0.3400244568878363,0.0036454129151854936,0.3343641133440167,0.34697546482317243,20,
C0,group,contrast,eligible_token_weighted,all,ce_ctw_shuffled,0.1811283480793767,0.004957469843106463,0.1728723111479633,0.19210156975308834,20,
C0,group,contrast,eligible_token_weighted,all,ce_root_original,0.1380014834492378,0.0015195935744303926,0.1357461986447639,0.14158098012017994,20,
C0,group,contrast,eligible_token_weighted,all,ce_root_shuffled,0.18112834807937675,0.004957469843106407,0.1728723111479633,0.19210156975308834,20,
C0,group,contrast,eligible_token_weighted,all,g_original,-0.20202297343859832,0.0027535108491455952,-0.20912647241956028,-0.1973209122612063,20,
C0,group,contrast,eligible_token_weighted,all,g_shuffled,-2.6897254157984277e-17,1.7576449843635147e-16,-2.6425758040633148e-16,5.860876996890298e-16,20,
C0,group,contrast,eligible_token_weighted,all,q,-0.20202297343859832,0.002753510849145605,-0.20912647241956028,-0.1973209122612063,20,
C0,group,contrast,equal_block,all,ce_ctw_original,0.37731596029314474,0.005768499536009827,0.36658803008356866,0.3876239346374444,20,
C0,group,contrast,equal_block,all,ce_ctw_shuffled,0.22907084548571865,0.0076403191401797355,0.2125427902243766,0.24332546904287167,20,
C0,group,contrast,equal_block,all,ce_root_original,0.16610027413660303,0.0026459799838411597,0.1611476372363505,0.16990918170084512,20,
C0,group,contrast,equal_block,all,ce_root_shuffled,0.2290708454857187,0.007640319140179743,0.2125427902243766,0.24332546904287167,20,
C0,group,contrast,equal_block,all,g_original,-0.21121568615654174,0.0036390873441665616,-0.21776223430855401,-0.20467476706289772,20,
C0,group,contrast,equal_block,all,g_shuffled,-3.108624468950438e-17,1.0499187195011026e-16,-1.7763568394002506e-16,2.6645352591003756e-16,20,
C0,group,contrast,equal_block,all,q,-0.21121568615654165,0.003639087344166575,-0.21776223430855401,-0.20467476706289772,20,
D12,block,ATHENAEUS,not_applicable,4_7,ce_ctw_original,4.171629156668478,0.0026250882522436906,4.167560446676041,4.176072006574313,10,
D12,block,ATHENAEUS,not_applicable,4_7,ce_ctw_shuffled,4.533349792635568,0.010742013872708,4.515602716417959,4.551187981948329,10,
D12,block,ATHENAEUS,not_applicable,4_7,ce_root_original,4.606104532861341,0.001317466922729725,4.603937184670206,4.607429232662367,10,
D12,block,ATHENAEUS,not_applicable,4_7,ce_root_shuffled,4.533349792635569,0.010742013872707854,4.51560271641796,4.551187981948329,10,
D12,block,ATHENAEUS,not_applicable,4_7,g_original,0.4344753761928626,0.0027257240381173406,0.4300876816978745,0.4382584762826287,10,
D12,block,ATHENAEUS,not_applicable,4_7,g_shuffled,2.6645352591003756e-16,4.2903093659032255e-16,0.0,8.881784197001252e-16,10,
D12,block,ATHENAEUS,not_applicable,4_7,q,0.4344753761928623,0.0027257240381175886,0.4300876816978736,0.4382584762826287,10,
D12,block,ATHENAEUS,not_applicable,all,ce_ctw_original,4.234173706191006,0.0013602578585751822,4.2321237221486125,4.236072325005912,10,
D12,block,ATHENAEUS,not_applicable,all,ce_ctw_shuffled,4.5609766575179,0.006077708134397313,4.553358016611881,4.571146354124559,10,
D12,block,ATHENAEUS,not_applicable,all,ce_root_original,4.686199720870297,0.0009839278676594264,4.684884923587315,4.68779269779942,10,
D12,block,ATHENAEUS,not_applicable,all,ce_root_shuffled,4.5609766575179,0.006077708134397308,4.553358016611881,4.571146354124559,10,
D12,block,ATHENAEUS,not_applicable,all,g_original,0.45202601467928993,0.0014063936795119334,0.4495667390306899,0.454234291417686,10,
D12,block,ATHENAEUS,not_applicable,all,g_shuffled,8.881784197001253e-17,2.808666774861361e-16,0.0,8.881784197001252e-16,10,
D12,block,ATHENAEUS,not_applicable,all,q,0.4520260146792898,0.001406393679511935,0.4495667390306899,0.454234291417686,10,
D12,block,ATHENAEUS,not_applicable,ge8,ce_ctw_original,4.266102557218752,0.0015954119044602807,4.26319005445113,4.268316310120113,10,
D12,block,ATHENAEUS,not_applicable,ge8,ce_ctw_shuffled,4.5750801095361116,0.007757374756087028,4.563327290539528,4.584823793569463,10,
D12,block,ATHENAEUS,not_applicable,ge8,ce_root_original,4.727088133138037,0.0011515367145241116,4.7253154115865845,4.72890146574108,10,
D12,block,ATHENAEUS,not_applicable,ge8,ce_root_shuffled,4.5750801095361116,0.0077573747560868165,4.563327290539529,4.584823793569463,10,
D12,block,ATHENAEUS,not_applicable,ge8,g_original,0.46098557591928435,0.0014072584278080958,0.458204612192624,0.46262165676988776,10,
D12,block,ATHENAEUS,not_applicable,ge8,g_shuffled,2.6645352591003756e-16,4.2903093659032255e-16,0.0,8.881784197001252e-16,10,
D12,block,ATHENAEUS,not_applicable,ge8,q,0.4609855759192841,0.0014072584278080023,0.458204612192624,0.46262165676988776,10,
D12,block,DIODORUS,not_applicable,4_7,ce_ctw_original,3.8807832225401038,0.005417657218664432,3.871117587693788,3.8885893873694966,10,
D12,block,DIODORUS,not_applicable,4_7,ce_ctw_shuffled,4.366568706922567,0.013500594198070174,4.336720206609892,4.381613331176348,10,
D12,block,DIODORUS,not_applicable,4_7,ce_root_original,4.371963214770472,0.0029799855185893617,4.366750295889444,4.37761958961985,10,
D12,block,DIODORUS,not_applicable,4_7,ce_root_shuffled,4.366568706922568,0.013500594198070025,4.336720206609893,4.381613331176348,10,
D12,block,DIODORUS,not_applicable,4_7,g_original,0.49117999223036807,0.0036226587898104917,0.4850312389697109,0.49596910914263104,10,
D12,block,DIODORUS,not_applicable,4_7,g_shuffled,1.7763568394002506e-16,3.7448890331484815e-16,0.0,8.881784197001252e-16,10,
D12,block,DIODORUS,not_applicable,4_7,q,0.4911799922303679,0.0036226587898103182,0.4850312389697109,0.49596910914263104,10,
D12,block,DIODORUS,not_applicable,all,ce_ctw_original,3.992025503534941,0.0033524841402007522,3.9867783016249803,3.9971121037800073,10,
D12,block,DIODORUS,not_applicable,all,ce_ctw_shuffled,4.402962659693685,0.0065354097317627475,4.3919092559676285,4.414765538563269,10,
D12,block,DIODORUS,not_applicable,all,ce_root_original,4.517654907207592,0.002594464123051626,4.513367253968386,4.5217693382949555,10,
D12,block,DIODORUS,not_applicable,all,ce_root_shuffled,4.402962659693685,0.00653540973176258,4.391909255967629,4.414765538563269,10,
D12,block,DIODORUS,not_applicable,all,g_original,0.5256294036726524,0.0022574957748559346,0.5221848399964979,0.5288882991565576,10,
D12,block,DIODORUS,not_applicable,all,g_shuffled,8.881784197001253e-17,2.808666774861361e-16,0.0,8.881784197001252e-16,10,
D12,block,DIODORUS,not_applicable,all,q,0.5256294036726524,0.0022574957748560075,0.5221848399964979,0.5288882991565576,10,
D12,block,DIODORUS,not_applicable,ge8,ce_ctw_original,4.026190417727716,0.0034413452681696538,4.020368160742976,4.032257252723691,10,
D12,block,DIODORUS,not_applicable,ge8,ce_ctw_shuffled,4.414140030945349,0.009308696965113657,4.401539689685976,4.428291449710013,10,
D12,block,DIODORUS,not_applicable,ge8,ce_root_original,4.562399981887835,0.002534030759547253,4.558396497770079,4.566040848644729,10,
D12,block,DIODORUS,not_applicable,ge8,ce_root_shuffled,4.414140030945349,0.009308696965113657,4.401539689685976,4.428291449710013,10,
D12,block,DIODORUS,not_applicable,ge8,g_original,0.5362095641601194,0.002876525861823828,0.531753451935784,0.5404850121100475,10,
D12,block,DIODORUS,not_applicable,ge8,g_shuffled,0.0,0.0,0.0,0.0,10,
D12,block,DIODORUS,not_applicable,ge8,q,0.5362095641601194,0.002876525861823828,0.531753451935784,0.5404850121100475,10,
D12,block,HERODOTUS,not_applicable,4_7,ce_ctw_original,4.3147850164248265,0.004692489343177223,4.3077185819164585,4.322264578799911,10,
D12,block,HERODOTUS,not_applicable,4_7,ce_ctw_shuffled,4.6240568328797895,0.023017282710489823,4.594221332743872,4.656437781195643,10,
D12,block,HERODOTUS,not_applicable,4_7,ce_root_original,4.6913134739563676,0.0012540391400361279,4.689282689624663,4.693040271170365,10,
D12,block,HERODOTUS,not_applicable,4_7,ce_root_shuffled,4.6240568328797895,0.023017282710489962,4.594221332743872,4.656437781195644,10,
D12,block,HERODOTUS,not_applicable,4_7,g_original,0.3765284575315418,0.004204515579335159,0.3703537384537938,0.38231061853177284,10,
D12,block,HERODOTUS,not_applicable,4_7,g_shuffled,8.881784197001253e-17,2.808666774861361e-16,0.0,8.881784197001252e-16,10,
D12,block,HERODOTUS,not_applicable,4_7,q,0.3765284575315417,0.004204515579335025,0.3703537384537938,0.38231061853177284,10,
D12,block,HERODOTUS,not_applicable,all,ce_ctw_original,4.394063379625891,0.00424106439055257,4.389270071265705,4.400086122926136,10,
D12,block,HERODOTUS,not_applicable,all,ce_ctw_shuffled,4.644771714841357,0.005111474342995243,4.635472438880743,4.651092088815619,10,
D12,block,HERODOTUS,not_applicable,all,ce_root_original,4.787386174862047,0.0011737164356912752,4.785626087411264,4.78924601605047,10,
D12,block,HERODOTUS,not_applicable,all,ce_root_shuffled,4.644771714841357,0.005111474342995243,4.635472438880743,4.651092088815619,10,
D12,block,HERODOTUS,not_applicable,all,g_original,0.39332279523615654,0.0033503757115929057,0.3886040258099914,0.39677859816021854,10,
D12,block,HERODOTUS,not_applicable,all,g_shuffled,0.0,0.0,0.0,0.0,10,
D12,block,HERODOTUS,not_applicable,all,q,0.39332279523615654,0.0033503757115929057,0.3886040258099914,0.39677859816021854,10,
D12,block,HERODOTUS,not_applicable,ge8,ce_ctw_original,4.429216691082088,0.00438701764911374,4.423946205083473,4.436713724630448,10,
D12,block,HERODOTUS,not_applicable,ge8,ce_ctw_shuffled,4.653957029320246,0.006067714195109637,4.6452714814510365,4.664433926007363,10,
D12,block,HERODOTUS,not_applicable,ge8,ce_root_original,4.829986367916111,0.0012454108534075943,4.828346311850701,4.8322976873691905,10,
D12,block,HERODOTUS,not_applicable,ge8,ce_root_shuffled,4.653957029320246,0.006067714195109623,4.6452714814510365,4.664433926007363,10,
D12,block,HERODOTUS,not_applicable,ge8,g_original,0.4007696768340218,0.0033000760644975075,0.3955839627387423,0.4045950658187838,10,
D12,block,HERODOTUS,not_applicable,ge8,g_shuffled,8.881784197001253e-17,2.808666774861361e-16,0.0,8.881784197001252e-16,10,
D12,block,HERODOTUS,not_applicable,ge8,q,0.40076967683402176,0.0033000760644974346,0.3955839627387423,0.4045950658187838,10,
D12,block,HESIODIC_TRADITION,not_applicable,4_7,ce_ctw_original,4.553744253673979,0.0043859794774540155,4.547420730130053,4.5596616398131005,10,
D12,block,HESIODIC_TRADITION,not_applicable,4_7,ce_ctw_shuffled,4.846689119005594,0.028524276799929107,4.814909592515275,4.902970483064126,10,
D12,block,HESIODIC_TRADITION,not_applicable,4_7,ce_root_original,4.845229299759805,0.0036392026142074586,4.840298852946386,4.852306866267138,10,
D12,block,HESIODIC_TRADITION,not_applicable,4_7,ce_root_shuffled,4.846689119005594,0.028524276799929058,4.814909592515275,4.902970483064126,10,
D12,block,HESIODIC_TRADITION,not_applicable,4_7,g_original,0.2914850460858263,0.001597248229369868,0.28936382339973576,0.29374060700839966,10,
D12,block,HESIODIC_TRADITION,not_applicable,4_7,g_shuffled,8.881784197001253e-17,2.808666774861361e-16,0.0,8.881784197001252e-16,10,
D12,block,HESIODIC_TRADITION,not_applicable,4_7,q,0.2914850460858262,0.0015972482293697286,0.28936382339973576,0.29374060700839877,10,
D12,block,HESIODIC_TRADITION,not_applicable,all,ce_ctw_original,4.666098629044479,0.009974849358215328,4.650331031006064,4.684707403976107,10,
D12,block,HESIODIC_TRADITION,not_applicable,all,ce_ctw_shuffled,4.876231485154397,0.014813830283919702,4.852476097886357,4.891901453438401,10,
D12,block,HESIODIC_TRADITION,not_applicable,all,ce_root_original,4.920835733575933,0.004885676854122066,4.912946422684685,4.929568451842187,10,
D12,block,HESIODIC_TRADITION,not_applicable,all,ce_root_shuffled,4.876231485154397,0.014813830283919702,4.852476097886357,4.891901453438401,10,
D12,block,HESIODIC_TRADITION,not_applicable,all,g_original,0.25473710453145343,0.006386621800306089,0.24113961820505825,0.26261539167862136,10,
D12,block,HESIODIC_TRADITION,not_applicable,all,g_shuffled,0.0,0.0,0.0,0.0,10,
D12,block,HESIODIC_TRADITION,not_applicable,all,q,0.25473710453145343,0.006386621800306089,0.24113961820505825,0.26261539167862136,10,
D12,block,HESIODIC_TRADITION,not_applicable,ge8,ce_ctw_original,4.734162173821821,0.01404276789509511,4.712673417305008,4.7608312185821315,10,
D12,block,HESIODIC_TRADITION,not_applicable,ge8,ce_ctw_shuffled,4.89412805709089,0.016724709539914905,4.868231657043471,4.9176655578706425,10,
D12,block,HESIODIC_TRADITION,not_applicable,ge8,ce_root_original,4.966637616026256,0.005707204283170196,4.956955844654613,4.976373014388282,10,
D12,block,HESIODIC_TRADITION,not_applicable,ge8,ce_root_shuffled,4.89412805709089,0.016724709539914905,4.868231657043471,4.9176655578706425,10,
D12,block,HESIODIC_TRADITION,not_applicable,ge8,g_original,0.23247544220443422,0.01030793133666387,0.2115246125296304,0.2442824273496047,10,
D12,block,HESIODIC_TRADITION,not_applicable,ge8,g_shuffled,0.0,0.0,0.0,0.0,10,
D12,block,HESIODIC_TRADITION,not_applicable,ge8,q,0.23247544220443422,0.01030793133666387,0.2115246125296304,0.2442824273496047,10,
D12,block,HOMERIC_TRADITION,not_applicable,4_7,ce_ctw_original,4.476885377645408,0.0025667371236888707,4.47226466064156,4.481031628394775,10,
D12,block,HOMERIC_TRADITION,not_applicable,4_7,ce_ctw_shuffled,4.7113524298960225,0.010651342167483578,4.69580719015229,4.727457749795126,10,
D12,block,HOMERIC_TRADITION,not_applicable,4_7,ce_root_original,4.734122083645682,0.0013029326589183334,4.732494731290392,4.735820427761584,10,
D12,block,HOMERIC_TRADITION,not_applicable,4_7,ce_root_shuffled,4.7113524298960225,0.010651342167483709,4.69580719015229,4.727457749795126,10,
D12,block,HOMERIC_TRADITION,not_applicable,4_7,g_original,0.2572367060002746,0.0018145365611278216,0.25437645478162096,0.2603328101054698,10,
D12,block,HOMERIC_TRADITION,not_applicable,4_7,g_shuffled,8.881784197001253e-17,2.808666774861361e-16,0.0,8.881784197001252e-16,10,
D12,block,HOMERIC_TRADITION,not_applicable,4_7,q,0.2572367060002745,0.0018145365611277897,0.25437645478162096,0.2603328101054698,10,
D12,block,HOMERIC_TRADITION,not_applicable,all,ce_ctw_original,4.554866236887708,0.0023192779337824847,4.550639512276833,4.558414541860034,10,
D12,block,HOMERIC_TRADITION,not_applicable,all,ce_ctw_shuffled,4.725226028287686,0.004837062512384715,4.719216536030321,4.733557795648792,10,
D12,block,HOMERIC_TRADITION,not_applicable,all,ce_root_original,4.8177489566462715,0.001341882042299659,4.8159926189678774,4.819909722890988,10,
D12,block,HOMERIC_TRADITION,not_applicable,all,ce_root_shuffled,4.725226028287686,0.004837062512384715,4.719216536030321,4.733557795648792,10,
D12,block,HOMERIC_TRADITION,not_applicable,all,g_original,0.2628827197585619,0.0014811090800777844,0.2606545526212356,0.2658617546839137,10,
D12,block,HOMERIC_TRADITION,not_applicable,all,g_shuffled,0.0,0.0,0.0,0.0,10,
D12,block,HOMERIC_TRADITION,not_applicable,all,q,0.2628827197585619,0.0014811090800777844,0.2606545526212356,0.2658617546839137,10,
D12,block,HOMERIC_TRADITION,not_applicable,ge8,ce_ctw_original,4.614670373284609,0.002481166866071452,4.610745804549388,4.617796619175579,10,
D12,block,HOMERIC_TRADITION,not_applicable,ge8,ce_ctw_shuffled,4.735865800388079,0.006816423877455657,4.726829281546534,4.7464864972934775,10,
D12,block,HOMERIC_TRADITION,not_applicable,ge8,ce_root_original,4.8818830655541205,0.0016254976740806813,4.879904672228285,4.884405866802744,10,
D12,block,HOMERIC_TRADITION,not_applicable,ge8,ce_root_shuffled,4.735865800388079,0.006816423877455657,4.726829281546534,4.7464864972934775,10,
D12,block,HOMERIC_TRADITION,not_applicable,ge8,g_original,0.267212692269512,0.0014987692854651184,0.2654692754027179,0.2701019459169034,10,
D12,block,HOMERIC_TRADITION,not_applicable,ge8,g_shuffled,0.0,0.0,0.0,0.0,10,
D12,block,HOMERIC_TRADITION,not_applicable,ge8,q,0.267212692269512,0.0014987692854651184,0.2654692754027179,0.2701019459169034,10,
D12,block,PLUTARCH,not_applicable,4_7,ce_ctw_original,4.161428479670373,0.0053397578139034625,4.1561379419449604,4.1697878475385775,10,
D12,block,PLUTARCH,not_applicable,4_7,ce_ctw_shuffled,4.585709277805675,0.03798698470273724,4.51366412209852,4.632912439089681,10,
D12,block,PLUTARCH,not_applicable,4_7,ce_root_original,4.658938127027269,0.0014408817674009954,4.657159495597997,4.661326179830431,10,
D12,block,PLUTARCH,not_applicable,4_7,ce_root_shuffled,4.585709277805675,0.03798698470273713,4.51366412209852,4.632912439089681,10,
D12,block,PLUTARCH,not_applicable,4_7,g_original,0.49750964735689623,0.004779524955738866,0.49113760819865426,0.5047525504071464,10,
D12,block,PLUTARCH,not_applicable,4_7,g_shuffled,8.881784197001253e-17,2.808666774861361e-16,0.0,8.881784197001252e-16,10,
D12,block,PLUTARCH,not_applicable,4_7,q,0.4975096473568962,0.004779524955738837,0.49113760819865426,0.5047525504071464,10,
D12,block,PLUTARCH,not_applicable,all,ce_ctw_original,4.235693529885613,0.003167187631596002,4.231239811966463,4.242018258540748,10,
D12,block,PLUTARCH,not_applicable,all,ce_ctw_shuffled,4.635105816327829,0.007427434148100727,4.625141895047157,4.646900446998866,10,
D12,block,PLUTARCH,not_applicable,all,ce_root_original,4.777438726651605,0.0021209657901037817,4.774532289227515,4.780422621335578,10,
D12,block,PLUTARCH,not_applicable,all,ce_root_shuffled,4.635105816327829,0.007427434148100727,4.625141895047157,4.646900446998866,10,
D12,block,PLUTARCH,not_applicable,all,g_original,0.5417451967659923,0.002755167974744238,0.5368310660723807,0.5451817236600274,10,
D12,block,PLUTARCH,not_applicable,all,g_shuffled,0.0,0.0,0.0,0.0,10,
D12,block,PLUTARCH,not_applicable,all,q,0.5417451967659923,0.002755167974744238,0.5368310660723807,0.5451817236600274,10,
D12,block,PLUTARCH,not_applicable,ge8,ce_ctw_original,4.262693666695737,0.0030894600099831975,4.257983584658366,4.26827867273636,10,
D12,block,PLUTARCH,not_applicable,ge8,ce_ctw_shuffled,4.653064644796661,0.014458748142210969,4.634156311904721,4.669895383182678,10,
D12,block,PLUTARCH,not_applicable,ge8,ce_root_original,4.820521339437374,0.0026327030018093588,4.816812327285511,4.823803251791677,10,
D12,block,PLUTARCH,not_applicable,ge8,ce_root_shuffled,4.653064644796661,0.014458748142211078,4.634156311904721,4.669895383182678,10,
D12,block,PLUTARCH,not_applicable,ge8,g_original,0.5578276727416369,0.0026786206704897835,0.5534435858288829,0.5610796109017642,10,
D12,block,PLUTARCH,not_applicable,ge8,g_shuffled,8.881784197001253e-17,2.808666774861361e-16,0.0,8.881784197001252e-16,10,
D12,block,PLUTARCH,not_applicable,ge8,q,0.5578276727416368,0.0026786206704899453,0.553443585828882,0.5610796109017642,10,
D12,block,THUCYDIDES,not_applicable,4_7,ce_ctw_original,4.215850556126422,0.004570095723388378,4.2103154597915236,4.223478390321703,10,
D12,block,THUCYDIDES,not_applicable,4_7,ce_ctw_shuffled,4.594691098735789,0.009248556571378231,4.583408526340839,4.610924716136709,10,
D12,block,THUCYDIDES,not_applicable,4_7,ce_root_original,4.6482522675026186,0.001476885987450104,4.645801740845211,4.650743426080137,10,
D12,block,THUCYDIDES,not_applicable,4_7,ce_root_shuffled,4.594691098735789,0.00924855657137815,4.583408526340839,4.610924716136709,10,
D12,block,THUCYDIDES,not_applicable,4_7,g_original,0.4324017113761964,0.00441131499852807,0.4232610196473363,0.43769950996823415,10,
D12,block,THUCYDIDES,not_applicable,4_7,g_shuffled,8.881784197001253e-17,2.808666774861361e-16,0.0,8.881784197001252e-16,10,
D12,block,THUCYDIDES,not_applicable,4_7,q,0.4324017113761963,0.004411314998527975,0.4232610196473363,0.43769950996823415,10,
D12,block,THUCYDIDES,not_applicable,all,ce_ctw_original,4.324479050719404,0.0028499495677258083,4.320741227140529,4.3299667147034295,10,
D12,block,THUCYDIDES,not_applicable,all,ce_ctw_shuffled,4.614893662933174,0.0071355574244148685,4.604491380165988,4.627255040738187,10,
D12,block,THUCYDIDES,not_applicable,all,ce_root_original,4.753604313447896,0.0012441066372339677,4.751594707271316,4.755366364639064,10,
D12,block,THUCYDIDES,not_applicable,all,ce_root_shuffled,4.614893662933174,0.0071355574244148685,4.604491380165988,4.627255040738187,10,
D12,block,THUCYDIDES,not_applicable,all,g_original,0.42912526272849166,0.0027124539355445846,0.42454506206392484,0.432074672788592,10,
D12,block,THUCYDIDES,not_applicable,all,g_shuffled,0.0,0.0,0.0,0.0,10,
D12,block,THUCYDIDES,not_applicable,all,q,0.42912526272849166,0.0027124539355445846,0.42454506206392484,0.432074672788592,10,
D12,block,THUCYDIDES,not_applicable,ge8,ce_ctw_original,4.36572801516107,0.003103556813651241,4.36216316308503,4.371079442981522,10,
D12,block,THUCYDIDES,not_applicable,ge8,ce_ctw_shuffled,4.622565083358642,0.011102078744204817,4.606600876743636,4.637584063158494,10,
D12,block,THUCYDIDES,not_applicable,ge8,ce_root_original,4.793609128145329,0.00145231956666347,4.791410894047608,4.7958518628902755,10,
D12,block,THUCYDIDES,not_applicable,ge8,ce_root_shuffled,4.622565083358642,0.011102078744204885,4.606600876743636,4.637584063158494,10,
D12,block,THUCYDIDES,not_applicable,ge8,g_original,0.42788111298425974,0.002829453467130647,0.4232410147954795,0.431366783335311,10,
D12,block,THUCYDIDES,not_applicable,ge8,g_shuffled,8.881784197001253e-17,2.808666774861361e-16,0.0,8.881784197001252e-16,10,
D12,block,THUCYDIDES,not_applicable,ge8,q,0.4278811129842596,0.002829453467130628,0.4232410147954795,0.431366783335311,10,
D12,block_difference,ATHENAEUS,not_applicable,4_7,ce_ctw_original,-4.6318771040887443e-11,1.2139740038626477e-10,-3.8693404036393986e-10,0.0,10,
D12,block_difference,ATHENAEUS,not_applicable,4_7,ce_ctw_shuffled,0.0,0.0,0.0,0.0,10,
D12,block_difference,ATHENAEUS,not_applicable,4_7,ce_root_original,0.0,0.0,0.0,0.0,10,
D12,block_difference,ATHENAEUS,not_applicable,4_7,ce_root_shuffled,0.0,0.0,0.0,0.0,10,
D12,block_difference,ATHENAEUS,not_applicable,4_7,g_original,4.6318771040887443e-11,1.2139740038626477e-10,0.0,3.8693404036393986e-10,10,
D12,block_difference,ATHENAEUS,not_applicable,4_7,g_shuffled,0.0,0.0,0.0,0.0,10,
D12,block_difference,ATHENAEUS,not_applicable,4_7,q,4.6318771040887443e-11,1.2139740038626477e-10,0.0,3.8693404036393986e-10,10,
D12,block_difference,ATHENAEUS,not_applicable,all,ce_ctw_original,-9.12089959115292e-11,2.3966093675672747e-10,-7.642055876999621e-10,0.0,10,
D12,block_difference,ATHENAEUS,not_applicable,all,ce_ctw_shuffled,0.0,0.0,0.0,0.0,10,
D12,block_difference,ATHENAEUS,not_applicable,all,ce_root_original,0.0,0.0,0.0,0.0,10,
D12,block_difference,ATHENAEUS,not_applicable,all,ce_root_shuffled,0.0,0.0,0.0,0.0,10,
D12,block_difference,ATHENAEUS,not_applicable,all,g_original,9.12089959115292e-11,2.3966093675672747e-10,0.0,7.642055876999621e-10,10,
D12,block_difference,ATHENAEUS,not_applicable,all,g_shuffled,0.0,0.0,0.0,0.0,10,
D12,block_difference,ATHENAEUS,not_applicable,all,q,9.12089959115292e-11,2.3966093675672747e-10,0.0,7.642055876999621e-10,10,
D12,block_difference,ATHENAEUS,not_applicable,ge8,ce_ctw_original,-1.1412533140742198e-10,3.000353402037054e-10,-9.56801748941416e-10,0.0,10,
D12,block_difference,ATHENAEUS,not_applicable,ge8,ce_ctw_shuffled,0.0,0.0,0.0,0.0,10,
D12,block_difference,ATHENAEUS,not_applicable,ge8,ce_root_original,0.0,0.0,0.0,0.0,10,
D12,block_difference,ATHENAEUS,not_applicable,ge8,ce_root_shuffled,0.0,0.0,0.0,0.0,10,
D12,block_difference,ATHENAEUS,not_applicable,ge8,g_original,1.1412533140742198e-10,3.000353402037054e-10,0.0,9.56801748941416e-10,10,
D12,block_difference,ATHENAEUS,not_applicable,ge8,g_shuffled,0.0,0.0,0.0,0.0,10,
D12,block_difference,ATHENAEUS,not_applicable,ge8,q,1.1412533140742198e-10,3.000353402037054e-10,0.0,9.56801748941416e-10,10,
D12,block_difference,DIODORUS,not_applicable,4_7,ce_ctw_original,0.0,0.0,0.0,0.0,10,
D12,block_difference,DIODORUS,not_applicable,4_7,ce_ctw_shuffled,0.0,0.0,0.0,0.0,10,
D12,block_difference,DIODORUS,not_applicable,4_7,ce_root_original,0.0,0.0,0.0,0.0,10,
D12,block_difference,DIODORUS,not_applicable,4_7,ce_root_shuffled,0.0,0.0,0.0,0.0,10,
D12,block_difference,DIODORUS,not_applicable,4_7,g_original,0.0,0.0,0.0,0.0,10,
D12,block_difference,DIODORUS,not_applicable,4_7,g_shuffled,0.0,0.0,0.0,0.0,10,
D12,block_difference,DIODORUS,not_applicable,4_7,q,0.0,0.0,0.0,0.0,10,
D12,block_difference,DIODORUS,not_applicable,all,ce_ctw_original,0.0,0.0,0.0,0.0,10,
D12,block_difference,DIODORUS,not_applicable,all,ce_ctw_shuffled,0.0,0.0,0.0,0.0,10,
D12,block_difference,DIODORUS,not_applicable,all,ce_root_original,0.0,0.0,0.0,0.0,10,
D12,block_difference,DIODORUS,not_applicable,all,ce_root_shuffled,0.0,0.0,0.0,0.0,10,
D12,block_difference,DIODORUS,not_applicable,all,g_original,0.0,0.0,0.0,0.0,10,
D12,block_difference,DIODORUS,not_applicable,all,g_shuffled,0.0,0.0,0.0,0.0,10,
D12,block_difference,DIODORUS,not_applicable,all,q,0.0,0.0,0.0,0.0,10,
D12,block_difference,DIODORUS,not_applicable,ge8,ce_ctw_original,0.0,0.0,0.0,0.0,10,
D12,block_difference,DIODORUS,not_applicable,ge8,ce_ctw_shuffled,0.0,0.0,0.0,0.0,10,
D12,block_difference,DIODORUS,not_applicable,ge8,ce_root_original,0.0,0.0,0.0,0.0,10,
D12,block_difference,DIODORUS,not_applicable,ge8,ce_root_shuffled,0.0,0.0,0.0,0.0,10,
D12,block_difference,DIODORUS,not_applicable,ge8,g_original,0.0,0.0,0.0,0.0,10,
D12,block_difference,DIODORUS,not_applicable,ge8,g_shuffled,0.0,0.0,0.0,0.0,10,
D12,block_difference,DIODORUS,not_applicable,ge8,q,0.0,0.0,0.0,0.0,10,
D12,block_difference,HERODOTUS,not_applicable,4_7,ce_ctw_original,0.0,0.0,0.0,0.0,10,
D12,block_difference,HERODOTUS,not_applicable,4_7,ce_ctw_shuffled,0.0,0.0,0.0,0.0,10,
D12,block_difference,HERODOTUS,not_applicable,4_7,ce_root_original,0.0,0.0,0.0,0.0,10,
D12,block_difference,HERODOTUS,not_applicable,4_7,ce_root_shuffled,0.0,0.0,0.0,0.0,10,
D12,block_difference,HERODOTUS,not_applicable,4_7,g_original,0.0,0.0,0.0,0.0,10,
D12,block_difference,HERODOTUS,not_applicable,4_7,g_shuffled,0.0,0.0,0.0,0.0,10,
D12,block_difference,HERODOTUS,not_applicable,4_7,q,0.0,0.0,0.0,0.0,10,
D12,block_difference,HERODOTUS,not_applicable,all,ce_ctw_original,-8.499867476530199e-14,2.5654951613462e-13,-8.144596108650148e-13,0.0,10,
D12,block_difference,HERODOTUS,not_applicable,all,ce_ctw_shuffled,0.0,0.0,0.0,0.0,10,
D12,block_difference,HERODOTUS,not_applicable,all,ce_root_original,0.0,0.0,0.0,0.0,10,
D12,block_difference,HERODOTUS,not_applicable,all,ce_root_shuffled,0.0,0.0,0.0,0.0,10,
D12,block_difference,HERODOTUS,not_applicable,all,g_original,8.499867476530199e-14,2.5654951613462e-13,0.0,8.144596108650148e-13,10,
D12,block_difference,HERODOTUS,not_applicable,all,g_shuffled,0.0,0.0,0.0,0.0,10,
D12,block_difference,HERODOTUS,not_applicable,all,q,8.499867476530199e-14,2.5654951613462e-13,0.0,8.144596108650148e-13,10,
D12,block_difference,HERODOTUS,not_applicable,ge8,ce_ctw_original,-1.226574397605873e-13,3.7013081353812245e-13,-1.1750600492632657e-12,0.0,10,
D12,block_difference,HERODOTUS,not_applicable,ge8,ce_ctw_shuffled,0.0,0.0,0.0,0.0,10,
D12,block_difference,HERODOTUS,not_applicable,ge8,ce_root_original,0.0,0.0,0.0,0.0,10,
D12,block_difference,HERODOTUS,not_applicable,ge8,ce_root_shuffled,0.0,0.0,0.0,0.0,10,
D12,block_difference,HERODOTUS,not_applicable,ge8,g_original,1.226574397605873e-13,3.7013081353812245e-13,0.0,1.1750600492632657e-12,10,
D12,block_difference,HERODOTUS,not_applicable,ge8,g_shuffled,0.0,0.0,0.0,0.0,10,
D12,block_difference,HERODOTUS,not_applicable,ge8,q,1.226574397605873e-13,3.7013081353812245e-13,0.0,1.1750600492632657e-12,10,
D12,block_difference,HESIODIC_TRADITION,not_applicable,4_7,ce_ctw_original,0.0,0.0,0.0,0.0,10,
D12,block_difference,HESIODIC_TRADITION,not_applicable,4_7,ce_ctw_shuffled,0.0,0.0,0.0,0.0,10,
D12,block_difference,HESIODIC_TRADITION,not_applicable,4_7,ce_root_original,0.0,0.0,0.0,0.0,10,
D12,block_difference,HESIODIC_TRADITION,not_applicable,4_7,ce_root_shuffled,0.0,0.0,0.0,0.0,10,
D12,block_difference,HESIODIC_TRADITION,not_applicable,4_7,g_original,0.0,0.0,0.0,0.0,10,
D12,block_difference,HESIODIC_TRADITION,not_applicable,4_7,g_shuffled,0.0,0.0,0.0,0.0,10,
D12,block_difference,HESIODIC_TRADITION,not_applicable,4_7,q,0.0,0.0,0.0,0.0,10,
D12,block_difference,HESIODIC_TRADITION,not_applicable,all,ce_ctw_original,0.0,0.0,0.0,0.0,10,
D12,block_difference,HESIODIC_TRADITION,not_applicable,all,ce_ctw_shuffled,0.0,0.0,0.0,0.0,10,
D12,block_difference,HESIODIC_TRADITION,not_applicable,all,ce_root_original,0.0,0.0,0.0,0.0,10,
D12,block_difference,HESIODIC_TRADITION,not_applicable,all,ce_root_shuffled,0.0,0.0,0.0,0.0,10,
D12,block_difference,HESIODIC_TRADITION,not_applicable,all,g_original,0.0,0.0,0.0,0.0,10,
D12,block_difference,HESIODIC_TRADITION,not_applicable,all,g_shuffled,0.0,0.0,0.0,0.0,10,
D12,block_difference,HESIODIC_TRADITION,not_applicable,all,q,0.0,0.0,0.0,0.0,10,
D12,block_difference,HESIODIC_TRADITION,not_applicable,ge8,ce_ctw_original,0.0,0.0,0.0,0.0,10,
D12,block_difference,HESIODIC_TRADITION,not_applicable,ge8,ce_ctw_shuffled,0.0,0.0,0.0,0.0,10,
D12,block_difference,HESIODIC_TRADITION,not_applicable,ge8,ce_root_original,0.0,0.0,0.0,0.0,10,
D12,block_difference,HESIODIC_TRADITION,not_applicable,ge8,ce_root_shuffled,0.0,0.0,0.0,0.0,10,
D12,block_difference,HESIODIC_TRADITION,not_applicable,ge8,g_original,0.0,0.0,0.0,0.0,10,
D12,block_difference,HESIODIC_TRADITION,not_applicable,ge8,g_shuffled,0.0,0.0,0.0,0.0,10,
D12,block_difference,HESIODIC_TRADITION,not_applicable,ge8,q,0.0,0.0,0.0,0.0,10,
D12,block_difference,HOMERIC_TRADITION,not_applicable,4_7,ce_ctw_original,0.0,0.0,0.0,0.0,10,
D12,block_difference,HOMERIC_TRADITION,not_applicable,4_7,ce_ctw_shuffled,0.0,0.0,0.0,0.0,10,
D12,block_difference,HOMERIC_TRADITION,not_applicable,4_7,ce_root_original,0.0,0.0,0.0,0.0,10,
D12,block_difference,HOMERIC_TRADITION,not_applicable,4_7,ce_root_shuffled,0.0,0.0,0.0,0.0,10,
D12,block_difference,HOMERIC_TRADITION,not_applicable,4_7,g_original,0.0,0.0,0.0,0.0,10,
D12,block_difference,HOMERIC_TRADITION,not_applicable,4_7,g_shuffled,0.0,0.0,0.0,0.0,10,
D12,block_difference,HOMERIC_TRADITION,not_applicable,4_7,q,0.0,0.0,0.0,0.0,10,
D12,block_difference,HOMERIC_TRADITION,not_applicable,all,ce_ctw_original,0.0,0.0,0.0,0.0,10,
D12,block_difference,HOMERIC_TRADITION,not_applicable,all,ce_ctw_shuffled,0.0,0.0,0.0,0.0,10,
D12,block_difference,HOMERIC_TRADITION,not_applicable,all,ce_root_original,0.0,0.0,0.0,0.0,10,
D12,block_difference,HOMERIC_TRADITION,not_applicable,all,ce_root_shuffled,0.0,0.0,0.0,0.0,10,
D12,block_difference,HOMERIC_TRADITION,not_applicable,all,g_original,0.0,0.0,0.0,0.0,10,
D12,block_difference,HOMERIC_TRADITION,not_applicable,all,g_shuffled,0.0,0.0,0.0,0.0,10,
D12,block_difference,HOMERIC_TRADITION,not_applicable,all,q,0.0,0.0,0.0,0.0,10,
D12,block_difference,HOMERIC_TRADITION,not_applicable,ge8,ce_ctw_original,0.0,0.0,0.0,0.0,10,
D12,block_difference,HOMERIC_TRADITION,not_applicable,ge8,ce_ctw_shuffled,0.0,0.0,0.0,0.0,10,
D12,block_difference,HOMERIC_TRADITION,not_applicable,ge8,ce_root_original,0.0,0.0,0.0,0.0,10,
D12,block_difference,HOMERIC_TRADITION,not_applicable,ge8,ce_root_shuffled,0.0,0.0,0.0,0.0,10,
D12,block_difference,HOMERIC_TRADITION,not_applicable,ge8,g_original,0.0,0.0,0.0,0.0,10,
D12,block_difference,HOMERIC_TRADITION,not_applicable,ge8,g_shuffled,0.0,0.0,0.0,0.0,10,
D12,block_difference,HOMERIC_TRADITION,not_applicable,ge8,q,0.0,0.0,0.0,0.0,10,
D12,block_difference,PLUTARCH,not_applicable,4_7,ce_ctw_original,-8.50344683556159e-10,1.4869747996390965e-09,-4.437818112990044e-09,0.0,10,
D12,block_difference,PLUTARCH,not_applicable,4_7,ce_ctw_shuffled,0.0,0.0,0.0,0.0,10,
D12,block_difference,PLUTARCH,not_applicable,4_7,ce_root_original,0.0,0.0,0.0,0.0,10,
D12,block_difference,PLUTARCH,not_applicable,4_7,ce_root_shuffled,0.0,0.0,0.0,0.0,10,
D12,block_difference,PLUTARCH,not_applicable,4_7,g_original,8.50344683556159e-10,1.4869747996390965e-09,0.0,4.437818112990044e-09,10,
D12,block_difference,PLUTARCH,not_applicable,4_7,g_shuffled,0.0,0.0,0.0,0.0,10,
D12,block_difference,PLUTARCH,not_applicable,4_7,q,8.50344683556159e-10,1.4869747996390965e-09,0.0,4.437818112990044e-09,10,
D12,block_difference,PLUTARCH,not_applicable,all,ce_ctw_original,-6.32336050188087e-10,1.1669483957303322e-09,-3.511976487402535e-09,0.0,10,
D12,block_difference,PLUTARCH,not_applicable,all,ce_ctw_shuffled,0.0,0.0,0.0,0.0,10,
D12,block_difference,PLUTARCH,not_applicable,all,ce_root_original,0.0,0.0,0.0,0.0,10,
D12,block_difference,PLUTARCH,not_applicable,all,ce_root_shuffled,0.0,0.0,0.0,0.0,10,
D12,block_difference,PLUTARCH,not_applicable,all,g_original,6.32336050188087e-10,1.1669483957303322e-09,0.0,3.511976487402535e-09,10,
D12,block_difference,PLUTARCH,not_applicable,all,g_shuffled,0.0,0.0,0.0,0.0,10,
D12,block_difference,PLUTARCH,not_applicable,all,q,6.32336050188087e-10,1.1669483957303322e-09,0.0,3.511976487402535e-09,10,
D12,block_difference,PLUTARCH,not_applicable,ge8,ce_ctw_original,-5.530758961924675e-10,1.0526698700071217e-09,-3.175372853547742e-09,6.4153127254940046e-12,10,
D12,block_difference,PLUTARCH,not_applicable,ge8,ce_ctw_shuffled,0.0,0.0,0.0,0.0,10,
D12,block_difference,PLUTARCH,not_applicable,ge8,ce_root_original,0.0,0.0,0.0,0.0,10,
D12,block_difference,PLUTARCH,not_applicable,ge8,ce_root_shuffled,0.0,0.0,0.0,0.0,10,
D12,block_difference,PLUTARCH,not_applicable,ge8,g_original,5.530758961924675e-10,1.0526698700071217e-09,-6.4153127254940046e-12,3.175372853547742e-09,10,
D12,block_difference,PLUTARCH,not_applicable,ge8,g_shuffled,0.0,0.0,0.0,0.0,10,
D12,block_difference,PLUTARCH,not_applicable,ge8,q,5.530758961924675e-10,1.0526698700071217e-09,-6.4153127254940046e-12,3.175372853547742e-09,10,
D12,block_difference,THUCYDIDES,not_applicable,4_7,ce_ctw_original,-8.405454110516076e-12,2.3064439846942403e-11,-7.354916675694767e-11,0.0,10,
D12,block_difference,THUCYDIDES,not_applicable,4_7,ce_ctw_shuffled,0.0,0.0,0.0,0.0,10,
D12,block_difference,THUCYDIDES,not_applicable,4_7,ce_root_original,0.0,0.0,0.0,0.0,10,
D12,block_difference,THUCYDIDES,not_applicable,4_7,ce_root_shuffled,0.0,0.0,0.0,0.0,10,
D12,block_difference,THUCYDIDES,not_applicable,4_7,g_original,8.405454110516076e-12,2.3064439846942403e-11,0.0,7.354916675694767e-11,10,
D12,block_difference,THUCYDIDES,not_applicable,4_7,g_shuffled,0.0,0.0,0.0,0.0,10,
D12,block_difference,THUCYDIDES,not_applicable,4_7,q,8.405454110516076e-12,2.3064439846942403e-11,0.0,7.354916675694767e-11,10,
D12,block_difference,THUCYDIDES,not_applicable,all,ce_ctw_original,-1.2814371785907497e-11,3.657253852085909e-11,-1.1652900866465643e-10,0.0,10,
D12,block_difference,THUCYDIDES,not_applicable,all,ce_ctw_shuffled,0.0,0.0,0.0,0.0,10,
D12,block_difference,THUCYDIDES,not_applicable,all,ce_root_original,0.0,0.0,0.0,0.0,10,
D12,block_difference,THUCYDIDES,not_applicable,all,ce_root_shuffled,0.0,0.0,0.0,0.0,10,
D12,block_difference,THUCYDIDES,not_applicable,all,g_original,1.2814371785907497e-11,3.657253852085909e-11,0.0,1.1652900866465643e-10,10,
D12,block_difference,THUCYDIDES,not_applicable,all,g_shuffled,0.0,0.0,0.0,0.0,10,
D12,block_difference,THUCYDIDES,not_applicable,all,q,1.2814371785907497e-11,3.657253852085909e-11,0.0,1.1652900866465643e-10,10,
D12,block_difference,THUCYDIDES,not_applicable,ge8,ce_ctw_original,-1.4488499289200263e-11,4.170975667737405e-11,-1.3284928712664623e-10,0.0,10,
D12,block_difference,THUCYDIDES,not_applicable,ge8,ce_ctw_shuffled,0.0,0.0,0.0,0.0,10,
D12,block_difference,THUCYDIDES,not_applicable,ge8,ce_root_original,0.0,0.0,0.0,0.0,10,
D12,block_difference,THUCYDIDES,not_applicable,ge8,ce_root_shuffled,0.0,0.0,0.0,0.0,10,
D12,block_difference,THUCYDIDES,not_applicable,ge8,g_original,1.4488499289200263e-11,4.170975667737405e-11,0.0,1.3284928712664623e-10,10,
D12,block_difference,THUCYDIDES,not_applicable,ge8,g_shuffled,0.0,0.0,0.0,0.0,10,
D12,block_difference,THUCYDIDES,not_applicable,ge8,q,1.4488499289200263e-11,4.170975667737405e-11,0.0,1.3284928712664623e-10,10,
D12,document,tlg0003.tlg001.perseus-grc1.1.tb.xml,not_applicable,4_7,ce_ctw_original,4.215850556126422,0.004570095723388378,4.2103154597915236,4.223478390321703,10,
D12,document,tlg0003.tlg001.perseus-grc1.1.tb.xml,not_applicable,4_7,ce_ctw_shuffled,4.594691098735789,0.009248556571378231,4.583408526340839,4.610924716136709,10,
D12,document,tlg0003.tlg001.perseus-grc1.1.tb.xml,not_applicable,4_7,ce_root_original,4.6482522675026186,0.001476885987450104,4.645801740845211,4.650743426080137,10,
D12,document,tlg0003.tlg001.perseus-grc1.1.tb.xml,not_applicable,4_7,ce_root_shuffled,4.594691098735789,0.00924855657137815,4.583408526340839,4.610924716136709,10,
D12,document,tlg0003.tlg001.perseus-grc1.1.tb.xml,not_applicable,4_7,g_original,0.4324017113761964,0.00441131499852807,0.4232610196473363,0.43769950996823415,10,
D12,document,tlg0003.tlg001.perseus-grc1.1.tb.xml,not_applicable,4_7,g_shuffled,8.881784197001253e-17,2.808666774861361e-16,0.0,8.881784197001252e-16,10,
D12,document,tlg0003.tlg001.perseus-grc1.1.tb.xml,not_applicable,4_7,q,0.4324017113761963,0.004411314998527975,0.4232610196473363,0.43769950996823415,10,
D12,document,tlg0003.tlg001.perseus-grc1.1.tb.xml,not_applicable,all,ce_ctw_original,4.324479050719404,0.0028499495677258083,4.320741227140529,4.3299667147034295,10,
D12,document,tlg0003.tlg001.perseus-grc1.1.tb.xml,not_applicable,all,ce_ctw_shuffled,4.614893662933174,0.0071355574244148685,4.604491380165988,4.627255040738187,10,
D12,document,tlg0003.tlg001.perseus-grc1.1.tb.xml,not_applicable,all,ce_root_original,4.753604313447896,0.0012441066372339677,4.751594707271316,4.755366364639064,10,
D12,document,tlg0003.tlg001.perseus-grc1.1.tb.xml,not_applicable,all,ce_root_shuffled,4.614893662933174,0.0071355574244148685,4.604491380165988,4.627255040738187,10,
D12,document,tlg0003.tlg001.perseus-grc1.1.tb.xml,not_applicable,all,g_original,0.42912526272849166,0.0027124539355445846,0.42454506206392484,0.432074672788592,10,
D12,document,tlg0003.tlg001.perseus-grc1.1.tb.xml,not_applicable,all,g_shuffled,0.0,0.0,0.0,0.0,10,
D12,document,tlg0003.tlg001.perseus-grc1.1.tb.xml,not_applicable,all,q,0.42912526272849166,0.0027124539355445846,0.42454506206392484,0.432074672788592,10,
D12,document,tlg0003.tlg001.perseus-grc1.1.tb.xml,not_applicable,ge8,ce_ctw_original,4.36572801516107,0.003103556813651241,4.36216316308503,4.371079442981522,10,
D12,document,tlg0003.tlg001.perseus-grc1.1.tb.xml,not_applicable,ge8,ce_ctw_shuffled,4.622565083358642,0.011102078744204817,4.606600876743636,4.637584063158494,10,
D12,document,tlg0003.tlg001.perseus-grc1.1.tb.xml,not_applicable,ge8,ce_root_original,4.793609128145329,0.00145231956666347,4.791410894047608,4.7958518628902755,10,
D12,document,tlg0003.tlg001.perseus-grc1.1.tb.xml,not_applicable,ge8,ce_root_shuffled,4.622565083358642,0.011102078744204885,4.606600876743636,4.637584063158494,10,
D12,document,tlg0003.tlg001.perseus-grc1.1.tb.xml,not_applicable,ge8,g_original,0.42788111298425974,0.002829453467130647,0.4232410147954795,0.431366783335311,10,
D12,document,tlg0003.tlg001.perseus-grc1.1.tb.xml,not_applicable,ge8,g_shuffled,8.881784197001253e-17,2.808666774861361e-16,0.0,8.881784197001252e-16,10,
D12,document,tlg0003.tlg001.perseus-grc1.1.tb.xml,not_applicable,ge8,q,0.4278811129842596,0.002829453467130628,0.4232410147954795,0.431366783335311,10,
D12,document,tlg0007.tlg004.perseus-grc1.tb.xml,not_applicable,4_7,ce_ctw_original,4.189056493598483,0.0065947161766765185,4.1772454518725,4.196089618957577,10,
D12,document,tlg0007.tlg004.perseus-grc1.tb.xml,not_applicable,4_7,ce_ctw_shuffled,4.641544879080578,0.059114876052636,4.5447814327858875,4.709270102276734,10,
D12,document,tlg0007.tlg004.perseus-grc1.tb.xml,not_applicable,4_7,ce_root_original,4.708988073498363,0.002350738808157853,4.705345483981662,4.711511944826635,10,
D12,document,tlg0007.tlg004.perseus-grc1.tb.xml,not_applicable,4_7,ce_root_shuffled,4.641544879080578,0.059114876052635844,4.5447814327858875,4.709270102276734,10,
D12,document,tlg0007.tlg004.perseus-grc1.tb.xml,not_applicable,4_7,g_original,0.5199315798998797,0.00584502709039128,0.5145939431080162,0.5314039734894287,10,
D12,document,tlg0007.tlg004.perseus-grc1.tb.xml,not_applicable,4_7,g_shuffled,8.881784197001253e-17,2.808666774861361e-16,0.0,8.881784197001252e-16,10,
D12,document,tlg0007.tlg004.perseus-grc1.tb.xml,not_applicable,4_7,q,0.5199315798998796,0.00584502709039127,0.5145939431080162,0.5314039734894287,10,
D12,document,tlg0007.tlg004.perseus-grc1.tb.xml,not_applicable,all,ce_ctw_original,4.31707533480975,0.003982844325703205,4.312365203413624,4.325811422239541,10,
D12,document,tlg0007.tlg004.perseus-grc1.tb.xml,not_applicable,all,ce_ctw_shuffled,4.700878696690528,0.012448395113049644,4.681073746102724,4.718968367438206,10,
D12,document,tlg0007.tlg004.perseus-grc1.tb.xml,not_applicable,all,ce_root_original,4.868930955912033,0.0026943186036735667,4.864919113330843,4.872973271258855,10,
D12,document,tlg0007.tlg004.perseus-grc1.tb.xml,not_applicable,all,ce_root_shuffled,4.700878696690529,0.01244839511304993,4.681073746102724,4.718968367438208,10,
D12,document,tlg0007.tlg004.perseus-grc1.tb.xml,not_applicable,all,g_original,0.5518556211022831,0.0025721043136965574,0.5466139517550141,0.5549522575724737,10,
D12,document,tlg0007.tlg004.perseus-grc1.tb.xml,not_applicable,all,g_shuffled,1.7763568394002506e-16,5.617333549722722e-16,0.0,1.7763568394002505e-15,10,
D12,document,tlg0007.tlg004.perseus-grc1.tb.xml,not_applicable,all,q,0.5518556211022829,0.0025721043136967756,0.5466139517550141,0.5549522575724737,10,
D12,document,tlg0007.tlg004.perseus-grc1.tb.xml,not_applicable,ge8,ce_ctw_original,4.363188040464119,0.004602272969396652,4.356544381331202,4.3725375390759185,10,
D12,document,tlg0007.tlg004.perseus-grc1.tb.xml,not_applicable,ge8,ce_ctw_shuffled,4.722250885666074,0.02305840854102444,4.672765331832653,4.755917473913796,10,
D12,document,tlg0007.tlg004.perseus-grc1.tb.xml,not_applicable,ge8,ce_root_original,4.9265427807689814,0.003428360878707364,4.92183477679134,4.931186696662727,10,
D12,document,tlg0007.tlg004.perseus-grc1.tb.xml,not_applicable,ge8,ce_root_shuffled,4.722250885666074,0.023058408541024495,4.672765331832653,4.755917473913796,10,
D12,document,tlg0007.tlg004.perseus-grc1.tb.xml,not_applicable,ge8,g_original,0.563354740304862,0.0029276536936477093,0.5581476386703068,0.5675572285014576,10,
D12,document,tlg0007.tlg004.perseus-grc1.tb.xml,not_applicable,ge8,g_shuffled,8.881784197001253e-17,2.808666774861361e-16,0.0,8.881784197001252e-16,10,
D12,document,tlg0007.tlg004.perseus-grc1.tb.xml,not_applicable,ge8,q,0.563354740304862,0.002927653693647786,0.5581476386703068,0.5675572285014576,10,
D12,document,tlg0007.tlg015.perseus-grc1.tb.xml,not_applicable,4_7,ce_ctw_original,4.133498520234852,0.008798084802939131,4.1213645372354675,4.149474164169958,10,
D12,document,tlg0007.tlg015.perseus-grc1.tb.xml,not_applicable,4_7,ce_ctw_shuffled,4.529263451380226,0.047063147202782686,4.479747035181614,4.6052101085572525,10,
D12,document,tlg0007.tlg015.perseus-grc1.tb.xml,not_applicable,4_7,ce_root_original,4.6083411866056725,0.0016217590931746522,4.6058367709421955,4.610979188643142,10,
D12,document,tlg0007.tlg015.perseus-grc1.tb.xml,not_applicable,4_7,ce_root_shuffled,4.529263451380226,0.047063147202782686,4.479747035181614,4.6052101085572525,10,
D12,document,tlg0007.tlg015.perseus-grc1.tb.xml,not_applicable,4_7,g_original,0.4748426663708206,0.009265900637902275,0.45794042320993356,0.4893807867106492,10,
D12,document,tlg0007.tlg015.perseus-grc1.tb.xml,not_applicable,4_7,g_shuffled,0.0,0.0,0.0,0.0,10,
D12,document,tlg0007.tlg015.perseus-grc1.tb.xml,not_applicable,4_7,q,0.4748426663708206,0.009265900637902275,0.45794042320993356,0.4893807867106492,10,
D12,document,tlg0007.tlg015.perseus-grc1.tb.xml,not_applicable,all,ce_ctw_original,4.1522819557658925,0.003940005440706415,4.147639164387148,4.157624972049653,10,
D12,document,tlg0007.tlg015.perseus-grc1.tb.xml,not_applicable,all,ce_ctw_shuffled,4.567692473866882,0.009176477691571585,4.553754058832983,4.582581726371894,10,
D12,document,tlg0007.tlg015.perseus-grc1.tb.xml,not_applicable,all,ce_root_original,4.683664560921948,0.0018703101383000698,4.681031727407253,4.686125199082701,10,
D12,document,tlg0007.tlg015.perseus-grc1.tb.xml,not_applicable,all,ce_root_shuffled,4.567692473866882,0.009176477691571585,4.553754058832983,4.582581726371894,10,
D12,document,tlg0007.tlg015.perseus-grc1.tb.xml,not_applicable,all,g_original,0.5313826051560558,0.004486706505819872,0.5243400833827572,0.5358895051022934,10,
D12,document,tlg0007.tlg015.perseus-grc1.tb.xml,not_applicable,all,g_shuffled,0.0,0.0,0.0,0.0,10,
D12,document,tlg0007.tlg015.perseus-grc1.tb.xml,not_applicable,all,q,0.5313826051560558,0.004486706505819872,0.5243400833827572,0.5358895051022934,10,
D12,document,tlg0007.tlg015.perseus-grc1.tb.xml,not_applicable,ge8,ce_ctw_original,4.159175996484263,0.002862618442811857,4.15430637757683,4.163318172114948,10,
D12,document,tlg0007.tlg015.perseus-grc1.tb.xml,not_applicable,ge8,ce_ctw_shuffled,4.581796988738638,0.018542701519005417,4.546152271384406,4.605207502046233,10,
D12,document,tlg0007.tlg015.perseus-grc1.tb.xml,not_applicable,ge8,ce_root_original,4.711310324058487,0.002168801322663831,4.708435736425226,4.714459360876099,10,
D12,document,tlg0007.tlg015.perseus-grc1.tb.xml,not_applicable,ge8,ce_root_shuffled,4.581796988738638,0.018542701519005417,4.546152271384406,4.605207502046233,10,
D12,document,tlg0007.tlg015.perseus-grc1.tb.xml,not_applicable,ge8,g_original,0.552134327574223,0.003707628810286008,0.5455739681015439,0.5567775866887006,10,
D12,document,tlg0007.tlg015.perseus-grc1.tb.xml,not_applicable,ge8,g_shuffled,0.0,0.0,0.0,0.0,10,
D12,document,tlg0007.tlg015.perseus-grc1.tb.xml,not_applicable,ge8,q,0.552134327574223,0.003707628810286008,0.5455739681015439,0.5567775866887006,10,
D12,document,tlg0008.tlg001.perseus-grc1.tb.xml,not_applicable,4_7,ce_ctw_original,4.171629156668478,0.0026250882522436906,4.167560446676041,4.176072006574313,10,
D12,document,tlg0008.tlg001.perseus-grc1.tb.xml,not_applicable,4_7,ce_ctw_shuffled,4.533349792635568,0.010742013872708,4.515602716417959,4.551187981948329,10,
D12,document,tlg0008.tlg001.perseus-grc1.tb.xml,not_applicable,4_7,ce_root_original,4.606104532861341,0.001317466922729725,4.603937184670206,4.607429232662367,10,
D12,document,tlg0008.tlg001.perseus-grc1.tb.xml,not_applicable,4_7,ce_root_shuffled,4.533349792635569,0.010742013872707854,4.51560271641796,4.551187981948329,10,
D12,document,tlg0008.tlg001.perseus-grc1.tb.xml,not_applicable,4_7,g_original,0.4344753761928626,0.0027257240381173406,0.4300876816978745,0.4382584762826287,10,
D12,document,tlg0008.tlg001.perseus-grc1.tb.xml,not_applicable,4_7,g_shuffled,2.6645352591003756e-16,4.2903093659032255e-16,0.0,8.881784197001252e-16,10,
D12,document,tlg0008.tlg001.perseus-grc1.tb.xml,not_applicable,4_7,q,0.4344753761928623,0.0027257240381175886,0.4300876816978736,0.4382584762826287,10,
D12,document,tlg0008.tlg001.perseus-grc1.tb.xml,not_applicable,all,ce_ctw_original,4.234173706191006,0.0013602578585751822,4.2321237221486125,4.236072325005912,10,
D12,document,tlg0008.tlg001.perseus-grc1.tb.xml,not_applicable,all,ce_ctw_shuffled,4.5609766575179,0.006077708134397313,4.553358016611881,4.571146354124559,10,
D12,document,tlg0008.tlg001.perseus-grc1.tb.xml,not_applicable,all,ce_root_original,4.686199720870297,0.0009839278676594264,4.684884923587315,4.68779269779942,10,
D12,document,tlg0008.tlg001.perseus-grc1.tb.xml,not_applicable,all,ce_root_shuffled,4.5609766575179,0.006077708134397308,4.553358016611881,4.571146354124559,10,
D12,document,tlg0008.tlg001.perseus-grc1.tb.xml,not_applicable,all,g_original,0.45202601467928993,0.0014063936795119334,0.4495667390306899,0.454234291417686,10,
D12,document,tlg0008.tlg001.perseus-grc1.tb.xml,not_applicable,all,g_shuffled,8.881784197001253e-17,2.808666774861361e-16,0.0,8.881784197001252e-16,10,
D12,document,tlg0008.tlg001.perseus-grc1.tb.xml,not_applicable,all,q,0.4520260146792898,0.001406393679511935,0.4495667390306899,0.454234291417686,10,
D12,document,tlg0008.tlg001.perseus-grc1.tb.xml,not_applicable,ge8,ce_ctw_original,4.266102557218752,0.0015954119044602807,4.26319005445113,4.268316310120113,10,
D12,document,tlg0008.tlg001.perseus-grc1.tb.xml,not_applicable,ge8,ce_ctw_shuffled,4.5750801095361116,0.007757374756087028,4.563327290539528,4.584823793569463,10,
D12,document,tlg0008.tlg001.perseus-grc1.tb.xml,not_applicable,ge8,ce_root_original,4.727088133138037,0.0011515367145241116,4.7253154115865845,4.72890146574108,10,
D12,document,tlg0008.tlg001.perseus-grc1.tb.xml,not_applicable,ge8,ce_root_shuffled,4.5750801095361116,0.0077573747560868165,4.563327290539529,4.584823793569463,10,
D12,document,tlg0008.tlg001.perseus-grc1.tb.xml,not_applicable,ge8,g_original,0.46098557591928435,0.0014072584278080958,0.458204612192624,0.46262165676988776,10,
D12,document,tlg0008.tlg001.perseus-grc1.tb.xml,not_applicable,ge8,g_shuffled,2.6645352591003756e-16,4.2903093659032255e-16,0.0,8.881784197001252e-16,10,
D12,document,tlg0008.tlg001.perseus-grc1.tb.xml,not_applicable,ge8,q,0.4609855759192841,0.0014072584278080023,0.458204612192624,0.46262165676988776,10,
D12,document,tlg0012.tlg001.perseus-grc1.tb.xml,not_applicable,4_7,ce_ctw_original,4.475734606545794,0.0024940086163219057,4.471413552550952,4.4797819827946395,10,
D12,document,tlg0012.tlg001.perseus-grc1.tb.xml,not_applicable,4_7,ce_ctw_shuffled,4.710026879240414,0.010733160486022249,4.693552702678363,4.7253053404418806,10,
D12,document,tlg0012.tlg001.perseus-grc1.tb.xml,not_applicable,4_7,ce_root_original,4.7331504397387665,0.001327788002835367,4.731442209708882,4.734856388886257,10,
D12,document,tlg0012.tlg001.perseus-grc1.tb.xml,not_applicable,4_7,ce_root_shuffled,4.710026879240415,0.01073316048602239,4.693552702678363,4.7253053404418806,10,
D12,document,tlg0012.tlg001.perseus-grc1.tb.xml,not_applicable,4_7,g_original,0.25741583319297223,0.0017048358949913244,0.25473185041280466,0.2601516497411369,10,
D12,document,tlg0012.tlg001.perseus-grc1.tb.xml,not_applicable,4_7,g_shuffled,8.881784197001253e-17,2.808666774861361e-16,0.0,8.881784197001252e-16,10,
D12,document,tlg0012.tlg001.perseus-grc1.tb.xml,not_applicable,4_7,q,0.2574158331929722,0.001704835894991278,0.25473185041280466,0.2601516497411369,10,
D12,document,tlg0012.tlg001.perseus-grc1.tb.xml,not_applicable,all,ce_ctw_original,4.555949835210609,0.002356162943427641,4.551744516229632,4.559607954042143,10,
D12,document,tlg0012.tlg001.perseus-grc1.tb.xml,not_applicable,all,ce_ctw_shuffled,4.722900773456369,0.004715602884202712,4.717571021798072,4.731461034028725,10,
D12,document,tlg0012.tlg001.perseus-grc1.tb.xml,not_applicable,all,ce_root_original,4.817699353268035,0.0013671155602887335,4.815943056434565,4.819877067090027,10,
D12,document,tlg0012.tlg001.perseus-grc1.tb.xml,not_applicable,all,ce_root_shuffled,4.722900773456369,0.004715602884202892,4.717571021798072,4.731461034028726,10,
D12,document,tlg0012.tlg001.perseus-grc1.tb.xml,not_applicable,all,g_original,0.2617495180574239,0.0014388671669607776,0.2594913087360817,0.2646470996902561,10,
D12,document,tlg0012.tlg001.perseus-grc1.tb.xml,not_applicable,all,g_shuffled,8.881784197001253e-17,2.808666774861361e-16,0.0,8.881784197001252e-16,10,
D12,document,tlg0012.tlg001.perseus-grc1.tb.xml,not_applicable,all,q,0.2617495180574238,0.0014388671669607782,0.2594913087360817,0.2646470996902561,10,
D12,document,tlg0012.tlg001.perseus-grc1.tb.xml,not_applicable,ge8,ce_ctw_original,4.617620046180455,0.0026116949375195094,4.613503705350389,4.620978900303194,10,
D12,document,tlg0012.tlg001.perseus-grc1.tb.xml,not_applicable,ge8,ce_ctw_shuffled,4.7327983426027345,0.00630027204359111,4.724730749301698,4.7426949685916,10,
D12,document,tlg0012.tlg001.perseus-grc1.tb.xml,not_applicable,ge8,ce_root_original,4.8827013413120826,0.0016457791121236285,4.88071199977004,4.885241752186605,10,
D12,document,tlg0012.tlg001.perseus-grc1.tb.xml,not_applicable,ge8,ce_root_shuffled,4.7327983426027345,0.006300272043591164,4.724730749301698,4.7426949685916,10,
D12,document,tlg0012.tlg001.perseus-grc1.tb.xml,not_applicable,ge8,g_original,0.26508129513162915,0.0015622439242126936,0.2631504243901057,0.26810324326026347,10,
D12,document,tlg0012.tlg001.perseus-grc1.tb.xml,not_applicable,ge8,g_shuffled,8.881784197001253e-17,2.808666774861361e-16,0.0,8.881784197001252e-16,10,
D12,document,tlg0012.tlg001.perseus-grc1.tb.xml,not_applicable,ge8,q,0.2650812951316291,0.0015622439242127333,0.2631504243901057,0.26810324326026347,10,
D12,document,tlg0013.tlg002.perseus-grc1.tb.xml,not_applicable,4_7,ce_ctw_original,4.526592156386998,0.011542451663995004,4.509027698537885,4.549324568114778,10,
D12,document,tlg0013.tlg002.perseus-grc1.tb.xml,not_applicable,4_7,ce_ctw_shuffled,4.768608693258264,0.03487910884481049,4.711043311911321,4.82042961493759,10,
D12,document,tlg0013.tlg002.perseus-grc1.tb.xml,not_applicable,4_7,ce_root_original,4.776091584541992,0.0022328760108709872,4.773970979350017,4.779961130535393,10,
D12,document,tlg0013.tlg002.perseus-grc1.tb.xml,not_applicable,4_7,ce_root_shuffled,4.768608693258264,0.03487910884481049,4.711043311911321,4.82042961493759,10,
D12,document,tlg0013.tlg002.perseus-grc1.tb.xml,not_applicable,4_7,g_original,0.24949942815499276,0.012253750013078298,0.22471198928755154,0.2681579094233184,10,
D12,document,tlg0013.tlg002.perseus-grc1.tb.xml,not_applicable,4_7,g_shuffled,0.0,0.0,0.0,0.0,10,
D12,document,tlg0013.tlg002.perseus-grc1.tb.xml,not_applicable,4_7,q,0.24949942815499276,0.012253750013078298,0.22471198928755154,0.2681579094233184,10,
D12,document,tlg0013.tlg002.perseus-grc1.tb.xml,not_applicable,all,ce_ctw_original,4.510791189821687,0.006586550792080408,4.503755957802873,4.526998888357371,10,
D12,document,tlg0013.tlg002.perseus-grc1.tb.xml,not_applicable,all,ce_ctw_shuffled,4.81980509320937,0.02132793302920586,4.786147349507361,4.84903332277771,10,
D12,document,tlg0013.tlg002.perseus-grc1.tb.xml,not_applicable,all,ce_root_original,4.819766559649332,0.0019211223502667713,4.817282707305354,4.822705848914299,10,
D12,document,tlg0013.tlg002.perseus-grc1.tb.xml,not_applicable,all,ce_root_shuffled,4.81980509320937,0.02132793302920586,4.786147349507361,4.84903332277771,10,
D12,document,tlg0013.tlg002.perseus-grc1.tb.xml,not_applicable,all,g_original,0.3089753698276449,0.007215614470083833,0.2910096722581246,0.31533963936908904,10,
D12,document,tlg0013.tlg002.perseus-grc1.tb.xml,not_applicable,all,g_shuffled,0.0,0.0,0.0,0.0,10,
D12,document,tlg0013.tlg002.perseus-grc1.tb.xml,not_applicable,all,q,0.3089753698276449,0.007215614470083833,0.2910096722581246,0.31533963936908904,10,
D12,document,tlg0013.tlg002.perseus-grc1.tb.xml,not_applicable,ge8,ce_ctw_original,4.499842865030593,0.00617671310084601,4.492456115219937,4.511529657905189,10,
D12,document,tlg0013.tlg002.perseus-grc1.tb.xml,not_applicable,ge8,ce_ctw_shuffled,4.855278544310135,0.034732778770153204,4.795751360151673,4.902538651664577,10,
D12,document,tlg0013.tlg002.perseus-grc1.tb.xml,not_applicable,ge8,ce_root_original,4.850028493989969,0.0020093492769951283,4.847018290771236,4.853756670097793,10,
D12,document,tlg0013.tlg002.perseus-grc1.tb.xml,not_applicable,ge8,ce_root_shuffled,4.855278544310135,0.034732778770153065,4.795751360151673,4.902538651664577,10,
D12,document,tlg0013.tlg002.perseus-grc1.tb.xml,not_applicable,ge8,g_original,0.35018562895937605,0.006412547007713797,0.33694664472487457,0.35695412905413804,10,
D12,document,tlg0013.tlg002.perseus-grc1.tb.xml,not_applicable,ge8,g_shuffled,8.881784197001253e-17,2.808666774861361e-16,0.0,8.881784197001252e-16,10,
D12,document,tlg0013.tlg002.perseus-grc1.tb.xml,not_applicable,ge8,q,0.350185628959376,0.006412547007713859,0.33694664472487457,0.35695412905413804,10,
D12,document,tlg0016.tlg001.perseus-grc1.1.tb.xml,not_applicable,4_7,ce_ctw_original,4.3147850164248265,0.004692489343177223,4.3077185819164585,4.322264578799911,10,
D12,document,tlg0016.tlg001.perseus-grc1.1.tb.xml,not_applicable,4_7,ce_ctw_shuffled,4.6240568328797895,0.023017282710489823,4.594221332743872,4.656437781195643,10,
D12,document,tlg0016.tlg001.perseus-grc1.1.tb.xml,not_applicable,4_7,ce_root_original,4.6913134739563676,0.0012540391400361279,4.689282689624663,4.693040271170365,10,
D12,document,tlg0016.tlg001.perseus-grc1.1.tb.xml,not_applicable,4_7,ce_root_shuffled,4.6240568328797895,0.023017282710489962,4.594221332743872,4.656437781195644,10,
D12,document,tlg0016.tlg001.perseus-grc1.1.tb.xml,not_applicable,4_7,g_original,0.3765284575315418,0.004204515579335159,0.3703537384537938,0.38231061853177284,10,
D12,document,tlg0016.tlg001.perseus-grc1.1.tb.xml,not_applicable,4_7,g_shuffled,8.881784197001253e-17,2.808666774861361e-16,0.0,8.881784197001252e-16,10,
D12,document,tlg0016.tlg001.perseus-grc1.1.tb.xml,not_applicable,4_7,q,0.3765284575315417,0.004204515579335025,0.3703537384537938,0.38231061853177284,10,
D12,document,tlg0016.tlg001.perseus-grc1.1.tb.xml,not_applicable,all,ce_ctw_original,4.394063379625891,0.00424106439055257,4.389270071265705,4.400086122926136,10,
D12,document,tlg0016.tlg001.perseus-grc1.1.tb.xml,not_applicable,all,ce_ctw_shuffled,4.644771714841357,0.005111474342995243,4.635472438880743,4.651092088815619,10,
D12,document,tlg0016.tlg001.perseus-grc1.1.tb.xml,not_applicable,all,ce_root_original,4.787386174862047,0.0011737164356912752,4.785626087411264,4.78924601605047,10,
D12,document,tlg0016.tlg001.perseus-grc1.1.tb.xml,not_applicable,all,ce_root_shuffled,4.644771714841357,0.005111474342995243,4.635472438880743,4.651092088815619,10,
D12,document,tlg0016.tlg001.perseus-grc1.1.tb.xml,not_applicable,all,g_original,0.39332279523615654,0.0033503757115929057,0.3886040258099914,0.39677859816021854,10,
D12,document,tlg0016.tlg001.perseus-grc1.1.tb.xml,not_applicable,all,g_shuffled,0.0,0.0,0.0,0.0,10,
D12,document,tlg0016.tlg001.perseus-grc1.1.tb.xml,not_applicable,all,q,0.39332279523615654,0.0033503757115929057,0.3886040258099914,0.39677859816021854,10,
D12,document,tlg0016.tlg001.perseus-grc1.1.tb.xml,not_applicable,ge8,ce_ctw_original,4.429216691082088,0.00438701764911374,4.423946205083473,4.436713724630448,10,
D12,document,tlg0016.tlg001.perseus-grc1.1.tb.xml,not_applicable,ge8,ce_ctw_shuffled,4.653957029320246,0.006067714195109637,4.6452714814510365,4.664433926007363,10,
D12,document,tlg0016.tlg001.perseus-grc1.1.tb.xml,not_applicable,ge8,ce_root_original,4.829986367916111,0.0012454108534075943,4.828346311850701,4.8322976873691905,10,
D12,document,tlg0016.tlg001.perseus-grc1.1.tb.xml,not_applicable,ge8,ce_root_shuffled,4.653957029320246,0.006067714195109623,4.6452714814510365,4.664433926007363,10,
D12,document,tlg0016.tlg001.perseus-grc1.1.tb.xml,not_applicable,ge8,g_original,0.4007696768340218,0.0033000760644975075,0.3955839627387423,0.4045950658187838,10,
D12,document,tlg0016.tlg001.perseus-grc1.1.tb.xml,not_applicable,ge8,g_shuffled,8.881784197001253e-17,2.808666774861361e-16,0.0,8.881784197001252e-16,10,
D12,document,tlg0016.tlg001.perseus-grc1.1.tb.xml,not_applicable,ge8,q,0.40076967683402176,0.0033000760644974346,0.3955839627387423,0.4045950658187838,10,
D12,document,tlg0020.tlg001.perseus-grc1.tb.xml,not_applicable,4_7,ce_ctw_original,4.53245575420712,0.01214962311400514,4.508877444576129,4.548420032998821,10,
D12,document,tlg0020.tlg001.perseus-grc1.tb.xml,not_applicable,4_7,ce_ctw_shuffled,4.87904350853924,0.04659155092506762,4.801367531058654,4.956183534058444,10,
D12,document,tlg0020.tlg001.perseus-grc1.tb.xml,not_applicable,4_7,ce_root_original,4.862557039723083,0.006610399856534897,4.851951304578709,4.874284050616546,10,
D12,document,tlg0020.tlg001.perseus-grc1.tb.xml,not_applicable,4_7,ce_root_shuffled,4.87904350853924,0.04659155092506762,4.801367531058654,4.956183534058444,10,
D12,document,tlg0020.tlg001.perseus-grc1.tb.xml,not_applicable,4_7,g_original,0.3301012855159623,0.007760704780243826,0.3208926759412405,0.3430738600025798,10,
D12,document,tlg0020.tlg001.perseus-grc1.tb.xml,not_applicable,4_7,g_shuffled,0.0,0.0,0.0,0.0,10,
D12,document,tlg0020.tlg001.perseus-grc1.tb.xml,not_applicable,4_7,q,0.3301012855159623,0.007760704780243826,0.3208926759412405,0.3430738600025798,10,
D12,document,tlg0020.tlg001.perseus-grc1.tb.xml,not_applicable,all,ce_ctw_original,4.700922865800676,0.019633730332612877,4.668749186767509,4.740715724406216,10,
D12,document,tlg0020.tlg001.perseus-grc1.tb.xml,not_applicable,all,ce_ctw_shuffled,4.938493786591453,0.023379543741271953,4.892274717999425,4.975770493467117,10,
D12,document,tlg0020.tlg001.perseus-grc1.tb.xml,not_applicable,all,ce_root_original,4.962327917484247,0.008191995526525934,4.94830499798592,4.976911009231024,10,
D12,document,tlg0020.tlg001.perseus-grc1.tb.xml,not_applicable,all,ce_root_shuffled,4.938493786591453,0.023379543741271953,4.892274717999425,4.975770493467117,10,
D12,document,tlg0020.tlg001.perseus-grc1.tb.xml,not_applicable,all,g_original,0.26140505168357003,0.014109256705596252,0.22912887204585441,0.2795558112184109,10,
D12,document,tlg0020.tlg001.perseus-grc1.tb.xml,not_applicable,all,g_shuffled,0.0,0.0,0.0,0.0,10,
D12,document,tlg0020.tlg001.perseus-grc1.tb.xml,not_applicable,all,q,0.26140505168357003,0.014109256705596252,0.22912887204585441,0.2795558112184109,10,
D12,document,tlg0020.tlg001.perseus-grc1.tb.xml,not_applicable,ge8,ce_ctw_original,4.780152031612522,0.02446389412104862,4.743935997124114,4.831151341633258,10,
D12,document,tlg0020.tlg001.perseus-grc1.tb.xml,not_applicable,ge8,ce_ctw_shuffled,4.96645292884067,0.027050143063437126,4.922680908825637,5.013514808515986,10,
D12,document,tlg0020.tlg001.perseus-grc1.tb.xml,not_applicable,ge8,ce_root_original,5.009249618358441,0.008986707181015362,4.9936196156542145,5.025175909388207,10,
D12,document,tlg0020.tlg001.perseus-grc1.tb.xml,not_applicable,ge8,ce_root_shuffled,4.96645292884067,0.027050143063437126,4.922680908825637,5.013514808515986,10,
D12,document,tlg0020.tlg001.perseus-grc1.tb.xml,not_applicable,ge8,g_original,0.22909758674591973,0.018934526462519637,0.18597285443754075,0.24968361853010013,10,
D12,document,tlg0020.tlg001.perseus-grc1.tb.xml,not_applicable,ge8,g_shuffled,0.0,0.0,0.0,0.0,10,
D12,document,tlg0020.tlg001.perseus-grc1.tb.xml,not_applicable,ge8,q,0.22909758674591973,0.018934526462519637,0.18597285443754075,0.24968361853010013,10,
D12,document,tlg0020.tlg002.perseus-grc1.tb.xml,not_applicable,4_7,ce_ctw_original,4.63533496489334,0.006158920441673436,4.6263110975970925,4.645110619168235,10,
D12,document,tlg0020.tlg002.perseus-grc1.tb.xml,not_applicable,4_7,ce_ctw_shuffled,4.815393883996018,0.04104420632617999,4.77713540631306,4.901443801584121,10,
D12,document,tlg0020.tlg002.perseus-grc1.tb.xml,not_applicable,4_7,ce_root_original,4.874668843964431,0.002414333208756327,4.869631098297262,4.8776668634970335,10,
D12,document,tlg0020.tlg002.perseus-grc1.tb.xml,not_applicable,4_7,ce_root_shuffled,4.815393883996018,0.04104420632617994,4.77713540631306,4.901443801584121,10,
D12,document,tlg0020.tlg002.perseus-grc1.tb.xml,not_applicable,4_7,g_original,0.23933387907109066,0.006157851022914312,0.23086315281517145,0.25017896161434816,10,
D12,document,tlg0020.tlg002.perseus-grc1.tb.xml,not_applicable,4_7,g_shuffled,8.881784197001253e-17,2.808666774861361e-16,0.0,8.881784197001252e-16,10,
D12,document,tlg0020.tlg002.perseus-grc1.tb.xml,not_applicable,4_7,q,0.23933387907109055,0.006157851022914138,0.23086315281517145,0.2501789616143473,10,
D12,document,tlg0020.tlg002.perseus-grc1.tb.xml,not_applicable,all,ce_ctw_original,4.651251993700889,0.004963480410666066,4.642633633211391,4.656927966455656,10,
D12,document,tlg0020.tlg002.perseus-grc1.tb.xml,not_applicable,all,ce_ctw_shuffled,4.795176691707905,0.011881559187701195,4.775469311934812,4.819164215524032,10,
D12,document,tlg0020.tlg002.perseus-grc1.tb.xml,not_applicable,all,ce_root_original,4.879725520441351,0.0020882112517709222,4.876116830268571,4.882910413535447,10,
D12,document,tlg0020.tlg002.perseus-grc1.tb.xml,not_applicable,all,ce_root_shuffled,4.795176691707905,0.011881559187701002,4.775469311934813,4.819164215524032,10,
D12,document,tlg0020.tlg002.perseus-grc1.tb.xml,not_applicable,all,g_original,0.22847352674046278,0.003727726157273457,0.2239707490307321,0.23379317088744678,10,
D12,document,tlg0020.tlg002.perseus-grc1.tb.xml,not_applicable,all,g_shuffled,1.7763568394002506e-16,3.7448890331484815e-16,0.0,8.881784197001252e-16,10,
D12,document,tlg0020.tlg002.perseus-grc1.tb.xml,not_applicable,all,q,0.2284735267404626,0.0037277261572733005,0.2239707490307321,0.2337931708874459,10,
D12,document,tlg0020.tlg002.perseus-grc1.tb.xml,not_applicable,ge8,ce_ctw_original,4.663116199207019,0.00632559965752175,4.649482200041009,4.67165935073452,10,
D12,document,tlg0020.tlg002.perseus-grc1.tb.xml,not_applicable,ge8,ce_ctw_shuffled,4.780107238296514,0.027683147049559573,4.72408871909488,4.815082325756806,10,
D12,document,tlg0020.tlg002.perseus-grc1.tb.xml,not_applicable,ge8,ce_root_original,4.883494656605241,0.002257049049627661,4.880606137012733,4.886818841169121,10,
D12,document,tlg0020.tlg002.perseus-grc1.tb.xml,not_applicable,ge8,ce_root_shuffled,4.780107238296514,0.027683147049559542,4.72408871909488,4.815082325756806,10,
D12,document,tlg0020.tlg002.perseus-grc1.tb.xml,not_applicable,ge8,g_original,0.22037845739822162,0.005532538003037612,0.21330222705535373,0.23146895313390736,10,
D12,document,tlg0020.tlg002.perseus-grc1.tb.xml,not_applicable,ge8,g_shuffled,8.881784197001253e-17,2.808666774861361e-16,0.0,8.881784197001252e-16,10,
D12,document,tlg0020.tlg002.perseus-grc1.tb.xml,not_applicable,ge8,q,0.22037845739822154,0.0055325380030375425,0.21330222705535373,0.23146895313390736,10,
D12,document,tlg0020.tlg003.perseus-grc1.tb.xml,not_applicable,4_7,ce_ctw_original,4.4629157912542,0.009019016320912624,4.448817194912964,4.4743065093079775,10,
D12,document,tlg0020.tlg003.perseus-grc1.tb.xml,not_applicable,4_7,ce_ctw_shuffled,4.841968699756984,0.06416804771785153,4.759414044339073,4.945474411745164,10,
D12,document,tlg0020.tlg003.perseus-grc1.tb.xml,not_applicable,4_7,ce_root_original,4.771556371365864,0.0029550002352899366,4.768003394751331,4.777312378072585,10,
D12,document,tlg0020.tlg003.perseus-grc1.tb.xml,not_applicable,4_7,ce_root_shuffled,4.841968699756984,0.06416804771785135,4.759414044339074,4.945474411745164,10,
D12,document,tlg0020.tlg003.perseus-grc1.tb.xml,not_applicable,4_7,g_original,0.30864058011166373,0.009672999720043943,0.2942394234517778,0.3236060116465822,10,
D12,document,tlg0020.tlg003.perseus-grc1.tb.xml,not_applicable,4_7,g_shuffled,1.7763568394002506e-16,3.7448890331484815e-16,0.0,8.881784197001252e-16,10,
D12,document,tlg0020.tlg003.perseus-grc1.tb.xml,not_applicable,4_7,q,0.3086405801116635,0.009672999720043901,0.2942394234517778,0.3236060116465822,10,
D12,document,tlg0020.tlg003.perseus-grc1.tb.xml,not_applicable,all,ce_ctw_original,4.613089822216422,0.0070227725889959475,4.60470327086056,4.623751978861899,10,
D12,document,tlg0020.tlg003.perseus-grc1.tb.xml,not_applicable,all,ce_ctw_shuffled,4.865136384087317,0.027513854244213546,4.82552298696099,4.901634385332062,10,
D12,document,tlg0020.tlg003.perseus-grc1.tb.xml,not_applicable,all,ce_root_original,4.893630582852016,0.003218515924144335,4.889127463701474,4.898145624091244,10,
D12,document,tlg0020.tlg003.perseus-grc1.tb.xml,not_applicable,all,ce_root_shuffled,4.865136384087317,0.027513854244213428,4.82552298696099,4.901634385332062,10,
D12,document,tlg0020.tlg003.perseus-grc1.tb.xml,not_applicable,all,g_original,0.28054076063559624,0.007083034537394043,0.26687850618195075,0.2904991299982873,10,
D12,document,tlg0020.tlg003.perseus-grc1.tb.xml,not_applicable,all,g_shuffled,8.881784197001253e-17,2.808666774861361e-16,0.0,8.881784197001252e-16,10,
D12,document,tlg0020.tlg003.perseus-grc1.tb.xml,not_applicable,all,q,0.2805407606355962,0.0070830345373940895,0.26687850618195075,0.2904991299982873,10,
D12,document,tlg0020.tlg003.perseus-grc1.tb.xml,not_applicable,ge8,ce_ctw_original,4.724415744783009,0.010275719955586097,4.706028845106243,4.738410963378138,10,
D12,document,tlg0020.tlg003.perseus-grc1.tb.xml,not_applicable,ge8,ce_ctw_shuffled,4.882310883668104,0.05003262916398177,4.834114729381559,4.997411174655297,10,
D12,document,tlg0020.tlg003.perseus-grc1.tb.xml,not_applicable,ge8,ce_root_original,4.984125751212409,0.003766723398840366,4.978918279293857,4.98896299806516,10,
D12,document,tlg0020.tlg003.perseus-grc1.tb.xml,not_applicable,ge8,ce_root_shuffled,4.882310883668104,0.05003262916398177,4.834114729381559,4.997411174655297,10,
D12,document,tlg0020.tlg003.perseus-grc1.tb.xml,not_applicable,ge8,g_original,0.2597100064293996,0.0097805964447611,0.24170974187656835,0.2733447843381196,10,
D12,document,tlg0020.tlg003.perseus-grc1.tb.xml,not_applicable,ge8,g_shuffled,0.0,0.0,0.0,0.0,10,
D12,document,tlg0020.tlg003.perseus-grc1.tb.xml,not_applicable,ge8,q,0.2597100064293996,0.0097805964447611,0.24170974187656835,0.2733447843381196,10,
D12,document,tlg0060.tlg001.perseus-grc3.11.tb.xml,not_applicable,4_7,ce_ctw_original,3.8807832225401038,0.005417657218664432,3.871117587693788,3.8885893873694966,10,
D12,document,tlg0060.tlg001.perseus-grc3.11.tb.xml,not_applicable,4_7,ce_ctw_shuffled,4.366568706922567,0.013500594198070174,4.336720206609892,4.381613331176348,10,
D12,document,tlg0060.tlg001.perseus-grc3.11.tb.xml,not_applicable,4_7,ce_root_original,4.371963214770472,0.0029799855185893617,4.366750295889444,4.37761958961985,10,
D12,document,tlg0060.tlg001.perseus-grc3.11.tb.xml,not_applicable,4_7,ce_root_shuffled,4.366568706922568,0.013500594198070025,4.336720206609893,4.381613331176348,10,
D12,document,tlg0060.tlg001.perseus-grc3.11.tb.xml,not_applicable,4_7,g_original,0.49117999223036807,0.0036226587898104917,0.4850312389697109,0.49596910914263104,10,
D12,document,tlg0060.tlg001.perseus-grc3.11.tb.xml,not_applicable,4_7,g_shuffled,1.7763568394002506e-16,3.7448890331484815e-16,0.0,8.881784197001252e-16,10,
D12,document,tlg0060.tlg001.perseus-grc3.11.tb.xml,not_applicable,4_7,q,0.4911799922303679,0.0036226587898103182,0.4850312389697109,0.49596910914263104,10,
D12,document,tlg0060.tlg001.perseus-grc3.11.tb.xml,not_applicable,all,ce_ctw_original,3.992025503534941,0.0033524841402007522,3.9867783016249803,3.9971121037800073,10,
D12,document,tlg0060.tlg001.perseus-grc3.11.tb.xml,not_applicable,all,ce_ctw_shuffled,4.402962659693685,0.0065354097317627475,4.3919092559676285,4.414765538563269,10,
D12,document,tlg0060.tlg001.perseus-grc3.11.tb.xml,not_applicable,all,ce_root_original,4.517654907207592,0.002594464123051626,4.513367253968386,4.5217693382949555,10,
D12,document,tlg0060.tlg001.perseus-grc3.11.tb.xml,not_applicable,all,ce_root_shuffled,4.402962659693685,0.00653540973176258,4.391909255967629,4.414765538563269,10,
D12,document,tlg0060.tlg001.perseus-grc3.11.tb.xml,not_applicable,all,g_original,0.5256294036726524,0.0022574957748559346,0.5221848399964979,0.5288882991565576,10,
D12,document,tlg0060.tlg001.perseus-grc3.11.tb.xml,not_applicable,all,g_shuffled,8.881784197001253e-17,2.808666774861361e-16,0.0,8.881784197001252e-16,10,
D12,document,tlg0060.tlg001.perseus-grc3.11.tb.xml,not_applicable,all,q,0.5256294036726524,0.0022574957748560075,0.5221848399964979,0.5288882991565576,10,
D12,document,tlg0060.tlg001.perseus-grc3.11.tb.xml,not_applicable,ge8,ce_ctw_original,4.026190417727716,0.0034413452681696538,4.020368160742976,4.032257252723691,10,
D12,document,tlg0060.tlg001.perseus-grc3.11.tb.xml,not_applicable,ge8,ce_ctw_shuffled,4.414140030945349,0.009308696965113657,4.401539689685976,4.428291449710013,10,
D12,document,tlg0060.tlg001.perseus-grc3.11.tb.xml,not_applicable,ge8,ce_root_original,4.562399981887835,0.002534030759547253,4.558396497770079,4.566040848644729,10,
D12,document,tlg0060.tlg001.perseus-grc3.11.tb.xml,not_applicable,ge8,ce_root_shuffled,4.414140030945349,0.009308696965113657,4.401539689685976,4.428291449710013,10,
D12,document,tlg0060.tlg001.perseus-grc3.11.tb.xml,not_applicable,ge8,g_original,0.5362095641601194,0.002876525861823828,0.531753451935784,0.5404850121100475,10,
D12,document,tlg0060.tlg001.perseus-grc3.11.tb.xml,not_applicable,ge8,g_shuffled,0.0,0.0,0.0,0.0,10,
D12,document,tlg0060.tlg001.perseus-grc3.11.tb.xml,not_applicable,ge8,q,0.5362095641601194,0.002876525861823828,0.531753451935784,0.5404850121100475,10,
D12,group,HEX,eligible_token_weighted,all,ce_ctw_original,4.5682433332298285,0.0020783745424787555,4.56379929808137,4.571255687461729,10,
D12,group,HEX,eligible_token_weighted,all,ce_ctw_shuffled,4.743386336679191,0.004661336113369608,4.737972572955347,4.752408301466137,10,
D12,group,HEX,eligible_token_weighted,all,ce_root_original,4.830146440147686,0.0010815428255677793,4.828738088594765,4.832437974369278,10,
D12,group,HEX,eligible_token_weighted,all,ce_root_shuffled,4.743386336679191,0.004661336113369608,4.737972572955347,4.752408301466137,10,
D12,group,HEX,eligible_token_weighted,all,g_original,0.26190310691785906,0.0016418286275989098,0.2600455838041157,0.26528325868060226,10,
D12,group,HEX,eligible_token_weighted,all,g_shuffled,0.0,0.0,0.0,0.0,10,
D12,group,HEX,eligible_token_weighted,all,q,0.26190310691785906,0.0016418286275989098,0.2600455838041157,0.26528325868060226,10,
D12,group,HEX,equal_block,all,ce_ctw_original,4.610482432966093,0.004815473150531861,4.603472212781172,4.619357556673597,10,
D12,group,HEX,equal_block,all,ce_ctw_shuffled,4.800728756721042,0.007859133561709067,4.788207594521357,4.811930067246568,10,
D12,group,HEX,equal_block,all,ce_root_original,4.869292345111101,0.0022523085516485256,4.8661408558008,4.8729307662182055,10,
D12,group,HEX,equal_block,all,ce_root_shuffled,4.800728756721042,0.007859133561709067,4.788207594521357,4.811930067246568,10,
D12,group,HEX,equal_block,all,g_original,0.2588099121450077,0.003421912850342709,0.2521347863503087,0.2634566178494402,10,
D12,group,HEX,equal_block,all,g_shuffled,0.0,0.0,0.0,0.0,10,
D12,group,HEX,equal_block,all,q,0.2588099121450077,0.003421912850342709,0.2521347863503087,0.2634566178494402,10,
D12,group,PROSE_ALL,eligible_token_weighted,all,ce_ctw_original,4.229653140921594,0.0019551882700025148,4.226807498877778,4.232477770975531,10,
D12,group,PROSE_ALL,eligible_token_weighted,all,ce_ctw_shuffled,4.561637804526387,0.0026087442710032156,4.558104850926576,4.56527747544337,10,
D12,group,PROSE_ALL,eligible_token_weighted,all,ce_root_original,4.692401283663155,0.0006620339953549031,4.690856994249098,4.693336358117208,10,
D12,group,PROSE_ALL,eligible_token_weighted,all,ce_root_shuffled,4.561637804526387,0.0026087442710032156,4.558104850926576,4.56527747544337,10,
D12,group,PROSE_ALL,eligible_token_weighted,all,g_original,0.46274814274155923,0.0016989361128125651,0.45998997842257233,0.46492427136594355,10,
D12,group,PROSE_ALL,eligible_token_weighted,all,g_shuffled,4.595336571382045e-17,9.823311092708667e-17,0.0,2.6425758040633148e-16,10,
D12,group,PROSE_ALL,eligible_token_weighted,all,q,0.4627481427415591,0.001698936112812545,0.45998997842257233,0.46492427136594355,10,
D12,group,PROSE_ALL,equal_block,all,ce_ctw_original,4.236087033991371,0.0020685812765574908,4.233407338286236,4.239180053983845,10,
D12,group,PROSE_ALL,equal_block,all,ce_ctw_shuffled,4.57174210226279,0.0026845856844985474,4.5685732796968255,4.575664804296981,10,
D12,group,PROSE_ALL,equal_block,all,ce_root_original,4.704456768607886,0.0006572022176556541,4.70294131053597,4.705284180810037,10,
D12,group,PROSE_ALL,equal_block,all,ce_root_shuffled,4.57174210226279,0.0026845856844985474,4.5685732796968255,4.575664804296981,10,
D12,group,PROSE_ALL,equal_block,all,g_original,0.46836973461651665,0.0018373900554241986,0.46539093978985335,0.4706722455319271,10,
D12,group,PROSE_ALL,equal_block,all,g_shuffled,3.552713678800501e-17,7.489778066296963e-17,0.0,1.7763568394002506e-16,10,
D12,group,PROSE_ALL,equal_block,all,q,0.46836973461651654,0.001837390055424186,0.46539093978985335,0.4706722455319271,10,
D12,group,contrast,eligible_token_weighted,all,ce_ctw_original,0.3385901923082325,0.0034003298378054636,0.3343641133469646,0.3439146964464532,10,
D12,group,contrast,eligible_token_weighted,all,ce_ctw_shuffled,0.181748532152804,0.006012850638653512,0.1728723111479633,0.19210156975308834,10,
D12,group,contrast,eligible_token_weighted,all,ce_root_original,0.13774515648453206,0.0016344598579840631,0.1357461986447639,0.14158098012017994,10,
D12,group,contrast,eligible_token_weighted,all,ce_root_shuffled,0.181748532152804,0.006012850638653512,0.1728723111479633,0.19210156975308834,10,
D12,group,contrast,eligible_token_weighted,all,g_original,-0.2008450358237001,0.0023435970961507044,-0.20487868756182787,-0.19732091273038382,10,
D12,group,contrast,eligible_token_weighted,all,g_shuffled,-4.595336571382045e-17,9.823311092708667e-17,-2.6425758040633148e-16,0.0,10,
D12,group,contrast,eligible_token_weighted,all,q,-0.20084503582370003,0.002343597096150655,-0.20487868756182787,-0.19732091273038382,10,
D12,group,contrast,equal_block,all,ce_ctw_original,0.37439539897472207,0.005310058749100617,0.3665880302403268,0.3824419460225812,10,
D12,group,contrast,equal_block,all,ce_ctw_shuffled,0.22898665445825267,0.0094341765974485,0.2125427902243766,0.24332546904287167,10,
D12,group,contrast,equal_block,all,ce_root_original,0.16483557650321384,0.002651221019951611,0.1611476372363505,0.1690554776579738,10,
D12,group,contrast,equal_block,all,ce_root_shuffled,0.22898665445825267,0.0094341765974485,0.2125427902243766,0.24332546904287167,10,
D12,group,contrast,equal_block,all,g_original,-0.20955982247150887,0.0034813162655128677,-0.2155664560855478,-0.20467476779026894,10,
D12,group,contrast,equal_block,all,g_shuffled,-3.552713678800501e-17,7.489778066296963e-17,-1.7763568394002506e-16,0.0,10,
D12,group,contrast,equal_block,all,q,-0.2095598224715088,0.003481316265512825,-0.21556645608554764,-0.20467476779026894,10,
D12,group_difference,HEX,eligible_token_weighted,all,ce_ctw_original,0.0,0.0,0.0,0.0,10,
D12,group_difference,HEX,eligible_token_weighted,all,ce_ctw_shuffled,0.0,0.0,0.0,0.0,10,
D12,group_difference,HEX,eligible_token_weighted,all,ce_root_original,0.0,0.0,0.0,0.0,10,
D12,group_difference,HEX,eligible_token_weighted,all,ce_root_shuffled,0.0,0.0,0.0,0.0,10,
D12,group_difference,HEX,eligible_token_weighted,all,g_original,0.0,0.0,0.0,0.0,10,
D12,group_difference,HEX,eligible_token_weighted,all,g_shuffled,0.0,0.0,0.0,0.0,10,
D12,group_difference,HEX,eligible_token_weighted,all,q,0.0,0.0,0.0,0.0,10,
D12,group_difference,HEX,equal_block,all,ce_ctw_original,0.0,0.0,0.0,0.0,10,
D12,group_difference,HEX,equal_block,all,ce_ctw_shuffled,0.0,0.0,0.0,0.0,10,
D12,group_difference,HEX,equal_block,all,ce_root_original,0.0,0.0,0.0,0.0,10,
D12,group_difference,HEX,equal_block,all,ce_root_shuffled,0.0,0.0,0.0,0.0,10,
D12,group_difference,HEX,equal_block,all,g_original,0.0,0.0,0.0,0.0,10,
D12,group_difference,HEX,equal_block,all,g_shuffled,0.0,0.0,0.0,0.0,10,
D12,group_difference,HEX,equal_block,all,q,0.0,0.0,0.0,0.0,10,
D12,group_difference,PROSE_ALL,eligible_token_weighted,all,ce_ctw_original,-1.0659437776894265e-10,1.5945533735268497e-10,-4.691775856713321e-10,-1.687538997430238e-14,10,
D12,group_difference,PROSE_ALL,eligible_token_weighted,all,ce_ctw_shuffled,0.0,0.0,0.0,0.0,10,
D12,group_difference,PROSE_ALL,eligible_token_weighted,all,ce_root_original,0.0,0.0,0.0,0.0,10,
D12,group_difference,PROSE_ALL,eligible_token_weighted,all,ce_root_shuffled,0.0,0.0,0.0,0.0,10,
D12,group_difference,PROSE_ALL,eligible_token_weighted,all,g_original,1.0659426674664019e-10,1.594551966360712e-10,1.6542323066914832e-14,4.691775301601808e-10,10,
D12,group_difference,PROSE_ALL,eligible_token_weighted,all,g_shuffled,0.0,0.0,0.0,0.0,10,
D12,group_difference,PROSE_ALL,eligible_token_weighted,all,q,1.0659426119552506e-10,1.5945519215500313e-10,1.6542323066914832e-14,4.691775301601808e-10,10,
D12,group_difference,PROSE_ALL,equal_block,all,ce_ctw_original,-1.4728840369571117e-10,2.3687464068012664e-10,-7.273692759213191e-10,-2.4868995751603507e-14,10,
D12,group_difference,PROSE_ALL,equal_block,all,ce_ctw_shuffled,0.0,0.0,0.0,0.0,10,
D12,group_difference,PROSE_ALL,equal_block,all,ce_root_original,0.0,0.0,0.0,0.0,10,
D12,group_difference,PROSE_ALL,equal_block,all,ce_root_shuffled,0.0,0.0,0.0,0.0,10,
D12,group_difference,PROSE_ALL,equal_block,all,g_original,1.4728888109161176e-10,2.368750205165356e-10,2.5590640717609858e-14,7.273712188116122e-10,10,
D12,group_difference,PROSE_ALL,equal_block,all,g_shuffled,0.0,0.0,0.0,0.0,10,
D12,group_difference,PROSE_ALL,equal_block,all,q,1.4728888109161176e-10,2.368750205165356e-10,2.5590640717609858e-14,7.273712188116122e-10,10,
D12,group_difference,contrast,eligible_token_weighted,all,ce_ctw_original,1.0659437776894265e-10,1.5945533735268497e-10,1.687538997430238e-14,4.691775856713321e-10,10,
D12,group_difference,contrast,eligible_token_weighted,all,ce_ctw_shuffled,0.0,0.0,0.0,0.0,10,
D12,group_difference,contrast,eligible_token_weighted,all,ce_root_original,0.0,0.0,0.0,0.0,10,
D12,group_difference,contrast,eligible_token_weighted,all,ce_root_shuffled,0.0,0.0,0.0,0.0,10,
D12,group_difference,contrast,eligible_token_weighted,all,g_original,-1.0659426674664019e-10,1.594551966360712e-10,-4.691775301601808e-10,-1.6542323066914832e-14,10,
D12,group_difference,contrast,eligible_token_weighted,all,g_shuffled,0.0,0.0,0.0,0.0,10,
D12,group_difference,contrast,eligible_token_weighted,all,q,-1.0659426119552506e-10,1.5945519215500313e-10,-4.691775301601808e-10,-1.6542323066914832e-14,10,
D12,group_difference,contrast,equal_block,all,ce_ctw_original,1.4728840369571117e-10,2.3687464068012664e-10,2.4868995751603507e-14,7.273692759213191e-10,10,
D12,group_difference,contrast,equal_block,all,ce_ctw_shuffled,0.0,0.0,0.0,0.0,10,
D12,group_difference,contrast,equal_block,all,ce_root_original,0.0,0.0,0.0,0.0,10,
D12,group_difference,contrast,equal_block,all,ce_root_shuffled,0.0,0.0,0.0,0.0,10,
D12,group_difference,contrast,equal_block,all,g_original,-1.4728888109161176e-10,2.368750205165356e-10,-7.273712188116122e-10,-2.5590640717609858e-14,10,
D12,group_difference,contrast,equal_block,all,g_shuffled,0.0,0.0,0.0,0.0,10,
D12,group_difference,contrast,equal_block,all,q,-1.4728888109161176e-10,2.368750205165356e-10,-7.273712188116122e-10,-2.5590640717609858e-14,10,
a_total1,block,ATHENAEUS,not_applicable,4_7,ce_ctw_original,4.167038611062452,0.005296162629974909,4.159307894416766,4.175276091874529,10,
a_total1,block,ATHENAEUS,not_applicable,4_7,ce_ctw_shuffled,4.534524969310786,0.01078097928198829,4.517162305710735,4.554848222260349,10,
a_total1,block,ATHENAEUS,not_applicable,4_7,ce_root_original,4.605728300257544,0.0013376997558088189,4.603544722382968,4.607092097804291,10,
a_total1,block,ATHENAEUS,not_applicable,4_7,ce_root_shuffled,4.534524969310786,0.01078097928198829,4.517162305710735,4.554848222260349,10,
a_total1,block,ATHENAEUS,not_applicable,4_7,g_original,0.43868968919509177,0.005155239430540442,0.4290362002924528,0.44483090900407163,10,
a_total1,block,ATHENAEUS,not_applicable,4_7,g_shuffled,0.0,0.0,0.0,0.0,10,
a_total1,block,ATHENAEUS,not_applicable,4_7,q,0.43868968919509177,0.005155239430540442,0.4290362002924528,0.44483090900407163,10,
a_total1,block,ATHENAEUS,not_applicable,all,ce_ctw_original,4.250018008922193,0.005867227263221394,4.239034854125559,4.260058183863898,10,
a_total1,block,ATHENAEUS,not_applicable,all,ce_ctw_shuffled,4.563008376527307,0.006394349376663332,4.555246020852873,4.574180305198066,10,
a_total1,block,ATHENAEUS,not_applicable,all,ce_root_original,4.6882253084329975,0.0009929387942693958,4.686875539790477,4.689836967199943,10,
a_total1,block,ATHENAEUS,not_applicable,all,ce_root_shuffled,4.563008376527307,0.006394349376663332,4.555246020852873,4.574180305198066,10,
a_total1,block,ATHENAEUS,not_applicable,all,g_original,0.438207299510805,0.0059167878499345,0.42759440203274224,0.4488680101542615,10,
a_total1,block,ATHENAEUS,not_applicable,all,g_shuffled,0.0,0.0,0.0,0.0,10,
a_total1,block,ATHENAEUS,not_applicable,all,q,0.438207299510805,0.0059167878499345,0.42759440203274224,0.4488680101542615,10,
a_total1,block,ATHENAEUS,not_applicable,ge8,ce_ctw_original,4.2923788037933965,0.008103187593737937,4.2794496616055815,4.303760987073975,10,
a_total1,block,ATHENAEUS,not_applicable,ge8,ce_ctw_shuffled,4.577549091469242,0.007970730726864318,4.565041073076313,4.587481223765582,10,
a_total1,block,ATHENAEUS,not_applicable,ge8,ce_root_original,4.730339844461753,0.0011488385401879548,4.728618018371614,4.732157319115061,10,
a_total1,block,ATHENAEUS,not_applicable,ge8,ce_root_shuffled,4.577549091469242,0.007970730726864318,4.565041073076313,4.587481223765582,10,
a_total1,block,ATHENAEUS,not_applicable,ge8,g_original,0.43796104066835573,0.008357700314961374,0.42600918160803136,0.4515178432570579,10,
a_total1,block,ATHENAEUS,not_applicable,ge8,g_shuffled,0.0,0.0,0.0,0.0,10,
a_total1,block,ATHENAEUS,not_applicable,ge8,q,0.43796104066835573,0.008357700314961374,0.42600918160803136,0.4515178432570579,10,
a_total1,block,DIODORUS,not_applicable,4_7,ce_ctw_original,3.8547041715660555,0.012183722672735464,3.8395812626676067,3.8725435574168765,10,
a_total1,block,DIODORUS,not_applicable,4_7,ce_ctw_shuffled,4.366481210650727,0.013738569046886341,4.3362104410469495,4.38284566544862,10,
a_total1,block,DIODORUS,not_applicable,4_7,ce_root_original,4.371410176284323,0.002970741204531887,4.366190998326508,4.377060379528078,10,
a_total1,block,DIODORUS,not_applicable,4_7,ce_root_shuffled,4.366481210650727,0.013738569046886303,4.3362104410469495,4.38284566544862,10,
a_total1,block,DIODORUS,not_applicable,4_7,g_original,0.5167060047182671,0.010348518863510408,0.501994300630296,0.5305402778047386,10,
a_total1,block,DIODORUS,not_applicable,4_7,g_shuffled,8.881784197001253e-17,2.808666774861361e-16,0.0,8.881784197001252e-16,10,
a_total1,block,DIODORUS,not_applicable,4_7,q,0.516706004718267,0.010348518863510275,0.501994300630296,0.5305402778047377,10,
a_total1,block,DIODORUS,not_applicable,all,ce_ctw_original,3.958409089232916,0.005762597223139776,3.9490068518955095,3.9671038281094413,10,
a_total1,block,DIODORUS,not_applicable,all,ce_ctw_shuffled,4.402954141366237,0.0065832222872416616,4.391694168452051,4.41499603958241,10,
a_total1,block,DIODORUS,not_applicable,all,ce_root_original,4.517740765308416,0.0025842825204893294,4.5136535378912095,4.521641930099992,10,
a_total1,block,DIODORUS,not_applicable,all,ce_root_shuffled,4.402954141366237,0.006583222287241598,4.391694168452051,4.41499603958241,10,
a_total1,block,DIODORUS,not_applicable,all,g_original,0.5593316760755,0.004614450334203835,0.5495159200868738,0.5652886483709696,10,
a_total1,block,DIODORUS,not_applicable,all,g_shuffled,8.881784197001253e-17,2.808666774861361e-16,0.0,8.881784197001252e-16,10,
a_total1,block,DIODORUS,not_applicable,all,q,0.5593316760755,0.004614450334204045,0.5495159200868729,0.5652886483709696,10,
a_total1,block,DIODORUS,not_applicable,ge8,ce_ctw_original,3.9902591158754084,0.005267299651688392,3.982371784803001,3.998017998687763,10,
a_total1,block,DIODORUS,not_applicable,ge8,ce_ctw_shuffled,4.414155768455423,0.009310148281035538,4.400892752573948,4.428223870996727,10,
a_total1,block,DIODORUS,not_applicable,ge8,ce_root_original,4.562682058970117,0.0025542471339190347,4.558942478083929,4.566424021538975,10,
a_total1,block,DIODORUS,not_applicable,ge8,ce_root_shuffled,4.414155768455423,0.009310148281035538,4.400892752573948,4.428223870996727,10,
a_total1,block,DIODORUS,not_applicable,ge8,g_original,0.5724229430947098,0.004889393961463334,0.5641108388220548,0.5808607325926514,10,
a_total1,block,DIODORUS,not_applicable,ge8,g_shuffled,0.0,0.0,0.0,0.0,10,
a_total1,block,DIODORUS,not_applicable,ge8,q,0.5724229430947098,0.004889393961463334,0.5641108388220548,0.5808607325926514,10,
a_total1,block,HERODOTUS,not_applicable,4_7,ce_ctw_original,4.336414369163693,0.007981733353542015,4.327685646497773,4.351873644141666,10,
a_total1,block,HERODOTUS,not_applicable,4_7,ce_ctw_shuffled,4.624165011436456,0.02308679010840133,4.594070907848377,4.656598431386461,10,
a_total1,block,HERODOTUS,not_applicable,4_7,ce_root_original,4.691504551045477,0.0012821563367265525,4.6894345137808955,4.693277595149966,10,
a_total1,block,HERODOTUS,not_applicable,4_7,ce_root_shuffled,4.624165011436457,0.023086790108401277,4.594070907848377,4.656598431386461,10,
a_total1,block,HERODOTUS,not_applicable,4_7,g_original,0.355090181881783,0.007960219754165044,0.34140395100830023,0.3654461898483614,10,
a_total1,block,HERODOTUS,not_applicable,4_7,g_shuffled,1.7763568394002506e-16,3.7448890331484815e-16,0.0,8.881784197001252e-16,10,
a_total1,block,HERODOTUS,not_applicable,4_7,q,0.3550901818817828,0.007960219754165053,0.34140395100830023,0.3654461898483614,10,
a_total1,block,HERODOTUS,not_applicable,all,ce_ctw_original,4.425506732638132,0.005166441845320062,4.415991209457707,4.431133555852473,10,
a_total1,block,HERODOTUS,not_applicable,all,ce_ctw_shuffled,4.644914543509655,0.005151026796703557,4.635512575950762,4.651409532462186,10,
a_total1,block,HERODOTUS,not_applicable,all,ce_root_original,4.787619763855197,0.0012107959935797172,4.785786891759973,4.7894856408081035,10,
a_total1,block,HERODOTUS,not_applicable,all,ce_root_shuffled,4.644914543509656,0.005151026796703365,4.635512575950764,4.651409532462187,10,
a_total1,block,HERODOTUS,not_applicable,all,g_original,0.362113031217066,0.004241744910584333,0.3572219881090346,0.3701793449088724,10,
a_total1,block,HERODOTUS,not_applicable,all,g_shuffled,4.440892098500626e-16,7.548065156004902e-16,0.0,1.7763568394002505e-15,10,
a_total1,block,HERODOTUS,not_applicable,all,q,0.36211303121706556,0.004241744910584402,0.3572219881090346,0.3701793449088724,10,
a_total1,block,HERODOTUS,not_applicable,ge8,ce_ctw_original,4.465011730914176,0.00630553577681048,4.454904559383623,4.4731199231682846,10,
a_total1,block,HERODOTUS,not_applicable,ge8,ce_ctw_shuffled,4.654115222409767,0.006152016596374695,4.645435608155891,4.664941540201586,10,
a_total1,block,HERODOTUS,not_applicable,ge8,ce_root_original,4.8302388073766895,0.0012851455515111166,4.828511098162336,4.832565336479605,10,
a_total1,block,HERODOTUS,not_applicable,ge8,ce_root_shuffled,4.654115222409769,0.00615201659637497,4.645435608155891,4.664941540201587,10,
a_total1,block,HERODOTUS,not_applicable,ge8,g_original,0.3652270764625139,0.005240389750482747,0.35816799136789346,0.3738206997443996,10,
a_total1,block,HERODOTUS,not_applicable,ge8,g_shuffled,2.6645352591003756e-16,4.2903093659032255e-16,0.0,8.881784197001252e-16,10,
a_total1,block,HERODOTUS,not_applicable,ge8,q,0.3652270764625136,0.005240389750482654,0.35816799136789346,0.3738206997443996,10,
a_total1,block,HESIODIC_TRADITION,not_applicable,4_7,ce_ctw_original,4.588946623011551,0.011671458506794394,4.572763344182355,4.606849361200862,10,
a_total1,block,HESIODIC_TRADITION,not_applicable,4_7,ce_ctw_shuffled,4.847492300097599,0.028588196222452896,4.814621157331188,4.9031658592912155,10,
a_total1,block,HESIODIC_TRADITION,not_applicable,4_7,ce_root_original,4.847299237427472,0.00383770252747513,4.8433640668349485,4.854993585342784,10,
a_total1,block,HESIODIC_TRADITION,not_applicable,4_7,ce_root_shuffled,4.847492300097599,0.028588196222452896,4.814621157331188,4.9031658592912155,10,
a_total1,block,HESIODIC_TRADITION,not_applicable,4_7,g_original,0.2583526144159204,0.010198611294188496,0.2423299243345589,0.2730812310553228,10,
a_total1,block,HESIODIC_TRADITION,not_applicable,4_7,g_shuffled,0.0,0.0,0.0,0.0,10,
a_total1,block,HESIODIC_TRADITION,not_applicable,4_7,q,0.2583526144159204,0.010198611294188496,0.2423299243345589,0.2730812310553228,10,
a_total1,block,HESIODIC_TRADITION,not_applicable,all,ce_ctw_original,4.6954276594070095,0.018314734083539935,4.674587888266987,4.721286403196256,10,
a_total1,block,HESIODIC_TRADITION,not_applicable,all,ce_ctw_shuffled,4.876934714910659,0.014653941731199419,4.8535890782433855,4.892029146934828,10,
a_total1,block,HESIODIC_TRADITION,not_applicable,all,ce_root_original,4.921811310630129,0.0048829831170255035,4.914290608167131,4.930824770940357,10,
a_total1,block,HESIODIC_TRADITION,not_applicable,all,ce_root_shuffled,4.876934714910659,0.014653941731199679,4.8535890782433855,4.892029146934828,10,
a_total1,block,HESIODIC_TRADITION,not_applicable,all,g_original,0.22638365122311893,0.014726007072771871,0.20516672511173528,0.23970271990014425,10,
a_total1,block,HESIODIC_TRADITION,not_applicable,all,g_shuffled,2.6645352591003756e-16,4.2903093659032255e-16,0.0,8.881784197001252e-16,10,
a_total1,block,HESIODIC_TRADITION,not_applicable,all,q,0.22638365122311868,0.014726007072772163,0.2051667251117344,0.23970271990014425,10,
a_total1,block,HESIODIC_TRADITION,not_applicable,ge8,ce_ctw_original,4.759933173898466,0.02376656081549204,4.736272530212463,4.7995686026636495,10,
a_total1,block,HESIODIC_TRADITION,not_applicable,ge8,ce_ctw_shuffled,4.894770736982549,0.01674714295919457,4.8685323911732,4.919371128751073,10,
a_total1,block,HESIODIC_TRADITION,not_applicable,ge8,ce_root_original,4.96695023658791,0.005733092892954324,4.957253896101372,4.976762806547956,10,
a_total1,block,HESIODIC_TRADITION,not_applicable,ge8,ce_root_shuffled,4.89477073698255,0.01674714295919452,4.8685323911732,4.919371128751073,10,
a_total1,block,HESIODIC_TRADITION,not_applicable,ge8,g_original,0.20701706268944423,0.019741863109273793,0.1730582296939014,0.23024880433522732,10,
a_total1,block,HESIODIC_TRADITION,not_applicable,ge8,g_shuffled,8.881784197001253e-17,2.808666774861361e-16,0.0,8.881784197001252e-16,10,
a_total1,block,HESIODIC_TRADITION,not_applicable,ge8,q,0.20701706268944414,0.01974186310927368,0.1730582296939014,0.23024880433522643,10,
a_total1,block,HOMERIC_TRADITION,not_applicable,4_7,ce_ctw_original,4.482766705890389,0.004118372644505551,4.476107752487048,4.488492777325936,10,
a_total1,block,HOMERIC_TRADITION,not_applicable,4_7,ce_ctw_shuffled,4.711576552304456,0.010654565950545983,4.696045827551413,4.727737505587637,10,
a_total1,block,HOMERIC_TRADITION,not_applicable,4_7,ce_root_original,4.734130764208912,0.0013094117737525363,4.7325373991217035,4.735798358298329,10,
a_total1,block,HOMERIC_TRADITION,not_applicable,4_7,ce_root_shuffled,4.711576552304456,0.010654565950545989,4.696045827551413,4.727737505587637,10,
a_total1,block,HOMERIC_TRADITION,not_applicable,4_7,g_original,0.2513640583185251,0.0031903971589178504,0.24677848976643535,0.2568869770525959,10,
a_total1,block,HOMERIC_TRADITION,not_applicable,4_7,g_shuffled,8.881784197001253e-17,2.808666774861361e-16,0.0,8.881784197001252e-16,10,
a_total1,block,HOMERIC_TRADITION,not_applicable,4_7,q,0.251364058318525,0.0031903971589179857,0.24677848976643535,0.2568869770525959,10,
a_total1,block,HOMERIC_TRADITION,not_applicable,all,ce_ctw_original,4.570375522684763,0.0045082029487040235,4.564220663355971,4.5788970125878805,10,
a_total1,block,HOMERIC_TRADITION,not_applicable,all,ce_ctw_shuffled,4.7254964373806665,0.004768000236100101,4.719531436439847,4.733694120493679,10,
a_total1,block,HOMERIC_TRADITION,not_applicable,all,ce_root_original,4.8177755076610005,0.0013413403974338245,4.815990805164455,4.819936857779804,10,
a_total1,block,HOMERIC_TRADITION,not_applicable,all,ce_root_shuffled,4.7254964373806665,0.004768000236100133,4.719531436439847,4.733694120493679,10,
a_total1,block,HOMERIC_TRADITION,not_applicable,all,g_original,0.24739998497623744,0.0037091274429360524,0.2402075774203789,0.2528951620714901,10,
a_total1,block,HOMERIC_TRADITION,not_applicable,all,g_shuffled,8.881784197001253e-17,2.808666774861361e-16,0.0,8.881784197001252e-16,10,
a_total1,block,HOMERIC_TRADITION,not_applicable,all,q,0.24739998497623733,0.0037091274429360897,0.2402075774203789,0.2528951620714901,10,
a_total1,block,HOMERIC_TRADITION,not_applicable,ge8,ce_ctw_original,4.637563415714543,0.005512065565338094,4.629015910294752,4.648294773227557,10,
a_total1,block,HOMERIC_TRADITION,not_applicable,ge8,ce_ctw_shuffled,4.7361717071047424,0.006862845847861182,4.726731022314411,4.746641147122184,10,
a_total1,block,HOMERIC_TRADITION,not_applicable,ge8,ce_root_original,4.881923321559145,0.001634523825047594,4.879938362643858,4.8844633370737265,10,
a_total1,block,HOMERIC_TRADITION,not_applicable,ge8,ce_root_shuffled,4.7361717071047424,0.006862845847861131,4.726731022314411,4.746641147122184,10,
a_total1,block,HOMERIC_TRADITION,not_applicable,ge8,g_original,0.2443599058446022,0.0047237269802135285,0.2350059895979264,0.25157187932454583,10,
a_total1,block,HOMERIC_TRADITION,not_applicable,ge8,g_shuffled,8.881784197001253e-17,2.808666774861361e-16,0.0,8.881784197001252e-16,10,
a_total1,block,HOMERIC_TRADITION,not_applicable,ge8,q,0.24435990584460213,0.004723726980213553,0.2350059895979264,0.25157187932454583,10,
a_total1,block,PLUTARCH,not_applicable,4_7,ce_ctw_original,4.178076368783846,0.012813225264798169,4.1574504477568235,4.19616599464268,10,
a_total1,block,PLUTARCH,not_applicable,4_7,ce_ctw_shuffled,4.587993813338736,0.0388494037916379,4.513140288348292,4.635916048320543,10,
a_total1,block,PLUTARCH,not_applicable,4_7,ce_root_original,4.658871701079146,0.0014550301764051866,4.6572164367132345,4.661338146779277,10,
a_total1,block,PLUTARCH,not_applicable,4_7,ce_root_shuffled,4.587993813338736,0.03884940379163788,4.513140288348292,4.635916048320543,10,
a_total1,block,PLUTARCH,not_applicable,4_7,g_original,0.4807953322953017,0.012754078714483525,0.46275085569152985,0.5005905138667046,10,
a_total1,block,PLUTARCH,not_applicable,4_7,g_shuffled,8.881784197001253e-17,2.808666774861361e-16,0.0,8.881784197001252e-16,10,
a_total1,block,PLUTARCH,not_applicable,4_7,q,0.4807953322953016,0.01275407871448346,0.46275085569152985,0.5005905138667046,10,
a_total1,block,PLUTARCH,not_applicable,all,ce_ctw_original,4.249820903133669,0.00613932961223359,4.2404347475399,4.26281493254308,10,
a_total1,block,PLUTARCH,not_applicable,all,ce_ctw_shuffled,4.637191110362278,0.007317084896597512,4.627427498228088,4.648453864575047,10,
a_total1,block,PLUTARCH,not_applicable,all,ce_root_original,4.779598670598483,0.0027821750091201786,4.775368865293519,4.783629938882711,10,
a_total1,block,PLUTARCH,not_applicable,all,ce_root_shuffled,4.637191110362279,0.007317084896597502,4.627427498228088,4.648453864575047,10,
a_total1,block,PLUTARCH,not_applicable,all,g_original,0.5297777674648148,0.007895168065981551,0.5161454741718341,0.5414343858639254,10,
a_total1,block,PLUTARCH,not_applicable,all,g_shuffled,8.881784197001253e-17,2.808666774861361e-16,0.0,8.881784197001252e-16,10,
a_total1,block,PLUTARCH,not_applicable,all,q,0.5297777674648148,0.007895168065981424,0.5161454741718341,0.5414343858639254,10,
a_total1,block,PLUTARCH,not_applicable,ge8,ce_ctw_original,4.275904669820821,0.007514282086182781,4.265952242845224,4.288996023795881,10,
a_total1,block,PLUTARCH,not_applicable,ge8,ce_ctw_shuffled,4.655077501692711,0.0149756095956118,4.633967467643665,4.673081649025389,10,
a_total1,block,PLUTARCH,not_applicable,ge8,ce_root_original,4.823490712470758,0.0035293085328469472,4.818021655837345,4.828162724282225,10,
a_total1,block,PLUTARCH,not_applicable,ge8,ce_root_shuffled,4.655077501692711,0.014975609595611677,4.633967467643665,4.673081649025389,10,
a_total1,block,PLUTARCH,not_applicable,ge8,g_original,0.5475860426499369,0.009323637285645081,0.5340931909327242,0.5609511624707544,10,
a_total1,block,PLUTARCH,not_applicable,ge8,g_shuffled,1.7763568394002506e-16,3.7448890331484815e-16,0.0,8.881784197001252e-16,10,
a_total1,block,PLUTARCH,not_applicable,ge8,q,0.5475860426499367,0.009323637285644963,0.5340931909327242,0.5609511624707544,10,
a_total1,block,THUCYDIDES,not_applicable,4_7,ce_ctw_original,4.220759463064952,0.007710278216699018,4.2139763572001465,4.237514390761787,10,
a_total1,block,THUCYDIDES,not_applicable,4_7,ce_ctw_shuffled,4.5963690648593705,0.010436988576681922,4.583109078653331,4.616044192624778,10,
a_total1,block,THUCYDIDES,not_applicable,4_7,ce_root_original,4.647785711298647,0.0014806450041515774,4.64533313740444,4.650288977579907,10,
a_total1,block,THUCYDIDES,not_applicable,4_7,ce_root_shuffled,4.5963690648593705,0.01043698857668202,4.583109078653331,4.616044192624779,10,
a_total1,block,THUCYDIDES,not_applicable,4_7,g_original,0.42702624823369495,0.008108701047796004,0.40874344825007203,0.4345346150049467,10,
a_total1,block,THUCYDIDES,not_applicable,4_7,g_shuffled,1.7763568394002506e-16,3.7448890331484815e-16,0.0,8.881784197001252e-16,10,
a_total1,block,THUCYDIDES,not_applicable,4_7,q,0.4270262482336948,0.00810870104779588,0.40874344825007203,0.4345346150049467,10,
a_total1,block,THUCYDIDES,not_applicable,all,ce_ctw_original,4.350164526644939,0.0072916439020327805,4.339500485633446,4.360242652966863,10,
a_total1,block,THUCYDIDES,not_applicable,all,ce_ctw_shuffled,4.616194771165587,0.007221630250737706,4.606604784238187,4.628521956703675,10,
a_total1,block,THUCYDIDES,not_applicable,all,ce_root_original,4.755530136972607,0.0011715686470365092,4.753712721266324,4.757545874539165,10,
a_total1,block,THUCYDIDES,not_applicable,all,ce_root_shuffled,4.616194771165587,0.007221630250737686,4.606604784238187,4.628521956703675,10,
a_total1,block,THUCYDIDES,not_applicable,all,g_original,0.4053656103276689,0.007310824438100763,0.39347006829946096,0.41509935132762354,10,
a_total1,block,THUCYDIDES,not_applicable,all,g_shuffled,1.7763568394002506e-16,3.7448890331484815e-16,0.0,8.881784197001252e-16,10,
a_total1,block,THUCYDIDES,not_applicable,all,q,0.4053656103276687,0.007310824438100817,0.39347006829946096,0.41509935132762354,10,
a_total1,block,THUCYDIDES,not_applicable,ge8,ce_ctw_original,4.399302875530122,0.009190219850484347,4.3870299241654145,4.415414055098286,10,
a_total1,block,THUCYDIDES,not_applicable,ge8,ce_ctw_shuffled,4.623723089195955,0.011727908706245078,4.60632176945052,4.638402582925894,10,
a_total1,block,THUCYDIDES,not_applicable,ge8,ce_root_original,4.796443398268045,0.001378294625188739,4.79451603566192,4.799036886482794,10,
a_total1,block,THUCYDIDES,not_applicable,ge8,ce_root_shuffled,4.623723089195955,0.011727908706245106,4.60632176945052,4.638402582925894,10,
a_total1,block,THUCYDIDES,not_applicable,ge8,g_original,0.3971405227379239,0.00891940966354122,0.3823062924727232,0.4077192941580545,10,
a_total1,block,THUCYDIDES,not_applicable,ge8,g_shuffled,8.881784197001253e-17,2.808666774861361e-16,0.0,8.881784197001252e-16,10,
a_total1,block,THUCYDIDES,not_applicable,ge8,q,0.3971405227379238,0.008919409663541383,0.3823062924727223,0.4077192941580545,10,
a_total1,block_difference,ATHENAEUS,not_applicable,4_7,ce_ctw_original,-0.004590545652344869,0.0046287129950388405,-0.01243667921750724,0.001539494680150355,10,
a_total1,block_difference,ATHENAEUS,not_applicable,4_7,ce_ctw_shuffled,0.0011751766752181147,0.0013128088575850554,-0.0004205419865348503,0.0036602403120191696,10,
a_total1,block_difference,ATHENAEUS,not_applicable,4_7,ce_root_original,-0.000376232603796911,3.134426555724331e-05,-0.000409312812685414,-0.0003371348580767375,10,
a_total1,block_difference,ATHENAEUS,not_applicable,4_7,ce_root_shuffled,0.0011751766752178482,0.0013128088575851615,-0.0004205419865348503,0.0036602403120191696,10,
a_total1,block_difference,ATHENAEUS,not_applicable,4_7,g_original,0.004214313048547957,0.004631758066380311,-0.001946599628656287,0.012095242611573909,10,
a_total1,block_difference,ATHENAEUS,not_applicable,4_7,g_shuffled,-2.6645352591003756e-16,4.2903093659032255e-16,-8.881784197001252e-16,0.0,10,
a_total1,block_difference,ATHENAEUS,not_applicable,4_7,q,0.0042143130485482235,0.0046317580663803514,-0.001946599628656287,0.012095242611574797,10,
a_total1,block_difference,ATHENAEUS,not_applicable,all,ce_ctw_original,0.015844302639977315,0.005671936025823409,0.00584219074399428,0.025110534690711006,10,
a_total1,block_difference,ATHENAEUS,not_applicable,all,ce_ctw_shuffled,0.002031719009406174,0.00044507396102699863,0.0013666702128825037,0.003033951073507346,10,
a_total1,block_difference,ATHENAEUS,not_applicable,all,ce_root_original,0.0020255875627014142,3.463570514098728e-05,0.0019827770346267926,0.0020864020184587773,10,
a_total1,block_difference,ATHENAEUS,not_applicable,all,ce_root_shuffled,0.0020317190094060857,0.00044507396102700205,0.0013666702128825037,0.003033951073507346,10,
a_total1,block_difference,ATHENAEUS,not_applicable,all,g_original,-0.0138187150772759,0.005657100427752203,-0.02302413267225223,-0.0038442091464307993,10,
a_total1,block_difference,ATHENAEUS,not_applicable,all,g_shuffled,-8.881784197001253e-17,2.808666774861361e-16,-8.881784197001252e-16,0.0,10,
a_total1,block_difference,ATHENAEUS,not_applicable,all,q,-0.013818715077275811,0.0056571004277521895,-0.02302413267225223,-0.0038442091464307993,10,
a_total1,block_difference,ATHENAEUS,not_applicable,ge8,ce_ctw_original,0.02627624646051956,0.007780909188173365,0.0137335392281841,0.038126069031541476,10,
a_total1,block_difference,ATHENAEUS,not_applicable,ge8,ce_ctw_shuffled,0.0024689819331305428,0.0005495755294263709,0.0016031554483380006,0.0031765903252587435,10,
a_total1,block_difference,ATHENAEUS,not_applicable,ge8,ce_root_original,0.0032517113237163107,3.9145316838660165e-05,0.003203933489713151,0.0033267355423234335,10,
a_total1,block_difference,ATHENAEUS,not_applicable,ge8,ce_root_shuffled,0.0024689819331302765,0.0005495755294264336,0.0016031554483380006,0.0031765903252587435,10,
a_total1,block_difference,ATHENAEUS,not_applicable,ge8,g_original,-0.023024535136803248,0.007758045144793108,-0.03479933348921804,-0.010515241435672174,10,
a_total1,block_difference,ATHENAEUS,not_applicable,ge8,g_shuffled,-2.6645352591003756e-16,4.2903093659032255e-16,-8.881784197001252e-16,0.0,10,
a_total1,block_difference,ATHENAEUS,not_applicable,ge8,q,-0.02302453513680298,0.007758045144793212,-0.03479933348921804,-0.010515241435671285,10,
a_total1,block_difference,DIODORUS,not_applicable,4_7,ce_ctw_original,-0.0260790509740485,0.008376836462475654,-0.0388847199197655,-0.015341362615865606,10,
a_total1,block_difference,DIODORUS,not_applicable,4_7,ce_ctw_shuffled,-8.74962718401484e-05,0.0009005413294643713,-0.0007985244001131875,0.0012323342722719843,10,
a_total1,block_difference,DIODORUS,not_applicable,4_7,ce_root_original,-0.0005530384861494042,4.3197276671360186e-05,-0.0006256736554970388,-0.0004608104641032895,10,
a_total1,block_difference,DIODORUS,not_applicable,4_7,ce_root_shuffled,-8.749627184023723e-05,0.0009005413294644103,-0.0007985244001131875,0.0012323342722719843,10,
a_total1,block_difference,DIODORUS,not_applicable,4_7,g_original,0.025526012487899097,0.00837807899053119,0.014753139748491684,0.03835294062023609,10,
a_total1,block_difference,DIODORUS,not_applicable,4_7,g_shuffled,-8.881784197001253e-17,5.041711156983789e-16,-8.881784197001252e-16,8.881784197001252e-16,10,
a_total1,block_difference,DIODORUS,not_applicable,4_7,q,0.025526012487899187,0.008378078990531088,0.014753139748491684,0.03835294062023609,10,
a_total1,block_difference,DIODORUS,not_applicable,all,ce_ctw_original,-0.03361641430202491,0.0036804131110701258,-0.03792456123964216,-0.026728898825737257,10,
a_total1,block_difference,DIODORUS,not_applicable,all,ce_ctw_shuffled,-8.518327447770701e-06,0.0002728907825998722,-0.000535442765804639,0.0003380778394728168,10,
a_total1,block_difference,DIODORUS,not_applicable,all,ce_root_original,8.585810082273326e-05,0.00020781990336101784,-0.00012740819496315225,0.0003012271778146669,10,
a_total1,block_difference,DIODORUS,not_applicable,all,ce_root_shuffled,-8.518327447770701e-06,0.00027289078259989605,-0.000535442765804639,0.0003380778394728168,10,
a_total1,block_difference,DIODORUS,not_applicable,all,g_original,0.03370227240284764,0.003795815838436723,0.026601801920378865,0.03821084516246609,10,
a_total1,block_difference,DIODORUS,not_applicable,all,g_shuffled,0.0,4.1869132231567334e-16,-8.881784197001252e-16,8.881784197001252e-16,10,
a_total1,block_difference,DIODORUS,not_applicable,all,q,0.03370227240284764,0.0037958158384368843,0.026601801920377977,0.03821084516246609,10,
a_total1,block_difference,DIODORUS,not_applicable,ge8,ce_ctw_original,-0.03593130185230864,0.00320083879508039,-0.04012856285197586,-0.030226257869423456,10,
a_total1,block_difference,DIODORUS,not_applicable,ge8,ce_ctw_shuffled,1.573751007306612e-05,0.00038391133657347554,-0.0006469371120285672,0.0006184958107491312,10,
a_total1,block_difference,DIODORUS,not_applicable,ge8,ce_root_original,0.0002820770822816954,0.0002754892266080095,5.207521119210412e-06,0.0005570615113619226,10,
a_total1,block_difference,DIODORUS,not_applicable,ge8,ce_root_shuffled,1.573751007306612e-05,0.00038391133657347554,-0.0006469371120285672,0.0006184958107491312,10,
a_total1,block_difference,DIODORUS,not_applicable,ge8,g_original,0.03621337893459033,0.0033654936798889106,0.030240782735782012,0.040674543165826194,10,
a_total1,block_difference,DIODORUS,not_applicable,ge8,g_shuffled,0.0,0.0,0.0,0.0,10,
a_total1,block_difference,DIODORUS,not_applicable,ge8,q,0.03621337893459033,0.0033654936798889106,0.030240782735782012,0.040674543165826194,10,
a_total1,block_difference,HERODOTUS,not_applicable,4_7,ce_ctw_original,0.02162935273886868,0.0063394766189169265,0.01279487213637065,0.029609065341754892,10,
a_total1,block_difference,HERODOTUS,not_applicable,4_7,ce_ctw_shuffled,0.00010817855666678255,0.0001639354765552319,-0.00015042489549443872,0.00036557799625214216,10,
a_total1,block_difference,HERODOTUS,not_applicable,4_7,ce_root_original,0.0001910770891099034,5.851043831955395e-05,0.00012498168425167933,0.0003049615562717989,10,
a_total1,block_difference,HERODOTUS,not_applicable,4_7,ce_root_shuffled,0.00010817855666687138,0.00016393547655509571,-0.00015042489549443872,0.00036557799625214216,10,
a_total1,block_difference,HERODOTUS,not_applicable,4_7,g_original,-0.021438275649758774,0.006342572408950793,-0.029371741362154147,-0.012618448389568826,10,
a_total1,block_difference,HERODOTUS,not_applicable,4_7,g_shuffled,8.881784197001253e-17,5.04171115698379e-16,-8.881784197001252e-16,8.881784197001252e-16,10,
a_total1,block_difference,HERODOTUS,not_applicable,4_7,q,-0.021438275649758864,0.006342572408950669,-0.029371741362154147,-0.012618448389569714,10,
a_total1,block_difference,HERODOTUS,not_applicable,all,ce_ctw_original,0.0314433530121561,0.0036559701200771146,0.026380881765873276,0.03943132773063596,10,
a_total1,block_difference,HERODOTUS,not_applicable,all,ce_ctw_shuffled,0.0001428286682982005,8.922062748833476e-05,3.824857766243639e-05,0.0003174436465664954,10,
a_total1,block_difference,HERODOTUS,not_applicable,all,ce_root_original,0.0002335889931505797,8.138399880209446e-05,0.00012552131018761514,0.00036841149563215936,10,
a_total1,block_difference,HERODOTUS,not_applicable,all,ce_root_shuffled,0.0001428286682986446,8.922062748842093e-05,3.824857766243639e-05,0.00031744364656827173,10,
a_total1,block_difference,HERODOTUS,not_applicable,all,g_original,-0.031209764019005527,0.0036544089197505045,-0.03930580642044834,-0.02620685393051403,10,
a_total1,block_difference,HERODOTUS,not_applicable,all,g_shuffled,4.440892098500626e-16,7.548065156004902e-16,0.0,1.7763568394002505e-15,10,
a_total1,block_difference,HERODOTUS,not_applicable,all,q,-0.03120976401900597,0.0036544089197506793,-0.03930580642044834,-0.02620685393051403,10,
a_total1,block_difference,HERODOTUS,not_applicable,ge8,ce_ctw_original,0.03579503983196464,0.004597969313913951,0.030293203524314194,0.044832437118002666,10,
a_total1,block_difference,HERODOTUS,not_applicable,ge8,ce_ctw_shuffled,0.0001581930895225625,0.0001401034004695897,1.6990220563783964e-06,0.0005076141942232937,10,
a_total1,block_difference,HERODOTUS,not_applicable,ge8,ce_root_original,0.00025243946057935674,9.469443221397424e-05,0.0001257605890740976,0.0004200994906229383,10,
a_total1,block_difference,HERODOTUS,not_applicable,ge8,ce_root_shuffled,0.00015819308952274013,0.00014010340046987857,1.699022055490218e-06,0.0005076141942241819,10,
a_total1,block_difference,HERODOTUS,not_applicable,ge8,g_original,-0.03554260037138528,0.004584907218297761,-0.04470667652892857,-0.030128417212679004,10,
a_total1,block_difference,HERODOTUS,not_applicable,ge8,g_shuffled,1.7763568394002506e-16,5.617333549722722e-16,-8.881784197001252e-16,8.881784197001252e-16,10,
a_total1,block_difference,HERODOTUS,not_applicable,ge8,q,-0.03554260037138546,0.004584907218297776,-0.04470667652892857,-0.030128417212679892,10,
a_total1,block_difference,HESIODIC_TRADITION,not_applicable,4_7,ce_ctw_original,0.03520236933757222,0.009625909882646238,0.020019806804429052,0.05233515032706659,10,
a_total1,block_difference,HESIODIC_TRADITION,not_applicable,4_7,ce_ctw_shuffled,0.0008031810920056337,0.0012398503832086285,-0.00028843518408727675,0.0027214592283701933,10,
a_total1,block_difference,HESIODIC_TRADITION,not_applicable,4_7,ce_root_original,0.0020699376676662773,0.0011336897137283353,0.0004357384599105174,0.003180440155094111,10,
a_total1,block_difference,HESIODIC_TRADITION,not_applicable,4_7,ce_root_shuffled,0.0008031810920055449,0.0012398503832084758,-0.00028843518408727675,0.002721459228369305,10,
a_total1,block_difference,HESIODIC_TRADITION,not_applicable,4_7,g_original,-0.03313243166990594,0.00992649856457133,-0.04969728272021978,-0.017368779055752626,10,
a_total1,block_difference,HESIODIC_TRADITION,not_applicable,4_7,g_shuffled,-8.881784197001253e-17,2.808666774861361e-16,-8.881784197001252e-16,0.0,10,
a_total1,block_difference,HESIODIC_TRADITION,not_applicable,4_7,q,-0.03313243166990585,0.00992649856457131,-0.04969728272021978,-0.017368779055752626,10,
a_total1,block_difference,HESIODIC_TRADITION,not_applicable,all,ce_ctw_original,0.029329030362530872,0.011522542407896835,0.01876302725831991,0.05160130607467739,10,
a_total1,block_difference,HESIODIC_TRADITION,not_applicable,all,ce_ctw_shuffled,0.0007032297562603596,0.0005054421139542508,4.1232294369919487e-05,0.0012139645394908527,10,
a_total1,block_difference,HESIODIC_TRADITION,not_applicable,all,ce_root_original,0.0009755770541963749,0.0004629109014635437,0.0002823064252206464,0.0014858655006104726,10,
a_total1,block_difference,HESIODIC_TRADITION,not_applicable,all,ce_root_shuffled,0.000703229756260626,0.0005054421139543102,4.1232294369919487e-05,0.0012139645394908527,10,
a_total1,block_difference,HESIODIC_TRADITION,not_applicable,all,g_original,-0.028353453308334498,0.011589390638941257,-0.05121016594678629,-0.017593130384634392,10,
a_total1,block_difference,HESIODIC_TRADITION,not_applicable,all,g_shuffled,2.6645352591003756e-16,4.2903093659032255e-16,0.0,8.881784197001252e-16,10,
a_total1,block_difference,HESIODIC_TRADITION,not_applicable,all,q,-0.028353453308334765,0.011589390638941596,-0.05121016594678718,-0.017593130384634392,10,
a_total1,block_difference,HESIODIC_TRADITION,not_applicable,ge8,ce_ctw_original,0.025771000076643256,0.014526912342770924,0.010749941995459977,0.05454474793204778,10,
a_total1,block_difference,HESIODIC_TRADITION,not_applicable,ge8,ce_ctw_shuffled,0.000642679891659359,0.0007174353840209965,2.169256194761715e-05,0.0018205170135239257,10,
a_total1,block_difference,HESIODIC_TRADITION,not_applicable,ge8,ce_root_original,0.00031262056165326513,9.909256824924245e-05,0.0001827174649653429,0.00046971760659442197,10,
a_total1,block_difference,HESIODIC_TRADITION,not_applicable,ge8,ce_root_shuffled,0.0006426798916594478,0.0007174353840209201,2.169256194761715e-05,0.0018205170135239257,10,
a_total1,block_difference,HESIODIC_TRADITION,not_applicable,ge8,g_original,-0.02545837951498999,0.014497883320376942,-0.0542116103554795,-0.010290638722564083,10,
a_total1,block_difference,HESIODIC_TRADITION,not_applicable,ge8,g_shuffled,8.881784197001253e-17,2.808666774861361e-16,0.0,8.881784197001252e-16,10,
a_total1,block_difference,HESIODIC_TRADITION,not_applicable,ge8,q,-0.02545837951499008,0.014497883320376855,-0.0542116103554795,-0.010290638722564083,10,
a_total1,block_difference,HOMERIC_TRADITION,not_applicable,4_7,ce_ctw_original,0.0058813282449802886,0.0024266461028280705,0.002311500230548269,0.010718440574708055,10,
a_total1,block_difference,HOMERIC_TRADITION,not_applicable,4_7,ce_ctw_shuffled,0.0002241224084349014,0.00020582980230060641,-4.739012579779711e-05,0.0005567105104757886,10,
a_total1,block_difference,HOMERIC_TRADITION,not_applicable,4_7,ce_root_original,8.680563230800686e-06,0.0001037945032194537,-6.87921117039636e-05,0.00020313422697704198,10,
a_total1,block_difference,HOMERIC_TRADITION,not_applicable,4_7,ce_root_shuffled,0.0002241224084349014,0.00020582980230056624,-4.739012579690893e-05,0.0005567105104757886,10,
a_total1,block_difference,HOMERIC_TRADITION,not_applicable,4_7,g_original,-0.0058726476817494875,0.002412770362371406,-0.010724519332880433,-0.0023802923422522326,10,
a_total1,block_difference,HOMERIC_TRADITION,not_applicable,4_7,g_shuffled,0.0,4.1869132231567334e-16,-8.881784197001252e-16,8.881784197001252e-16,10,
a_total1,block_difference,HOMERIC_TRADITION,not_applicable,4_7,q,-0.0058726476817494875,0.002412770362371535,-0.010724519332880433,-0.0023802923422522326,10,
a_total1,block_difference,HOMERIC_TRADITION,not_applicable,all,ce_ctw_original,0.015509285797055572,0.0032254248000703743,0.0102129539848832,0.02048247072784637,10,
a_total1,block_difference,HOMERIC_TRADITION,not_applicable,all,ce_ctw_shuffled,0.00027040909298028384,0.00011458686202556693,7.501794327069433e-05,0.00045359670564604215,10,
a_total1,block_difference,HOMERIC_TRADITION,not_applicable,all,ce_root_original,2.6551014731079902e-05,4.338434839288572e-05,-2.183843918590611e-05,0.00010331122691020767,10,
a_total1,block_difference,HOMERIC_TRADITION,not_applicable,all,ce_root_shuffled,0.00027040909298037263,0.00011458686202563164,7.501794327069433e-05,0.00045359670564604215,10,
a_total1,block_difference,HOMERIC_TRADITION,not_applicable,all,g_original,-0.015482734782324491,0.0032225839517719037,-0.0204469752008567,-0.010234792424069106,10,
a_total1,block_difference,HOMERIC_TRADITION,not_applicable,all,g_shuffled,8.881784197001253e-17,2.808666774861361e-16,0.0,8.881784197001252e-16,10,
a_total1,block_difference,HOMERIC_TRADITION,not_applicable,all,q,-0.015482734782324582,0.003222583951771942,-0.0204469752008567,-0.010234792424069106,10,
a_total1,block_difference,HOMERIC_TRADITION,not_applicable,ge8,ce_ctw_original,0.022893042429933796,0.0043701695719796435,0.01627264122928551,0.030534664306170356,10,
a_total1,block_difference,HOMERIC_TRADITION,not_applicable,ge8,ce_ctw_shuffled,0.0003059067166637064,0.0001979419744502278,-9.825923212325449e-05,0.000611465904703401,10,
a_total1,block_difference,HOMERIC_TRADITION,not_applicable,ge8,ce_root_original,4.0256005024019716e-05,2.0832066811152256e-05,1.4170702836935334e-05,7.137850137883817e-05,10,
a_total1,block_difference,HOMERIC_TRADITION,not_applicable,ge8,ce_root_shuffled,0.0003059067166637952,0.00019794197445017721,-9.825923212325449e-05,0.000611465904703401,10,
a_total1,block_difference,HOMERIC_TRADITION,not_applicable,ge8,g_original,-0.022852786424909777,0.0043543209052382984,-0.030463285804791518,-0.016258470526448576,10,
a_total1,block_difference,HOMERIC_TRADITION,not_applicable,ge8,g_shuffled,8.881784197001253e-17,2.808666774861361e-16,0.0,8.881784197001252e-16,10,
a_total1,block_difference,HOMERIC_TRADITION,not_applicable,ge8,q,-0.022852786424909864,0.004354320905238336,-0.030463285804791518,-0.016258470526448576,10,
a_total1,block_difference,PLUTARCH,not_applicable,4_7,ce_ctw_original,0.01664788826312762,0.010387780300727836,0.0011777431378972025,0.030814254622464787,10,
a_total1,block_difference,PLUTARCH,not_applicable,4_7,ce_ctw_shuffled,0.0022845355330620267,0.0028954374743448306,-0.000523833750228242,0.009091678454788088,10,
a_total1,block_difference,PLUTARCH,not_applicable,4_7,ce_root_original,-6.642594812227287e-05,0.00010325463749049014,-0.0001886958529011551,5.694111523713019e-05,10,
a_total1,block_difference,PLUTARCH,not_applicable,4_7,ce_root_shuffled,0.0022845355330620267,0.0028954374743448415,-0.000523833750228242,0.009091678454788088,10,
a_total1,block_difference,PLUTARCH,not_applicable,4_7,g_original,-0.016714314211249894,0.010391404108922897,-0.030943521444220856,-0.0013069769029270262,10,
a_total1,block_difference,PLUTARCH,not_applicable,4_7,g_shuffled,0.0,4.1869132231567334e-16,-8.881784197001252e-16,8.881784197001252e-16,10,
a_total1,block_difference,PLUTARCH,not_applicable,4_7,q,-0.016714314211249894,0.010391404108922883,-0.030943521444220856,-0.0013069769029270262,10,
a_total1,block_difference,PLUTARCH,not_applicable,all,ce_ctw_original,0.014127372615719835,0.007761449187089526,0.0017104839019213003,0.028506033599231095,10,
a_total1,block_difference,PLUTARCH,not_applicable,all,ce_ctw_shuffled,0.002085294034449614,0.00037004296678499343,0.0014951772015603382,0.0024334074003293793,10,
a_total1,block_difference,PLUTARCH,not_applicable,all,ce_root_original,0.002159943946878418,0.0007606953502497515,0.0008365760660042909,0.0032073175471323268,10,
a_total1,block_difference,PLUTARCH,not_applicable,all,ce_root_shuffled,0.0020852940344497028,0.0003700429667850389,0.0014951772015603382,0.0024334074003293793,10,
a_total1,block_difference,PLUTARCH,not_applicable,all,g_original,-0.011967428668841418,0.008284886337890632,-0.026927899396349986,0.0014968336452110265,10,
a_total1,block_difference,PLUTARCH,not_applicable,all,g_shuffled,8.881784197001253e-17,2.808666774861361e-16,0.0,8.881784197001252e-16,10,
a_total1,block_difference,PLUTARCH,not_applicable,all,q,-0.011967428668841507,0.00828488633789047,-0.026927899396349986,0.0014968336452101383,10,
a_total1,block_difference,PLUTARCH,not_applicable,ge8,ce_ctw_original,0.013211002572007224,0.008811160965178992,-0.001067110924889647,0.027666846347155882,10,
a_total1,block_difference,PLUTARCH,not_applicable,ge8,ce_ctw_shuffled,0.002012856896049087,0.001206492914992912,-0.00018884426105536534,0.003242628342524867,10,
a_total1,block_difference,PLUTARCH,not_applicable,ge8,ce_root_original,0.0029693730333831604,0.0010128649118694572,0.001209328551833977,0.004359472490548022,10,
a_total1,block_difference,PLUTARCH,not_applicable,ge8,ce_root_shuffled,0.0020128568960491753,0.0012064929149930975,-0.00018884426105536534,0.003242628342524867,10,
a_total1,block_difference,PLUTARCH,not_applicable,ge8,g_original,-0.010241629538624064,0.009436811683382177,-0.025467961722354993,0.005426583415437669,10,
a_total1,block_difference,PLUTARCH,not_applicable,ge8,g_shuffled,8.881784197001253e-17,5.041711156983789e-16,-8.881784197001252e-16,8.881784197001252e-16,10,
a_total1,block_difference,PLUTARCH,not_applicable,ge8,q,-0.010241629538624153,0.009436811683382102,-0.025467961722354993,0.005426583415437669,10,
a_total1,block_difference,THUCYDIDES,not_applicable,4_7,ce_ctw_original,0.0049089069301243345,0.005302989252706988,-0.004877180754165877,0.014036000366535184,10,
a_total1,block_difference,THUCYDIDES,not_applicable,4_7,ce_ctw_shuffled,0.001677966123580976,0.002264464099909436,-0.00035015766537505044,0.005373851922946926,10,
a_total1,block_difference,THUCYDIDES,not_applicable,4_7,ce_root_original,-0.00046655620397162423,8.443427996315142e-06,-0.00048157095717993315,-0.0004544485002302423,10,
a_total1,block_difference,THUCYDIDES,not_applicable,4_7,ce_root_shuffled,0.001677966123581065,0.002264464099909586,-0.00035015766537505044,0.005373851922946926,10,
a_total1,block_difference,THUCYDIDES,not_applicable,4_7,g_original,-0.005375463134095959,0.00530655393654546,-0.014517571323715117,0.004415243402742242,10,
a_total1,block_difference,THUCYDIDES,not_applicable,4_7,g_shuffled,8.881784197001253e-17,2.808666774861361e-16,0.0,8.881784197001252e-16,10,
a_total1,block_difference,THUCYDIDES,not_applicable,4_7,q,-0.005375463134096048,0.005306553936545278,-0.014517571323715117,0.004415243402741353,10,
a_total1,block_difference,THUCYDIDES,not_applicable,all,ce_ctw_original,0.025685475912719902,0.005463311765749529,0.01705870587406011,0.0347640639591722,10,
a_total1,block_difference,THUCYDIDES,not_applicable,all,ce_ctw_shuffled,0.0013011082324131174,0.0006791358068681358,-2.6076917559514357e-05,0.0021134040721992875,10,
a_total1,block_difference,THUCYDIDES,not_applicable,all,ce_root_original,0.0019258235247114897,0.0006753300053910065,7.352279745020951e-06,0.0022140160812247345,10,
a_total1,block_difference,THUCYDIDES,not_applicable,all,ce_root_shuffled,0.001301108232413295,0.0006791358068680083,-2.6076917559514357e-05,0.0021134040721992875,10,
a_total1,block_difference,THUCYDIDES,not_applicable,all,g_original,-0.023759652388008413,0.005403694829498403,-0.03264604996416409,-0.014981292898804455,10,
a_total1,block_difference,THUCYDIDES,not_applicable,all,g_shuffled,1.7763568394002506e-16,3.7448890331484815e-16,0.0,8.881784197001252e-16,10,
a_total1,block_difference,THUCYDIDES,not_applicable,all,q,-0.02375965238800859,0.005403694829498516,-0.03264604996416409,-0.014981292898804455,10,
a_total1,block_difference,THUCYDIDES,not_applicable,ge8,ce_ctw_original,0.03357486035456425,0.0069605351033185225,0.02375016232096261,0.0456308478526779,10,
a_total1,block_difference,THUCYDIDES,not_applicable,ge8,ce_ctw_shuffled,0.0011580058373131586,0.0009755022265764794,-0.0002791072931165317,0.0029713590331414963,10,
a_total1,block_difference,THUCYDIDES,not_applicable,ge8,ce_root_original,0.0028342701227169085,0.0009303442560541176,0.000191436551770785,0.0032320706569803903,10,
a_total1,block_difference,THUCYDIDES,not_applicable,ge8,ce_root_shuffled,0.0011580058373131586,0.0009755022265763747,-0.0002791072931165317,0.0029713590331414963,10,
a_total1,block_difference,THUCYDIDES,not_applicable,ge8,g_original,-0.03074059023184734,0.006856986496321658,-0.042510581444090256,-0.020707332085322605,10,
a_total1,block_difference,THUCYDIDES,not_applicable,ge8,g_shuffled,0.0,4.1869132231567334e-16,-8.881784197001252e-16,8.881784197001252e-16,10,
a_total1,block_difference,THUCYDIDES,not_applicable,ge8,q,-0.03074059023184734,0.006856986496321972,-0.042510581444091144,-0.020707332085321717,10,
a_total1,document,tlg0003.tlg001.perseus-grc1.1.tb.xml,not_applicable,4_7,ce_ctw_original,4.220759463064952,0.007710278216699018,4.2139763572001465,4.237514390761787,10,
a_total1,document,tlg0003.tlg001.perseus-grc1.1.tb.xml,not_applicable,4_7,ce_ctw_shuffled,4.5963690648593705,0.010436988576681922,4.583109078653331,4.616044192624778,10,
a_total1,document,tlg0003.tlg001.perseus-grc1.1.tb.xml,not_applicable,4_7,ce_root_original,4.647785711298647,0.0014806450041515774,4.64533313740444,4.650288977579907,10,
a_total1,document,tlg0003.tlg001.perseus-grc1.1.tb.xml,not_applicable,4_7,ce_root_shuffled,4.5963690648593705,0.01043698857668202,4.583109078653331,4.616044192624779,10,
a_total1,document,tlg0003.tlg001.perseus-grc1.1.tb.xml,not_applicable,4_7,g_original,0.42702624823369495,0.008108701047796004,0.40874344825007203,0.4345346150049467,10,
a_total1,document,tlg0003.tlg001.perseus-grc1.1.tb.xml,not_applicable,4_7,g_shuffled,1.7763568394002506e-16,3.7448890331484815e-16,0.0,8.881784197001252e-16,10,
a_total1,document,tlg0003.tlg001.perseus-grc1.1.tb.xml,not_applicable,4_7,q,0.4270262482336948,0.00810870104779588,0.40874344825007203,0.4345346150049467,10,
a_total1,document,tlg0003.tlg001.perseus-grc1.1.tb.xml,not_applicable,all,ce_ctw_original,4.350164526644939,0.0072916439020327805,4.339500485633446,4.360242652966863,10,
a_total1,document,tlg0003.tlg001.perseus-grc1.1.tb.xml,not_applicable,all,ce_ctw_shuffled,4.616194771165587,0.007221630250737706,4.606604784238187,4.628521956703675,10,
a_total1,document,tlg0003.tlg001.perseus-grc1.1.tb.xml,not_applicable,all,ce_root_original,4.755530136972607,0.0011715686470365092,4.753712721266324,4.757545874539165,10,
a_total1,document,tlg0003.tlg001.perseus-grc1.1.tb.xml,not_applicable,all,ce_root_shuffled,4.616194771165587,0.007221630250737686,4.606604784238187,4.628521956703675,10,
a_total1,document,tlg0003.tlg001.perseus-grc1.1.tb.xml,not_applicable,all,g_original,0.4053656103276689,0.007310824438100763,0.39347006829946096,0.41509935132762354,10,
a_total1,document,tlg0003.tlg001.perseus-grc1.1.tb.xml,not_applicable,all,g_shuffled,1.7763568394002506e-16,3.7448890331484815e-16,0.0,8.881784197001252e-16,10,
a_total1,document,tlg0003.tlg001.perseus-grc1.1.tb.xml,not_applicable,all,q,0.4053656103276687,0.007310824438100817,0.39347006829946096,0.41509935132762354,10,
a_total1,document,tlg0003.tlg001.perseus-grc1.1.tb.xml,not_applicable,ge8,ce_ctw_original,4.399302875530122,0.009190219850484347,4.3870299241654145,4.415414055098286,10,
a_total1,document,tlg0003.tlg001.perseus-grc1.1.tb.xml,not_applicable,ge8,ce_ctw_shuffled,4.623723089195955,0.011727908706245078,4.60632176945052,4.638402582925894,10,
a_total1,document,tlg0003.tlg001.perseus-grc1.1.tb.xml,not_applicable,ge8,ce_root_original,4.796443398268045,0.001378294625188739,4.79451603566192,4.799036886482794,10,
a_total1,document,tlg0003.tlg001.perseus-grc1.1.tb.xml,not_applicable,ge8,ce_root_shuffled,4.623723089195955,0.011727908706245106,4.60632176945052,4.638402582925894,10,
a_total1,document,tlg0003.tlg001.perseus-grc1.1.tb.xml,not_applicable,ge8,g_original,0.3971405227379239,0.00891940966354122,0.3823062924727232,0.4077192941580545,10,
a_total1,document,tlg0003.tlg001.perseus-grc1.1.tb.xml,not_applicable,ge8,g_shuffled,8.881784197001253e-17,2.808666774861361e-16,0.0,8.881784197001252e-16,10,
a_total1,document,tlg0003.tlg001.perseus-grc1.1.tb.xml,not_applicable,ge8,q,0.3971405227379238,0.008919409663541383,0.3823062924727223,0.4077192941580545,10,
a_total1,document,tlg0007.tlg004.perseus-grc1.tb.xml,not_applicable,4_7,ce_ctw_original,4.215755441734354,0.016840403700350698,4.1842897426333066,4.237164744921619,10,
a_total1,document,tlg0007.tlg004.perseus-grc1.tb.xml,not_applicable,4_7,ce_ctw_shuffled,4.64569426649401,0.06070268259248912,4.5443664317861066,4.716357280168921,10,
a_total1,document,tlg0007.tlg004.perseus-grc1.tb.xml,not_applicable,4_7,ce_root_original,4.708630361352485,0.002358096242911318,4.704977597204476,4.711159349036172,10,
a_total1,document,tlg0007.tlg004.perseus-grc1.tb.xml,not_applicable,4_7,ce_root_shuffled,4.64569426649401,0.06070268259248917,4.5443664317861066,4.716357280168921,10,
a_total1,document,tlg0007.tlg004.perseus-grc1.tb.xml,not_applicable,4_7,g_original,0.49287491961813046,0.016685502502820672,0.4690875839177897,0.5239803195449699,10,
a_total1,document,tlg0007.tlg004.perseus-grc1.tb.xml,not_applicable,4_7,g_shuffled,8.881784197001253e-17,2.808666774861361e-16,0.0,8.881784197001252e-16,10,
a_total1,document,tlg0007.tlg004.perseus-grc1.tb.xml,not_applicable,4_7,q,0.4928749196181304,0.016685502502820724,0.4690875839177897,0.5239803195449699,10,
a_total1,document,tlg0007.tlg004.perseus-grc1.tb.xml,not_applicable,all,ce_ctw_original,4.350972656147949,0.00950690099532082,4.33801886650003,4.371246223428729,10,
a_total1,document,tlg0007.tlg004.perseus-grc1.tb.xml,not_applicable,all,ce_ctw_shuffled,4.703757454803246,0.012568248382611471,4.684212875508656,4.72227375846479,10,
a_total1,document,tlg0007.tlg004.perseus-grc1.tb.xml,not_applicable,all,ce_root_original,4.871917137540043,0.003234962036313221,4.8666171984205215,4.876471271564879,10,
a_total1,document,tlg0007.tlg004.perseus-grc1.tb.xml,not_applicable,all,ce_root_shuffled,4.703757454803246,0.01256824838261129,4.684212875508656,4.72227375846479,10,
a_total1,document,tlg0007.tlg004.perseus-grc1.tb.xml,not_applicable,all,g_original,0.5209444813920951,0.010800015442246734,0.5009459427946084,0.537747188961446,10,
a_total1,document,tlg0007.tlg004.perseus-grc1.tb.xml,not_applicable,all,g_shuffled,3.552713678800501e-16,6.210195902235159e-16,0.0,1.7763568394002505e-15,10,
a_total1,document,tlg0007.tlg004.perseus-grc1.tb.xml,not_applicable,all,q,0.5209444813920948,0.01080001544224671,0.5009459427946084,0.5377471889614451,10,
a_total1,document,tlg0007.tlg004.perseus-grc1.tb.xml,not_applicable,ge8,ce_ctw_original,4.399678233769667,0.010873534993566806,4.384175446215401,4.4196035654259616,10,
a_total1,document,tlg0007.tlg004.perseus-grc1.tb.xml,not_applicable,ge8,ce_ctw_shuffled,4.724671959937998,0.02411568440410084,4.672634380839363,4.7602797624655455,10,
a_total1,document,tlg0007.tlg004.perseus-grc1.tb.xml,not_applicable,ge8,ce_root_original,4.93073344126804,0.004149379334063865,4.924376251710463,4.936073494947853,10,
a_total1,document,tlg0007.tlg004.perseus-grc1.tb.xml,not_applicable,ge8,ce_root_shuffled,4.724671959937998,0.024115684404100866,4.672634380839363,4.7602797624655455,10,
a_total1,document,tlg0007.tlg004.perseus-grc1.tb.xml,not_applicable,ge8,g_original,0.5310552074983711,0.012439148185894602,0.5124214030598164,0.5511790840153301,10,
a_total1,document,tlg0007.tlg004.perseus-grc1.tb.xml,not_applicable,ge8,g_shuffled,2.6645352591003756e-16,4.290309365903226e-16,0.0,8.881784197001252e-16,10,
a_total1,document,tlg0007.tlg004.perseus-grc1.tb.xml,not_applicable,ge8,q,0.5310552074983709,0.012439148185894556,0.5124214030598164,0.5511790840153292,10,
a_total1,document,tlg0007.tlg015.perseus-grc1.tb.xml,not_applicable,4_7,ce_ctw_original,4.1399855026863355,0.018462741336120216,4.117156349475524,4.182729097187929,10,
a_total1,document,tlg0007.tlg015.perseus-grc1.tb.xml,not_applicable,4_7,ce_ctw_shuffled,4.529662754138051,0.04665695706869177,4.479824468727216,4.604658807742579,10,
a_total1,document,tlg0007.tlg015.perseus-grc1.tb.xml,not_applicable,4_7,ce_root_original,4.6085692303110175,0.0017688319061973936,4.60580211045149,4.611407937205279,10,
a_total1,document,tlg0007.tlg015.perseus-grc1.tb.xml,not_applicable,4_7,ce_root_shuffled,4.529662754138051,0.04665695706869177,4.479824468727216,4.604658807742579,10,
a_total1,document,tlg0007.tlg015.perseus-grc1.tb.xml,not_applicable,4_7,g_original,0.46858372762468264,0.019031625700314324,0.42506370699372553,0.49397455055052664,10,
a_total1,document,tlg0007.tlg015.perseus-grc1.tb.xml,not_applicable,4_7,g_shuffled,0.0,0.0,0.0,0.0,10,
a_total1,document,tlg0007.tlg015.perseus-grc1.tb.xml,not_applicable,4_7,q,0.46858372762468264,0.019031625700314324,0.42506370699372553,0.49397455055052664,10,
a_total1,document,tlg0007.tlg015.perseus-grc1.tb.xml,not_applicable,all,ce_ctw_original,4.146146292429772,0.0069034056003613314,4.13662349308855,4.155812133365118,10,
a_total1,document,tlg0007.tlg015.perseus-grc1.tb.xml,not_applicable,all,ce_ctw_shuffled,4.5689645137858985,0.009595328276709511,4.555022771520912,4.585660132609083,10,
a_total1,document,tlg0007.tlg015.perseus-grc1.tb.xml,not_applicable,all,ce_root_original,4.684977659733791,0.0029138228789824857,4.680903261990448,4.6891958264385725,10,
a_total1,document,tlg0007.tlg015.perseus-grc1.tb.xml,not_applicable,all,ce_root_shuffled,4.5689645137858985,0.009595328276709378,4.555022771520912,4.585660132609083,10,
a_total1,document,tlg0007.tlg015.perseus-grc1.tb.xml,not_applicable,all,g_original,0.5388313673040196,0.008490001567596623,0.5282933498746543,0.5515374198516527,10,
a_total1,document,tlg0007.tlg015.perseus-grc1.tb.xml,not_applicable,all,g_shuffled,8.881784197001253e-17,2.808666774861361e-16,0.0,8.881784197001252e-16,10,
a_total1,document,tlg0007.tlg015.perseus-grc1.tb.xml,not_applicable,all,q,0.5388313673040195,0.008490001567596559,0.5282933498746543,0.5515374198516527,10,
a_total1,document,tlg0007.tlg015.perseus-grc1.tb.xml,not_applicable,ge8,ce_ctw_original,4.148407472780852,0.007079078748446563,4.139464503933535,4.161318443207002,10,
a_total1,document,tlg0007.tlg015.perseus-grc1.tb.xml,not_applicable,ge8,ce_ctw_shuffled,4.583389347350994,0.018697721817264604,4.545941430415545,4.607346204973958,10,
a_total1,document,tlg0007.tlg015.perseus-grc1.tb.xml,not_applicable,ge8,ce_root_original,4.713021668126024,0.0035405018290090265,4.708216917655832,4.718516833076181,10,
a_total1,document,tlg0007.tlg015.perseus-grc1.tb.xml,not_applicable,ge8,ce_root_shuffled,4.583389347350995,0.018697721817264482,4.545941430415545,4.607346204973958,10,
a_total1,document,tlg0007.tlg015.perseus-grc1.tb.xml,not_applicable,ge8,g_original,0.5646141953451721,0.008821684986569467,0.55125855736945,0.5783414587361788,10,
a_total1,document,tlg0007.tlg015.perseus-grc1.tb.xml,not_applicable,ge8,g_shuffled,1.7763568394002506e-16,3.7448890331484815e-16,0.0,8.881784197001252e-16,10,
a_total1,document,tlg0007.tlg015.perseus-grc1.tb.xml,not_applicable,ge8,q,0.564614195345172,0.008821684986569468,0.55125855736945,0.5783414587361788,10,
a_total1,document,tlg0008.tlg001.perseus-grc1.tb.xml,not_applicable,4_7,ce_ctw_original,4.167038611062452,0.005296162629974909,4.159307894416766,4.175276091874529,10,
a_total1,document,tlg0008.tlg001.perseus-grc1.tb.xml,not_applicable,4_7,ce_ctw_shuffled,4.534524969310786,0.01078097928198829,4.517162305710735,4.554848222260349,10,
a_total1,document,tlg0008.tlg001.perseus-grc1.tb.xml,not_applicable,4_7,ce_root_original,4.605728300257544,0.0013376997558088189,4.603544722382968,4.607092097804291,10,
a_total1,document,tlg0008.tlg001.perseus-grc1.tb.xml,not_applicable,4_7,ce_root_shuffled,4.534524969310786,0.01078097928198829,4.517162305710735,4.554848222260349,10,
a_total1,document,tlg0008.tlg001.perseus-grc1.tb.xml,not_applicable,4_7,g_original,0.43868968919509177,0.005155239430540442,0.4290362002924528,0.44483090900407163,10,
a_total1,document,tlg0008.tlg001.perseus-grc1.tb.xml,not_applicable,4_7,g_shuffled,0.0,0.0,0.0,0.0,10,
a_total1,document,tlg0008.tlg001.perseus-grc1.tb.xml,not_applicable,4_7,q,0.43868968919509177,0.005155239430540442,0.4290362002924528,0.44483090900407163,10,
a_total1,document,tlg0008.tlg001.perseus-grc1.tb.xml,not_applicable,all,ce_ctw_original,4.250018008922193,0.005867227263221394,4.239034854125559,4.260058183863898,10,
a_total1,document,tlg0008.tlg001.perseus-grc1.tb.xml,not_applicable,all,ce_ctw_shuffled,4.563008376527307,0.006394349376663332,4.555246020852873,4.574180305198066,10,
a_total1,document,tlg0008.tlg001.perseus-grc1.tb.xml,not_applicable,all,ce_root_original,4.6882253084329975,0.0009929387942693958,4.686875539790477,4.689836967199943,10,
a_total1,document,tlg0008.tlg001.perseus-grc1.tb.xml,not_applicable,all,ce_root_shuffled,4.563008376527307,0.006394349376663332,4.555246020852873,4.574180305198066,10,
a_total1,document,tlg0008.tlg001.perseus-grc1.tb.xml,not_applicable,all,g_original,0.438207299510805,0.0059167878499345,0.42759440203274224,0.4488680101542615,10,
a_total1,document,tlg0008.tlg001.perseus-grc1.tb.xml,not_applicable,all,g_shuffled,0.0,0.0,0.0,0.0,10,
a_total1,document,tlg0008.tlg001.perseus-grc1.tb.xml,not_applicable,all,q,0.438207299510805,0.0059167878499345,0.42759440203274224,0.4488680101542615,10,
a_total1,document,tlg0008.tlg001.perseus-grc1.tb.xml,not_applicable,ge8,ce_ctw_original,4.2923788037933965,0.008103187593737937,4.2794496616055815,4.303760987073975,10,
a_total1,document,tlg0008.tlg001.perseus-grc1.tb.xml,not_applicable,ge8,ce_ctw_shuffled,4.577549091469242,0.007970730726864318,4.565041073076313,4.587481223765582,10,
a_total1,document,tlg0008.tlg001.perseus-grc1.tb.xml,not_applicable,ge8,ce_root_original,4.730339844461753,0.0011488385401879548,4.728618018371614,4.732157319115061,10,
a_total1,document,tlg0008.tlg001.perseus-grc1.tb.xml,not_applicable,ge8,ce_root_shuffled,4.577549091469242,0.007970730726864318,4.565041073076313,4.587481223765582,10,
a_total1,document,tlg0008.tlg001.perseus-grc1.tb.xml,not_applicable,ge8,g_original,0.43796104066835573,0.008357700314961374,0.42600918160803136,0.4515178432570579,10,
a_total1,document,tlg0008.tlg001.perseus-grc1.tb.xml,not_applicable,ge8,g_shuffled,0.0,0.0,0.0,0.0,10,
a_total1,document,tlg0008.tlg001.perseus-grc1.tb.xml,not_applicable,ge8,q,0.43796104066835573,0.008357700314961374,0.42600918160803136,0.4515178432570579,10,
a_total1,document,tlg0012.tlg001.perseus-grc1.tb.xml,not_applicable,4_7,ce_ctw_original,4.480950342523686,0.004232120984381064,4.474115820798382,4.487342719152791,10,
a_total1,document,tlg0012.tlg001.perseus-grc1.tb.xml,not_applicable,4_7,ce_ctw_shuffled,4.710035795481422,0.010849013803225064,4.693235038187806,4.725589234028137,10,
a_total1,document,tlg0012.tlg001.perseus-grc1.tb.xml,not_applicable,4_7,ce_root_original,4.733159397947814,0.0013326317946111307,4.73150462200007,4.7348304433312425,10,
a_total1,document,tlg0012.tlg001.perseus-grc1.tb.xml,not_applicable,4_7,ce_root_shuffled,4.710035795481422,0.010849013803225064,4.693235038187806,4.725589234028137,10,
a_total1,document,tlg0012.tlg001.perseus-grc1.tb.xml,not_applicable,4_7,g_original,0.2522090554241273,0.0033258069976193913,0.24716077109630508,0.2579324981646334,10,
a_total1,document,tlg0012.tlg001.perseus-grc1.tb.xml,not_applicable,4_7,g_shuffled,0.0,0.0,0.0,0.0,10,
a_total1,document,tlg0012.tlg001.perseus-grc1.tb.xml,not_applicable,4_7,q,0.2522090554241273,0.0033258069976193913,0.24716077109630508,0.2579324981646334,10,
a_total1,document,tlg0012.tlg001.perseus-grc1.tb.xml,not_applicable,all,ce_ctw_original,4.571335706112584,0.004672057965749537,4.5652024685855315,4.580549110839689,10,
a_total1,document,tlg0012.tlg001.perseus-grc1.tb.xml,not_applicable,all,ce_ctw_shuffled,4.722959798209409,0.004634202392358887,4.717774148578941,4.731481370222778,10,
a_total1,document,tlg0012.tlg001.perseus-grc1.tb.xml,not_applicable,all,ce_root_original,4.817732648472216,0.00136596939396952,4.815948179819668,4.819909769625295,10,
a_total1,document,tlg0012.tlg001.perseus-grc1.tb.xml,not_applicable,all,ce_root_shuffled,4.722959798209409,0.004634202392358887,4.717774148578941,4.731481370222778,10,
a_total1,document,tlg0012.tlg001.perseus-grc1.tb.xml,not_applicable,all,g_original,0.24639694235963194,0.003856202500091021,0.238592752074541,0.2518723367456266,10,
a_total1,document,tlg0012.tlg001.perseus-grc1.tb.xml,not_applicable,all,g_shuffled,0.0,0.0,0.0,0.0,10,
a_total1,document,tlg0012.tlg001.perseus-grc1.tb.xml,not_applicable,all,q,0.24639694235963194,0.003856202500091021,0.238592752074541,0.2518723367456266,10,
a_total1,document,tlg0012.tlg001.perseus-grc1.tb.xml,not_applicable,ge8,ce_ctw_original,4.640824811035603,0.005730832549507809,4.632141200192071,4.652207048300512,10,
a_total1,document,tlg0012.tlg001.perseus-grc1.tb.xml,not_applicable,ge8,ce_ctw_shuffled,4.732895891244066,0.006275587940112224,4.724641386592502,4.742415685839254,10,
a_total1,document,tlg0012.tlg001.perseus-grc1.tb.xml,not_applicable,ge8,ce_root_original,4.882753347023601,0.0016550403001341157,4.880757663356531,4.885319543917041,10,
a_total1,document,tlg0012.tlg001.perseus-grc1.tb.xml,not_applicable,ge8,ce_root_shuffled,4.732895891244067,0.006275587940112176,4.724641386592502,4.742415685839254,10,
a_total1,document,tlg0012.tlg001.perseus-grc1.tb.xml,not_applicable,ge8,g_original,0.2419285359879968,0.004907895409393422,0.23200557967023627,0.24921310703351285,10,
a_total1,document,tlg0012.tlg001.perseus-grc1.tb.xml,not_applicable,ge8,g_shuffled,8.881784197001253e-17,2.808666774861361e-16,0.0,8.881784197001252e-16,10,
a_total1,document,tlg0012.tlg001.perseus-grc1.tb.xml,not_applicable,ge8,q,0.2419285359879967,0.004907895409393448,0.23200557967023627,0.24921310703351285,10,
a_total1,document,tlg0013.tlg002.perseus-grc1.tb.xml,not_applicable,4_7,ce_ctw_original,4.5612232920988,0.016108973089553513,4.532516524924311,4.57719181206785,10,
a_total1,document,tlg0013.tlg002.perseus-grc1.tb.xml,not_applicable,4_7,ce_ctw_shuffled,4.778128500405144,0.036332377930505554,4.723190071566281,4.820530641529968,10,
a_total1,document,tlg0013.tlg002.perseus-grc1.tb.xml,not_applicable,4_7,ce_root_original,4.7760882723821245,0.0023280544107938763,4.773874293813508,4.7801327495343315,10,
a_total1,document,tlg0013.tlg002.perseus-grc1.tb.xml,not_applicable,4_7,ce_root_shuffled,4.778128500405144,0.036332377930505554,4.723190071566281,4.820530641529968,10,
a_total1,document,tlg0013.tlg002.perseus-grc1.tb.xml,not_applicable,4_7,g_original,0.21486498028332326,0.01650587579656684,0.1967242737137882,0.24539667230827789,10,
a_total1,document,tlg0013.tlg002.perseus-grc1.tb.xml,not_applicable,4_7,g_shuffled,0.0,0.0,0.0,0.0,10,
a_total1,document,tlg0013.tlg002.perseus-grc1.tb.xml,not_applicable,4_7,q,0.21486498028332326,0.01650587579656684,0.1967242737137882,0.24539667230827789,10,
a_total1,document,tlg0013.tlg002.perseus-grc1.tb.xml,not_applicable,all,ce_ctw_original,4.5313203406318205,0.01132590853632901,4.511698396027517,4.546909460852574,10,
a_total1,document,tlg0013.tlg002.perseus-grc1.tb.xml,not_applicable,all,ce_ctw_shuffled,4.828673498935407,0.023955617426663644,4.7910086097992215,4.864013625740814,10,
a_total1,document,tlg0013.tlg002.perseus-grc1.tb.xml,not_applicable,all,ce_root_original,4.819518792716909,0.001956999505663785,4.8169938869225675,4.82252737177334,10,
a_total1,document,tlg0013.tlg002.perseus-grc1.tb.xml,not_applicable,all,ce_root_shuffled,4.828673498935407,0.023955617426663633,4.7910086097992215,4.864013625740814,10,
a_total1,document,tlg0013.tlg002.perseus-grc1.tb.xml,not_applicable,all,g_original,0.28819845208508976,0.011749684659012228,0.2700844260699933,0.3058901293558991,10,
a_total1,document,tlg0013.tlg002.perseus-grc1.tb.xml,not_applicable,all,g_shuffled,8.881784197001253e-17,2.808666774861361e-16,0.0,8.881784197001252e-16,10,
a_total1,document,tlg0013.tlg002.perseus-grc1.tb.xml,not_applicable,all,q,0.28819845208508965,0.011749684659012227,0.2700844260699933,0.3058901293558991,10,
a_total1,document,tlg0013.tlg002.perseus-grc1.tb.xml,not_applicable,ge8,ce_ctw_original,4.510600897709161,0.012654848236325098,4.494920068932406,4.531572499879816,10,
a_total1,document,tlg0013.tlg002.perseus-grc1.tb.xml,not_applicable,ge8,ce_ctw_shuffled,4.863695600791475,0.040088806889768985,4.795677462266695,4.911133688320897,10,
a_total1,document,tlg0013.tlg002.perseus-grc1.tb.xml,not_applicable,ge8,ce_root_original,4.849611346897442,0.0020090301296029115,4.846584091467955,4.853342033049776,10,
a_total1,document,tlg0013.tlg002.perseus-grc1.tb.xml,not_applicable,ge8,ce_root_shuffled,4.863695600791476,0.040088806889768985,4.795677462266695,4.911133688320897,10,
a_total1,document,tlg0013.tlg002.perseus-grc1.tb.xml,not_applicable,ge8,g_original,0.33901044918827994,0.013053594775186236,0.31501159158813863,0.3546712511334027,10,
a_total1,document,tlg0013.tlg002.perseus-grc1.tb.xml,not_applicable,ge8,g_shuffled,1.7763568394002506e-16,3.7448890331484815e-16,0.0,8.881784197001252e-16,10,
a_total1,document,tlg0013.tlg002.perseus-grc1.tb.xml,not_applicable,ge8,q,0.33901044918827977,0.01305359477518622,0.31501159158813863,0.3546712511334027,10,
a_total1,document,tlg0016.tlg001.perseus-grc1.1.tb.xml,not_applicable,4_7,ce_ctw_original,4.336414369163693,0.007981733353542015,4.327685646497773,4.351873644141666,10,
a_total1,document,tlg0016.tlg001.perseus-grc1.1.tb.xml,not_applicable,4_7,ce_ctw_shuffled,4.624165011436456,0.02308679010840133,4.594070907848377,4.656598431386461,10,
a_total1,document,tlg0016.tlg001.perseus-grc1.1.tb.xml,not_applicable,4_7,ce_root_original,4.691504551045477,0.0012821563367265525,4.6894345137808955,4.693277595149966,10,
a_total1,document,tlg0016.tlg001.perseus-grc1.1.tb.xml,not_applicable,4_7,ce_root_shuffled,4.624165011436457,0.023086790108401277,4.594070907848377,4.656598431386461,10,
a_total1,document,tlg0016.tlg001.perseus-grc1.1.tb.xml,not_applicable,4_7,g_original,0.355090181881783,0.007960219754165044,0.34140395100830023,0.3654461898483614,10,
a_total1,document,tlg0016.tlg001.perseus-grc1.1.tb.xml,not_applicable,4_7,g_shuffled,1.7763568394002506e-16,3.7448890331484815e-16,0.0,8.881784197001252e-16,10,
a_total1,document,tlg0016.tlg001.perseus-grc1.1.tb.xml,not_applicable,4_7,q,0.3550901818817828,0.007960219754165053,0.34140395100830023,0.3654461898483614,10,
a_total1,document,tlg0016.tlg001.perseus-grc1.1.tb.xml,not_applicable,all,ce_ctw_original,4.425506732638132,0.005166441845320062,4.415991209457707,4.431133555852473,10,
a_total1,document,tlg0016.tlg001.perseus-grc1.1.tb.xml,not_applicable,all,ce_ctw_shuffled,4.644914543509655,0.005151026796703557,4.635512575950762,4.651409532462186,10,
a_total1,document,tlg0016.tlg001.perseus-grc1.1.tb.xml,not_applicable,all,ce_root_original,4.787619763855197,0.0012107959935797172,4.785786891759973,4.7894856408081035,10,
a_total1,document,tlg0016.tlg001.perseus-grc1.1.tb.xml,not_applicable,all,ce_root_shuffled,4.644914543509656,0.005151026796703365,4.635512575950764,4.651409532462187,10,
a_total1,document,tlg0016.tlg001.perseus-grc1.1.tb.xml,not_applicable,all,g_original,0.362113031217066,0.004241744910584333,0.3572219881090346,0.3701793449088724,10,
a_total1,document,tlg0016.tlg001.perseus-grc1.1.tb.xml,not_applicable,all,g_shuffled,4.440892098500626e-16,7.548065156004902e-16,0.0,1.7763568394002505e-15,10,
a_total1,document,tlg0016.tlg001.perseus-grc1.1.tb.xml,not_applicable,all,q,0.36211303121706556,0.004241744910584402,0.3572219881090346,0.3701793449088724,10,
a_total1,document,tlg0016.tlg001.perseus-grc1.1.tb.xml,not_applicable,ge8,ce_ctw_original,4.465011730914176,0.00630553577681048,4.454904559383623,4.4731199231682846,10,
a_total1,document,tlg0016.tlg001.perseus-grc1.1.tb.xml,not_applicable,ge8,ce_ctw_shuffled,4.654115222409767,0.006152016596374695,4.645435608155891,4.664941540201586,10,
a_total1,document,tlg0016.tlg001.perseus-grc1.1.tb.xml,not_applicable,ge8,ce_root_original,4.8302388073766895,0.0012851455515111166,4.828511098162336,4.832565336479605,10,
a_total1,document,tlg0016.tlg001.perseus-grc1.1.tb.xml,not_applicable,ge8,ce_root_shuffled,4.654115222409769,0.00615201659637497,4.645435608155891,4.664941540201587,10,
a_total1,document,tlg0016.tlg001.perseus-grc1.1.tb.xml,not_applicable,ge8,g_original,0.3652270764625139,0.005240389750482747,0.35816799136789346,0.3738206997443996,10,
a_total1,document,tlg0016.tlg001.perseus-grc1.1.tb.xml,not_applicable,ge8,g_shuffled,2.6645352591003756e-16,4.2903093659032255e-16,0.0,8.881784197001252e-16,10,
a_total1,document,tlg0016.tlg001.perseus-grc1.1.tb.xml,not_applicable,ge8,q,0.3652270764625136,0.005240389750482654,0.35816799136789346,0.3738206997443996,10,
a_total1,document,tlg0020.tlg001.perseus-grc1.tb.xml,not_applicable,4_7,ce_ctw_original,4.577819436273393,0.03157686445645714,4.520605001989304,4.615289283916368,10,
a_total1,document,tlg0020.tlg001.perseus-grc1.tb.xml,not_applicable,4_7,ce_ctw_shuffled,4.8790615592868045,0.04669031385492964,4.801312778191374,4.956323891150187,10,
a_total1,document,tlg0020.tlg001.perseus-grc1.tb.xml,not_applicable,4_7,ce_root_original,4.863027574340879,0.0065948642703146975,4.85251732845892,4.874864084552921,10,
a_total1,document,tlg0020.tlg001.perseus-grc1.tb.xml,not_applicable,4_7,ce_root_shuffled,4.8790615592868045,0.04669031385492964,4.801312778191374,4.956323891150187,10,
a_total1,document,tlg0020.tlg001.perseus-grc1.tb.xml,not_applicable,4_7,g_original,0.28520813806748435,0.027174366711532463,0.25351869368755864,0.33191232646961666,10,
a_total1,document,tlg0020.tlg001.perseus-grc1.tb.xml,not_applicable,4_7,g_shuffled,0.0,0.0,0.0,0.0,10,
a_total1,document,tlg0020.tlg001.perseus-grc1.tb.xml,not_applicable,4_7,q,0.28520813806748435,0.027174366711532463,0.25351869368755864,0.33191232646961666,10,
a_total1,document,tlg0020.tlg001.perseus-grc1.tb.xml,not_applicable,all,ce_ctw_original,4.738946780732717,0.036649032533435086,4.690347522808729,4.805719528301636,10,
a_total1,document,tlg0020.tlg001.perseus-grc1.tb.xml,not_applicable,all,ce_ctw_shuffled,4.938676862572801,0.023396330274022267,4.892447684895536,4.9761268389230064,10,
a_total1,document,tlg0020.tlg001.perseus-grc1.tb.xml,not_applicable,all,ce_root_original,4.962589209815382,0.008240670398710036,4.94849701462808,4.977317193093304,10,
a_total1,document,tlg0020.tlg001.perseus-grc1.tb.xml,not_applicable,all,ce_root_shuffled,4.938676862572801,0.023396330274022378,4.892447684895536,4.9761268389230064,10,
a_total1,document,tlg0020.tlg001.perseus-grc1.tb.xml,not_applicable,all,g_original,0.2236424290826644,0.031045440038755985,0.16435492974876897,0.258149491819351,10,
a_total1,document,tlg0020.tlg001.perseus-grc1.tb.xml,not_applicable,all,g_shuffled,8.881784197001253e-17,2.808666774861361e-16,0.0,8.881784197001252e-16,10,
a_total1,document,tlg0020.tlg001.perseus-grc1.tb.xml,not_applicable,all,q,0.22364242908266432,0.031045440038755936,0.16435492974876897,0.258149491819351,10,
a_total1,document,tlg0020.tlg001.perseus-grc1.tb.xml,not_applicable,ge8,ce_ctw_original,4.814724094003154,0.04218865789775795,4.770176506638933,4.8995566588674455,10,
a_total1,document,tlg0020.tlg001.perseus-grc1.tb.xml,not_applicable,ge8,ce_ctw_shuffled,4.966713615291427,0.0270712684066747,4.922971481677181,5.013812726501293,10,
a_total1,document,tlg0020.tlg001.perseus-grc1.tb.xml,not_applicable,ge8,ce_root_original,5.009412505180825,0.00906434346852665,4.993635738727605,5.025500332506706,10,
a_total1,document,tlg0020.tlg001.perseus-grc1.tb.xml,not_applicable,ge8,ce_root_shuffled,4.966713615291427,0.02707126840667471,4.922971481677181,5.013812726501293,10,
a_total1,document,tlg0020.tlg001.perseus-grc1.tb.xml,not_applicable,ge8,g_original,0.19468841117767166,0.036739689413311676,0.11773782020511447,0.22567018722587573,10,
a_total1,document,tlg0020.tlg001.perseus-grc1.tb.xml,not_applicable,ge8,g_shuffled,8.881784197001253e-17,2.808666774861361e-16,0.0,8.881784197001252e-16,10,
a_total1,document,tlg0020.tlg001.perseus-grc1.tb.xml,not_applicable,ge8,q,0.19468841117767158,0.036739689413311585,0.11773782020511447,0.22567018722587484,10,
a_total1,document,tlg0020.tlg002.perseus-grc1.tb.xml,not_applicable,4_7,ce_ctw_original,4.676202071319907,0.013433602155045117,4.657404394053696,4.703173948240396,10,
a_total1,document,tlg0020.tlg002.perseus-grc1.tb.xml,not_applicable,4_7,ce_ctw_shuffled,4.815590027507623,0.041035296977442515,4.77719109554864,4.901637824192979,10,
a_total1,document,tlg0020.tlg002.perseus-grc1.tb.xml,not_applicable,4_7,ce_root_original,4.8754503156152165,0.002658180723432406,4.869901026797331,4.878294010662118,10,
a_total1,document,tlg0020.tlg002.perseus-grc1.tb.xml,not_applicable,4_7,ce_root_shuffled,4.815590027507623,0.041035296977442515,4.77719109554864,4.901637824192979,10,
a_total1,document,tlg0020.tlg002.perseus-grc1.tb.xml,not_applicable,4_7,g_original,0.1992482442953083,0.01375600397453741,0.1743072423951073,0.21748993962708152,10,
a_total1,document,tlg0020.tlg002.perseus-grc1.tb.xml,not_applicable,4_7,g_shuffled,0.0,0.0,0.0,0.0,10,
a_total1,document,tlg0020.tlg002.perseus-grc1.tb.xml,not_applicable,4_7,q,0.1992482442953083,0.01375600397453741,0.1743072423951073,0.21748993962708152,10,
a_total1,document,tlg0020.tlg002.perseus-grc1.tb.xml,not_applicable,all,ce_ctw_original,4.687831293489545,0.012769823229424455,4.6713963468804,4.713176115523588,10,
a_total1,document,tlg0020.tlg002.perseus-grc1.tb.xml,not_applicable,all,ce_ctw_shuffled,4.7953508794154445,0.011821362991762325,4.776027153784678,4.8194570134697425,10,
a_total1,document,tlg0020.tlg002.perseus-grc1.tb.xml,not_applicable,all,ce_root_original,4.8802613674693,0.0021310221242988227,4.876440467107084,4.8833108966823975,10,
a_total1,document,tlg0020.tlg002.perseus-grc1.tb.xml,not_applicable,all,ce_root_shuffled,4.7953508794154445,0.011821362991762572,4.776027153784678,4.819457013469743,10,
a_total1,document,tlg0020.tlg002.perseus-grc1.tb.xml,not_applicable,all,g_original,0.1924300739797565,0.01189308146630977,0.16929525531058687,0.20681964730850222,10,
a_total1,document,tlg0020.tlg002.perseus-grc1.tb.xml,not_applicable,all,g_shuffled,1.7763568394002506e-16,3.7448890331484815e-16,0.0,8.881784197001252e-16,10,
a_total1,document,tlg0020.tlg002.perseus-grc1.tb.xml,not_applicable,all,q,0.19243007397975634,0.011893081466309883,0.16929525531058687,0.20681964730850222,10,
a_total1,document,tlg0020.tlg002.perseus-grc1.tb.xml,not_applicable,ge8,ce_ctw_original,4.696499461610946,0.015932813961796737,4.6657327124625105,4.720631512481731,10,
a_total1,document,tlg0020.tlg002.perseus-grc1.tb.xml,not_applicable,ge8,ce_ctw_shuffled,4.780265060627409,0.027637918087425137,4.723945133103755,4.815134473805263,10,
a_total1,document,tlg0020.tlg002.perseus-grc1.tb.xml,not_applicable,ge8,ce_root_original,4.8838474204059175,0.0022753054097772556,4.881045324889944,4.887075238760834,10,
a_total1,document,tlg0020.tlg002.perseus-grc1.tb.xml,not_applicable,ge8,ce_root_shuffled,4.780265060627409,0.027637918087425137,4.723945133103755,4.815134473805263,10,
a_total1,document,tlg0020.tlg002.perseus-grc1.tb.xml,not_applicable,ge8,g_original,0.18734795879497074,0.015176214049399455,0.16555942964338577,0.2155821105729352,10,
a_total1,document,tlg0020.tlg002.perseus-grc1.tb.xml,not_applicable,ge8,g_shuffled,2.6645352591003756e-16,4.290309365903226e-16,0.0,8.881784197001252e-16,10,
a_total1,document,tlg0020.tlg002.perseus-grc1.tb.xml,not_applicable,ge8,q,0.18734795879497046,0.015176214049399684,0.16555942964338577,0.2155821105729352,10,
a_total1,document,tlg0020.tlg003.perseus-grc1.tb.xml,not_applicable,4_7,ce_ctw_original,4.47277687866751,0.022366187471961937,4.4399559516761435,4.5071081175934555,10,
a_total1,document,tlg0020.tlg003.perseus-grc1.tb.xml,not_applicable,4_7,ce_ctw_shuffled,4.844990691818222,0.06459071341041728,4.758936729434004,4.946613376194707,10,
a_total1,document,tlg0020.tlg003.perseus-grc1.tb.xml,not_applicable,4_7,ce_root_original,4.7782261476271986,0.0057452394519282544,4.77033509506823,4.786667372945484,10,
a_total1,document,tlg0020.tlg003.perseus-grc1.tb.xml,not_applicable,4_7,ce_root_shuffled,4.844990691818222,0.06459071341041737,4.758936729434004,4.946613376194707,10,
a_total1,document,tlg0020.tlg003.perseus-grc1.tb.xml,not_applicable,4_7,g_original,0.30544926895968844,0.022205088130539716,0.2795592553520283,0.3419763913953462,10,
a_total1,document,tlg0020.tlg003.perseus-grc1.tb.xml,not_applicable,4_7,g_shuffled,8.881784197001253e-17,2.808666774861361e-16,0.0,8.881784197001252e-16,10,
a_total1,document,tlg0020.tlg003.perseus-grc1.tb.xml,not_applicable,4_7,q,0.3054492689596883,0.022205088130539747,0.2795592553520283,0.3419763913953462,10,
a_total1,document,tlg0020.tlg003.perseus-grc1.tb.xml,not_applicable,all,ce_ctw_original,4.612363239382152,0.013546533474116435,4.594221136708519,4.639714234274722,10,
a_total1,document,tlg0020.tlg003.perseus-grc1.tb.xml,not_applicable,all,ce_ctw_shuffled,4.867783939935454,0.027232376483606005,4.825409667211791,4.901840272580843,10,
a_total1,document,tlg0020.tlg003.perseus-grc1.tb.xml,not_applicable,all,ce_root_original,4.896835936531437,0.00353475926426634,4.893015449176746,4.902566185273955,10,
a_total1,document,tlg0020.tlg003.perseus-grc1.tb.xml,not_applicable,all,ce_root_shuffled,4.867783939935455,0.02723237648360589,4.825409667211791,4.901840272580843,10,
a_total1,document,tlg0020.tlg003.perseus-grc1.tb.xml,not_applicable,all,g_original,0.28447269714928536,0.012792538537430224,0.26285195099923264,0.2987943124682264,10,
a_total1,document,tlg0020.tlg003.perseus-grc1.tb.xml,not_applicable,all,g_shuffled,8.881784197001253e-17,2.808666774861361e-16,0.0,8.881784197001252e-16,10,
a_total1,document,tlg0020.tlg003.perseus-grc1.tb.xml,not_applicable,all,q,0.2844726971492853,0.01279253853743031,0.26285195099923264,0.2987943124682264,10,
a_total1,document,tlg0020.tlg003.perseus-grc1.tb.xml,not_applicable,ge8,ce_ctw_original,4.715840387093392,0.016285766065442315,4.687076231606342,4.7380168381465495,10,
a_total1,document,tlg0020.tlg003.perseus-grc1.tb.xml,not_applicable,ge8,ce_ctw_shuffled,4.884680865180661,0.0527397979940516,4.833710661032331,5.004897421478335,10,
a_total1,document,tlg0020.tlg003.perseus-grc1.tb.xml,not_applicable,ge8,ce_root_original,4.984762884290564,0.0037314229100624593,4.97991639726033,4.9896093618058215,10,
a_total1,document,tlg0020.tlg003.perseus-grc1.tb.xml,not_applicable,ge8,ce_root_shuffled,4.884680865180661,0.0527397979940516,4.833710661032331,5.004897421478335,10,
a_total1,document,tlg0020.tlg003.perseus-grc1.tb.xml,not_applicable,ge8,g_original,0.26892249719717115,0.015209072408860517,0.2504666134095137,0.29637790242986206,10,
a_total1,document,tlg0020.tlg003.perseus-grc1.tb.xml,not_applicable,ge8,g_shuffled,0.0,0.0,0.0,0.0,10,
a_total1,document,tlg0020.tlg003.perseus-grc1.tb.xml,not_applicable,ge8,q,0.26892249719717115,0.015209072408860517,0.2504666134095137,0.29637790242986206,10,
a_total1,document,tlg0060.tlg001.perseus-grc3.11.tb.xml,not_applicable,4_7,ce_ctw_original,3.8547041715660555,0.012183722672735464,3.8395812626676067,3.8725435574168765,10,
a_total1,document,tlg0060.tlg001.perseus-grc3.11.tb.xml,not_applicable,4_7,ce_ctw_shuffled,4.366481210650727,0.013738569046886341,4.3362104410469495,4.38284566544862,10,
a_total1,document,tlg0060.tlg001.perseus-grc3.11.tb.xml,not_applicable,4_7,ce_root_original,4.371410176284323,0.002970741204531887,4.366190998326508,4.377060379528078,10,
a_total1,document,tlg0060.tlg001.perseus-grc3.11.tb.xml,not_applicable,4_7,ce_root_shuffled,4.366481210650727,0.013738569046886303,4.3362104410469495,4.38284566544862,10,
a_total1,document,tlg0060.tlg001.perseus-grc3.11.tb.xml,not_applicable,4_7,g_original,0.5167060047182671,0.010348518863510408,0.501994300630296,0.5305402778047386,10,
a_total1,document,tlg0060.tlg001.perseus-grc3.11.tb.xml,not_applicable,4_7,g_shuffled,8.881784197001253e-17,2.808666774861361e-16,0.0,8.881784197001252e-16,10,
a_total1,document,tlg0060.tlg001.perseus-grc3.11.tb.xml,not_applicable,4_7,q,0.516706004718267,0.010348518863510275,0.501994300630296,0.5305402778047377,10,
a_total1,document,tlg0060.tlg001.perseus-grc3.11.tb.xml,not_applicable,all,ce_ctw_original,3.958409089232916,0.005762597223139776,3.9490068518955095,3.9671038281094413,10,
a_total1,document,tlg0060.tlg001.perseus-grc3.11.tb.xml,not_applicable,all,ce_ctw_shuffled,4.402954141366237,0.0065832222872416616,4.391694168452051,4.41499603958241,10,
a_total1,document,tlg0060.tlg001.perseus-grc3.11.tb.xml,not_applicable,all,ce_root_original,4.517740765308416,0.0025842825204893294,4.5136535378912095,4.521641930099992,10,
a_total1,document,tlg0060.tlg001.perseus-grc3.11.tb.xml,not_applicable,all,ce_root_shuffled,4.402954141366237,0.006583222287241598,4.391694168452051,4.41499603958241,10,
a_total1,document,tlg0060.tlg001.perseus-grc3.11.tb.xml,not_applicable,all,g_original,0.5593316760755,0.004614450334203835,0.5495159200868738,0.5652886483709696,10,
a_total1,document,tlg0060.tlg001.perseus-grc3.11.tb.xml,not_applicable,all,g_shuffled,8.881784197001253e-17,2.808666774861361e-16,0.0,8.881784197001252e-16,10,
a_total1,document,tlg0060.tlg001.perseus-grc3.11.tb.xml,not_applicable,all,q,0.5593316760755,0.004614450334204045,0.5495159200868729,0.5652886483709696,10,
a_total1,document,tlg0060.tlg001.perseus-grc3.11.tb.xml,not_applicable,ge8,ce_ctw_original,3.9902591158754084,0.005267299651688392,3.982371784803001,3.998017998687763,10,
a_total1,document,tlg0060.tlg001.perseus-grc3.11.tb.xml,not_applicable,ge8,ce_ctw_shuffled,4.414155768455423,0.009310148281035538,4.400892752573948,4.428223870996727,10,
a_total1,document,tlg0060.tlg001.perseus-grc3.11.tb.xml,not_applicable,ge8,ce_root_original,4.562682058970117,0.0025542471339190347,4.558942478083929,4.566424021538975,10,
a_total1,document,tlg0060.tlg001.perseus-grc3.11.tb.xml,not_applicable,ge8,ce_root_shuffled,4.414155768455423,0.009310148281035538,4.400892752573948,4.428223870996727,10,
a_total1,document,tlg0060.tlg001.perseus-grc3.11.tb.xml,not_applicable,ge8,g_original,0.5724229430947098,0.004889393961463334,0.5641108388220548,0.5808607325926514,10,
a_total1,document,tlg0060.tlg001.perseus-grc3.11.tb.xml,not_applicable,ge8,g_shuffled,0.0,0.0,0.0,0.0,10,
a_total1,document,tlg0060.tlg001.perseus-grc3.11.tb.xml,not_applicable,ge8,q,0.5724229430947098,0.004889393961463334,0.5641108388220548,0.5808607325926514,10,
a_total1,group,HEX,eligible_token_weighted,all,ce_ctw_original,4.585414617397063,0.003571075284392751,4.580964062736315,4.591531373452677,10,
a_total1,group,HEX,eligible_token_weighted,all,ce_ctw_shuffled,4.743708797909137,0.004585239186818918,4.738435901115126,4.752546988225719,10,
a_total1,group,HEX,eligible_token_weighted,all,ce_root_original,4.830287123498467,0.0010768135766633694,4.828891350599026,4.8325088854734375,10,
a_total1,group,HEX,eligible_token_weighted,all,ce_root_shuffled,4.743708797909137,0.0045852391868188855,4.738435901115126,4.752546988225719,10,
a_total1,group,HEX,eligible_token_weighted,all,g_original,0.2448725061014024,0.003057607141538899,0.23994181939205747,0.24858211552697565,10,
a_total1,group,HEX,eligible_token_weighted,all,g_shuffled,1.1018077062585698e-16,2.411452842403563e-16,0.0,7.813637764209028e-16,10,
a_total1,group,HEX,eligible_token_weighted,all,q,0.24487250610140227,0.0030576071415388973,0.23994181939205747,0.24858211552697554,10,
a_total1,group,HEX,equal_block,all,ce_ctw_original,4.632901591045887,0.008392891017597524,4.623966538191546,4.644614300848442,10,
a_total1,group,HEX,equal_block,all,ce_ctw_shuffled,4.801215576145662,0.007754594144387972,4.788994933810471,4.812076211913892,10,
a_total1,group,HEX,equal_block,all,ce_root_original,4.869793409145565,0.0022461944285215936,4.866816097979646,4.8736105813807455,10,
a_total1,group,HEX,equal_block,all,ce_root_shuffled,4.801215576145662,0.0077545941443880485,4.788994933810471,4.812076211913893,10,
a_total1,group,HEX,equal_block,all,g_original,0.2368918180996782,0.006868299311164744,0.22565235836575237,0.2440996874430641,10,
a_total1,group,HEX,equal_block,all,g_shuffled,1.7763568394002506e-16,2.293266818639604e-16,0.0,4.440892098500626e-16,10,
a_total1,group,HEX,equal_block,all,q,0.23689181809967802,0.006868299311164845,0.22565235836575193,0.2440996874430641,10,
a_total1,group,PROSE_ALL,eligible_token_weighted,all,ce_ctw_original,4.2392793372580755,0.0038061889454129596,4.232071001183983,4.244173664204893,10,
a_total1,group,PROSE_ALL,eligible_token_weighted,all,ce_ctw_shuffled,4.562697522885047,0.002726086508735075,4.558922151247552,4.566539047044822,10,
a_total1,group,PROSE_ALL,eligible_token_weighted,all,ce_root_original,4.693590534785642,0.0006788623408645023,4.6921322907994245,4.694651714147141,10,
a_total1,group,PROSE_ALL,eligible_token_weighted,all,ce_root_shuffled,4.562697522885047,0.002726086508735176,4.558922151247552,4.566539047044822,10,
a_total1,group,PROSE_ALL,eligible_token_weighted,all,g_original,0.45431119752756655,0.003511501273609596,0.4498011763061884,0.4600612896154419,10,
a_total1,group,PROSE_ALL,eligible_token_weighted,all,g_shuffled,1.5582030319340206e-16,1.6946210249074046e-16,0.0,4.0993093714461295e-16,10,
a_total1,group,PROSE_ALL,eligible_token_weighted,all,q,0.45431119752756627,0.0035115012736096477,0.4498011763061884,0.4600612896154419,10,
a_total1,group,PROSE_ALL,equal_block,all,ce_ctw_original,4.246783852114369,0.0036674638173506266,4.240654817323727,4.252545376894869,10,
a_total1,group,PROSE_ALL,equal_block,all,ce_ctw_shuffled,4.572852588586213,0.0027452071962302373,4.5694569688635,4.576899196505929,10,
a_total1,group,PROSE_ALL,equal_block,all,ce_root_original,4.705742929033541,0.0006808236539353784,4.704346732616824,4.706723924447529,10,
a_total1,group,PROSE_ALL,equal_block,all,ce_root_shuffled,4.572852588586213,0.002745207196230196,4.5694569688635,4.576899196505929,10,
a_total1,group,PROSE_ALL,equal_block,all,g_original,0.458959076919171,0.0033903955632494437,0.45383109405359123,0.4636919152930977,10,
a_total1,group,PROSE_ALL,equal_block,all,g_shuffled,1.5987211554602254e-16,1.5553692303365685e-16,0.0,3.552713678800501e-16,10,
a_total1,group,PROSE_ALL,equal_block,all,q,0.45895907691917087,0.0033903955632494788,0.4538310940535909,0.4636919152930977,10,
a_total1,group,contrast,eligible_token_weighted,all,ce_ctw_original,0.346135280138988,0.005153971326675839,0.3401683221824614,0.3579100114102447,10,
a_total1,group,contrast,eligible_token_weighted,all,ce_ctw_shuffled,0.18101127502409026,0.005982065361329595,0.17214638841650576,0.19103846294265914,10,
a_total1,group,contrast,eligible_token_weighted,all,ce_root_original,0.13669658871282434,0.0016615509151048456,0.13446093325787078,0.14037659467401298,10,
a_total1,group,contrast,eligible_token_weighted,all,ce_root_shuffled,0.18101127502409026,0.005982065361329595,0.17214638841650576,0.19103846294265914,10,
a_total1,group,contrast,eligible_token_weighted,all,g_original,-0.20943869142616406,0.004073404113813982,-0.2175334167362328,-0.20340279946845408,10,
a_total1,group,contrast,eligible_token_weighted,all,g_shuffled,-4.5639532567545055e-17,2.8069489488917484e-16,-4.0993093714461295e-16,5.860876996890298e-16,10,
a_total1,group,contrast,eligible_token_weighted,all,q,-0.20943869142616398,0.004073404113814007,-0.21753341673623292,-0.20340279946845408,10,
a_total1,group,contrast,equal_block,all,ce_ctw_original,0.38611773893151746,0.009906157389583706,0.3751378371017946,0.4039594835247149,10,
a_total1,group,contrast,equal_block,all,ce_ctw_shuffled,0.22836298755944923,0.009308907245046369,0.21209573730454245,0.24214141889104823,10,
a_total1,group,contrast,equal_block,all,ce_root_original,0.16405048011202467,0.0026375614582394282,0.16073986451280575,0.1683481699117575,10,
a_total1,group,contrast,equal_block,all,ce_root_shuffled,0.22836298755944942,0.009308907245046384,0.21209573730454245,0.24214141889104912,10,
a_total1,group,contrast,equal_block,all,g_original,-0.2220672588194928,0.007927861717739574,-0.23610029043924208,-0.21270756502454857,10,
a_total1,group,contrast,equal_block,all,g_shuffled,1.7763568394002496e-17,2.6414080431885933e-16,-3.552713678800501e-16,4.440892098500626e-16,10,
a_total1,group,contrast,equal_block,all,q,-0.2220672588194928,0.007927861717739675,-0.23610029043924252,-0.21270756502454857,10,
a_total1,group_difference,HEX,eligible_token_weighted,all,ce_ctw_original,0.017171284167235967,0.0026627121233587176,0.013383803055321053,0.020275685990947423,10,
a_total1,group_difference,HEX,eligible_token_weighted,all,ce_ctw_shuffled,0.0003224612299458585,0.00015131536149681063,7.095479339458421e-05,0.0005334624994270953,10,
a_total1,group_difference,HEX,eligible_token_weighted,all,ce_root_original,0.00014068335077945803,6.251342472835279e-05,3.009064303949316e-05,0.00024197494777400408,10,
a_total1,group_difference,HEX,eligible_token_weighted,all,ce_root_shuffled,0.0003224612299459473,0.00015131536149688588,7.095479339458421e-05,0.0005334624994270953,10,
a_total1,group_difference,HEX,eligible_token_weighted,all,g_original,-0.017030600816456694,0.0026680573869346798,-0.020103764412058217,-0.013262918234253684,10,
a_total1,group_difference,HEX,eligible_token_weighted,all,g_shuffled,1.1018077062585698e-16,2.411452842403563e-16,0.0,7.813637764209028e-16,10,
a_total1,group_difference,HEX,eligible_token_weighted,all,q,-0.01703060081645681,0.0026680573869346993,-0.020103764412058217,-0.013262918234253684,10,
a_total1,group_difference,HEX,equal_block,all,ce_ctw_original,0.022419158079793354,0.0053836394157999535,0.016580310603362847,0.033580674273436806,10,
a_total1,group_difference,HEX,equal_block,all,ce_ctw_shuffled,0.0004868194246203217,0.00029750708365610686,5.812511882119509e-05,0.0007873392891140085,10,
a_total1,group_difference,HEX,equal_block,all,ce_root_original,0.000501064034463905,0.00022915261367905895,0.0001481926190809446,0.0007605516573843119,10,
a_total1,group_difference,HEX,equal_block,all,ce_root_shuffled,0.00048681942462058814,0.00029750708365615516,5.812511882119509e-05,0.0007873392891140085,10,
a_total1,group_difference,HEX,equal_block,all,g_original,-0.021918094045329496,0.005423400322628198,-0.03337153676508331,-0.01604950226734081,10,
a_total1,group_difference,HEX,equal_block,all,g_shuffled,1.7763568394002506e-16,2.293266818639604e-16,0.0,4.440892098500626e-16,10,
a_total1,group_difference,HEX,equal_block,all,q,-0.021918094045329673,0.00542340032262834,-0.033371536765083754,-0.01604950226734081,10,
a_total1,group_difference,PROSE_ALL,eligible_token_weighted,all,ce_ctw_original,0.009626196229886119,0.0026182104425780425,0.0052635022980620505,0.012928447475016647,10,
a_total1,group_difference,PROSE_ALL,eligible_token_weighted,all,ce_ctw_shuffled,0.0010597183586596338,0.00014573915113382657,0.0008173003209765994,0.0012615716014519052,10,
a_total1,group_difference,PROSE_ALL,eligible_token_weighted,all,ce_root_original,0.0011892511224871783,0.00013341468491950847,0.0009794090227313035,0.0013897736967809493,10,
a_total1,group_difference,PROSE_ALL,eligible_token_weighted,all,ce_root_shuffled,0.0010597183586597224,0.0001457391511339196,0.0008173003209765994,0.0012615716014519052,10,
a_total1,group_difference,PROSE_ALL,eligible_token_weighted,all,g_original,-0.008436945107398463,0.0026860975739188206,-0.011853470164724933,-0.0039882057477351185,10,
a_total1,group_difference,PROSE_ALL,eligible_token_weighted,all,g_shuffled,1.0986693747958162e-16,1.835768086631525e-16,-1.4983726205533048e-16,4.0993093714461295e-16,10,
a_total1,group_difference,PROSE_ALL,eligible_token_weighted,all,q,-0.008436945107398586,0.0026860975739188843,-0.011853470164724933,-0.0039882057477351185,10,
a_total1,group_difference,PROSE_ALL,equal_block,all,ce_ctw_original,0.01069681797570956,0.002446618961840737,0.00724747903088474,0.014556023952176034,10,
a_total1,group_difference,PROSE_ALL,equal_block,all,ce_ctw_shuffled,0.0011104863234237428,0.00014028539998636313,0.0008836891666748059,0.0013301948191477564,10,
a_total1,group_difference,PROSE_ALL,equal_block,all,ce_root_original,0.0012861604256531045,0.000182596857741507,0.0009941118862135667,0.0015779686173162943,10,
a_total1,group_difference,PROSE_ALL,equal_block,all,ce_root_shuffled,0.0011104863234238315,0.00014028539998632694,0.0008836891666748059,0.0013301948191477564,10,
a_total1,group_difference,PROSE_ALL,equal_block,all,g_original,-0.009410657550056711,0.002529598649690486,-0.013273340059992922,-0.005842056950030539,10,
a_total1,group_difference,PROSE_ALL,equal_block,all,g_shuffled,1.2434497875801752e-16,1.4624259178727153e-16,0.0,3.552713678800501e-16,10,
a_total1,group_difference,PROSE_ALL,equal_block,all,q,-0.00941065755005684,0.002529598649690521,-0.013273340059993255,-0.005842056950030539,10,
a_total1,group_difference,contrast,eligible_token_weighted,all,ce_ctw_original,0.007545087937349848,0.0032446140400667536,0.004247294478082253,0.014630956131156836,10,
a_total1,group_difference,contrast,eligible_token_weighted,all,ce_ctw_shuffled,-0.0007372571287137753,0.00018214020148457234,-0.001063106810429204,-0.0004527849041480181,10,
a_total1,group_difference,contrast,eligible_token_weighted,all,ce_root_original,-0.0010485677717077201,0.00017709276271465595,-0.0012852653868931085,-0.0007374340749572994,10,
a_total1,group_difference,contrast,eligible_token_weighted,all,ce_root_shuffled,-0.0007372571287137753,0.00018214020148457234,-0.001063106810429204,-0.0004527849041480181,10,
a_total1,group_difference,contrast,eligible_token_weighted,all,g_original,-0.008593655709058231,0.003350755376511861,-0.015835341577325218,-0.005406272932074407,10,
a_total1,group_difference,contrast,eligible_token_weighted,all,g_shuffled,3.138331462753905e-19,2.692975297351079e-16,-4.0993093714461295e-16,5.860876996890298e-16,10,
a_total1,group_difference,contrast,eligible_token_weighted,all,q,-0.008593655709058224,0.003350755376511883,-0.01583534157732533,-0.005406272932074241,10,
a_total1,group_difference,contrast,equal_block,all,ce_ctw_original,0.011722340104083795,0.006932512047525753,0.005685848679945593,0.026333195242552065,10,
a_total1,group_difference,contrast,equal_block,all,ce_ctw_shuffled,-0.0006236668988034211,0.00031401415535562967,-0.0011840501518234348,-0.0002828980634346223,10,
a_total1,group_difference,contrast,equal_block,all,ce_root_original,-0.0007850963911891995,0.00032886468392439726,-0.0012915510184114964,-0.0003142967236735572,10,
a_total1,group_difference,contrast,equal_block,all,ce_root_shuffled,-0.0006236668988032435,0.0003140141553556837,-0.0011840501518225466,-0.0002828980634346223,10,
a_total1,group_difference,contrast,equal_block,all,g_original,-0.012507436495272783,0.007103593882900546,-0.02752947981505277,-0.006207980914744837,10,
a_total1,group_difference,contrast,equal_block,all,g_shuffled,5.32907051820075e-17,2.3008983432889644e-16,-3.552713678800501e-16,4.440892098500626e-16,10,
a_total1,group_difference,contrast,equal_block,all,q,-0.012507436495272833,0.007103593882900708,-0.027529479815053215,-0.006207980914744504,10,
oth,block,ATHENAEUS,not_applicable,4_7,ce_ctw_original,4.212863090502836,0.0031931633830037122,4.209008897535668,4.2188916205292655,10,
oth,block,ATHENAEUS,not_applicable,4_7,ce_ctw_shuffled,4.562656373296503,0.013160414052755648,4.540718695196831,4.579593165359114,10,
oth,block,ATHENAEUS,not_applicable,4_7,ce_root_original,4.635317701243597,0.001275494270826672,4.633227506031034,4.63669952162518,10,
oth,block,ATHENAEUS,not_applicable,4_7,ce_root_shuffled,4.562656373296503,0.013160414052755648,4.540718695196831,4.579593165359114,10,
oth,block,ATHENAEUS,not_applicable,4_7,g_original,0.422454610740761,0.0033826592162250237,0.41520988180041307,0.42616707081452265,10,
oth,block,ATHENAEUS,not_applicable,4_7,g_shuffled,0.0,0.0,0.0,0.0,10,
oth,block,ATHENAEUS,not_applicable,4_7,q,0.422454610740761,0.0033826592162250237,0.41520988180041307,0.42616707081452265,10,
oth,block,ATHENAEUS,not_applicable,all,ce_ctw_original,4.261840725794987,0.0011682136081902221,4.260044998931674,4.263248366397684,10,
oth,block,ATHENAEUS,not_applicable,all,ce_ctw_shuffled,4.583976783244631,0.006136019507229892,4.575145347393914,4.594365432225506,10,
oth,block,ATHENAEUS,not_applicable,all,ce_root_original,4.707013653531414,0.0009152927071359071,4.705872029519368,4.708540458715911,10,
oth,block,ATHENAEUS,not_applicable,all,ce_root_shuffled,4.583976783244631,0.006136019507229892,4.575145347393914,4.594365432225506,10,
oth,block,ATHENAEUS,not_applicable,all,g_original,0.44517292773642625,0.00133725068218918,0.44321041558692365,0.4470953924202776,10,
oth,block,ATHENAEUS,not_applicable,all,g_shuffled,0.0,0.0,0.0,0.0,10,
oth,block,ATHENAEUS,not_applicable,all,q,0.44517292773642625,0.00133725068218918,0.44321041558692365,0.4470953924202776,10,
oth,block,ATHENAEUS,not_applicable,ge8,ce_ctw_original,4.286749905099227,0.0013092244098525255,4.2849222765251085,4.28899737732794,10,
oth,block,ATHENAEUS,not_applicable,ge8,ce_ctw_shuffled,4.594819975470426,0.007727376522345482,4.581923808553979,4.602584502252205,10,
oth,block,ATHENAEUS,not_applicable,ge8,ce_root_original,4.743476976439363,0.0011115770864957395,4.741704383710257,4.745282261122996,10,
oth,block,ATHENAEUS,not_applicable,ge8,ce_root_shuffled,4.594819975470426,0.007727376522345482,4.581923808553979,4.602584502252205,10,
oth,block,ATHENAEUS,not_applicable,ge8,g_original,0.45672707134013557,0.0010730266014083924,0.4546118667727894,0.45802110603020196,10,
oth,block,ATHENAEUS,not_applicable,ge8,g_shuffled,0.0,0.0,0.0,0.0,10,
oth,block,ATHENAEUS,not_applicable,ge8,q,0.45672707134013557,0.0010730266014083924,0.4546118667727894,0.45802110603020196,10,
oth,block,DIODORUS,not_applicable,4_7,ce_ctw_original,3.89839689735359,0.012879463009821433,3.883532905821057,3.9166608713391797,10,
oth,block,DIODORUS,not_applicable,4_7,ce_ctw_shuffled,4.370694361415753,0.013394127761891887,4.341244974455729,4.385411692039732,10,
oth,block,DIODORUS,not_applicable,4_7,ce_root_original,4.376066543012294,0.00291986998192649,4.3711888742693805,4.381811246169492,10,
oth,block,DIODORUS,not_applicable,4_7,ce_root_shuffled,4.370694361415753,0.013394127761891932,4.341244974455729,4.385411692039732,10,
oth,block,DIODORUS,not_applicable,4_7,g_original,0.47766964565870296,0.012744239502238347,0.4607859239696426,0.4943518794481001,10,
oth,block,DIODORUS,not_applicable,4_7,g_shuffled,-8.881784197001253e-17,2.808666774861361e-16,-8.881784197001252e-16,0.0,10,
oth,block,DIODORUS,not_applicable,4_7,q,0.47766964565870307,0.012744239502238274,0.4607859239696426,0.4943518794481001,10,
oth,block,DIODORUS,not_applicable,all,ce_ctw_original,4.023872608340336,0.025934294949579228,3.9949977282093427,4.05235678787637,10,
oth,block,DIODORUS,not_applicable,all,ce_ctw_shuffled,4.407093654624309,0.006447811566813117,4.396124700942671,4.418692019676629,10,
oth,block,DIODORUS,not_applicable,all,ce_root_original,4.52177059974794,0.0025675703175509663,4.517753724999884,4.526142028054866,10,
oth,block,DIODORUS,not_applicable,all,ce_root_shuffled,4.407093654624309,0.006447811566813117,4.396124700942671,4.418692019676629,10,
oth,block,DIODORUS,not_applicable,all,g_original,0.49789799140760344,0.02574924541800081,0.4705930267590599,0.5253238520891252,10,
oth,block,DIODORUS,not_applicable,all,g_shuffled,0.0,0.0,0.0,0.0,10,
oth,block,DIODORUS,not_applicable,all,q,0.49789799140760344,0.02574924541800081,0.4705930267590599,0.5253238520891252,10,
oth,block,DIODORUS,not_applicable,ge8,ce_ctw_original,4.062408917204219,0.03012447521369299,4.0288137906760975,4.094031943252035,10,
oth,block,DIODORUS,not_applicable,ge8,ce_ctw_shuffled,4.418272666039995,0.00930565979346073,4.405751968097817,4.4322103843392835,10,
oth,block,DIODORUS,not_applicable,ge8,ce_root_original,4.566519471772092,0.0025170561037408047,4.562766965506137,4.570469137625003,10,
oth,block,DIODORUS,not_applicable,ge8,ce_root_shuffled,4.418272666039995,0.00930565979346073,4.405751968097817,4.4322103843392835,10,
oth,block,DIODORUS,not_applicable,ge8,g_original,0.504110554567874,0.02985441899819324,0.4736050004644152,0.5361006140767204,10,
oth,block,DIODORUS,not_applicable,ge8,g_shuffled,0.0,0.0,0.0,0.0,10,
oth,block,DIODORUS,not_applicable,ge8,q,0.504110554567874,0.02985441899819324,0.4736050004644152,0.5361006140767204,10,
oth,block,HERODOTUS,not_applicable,4_7,ce_ctw_original,4.331078219899576,0.004686422819590767,4.324352348084326,4.338684185987995,10,
oth,block,HERODOTUS,not_applicable,4_7,ce_ctw_shuffled,4.6424414712280875,0.02320070034785149,4.608893140841402,4.676973428643074,10,
oth,block,HERODOTUS,not_applicable,4_7,ce_root_original,4.702449808049043,0.0013069020617800656,4.700651512207321,4.70443587112027,10,
oth,block,HERODOTUS,not_applicable,4_7,ce_root_shuffled,4.6424414712280875,0.02320070034785149,4.608893140841402,4.676973428643074,10,
oth,block,HERODOTUS,not_applicable,4_7,g_original,0.37137158814946797,0.004124357338960316,0.3649042918043719,0.3766074410671312,10,
oth,block,HERODOTUS,not_applicable,4_7,g_shuffled,0.0,0.0,0.0,0.0,10,
oth,block,HERODOTUS,not_applicable,4_7,q,0.37137158814946797,0.004124357338960316,0.3649042918043719,0.3766074410671312,10,
oth,block,HERODOTUS,not_applicable,all,ce_ctw_original,4.409975211727989,0.004339556339505871,4.404924806323992,4.415772733612898,10,
oth,block,HERODOTUS,not_applicable,all,ce_ctw_shuffled,4.659867846107187,0.005068301923561705,4.650467998719177,4.6665997479920875,10,
oth,block,HERODOTUS,not_applicable,all,ce_root_original,4.7969488723465865,0.0012439925374712303,4.795212992476459,4.798682291177126,10,
oth,block,HERODOTUS,not_applicable,all,ce_root_shuffled,4.659867846107187,0.005068301923561705,4.650467998719177,4.6665997479920875,10,
oth,block,HERODOTUS,not_applicable,all,g_original,0.3869736606185971,0.00338406709844917,0.382077279831579,0.3907543853408777,10,
oth,block,HERODOTUS,not_applicable,all,g_shuffled,0.0,0.0,0.0,0.0,10,
oth,block,HERODOTUS,not_applicable,all,q,0.3869736606185971,0.00338406709844917,0.382077279831579,0.3907543853408777,10,
oth,block,HERODOTUS,not_applicable,ge8,ce_ctw_original,4.44484889039324,0.004543147165968448,4.43923982628972,4.4523427370393165,10,
oth,block,HERODOTUS,not_applicable,ge8,ce_ctw_shuffled,4.667570570681979,0.006722775785774528,4.653397595077653,4.676780383424964,10,
oth,block,HERODOTUS,not_applicable,ge8,ce_root_original,4.838718905982932,0.0013249864935409813,4.837010614928126,4.8409645976481395,10,
oth,block,HERODOTUS,not_applicable,ge8,ce_root_shuffled,4.667570570681979,0.006722775785774528,4.653397595077653,4.676780383424964,10,
oth,block,HERODOTUS,not_applicable,ge8,g_original,0.39387001558969237,0.0034111562716785293,0.388621860608823,0.3978106888694919,10,
oth,block,HERODOTUS,not_applicable,ge8,g_shuffled,0.0,0.0,0.0,0.0,10,
oth,block,HERODOTUS,not_applicable,ge8,q,0.39387001558969237,0.0034111562716785293,0.388621860608823,0.3978106888694919,10,
oth,block,HESIODIC_TRADITION,not_applicable,4_7,ce_ctw_original,4.5748160462658145,0.0049274048753375765,4.567226763925106,4.580862156118238,10,
oth,block,HESIODIC_TRADITION,not_applicable,4_7,ce_ctw_shuffled,4.864287775356099,0.026805207527978766,4.828507806041349,4.913238317823573,10,
oth,block,HESIODIC_TRADITION,not_applicable,4_7,ce_root_original,4.861035591969905,0.0038181434771423282,4.855917237237018,4.868341546633519,10,
oth,block,HESIODIC_TRADITION,not_applicable,4_7,ce_root_shuffled,4.8642877753560985,0.026805207527978644,4.828507806041349,4.913238317823573,10,
oth,block,HESIODIC_TRADITION,not_applicable,4_7,g_original,0.28621954570409114,0.002233810798796284,0.2826015879333257,0.2888682127048865,10,
oth,block,HESIODIC_TRADITION,not_applicable,4_7,g_shuffled,-8.881784197001253e-17,2.808666774861361e-16,-8.881784197001252e-16,0.0,10,
oth,block,HESIODIC_TRADITION,not_applicable,4_7,q,0.28621954570409125,0.0022338107987961843,0.2826015879333257,0.2888682127048865,10,
oth,block,HESIODIC_TRADITION,not_applicable,all,ce_ctw_original,4.681573793397211,0.01003396982136518,4.666033120674628,4.70064643145865,10,
oth,block,HESIODIC_TRADITION,not_applicable,all,ce_ctw_shuffled,4.891905339304647,0.016262463676851833,4.866950423785536,4.908895821768505,10,
oth,block,HESIODIC_TRADITION,not_applicable,all,ce_root_original,4.932252586764814,0.004900032020918023,4.92438983243023,4.94075085213596,10,
oth,block,HESIODIC_TRADITION,not_applicable,all,ce_root_shuffled,4.891905339304647,0.016262463676851833,4.866950423785536,4.908895821768505,10,
oth,block,HESIODIC_TRADITION,not_applicable,all,g_original,0.25067879336760157,0.006553359822357141,0.23681651671722648,0.25835671175560204,10,
oth,block,HESIODIC_TRADITION,not_applicable,all,g_shuffled,0.0,0.0,0.0,0.0,10,
oth,block,HESIODIC_TRADITION,not_applicable,all,q,0.25067879336760157,0.006553359822357141,0.23681651671722648,0.25835671175560204,10,
oth,block,HESIODIC_TRADITION,not_applicable,ge8,ce_ctw_original,4.746088881307609,0.014036422315856787,4.7253064491471815,4.7730336189136136,10,
oth,block,HESIODIC_TRADITION,not_applicable,ge8,ce_ctw_shuffled,4.908594990537347,0.018201012052154658,4.8815879339495885,4.9334634796162735,10,
oth,block,HESIODIC_TRADITION,not_applicable,ge8,ce_root_original,4.975289938182999,0.005649282623842796,4.965768707659829,4.9845087323418,10,
oth,block,HESIODIC_TRADITION,not_applicable,ge8,ce_root_shuffled,4.908594990537347,0.018201012052154658,4.8815879339495885,4.9334634796162735,10,
oth,block,HESIODIC_TRADITION,not_applicable,ge8,g_original,0.22920105687538977,0.010514081785358185,0.20832372322091786,0.24064511931428623,10,
oth,block,HESIODIC_TRADITION,not_applicable,ge8,g_shuffled,0.0,0.0,0.0,0.0,10,
oth,block,HESIODIC_TRADITION,not_applicable,ge8,q,0.22920105687538977,0.010514081785358185,0.20832372322091786,0.24064511931428623,10,
oth,block,HOMERIC_TRADITION,not_applicable,4_7,ce_ctw_original,4.500703807100835,0.002932858406158282,4.496134867689474,4.506131337975046,10,
oth,block,HOMERIC_TRADITION,not_applicable,4_7,ce_ctw_shuffled,4.744029312637813,0.010546279278825886,4.731218575626169,4.759027796252115,10,
oth,block,HOMERIC_TRADITION,not_applicable,4_7,ce_root_original,4.756637188582444,0.001391080698884909,4.754766102514645,4.758576805262752,10,
oth,block,HOMERIC_TRADITION,not_applicable,4_7,ce_root_shuffled,4.744029312637813,0.010546279278825753,4.731218575626169,4.759027796252115,10,
oth,block,HOMERIC_TRADITION,not_applicable,4_7,g_original,0.2559333814816114,0.0025651740475691994,0.25159582739180575,0.259035930333849,10,
oth,block,HOMERIC_TRADITION,not_applicable,4_7,g_shuffled,-8.881784197001253e-17,2.808666774861361e-16,-8.881784197001252e-16,0.0,10,
oth,block,HOMERIC_TRADITION,not_applicable,4_7,q,0.2559333814816115,0.0025651740475691885,0.25159582739180575,0.259035930333849,10,
oth,block,HOMERIC_TRADITION,not_applicable,all,ce_ctw_original,4.574192484842426,0.002659079423458134,4.569708748438293,4.579080960736677,10,
oth,block,HOMERIC_TRADITION,not_applicable,all,ce_ctw_shuffled,4.7572651791951275,0.005371630501601477,4.749727933726778,4.764980275059556,10,
oth,block,HOMERIC_TRADITION,not_applicable,all,ce_root_original,4.833941611891301,0.0014008385885032656,4.832159877764575,4.836403935636918,10,
oth,block,HOMERIC_TRADITION,not_applicable,all,ce_root_shuffled,4.7572651791951275,0.005371630501601477,4.749727933726778,4.764980275059556,10,
oth,block,HOMERIC_TRADITION,not_applicable,all,g_original,0.25974912704887504,0.0021157457150678023,0.25589621569341947,0.26293576051842127,10,
oth,block,HOMERIC_TRADITION,not_applicable,all,g_shuffled,0.0,0.0,0.0,0.0,10,
oth,block,HOMERIC_TRADITION,not_applicable,all,q,0.25974912704887504,0.0021157457150678023,0.25589621569341947,0.26293576051842127,10,
oth,block,HOMERIC_TRADITION,not_applicable,ge8,ce_ctw_original,4.6303287893681695,0.0027139809751438593,4.6259101375744445,4.634805493606689,10,
oth,block,HOMERIC_TRADITION,not_applicable,ge8,ce_ctw_shuffled,4.7673757521236,0.0063310704238948865,4.758620795159756,4.776978364144257,10,
oth,block,HOMERIC_TRADITION,not_applicable,ge8,ce_root_original,4.892992676373807,0.001639391117430043,4.89114954643839,4.895854283980527,10,
oth,block,HOMERIC_TRADITION,not_applicable,ge8,ce_root_shuffled,4.7673757521236,0.0063310704238948865,4.758620795159756,4.776978364144257,10,
oth,block,HOMERIC_TRADITION,not_applicable,ge8,g_original,0.2626638870056378,0.0019161743682629354,0.2591811830475361,0.26591475077335147,10,
oth,block,HOMERIC_TRADITION,not_applicable,ge8,g_shuffled,0.0,0.0,0.0,0.0,10,
oth,block,HOMERIC_TRADITION,not_applicable,ge8,q,0.2626638870056378,0.0019161743682629354,0.2591811830475361,0.26591475077335147,10,
oth,block,PLUTARCH,not_applicable,4_7,ce_ctw_original,4.172547282042175,0.00559726528488796,4.167276154729057,4.181779423518536,10,
oth,block,PLUTARCH,not_applicable,4_7,ce_ctw_shuffled,4.589391892315692,0.034930683737864766,4.515254612207838,4.635718204183839,10,
oth,block,PLUTARCH,not_applicable,4_7,ce_root_original,4.665714429559118,0.0015693905506701654,4.663797524605737,4.668356685148512,10,
oth,block,PLUTARCH,not_applicable,4_7,ce_root_shuffled,4.589391892315692,0.034930683737864766,4.515254612207838,4.635718204183839,10,
oth,block,PLUTARCH,not_applicable,4_7,g_original,0.4931671475169438,0.004989779103813205,0.48617417731339874,0.5007247700388087,10,
oth,block,PLUTARCH,not_applicable,4_7,g_shuffled,0.0,0.0,0.0,0.0,10,
oth,block,PLUTARCH,not_applicable,4_7,q,0.4931671475169438,0.004989779103813205,0.48617417731339874,0.5007247700388087,10,
oth,block,PLUTARCH,not_applicable,all,ce_ctw_original,4.246669336725678,0.0034042201278008553,4.241874361614624,4.253058092618824,10,
oth,block,PLUTARCH,not_applicable,all,ce_ctw_shuffled,4.640866384482389,0.008257241269720265,4.629484122646889,4.655908010350126,10,
oth,block,PLUTARCH,not_applicable,all,ce_root_original,4.783989459959921,0.0022197341548838723,4.780632734273813,4.78688762967026,10,
oth,block,PLUTARCH,not_applicable,all,ce_root_shuffled,4.640866384482389,0.00825724126972033,4.629484122646889,4.655908010350126,10,
oth,block,PLUTARCH,not_applicable,all,g_original,0.5373201232342442,0.0030056906925454664,0.531755639479754,0.5413996839927613,10,
oth,block,PLUTARCH,not_applicable,all,g_shuffled,-1.7763568394002506e-16,3.7448890331484815e-16,-8.881784197001252e-16,0.0,10,
oth,block,PLUTARCH,not_applicable,all,q,0.5373201232342443,0.0030056906925454855,0.531755639479754,0.5413996839927622,10,
oth,block,PLUTARCH,not_applicable,ge8,ce_ctw_original,4.273620150923666,0.003176086141154859,4.268865942523266,4.278975050471711,10,
oth,block,PLUTARCH,not_applicable,ge8,ce_ctw_shuffled,4.659582534220064,0.012635486876322075,4.640175345576439,4.6801590558370645,10,
oth,block,PLUTARCH,not_applicable,ge8,ce_root_original,4.826994317046039,0.0027325783521110064,4.822799123978255,4.83013209890046,10,
oth,block,PLUTARCH,not_applicable,ge8,ce_root_shuffled,4.659582534220064,0.012635486876322129,4.640175345576439,4.6801590558370645,10,
oth,block,PLUTARCH,not_applicable,ge8,g_original,0.5533741661223741,0.0028576005186365127,0.5480561459738258,0.5561938752591065,10,
oth,block,PLUTARCH,not_applicable,ge8,g_shuffled,-8.881784197001253e-17,2.808666774861361e-16,-8.881784197001252e-16,0.0,10,
oth,block,PLUTARCH,not_applicable,ge8,q,0.5533741661223742,0.0028576005186366094,0.5480561459738258,0.5561938752591065,10,
oth,block,THUCYDIDES,not_applicable,4_7,ce_ctw_original,4.22712845280226,0.004699944048895679,4.219738183528249,4.234507731155116,10,
oth,block,THUCYDIDES,not_applicable,4_7,ce_ctw_shuffled,4.5996654696279435,0.007170160101604963,4.590181928388938,4.611866267804251,10,
oth,block,THUCYDIDES,not_applicable,4_7,ce_root_original,4.652314269901212,0.0013463893781724102,4.649871191864605,4.654479247505586,10,
oth,block,THUCYDIDES,not_applicable,4_7,ce_root_shuffled,4.5996654696279435,0.007170160101605151,4.590181928388938,4.611866267804251,10,
oth,block,THUCYDIDES,not_applicable,4_7,g_original,0.4251858170989526,0.004353248416467271,0.41668799007553226,0.43144136951122825,10,
oth,block,THUCYDIDES,not_applicable,4_7,g_shuffled,-1.7763568394002506e-16,3.7448890331484815e-16,-8.881784197001252e-16,0.0,10,
oth,block,THUCYDIDES,not_applicable,4_7,q,0.42518581709895276,0.004353248416467503,0.41668799007553226,0.43144136951122913,10,
oth,block,THUCYDIDES,not_applicable,all,ce_ctw_original,4.333792610924118,0.002929218030973092,4.329473570068821,4.339366960645908,10,
oth,block,THUCYDIDES,not_applicable,all,ce_ctw_shuffled,4.621970546262015,0.008214437672192914,4.6106521778719785,4.636174203205026,10,
oth,block,THUCYDIDES,not_applicable,all,ce_root_original,4.758062301998201,0.0011526824924302655,4.756444243556523,4.7595788901394585,10,
oth,block,THUCYDIDES,not_applicable,all,ce_root_shuffled,4.621970546262015,0.008214437672192845,4.6106521778719785,4.636174203205026,10,
oth,block,THUCYDIDES,not_applicable,all,g_original,0.4242696910740834,0.002831239414624583,0.4197367344310141,0.42797613990463557,10,
oth,block,THUCYDIDES,not_applicable,all,g_shuffled,-1.7763568394002506e-16,3.7448890331484815e-16,-8.881784197001252e-16,0.0,10,
oth,block,THUCYDIDES,not_applicable,all,q,0.42426969107408363,0.0028312394146245163,0.4197367344310141,0.42797613990463557,10,
oth,block,THUCYDIDES,not_applicable,ge8,ce_ctw_original,4.374269665588973,0.003076767383354793,4.370422226991018,4.379400410585337,10,
oth,block,THUCYDIDES,not_applicable,ge8,ce_ctw_shuffled,4.63043490600683,0.012359073383962712,4.6126212924268195,4.648519205449501,10,
oth,block,THUCYDIDES,not_applicable,ge8,ce_root_original,4.798191703957203,0.0013839923222508602,4.796209256231445,4.800140493302511,10,
oth,block,THUCYDIDES,not_applicable,ge8,ce_root_shuffled,4.63043490600683,0.012359073383962738,4.612621292426819,4.648519205449501,10,
oth,block,THUCYDIDES,not_applicable,ge8,g_original,0.4239220383682308,0.002929164973829266,0.4196976717827754,0.4277851596983391,10,
oth,block,THUCYDIDES,not_applicable,ge8,g_shuffled,-2.6645352591003756e-16,4.2903093659032255e-16,-8.881784197001252e-16,0.0,10,
oth,block,THUCYDIDES,not_applicable,ge8,q,0.42392203836823106,0.0029291649738289894,0.4196976717827763,0.4277851596983391,10,
oth,block_difference,ATHENAEUS,not_applicable,4_7,ce_ctw_original,0.04123393378803959,0.0012619823432217113,0.039543589703345816,0.04426473909938888,10,
oth,block_difference,ATHENAEUS,not_applicable,4_7,ce_ctw_shuffled,0.029306580660933966,0.006402841201047719,0.01917494189372615,0.03811424118857243,10,
oth,block_difference,ATHENAEUS,not_applicable,4_7,ce_root_original,0.029213168382256783,0.00023192493133710756,0.028867713881141732,0.029588546014960748,10,
oth,block_difference,ATHENAEUS,not_applicable,4_7,ce_root_shuffled,0.029306580660933702,0.006402841201047701,0.01917494189372615,0.03811424118857243,10,
oth,block_difference,ATHENAEUS,not_applicable,4_7,g_original,-0.012020765405782808,0.0012238239179231552,-0.014877799897461408,-0.010257141025298289,10,
oth,block_difference,ATHENAEUS,not_applicable,4_7,g_shuffled,-2.6645352591003756e-16,4.2903093659032255e-16,-8.881784197001252e-16,0.0,10,
oth,block_difference,ATHENAEUS,not_applicable,4_7,q,-0.01202076540578254,0.0012238239179229958,-0.01487779989746052,-0.010257141025298289,10,
oth,block_difference,ATHENAEUS,not_applicable,all,ce_ctw_original,0.027667019512771417,0.0007427128024628267,0.026990111984883214,0.02940295119019254,10,
oth,block_difference,ATHENAEUS,not_applicable,all,ce_ctw_shuffled,0.023000125726728892,0.0015712570084775064,0.02055268049991099,0.02617073020363847,10,
oth,block_difference,ATHENAEUS,not_applicable,all,ce_root_original,0.020813932661116752,0.00017012444351993824,0.020556344582006503,0.021101352505766613,10,
oth,block_difference,ATHENAEUS,not_applicable,all,ce_root_shuffled,0.023000125726728805,0.0015712570084774672,0.02055268049991099,0.02617073020363847,10,
oth,block_difference,ATHENAEUS,not_applicable,all,g_original,-0.0068530868516546665,0.0006814416184232553,-0.008415845258140209,-0.006225803270230479,10,
oth,block_difference,ATHENAEUS,not_applicable,all,g_shuffled,-8.881784197001253e-17,2.808666774861361e-16,-8.881784197001252e-16,0.0,10,
oth,block_difference,ATHENAEUS,not_applicable,all,q,-0.006853086851654577,0.000681441618423322,-0.008415845258140209,-0.006225803270230479,10,
oth,block_difference,ATHENAEUS,not_applicable,ge8,ce_ctw_original,0.020647347766350244,0.0005688881287766389,0.01987472360358833,0.021732222073978846,10,
oth,block_difference,ATHENAEUS,not_applicable,ge8,ce_ctw_shuffled,0.019739865934315405,0.003492939952149445,0.014578530501043296,0.02663485674950561,10,
oth,block_difference,ATHENAEUS,not_applicable,ge8,ce_root_original,0.016388843301326794,0.00017249143943072066,0.016053995923337006,0.016632635698321074,10,
oth,block_difference,ATHENAEUS,not_applicable,ge8,ce_root_shuffled,0.019739865934315138,0.0034929399521495706,0.014578530501043296,0.02663485674950561,10,
oth,block_difference,ATHENAEUS,not_applicable,ge8,g_original,-0.004258504465023449,0.0004790501240871936,-0.005170653360740296,-0.003592745264537456,10,
oth,block_difference,ATHENAEUS,not_applicable,ge8,g_shuffled,-2.6645352591003756e-16,4.2903093659032255e-16,-8.881784197001252e-16,0.0,10,
oth,block_difference,ATHENAEUS,not_applicable,ge8,q,-0.004258504465023183,0.00047905012408731905,-0.005170653360740296,-0.003592745264537456,10,
oth,block_difference,DIODORUS,not_applicable,4_7,ce_ctw_original,0.017613674813486524,0.011277751654329716,0.005954745708506959,0.034277061357866234,10,
oth,block_difference,DIODORUS,not_applicable,4_7,ce_ctw_shuffled,0.004125654493185316,0.0002791485462816686,0.0036995904363088528,0.004524767845836664,10,
oth,block_difference,DIODORUS,not_applicable,4_7,ce_root_original,0.004103328241821469,0.00030396936116329216,0.003709876596594164,0.004613861604634728,10,
oth,block_difference,DIODORUS,not_applicable,4_7,ce_root_shuffled,0.0041256544931850495,0.00027914854628139453,0.0036995904363088528,0.004524767845835775,10,
oth,block_difference,DIODORUS,not_applicable,4_7,g_original,-0.013510346571665055,0.011252327508971198,-0.030243145751110756,-0.0016172296945309306,10,
oth,block_difference,DIODORUS,not_applicable,4_7,g_shuffled,-2.6645352591003756e-16,4.2903093659032255e-16,-8.881784197001252e-16,0.0,10,
oth,block_difference,DIODORUS,not_applicable,4_7,q,-0.013510346571664788,0.011252327508971129,-0.030243145751110756,-0.0016172296945309306,10,
oth,block_difference,DIODORUS,not_applicable,all,ce_ctw_original,0.031847104805395966,0.025470088081074756,0.006693854823370593,0.0577328310885834,10,
oth,block_difference,DIODORUS,not_applicable,all,ce_ctw_shuffled,0.004130994930624343,0.0002815844229416353,0.003787520047549009,0.004642838973985874,10,
oth,block_difference,DIODORUS,not_applicable,all,ce_root_original,0.004115692540346938,0.00030181189702689127,0.0037407612963633596,0.004654979516930169,10,
oth,block_difference,DIODORUS,not_applicable,all,ce_root_shuffled,0.0041309949306242546,0.0002815844229416057,0.003787520047549009,0.004642838973985874,10,
oth,block_difference,DIODORUS,not_applicable,all,g_original,-0.02773141226504903,0.025441124836034754,-0.05336014132867284,-0.0024025538501835086,10,
oth,block_difference,DIODORUS,not_applicable,all,g_shuffled,-8.881784197001253e-17,2.808666774861361e-16,-8.881784197001252e-16,0.0,10,
oth,block_difference,DIODORUS,not_applicable,all,q,-0.027731412265048938,0.025441124836034664,-0.05336014132867284,-0.0024025538501835086,10,
oth,block_difference,DIODORUS,not_applicable,ge8,ce_ctw_original,0.036218499476501534,0.02995439334761429,0.006920851242920634,0.06684247330462512,10,
oth,block_difference,DIODORUS,not_applicable,ge8,ce_ctw_shuffled,0.004132635094644943,0.00028563924384049995,0.0038145251358683296,0.004679101175064204,10,
oth,block_difference,DIODORUS,not_applicable,ge8,ce_root_original,0.004119489884256122,0.0003069435135989729,0.0037502466566783355,0.004667607718480404,10,
oth,block_difference,DIODORUS,not_applicable,ge8,ce_root_shuffled,0.004132635094644943,0.00028563924384049995,0.0038145251358683296,0.004679101175064204,10,
oth,block_difference,DIODORUS,not_applicable,ge8,g_original,-0.03209900959224541,0.0299215724021663,-0.06241418432435086,-0.0026437439098572213,10,
oth,block_difference,DIODORUS,not_applicable,ge8,g_shuffled,0.0,0.0,0.0,0.0,10,
oth,block_difference,DIODORUS,not_applicable,ge8,q,-0.03209900959224541,0.0299215724021663,-0.06241418432435086,-0.0026437439098572213,10,
oth,block_difference,HERODOTUS,not_applicable,4_7,ce_ctw_original,0.01629320347474996,0.0006390146406819938,0.015035311912937388,0.017061952890577103,10,
oth,block_difference,HERODOTUS,not_applicable,4_7,ce_ctw_shuffled,0.018384638348297243,0.007181040686541756,0.008446065533530778,0.03183830688238487,10,
oth,block_difference,HERODOTUS,not_applicable,4_7,ce_root_original,0.011136334092676137,0.0002708437235182088,0.010849615599731521,0.01160480126002117,10,
oth,block_difference,HERODOTUS,not_applicable,4_7,ce_root_shuffled,0.018384638348297157,0.007181040686541892,0.00844606553352989,0.03183830688238487,10,
oth,block_difference,HERODOTUS,not_applicable,4_7,g_original,-0.005156869382073825,0.0006353113135256291,-0.005907922944400568,-0.003735515975516357,10,
oth,block_difference,HERODOTUS,not_applicable,4_7,g_shuffled,-8.881784197001253e-17,2.808666774861361e-16,-8.881784197001252e-16,0.0,10,
oth,block_difference,HERODOTUS,not_applicable,4_7,q,-0.005156869382073737,0.0006353113135255197,-0.005907922944400568,-0.003735515975516357,10,
oth,block_difference,HERODOTUS,not_applicable,all,ce_ctw_original,0.015911832102013967,0.0004990538839546029,0.015085457090891374,0.01676294862689698,10,
oth,block_difference,HERODOTUS,not_applicable,all,ce_ctw_shuffled,0.01509613126582945,0.0016318525418535315,0.013293992856995729,0.018989870772913697,10,
oth,block_difference,HERODOTUS,not_applicable,all,ce_root_original,0.009562697484539574,0.0002305015301419082,0.009317206781950915,0.010039993258807556,10,
oth,block_difference,HERODOTUS,not_applicable,all,ce_root_shuffled,0.01509613126582945,0.0016318525418535315,0.013293992856995729,0.018989870772913697,10,
oth,block_difference,HERODOTUS,not_applicable,all,g_original,-0.006349134617474395,0.0005282372163838608,-0.007278288279329637,-0.005303203874356122,10,
oth,block_difference,HERODOTUS,not_applicable,all,g_shuffled,0.0,0.0,0.0,0.0,10,
oth,block_difference,HERODOTUS,not_applicable,all,q,-0.006349134617474395,0.0005282372163838608,-0.007278288279329637,-0.005303203874356122,10,
oth,block_difference,HERODOTUS,not_applicable,ge8,ce_ctw_original,0.01563219931102955,0.0006039084847865474,0.014998216224356042,0.016784075654794783,10,
oth,block_difference,HERODOTUS,not_applicable,ge8,ce_ctw_shuffled,0.013613541361732918,0.0032825328658322574,0.008126113626616416,0.01922958037963962,10,
oth,block_difference,HERODOTUS,not_applicable,ge8,ce_root_original,0.008732538066822748,0.00022524527253453753,0.008485313807517159,0.00921344200605656,10,
oth,block_difference,HERODOTUS,not_applicable,ge8,ce_root_shuffled,0.013613541361732828,0.003282532865832283,0.008126113626616416,0.01922958037963962,10,
oth,block_difference,HERODOTUS,not_applicable,ge8,g_original,-0.0068996612442068,0.0006368867368405276,-0.008298761847277625,-0.006020564848730814,10,
oth,block_difference,HERODOTUS,not_applicable,ge8,g_shuffled,-8.881784197001253e-17,2.808666774861361e-16,-8.881784197001252e-16,0.0,10,
oth,block_difference,HERODOTUS,not_applicable,ge8,q,-0.006899661244206712,0.0006368867368406004,-0.008298761847277625,-0.006020564848730814,10,
oth,block_difference,HESIODIC_TRADITION,not_applicable,4_7,ce_ctw_original,0.021071792591835604,0.001049417171674221,0.019601079162271162,0.022767306301592072,10,
oth,block_difference,HESIODIC_TRADITION,not_applicable,4_7,ce_ctw_shuffled,0.01759865635050577,0.0054651413052592464,0.009904682902661222,0.026174250931198628,10,
oth,block_difference,HESIODIC_TRADITION,not_applicable,4_7,ce_root_original,0.015806292210100457,0.00039589117623351665,0.015193288529359528,0.016732681390766224,10,
oth,block_difference,HESIODIC_TRADITION,not_applicable,4_7,ce_root_shuffled,0.017598656350505594,0.005465141305259262,0.009904682902661222,0.026174250931198628,10,
oth,block_difference,HESIODIC_TRADITION,not_applicable,4_7,g_original,-0.005265500381735145,0.000839025218285412,-0.0067622354664100826,-0.003980119902567303,10,
oth,block_difference,HESIODIC_TRADITION,not_applicable,4_7,g_shuffled,-1.7763568394002506e-16,3.7448890331484815e-16,-8.881784197001252e-16,0.0,10,
oth,block_difference,HESIODIC_TRADITION,not_applicable,4_7,q,-0.005265500381734967,0.0008390252182853194,-0.0067622354664100826,-0.003980119902567303,10,
oth,block_difference,HESIODIC_TRADITION,not_applicable,all,ce_ctw_original,0.015475164352732574,0.0008433809232475018,0.014411429004674403,0.017022898972237854,10,
oth,block_difference,HESIODIC_TRADITION,not_applicable,all,ce_ctw_shuffled,0.015673854150249956,0.002681130438738551,0.009816277563555964,0.019998371013069338,10,
oth,block_difference,HESIODIC_TRADITION,not_applicable,all,ce_root_original,0.011416853188880704,0.0002763629841682612,0.011145080981018296,0.012024472061622049,10,
oth,block_difference,HESIODIC_TRADITION,not_applicable,all,ce_root_shuffled,0.015673854150249956,0.002681130438738551,0.009816277563555964,0.019998371013069338,10,
oth,block_difference,HESIODIC_TRADITION,not_applicable,all,g_original,-0.004058311163851869,0.0006750896623037703,-0.004998426910615805,-0.0029730148172513182,10,
oth,block_difference,HESIODIC_TRADITION,not_applicable,all,g_shuffled,0.0,0.0,0.0,0.0,10,
oth,block_difference,HESIODIC_TRADITION,not_applicable,all,q,-0.004058311163851869,0.0006750896623037703,-0.004998426910615805,-0.0029730148172513182,10,
oth,block_difference,HESIODIC_TRADITION,not_applicable,ge8,ce_ctw_original,0.011926707485787346,0.0011621267934110464,0.010282235875473944,0.013906440831912725,10,
oth,block_difference,HESIODIC_TRADITION,not_applicable,ge8,ce_ctw_shuffled,0.014466933446456309,0.00456992589306498,0.007350727362426923,0.02193072285578701,10,
oth,block_difference,HESIODIC_TRADITION,not_applicable,ge8,ce_root_original,0.008652322156742897,0.00032800767515863484,0.008135717953517307,0.00906796435517343,10,
oth,block_difference,HESIODIC_TRADITION,not_applicable,ge8,ce_root_shuffled,0.014466933446456309,0.00456992589306498,0.007350727362426923,0.02193072285578701,10,
oth,block_difference,HESIODIC_TRADITION,not_applicable,ge8,g_original,-0.003274385329044449,0.0010218833937489116,-0.005114891518503306,-0.0016377924565134094,10,
oth,block_difference,HESIODIC_TRADITION,not_applicable,ge8,g_shuffled,0.0,0.0,0.0,0.0,10,
oth,block_difference,HESIODIC_TRADITION,not_applicable,ge8,q,-0.003274385329044449,0.0010218833937489116,-0.005114891518503306,-0.0016377924565134094,10,
oth,block_difference,HOMERIC_TRADITION,not_applicable,4_7,ce_ctw_original,0.023818429455426136,0.0009063335115282929,0.022468908878344074,0.025099709580270968,10,
oth,block_difference,HOMERIC_TRADITION,not_applicable,4_7,ce_ctw_shuffled,0.032676882741791057,0.0031696033858281797,0.028644650646795,0.03907236797996916,10,
oth,block_difference,HOMERIC_TRADITION,not_applicable,4_7,ce_root_original,0.022515104936762943,0.00021976444563309147,0.022271371224253045,0.022957127271287625,10,
oth,block_difference,HOMERIC_TRADITION,not_applicable,4_7,ce_root_shuffled,0.03267688274179088,0.003169603385828062,0.028644650646795,0.03907236797996827,10,
oth,block_difference,HOMERIC_TRADITION,not_applicable,4_7,g_original,-0.001303324518663196,0.001049268715684494,-0.0027806273898152156,9.189386875796401e-05,10,
oth,block_difference,HOMERIC_TRADITION,not_applicable,4_7,g_shuffled,-1.7763568394002506e-16,3.7448890331484815e-16,-8.881784197001252e-16,0.0,10,
oth,block_difference,HOMERIC_TRADITION,not_applicable,4_7,q,-0.0013033245186630182,0.0010492687156846894,-0.0027806273898152156,9.189386875796401e-05,10,
oth,block_difference,HOMERIC_TRADITION,not_applicable,all,ce_ctw_original,0.01932624795471751,0.000704535307376673,0.018522275669332622,0.020666418876643,10,
oth,block_difference,HOMERIC_TRADITION,not_applicable,all,ce_ctw_shuffled,0.03203915090744065,0.001841459862528613,0.02886983657513209,0.03493389495900878,10,
oth,block_difference,HOMERIC_TRADITION,not_applicable,all,ce_root_original,0.016192655245030618,0.00016286315690295508,0.01590808194882687,0.016494212745929993,10,
oth,block_difference,HOMERIC_TRADITION,not_applicable,all,ce_root_shuffled,0.03203915090744065,0.001841459862528613,0.02886983657513209,0.03493389495900878,10,
oth,block_difference,HOMERIC_TRADITION,not_applicable,all,g_original,-0.0031335927096868945,0.0008304575412437098,-0.004758336927816131,-0.0020280629234026293,10,
oth,block_difference,HOMERIC_TRADITION,not_applicable,all,g_shuffled,0.0,0.0,0.0,0.0,10,
oth,block_difference,HOMERIC_TRADITION,not_applicable,all,q,-0.0031335927096868945,0.0008304575412437098,-0.004758336927816131,-0.0020280629234026293,10,
oth,block_difference,HOMERIC_TRADITION,not_applicable,ge8,ce_ctw_original,0.01565841608356111,0.0006725558155376447,0.014935591225382794,0.0170453846853027,10,
oth,block_difference,HOMERIC_TRADITION,not_applicable,ge8,ce_ctw_shuffled,0.03150995173552103,0.0022386853713803425,0.027807840266214967,0.034183363704504366,10,
oth,block_difference,HOMERIC_TRADITION,not_applicable,ge8,ce_root_original,0.011109610819686911,0.000207815991697667,0.010757292330120904,0.011455817001550628,10,
oth,block_difference,HOMERIC_TRADITION,not_applicable,ge8,ce_root_shuffled,0.03150995173552103,0.0022386853713803425,0.027807840266214967,0.034183363704504366,10,
oth,block_difference,HOMERIC_TRADITION,not_applicable,ge8,g_original,-0.004548805263874201,0.0007689266921708161,-0.006288092355181796,-0.003615392803924422,10,
oth,block_difference,HOMERIC_TRADITION,not_applicable,ge8,g_shuffled,0.0,0.0,0.0,0.0,10,
oth,block_difference,HOMERIC_TRADITION,not_applicable,ge8,q,-0.004548805263874201,0.0007689266921708161,-0.006288092355181796,-0.003615392803924422,10,
oth,block_difference,PLUTARCH,not_applicable,4_7,ce_ctw_original,0.011118801521457389,0.00039782611382334896,0.010539099042672362,0.011991575979958924,10,
oth,block_difference,PLUTARCH,not_applicable,4_7,ce_ctw_shuffled,0.003682614510018123,0.009244603733701392,-0.010165920512932303,0.02191926251425258,10,
oth,block_difference,PLUTARCH,not_applicable,4_7,ce_root_original,0.006776302531849599,0.00018647269500438624,0.006424510483157064,0.007030505318081026,10,
oth,block_difference,PLUTARCH,not_applicable,4_7,ce_root_shuffled,0.003682614510018034,0.0092446037337013,-0.010165920512932303,0.02191926251425258,10,
oth,block_difference,PLUTARCH,not_applicable,4_7,g_original,-0.00434249898960779,0.0003566870776798222,-0.005140286299734953,-0.003865427726391424,10,
oth,block_difference,PLUTARCH,not_applicable,4_7,g_shuffled,-8.881784197001253e-17,2.808666774861361e-16,-8.881784197001252e-16,0.0,10,
oth,block_difference,PLUTARCH,not_applicable,4_7,q,-0.0043424989896077015,0.0003566870776798709,-0.005140286299734953,-0.003865427726391424,10,
oth,block_difference,PLUTARCH,not_applicable,all,ce_ctw_original,0.010975806207728044,0.00037833226949465933,0.010634549452015918,0.011853799327616876,10,
oth,block_difference,PLUTARCH,not_applicable,all,ce_ctw_shuffled,0.005760568154561252,0.002627287319960251,0.0017036950508337867,0.009007563351260295,10,
oth,block_difference,PLUTARCH,not_applicable,all,ce_root_original,0.006550733308315948,0.00022378359834952284,0.006100445046298475,0.006870307057344149,10,
oth,block_difference,PLUTARCH,not_applicable,all,ce_root_shuffled,0.005760568154561075,0.0026272873199601155,0.0017036950508337867,0.009007563351260295,10,
oth,block_difference,PLUTARCH,not_applicable,all,g_original,-0.004425072899412097,0.0003764550357917467,-0.005075423080650232,-0.0037820396672660905,10,
oth,block_difference,PLUTARCH,not_applicable,all,g_shuffled,-1.7763568394002506e-16,3.7448890331484815e-16,-8.881784197001252e-16,0.0,10,
oth,block_difference,PLUTARCH,not_applicable,all,q,-0.0044250728994119195,0.000376455035791876,-0.005075423080650232,-0.0037820396672652024,10,
oth,block_difference,PLUTARCH,not_applicable,ge8,ce_ctw_original,0.010926483674852338,0.0004914972383196509,0.010459667736586908,0.012084739814242518,10,
oth,block_difference,PLUTARCH,not_applicable,ge8,ce_ctw_shuffled,0.00651788942340259,0.004347969922721594,-0.0006364216319374449,0.011202362819615175,10,
oth,block_difference,PLUTARCH,not_applicable,ge8,ce_root_original,0.00647297760866552,0.0002499647177016787,0.005986796692743823,0.00681631835985641,10,
oth,block_difference,PLUTARCH,not_applicable,ge8,ce_root_shuffled,0.006517889423402412,0.004347969922721478,-0.0006364216319374449,0.011202362819614287,10,
oth,block_difference,PLUTARCH,not_applicable,ge8,g_original,-0.0044535060661868185,0.0005032688303570558,-0.005387436679684221,-0.0036912343663448866,10,
oth,block_difference,PLUTARCH,not_applicable,ge8,g_shuffled,-1.7763568394002506e-16,3.7448890331484815e-16,-8.881784197001252e-16,0.0,10,
oth,block_difference,PLUTARCH,not_applicable,ge8,q,-0.004453506066186641,0.0005032688303570221,-0.005387436679683333,-0.0036912343663439984,10,
oth,block_difference,THUCYDIDES,not_applicable,4_7,ce_ctw_original,0.011277896667431887,0.001028797808114029,0.009130975288440979,0.01241944299424702,10,
oth,block_difference,THUCYDIDES,not_applicable,4_7,ce_ctw_shuffled,0.004974370892153956,0.00264925315727362,0.0009415516675419511,0.008737035610621113,10,
oth,block_difference,THUCYDIDES,not_applicable,4_7,ce_root_original,0.004062002398593556,0.0002986758609674335,0.0037358214254492594,0.004674319353406453,10,
oth,block_difference,THUCYDIDES,not_applicable,4_7,ce_root_shuffled,0.00497437089215369,0.0026492531572733665,0.0009415516675419511,0.008737035610620225,10,
oth,block_difference,THUCYDIDES,not_applicable,4_7,g_original,-0.00721589426883833,0.0010593330003924512,-0.00850188936313323,-0.005163126504040605,10,
oth,block_difference,THUCYDIDES,not_applicable,4_7,g_shuffled,-2.6645352591003756e-16,5.994747433662376e-16,-1.7763568394002505e-15,0.0,10,
oth,block_difference,THUCYDIDES,not_applicable,4_7,q,-0.007215894268838063,0.001059333000392714,-0.008501889363132342,-0.0051631265040388286,10,
oth,block_difference,THUCYDIDES,not_applicable,all,ce_ctw_original,0.009313560191899484,0.0003983760295037006,0.008705742603953404,0.00994007544812714,10,
oth,block_difference,THUCYDIDES,not_applicable,all,ce_ctw_shuffled,0.007076883328841888,0.001716099138707584,0.004622717931081155,0.009427551848565585,10,
oth,block_difference,THUCYDIDES,not_applicable,all,ce_root_original,0.004457988550305636,0.0002525074221269288,0.004088656741743968,0.004849536285206568,10,
oth,block_difference,THUCYDIDES,not_applicable,all,ce_root_shuffled,0.00707688332884171,0.0017160991387075368,0.004622717931081155,0.009427551848565585,10,
oth,block_difference,THUCYDIDES,not_applicable,all,g_original,-0.004855571641593848,0.00046514892944532303,-0.0056869763457552125,-0.004098532883828554,10,
oth,block_difference,THUCYDIDES,not_applicable,all,g_shuffled,-1.7763568394002506e-16,3.7448890331484815e-16,-8.881784197001252e-16,0.0,10,
oth,block_difference,THUCYDIDES,not_applicable,all,q,-0.00485557164159367,0.0004651489294451096,-0.005686976345754324,-0.004098532883828554,10,
oth,block_difference,THUCYDIDES,not_applicable,ge8,ce_ctw_original,0.008541650413415081,0.0003353054079284417,0.00801480070735483,0.009143672786403378,10,
oth,block_difference,THUCYDIDES,not_applicable,ge8,ce_ctw_shuffled,0.007869822648188408,0.0022427509412890115,0.004693475867992625,0.011110825774271582,10,
oth,block_difference,THUCYDIDES,not_applicable,ge8,ce_root_original,0.004582575811874623,0.00026458755104062935,0.004197322443491913,0.004973196844630046,10,
oth,block_difference,THUCYDIDES,not_applicable,ge8,ce_root_shuffled,0.007869822648188052,0.0022427509412892717,0.0046934758679917365,0.011110825774271582,10,
oth,block_difference,THUCYDIDES,not_applicable,ge8,g_original,-0.003959074601540458,0.00034976516178127255,-0.004616493318339465,-0.003543343012704092,10,
oth,block_difference,THUCYDIDES,not_applicable,ge8,g_shuffled,-3.552713678800501e-16,4.586533637279209e-16,-8.881784197001252e-16,0.0,10,
oth,block_difference,THUCYDIDES,not_applicable,ge8,q,-0.003959074601540102,0.00034976516178107143,-0.004616493318338577,-0.003543343012703204,10,
oth,document,tlg0003.tlg001.perseus-grc1.1.tb.xml,not_applicable,4_7,ce_ctw_original,4.22712845280226,0.004699944048895679,4.219738183528249,4.234507731155116,10,
oth,document,tlg0003.tlg001.perseus-grc1.1.tb.xml,not_applicable,4_7,ce_ctw_shuffled,4.5996654696279435,0.007170160101604963,4.590181928388938,4.611866267804251,10,
oth,document,tlg0003.tlg001.perseus-grc1.1.tb.xml,not_applicable,4_7,ce_root_original,4.652314269901212,0.0013463893781724102,4.649871191864605,4.654479247505586,10,
oth,document,tlg0003.tlg001.perseus-grc1.1.tb.xml,not_applicable,4_7,ce_root_shuffled,4.5996654696279435,0.007170160101605151,4.590181928388938,4.611866267804251,10,
oth,document,tlg0003.tlg001.perseus-grc1.1.tb.xml,not_applicable,4_7,g_original,0.4251858170989526,0.004353248416467271,0.41668799007553226,0.43144136951122825,10,
oth,document,tlg0003.tlg001.perseus-grc1.1.tb.xml,not_applicable,4_7,g_shuffled,-1.7763568394002506e-16,3.7448890331484815e-16,-8.881784197001252e-16,0.0,10,
oth,document,tlg0003.tlg001.perseus-grc1.1.tb.xml,not_applicable,4_7,q,0.42518581709895276,0.004353248416467503,0.41668799007553226,0.43144136951122913,10,
oth,document,tlg0003.tlg001.perseus-grc1.1.tb.xml,not_applicable,all,ce_ctw_original,4.333792610924118,0.002929218030973092,4.329473570068821,4.339366960645908,10,
oth,document,tlg0003.tlg001.perseus-grc1.1.tb.xml,not_applicable,all,ce_ctw_shuffled,4.621970546262015,0.008214437672192914,4.6106521778719785,4.636174203205026,10,
oth,document,tlg0003.tlg001.perseus-grc1.1.tb.xml,not_applicable,all,ce_root_original,4.758062301998201,0.0011526824924302655,4.756444243556523,4.7595788901394585,10,
oth,document,tlg0003.tlg001.perseus-grc1.1.tb.xml,not_applicable,all,ce_root_shuffled,4.621970546262015,0.008214437672192845,4.6106521778719785,4.636174203205026,10,
oth,document,tlg0003.tlg001.perseus-grc1.1.tb.xml,not_applicable,all,g_original,0.4242696910740834,0.002831239414624583,0.4197367344310141,0.42797613990463557,10,
oth,document,tlg0003.tlg001.perseus-grc1.1.tb.xml,not_applicable,all,g_shuffled,-1.7763568394002506e-16,3.7448890331484815e-16,-8.881784197001252e-16,0.0,10,
oth,document,tlg0003.tlg001.perseus-grc1.1.tb.xml,not_applicable,all,q,0.42426969107408363,0.0028312394146245163,0.4197367344310141,0.42797613990463557,10,
oth,document,tlg0003.tlg001.perseus-grc1.1.tb.xml,not_applicable,ge8,ce_ctw_original,4.374269665588973,0.003076767383354793,4.370422226991018,4.379400410585337,10,
oth,document,tlg0003.tlg001.perseus-grc1.1.tb.xml,not_applicable,ge8,ce_ctw_shuffled,4.63043490600683,0.012359073383962712,4.6126212924268195,4.648519205449501,10,
oth,document,tlg0003.tlg001.perseus-grc1.1.tb.xml,not_applicable,ge8,ce_root_original,4.798191703957203,0.0013839923222508602,4.796209256231445,4.800140493302511,10,
oth,document,tlg0003.tlg001.perseus-grc1.1.tb.xml,not_applicable,ge8,ce_root_shuffled,4.63043490600683,0.012359073383962738,4.612621292426819,4.648519205449501,10,
oth,document,tlg0003.tlg001.perseus-grc1.1.tb.xml,not_applicable,ge8,g_original,0.4239220383682308,0.002929164973829266,0.4196976717827754,0.4277851596983391,10,
oth,document,tlg0003.tlg001.perseus-grc1.1.tb.xml,not_applicable,ge8,g_shuffled,-2.6645352591003756e-16,4.2903093659032255e-16,-8.881784197001252e-16,0.0,10,
oth,document,tlg0003.tlg001.perseus-grc1.1.tb.xml,not_applicable,ge8,q,0.42392203836823106,0.0029291649738289894,0.4196976717827763,0.4277851596983391,10,
oth,document,tlg0007.tlg004.perseus-grc1.tb.xml,not_applicable,4_7,ce_ctw_original,4.197708906581269,0.006746787456923946,4.186090048418616,4.205982848966877,10,
oth,document,tlg0007.tlg004.perseus-grc1.tb.xml,not_applicable,4_7,ce_ctw_shuffled,4.646129909554312,0.05570721454223234,4.5485027028736145,4.716332571059502,10,
oth,document,tlg0007.tlg004.perseus-grc1.tb.xml,not_applicable,4_7,ce_root_original,4.71210499344525,0.002475706186403502,4.708308867901962,4.714920629576441,10,
oth,document,tlg0007.tlg004.perseus-grc1.tb.xml,not_applicable,4_7,ce_root_shuffled,4.646129909554312,0.05570721454223234,4.5485027028736145,4.716332571059502,10,
oth,document,tlg0007.tlg004.perseus-grc1.tb.xml,not_applicable,4_7,g_original,0.5143960868639815,0.005958099054126247,0.5078373610731886,0.5258874117500705,10,
oth,document,tlg0007.tlg004.perseus-grc1.tb.xml,not_applicable,4_7,g_shuffled,0.0,0.0,0.0,0.0,10,
oth,document,tlg0007.tlg004.perseus-grc1.tb.xml,not_applicable,4_7,q,0.5143960868639815,0.005958099054126247,0.5078373610731886,0.5258874117500705,10,
oth,document,tlg0007.tlg004.perseus-grc1.tb.xml,not_applicable,all,ce_ctw_original,4.3291921363726775,0.004115727436687127,4.324433098771717,4.338178716359639,10,
oth,document,tlg0007.tlg004.perseus-grc1.tb.xml,not_applicable,all,ce_ctw_shuffled,4.705976045106568,0.012230203429030572,4.688085543341752,4.727816295710937,10,
oth,document,tlg0007.tlg004.perseus-grc1.tb.xml,not_applicable,all,ce_root_original,4.875888483117812,0.0027933172098610353,4.871731742042178,4.8802363134212206,10,
oth,document,tlg0007.tlg004.perseus-grc1.tb.xml,not_applicable,all,ce_root_shuffled,4.705976045106568,0.012230203429030572,4.688085543341752,4.727816295710937,10,
oth,document,tlg0007.tlg004.perseus-grc1.tb.xml,not_applicable,all,g_original,0.5466963467451349,0.0028559541119662483,0.5411136959681224,0.5503527845189433,10,
oth,document,tlg0007.tlg004.perseus-grc1.tb.xml,not_applicable,all,g_shuffled,0.0,0.0,0.0,0.0,10,
oth,document,tlg0007.tlg004.perseus-grc1.tb.xml,not_applicable,all,q,0.5466963467451349,0.0028559541119662483,0.5411136959681224,0.5503527845189433,10,
oth,document,tlg0007.tlg004.perseus-grc1.tb.xml,not_applicable,ge8,ce_ctw_original,4.376548601089459,0.004497695923514842,4.36984209959179,4.385791852573446,10,
oth,document,tlg0007.tlg004.perseus-grc1.tb.xml,not_applicable,ge8,ce_ctw_shuffled,4.727530895951138,0.02130291453604845,4.677911779177366,4.7564526527374476,10,
oth,document,tlg0007.tlg004.perseus-grc1.tb.xml,not_applicable,ge8,ce_root_original,4.934878569246475,0.0035069389255653624,4.929831781016849,4.939778251671033,10,
oth,document,tlg0007.tlg004.perseus-grc1.tb.xml,not_applicable,ge8,ce_root_shuffled,4.727530895951138,0.021302914536048496,4.677911779177366,4.7564526527374476,10,
oth,document,tlg0007.tlg004.perseus-grc1.tb.xml,not_applicable,ge8,g_original,0.5583299681570169,0.003107951573672115,0.5530988714300875,0.5632024594882514,10,
oth,document,tlg0007.tlg004.perseus-grc1.tb.xml,not_applicable,ge8,g_shuffled,-8.881784197001253e-17,2.808666774861361e-16,-8.881784197001252e-16,0.0,10,
oth,document,tlg0007.tlg004.perseus-grc1.tb.xml,not_applicable,ge8,q,0.558329968157017,0.0031079515736722693,0.5530988714300875,0.5632024594882523,10,
oth,document,tlg0007.tlg015.perseus-grc1.tb.xml,not_applicable,4_7,ce_ctw_original,4.147110967278854,0.009117869637892916,4.13466337201173,4.163615699599604,10,
oth,document,tlg0007.tlg015.perseus-grc1.tb.xml,not_applicable,4_7,ce_ctw_shuffled,4.53203446440853,0.04576346380852272,4.481643551119946,4.593277509200511,10,
oth,document,tlg0007.tlg015.perseus-grc1.tb.xml,not_applicable,4_7,ce_root_original,4.61881741846899,0.0016858132134473906,4.615970944439367,4.621586264449044,10,
oth,document,tlg0007.tlg015.perseus-grc1.tb.xml,not_applicable,4_7,ce_root_shuffled,4.53203446440853,0.04576346380852262,4.481643551119946,4.593277509200511,10,
oth,document,tlg0007.tlg015.perseus-grc1.tb.xml,not_applicable,4_7,g_original,0.47170645119013493,0.009503385259870035,0.45422074535347967,0.48662102870418256,10,
oth,document,tlg0007.tlg015.perseus-grc1.tb.xml,not_applicable,4_7,g_shuffled,-8.881784197001253e-17,2.808666774861361e-16,-8.881784197001252e-16,0.0,10,
oth,document,tlg0007.tlg015.perseus-grc1.tb.xml,not_applicable,4_7,q,0.47170645119013505,0.009503385259869958,0.45422074535347967,0.48662102870418256,10,
oth,document,tlg0007.tlg015.perseus-grc1.tb.xml,not_applicable,all,ce_ctw_original,4.162065927061191,0.004212864676576205,4.157161174758853,4.16794901143174,10,
oth,document,tlg0007.tlg015.perseus-grc1.tb.xml,not_applicable,all,ce_ctw_shuffled,4.5741151434379015,0.01013668542149219,4.5557675304004,4.590860885402664,10,
oth,document,tlg0007.tlg015.perseus-grc1.tb.xml,not_applicable,all,ce_root_original,4.689773428302593,0.0019383062335766436,4.686582303777772,4.692167928764266,10,
oth,document,tlg0007.tlg015.perseus-grc1.tb.xml,not_applicable,all,ce_root_shuffled,4.5741151434379015,0.01013668542149219,4.5557675304004,4.590860885402664,10,
oth,document,tlg0007.tlg015.perseus-grc1.tb.xml,not_applicable,all,g_original,0.5277075012414022,0.004626618780462299,0.5202625425896343,0.532421864405519,10,
oth,document,tlg0007.tlg015.perseus-grc1.tb.xml,not_applicable,all,g_shuffled,0.0,0.0,0.0,0.0,10,
oth,document,tlg0007.tlg015.perseus-grc1.tb.xml,not_applicable,all,q,0.5277075012414022,0.004626618780462299,0.5202625425896343,0.532421864405519,10,
oth,document,tlg0007.tlg015.perseus-grc1.tb.xml,not_applicable,ge8,ce_ctw_original,4.16755640528188,0.0030767445096387975,4.1622711653263815,4.171940245631771,10,
oth,document,tlg0007.tlg015.perseus-grc1.tb.xml,not_applicable,ge8,ce_ctw_shuffled,4.5895644027528935,0.016925718890235808,4.560477711116728,4.61416325266862,10,
oth,document,tlg0007.tlg015.perseus-grc1.tb.xml,not_applicable,ge8,ce_root_original,4.7158238110711626,0.0022462717790698345,4.712506153538886,4.71910371798331,10,
oth,document,tlg0007.tlg015.perseus-grc1.tb.xml,not_applicable,ge8,ce_root_shuffled,4.5895644027528935,0.016925718890235808,4.560477711116728,4.61416325266862,10,
oth,document,tlg0007.tlg015.perseus-grc1.tb.xml,not_applicable,ge8,g_original,0.5482674057892817,0.0037367850019453704,0.5410823586970093,0.5532444320060534,10,
oth,document,tlg0007.tlg015.perseus-grc1.tb.xml,not_applicable,ge8,g_shuffled,0.0,0.0,0.0,0.0,10,
oth,document,tlg0007.tlg015.perseus-grc1.tb.xml,not_applicable,ge8,q,0.5482674057892817,0.0037367850019453704,0.5410823586970093,0.5532444320060534,10,
oth,document,tlg0008.tlg001.perseus-grc1.tb.xml,not_applicable,4_7,ce_ctw_original,4.212863090502836,0.0031931633830037122,4.209008897535668,4.2188916205292655,10,
oth,document,tlg0008.tlg001.perseus-grc1.tb.xml,not_applicable,4_7,ce_ctw_shuffled,4.562656373296503,0.013160414052755648,4.540718695196831,4.579593165359114,10,
oth,document,tlg0008.tlg001.perseus-grc1.tb.xml,not_applicable,4_7,ce_root_original,4.635317701243597,0.001275494270826672,4.633227506031034,4.63669952162518,10,
oth,document,tlg0008.tlg001.perseus-grc1.tb.xml,not_applicable,4_7,ce_root_shuffled,4.562656373296503,0.013160414052755648,4.540718695196831,4.579593165359114,10,
oth,document,tlg0008.tlg001.perseus-grc1.tb.xml,not_applicable,4_7,g_original,0.422454610740761,0.0033826592162250237,0.41520988180041307,0.42616707081452265,10,
oth,document,tlg0008.tlg001.perseus-grc1.tb.xml,not_applicable,4_7,g_shuffled,0.0,0.0,0.0,0.0,10,
oth,document,tlg0008.tlg001.perseus-grc1.tb.xml,not_applicable,4_7,q,0.422454610740761,0.0033826592162250237,0.41520988180041307,0.42616707081452265,10,
oth,document,tlg0008.tlg001.perseus-grc1.tb.xml,not_applicable,all,ce_ctw_original,4.261840725794987,0.0011682136081902221,4.260044998931674,4.263248366397684,10,
oth,document,tlg0008.tlg001.perseus-grc1.tb.xml,not_applicable,all,ce_ctw_shuffled,4.583976783244631,0.006136019507229892,4.575145347393914,4.594365432225506,10,
oth,document,tlg0008.tlg001.perseus-grc1.tb.xml,not_applicable,all,ce_root_original,4.707013653531414,0.0009152927071359071,4.705872029519368,4.708540458715911,10,
oth,document,tlg0008.tlg001.perseus-grc1.tb.xml,not_applicable,all,ce_root_shuffled,4.583976783244631,0.006136019507229892,4.575145347393914,4.594365432225506,10,
oth,document,tlg0008.tlg001.perseus-grc1.tb.xml,not_applicable,all,g_original,0.44517292773642625,0.00133725068218918,0.44321041558692365,0.4470953924202776,10,
oth,document,tlg0008.tlg001.perseus-grc1.tb.xml,not_applicable,all,g_shuffled,0.0,0.0,0.0,0.0,10,
oth,document,tlg0008.tlg001.perseus-grc1.tb.xml,not_applicable,all,q,0.44517292773642625,0.00133725068218918,0.44321041558692365,0.4470953924202776,10,
oth,document,tlg0008.tlg001.perseus-grc1.tb.xml,not_applicable,ge8,ce_ctw_original,4.286749905099227,0.0013092244098525255,4.2849222765251085,4.28899737732794,10,
oth,document,tlg0008.tlg001.perseus-grc1.tb.xml,not_applicable,ge8,ce_ctw_shuffled,4.594819975470426,0.007727376522345482,4.581923808553979,4.602584502252205,10,
oth,document,tlg0008.tlg001.perseus-grc1.tb.xml,not_applicable,ge8,ce_root_original,4.743476976439363,0.0011115770864957395,4.741704383710257,4.745282261122996,10,
oth,document,tlg0008.tlg001.perseus-grc1.tb.xml,not_applicable,ge8,ce_root_shuffled,4.594819975470426,0.007727376522345482,4.581923808553979,4.602584502252205,10,
oth,document,tlg0008.tlg001.perseus-grc1.tb.xml,not_applicable,ge8,g_original,0.45672707134013557,0.0010730266014083924,0.4546118667727894,0.45802110603020196,10,
oth,document,tlg0008.tlg001.perseus-grc1.tb.xml,not_applicable,ge8,g_shuffled,0.0,0.0,0.0,0.0,10,
oth,document,tlg0008.tlg001.perseus-grc1.tb.xml,not_applicable,ge8,q,0.45672707134013557,0.0010730266014083924,0.4546118667727894,0.45802110603020196,10,
oth,document,tlg0012.tlg001.perseus-grc1.tb.xml,not_applicable,4_7,ce_ctw_original,4.49971892238933,0.0028552535230700828,4.49541041289183,4.505096947380418,10,
oth,document,tlg0012.tlg001.perseus-grc1.tb.xml,not_applicable,4_7,ce_ctw_shuffled,4.742175273311881,0.010384037967483502,4.728435565069038,4.756624732476162,10,
oth,document,tlg0012.tlg001.perseus-grc1.tb.xml,not_applicable,4_7,ce_root_original,4.755660874619613,0.0014128787786417876,4.753713602687058,4.757606604334464,10,
oth,document,tlg0012.tlg001.perseus-grc1.tb.xml,not_applicable,4_7,ce_root_shuffled,4.742175273311881,0.010384037967483372,4.728435565069038,4.756624732476162,10,
oth,document,tlg0012.tlg001.perseus-grc1.tb.xml,not_applicable,4_7,g_original,0.2559419522302832,0.002456448371359335,0.2517327557492708,0.25872971222306784,10,
oth,document,tlg0012.tlg001.perseus-grc1.tb.xml,not_applicable,4_7,g_shuffled,-8.881784197001253e-17,2.808666774861361e-16,-8.881784197001252e-16,0.0,10,
oth,document,tlg0012.tlg001.perseus-grc1.tb.xml,not_applicable,4_7,q,0.2559419522302833,0.0024564483713593165,0.2517327557492708,0.25872971222306784,10,
oth,document,tlg0012.tlg001.perseus-grc1.tb.xml,not_applicable,all,ce_ctw_original,4.575198785289446,0.0026855850556436623,4.57074039350944,4.58020732946069,10,
oth,document,tlg0012.tlg001.perseus-grc1.tb.xml,not_applicable,all,ce_ctw_shuffled,4.754419917612659,0.005086442827545768,4.747663641694736,4.7620988253709955,10,
oth,document,tlg0012.tlg001.perseus-grc1.tb.xml,not_applicable,all,ce_root_original,4.833841123228192,0.001424564922491574,4.832064426264119,4.836327654051394,10,
oth,document,tlg0012.tlg001.perseus-grc1.tb.xml,not_applicable,all,ce_root_shuffled,4.754419917612659,0.005086442827545768,4.747663641694736,4.7620988253709955,10,
oth,document,tlg0012.tlg001.perseus-grc1.tb.xml,not_applicable,all,g_original,0.2586423379387462,0.0020739236605372686,0.25474633594361684,0.2617420499502616,10,
oth,document,tlg0012.tlg001.perseus-grc1.tb.xml,not_applicable,all,g_shuffled,0.0,0.0,0.0,0.0,10,
oth,document,tlg0012.tlg001.perseus-grc1.tb.xml,not_applicable,all,q,0.2586423379387462,0.0020739236605372686,0.25474633594361684,0.2617420499502616,10,
oth,document,tlg0012.tlg001.perseus-grc1.tb.xml,not_applicable,ge8,ce_ctw_original,4.633002157554604,0.0028316443182709846,4.628428984148894,4.637727748941442,10,
oth,document,tlg0012.tlg001.perseus-grc1.tb.xml,not_applicable,ge8,ce_ctw_shuffled,4.763797011125786,0.005958378012968999,4.756734079660381,4.772562921485744,10,
oth,document,tlg0012.tlg001.perseus-grc1.tb.xml,not_applicable,ge8,ce_root_original,4.893712482826241,0.0016588332353676717,4.8918680930637946,4.896613165538257,10,
oth,document,tlg0012.tlg001.perseus-grc1.tb.xml,not_applicable,ge8,ce_root_shuffled,4.763797011125786,0.005958378012968999,4.756734079660381,4.772562921485744,10,
oth,document,tlg0012.tlg001.perseus-grc1.tb.xml,not_applicable,ge8,g_original,0.26071032527163773,0.0019627329473008003,0.2570541713202559,0.2640489338308516,10,
oth,document,tlg0012.tlg001.perseus-grc1.tb.xml,not_applicable,ge8,g_shuffled,0.0,0.0,0.0,0.0,10,
oth,document,tlg0012.tlg001.perseus-grc1.tb.xml,not_applicable,ge8,q,0.26071032527163773,0.0019627329473008003,0.2570541713202559,0.2640489338308516,10,
oth,document,tlg0013.tlg002.perseus-grc1.tb.xml,not_applicable,4_7,ce_ctw_original,4.543072994322693,0.012703008829851673,4.527300506262847,4.571275890345776,10,
oth,document,tlg0013.tlg002.perseus-grc1.tb.xml,not_applicable,4_7,ce_ctw_shuffled,4.823789043294222,0.04136207530522069,4.739129615921755,4.862406250440917,10,
oth,document,tlg0013.tlg002.perseus-grc1.tb.xml,not_applicable,4_7,ce_root_original,4.798637667009402,0.0021368266201320235,4.796335486835164,4.802236553956237,10,
oth,document,tlg0013.tlg002.perseus-grc1.tb.xml,not_applicable,4_7,ce_root_shuffled,4.823789043294222,0.04136207530522069,4.739129615921755,4.862406250440917,10,
oth,document,tlg0013.tlg002.perseus-grc1.tb.xml,not_applicable,4_7,g_original,0.2555646726867102,0.013443975557788833,0.225098723688272,0.27220926150133096,10,
oth,document,tlg0013.tlg002.perseus-grc1.tb.xml,not_applicable,4_7,g_shuffled,0.0,0.0,0.0,0.0,10,
oth,document,tlg0013.tlg002.perseus-grc1.tb.xml,not_applicable,4_7,q,0.2555646726867102,0.013443975557788833,0.225098723688272,0.27220926150133096,10,
oth,document,tlg0013.tlg002.perseus-grc1.tb.xml,not_applicable,all,ce_ctw_original,4.533473224375194,0.007301786091818179,4.524439933252825,4.551847878344268,10,
oth,document,tlg0013.tlg002.perseus-grc1.tb.xml,not_applicable,all,ce_ctw_shuffled,4.872396746329908,0.02745775568236209,4.823367311434817,4.909854415563384,10,
oth,document,tlg0013.tlg002.perseus-grc1.tb.xml,not_applicable,all,ce_root_original,4.838007817028361,0.001879358937312093,4.835761451115861,4.8410784864101135,10,
oth,document,tlg0013.tlg002.perseus-grc1.tb.xml,not_applicable,all,ce_root_shuffled,4.872396746329908,0.02745775568236209,4.823367311434817,4.909854415563384,10,
oth,document,tlg0013.tlg002.perseus-grc1.tb.xml,not_applicable,all,g_original,0.30453459265316757,0.00812131971543345,0.2841743792100955,0.3133597784235258,10,
oth,document,tlg0013.tlg002.perseus-grc1.tb.xml,not_applicable,all,g_shuffled,0.0,0.0,0.0,0.0,10,
oth,document,tlg0013.tlg002.perseus-grc1.tb.xml,not_applicable,all,q,0.30453459265316757,0.00812131971543345,0.2841743792100955,0.3133597784235258,10,
oth,document,tlg0013.tlg002.perseus-grc1.tb.xml,not_applicable,ge8,ce_ctw_original,4.526859097164343,0.005665997216946702,4.518552015351612,4.538462209361086,10,
oth,document,tlg0013.tlg002.perseus-grc1.tb.xml,not_applicable,ge8,ce_ctw_shuffled,4.905886875058365,0.03284213262295394,4.831643984777678,4.947873078586593,10,
oth,document,tlg0013.tlg002.perseus-grc1.tb.xml,not_applicable,ge8,ce_root_original,4.865133381699162,0.002044777702348791,4.862452739051195,4.8689538439354445,10,
oth,document,tlg0013.tlg002.perseus-grc1.tb.xml,not_applicable,ge8,ce_root_shuffled,4.905886875058365,0.03284213262295394,4.831643984777678,4.947873078586593,10,
oth,document,tlg0013.tlg002.perseus-grc1.tb.xml,not_applicable,ge8,g_original,0.338274284534819,0.006259999384545702,0.3248768025830193,0.34740206816059693,10,
oth,document,tlg0013.tlg002.perseus-grc1.tb.xml,not_applicable,ge8,g_shuffled,-8.881784197001253e-17,2.808666774861361e-16,-8.881784197001252e-16,0.0,10,
oth,document,tlg0013.tlg002.perseus-grc1.tb.xml,not_applicable,ge8,q,0.3382742845348191,0.00625999938454564,0.3248768025830193,0.34740206816059693,10,
oth,document,tlg0016.tlg001.perseus-grc1.1.tb.xml,not_applicable,4_7,ce_ctw_original,4.331078219899576,0.004686422819590767,4.324352348084326,4.338684185987995,10,
oth,document,tlg0016.tlg001.perseus-grc1.1.tb.xml,not_applicable,4_7,ce_ctw_shuffled,4.6424414712280875,0.02320070034785149,4.608893140841402,4.676973428643074,10,
oth,document,tlg0016.tlg001.perseus-grc1.1.tb.xml,not_applicable,4_7,ce_root_original,4.702449808049043,0.0013069020617800656,4.700651512207321,4.70443587112027,10,
oth,document,tlg0016.tlg001.perseus-grc1.1.tb.xml,not_applicable,4_7,ce_root_shuffled,4.6424414712280875,0.02320070034785149,4.608893140841402,4.676973428643074,10,
oth,document,tlg0016.tlg001.perseus-grc1.1.tb.xml,not_applicable,4_7,g_original,0.37137158814946797,0.004124357338960316,0.3649042918043719,0.3766074410671312,10,
oth,document,tlg0016.tlg001.perseus-grc1.1.tb.xml,not_applicable,4_7,g_shuffled,0.0,0.0,0.0,0.0,10,
oth,document,tlg0016.tlg001.perseus-grc1.1.tb.xml,not_applicable,4_7,q,0.37137158814946797,0.004124357338960316,0.3649042918043719,0.3766074410671312,10,
oth,document,tlg0016.tlg001.perseus-grc1.1.tb.xml,not_applicable,all,ce_ctw_original,4.409975211727989,0.004339556339505871,4.404924806323992,4.415772733612898,10,
oth,document,tlg0016.tlg001.perseus-grc1.1.tb.xml,not_applicable,all,ce_ctw_shuffled,4.659867846107187,0.005068301923561705,4.650467998719177,4.6665997479920875,10,
oth,document,tlg0016.tlg001.perseus-grc1.1.tb.xml,not_applicable,all,ce_root_original,4.7969488723465865,0.0012439925374712303,4.795212992476459,4.798682291177126,10,
oth,document,tlg0016.tlg001.perseus-grc1.1.tb.xml,not_applicable,all,ce_root_shuffled,4.659867846107187,0.005068301923561705,4.650467998719177,4.6665997479920875,10,
oth,document,tlg0016.tlg001.perseus-grc1.1.tb.xml,not_applicable,all,g_original,0.3869736606185971,0.00338406709844917,0.382077279831579,0.3907543853408777,10,
oth,document,tlg0016.tlg001.perseus-grc1.1.tb.xml,not_applicable,all,g_shuffled,0.0,0.0,0.0,0.0,10,
oth,document,tlg0016.tlg001.perseus-grc1.1.tb.xml,not_applicable,all,q,0.3869736606185971,0.00338406709844917,0.382077279831579,0.3907543853408777,10,
oth,document,tlg0016.tlg001.perseus-grc1.1.tb.xml,not_applicable,ge8,ce_ctw_original,4.44484889039324,0.004543147165968448,4.43923982628972,4.4523427370393165,10,
oth,document,tlg0016.tlg001.perseus-grc1.1.tb.xml,not_applicable,ge8,ce_ctw_shuffled,4.667570570681979,0.006722775785774528,4.653397595077653,4.676780383424964,10,
oth,document,tlg0016.tlg001.perseus-grc1.1.tb.xml,not_applicable,ge8,ce_root_original,4.838718905982932,0.0013249864935409813,4.837010614928126,4.8409645976481395,10,
oth,document,tlg0016.tlg001.perseus-grc1.1.tb.xml,not_applicable,ge8,ce_root_shuffled,4.667570570681979,0.006722775785774528,4.653397595077653,4.676780383424964,10,
oth,document,tlg0016.tlg001.perseus-grc1.1.tb.xml,not_applicable,ge8,g_original,0.39387001558969237,0.0034111562716785293,0.388621860608823,0.3978106888694919,10,
oth,document,tlg0016.tlg001.perseus-grc1.1.tb.xml,not_applicable,ge8,g_shuffled,0.0,0.0,0.0,0.0,10,
oth,document,tlg0016.tlg001.perseus-grc1.1.tb.xml,not_applicable,ge8,q,0.39387001558969237,0.0034111562716785293,0.388621860608823,0.3978106888694919,10,
oth,document,tlg0020.tlg001.perseus-grc1.tb.xml,not_applicable,4_7,ce_ctw_original,4.5524825015398545,0.012091378835691618,4.52873150156637,4.568620226887636,10,
oth,document,tlg0020.tlg001.perseus-grc1.tb.xml,not_applicable,4_7,ce_ctw_shuffled,4.900035514710838,0.048618017317832204,4.811775869795643,4.982107114484806,10,
oth,document,tlg0020.tlg001.perseus-grc1.tb.xml,not_applicable,4_7,ce_root_original,4.878449547296184,0.006721564438393071,4.8677666897182235,4.890495445034951,10,
oth,document,tlg0020.tlg001.perseus-grc1.tb.xml,not_applicable,4_7,ce_root_shuffled,4.900035514710838,0.04861801731783222,4.811775869795643,4.982107114484806,10,
oth,document,tlg0020.tlg001.perseus-grc1.tb.xml,not_applicable,4_7,g_original,0.32596704575633006,0.007796527132651458,0.3164594748940619,0.3390351881518532,10,
oth,document,tlg0020.tlg001.perseus-grc1.tb.xml,not_applicable,4_7,g_shuffled,-1.7763568394002506e-16,5.617333549722722e-16,-1.7763568394002505e-15,0.0,10,
oth,document,tlg0020.tlg001.perseus-grc1.tb.xml,not_applicable,4_7,q,0.3259670457563303,0.007796527132651401,0.3164594748940619,0.3390351881518532,10,
oth,document,tlg0020.tlg001.perseus-grc1.tb.xml,not_applicable,all,ce_ctw_original,4.7152410886205,0.019927155478504134,4.682520251195261,4.755831269804166,10,
oth,document,tlg0020.tlg001.perseus-grc1.tb.xml,not_applicable,all,ce_ctw_shuffled,4.951453465905503,0.026056479995081375,4.9022577442528865,4.988818065484626,10,
oth,document,tlg0020.tlg001.perseus-grc1.tb.xml,not_applicable,all,ce_root_original,4.973015469597359,0.008137336990412403,4.95924153910194,4.987255831251151,10,
oth,document,tlg0020.tlg001.perseus-grc1.tb.xml,not_applicable,all,ce_root_shuffled,4.951453465905503,0.026056479995081375,4.9022577442528865,4.988818065484626,10,
oth,document,tlg0020.tlg001.perseus-grc1.tb.xml,not_applicable,all,g_original,0.2577743809768596,0.01451966312562978,0.2249284016484605,0.27672128790667916,10,
oth,document,tlg0020.tlg001.perseus-grc1.tb.xml,not_applicable,all,g_shuffled,0.0,0.0,0.0,0.0,10,
oth,document,tlg0020.tlg001.perseus-grc1.tb.xml,not_applicable,all,q,0.2577743809768596,0.01451966312562978,0.2249284016484605,0.27672128790667916,10,
oth,document,tlg0020.tlg001.perseus-grc1.tb.xml,not_applicable,ge8,ce_ctw_original,4.791642931586253,0.025015055355339988,4.754711489211011,4.843711540571548,10,
oth,document,tlg0020.tlg001.perseus-grc1.tb.xml,not_applicable,ge8,ce_ctw_shuffled,4.975589987997878,0.0276326943578011,4.926807550633656,5.020758181268244,10,
oth,document,tlg0020.tlg001.perseus-grc1.tb.xml,not_applicable,ge8,ce_root_original,5.017406434615912,0.008848404266717753,5.002181498235819,5.032676917570442,10,
oth,document,tlg0020.tlg001.perseus-grc1.tb.xml,not_applicable,ge8,ce_root_shuffled,4.975589987997878,0.0276326943578011,4.926807550633656,5.020758181268244,10,
oth,document,tlg0020.tlg001.perseus-grc1.tb.xml,not_applicable,ge8,g_original,0.22576350302965914,0.019589085474833113,0.18196205001054544,0.2474700090248083,10,
oth,document,tlg0020.tlg001.perseus-grc1.tb.xml,not_applicable,ge8,g_shuffled,0.0,0.0,0.0,0.0,10,
oth,document,tlg0020.tlg001.perseus-grc1.tb.xml,not_applicable,ge8,q,0.22576350302965914,0.019589085474833113,0.18196205001054544,0.2474700090248083,10,
oth,document,tlg0020.tlg002.perseus-grc1.tb.xml,not_applicable,4_7,ce_ctw_original,4.657998093565799,0.007358585085359734,4.648190763501851,4.667552044854392,10,
oth,document,tlg0020.tlg002.perseus-grc1.tb.xml,not_applicable,4_7,ce_ctw_shuffled,4.828177922642037,0.04345114755013461,4.790794023288301,4.9227694522347605,10,
oth,document,tlg0020.tlg002.perseus-grc1.tb.xml,not_applicable,4_7,ce_root_original,4.885661654772006,0.0025620422938975192,4.880242736974858,4.888554958907704,10,
oth,document,tlg0020.tlg002.perseus-grc1.tb.xml,not_applicable,4_7,ce_root_shuffled,4.828177922642037,0.04345114755013439,4.790794023288301,4.92276945223476,10,
oth,document,tlg0020.tlg002.perseus-grc1.tb.xml,not_applicable,4_7,g_original,0.22766356120620762,0.007027192416812169,0.21653448802534747,0.2392923630471131,10,
oth,document,tlg0020.tlg002.perseus-grc1.tb.xml,not_applicable,4_7,g_shuffled,-8.881784197001253e-17,2.808666774861361e-16,-8.881784197001252e-16,0.0,10,
oth,document,tlg0020.tlg002.perseus-grc1.tb.xml,not_applicable,4_7,q,0.22766356120620773,0.00702719241681215,0.21653448802534747,0.2392923630471131,10,
oth,document,tlg0020.tlg002.perseus-grc1.tb.xml,not_applicable,all,ce_ctw_original,4.669301146286017,0.005322666382276165,4.661288792696135,4.675482678198524,10,
oth,document,tlg0020.tlg002.perseus-grc1.tb.xml,not_applicable,all,ce_ctw_shuffled,4.809961380237003,0.013277630189956372,4.792527178579364,4.837991581467475,10,
oth,document,tlg0020.tlg002.perseus-grc1.tb.xml,not_applicable,all,ce_root_original,4.890923894993535,0.0021259845267067316,4.887277353179137,4.89392656848129,10,
oth,document,tlg0020.tlg002.perseus-grc1.tb.xml,not_applicable,all,ce_root_shuffled,4.809961380237003,0.01327763018995635,4.792527178579364,4.837991581467475,10,
oth,document,tlg0020.tlg002.perseus-grc1.tb.xml,not_applicable,all,g_original,0.22162274870751775,0.004191908175633342,0.216465496198067,0.22736131096530698,10,
oth,document,tlg0020.tlg002.perseus-grc1.tb.xml,not_applicable,all,g_shuffled,-8.881784197001253e-17,2.808666774861361e-16,-8.881784197001252e-16,0.0,10,
oth,document,tlg0020.tlg002.perseus-grc1.tb.xml,not_applicable,all,q,0.22162274870751783,0.00419190817563343,0.216465496198067,0.22736131096530698,10,
oth,document,tlg0020.tlg002.perseus-grc1.tb.xml,not_applicable,ge8,ce_ctw_original,4.677709860820139,0.0056312373110527884,4.667711639002652,4.6844245467328225,10,
oth,document,tlg0020.tlg002.perseus-grc1.tb.xml,not_applicable,ge8,ce_ctw_shuffled,4.7964094922051395,0.029412757147446955,4.731566055974639,4.830572169827813,10,
oth,document,tlg0020.tlg002.perseus-grc1.tb.xml,not_applicable,ge8,ce_root_original,4.894838649434488,0.002268382774873182,4.891932836195656,4.898015833569079,10,
oth,document,tlg0020.tlg002.perseus-grc1.tb.xml,not_applicable,ge8,ce_root_shuffled,4.796409492205139,0.029412757147446855,4.731566055974639,4.830572169827813,10,
oth,document,tlg0020.tlg002.perseus-grc1.tb.xml,not_applicable,ge8,g_original,0.2171287886143496,0.005252202675929754,0.20982497118075294,0.22479899769581912,10,
oth,document,tlg0020.tlg002.perseus-grc1.tb.xml,not_applicable,ge8,g_shuffled,-1.7763568394002506e-16,3.7448890331484815e-16,-8.881784197001252e-16,0.0,10,
oth,document,tlg0020.tlg002.perseus-grc1.tb.xml,not_applicable,ge8,q,0.21712878861434975,0.0052522026759296925,0.20982497118075294,0.22479899769581912,10,
oth,document,tlg0020.tlg003.perseus-grc1.tb.xml,not_applicable,4_7,ce_ctw_original,4.483193907915071,0.009484730438992804,4.466116666729654,4.494179930918916,10,
oth,document,tlg0020.tlg003.perseus-grc1.tb.xml,not_applicable,4_7,ce_ctw_shuffled,4.861438196693932,0.058234309154363,4.768857521606922,4.9565585426102015,10,
oth,document,tlg0020.tlg003.perseus-grc1.tb.xml,not_applicable,4_7,ce_root_original,4.794603453912585,0.003185197113665768,4.791190902341548,4.800953325484987,10,
oth,document,tlg0020.tlg003.perseus-grc1.tb.xml,not_applicable,4_7,ce_root_shuffled,4.861438196693932,0.058234309154363,4.768857521606922,4.9565585426102015,10,
oth,document,tlg0020.tlg003.perseus-grc1.tb.xml,not_applicable,4_7,g_original,0.3114095459975134,0.010396557820181581,0.297980133309399,0.32934041124601254,10,
oth,document,tlg0020.tlg003.perseus-grc1.tb.xml,not_applicable,4_7,g_shuffled,0.0,0.0,0.0,0.0,10,
oth,document,tlg0020.tlg003.perseus-grc1.tb.xml,not_applicable,4_7,q,0.3114095459975134,0.010396557820181581,0.297980133309399,0.32934041124601254,10,
oth,document,tlg0020.tlg003.perseus-grc1.tb.xml,not_applicable,all,ce_ctw_original,4.6271877295229755,0.00659898399628358,4.619771928471379,4.637088450447878,10,
oth,document,tlg0020.tlg003.perseus-grc1.tb.xml,not_applicable,all,ce_ctw_shuffled,4.888083776825947,0.028177747586979354,4.849040409147488,4.923481699818831,10,
oth,document,tlg0020.tlg003.perseus-grc1.tb.xml,not_applicable,all,ce_root_original,4.906994805220419,0.0033331644455200224,4.902469938064085,4.911434879988017,10,
oth,document,tlg0020.tlg003.perseus-grc1.tb.xml,not_applicable,all,ce_root_shuffled,4.888083776825947,0.028177747586979354,4.849040409147488,4.923481699818831,10,
oth,document,tlg0020.tlg003.perseus-grc1.tb.xml,not_applicable,all,g_original,0.2798070756974447,0.00700874583839228,0.2667618870320041,0.2895695530763307,10,
oth,document,tlg0020.tlg003.perseus-grc1.tb.xml,not_applicable,all,g_shuffled,0.0,0.0,0.0,0.0,10,
oth,document,tlg0020.tlg003.perseus-grc1.tb.xml,not_applicable,all,q,0.2798070756974447,0.00700874583839228,0.2667618870320041,0.2895695530763307,10,
oth,document,tlg0020.tlg003.perseus-grc1.tb.xml,not_applicable,ge8,ce_ctw_original,4.733433810172285,0.009809891763392592,4.715701298852692,4.746567596761444,10,
oth,document,tlg0020.tlg003.perseus-grc1.tb.xml,not_applicable,ge8,ce_ctw_shuffled,4.907744262422076,0.05068516553646112,4.85802520288062,5.03020301687692,10,
oth,document,tlg0020.tlg003.perseus-grc1.tb.xml,not_applicable,ge8,ce_root_original,4.9899229506227485,0.0038588399336506136,4.984577359562683,4.995192135408058,10,
oth,document,tlg0020.tlg003.perseus-grc1.tb.xml,not_applicable,ge8,ce_root_shuffled,4.907744262422076,0.05068516553646122,4.8580252028806195,5.03020301687692,10,
oth,document,tlg0020.tlg003.perseus-grc1.tb.xml,not_applicable,ge8,g_original,0.25648914045046334,0.00938939183374806,0.2397189793236274,0.2692588980032662,10,
oth,document,tlg0020.tlg003.perseus-grc1.tb.xml,not_applicable,ge8,g_shuffled,-8.881784197001253e-17,2.808666774861361e-16,-8.881784197001252e-16,0.0,10,
oth,document,tlg0020.tlg003.perseus-grc1.tb.xml,not_applicable,ge8,q,0.25648914045046345,0.009389391833748116,0.2397189793236274,0.2692588980032662,10,
oth,document,tlg0060.tlg001.perseus-grc3.11.tb.xml,not_applicable,4_7,ce_ctw_original,3.89839689735359,0.012879463009821433,3.883532905821057,3.9166608713391797,10,
oth,document,tlg0060.tlg001.perseus-grc3.11.tb.xml,not_applicable,4_7,ce_ctw_shuffled,4.370694361415753,0.013394127761891887,4.341244974455729,4.385411692039732,10,
oth,document,tlg0060.tlg001.perseus-grc3.11.tb.xml,not_applicable,4_7,ce_root_original,4.376066543012294,0.00291986998192649,4.3711888742693805,4.381811246169492,10,
oth,document,tlg0060.tlg001.perseus-grc3.11.tb.xml,not_applicable,4_7,ce_root_shuffled,4.370694361415753,0.013394127761891932,4.341244974455729,4.385411692039732,10,
oth,document,tlg0060.tlg001.perseus-grc3.11.tb.xml,not_applicable,4_7,g_original,0.47766964565870296,0.012744239502238347,0.4607859239696426,0.4943518794481001,10,
oth,document,tlg0060.tlg001.perseus-grc3.11.tb.xml,not_applicable,4_7,g_shuffled,-8.881784197001253e-17,2.808666774861361e-16,-8.881784197001252e-16,0.0,10,
oth,document,tlg0060.tlg001.perseus-grc3.11.tb.xml,not_applicable,4_7,q,0.47766964565870307,0.012744239502238274,0.4607859239696426,0.4943518794481001,10,
oth,document,tlg0060.tlg001.perseus-grc3.11.tb.xml,not_applicable,all,ce_ctw_original,4.023872608340336,0.025934294949579228,3.9949977282093427,4.05235678787637,10,
oth,document,tlg0060.tlg001.perseus-grc3.11.tb.xml,not_applicable,all,ce_ctw_shuffled,4.407093654624309,0.006447811566813117,4.396124700942671,4.418692019676629,10,
oth,document,tlg0060.tlg001.perseus-grc3.11.tb.xml,not_applicable,all,ce_root_original,4.52177059974794,0.0025675703175509663,4.517753724999884,4.526142028054866,10,
oth,document,tlg0060.tlg001.perseus-grc3.11.tb.xml,not_applicable,all,ce_root_shuffled,4.407093654624309,0.006447811566813117,4.396124700942671,4.418692019676629,10,
oth,document,tlg0060.tlg001.perseus-grc3.11.tb.xml,not_applicable,all,g_original,0.49789799140760344,0.02574924541800081,0.4705930267590599,0.5253238520891252,10,
oth,document,tlg0060.tlg001.perseus-grc3.11.tb.xml,not_applicable,all,g_shuffled,0.0,0.0,0.0,0.0,10,
oth,document,tlg0060.tlg001.perseus-grc3.11.tb.xml,not_applicable,all,q,0.49789799140760344,0.02574924541800081,0.4705930267590599,0.5253238520891252,10,
oth,document,tlg0060.tlg001.perseus-grc3.11.tb.xml,not_applicable,ge8,ce_ctw_original,4.062408917204219,0.03012447521369299,4.0288137906760975,4.094031943252035,10,
oth,document,tlg0060.tlg001.perseus-grc3.11.tb.xml,not_applicable,ge8,ce_ctw_shuffled,4.418272666039995,0.00930565979346073,4.405751968097817,4.4322103843392835,10,
oth,document,tlg0060.tlg001.perseus-grc3.11.tb.xml,not_applicable,ge8,ce_root_original,4.566519471772092,0.0025170561037408047,4.562766965506137,4.570469137625003,10,
oth,document,tlg0060.tlg001.perseus-grc3.11.tb.xml,not_applicable,ge8,ce_root_shuffled,4.418272666039995,0.00930565979346073,4.405751968097817,4.4322103843392835,10,
oth,document,tlg0060.tlg001.perseus-grc3.11.tb.xml,not_applicable,ge8,g_original,0.504110554567874,0.02985441899819324,0.4736050004644152,0.5361006140767204,10,
oth,document,tlg0060.tlg001.perseus-grc3.11.tb.xml,not_applicable,ge8,g_shuffled,0.0,0.0,0.0,0.0,10,
oth,document,tlg0060.tlg001.perseus-grc3.11.tb.xml,not_applicable,ge8,q,0.504110554567874,0.02985441899819324,0.4736050004644152,0.5361006140767204,10,
oth,group,HEX,eligible_token_weighted,all,ce_ctw_original,4.587043693449488,0.002480412622167644,4.58226189863874,4.591423663547754,10,
oth,group,HEX,eligible_token_weighted,all,ce_ctw_shuffled,4.773378679838238,0.004723791710758163,4.768741047487406,4.782203837869954,10,
oth,group,HEX,eligible_token_weighted,all,ce_root_original,4.845707298708374,0.0011685861717725468,4.844250908886845,4.848288481052648,10,
oth,group,HEX,eligible_token_weighted,all,ce_root_shuffled,4.773378679838238,0.004723791710758163,4.768741047487406,4.782203837869954,10,
oth,group,HEX,eligible_token_weighted,all,g_original,0.2586636052588865,0.002209407310209569,0.2552614721861145,0.26230459882124624,10,
oth,group,HEX,eligible_token_weighted,all,g_shuffled,0.0,0.0,0.0,0.0,10,
oth,group,HEX,eligible_token_weighted,all,q,0.2586636052588865,0.002209407310209569,0.2552614721861145,0.26230459882124624,10,
oth,group,HEX,equal_block,all,ce_ctw_original,4.6278831391198185,0.0050112562493930925,4.620796357021702,4.636755146163853,10,
oth,group,HEX,equal_block,all,ce_ctw_shuffled,4.824585259249888,0.008014395797910743,4.812795613348278,4.83693804841403,10,
oth,group,HEX,equal_block,all,ce_root_original,4.883097099328056,0.0023041139809768735,4.880028867293204,4.886611895572386,10,
oth,group,HEX,equal_block,all,ce_root_shuffled,4.824585259249888,0.008014395797910743,4.812795613348278,4.83693804841403,10,
oth,group,HEX,equal_block,all,g_original,0.2552139602082383,0.0037077891446175393,0.24868054510085758,0.2602988502080916,10,
oth,group,HEX,equal_block,all,g_shuffled,0.0,0.0,0.0,0.0,10,
oth,group,HEX,equal_block,all,q,0.2552139602082383,0.0037077891446175393,0.24868054510085758,0.2602988502080916,10,
oth,group,PROSE_ALL,eligible_token_weighted,all,ce_ctw_original,4.251272194986916,0.005877948417039857,4.2435215082291355,4.259074894102308,10,
oth,group,PROSE_ALL,eligible_token_weighted,all,ce_ctw_shuffled,4.5745963119962525,0.0029334992850659778,4.570964436307189,4.578865875392796,10,
oth,group,PROSE_ALL,eligible_token_weighted,all,ce_root_original,4.703189442811416,0.0006063957627350172,4.701770686757965,4.7039254720421155,10,
oth,group,PROSE_ALL,eligible_token_weighted,all,ce_root_shuffled,4.574596311996252,0.0029334992850659483,4.570964436307189,4.578865875392796,10,
oth,group,PROSE_ALL,eligible_token_weighted,all,g_original,0.4519172478245016,0.005810649221698008,0.4442221934899035,0.45948826579990876,10,
oth,group,PROSE_ALL,eligible_token_weighted,all,g_shuffled,-4.465521619524734e-17,5.767515927466976e-17,-1.1421150967204753e-16,0.0,10,
oth,group,PROSE_ALL,eligible_token_weighted,all,q,0.4519172478245016,0.005810649221697981,0.4442221934899036,0.45948826579990876,10,
oth,group,PROSE_ALL,equal_block,all,ce_ctw_original,4.255230098702621,0.005497210449395849,4.247808052961947,4.262946750586712,10,
oth,group,PROSE_ALL,equal_block,all,ce_ctw_shuffled,4.582755042944107,0.003082821570572105,4.579160883131695,4.587600730905658,10,
oth,group,PROSE_ALL,equal_block,all,ce_root_original,4.713556977516813,0.0005966883095284351,4.712180182421457,4.71424809023689,10,
oth,group,PROSE_ALL,equal_block,all,ce_root_shuffled,4.582755042944106,0.0030828215705719217,4.579160883131695,4.587600730905658,10,
oth,group,PROSE_ALL,equal_block,all,g_original,0.4583268788141909,0.005513485440534292,0.4507806184477863,0.4655532258422566,10,
oth,group,PROSE_ALL,equal_block,all,g_shuffled,-7.105427357601002e-17,9.173067274558417e-17,-1.7763568394002506e-16,0.0,10,
oth,group,PROSE_ALL,equal_block,all,q,0.45832687881419093,0.0055134854405342664,0.45078061844778644,0.4655532258422566,10,
oth,group,contrast,eligible_token_weighted,all,ce_ctw_original,0.3357714984625721,0.007041486207817351,0.32586261613096923,0.3479021553186188,10,
oth,group,contrast,eligible_token_weighted,all,ce_ctw_shuffled,0.19878236784198622,0.005892401584071589,0.19113484075517828,0.20950067442517017,10,
oth,group,contrast,eligible_token_weighted,all,ce_root_original,0.14251785589695692,0.001663106814037066,0.14064102541787094,0.1465177942946827,10,
oth,group,contrast,eligible_token_weighted,all,ce_root_shuffled,0.1987823678419863,0.005892401584071657,0.19113484075517828,0.20950067442517017,10,
oth,group,contrast,eligible_token_weighted,all,g_original,-0.19325364256561509,0.006614614379506128,-0.20422679361379426,-0.1852215907130984,10,
oth,group,contrast,eligible_token_weighted,all,g_shuffled,4.465521619524734e-17,5.767515927466976e-17,0.0,1.1421150967204753e-16,10,
oth,group,contrast,eligible_token_weighted,all,q,-0.1932536425656151,0.006614614379506104,-0.20422679361379426,-0.18522159071309857,10,
oth,group,contrast,equal_block,all,ce_ctw_original,0.3726530404171974,0.005719528151968919,0.36232679718197147,0.3828390919166633,10,
oth,group,contrast,equal_block,all,ce_ctw_shuffled,0.24183021630578097,0.009770968448935588,0.22519488244262043,0.2577771652823353,10,
oth,group,contrast,equal_block,all,ce_root_original,0.1695401218112444,0.002697240523255125,0.16578077705631333,0.17387581619802628,10,
oth,group,contrast,equal_block,all,ce_root_shuffled,0.24183021630578114,0.009770968448935626,0.22519488244262043,0.2577771652823353,10,
oth,group,contrast,equal_block,all,g_original,-0.2031129186059526,0.005876200198171297,-0.21230888478939064,-0.19408915164870094,10,
oth,group,contrast,equal_block,all,g_shuffled,7.105427357601002e-17,9.173067274558417e-17,0.0,1.7763568394002506e-16,10,
oth,group,contrast,equal_block,all,q,-0.20311291860595265,0.0058762001981712934,-0.21230888478939064,-0.1940891516487011,10,
oth,group_difference,HEX,eligible_token_weighted,all,ce_ctw_original,0.018800360219659584,0.0006843887448675873,0.018123861415205944,0.020167976086025163,10,
oth,group_difference,HEX,eligible_token_weighted,all,ce_ctw_shuffled,0.029992343159046798,0.0014354903654107704,0.02771135587894058,0.03241182542500454,10,
oth,group_difference,HEX,eligible_token_weighted,all,ce_root_original,0.015560858560687053,0.00014536232719974094,0.015383864468023312,0.015850506683369403,10,
oth,group_difference,HEX,eligible_token_weighted,all,ce_root_shuffled,0.029992343159046798,0.0014354903654107704,0.02771135587894058,0.03241182542500454,10,
oth,group_difference,HEX,eligible_token_weighted,all,g_original,-0.0032395016589726044,0.0007819801749927054,-0.0047841116180011856,-0.002273354731837096,10,
oth,group_difference,HEX,eligible_token_weighted,all,g_shuffled,0.0,0.0,0.0,0.0,10,
oth,group_difference,HEX,eligible_token_weighted,all,q,-0.0032395016589726044,0.0007819801749927054,-0.0047841116180011856,-0.002273354731837096,10,
oth,group_difference,HEX,equal_block,all,ce_ctw_original,0.01740070615372531,0.000689567920708591,0.016593559123966983,0.01884465892444087,10,
oth,group_difference,HEX,equal_block,all,ce_ctw_shuffled,0.023856502528845257,0.0010029248753781782,0.021611566254883918,0.02500798116746239,10,
oth,group_difference,HEX,equal_block,all,ce_root_original,0.013804754216955751,0.0001562548795822161,0.013621505713036441,0.014059210425538815,10,
oth,group_difference,HEX,equal_block,all,ce_root_shuffled,0.023856502528845257,0.0010029248753781782,0.021611566254883918,0.02500798116746239,10,
oth,group_difference,HEX,equal_block,all,g_original,-0.0035959519367693817,0.0006732944901036183,-0.004878381919215968,-0.0027347362285339294,10,
oth,group_difference,HEX,equal_block,all,g_shuffled,0.0,0.0,0.0,0.0,10,
oth,group_difference,HEX,equal_block,all,q,-0.0035959519367693817,0.0006732944901036183,-0.004878381919215968,-0.0027347362285339294,10,
oth,group_difference,PROSE_ALL,eligible_token_weighted,all,ce_ctw_original,0.021619053958725588,0.005660553630438053,0.015891536324089017,0.027637131741024668,10,
oth,group_difference,PROSE_ALL,eligible_token_weighted,all,ce_ctw_shuffled,0.0129585074698646,0.0007307237683425751,0.012002083560600063,0.014304029333954027,10,
oth,group_difference,PROSE_ALL,eligible_token_weighted,all,ce_root_original,0.01078815914826219,0.00013001056175965248,0.010589113924907245,0.010961700902643479,10,
oth,group_difference,PROSE_ALL,eligible_token_weighted,all,ce_root_shuffled,0.012958507469864511,0.0007307237683423933,0.012002083560600063,0.014304029333953139,10,
oth,group_difference,PROSE_ALL,eligible_token_weighted,all,g_original,-0.010830894810463353,0.0056527253751404785,-0.016762929027947515,-0.005244135084508272,10,
oth,group_difference,PROSE_ALL,eligible_token_weighted,all,g_shuffled,-9.060858190906779e-17,1.4063040353885448e-16,-3.7332215171052065e-16,0.0,10,
oth,group_difference,PROSE_ALL,eligible_token_weighted,all,q,-0.010830894810463254,0.005652725375140457,-0.016762929027947515,-0.005244135084507884,10,
oth,group_difference,PROSE_ALL,equal_block,all,ce_ctw_original,0.019143064563961597,0.005174414398942194,0.013890529181368017,0.024527210485529416,10,
oth,group_difference,PROSE_ALL,equal_block,all,ce_ctw_shuffled,0.011012940681316951,0.0008019226587047577,0.010118795713549567,0.012377652575421116,10,
oth,group_difference,PROSE_ALL,equal_block,all,ce_root_original,0.009100208908925201,0.00012327464161444082,0.008929465645453938,0.009254871672441212,10,
oth,group_difference,PROSE_ALL,equal_block,all,ce_root_shuffled,0.011012940681316774,0.000801922658704751,0.010118795713548678,0.012377652575421116,10,
oth,group_difference,PROSE_ALL,equal_block,all,g_original,-0.010042855655036802,0.005172050547352294,-0.015409951228454233,-0.004858151363638541,10,
oth,group_difference,PROSE_ALL,equal_block,all,g_shuffled,-1.0658141036401505e-16,1.4979556132593927e-16,-3.552713678800501e-16,0.0,10,
oth,group_difference,PROSE_ALL,equal_block,all,q,-0.010042855655036698,0.005172050547352268,-0.015409951228454233,-0.004858151363638152,10,
oth,group_difference,contrast,eligible_token_weighted,all,ce_ctw_original,-0.0028186937390660026,0.005859324007093676,-0.00880137683353599,0.0039874591236666035,10,
oth,group_difference,contrast,eligible_token_weighted,all,ce_ctw_shuffled,0.017033835689182198,0.001579130472248511,0.014473963375358778,0.01950250943300702,10,
oth,group_difference,contrast,eligible_token_weighted,all,ce_root_original,0.004772699412424863,0.00010813097296992386,0.004639352820198006,0.004936814174502757,10,
oth,group_difference,contrast,eligible_token_weighted,all,ce_root_shuffled,0.017033835689182285,0.0015791304722484157,0.014473963375358778,0.01950250943300702,10,
oth,group_difference,contrast,eligible_token_weighted,all,g_original,0.00759139315149075,0.005901063781726819,0.0006518936965327349,0.013579142727444427,10,
oth,group_difference,contrast,eligible_token_weighted,all,g_shuffled,9.060858190906779e-17,1.4063040353885448e-16,0.0,3.7332215171052065e-16,10,
oth,group_difference,contrast,eligible_token_weighted,all,q,0.00759139315149065,0.005901063781726803,0.0006518936965327349,0.013579142727444427,10,
oth,group_difference,contrast,equal_block,all,ce_ctw_original,-0.0017423584102362888,0.00540047592062838,-0.007518798421627615,0.004696902661932789,10,
oth,group_difference,contrast,equal_block,all,ce_ctw_shuffled,0.012843561847528306,0.0012001178346106912,0.011151462497021924,0.01445169623946363,10,
oth,group_difference,contrast,equal_block,all,ce_root_original,0.00470454530803055,0.00013408798286693405,0.004535451898694198,0.0049375402403164514,10,
oth,group_difference,contrast,equal_block,all,ce_root_shuffled,0.012843561847528485,0.001200117834610605,0.011151462497022813,0.01445169623946363,10,
oth,group_difference,contrast,equal_block,all,g_original,0.006446903718267422,0.0053909265237442995,0.00024063757838455047,0.012082668518734074,10,
oth,group_difference,contrast,equal_block,all,g_shuffled,1.0658141036401505e-16,1.4979556132593927e-16,0.0,3.552713678800501e-16,10,
oth,group_difference,contrast,equal_block,all,q,0.006446903718267316,0.005390926523744281,0.00024063757838455047,0.012082668518734074,10,
q_half,block,ATHENAEUS,not_applicable,4_7,ce_ctw_original,4.24772226597719,0.0046105673879476014,4.2400899123308555,4.2551605201298415,10,
q_half,block,ATHENAEUS,not_applicable,4_7,ce_ctw_shuffled,4.534412566729796,0.011823933206421286,4.514366414962497,4.552280888742568,10,
q_half,block,ATHENAEUS,not_applicable,4_7,ce_root_original,4.607139863495763,0.0032946388707256026,4.601093338791495,4.6110733486330995,10,
q_half,block,ATHENAEUS,not_applicable,4_7,ce_root_shuffled,4.534412566729796,0.011823933206421286,4.514366414962497,4.552280888742568,10,
q_half,block,ATHENAEUS,not_applicable,4_7,g_original,0.3594175975185732,0.005476986020894923,0.3524630117362877,0.3689746217176513,10,
q_half,block,ATHENAEUS,not_applicable,4_7,g_shuffled,0.0,0.0,0.0,0.0,10,
q_half,block,ATHENAEUS,not_applicable,4_7,q,0.3594175975185732,0.005476986020894923,0.3524630117362877,0.3689746217176513,10,
q_half,block,ATHENAEUS,not_applicable,all,ce_ctw_original,4.314650481060427,0.005471556663008292,4.304913110346974,4.32009232747599,10,
q_half,block,ATHENAEUS,not_applicable,all,ce_ctw_shuffled,4.561501433540544,0.007196937074478272,4.550850191860476,4.572125279665405,10,
q_half,block,ATHENAEUS,not_applicable,all,ce_root_original,4.686049290486734,0.0031059569132766327,4.6796221612053355,4.689872194844358,10,
q_half,block,ATHENAEUS,not_applicable,all,ce_root_shuffled,4.561501433540544,0.007196937074478272,4.550850191860476,4.572125279665405,10,
q_half,block,ATHENAEUS,not_applicable,all,g_original,0.37139880942630554,0.005328125008214326,0.3636793899180981,0.381183768037304,10,
q_half,block,ATHENAEUS,not_applicable,all,g_shuffled,0.0,0.0,0.0,0.0,10,
q_half,block,ATHENAEUS,not_applicable,all,q,0.37139880942630554,0.005328125008214326,0.3636793899180981,0.381183768037304,10,
q_half,block,ATHENAEUS,not_applicable,ge8,ce_ctw_original,4.3488171834391185,0.006374979796627557,4.338005206275383,4.355809607908785,10,
q_half,block,ATHENAEUS,not_applicable,ge8,ce_ctw_shuffled,4.5753302387604,0.008326123316996116,4.562430033644065,4.585296010730329,10,
q_half,block,ATHENAEUS,not_applicable,ge8,ce_root_original,4.726332374437509,0.00336085893990744,4.719710947380584,4.730098827557273,10,
q_half,block,ATHENAEUS,not_applicable,ge8,ce_root_shuffled,4.5753302387604,0.008326123316996146,4.562430033644065,4.585296010730329,10,
q_half,block,ATHENAEUS,not_applicable,ge8,g_original,0.3775151909983889,0.0057166885252405274,0.3687137583378801,0.3874165096109845,10,
q_half,block,ATHENAEUS,not_applicable,ge8,g_shuffled,2.6645352591003756e-16,4.2903093659032255e-16,0.0,8.881784197001252e-16,10,
q_half,block,ATHENAEUS,not_applicable,ge8,q,0.37751519099838865,0.005716688525240444,0.3687137583378801,0.3874165096109845,10,
q_half,block,DIODORUS,not_applicable,4_7,ce_ctw_original,3.946205918407852,0.007086480540968312,3.9303442921745466,3.9542259611049375,10,
q_half,block,DIODORUS,not_applicable,4_7,ce_ctw_shuffled,4.368257367895227,0.01519994599617877,4.337341751319973,4.386127869267862,10,
q_half,block,DIODORUS,not_applicable,4_7,ce_root_original,4.373936729450755,0.003997711923797311,4.368733752458692,4.379491856912743,10,
q_half,block,DIODORUS,not_applicable,4_7,ce_root_shuffled,4.368257367895227,0.015199945996178785,4.337341751319973,4.386127869267863,10,
q_half,block,DIODORUS,not_applicable,4_7,g_original,0.4277308110429029,0.008003346271606579,0.41910161743562835,0.44771659694019394,10,
q_half,block,DIODORUS,not_applicable,4_7,g_shuffled,1.7763568394002506e-16,3.7448890331484815e-16,0.0,8.881784197001252e-16,10,
q_half,block,DIODORUS,not_applicable,4_7,q,0.4277308110429027,0.008003346271606574,0.41910161743562835,0.44771659694019394,10,
q_half,block,DIODORUS,not_applicable,all,ce_ctw_original,4.088113968308692,0.005959905516158268,4.079676496854716,4.1006344029553485,10,
q_half,block,DIODORUS,not_applicable,all,ce_ctw_shuffled,4.404503278371197,0.006710972421365837,4.390157983653155,4.412225049555182,10,
q_half,block,DIODORUS,not_applicable,all,ce_root_original,4.518937905278533,0.004254352565411029,4.5125372638574595,4.5275523943030045,10,
q_half,block,DIODORUS,not_applicable,all,ce_root_shuffled,4.404503278371197,0.00671097242136586,4.390157983653155,4.412225049555182,10,
q_half,block,DIODORUS,not_applicable,all,g_original,0.4308239369698407,0.006231448512796657,0.4223801106203737,0.44148973027658567,10,
q_half,block,DIODORUS,not_applicable,all,g_shuffled,8.881784197001253e-17,2.808666774861361e-16,0.0,8.881784197001252e-16,10,
q_half,block,DIODORUS,not_applicable,all,q,0.43082393696984067,0.006231448512796635,0.4223801106203737,0.44148973027658567,10,
q_half,block,DIODORUS,not_applicable,ge8,ce_ctw_original,4.131697004405834,0.006442961584239283,4.125502416138404,4.1458890184707915,10,
q_half,block,DIODORUS,not_applicable,ge8,ce_ctw_shuffled,4.415635182627172,0.008720113691723635,4.399545442064512,4.425895715058029,10,
q_half,block,DIODORUS,not_applicable,ge8,ce_root_original,4.563470907350269,0.0046506083993223205,4.556384119588158,4.5732633900413635,10,
q_half,block,DIODORUS,not_applicable,ge8,ce_root_shuffled,4.415635182627172,0.008720113691723711,4.399545442064512,4.425895715058029,10,
q_half,block,DIODORUS,not_applicable,ge8,g_original,0.4317739029444344,0.006699894383621564,0.42120441191388647,0.44003085504655104,10,
q_half,block,DIODORUS,not_applicable,ge8,g_shuffled,8.881784197001253e-17,2.808666774861361e-16,0.0,8.881784197001252e-16,10,
q_half,block,DIODORUS,not_applicable,ge8,q,0.43177390294443435,0.0066998943836215534,0.42120441191388647,0.44003085504655104,10,
q_half,block,HERODOTUS,not_applicable,4_7,ce_ctw_original,4.383412057041133,0.006336176200957108,4.37791841051765,4.39778710875123,10,
q_half,block,HERODOTUS,not_applicable,4_7,ce_ctw_shuffled,4.623465224433835,0.0225595999963795,4.595745217030099,4.6588489357722365,10,
q_half,block,HERODOTUS,not_applicable,4_7,ce_root_original,4.691843887174349,0.0035282812720997363,4.685659517722191,4.69812196219432,10,
q_half,block,HERODOTUS,not_applicable,4_7,ce_root_shuffled,4.623465224433835,0.022559599996379468,4.595745217030099,4.6588489357722365,10,
q_half,block,HERODOTUS,not_applicable,4_7,g_original,0.30843183013321757,0.007155652015154428,0.29714349130088014,0.31635600656134866,10,
q_half,block,HERODOTUS,not_applicable,4_7,g_shuffled,8.881784197001253e-17,2.808666774861361e-16,0.0,8.881784197001252e-16,10,
q_half,block,HERODOTUS,not_applicable,4_7,q,0.3084318301332175,0.0071556520151544,0.29714349130088014,0.31635600656134866,10,
q_half,block,HERODOTUS,not_applicable,all,ce_ctw_original,4.4739934090884415,0.006844801510646386,4.460515694793065,4.487618529746328,10,
q_half,block,HERODOTUS,not_applicable,all,ce_ctw_shuffled,4.645206478787786,0.006108963495364501,4.636152819853719,4.653645800551406,10,
q_half,block,HERODOTUS,not_applicable,all,ce_root_original,4.788520549625673,0.0026032027193050268,4.784034436121194,4.791803676829972,10,
q_half,block,HERODOTUS,not_applicable,all,ce_root_shuffled,4.645206478787786,0.006108963495364453,4.636152819853719,4.653645800551406,10,
q_half,block,HERODOTUS,not_applicable,all,g_original,0.31452714053723163,0.006243584119429793,0.30367778342479124,0.3244835900593426,10,
q_half,block,HERODOTUS,not_applicable,all,g_shuffled,8.881784197001253e-17,2.808666774861361e-16,0.0,8.881784197001252e-16,10,
q_half,block,HERODOTUS,not_applicable,all,q,0.3145271405372315,0.006243584119429799,0.30367778342479124,0.3244835900593426,10,
q_half,block,HERODOTUS,not_applicable,ge8,ce_ctw_original,4.514158649036279,0.007804745238190573,4.497074755466899,4.527451238108186,10,
q_half,block,HERODOTUS,not_applicable,ge8,ce_ctw_shuffled,4.654846903424387,0.007082427249322022,4.64328855042808,4.66651815462522,10,
q_half,block,HERODOTUS,not_applicable,ge8,ce_root_original,4.831388549020134,0.0028346650289751314,4.825787401139496,4.834026432590709,10,
q_half,block,HERODOTUS,not_applicable,ge8,ce_root_shuffled,4.654846903424387,0.007082427249322133,4.64328855042808,4.66651815462522,10,
q_half,block,HERODOTUS,not_applicable,ge8,g_original,0.3172298999838552,0.0064439162094974654,0.306575194482523,0.3287126456725966,10,
q_half,block,HERODOTUS,not_applicable,ge8,g_shuffled,8.881784197001253e-17,2.808666774861361e-16,0.0,8.881784197001252e-16,10,
q_half,block,HERODOTUS,not_applicable,ge8,q,0.3172298999838551,0.00644391620949746,0.306575194482523,0.3287126456725966,10,
q_half,block,HESIODIC_TRADITION,not_applicable,4_7,ce_ctw_original,4.601880597875356,0.017177945653016346,4.57899144140708,4.634886764628462,10,
q_half,block,HESIODIC_TRADITION,not_applicable,4_7,ce_ctw_shuffled,4.850105179227926,0.027682150364362182,4.8189898677300045,4.909098366855723,10,
q_half,block,HESIODIC_TRADITION,not_applicable,4_7,ce_root_original,4.8485941297591335,0.007663857805582379,4.837696158670185,4.861681947294966,10,
q_half,block,HESIODIC_TRADITION,not_applicable,4_7,ce_root_shuffled,4.850105179227926,0.02768215036436215,4.8189898677300045,4.909098366855723,10,
q_half,block,HESIODIC_TRADITION,not_applicable,4_7,g_original,0.24671353188377826,0.012515406303903236,0.2253857183011032,0.2703505390910417,10,
q_half,block,HESIODIC_TRADITION,not_applicable,4_7,g_shuffled,8.881784197001253e-17,2.808666774861361e-16,0.0,8.881784197001252e-16,10,
q_half,block,HESIODIC_TRADITION,not_applicable,4_7,q,0.24671353188377818,0.012515406303903123,0.2253857183011032,0.2703505390910417,10,
q_half,block,HESIODIC_TRADITION,not_applicable,all,ce_ctw_original,4.722142141362977,0.02121734610050429,4.690967679994981,4.751136750045997,10,
q_half,block,HESIODIC_TRADITION,not_applicable,all,ce_ctw_shuffled,4.8789555063566,0.012211197349783815,4.850222273728453,4.896074612938071,10,
q_half,block,HESIODIC_TRADITION,not_applicable,all,ce_root_original,4.923883056836304,0.008742811527654708,4.908458645890842,4.937990204854871,10,
q_half,block,HESIODIC_TRADITION,not_applicable,all,ce_root_shuffled,4.8789555063566,0.012211197349783869,4.850222273728453,4.896074612938071,10,
q_half,block,HESIODIC_TRADITION,not_applicable,all,g_original,0.20174091547332784,0.016046679220822903,0.1795150248877393,0.23460514313976955,10,
q_half,block,HESIODIC_TRADITION,not_applicable,all,g_shuffled,8.881784197001253e-17,2.808666774861361e-16,0.0,8.881784197001252e-16,10,
q_half,block,HESIODIC_TRADITION,not_applicable,all,q,0.20174091547332776,0.01604667922082295,0.1795150248877393,0.23460514313976955,10,
q_half,block,HESIODIC_TRADITION,not_applicable,ge8,ce_ctw_original,4.794995796800691,0.025023288325394983,4.7565044126715215,4.8262720366216705,10,
q_half,block,HESIODIC_TRADITION,not_applicable,ge8,ce_ctw_shuffled,4.896432845586943,0.015160809212959243,4.869142660737588,4.918779473806964,10,
q_half,block,HESIODIC_TRADITION,not_applicable,ge8,ce_root_original,4.9694925957835565,0.009531155133788135,4.951326097217208,4.9850710918146595,10,
q_half,block,HESIODIC_TRADITION,not_applicable,ge8,ce_root_shuffled,4.896432845586943,0.01516080921295919,4.869142660737588,4.918779473806964,10,
q_half,block,HESIODIC_TRADITION,not_applicable,ge8,g_original,0.17449679898286571,0.019727261846262507,0.14618980638140133,0.21295081637331847,10,
q_half,block,HESIODIC_TRADITION,not_applicable,ge8,g_shuffled,8.881784197001253e-17,2.808666774861361e-16,0.0,8.881784197001252e-16,10,
q_half,block,HESIODIC_TRADITION,not_applicable,ge8,q,0.17449679898286563,0.019727261846262313,0.14618980638140133,0.2129508163733176,10,
q_half,block,HOMERIC_TRADITION,not_applicable,4_7,ce_ctw_original,4.520541427682451,0.010452330440645164,4.505580997735945,4.532786618636243,10,
q_half,block,HOMERIC_TRADITION,not_applicable,4_7,ce_ctw_shuffled,4.713645053980471,0.012370936185134362,4.696717496200112,4.738198829751305,10,
q_half,block,HOMERIC_TRADITION,not_applicable,4_7,ce_root_original,4.735375254324152,0.003931291516898483,4.73068067456242,4.742598586371532,10,
q_half,block,HOMERIC_TRADITION,not_applicable,4_7,ce_root_shuffled,4.713645053980471,0.012370936185134322,4.696717496200112,4.738198829751305,10,
q_half,block,HOMERIC_TRADITION,not_applicable,4_7,g_original,0.21483382664170092,0.009018586849274582,0.2016040582880736,0.2288424488754197,10,
q_half,block,HOMERIC_TRADITION,not_applicable,4_7,g_shuffled,1.7763568394002506e-16,3.7448890331484815e-16,0.0,8.881784197001252e-16,10,
q_half,block,HOMERIC_TRADITION,not_applicable,4_7,q,0.21483382664170075,0.009018586849274483,0.2016040582880736,0.2288424488754197,10,
q_half,block,HOMERIC_TRADITION,not_applicable,all,ce_ctw_original,4.602364666730237,0.008891650677582262,4.588161551473695,4.612987649840578,10,
q_half,block,HOMERIC_TRADITION,not_applicable,all,ce_ctw_shuffled,4.727477360427754,0.006587722532772669,4.71939354039018,4.739116170168817,10,
q_half,block,HOMERIC_TRADITION,not_applicable,all,ce_root_original,4.819544297422685,0.0037664827557098877,4.815185208536608,4.82640636256372,10,
q_half,block,HOMERIC_TRADITION,not_applicable,all,ce_root_shuffled,4.727477360427754,0.006587722532772751,4.71939354039018,4.739116170168817,10,
q_half,block,HOMERIC_TRADITION,not_applicable,all,g_original,0.217179630692448,0.008396954060514022,0.2044857101921247,0.23104241950723026,10,
q_half,block,HOMERIC_TRADITION,not_applicable,all,g_shuffled,1.7763568394002506e-16,3.7448890331484815e-16,0.0,8.881784197001252e-16,10,
q_half,block,HOMERIC_TRADITION,not_applicable,all,q,0.21717963069244783,0.00839695406051403,0.2044857101921247,0.23104241950723026,10,
q_half,block,HOMERIC_TRADITION,not_applicable,ge8,ce_ctw_original,4.665115554524965,0.00923930039120322,4.6495546497153795,4.678719491605613,10,
q_half,block,HOMERIC_TRADITION,not_applicable,ge8,ce_ctw_shuffled,4.738085465410116,0.007814429334619481,4.726335113503126,4.747738574809553,10,
q_half,block,HOMERIC_TRADITION,not_applicable,ge8,ce_root_original,4.884094200857588,0.004633313413842873,4.878679392942054,4.891476453189968,10,
q_half,block,HOMERIC_TRADITION,not_applicable,ge8,ce_root_shuffled,4.738085465410116,0.00781442933461949,4.726335113503126,4.747738574809553,10,
q_half,block,HOMERIC_TRADITION,not_applicable,ge8,g_original,0.21897864633262448,0.009093511223708611,0.206695671780043,0.23272959434747342,10,
q_half,block,HOMERIC_TRADITION,not_applicable,ge8,g_shuffled,8.881784197001253e-17,2.808666774861361e-16,0.0,8.881784197001252e-16,10,
q_half,block,HOMERIC_TRADITION,not_applicable,ge8,q,0.21897864633262437,0.009093511223708555,0.206695671780043,0.23272959434747342,10,
q_half,block,PLUTARCH,not_applicable,4_7,ce_ctw_original,4.233356562218843,0.005509025694763339,4.224821277728345,4.2398316220419385,10,
q_half,block,PLUTARCH,not_applicable,4_7,ce_ctw_shuffled,4.5859118226355635,0.037920860366512876,4.516706850735508,4.6375798009052405,10,
q_half,block,PLUTARCH,not_applicable,4_7,ce_root_original,4.659709129798897,0.0026691408920503402,4.655049841432635,4.66294731640677,10,
q_half,block,PLUTARCH,not_applicable,4_7,ce_root_shuffled,4.5859118226355635,0.037920860366512904,4.516706850735508,4.6375798009052405,10,
q_half,block,PLUTARCH,not_applicable,4_7,g_original,0.4263525675800535,0.004925605633260572,0.42111434860103003,0.43502357513737877,10,
q_half,block,PLUTARCH,not_applicable,4_7,g_shuffled,8.881784197001253e-17,2.808666774861361e-16,0.0,8.881784197001252e-16,10,
q_half,block,PLUTARCH,not_applicable,4_7,q,0.4263525675800534,0.004925605633260664,0.42111434860103003,0.43502357513737877,10,
q_half,block,PLUTARCH,not_applicable,all,ce_ctw_original,4.325576675767399,0.005011903631131862,4.31569014443089,4.332091759957956,10,
q_half,block,PLUTARCH,not_applicable,all,ce_ctw_shuffled,4.63555224429656,0.00822474297881093,4.622038839883762,4.649126836786334,10,
q_half,block,PLUTARCH,not_applicable,all,ce_root_original,4.777459216857048,0.0023920872125020886,4.772273698700872,4.7797190113071295,10,
q_half,block,PLUTARCH,not_applicable,all,ce_root_shuffled,4.63555224429656,0.008224742978811104,4.622038839883762,4.649126836786335,10,
q_half,block,PLUTARCH,not_applicable,all,g_original,0.451882541089649,0.005988890059139152,0.44141535571696355,0.460865401241783,10,
q_half,block,PLUTARCH,not_applicable,all,g_shuffled,1.7763568394002506e-16,3.7448890331484815e-16,0.0,8.881784197001252e-16,10,
q_half,block,PLUTARCH,not_applicable,all,q,0.4518825410896488,0.005988890059139255,0.44141535571696355,0.460865401241783,10,
q_half,block,PLUTARCH,not_applicable,ge8,ce_ctw_original,4.359104636433145,0.0061765945839270435,4.34829172524437,4.366428901963783,10,
q_half,block,PLUTARCH,not_applicable,ge8,ce_ctw_shuffled,4.65359974001998,0.015273158119339589,4.6316457464752245,4.673527287719517,10,
q_half,block,PLUTARCH,not_applicable,ge8,ce_root_original,4.820268969907235,0.002690769824909123,4.814892133273794,4.823556442832639,10,
q_half,block,PLUTARCH,not_applicable,ge8,ce_root_shuffled,4.65359974001998,0.015273158119339728,4.6316457464752245,4.673527287719517,10,
q_half,block,PLUTARCH,not_applicable,ge8,g_original,0.46116433347409036,0.007705334870161215,0.44856514059241803,0.4721821635010599,10,
q_half,block,PLUTARCH,not_applicable,ge8,g_shuffled,1.7763568394002506e-16,3.7448890331484815e-16,0.0,8.881784197001252e-16,10,
q_half,block,PLUTARCH,not_applicable,ge8,q,0.46116433347409014,0.007705334870161303,0.44856514059241803,0.4721821635010599,10,
q_half,block,THUCYDIDES,not_applicable,4_7,ce_ctw_original,4.270088054638889,0.007226457667737772,4.25938978192429,4.279014204673199,10,
q_half,block,THUCYDIDES,not_applicable,4_7,ce_ctw_shuffled,4.596121032812052,0.009828617610460867,4.581647130848823,4.612848214369167,10,
q_half,block,THUCYDIDES,not_applicable,4_7,ce_root_original,4.650326926000165,0.0032430927305637323,4.642396343621322,4.654166733418123,10,
q_half,block,THUCYDIDES,not_applicable,4_7,ce_root_shuffled,4.596121032812053,0.0098286176104612,4.581647130848823,4.612848214369168,10,
q_half,block,THUCYDIDES,not_applicable,4_7,g_original,0.38023887136127615,0.00709558604609322,0.37129346986057143,0.3901329736658612,10,
q_half,block,THUCYDIDES,not_applicable,4_7,g_shuffled,2.6645352591003756e-16,4.290309365903226e-16,0.0,8.881784197001252e-16,10,
q_half,block,THUCYDIDES,not_applicable,4_7,q,0.3802388713612759,0.007095586046093105,0.37129346986057143,0.3901329736658603,10,
q_half,block,THUCYDIDES,not_applicable,all,ce_ctw_original,4.3886172418209375,0.00665366040295901,4.379831920921242,4.398134545059999,10,
q_half,block,THUCYDIDES,not_applicable,all,ce_ctw_shuffled,4.616403960988192,0.006567568174246181,4.606670943174059,4.628212499610212,10,
q_half,block,THUCYDIDES,not_applicable,all,ce_root_original,4.755130015543652,0.0034603461668501695,4.747960994966986,4.760383161670333,10,
q_half,block,THUCYDIDES,not_applicable,all,ce_root_shuffled,4.616403960988192,0.006567568174246035,4.60667094317406,4.628212499610212,10,
q_half,block,THUCYDIDES,not_applicable,all,g_original,0.36651277372271435,0.0052846184296293135,0.35731189299102084,0.3768186643024647,10,
q_half,block,THUCYDIDES,not_applicable,all,g_shuffled,8.881784197001253e-17,2.808666774861361e-16,0.0,8.881784197001252e-16,10,
q_half,block,THUCYDIDES,not_applicable,all,q,0.36651277372271424,0.005284618429629121,0.35731189299102084,0.3768186643024638,10,
q_half,block,THUCYDIDES,not_applicable,ge8,ce_ctw_original,4.433625747606561,0.008045355849803303,4.42256897967426,4.445094318596005,10,
q_half,block,THUCYDIDES,not_applicable,ge8,ce_ctw_shuffled,4.624105897632395,0.010133362177960098,4.608680710886006,4.638910111288898,10,
q_half,block,THUCYDIDES,not_applicable,ge8,ce_root_original,4.794926377724254,0.003744021312855174,4.788046541268347,4.800716204013526,10,
q_half,block,THUCYDIDES,not_applicable,ge8,ce_root_shuffled,4.624105897632395,0.010133362177960098,4.608680710886006,4.638910111288898,10,
q_half,block,THUCYDIDES,not_applicable,ge8,g_original,0.3613006301176931,0.0061444757723841245,0.35027777573338525,0.3717628870356071,10,
q_half,block,THUCYDIDES,not_applicable,ge8,g_shuffled,0.0,0.0,0.0,0.0,10,
q_half,block,THUCYDIDES,not_applicable,ge8,q,0.3613006301176931,0.0061444757723841245,0.35027777573338525,0.3717628870356071,10,
q_half,block_difference,ATHENAEUS,not_applicable,4_7,ce_ctw_original,0.07609310926239372,0.005554412136311457,0.06546303090097894,0.08760007306686646,10,
q_half,block_difference,ATHENAEUS,not_applicable,4_7,ce_ctw_shuffled,0.0010627740942277697,0.0015871085142806674,-0.0012363014554619411,0.004272561029128319,10,
q_half,block_difference,ATHENAEUS,not_applicable,4_7,ce_root_original,0.001035330634423115,0.0026362171899730765,-0.0036212243362561125,0.004288436302592125,10,
q_half,block_difference,ATHENAEUS,not_applicable,4_7,ce_root_shuffled,0.0010627740942275032,0.0015871085142808994,-0.0012363014554628293,0.004272561029128319,10,
q_half,block_difference,ATHENAEUS,not_applicable,4_7,g_original,-0.07505777862797061,0.005037297095391603,-0.08452465743425996,-0.06908425523723505,10,
q_half,block_difference,ATHENAEUS,not_applicable,4_7,g_shuffled,-2.6645352591003756e-16,4.2903093659032255e-16,-8.881784197001252e-16,0.0,10,
q_half,block_difference,ATHENAEUS,not_applicable,4_7,q,-0.07505777862797033,0.00503729709539162,-0.08452465743425996,-0.06908425523723416,10,
q_half,block_difference,ATHENAEUS,not_applicable,all,ce_ctw_original,0.08047677477821172,0.005260605879556323,0.07165444760472273,0.08782151666633276,10,
q_half,block_difference,ATHENAEUS,not_applicable,all,ce_ctw_shuffled,0.0005247760226425591,0.0018672699388686826,-0.0025078247514054297,0.0038881109138593217,10,
q_half,block_difference,ATHENAEUS,not_applicable,all,ce_root_original,-0.0001504303835636378,0.0024036336964389743,-0.0052627623819798686,0.0027674462982281156,10,
q_half,block_difference,ATHENAEUS,not_applicable,all,ce_root_shuffled,0.0005247760226424703,0.001867269938868702,-0.0025078247514054297,0.0038881109138593217,10,
q_half,block_difference,ATHENAEUS,not_applicable,all,g_original,-0.08062720516177535,0.004564833798917508,-0.08635282797177446,-0.07305052338038198,10,
q_half,block_difference,ATHENAEUS,not_applicable,all,g_shuffled,-8.881784197001253e-17,2.808666774861361e-16,-8.881784197001252e-16,0.0,10,
q_half,block_difference,ATHENAEUS,not_applicable,all,q,-0.08062720516177527,0.004564833798917461,-0.08635282797177446,-0.07305052338038198,10,
q_half,block_difference,ATHENAEUS,not_applicable,ge8,ce_ctw_original,0.08271462610624178,0.005788852198092305,0.07439896618138064,0.09009348553138796,10,
q_half,block_difference,ATHENAEUS,not_applicable,ge8,ce_ctw_shuffled,0.00025012922428873096,0.002081710238171286,-0.003156934517234866,0.00369184999981087,10,
q_half,block_difference,ATHENAEUS,not_applicable,ge8,ce_root_original,-0.0007557587005282862,0.0025789655586672075,-0.006100763840433565,0.0026102286497922123,10,
q_half,block_difference,ATHENAEUS,not_applicable,ge8,ce_root_shuffled,0.00025012922428873096,0.0020817102381710255,-0.003156934517233978,0.00369184999981087,10,
q_half,block_difference,ATHENAEUS,not_applicable,ge8,g_original,-0.08347038480677008,0.005047955060671425,-0.09137172049067921,-0.07497339928877178,10,
q_half,block_difference,ATHENAEUS,not_applicable,ge8,g_shuffled,0.0,7.251946429389431e-16,-8.881784197001252e-16,8.881784197001252e-16,10,
q_half,block_difference,ATHENAEUS,not_applicable,ge8,q,-0.08347038480677008,0.005047955060671166,-0.09137172049067832,-0.07497339928877178,10,
q_half,block_difference,DIODORUS,not_applicable,4_7,ce_ctw_original,0.06542269586774836,0.010062237238373736,0.0458953944649072,0.07955100190441611,10,
q_half,block_difference,DIODORUS,not_applicable,4_7,ce_ctw_shuffled,0.0016886609726597611,0.0033246843572916256,-0.0030528343779776534,0.006295349911452419,10,
q_half,block_difference,DIODORUS,not_applicable,4_7,ce_root_original,0.001973514680283195,0.004873215895093117,-0.006163218596241471,0.00973226432379004,10,
q_half,block_difference,DIODORUS,not_applicable,4_7,ce_root_shuffled,0.0016886609726597611,0.0033246843572916048,-0.0030528343779767653,0.006295349911452419,10,
q_half,block_difference,DIODORUS,not_applicable,4_7,g_original,-0.06344918118746516,0.01023375145949319,-0.07653109076002762,-0.03952456394161041,10,
q_half,block_difference,DIODORUS,not_applicable,4_7,g_shuffled,0.0,5.921189464667501e-16,-8.881784197001252e-16,8.881784197001252e-16,10,
q_half,block_difference,DIODORUS,not_applicable,4_7,q,-0.06344918118746516,0.010233751459492981,-0.07653109076002673,-0.03952456394161041,10,
q_half,block_difference,DIODORUS,not_applicable,all,ce_ctw_original,0.09608846477375174,0.006103295056832845,0.08584376991953713,0.10729258874209746,10,
q_half,block_difference,DIODORUS,not_applicable,all,ce_ctw_shuffled,0.0015406186775125618,0.0036140048032924418,-0.003717546782758596,0.006925006673760947,10,
q_half,block_difference,DIODORUS,not_applicable,all,ce_root_original,0.0012829980709399892,0.00458489666894634,-0.004860636867758394,0.008293506194961608,10,
q_half,block_difference,DIODORUS,not_applicable,all,ce_root_shuffled,0.0015406186775125618,0.003614004803292388,-0.003717546782757708,0.006925006673760947,10,
q_half,block_difference,DIODORUS,not_applicable,all,g_original,-0.09480546670281176,0.006058698450401674,-0.1027229786740187,-0.08142438788990924,10,
q_half,block_difference,DIODORUS,not_applicable,all,g_shuffled,0.0,4.1869132231567334e-16,-8.881784197001252e-16,8.881784197001252e-16,10,
q_half,block_difference,DIODORUS,not_applicable,all,q,-0.09480546670281176,0.006058698450401612,-0.1027229786740187,-0.08142438788990924,10,
q_half,block_difference,DIODORUS,not_applicable,ge8,ce_ctw_original,0.10550658667811748,0.005874318246518158,0.0981127813722189,0.11734759400765071,10,
q_half,block_difference,DIODORUS,not_applicable,ge8,ce_ctw_shuffled,0.0014951516818219267,0.0037624518149600925,-0.003921694361081585,0.0071183879049145915,10,
q_half,block_difference,DIODORUS,not_applicable,ge8,ce_root_original,0.0010709254624324594,0.0047123744041858455,-0.005309034360385212,0.009013944819632691,10,
q_half,block_difference,DIODORUS,not_applicable,ge8,ce_root_shuffled,0.0014951516818220156,0.0037624518149599506,-0.0039216943610806965,0.0071183879049145915,10,
q_half,block_difference,DIODORUS,not_applicable,ge8,g_original,-0.10443566121568501,0.005804473224940095,-0.11076707481377657,-0.09429273144672923,10,
q_half,block_difference,DIODORUS,not_applicable,ge8,g_shuffled,8.881784197001253e-17,2.808666774861361e-16,0.0,8.881784197001252e-16,10,
q_half,block_difference,DIODORUS,not_applicable,ge8,q,-0.10443566121568511,0.005804473224940127,-0.11076707481377657,-0.09429273144672923,10,
q_half,block_difference,HERODOTUS,not_applicable,4_7,ce_ctw_original,0.06862704061630706,0.004079264770251263,0.06141374754057338,0.07552252995131958,10,
q_half,block_difference,HERODOTUS,not_applicable,4_7,ce_ctw_shuffled,-0.0005916084459553162,0.0035478755933074165,-0.006051532012736338,0.005631393477129265,10,
q_half,block_difference,HERODOTUS,not_applicable,4_7,ce_root_original,0.0005304132179828613,0.0033624264259463944,-0.00649561573898616,0.005295087404457277,10,
q_half,block_difference,HERODOTUS,not_applicable,4_7,ce_root_shuffled,-0.0005916084459553162,0.0035478755933072417,-0.006051532012736338,0.005631393477129265,10,
q_half,block_difference,HERODOTUS,not_applicable,4_7,g_original,-0.0680966273983242,0.004832482330889842,-0.07590470534582039,-0.06254486794157987,10,
q_half,block_difference,HERODOTUS,not_applicable,4_7,g_shuffled,0.0,4.1869132231567334e-16,-8.881784197001252e-16,8.881784197001252e-16,10,
q_half,block_difference,HERODOTUS,not_applicable,4_7,q,-0.0680966273983242,0.004832482330889728,-0.07590470534582039,-0.06254486794157987,10,
q_half,block_difference,HERODOTUS,not_applicable,all,ce_ctw_original,0.07993002946246604,0.005302712351483229,0.07090536710123096,0.08753240682019214,10,
q_half,block_difference,HERODOTUS,not_applicable,all,ce_ctw_shuffled,0.00043476394642922856,0.0028317321457148937,-0.005679606267720239,0.004229911886228344,10,
q_half,block_difference,HERODOTUS,not_applicable,all,ce_root_original,0.0011343747636261448,0.0029161935910326934,-0.005211579929275345,0.004156097488325017,10,
q_half,block_difference,HERODOTUS,not_applicable,all,ce_root_shuffled,0.00043476394642931736,0.002831732145714934,-0.005679606267720239,0.004229911886228344,10,
q_half,block_difference,HERODOTUS,not_applicable,all,g_original,-0.0787956546988399,0.00419799617776803,-0.08492624238520019,-0.07190260878004384,10,
q_half,block_difference,HERODOTUS,not_applicable,all,g_shuffled,8.881784197001253e-17,2.808666774861361e-16,0.0,8.881784197001252e-16,10,
q_half,block_difference,HERODOTUS,not_applicable,all,q,-0.07879565469883998,0.00419799617776805,-0.08492624238520019,-0.07190260878004384,10,
q_half,block_difference,HERODOTUS,not_applicable,ge8,ce_ctw_original,0.0849419579540677,0.0064397041800962765,0.07312855038342647,0.09285778092070629,10,
q_half,block_difference,HERODOTUS,not_applicable,ge8,ce_ctw_shuffled,0.0008898741041405422,0.0027757223857850935,-0.005514688362945996,0.003608472228849635,10,
q_half,block_difference,HERODOTUS,not_applicable,ge8,ce_root_original,0.0014021811040237254,0.0031853100555732923,-0.004642217635236534,0.005097416515161157,10,
q_half,block_difference,HERODOTUS,not_applicable,ge8,ce_root_shuffled,0.0008898741041405422,0.00277572238578506,-0.005514688362945996,0.003608472228849635,10,
q_half,block_difference,HERODOTUS,not_applicable,ge8,g_original,-0.08353977685004396,0.004599311444713869,-0.0908553151076541,-0.07588242014618718,10,
q_half,block_difference,HERODOTUS,not_applicable,ge8,g_shuffled,0.0,4.1869132231567334e-16,-8.881784197001252e-16,8.881784197001252e-16,10,
q_half,block_difference,HERODOTUS,not_applicable,ge8,q,-0.08353977685004396,0.004599311444713879,-0.0908553151076541,-0.07588242014618718,10,
q_half,block_difference,HESIODIC_TRADITION,not_applicable,4_7,ce_ctw_original,0.04813634420137687,0.017779080800845913,0.02529964697212872,0.07971585891099675,10,
q_half,block_difference,HESIODIC_TRADITION,not_applicable,4_7,ce_ctw_shuffled,0.0034160602223318294,0.007106793473225562,-0.0077386070250122785,0.01634848201344319,10,
q_half,block_difference,HESIODIC_TRADITION,not_applicable,4_7,ce_root_original,0.0033648299993288334,0.008815465912631508,-0.009511332527918803,0.01847603036071188,10,
q_half,block_difference,HESIODIC_TRADITION,not_applicable,4_7,ce_root_shuffled,0.0034160602223318294,0.007106793473225308,-0.0077386070250122785,0.0163484820134423,10,
q_half,block_difference,HESIODIC_TRADITION,not_applicable,4_7,g_original,-0.044771514202048036,0.012435626228191572,-0.0650642918099722,-0.02018223567155797,10,
q_half,block_difference,HESIODIC_TRADITION,not_applicable,4_7,g_shuffled,0.0,4.1869132231567334e-16,-8.881784197001252e-16,8.881784197001252e-16,10,
q_half,block_difference,HESIODIC_TRADITION,not_applicable,4_7,q,-0.044771514202048036,0.012435626228191426,-0.0650642918099722,-0.02018223567155797,10,
q_half,block_difference,HESIODIC_TRADITION,not_applicable,all,ce_ctw_original,0.0560435123184976,0.018570521910738547,0.030902742508314596,0.0859463199976922,10,
q_half,block_difference,HESIODIC_TRADITION,not_applicable,all,ce_ctw_shuffled,0.0027240212022021206,0.008525201927182004,-0.010411147347785032,0.015581765600312991,10,
q_half,block_difference,HESIODIC_TRADITION,not_applicable,all,ce_root_original,0.0030473232603720037,0.009875331477139742,-0.011318900391867004,0.017551545503393662,10,
q_half,block_difference,HESIODIC_TRADITION,not_applicable,all,ce_root_shuffled,0.002724021202202209,0.008525201927181921,-0.010411147347785032,0.015581765600312991,10,
q_half,block_difference,HESIODIC_TRADITION,not_applicable,all,g_original,-0.0529961890581256,0.013292575410690236,-0.068737438514054,-0.026446337875197123,10,
q_half,block_difference,HESIODIC_TRADITION,not_applicable,all,g_shuffled,8.881784197001253e-17,2.808666774861361e-16,0.0,8.881784197001252e-16,10,
q_half,block_difference,HESIODIC_TRADITION,not_applicable,all,q,-0.052996189058125684,0.013292575410690325,-0.068737438514054,-0.026446337875197123,10,
q_half,block_difference,HESIODIC_TRADITION,not_applicable,ge8,ce_ctw_original,0.06083362297886907,0.019805536167268732,0.03371977674588944,0.08972069251998516,10,
q_half,block_difference,HESIODIC_TRADITION,not_applicable,ge8,ce_ctw_shuffled,0.0023047884960529785,0.009654997826167671,-0.012030154772538992,0.015117293818556199,10,
q_half,block_difference,HESIODIC_TRADITION,not_applicable,ge8,ce_root_original,0.0028549797573005796,0.010574794518799226,-0.012413913165872259,0.018758085788469714,10,
q_half,block_difference,HESIODIC_TRADITION,not_applicable,ge8,ce_root_shuffled,0.0023047884960530674,0.009654997826167678,-0.012030154772538992,0.015117293818556199,10,
q_half,block_difference,HESIODIC_TRADITION,not_applicable,ge8,g_original,-0.057978643221568496,0.015036214963434474,-0.0781812899164267,-0.030241089965814538,10,
q_half,block_difference,HESIODIC_TRADITION,not_applicable,ge8,g_shuffled,8.881784197001253e-17,2.808666774861361e-16,0.0,8.881784197001252e-16,10,
q_half,block_difference,HESIODIC_TRADITION,not_applicable,ge8,q,-0.05797864322156858,0.01503621496343429,-0.0781812899164267,-0.030241089965815426,10,
q_half,block_difference,HOMERIC_TRADITION,not_applicable,4_7,ce_ctw_original,0.04365605003704367,0.011092824603033182,0.029977019264197047,0.060521957994683184,10,
q_half,block_difference,HOMERIC_TRADITION,not_applicable,4_7,ce_ctw_shuffled,0.0022926240844488356,0.0039022201764129277,-0.00226086203713205,0.0107410799561789,10,
q_half,block_difference,HOMERIC_TRADITION,not_applicable,4_7,ce_root_original,0.001253170678470017,0.0037655215526893513,-0.0036150911533425756,0.008495506200718594,10,
q_half,block_difference,HOMERIC_TRADITION,not_applicable,4_7,ce_root_shuffled,0.0022926240844489245,0.0039022201764127512,-0.00226086203713205,0.0107410799561789,10,
q_half,block_difference,HOMERIC_TRADITION,not_applicable,4_7,g_original,-0.042402879358573654,0.009478726389599849,-0.05872875181739623,-0.02804830394322444,10,
q_half,block_difference,HOMERIC_TRADITION,not_applicable,4_7,g_shuffled,8.881784197001253e-17,5.04171115698379e-16,-8.881784197001252e-16,8.881784197001252e-16,10,
q_half,block_difference,HOMERIC_TRADITION,not_applicable,4_7,q,-0.042402879358573745,0.009478726389599696,-0.05872875181739623,-0.02804830394322444,10,
q_half,block_difference,HOMERIC_TRADITION,not_applicable,all,ce_ctw_original,0.047498429842529166,0.008748038038224952,0.03521448911760938,0.060927162262026435,10,
q_half,block_difference,HOMERIC_TRADITION,not_applicable,all,ce_ctw_shuffled,0.0022513321400685626,0.003907275586527377,-0.003452512445892175,0.010635920551250955,10,
q_half,block_difference,HOMERIC_TRADITION,not_applicable,all,ce_root_original,0.001795340776415255,0.003487326193045828,-0.0014971779252395123,0.009268698697073141,10,
q_half,block_difference,HOMERIC_TRADITION,not_applicable,all,ce_root_shuffled,0.0022513321400687404,0.003907275586527359,-0.003452512445892175,0.010635920551250955,10,
q_half,block_difference,HOMERIC_TRADITION,not_applicable,all,g_original,-0.04570308906611391,0.008674876117027464,-0.06137604449178902,-0.03230359873090727,10,
q_half,block_difference,HOMERIC_TRADITION,not_applicable,all,g_shuffled,1.7763568394002506e-16,3.7448890331484815e-16,0.0,8.881784197001252e-16,10,
q_half,block_difference,HOMERIC_TRADITION,not_applicable,all,q,-0.04570308906611409,0.008674876117027427,-0.06137604449178902,-0.03230359873090727,10,
q_half,block_difference,HOMERIC_TRADITION,not_applicable,ge8,ce_ctw_original,0.050445181240355554,0.008458099493528515,0.03664046106599983,0.06319698272494456,10,
q_half,block_difference,HOMERIC_TRADITION,not_applicable,ge8,ce_ctw_shuffled,0.002219665022036921,0.004071473234417163,-0.004366398549165318,0.010555272973667762,10,
q_half,block_difference,HOMERIC_TRADITION,not_applicable,ge8,ce_root_original,0.002211135303468037,0.004509910519002825,-0.0021683575242370523,0.009861666124750812,10,
q_half,block_difference,HOMERIC_TRADITION,not_applicable,ge8,ce_root_shuffled,0.0022196650220370094,0.00407147323441721,-0.004366398549165318,0.010555272973667762,10,
q_half,block_difference,HOMERIC_TRADITION,not_applicable,ge8,g_original,-0.048234045936887515,0.009055130570308129,-0.0634062741368604,-0.035567017887404795,10,
q_half,block_difference,HOMERIC_TRADITION,not_applicable,ge8,g_shuffled,8.881784197001253e-17,2.808666774861361e-16,0.0,8.881784197001252e-16,10,
q_half,block_difference,HOMERIC_TRADITION,not_applicable,ge8,q,-0.048234045936887605,0.009055130570308054,-0.0634062741368604,-0.035567017887404795,10,
q_half,block_difference,PLUTARCH,not_applicable,4_7,ce_ctw_original,0.07192808169812599,0.006261274548542197,0.058296948539647175,0.08048454455599874,10,
q_half,block_difference,PLUTARCH,not_applicable,4_7,ce_ctw_shuffled,0.00020254482988901756,0.0032848182197414235,-0.004935362826692824,0.004667361815559268,10,
q_half,block_difference,PLUTARCH,not_applicable,4_7,ce_root_original,0.0007710027716279378,0.003027079120626071,-0.005569946272554027,0.004599030750496169,10,
q_half,block_difference,PLUTARCH,not_applicable,4_7,ce_root_shuffled,0.00020254482988901756,0.003284818219741233,-0.004935362826692824,0.004667361815559268,10,
q_half,block_difference,PLUTARCH,not_applicable,4_7,g_original,-0.07115707892649806,0.0066647754454737555,-0.08014792921281089,-0.058192106646630215,10,
q_half,block_difference,PLUTARCH,not_applicable,4_7,g_shuffled,0.0,4.1869132231567334e-16,-8.881784197001252e-16,8.881784197001252e-16,10,
q_half,block_difference,PLUTARCH,not_applicable,4_7,q,-0.07115707892649806,0.00666477544547379,-0.08014792921281177,-0.058192106646630215,10,
q_half,block_difference,PLUTARCH,not_applicable,all,ce_ctw_original,0.08988314524945,0.004997864232330233,0.08109822647795273,0.0963046213166594,10,
q_half,block_difference,PLUTARCH,not_applicable,all,ce_ctw_shuffled,0.0004464279687309336,0.002734049635992541,-0.0033257600175335966,0.003934136742708816,10,
q_half,block_difference,PLUTARCH,not_applicable,all,ce_root_original,2.049020544276914e-05,0.002723871947959063,-0.0037399577574719345,0.004338852566626805,10,
q_half,block_difference,PLUTARCH,not_applicable,all,ce_root_shuffled,0.0004464279687311112,0.002734049635992669,-0.0033257600175335966,0.003934136742708816,10,
q_half,block_difference,PLUTARCH,not_applicable,all,g_original,-0.08986265504400723,0.004639811601082076,-0.09861695134419612,-0.08431632241824438,10,
q_half,block_difference,PLUTARCH,not_applicable,all,g_shuffled,1.7763568394002506e-16,3.7448890331484815e-16,0.0,8.881784197001252e-16,10,
q_half,block_difference,PLUTARCH,not_applicable,all,q,-0.08986265504400741,0.004639811601082035,-0.09861695134419612,-0.08431632241824438,10,
q_half,block_difference,PLUTARCH,not_applicable,ge8,ce_ctw_original,0.09641096918433148,0.006669599599651702,0.08533512622157335,0.10444518461911834,10,
q_half,block_difference,PLUTARCH,not_applicable,ge8,ce_ctw_shuffled,0.0005350952233191819,0.0026976083734514536,-0.0038663576100868013,0.00425822109649765,10,
q_half,block_difference,PLUTARCH,not_applicable,ge8,ce_root_original,-0.0002523695301391626,0.0028592774032995274,-0.004142327033320292,0.004244261011931094,10,
q_half,block_difference,PLUTARCH,not_applicable,ge8,ce_root_shuffled,0.0005350952233192707,0.0026976083734515026,-0.0038663576100868013,0.00425822109649765,10,
q_half,block_difference,PLUTARCH,not_applicable,ge8,g_original,-0.09666333871447064,0.00621929428506764,-0.10533163237990628,-0.0871975619142491,10,
q_half,block_difference,PLUTARCH,not_applicable,ge8,g_shuffled,8.881784197001253e-17,2.808666774861361e-16,0.0,8.881784197001252e-16,10,
q_half,block_difference,PLUTARCH,not_applicable,ge8,q,-0.09666333871447072,0.00621929428506761,-0.10533163237990628,-0.0871975619142491,10,
q_half,block_difference,THUCYDIDES,not_applicable,4_7,ce_ctw_original,0.05423749850406203,0.005222087595127501,0.044629316578126854,0.0632744216268808,10,
q_half,block_difference,THUCYDIDES,not_applicable,4_7,ce_ctw_shuffled,0.0014299340762629954,0.0024725458512328225,-0.0019981286285100097,0.006333430774061455,10,
q_half,block_difference,THUCYDIDES,not_applicable,4_7,ce_root_original,0.002074658497547244,0.002635649562705434,-0.003405397223888329,0.005529087962889534,10,
q_half,block_difference,THUCYDIDES,not_applicable,4_7,ce_root_shuffled,0.001429934076263173,0.002472545851232877,-0.0019981286285100097,0.006333430774062343,10,
q_half,block_difference,THUCYDIDES,not_applicable,4_7,g_original,-0.05216284000651479,0.005264071967654639,-0.05980273226009558,-0.043330127318284006,10,
q_half,block_difference,THUCYDIDES,not_applicable,4_7,g_shuffled,1.7763568394002506e-16,5.617333549722722e-16,-8.881784197001252e-16,8.881784197001252e-16,10,
q_half,block_difference,THUCYDIDES,not_applicable,4_7,q,-0.052162840006514964,0.0052640719676543355,-0.05980273226009469,-0.043330127318284006,10,
q_half,block_difference,THUCYDIDES,not_applicable,all,ce_ctw_original,0.0641381910887195,0.005315043226868313,0.056399798615940355,0.07227657481025052,10,
q_half,block_difference,THUCYDIDES,not_applicable,all,ce_ctw_shuffled,0.0015102980550175005,0.0027153362953111428,-0.0035043700824228807,0.005596641065583441,10,
q_half,block_difference,THUCYDIDES,not_applicable,all,ce_root_original,0.0015257020957565536,0.0028413548316037415,-0.004441886091363756,0.005419052120711143,10,
q_half,block_difference,THUCYDIDES,not_applicable,all,ce_root_shuffled,0.0015102980550175892,0.002715336295311057,-0.0035043700824228807,0.005596641065583441,10,
q_half,block_difference,THUCYDIDES,not_applicable,all,g_original,-0.06261248899296294,0.0037383910962140456,-0.067233169072904,-0.05523662704374743,10,
q_half,block_difference,THUCYDIDES,not_applicable,all,g_shuffled,8.881784197001253e-17,2.808666774861361e-16,0.0,8.881784197001252e-16,10,
q_half,block_difference,THUCYDIDES,not_applicable,all,q,-0.06261248899296304,0.003738391096213851,-0.067233169072904,-0.05523662704374832,10,
q_half,block_difference,THUCYDIDES,not_applicable,ge8,ce_ctw_original,0.06789773243100372,0.006671360149879034,0.05759617422224039,0.07894621121248147,10,
q_half,block_difference,THUCYDIDES,not_applicable,ge8,ce_ctw_shuffled,0.00154081427375381,0.0029434232118695346,-0.00407632774791189,0.005316863530232752,10,
q_half,block_difference,THUCYDIDES,not_applicable,ge8,ce_root_original,0.0013172495789255834,0.003111367258270564,-0.004835466915610098,0.005377268751085573,10,
q_half,block_difference,THUCYDIDES,not_applicable,ge8,ce_root_shuffled,0.0015408142737537212,0.0029434232118695615,-0.00407632774791189,0.005316863530232752,10,
q_half,block_difference,THUCYDIDES,not_applicable,ge8,g_original,-0.06658048285207814,0.004798680237453064,-0.07356894246139589,-0.05851307880358814,10,
q_half,block_difference,THUCYDIDES,not_applicable,ge8,g_shuffled,-8.881784197001253e-17,2.808666774861361e-16,-8.881784197001252e-16,0.0,10,
q_half,block_difference,THUCYDIDES,not_applicable,ge8,q,-0.06658048285207804,0.0047986802374531,-0.07356894246139589,-0.05851307880358814,10,
q_half,document,tlg0003.tlg001.perseus-grc1.1.tb.xml,not_applicable,4_7,ce_ctw_original,4.270088054638889,0.007226457667737772,4.25938978192429,4.279014204673199,10,
q_half,document,tlg0003.tlg001.perseus-grc1.1.tb.xml,not_applicable,4_7,ce_ctw_shuffled,4.596121032812052,0.009828617610460867,4.581647130848823,4.612848214369167,10,
q_half,document,tlg0003.tlg001.perseus-grc1.1.tb.xml,not_applicable,4_7,ce_root_original,4.650326926000165,0.0032430927305637323,4.642396343621322,4.654166733418123,10,
q_half,document,tlg0003.tlg001.perseus-grc1.1.tb.xml,not_applicable,4_7,ce_root_shuffled,4.596121032812053,0.0098286176104612,4.581647130848823,4.612848214369168,10,
q_half,document,tlg0003.tlg001.perseus-grc1.1.tb.xml,not_applicable,4_7,g_original,0.38023887136127615,0.00709558604609322,0.37129346986057143,0.3901329736658612,10,
q_half,document,tlg0003.tlg001.perseus-grc1.1.tb.xml,not_applicable,4_7,g_shuffled,2.6645352591003756e-16,4.290309365903226e-16,0.0,8.881784197001252e-16,10,
q_half,document,tlg0003.tlg001.perseus-grc1.1.tb.xml,not_applicable,4_7,q,0.3802388713612759,0.007095586046093105,0.37129346986057143,0.3901329736658603,10,
q_half,document,tlg0003.tlg001.perseus-grc1.1.tb.xml,not_applicable,all,ce_ctw_original,4.3886172418209375,0.00665366040295901,4.379831920921242,4.398134545059999,10,
q_half,document,tlg0003.tlg001.perseus-grc1.1.tb.xml,not_applicable,all,ce_ctw_shuffled,4.616403960988192,0.006567568174246181,4.606670943174059,4.628212499610212,10,
q_half,document,tlg0003.tlg001.perseus-grc1.1.tb.xml,not_applicable,all,ce_root_original,4.755130015543652,0.0034603461668501695,4.747960994966986,4.760383161670333,10,
q_half,document,tlg0003.tlg001.perseus-grc1.1.tb.xml,not_applicable,all,ce_root_shuffled,4.616403960988192,0.006567568174246035,4.60667094317406,4.628212499610212,10,
q_half,document,tlg0003.tlg001.perseus-grc1.1.tb.xml,not_applicable,all,g_original,0.36651277372271435,0.0052846184296293135,0.35731189299102084,0.3768186643024647,10,
q_half,document,tlg0003.tlg001.perseus-grc1.1.tb.xml,not_applicable,all,g_shuffled,8.881784197001253e-17,2.808666774861361e-16,0.0,8.881784197001252e-16,10,
q_half,document,tlg0003.tlg001.perseus-grc1.1.tb.xml,not_applicable,all,q,0.36651277372271424,0.005284618429629121,0.35731189299102084,0.3768186643024638,10,
q_half,document,tlg0003.tlg001.perseus-grc1.1.tb.xml,not_applicable,ge8,ce_ctw_original,4.433625747606561,0.008045355849803303,4.42256897967426,4.445094318596005,10,
q_half,document,tlg0003.tlg001.perseus-grc1.1.tb.xml,not_applicable,ge8,ce_ctw_shuffled,4.624105897632395,0.010133362177960098,4.608680710886006,4.638910111288898,10,
q_half,document,tlg0003.tlg001.perseus-grc1.1.tb.xml,not_applicable,ge8,ce_root_original,4.794926377724254,0.003744021312855174,4.788046541268347,4.800716204013526,10,
q_half,document,tlg0003.tlg001.perseus-grc1.1.tb.xml,not_applicable,ge8,ce_root_shuffled,4.624105897632395,0.010133362177960098,4.608680710886006,4.638910111288898,10,
q_half,document,tlg0003.tlg001.perseus-grc1.1.tb.xml,not_applicable,ge8,g_original,0.3613006301176931,0.0061444757723841245,0.35027777573338525,0.3717628870356071,10,
q_half,document,tlg0003.tlg001.perseus-grc1.1.tb.xml,not_applicable,ge8,g_shuffled,0.0,0.0,0.0,0.0,10,
q_half,document,tlg0003.tlg001.perseus-grc1.1.tb.xml,not_applicable,ge8,q,0.3613006301176931,0.0061444757723841245,0.35027777573338525,0.3717628870356071,10,
q_half,document,tlg0007.tlg004.perseus-grc1.tb.xml,not_applicable,4_7,ce_ctw_original,4.256448867824194,0.010232661011644151,4.239807194462589,4.270383361203164,10,
q_half,document,tlg0007.tlg004.perseus-grc1.tb.xml,not_applicable,4_7,ce_ctw_shuffled,4.641568922788906,0.05716890371489048,4.547002828302964,4.708564388009822,10,
q_half,document,tlg0007.tlg004.perseus-grc1.tb.xml,not_applicable,4_7,ce_root_original,4.7103986949060666,0.0031448708752317258,4.704259807174621,4.714300992187187,10,
q_half,document,tlg0007.tlg004.perseus-grc1.tb.xml,not_applicable,4_7,ce_root_shuffled,4.641568922788906,0.05716890371489058,4.547002828302964,4.708564388009822,10,
q_half,document,tlg0007.tlg004.perseus-grc1.tb.xml,not_applicable,4_7,g_original,0.4539498270818728,0.009662930616033915,0.44274286946908603,0.46950972319361917,10,
q_half,document,tlg0007.tlg004.perseus-grc1.tb.xml,not_applicable,4_7,g_shuffled,8.881784197001253e-17,2.808666774861361e-16,0.0,8.881784197001252e-16,10,
q_half,document,tlg0007.tlg004.perseus-grc1.tb.xml,not_applicable,4_7,q,0.45394982708187276,0.009662930616033889,0.44274286946908603,0.46950972319361917,10,
q_half,document,tlg0007.tlg004.perseus-grc1.tb.xml,not_applicable,all,ce_ctw_original,4.401827279724763,0.005787472809988223,4.393479958213209,4.413801728008134,10,
q_half,document,tlg0007.tlg004.perseus-grc1.tb.xml,not_applicable,all,ce_ctw_shuffled,4.70159747886731,0.013500375441357043,4.676287215609319,4.721230560881465,10,
q_half,document,tlg0007.tlg004.perseus-grc1.tb.xml,not_applicable,all,ce_root_original,4.86933602202278,0.0037316114422723486,4.860932029979442,4.873188327033492,10,
q_half,document,tlg0007.tlg004.perseus-grc1.tb.xml,not_applicable,all,ce_root_shuffled,4.70159747886731,0.013500375441357187,4.676287215609319,4.721230560881466,10,
q_half,document,tlg0007.tlg004.perseus-grc1.tb.xml,not_applicable,all,g_original,0.46750874229801626,0.006009883074013984,0.45771848355232514,0.47904908563865867,10,
q_half,document,tlg0007.tlg004.perseus-grc1.tb.xml,not_applicable,all,g_shuffled,8.881784197001253e-17,2.808666774861361e-16,0.0,8.881784197001252e-16,10,
q_half,document,tlg0007.tlg004.perseus-grc1.tb.xml,not_applicable,all,q,0.46750874229801614,0.006009883074014145,0.45771848355232425,0.47904908563865867,10,
q_half,document,tlg0007.tlg004.perseus-grc1.tb.xml,not_applicable,ge8,ce_ctw_original,4.454192946005148,0.008104023120727478,4.445359799312019,4.467276559758112,10,
q_half,document,tlg0007.tlg004.perseus-grc1.tb.xml,not_applicable,ge8,ce_ctw_shuffled,4.723219914370628,0.025332869179925464,4.668342946964344,4.763369462256234,10,
q_half,document,tlg0007.tlg004.perseus-grc1.tb.xml,not_applicable,ge8,ce_root_original,4.926585643355708,0.004508042655668733,4.9173657550941074,4.932126252724626,10,
q_half,document,tlg0007.tlg004.perseus-grc1.tb.xml,not_applicable,ge8,ce_root_shuffled,4.723219914370628,0.025332869179925523,4.668342946964344,4.763369462256234,10,
q_half,document,tlg0007.tlg004.perseus-grc1.tb.xml,not_applicable,ge8,g_original,0.47239269735055994,0.008721836217546148,0.4614724315957668,0.48656604777730283,10,
q_half,document,tlg0007.tlg004.perseus-grc1.tb.xml,not_applicable,ge8,g_shuffled,8.881784197001253e-17,2.808666774861361e-16,0.0,8.881784197001252e-16,10,
q_half,document,tlg0007.tlg004.perseus-grc1.tb.xml,not_applicable,ge8,q,0.47239269735055983,0.008721836217546271,0.4614724315957659,0.48656604777730283,10,
q_half,document,tlg0007.tlg015.perseus-grc1.tb.xml,not_applicable,4_7,ce_ctw_original,4.210011881688844,0.010592709091049136,4.18907179423494,4.228602951897749,10,
q_half,document,tlg0007.tlg015.perseus-grc1.tb.xml,not_applicable,4_7,ce_ctw_shuffled,4.5296464481636045,0.04921443680832645,4.473640690274912,4.606478997070062,10,
q_half,document,tlg0007.tlg015.perseus-grc1.tb.xml,not_applicable,4_7,ce_root_original,4.6084655803736165,0.003152321972521598,4.601044226368003,4.611227996258,10,
q_half,document,tlg0007.tlg015.perseus-grc1.tb.xml,not_applicable,4_7,ce_root_shuffled,4.5296464481636045,0.04921443680832645,4.473640690274912,4.606478997070062,10,
q_half,document,tlg0007.tlg015.perseus-grc1.tb.xml,not_applicable,4_7,g_original,0.39845369868477176,0.009420182606404995,0.3824294463703479,0.4119724321330631,10,
q_half,document,tlg0007.tlg015.perseus-grc1.tb.xml,not_applicable,4_7,g_shuffled,0.0,0.0,0.0,0.0,10,
q_half,document,tlg0007.tlg015.perseus-grc1.tb.xml,not_applicable,4_7,q,0.39845369868477176,0.009420182606404995,0.3824294463703479,0.4119724321330631,10,
q_half,document,tlg0007.tlg015.perseus-grc1.tb.xml,not_applicable,all,ce_ctw_original,4.247424281511803,0.007566694748044951,4.2320661876639765,4.262619024288314,10,
q_half,document,tlg0007.tlg015.perseus-grc1.tb.xml,not_applicable,all,ce_ctw_shuffled,4.567859754755589,0.00983920162310414,4.549763328705243,4.583503521523939,10,
q_half,document,tlg0007.tlg015.perseus-grc1.tb.xml,not_applicable,all,ce_root_original,4.683290883393463,0.0018024068998476295,4.679783303924993,4.686314501602525,10,
q_half,document,tlg0007.tlg015.perseus-grc1.tb.xml,not_applicable,all,ce_root_shuffled,4.567859754755589,0.00983920162310414,4.549763328705243,4.583503521523939,10,
q_half,document,tlg0007.tlg015.perseus-grc1.tb.xml,not_applicable,all,g_original,0.4358666018816604,0.00765348599937399,0.41878508780573664,0.44771711626101673,10,
q_half,document,tlg0007.tlg015.perseus-grc1.tb.xml,not_applicable,all,g_shuffled,0.0,0.0,0.0,0.0,10,
q_half,document,tlg0007.tlg015.perseus-grc1.tb.xml,not_applicable,all,q,0.4358666018816604,0.00765348599937399,0.41878508780573664,0.44771711626101673,10,
q_half,document,tlg0007.tlg015.perseus-grc1.tb.xml,not_applicable,ge8,ce_ctw_original,4.261155667728411,0.008121306769800357,4.247846320029627,4.278785552012826,10,
q_half,document,tlg0007.tlg015.perseus-grc1.tb.xml,not_applicable,ge8,ce_ctw_shuffled,4.581885095923525,0.017850487777371176,4.548262968140206,4.603513974452831,10,
q_half,document,tlg0007.tlg015.perseus-grc1.tb.xml,not_applicable,ge8,ce_root_original,4.710753840578846,0.0014918255310764844,4.708682724688991,4.713873327270492,10,
q_half,document,tlg0007.tlg015.perseus-grc1.tb.xml,not_applicable,ge8,ce_root_shuffled,4.581885095923525,0.017850487777371356,4.548262968140206,4.603513974452832,10,
q_half,document,tlg0007.tlg015.perseus-grc1.tb.xml,not_applicable,ge8,g_original,0.4495981728504345,0.008488948503969545,0.4305501188323415,0.46083640465936426,10,
q_half,document,tlg0007.tlg015.perseus-grc1.tb.xml,not_applicable,ge8,g_shuffled,1.7763568394002506e-16,3.7448890331484815e-16,0.0,8.881784197001252e-16,10,
q_half,document,tlg0007.tlg015.perseus-grc1.tb.xml,not_applicable,ge8,q,0.44959817285043435,0.008488948503969525,0.4305501188323415,0.46083640465936426,10,
q_half,document,tlg0008.tlg001.perseus-grc1.tb.xml,not_applicable,4_7,ce_ctw_original,4.24772226597719,0.0046105673879476014,4.2400899123308555,4.2551605201298415,10,
q_half,document,tlg0008.tlg001.perseus-grc1.tb.xml,not_applicable,4_7,ce_ctw_shuffled,4.534412566729796,0.011823933206421286,4.514366414962497,4.552280888742568,10,
q_half,document,tlg0008.tlg001.perseus-grc1.tb.xml,not_applicable,4_7,ce_root_original,4.607139863495763,0.0032946388707256026,4.601093338791495,4.6110733486330995,10,
q_half,document,tlg0008.tlg001.perseus-grc1.tb.xml,not_applicable,4_7,ce_root_shuffled,4.534412566729796,0.011823933206421286,4.514366414962497,4.552280888742568,10,
q_half,document,tlg0008.tlg001.perseus-grc1.tb.xml,not_applicable,4_7,g_original,0.3594175975185732,0.005476986020894923,0.3524630117362877,0.3689746217176513,10,
q_half,document,tlg0008.tlg001.perseus-grc1.tb.xml,not_applicable,4_7,g_shuffled,0.0,0.0,0.0,0.0,10,
q_half,document,tlg0008.tlg001.perseus-grc1.tb.xml,not_applicable,4_7,q,0.3594175975185732,0.005476986020894923,0.3524630117362877,0.3689746217176513,10,
q_half,document,tlg0008.tlg001.perseus-grc1.tb.xml,not_applicable,all,ce_ctw_original,4.314650481060427,0.005471556663008292,4.304913110346974,4.32009232747599,10,
q_half,document,tlg0008.tlg001.perseus-grc1.tb.xml,not_applicable,all,ce_ctw_shuffled,4.561501433540544,0.007196937074478272,4.550850191860476,4.572125279665405,10,
q_half,document,tlg0008.tlg001.perseus-grc1.tb.xml,not_applicable,all,ce_root_original,4.686049290486734,0.0031059569132766327,4.6796221612053355,4.689872194844358,10,
q_half,document,tlg0008.tlg001.perseus-grc1.tb.xml,not_applicable,all,ce_root_shuffled,4.561501433540544,0.007196937074478272,4.550850191860476,4.572125279665405,10,
q_half,document,tlg0008.tlg001.perseus-grc1.tb.xml,not_applicable,all,g_original,0.37139880942630554,0.005328125008214326,0.3636793899180981,0.381183768037304,10,
q_half,document,tlg0008.tlg001.perseus-grc1.tb.xml,not_applicable,all,g_shuffled,0.0,0.0,0.0,0.0,10,
q_half,document,tlg0008.tlg001.perseus-grc1.tb.xml,not_applicable,all,q,0.37139880942630554,0.005328125008214326,0.3636793899180981,0.381183768037304,10,
q_half,document,tlg0008.tlg001.perseus-grc1.tb.xml,not_applicable,ge8,ce_ctw_original,4.3488171834391185,0.006374979796627557,4.338005206275383,4.355809607908785,10,
q_half,document,tlg0008.tlg001.perseus-grc1.tb.xml,not_applicable,ge8,ce_ctw_shuffled,4.5753302387604,0.008326123316996116,4.562430033644065,4.585296010730329,10,
q_half,document,tlg0008.tlg001.perseus-grc1.tb.xml,not_applicable,ge8,ce_root_original,4.726332374437509,0.00336085893990744,4.719710947380584,4.730098827557273,10,
q_half,document,tlg0008.tlg001.perseus-grc1.tb.xml,not_applicable,ge8,ce_root_shuffled,4.5753302387604,0.008326123316996146,4.562430033644065,4.585296010730329,10,
q_half,document,tlg0008.tlg001.perseus-grc1.tb.xml,not_applicable,ge8,g_original,0.3775151909983889,0.0057166885252405274,0.3687137583378801,0.3874165096109845,10,
q_half,document,tlg0008.tlg001.perseus-grc1.tb.xml,not_applicable,ge8,g_shuffled,2.6645352591003756e-16,4.2903093659032255e-16,0.0,8.881784197001252e-16,10,
q_half,document,tlg0008.tlg001.perseus-grc1.tb.xml,not_applicable,ge8,q,0.37751519099838865,0.005716688525240444,0.3687137583378801,0.3874165096109845,10,
q_half,document,tlg0012.tlg001.perseus-grc1.tb.xml,not_applicable,4_7,ce_ctw_original,4.519285888618728,0.010444255608826123,4.504718409616336,4.5319114574469035,10,
q_half,document,tlg0012.tlg001.perseus-grc1.tb.xml,not_applicable,4_7,ce_ctw_shuffled,4.712352905550307,0.012409806067471798,4.696007464565386,4.736220187972261,10,
q_half,document,tlg0012.tlg001.perseus-grc1.tb.xml,not_applicable,4_7,ce_root_original,4.734382556502579,0.003924794393128314,4.729654421594585,4.741263967286072,10,
q_half,document,tlg0012.tlg001.perseus-grc1.tb.xml,not_applicable,4_7,ce_root_shuffled,4.712352905550307,0.01240980606747175,4.696007464565386,4.736220187972261,10,
q_half,document,tlg0012.tlg001.perseus-grc1.tb.xml,not_applicable,4_7,g_original,0.21509666788384935,0.009003223130193111,0.20149219954504538,0.22873674839387803,10,
q_half,document,tlg0012.tlg001.perseus-grc1.tb.xml,not_applicable,4_7,g_shuffled,1.7763568394002506e-16,3.7448890331484815e-16,0.0,8.881784197001252e-16,10,
q_half,document,tlg0012.tlg001.perseus-grc1.tb.xml,not_applicable,4_7,q,0.21509666788384915,0.009003223130193019,0.20149219954504538,0.22873674839387803,10,
q_half,document,tlg0012.tlg001.perseus-grc1.tb.xml,not_applicable,all,ce_ctw_original,4.603179109650177,0.008907621311013579,4.588907044566797,4.613953771531876,10,
q_half,document,tlg0012.tlg001.perseus-grc1.tb.xml,not_applicable,all,ce_ctw_shuffled,4.725183771797069,0.006408455216787703,4.717257400133145,4.736591610251303,10,
q_half,document,tlg0012.tlg001.perseus-grc1.tb.xml,not_applicable,all,ce_root_original,4.819476480912734,0.003811734237320027,4.815013585651904,4.826537965441111,10,
q_half,document,tlg0012.tlg001.perseus-grc1.tb.xml,not_applicable,all,ce_root_shuffled,4.725183771797069,0.0064084552167875805,4.717257400133146,4.736591610251303,10,
q_half,document,tlg0012.tlg001.perseus-grc1.tb.xml,not_applicable,all,g_original,0.21629737126255763,0.00839875189301575,0.20338348921171168,0.23025360253991956,10,
q_half,document,tlg0012.tlg001.perseus-grc1.tb.xml,not_applicable,all,g_shuffled,8.881784197001253e-17,2.808666774861361e-16,0.0,8.881784197001252e-16,10,
q_half,document,tlg0012.tlg001.perseus-grc1.tb.xml,not_applicable,all,q,0.21629737126255755,0.008398751893015663,0.20338348921171168,0.23025360253991956,10,
q_half,document,tlg0012.tlg001.perseus-grc1.tb.xml,not_applicable,ge8,ce_ctw_original,4.667676995227091,0.009331912408151951,4.652256940060262,4.681400796330555,10,
q_half,document,tlg0012.tlg001.perseus-grc1.tb.xml,not_applicable,ge8,ce_ctw_shuffled,4.735048260642076,0.0072131323877199505,4.724038548006768,4.743883252589823,10,
q_half,document,tlg0012.tlg001.perseus-grc1.tb.xml,not_applicable,ge8,ce_root_original,4.88489747837139,0.004696252408207683,4.87959793666745,4.892430557330629,10,
q_half,document,tlg0012.tlg001.perseus-grc1.tb.xml,not_applicable,ge8,ce_root_shuffled,4.735048260642076,0.007213132387719965,4.724038548006768,4.743883252589823,10,
q_half,document,tlg0012.tlg001.perseus-grc1.tb.xml,not_applicable,ge8,g_original,0.2172204831442998,0.009132413935999999,0.20483753022972895,0.23141977406063852,10,
q_half,document,tlg0012.tlg001.perseus-grc1.tb.xml,not_applicable,ge8,g_shuffled,8.881784197001253e-17,2.808666774861361e-16,0.0,8.881784197001252e-16,10,
q_half,document,tlg0012.tlg001.perseus-grc1.tb.xml,not_applicable,ge8,q,0.2172204831442997,0.009132413935999947,0.20483753022972895,0.23141977406063852,10,
q_half,document,tlg0013.tlg002.perseus-grc1.tb.xml,not_applicable,4_7,ce_ctw_original,4.574773587720933,0.02272148258757764,4.539643065073801,4.612639159608789,10,
q_half,document,tlg0013.tlg002.perseus-grc1.tb.xml,not_applicable,4_7,ce_ctw_shuffled,4.769458530823144,0.03329466185626268,4.711900184575107,4.823664922141717,10,
q_half,document,tlg0013.tlg002.perseus-grc1.tb.xml,not_applicable,4_7,ce_root_original,4.778254164813665,0.008101522904342356,4.772205296684702,4.800246554423149,10,
q_half,document,tlg0013.tlg002.perseus-grc1.tb.xml,not_applicable,4_7,ce_root_shuffled,4.769458530823144,0.03329466185626268,4.711900184575107,4.823664922141717,10,
q_half,document,tlg0013.tlg002.perseus-grc1.tb.xml,not_applicable,4_7,g_original,0.20348057709273187,0.019911862787041063,0.17790704901699428,0.24018282882971764,10,
q_half,document,tlg0013.tlg002.perseus-grc1.tb.xml,not_applicable,4_7,g_shuffled,0.0,0.0,0.0,0.0,10,
q_half,document,tlg0013.tlg002.perseus-grc1.tb.xml,not_applicable,4_7,q,0.20348057709273187,0.019911862787041063,0.17790704901699428,0.24018282882971764,10,
q_half,document,tlg0013.tlg002.perseus-grc1.tb.xml,not_applicable,all,ce_ctw_original,4.569237437506761,0.016879260278360352,4.54242789286073,4.601857698179739,10,
q_half,document,tlg0013.tlg002.perseus-grc1.tb.xml,not_applicable,all,ce_ctw_shuffled,4.820768411835838,0.022959517525171183,4.779878850335439,4.852185461504481,10,
q_half,document,tlg0013.tlg002.perseus-grc1.tb.xml,not_applicable,all,ce_root_original,4.822302714268433,0.005886334749315836,4.814941042167825,4.8368187638019,10,
q_half,document,tlg0013.tlg002.perseus-grc1.tb.xml,not_applicable,all,ce_root_shuffled,4.820768411835838,0.022959517525171124,4.779878850335439,4.852185461504481,10,
q_half,document,tlg0013.tlg002.perseus-grc1.tb.xml,not_applicable,all,g_original,0.2530652767616723,0.014653495470037789,0.23006751564320815,0.28137560306138987,10,
q_half,document,tlg0013.tlg002.perseus-grc1.tb.xml,not_applicable,all,g_shuffled,8.881784197001253e-17,2.808666774861361e-16,0.0,8.881784197001252e-16,10,
q_half,document,tlg0013.tlg002.perseus-grc1.tb.xml,not_applicable,all,q,0.25306527676167223,0.014653495470037598,0.23006751564320815,0.281375603061389,10,
q_half,document,tlg0013.tlg002.perseus-grc1.tb.xml,not_applicable,ge8,ce_ctw_original,4.565401496813733,0.01562827602336605,4.544357470964231,4.594387336100307,10,
q_half,document,tlg0013.tlg002.perseus-grc1.tb.xml,not_applicable,ge8,ce_ctw_shuffled,4.85632049277958,0.037856693505044954,4.787461382154291,4.906673154831157,10,
q_half,document,tlg0013.tlg002.perseus-grc1.tb.xml,not_applicable,ge8,ce_root_original,4.852823494374762,0.005591130383626466,4.842921500140399,4.862159265913047,10,
q_half,document,tlg0013.tlg002.perseus-grc1.tb.xml,not_applicable,ge8,ce_root_shuffled,4.85632049277958,0.037856693505044815,4.787461382154291,4.906673154831157,10,
q_half,document,tlg0013.tlg002.perseus-grc1.tb.xml,not_applicable,ge8,g_original,0.28742199756102843,0.014743833368395708,0.26620895847952486,0.3099176463263005,10,
q_half,document,tlg0013.tlg002.perseus-grc1.tb.xml,not_applicable,ge8,g_shuffled,1.7763568394002506e-16,3.7448890331484815e-16,0.0,8.881784197001252e-16,10,
q_half,document,tlg0013.tlg002.perseus-grc1.tb.xml,not_applicable,ge8,q,0.28742199756102826,0.01474383336839544,0.26620895847952486,0.3099176463262996,10,
q_half,document,tlg0016.tlg001.perseus-grc1.1.tb.xml,not_applicable,4_7,ce_ctw_original,4.383412057041133,0.006336176200957108,4.37791841051765,4.39778710875123,10,
q_half,document,tlg0016.tlg001.perseus-grc1.1.tb.xml,not_applicable,4_7,ce_ctw_shuffled,4.623465224433835,0.0225595999963795,4.595745217030099,4.6588489357722365,10,
q_half,document,tlg0016.tlg001.perseus-grc1.1.tb.xml,not_applicable,4_7,ce_root_original,4.691843887174349,0.0035282812720997363,4.685659517722191,4.69812196219432,10,
q_half,document,tlg0016.tlg001.perseus-grc1.1.tb.xml,not_applicable,4_7,ce_root_shuffled,4.623465224433835,0.022559599996379468,4.595745217030099,4.6588489357722365,10,
q_half,document,tlg0016.tlg001.perseus-grc1.1.tb.xml,not_applicable,4_7,g_original,0.30843183013321757,0.007155652015154428,0.29714349130088014,0.31635600656134866,10,
q_half,document,tlg0016.tlg001.perseus-grc1.1.tb.xml,not_applicable,4_7,g_shuffled,8.881784197001253e-17,2.808666774861361e-16,0.0,8.881784197001252e-16,10,
q_half,document,tlg0016.tlg001.perseus-grc1.1.tb.xml,not_applicable,4_7,q,0.3084318301332175,0.0071556520151544,0.29714349130088014,0.31635600656134866,10,
q_half,document,tlg0016.tlg001.perseus-grc1.1.tb.xml,not_applicable,all,ce_ctw_original,4.4739934090884415,0.006844801510646386,4.460515694793065,4.487618529746328,10,
q_half,document,tlg0016.tlg001.perseus-grc1.1.tb.xml,not_applicable,all,ce_ctw_shuffled,4.645206478787786,0.006108963495364501,4.636152819853719,4.653645800551406,10,
q_half,document,tlg0016.tlg001.perseus-grc1.1.tb.xml,not_applicable,all,ce_root_original,4.788520549625673,0.0026032027193050268,4.784034436121194,4.791803676829972,10,
q_half,document,tlg0016.tlg001.perseus-grc1.1.tb.xml,not_applicable,all,ce_root_shuffled,4.645206478787786,0.006108963495364453,4.636152819853719,4.653645800551406,10,
q_half,document,tlg0016.tlg001.perseus-grc1.1.tb.xml,not_applicable,all,g_original,0.31452714053723163,0.006243584119429793,0.30367778342479124,0.3244835900593426,10,
q_half,document,tlg0016.tlg001.perseus-grc1.1.tb.xml,not_applicable,all,g_shuffled,8.881784197001253e-17,2.808666774861361e-16,0.0,8.881784197001252e-16,10,
q_half,document,tlg0016.tlg001.perseus-grc1.1.tb.xml,not_applicable,all,q,0.3145271405372315,0.006243584119429799,0.30367778342479124,0.3244835900593426,10,
q_half,document,tlg0016.tlg001.perseus-grc1.1.tb.xml,not_applicable,ge8,ce_ctw_original,4.514158649036279,0.007804745238190573,4.497074755466899,4.527451238108186,10,
q_half,document,tlg0016.tlg001.perseus-grc1.1.tb.xml,not_applicable,ge8,ce_ctw_shuffled,4.654846903424387,0.007082427249322022,4.64328855042808,4.66651815462522,10,
q_half,document,tlg0016.tlg001.perseus-grc1.1.tb.xml,not_applicable,ge8,ce_root_original,4.831388549020134,0.0028346650289751314,4.825787401139496,4.834026432590709,10,
q_half,document,tlg0016.tlg001.perseus-grc1.1.tb.xml,not_applicable,ge8,ce_root_shuffled,4.654846903424387,0.007082427249322133,4.64328855042808,4.66651815462522,10,
q_half,document,tlg0016.tlg001.perseus-grc1.1.tb.xml,not_applicable,ge8,g_original,0.3172298999838552,0.0064439162094974654,0.306575194482523,0.3287126456725966,10,
q_half,document,tlg0016.tlg001.perseus-grc1.1.tb.xml,not_applicable,ge8,g_shuffled,8.881784197001253e-17,2.808666774861361e-16,0.0,8.881784197001252e-16,10,
q_half,document,tlg0016.tlg001.perseus-grc1.1.tb.xml,not_applicable,ge8,q,0.3172298999838551,0.00644391620949746,0.306575194482523,0.3287126456725966,10,
q_half,document,tlg0020.tlg001.perseus-grc1.tb.xml,not_applicable,4_7,ce_ctw_original,4.575363260077205,0.020318212962513935,4.554528623582595,4.620035624757862,10,
q_half,document,tlg0020.tlg001.perseus-grc1.tb.xml,not_applicable,4_7,ce_ctw_shuffled,4.882703097911294,0.05023336750202897,4.80604145512383,4.962530409572195,10,
q_half,document,tlg0020.tlg001.perseus-grc1.tb.xml,not_applicable,4_7,ce_root_original,4.866866506855703,0.011176514952225845,4.846700217598424,4.885258988532112,10,
q_half,document,tlg0020.tlg001.perseus-grc1.tb.xml,not_applicable,4_7,ce_root_shuffled,4.882703097911294,0.05023336750202897,4.80604145512383,4.962530409572195,10,
q_half,document,tlg0020.tlg001.perseus-grc1.tb.xml,not_applicable,4_7,g_original,0.2915032467784978,0.013148779724751227,0.26141622784636454,0.3084458196066331,10,
q_half,document,tlg0020.tlg001.perseus-grc1.tb.xml,not_applicable,4_7,g_shuffled,0.0,0.0,0.0,0.0,10,
q_half,document,tlg0020.tlg001.perseus-grc1.tb.xml,not_applicable,4_7,q,0.2915032467784978,0.013148779724751227,0.26141622784636454,0.3084458196066331,10,
q_half,document,tlg0020.tlg001.perseus-grc1.tb.xml,not_applicable,all,ce_ctw_original,4.758016811665664,0.031636560618374686,4.713071530213859,4.801324060708558,10,
q_half,document,tlg0020.tlg001.perseus-grc1.tb.xml,not_applicable,all,ce_ctw_shuffled,4.941321012138831,0.024300826266056345,4.886733036371589,4.9681008853163675,10,
q_half,document,tlg0020.tlg001.perseus-grc1.tb.xml,not_applicable,all,ce_root_original,4.965740602144784,0.01290315801575858,4.940713432751254,4.985058608612904,10,
q_half,document,tlg0020.tlg001.perseus-grc1.tb.xml,not_applicable,all,ce_root_shuffled,4.941321012138831,0.024300826266056345,4.886733036371589,4.9681008853163675,10,
q_half,document,tlg0020.tlg001.perseus-grc1.tb.xml,not_applicable,all,g_original,0.2077237904791212,0.023356041395421273,0.16850728640422474,0.2477662493426589,10,
q_half,document,tlg0020.tlg001.perseus-grc1.tb.xml,not_applicable,all,g_shuffled,0.0,0.0,0.0,0.0,10,
q_half,document,tlg0020.tlg001.perseus-grc1.tb.xml,not_applicable,all,q,0.2077237904791212,0.023356041395421273,0.16850728640422474,0.2477662493426589,10,
q_half,document,tlg0020.tlg001.perseus-grc1.tb.xml,not_applicable,ge8,ce_ctw_original,4.843917783006815,0.03825076577157687,4.787548846079735,4.9006547225109225,10,
q_half,document,tlg0020.tlg001.perseus-grc1.tb.xml,not_applicable,ge8,ce_ctw_shuffled,4.968888698210892,0.02550292532278681,4.915284601803156,5.002115794032864,10,
q_half,document,tlg0020.tlg001.perseus-grc1.tb.xml,not_applicable,ge8,ce_root_original,5.012240551102505,0.013822807606673445,4.984927336233015,5.0337843021526805,10,
q_half,document,tlg0020.tlg001.perseus-grc1.tb.xml,not_applicable,ge8,ce_root_shuffled,4.968888698210892,0.02550292532278682,4.915284601803156,5.002115794032864,10,
q_half,document,tlg0020.tlg001.perseus-grc1.tb.xml,not_applicable,ge8,g_original,0.16832276809568994,0.029832660550593127,0.11617708479890876,0.2192289776558578,10,
q_half,document,tlg0020.tlg001.perseus-grc1.tb.xml,not_applicable,ge8,g_shuffled,8.881784197001253e-17,2.808666774861361e-16,0.0,8.881784197001252e-16,10,
q_half,document,tlg0020.tlg001.perseus-grc1.tb.xml,not_applicable,ge8,q,0.16832276809568986,0.02983266055059296,0.11617708479890876,0.21922897765585692,10,
q_half,document,tlg0020.tlg002.perseus-grc1.tb.xml,not_applicable,4_7,ce_ctw_original,4.693914196799804,0.018654501150786557,4.661347409392932,4.7265670886914855,10,
q_half,document,tlg0020.tlg002.perseus-grc1.tb.xml,not_applicable,4_7,ce_ctw_shuffled,4.8186157346662455,0.03960766881464624,4.781823255183002,4.902229324744419,10,
q_half,document,tlg0020.tlg002.perseus-grc1.tb.xml,not_applicable,4_7,ce_root_original,4.877695887859131,0.005849512463202663,4.870222386578695,4.888382025711087,10,
q_half,document,tlg0020.tlg002.perseus-grc1.tb.xml,not_applicable,4_7,ce_root_shuffled,4.818615734666246,0.03960766881464627,4.781823255183002,4.902229324744419,10,
q_half,document,tlg0020.tlg002.perseus-grc1.tb.xml,not_applicable,4_7,g_original,0.18378169105932649,0.016841983634304936,0.1603577225356494,0.21374355991922567,10,
q_half,document,tlg0020.tlg002.perseus-grc1.tb.xml,not_applicable,4_7,g_shuffled,2.6645352591003756e-16,4.290309365903226e-16,0.0,8.881784197001252e-16,10,
q_half,document,tlg0020.tlg002.perseus-grc1.tb.xml,not_applicable,4_7,q,0.18378169105932624,0.01684198363430476,0.1603577225356494,0.21374355991922478,10,
q_half,document,tlg0020.tlg002.perseus-grc1.tb.xml,not_applicable,all,ce_ctw_original,4.708858326902179,0.014163913650960275,4.681175191665082,4.732058009237029,10,
q_half,document,tlg0020.tlg002.perseus-grc1.tb.xml,not_applicable,all,ce_ctw_shuffled,4.79786513612891,0.009123918695800062,4.780791300757878,4.814317666929373,10,
q_half,document,tlg0020.tlg002.perseus-grc1.tb.xml,not_applicable,all,ce_root_original,4.882689559981164,0.0055225996220018446,4.874110192913844,4.8918291857516545,10,
q_half,document,tlg0020.tlg002.perseus-grc1.tb.xml,not_applicable,all,ce_root_shuffled,4.797865136128911,0.009123918695799994,4.780791300757878,4.814317666929373,10,
q_half,document,tlg0020.tlg002.perseus-grc1.tb.xml,not_applicable,all,g_original,0.17383123307898538,0.01196865102016384,0.15977117651462525,0.20178324910655387,10,
q_half,document,tlg0020.tlg002.perseus-grc1.tb.xml,not_applicable,all,g_shuffled,1.7763568394002506e-16,3.7448890331484815e-16,0.0,8.881784197001252e-16,10,
q_half,document,tlg0020.tlg002.perseus-grc1.tb.xml,not_applicable,all,q,0.1738312330789852,0.011968651020163548,0.15977117651462525,0.201783249106553,10,
q_half,document,tlg0020.tlg002.perseus-grc1.tb.xml,not_applicable,ge8,ce_ctw_original,4.719997354970081,0.01299873724965239,4.695954387358692,4.740427038731764,10,
q_half,document,tlg0020.tlg002.perseus-grc1.tb.xml,not_applicable,ge8,ce_ctw_shuffled,4.782398093353602,0.028655168427798906,4.724657881969331,4.8206947636013755,10,
q_half,document,tlg0020.tlg002.perseus-grc1.tb.xml,not_applicable,ge8,ce_root_original,4.886411734075486,0.005767136809930157,4.877008078812396,4.895484799367829,10,
q_half,document,tlg0020.tlg002.perseus-grc1.tb.xml,not_applicable,ge8,ce_root_shuffled,4.782398093353602,0.02865516842779889,4.724657881969331,4.8206947636013755,10,
q_half,document,tlg0020.tlg002.perseus-grc1.tb.xml,not_applicable,ge8,g_original,0.16641437910540358,0.011487924217955003,0.152969392104783,0.19286829474450418,10,
q_half,document,tlg0020.tlg002.perseus-grc1.tb.xml,not_applicable,ge8,g_shuffled,8.881784197001253e-17,2.808666774861361e-16,0.0,8.881784197001252e-16,10,
q_half,document,tlg0020.tlg002.perseus-grc1.tb.xml,not_applicable,ge8,q,0.1664143791054035,0.011487924217955118,0.1529693921047821,0.19286829474450418,10,
q_half,document,tlg0020.tlg003.perseus-grc1.tb.xml,not_applicable,4_7,ce_ctw_original,4.503522142944577,0.02022925682584892,4.466692502587237,4.531113038244275,10,
q_half,document,tlg0020.tlg003.perseus-grc1.tb.xml,not_applicable,4_7,ce_ctw_shuffled,4.845285557572507,0.0628571681039666,4.760739409578493,4.951052811425447,10,
q_half,document,tlg0020.tlg003.perseus-grc1.tb.xml,not_applicable,4_7,ce_root_original,4.773896493197215,0.007187356588229731,4.763340428383883,4.784592654052002,10,
q_half,document,tlg0020.tlg003.perseus-grc1.tb.xml,not_applicable,4_7,ce_root_shuffled,4.845285557572507,0.06285716810396659,4.760739409578493,4.951052811425447,10,
q_half,document,tlg0020.tlg003.perseus-grc1.tb.xml,not_applicable,4_7,g_original,0.27037435025263806,0.017457607376797836,0.24507515411407343,0.3009573798112557,10,
q_half,document,tlg0020.tlg003.perseus-grc1.tb.xml,not_applicable,4_7,g_shuffled,8.881784197001253e-17,2.808666774861361e-16,0.0,8.881784197001252e-16,10,
q_half,document,tlg0020.tlg003.perseus-grc1.tb.xml,not_applicable,4_7,q,0.270374350252638,0.017457607376797663,0.24507515411407343,0.3009573798112548,10,
q_half,document,tlg0020.tlg003.perseus-grc1.tb.xml,not_applicable,all,ce_ctw_original,4.664447816598503,0.014568807747656988,4.641099205271197,4.683010558494502,10,
q_half,document,tlg0020.tlg003.perseus-grc1.tb.xml,not_applicable,all,ce_ctw_shuffled,4.867690380291739,0.023069473739598917,4.835061641290694,4.895021370945218,10,
q_half,document,tlg0020.tlg003.perseus-grc1.tb.xml,not_applicable,all,ce_root_original,4.896010493669013,0.006847300223788769,4.884653656251487,4.906401134352265,10,
q_half,document,tlg0020.tlg003.perseus-grc1.tb.xml,not_applicable,all,ce_root_shuffled,4.867690380291739,0.0230694737395989,4.835061641290694,4.895021370945218,10,
q_half,document,tlg0020.tlg003.perseus-grc1.tb.xml,not_applicable,all,g_original,0.23156267707050882,0.012082856710031559,0.21611228284393658,0.2563432186308807,10,
q_half,document,tlg0020.tlg003.perseus-grc1.tb.xml,not_applicable,all,g_shuffled,8.881784197001253e-17,2.808666774861361e-16,0.0,8.881784197001252e-16,10,
q_half,document,tlg0020.tlg003.perseus-grc1.tb.xml,not_applicable,all,q,0.23156267707050873,0.012082856710031441,0.21611228284393658,0.2563432186308807,10,
q_half,document,tlg0020.tlg003.perseus-grc1.tb.xml,not_applicable,ge8,ce_ctw_original,4.783744068882494,0.017665959812695003,4.756320277573179,4.812647885228891,10,
q_half,document,tlg0020.tlg003.perseus-grc1.tb.xml,not_applicable,ge8,ce_ctw_shuffled,4.884299360840359,0.0453541973888799,4.844175269902276,4.994137123280306,10,
q_half,document,tlg0020.tlg003.perseus-grc1.tb.xml,not_applicable,ge8,ce_root_original,4.986535158111424,0.006860731969235597,4.974584697759519,4.996699312798793,10,
q_half,document,tlg0020.tlg003.perseus-grc1.tb.xml,not_applicable,ge8,ce_root_shuffled,4.88429936084036,0.04535419738887981,4.844175269902276,4.994137123280306,10,
q_half,document,tlg0020.tlg003.perseus-grc1.tb.xml,not_applicable,ge8,g_original,0.20279108922893085,0.016473804687916614,0.17690859204597675,0.2275235881742983,10,
q_half,document,tlg0020.tlg003.perseus-grc1.tb.xml,not_applicable,ge8,g_shuffled,1.7763568394002506e-16,3.7448890331484815e-16,0.0,8.881784197001252e-16,10,
q_half,document,tlg0020.tlg003.perseus-grc1.tb.xml,not_applicable,ge8,q,0.2027910892289307,0.016473804687916642,0.17690859204597675,0.2275235881742983,10,
q_half,document,tlg0060.tlg001.perseus-grc3.11.tb.xml,not_applicable,4_7,ce_ctw_original,3.946205918407852,0.007086480540968312,3.9303442921745466,3.9542259611049375,10,
q_half,document,tlg0060.tlg001.perseus-grc3.11.tb.xml,not_applicable,4_7,ce_ctw_shuffled,4.368257367895227,0.01519994599617877,4.337341751319973,4.386127869267862,10,
q_half,document,tlg0060.tlg001.perseus-grc3.11.tb.xml,not_applicable,4_7,ce_root_original,4.373936729450755,0.003997711923797311,4.368733752458692,4.379491856912743,10,
q_half,document,tlg0060.tlg001.perseus-grc3.11.tb.xml,not_applicable,4_7,ce_root_shuffled,4.368257367895227,0.015199945996178785,4.337341751319973,4.386127869267863,10,
q_half,document,tlg0060.tlg001.perseus-grc3.11.tb.xml,not_applicable,4_7,g_original,0.4277308110429029,0.008003346271606579,0.41910161743562835,0.44771659694019394,10,
q_half,document,tlg0060.tlg001.perseus-grc3.11.tb.xml,not_applicable,4_7,g_shuffled,1.7763568394002506e-16,3.7448890331484815e-16,0.0,8.881784197001252e-16,10,
q_half,document,tlg0060.tlg001.perseus-grc3.11.tb.xml,not_applicable,4_7,q,0.4277308110429027,0.008003346271606574,0.41910161743562835,0.44771659694019394,10,
q_half,document,tlg0060.tlg001.perseus-grc3.11.tb.xml,not_applicable,all,ce_ctw_original,4.088113968308692,0.005959905516158268,4.079676496854716,4.1006344029553485,10,
q_half,document,tlg0060.tlg001.perseus-grc3.11.tb.xml,not_applicable,all,ce_ctw_shuffled,4.404503278371197,0.006710972421365837,4.390157983653155,4.412225049555182,10,
q_half,document,tlg0060.tlg001.perseus-grc3.11.tb.xml,not_applicable,all,ce_root_original,4.518937905278533,0.004254352565411029,4.5125372638574595,4.5275523943030045,10,
q_half,document,tlg0060.tlg001.perseus-grc3.11.tb.xml,not_applicable,all,ce_root_shuffled,4.404503278371197,0.00671097242136586,4.390157983653155,4.412225049555182,10,
q_half,document,tlg0060.tlg001.perseus-grc3.11.tb.xml,not_applicable,all,g_original,0.4308239369698407,0.006231448512796657,0.4223801106203737,0.44148973027658567,10,
q_half,document,tlg0060.tlg001.perseus-grc3.11.tb.xml,not_applicable,all,g_shuffled,8.881784197001253e-17,2.808666774861361e-16,0.0,8.881784197001252e-16,10,
q_half,document,tlg0060.tlg001.perseus-grc3.11.tb.xml,not_applicable,all,q,0.43082393696984067,0.006231448512796635,0.4223801106203737,0.44148973027658567,10,
q_half,document,tlg0060.tlg001.perseus-grc3.11.tb.xml,not_applicable,ge8,ce_ctw_original,4.131697004405834,0.006442961584239283,4.125502416138404,4.1458890184707915,10,
q_half,document,tlg0060.tlg001.perseus-grc3.11.tb.xml,not_applicable,ge8,ce_ctw_shuffled,4.415635182627172,0.008720113691723635,4.399545442064512,4.425895715058029,10,
q_half,document,tlg0060.tlg001.perseus-grc3.11.tb.xml,not_applicable,ge8,ce_root_original,4.563470907350269,0.0046506083993223205,4.556384119588158,4.5732633900413635,10,
q_half,document,tlg0060.tlg001.perseus-grc3.11.tb.xml,not_applicable,ge8,ce_root_shuffled,4.415635182627172,0.008720113691723711,4.399545442064512,4.425895715058029,10,
q_half,document,tlg0060.tlg001.perseus-grc3.11.tb.xml,not_applicable,ge8,g_original,0.4317739029444344,0.006699894383621564,0.42120441191388647,0.44003085504655104,10,
q_half,document,tlg0060.tlg001.perseus-grc3.11.tb.xml,not_applicable,ge8,g_shuffled,8.881784197001253e-17,2.808666774861361e-16,0.0,8.881784197001252e-16,10,
q_half,document,tlg0060.tlg001.perseus-grc3.11.tb.xml,not_applicable,ge8,q,0.43177390294443435,0.0066998943836215534,0.42120441191388647,0.44003085504655104,10,
q_half,group,HEX,eligible_token_weighted,all,ce_ctw_original,4.616769416881791,0.007867217741625103,4.604145029072999,4.629054979307326,10,
q_half,group,HEX,eligible_token_weighted,all,ce_ctw_shuffled,4.7456945156334065,0.0062698784209987155,4.738409725623801,4.756731234829662,10,
q_half,group,HEX,eligible_token_weighted,all,ce_root_original,4.832092347588918,0.0038148332960367525,4.827607975495794,4.838396346486301,10,
q_half,group,HEX,eligible_token_weighted,all,ce_root_shuffled,4.7456945156334065,0.0062698784209988005,4.738409725623801,4.756731234829662,10,
q_half,group,HEX,eligible_token_weighted,all,g_original,0.2153229307071268,0.006621853208631127,0.20810795141609115,0.22697042062837766,10,
q_half,group,HEX,eligible_token_weighted,all,g_shuffled,1.669542196121028e-16,3.2553049963977164e-16,0.0,7.813637764209028e-16,10,
q_half,group,HEX,eligible_token_weighted,all,q,0.21532293070712666,0.006621853208631164,0.20810795141609115,0.22697042062837766,10,
q_half,group,HEX,equal_block,all,ce_ctw_original,4.6622534040466075,0.010889850514606865,4.65126717726692,4.679788674758447,10,
q_half,group,HEX,equal_block,all,ce_ctw_shuffled,4.803216433392177,0.007520456685976257,4.786727414494141,4.8123520103732655,10,
q_half,group,HEX,equal_block,all,ce_root_original,4.871713677129494,0.005337387071592588,4.863170450086363,4.880874577793187,10,
q_half,group,HEX,equal_block,all,ce_root_shuffled,4.803216433392177,0.00752045668597641,4.786727414494141,4.8123520103732655,10,
q_half,group,HEX,equal_block,all,g_original,0.20946027308288792,0.006918736776795174,0.1964668688054405,0.21954542666594712,10,
q_half,group,HEX,equal_block,all,g_shuffled,1.3322676295501878e-16,2.1451546829516128e-16,0.0,4.440892098500626e-16,10,
q_half,group,HEX,equal_block,all,q,0.20946027308288778,0.00691873677679527,0.1964668688054405,0.21954542666594712,10,
q_half,group,PROSE_ALL,eligible_token_weighted,all,ce_ctw_original,4.312488439805856,0.0034357761405218344,4.307575563165564,4.318522363236035,10,
q_half,group,PROSE_ALL,eligible_token_weighted,all,ce_ctw_shuffled,4.562482475641178,0.0032637484129910384,4.557976239378378,4.567294649022575,10,
q_half,group,PROSE_ALL,eligible_token_weighted,all,ce_root_original,4.693099458894774,0.0016867416084826747,4.690991244712093,4.695866710690781,10,
q_half,group,PROSE_ALL,eligible_token_weighted,all,ce_root_shuffled,4.562482475641178,0.0032637484129909087,4.557976239378378,4.567294649022575,10,
q_half,group,PROSE_ALL,eligible_token_weighted,all,g_original,0.3806110190889179,0.003539484374342415,0.37617742413131966,0.38558479177015437,10,
q_half,group,PROSE_ALL,eligible_token_weighted,all,g_shuffled,7.33179814932407e-17,8.390165017260006e-17,0.0,2.0496546857230648e-16,10,
q_half,group,PROSE_ALL,eligible_token_weighted,all,q,0.38061101908891787,0.0035394843743424384,0.37617742413131955,0.38558479177015437,10,
q_half,group,PROSE_ALL,equal_block,all,ce_ctw_original,4.318190355209179,0.0032955341153719747,4.313064043081047,4.324093100948132,10,
q_half,group,PROSE_ALL,equal_block,all,ce_ctw_shuffled,4.572633479196856,0.0030608554410407013,4.56933595775512,4.577739313530914,10,
q_half,group,PROSE_ALL,equal_block,all,ce_root_original,4.705219395558328,0.001468905521092562,4.70304305076514,4.706953682568026,10,
q_half,group,PROSE_ALL,equal_block,all,ce_root_shuffled,4.572633479196856,0.003060855441040622,4.56933595775512,4.577739313530914,10,
q_half,group,PROSE_ALL,equal_block,all,g_original,0.38702904034914826,0.003381461676543135,0.3825955306136596,0.39138890441229324,10,
q_half,group,PROSE_ALL,equal_block,all,g_shuffled,8.881784197001253e-17,9.362222582871204e-17,0.0,1.7763568394002506e-16,10,
q_half,group,PROSE_ALL,equal_block,all,q,0.3870290403491482,0.0033814616765431805,0.38259553061365936,0.39138890441229324,10,
q_half,group,contrast,eligible_token_weighted,all,ce_ctw_original,0.3042809770759355,0.007999035538808971,0.29284560783585345,0.31481044946028547,10,
q_half,group,contrast,eligible_token_weighted,all,ce_ctw_shuffled,0.183212039992228,0.007979633112122094,0.17300932372530475,0.19735741454159417,10,
q_half,group,contrast,eligible_token_weighted,all,ce_root_original,0.1389928886941439,0.004402277545661012,0.13290818812843952,0.14465404043309782,10,
q_half,group,contrast,eligible_token_weighted,all,ce_root_shuffled,0.18321203999222807,0.007979633112122181,0.17300932372530475,0.19735741454159417,10,
q_half,group,contrast,eligible_token_weighted,all,g_original,-0.1652880883817911,0.008210452585315017,-0.17625903397231812,-0.15414119887599673,10,
q_half,group,contrast,eligible_token_weighted,all,g_shuffled,9.363623811886211e-17,3.469059240805102e-16,-2.0496546857230648e-16,7.813637764209028e-16,10,
q_half,group,contrast,eligible_token_weighted,all,q,-0.16528808838179118,0.008210452585315125,-0.17625903397231812,-0.15414119887599656,10,
q_half,group,contrast,equal_block,all,ce_ctw_original,0.3440630488374275,0.011056883243940899,0.3286950326610105,0.36107826012489497,10,
q_half,group,contrast,equal_block,all,ce_ctw_shuffled,0.2305829541953214,0.009247826997516341,0.21137728461049843,0.2422835539100694,10,
q_half,group,contrast,equal_block,all,ce_root_original,0.1664942815711674,0.005643693923593307,0.15621676751833746,0.1747400666746426,10,
q_half,group,contrast,equal_block,all,ce_root_shuffled,0.2305829541953215,0.009247826997516544,0.21137728461049843,0.2422835539100694,10,
q_half,group,contrast,equal_block,all,g_original,-0.17756876726626034,0.007330172773717026,-0.18908438015790852,-0.1677044411939398,10,
q_half,group,contrast,equal_block,all,g_shuffled,4.440892098500626e-17,2.5208555784918946e-16,-1.7763568394002506e-16,4.440892098500626e-16,10,
q_half,group,contrast,equal_block,all,q,-0.17756876726626036,0.007330172773717144,-0.18908438015790835,-0.16770444119393957,10,
q_half,group_difference,HEX,eligible_token_weighted,all,ce_ctw_original,0.048526083651963516,0.007395768611627609,0.03618673490014945,0.05932898524671426,10,
q_half,group_difference,HEX,eligible_token_weighted,all,ce_ctw_shuffled,0.002308178954215201,0.003503375425963887,-0.0033083550794827943,0.009381903626767496,10,
q_half,group_difference,HEX,eligible_token_weighted,all,ce_root_original,0.0019459074412311317,0.003359876989055343,-0.0018180006080221744,0.008185012879514453,10,
q_half,group_difference,HEX,eligible_token_weighted,all,ce_root_shuffled,0.0023081789542153787,0.0035033754259639308,-0.0033083550794827943,0.009381903626767496,10,
q_half,group_difference,HEX,eligible_token_weighted,all,g_original,-0.04658017621073228,0.00688833194271231,-0.057175307264511116,-0.034987156106070255,10,
q_half,group_difference,HEX,eligible_token_weighted,all,g_shuffled,1.669542196121028e-16,3.2553049963977164e-16,0.0,7.813637764209028e-16,10,
q_half,group_difference,HEX,eligible_token_weighted,all,q,-0.04658017621073243,0.0068883319427123085,-0.057175307264511116,-0.034987156106070255,10,
q_half,group_difference,HEX,equal_block,all,ce_ctw_original,0.05177097108051356,0.009102547441971717,0.039256667681267565,0.06700866271568628,10,
q_half,group_difference,HEX,equal_block,all,ce_ctw_shuffled,0.002487676671135386,0.004537073855733737,-0.0028531683018986342,0.009502135497199582,10,
q_half,group_difference,HEX,equal_block,all,ce_root_original,0.0024213320183937626,0.005340625134806672,-0.004204005002582889,0.010949368866936204,10,
q_half,group_difference,HEX,equal_block,all,ce_root_shuffled,0.0024876766711355637,0.004537073855733733,-0.0028531683018986342,0.009502135497199582,10,
q_half,group_difference,HEX,equal_block,all,g_original,-0.049349639062119754,0.005607664961590917,-0.056927689700184914,-0.04144217780369219,10,
q_half,group_difference,HEX,equal_block,all,g_shuffled,1.3322676295501878e-16,2.1451546829516128e-16,0.0,4.440892098500626e-16,10,
q_half,group_difference,HEX,equal_block,all,q,-0.049349639062119886,0.005607664961591046,-0.05692768970018536,-0.04144217780369219,10,
q_half,group_difference,PROSE_ALL,eligible_token_weighted,all,ce_ctw_original,0.08283529877766611,0.0029712124883344215,0.07833193464543697,0.08697171527233749,10,
q_half,group_difference,PROSE_ALL,eligible_token_weighted,all,ce_ctw_shuffled,0.0008446711147912289,0.0012221129277983835,-0.001052646454914985,0.002381675671028205,10,
q_half,group_difference,PROSE_ALL,eligible_token_weighted,all,ce_root_original,0.0006981752316193024,0.001390720439802637,-0.0014833948471837388,0.002530352573573147,10,
q_half,group_difference,PROSE_ALL,eligible_token_weighted,all,ce_root_shuffled,0.0008446711147913177,0.0012221129277982536,-0.001052646454914985,0.002381675671028205,10,
q_half,group_difference,PROSE_ALL,eligible_token_weighted,all,g_original,-0.08213712354604699,0.002889075755472206,-0.08653245732013742,-0.07664859441420474,10,
q_half,group_difference,PROSE_ALL,eligible_token_weighted,all,g_shuffled,2.7364615779420244e-17,1.236201772722615e-16,-2.6425758040633148e-16,1.9527607673187303e-16,10,
q_half,group_difference,PROSE_ALL,eligible_token_weighted,all,q,-0.08213712354604703,0.0028890757554722447,-0.08653245732013742,-0.07664859441420474,10,
q_half,group_difference,PROSE_ALL,equal_block,all,ce_ctw_original,0.08210332107051972,0.002429137047003197,0.07871982517495724,0.08553927712465281,10,
q_half,group_difference,PROSE_ALL,equal_block,all,ce_ctw_shuffled,0.0008913769340666456,0.0009704764157365862,-0.0006495740297944863,0.0021391016985150557,10,
q_half,group_difference,PROSE_ALL,equal_block,all,ce_root_original,0.0007626269504402039,0.0010914061825383157,-0.0006649244844068036,0.0022255471353487266,10,
q_half,group_difference,PROSE_ALL,equal_block,all,ce_root_shuffled,0.0008913769340667344,0.0009704764157364895,-0.0006495740297944863,0.0021391016985150557,10,
q_half,group_difference,PROSE_ALL,equal_block,all,g_original,-0.08134069412007942,0.0024529761822102195,-0.08543753689548439,-0.07675936117138055,10,
q_half,group_difference,PROSE_ALL,equal_block,all,g_shuffled,5.3290705182007524e-17,1.1989494867324754e-16,-1.7763568394002506e-16,1.7763568394002506e-16,10,
q_half,group_difference,PROSE_ALL,equal_block,all,q,-0.0813406941200795,0.0024529761822102685,-0.08543753689548439,-0.07675936117138055,10,
q_half,group_difference,contrast,eligible_token_weighted,all,ce_ctw_original,-0.0343092151257026,0.006975645622695519,-0.042766542660839235,-0.02454577931065316,10,
q_half,group_difference,contrast,eligible_token_weighted,all,ce_ctw_shuffled,0.001463507839423972,0.0037822705738067017,-0.004513116915483728,0.008112934265275484,10,
q_half,group_difference,contrast,eligible_token_weighted,all,ce_root_original,0.0012477322096118293,0.0037509650942679656,-0.003501340839254574,0.007115078363730376,10,
q_half,group_difference,contrast,eligible_token_weighted,all,ce_root_shuffled,0.0014635078394240608,0.003782270573806731,-0.004513116915483728,0.008112934265275484,10,
q_half,group_difference,contrast,eligible_token_weighted,all,g_original,0.03555694733531471,0.008033787984577273,0.02272932337988462,0.04544951630210062,10,
q_half,group_difference,contrast,eligible_token_weighted,all,g_shuffled,1.3958960383268257e-16,3.967641433628224e-16,-1.9527607673187303e-16,1.0456213568272343e-15,10,
q_half,group_difference,contrast,eligible_token_weighted,all,q,0.03555694733531458,0.00803378798457733,0.02272932337988462,0.04544951630210084,10,
q_half,group_difference,contrast,equal_block,all,ce_ctw_original,-0.03033234999000616,0.008836858455823505,-0.045619938055791565,-0.017063929129835564,10,
q_half,group_difference,contrast,equal_block,all,ce_ctw_shuffled,0.0015962997370687405,0.0046622506485036585,-0.0044659318672097825,0.009392931416978278,10,
q_half,group_difference,contrast,equal_block,all,ce_root_original,0.0016587050679535587,0.005475933137602153,-0.004930869718013042,0.010689766290298941,10,
q_half,group_difference,contrast,equal_block,all,ce_root_shuffled,0.0015962997370688292,0.004662250648503653,-0.0044659318672097825,0.009392931416978278,10,
q_half,group_difference,contrast,equal_block,all,g_original,0.031991055057959676,0.005564491199962258,0.025453345429156282,0.0412453220019412,10,
q_half,group_difference,contrast,equal_block,all,g_shuffled,7.993605777301127e-17,2.7598714274341343e-16,-1.7763568394002506e-16,6.217248937900876e-16,10,
q_half,group_difference,contrast,equal_block,all,q,0.0319910550579596,0.005564491199962426,0.025453345429156282,0.041245322001941365,10,
upos,block,ATHENAEUS,not_applicable,4_7,ce_ctw_original,2.7454269173262835,0.004607181586875698,2.739116854959013,2.7537532369092528,10,
upos,block,ATHENAEUS,not_applicable,4_7,ce_ctw_shuffled,2.963262138689249,0.008598412615420324,2.9475967498147155,2.9781101205352662,10,
upos,block,ATHENAEUS,not_applicable,4_7,ce_root_original,2.9601390284206635,0.0004586087091547227,2.9595129000561036,2.9609852977210602,10,
upos,block,ATHENAEUS,not_applicable,4_7,ce_root_shuffled,2.9632621386892524,0.008598412615424116,2.9475967498147155,2.9781101205352662,10,
upos,block,ATHENAEUS,not_applicable,4_7,g_original,0.21471211109437918,0.0048146088264730295,0.20647875244764302,0.2214903559348924,10,
upos,block,ATHENAEUS,not_applicable,4_7,g_shuffled,4.130029651605583e-15,1.2599148211410886e-14,0.0,3.9968028886505635e-14,10,
upos,block,ATHENAEUS,not_applicable,4_7,q,0.21471211109437505,0.0048146088264667715,0.20647875244764302,0.22149035593485245,10,
upos,block,ATHENAEUS,not_applicable,all,ce_ctw_original,2.7109174213279585,0.0036133509675724713,2.7049843407412104,2.7150888698140387,10,
upos,block,ATHENAEUS,not_applicable,all,ce_ctw_shuffled,2.984627817112531,0.002081439159710367,2.9797129429803815,2.987016267537688,10,
upos,block,ATHENAEUS,not_applicable,all,ce_root_original,2.9731136588620313,0.0004929910419075176,2.9723461501891295,2.9739394299678774,10,
upos,block,ATHENAEUS,not_applicable,all,ce_root_shuffled,2.9846278171125484,0.0020814391597200905,2.9797129429803815,2.987016267537688,10,
upos,block,ATHENAEUS,not_applicable,all,g_original,0.2621962375340721,0.0038571530204512487,0.2581094785628899,0.26849965014449584,10,
upos,block,ATHENAEUS,not_applicable,all,g_shuffled,1.709743457922741e-14,5.3600359584713054e-14,0.0,1.6964207816272392e-13,10,
upos,block,ATHENAEUS,not_applicable,all,q,0.262196237534055,0.003857153020420427,0.2581094785628899,0.2684996501443262,10,
upos,block,ATHENAEUS,not_applicable,ge8,ce_ctw_original,2.6933004016965976,0.0037857010995231426,2.6875597694559046,2.699043698854574,10,
upos,block,ATHENAEUS,not_applicable,ge8,ce_ctw_shuffled,2.995534947608978,0.004425350505493096,2.9875481183699253,3.0011060930393243,10,
upos,block,ATHENAEUS,not_applicable,ge8,ce_root_original,2.9797371783479827,0.0005461366165331765,2.9788974953475367,2.980552485171886,10,
upos,block,ATHENAEUS,not_applicable,ge8,ce_root_shuffled,2.9955349476090016,0.004425350505480362,2.9875481183699253,3.0011060930393243,10,
upos,block,ATHENAEUS,not_applicable,ge8,g_original,0.286436776651385,0.0039302137287120275,0.28081027922088797,0.2927329965560972,10,
upos,block,ATHENAEUS,not_applicable,ge8,g_shuffled,2.3669954885008336e-14,7.438403679075758e-14,0.0,2.353672812205332e-13,10,
upos,block,ATHENAEUS,not_applicable,ge8,q,0.2864367766513613,0.003930213728671673,0.28081027922088797,0.2927329965560972,10,
upos,block,DIODORUS,not_applicable,4_7,ce_ctw_original,2.56885960190422,0.003518298891482209,2.5598980385875048,2.5732588906509717,10,
upos,block,DIODORUS,not_applicable,4_7,ce_ctw_shuffled,2.941413263006366,0.012250338587791712,2.9140987834162386,2.961542338326069,10,
upos,block,DIODORUS,not_applicable,4_7,ce_root_original,2.926577013239492,0.0024524557380857025,2.923190788732651,2.9299766010282737,10,
upos,block,DIODORUS,not_applicable,4_7,ce_root_shuffled,2.9414132630063703,0.01225033858779122,2.9140987834162386,2.961542338326069,10,
upos,block,DIODORUS,not_applicable,4_7,g_original,0.35771741133527213,0.0036425627305517647,0.35126807988196296,0.36379212561322083,10,
upos,block,DIODORUS,not_applicable,4_7,g_shuffled,4.218847493575595e-15,1.3341167180591464e-14,0.0,4.218847493575595e-14,10,
upos,block,DIODORUS,not_applicable,4_7,q,0.3577174113352679,0.003642562730550597,0.35126807988196296,0.36379212561322083,10,
upos,block,DIODORUS,not_applicable,all,ce_ctw_original,2.572753620432401,0.0027717648687305306,2.567397331897538,2.577806352172207,10,
upos,block,DIODORUS,not_applicable,all,ce_ctw_shuffled,2.9514023784289996,0.0032909628066504276,2.9482411303458465,2.9587323735981537,10,
upos,block,DIODORUS,not_applicable,all,ce_root_original,2.948550283036422,0.002294093834114399,2.9453871172398345,2.9515038963539415,10,
upos,block,DIODORUS,not_applicable,all,ce_root_shuffled,2.9514023784290053,0.0032909628066529095,2.9482411303458465,2.9587323735981537,10,
upos,block,DIODORUS,not_applicable,all,g_original,0.37579666260402084,0.0020045167016372162,0.3722414233640259,0.37798978534229644,10,
upos,block,DIODORUS,not_applicable,all,g_shuffled,5.5067062021407766e-15,1.741373400414044e-14,0.0,5.5067062021407764e-14,10,
upos,block,DIODORUS,not_applicable,all,q,0.37579666260401534,0.002004516701643636,0.3722414233640259,0.37798978534229644,10,
upos,block,DIODORUS,not_applicable,ge8,ce_ctw_original,2.5739495578735494,0.0028334756913245655,2.569700527320649,2.579866842748853,10,
upos,block,DIODORUS,not_applicable,ge8,ce_ctw_shuffled,2.954470252156722,0.0033851745969990356,2.949498587737279,2.959750637307624,10,
upos,block,DIODORUS,not_applicable,ge8,ce_root_original,2.9552987501699004,0.0022645477867727403,2.9520507215114895,2.958188174812908,10,
upos,block,DIODORUS,not_applicable,ge8,ce_root_shuffled,2.954470252156728,0.0033851745970031556,2.949498587737279,2.959750637307624,10,
upos,block,DIODORUS,not_applicable,ge8,g_original,0.3813491922963518,0.0018423104140349077,0.37832133206405505,0.3835956740904978,10,
upos,block,DIODORUS,not_applicable,ge8,g_shuffled,5.861977570020826e-15,1.853720071408498e-14,0.0,5.861977570020827e-14,10,
upos,block,DIODORUS,not_applicable,ge8,q,0.3813491922963459,0.0018423104140456127,0.37832133206399643,0.3835956740904978,10,
upos,block,HERODOTUS,not_applicable,4_7,ce_ctw_original,2.7962552431234924,0.005375108366342705,2.789178639659811,2.804626505318768,10,
upos,block,HERODOTUS,not_applicable,4_7,ce_ctw_shuffled,3.0383202686258377,0.010487438216097603,3.0251589525348725,3.056986705302781,10,
upos,block,HERODOTUS,not_applicable,4_7,ce_root_original,3.0243268365063667,0.000988330926489299,3.022904455425703,3.0258914991483814,10,
upos,block,HERODOTUS,not_applicable,4_7,ce_root_shuffled,3.03832026945751,0.010487437056414039,3.025158960851595,3.056986705302781,10,
upos,block,HERODOTUS,not_applicable,4_7,g_original,0.22807159338287458,0.005012837595515117,0.22054788599764086,0.23458770245893268,10,
upos,block,HERODOTUS,not_applicable,4_7,g_shuffled,8.316722421852773e-10,2.6299785520446486e-09,0.0,8.316722421852774e-09,10,
upos,block,HERODOTUS,not_applicable,4_7,q,0.22807159255120232,0.0050128368156418844,0.22054788599764086,0.23458770245893268,10,
upos,block,HERODOTUS,not_applicable,all,ce_ctw_original,2.8057116259667025,0.003777098582731126,2.801941897425515,2.8131911612218086,10,
upos,block,HERODOTUS,not_applicable,all,ce_ctw_shuffled,3.0499833440247364,0.005161978117851152,3.0413841743062116,3.0557570029016,10,
upos,block,HERODOTUS,not_applicable,all,ce_root_original,3.0499107298222095,0.0009649772782383014,3.0486419456379044,3.051508736088931,10,
upos,block,HERODOTUS,not_applicable,all,ce_root_shuffled,3.049983344394126,0.005161978373098682,3.0413841743062116,3.0557570029016,10,
upos,block,HERODOTUS,not_applicable,all,g_original,0.2441991038555061,0.0036502821191404205,0.2359136742843866,0.24815315193768717,10,
upos,block,HERODOTUS,not_applicable,all,g_shuffled,3.693897188128403e-10,1.1681128556977242e-09,0.0,3.6938971881284033e-09,10,
upos,block,HERODOTUS,not_applicable,all,q,0.2441991034861164,0.003650281977323306,0.2359136742843866,0.24815315193768717,10,
upos,block,HERODOTUS,not_applicable,ge8,ce_ctw_original,2.8099047394205385,0.0035239865322068665,2.8064745032162146,2.8176466489409475,10,
upos,block,HERODOTUS,not_applicable,ge8,ce_ctw_shuffled,3.0551549407313288,0.007831517453275573,3.0396800076855843,3.0656245695489472,10,
upos,block,HERODOTUS,not_applicable,ge8,ce_root_original,3.061255042869049,0.0009728485775712948,3.060054366038609,3.0630173334098374,10,
upos,block,HERODOTUS,not_applicable,ge8,ce_root_shuffled,3.055154940895735,0.00783151769748414,3.0396800076855843,3.0656245711930086,10,
upos,block,HERODOTUS,not_applicable,ge8,g_original,0.2513503034485104,0.0035275755374472913,0.24272711391158985,0.2545852617112505,10,
upos,block,HERODOTUS,not_applicable,ge8,g_shuffled,1.6440613315182873e-10,5.198978420606959e-10,0.0,1.6440613315182873e-09,10,
upos,block,HERODOTUS,not_applicable,ge8,q,0.2513503032841043,0.0035275755403131374,0.24272711391158985,0.2545852617112505,10,
upos,block,HESIODIC_TRADITION,not_applicable,4_7,ce_ctw_original,2.7196936632662836,0.004242343784736777,2.71458490395956,2.727388886793803,10,
upos,block,HESIODIC_TRADITION,not_applicable,4_7,ce_ctw_shuffled,2.8330096044539004,0.009561840170500166,2.822837201387194,2.853629753552352,10,
upos,block,HESIODIC_TRADITION,not_applicable,4_7,ce_root_original,2.788680649766185,0.0013328516134366276,2.786367633808583,2.7905719325816465,10,
upos,block,HESIODIC_TRADITION,not_applicable,4_7,ce_root_shuffled,2.8330096044539004,0.009561840170500187,2.822837201387194,2.853629753552352,10,
upos,block,HESIODIC_TRADITION,not_applicable,4_7,g_original,0.0689869864999014,0.0037676688524324155,0.06318304578784328,0.07469382112808942,10,
upos,block,HESIODIC_TRADITION,not_applicable,4_7,g_shuffled,4.4408920985006264e-17,1.4043333874306804e-16,0.0,4.440892098500626e-16,10,
upos,block,HESIODIC_TRADITION,not_applicable,4_7,q,0.06898698649990136,0.003767668852432467,0.06318304578784328,0.07469382112808942,10,
upos,block,HESIODIC_TRADITION,not_applicable,all,ce_ctw_original,2.765443327546202,0.004500004853691657,2.76071844104113,2.77396853906782,10,
upos,block,HESIODIC_TRADITION,not_applicable,all,ce_ctw_shuffled,2.837710409608211,0.0045776659674830345,2.8303479604282953,2.8432906646838587,10,
upos,block,HESIODIC_TRADITION,not_applicable,all,ce_root_original,2.8034134292806243,0.001357268422336636,2.801196500594577,2.805448095789433,10,
upos,block,HESIODIC_TRADITION,not_applicable,all,ce_root_shuffled,2.837710409608211,0.004577665967483124,2.8303479604282953,2.8432906646838587,10,
upos,block,HESIODIC_TRADITION,not_applicable,all,g_original,0.03797010173442206,0.004013215812780598,0.031479556721612845,0.04342364780230534,10,
upos,block,HESIODIC_TRADITION,not_applicable,all,g_shuffled,8.881784197001253e-17,2.808666774861361e-16,0.0,8.881784197001252e-16,10,
upos,block,HESIODIC_TRADITION,not_applicable,all,q,0.03797010173442197,0.004013215812780699,0.031479556721612845,0.04342364780230534,10,
upos,block,HESIODIC_TRADITION,not_applicable,ge8,ce_ctw_original,2.793158174547009,0.0048715977379519305,2.788665835671149,2.802186187359762,10,
upos,block,HESIODIC_TRADITION,not_applicable,ge8,ce_ctw_shuffled,2.8405581265845616,0.008775772455811197,2.8243004528775724,2.8502320927956624,10,
upos,block,HESIODIC_TRADITION,not_applicable,ge8,ce_root_original,2.8123384506237543,0.0014024660732620898,2.8101797309775285,2.8144599780349564,10,
upos,block,HESIODIC_TRADITION,not_applicable,ge8,ce_root_shuffled,2.8405581265845616,0.008775772455811197,2.8243004528775724,2.8502320927956624,10,
upos,block,HESIODIC_TRADITION,not_applicable,ge8,g_original,0.019180276076745127,0.004326914805180225,0.012273790675194185,0.024480381593611877,10,
upos,block,HESIODIC_TRADITION,not_applicable,ge8,g_shuffled,0.0,0.0,0.0,0.0,10,
upos,block,HESIODIC_TRADITION,not_applicable,ge8,q,0.019180276076745127,0.004326914805180225,0.012273790675194185,0.024480381593611877,10,
upos,block,HOMERIC_TRADITION,not_applicable,4_7,ce_ctw_original,2.7257588509836777,0.0018977314741463152,2.7217948019635907,2.727485164011746,10,
upos,block,HOMERIC_TRADITION,not_applicable,4_7,ce_ctw_shuffled,2.8605010185287707,0.004400173274252739,2.855067544527985,2.8715671972562187,10,
upos,block,HOMERIC_TRADITION,not_applicable,4_7,ce_root_original,2.7937955641566825,0.0009752189618927375,2.7920292418054586,2.7948648097858526,10,
upos,block,HOMERIC_TRADITION,not_applicable,4_7,ce_root_shuffled,2.8605010185287707,0.004400173274252739,2.855067544527985,2.8715671972562187,10,
upos,block,HOMERIC_TRADITION,not_applicable,4_7,g_original,0.0680367131730049,0.0012446654193085617,0.0667725987471588,0.07023443984186795,10,
upos,block,HOMERIC_TRADITION,not_applicable,4_7,g_shuffled,0.0,0.0,0.0,0.0,10,
upos,block,HOMERIC_TRADITION,not_applicable,4_7,q,0.0680367131730049,0.0012446654193085617,0.0667725987471588,0.07023443984186795,10,
upos,block,HOMERIC_TRADITION,not_applicable,all,ce_ctw_original,2.7706051852181006,0.0023894002768289867,2.7670427940769526,2.775391760963913,10,
upos,block,HOMERIC_TRADITION,not_applicable,all,ce_ctw_shuffled,2.87592073618931,0.0025070187341533438,2.872205809694562,2.881029993724442,10,
upos,block,HOMERIC_TRADITION,not_applicable,all,ce_root_original,2.827622186410212,0.0009858665249115343,2.8255968200364463,2.8286455450251102,10,
upos,block,HOMERIC_TRADITION,not_applicable,all,ce_root_shuffled,2.87592073618931,0.0025070187341533438,2.872205809694562,2.881029993724442,10,
upos,block,HOMERIC_TRADITION,not_applicable,all,g_original,0.057017001192111706,0.002171101495660576,0.05189224590780528,0.05978091787353135,10,
upos,block,HOMERIC_TRADITION,not_applicable,all,g_shuffled,0.0,0.0,0.0,0.0,10,
upos,block,HOMERIC_TRADITION,not_applicable,all,q,0.057017001192111706,0.002171101495660576,0.05189224590780528,0.05978091787353135,10,
upos,block,HOMERIC_TRADITION,not_applicable,ge8,ce_ctw_original,2.8049981928806984,0.0034873395299123686,2.800663059612558,2.8135195515392577,10,
upos,block,HOMERIC_TRADITION,not_applicable,ge8,ce_ctw_shuffled,2.887746239359355,0.00254180845403493,2.8835920813082603,2.890956030698473,10,
upos,block,HOMERIC_TRADITION,not_applicable,ge8,ce_root_original,2.8535640899844052,0.001010071510770453,2.8513400607053128,2.8545522574859077,10,
upos,block,HOMERIC_TRADITION,not_applicable,ge8,ce_root_shuffled,2.887746239359355,0.00254180845403493,2.8835920813082603,2.890956030698473,10,
upos,block,HOMERIC_TRADITION,not_applicable,ge8,g_original,0.0485658971037072,0.0034624506269810523,0.03978460630267966,0.0521927355580627,10,
upos,block,HOMERIC_TRADITION,not_applicable,ge8,g_shuffled,0.0,0.0,0.0,0.0,10,
upos,block,HOMERIC_TRADITION,not_applicable,ge8,q,0.0485658971037072,0.0034624506269810523,0.03978460630267966,0.0521927355580627,10,
upos,block,PLUTARCH,not_applicable,4_7,ce_ctw_original,2.7306644710451407,0.0034384325757928725,2.7235756374580355,2.7357503131661915,10,
upos,block,PLUTARCH,not_applicable,4_7,ce_ctw_shuffled,2.9630181237090314,0.013652889728148255,2.9360467791668934,2.985424924359773,10,
upos,block,PLUTARCH,not_applicable,4_7,ce_root_original,2.9797674144094737,0.001038173912765245,2.978650294014035,2.9816364573169603,10,
upos,block,PLUTARCH,not_applicable,4_7,ce_root_shuffled,2.9630190664498133,0.013652494666940164,2.9360467791668943,2.985424924359905,10,
upos,block,PLUTARCH,not_applicable,4_7,g_original,0.24910294336433295,0.003502572550591735,0.2445045805620456,0.2561785478991787,10,
upos,block,PLUTARCH,not_applicable,4_7,g_shuffled,9.427407820616907e-07,2.9812080676322386e-06,0.0,9.427407687390144e-06,10,
upos,block,PLUTARCH,not_applicable,4_7,q,0.24910200062355087,0.0035016457201748866,0.24450458056204472,0.2561785478991787,10,
upos,block,PLUTARCH,not_applicable,all,ce_ctw_original,2.717047068253586,0.002550973669997142,2.71269350514337,2.7207213795352962,10,
upos,block,PLUTARCH,not_applicable,all,ce_ctw_shuffled,3.0029177716431814,0.005744395351994043,2.9931811495664973,3.0131953005512484,10,
upos,block,PLUTARCH,not_applicable,all,ce_root_original,3.0167637136239516,0.0010682024446582237,3.0155230241696525,3.0187906657757857,10,
upos,block,PLUTARCH,not_applicable,all,ce_root_shuffled,3.0029198079831243,0.0057462530230053665,2.993181149566644,3.0131953005512484,10,
upos,block,PLUTARCH,not_applicable,all,g_original,0.2997166453703657,0.0025103274007070926,0.29660989011019057,0.30358894633178846,10,
upos,block,PLUTARCH,not_applicable,all,g_shuffled,2.036339942668164e-06,6.439472257247758e-06,0.0,2.0363399278799932e-05,10,
upos,block,PLUTARCH,not_applicable,all,q,0.299714609030423,0.0025075534500529086,0.29660989011018923,0.30358894633178846,10,
upos,block,PLUTARCH,not_applicable,ge8,ce_ctw_original,2.7120962638401376,0.002859739659050734,2.7068492620767057,2.7152573925997405,10,
upos,block,PLUTARCH,not_applicable,ge8,ce_ctw_shuffled,3.017423867710922,0.011391763396379127,2.996001037806049,3.031547982042495,10,
upos,block,PLUTARCH,not_applicable,ge8,ce_root_original,3.030214255128523,0.0011091782858969113,3.028928640349525,3.0322986174778683,10,
upos,block,PLUTARCH,not_applicable,ge8,ce_root_shuffled,3.017426301644711,0.011393734597971654,2.996001037806201,3.031547982042497,10,
upos,block,PLUTARCH,not_applicable,ge8,g_original,0.3181179912883859,0.0029088686537715475,0.3139109478731341,0.3227550053037973,10,
upos,block,PLUTARCH,not_applicable,ge8,g_shuffled,2.433933788914544e-06,7.696774393024625e-06,0.0,2.4339337735490574e-05,10,
upos,block,PLUTARCH,not_applicable,ge8,q,0.318115557354597,0.0029060152209585887,0.3139109478731341,0.3227550053037973,10,
upos,block,THUCYDIDES,not_applicable,4_7,ce_ctw_original,2.822781915904574,0.006077011012781514,2.8120254503806033,2.833045469584045,10,
upos,block,THUCYDIDES,not_applicable,4_7,ce_ctw_shuffled,3.01673908853058,0.014312634172201357,2.986936690189124,3.0389824668625383,10,
upos,block,THUCYDIDES,not_applicable,4_7,ce_root_original,3.037827745922533,0.0008712175098620487,3.0366997618183493,3.0390130835511098,10,
upos,block,THUCYDIDES,not_applicable,4_7,ce_root_shuffled,3.0167390885308407,0.014312634172258382,2.986936690189124,3.0389824668625383,10,
upos,block,THUCYDIDES,not_applicable,4_7,g_original,0.21504583001795857,0.006094693476506518,0.2049395914943144,0.22496662434687442,10,
upos,block,THUCYDIDES,not_applicable,4_7,g_shuffled,2.6050273049804674e-13,6.033343843183127e-13,0.0,1.8700596626786137e-12,10,
upos,block,THUCYDIDES,not_applicable,4_7,q,0.21504583001769806,0.006094693476204065,0.20493959149425311,0.22496662434620074,10,
upos,block,THUCYDIDES,not_applicable,all,ce_ctw_original,2.8062494478830367,0.004193673583093916,2.797574817315366,2.8118346403432315,10,
upos,block,THUCYDIDES,not_applicable,all,ce_ctw_shuffled,3.0333517683873774,0.005051520455093197,3.027805454354346,3.044269879463212,10,
upos,block,THUCYDIDES,not_applicable,all,ce_root_original,3.049541810370072,0.0008262694309452594,3.0481838530866185,3.0506924976656147,10,
upos,block,THUCYDIDES,not_applicable,all,ce_root_shuffled,3.03335176838765,0.0050515204550520415,3.027805454354346,3.044269879463212,10,
upos,block,THUCYDIDES,not_applicable,all,g_original,0.2432923624870354,0.0043012068426773655,0.2375149955397764,0.2516143325168674,10,
upos,block,THUCYDIDES,not_applicable,all,g_shuffled,2.729372283738485e-13,6.25816058083037e-13,0.0,1.9326762412674725e-12,10,
upos,block,THUCYDIDES,not_applicable,all,q,0.24329236248676245,0.00430120684248566,0.23751499553970756,0.2516143325161395,10,
upos,block,THUCYDIDES,not_applicable,ge8,ce_ctw_original,2.799971655043243,0.004129435741499633,2.792087549433205,2.8054887164289855,10,
upos,block,THUCYDIDES,not_applicable,ge8,ce_ctw_shuffled,3.0396600196732058,0.006416652370070706,3.0313313306245235,3.0512247172720337,10,
upos,block,THUCYDIDES,not_applicable,ge8,ce_root_original,3.0539899344987766,0.0008460588359742976,3.0525412030992123,3.0553050209951387,10,
upos,block,THUCYDIDES,not_applicable,ge8,ce_root_shuffled,3.039660019673483,0.006416652369976714,3.0313313306245235,3.0512247172720337,10,
upos,block,THUCYDIDES,not_applicable,ge8,g_original,0.2540182794555336,0.004222497922439692,0.24745396867937108,0.2617331357910406,10,
upos,block,THUCYDIDES,not_applicable,ge8,g_shuffled,2.7760016507727415e-13,6.342211869236359e-13,0.0,1.9557688801796758e-12,10,
upos,block,THUCYDIDES,not_applicable,ge8,q,0.254018279455256,0.004222497922340751,0.24745396867937108,0.2617331357902919,10,
upos,block_difference,ATHENAEUS,not_applicable,4_7,ce_ctw_original,-1.4262022393885128,0.003797140392017736,-1.4321557255484292,-1.4182888408026804,10,
upos,block_difference,ATHENAEUS,not_applicable,4_7,ce_ctw_shuffled,-1.5700876539463202,0.013206922120072967,-1.5897377555621741,-1.546916118819614,10,
upos,block_difference,ATHENAEUS,not_applicable,4_7,ce_root_original,-1.6459655044406774,0.0010994231794539987,-1.6471810835902363,-1.643616084937082,10,
upos,block_difference,ATHENAEUS,not_applicable,4_7,ce_root_shuffled,-1.5700876539463162,0.013206922120077555,-1.5897377555621728,-1.546916118819614,10,
upos,block_difference,ATHENAEUS,not_applicable,4_7,g_original,-0.21976326505216465,0.004153548251879305,-0.22889224278755593,-0.2146468700001698,10,
upos,block_difference,ATHENAEUS,not_applicable,4_7,g_shuffled,3.8635761256955444e-15,1.2388682857819254e-14,-8.881784197001252e-16,3.907985046680551e-14,10,
upos,block_difference,ATHENAEUS,not_applicable,4_7,q,-0.2197632650521685,0.004153548251874106,-0.22889224278755593,-0.21464687000020888,10,
upos,block_difference,ATHENAEUS,not_applicable,all,ce_ctw_original,-1.5232562849542566,0.0038537400200416836,-1.529574006613895,-1.5190872474822017,10,
upos,block_difference,ATHENAEUS,not_applicable,all,ce_ctw_shuffled,-1.5763488404053692,0.005974230985153126,-1.5857350056767539,-1.5675763993563145,10,
upos,block_difference,ATHENAEUS,not_applicable,all,ce_root_original,-1.7130860620082653,0.0008265756430188473,-1.7144318048131333,-1.711717181491509,10,
upos,block_difference,ATHENAEUS,not_applicable,all,ce_root_shuffled,-1.5763488404053523,0.0059742309851573226,-1.5857350056767525,-1.5675763993563145,10,
upos,block_difference,ATHENAEUS,not_applicable,all,g_original,-0.1898297770540088,0.0038225887891332683,-0.19463611028762529,-0.18350192609707783,10,
upos,block_difference,ATHENAEUS,not_applicable,all,g_shuffled,1.7008616737257397e-14,5.33195015213489e-14,0.0,1.687538997430238e-13,10,
upos,block_difference,ATHENAEUS,not_applicable,all,q,-0.18982977705402582,0.003822588789102296,-0.19463611028762529,-0.18350192609724658,10,
upos,block_difference,ATHENAEUS,not_applicable,ge8,ce_ctw_original,-1.5728021556362801,0.004742287706098764,-1.580187215605572,-1.567243840756562,10,
upos,block_difference,ATHENAEUS,not_applicable,ge8,ce_ctw_shuffled,-1.5795451619271332,0.007232038067679451,-1.5914687753354877,-1.5657038429723191,10,
upos,block_difference,ATHENAEUS,not_applicable,ge8,ce_root_original,-1.747350954790054,0.0010121440492556093,-1.7490474876656181,-1.7452032186152286,10,
upos,block_difference,ATHENAEUS,not_applicable,ge8,ce_root_shuffled,-1.57954516192711,0.007232038067660128,-1.5914687753354877,-1.56570384297232,10,
upos,block_difference,ATHENAEUS,not_applicable,ge8,g_original,-0.17454879915377403,0.004692452586097817,-0.18136006388194303,-0.16760250269822352,10,
upos,block_difference,ATHENAEUS,not_applicable,ge8,g_shuffled,2.34035013590983e-14,7.44794228333085e-14,-8.881784197001252e-16,2.353672812205332e-13,10,
upos,block_difference,ATHENAEUS,not_applicable,ge8,q,-0.17454879915379742,0.004692452586058888,-0.18136006388194215,-0.1676025026984589,10,
upos,block_difference,DIODORUS,not_applicable,4_7,ce_ctw_original,-1.311923620635884,0.005860939688708706,-1.3195959186762924,-1.301751248782797,10,
upos,block_difference,DIODORUS,not_applicable,4_7,ce_ctw_shuffled,-1.425155443916201,0.014379421354126848,-1.45474927644418,-1.4035183865867507,10,
upos,block_difference,DIODORUS,not_applicable,4_7,ce_root_original,-1.44538620153098,0.0013680022911682606,-1.4476429885915763,-1.443559507156793,10,
upos,block_difference,DIODORUS,not_applicable,4_7,ce_root_shuffled,-1.425155443916197,0.014379421354124927,-1.45474927644418,-1.4035183865867515,10,
upos,block_difference,DIODORUS,not_applicable,4_7,g_original,-0.1334625808950959,0.005413901741193695,-0.14180825837399613,-0.12594221044505938,10,
upos,block_difference,DIODORUS,not_applicable,4_7,g_shuffled,4.04121180963557e-15,1.34086672231557e-14,-8.881784197001252e-16,4.218847493575595e-14,10,
upos,block_difference,DIODORUS,not_applicable,4_7,q,-0.13346258089509994,0.005413901741193731,-0.14180825837399524,-0.12594221044505938,10,
upos,block_difference,DIODORUS,not_applicable,all,ce_ctw_original,-1.4192718831025393,0.0020963937002207327,-1.422356228190671,-1.4153953424042092,10,
upos,block_difference,DIODORUS,not_applicable,all,ce_ctw_shuffled,-1.4515602812646855,0.006874698950754838,-1.4620281535729522,-1.4384857793602759,10,
upos,block_difference,DIODORUS,not_applicable,all,ce_root_original,-1.569104624171171,0.0008266838544548935,-1.5702794835417033,-1.5676492879089277,10,
upos,block_difference,DIODORUS,not_applicable,all,ce_root_shuffled,-1.4515602812646802,0.006874698950745333,-1.4620281535728972,-1.4384857793602768,10,
upos,block_difference,DIODORUS,not_applicable,all,g_original,-0.14983274106863168,0.0019457524424825188,-0.1522539455047185,-0.1464329345414539,10,
upos,block_difference,DIODORUS,not_applicable,all,g_shuffled,5.4178883601707636e-15,1.744717435811456e-14,-8.881784197001252e-16,5.5067062021407764e-14,10,
upos,block_difference,DIODORUS,not_applicable,all,q,-0.1498327410686371,0.0019457524424838454,-0.1522539455047185,-0.146432934541453,10,
upos,block_difference,DIODORUS,not_applicable,ge8,ce_ctw_original,-1.452240859854168,0.0023974854027111773,-1.4553510308164452,-1.4474379766318424,10,
upos,block_difference,DIODORUS,not_applicable,ge8,ce_ctw_shuffled,-1.4596697787886268,0.009827281481056892,-1.4743665154904528,-1.4463010657508595,10,
upos,block_difference,DIODORUS,not_applicable,ge8,ce_root_original,-1.6071012317179356,0.0007217073686985666,-1.608196075522848,-1.605759947576126,10,
upos,block_difference,DIODORUS,not_applicable,ge8,ce_root_shuffled,-1.4596697787886208,0.009827281481048932,-1.4743665154904528,-1.4463010657508595,10,
upos,block_difference,DIODORUS,not_applicable,ge8,g_original,-0.1548603718637677,0.0026061938439173107,-0.1597235721555541,-0.15118158670261828,10,
upos,block_difference,DIODORUS,not_applicable,ge8,g_shuffled,5.861977570020826e-15,1.853720071408498e-14,0.0,5.861977570020827e-14,10,
upos,block_difference,DIODORUS,not_applicable,ge8,q,-0.15486037186377355,0.0026061938439184093,-0.1597235721555541,-0.15118158670261828,10,
upos,block_difference,HERODOTUS,not_applicable,4_7,ce_ctw_original,-1.5185297733013328,0.0032768545225018266,-1.5258135223176827,-1.515838147496233,10,
upos,block_difference,HERODOTUS,not_applicable,4_7,ce_ctw_shuffled,-1.5857365642539523,0.02477896236942559,-1.6304973712599775,-1.548993892050834,10,
upos,block_difference,HERODOTUS,not_applicable,4_7,ce_root_original,-1.66698663745,0.000788137813256823,-1.6686467821521687,-1.665925857500019,10,
upos,block_difference,HERODOTUS,not_applicable,4_7,ce_root_shuffled,-1.5857365634222802,0.024778961373878028,-1.6304973712599784,-1.548993892050834,10,
upos,block_difference,HERODOTUS,not_applicable,4_7,g_original,-0.1484568641486672,0.0036376222149401426,-0.15108288023908312,-0.14011233518233634,10,
upos,block_difference,HERODOTUS,not_applicable,4_7,g_shuffled,8.316721533674354e-10,2.629978583252072e-09,-8.881784197001252e-16,8.316722421852774e-09,10,
upos,block_difference,HERODOTUS,not_applicable,4_7,q,-0.14845686498033936,0.0036376226090995547,-0.15108288023908312,-0.14011233518233634,10,
upos,block_difference,HERODOTUS,not_applicable,all,ce_ctw_original,-1.5883517536592726,0.0022236270784740915,-1.5914498566819457,-1.5854661431946564,10,
upos,block_difference,HERODOTUS,not_applicable,all,ce_ctw_shuffled,-1.5947883708166202,0.006340823870465588,-1.6057509796819396,-1.587865699112502,10,
upos,block_difference,HERODOTUS,not_applicable,all,ce_root_original,-1.7374754450398382,0.000657365964775935,-1.7387051846794743,-1.7365240032217728,10,
upos,block_difference,HERODOTUS,not_applicable,all,ce_root_shuffled,-1.5947883704472303,0.0063408238479207325,-1.6057509796819396,-1.587865699112502,10,
upos,block_difference,HERODOTUS,not_applicable,all,g_original,-0.14912369138056542,0.0023439615798823933,-0.15288656091528185,-0.1462874232795932,10,
upos,block_difference,HERODOTUS,not_applicable,all,g_shuffled,3.693897188128403e-10,1.1681128556977242e-09,0.0,3.6938971881284033e-09,10,
upos,block_difference,HERODOTUS,not_applicable,all,q,-0.14912369174995513,0.0023439619641476904,-0.15288656091528185,-0.1462874232795932,10,
upos,block_difference,HERODOTUS,not_applicable,ge8,ce_ctw_original,-1.6193119516616725,0.0032001335858367584,-1.62497731430616,-1.6158769790885859,10,
upos,block_difference,HERODOTUS,not_applicable,ge8,ce_ctw_shuffled,-1.598802088588917,0.010797976928390214,-1.6215475641128316,-1.5874676804110468,10,
upos,block_difference,HERODOTUS,not_applicable,ge8,ce_root_original,-1.7687313250470613,0.0007049354969429736,-1.7701295760772262,-1.7678283655292102,10,
upos,block_difference,HERODOTUS,not_applicable,ge8,ce_root_shuffled,-1.5988020884245109,0.010797977120138616,-1.6215475641128316,-1.5874676787669864,10,
upos,block_difference,HERODOTUS,not_applicable,ge8,g_original,-0.14941937338538874,0.003133631997661166,-0.15425259698864036,-0.14430303965319302,10,
upos,block_difference,HERODOTUS,not_applicable,ge8,g_shuffled,1.6440604433398676e-10,5.198975611940185e-10,0.0,1.6440604433398676e-09,10,
upos,block_difference,HERODOTUS,not_applicable,ge8,q,-0.1494193735497948,0.0031336321422080968,-0.15425259698864036,-0.14430303965319302,10,
upos,block_difference,HESIODIC_TRADITION,not_applicable,4_7,ce_ctw_original,-1.8340505904076951,0.004978824724053756,-1.8420938626574355,-1.826302265917307,10,
upos,block_difference,HESIODIC_TRADITION,not_applicable,4_7,ce_ctw_shuffled,-2.0136795145516935,0.03199545443434462,-2.0767796338058515,-1.9612798389629233,10,
upos,block_difference,HESIODIC_TRADITION,not_applicable,4_7,ce_root_original,-2.05654864999362,0.0031170350808661547,-2.062349353548897,-2.0530191223563423,10,
upos,block_difference,HESIODIC_TRADITION,not_applicable,4_7,ce_root_shuffled,-2.013679514551694,0.031995454434344595,-2.0767796338058515,-1.9612798389629233,10,
upos,block_difference,HESIODIC_TRADITION,not_applicable,4_7,g_original,-0.2224980595859249,0.0040990866421144944,-0.22745514680571555,-0.21583895363451022,10,
upos,block_difference,HESIODIC_TRADITION,not_applicable,4_7,g_shuffled,-4.4408920985006264e-17,3.276777904004921e-16,-8.881784197001252e-16,4.440892098500626e-16,10,
upos,block_difference,HESIODIC_TRADITION,not_applicable,4_7,q,-0.22249805958592486,0.004099086642114516,-0.22745514680571555,-0.21583895363451022,10,
upos,block_difference,HESIODIC_TRADITION,not_applicable,all,ce_ctw_original,-1.900655301498277,0.010335615567881026,-1.9214850374064154,-1.8856142604102808,10,
upos,block_difference,HESIODIC_TRADITION,not_applicable,all,ce_ctw_shuffled,-2.0385210755461878,0.011986190299221017,-2.052134796509015,-2.0217457745733314,10,
upos,block_difference,HESIODIC_TRADITION,not_applicable,all,ce_root_original,-2.117422304295308,0.004280883775244507,-2.1246140510344125,-2.111042403843464,10,
upos,block_difference,HESIODIC_TRADITION,not_applicable,all,ce_root_shuffled,-2.0385210755461873,0.011986190299221117,-2.052134796509015,-2.0217457745733314,10,
upos,block_difference,HESIODIC_TRADITION,not_applicable,all,g_original,-0.21676700279703137,0.007606034329231515,-0.22687162974891262,-0.20022364208974164,10,
upos,block_difference,HESIODIC_TRADITION,not_applicable,all,g_shuffled,8.881784197001253e-17,2.808666774861361e-16,0.0,8.881784197001252e-16,10,
upos,block_difference,HESIODIC_TRADITION,not_applicable,all,q,-0.21676700279703148,0.00760603432923158,-0.22687162974891262,-0.20022364208974164,10,
upos,block_difference,HESIODIC_TRADITION,not_applicable,ge8,ce_ctw_original,-1.9410039992748136,0.01447344830550184,-1.9695796911271466,-1.9215450782328505,10,
upos,block_difference,HESIODIC_TRADITION,not_applicable,ge8,ce_ctw_shuffled,-2.0535699305063284,0.015855375041553738,-2.0808065397677162,-2.035961671434802,10,
upos,block_difference,HESIODIC_TRADITION,not_applicable,ge8,ce_root_original,-2.1542991654025023,0.00507153283541782,-2.1623335969922635,-2.1461925277670226,10,
upos,block_difference,HESIODIC_TRADITION,not_applicable,ge8,ce_root_shuffled,-2.0535699305063284,0.015855375041553738,-2.0808065397677162,-2.035961671434802,10,
upos,block_difference,HESIODIC_TRADITION,not_applicable,ge8,g_original,-0.2132951661276891,0.011307606472916107,-0.22695881346642555,-0.18966195302194633,10,
upos,block_difference,HESIODIC_TRADITION,not_applicable,ge8,g_shuffled,0.0,0.0,0.0,0.0,10,
upos,block_difference,HESIODIC_TRADITION,not_applicable,ge8,q,-0.2132951661276891,0.011307606472916107,-0.22695881346642555,-0.18966195302194633,10,
upos,block_difference,HOMERIC_TRADITION,not_applicable,4_7,ce_ctw_original,-1.75112652666173,0.0027476026080544185,-1.753809176508157,-1.746577159013519,10,
upos,block_difference,HOMERIC_TRADITION,not_applicable,4_7,ce_ctw_shuffled,-1.8508514113672514,0.009446616607015667,-1.8670587783982118,-1.8353587860382716,10,
upos,block_difference,HOMERIC_TRADITION,not_applicable,4_7,ce_root_original,-1.9403265194889996,0.001058357169675867,-1.9424754964619249,-1.9386540997914103,10,
upos,block_difference,HOMERIC_TRADITION,not_applicable,4_7,ce_root_shuffled,-1.8508514113672514,0.009446616607015698,-1.8670587783982118,-1.8353587860382716,10,
upos,block_difference,HOMERIC_TRADITION,not_applicable,4_7,g_original,-0.18919999282726968,0.002305470139706364,-0.19265295824449513,-0.1866563129767762,10,
upos,block_difference,HOMERIC_TRADITION,not_applicable,4_7,g_shuffled,-8.881784197001253e-17,2.808666774861361e-16,-8.881784197001252e-16,0.0,10,
upos,block_difference,HOMERIC_TRADITION,not_applicable,4_7,q,-0.18919999282726957,0.002305470139706396,-0.19265295824449513,-0.1866563129767762,10,
upos,block_difference,HOMERIC_TRADITION,not_applicable,all,ce_ctw_original,-1.7842610516696076,0.0036185191832146853,-1.7874490241047645,-1.7752477513129197,10,
upos,block_difference,HOMERIC_TRADITION,not_applicable,all,ce_ctw_shuffled,-1.849305292098375,0.0035779626832914647,-1.856765820485637,-1.8452218789628145,10,
upos,block_difference,HOMERIC_TRADITION,not_applicable,all,ce_root_original,-1.990126770236058,0.0008645645680067127,-1.9912641778658777,-1.9887054808969986,10,
upos,block_difference,HOMERIC_TRADITION,not_applicable,all,ce_root_shuffled,-1.849305292098375,0.0035779626832914647,-1.856765820485637,-1.8452218789628145,10,
upos,block_difference,HOMERIC_TRADITION,not_applicable,all,g_original,-0.20586571856645022,0.0032581388856125775,-0.21396950877610843,-0.20187404766432637,10,
upos,block_difference,HOMERIC_TRADITION,not_applicable,all,g_shuffled,0.0,0.0,0.0,0.0,10,
upos,block_difference,HOMERIC_TRADITION,not_applicable,all,q,-0.20586571856645022,0.0032581388856125775,-0.21396950877610843,-0.20187404766432637,10,
upos,block_difference,HOMERIC_TRADITION,not_applicable,ge8,ce_ctw_original,-1.80967218040391,0.004931365648638599,-1.814254977786974,-1.79722625301013,10,
upos,block_difference,HOMERIC_TRADITION,not_applicable,ge8,ce_ctw_shuffled,-1.848119561028724,0.006388486362178788,-1.858443555249445,-1.838308382102741,10,
upos,block_difference,HOMERIC_TRADITION,not_applicable,ge8,ce_root_original,-2.028318975569715,0.0011383916603080917,-2.030075917490108,-2.0270488770576645,10,
upos,block_difference,HOMERIC_TRADITION,not_applicable,ge8,ce_root_shuffled,-1.848119561028724,0.006388486362178788,-1.858443555249445,-1.838308382102741,10,
upos,block_difference,HOMERIC_TRADITION,not_applicable,ge8,g_original,-0.2186467951658048,0.004603836422985582,-0.23031733961422374,-0.21343920243257886,10,
upos,block_difference,HOMERIC_TRADITION,not_applicable,ge8,g_shuffled,0.0,0.0,0.0,0.0,10,
upos,block_difference,HOMERIC_TRADITION,not_applicable,ge8,q,-0.2186467951658048,0.004603836422985582,-0.23031733961422374,-0.21343920243257886,10,
upos,block_difference,PLUTARCH,not_applicable,4_7,ce_ctw_original,-1.4307640094755765,0.007554181333288158,-1.4448284294971603,-1.4230211961014145,10,
upos,block_difference,PLUTARCH,not_applicable,4_7,ce_ctw_shuffled,-1.622691154096643,0.035044954269320194,-1.6643312944075284,-1.5530137653197862,10,
upos,block_difference,PLUTARCH,not_applicable,4_7,ce_root_original,-1.679170712617795,0.0007130219213406798,-1.6801038800844688,-1.678134190085725,10,
upos,block_difference,PLUTARCH,not_applicable,4_7,ce_root_shuffled,-1.6226902113558608,0.035045039288451846,-1.6643312944075284,-1.5530137653197862,10,
upos,block_difference,PLUTARCH,not_applicable,4_7,g_original,-0.24840670314221863,0.00720172005691959,-0.2570254592323171,-0.23495905586165744,10,
upos,block_difference,PLUTARCH,not_applicable,4_7,g_shuffled,9.427407819728728e-07,2.9812080676634454e-06,-8.881784197001252e-16,9.427407687390144e-06,10,
upos,block_difference,PLUTARCH,not_applicable,4_7,q,-0.2484076458830006,0.0072003681346669455,-0.2570254592323171,-0.23495905586165744,10,
upos,block_difference,PLUTARCH,not_applicable,all,ce_ctw_original,-1.518646462264363,0.004472041407535162,-1.5260433253423398,-1.5133053179298743,10,
upos,block_difference,PLUTARCH,not_applicable,all,ce_ctw_shuffled,-1.632188044684647,0.010021972345539826,-1.6481896257080293,-1.6201485022184228,10,
upos,block_difference,PLUTARCH,not_applicable,all,ce_root_original,-1.7606750130276534,0.0014390634010716594,-1.762350457180664,-1.7588002718254518,10,
upos,block_difference,PLUTARCH,not_applicable,all,ce_root_shuffled,-1.6321860083447046,0.010023239863444826,-1.6481896257078827,-1.6201485022184228,10,
upos,block_difference,PLUTARCH,not_applicable,all,g_original,-0.24202855076329052,0.004727512134665494,-0.24694658476934128,-0.2332421162286158,10,
upos,block_difference,PLUTARCH,not_applicable,all,g_shuffled,2.036339942668164e-06,6.439472257247758e-06,0.0,2.0363399278799932e-05,10,
upos,block_difference,PLUTARCH,not_applicable,all,q,-0.2420305871032332,0.0047244400399533495,-0.24694658476934261,-0.2332421162286158,10,
upos,block_difference,PLUTARCH,not_applicable,ge8,ce_ctw_original,-1.5505974034086758,0.004293882880930555,-1.5571766961854774,-1.5428970838185663,10,
upos,block_difference,PLUTARCH,not_applicable,ge8,ce_ctw_shuffled,-1.6356407770857395,0.014867011469407018,-1.6619255096639818,-1.6187966881787306,10,
upos,block_difference,PLUTARCH,not_applicable,ge8,ce_root_original,-1.790307084308851,0.0019271801503294452,-1.792947579644237,-1.787814878571901,10,
upos,block_difference,PLUTARCH,not_applicable,ge8,ce_root_shuffled,-1.6356383431519508,0.014868215968907634,-1.6619255096639827,-1.6187966881787306,10,
upos,block_difference,PLUTARCH,not_applicable,ge8,g_original,-0.23970968090017503,0.004542265308394262,-0.24552607931041992,-0.23261789790717913,10,
upos,block_difference,PLUTARCH,not_applicable,ge8,g_shuffled,2.433933788825726e-06,7.696774393055833e-06,-8.881784197001252e-16,2.4339337735490574e-05,10,
upos,block_difference,PLUTARCH,not_applicable,ge8,q,-0.23971211483396387,0.00453906652468606,-0.2455260793104217,-0.23261789790717824,10,
upos,block_difference,THUCYDIDES,not_applicable,4_7,ce_ctw_original,-1.3930686402302528,0.004583392658086934,-1.401295835198777,-1.3876665893270501,10,
upos,block_difference,THUCYDIDES,not_applicable,4_7,ce_ctw_shuffled,-1.5779520102052094,0.012921165557565426,-1.6024831881569805,-1.5632569982619695,10,
upos,block_difference,THUCYDIDES,not_applicable,4_7,ce_root_original,-1.6104245215800852,0.0012582095293567285,-1.6123869227956198,-1.6086039280767226,10,
upos,block_difference,THUCYDIDES,not_applicable,4_7,ce_root_shuffled,-1.577952010204949,0.012921165557764,-1.6024831881569805,-1.5632569982619695,10,
upos,block_difference,THUCYDIDES,not_applicable,4_7,g_original,-0.21735588134983236,0.0050959759379082216,-0.22418298382907276,-0.20874381295191302,10,
upos,block_difference,THUCYDIDES,not_applicable,4_7,g_shuffled,2.604139126560767e-13,6.03377058221164e-13,-8.881784197001252e-16,1.8700596626786137e-12,10,
upos,block_difference,THUCYDIDES,not_applicable,4_7,q,-0.2173558813500928,0.005095975937627132,-0.22418298382907276,-0.20874381295191302,10,
upos,block_difference,THUCYDIDES,not_applicable,all,ce_ctw_original,-1.5182296028491817,0.004632456738077831,-1.5283200061354294,-1.5129181008873709,10,
upos,block_difference,THUCYDIDES,not_applicable,all,ce_ctw_shuffled,-1.5815418945457969,0.00838182937556552,-1.5920560108363158,-1.5679374550137495,10,
upos,block_difference,THUCYDIDES,not_applicable,all,ce_root_original,-1.7040625030778238,0.0008532344449378824,-1.7051621408843465,-1.7028679304670846,10,
upos,block_difference,THUCYDIDES,not_applicable,all,ce_root_shuffled,-1.581541894545524,0.008381829375819322,-1.5920560108363158,-1.5679374550137495,10,
upos,block_difference,THUCYDIDES,not_applicable,all,g_original,-0.1858329002286419,0.004413602773978534,-0.19130092708436042,-0.17674807386226998,10,
upos,block_difference,THUCYDIDES,not_applicable,all,g_shuffled,2.729372283738485e-13,6.25816058083037e-13,0.0,1.9326762412674725e-12,10,
upos,block_difference,THUCYDIDES,not_applicable,all,q,-0.18583290022891483,0.004413602773895599,-0.19130092708436042,-0.17674807386299785,10,
upos,block_difference,THUCYDIDES,not_applicable,ge8,ce_ctw_original,-1.5657563601323148,0.00557077827037397,-1.577695657812403,-1.5593925200151806,10,
upos,block_difference,THUCYDIDES,not_applicable,ge8,ce_ctw_shuffled,-1.5829050636854358,0.010611796039887758,-1.5952711459503002,-1.5651849310243526,10,
upos,block_difference,THUCYDIDES,not_applicable,ge8,ce_root_original,-1.7396191936465524,0.001033918832472463,-1.7407793959381759,-1.7381171579446142,10,
upos,block_difference,THUCYDIDES,not_applicable,ge8,ce_root_shuffled,-1.5829050636851583,0.010611796040071458,-1.5952711459503002,-1.5651849310243526,10,
upos,block_difference,THUCYDIDES,not_applicable,ge8,g_original,-0.1738628335142376,0.005402471479598908,-0.18093772764559057,-0.16308373812577281,10,
upos,block_difference,THUCYDIDES,not_applicable,ge8,g_shuffled,2.775113472353041e-13,6.342644429584116e-13,-8.881784197001252e-16,1.9557688801796758e-12,10,
upos,block_difference,THUCYDIDES,not_applicable,ge8,q,-0.1738628335145151,0.005402471479607757,-0.18093772764559057,-0.16308373812652155,10,
upos,document,tlg0003.tlg001.perseus-grc1.1.tb.xml,not_applicable,4_7,ce_ctw_original,2.822781915904574,0.006077011012781514,2.8120254503806033,2.833045469584045,10,
upos,document,tlg0003.tlg001.perseus-grc1.1.tb.xml,not_applicable,4_7,ce_ctw_shuffled,3.01673908853058,0.014312634172201357,2.986936690189124,3.0389824668625383,10,
upos,document,tlg0003.tlg001.perseus-grc1.1.tb.xml,not_applicable,4_7,ce_root_original,3.037827745922533,0.0008712175098620487,3.0366997618183493,3.0390130835511098,10,
upos,document,tlg0003.tlg001.perseus-grc1.1.tb.xml,not_applicable,4_7,ce_root_shuffled,3.0167390885308407,0.014312634172258382,2.986936690189124,3.0389824668625383,10,
upos,document,tlg0003.tlg001.perseus-grc1.1.tb.xml,not_applicable,4_7,g_original,0.21504583001795857,0.006094693476506518,0.2049395914943144,0.22496662434687442,10,
upos,document,tlg0003.tlg001.perseus-grc1.1.tb.xml,not_applicable,4_7,g_shuffled,2.6050273049804674e-13,6.033343843183127e-13,0.0,1.8700596626786137e-12,10,
upos,document,tlg0003.tlg001.perseus-grc1.1.tb.xml,not_applicable,4_7,q,0.21504583001769806,0.006094693476204065,0.20493959149425311,0.22496662434620074,10,
upos,document,tlg0003.tlg001.perseus-grc1.1.tb.xml,not_applicable,all,ce_ctw_original,2.8062494478830367,0.004193673583093916,2.797574817315366,2.8118346403432315,10,
upos,document,tlg0003.tlg001.perseus-grc1.1.tb.xml,not_applicable,all,ce_ctw_shuffled,3.0333517683873774,0.005051520455093197,3.027805454354346,3.044269879463212,10,
upos,document,tlg0003.tlg001.perseus-grc1.1.tb.xml,not_applicable,all,ce_root_original,3.049541810370072,0.0008262694309452594,3.0481838530866185,3.0506924976656147,10,
upos,document,tlg0003.tlg001.perseus-grc1.1.tb.xml,not_applicable,all,ce_root_shuffled,3.03335176838765,0.0050515204550520415,3.027805454354346,3.044269879463212,10,
upos,document,tlg0003.tlg001.perseus-grc1.1.tb.xml,not_applicable,all,g_original,0.2432923624870354,0.0043012068426773655,0.2375149955397764,0.2516143325168674,10,
upos,document,tlg0003.tlg001.perseus-grc1.1.tb.xml,not_applicable,all,g_shuffled,2.729372283738485e-13,6.25816058083037e-13,0.0,1.9326762412674725e-12,10,
upos,document,tlg0003.tlg001.perseus-grc1.1.tb.xml,not_applicable,all,q,0.24329236248676245,0.00430120684248566,0.23751499553970756,0.2516143325161395,10,
upos,document,tlg0003.tlg001.perseus-grc1.1.tb.xml,not_applicable,ge8,ce_ctw_original,2.799971655043243,0.004129435741499633,2.792087549433205,2.8054887164289855,10,
upos,document,tlg0003.tlg001.perseus-grc1.1.tb.xml,not_applicable,ge8,ce_ctw_shuffled,3.0396600196732058,0.006416652370070706,3.0313313306245235,3.0512247172720337,10,
upos,document,tlg0003.tlg001.perseus-grc1.1.tb.xml,not_applicable,ge8,ce_root_original,3.0539899344987766,0.0008460588359742976,3.0525412030992123,3.0553050209951387,10,
upos,document,tlg0003.tlg001.perseus-grc1.1.tb.xml,not_applicable,ge8,ce_root_shuffled,3.039660019673483,0.006416652369976714,3.0313313306245235,3.0512247172720337,10,
upos,document,tlg0003.tlg001.perseus-grc1.1.tb.xml,not_applicable,ge8,g_original,0.2540182794555336,0.004222497922439692,0.24745396867937108,0.2617331357910406,10,
upos,document,tlg0003.tlg001.perseus-grc1.1.tb.xml,not_applicable,ge8,g_shuffled,2.7760016507727415e-13,6.342211869236359e-13,0.0,1.9557688801796758e-12,10,
upos,document,tlg0003.tlg001.perseus-grc1.1.tb.xml,not_applicable,ge8,q,0.254018279455256,0.004222497922340751,0.24745396867937108,0.2617331357902919,10,
upos,document,tlg0007.tlg004.perseus-grc1.tb.xml,not_applicable,4_7,ce_ctw_original,2.773073969719411,0.006144815077812637,2.761280174299189,2.7817475823435425,10,
upos,document,tlg0007.tlg004.perseus-grc1.tb.xml,not_applicable,4_7,ce_ctw_shuffled,2.9979734794362285,0.029398477588328076,2.951301705886415,3.0421012902860247,10,
upos,document,tlg0007.tlg004.perseus-grc1.tb.xml,not_applicable,4_7,ce_root_original,3.024033732077614,0.001303033392989297,3.022517111198016,3.02629707762089,10,
upos,document,tlg0007.tlg004.perseus-grc1.tb.xml,not_applicable,4_7,ce_root_shuffled,2.997974226884896,0.02939747584321118,2.951301705886415,3.0421012902860247,10,
upos,document,tlg0007.tlg004.perseus-grc1.tb.xml,not_applicable,4_7,g_original,0.2509597623582028,0.005994924644134845,0.2423660167641124,0.26232778763504117,10,
upos,document,tlg0007.tlg004.perseus-grc1.tb.xml,not_applicable,4_7,g_shuffled,7.474486682035319e-07,2.3636401726860795e-06,0.0,7.474486531489077e-06,10,
upos,document,tlg0007.tlg004.perseus-grc1.tb.xml,not_applicable,4_7,q,0.25095901490953454,0.00599435237773061,0.24236601676396363,0.26232778763504117,10,
upos,document,tlg0007.tlg004.perseus-grc1.tb.xml,not_applicable,all,ce_ctw_original,2.76923456141371,0.0033960884650123323,2.7638179943907932,2.7745942858011494,10,
upos,document,tlg0007.tlg004.perseus-grc1.tb.xml,not_applicable,all,ce_ctw_shuffled,3.044736585014114,0.007863501423129592,3.0322183786226584,3.0555513778105325,10,
upos,document,tlg0007.tlg004.perseus-grc1.tb.xml,not_applicable,all,ce_root_original,3.0697463560182285,0.0012687204604337821,3.0684633893966895,3.071942142452717,10,
upos,document,tlg0007.tlg004.perseus-grc1.tb.xml,not_applicable,all,ce_root_shuffled,3.0447399933769166,0.007867163308925286,3.032218378622732,3.0555513778105325,10,
upos,document,tlg0007.tlg004.perseus-grc1.tb.xml,not_applicable,all,g_original,0.30051179460451855,0.0028889925825176794,0.29543481288326223,0.3047394241836834,10,
upos,document,tlg0007.tlg004.perseus-grc1.tb.xml,not_applicable,all,g_shuffled,3.4083628024816905e-06,1.077818952151044e-05,0.0,3.408362794932174e-05,10,
upos,document,tlg0007.tlg004.perseus-grc1.tb.xml,not_applicable,all,q,0.30050838624171605,0.00288503537387519,0.29543481288326046,0.3047394241836834,10,
upos,document,tlg0007.tlg004.perseus-grc1.tb.xml,not_applicable,ge8,ce_ctw_original,2.7678515969733777,0.003744815125103243,2.7621079720749084,2.773158857835579,10,
upos,document,tlg0007.tlg004.perseus-grc1.tb.xml,not_applicable,ge8,ce_ctw_shuffled,3.0615807721868338,0.013395734233220286,3.041625020055286,3.084678617197999,10,
upos,document,tlg0007.tlg004.perseus-grc1.tb.xml,not_applicable,ge8,ce_root_original,3.086212157087181,0.0013124942692928577,3.084748324879862,3.0884980540409295,10,
upos,document,tlg0007.tlg004.perseus-grc1.tb.xml,not_applicable,ge8,ce_root_shuffled,3.061585139017539,0.01340410494597701,3.0416250200553323,3.084722285505003,10,
upos,document,tlg0007.tlg004.perseus-grc1.tb.xml,not_applicable,ge8,g_original,0.31836056011380287,0.0035157538868176596,0.31335875422934567,0.3238701022575028,10,
upos,document,tlg0007.tlg004.perseus-grc1.tb.xml,not_applicable,ge8,g_shuffled,4.366830705127001e-06,1.3809131167864484e-05,0.0,4.366830700375246e-05,10,
upos,document,tlg0007.tlg004.perseus-grc1.tb.xml,not_applicable,ge8,q,0.3183561932830977,0.0035121424767182463,0.31335875422934434,0.3238701022574566,10,
upos,document,tlg0007.tlg015.perseus-grc1.tb.xml,not_applicable,4_7,ce_ctw_original,2.687791480582081,0.0036410974004727407,2.683696706314039,2.6938915889758475,10,
upos,document,tlg0007.tlg015.perseus-grc1.tb.xml,not_applicable,4_7,ce_ctw_shuffled,2.927680742236183,0.02847518005159538,2.8790223240729067,2.9701011787190565,10,
upos,document,tlg0007.tlg015.perseus-grc1.tb.xml,not_applicable,4_7,ce_root_original,2.935017311848786,0.0010269434581077388,2.933475642251354,2.9368770186196653,10,
upos,document,tlg0007.tlg015.perseus-grc1.tb.xml,not_applicable,4_7,ce_root_shuffled,2.9276818824034185,0.028476314195757673,2.8790223240729067,2.9701011787190565,10,
upos,document,tlg0007.tlg015.perseus-grc1.tb.xml,not_applicable,4_7,g_original,0.2472258312667051,0.0038666647486126815,0.24017312450363226,0.2509394148963273,10,
upos,document,tlg0007.tlg015.perseus-grc1.tb.xml,not_applicable,4_7,g_shuffled,1.1401672359578896e-06,3.605525338399896e-06,0.0,1.1401672243671612e-05,10,
upos,document,tlg0007.tlg015.perseus-grc1.tb.xml,not_applicable,4_7,q,0.24722469109946915,0.0038659912562192616,0.24017312450363226,0.2509394148963273,10,
upos,document,tlg0007.tlg015.perseus-grc1.tb.xml,not_applicable,all,ce_ctw_original,2.6635579504107705,0.0022107748818707726,2.6602939039282147,2.666984388256446,10,
upos,document,tlg0007.tlg015.perseus-grc1.tb.xml,not_applicable,all,ce_ctw_shuffled,2.96005594209369,0.006583171658475358,2.9500537189089564,2.9697828070457675,10,
upos,document,tlg0007.tlg015.perseus-grc1.tb.xml,not_applicable,all,ce_root_original,2.9624596144798168,0.0010823825344769744,2.9606597616217853,2.9643317993883147,10,
upos,document,tlg0007.tlg015.perseus-grc1.tb.xml,not_applicable,all,ce_root_shuffled,2.9600565721907186,0.006583358491926315,2.9500537189089564,2.9697828070457675,10,
upos,document,tlg0007.tlg015.perseus-grc1.tb.xml,not_applicable,all,g_original,0.2989016640690464,0.0025978376833841973,0.29427786838443915,0.30240977404990055,10,
upos,document,tlg0007.tlg015.perseus-grc1.tb.xml,not_applicable,all,g_shuffled,6.300970291750474e-07,1.9925416810801957e-06,0.0,6.300970069705869e-06,10,
upos,document,tlg0007.tlg015.perseus-grc1.tb.xml,not_applicable,all,q,0.2989010339720172,0.0025969922193171523,0.29427786838443915,0.30240977404990055,10,
upos,document,tlg0007.tlg015.perseus-grc1.tb.xml,not_applicable,ge8,ce_ctw_original,2.6546635741144415,0.0030641235413827236,2.649928136013575,2.657827947175394,10,
upos,document,tlg0007.tlg015.perseus-grc1.tb.xml,not_applicable,ge8,ce_ctw_shuffled,2.971938536505891,0.013489929161230738,2.949004492913935,2.9932165775150006,10,
upos,document,tlg0007.tlg015.perseus-grc1.tb.xml,not_applicable,ge8,ce_root_original,2.9725316990796538,0.00111204288212536,2.9706370858191153,2.9744084638100214,10,
upos,document,tlg0007.tlg015.perseus-grc1.tb.xml,not_applicable,ge8,ce_root_shuffled,2.9719389793930366,0.013489675451615857,2.9490044929141956,2.9932165775150006,10,
upos,document,tlg0007.tlg015.perseus-grc1.tb.xml,not_applicable,ge8,g_original,0.3178681249652125,0.0033697516072161283,0.3135720502316999,0.32249924274566855,10,
upos,document,tlg0007.tlg015.perseus-grc1.tb.xml,not_applicable,ge8,g_shuffled,4.428871458905803e-07,1.4005320353636628e-06,0.0,4.428871196893169e-06,10,
upos,document,tlg0007.tlg015.perseus-grc1.tb.xml,not_applicable,ge8,q,0.3178676820780666,0.0033692355526685857,0.3135720502316999,0.32249924274566855,10,
upos,document,tlg0008.tlg001.perseus-grc1.tb.xml,not_applicable,4_7,ce_ctw_original,2.7454269173262835,0.004607181586875698,2.739116854959013,2.7537532369092528,10,
upos,document,tlg0008.tlg001.perseus-grc1.tb.xml,not_applicable,4_7,ce_ctw_shuffled,2.963262138689249,0.008598412615420324,2.9475967498147155,2.9781101205352662,10,
upos,document,tlg0008.tlg001.perseus-grc1.tb.xml,not_applicable,4_7,ce_root_original,2.9601390284206635,0.0004586087091547227,2.9595129000561036,2.9609852977210602,10,
upos,document,tlg0008.tlg001.perseus-grc1.tb.xml,not_applicable,4_7,ce_root_shuffled,2.9632621386892524,0.008598412615424116,2.9475967498147155,2.9781101205352662,10,
upos,document,tlg0008.tlg001.perseus-grc1.tb.xml,not_applicable,4_7,g_original,0.21471211109437918,0.0048146088264730295,0.20647875244764302,0.2214903559348924,10,
upos,document,tlg0008.tlg001.perseus-grc1.tb.xml,not_applicable,4_7,g_shuffled,4.130029651605583e-15,1.2599148211410886e-14,0.0,3.9968028886505635e-14,10,
upos,document,tlg0008.tlg001.perseus-grc1.tb.xml,not_applicable,4_7,q,0.21471211109437505,0.0048146088264667715,0.20647875244764302,0.22149035593485245,10,
upos,document,tlg0008.tlg001.perseus-grc1.tb.xml,not_applicable,all,ce_ctw_original,2.7109174213279585,0.0036133509675724713,2.7049843407412104,2.7150888698140387,10,
upos,document,tlg0008.tlg001.perseus-grc1.tb.xml,not_applicable,all,ce_ctw_shuffled,2.984627817112531,0.002081439159710367,2.9797129429803815,2.987016267537688,10,
upos,document,tlg0008.tlg001.perseus-grc1.tb.xml,not_applicable,all,ce_root_original,2.9731136588620313,0.0004929910419075176,2.9723461501891295,2.9739394299678774,10,
upos,document,tlg0008.tlg001.perseus-grc1.tb.xml,not_applicable,all,ce_root_shuffled,2.9846278171125484,0.0020814391597200905,2.9797129429803815,2.987016267537688,10,
upos,document,tlg0008.tlg001.perseus-grc1.tb.xml,not_applicable,all,g_original,0.2621962375340721,0.0038571530204512487,0.2581094785628899,0.26849965014449584,10,
upos,document,tlg0008.tlg001.perseus-grc1.tb.xml,not_applicable,all,g_shuffled,1.709743457922741e-14,5.3600359584713054e-14,0.0,1.6964207816272392e-13,10,
upos,document,tlg0008.tlg001.perseus-grc1.tb.xml,not_applicable,all,q,0.262196237534055,0.003857153020420427,0.2581094785628899,0.2684996501443262,10,
upos,document,tlg0008.tlg001.perseus-grc1.tb.xml,not_applicable,ge8,ce_ctw_original,2.6933004016965976,0.0037857010995231426,2.6875597694559046,2.699043698854574,10,
upos,document,tlg0008.tlg001.perseus-grc1.tb.xml,not_applicable,ge8,ce_ctw_shuffled,2.995534947608978,0.004425350505493096,2.9875481183699253,3.0011060930393243,10,
upos,document,tlg0008.tlg001.perseus-grc1.tb.xml,not_applicable,ge8,ce_root_original,2.9797371783479827,0.0005461366165331765,2.9788974953475367,2.980552485171886,10,
upos,document,tlg0008.tlg001.perseus-grc1.tb.xml,not_applicable,ge8,ce_root_shuffled,2.9955349476090016,0.004425350505480362,2.9875481183699253,3.0011060930393243,10,
upos,document,tlg0008.tlg001.perseus-grc1.tb.xml,not_applicable,ge8,g_original,0.286436776651385,0.0039302137287120275,0.28081027922088797,0.2927329965560972,10,
upos,document,tlg0008.tlg001.perseus-grc1.tb.xml,not_applicable,ge8,g_shuffled,2.3669954885008336e-14,7.438403679075758e-14,0.0,2.353672812205332e-13,10,
upos,document,tlg0008.tlg001.perseus-grc1.tb.xml,not_applicable,ge8,q,0.2864367766513613,0.003930213728671673,0.28081027922088797,0.2927329965560972,10,
upos,document,tlg0012.tlg001.perseus-grc1.tb.xml,not_applicable,4_7,ce_ctw_original,2.723772688448338,0.0018636176410110788,2.719957871665311,2.7255997159678866,10,
upos,document,tlg0012.tlg001.perseus-grc1.tb.xml,not_applicable,4_7,ce_ctw_shuffled,2.856378127039224,0.004289446294385719,2.8514783122346063,2.8671713932774394,10,
upos,document,tlg0012.tlg001.perseus-grc1.tb.xml,not_applicable,4_7,ce_root_original,2.7926119147302026,0.0009771025759224346,2.7908423427961826,2.7936707800048755,10,
upos,document,tlg0012.tlg001.perseus-grc1.tb.xml,not_applicable,4_7,ce_root_shuffled,2.856378127039224,0.004289446294385719,2.8514783122346063,2.8671713932774394,10,
upos,document,tlg0012.tlg001.perseus-grc1.tb.xml,not_applicable,4_7,g_original,0.06883922628186445,0.001188205398113016,0.0677779551210711,0.0708844711308716,10,
upos,document,tlg0012.tlg001.perseus-grc1.tb.xml,not_applicable,4_7,g_shuffled,0.0,0.0,0.0,0.0,10,
upos,document,tlg0012.tlg001.perseus-grc1.tb.xml,not_applicable,4_7,q,0.06883922628186445,0.001188205398113016,0.0677779551210711,0.0708844711308716,10,
upos,document,tlg0012.tlg001.perseus-grc1.tb.xml,not_applicable,all,ce_ctw_original,2.7695745173098634,0.0023700685475801352,2.766103788761362,2.7744331059856258,10,
upos,document,tlg0012.tlg001.perseus-grc1.tb.xml,not_applicable,all,ce_ctw_shuffled,2.8722017684573506,0.0024166627775743747,2.8689578746475433,2.8772715016006845,10,
upos,document,tlg0012.tlg001.perseus-grc1.tb.xml,not_applicable,all,ce_root_original,2.8255139548044115,0.0009886635885057542,2.8234776810610973,2.8265230414455584,10,
upos,document,tlg0012.tlg001.perseus-grc1.tb.xml,not_applicable,all,ce_root_shuffled,2.8722017684573506,0.0024166627775743747,2.8689578746475433,2.8772715016006845,10,
upos,document,tlg0012.tlg001.perseus-grc1.tb.xml,not_applicable,all,g_original,0.05593943749454833,0.0021746662150883764,0.05072139509695628,0.058604934252432184,10,
upos,document,tlg0012.tlg001.perseus-grc1.tb.xml,not_applicable,all,g_shuffled,0.0,0.0,0.0,0.0,10,
upos,document,tlg0012.tlg001.perseus-grc1.tb.xml,not_applicable,all,q,0.05593943749454833,0.0021746662150883764,0.05072139509695628,0.058604934252432184,10,
upos,document,tlg0012.tlg001.perseus-grc1.tb.xml,not_applicable,ge8,ce_ctw_original,2.8047873876801246,0.0035164863856728466,2.8005480607749136,2.813495203031151,10,
upos,document,tlg0012.tlg001.perseus-grc1.tb.xml,not_applicable,ge8,ce_ctw_shuffled,2.884367130581352,0.002591611157934775,2.879317246970498,2.8872708355250274,10,
upos,document,tlg0012.tlg001.perseus-grc1.tb.xml,not_applicable,ge8,ce_root_original,2.85080934804194,0.0010141452664549047,2.84856803147672,2.851780164408446,10,
upos,document,tlg0012.tlg001.perseus-grc1.tb.xml,not_applicable,ge8,ce_root_shuffled,2.884367130581352,0.002591611157934775,2.879317246970498,2.8872708355250274,10,
upos,document,tlg0012.tlg001.perseus-grc1.tb.xml,not_applicable,ge8,g_original,0.046021960361815585,0.003519718211468215,0.03703018707176442,0.049546154845901746,10,
upos,document,tlg0012.tlg001.perseus-grc1.tb.xml,not_applicable,ge8,g_shuffled,0.0,0.0,0.0,0.0,10,
upos,document,tlg0012.tlg001.perseus-grc1.tb.xml,not_applicable,ge8,q,0.046021960361815585,0.003519718211468215,0.03703018707176442,0.049546154845901746,10,
upos,document,tlg0013.tlg002.perseus-grc1.tb.xml,not_applicable,4_7,ce_ctw_original,2.8115497973518595,0.00627036345382021,2.8011397628606747,2.820312014251432,10,
upos,document,tlg0013.tlg002.perseus-grc1.tb.xml,not_applicable,4_7,ce_ctw_shuffled,3.038586525816327,0.03171248904915679,2.99846405631689,3.093113002392497,10,
upos,document,tlg0013.tlg002.perseus-grc1.tb.xml,not_applicable,4_7,ce_root_original,2.8449224999734066,0.0010807866193057595,2.8432965411515387,2.8467223355540243,10,
upos,document,tlg0013.tlg002.perseus-grc1.tb.xml,not_applicable,4_7,ce_root_shuffled,3.038586525816327,0.03171248904915679,2.99846405631689,3.093113002392497,10,
upos,document,tlg0013.tlg002.perseus-grc1.tb.xml,not_applicable,4_7,g_original,0.03337270262154681,0.006005939520344394,0.023338998932603605,0.04215677829086406,10,
upos,document,tlg0013.tlg002.perseus-grc1.tb.xml,not_applicable,4_7,g_shuffled,0.0,0.0,0.0,0.0,10,
upos,document,tlg0013.tlg002.perseus-grc1.tb.xml,not_applicable,4_7,q,0.03337270262154681,0.006005939520344394,0.023338998932603605,0.04215677829086406,10,
upos,document,tlg0013.tlg002.perseus-grc1.tb.xml,not_applicable,all,ce_ctw_original,2.8125273030406293,0.00548645797379595,2.8022091088331633,2.818229031045727,10,
upos,document,tlg0013.tlg002.perseus-grc1.tb.xml,not_applicable,all,ce_ctw_shuffled,3.02718866855763,0.01509465578928999,3.0043146244086594,3.0502762470320888,10,
upos,document,tlg0013.tlg002.perseus-grc1.tb.xml,not_applicable,all,ce_root_original,2.9133738946658063,0.0011543031381028449,2.9117921823804918,2.915329042740194,10,
upos,document,tlg0013.tlg002.perseus-grc1.tb.xml,not_applicable,all,ce_root_shuffled,3.02718866855763,0.01509465578928999,3.0043146244086594,3.0502762470320888,10,
upos,document,tlg0013.tlg002.perseus-grc1.tb.xml,not_applicable,all,g_original,0.10084659162517728,0.005169512396773939,0.09445776181611132,0.10958307354732844,10,
upos,document,tlg0013.tlg002.perseus-grc1.tb.xml,not_applicable,all,g_shuffled,0.0,0.0,0.0,0.0,10,
upos,document,tlg0013.tlg002.perseus-grc1.tb.xml,not_applicable,all,q,0.10084659162517728,0.005169512396773939,0.09445776181611132,0.10958307354732844,10,
upos,document,tlg0013.tlg002.perseus-grc1.tb.xml,not_applicable,ge8,ce_ctw_original,2.8132046065284597,0.0058282628953161405,2.8029500474948876,2.8199732473228036,10,
upos,document,tlg0013.tlg002.perseus-grc1.tb.xml,not_applicable,ge8,ce_ctw_shuffled,3.0192912122422237,0.022899689178096008,2.9880989475625683,3.0558536368388514,10,
upos,document,tlg0013.tlg002.perseus-grc1.tb.xml,not_applicable,ge8,ce_root_original,2.9608031515025974,0.0012332199368083462,2.9592520971805834,2.9628659139826534,10,
upos,document,tlg0013.tlg002.perseus-grc1.tb.xml,not_applicable,ge8,ce_root_shuffled,3.0192912122422237,0.022899689178096008,2.9880989475625683,3.0558536368388514,10,
upos,document,tlg0013.tlg002.perseus-grc1.tb.xml,not_applicable,ge8,g_original,0.1475985449741377,0.005549102676614475,0.14028577513209983,0.15630204968569572,10,
upos,document,tlg0013.tlg002.perseus-grc1.tb.xml,not_applicable,ge8,g_shuffled,0.0,0.0,0.0,0.0,10,
upos,document,tlg0013.tlg002.perseus-grc1.tb.xml,not_applicable,ge8,q,0.1475985449741377,0.005549102676614475,0.14028577513209983,0.15630204968569572,10,
upos,document,tlg0016.tlg001.perseus-grc1.1.tb.xml,not_applicable,4_7,ce_ctw_original,2.7962552431234924,0.005375108366342705,2.789178639659811,2.804626505318768,10,
upos,document,tlg0016.tlg001.perseus-grc1.1.tb.xml,not_applicable,4_7,ce_ctw_shuffled,3.0383202686258377,0.010487438216097603,3.0251589525348725,3.056986705302781,10,
upos,document,tlg0016.tlg001.perseus-grc1.1.tb.xml,not_applicable,4_7,ce_root_original,3.0243268365063667,0.000988330926489299,3.022904455425703,3.0258914991483814,10,
upos,document,tlg0016.tlg001.perseus-grc1.1.tb.xml,not_applicable,4_7,ce_root_shuffled,3.03832026945751,0.010487437056414039,3.025158960851595,3.056986705302781,10,
upos,document,tlg0016.tlg001.perseus-grc1.1.tb.xml,not_applicable,4_7,g_original,0.22807159338287458,0.005012837595515117,0.22054788599764086,0.23458770245893268,10,
upos,document,tlg0016.tlg001.perseus-grc1.1.tb.xml,not_applicable,4_7,g_shuffled,8.316722421852773e-10,2.6299785520446486e-09,0.0,8.316722421852774e-09,10,
upos,document,tlg0016.tlg001.perseus-grc1.1.tb.xml,not_applicable,4_7,q,0.22807159255120232,0.0050128368156418844,0.22054788599764086,0.23458770245893268,10,
upos,document,tlg0016.tlg001.perseus-grc1.1.tb.xml,not_applicable,all,ce_ctw_original,2.8057116259667025,0.003777098582731126,2.801941897425515,2.8131911612218086,10,
upos,document,tlg0016.tlg001.perseus-grc1.1.tb.xml,not_applicable,all,ce_ctw_shuffled,3.0499833440247364,0.005161978117851152,3.0413841743062116,3.0557570029016,10,
upos,document,tlg0016.tlg001.perseus-grc1.1.tb.xml,not_applicable,all,ce_root_original,3.0499107298222095,0.0009649772782383014,3.0486419456379044,3.051508736088931,10,
upos,document,tlg0016.tlg001.perseus-grc1.1.tb.xml,not_applicable,all,ce_root_shuffled,3.049983344394126,0.005161978373098682,3.0413841743062116,3.0557570029016,10,
upos,document,tlg0016.tlg001.perseus-grc1.1.tb.xml,not_applicable,all,g_original,0.2441991038555061,0.0036502821191404205,0.2359136742843866,0.24815315193768717,10,
upos,document,tlg0016.tlg001.perseus-grc1.1.tb.xml,not_applicable,all,g_shuffled,3.693897188128403e-10,1.1681128556977242e-09,0.0,3.6938971881284033e-09,10,
upos,document,tlg0016.tlg001.perseus-grc1.1.tb.xml,not_applicable,all,q,0.2441991034861164,0.003650281977323306,0.2359136742843866,0.24815315193768717,10,
upos,document,tlg0016.tlg001.perseus-grc1.1.tb.xml,not_applicable,ge8,ce_ctw_original,2.8099047394205385,0.0035239865322068665,2.8064745032162146,2.8176466489409475,10,
upos,document,tlg0016.tlg001.perseus-grc1.1.tb.xml,not_applicable,ge8,ce_ctw_shuffled,3.0551549407313288,0.007831517453275573,3.0396800076855843,3.0656245695489472,10,
upos,document,tlg0016.tlg001.perseus-grc1.1.tb.xml,not_applicable,ge8,ce_root_original,3.061255042869049,0.0009728485775712948,3.060054366038609,3.0630173334098374,10,
upos,document,tlg0016.tlg001.perseus-grc1.1.tb.xml,not_applicable,ge8,ce_root_shuffled,3.055154940895735,0.00783151769748414,3.0396800076855843,3.0656245711930086,10,
upos,document,tlg0016.tlg001.perseus-grc1.1.tb.xml,not_applicable,ge8,g_original,0.2513503034485104,0.0035275755374472913,0.24272711391158985,0.2545852617112505,10,
upos,document,tlg0016.tlg001.perseus-grc1.1.tb.xml,not_applicable,ge8,g_shuffled,1.6440613315182873e-10,5.198978420606959e-10,0.0,1.6440613315182873e-09,10,
upos,document,tlg0016.tlg001.perseus-grc1.1.tb.xml,not_applicable,ge8,q,0.2513503032841043,0.0035275755403131374,0.24272711391158985,0.2545852617112505,10,
upos,document,tlg0020.tlg001.perseus-grc1.tb.xml,not_applicable,4_7,ce_ctw_original,2.6795291925543188,0.005451470738077582,2.67302353529043,2.6899687502796716,10,
upos,document,tlg0020.tlg001.perseus-grc1.tb.xml,not_applicable,4_7,ce_ctw_shuffled,2.827417985839115,0.015739036969002074,2.8038527414588015,2.850394406918633,10,
upos,document,tlg0020.tlg001.perseus-grc1.tb.xml,not_applicable,4_7,ce_root_original,2.785556332512464,0.001814943435297997,2.7828151901799267,2.78806916128199,10,
upos,document,tlg0020.tlg001.perseus-grc1.tb.xml,not_applicable,4_7,ce_root_shuffled,2.8274179858391153,0.015739036969002147,2.8038527414588015,2.8503944069186335,10,
upos,document,tlg0020.tlg001.perseus-grc1.tb.xml,not_applicable,4_7,g_original,0.10602713995814508,0.004465522220954884,0.09810041100231848,0.11064067193003924,10,
upos,document,tlg0020.tlg001.perseus-grc1.tb.xml,not_applicable,4_7,g_shuffled,4.4408920985006264e-17,1.4043333874306804e-16,0.0,4.440892098500626e-16,10,
upos,document,tlg0020.tlg001.perseus-grc1.tb.xml,not_applicable,4_7,q,0.10602713995814503,0.004465522220954931,0.09810041100231848,0.11064067193003924,10,
upos,document,tlg0020.tlg001.perseus-grc1.tb.xml,not_applicable,all,ce_ctw_original,2.760655507387461,0.006705652438386216,2.753781010834947,2.7730638720220875,10,
upos,document,tlg0020.tlg001.perseus-grc1.tb.xml,not_applicable,all,ce_ctw_shuffled,2.829043459382924,0.004333672854947596,2.8196686281078707,2.832807938576667,10,
upos,document,tlg0020.tlg001.perseus-grc1.tb.xml,not_applicable,all,ce_root_original,2.8004903492316595,0.0018280716307876497,2.7979111438785154,2.8029415457907105,10,
upos,document,tlg0020.tlg001.perseus-grc1.tb.xml,not_applicable,all,ce_root_shuffled,2.829043459382924,0.004333672854947596,2.8196686281078707,2.832807938576667,10,
upos,document,tlg0020.tlg001.perseus-grc1.tb.xml,not_applicable,all,g_original,0.039834841844198186,0.005564447188301049,0.029877673768623048,0.045336121370126214,10,
upos,document,tlg0020.tlg001.perseus-grc1.tb.xml,not_applicable,all,g_shuffled,0.0,0.0,0.0,0.0,10,
upos,document,tlg0020.tlg001.perseus-grc1.tb.xml,not_applicable,all,q,0.039834841844198186,0.005564447188301049,0.029877673768623048,0.045336121370126214,10,
upos,document,tlg0020.tlg001.perseus-grc1.tb.xml,not_applicable,ge8,ce_ctw_original,2.798808771777286,0.007659736912713028,2.7890735684113324,2.8122601751479666,10,
upos,document,tlg0020.tlg001.perseus-grc1.tb.xml,not_applicable,ge8,ce_ctw_shuffled,2.829807910745015,0.012053968362541015,2.8108259516074234,2.846340310881799,10,
upos,document,tlg0020.tlg001.perseus-grc1.tb.xml,not_applicable,ge8,ce_root_original,2.807513736026208,0.0018569816620123648,2.8050106887532387,2.809935947292065,10,
upos,document,tlg0020.tlg001.perseus-grc1.tb.xml,not_applicable,ge8,ce_root_shuffled,2.829807910745015,0.012053968362541015,2.8108259516074234,2.846340310881799,10,
upos,document,tlg0020.tlg001.perseus-grc1.tb.xml,not_applicable,ge8,g_original,0.008704964248921998,0.006470847995624876,-0.0024959467583665074,0.016606030098432534,10,
upos,document,tlg0020.tlg001.perseus-grc1.tb.xml,not_applicable,ge8,g_shuffled,0.0,0.0,0.0,0.0,10,
upos,document,tlg0020.tlg001.perseus-grc1.tb.xml,not_applicable,ge8,q,0.008704964248921998,0.006470847995624876,-0.0024959467583665074,0.016606030098432534,10,
upos,document,tlg0020.tlg002.perseus-grc1.tb.xml,not_applicable,4_7,ce_ctw_original,2.809405240367464,0.005939942016875275,2.8018114520068726,2.8183159717023636,10,
upos,document,tlg0020.tlg002.perseus-grc1.tb.xml,not_applicable,4_7,ce_ctw_shuffled,2.8592918823581566,0.022646989267455748,2.8278110802235608,2.907069555984827,10,
upos,document,tlg0020.tlg002.perseus-grc1.tb.xml,not_applicable,4_7,ce_root_original,2.839236579222254,0.0009332426211333139,2.837349008127096,2.8405598632478815,10,
upos,document,tlg0020.tlg002.perseus-grc1.tb.xml,not_applicable,4_7,ce_root_shuffled,2.8592918823581566,0.022646989267455748,2.8278110802235608,2.907069555984827,10,
upos,document,tlg0020.tlg002.perseus-grc1.tb.xml,not_applicable,4_7,g_original,0.029831338854789724,0.005778750555192732,0.02127943981499847,0.03769409974221105,10,
upos,document,tlg0020.tlg002.perseus-grc1.tb.xml,not_applicable,4_7,g_shuffled,0.0,0.0,0.0,0.0,10,
upos,document,tlg0020.tlg002.perseus-grc1.tb.xml,not_applicable,4_7,q,0.029831338854789724,0.005778750555192732,0.02127943981499847,0.03769409974221105,10,
upos,document,tlg0020.tlg002.perseus-grc1.tb.xml,not_applicable,all,ce_ctw_original,2.7939633074822026,0.005823740026649949,2.7854651803607733,2.8021647914312497,10,
upos,document,tlg0020.tlg002.perseus-grc1.tb.xml,not_applicable,all,ce_ctw_shuffled,2.8585118956636437,0.00967778540029968,2.8386774545416547,2.87064755830579,10,
upos,document,tlg0020.tlg002.perseus-grc1.tb.xml,not_applicable,all,ce_root_original,2.8318168019391874,0.0009863126172160888,2.82984502101256,2.8333108423158513,10,
upos,document,tlg0020.tlg002.perseus-grc1.tb.xml,not_applicable,all,ce_root_shuffled,2.8585118956636437,0.00967778540029968,2.8386774545416547,2.87064755830579,10,
upos,document,tlg0020.tlg002.perseus-grc1.tb.xml,not_applicable,all,g_original,0.037853494456984736,0.005747078802464591,0.030269963784734788,0.04651006223611942,10,
upos,document,tlg0020.tlg002.perseus-grc1.tb.xml,not_applicable,all,g_shuffled,0.0,0.0,0.0,0.0,10,
upos,document,tlg0020.tlg002.perseus-grc1.tb.xml,not_applicable,all,q,0.037853494456984736,0.005747078802464591,0.030269963784734788,0.04651006223611942,10,
upos,document,tlg0020.tlg002.perseus-grc1.tb.xml,not_applicable,ge8,ce_ctw_original,2.7824532280962977,0.0061035377597105705,2.7729605898174894,2.7901260545400914,10,
upos,document,tlg0020.tlg002.perseus-grc1.tb.xml,not_applicable,ge8,ce_ctw_shuffled,2.85793051062328,0.013870467758814788,2.838475648475273,2.87814190373332,10,
upos,document,tlg0020.tlg002.perseus-grc1.tb.xml,not_applicable,ge8,ce_root_original,2.82628626206517,0.0010376498926456322,2.8242517129700446,2.8279075804950864,10,
upos,document,tlg0020.tlg002.perseus-grc1.tb.xml,not_applicable,ge8,ce_root_shuffled,2.85793051062328,0.013870467758814863,2.838475648475273,2.8781419037333205,10,
upos,document,tlg0020.tlg002.perseus-grc1.tb.xml,not_applicable,ge8,g_original,0.04383303396887306,0.00608931219655865,0.03667366706690389,0.05373531802685605,10,
upos,document,tlg0020.tlg002.perseus-grc1.tb.xml,not_applicable,ge8,g_shuffled,4.4408920985006264e-17,1.4043333874306804e-16,0.0,4.440892098500626e-16,10,
upos,document,tlg0020.tlg002.perseus-grc1.tb.xml,not_applicable,ge8,q,0.04383303396887302,0.006089312196558708,0.03667366706690345,0.05373531802685605,10,
upos,document,tlg0020.tlg003.perseus-grc1.tb.xml,not_applicable,4_7,ce_ctw_original,2.647229709311291,0.006826445927528049,2.6383589761453377,2.662441416953006,10,
upos,document,tlg0020.tlg003.perseus-grc1.tb.xml,not_applicable,4_7,ce_ctw_shuffled,2.8016813479157974,0.025279316582429087,2.752801657044213,2.8487923216249023,10,
upos,document,tlg0020.tlg003.perseus-grc1.tb.xml,not_applicable,4_7,ce_root_original,2.7159375897409648,0.001381284473910908,2.713669583248988,2.7176870646360296,10,
upos,document,tlg0020.tlg003.perseus-grc1.tb.xml,not_applicable,4_7,ce_root_shuffled,2.8016813479157974,0.025279316582429087,2.752801657044213,2.8487923216249023,10,
upos,document,tlg0020.tlg003.perseus-grc1.tb.xml,not_applicable,4_7,g_original,0.06870788042967298,0.006333020741770653,0.055245647683023424,0.07600336130569918,10,
upos,document,tlg0020.tlg003.perseus-grc1.tb.xml,not_applicable,4_7,g_shuffled,0.0,0.0,0.0,0.0,10,
upos,document,tlg0020.tlg003.perseus-grc1.tb.xml,not_applicable,4_7,q,0.06870788042967298,0.006333020741770653,0.055245647683023424,0.07600336130569918,10,
upos,document,tlg0020.tlg003.perseus-grc1.tb.xml,not_applicable,all,ce_ctw_original,2.7320834842649164,0.006141374052645111,2.724455440029677,2.744476787560885,10,
upos,document,tlg0020.tlg003.perseus-grc1.tb.xml,not_applicable,all,ce_ctw_shuffled,2.8246427687185816,0.013230049055056498,2.798332852138254,2.843220808492881,10,
upos,document,tlg0020.tlg003.perseus-grc1.tb.xml,not_applicable,all,ce_root_original,2.7661737143747613,0.0011440974112078407,2.7643690051183407,2.768131662094584,10,
upos,document,tlg0020.tlg003.perseus-grc1.tb.xml,not_applicable,all,ce_root_shuffled,2.8246427687185816,0.013230049055056498,2.798332852138254,2.843220808492881,10,
upos,document,tlg0020.tlg003.perseus-grc1.tb.xml,not_applicable,all,g_original,0.03409023010984513,0.005885341892665871,0.023654874533698855,0.04176615813446105,10,
upos,document,tlg0020.tlg003.perseus-grc1.tb.xml,not_applicable,all,g_shuffled,0.0,0.0,0.0,0.0,10,
upos,document,tlg0020.tlg003.perseus-grc1.tb.xml,not_applicable,all,q,0.03409023010984513,0.005885341892665871,0.023654874533698855,0.04176615813446105,10,
upos,document,tlg0020.tlg003.perseus-grc1.tb.xml,not_applicable,ge8,ce_ctw_original,2.794986668786522,0.006479597382134204,2.7853945358504326,2.805290653030818,10,
upos,document,tlg0020.tlg003.perseus-grc1.tb.xml,not_applicable,ge8,ce_ctw_shuffled,2.8416643625183275,0.024226818239750873,2.792010264016834,2.878054113746775,10,
upos,document,tlg0020.tlg003.perseus-grc1.tb.xml,not_applicable,ge8,ce_root_original,2.8034143936399705,0.0010745471774106308,2.8019531325272817,2.805526884921002,10,
upos,document,tlg0020.tlg003.perseus-grc1.tb.xml,not_applicable,ge8,ce_root_shuffled,2.8416643625183275,0.024226818239750873,2.792010264016834,2.878054113746775,10,
upos,document,tlg0020.tlg003.perseus-grc1.tb.xml,not_applicable,ge8,g_original,0.008427724853447716,0.006385203718067919,0.00023623189018406876,0.017994346715115572,10,
upos,document,tlg0020.tlg003.perseus-grc1.tb.xml,not_applicable,ge8,g_shuffled,0.0,0.0,0.0,0.0,10,
upos,document,tlg0020.tlg003.perseus-grc1.tb.xml,not_applicable,ge8,q,0.008427724853447716,0.006385203718067919,0.00023623189018406876,0.017994346715115572,10,
upos,document,tlg0060.tlg001.perseus-grc3.11.tb.xml,not_applicable,4_7,ce_ctw_original,2.56885960190422,0.003518298891482209,2.5598980385875048,2.5732588906509717,10,
upos,document,tlg0060.tlg001.perseus-grc3.11.tb.xml,not_applicable,4_7,ce_ctw_shuffled,2.941413263006366,0.012250338587791712,2.9140987834162386,2.961542338326069,10,
upos,document,tlg0060.tlg001.perseus-grc3.11.tb.xml,not_applicable,4_7,ce_root_original,2.926577013239492,0.0024524557380857025,2.923190788732651,2.9299766010282737,10,
upos,document,tlg0060.tlg001.perseus-grc3.11.tb.xml,not_applicable,4_7,ce_root_shuffled,2.9414132630063703,0.01225033858779122,2.9140987834162386,2.961542338326069,10,
upos,document,tlg0060.tlg001.perseus-grc3.11.tb.xml,not_applicable,4_7,g_original,0.35771741133527213,0.0036425627305517647,0.35126807988196296,0.36379212561322083,10,
upos,document,tlg0060.tlg001.perseus-grc3.11.tb.xml,not_applicable,4_7,g_shuffled,4.218847493575595e-15,1.3341167180591464e-14,0.0,4.218847493575595e-14,10,
upos,document,tlg0060.tlg001.perseus-grc3.11.tb.xml,not_applicable,4_7,q,0.3577174113352679,0.003642562730550597,0.35126807988196296,0.36379212561322083,10,
upos,document,tlg0060.tlg001.perseus-grc3.11.tb.xml,not_applicable,all,ce_ctw_original,2.572753620432401,0.0027717648687305306,2.567397331897538,2.577806352172207,10,
upos,document,tlg0060.tlg001.perseus-grc3.11.tb.xml,not_applicable,all,ce_ctw_shuffled,2.9514023784289996,0.0032909628066504276,2.9482411303458465,2.9587323735981537,10,
upos,document,tlg0060.tlg001.perseus-grc3.11.tb.xml,not_applicable,all,ce_root_original,2.948550283036422,0.002294093834114399,2.9453871172398345,2.9515038963539415,10,
upos,document,tlg0060.tlg001.perseus-grc3.11.tb.xml,not_applicable,all,ce_root_shuffled,2.9514023784290053,0.0032909628066529095,2.9482411303458465,2.9587323735981537,10,
upos,document,tlg0060.tlg001.perseus-grc3.11.tb.xml,not_applicable,all,g_original,0.37579666260402084,0.0020045167016372162,0.3722414233640259,0.37798978534229644,10,
upos,document,tlg0060.tlg001.perseus-grc3.11.tb.xml,not_applicable,all,g_shuffled,5.5067062021407766e-15,1.741373400414044e-14,0.0,5.5067062021407764e-14,10,
upos,document,tlg0060.tlg001.perseus-grc3.11.tb.xml,not_applicable,all,q,0.37579666260401534,0.002004516701643636,0.3722414233640259,0.37798978534229644,10,
upos,document,tlg0060.tlg001.perseus-grc3.11.tb.xml,not_applicable,ge8,ce_ctw_original,2.5739495578735494,0.0028334756913245655,2.569700527320649,2.579866842748853,10,
upos,document,tlg0060.tlg001.perseus-grc3.11.tb.xml,not_applicable,ge8,ce_ctw_shuffled,2.954470252156722,0.0033851745969990356,2.949498587737279,2.959750637307624,10,
upos,document,tlg0060.tlg001.perseus-grc3.11.tb.xml,not_applicable,ge8,ce_root_original,2.9552987501699004,0.0022645477867727403,2.9520507215114895,2.958188174812908,10,
upos,document,tlg0060.tlg001.perseus-grc3.11.tb.xml,not_applicable,ge8,ce_root_shuffled,2.954470252156728,0.0033851745970031556,2.949498587737279,2.959750637307624,10,
upos,document,tlg0060.tlg001.perseus-grc3.11.tb.xml,not_applicable,ge8,g_original,0.3813491922963518,0.0018423104140349077,0.37832133206405505,0.3835956740904978,10,
upos,document,tlg0060.tlg001.perseus-grc3.11.tb.xml,not_applicable,ge8,g_shuffled,5.861977570020826e-15,1.853720071408498e-14,0.0,5.861977570020827e-14,10,
upos,document,tlg0060.tlg001.perseus-grc3.11.tb.xml,not_applicable,ge8,q,0.3813491922963459,0.0018423104140456127,0.37832133206399643,0.3835956740904978,10,
upos,group,HEX,eligible_token_weighted,all,ce_ctw_original,2.7699844068095594,0.0020440587011631914,2.766807909192348,2.773627109404598,10,
upos,group,HEX,eligible_token_weighted,all,ce_ctw_shuffled,2.8713254630856015,0.002200147317057538,2.8683045929412185,2.87636452980133,10,
upos,group,HEX,eligible_token_weighted,all,ce_root_original,2.8247107784096626,0.0008252669946324888,2.8231143090933464,2.8256240621894917,10,
upos,group,HEX,eligible_token_weighted,all,ce_root_shuffled,2.8713254630856015,0.002200147317057538,2.8683045929412185,2.87636452980133,10,
upos,group,HEX,eligible_token_weighted,all,g_original,0.05472637160010334,0.0018750356411064962,0.050873790307387194,0.05714809107012652,10,
upos,group,HEX,eligible_token_weighted,all,g_shuffled,1.0681464327922236e-17,3.377775602207394e-17,0.0,1.0681464327922236e-16,10,
upos,group,HEX,eligible_token_weighted,all,q,0.05472637160010332,0.001875035641106504,0.050873790307387194,0.05714809107012652,10,
upos,group,HEX,equal_block,all,ce_ctw_original,2.7680242563821515,0.002286846198882119,2.7658680477297413,2.7729685464385163,10,
upos,group,HEX,equal_block,all,ce_ctw_shuffled,2.8568155728987605,0.0024572294803062345,2.8534188411076897,2.8616330072852083,10,
upos,group,HEX,equal_block,all,ce_root_original,2.815517807845418,0.0006873465042642592,2.814482908059081,2.816757588609956,10,
upos,group,HEX,equal_block,all,ce_root_shuffled,2.8568155728987605,0.0024572294803062735,2.8534188411076897,2.8616330072852083,10,
upos,group,HEX,equal_block,all,g_original,0.04749355146326688,0.0020836878652574636,0.04378904217143931,0.050215475049620206,10,
upos,group,HEX,equal_block,all,g_shuffled,4.4408920985006264e-17,1.4043333874306804e-16,0.0,4.440892098500626e-16,10,
upos,group,HEX,equal_block,all,q,0.047493551463266837,0.0020836878652575217,0.04378904217143931,0.050215475049620206,10,
upos,group,PROSE_ALL,eligible_token_weighted,all,ce_ctw_original,2.715451525364657,0.002194941422968036,2.711814483697746,2.7183034059482463,10,
upos,group,PROSE_ALL,eligible_token_weighted,all,ce_ctw_shuffled,3.000931798694414,0.001614175804566092,2.9989910552861145,3.0039046531658675,10,
upos,group,PROSE_ALL,eligible_token_weighted,all,ce_root_original,3.0006511458417995,0.0004232544317494453,3.0000679568914825,3.0013545053537096,10,
upos,group,PROSE_ALL,eligible_token_weighted,all,ce_root_shuffled,3.0009320492793874,0.001614405410205466,2.9989910552862082,3.0039046531658675,10,
upos,group,PROSE_ALL,eligible_token_weighted,all,g_original,0.2851996204771435,0.0021344472407225697,0.28305109940546425,0.28914493305506384,10,
upos,group,PROSE_ALL,eligible_token_weighted,all,g_shuffled,2.50584972806344e-07,7.921196368445431e-07,0.0,2.5049968524037562e-06,10,
upos,group,PROSE_ALL,eligible_token_weighted,all,q,0.28519936989217065,0.00213469406829576,0.2830510994054521,0.28914493305497,10,
upos,group,PROSE_ALL,equal_block,all,ce_ctw_original,2.7225358367727366,0.002083446770880888,2.718815873736462,2.7250169694559845,10,
upos,group,PROSE_ALL,equal_block,all,ce_ctw_shuffled,3.0044566159193655,0.0015306199457395912,3.002455043128311,3.0072252837745914,10,
upos,group,PROSE_ALL,equal_block,all,ce_root_original,3.007576039142937,0.00032409153403850367,3.007012334240739,3.0080947170102212,10,
upos,group,PROSE_ALL,equal_block,all,ce_root_shuffled,3.0044570232612906,0.001531142275766062,3.0024550431284567,3.007225283774592,10,
upos,group,PROSE_ALL,equal_block,all,g_original,0.2850402023702,0.0020377492228795297,0.2828268058202023,0.2888957270927725,10,
upos,group,PROSE_ALL,equal_block,all,g_shuffled,4.0734192558566917e-07,1.287868493566065e-06,0.0,4.072679855759986e-06,10,
upos,group,PROSE_ALL,equal_block,all,q,0.2850397950282745,0.0020379803015291185,0.28282680582020203,0.28889572709262695,10,
upos,group,contrast,eligible_token_weighted,all,ce_ctw_original,0.054532881444903133,0.0032770839142762195,0.04951772694613732,0.05853951375292832,10,
upos,group,contrast,eligible_token_weighted,all,ce_ctw_shuffled,-0.12960633560881293,0.00313628996821058,-0.135600060224649,-0.12437431740085314,10,
upos,group,contrast,eligible_token_weighted,all,ce_root_original,-0.1759403674321367,0.0011337183918680971,-0.17795367373689785,-0.17449781749856585,10,
upos,group,contrast,eligible_token_weighted,all,ce_root_shuffled,-0.1296065861937857,0.0031363310248730993,-0.135600060224649,-0.12437431825354484,10,
upos,group,contrast,eligible_token_weighted,all,g_original,-0.23047324887704015,0.0028353547246430734,-0.2340604298965333,-0.22615969398267083,10,
upos,group,contrast,eligible_token_weighted,all,g_shuffled,-2.505849727956625e-07,7.921196368482977e-07,-2.5049968524037562e-06,1.0681464327922236e-16,10,
upos,group,contrast,eligible_token_weighted,all,q,-0.23047299829206733,0.0028357783148790566,-0.23406042989653342,-0.22615718898581838,10,
upos,group,contrast,equal_block,all,ce_ctw_original,0.04548841960941417,0.0033966266272248856,0.041306192556740395,0.050932603184276726,10,
upos,group,contrast,equal_block,all,ce_ctw_shuffled,-0.1476410430206049,0.0032776591474828966,-0.15170289972381656,-0.14226260198538299,10,
upos,group,contrast,equal_block,all,ce_root_original,-0.19205823129751884,0.000887295593523507,-0.19301596605678384,-0.19025474563078326,10,
upos,group,contrast,equal_block,all,ce_root_shuffled,-0.14764145036253037,0.0032778640647950783,-0.15170289972384587,-0.14226260272454905,10,
upos,group,contrast,equal_block,all,g_original,-0.23754665090693314,0.0030806663077389135,-0.2425620559519454,-0.2341721583958204,10,
upos,group,contrast,equal_block,all,g_shuffled,-4.0734192554126024e-07,1.2878684935816719e-06,-4.072679855759986e-06,4.440892098500626e-16,10,
upos,group,contrast,equal_block,all,q,-0.23754624356500761,0.0030810162297492017,-0.24256205595194585,-0.23417215839580935,10,
upos,group_difference,HEX,eligible_token_weighted,all,ce_ctw_original,-1.798258926420268,0.003496186134719834,-1.801758582434915,-1.7901721886767716,10,
upos,group_difference,HEX,eligible_token_weighted,all,ce_ctw_shuffled,-1.8720608735935893,0.00353199876108256,-1.8782866541174306,-1.8667226877860936,10,
upos,group_difference,HEX,eligible_token_weighted,all,ce_root_original,-2.0054356617380242,0.0008720459087449064,-2.0068139121797866,-2.0045089533815483,10,
upos,group_difference,HEX,eligible_token_weighted,all,ce_root_shuffled,-1.8720608735935893,0.00353199876108256,-1.8782866541174306,-1.8667226877860936,10,
upos,group_difference,HEX,eligible_token_weighted,all,g_original,-0.20717673531775577,0.003132460745113144,-0.21440946837321506,-0.20302350589737594,10,
upos,group_difference,HEX,eligible_token_weighted,all,g_shuffled,1.0681464327922236e-17,3.377775602207394e-17,0.0,1.0681464327922236e-16,10,
upos,group_difference,HEX,eligible_token_weighted,all,q,-0.20717673531775577,0.0031324607451131414,-0.21440946837321506,-0.20302350589737594,10,
upos,group_difference,HEX,equal_block,all,ce_ctw_original,-1.8424581765839423,0.005591648345186543,-1.8523986893167281,-1.8337365829564423,10,
upos,group_difference,HEX,equal_block,all,ce_ctw_shuffled,-1.9439131838222814,0.006346169108560806,-1.9502970599613594,-1.9346129671913008,10,
upos,group_difference,HEX,equal_block,all,ce_root_original,-2.053774537265683,0.0021382324224071716,-2.0576551557960947,-2.050953641753418,10,
upos,group_difference,HEX,equal_block,all,ce_root_shuffled,-1.9439131838222814,0.0063461691085608535,-1.9502970599613594,-1.9346129671913008,10,
upos,group_difference,HEX,equal_block,all,g_original,-0.2113163606817408,0.004348836142403783,-0.2173804621364248,-0.20280839087984903,10,
upos,group_difference,HEX,equal_block,all,g_shuffled,4.4408920985006264e-17,1.4043333874306804e-16,0.0,4.440892098500626e-16,10,
upos,group_difference,HEX,equal_block,all,q,-0.21131636068174084,0.004348836142403803,-0.2173804621364248,-0.20280839087984903,10,
upos,group_difference,PROSE_ALL,eligible_token_weighted,all,ce_ctw_original,-1.5142016156635332,0.0021585101489118865,-1.5185552815919272,-1.511840890882715,10,
upos,group_difference,PROSE_ALL,eligible_token_weighted,all,ce_ctw_shuffled,-1.5607060058319726,0.0025634072750490254,-1.5656609221740454,-1.5578724607727246,10,
upos,group_difference,PROSE_ALL,eligible_token_weighted,all,ce_root_original,-1.691750137821355,0.000503114856736632,-1.692459849197014,-1.6907351145610408,10,
upos,group_difference,PROSE_ALL,eligible_token_weighted,all,ce_root_shuffled,-1.5607057552469998,0.0025631567118657,-1.5656609221740334,-1.5578724607727246,10,
upos,group_difference,PROSE_ALL,eligible_token_weighted,all,g_original,-0.17754852215782146,0.002139401374578652,-0.18061895831429842,-0.17315767319268321,10,
upos,group_difference,PROSE_ALL,eligible_token_weighted,all,g_shuffled,2.5058497276039063e-07,7.921196368606956e-07,0.0,2.5049968524037562e-06,10,
upos,group_difference,PROSE_ALL,eligible_token_weighted,all,q,-0.17754877274279426,0.0021392888663684948,-0.18061895831429858,-0.1731576731927768,10,
upos,group_difference,PROSE_ALL,equal_block,all,ce_ctw_original,-1.5135511973659228,0.002366369801486136,-1.518099737276196,-1.5108935868175974,10,
upos,group_difference,PROSE_ALL,equal_block,all,ce_ctw_shuffled,-1.5672854863434238,0.002185112863542194,-1.5719227770116966,-1.5647089889331047,10,
upos,group_difference,PROSE_ALL,equal_block,all,ce_root_original,-1.6968807294649502,0.0005348674404350067,-1.697616608680784,-1.6957830008959403,10,
upos,group_difference,PROSE_ALL,equal_block,all,ce_root_shuffled,-1.5672850790014983,0.002184679896198791,-1.571922777011686,-1.5647089881939387,10,
upos,group_difference,PROSE_ALL,equal_block,all,g_original,-0.18332953209902766,0.002345807536351835,-0.186673351281114,-0.17880551498144176,10,
upos,group_difference,PROSE_ALL,equal_block,all,g_shuffled,4.0734192555014196e-07,1.2878684935785508e-06,0.0,4.072679855759986e-06,10,
upos,group_difference,PROSE_ALL,equal_block,all,q,-0.18332993944095324,0.002345433664513792,-0.18667335128111429,-0.17880551498158714,10,
upos,group_difference,contrast,eligible_token_weighted,all,ce_ctw_original,-0.28405731075673496,0.0038345962453723774,-0.2894145562279493,-0.277615892352427,10,
upos,group_difference,contrast,eligible_token_weighted,all,ce_ctw_shuffled,-0.31135486776161697,0.005365139350392241,-0.3196571664255976,-0.3010617656120482,10,
upos,group_difference,contrast,eligible_token_weighted,all,ce_root_original,-0.31368552391666876,0.0012980542298777484,-0.3160787976187458,-0.31212180785297283,10,
upos,group_difference,contrast,eligible_token_weighted,all,ce_root_shuffled,-0.31135511834658974,0.0053649842788598655,-0.31965716642564823,-0.3010617656120602,10,
upos,group_difference,contrast,eligible_token_weighted,all,g_original,-0.029628213159934292,0.0028897091069093757,-0.03484773539733904,-0.026341312542612905,10,
upos,group_difference,contrast,eligible_token_weighted,all,g_shuffled,-2.505849727497092e-07,7.921196368644501e-07,-2.5049968524037562e-06,1.0681464327922236e-16,10,
upos,group_difference,contrast,eligible_token_weighted,all,q,-0.02962796257496152,0.0028900258852328554,-0.03484773539733016,-0.026338807545760456,10,
upos,group_difference,contrast,equal_block,all,ce_ctw_original,-0.3289069792180195,0.00531634387634236,-0.33429895204053217,-0.3174905274450288,10,
upos,group_difference,contrast,equal_block,all,ce_ctw_shuffled,-0.37662769747885755,0.007912068422672445,-0.38558807102825465,-0.36269019017960424,10,
upos,group_difference,contrast,equal_block,all,ce_root_original,-0.3568938078007327,0.002559377435706918,-0.3612522174798558,-0.3533370330726342,10,
upos,group_difference,contrast,equal_block,all,ce_root_shuffled,-0.376628104820783,0.00791226238223451,-0.3855880717674207,-0.3626901901796149,10,
upos,group_difference,contrast,equal_block,all,g_original,-0.027986828582713136,0.003605114105831641,-0.0365125817521631,-0.024002875898407272,10,
upos,group_difference,contrast,equal_block,all,g_shuffled,-4.0734192550573303e-07,1.2878684935941573e-06,-4.072679855759986e-06,4.440892098500626e-16,10,
upos,group_difference,contrast,equal_block,all,q,-0.027986421240787634,0.0036054562007208305,-0.03651258175214933,-0.02400287589826189,10,
